Mostres_ESP32,Valor1_mV, Valor2_mV
1,140, 0
2,128, 0
3,131, 0
4,129, 0
5,131, 0
6,132, 0
7,136, 0
8,140, 0
9,141, 0
10,143, 0
11,141, 0
12,138, 0
13,143, 6
14,141, 0
15,133, 0
16,134, 0
17,131, 0
18,133, 6
19,130, 6
20,127, 0
21,132, 5
22,130, 4
23,133, 0
24,126, 0
25,133, 0
26,133, 12
27,133, 0
28,131, 0
29,140, 0
30,133, 0
31,138, 0
32,140, 0
33,137, 0
34,131, 0
35,125, 0
36,125, 0
37,123, 4
38,123, 0
39,130, 0
40,135, 0
41,145, 0
42,140, 0
43,138, 0
44,139, 0
45,137, 0
46,133, 0
47,143, 0
48,138, 0
49,136, 0
50,159, 0
51,136, 0
52,137, 0
53,120, 0
54,129, 0
55,127, 0
56,123, 0
57,139, 0
58,127, 0
59,127, 0
60,121, 0
61,144, 0
62,120, 0
63,126, 0
64,116, 0
65,116, 0
66,102, 0
67,104, 0
68,111, 0
69,115, 0
70,110, 0
71,101, 0
72,105, 0
73,104, 0
74,111, 6
75,108, 0
76,106, 0
77,111, 0
78,96, 0
79,118, 7
80,112, 5
81,107, 0
82,111, 2
83,111, 0
84,130, 0
85,123, 0
86,118, 0
87,121, 0
88,117, 0
89,124, 0
90,131, 0
91,130, 0
92,133, 0
93,138, 0
94,129, 0
95,128, 0
96,127, 0
97,129, 0
98,131, 0
99,134, 0
100,139, 0
101,154, 0
102,161, 0
103,158, 0
104,164, 0
105,161, 0
106,165, 0
107,166, 0
108,164, 0
109,164, 0
110,165, 0
111,159, 0
112,164, 0
113,158, 0
114,163, 0
115,152, 0
116,156, 0
117,144, 0
118,148, 0
119,149, 0
120,144, 0
121,145, 0
122,144, 0
123,143, 0
124,136, 0
125,126, 0
126,123, 0
127,115, 0
128,121, 0
129,118, 0
130,125, 0
131,119, 0
132,128, 0
133,113, 0
134,109, 0
135,117, 0
136,105, 0
137,109, 0
138,112, 0
139,113, 0
140,110, 5
141,101, 0
142,104, 10
143,103, 0
144,107, 0
145,105, 18
146,103, 3
147,108, 0
148,115, 0
149,116, 0
150,134, 0
151,125, 0
152,126, 0
153,129, 0
154,129, 0
155,131, 0
156,130, 0
157,127, 0
158,122, 0
159,122, 0
160,127, 0
161,118, 0
162,126, 0
163,139, 0
164,139, 0
165,137, 2
166,134, 0
167,133, 0
168,128, 0
169,145, 0
170,127, 0
171,133, 0
172,140, 0
173,140, 0
174,150, 0
175,149, 0
176,166, 0
177,170, 0
178,177, 0
179,180, 0
180,176, 0
181,179, 0
182,164, 0
183,145, 0
184,139, 0
185,124, 0
186,120, 0
187,131, 0
188,107, 0
189,104, 0
190,109, 0
191,126, 0
192,100, 0
193,108, 0
194,105, 0
195,102, 0
196,108, 0
197,110, 1
198,109, 0
199,111, 0
200,116, 0
201,123, 4
202,140, 1
203,126, 0
204,120, 0
205,129, 2
206,133, 0
207,135, 0
208,140, 0
209,145, 0
210,145, 0
211,145, 0
212,153, 0
213,154, 0
214,144, 0
215,149, 0
216,143, 0
217,126, 0
218,138, 0
219,133, 0
220,128, 0
221,132, 0
222,138, 0
223,136, 0
224,140, 0
225,139, 0
226,137, 0
227,138, 0
228,134, 0
229,133, 0
230,127, 0
231,123, 0
232,124, 0
233,121, 0
234,122, 0
235,129, 0
236,128, 0
237,125, 0
238,133, 0
239,140, 0
240,143, 0
241,150, 0
242,142, 0
243,143, 0
244,124, 0
245,140, 0
246,135, 0
247,131, 0
248,124, 0
249,122, 0
250,115, 0
251,106, 0
252,121, 0
253,121, 0
254,122, 0
255,117, 0
256,118, 0
257,122, 0
258,119, 0
259,123, 0
260,122, 0
261,121, 0
262,121, 2
263,120, 0
264,115, 5
265,108, 1
266,113, 0
267,115, 0
268,120, 4
269,117, 0
270,115, 0
271,112, 0
272,135, 0
273,115, 0
274,116, 0
275,125, 0
276,120, 0
277,126, 0
278,122, 0
279,121, 0
280,122, 0
281,113, 0
282,115, 0
283,121, 0
284,127, 0
285,127, 0
286,130, 0
287,130, 0
288,133, 0
289,131, 0
290,129, 0
291,133, 0
292,141, 0
293,145, 0
294,152, 0
295,158, 0
296,159, 0
297,161, 0
298,163, 0
299,154, 0
300,173, 0
301,177, 0
302,179, 0
303,186, 0
304,181, 0
305,158, 0
306,171, 0
307,159, 0
308,156, 0
309,151, 0
310,158, 0
311,134, 0
312,136, 0
313,139, 0
314,140, 0
315,134, 0
316,137, 0
317,135, 0
318,136, 0
319,151, 0
320,134, 0
321,129, 0
322,133, 0
323,125, 9
324,124, 2
325,123, 0
326,120, 19
327,128, 0
328,128, 1
329,115, 0
330,128, 0
331,126, 0
332,117, 0
333,102, 0
334,115, 0
335,111, 0
336,116, 0
337,118, 0
338,123, 0
339,118, 0
340,119, 0
341,108, 0
342,106, 0
343,113, 0
344,129, 0
345,123, 0
346,131, 0
347,128, 0
348,127, 0
349,130, 0
350,127, 0
351,129, 0
352,123, 0
353,115, 0
354,121, 0
355,118, 0
356,118, 0
357,125, 0
358,121, 0
359,121, 0
360,137, 0
361,123, 0
362,133, 0
363,138, 0
364,139, 0
365,139, 0
366,138, 0
367,140, 0
368,133, 0
369,121, 0
370,118, 0
371,110, 0
372,130, 0
373,110, 0
374,108, 0
375,108, 0
376,97, 0
377,103, 0
378,107, 0
379,111, 0
380,132, 0
381,110, 0
382,115, 0
383,115, 0
384,115, 4
385,116, 1
386,127, 2
387,132, 42
388,129, 1
389,134, 0
390,133, 0
391,133, 0
392,132, 0
393,130, 0
394,117, 0
395,133, 0
396,133, 0
397,139, 0
398,135, 0
399,134, 0
400,138, 0
401,133, 0
402,135, 0
403,138, 0
404,135, 0
405,130, 0
406,157, 0
407,156, 0
408,163, 0
409,158, 0
410,159, 0
411,155, 0
412,158, 0
413,148, 0
414,150, 0
415,141, 0
416,145, 0
417,165, 0
418,147, 0
419,144, 0
420,143, 0
421,154, 0
422,140, 0
423,149, 0
424,148, 0
425,142, 0
426,140, 0
427,142, 0
428,141, 0
429,140, 0
430,135, 0
431,134, 0
432,127, 0
433,152, 0
434,134, 0
435,134, 0
436,133, 0
437,143, 0
438,127, 0
439,127, 0
440,128, 0
441,126, 0
442,130, 0
443,122, 0
444,121, 0
445,117, 0
446,120, 0
447,117, 13
448,118, 14
449,115, 0
450,115, 0
451,104, 0
452,120, 0
453,113, 0
454,115, 0
455,112, 0
456,115, 0
457,119, 0
458,119, 0
459,125, 0
460,130, 0
461,125, 0
462,123, 0
463,122, 0
464,121, 0
465,124, 0
466,127, 0
467,133, 0
468,140, 0
469,134, 0
470,133, 0
471,130, 0
472,132, 0
473,139, 0
474,142, 0
475,144, 0
476,139, 0
477,138, 0
478,139, 0
479,138, 0
480,135, 1
481,134, 0
482,128, 0
483,131, 0
484,134, 0
485,133, 0
486,131, 0
487,122, 0
488,124, 0
489,133, 0
490,128, 0
491,133, 0
492,122, 6
493,125, 0
494,116, 0
495,117, 0
496,109, 0
497,108, 0
498,102, 0
499,104, 0
500,108, 0
501,111, 0
502,104, 0
503,113, 0
504,109, 0
505,112, 0
506,115, 8
507,104, 0
508,113, 7
509,118, 3
510,141, 0
511,134, 0
512,127, 3
513,138, 0
514,139, 0
515,145, 0
516,139, 0
517,150, 0
518,161, 0
519,151, 0
520,147, 0
521,145, 0
522,142, 0
523,140, 0
524,139, 0
525,139, 0
526,142, 0
527,131, 0
528,152, 0
529,155, 0
530,156, 0
531,158, 0
532,151, 0
533,153, 0
534,150, 0
535,164, 0
536,182, 0
537,152, 0
538,153, 0
539,152, 0
540,151, 0
541,147, 0
542,152, 0
543,136, 0
544,151, 0
545,150, 0
546,152, 0
547,151, 0
548,144, 0
549,158, 0
550,137, 0
551,132, 0
552,130, 0
553,126, 0
554,115, 0
555,115, 0
556,118, 0
557,117, 0
558,120, 0
559,112, 0
560,115, 0
561,110, 0
562,121, 0
563,124, 0
564,121, 0
565,121, 0
566,149, 0
567,118, 4
568,110, 9
569,106, 8
570,105, 4
571,94, 0
572,113, 1
573,121, 0
574,106, 0
575,119, 0
576,117, 0
577,124, 0
578,122, 0
579,124, 5
580,131, 0
581,127, 0
582,125, 0
583,120, 0
584,107, 0
585,113, 0
586,116, 0
587,118, 0
588,122, 0
589,128, 0
590,130, 0
591,125, 0
592,125, 0
593,119, 0
594,127, 0
595,123, 0
596,135, 0
597,121, 0
598,125, 0
599,139, 0
600,139, 0
601,138, 0
602,153, 0
603,147, 0
604,161, 0
605,147, 0
606,145, 0
607,148, 0
608,141, 0
609,136, 0
610,139, 0
611,135, 0
612,139, 0
613,158, 0
614,132, 0
615,123, 0
616,125, 0
617,128, 0
618,133, 0
619,129, 1
620,124, 0
621,126, 0
622,120, 0
623,137, 0
624,135, 0
625,133, 0
626,127, 0
627,139, 0
628,144, 0
629,138, 0
630,137, 2
631,138, 9
632,139, 0
633,133, 8
634,124, 6
635,123, 0
636,125, 0
637,128, 0
638,123, 0
639,126, 0
640,123, 0
641,121, 0
642,121, 0
643,117, 0
644,112, 0
645,108, 0
646,108, 0
647,107, 0
648,109, 0
649,121, 0
650,135, 0
651,133, 0
652,137, 0
653,134, 0
654,133, 0
655,133, 0
656,133, 0
657,136, 0
658,128, 0
659,133, 0
660,145, 0
661,152, 0
662,153, 0
663,158, 2
664,154, 0
665,159, 0
666,156, 0
667,159, 0
668,161, 0
669,168, 0
670,156, 0
671,164, 0
672,160, 0
673,155, 0
674,157, 0
675,139, 0
676,136, 0
677,130, 0
678,127, 0
679,129, 0
680,145, 0
681,122, 0
682,126, 0
683,124, 0
684,126, 6
685,128, 0
686,125, 0
687,137, 0
688,120, 0
689,118, 0
690,126, 1
691,108, 1
692,108, 6
693,103, 0
694,107, 12
695,108, 0
696,100, 0
697,96, 0
698,101, 0
699,92, 0
700,97, 0
701,95, 0
702,96, 0
703,108, 0
704,116, 0
705,119, 0
706,107, 0
707,120, 0
708,121, 0
709,123, 0
710,119, 0
711,138, 0
712,141, 0
713,141, 0
714,141, 0
715,139, 0
716,136, 0
717,141, 0
718,143, 0
719,145, 0
720,154, 0
721,152, 0
722,152, 0
723,150, 0
724,148, 0
725,150, 0
726,148, 0
727,145, 0
728,133, 0
729,139, 2
730,132, 0
731,128, 0
732,115, 0
733,127, 0
734,131, 0
735,127, 0
736,120, 0
737,111, 0
738,121, 0
739,123, 0
740,125, 0
741,127, 0
742,130, 0
743,121, 0
744,126, 0
745,127, 7
746,124, 0
747,123, 0
748,121, 0
749,115, 0
750,123, 3
751,120, 6
752,127, 0
753,117, 6
754,119, 0
755,127, 0
756,127, 0
757,123, 0
758,122, 0
759,137, 0
760,133, 0
761,140, 6
762,135, 0
763,139, 0
764,147, 0
765,144, 0
766,143, 0
767,144, 0
768,139, 0
769,133, 0
770,139, 0
771,137, 0
772,139, 0
773,140, 0
774,143, 0
775,147, 0
776,145, 0
777,142, 0
778,142, 0
779,139, 0
780,144, 0
781,139, 0
782,143, 0
783,145, 0
784,145, 0
785,143, 0
786,139, 0
787,142, 0
788,132, 0
789,137, 0
790,132, 3
791,129, 0
792,133, 0
793,144, 0
794,130, 0
795,133, 0
796,131, 0
797,115, 0
798,113, 0
799,111, 0
800,120, 0
801,133, 0
802,135, 0
803,136, 0
804,128, 0
805,130, 0
806,152, 0
807,127, 0
808,119, 0
809,113, 0
810,115, 0
811,118, 6
812,108, 0
813,111, 19
814,109, 2
815,143, 0
816,124, 0
817,124, 0
818,127, 0
819,127, 0
820,124, 0
821,123, 0
822,126, 4
823,131, 0
824,129, 0
825,127, 0
826,129, 0
827,128, 0
828,119, 0
829,109, 0
830,116, 0
831,121, 0
832,130, 0
833,117, 0
834,128, 0
835,133, 0
836,127, 0
837,130, 0
838,133, 0
839,134, 0
840,127, 0
841,115, 0
842,129, 0
843,139, 0
844,141, 0
845,141, 0
846,142, 0
847,143, 0
848,149, 0
849,144, 0
850,144, 0
851,147, 0
852,134, 0
853,129, 0
854,158, 0
855,137, 0
856,148, 0
857,133, 0
858,133, 0
859,126, 0
860,125, 0
861,126, 8
862,133, 0
863,135, 0
864,131, 0
865,127, 0
866,127, 0
867,132, 6
868,127, 0
869,128, 0
870,127, 0
871,127, 0
872,108, 0
873,116, 0
874,120, 0
875,133, 6
876,120, 0
877,122, 0
878,120, 11
879,121, 0
880,117, 0
881,121, 0
882,123, 0
883,121, 0
884,127, 0
885,129, 0
886,133, 0
887,133, 0
888,138, 0
889,126, 0
890,126, 0
891,126, 0
892,134, 0
893,142, 0
894,152, 0
895,145, 0
896,155, 0
897,153, 0
898,153, 0
899,148, 0
900,147, 2
901,147, 0
902,143, 0
903,142, 0
904,142, 0
905,141, 0
906,136, 0
907,132, 1
908,133, 0
909,112, 0
910,126, 0
911,130, 0
912,122, 0
913,112, 0
914,108, 0
915,94, 0
916,96, 0
917,100, 0
918,106, 0
919,109, 0
920,100, 0
921,111, 0
922,119, 0
923,125, 0
924,126, 0
925,133, 0
926,124, 0
927,127, 0
928,127, 0
929,140, 0
930,137, 0
931,139, 0
932,158, 0
933,145, 0
934,143, 7
935,144, 9
936,143, 23
937,145, 5
938,150, 0
939,150, 4
940,141, 0
941,149, 0
942,149, 0
943,142, 0
944,166, 0
945,155, 0
946,143, 0
947,144, 0
948,139, 0
949,133, 0
950,132, 0
951,123, 0
952,133, 0
953,136, 0
954,137, 0
955,140, 0
956,144, 0
957,143, 0
958,140, 0
959,142, 0
960,140, 0
961,139, 0
962,139, 0
963,138, 0
964,129, 0
965,135, 0
966,140, 0
967,138, 0
968,128, 0
969,137, 0
970,127, 0
971,128, 0
972,134, 0
973,129, 0
974,127, 0
975,130, 0
976,129, 0
977,139, 0
978,126, 0
979,117, 0
980,110, 0
981,125, 0
982,107, 0
983,100, 0
984,103, 0
985,106, 0
986,115, 0
987,102, 0
988,101, 0
989,106, 0
990,104, 0
991,109, 0
992,108, 0
993,126, 0
994,118, 0
995,115, 0
996,121, 14
997,104, 0
998,118, 0
999,122, 0
1000,115, 2
1001,117, 0
1002,117, 0
1003,124, 0
1004,127, 0
1005,132, 0
1006,129, 0
1007,136, 0
1008,145, 0
1009,166, 0
1010,125, 0
1011,138, 0
1012,127, 0
1013,139, 0
1014,143, 0
1015,158, 0
1016,154, 0
1017,160, 0
1018,159, 0
1019,158, 0
1020,141, 0
1021,150, 0
1022,154, 0
1023,141, 0
1024,144, 0
1025,144, 0
1026,141, 0
1027,142, 0
1028,140, 0
1029,135, 0
1030,143, 0
1031,127, 0
1032,142, 0
1033,147, 0
1034,136, 0
1035,139, 0
1036,138, 0
1037,127, 0
1038,139, 0
1039,133, 0
1040,137, 0
1041,124, 0
1042,138, 0
1043,118, 0
1044,117, 0
1045,123, 0
1046,121, 0
1047,112, 0
1048,118, 0
1049,115, 0
1050,113, 0
1051,115, 0
1052,115, 0
1053,121, 0
1054,120, 0
1055,103, 6
1056,118, 0
1057,120, 26
1058,115, 0
1059,120, 0
1060,118, 0
1061,122, 6
1062,127, 0
1063,124, 0
1064,125, 0
1065,127, 0
1066,129, 0
1067,133, 0
1068,119, 0
1069,127, 0
1070,122, 0
1071,119, 0
1072,118, 0
1073,125, 0
1074,118, 0
1075,124, 0
1076,133, 0
1077,137, 0
1078,149, 0
1079,145, 0
1080,145, 0
1081,152, 0
1082,151, 0
1083,145, 0
1084,158, 0
1085,155, 0
1086,149, 0
1087,151, 0
1088,158, 0
1089,150, 0
1090,153, 0
1091,145, 0
1092,136, 0
1093,144, 0
1094,143, 0
1095,139, 0
1096,139, 0
1097,135, 0
1098,127, 0
1099,125, 0
1100,123, 0
1101,110, 0
1102,115, 0
1103,101, 0
1104,97, 0
1105,102, 0
1106,109, 0
1107,102, 0
1108,102, 0
1109,108, 0
1110,108, 0
1111,112, 0
1112,117, 0
1113,125, 0
1114,133, 0
1115,140, 0
1116,119, 11
1117,135, 0
1118,137, 3
1119,129, 8
1120,127, 12
1121,128, 3
1122,127, 6
1123,121, 0
1124,127, 0
1125,119, 0
1126,126, 0
1127,132, 0
1128,128, 0
1129,123, 0
1130,134, 0
1131,134, 0
1132,132, 0
1133,138, 0
1134,139, 0
1135,127, 0
1136,140, 0
1137,145, 0
1138,151, 0
1139,153, 0
1140,154, 2
1141,140, 0
1142,145, 0
1143,145, 0
1144,144, 0
1145,149, 0
1146,148, 0
1147,153, 0
1148,158, 0
1149,158, 0
1150,152, 0
1151,152, 0
1152,152, 0
1153,145, 0
1154,152, 0
1155,152, 0
1156,149, 0
1157,152, 0
1158,145, 0
1159,145, 0
1160,145, 0
1161,145, 0
1162,139, 0
1163,127, 0
1164,127, 0
1165,143, 0
1166,116, 0
1167,122, 0
1168,123, 0
1169,120, 0
1170,120, 0
1171,113, 0
1172,118, 0
1173,120, 0
1174,115, 0
1175,133, 0
1176,119, 0
1177,112, 20
1178,116, 0
1179,115, 12
1180,115, 0
1181,138, 3
1182,125, 6
1183,123, 2
1184,127, 2
1185,129, 0
1186,129, 0
1187,128, 0
1188,130, 0
1189,130, 0
1190,126, 0
1191,133, 0
1192,128, 0
1193,121, 0
1194,128, 0
1195,123, 0
1196,116, 0
1197,119, 0
1198,119, 0
1199,112, 0
1200,131, 0
1201,118, 0
1202,118, 0
1203,121, 0
1204,121, 0
1205,121, 0
1206,129, 0
1207,127, 0
1208,126, 0
1209,134, 0
1210,139, 0
1211,139, 0
1212,139, 0
1213,139, 0
1214,136, 0
1215,143, 0
1216,142, 0
1217,145, 0
1218,138, 0
1219,140, 0
1220,137, 0
1221,154, 0
1222,147, 0
1223,136, 0
1224,139, 0
1225,135, 0
1226,137, 0
1227,139, 0
1228,130, 0
1229,133, 0
1230,135, 0
1231,136, 0
1232,127, 0
1233,132, 0
1234,133, 0
1235,130, 0
1236,135, 0
1237,158, 0
1238,133, 2
1239,133, 0
1240,133, 9
1241,129, 15
1242,151, 0
1243,132, 0
1244,112, 2
1245,125, 0
1246,130, 0
1247,130, 0
1248,127, 0
1249,119, 0
1250,127, 0
1251,132, 0
1252,133, 0
1253,130, 0
1254,130, 0
1255,132, 0
1256,121, 0
1257,118, 0
1258,121, 0
1259,123, 0
1260,116, 0
1261,134, 0
1262,129, 0
1263,115, 0
1264,113, 0
1265,128, 0
1266,125, 0
1267,129, 0
1268,115, 0
1269,128, 0
1270,130, 0
1271,150, 0
1272,132, 0
1273,137, 0
1274,135, 0
1275,133, 0
1276,144, 0
1277,140, 0
1278,140, 0
1279,143, 0
1280,136, 0
1281,140, 0
1282,145, 0
1283,147, 0
1284,135, 0
1285,127, 0
1286,120, 0
1287,115, 0
1288,116, 0
1289,121, 0
1290,115, 0
1291,128, 0
1292,118, 0
1293,118, 0
1294,124, 0
1295,121, 0
1296,121, 0
1297,123, 0
1298,124, 0
1299,124, 0
1300,116, 0
1301,120, 9
1302,113, 6
1303,115, 0
1304,118, 1
1305,125, 0
1306,115, 0
1307,133, 0
1308,131, 0
1309,133, 0
1310,140, 0
1311,133, 0
1312,135, 0
1313,139, 0
1314,135, 0
1315,128, 0
1316,128, 0
1317,120, 0
1318,123, 0
1319,129, 0
1320,127, 0
1321,139, 0
1322,145, 0
1323,150, 0
1324,155, 0
1325,157, 0
1326,151, 0
1327,157, 0
1328,152, 0
1329,147, 0
1330,154, 0
1331,145, 0
1332,163, 0
1333,139, 0
1334,139, 0
1335,132, 0
1336,133, 0
1337,139, 0
1338,138, 0
1339,139, 0
1340,135, 0
1341,132, 0
1342,127, 0
1343,124, 0
1344,127, 0
1345,125, 0
1346,117, 0
1347,113, 0
1348,110, 0
1349,113, 0
1350,115, 0
1351,113, 0
1352,111, 0
1353,113, 0
1354,110, 0
1355,121, 0
1356,124, 0
1357,133, 0
1358,129, 0
1359,130, 0
1360,127, 8
1361,133, 3
1362,136, 0
1363,127, 1
1364,129, 0
1365,133, 0
1366,131, 0
1367,129, 0
1368,125, 6
1369,124, 0
1370,126, 0
1371,126, 0
1372,117, 0
1373,121, 0
1374,123, 0
1375,119, 0
1376,122, 0
1377,116, 0
1378,112, 0
1379,108, 0
1380,116, 0
1381,115, 0
1382,123, 0
1383,129, 0
1384,130, 0
1385,140, 0
1386,127, 0
1387,120, 0
1388,125, 0
1389,125, 0
1390,125, 0
1391,123, 0
1392,127, 0
1393,130, 0
1394,128, 0
1395,132, 0
1396,130, 0
1397,127, 0
1398,136, 0
1399,128, 0
1400,127, 0
1401,122, 0
1402,122, 0
1403,129, 0
1404,129, 0
1405,137, 0
1406,149, 0
1407,136, 0
1408,133, 0
1409,131, 0
1410,138, 0
1411,144, 0
1412,139, 0
1413,147, 0
1414,145, 0
1415,147, 0
1416,158, 0
1417,158, 0
1418,156, 0
1419,156, 0
1420,154, 0
1421,159, 7
1422,155, 4
1423,150, 0
1424,148, 0
1425,158, 0
1426,158, 0
1427,158, 0
1428,147, 0
1429,151, 0
1430,152, 0
1431,152, 0
1432,139, 0
1433,142, 0
1434,126, 0
1435,130, 0
1436,128, 0
1437,127, 0
1438,126, 0
1439,122, 8
1440,115, 0
1441,126, 0
1442,127, 0
1443,137, 0
1444,141, 0
1445,145, 1
1446,145, 0
1447,142, 0
1448,130, 0
1449,135, 0
1450,133, 0
1451,140, 0
1452,133, 0
1453,131, 0
1454,127, 0
1455,118, 0
1456,125, 0
1457,119, 0
1458,115, 0
1459,112, 0
1460,124, 0
1461,126, 0
1462,129, 0
1463,131, 0
1464,130, 0
1465,132, 0
1466,129, 0
1467,134, 0
1468,132, 0
1469,111, 0
1470,119, 0
1471,124, 0
1472,124, 0
1473,123, 0
1474,123, 0
1475,116, 0
1476,109, 0
1477,115, 0
1478,103, 0
1479,99, 0
1480,103, 0
1481,106, 0
1482,111, 0
1483,110, 0
1484,112, 15
1485,111, 2
1486,136, 0
1487,121, 6
1488,127, 0
1489,127, 0
1490,124, 0
1491,124, 0
1492,126, 0
1493,147, 0
1494,126, 0
1495,124, 0
1496,127, 0
1497,121, 0
1498,106, 0
1499,124, 0
1500,115, 0
1501,127, 0
1502,125, 0
1503,125, 0
1504,139, 0
1505,145, 0
1506,145, 0
1507,145, 0
1508,147, 0
1509,149, 0
1510,156, 0
1511,155, 0
1512,152, 0
1513,156, 0
1514,151, 0
1515,153, 0
1516,150, 0
1517,152, 0
1518,144, 0
1519,145, 0
1520,142, 0
1521,144, 0
1522,142, 0
1523,140, 0
1524,138, 0
1525,143, 0
1526,139, 0
1527,138, 0
1528,134, 0
1529,134, 0
1530,126, 0
1531,120, 0
1532,125, 0
1533,123, 0
1534,120, 0
1535,125, 0
1536,115, 0
1537,111, 0
1538,115, 0
1539,126, 0
1540,117, 0
1541,123, 0
1542,122, 0
1543,127, 0
1544,122, 0
1545,121, 2
1546,115, 3
1547,117, 12
1548,117, 1
1549,115, 2
1550,119, 0
1551,121, 0
1552,110, 0
1553,119, 0
1554,108, 0
1555,121, 0
1556,122, 0
1557,124, 0
1558,120, 0
1559,125, 0
1560,129, 0
1561,119, 0
1562,121, 0
1563,128, 0
1564,137, 0
1565,138, 0
1566,150, 0
1567,141, 0
1568,140, 0
1569,143, 0
1570,142, 0
1571,147, 0
1572,153, 0
1573,157, 0
1574,159, 0
1575,164, 0
1576,163, 0
1577,164, 0
1578,169, 0
1579,164, 0
1580,165, 0
1581,164, 0
1582,164, 0
1583,163, 0
1584,164, 0
1585,160, 0
1586,160, 0
1587,157, 0
1588,157, 0
1589,163, 0
1590,151, 0
1591,135, 0
1592,131, 0
1593,132, 0
1594,127, 0
1595,126, 0
1596,127, 0
1597,116, 0
1598,118, 0
1599,120, 0
1600,115, 0
1601,121, 0
1602,119, 0
1603,137, 0
1604,123, 0
1605,118, 0
1606,119, 12
1607,113, 12
1608,117, 4
1609,118, 3
1610,116, 0
1611,119, 0
1612,118, 0
1613,121, 0
1614,122, 0
1615,129, 0
1616,119, 0
1617,119, 0
1618,116, 0
1619,132, 0
1620,117, 0
1621,115, 0
1622,106, 0
1623,95, 0
1624,105, 0
1625,107, 0
1626,115, 0
1627,122, 0
1628,121, 0
1629,121, 0
1630,122, 0
1631,121, 0
1632,121, 0
1633,125, 0
1634,108, 0
1635,127, 0
1636,139, 0
1637,135, 0
1638,131, 0
1639,130, 0
1640,124, 0
1641,132, 0
1642,130, 0
1643,126, 0
1644,131, 0
1645,137, 0
1646,138, 0
1647,145, 0
1648,145, 0
1649,133, 0
1650,143, 0
1651,140, 1
1652,133, 0
1653,135, 0
1654,142, 0
1655,135, 0
1656,139, 0
1657,138, 0
1658,150, 0
1659,134, 0
1660,140, 0
1661,138, 0
1662,134, 0
1663,141, 0
1664,157, 0
1665,145, 0
1666,131, 0
1667,127, 19
1668,131, 0
1669,125, 0
1670,130, 2
1671,133, 0
1672,137, 0
1673,152, 0
1674,139, 0
1675,152, 0
1676,117, 0
1677,133, 0
1678,133, 0
1679,133, 0
1680,128, 0
1681,133, 0
1682,131, 0
1683,124, 0
1684,127, 0
1685,127, 0
1686,135, 0
1687,138, 0
1688,147, 0
1689,140, 0
1690,140, 0
1691,140, 0
1692,132, 0
1693,133, 0
1694,131, 0
1695,127, 0
1696,128, 0
1697,127, 0
1698,121, 0
1699,123, 0
1700,122, 0
1701,122, 0
1702,120, 0
1703,122, 0
1704,119, 0
1705,126, 0
1706,129, 0
1707,121, 0
1708,119, 0
1709,126, 0
1710,129, 0
1711,122, 0
1712,121, 0
1713,133, 0
1714,117, 0
1715,133, 0
1716,122, 0
1717,124, 0
1718,124, 0
1719,122, 0
1720,120, 0
1721,122, 0
1722,115, 0
1723,110, 0
1724,117, 0
1725,111, 0
1726,118, 0
1727,115, 1
1728,115, 1
1729,108, 0
1730,141, 0
1731,139, 0
1732,131, 0
1733,133, 0
1734,137, 0
1735,136, 0
1736,141, 0
1737,151, 0
1738,159, 0
1739,158, 0
1740,154, 0
1741,155, 0
1742,155, 0
1743,147, 0
1744,143, 0
1745,124, 0
1746,135, 0
1747,137, 0
1748,147, 0
1749,136, 0
1750,149, 0
1751,149, 0
1752,149, 0
1753,123, 0
1754,142, 0
1755,145, 0
1756,148, 0
1757,143, 0
1758,148, 0
1759,145, 0
1760,145, 0
1761,140, 0
1762,144, 0
1763,138, 0
1764,139, 0
1765,139, 0
1766,141, 0
1767,138, 0
1768,145, 0
1769,152, 0
1770,136, 0
1771,135, 0
1772,131, 0
1773,129, 0
1774,119, 0
1775,121, 0
1776,124, 0
1777,116, 0
1778,106, 0
1779,120, 0
1780,121, 0
1781,121, 0
1782,122, 0
1783,122, 0
1784,124, 0
1785,126, 0
1786,108, 0
1787,116, 1
1788,123, 0
1789,117, 7
1790,119, 8
1791,122, 2
1792,122, 0
1793,119, 1
1794,124, 0
1795,120, 0
1796,121, 0
1797,125, 0
1798,127, 0
1799,129, 0
1800,130, 0
1801,128, 0
1802,145, 0
1803,130, 0
1804,121, 0
1805,128, 0
1806,125, 0
1807,127, 0
1808,134, 0
1809,138, 0
1810,138, 0
1811,141, 0
1812,137, 0
1813,137, 0
1814,130, 0
1815,130, 0
1816,136, 0
1817,131, 0
1818,133, 0
1819,127, 0
1820,133, 0
1821,127, 0
1822,122, 0
1823,124, 0
1824,121, 0
1825,126, 0
1826,133, 0
1827,133, 0
1828,134, 0
1829,121, 0
1830,138, 0
1831,142, 0
1832,139, 0
1833,133, 0
1834,137, 0
1835,133, 0
1836,139, 0
1837,129, 0
1838,127, 0
1839,125, 0
1840,121, 0
1841,120, 0
1842,121, 0
1843,123, 0
1844,120, 0
1845,116, 0
1846,116, 0
1847,122, 0
1848,121, 4
1849,126, 0
1850,121, 6
1851,117, 0
1852,139, 6
1853,123, 0
1854,124, 1
1855,126, 0
1856,133, 0
1857,133, 0
1858,134, 0
1859,135, 0
1860,129, 0
1861,132, 0
1862,132, 0
1863,154, 0
1864,135, 0
1865,123, 0
1866,127, 0
1867,145, 0
1868,127, 0
1869,113, 0
1870,139, 0
1871,133, 0
1872,125, 0
1873,133, 0
1874,123, 0
1875,127, 0
1876,130, 0
1877,133, 0
1878,135, 0
1879,135, 0
1880,137, 0
1881,145, 0
1882,144, 0
1883,150, 0
1884,150, 0
1885,152, 0
1886,149, 0
1887,144, 0
1888,145, 0
1889,145, 0
1890,144, 0
1891,139, 0
1892,139, 0
1893,139, 0
1894,141, 0
1895,149, 0
1896,133, 0
1897,149, 0
1898,125, 0
1899,134, 0
1900,134, 0
1901,133, 0
1902,135, 0
1903,132, 0
1904,138, 0
1905,128, 0
1906,133, 0
1907,134, 0
1908,130, 0
1909,120, 0
1910,113, 0
1911,104, 0
1912,125, 8
1913,125, 0
1914,120, 0
1915,124, 0
1916,123, 0
1917,126, 0
1918,125, 0
1919,131, 0
1920,130, 0
1921,136, 0
1922,128, 0
1923,134, 0
1924,134, 0
1925,126, 0
1926,127, 0
1927,125, 0
1928,130, 0
1929,148, 0
1930,132, 0
1931,122, 0
1932,153, 0
1933,147, 0
1934,152, 2
1935,145, 0
1936,143, 0
1937,140, 0
1938,145, 0
1939,149, 0
1940,153, 0
1941,152, 0
1942,156, 0
1943,151, 0
1944,150, 0
1945,150, 0
1946,143, 0
1947,145, 0
1948,142, 0
1949,148, 0
1950,139, 0
1951,139, 0
1952,133, 0
1953,136, 0
1954,136, 0
1955,134, 0
1956,120, 0
1957,113, 0
1958,111, 0
1959,99, 0
1960,103, 0
1961,111, 0
1962,110, 0
1963,102, 0
1964,109, 0
1965,105, 0
1966,102, 0
1967,102, 0
1968,102, 0
1969,97, 0
1970,111, 3
1971,104, 0
1972,93, 0
1973,105, 0
1974,103, 6
1975,103, 7
1976,108, 1
1977,107, 0
1978,113, 0
1979,109, 0
1980,120, 0
1981,115, 0
1982,123, 0
1983,126, 0
1984,132, 0
1985,133, 0
1986,139, 0
1987,138, 0
1988,133, 0
1989,138, 0
1990,143, 0
1991,139, 0
1992,149, 0
1993,161, 0
1994,159, 0
1995,156, 0
1996,151, 0
1997,139, 0
1998,148, 0
1999,141, 0
2000,144, 0
2001,141, 0
2002,148, 0
2003,154, 0
2004,149, 0
2005,147, 0
2006,158, 0
2007,141, 0
2008,140, 0
2009,147, 0
2010,141, 0
2011,139, 0
2012,141, 0
2013,138, 0
2014,127, 0
2015,133, 0
2016,133, 0
2017,108, 0
2018,123, 0
2019,108, 0
2020,109, 0
2021,115, 0
2022,116, 0
2023,120, 4
2024,120, 0
2025,120, 0
2026,115, 0
2027,116, 0
2028,118, 0
2029,124, 0
2030,120, 0
2031,116, 6
2032,133, 0
2033,113, 24
2034,123, 0
2035,127, 0
2036,129, 0
2037,127, 0
2038,129, 0
2039,126, 0
2040,127, 0
2041,127, 0
2042,134, 0
2043,148, 0
2044,123, 0
2045,128, 0
2046,126, 0
2047,120, 0
2048,116, 0
2049,117, 0
2050,119, 0
2051,127, 0
2052,127, 0
2053,120, 0
2054,124, 0
2055,123, 0
2056,116, 0
2057,108, 0
2058,104, 0
2059,108, 0
2060,116, 0
2061,121, 0
2062,121, 0
2063,125, 0
2064,115, 0
2065,128, 0
2066,124, 0
2067,115, 0
2068,118, 0
2069,119, 0
2070,121, 0
2071,120, 0
2072,129, 0
2073,124, 0
2074,127, 0
2075,127, 0
2076,130, 0
2077,127, 0
2078,130, 0
2079,129, 0
2080,126, 0
2081,122, 0
2082,133, 0
2083,129, 0
2084,128, 0
2085,149, 0
2086,147, 0
2087,136, 6
2088,144, 0
2089,155, 0
2090,156, 0
2091,157, 0
2092,156, 0
2093,152, 1
2094,148, 15
2095,141, 21
2096,133, 0
2097,143, 3
2098,141, 0
2099,142, 0
2100,140, 0
2101,144, 0
2102,139, 0
2103,147, 0
2104,142, 0
2105,136, 0
2106,139, 0
2107,142, 0
2108,136, 0
2109,120, 0
2110,117, 4
2111,115, 0
2112,115, 0
2113,121, 0
2114,134, 0
2115,131, 0
2116,139, 3
2117,138, 0
2118,134, 0
2119,127, 0
2120,139, 0
2121,147, 0
2122,145, 0
2123,149, 0
2124,151, 0
2125,150, 0
2126,149, 0
2127,154, 0
2128,147, 0
2129,153, 0
2130,152, 0
2131,152, 0
2132,155, 0
2133,147, 0
2134,144, 0
2135,164, 0
2136,139, 0
2137,134, 0
2138,133, 0
2139,127, 0
2140,122, 0
2141,124, 0
2142,118, 0
2143,123, 0
2144,121, 0
2145,118, 0
2146,115, 0
2147,121, 0
2148,121, 6
2149,119, 0
2150,122, 0
2151,120, 2
2152,121, 2
2153,120, 0
2154,115, 0
2155,111, 6
2156,112, 1
2157,132, 2
2158,115, 3
2159,113, 0
2160,112, 0
2161,117, 0
2162,115, 0
2163,120, 0
2164,125, 0
2165,121, 0
2166,127, 0
2167,123, 0
2168,126, 0
2169,139, 0
2170,115, 0
2171,119, 4
2172,120, 0
2173,120, 0
2174,124, 0
2175,127, 0
2176,130, 0
2177,137, 0
2178,132, 0
2179,135, 0
2180,139, 0
2181,135, 0
2182,143, 0
2183,155, 0
2184,150, 0
2185,173, 0
2186,160, 0
2187,158, 0
2188,154, 0
2189,147, 0
2190,144, 0
2191,136, 0
2192,129, 0
2193,125, 0
2194,133, 0
2195,133, 0
2196,122, 0
2197,119, 0
2198,123, 0
2199,113, 0
2200,111, 0
2201,105, 0
2202,108, 0
2203,115, 0
2204,121, 0
2205,127, 0
2206,121, 0
2207,136, 0
2208,138, 0
2209,140, 0
2210,138, 0
2211,139, 0
2212,154, 0
2213,133, 0
2214,137, 7
2215,136, 0
2216,133, 19
2217,130, 37
2218,133, 3
2219,137, 2
2220,142, 2
2221,141, 0
2222,142, 0
2223,139, 0
2224,133, 0
2225,137, 0
2226,141, 0
2227,139, 0
2228,145, 0
2229,139, 0
2230,158, 0
2231,128, 0
2232,121, 0
2233,121, 0
2234,116, 0
2235,125, 0
2236,122, 0
2237,131, 0
2238,134, 0
2239,123, 0
2240,131, 0
2241,134, 0
2242,136, 0
2243,139, 0
2244,145, 0
2245,130, 0
2246,122, 0
2247,127, 0
2248,121, 0
2249,123, 0
2250,118, 0
2251,121, 0
2252,122, 0
2253,128, 0
2254,129, 0
2255,137, 0
2256,142, 0
2257,150, 0
2258,148, 0
2259,153, 0
2260,144, 0
2261,143, 0
2262,142, 0
2263,139, 0
2264,139, 0
2265,145, 0
2266,148, 0
2267,143, 0
2268,137, 0
2269,135, 0
2270,130, 0
2271,134, 0
2272,129, 0
2273,134, 0
2274,129, 0
2275,132, 0
2276,129, 0
2277,124, 0
2278,134, 0
2279,133, 0
2280,133, 0
2281,133, 0
2282,126, 0
2283,121, 6
2284,121, 0
2285,121, 0
2286,122, 0
2287,123, 0
2288,121, 0
2289,128, 0
2290,126, 0
2291,111, 0
2292,115, 0
2293,109, 0
2294,104, 0
2295,112, 0
2296,118, 0
2297,133, 0
2298,134, 0
2299,137, 0
2300,142, 0
2301,143, 0
2302,142, 0
2303,155, 0
2304,137, 0
2305,133, 0
2306,128, 0
2307,139, 0
2308,133, 0
2309,133, 0
2310,128, 0
2311,128, 0
2312,126, 0
2313,126, 0
2314,131, 0
2315,130, 0
2316,121, 0
2317,133, 0
2318,108, 0
2319,112, 0
2320,116, 0
2321,111, 0
2322,106, 0
2323,126, 0
2324,118, 0
2325,117, 0
2326,117, 0
2327,121, 0
2328,99, 0
2329,111, 0
2330,101, 0
2331,106, 0
2332,106, 0
2333,100, 0
2334,103, 0
2335,102, 0
2336,101, 1
2337,94, 0
2338,103, 4
2339,92, 0
2340,106, 0
2341,109, 15
2342,116, 0
2343,121, 0
2344,121, 0
2345,126, 0
2346,115, 0
2347,129, 0
2348,130, 0
2349,135, 0
2350,130, 0
2351,140, 0
2352,143, 0
2353,143, 0
2354,145, 0
2355,132, 0
2356,161, 0
2357,177, 0
2358,183, 0
2359,189, 0
2360,197, 0
2361,200, 0
2362,204, 0
2363,205, 0
2364,202, 0
2365,207, 0
2366,202, 0
2367,199, 0
2368,190, 0
2369,180, 0
2370,171, 0
2371,173, 0
2372,160, 0
2373,152, 0
2374,145, 0
2375,142, 0
2376,137, 0
2377,132, 0
2378,128, 0
2379,131, 0
2380,131, 0
2381,119, 0
2382,100, 0
2383,106, 0
2384,95, 0
2385,92, 0
2386,92, 0
2387,89, 0
2388,95, 0
2389,89, 0
2390,88, 0
2391,90, 0
2392,89, 0
2393,89, 0
2394,92, 0
2395,81, 0
2396,108, 0
2397,90, 4
2398,89, 6
2399,92, 31
2400,88, 21
2401,94, 0
2402,100, 2
2403,108, 0
2404,109, 0
2405,110, 0
2406,106, 0
2407,111, 0
2408,113, 0
2409,121, 0
2410,123, 0
2411,128, 0
2412,130, 0
2413,128, 0
2414,125, 0
2415,121, 0
2416,122, 0
2417,128, 0
2418,131, 0
2419,135, 0
2420,145, 0
2421,153, 0
2422,152, 0
2423,172, 0
2424,155, 0
2425,153, 0
2426,154, 0
2427,150, 0
2428,145, 0
2429,145, 0
2430,152, 0
2431,156, 0
2432,153, 0
2433,164, 0
2434,153, 0
2435,154, 0
2436,157, 0
2437,153, 0
2438,155, 0
2439,155, 0
2440,158, 0
2441,152, 0
2442,154, 0
2443,150, 0
2444,152, 0
2445,145, 0
2446,141, 0
2447,144, 0
2448,137, 0
2449,140, 0
2450,118, 0
2451,135, 0
2452,127, 0
2453,122, 0
2454,124, 0
2455,121, 0
2456,111, 0
2457,115, 0
2458,111, 0
2459,122, 1
2460,122, 42
2461,122, 5
2462,115, 0
2463,117, 0
2464,108, 0
2465,112, 0
2466,118, 0
2467,115, 0
2468,122, 0
2469,111, 0
2470,123, 0
2471,126, 0
2472,116, 0
2473,120, 0
2474,115, 0
2475,111, 0
2476,119, 0
2477,115, 0
2478,120, 0
2479,122, 0
2480,127, 0
2481,131, 0
2482,136, 0
2483,135, 0
2484,129, 0
2485,120, 0
2486,127, 0
2487,129, 0
2488,128, 0
2489,124, 0
2490,128, 0
2491,132, 0
2492,139, 0
2493,129, 0
2494,122, 0
2495,127, 0
2496,124, 0
2497,145, 0
2498,125, 0
2499,129, 0
2500,125, 0
2501,132, 0
2502,155, 0
2503,141, 0
2504,137, 0
2505,139, 0
2506,131, 0
2507,130, 0
2508,138, 0
2509,141, 0
2510,138, 0
2511,122, 0
2512,132, 0
2513,133, 0
2514,135, 0
2515,139, 0
2516,145, 0
2517,139, 0
2518,123, 0
2519,129, 0
2520,131, 1
2521,133, 20
2522,126, 0
2523,132, 1
2524,129, 0
2525,120, 3
2526,121, 0
2527,129, 0
2528,123, 0
2529,126, 0
2530,125, 0
2531,123, 4
2532,120, 0
2533,127, 0
2534,133, 0
2535,129, 0
2536,128, 0
2537,125, 0
2538,123, 0
2539,133, 0
2540,133, 0
2541,140, 0
2542,147, 0
2543,141, 0
2544,145, 0
2545,129, 0
2546,143, 0
2547,136, 0
2548,138, 0
2549,134, 0
2550,135, 0
2551,132, 0
2552,136, 0
2553,145, 0
2554,133, 0
2555,133, 0
2556,132, 0
2557,139, 0
2558,144, 0
2559,156, 0
2560,154, 0
2561,137, 0
2562,147, 0
2563,139, 0
2564,143, 0
2565,139, 0
2566,140, 0
2567,125, 0
2568,128, 0
2569,122, 0
2570,128, 0
2571,124, 0
2572,120, 0
2573,126, 0
2574,123, 0
2575,132, 0
2576,148, 0
2577,139, 0
2578,145, 0
2579,140, 1
2580,129, 2
2581,120, 0
2582,118, 8
2583,120, 8
2584,125, 0
2585,127, 4
2586,118, 0
2587,125, 0
2588,132, 0
2589,133, 0
2590,139, 0
2591,133, 0
2592,125, 0
2593,122, 0
2594,129, 0
2595,122, 0
2596,116, 0
2597,118, 0
2598,116, 0
2599,123, 0
2600,126, 0
2601,130, 0
2602,131, 0
2603,138, 0
2604,126, 0
2605,127, 0
2606,128, 0
2607,127, 0
2608,134, 0
2609,133, 0
2610,138, 0
2611,139, 0
2612,142, 0
2613,142, 0
2614,143, 0
2615,143, 0
2616,147, 0
2617,140, 0
2618,142, 0
2619,140, 0
2620,134, 0
2621,152, 0
2622,149, 0
2623,131, 0
2624,152, 0
2625,145, 0
2626,145, 0
2627,138, 0
2628,133, 0
2629,120, 0
2630,119, 0
2631,115, 0
2632,109, 0
2633,107, 0
2634,121, 0
2635,123, 0
2636,129, 0
2637,136, 0
2638,133, 0
2639,136, 0
2640,132, 0
2641,129, 0
2642,135, 0
2643,115, 10
2644,107, 0
2645,106, 0
2646,109, 0
2647,117, 0
2648,115, 0
2649,115, 0
2650,104, 0
2651,103, 0
2652,93, 0
2653,83, 0
2654,86, 0
2655,99, 0
2656,102, 0
2657,104, 0
2658,115, 0
2659,110, 0
2660,123, 0
2661,131, 0
2662,139, 0
2663,128, 0
2664,141, 0
2665,149, 0
2666,138, 0
2667,139, 0
2668,143, 0
2669,142, 0
2670,154, 0
2671,154, 0
2672,152, 0
2673,163, 0
2674,174, 0
2675,183, 0
2676,180, 0
2677,156, 0
2678,158, 0
2679,159, 0
2680,156, 0
2681,148, 0
2682,145, 0
2683,132, 0
2684,133, 0
2685,140, 0
2686,143, 0
2687,140, 0
2688,135, 0
2689,130, 0
2690,124, 0
2691,108, 0
2692,131, 0
2693,125, 0
2694,110, 0
2695,128, 0
2696,123, 0
2697,127, 0
2698,119, 0
2699,115, 0
2700,113, 0
2701,104, 0
2702,111, 0
2703,109, 0
2704,105, 6
2705,108, 20
2706,94, 0
2707,102, 0
2708,109, 1
2709,92, 0
2710,101, 0
2711,121, 0
2712,93, 0
2713,95, 0
2714,85, 0
2715,90, 0
2716,90, 0
2717,86, 0
2718,86, 0
2719,92, 0
2720,92, 6
2721,95, 0
2722,95, 0
2723,102, 0
2724,106, 0
2725,116, 0
2726,122, 0
2727,122, 0
2728,127, 0
2729,126, 0
2730,124, 0
2731,139, 0
2732,148, 0
2733,158, 0
2734,161, 0
2735,175, 0
2736,176, 0
2737,180, 0
2738,166, 0
2739,170, 0
2740,174, 0
2741,173, 0
2742,186, 2
2743,185, 0
2744,188, 0
2745,185, 0
2746,195, 0
2747,187, 0
2748,183, 2
2749,173, 0
2750,156, 0
2751,152, 0
2752,156, 0
2753,159, 0
2754,153, 0
2755,149, 0
2756,139, 0
2757,141, 0
2758,144, 0
2759,151, 0
2760,149, 0
2761,157, 0
2762,154, 0
2763,158, 0
2764,148, 3
2765,140, 0
2766,140, 6
2767,141, 0
2768,139, 0
2769,138, 0
2770,141, 0
2771,139, 7
2772,142, 0
2773,137, 0
2774,143, 0
2775,142, 0
2776,138, 0
2777,136, 0
2778,132, 0
2779,132, 0
2780,124, 0
2781,118, 6
2782,131, 0
2783,121, 0
2784,120, 0
2785,127, 0
2786,108, 0
2787,116, 1
2788,110, 0
2789,111, 0
2790,106, 0
2791,102, 0
2792,108, 0
2793,107, 0
2794,107, 0
2795,118, 0
2796,126, 0
2797,130, 0
2798,131, 0
2799,113, 0
2800,117, 0
2801,111, 0
2802,115, 0
2803,117, 0
2804,112, 0
2805,113, 0
2806,99, 0
2807,121, 0
2808,128, 0
2809,128, 0
2810,126, 0
2811,125, 0
2812,115, 0
2813,117, 0
2814,121, 0
2815,117, 0
2816,119, 0
2817,115, 0
2818,115, 0
2819,121, 0
2820,120, 0
2821,113, 0
2822,117, 0
2823,108, 0
2824,101, 0
2825,92, 0
2826,102, 0
2827,95, 0
2828,106, 0
2829,115, 0
2830,112, 0
2831,112, 0
2832,105, 4
2833,101, 0
2834,108, 0
2835,96, 0
2836,108, 0
2837,122, 0
2838,130, 0
2839,138, 0
2840,144, 0
2841,134, 0
2842,133, 0
2843,133, 0
2844,129, 0
2845,134, 0
2846,141, 0
2847,150, 0
2848,158, 0
2849,149, 0
2850,147, 0
2851,152, 0
2852,153, 0
2853,144, 0
2854,143, 0
2855,149, 0
2856,157, 0
2857,151, 0
2858,145, 0
2859,131, 0
2860,132, 0
2861,132, 0
2862,136, 0
2863,137, 0
2864,136, 0
2865,130, 0
2866,133, 0
2867,106, 0
2868,102, 0
2869,100, 0
2870,102, 0
2871,99, 3
2872,102, 0
2873,104, 8
2874,115, 0
2875,117, 0
2876,112, 0
2877,118, 0
2878,102, 0
2879,111, 0
2880,119, 0
2881,121, 0
2882,117, 0
2883,112, 0
2884,116, 0
2885,120, 6
2886,122, 6
2887,116, 20
2888,113, 76
2889,131, 36
2890,108, 22
2891,110, 12
2892,121, 0
2893,122, 0
2894,122, 0
2895,126, 0
2896,131, 0
2897,144, 0
2898,158, 0
2899,177, 0
2900,187, 0
2901,193, 0
2902,183, 0
2903,159, 0
2904,158, 0
2905,155, 0
2906,160, 0
2907,170, 0
2908,177, 0
2909,168, 0
2910,152, 0
2911,141, 0
2912,132, 0
2913,125, 0
2914,124, 0
2915,123, 0
2916,126, 0
2917,148, 0
2918,147, 0
2919,172, 0
2920,179, 0
2921,158, 0
2922,155, 0
2923,145, 0
2924,137, 0
2925,136, 0
2926,131, 0
2927,128, 0
2928,139, 0
2929,124, 0
2930,132, 0
2931,111, 0
2932,110, 0
2933,102, 0
2934,106, 0
2935,116, 0
2936,123, 0
2937,136, 0
2938,134, 0
2939,132, 0
2940,130, 0
2941,133, 0
2942,130, 0
2943,124, 0
2944,120, 0
2945,111, 0
2946,104, 0
2947,92, 0
2948,89, 0
2949,84, 4
2950,88, 0
2951,92, 5
2952,99, 8
2953,106, 2
2954,110, 0
2955,110, 0
2956,118, 19
2957,122, 68
2958,121, 147
2959,129, 208
2960,143, 315
2961,144, 311
2962,133, 233
2963,148, 136
2964,150, 63
2965,133, 21
2966,152, 0
2967,159, 2
2968,168, 0
2969,174, 0
2970,168, 0
2971,158, 0
2972,136, 0
2973,143, 0
2974,145, 0
2975,148, 0
2976,151, 0
2977,144, 0
2978,149, 0
2979,150, 0
2980,152, 0
2981,165, 0
2982,148, 0
2983,149, 0
2984,153, 0
2985,161, 0
2986,159, 0
2987,159, 0
2988,138, 0
2989,130, 0
2990,100, 0
2991,89, 0
2992,93, 0
2993,116, 0
2994,103, 46
2995,106, 25
2996,108, 31
2997,89, 0
2998,99, 0
2999,83, 0
3000,63, 6
3001,60, 0
3002,63, 0
3003,59, 0
3004,69, 0
3005,81, 4
3006,85, 15
3007,86, 0
3008,102, 4
3009,83, 6
3010,95, 7
3011,88, 0
3012,97, 0
3013,109, 0
3014,144, 0
3015,151, 0
3016,152, 0
3017,165, 0
3018,179, 0
3019,177, 0
3020,165, 0
3021,161, 0
3022,161, 0
3023,160, 0
3024,164, 0
3025,150, 0
3026,153, 0
3027,163, 0
3028,174, 0
3029,190, 0
3030,211, 0
3031,220, 0
3032,220, 0
3033,223, 0
3034,227, 0
3035,212, 0
3036,204, 0
3037,189, 0
3038,184, 0
3039,181, 0
3040,185, 0
3041,196, 0
3042,208, 0
3043,196, 0
3044,196, 0
3045,188, 0
3046,201, 0
3047,192, 0
3048,191, 0
3049,186, 0
3050,189, 0
3051,189, 0
3052,174, 0
3053,163, 0
3054,145, 0
3055,118, 0
3056,99, 0
3057,100, 0
3058,97, 0
3059,104, 0
3060,90, 0
3061,76, 0
3062,64, 0
3063,74, 0
3064,86, 0
3065,100, 0
3066,102, 63
3067,87, 269
3068,80, 289
3069,86, 219
3070,76, 116
3071,83, 8
3072,99, 0
3073,107, 0
3074,102, 0
3075,110, 0
3076,122, 0
3077,131, 0
3078,152, 0
3079,152, 0
3080,135, 0
3081,103, 0
3082,75, 0
3083,76, 0
3084,46, 0
3085,45, 0
3086,54, 0
3087,51, 0
3088,67, 0
3089,93, 0
3090,123, 0
3091,126, 2
3092,116, 0
3093,102, 0
3094,102, 0
3095,79, 0
3096,87, 0
3097,92, 0
3098,92, 0
3099,102, 0
3100,117, 0
3101,127, 0
3102,132, 0
3103,131, 161
3104,107, 286
3105,88, 322
3106,83, 232
3107,89, 119
3108,113, 59
3109,135, 38
3110,158, 0
3111,175, 0
3112,189, 0
3113,169, 0
3114,156, 0
3115,145, 0
3116,145, 0
3117,147, 0
3118,141, 0
3119,133, 0
3120,158, 0
3121,157, 0
3122,167, 0
3123,167, 0
3124,166, 0
3125,158, 0
3126,152, 0
3127,145, 0
3128,139, 0
3129,126, 0
3130,112, 0
3131,110, 0
3132,113, 0
3133,134, 0
3134,155, 0
3135,189, 0
3136,230, 0
3137,244, 0
3138,256, 0
3139,254, 0
3140,219, 0
3141,187, 0
3142,148, 0
3143,108, 0
3144,102, 0
3145,83, 0
3146,70, 0
3147,57, 0
3148,60, 0
3149,76, 0
3150,106, 0
3151,138, 0
3152,152, 0
3153,158, 0
3154,156, 0
3155,155, 0
3156,109, 0
3157,85, 0
3158,58, 0
3159,43, 0
3160,38, 0
3161,51, 64
3162,46, 207
3163,52, 336
3164,65, 547
3165,71, 573
3166,99, 531
3167,113, 505
3168,142, 545
3169,149, 519
3170,177, 523
3171,170, 614
3172,182, 561
3173,176, 503
3174,167, 385
3175,185, 354
3176,208, 324
3177,237, 142
3178,292, 29
3179,347, 0
3180,368, 0
3181,313, 0
3182,263, 0
3183,231, 0
3184,229, 0
3185,196, 0
3186,180, 0
3187,170, 0
3188,148, 0
3189,108, 17
3190,110, 70
3191,117, 75
3192,92, 135
3193,60, 60
3194,46, 0
3195,36, 0
3196,44, 0
3197,56, 0
3198,38, 0
3199,19, 0
3200,19, 0
3201,31, 0
3202,88, 0
3203,163, 0
3204,202, 0
3205,233, 0
3206,249, 0
3207,312, 0
3208,292, 0
3209,224, 0
3210,164, 0
3211,129, 0
3212,122, 0
3213,124, 0
3214,116, 0
3215,109, 0
3216,111, 0
3217,67, 0
3218,30, 0
3219,6, 0
3220,1, 0
3221,19, 0
3222,25, 0
3223,3, 0
3224,0, 0
3225,2, 0
3226,14, 0
3227,0, 60
3228,0, 329
3229,15, 785
3230,0, 1341
3231,0, 1894
3232,10, 2175
3233,46, 2139
3234,87, 2000
3235,124, 1761
3236,156, 1555
3237,196, 1399
3238,189, 1004
3239,205, 703
3240,232, 295
3241,291, 3
3242,299, 0
3243,262, 0
3244,220, 0
3245,193, 0
3246,164, 0
3247,131, 0
3248,94, 0
3249,70, 0
3250,57, 0
3251,76, 0
3252,86, 0
3253,97, 0
3254,112, 0
3255,121, 0
3256,108, 0
3257,104, 0
3258,113, 0
3259,108, 0
3260,101, 0
3261,96, 0
3262,94, 0
3263,92, 0
3264,85, 0
3265,88, 0
3266,87, 13
3267,92, 48
3268,95, 106
3269,94, 102
3270,102, 125
3271,80, 76
3272,76, 74
3273,73, 119
3274,77, 130
3275,102, 202
3276,108, 236
3277,115, 315
3278,102, 345
3279,96, 256
3280,94, 270
3281,127, 241
3282,165, 81
3283,173, 2
3284,164, 0
3285,150, 0
3286,110, 0
3287,101, 0
3288,73, 0
3289,63, 0
3290,81, 0
3291,103, 0
3292,118, 0
3293,134, 0
3294,157, 0
3295,177, 0
3296,205, 0
3297,228, 0
3298,256, 0
3299,261, 0
3300,241, 0
3301,204, 0
3302,183, 0
3303,182, 0
3304,200, 0
3305,201, 0
3306,196, 0
3307,177, 0
3308,153, 0
3309,134, 0
3310,121, 0
3311,117, 0
3312,137, 0
3313,147, 0
3314,152, 14
3315,153, 110
3316,148, 324
3317,121, 568
3318,95, 1004
3319,84, 1409
3320,68, 1904
3321,67, 2053
3322,62, 1725
3323,95, 1388
3324,144, 1166
3325,200, 932
3326,176, 750
3327,148, 606
3328,95, 504
3329,68, 419
3330,42, 221
3331,32, 102
3332,31, 5
3333,57, 0
3334,101, 0
3335,121, 2
3336,138, 0
3337,123, 0
3338,121, 0
3339,156, 0
3340,185, 0
3341,214, 0
3342,235, 0
3343,238, 0
3344,232, 0
3345,212, 0
3346,195, 0
3347,170, 41
3348,127, 216
3349,120, 435
3350,119, 475
3351,135, 396
3352,164, 529
3353,223, 660
3354,239, 594
3355,271, 524
3356,244, 665
3357,214, 529
3358,191, 278
3359,164, 40
3360,175, 0
3361,175, 0
3362,151, 0
3363,135, 0
3364,138, 0
3365,139, 0
3366,145, 0
3367,163, 0
3368,179, 0
3369,171, 0
3370,152, 0
3371,102, 0
3372,63, 0
3373,45, 0
3374,31, 0
3375,23, 0
3376,22, 0
3377,25, 0
3378,28, 0
3379,50, 0
3380,43, 0
3381,44, 0
3382,23, 0
3383,6, 0
3384,5, 0
3385,9, 0
3386,32, 123
3387,51, 374
3388,48, 526
3389,23, 603
3390,12, 558
3391,25, 588
3392,76, 619
3393,127, 734
3394,170, 777
3395,198, 844
3396,195, 697
3397,203, 674
3398,183, 588
3399,183, 481
3400,191, 385
3401,205, 174
3402,213, 105
3403,233, 9
3404,263, 0
3405,267, 0
3406,265, 0
3407,244, 0
3408,203, 0
3409,163, 0
3410,129, 0
3411,94, 0
3412,93, 0
3413,132, 0
3414,199, 0
3415,257, 0
3416,298, 0
3417,296, 0
3418,272, 0
3419,232, 0
3420,176, 0
3421,149, 0
3422,109, 0
3423,95, 0
3424,103, 0
3425,125, 4
3426,154, 142
3427,168, 220
3428,191, 121
3429,207, 122
3430,207, 287
3431,177, 300
3432,144, 102
3433,128, 1
3434,95, 0
3435,70, 1
3436,12, 19
3437,44, 88
3438,67, 38
3439,52, 10
3440,2, 15
3441,44, 11
3442,106, 14
3443,133, 12
3444,143, 5
3445,124, 7
3446,121, 100
3447,94, 116
3448,62, 51
3449,52, 0
3450,58, 0
3451,73, 0
3452,92, 0
3453,124, 0
3454,132, 0
3455,140, 0
3456,141, 0
3457,140, 0
3458,149, 0
3459,180, 0
3460,215, 81
3461,260, 235
3462,283, 338
3463,269, 309
3464,241, 214
3465,188, 75
3466,154, 2
3467,127, 0
3468,108, 0
3469,89, 0
3470,95, 0
3471,94, 0
3472,113, 0
3473,145, 0
3474,172, 0
3475,166, 0
3476,155, 0
3477,148, 0
3478,139, 0
3479,148, 0
3480,148, 0
3481,133, 0
3482,122, 0
3483,109, 0
3484,109, 155
3485,103, 438
3486,90, 860
3487,92, 1169
3488,100, 1138
3489,89, 1173
3490,88, 1198
3491,75, 1089
3492,52, 953
3493,42, 616
3494,55, 417
3495,100, 170
3496,126, 18
3497,134, 0
3498,145, 41
3499,163, 34
3500,183, 104
3501,192, 121
3502,164, 57
3503,110, 51
3504,56, 87
3505,21, 35
3506,35, 0
3507,40, 0
3508,90, 0
3509,87, 0
3510,127, 0
3511,156, 0
3512,229, 0
3513,249, 0
3514,234, 0
3515,196, 0
3516,158, 0
3517,154, 0
3518,161, 0
3519,187, 0
3520,214, 0
3521,212, 0
3522,184, 0
3523,170, 3
3524,143, 45
3525,115, 78
3526,107, 3
3527,109, 0
3528,95, 4
3529,107, 4
3530,121, 0
3531,153, 0
3532,193, 0
3533,230, 0
3534,249, 0
3535,238, 0
3536,217, 0
3537,201, 0
3538,167, 0
3539,127, 0
3540,89, 0
3541,61, 0
3542,32, 0
3543,10, 0
3544,8, 0
3545,32, 0
3546,73, 0
3547,101, 0
3548,112, 0
3549,127, 0
3550,115, 1
3551,116, 188
3552,112, 415
3553,117, 527
3554,95, 547
3555,113, 379
3556,143, 277
3557,166, 67
3558,166, 0
3559,164, 0
3560,150, 0
3561,150, 0
3562,157, 0
3563,139, 0
3564,107, 0
3565,69, 0
3566,58, 43
3567,79, 74
3568,112, 0
3569,133, 0
3570,184, 0
3571,224, 0
3572,215, 0
3573,227, 0
3574,176, 0
3575,115, 0
3576,58, 0
3577,39, 0
3578,63, 0
3579,115, 0
3580,170, 0
3581,226, 0
3582,219, 0
3583,199, 113
3584,158, 227
3585,145, 306
3586,108, 139
3587,92, 35
3588,95, 0
3589,109, 3
3590,122, 0
3591,108, 0
3592,86, 0
3593,83, 0
3594,95, 0
3595,136, 0
3596,175, 0
3597,189, 0
3598,192, 0
3599,183, 0
3600,179, 0
3601,172, 0
3602,153, 0
3603,101, 0
3604,68, 0
3605,31, 0
3606,19, 0
3607,12, 2
3608,27, 0
3609,53, 0
3610,106, 0
3611,131, 0
3612,151, 0
3613,168, 0
3614,182, 0
3615,152, 0
3616,192, 0
3617,192, 44
3618,199, 55
3619,203, 61
3620,202, 70
3621,170, 43
3622,142, 18
3623,123, 10
3624,104, 2
3625,70, 0
3626,72, 0
3627,76, 0
3628,87, 0
3629,120, 0
3630,136, 0
3631,151, 0
3632,167, 0
3633,192, 0
3634,217, 0
3635,217, 0
3636,199, 0
3637,214, 0
3638,232, 0
3639,240, 0
3640,214, 0
3641,170, 0
3642,109, 0
3643,52, 0
3644,13, 0
3645,17, 6
3646,67, 141
3647,92, 270
3648,121, 321
3649,142, 283
3650,122, 103
3651,131, 0
3652,143, 0
3653,175, 0
3654,201, 0
3655,223, 0
3656,247, 0
3657,244, 0
3658,241, 0
3659,214, 0
3660,183, 0
3661,87, 0
3662,15, 0
3663,0, 0
3664,0, 0
3665,4, 0
3666,34, 0
3667,56, 0
3668,70, 0
3669,83, 0
3670,117, 0
3671,185, 0
3672,208, 0
3673,198, 6
3674,150, 141
3675,89, 382
3676,56, 394
3677,42, 348
3678,79, 278
3679,108, 89
3680,147, 0
3681,165, 0
3682,173, 0
3683,157, 0
3684,118, 0
3685,93, 1
3686,81, 6
3687,81, 45
3688,83, 64
3689,89, 2
3690,112, 0
3691,118, 0
3692,131, 0
3693,164, 0
3694,170, 0
3695,170, 0
3696,164, 0
3697,134, 0
3698,123, 0
3699,127, 0
3700,132, 0
3701,125, 0
3702,112, 0
3703,112, 0
3704,132, 70
3705,143, 330
3706,148, 562
3707,130, 722
3708,100, 694
3709,93, 457
3710,106, 328
3711,121, 30
3712,124, 0
3713,131, 0
3714,139, 0
3715,137, 0
3716,143, 0
3717,165, 0
3718,181, 0
3719,186, 0
3720,179, 0
3721,169, 0
3722,161, 0
3723,182, 0
3724,183, 0
3725,176, 0
3726,164, 7
3727,158, 6
3728,155, 0
3729,135, 0
3730,139, 0
3731,133, 7
3732,127, 0
3733,121, 0
3734,102, 0
3735,100, 0
3736,106, 0
3737,91, 0
3738,94, 0
3739,84, 70
3740,74, 117
3741,64, 133
3742,59, 67
3743,72, 15
3744,92, 0
3745,121, 0
3746,156, 0
3747,168, 0
3748,196, 0
3749,189, 0
3750,173, 0
3751,157, 0
3752,152, 0
3753,131, 0
3754,104, 0
3755,109, 0
3756,108, 0
3757,119, 0
3758,110, 0
3759,122, 0
3760,127, 0
3761,132, 9
3762,164, 0
3763,201, 0
3764,246, 0
3765,298, 0
3766,281, 0
3767,257, 0
3768,201, 0
3769,106, 9
3770,21, 64
3771,0, 12
3772,0, 4
3773,0, 25
3774,32, 41
3775,78, 159
3776,119, 234
3777,143, 306
3778,156, 183
3779,145, 177
3780,145, 247
3781,154, 167
3782,161, 19
3783,165, 52
3784,158, 233
3785,154, 312
3786,142, 113
3787,133, 0
3788,143, 6
3789,144, 0
3790,148, 0
3791,141, 0
3792,155, 0
3793,170, 0
3794,176, 8
3795,179, 10
3796,159, 64
3797,137, 25
3798,124, 13
3799,135, 0
3800,109, 0
3801,116, 0
3802,126, 0
3803,136, 0
3804,145, 0
3805,141, 0
3806,108, 0
3807,69, 0
3808,56, 0
3809,46, 0
3810,77, 0
3811,111, 0
3812,136, 0
3813,130, 0
3814,130, 0
3815,135, 0
3816,112, 0
3817,102, 0
3818,91, 0
3819,121, 0
3820,181, 0
3821,238, 0
3822,274, 0
3823,266, 0
3824,193, 0
3825,79, 0
3826,9, 115
3827,0, 453
3828,4, 747
3829,8, 1059
3830,18, 1246
3831,19, 1111
3832,41, 718
3833,88, 488
3834,113, 415
3835,135, 323
3836,135, 197
3837,156, 51
3838,165, 0
3839,179, 0
3840,186, 0
3841,180, 0
3842,183, 0
3843,165, 0
3844,152, 0
3845,137, 0
3846,145, 0
3847,157, 0
3848,152, 0
3849,159, 0
3850,150, 0
3851,143, 0
3852,161, 0
3853,155, 19
3854,168, 43
3855,189, 8
3856,189, 0
3857,205, 0
3858,196, 0
3859,166, 0
3860,135, 0
3861,95, 0
3862,75, 0
3863,63, 0
3864,70, 0
3865,87, 0
3866,103, 0
3867,109, 0
3868,130, 0
3869,145, 0
3870,183, 0
3871,202, 0
3872,220, 0
3873,228, 0
3874,218, 0
3875,193, 0
3876,159, 0
3877,120, 0
3878,92, 0
3879,95, 0
3880,55, 0
3881,32, 0
3882,18, 0
3883,6, 0
3884,1, 0
3885,0, 0
3886,17, 0
3887,56, 0
3888,115, 0
3889,164, 0
3890,193, 0
3891,212, 0
3892,221, 0
3893,226, 0
3894,240, 0
3895,237, 0
3896,214, 0
3897,193, 0
3898,183, 0
3899,164, 0
3900,158, 0
3901,155, 0
3902,145, 15
3903,125, 0
3904,123, 0
3905,117, 0
3906,123, 0
3907,129, 0
3908,131, 0
3909,110, 0
3910,92, 0
3911,89, 0
3912,100, 0
3913,105, 0
3914,80, 7
3915,52, 26
3916,31, 36
3917,35, 101
3918,41, 198
3919,68, 254
3920,89, 355
3921,115, 325
3922,138, 252
3923,172, 205
3924,188, 103
3925,186, 132
3926,189, 44
3927,191, 0
3928,186, 0
3929,188, 0
3930,189, 0
3931,204, 0
3932,224, 0
3933,255, 0
3934,262, 0
3935,251, 0
3936,210, 0
3937,167, 0
3938,145, 0
3939,110, 0
3940,89, 0
3941,78, 0
3942,91, 0
3943,96, 0
3944,123, 0
3945,143, 51
3946,140, 0
3947,123, 0
3948,87, 0
3949,60, 0
3950,44, 0
3951,61, 0
3952,76, 0
3953,65, 0
3954,58, 0
3955,62, 0
3956,72, 0
3957,70, 0
3958,73, 96
3959,59, 282
3960,47, 311
3961,51, 205
3962,57, 78
3963,79, 76
3964,97, 9
3965,110, 0
3966,123, 0
3967,113, 0
3968,99, 0
3969,77, 0
3970,97, 0
3971,117, 0
3972,144, 0
3973,149, 0
3974,133, 0
3975,121, 0
3976,127, 0
3977,136, 0
3978,139, 22
3979,133, 147
3980,141, 73
3981,160, 0
3982,183, 0
3983,167, 0
3984,155, 0
3985,134, 0
3986,112, 0
3987,97, 0
3988,102, 1
3989,121, 0
3990,156, 55
3991,183, 122
3992,168, 75
3993,159, 7
3994,140, 0
3995,127, 4
3996,102, 0
3997,102, 0
3998,130, 0
3999,161, 0
4000,181, 0
4001,164, 0
4002,141, 0
4003,115, 0
4004,108, 0
4005,111, 0
4006,118, 0
4007,127, 0
4008,141, 0
4009,156, 0
4010,167, 0
4011,156, 0
4012,145, 0
4013,134, 0
4014,112, 0
4015,99, 0
4016,87, 0
4017,84, 0
4018,91, 0
4019,126, 0
4020,130, 0
4021,153, 0
4022,161, 0
4023,151, 0
4024,144, 0
4025,134, 0
4026,145, 0
4027,152, 0
4028,170, 0
4029,155, 4
4030,117, 0
4031,120, 0
4032,115, 0
4033,133, 0
4034,145, 0
4035,165, 0
4036,202, 0
4037,211, 0
4038,202, 0
4039,186, 0
4040,165, 0
4041,152, 0
4042,164, 10
4043,133, 65
4044,124, 45
4045,113, 37
4046,106, 0
4047,130, 0
4048,141, 0
4049,143, 12
4050,145, 72
4051,151, 62
4052,164, 1
4053,170, 12
4054,172, 0
4055,164, 0
4056,152, 0
4057,152, 0
4058,161, 0
4059,166, 0
4060,175, 0
4061,179, 0
4062,171, 0
4063,176, 0
4064,187, 0
4065,207, 0
4066,231, 0
4067,240, 2
4068,235, 0
4069,235, 0
4070,190, 0
4071,183, 0
4072,184, 0
4073,208, 0
4074,238, 0
4075,255, 0
4076,257, 0
4077,182, 0
4078,100, 0
4079,12, 0
4080,39, 73
4081,106, 391
4082,93, 468
4083,38, 372
4084,6, 127
4085,73, 70
4086,115, 147
4087,132, 300
4088,139, 310
4089,109, 297
4090,51, 409
4091,1, 427
4092,0, 557
4093,14, 524
4094,57, 516
4095,80, 541
4096,89, 451
4097,67, 340
4098,74, 196
4099,102, 180
4100,128, 159
4101,138, 91
4102,139, 70
4103,144, 20
4104,145, 0
4105,145, 0
4106,137, 22
4107,134, 0
4108,124, 22
4109,125, 0
4110,133, 0
4111,138, 0
4112,136, 0
4113,127, 0
4114,116, 0
4115,110, 0
4116,118, 0
4117,128, 0
4118,136, 0
4119,131, 0
4120,139, 0
4121,120, 108
4122,88, 147
4123,83, 89
4124,92, 41
4125,151, 95
4126,164, 52
4127,172, 14
4128,158, 0
4129,138, 0
4130,125, 0
4131,119, 0
4132,122, 0
4133,151, 0
4134,170, 0
4135,202, 0
4136,207, 0
4137,214, 0
4138,176, 0
4139,152, 0
4140,145, 0
4141,140, 0
4142,144, 0
4143,159, 0
4144,179, 0
4145,181, 0
4146,159, 0
4147,130, 0
4148,113, 0
4149,103, 0
4150,115, 0
4151,129, 0
4152,127, 0
4153,109, 0
4154,94, 0
4155,96, 0
4156,101, 0
4157,107, 0
4158,121, 0
4159,129, 0
4160,133, 0
4161,139, 0
4162,142, 0
4163,160, 0
4164,189, 0
4165,163, 0
4166,132, 0
4167,90, 0
4168,51, 0
4169,68, 60
4170,84, 31
4171,117, 62
4172,109, 170
4173,138, 57
4174,133, 0
4175,157, 0
4176,157, 0
4177,164, 0
4178,176, 0
4179,183, 0
4180,190, 0
4181,183, 0
4182,175, 0
4183,155, 59
4184,131, 157
4185,113, 20
4186,141, 0
4187,151, 0
4188,165, 30
4189,169, 133
4190,159, 261
4191,138, 122
4192,134, 0
4193,133, 0
4194,142, 0
4195,132, 0
4196,102, 0
4197,86, 0
4198,92, 0
4199,110, 0
4200,142, 0
4201,153, 0
4202,150, 0
4203,152, 0
4204,141, 0
4205,133, 0
4206,110, 0
4207,97, 0
4208,89, 0
4209,107, 0
4210,138, 0
4211,181, 0
4212,199, 0
4213,200, 0
4214,151, 0
4215,110, 0
4216,91, 0
4217,101, 0
4218,123, 0
4219,143, 0
4220,153, 0
4221,134, 0
4222,108, 0
4223,97, 0
4224,92, 0
4225,102, 1
4226,116, 0
4227,128, 10
4228,159, 22
4229,160, 19
4230,159, 51
4231,164, 19
4232,138, 13
4233,138, 4
4234,126, 0
4235,112, 10
4236,103, 0
4237,115, 0
4238,124, 0
4239,121, 0
4240,124, 41
4241,106, 127
4242,80, 93
4243,52, 70
4244,43, 2
4245,44, 0
4246,59, 0
4247,69, 0
4248,76, 4
4249,108, 0
4250,137, 0
4251,148, 0
4252,149, 0
4253,134, 0
4254,107, 0
4255,108, 0
4256,90, 0
4257,92, 0
4258,86, 0
4259,95, 0
4260,102, 0
4261,122, 0
4262,133, 0
4263,142, 0
4264,158, 0
4265,164, 0
4266,176, 0
4267,181, 0
4268,186, 0
4269,186, 0
4270,176, 0
4271,163, 0
4272,148, 0
4273,151, 0
4274,150, 0
4275,139, 0
4276,142, 0
4277,144, 0
4278,139, 0
4279,145, 0
4280,150, 0
4281,148, 0
4282,153, 0
4283,140, 4
4284,121, 0
4285,118, 9
4286,125, 12
4287,133, 31
4288,144, 51
4289,152, 47
4290,158, 10
4291,169, 14
4292,191, 0
4293,189, 0
4294,174, 0
4295,152, 0
4296,131, 0
4297,121, 0
4298,129, 0
4299,134, 0
4300,134, 0
4301,143, 0
4302,143, 0
4303,144, 0
4304,145, 0
4305,139, 0
4306,139, 0
4307,135, 0
4308,111, 0
4309,113, 0
4310,115, 0
4311,124, 0
4312,127, 0
4313,134, 0
4314,150, 0
4315,156, 0
4316,163, 0
4317,155, 0
4318,137, 0
4319,129, 0
4320,122, 0
4321,151, 0
4322,180, 0
4323,190, 0
4324,164, 0
4325,173, 0
4326,159, 0
4327,150, 0
4328,131, 0
4329,112, 0
4330,105, 0
4331,126, 0
4332,135, 0
4333,143, 0
4334,143, 0
4335,127, 0
4336,117, 0
4337,102, 0
4338,97, 0
4339,89, 0
4340,78, 0
4341,93, 0
4342,91, 0
4343,125, 0
4344,112, 0
4345,120, 0
4346,121, 0
4347,124, 0
4348,115, 0
4349,118, 0
4350,109, 0
4351,111, 0
4352,111, 25
4353,101, 0
4354,96, 0
4355,97, 0
4356,97, 0
4357,94, 0
4358,94, 0
4359,102, 0
4360,102, 0
4361,101, 0
4362,94, 0
4363,94, 0
4364,100, 0
4365,115, 0
4366,113, 0
4367,118, 0
4368,125, 0
4369,122, 0
4370,124, 0
4371,122, 0
4372,127, 0
4373,125, 0
4374,122, 0
4375,127, 0
4376,127, 0
4377,133, 0
4378,140, 0
4379,149, 0
4380,158, 0
4381,175, 0
4382,189, 0
4383,182, 0
4384,166, 0
4385,139, 0
4386,120, 0
4387,119, 0
4388,127, 0
4389,145, 0
4390,152, 0
4391,159, 0
4392,175, 0
4393,197, 0
4394,199, 0
4395,204, 0
4396,186, 0
4397,170, 0
4398,164, 0
4399,159, 0
4400,142, 0
4401,152, 0
4402,149, 0
4403,123, 0
4404,116, 0
4405,94, 0
4406,102, 36
4407,103, 71
4408,115, 78
4409,115, 94
4410,115, 45
4411,105, 12
4412,95, 0
4413,83, 0
4414,77, 0
4415,83, 0
4416,88, 19
4417,106, 137
4418,109, 219
4419,119, 271
4420,158, 186
4421,123, 42
4422,144, 0
4423,159, 0
4424,149, 0
4425,136, 0
4426,99, 0
4427,72, 0
4428,55, 0
4429,65, 0
4430,97, 0
4431,106, 0
4432,134, 0
4433,150, 0
4434,154, 0
4435,144, 0
4436,125, 0
4437,100, 0
4438,110, 0
4439,112, 0
4440,117, 0
4441,134, 0
4442,135, 0
4443,143, 0
4444,150, 0
4445,155, 0
4446,163, 0
4447,153, 0
4448,160, 0
4449,177, 0
4450,155, 0
4451,153, 0
4452,152, 0
4453,159, 0
4454,149, 0
4455,160, 0
4456,171, 0
4457,165, 0
4458,184, 0
4459,164, 0
4460,149, 0
4461,131, 0
4462,139, 0
4463,152, 0
4464,147, 0
4465,139, 0
4466,133, 0
4467,121, 0
4468,128, 0
4469,133, 0
4470,140, 0
4471,135, 13
4472,133, 3
4473,127, 0
4474,121, 26
4475,118, 7
4476,115, 0
4477,102, 0
4478,122, 0
4479,127, 0
4480,133, 0
4481,132, 0
4482,127, 0
4483,126, 0
4484,121, 0
4485,112, 0
4486,121, 0
4487,115, 0
4488,102, 0
4489,102, 0
4490,95, 0
4491,126, 0
4492,115, 0
4493,119, 0
4494,116, 0
4495,107, 0
4496,93, 0
4497,88, 0
4498,92, 0
4499,95, 0
4500,92, 0
4501,89, 0
4502,89, 0
4503,113, 0
4504,93, 0
4505,99, 0
4506,100, 0
4507,106, 0
4508,102, 0
4509,96, 0
4510,120, 0
4511,91, 0
4512,88, 0
4513,104, 0
4514,106, 0
4515,90, 0
4516,121, 0
4517,127, 0
4518,123, 0
4519,103, 0
4520,113, 0
4521,130, 0
4522,137, 0
4523,179, 0
4524,182, 0
4525,185, 0
4526,200, 0
4527,203, 0
4528,204, 0
4529,204, 0
4530,200, 0
4531,212, 0
4532,202, 0
4533,204, 0
4534,202, 0
4535,198, 15
4536,193, 19
4537,188, 0
4538,199, 12
4539,198, 0
4540,204, 0
4541,207, 0
4542,220, 0
4543,204, 0
4544,202, 0
4545,196, 0
4546,177, 0
4547,174, 0
4548,167, 0
4549,154, 0
4550,163, 0
4551,154, 0
4552,141, 0
4553,119, 0
4554,111, 0
4555,102, 0
4556,83, 0
4557,95, 0
4558,96, 0
4559,101, 0
4560,118, 0
4561,122, 0
4562,127, 0
4563,130, 0
4564,119, 0
4565,110, 0
4566,106, 0
4567,103, 0
4568,83, 0
4569,102, 0
4570,110, 0
4571,123, 0
4572,138, 0
4573,120, 0
4574,115, 0
4575,113, 0
4576,88, 0
4577,102, 0
4578,104, 0
4579,90, 0
4580,70, 0
4581,61, 0
4582,51, 0
4583,51, 0
4584,64, 0
4585,92, 0
4586,101, 0
4587,125, 0
4588,108, 0
4589,103, 0
4590,94, 0
4591,92, 0
4592,109, 0
4593,89, 7
4594,97, 8
4595,108, 20
4596,102, 71
4597,112, 27
4598,116, 0
4599,124, 1
4600,134, 0
4601,115, 0
4602,113, 0
4603,107, 0
4604,116, 0
4605,127, 0
4606,121, 0
4607,105, 0
4608,108, 0
4609,125, 0
4610,119, 0
4611,108, 0
4612,102, 0
4613,102, 0
4614,112, 0
4615,122, 0
4616,134, 0
4617,140, 0
4618,159, 0
4619,141, 0
4620,174, 0
4621,180, 0
4622,186, 0
4623,203, 0
4624,196, 0
4625,202, 0
4626,184, 0
4627,163, 0
4628,149, 0
4629,128, 0
4630,141, 0
4631,149, 0
4632,159, 0
4633,164, 0
4634,160, 0
4635,163, 0
4636,155, 0
4637,123, 0
4638,125, 0
4639,115, 0
4640,86, 0
4641,83, 0
4642,87, 0
4643,102, 0
4644,126, 0
4645,158, 0
4646,153, 0
4647,152, 0
4648,156, 0
4649,159, 0
4650,158, 0
4651,155, 0
4652,147, 0
4653,145, 0
4654,136, 0
4655,122, 0
4656,116, 0
4657,103, 19
4658,105, 0
4659,99, 0
4660,100, 0
4661,123, 0
4662,100, 0
4663,108, 0
4664,108, 0
4665,106, 0
4666,118, 0
4667,121, 0
4668,118, 0
4669,116, 0
4670,113, 0
4671,93, 0
4672,88, 0
4673,106, 0
4674,109, 0
4675,112, 0
4676,126, 0
4677,129, 0
4678,128, 0
4679,131, 0
4680,119, 0
4681,139, 0
4682,136, 0
4683,133, 0
4684,137, 0
4685,139, 0
4686,141, 0
4687,143, 0
4688,147, 0
4689,152, 0
4690,142, 0
4691,148, 0
4692,149, 0
4693,147, 0
4694,150, 0
4695,148, 0
4696,145, 0
4697,151, 0
4698,140, 0
4699,140, 0
4700,144, 0
4701,121, 0
4702,128, 0
4703,125, 0
4704,117, 0
4705,121, 0
4706,131, 0
4707,135, 0
4708,137, 0
4709,143, 0
4710,136, 0
4711,139, 0
4712,140, 0
4713,138, 0
4714,141, 0
4715,151, 0
4716,150, 5
4717,145, 0
4718,142, 28
4719,136, 0
4720,132, 0
4721,131, 1
4722,133, 0
4723,102, 0
4724,96, 0
4725,99, 0
4726,105, 0
4727,113, 0
4728,108, 0
4729,97, 0
4730,96, 0
4731,95, 0
4732,95, 0
4733,102, 0
4734,84, 0
4735,81, 0
4736,88, 0
4737,89, 0
4738,107, 0
4739,108, 0
4740,123, 0
4741,123, 0
4742,131, 0
4743,141, 0
4744,139, 0
4745,152, 0
4746,158, 0
4747,166, 0
4748,170, 0
4749,176, 0
4750,173, 0
4751,176, 0
4752,170, 0
4753,176, 0
4754,169, 0
4755,173, 0
4756,174, 0
4757,163, 0
4758,159, 0
4759,149, 0
4760,139, 0
4761,127, 0
4762,106, 0
4763,97, 0
4764,94, 0
4765,99, 0
4766,110, 0
4767,121, 0
4768,137, 0
4769,141, 0
4770,148, 0
4771,143, 0
4772,144, 0
4773,143, 0
4774,137, 1
4775,138, 0
4776,139, 0
4777,149, 5
4778,145, 0
4779,145, 5
4780,153, 0
4781,152, 0
4782,153, 1
4783,137, 0
4784,149, 0
4785,153, 0
4786,147, 0
4787,133, 0
4788,147, 0
4789,142, 0
4790,128, 0
4791,127, 0
4792,125, 0
4793,129, 0
4794,115, 0
4795,121, 0
4796,120, 0
4797,130, 0
4798,144, 0
4799,151, 0
4800,157, 0
4801,173, 0
4802,175, 0
4803,185, 0
4804,185, 0
4805,179, 0
4806,189, 0
4807,184, 0
4808,195, 0
4809,166, 0
4810,164, 0
4811,159, 0
4812,175, 0
4813,167, 0
4814,159, 0
4815,170, 0
4816,183, 0
4817,188, 0
4818,183, 0
4819,165, 0
4820,149, 0
4821,137, 0
4822,121, 4
4823,108, 0
4824,92, 0
4825,89, 0
4826,81, 0
4827,61, 0
4828,53, 0
4829,40, 0
4830,31, 0
4831,28, 0
4832,23, 0
4833,12, 0
4834,14, 0
4835,29, 0
4836,45, 0
4837,70, 0
4838,74, 3
4839,85, 0
4840,89, 11
4841,95, 0
4842,101, 0
4843,103, 2
4844,118, 0
4845,105, 6
4846,111, 0
4847,115, 0
4848,122, 0
4849,125, 0
4850,117, 0
4851,109, 0
4852,117, 0
4853,117, 0
4854,103, 0
4855,99, 0
4856,90, 0
4857,86, 0
4858,106, 0
4859,148, 0
4860,182, 0
4861,197, 0
4862,197, 0
4863,191, 0
4864,185, 0
4865,183, 0
4866,164, 0
4867,152, 0
4868,123, 0
4869,121, 0
4870,92, 0
4871,81, 0
4872,72, 0
4873,70, 0
4874,70, 0
4875,103, 0
4876,143, 0
4877,183, 0
4878,215, 0
4879,239, 0
4880,259, 0
4881,257, 0
4882,265, 0
4883,268, 0
4884,258, 0
4885,249, 0
4886,238, 0
4887,226, 0
4888,204, 0
4889,185, 0
4890,167, 0
4891,141, 0
4892,127, 0
4893,119, 1
4894,106, 0
4895,83, 0
4896,75, 0
4897,21, 0
4898,0, 6
4899,3, 0
4900,25, 3
4901,38, 11
4902,38, 0
4903,50, 0
4904,25, 5
4905,9, 0
4906,4, 0
4907,0, 0
4908,2, 0
4909,23, 0
4910,34, 0
4911,48, 0
4912,55, 0
4913,72, 0
4914,80, 0
4915,84, 0
4916,102, 0
4917,112, 0
4918,126, 0
4919,133, 0
4920,154, 0
4921,163, 0
4922,171, 0
4923,183, 0
4924,176, 0
4925,196, 0
4926,202, 0
4927,196, 0
4928,204, 0
4929,204, 0
4930,196, 0
4931,191, 0
4932,171, 0
4933,165, 0
4934,176, 0
4935,196, 0
4936,196, 0
4937,208, 0
4938,217, 0
4939,218, 0
4940,232, 0
4941,251, 0
4942,238, 0
4943,247, 0
4944,262, 0
4945,257, 0
4946,259, 0
4947,265, 0
4948,253, 0
4949,270, 0
4950,266, 0
4951,265, 0
4952,260, 0
4953,254, 0
4954,233, 0
4955,192, 0
4956,202, 0
4957,183, 0
4958,177, 0
4959,160, 8
4960,145, 1
4961,134, 0
4962,110, 13
4963,84, 0
4964,63, 2
4965,44, 0
4966,20, 0
4967,6, 0
4968,13, 0
4969,0, 0
4970,0, 0
4971,0, 0
4972,5, 0
4973,36, 0
4974,87, 0
4975,119, 0
4976,150, 0
4977,176, 0
4978,205, 0
4979,236, 0
4980,260, 0
4981,286, 0
4982,305, 0
4983,322, 0
4984,318, 0
4985,307, 0
4986,295, 0
4987,273, 0
4988,242, 0
4989,220, 0
4990,192, 0
4991,167, 0
4992,144, 0
4993,128, 0
4994,102, 0
4995,81, 0
4996,75, 0
4997,56, 0
4998,50, 0
4999,12, 0
5000,0, 0
5001,19, 0
5002,30, 0
5003,31, 0
5004,40, 0
5005,41, 0
5006,64, 0
5007,90, 0
5008,102, 0
5009,101, 0
5010,63, 0
5011,19, 0
5012,0, 0
5013,12, 0
5014,44, 0
5015,65, 1
5016,84, 0
5017,102, 0
5018,110, 0
5019,119, 0
5020,122, 0
5021,117, 0
5022,106, 0
5023,92, 31
5024,63, 0
5025,58, 2
5026,60, 0
5027,68, 0
5028,94, 0
5029,118, 0
5030,149, 0
5031,170, 0
5032,169, 0
5033,163, 0
5034,163, 0
5035,176, 0
5036,192, 0
5037,202, 0
5038,210, 0
5039,218, 0
5040,220, 0
5041,226, 0
5042,228, 0
5043,224, 0
5044,230, 0
5045,213, 0
5046,208, 0
5047,210, 0
5048,210, 0
5049,213, 0
5050,236, 0
5051,248, 0
5052,260, 0
5053,261, 0
5054,260, 0
5055,252, 0
5056,241, 0
5057,233, 0
5058,226, 0
5059,226, 1
5060,226, 0
5061,219, 0
5062,213, 0
5063,206, 0
5064,193, 0
5065,203, 0
5066,185, 0
5067,176, 0
5068,171, 0
5069,158, 0
5070,151, 0
5071,143, 0
5072,128, 0
5073,131, 0
5074,128, 0
5075,131, 0
5076,131, 0
5077,135, 0
5078,131, 0
5079,130, 0
5080,140, 0
5081,140, 9
5082,148, 0
5083,145, 6
5084,145, 38
5085,139, 0
5086,139, 1
5087,138, 0
5088,133, 0
5089,134, 0
5090,133, 0
5091,127, 7
5092,124, 0
5093,126, 0
5094,121, 0
5095,125, 0
5096,121, 0
5097,116, 0
5098,102, 0
5099,91, 0
5100,76, 0
5101,62, 0
5102,65, 0
5103,61, 0
5104,75, 0
5105,99, 0
5106,112, 0
5107,134, 0
5108,133, 0
5109,137, 0
5110,134, 0
5111,121, 0
5112,102, 0
5113,79, 0
5114,69, 0
5115,64, 0
5116,61, 0
5117,81, 0
5118,84, 0
5119,102, 0
5120,119, 0
5121,125, 0
5122,126, 0
5123,131, 0
5124,115, 0
5125,133, 0
5126,126, 0
5127,120, 0
5128,92, 0
5129,88, 0
5130,84, 0
5131,87, 0
5132,92, 0
5133,97, 0
5134,119, 0
5135,124, 0
5136,133, 0
5137,122, 0
5138,119, 0
5139,97, 0
5140,76, 0
5141,75, 0
5142,61, 0
5143,56, 6
5144,57, 0
5145,55, 10
5146,61, 2
5147,76, 3
5148,90, 0
5149,92, 0
5150,112, 0
5151,121, 0
5152,128, 0
5153,133, 0
5154,135, 0
5155,128, 0
5156,136, 0
5157,131, 0
5158,133, 6
5159,132, 0
5160,137, 0
5161,144, 0
5162,153, 0
5163,158, 0
5164,172, 0
5165,189, 0
5166,186, 0
5167,185, 0
5168,174, 0
5169,172, 0
5170,161, 0
5171,164, 0
5172,174, 0
5173,165, 0
5174,152, 0
5175,164, 0
5176,160, 0
5177,147, 0
5178,145, 0
5179,139, 0
5180,139, 0
5181,170, 0
5182,160, 0
5183,161, 0
5184,167, 0
5185,166, 0
5186,174, 0
5187,171, 0
5188,172, 0
5189,175, 0
5190,164, 0
5191,159, 0
5192,161, 0
5193,166, 0
5194,157, 0
5195,168, 0
5196,168, 0
5197,176, 0
5198,183, 0
5199,184, 0
5200,189, 0
5201,165, 0
5202,135, 0
5203,133, 0
5204,108, 1
5205,89, 0
5206,57, 6
5207,48, 0
5208,51, 0
5209,46, 0
5210,45, 0
5211,57, 0
5212,69, 0
5213,83, 0
5214,92, 0
5215,99, 0
5216,100, 0
5217,102, 0
5218,105, 0
5219,92, 0
5220,88, 0
5221,71, 0
5222,75, 0
5223,89, 0
5224,93, 0
5225,107, 0
5226,110, 0
5227,117, 0
5228,121, 0
5229,122, 0
5230,126, 0
5231,127, 0
5232,131, 0
5233,152, 0
5234,141, 0
5235,121, 0
5236,142, 0
5237,134, 0
5238,135, 0
5239,133, 0
5240,127, 0
5241,121, 0
5242,127, 2
5243,126, 0
5244,127, 0
5245,123, 0
5246,121, 0
5247,127, 0
5248,122, 0
5249,130, 0
5250,124, 0
5251,116, 0
5252,129, 0
5253,135, 0
5254,153, 0
5255,160, 0
5256,164, 0
5257,166, 0
5258,161, 0
5259,168, 0
5260,169, 0
5261,165, 0
5262,168, 0
5263,170, 0
5264,182, 0
5265,191, 0
5266,183, 5
5267,182, 3
5268,166, 10
5269,161, 0
5270,164, 0
5271,150, 0
5272,168, 0
5273,168, 0
5274,151, 0
5275,144, 0
5276,145, 0
5277,145, 0
5278,154, 0
5279,155, 0
5280,141, 0
5281,130, 0
5282,102, 0
5283,102, 0
5284,101, 0
5285,106, 0
5286,115, 0
5287,121, 0
5288,115, 1
5289,121, 0
5290,133, 0
5291,121, 0
5292,121, 0
5293,124, 0
5294,129, 0
5295,129, 0
5296,134, 0
5297,135, 0
5298,127, 0
5299,120, 0
5300,120, 0
5301,116, 0
5302,121, 0
5303,115, 0
5304,116, 0
5305,103, 0
5306,101, 0
5307,115, 0
5308,124, 0
5309,135, 0
5310,139, 0
5311,153, 0
5312,127, 0
5313,111, 0
5314,109, 0
5315,123, 0
5316,137, 0
5317,127, 0
5318,122, 0
5319,125, 0
5320,111, 0
5321,103, 0
5322,105, 0
5323,103, 0
5324,103, 0
5325,89, 0
5326,94, 0
5327,81, 7
5328,95, 43
5329,109, 1
5330,125, 0
5331,122, 0
5332,139, 0
5333,143, 0
5334,144, 0
5335,147, 0
5336,151, 0
5337,152, 0
5338,144, 0
5339,136, 0
5340,137, 0
5341,141, 0
5342,143, 0
5343,144, 0
5344,152, 0
5345,159, 0
5346,163, 0
5347,175, 0
5348,184, 0
5349,190, 0
5350,192, 0
5351,190, 0
5352,183, 0
5353,176, 0
5354,174, 0
5355,189, 0
5356,214, 0
5357,193, 0
5358,202, 0
5359,175, 0
5360,170, 0
5361,139, 0
5362,113, 0
5363,113, 0
5364,86, 0
5365,97, 0
5366,83, 0
5367,58, 0
5368,46, 0
5369,35, 0
5370,27, 0
5371,23, 0
5372,13, 0
5373,14, 0
5374,12, 0
5375,19, 0
5376,37, 0
5377,71, 0
5378,75, 6
5379,84, 0
5380,95, 0
5381,88, 0
5382,103, 0
5383,92, 0
5384,113, 9
5385,85, 0
5386,102, 0
5387,110, 9
5388,97, 0
5389,108, 6
5390,111, 0
5391,116, 0
5392,127, 0
5393,133, 0
5394,139, 0
5395,143, 0
5396,145, 0
5397,158, 0
5398,159, 0
5399,155, 0
5400,160, 0
5401,165, 0
5402,168, 0
5403,175, 0
5404,175, 0
5405,176, 0
5406,176, 0
5407,176, 0
5408,184, 0
5409,182, 0
5410,184, 0
5411,191, 0
5412,202, 0
5413,203, 0
5414,205, 0
5415,197, 0
5416,197, 0
5417,189, 0
5418,187, 0
5419,186, 0
5420,191, 0
5421,186, 0
5422,168, 0
5423,160, 0
5424,163, 0
5425,141, 0
5426,148, 0
5427,151, 0
5428,145, 0
5429,147, 0
5430,134, 0
5431,151, 0
5432,157, 0
5433,163, 0
5434,157, 0
5435,148, 0
5436,144, 0
5437,142, 0
5438,138, 0
5439,117, 0
5440,92, 0
5441,101, 0
5442,81, 0
5443,96, 0
5444,95, 0
5445,95, 0
5446,95, 0
5447,93, 1
5448,95, 0
5449,95, 0
5450,89, 10
5451,90, 13
5452,87, 0
5453,86, 0
5454,81, 0
5455,85, 0
5456,80, 0
5457,77, 0
5458,81, 0
5459,79, 0
5460,92, 0
5461,92, 0
5462,100, 0
5463,108, 0
5464,97, 0
5465,107, 0
5466,110, 0
5467,119, 0
5468,127, 0
5469,143, 0
5470,153, 0
5471,149, 0
5472,148, 0
5473,148, 0
5474,145, 0
5475,148, 0
5476,157, 0
5477,160, 0
5478,154, 0
5479,170, 0
5480,164, 0
5481,170, 0
5482,183, 0
5483,171, 0
5484,170, 0
5485,173, 0
5486,171, 0
5487,145, 0
5488,151, 0
5489,152, 0
5490,147, 0
5491,121, 0
5492,127, 0
5493,131, 0
5494,128, 0
5495,121, 0
5496,103, 0
5497,105, 0
5498,105, 0
5499,105, 0
5500,106, 0
5501,103, 0
5502,95, 0
5503,99, 0
5504,94, 0
5505,90, 0
5506,103, 0
5507,101, 0
5508,105, 0
5509,100, 0
5510,104, 1
5511,108, 29
5512,109, 2
5513,115, 0
5514,109, 0
5515,115, 0
5516,122, 0
5517,138, 0
5518,121, 0
5519,130, 0
5520,127, 0
5521,127, 0
5522,135, 0
5523,132, 0
5524,131, 0
5525,121, 0
5526,123, 0
5527,133, 0
5528,148, 0
5529,158, 0
5530,170, 0
5531,166, 0
5532,166, 1
5533,164, 0
5534,167, 0
5535,148, 0
5536,148, 0
5537,145, 0
5538,148, 1
5539,144, 0
5540,139, 0
5541,137, 0
5542,132, 0
5543,138, 0
5544,137, 0
5545,149, 0
5546,151, 0
5547,152, 0
5548,151, 0
5549,158, 0
5550,152, 0
5551,158, 0
5552,136, 0
5553,167, 0
5554,149, 0
5555,156, 0
5556,131, 0
5557,126, 0
5558,119, 0
5559,109, 0
5560,124, 0
5561,117, 0
5562,109, 0
5563,116, 0
5564,124, 0
5565,121, 0
5566,121, 0
5567,128, 0
5568,139, 0
5569,134, 7
5570,139, 3
5571,133, 7
5572,126, 0
5573,122, 14
5574,125, 0
5575,119, 0
5576,111, 0
5577,122, 0
5578,112, 0
5579,112, 0
5580,116, 0
5581,96, 0
5582,94, 0
5583,102, 0
5584,103, 0
5585,102, 0
5586,91, 0
5587,91, 0
5588,83, 0
5589,89, 0
5590,102, 0
5591,95, 0
5592,99, 0
5593,113, 0
5594,122, 0
5595,129, 0
5596,147, 0
5597,158, 0
5598,176, 0
5599,176, 0
5600,176, 0
5601,177, 0
5602,184, 0
5603,202, 0
5604,211, 0
5605,238, 0
5606,252, 0
5607,267, 0
5608,267, 0
5609,244, 2
5610,215, 0
5611,196, 0
5612,171, 0
5613,147, 0
5614,123, 0
5615,103, 0
5616,83, 0
5617,78, 0
5618,81, 0
5619,90, 0
5620,87, 0
5621,89, 0
5622,77, 0
5623,64, 0
5624,77, 0
5625,79, 2
5626,91, 0
5627,111, 0
5628,111, 0
5629,124, 0
5630,118, 1
5631,127, 0
5632,118, 3
5633,101, 35
5634,112, 10
5635,92, 0
5636,91, 0
5637,84, 0
5638,89, 0
5639,70, 0
5640,89, 0
5641,78, 0
5642,87, 0
5643,100, 0
5644,94, 0
5645,95, 0
5646,94, 0
5647,89, 0
5648,89, 0
5649,97, 0
5650,105, 0
5651,108, 0
5652,127, 0
5653,150, 0
5654,154, 0
5655,158, 0
5656,172, 0
5657,164, 0
5658,168, 0
5659,172, 0
5660,163, 0
5661,161, 0
5662,158, 0
5663,152, 0
5664,156, 0
5665,156, 0
5666,152, 0
5667,145, 0
5668,152, 0
5669,161, 0
5670,168, 0
5671,167, 0
5672,159, 0
5673,153, 0
5674,158, 0
5675,159, 0
5676,166, 0
5677,163, 0
5678,161, 0
5679,164, 0
5680,155, 0
5681,128, 0
5682,107, 0
5683,87, 0
5684,68, 0
5685,85, 0
5686,106, 0
5687,133, 0
5688,134, 0
5689,157, 0
5690,154, 0
5691,154, 0
5692,147, 0
5693,140, 6
5694,140, 6
5695,135, 1
5696,131, 0
5697,101, 0
5698,74, 8
5699,60, 0
5700,63, 0
5701,87, 0
5702,95, 0
5703,122, 0
5704,147, 0
5705,164, 0
5706,159, 0
5707,133, 0
5708,76, 0
5709,44, 0
5710,38, 0
5711,42, 0
5712,53, 0
5713,72, 0
5714,88, 0
5715,108, 0
5716,130, 0
5717,147, 0
5718,151, 0
5719,159, 0
5720,171, 0
5721,192, 0
5722,214, 0
5723,216, 0
5724,197, 0
5725,177, 0
5726,164, 0
5727,167, 0
5728,186, 0
5729,202, 0
5730,199, 0
5731,195, 0
5732,183, 0
5733,170, 0
5734,157, 0
5735,155, 0
5736,134, 0
5737,116, 0
5738,91, 0
5739,58, 0
5740,52, 0
5741,47, 0
5742,47, 0
5743,51, 0
5744,55, 0
5745,42, 0
5746,51, 0
5747,81, 0
5748,116, 0
5749,151, 0
5750,180, 0
5751,207, 0
5752,228, 0
5753,242, 0
5754,238, 0
5755,229, 2
5756,214, 6
5757,210, 2
5758,205, 0
5759,234, 0
5760,227, 0
5761,211, 0
5762,192, 0
5763,179, 0
5764,154, 0
5765,139, 0
5766,128, 0
5767,133, 0
5768,132, 0
5769,127, 0
5770,110, 0
5771,104, 0
5772,87, 0
5773,87, 0
5774,88, 0
5775,109, 0
5776,125, 0
5777,154, 0
5778,159, 0
5779,151, 0
5780,143, 0
5781,133, 1
5782,134, 0
5783,121, 0
5784,95, 0
5785,94, 0
5786,83, 0
5787,65, 0
5788,70, 0
5789,71, 0
5790,97, 0
5791,123, 0
5792,154, 0
5793,175, 0
5794,182, 0
5795,224, 0
5796,255, 0
5797,271, 0
5798,263, 0
5799,246, 0
5800,248, 0
5801,260, 0
5802,265, 0
5803,234, 0
5804,215, 0
5805,171, 0
5806,159, 0
5807,163, 6
5808,185, 0
5809,203, 0
5810,220, 0
5811,201, 0
5812,158, 0
5813,89, 0
5814,21, 0
5815,19, 0
5816,70, 22
5817,91, 0
5818,62, 0
5819,6, 0
5820,13, 0
5821,32, 0
5822,47, 0
5823,78, 0
5824,126, 0
5825,188, 0
5826,266, 0
5827,300, 0
5828,319, 0
5829,269, 0
5830,229, 0
5831,202, 0
5832,175, 0
5833,140, 0
5834,113, 0
5835,130, 0
5836,185, 0
5837,255, 0
5838,306, 0
5839,348, 0
5840,357, 0
5841,330, 0
5842,283, 0
5843,238, 0
5844,204, 0
5845,155, 0
5846,144, 0
5847,171, 0
5848,227, 0
5849,282, 0
5850,330, 0
5851,374, 0
5852,402, 0
5853,400, 0
5854,357, 0
5855,259, 0
5856,138, 0
5857,19, 0
5858,121, 0
5859,200, 0
5860,249, 0
5861,282, 0
5862,300, 0
5863,305, 0
5864,328, 0
5865,363, 0
5866,408, 0
5867,417, 0
5868,409, 0
5869,347, 0
5870,293, 0
5871,185, 0
5872,77, 0
5873,23, 0
5874,89, 0
5875,220, 3
5876,378, 6
5877,546, 29
5878,666, 9
5879,767, 0
5880,883, 0
5881,984, 0
5882,1037, 0
5883,1022, 0
5884,959, 0
5885,853, 0
5886,694, 0
5887,481, 0
5888,258, 0
5889,73, 0
5890,58, 0
5891,253, 0
5892,441, 0
5893,601, 0
5894,744, 0
5895,813, 0
5896,845, 0
5897,845, 0
5898,797, 0
5899,742, 0
5900,704, 0
5901,604, 0
5902,505, 0
5903,401, 0
5904,294, 0
5905,177, 0
5906,60, 0
5907,4, 0
5908,97, 0
5909,223, 0
5910,348, 0
5911,439, 0
5912,480, 0
5913,525, 0
5914,537, 0
5915,499, 0
5916,439, 0
5917,423, 0
5918,415, 0
5919,435, 0
5920,465, 0
5921,482, 0
5922,497, 0
5923,499, 0
5924,472, 0
5925,400, 0
5926,294, 0
5927,172, 0
5928,92, 0
5929,46, 0
5930,24, 0
5931,37, 0
5932,158, 0
5933,351, 0
5934,529, 0
5935,659, 0
5936,705, 3
5937,673, 12
5938,639, 24
5939,570, 2
5940,488, 3
5941,433, 0
5942,391, 7
5943,371, 0
5944,299, 0
5945,204, 0
5946,107, 0
5947,11, 0
5948,73, 0
5949,168, 0
5950,237, 0
5951,286, 0
5952,334, 0
5953,355, 0
5954,284, 0
5955,125, 0
5956,17, 0
5957,133, 0
5958,257, 0
5959,362, 0
5960,395, 0
5961,384, 0
5962,348, 0
5963,278, 0
5964,220, 0
5965,154, 6
5966,116, 0
5967,110, 0
5968,150, 0
5969,206, 0
5970,244, 0
5971,208, 0
5972,117, 0
5973,29, 0
5974,38, 0
5975,102, 0
5976,135, 0
5977,94, 0
5978,56, 0
5979,5, 0
5980,74, 0
5981,202, 0
5982,299, 0
5983,391, 0
5984,426, 0
5985,428, 0
5986,423, 0
5987,403, 0
5988,430, 0
5989,430, 0
5990,463, 0
5991,527, 0
5992,600, 0
5993,620, 0
5994,607, 0
5995,524, 0
5996,367, 0
5997,184, 11
5998,24, 11
5999,101, 76
6000,213, 39
6001,287, 8
6002,348, 7
6003,378, 10
6004,385, 0
6005,411, 0
6006,439, 0
6007,417, 0
6008,352, 0
6009,295, 0
6010,245, 0
6011,168, 0
6012,139, 0
6013,160, 0
6014,200, 0
6015,198, 0
6016,142, 0
6017,37, 0
6018,24, 0
6019,43, 0
6020,14, 0
6021,7, 0
6022,53, 0
6023,54, 0
6024,11, 0
6025,83, 0
6026,253, 0
6027,342, 0
6028,354, 0
6029,373, 0
6030,438, 0
6031,532, 0
6032,607, 0
6033,711, 0
6034,828, 0
6035,923, 0
6036,989, 0
6037,1037, 0
6038,1073, 0
6039,1108, 0
6040,1099, 0
6041,1010, 0
6042,823, 0
6043,585, 0
6044,285, 0
6045,46, 0
6046,58, 0
6047,72, 0
6048,20, 0
6049,51, 0
6050,197, 0
6051,294, 0
6052,259, 0
6053,170, 0
6054,76, 0
6055,52, 0
6056,25, 0
6057,22, 0
6058,11, 20
6059,165, 6
6060,428, 34
6061,724, 25
6062,984, 0
6063,1104, 0
6064,1162, 4
6065,1134, 0
6066,1088, 0
6067,1039, 0
6068,958, 0
6069,774, 2
6070,506, 0
6071,196, 7
6072,37, 0
6073,158, 0
6074,207, 0
6075,219, 0
6076,201, 0
6077,188, 0
6078,236, 0
6079,359, 0
6080,488, 0
6081,540, 0
6082,495, 0
6083,403, 0
6084,345, 0
6085,318, 0
6086,319, 0
6087,367, 0
6088,494, 0
6089,669, 0
6090,835, 0
6091,907, 0
6092,912, 0
6093,916, 0
6094,929, 0
6095,963, 0
6096,976, 0
6097,942, 0
6098,848, 0
6099,736, 0
6100,589, 0
6101,391, 0
6102,165, 0
6103,27, 0
6104,143, 0
6105,202, 0
6106,176, 0
6107,67, 0
6108,54, 0
6109,188, 0
6110,241, 0
6111,242, 0
6112,234, 0
6113,220, 0
6114,202, 0
6115,99, 1
6116,83, 0
6117,374, 0
6118,635, 0
6119,771, 0
6120,786, 0
6121,698, 15
6122,588, 0
6123,452, 0
6124,342, 0
6125,237, 0
6126,172, 0
6127,115, 0
6128,21, 0
6129,89, 0
6130,276, 0
6131,411, 0
6132,542, 0
6133,633, 0
6134,662, 0
6135,656, 0
6136,623, 0
6137,587, 0
6138,557, 0
6139,481, 0
6140,460, 0
6141,457, 0
6142,439, 0
6143,405, 0
6144,375, 0
6145,383, 0
6146,426, 0
6147,470, 0
6148,518, 0
6149,549, 0
6150,569, 0
6151,540, 0
6152,450, 0
6153,283, 0
6154,55, 0
6155,125, 0
6156,228, 0
6157,197, 0
6158,91, 0
6159,23, 0
6160,111, 0
6161,127, 0
6162,92, 0
6163,89, 0
6164,124, 0
6165,92, 0
6166,92, 0
6167,55, 0
6168,3, 7
6169,14, 0
6170,73, 0
6171,184, 0
6172,268, 0
6173,364, 0
6174,398, 0
6175,330, 0
6176,156, 0
6177,29, 0
6178,172, 0
6179,307, 0
6180,424, 3
6181,513, 0
6182,606, 12
6183,675, 0
6184,705, 0
6185,675, 0
6186,601, 0
6187,532, 0
6188,450, 0
6189,355, 0
6190,257, 0
6191,165, 0
6192,65, 0
6193,12, 0
6194,126, 0
6195,286, 0
6196,433, 0
6197,469, 0
6198,446, 0
6199,378, 0
6200,282, 0
6201,139, 0
6202,31, 0
6203,8, 0
6204,9, 0
6205,2, 0
6206,42, 0
6207,94, 0
6208,115, 0
6209,64, 0
6210,2, 0
6211,0, 0
6212,0, 0
6213,0, 0
6214,7, 0
6215,44, 0
6216,85, 0
6217,115, 0
6218,173, 0
6219,275, 0
6220,370, 0
6221,447, 0
6222,538, 0
6223,613, 0
6224,679, 0
6225,694, 0
6226,649, 0
6227,555, 0
6228,438, 0
6229,390, 0
6230,424, 0
6231,491, 0
6232,553, 0
6233,625, 0
6234,717, 0
6235,815, 0
6236,889, 0
6237,847, 0
6238,667, 0
6239,387, 0
6240,80, 0
6241,185, 0
6242,403, 0
6243,567, 12
6244,689, 3
6245,771, 0
6246,826, 2
6247,788, 0
6248,642, 0
6249,456, 0
6250,302, 0
6251,174, 0
6252,45, 0
6253,45, 0
6254,189, 0
6255,282, 0
6256,284, 0
6257,134, 0
6258,50, 0
6259,204, 0
6260,286, 0
6261,295, 0
6262,217, 0
6263,81, 0
6264,64, 1
6265,226, 0
6266,311, 0
6267,342, 0
6268,374, 0
6269,417, 1
6270,477, 0
6271,558, 0
6272,658, 0
6273,747, 0
6274,800, 0
6275,794, 0
6276,728, 0
6277,653, 0
6278,629, 0
6279,669, 0
6280,707, 0
6281,649, 0
6282,432, 0
6283,168, 0
6284,92, 0
6285,362, 0
6286,559, 0
6287,630, 0
6288,577, 0
6289,380, 0
6290,164, 0
6291,54, 0
6292,305, 0
6293,552, 0
6294,778, 0
6295,873, 0
6296,749, 0
6297,430, 0
6298,89, 0
6299,233, 0
6300,446, 0
6301,553, 0
6302,634, 0
6303,707, 0
6304,761, 26
6305,771, 5
6306,747, 0
6307,662, 7
6308,556, 0
6309,461, 0
6310,338, 0
6311,195, 0
6312,30, 0
6313,88, 0
6314,210, 0
6315,270, 0
6316,286, 0
6317,286, 0
6318,284, 0
6319,338, 0
6320,391, 0
6321,433, 0
6322,493, 0
6323,535, 0
6324,575, 0
6325,617, 0
6326,643, 0
6327,689, 0
6328,741, 0
6329,803, 0
6330,867, 0
6331,923, 0
6332,899, 0
6333,765, 0
6334,566, 0
6335,353, 0
6336,210, 0
6337,107, 0
6338,54, 0
6339,6, 0
6340,31, 0
6341,108, 0
6342,169, 0
6343,220, 0
6344,257, 0
6345,202, 0
6346,76, 4
6347,46, 0
6348,163, 0
6349,295, 0
6350,346, 0
6351,373, 0
6352,398, 0
6353,442, 0
6354,481, 0
6355,514, 0
6356,478, 0
6357,319, 0
6358,73, 0
6359,108, 0
6360,223, 0
6361,286, 0
6362,274, 5
6363,180, 0
6364,63, 1
6365,11, 6
6366,87, 2
6367,149, 1
6368,174, 0
6369,165, 2
6370,136, 0
6371,94, 0
6372,54, 0
6373,50, 0
6374,127, 0
6375,244, 0
6376,330, 0
6377,345, 0
6378,266, 0
6379,159, 0
6380,44, 0
6381,0, 0
6382,14, 0
6383,103, 0
6384,192, 0
6385,206, 0
6386,176, 0
6387,154, 0
6388,177, 0
6389,256, 0
6390,346, 0
6391,436, 0
6392,494, 0
6393,523, 0
6394,481, 0
6395,330, 0
6396,96, 0
6397,72, 0
6398,217, 0
6399,333, 0
6400,383, 0
6401,363, 0
6402,281, 0
6403,149, 0
6404,14, 0
6405,78, 0
6406,267, 0
6407,427, 4
6408,513, 0
6409,466, 0
6410,419, 0
6411,469, 0
6412,527, 0
6413,578, 0
6414,625, 0
6415,634, 0
6416,580, 0
6417,391, 0
6418,126, 0
6419,121, 0
6420,379, 0
6421,529, 0
6422,551, 0
6423,495, 0
6424,401, 18
6425,300, 7
6426,247, 28
6427,223, 13
6428,260, 7
6429,263, 4
6430,238, 0
6431,137, 0
6432,26, 0
6433,59, 0
6434,251, 0
6435,442, 0
6436,563, 0
6437,530, 0
6438,342, 0
6439,57, 0
6440,185, 0
6441,258, 0
6442,222, 0
6443,147, 0
6444,63, 0
6445,6, 0
6446,11, 0
6447,54, 0
6448,95, 0
6449,158, 0
6450,234, 0
6451,306, 0
6452,381, 0
6453,441, 0
6454,483, 0
6455,498, 0
6456,496, 0
6457,494, 0
6458,505, 0
6459,518, 0
6460,547, 0
6461,521, 0
6462,411, 0
6463,293, 0
6464,261, 0
6465,314, 0
6466,420, 0
6467,483, 0
6468,519, 0
6469,527, 0
6470,524, 0
6471,533, 0
6472,539, 0
6473,517, 0
6474,438, 0
6475,287, 0
6476,204, 0
6477,148, 0
6478,110, 0
6479,84, 0
6480,76, 0
6481,101, 0
6482,124, 0
6483,129, 0
6484,88, 0
6485,18, 6
6486,151, 0
6487,370, 9
6488,627, 0
6489,751, 0
6490,715, 4
6491,578, 0
6492,400, 0
6493,185, 0
6494,28, 0
6495,171, 0
6496,326, 0
6497,484, 0
6498,617, 0
6499,676, 0
6500,645, 0
6501,607, 0
6502,529, 0
6503,409, 0
6504,213, 0
6505,68, 0
6506,285, 0
6507,404, 0
6508,398, 0
6509,345, 0
6510,270, 0
6511,196, 0
6512,151, 0
6513,174, 0
6514,224, 0
6515,226, 0
6516,108, 0
6517,32, 0
6518,228, 0
6519,409, 0
6520,536, 0
6521,594, 0
6522,577, 0
6523,592, 0
6524,596, 0
6525,569, 0
6526,495, 0
6527,343, 0
6528,175, 0
6529,52, 0
6530,0, 0
6531,2, 0
6532,41, 0
6533,124, 0
6534,147, 0
6535,118, 0
6536,105, 0
6537,93, 0
6538,44, 0
6539,7, 0
6540,15, 1
6541,94, 0
6542,189, 0
6543,248, 0
6544,249, 3
6545,177, 0
6546,46, 8
6547,65, 3
6548,202, 20
6549,319, 0
6550,402, 0
6551,460, 0
6552,494, 0
6553,517, 0
6554,564, 0
6555,632, 0
6556,721, 0
6557,806, 0
6558,822, 0
6559,755, 0
6560,622, 0
6561,432, 0
6562,260, 0
6563,68, 0
6564,13, 0
6565,71, 0
6566,102, 0
6567,126, 0
6568,102, 0
6569,70, 1
6570,50, 0
6571,35, 0
6572,56, 0
6573,110, 0
6574,166, 0
6575,170, 0
6576,118, 0
6577,26, 0
6578,25, 0
6579,101, 0
6580,166, 0
6581,204, 0
6582,231, 0
6583,190, 0
6584,160, 0
6585,167, 0
6586,196, 0
6587,207, 0
6588,186, 0
6589,115, 0
6590,39, 0
6591,14, 0
6592,115, 0
6593,208, 0
6594,254, 0
6595,185, 0
6596,126, 0
6597,52, 0
6598,14, 0
6599,1, 0
6600,69, 0
6601,193, 1
6602,327, 0
6603,415, 0
6604,420, 0
6605,389, 1
6606,339, 6
6607,321, 0
6608,327, 0
6609,415, 5
6610,502, 0
6611,553, 0
6612,543, 0
6613,465, 0
6614,374, 0
6615,298, 0
6616,265, 0
6617,235, 0
6618,169, 0
6619,62, 0
6620,19, 0
6621,125, 0
6622,196, 0
6623,215, 0
6624,185, 0
6625,115, 0
6626,23, 0
6627,31, 0
6628,117, 0
6629,159, 0
6630,183, 0
6631,222, 0
6632,292, 0
6633,306, 0
6634,306, 0
6635,286, 0
6636,274, 0
6637,258, 0
6638,239, 0
6639,216, 0
6640,189, 0
6641,193, 0
6642,217, 0
6643,261, 0
6644,312, 0
6645,281, 0
6646,189, 0
6647,107, 0
6648,43, 0
6649,6, 0
6650,2, 0
6651,38, 0
6652,54, 0
6653,20, 0
6654,15, 0
6655,107, 0
6656,170, 0
6657,226, 0
6658,268, 0
6659,370, 0
6660,536, 0
6661,654, 0
6662,656, 0
6663,576, 0
6664,449, 0
6665,312, 0
6666,125, 0
6667,56, 3
6668,243, 0
6669,328, 0
6670,312, 4
6671,226, 0
6672,107, 6
6673,14, 0
6674,0, 0
6675,32, 0
6676,117, 0
6677,200, 0
6678,253, 0
6679,257, 0
6680,195, 0
6681,139, 0
6682,101, 0
6683,58, 0
6684,10, 0
6685,119, 0
6686,242, 0
6687,380, 0
6688,502, 0
6689,564, 0
6690,529, 0
6691,450, 0
6692,382, 0
6693,300, 0
6694,218, 0
6695,128, 0
6696,58, 0
6697,36, 4
6698,25, 0
6699,39, 0
6700,116, 0
6701,243, 0
6702,399, 0
6703,525, 0
6704,600, 0
6705,650, 0
6706,687, 0
6707,717, 0
6708,706, 0
6709,642, 0
6710,487, 0
6711,272, 0
6712,51, 0
6713,239, 0
6714,439, 0
6715,531, 0
6716,518, 0
6717,410, 0
6718,248, 0
6719,112, 0
6720,26, 0
6721,0, 0
6722,0, 0
6723,21, 0
6724,58, 0
6725,51, 0
6726,11, 0
6727,56, 0
6728,156, 0
6729,213, 7
6730,243, 0
6731,301, 0
6732,381, 1
6733,433, 0
6734,427, 0
6735,352, 0
6736,232, 0
6737,61, 0
6738,86, 0
6739,227, 0
6740,281, 0
6741,242, 0
6742,173, 0
6743,57, 0
6744,12, 0
6745,102, 0
6746,138, 0
6747,127, 0
6748,89, 0
6749,92, 0
6750,153, 0
6751,219, 0
6752,256, 0
6753,265, 0
6754,251, 0
6755,264, 0
6756,238, 0
6757,214, 0
6758,200, 0
6759,201, 0
6760,208, 0
6761,215, 0
6762,214, 0
6763,184, 0
6764,173, 0
6765,133, 0
6766,108, 0
6767,76, 0
6768,76, 0
6769,86, 0
6770,95, 0
6771,131, 0
6772,187, 0
6773,267, 0
6774,330, 0
6775,349, 0
6776,362, 0
6777,356, 0
6778,292, 0
6779,236, 0
6780,142, 0
6781,42, 0
6782,25, 0
6783,45, 0
6784,31, 0
6785,0, 0
6786,25, 0
6787,100, 0
6788,170, 0
6789,216, 0
6790,260, 6
6791,284, 0
6792,301, 3
6793,334, 0
6794,395, 8
6795,430, 2
6796,465, 0
6797,470, 0
6798,424, 0
6799,346, 0
6800,244, 0
6801,158, 0
6802,131, 0
6803,160, 0
6804,226, 0
6805,348, 0
6806,479, 0
6807,529, 0
6808,530, 0
6809,496, 0
6810,409, 0
6811,263, 0
6812,72, 0
6813,47, 0
6814,158, 0
6815,192, 0
6816,147, 0
6817,46, 0
6818,0, 0
6819,1, 0
6820,6, 0
6821,4, 0
6822,31, 0
6823,89, 0
6824,89, 0
6825,19, 0
6826,20, 0
6827,119, 0
6828,127, 0
6829,119, 0
6830,103, 0
6831,131, 0
6832,124, 0
6833,32, 0
6834,39, 4
6835,126, 0
6836,145, 0
6837,204, 0
6838,258, 0
6839,287, 0
6840,304, 0
6841,317, 0
6842,346, 0
6843,428, 0
6844,505, 0
6845,579, 0
6846,562, 0
6847,427, 0
6848,246, 0
6849,57, 0
6850,30, 0
6851,137, 0
6852,214, 0
6853,244, 15
6854,238, 0
6855,243, 0
6856,285, 0
6857,342, 0
6858,379, 0
6859,334, 0
6860,205, 0
6861,56, 0
6862,19, 0
6863,67, 0
6864,76, 0
6865,107, 0
6866,179, 0
6867,263, 0
6868,327, 0
6869,337, 0
6870,305, 0
6871,262, 0
6872,251, 0
6873,283, 0
6874,348, 3
6875,411, 0
6876,478, 0
6877,537, 0
6878,603, 0
6879,649, 0
6880,675, 0
6881,644, 0
6882,555, 0
6883,396, 0
6884,183, 0
6885,43, 0
6886,170, 0
6887,297, 0
6888,363, 0
6889,379, 0
6890,330, 0
6891,221, 0
6892,88, 0
6893,9, 0
6894,22, 0
6895,72, 0
6896,106, 0
6897,108, 0
6898,96, 0
6899,93, 0
6900,125, 0
6901,188, 0
6902,228, 0
6903,249, 0
6904,246, 0
6905,226, 0
6906,219, 0
6907,224, 0
6908,241, 0
6909,278, 0
6910,305, 0
6911,331, 0
6912,376, 4
6913,440, 3
6914,539, 10
6915,624, 0
6916,691, 0
6917,674, 0
6918,582, 0
6919,394, 0
6920,201, 0
6921,110, 0
6922,134, 0
6923,214, 0
6924,255, 0
6925,236, 0
6926,193, 0
6927,118, 0
6928,40, 5
6929,7, 0
6930,5, 0
6931,6, 0
6932,1, 0
6933,0, 0
6934,7, 0
6935,63, 3
6936,164, 0
6937,318, 0
6938,458, 0
6939,552, 0
6940,539, 0
6941,439, 0
6942,314, 0
6943,166, 0
6944,31, 0
6945,47, 0
6946,128, 0
6947,164, 0
6948,167, 0
6949,165, 0
6950,174, 0
6951,198, 0
6952,213, 0
6953,220, 0
6954,210, 0
6955,208, 0
6956,214, 3
6957,242, 0
6958,296, 0
6959,343, 0
6960,420, 0
6961,480, 0
6962,532, 0
6963,529, 0
6964,465, 0
6965,386, 0
6966,299, 0
6967,231, 0
6968,196, 0
6969,196, 0
6970,189, 0
6971,206, 0
6972,228, 4
6973,208, 2
6974,204, 12
6975,200, 43
6976,184, 24
6977,170, 4
6978,106, 1
6979,70, 0
6980,4, 0
6981,13, 0
6982,19, 0
6983,29, 0
6984,129, 0
6985,199, 0
6986,210, 0
6987,204, 0
6988,177, 0
6989,115, 0
6990,31, 0
6991,48, 0
6992,169, 0
6993,208, 0
6994,164, 0
6995,57, 0
6996,20, 0
6997,108, 0
6998,189, 0
6999,277, 0
7000,372, 0
7001,439, 0
7002,456, 0
7003,417, 0
7004,376, 0
7005,306, 0
7006,185, 0
7007,30, 0
7008,145, 0
7009,297, 0
7010,369, 0
7011,348, 0
7012,261, 0
7013,125, 0
7014,12, 0
7015,74, 0
7016,154, 0
7017,191, 0
7018,229, 0
7019,282, 0
7020,344, 0
7021,409, 0
7022,464, 0
7023,469, 0
7024,453, 0
7025,432, 0
7026,409, 0
7027,365, 0
7028,306, 3
7029,230, 0
7030,138, 0
7031,31, 0
7032,6, 0
7033,51, 0
7034,58, 5
7035,25, 0
7036,8, 0
7037,72, 0
7038,110, 0
7039,90, 0
7040,20, 0
7041,3, 0
7042,14, 0
7043,55, 0
7044,88, 0
7045,92, 0
7046,96, 0
7047,90, 0
7048,50, 0
7049,2, 0
7050,6, 0
7051,10, 0
7052,12, 0
7053,28, 0
7054,57, 0
7055,99, 0
7056,147, 0
7057,187, 0
7058,220, 0
7059,248, 0
7060,263, 0
7061,269, 0
7062,300, 0
7063,346, 0
7064,394, 0
7065,419, 0
7066,393, 0
7067,319, 0
7068,191, 0
7069,54, 0
7070,11, 0
7071,48, 0
7072,34, 0
7073,15, 0
7074,7, 0
7075,14, 0
7076,23, 0
7077,11, 0
7078,12, 0
7079,115, 0
7080,261, 0
7081,373, 0
7082,447, 0
7083,494, 0
7084,506, 0
7085,521, 0
7086,524, 0
7087,522, 0
7088,477, 0
7089,381, 0
7090,222, 0
7091,70, 0
7092,26, 0
7093,57, 0
7094,140, 0
7095,170, 0
7096,183, 0
7097,170, 0
7098,160, 0
7099,154, 0
7100,189, 0
7101,204, 0
7102,244, 0
7103,266, 0
7104,279, 0
7105,306, 0
7106,364, 0
7107,401, 0
7108,415, 0
7109,400, 0
7110,373, 0
7111,379, 0
7112,420, 0
7113,464, 0
7114,452, 0
7115,382, 0
7116,311, 0
7117,220, 0
7118,89, 0
7119,50, 0
7120,218, 0
7121,326, 0
7122,368, 0
7123,373, 0
7124,351, 0
7125,266, 0
7126,133, 0
7127,18, 0
7128,113, 0
7129,214, 0
7130,271, 0
7131,360, 0
7132,409, 0
7133,441, 0
7134,447, 0
7135,415, 0
7136,348, 0
7137,271, 0
7138,215, 0
7139,189, 0
7140,156, 0
7141,76, 0
7142,4, 0
7143,58, 0
7144,80, 0
7145,31, 0
7146,3, 0
7147,26, 0
7148,21, 0
7149,97, 0
7150,92, 0
7151,19, 0
7152,19, 0
7153,29, 0
7154,13, 0
7155,27, 3
7156,173, 0
7157,306, 2
7158,364, 9
7159,353, 7
7160,290, 0
7161,251, 0
7162,195, 0
7163,113, 0
7164,31, 0
7165,1, 0
7166,34, 0
7167,62, 0
7168,83, 0
7169,92, 0
7170,99, 0
7171,155, 0
7172,186, 0
7173,233, 0
7174,252, 0
7175,244, 0
7176,224, 0
7177,202, 0
7178,211, 0
7179,247, 0
7180,293, 0
7181,359, 0
7182,402, 0
7183,432, 0
7184,447, 0
7185,447, 0
7186,418, 0
7187,376, 0
7188,319, 0
7189,263, 0
7190,207, 0
7191,132, 0
7192,61, 0
7193,48, 0
7194,80, 0
7195,130, 0
7196,165, 0
7197,169, 0
7198,177, 0
7199,140, 0
7200,78, 0
7201,28, 0
7202,43, 0
7203,99, 0
7204,176, 0
7205,227, 0
7206,223, 0
7207,184, 0
7208,150, 0
7209,102, 0
7210,64, 0
7211,74, 0
7212,102, 0
7213,139, 0
7214,158, 0
7215,173, 0
7216,192, 0
7217,213, 0
7218,226, 0
7219,234, 0
7220,211, 0
7221,164, 0
7222,145, 0
7223,148, 0
7224,170, 0
7225,216, 1
7226,248, 0
7227,256, 0
7228,263, 0
7229,246, 0
7230,233, 0
7231,241, 0
7232,223, 0
7233,202, 0
7234,165, 0
7235,128, 0
7236,104, 0
7237,90, 0
7238,97, 0
7239,118, 0
7240,141, 0
7241,151, 0
7242,141, 0
7243,167, 0
7244,183, 0
7245,193, 0
7246,197, 0
7247,170, 0
7248,147, 0
7249,120, 0
7250,87, 0
7251,74, 0
7252,79, 0
7253,117, 0
7254,164, 0
7255,181, 0
7256,197, 0
7257,230, 0
7258,251, 0
7259,300, 0
7260,306, 0
7261,286, 0
7262,251, 0
7263,215, 0
7264,151, 0
7265,93, 0
7266,51, 0
7267,3, 0
7268,18, 4
7269,78, 0
7270,137, 0
7271,112, 0
7272,44, 0
7273,5, 0
7274,59, 0
7275,89, 0
7276,84, 0
7277,70, 0
7278,63, 1
7279,45, 0
7280,10, 0
7281,3, 0
7282,47, 0
7283,71, 9
7284,71, 0
7285,44, 0
7286,28, 0
7287,4, 0
7288,5, 0
7289,76, 0
7290,153, 0
7291,228, 0
7292,300, 0
7293,328, 0
7294,318, 0
7295,285, 0
7296,222, 0
7297,126, 0
7298,48, 0
7299,15, 0
7300,25, 0
7301,63, 0
7302,131, 0
7303,190, 0
7304,293, 0
7305,384, 0
7306,435, 2
7307,460, 0
7308,463, 0
7309,469, 0
7310,439, 0
7311,394, 0
7312,312, 0
7313,206, 0
7314,52, 0
7315,70, 0
7316,228, 0
7317,384, 0
7318,529, 0
7319,569, 0
7320,497, 0
7321,355, 0
7322,190, 0
7323,31, 0
7324,58, 0
7325,120, 0
7326,184, 0
7327,223, 0
7328,273, 0
7329,323, 0
7330,353, 0
7331,386, 0
7332,391, 1
7333,404, 0
7334,402, 0
7335,373, 6
7336,337, 0
7337,323, 0
7338,312, 0
7339,327, 0
7340,359, 0
7341,391, 6
7342,430, 0
7343,441, 0
7344,440, 0
7345,402, 0
7346,346, 0
7347,297, 0
7348,233, 0
7349,198, 0
7350,181, 0
7351,183, 0
7352,170, 0
7353,133, 0
7354,91, 0
7355,68, 0
7356,68, 0
7357,64, 0
7358,55, 0
7359,38, 0
7360,5, 0
7361,0, 0
7362,19, 0
7363,42, 0
7364,43, 0
7365,11, 0
7366,0, 0
7367,31, 1
7368,76, 0
7369,93, 0
7370,152, 0
7371,204, 0
7372,263, 0
7373,340, 0
7374,417, 0
7375,513, 0
7376,557, 0
7377,553, 0
7378,496, 0
7379,349, 0
7380,185, 0
7381,51, 0
7382,10, 0
7383,73, 0
7384,136, 0
7385,180, 0
7386,204, 0
7387,152, 0
7388,43, 0
7389,69, 0
7390,196, 0
7391,294, 0
7392,337, 0
7393,309, 0
7394,212, 0
7395,115, 0
7396,27, 0
7397,17, 0
7398,51, 0
7399,35, 0
7400,17, 0
7401,4, 6
7402,0, 0
7403,12, 5
7404,6, 0
7405,31, 0
7406,43, 0
7407,48, 0
7408,62, 0
7409,61, 0
7410,57, 0
7411,77, 0
7412,105, 0
7413,134, 0
7414,154, 0
7415,154, 0
7416,139, 0
7417,123, 0
7418,89, 0
7419,88, 0
7420,95, 0
7421,95, 1
7422,106, 0
7423,110, 0
7424,121, 0
7425,115, 0
7426,145, 0
7427,166, 0
7428,196, 0
7429,217, 0
7430,241, 0
7431,263, 0
7432,275, 0
7433,263, 0
7434,252, 0
7435,223, 0
7436,205, 0
7437,186, 0
7438,145, 0
7439,131, 0
7440,123, 0
7441,105, 0
7442,92, 0
7443,76, 0
7444,86, 0
7445,97, 0
7446,94, 0
7447,115, 0
7448,137, 0
7449,133, 0
7450,140, 0
7451,133, 0
7452,133, 0
7453,143, 0
7454,153, 0
7455,153, 0
7456,156, 0
7457,154, 0
7458,137, 0
7459,81, 0
7460,57, 0
7461,38, 3
7462,42, 0
7463,58, 0
7464,57, 0
7465,63, 0
7466,90, 0
7467,108, 0
7468,145, 0
7469,180, 0
7470,203, 0
7471,220, 0
7472,237, 0
7473,258, 0
7474,280, 0
7475,270, 0
7476,255, 0
7477,232, 0
7478,205, 0
7479,177, 0
7480,169, 0
7481,157, 0
7482,170, 0
7483,196, 0
7484,238, 0
7485,259, 0
7486,258, 0
7487,258, 0
7488,259, 0
7489,227, 0
7490,183, 0
7491,160, 0
7492,125, 0
7493,121, 0
7494,102, 0
7495,77, 0
7496,68, 0
7497,59, 0
7498,56, 0
7499,8, 0
7500,6, 0
7501,19, 0
7502,69, 0
7503,117, 0
7504,135, 0
7505,118, 0
7506,75, 0
7507,43, 0
7508,51, 0
7509,57, 0
7510,60, 0
7511,63, 0
7512,71, 0
7513,64, 0
7514,62, 0
7515,63, 0
7516,77, 0
7517,83, 0
7518,93, 0
7519,107, 0
7520,133, 0
7521,158, 0
7522,201, 0
7523,232, 0
7524,252, 0
7525,253, 0
7526,244, 0
7527,242, 0
7528,206, 0
7529,202, 0
7530,183, 0
7531,151, 0
7532,129, 0
7533,86, 0
7534,41, 5
7535,38, 0
7536,76, 0
7537,135, 0
7538,173, 0
7539,200, 0
7540,196, 0
7541,208, 0
7542,213, 0
7543,216, 0
7544,212, 0
7545,189, 0
7546,124, 0
7547,47, 0
7548,2, 0
7549,47, 0
7550,105, 0
7551,108, 0
7552,72, 0
7553,10, 0
7554,6, 0
7555,70, 0
7556,121, 0
7557,169, 0
7558,192, 0
7559,199, 0
7560,219, 0
7561,206, 0
7562,165, 0
7563,133, 0
7564,141, 0
7565,164, 0
7566,185, 3
7567,192, 0
7568,177, 0
7569,141, 0
7570,135, 0
7571,148, 0
7572,190, 0
7573,249, 0
7574,300, 0
7575,313, 0
7576,291, 0
7577,230, 0
7578,165, 0
7579,131, 0
7580,90, 0
7581,54, 0
7582,36, 0
7583,12, 10
7584,12, 0
7585,24, 12
7586,47, 0
7587,51, 0
7588,48, 1
7589,38, 9
7590,28, 0
7591,15, 0
7592,24, 0
7593,40, 0
7594,62, 0
7595,63, 8
7596,42, 0
7597,39, 0
7598,62, 0
7599,101, 0
7600,136, 0
7601,143, 0
7602,118, 0
7603,85, 0
7604,61, 2
7605,57, 0
7606,105, 0
7607,152, 0
7608,187, 0
7609,186, 0
7610,180, 0
7611,171, 0
7612,164, 0
7613,204, 0
7614,182, 0
7615,182, 0
7616,171, 0
7617,173, 0
7618,185, 0
7619,195, 0
7620,204, 0
7621,189, 0
7622,176, 0
7623,147, 0
7624,109, 0
7625,58, 0
7626,46, 0
7627,57, 3
7628,86, 0
7629,109, 0
7630,152, 0
7631,195, 0
7632,215, 0
7633,238, 0
7634,268, 0
7635,285, 0
7636,305, 0
7637,308, 0
7638,292, 0
7639,277, 0
7640,289, 0
7641,257, 0
7642,260, 0
7643,254, 0
7644,243, 7
7645,220, 0
7646,199, 2
7647,165, 1
7648,152, 1
7649,148, 6
7650,149, 0
7651,152, 0
7652,155, 0
7653,170, 0
7654,171, 0
7655,166, 0
7656,150, 0
7657,115, 0
7658,97, 0
7659,74, 0
7660,57, 0
7661,51, 0
7662,70, 0
7663,85, 0
7664,106, 0
7665,108, 0
7666,113, 0
7667,115, 0
7668,115, 0
7669,122, 0
7670,96, 0
7671,76, 0
7672,70, 0
7673,69, 0
7674,57, 0
7675,57, 0
7676,52, 0
7677,59, 0
7678,70, 0
7679,80, 0
7680,99, 0
7681,115, 0
7682,123, 0
7683,141, 0
7684,148, 0
7685,147, 0
7686,138, 0
7687,125, 0
7688,126, 0
7689,115, 0
7690,117, 0
7691,72, 0
7692,45, 0
7693,25, 0
7694,43, 0
7695,62, 0
7696,75, 0
7697,121, 0
7698,105, 0
7699,110, 1
7700,115, 0
7701,105, 0
7702,103, 0
7703,126, 0
7704,152, 5
7705,192, 0
7706,207, 0
7707,219, 4
7708,212, 3
7709,175, 0
7710,170, 0
7711,156, 0
7712,157, 0
7713,141, 0
7714,113, 0
7715,71, 0
7716,53, 0
7717,54, 0
7718,52, 0
7719,35, 0
7720,4, 0
7721,0, 0
7722,0, 0
7723,11, 0
7724,48, 0
7725,89, 0
7726,101, 0
7727,99, 0
7728,89, 0
7729,77, 0
7730,96, 0
7731,135, 0
7732,163, 0
7733,189, 0
7734,196, 0
7735,180, 0
7736,150, 0
7737,89, 0
7738,57, 0
7739,40, 0
7740,72, 0
7741,92, 0
7742,121, 0
7743,145, 0
7744,163, 0
7745,175, 0
7746,167, 0
7747,183, 0
7748,196, 0
7749,204, 4
7750,210, 0
7751,222, 0
7752,217, 0
7753,215, 0
7754,197, 0
7755,183, 0
7756,179, 0
7757,176, 0
7758,174, 0
7759,170, 0
7760,183, 0
7761,189, 0
7762,196, 0
7763,204, 1
7764,211, 0
7765,190, 0
7766,183, 23
7767,174, 8
7768,163, 15
7769,152, 0
7770,135, 0
7771,109, 0
7772,92, 0
7773,80, 0
7774,80, 0
7775,83, 0
7776,96, 0
7777,106, 0
7778,106, 0
7779,102, 0
7780,106, 0
7781,100, 0
7782,104, 0
7783,97, 0
7784,95, 0
7785,108, 0
7786,120, 0
7787,121, 0
7788,123, 0
7789,124, 0
7790,127, 0
7791,108, 0
7792,130, 0
7793,143, 0
7794,147, 0
7795,170, 0
7796,173, 0
7797,191, 0
7798,202, 0
7799,214, 0
7800,238, 0
7801,274, 0
7802,321, 0
7803,357, 0
7804,379, 0
7805,376, 0
7806,361, 0
7807,323, 0
7808,263, 0
7809,211, 0
7810,150, 0
7811,69, 0
7812,15, 0
7813,116, 0
7814,182, 0
7815,189, 0
7816,124, 0
7817,27, 0
7818,21, 0
7819,117, 0
7820,201, 0
7821,258, 0
7822,305, 0
7823,317, 6
7824,287, 0
7825,219, 0
7826,124, 0
7827,55, 0
7828,19, 0
7829,0, 0
7830,51, 0
7831,107, 0
7832,154, 0
7833,148, 0
7834,119, 0
7835,70, 0
7836,11, 0
7837,13, 0
7838,73, 0
7839,122, 0
7840,163, 0
7841,164, 0
7842,157, 0
7843,131, 0
7844,121, 0
7845,133, 0
7846,156, 0
7847,174, 0
7848,181, 0
7849,191, 0
7850,181, 0
7851,157, 0
7852,124, 0
7853,112, 0
7854,104, 0
7855,126, 0
7856,148, 0
7857,169, 0
7858,164, 0
7859,163, 0
7860,159, 0
7861,155, 0
7862,160, 0
7863,186, 0
7864,189, 0
7865,219, 0
7866,219, 0
7867,210, 0
7868,208, 0
7869,164, 0
7870,143, 0
7871,134, 0
7872,128, 0
7873,113, 0
7874,119, 0
7875,109, 0
7876,102, 0
7877,117, 0
7878,138, 0
7879,170, 0
7880,189, 0
7881,176, 0
7882,188, 0
7883,191, 0
7884,205, 0
7885,189, 0
7886,185, 0
7887,188, 0
7888,187, 0
7889,187, 0
7890,189, 12
7891,179, 5
7892,160, 0
7893,158, 0
7894,151, 0
7895,134, 0
7896,128, 0
7897,125, 0
7898,138, 0
7899,144, 0
7900,139, 0
7901,147, 0
7902,170, 0
7903,173, 0
7904,182, 0
7905,180, 0
7906,179, 0
7907,202, 0
7908,196, 0
7909,176, 0
7910,216, 0
7911,207, 0
7912,206, 0
7913,207, 0
7914,204, 0
7915,206, 0
7916,190, 0
7917,189, 0
7918,187, 0
7919,190, 0
7920,186, 0
7921,183, 0
7922,163, 0
7923,152, 0
7924,145, 0
7925,151, 0
7926,139, 0
7927,115, 0
7928,80, 0
7929,44, 0
7930,17, 0
7931,0, 0
7932,0, 0
7933,0, 0
7934,1, 0
7935,3, 0
7936,1, 0
7937,1, 0
7938,9, 0
7939,25, 0
7940,57, 0
7941,103, 0
7942,93, 0
7943,77, 0
7944,80, 0
7945,85, 0
7946,90, 0
7947,92, 0
7948,95, 0
7949,85, 0
7950,77, 1
7951,70, 1
7952,74, 0
7953,101, 0
7954,127, 0
7955,148, 0
7956,151, 0
7957,138, 0
7958,121, 0
7959,109, 0
7960,117, 0
7961,120, 0
7962,136, 0
7963,140, 0
7964,134, 0
7965,127, 0
7966,121, 0
7967,142, 0
7968,197, 0
7969,216, 0
7970,242, 0
7971,260, 0
7972,223, 0
7973,173, 0
7974,145, 0
7975,136, 0
7976,129, 0
7977,130, 0
7978,120, 0
7979,99, 0
7980,113, 0
7981,137, 0
7982,153, 0
7983,157, 0
7984,164, 0
7985,163, 0
7986,159, 0
7987,163, 0
7988,145, 0
7989,139, 0
7990,131, 0
7991,132, 0
7992,135, 0
7993,152, 0
7994,166, 0
7995,159, 0
7996,149, 0
7997,133, 0
7998,111, 12
7999,109, 1
8000,109, 0
8001,120, 0
8002,140, 0
8003,117, 0
8004,109, 0
8005,115, 0
8006,125, 0
8007,138, 0
8008,144, 0
8009,148, 0
8010,151, 0
8011,159, 3
8012,171, 0
8013,183, 0
8014,198, 0
8015,195, 0
8016,202, 6
8017,179, 0
8018,159, 0
8019,128, 0
8020,115, 0
8021,92, 0
8022,67, 0
8023,45, 0
8024,31, 0
8025,36, 0
8026,42, 0
8027,42, 0
8028,44, 0
8029,43, 0
8030,48, 0
8031,63, 0
8032,83, 0
8033,96, 0
8034,110, 0
8035,118, 0
8036,128, 0
8037,139, 0
8038,147, 0
8039,153, 0
8040,168, 0
8041,183, 0
8042,196, 0
8043,189, 0
8044,179, 0
8045,152, 0
8046,111, 0
8047,72, 0
8048,48, 0
8049,43, 0
8050,55, 0
8051,61, 0
8052,85, 0
8053,102, 0
8054,126, 0
8055,116, 0
8056,112, 0
8057,133, 0
8058,136, 0
8059,150, 0
8060,189, 0
8061,200, 0
8062,202, 0
8063,189, 0
8064,169, 0
8065,176, 0
8066,199, 0
8067,224, 0
8068,256, 0
8069,258, 0
8070,263, 0
8071,220, 6
8072,154, 0
8073,133, 1
8074,95, 0
8075,104, 0
8076,102, 3
8077,117, 0
8078,118, 0
8079,111, 0
8080,96, 0
8081,89, 0
8082,83, 0
8083,83, 0
8084,97, 0
8085,102, 0
8086,110, 0
8087,102, 0
8088,93, 0
8089,95, 0
8090,115, 0
8091,133, 0
8092,152, 0
8093,164, 0
8094,166, 0
8095,166, 0
8096,163, 0
8097,160, 0
8098,154, 0
8099,161, 0
8100,164, 0
8101,176, 0
8102,199, 0
8103,207, 0
8104,205, 0
8105,218, 0
8106,207, 0
8107,196, 0
8108,216, 0
8109,185, 0
8110,207, 0
8111,226, 0
8112,235, 0
8113,237, 0
8114,204, 0
8115,166, 0
8116,99, 0
8117,44, 0
8118,24, 0
8119,6, 0
8120,6, 0
8121,19, 0
8122,34, 0
8123,61, 0
8124,95, 0
8125,127, 0
8126,159, 0
8127,188, 0
8128,217, 0
8129,271, 0
8130,266, 0
8131,289, 0
8132,301, 3
8133,321, 3
8134,318, 0
8135,297, 6
8136,241, 5
8137,172, 0
8138,103, 0
8139,65, 0
8140,62, 0
8141,32, 0
8142,39, 0
8143,31, 0
8144,21, 0
8145,17, 0
8146,18, 0
8147,35, 0
8148,64, 0
8149,87, 0
8150,101, 0
8151,106, 0
8152,93, 0
8153,63, 0
8154,14, 2
8155,0, 0
8156,0, 0
8157,0, 0
8158,0, 0
8159,0, 0
8160,0, 0
8161,0, 0
8162,0, 0
8163,14, 0
8164,34, 0
8165,70, 0
8166,91, 0
8167,106, 0
8168,115, 0
8169,107, 0
8170,110, 0
8171,127, 0
8172,142, 0
8173,152, 0
8174,154, 0
8175,167, 0
8176,186, 0
8177,183, 0
8178,191, 0
8179,180, 0
8180,159, 0
8181,168, 0
8182,173, 0
8183,183, 0
8184,183, 0
8185,174, 0
8186,158, 0
8187,140, 0
8188,133, 0
8189,127, 0
8190,115, 0
8191,133, 0
8192,139, 0
8193,158, 0
8194,149, 0
8195,133, 0
8196,138, 0
8197,149, 0
8198,147, 0
8199,148, 0
8200,168, 0
8201,156, 0
8202,159, 0
8203,158, 0
8204,142, 0
8205,157, 0
8206,145, 0
8207,142, 0
8208,136, 0
8209,134, 0
8210,127, 0
8211,132, 0
8212,132, 0
8213,144, 0
8214,153, 0
8215,160, 0
8216,169, 0
8217,152, 0
8218,151, 0
8219,145, 0
8220,145, 0
8221,159, 0
8222,179, 0
8223,196, 0
8224,205, 0
8225,207, 0
8226,192, 0
8227,174, 0
8228,144, 0
8229,115, 0
8230,106, 0
8231,111, 0
8232,115, 0
8233,112, 0
8234,115, 0
8235,110, 1
8236,104, 0
8237,107, 9
8238,106, 0
8239,102, 0
8240,99, 0
8241,93, 0
8242,100, 0
8243,109, 0
8244,102, 0
8245,118, 0
8246,113, 0
8247,118, 0
8248,134, 0
8249,129, 0
8250,130, 0
8251,129, 0
8252,116, 0
8253,116, 0
8254,108, 0
8255,119, 0
8256,133, 0
8257,129, 0
8258,127, 0
8259,122, 0
8260,108, 0
8261,104, 0
8262,110, 0
8263,123, 0
8264,136, 0
8265,137, 0
8266,137, 0
8267,133, 0
8268,126, 0
8269,119, 0
8270,116, 0
8271,116, 0
8272,141, 0
8273,152, 0
8274,161, 0
8275,157, 0
8276,157, 0
8277,133, 0
8278,115, 0
8279,122, 0
8280,126, 0
8281,125, 0
8282,136, 0
8283,145, 0
8284,149, 0
8285,154, 0
8286,150, 0
8287,152, 0
8288,148, 0
8289,139, 0
8290,127, 0
8291,115, 0
8292,104, 0
8293,104, 0
8294,116, 0
8295,135, 0
8296,152, 0
8297,171, 0
8298,176, 0
8299,192, 0
8300,170, 0
8301,154, 0
8302,132, 0
8303,132, 0
8304,128, 0
8305,140, 0
8306,145, 0
8307,150, 0
8308,151, 0
8309,151, 0
8310,154, 0
8311,154, 0
8312,156, 0
8313,159, 0
8314,148, 0
8315,161, 0
8316,159, 0
8317,150, 0
8318,142, 0
8319,151, 6
8320,126, 0
8321,116, 0
8322,108, 0
8323,104, 0
8324,104, 0
8325,100, 0
8326,89, 0
8327,102, 0
8328,100, 0
8329,106, 0
8330,119, 0
8331,122, 0
8332,115, 0
8333,116, 0
8334,108, 0
8335,119, 0
8336,127, 0
8337,141, 0
8338,157, 0
8339,165, 0
8340,167, 0
8341,170, 0
8342,168, 0
8343,159, 0
8344,161, 0
8345,181, 0
8346,177, 0
8347,183, 0
8348,196, 0
8349,199, 0
8350,196, 0
8351,196, 0
8352,212, 0
8353,196, 0
8354,173, 0
8355,169, 0
8356,163, 0
8357,153, 0
8358,139, 0
8359,136, 1
8360,121, 0
8361,108, 0
8362,70, 0
8363,25, 0
8364,6, 0
8365,6, 0
8366,13, 0
8367,25, 0
8368,34, 0
8369,45, 0
8370,58, 0
8371,61, 0
8372,64, 0
8373,76, 0
8374,75, 0
8375,83, 0
8376,88, 9
8377,90, 0
8378,91, 5
8379,92, 0
8380,94, 0
8381,97, 4
8382,97, 0
8383,89, 0
8384,85, 0
8385,94, 0
8386,103, 0
8387,118, 0
8388,120, 0
8389,115, 6
8390,126, 0
8391,127, 0
8392,143, 0
8393,159, 0
8394,183, 0
8395,208, 0
8396,205, 0
8397,200, 0
8398,200, 0
8399,183, 0
8400,180, 0
8401,176, 0
8402,183, 0
8403,183, 0
8404,180, 0
8405,173, 0
8406,173, 0
8407,165, 0
8408,160, 0
8409,152, 0
8410,142, 0
8411,152, 0
8412,145, 0
8413,163, 0
8414,174, 0
8415,181, 0
8416,183, 0
8417,174, 0
8418,150, 0
8419,145, 0
8420,147, 0
8421,147, 0
8422,140, 0
8423,121, 0
8424,115, 0
8425,117, 0
8426,116, 0
8427,124, 0
8428,139, 0
8429,127, 0
8430,132, 0
8431,119, 0
8432,112, 0
8433,110, 0
8434,107, 0
8435,108, 0
8436,107, 0
8437,102, 5
8438,103, 0
8439,108, 0
8440,106, 5
8441,108, 0
8442,117, 0
8443,115, 0
8444,109, 0
8445,106, 0
8446,106, 0
8447,105, 0
8448,110, 0
8449,111, 0
8450,115, 0
8451,106, 0
8452,120, 0
8453,120, 0
8454,121, 0
8455,119, 0
8456,132, 0
8457,137, 0
8458,139, 0
8459,139, 0
8460,145, 0
8461,139, 0
8462,138, 0
8463,130, 0
8464,121, 0
8465,106, 0
8466,110, 0
8467,130, 0
8468,116, 0
8469,127, 0
8470,132, 0
8471,122, 0
8472,141, 0
8473,147, 0
8474,139, 0
8475,133, 0
8476,134, 0
8477,136, 0
8478,135, 0
8479,128, 0
8480,122, 0
8481,121, 0
8482,120, 0
8483,110, 0
8484,102, 0
8485,89, 0
8486,92, 0
8487,94, 0
8488,107, 0
8489,104, 0
8490,107, 0
8491,105, 0
8492,111, 0
8493,117, 0
8494,134, 0
8495,133, 0
8496,142, 0
8497,143, 3
8498,144, 0
8499,142, 0
8500,129, 0
8501,121, 19
8502,111, 0
8503,118, 0
8504,115, 0
8505,126, 0
8506,108, 0
8507,109, 0
8508,95, 0
8509,96, 0
8510,102, 0
8511,108, 0
8512,136, 0
8513,131, 0
8514,145, 0
8515,149, 0
8516,155, 0
8517,159, 0
8518,157, 0
8519,151, 0
8520,155, 0
8521,151, 0
8522,159, 0
8523,158, 7
8524,160, 0
8525,171, 0
8526,173, 0
8527,164, 0
8528,159, 0
8529,133, 0
8530,151, 0
8531,151, 0
8532,141, 0
8533,140, 0
8534,139, 0
8535,139, 0
8536,141, 0
8537,139, 0
8538,140, 0
8539,137, 0
8540,130, 0
8541,119, 0
8542,111, 0
8543,108, 0
8544,93, 0
8545,96, 0
8546,101, 0
8547,88, 0
8548,111, 0
8549,145, 0
8550,151, 0
8551,176, 0
8552,158, 0
8553,155, 0
8554,139, 0
8555,130, 0
8556,106, 0
8557,83, 0
8558,70, 7
8559,72, 54
8560,77, 95
8561,76, 77
8562,83, 93
8563,81, 73
8564,101, 25
8565,105, 35
8566,115, 7
8567,124, 0
8568,124, 10
8569,131, 0
8570,132, 0
8571,141, 0
8572,138, 0
8573,131, 0
8574,151, 0
8575,147, 0
8576,148, 0
8577,139, 0
8578,143, 0
8579,142, 0
8580,149, 0
8581,147, 0
8582,149, 0
8583,147, 0
8584,133, 0
8585,132, 0
8586,127, 0
8587,128, 0
8588,126, 0
8589,139, 0
8590,122, 0
8591,123, 0
8592,123, 0
8593,121, 0
8594,134, 0
8595,124, 0
8596,136, 0
8597,122, 0
8598,132, 0
8599,139, 0
8600,158, 0
8601,145, 0
8602,159, 0
8603,158, 0
8604,157, 0
8605,159, 0
8606,155, 0
8607,169, 0
8608,176, 0
8609,191, 0
8610,199, 0
8611,193, 0
8612,183, 0
8613,164, 0
8614,147, 0
8615,148, 0
8616,150, 0
8617,140, 0
8618,135, 0
8619,120, 0
8620,102, 5
8621,94, 0
8622,87, 8
8623,89, 93
8624,79, 85
8625,76, 38
8626,77, 36
8627,69, 15
8628,70, 0
8629,71, 0
8630,67, 0
8631,91, 0
8632,100, 0
8633,116, 0
8634,128, 0
8635,133, 0
8636,134, 0
8637,132, 0
8638,133, 0
8639,142, 0
8640,148, 0
8641,150, 0
8642,148, 0
8643,144, 0
8644,140, 0
8645,134, 0
8646,149, 0
8647,164, 0
8648,170, 0
8649,164, 0
8650,164, 0
8651,158, 0
8652,191, 0
8653,186, 0
8654,185, 0
8655,172, 0
8656,175, 0
8657,150, 0
8658,174, 0
8659,165, 0
8660,158, 0
8661,158, 0
8662,158, 0
8663,152, 0
8664,140, 0
8665,135, 0
8666,136, 0
8667,130, 0
8668,120, 0
8669,109, 0
8670,122, 0
8671,121, 0
8672,118, 0
8673,119, 0
8674,115, 0
8675,117, 0
8676,115, 0
8677,115, 0
8678,118, 0
8679,116, 0
8680,120, 0
8681,122, 0
8682,130, 0
8683,127, 0
8684,118, 4
8685,113, 0
8686,121, 0
8687,115, 0
8688,125, 0
8689,133, 0
8690,138, 0
8691,139, 0
8692,144, 0
8693,148, 0
8694,150, 0
8695,154, 0
8696,140, 0
8697,125, 0
8698,109, 0
8699,103, 0
8700,95, 0
8701,102, 0
8702,103, 0
8703,104, 0
8704,104, 0
8705,92, 0
8706,105, 0
8707,115, 0
8708,118, 0
8709,121, 0
8710,131, 3
8711,133, 0
8712,140, 0
8713,140, 0
8714,134, 0
8715,130, 0
8716,120, 0
8717,121, 0
8718,110, 0
8719,121, 0
8720,145, 0
8721,157, 0
8722,164, 0
8723,167, 0
8724,145, 0
8725,141, 0
8726,137, 0
8727,118, 0
8728,129, 0
8729,123, 0
8730,113, 0
8731,112, 0
8732,122, 0
8733,124, 0
8734,122, 0
8735,110, 0
8736,113, 0
8737,120, 0
8738,116, 0
8739,113, 0
8740,110, 0
8741,118, 0
8742,102, 7
8743,89, 0
8744,102, 25
8745,95, 14
8746,93, 0
8747,88, 0
8748,86, 0
8749,97, 0
8750,118, 0
8751,134, 0
8752,150, 0
8753,166, 0
8754,164, 0
8755,153, 0
8756,164, 0
8757,159, 0
8758,175, 0
8759,159, 0
8760,138, 0
8761,128, 0
8762,133, 0
8763,127, 0
8764,116, 0
8765,106, 0
8766,92, 0
8767,76, 0
8768,85, 0
8769,95, 0
8770,111, 0
8771,115, 0
8772,111, 0
8773,117, 0
8774,112, 0
8775,106, 0
8776,109, 0
8777,110, 0
8778,117, 0
8779,110, 0
8780,141, 0
8781,145, 0
8782,153, 0
8783,160, 0
8784,163, 0
8785,166, 0
8786,179, 0
8787,189, 0
8788,176, 0
8789,165, 0
8790,159, 0
8791,155, 0
8792,163, 0
8793,159, 0
8794,160, 0
8795,144, 0
8796,153, 0
8797,147, 0
8798,126, 0
8799,129, 0
8800,120, 0
8801,115, 0
8802,134, 0
8803,119, 6
8804,117, 0
8805,122, 0
8806,105, 0
8807,108, 0
8808,113, 0
8809,108, 0
8810,111, 0
8811,107, 0
8812,102, 0
8813,100, 0
8814,94, 0
8815,83, 8
8816,73, 0
8817,68, 6
8818,74, 0
8819,86, 0
8820,87, 0
8821,92, 0
8822,89, 0
8823,92, 0
8824,102, 0
8825,105, 0
8826,116, 0
8827,113, 0
8828,127, 0
8829,139, 0
8830,153, 0
8831,151, 0
8832,149, 0
8833,137, 0
8834,124, 0
8835,148, 0
8836,169, 0
8837,181, 2
8838,190, 0
8839,179, 0
8840,176, 0
8841,171, 0
8842,175, 0
8843,148, 0
8844,164, 0
8845,143, 0
8846,152, 0
8847,154, 0
8848,166, 0
8849,156, 0
8850,156, 0
8851,159, 0
8852,159, 0
8853,164, 0
8854,176, 0
8855,183, 0
8856,173, 0
8857,167, 0
8858,175, 0
8859,175, 0
8860,184, 0
8861,173, 0
8862,150, 0
8863,131, 0
8864,113, 1
8865,103, 0
8866,95, 0
8867,94, 38
8868,91, 97
8869,85, 97
8870,78, 87
8871,83, 31
8872,90, 0
8873,100, 0
8874,104, 0
8875,115, 0
8876,113, 0
8877,110, 0
8878,116, 0
8879,124, 0
8880,127, 0
8881,121, 0
8882,121, 0
8883,109, 0
8884,117, 0
8885,110, 0
8886,113, 0
8887,118, 0
8888,109, 0
8889,119, 0
8890,125, 0
8891,130, 0
8892,139, 0
8893,143, 0
8894,139, 0
8895,135, 0
8896,125, 0
8897,120, 0
8898,124, 0
8899,127, 0
8900,126, 0
8901,115, 0
8902,127, 0
8903,127, 0
8904,121, 0
8905,130, 0
8906,133, 0
8907,133, 0
8908,151, 0
8909,134, 0
8910,158, 0
8911,168, 0
8912,170, 0
8913,164, 0
8914,173, 0
8915,180, 0
8916,189, 0
8917,202, 0
8918,199, 0
8919,200, 0
8920,187, 0
8921,202, 0
8922,199, 0
8923,202, 0
8924,195, 0
8925,196, 0
8926,183, 3
8927,163, 0
8928,134, 31
8929,113, 0
8930,103, 0
8931,102, 0
8932,111, 0
8933,115, 0
8934,117, 0
8935,115, 0
8936,111, 0
8937,104, 0
8938,103, 0
8939,119, 0
8940,125, 0
8941,125, 0
8942,130, 0
8943,120, 0
8944,104, 0
8945,122, 0
8946,83, 0
8947,89, 0
8948,89, 0
8949,86, 0
8950,95, 0
8951,113, 0
8952,117, 0
8953,121, 0
8954,123, 0
8955,110, 0
8956,113, 0
8957,115, 0
8958,116, 0
8959,122, 0
8960,134, 0
8961,154, 0
8962,139, 0
8963,139, 0
8964,143, 0
8965,147, 0
8966,143, 42
8967,106, 179
8968,102, 226
8969,107, 139
8970,106, 46
8971,112, 24
8972,124, 17
8973,122, 6
8974,123, 1
8975,120, 9
8976,118, 4
8977,96, 6
8978,108, 6
8979,77, 4
8980,90, 12
8981,100, 8
8982,119, 0
8983,131, 0
8984,133, 0
8985,127, 0
8986,108, 1
8987,99, 0
8988,102, 0
8989,102, 0
8990,89, 0
8991,102, 0
8992,97, 0
8993,105, 0
8994,109, 0
8995,120, 0
8996,132, 2
8997,122, 0
8998,117, 0
8999,115, 0
9000,102, 4
9001,118, 0
9002,121, 0
9003,130, 0
9004,134, 0
9005,136, 0
9006,165, 0
9007,132, 0
9008,135, 0
9009,139, 0
9010,136, 0
9011,144, 0
9012,138, 0
9013,135, 0
9014,141, 0
9015,145, 0
9016,139, 0
9017,137, 0
9018,137, 0
9019,155, 0
9020,143, 0
9021,158, 0
9022,157, 0
9023,165, 0
9024,174, 0
9025,167, 0
9026,159, 0
9027,165, 0
9028,152, 0
9029,150, 0
9030,145, 0
9031,131, 0
9032,145, 0
9033,129, 0
9034,142, 0
9035,150, 0
9036,139, 0
9037,132, 0
9038,141, 0
9039,119, 0
9040,118, 0
9041,113, 0
9042,119, 0
9043,123, 0
9044,130, 0
9045,136, 0
9046,133, 0
9047,129, 0
9048,123, 0
9049,120, 0
9050,121, 0
9051,130, 0
9052,152, 0
9053,158, 0
9054,152, 0
9055,140, 0
9056,125, 0
9057,127, 0
9058,131, 0
9059,136, 0
9060,134, 0
9061,137, 0
9062,126, 1
9063,121, 13
9064,106, 6
9065,92, 0
9066,90, 0
9067,95, 0
9068,115, 0
9069,141, 0
9070,149, 0
9071,157, 0
9072,144, 0
9073,145, 8
9074,141, 50
9075,136, 39
9076,125, 0
9077,123, 0
9078,134, 0
9079,166, 0
9080,192, 0
9081,187, 0
9082,189, 0
9083,176, 0
9084,183, 0
9085,184, 0
9086,141, 0
9087,147, 0
9088,147, 0
9089,141, 0
9090,152, 0
9091,167, 0
9092,163, 0
9093,158, 0
9094,129, 0
9095,115, 0
9096,102, 0
9097,107, 0
9098,115, 0
9099,108, 0
9100,107, 0
9101,103, 0
9102,94, 0
9103,95, 0
9104,84, 0
9105,85, 0
9106,93, 0
9107,107, 0
9108,127, 0
9109,138, 0
9110,130, 0
9111,115, 2
9112,95, 1
9113,92, 6
9114,88, 0
9115,100, 0
9116,123, 0
9117,125, 0
9118,147, 8
9119,153, 0
9120,145, 0
9121,138, 0
9122,128, 0
9123,116, 0
9124,101, 0
9125,95, 0
9126,89, 0
9127,103, 0
9128,103, 0
9129,111, 0
9130,135, 0
9131,151, 0
9132,150, 0
9133,152, 0
9134,148, 0
9135,148, 0
9136,149, 0
9137,141, 0
9138,128, 0
9139,139, 0
9140,139, 0
9141,144, 0
9142,147, 0
9143,160, 0
9144,141, 0
9145,150, 0
9146,151, 0
9147,141, 0
9148,131, 0
9149,139, 8
9150,132, 0
9151,132, 0
9152,118, 0
9153,102, 0
9154,119, 13
9155,92, 39
9156,89, 34
9157,111, 0
9158,127, 0
9159,130, 0
9160,131, 0
9161,133, 0
9162,136, 0
9163,118, 0
9164,137, 0
9165,142, 0
9166,136, 0
9167,133, 0
9168,127, 0
9169,115, 11
9170,111, 1
9171,104, 31
9172,102, 10
9173,108, 10
9174,108, 0
9175,110, 10
9176,127, 0
9177,135, 0
9178,126, 0
9179,118, 0
9180,113, 0
9181,101, 0
9182,101, 0
9183,119, 0
9184,125, 0
9185,120, 0
9186,112, 0
9187,109, 0
9188,107, 0
9189,102, 0
9190,88, 0
9191,84, 0
9192,92, 0
9193,110, 0
9194,154, 0
9195,190, 0
9196,210, 0
9197,229, 0
9198,235, 0
9199,221, 0
9200,177, 0
9201,182, 0
9202,156, 0
9203,145, 0
9204,133, 0
9205,131, 0
9206,139, 8
9207,161, 0
9208,170, 0
9209,176, 0
9210,166, 0
9211,150, 0
9212,139, 0
9213,127, 0
9214,109, 0
9215,110, 0
9216,106, 0
9217,95, 0
9218,89, 0
9219,115, 0
9220,132, 0
9221,139, 0
9222,152, 0
9223,152, 0
9224,133, 0
9225,125, 0
9226,112, 0
9227,111, 0
9228,113, 0
9229,108, 0
9230,126, 0
9231,141, 0
9232,136, 5
9233,127, 0
9234,152, 0
9235,167, 7
9236,182, 0
9237,188, 0
9238,172, 0
9239,156, 0
9240,145, 0
9241,128, 0
9242,124, 0
9243,126, 0
9244,141, 0
9245,139, 0
9246,141, 0
9247,140, 0
9248,143, 0
9249,143, 0
9250,142, 0
9251,150, 0
9252,155, 0
9253,159, 0
9254,165, 0
9255,145, 0
9256,126, 0
9257,108, 0
9258,99, 0
9259,108, 0
9260,90, 0
9261,118, 0
9262,133, 0
9263,126, 0
9264,135, 0
9265,144, 0
9266,145, 0
9267,161, 0
9268,188, 0
9269,195, 0
9270,180, 0
9271,183, 0
9272,158, 0
9273,161, 0
9274,140, 0
9275,145, 0
9276,143, 0
9277,147, 0
9278,137, 0
9279,109, 0
9280,91, 0
9281,70, 0
9282,60, 0
9283,59, 0
9284,65, 0
9285,76, 0
9286,96, 0
9287,119, 0
9288,131, 0
9289,139, 0
9290,149, 0
9291,122, 0
9292,112, 0
9293,108, 0
9294,102, 0
9295,100, 0
9296,85, 0
9297,53, 0
9298,43, 0
9299,51, 0
9300,67, 0
9301,97, 0
9302,111, 0
9303,110, 0
9304,111, 0
9305,117, 0
9306,130, 0
9307,151, 139
9308,175, 364
9309,185, 347
9310,187, 213
9311,167, 121
9312,138, 79
9313,118, 102
9314,112, 89
9315,119, 51
9316,132, 22
9317,143, 1
9318,139, 0
9319,141, 0
9320,151, 0
9321,139, 0
9322,151, 0
9323,165, 0
9324,163, 0
9325,172, 0
9326,163, 0
9327,174, 0
9328,174, 0
9329,189, 0
9330,195, 0
9331,189, 0
9332,182, 0
9333,160, 0
9334,169, 0
9335,143, 0
9336,126, 0
9337,121, 0
9338,107, 0
9339,95, 0
9340,95, 0
9341,97, 0
9342,86, 0
9343,94, 0
9344,96, 0
9345,95, 0
9346,101, 0
9347,102, 0
9348,89, 0
9349,94, 0
9350,97, 0
9351,117, 0
9352,133, 0
9353,139, 0
9354,135, 25
9355,128, 131
9356,112, 140
9357,102, 137
9358,107, 93
9359,124, 67
9360,122, 30
9361,113, 8
9362,118, 0
9363,122, 0
9364,135, 0
9365,145, 0
9366,147, 0
9367,154, 0
9368,159, 0
9369,155, 0
9370,152, 0
9371,148, 0
9372,145, 0
9373,144, 0
9374,153, 0
9375,160, 0
9376,148, 0
9377,152, 0
9378,143, 0
9379,143, 0
9380,161, 0
9381,153, 0
9382,128, 0
9383,120, 0
9384,120, 0
9385,136, 0
9386,141, 0
9387,127, 0
9388,111, 0
9389,112, 31
9390,120, 64
9391,142, 56
9392,158, 23
9393,172, 1
9394,172, 0
9395,176, 0
9396,165, 0
9397,159, 0
9398,135, 0
9399,117, 0
9400,93, 0
9401,88, 0
9402,101, 0
9403,121, 0
9404,139, 0
9405,155, 0
9406,145, 0
9407,142, 0
9408,141, 0
9409,138, 0
9410,151, 0
9411,128, 0
9412,130, 0
9413,151, 7
9414,136, 63
9415,133, 52
9416,117, 89
9417,102, 37
9418,91, 19
9419,93, 3
9420,109, 0
9421,132, 0
9422,147, 0
9423,154, 0
9424,156, 0
9425,154, 0
9426,145, 0
9427,134, 0
9428,109, 0
9429,102, 0
9430,94, 0
9431,95, 0
9432,102, 0
9433,104, 0
9434,110, 0
9435,118, 0
9436,131, 0
9437,140, 0
9438,174, 0
9439,190, 0
9440,181, 0
9441,170, 0
9442,165, 0
9443,166, 0
9444,196, 0
9445,215, 0
9446,214, 0
9447,215, 0
9448,177, 0
9449,126, 0
9450,94, 0
9451,75, 0
9452,56, 0
9453,57, 0
9454,78, 0
9455,99, 0
9456,129, 0
9457,147, 0
9458,172, 0
9459,166, 0
9460,158, 0
9461,126, 0
9462,110, 0
9463,83, 10
9464,65, 12
9465,81, 131
9466,51, 373
9467,44, 640
9468,25, 646
9469,17, 580
9470,20, 381
9471,52, 201
9472,83, 79
9473,106, 36
9474,110, 30
9475,103, 22
9476,97, 106
9477,92, 147
9478,112, 72
9479,135, 71
9480,151, 54
9481,161, 34
9482,151, 0
9483,137, 3
9484,100, 4
9485,65, 0
9486,57, 50
9487,70, 62
9488,96, 131
9489,130, 147
9490,156, 83
9491,166, 6
9492,170, 0
9493,183, 0
9494,186, 0
9495,176, 0
9496,148, 0
9497,122, 0
9498,108, 0
9499,123, 0
9500,130, 0
9501,151, 0
9502,184, 0
9503,202, 0
9504,202, 0
9505,203, 0
9506,195, 0
9507,193, 0
9508,208, 0
9509,196, 0
9510,173, 0
9511,156, 0
9512,132, 3
9513,102, 40
9514,73, 92
9515,61, 233
9516,44, 286
9517,52, 226
9518,79, 319
9519,110, 323
9520,143, 182
9521,174, 10
9522,202, 0
9523,238, 0
9524,267, 0
9525,284, 0
9526,289, 0
9527,284, 0
9528,256, 0
9529,222, 0
9530,214, 0
9531,163, 0
9532,136, 0
9533,90, 0
9534,36, 0
9535,1, 0
9536,0, 0
9537,0, 0
9538,0, 121
9539,0, 133
9540,1, 47
9541,4, 47
9542,48, 59
9543,91, 127
9544,134, 172
9545,158, 91
9546,157, 9
9547,148, 0
9548,136, 13
9549,102, 6
9550,89, 31
9551,76, 7
9552,99, 12
9553,128, 6
9554,121, 1
9555,79, 0
9556,34, 0
9557,27, 0
9558,61, 0
9559,109, 0
9560,173, 0
9561,193, 0
9562,176, 0
9563,158, 0
9564,155, 0
9565,174, 0
9566,193, 0
9567,185, 0
9568,196, 0
9569,182, 0
9570,192, 0
9571,212, 0
9572,191, 0
9573,187, 0
9574,202, 0
9575,196, 0
9576,167, 0
9577,133, 0
9578,126, 0
9579,132, 0
9580,140, 0
9581,164, 0
9582,176, 0
9583,193, 0
9584,212, 0
9585,205, 0
9586,187, 0
9587,164, 0
9588,139, 39
9589,119, 232
9590,100, 399
9591,70, 454
9592,35, 635
9593,41, 663
9594,11, 829
9595,4, 885
9596,6, 779
9597,31, 582
9598,70, 385
9599,117, 294
9600,171, 296
9601,158, 311
9602,172, 566
9603,147, 600
9604,159, 577
9605,147, 667
9606,141, 621
9607,125, 695
9608,113, 682
9609,111, 607
9610,105, 430
9611,124, 325
9612,144, 266
9613,159, 21
9614,166, 0
9615,164, 0
9616,163, 0
9617,161, 0
9618,147, 0
9619,132, 0
9620,92, 0
9621,77, 3
9622,46, 0
9623,41, 0
9624,50, 0
9625,72, 0
9626,105, 0
9627,137, 0
9628,158, 0
9629,189, 0
9630,201, 0
9631,207, 0
9632,204, 0
9633,186, 0
9634,176, 0
9635,182, 0
9636,183, 19
9637,191, 120
9638,151, 152
9639,125, 55
9640,91, 0
9641,46, 0
9642,34, 0
9643,37, 0
9644,60, 0
9645,73, 0
9646,110, 0
9647,165, 0
9648,218, 0
9649,224, 31
9650,196, 21
9651,155, 0
9652,102, 0
9653,62, 0
9654,47, 0
9655,62, 0
9656,83, 0
9657,127, 0
9658,164, 0
9659,197, 0
9660,211, 0
9661,202, 0
9662,226, 0
9663,237, 0
9664,249, 0
9665,243, 0
9666,238, 0
9667,223, 0
9668,207, 0
9669,197, 0
9670,172, 0
9671,131, 0
9672,83, 23
9673,42, 249
9674,51, 273
9675,76, 80
9676,108, 0
9677,126, 0
9678,135, 0
9679,156, 0
9680,137, 0
9681,134, 0
9682,117, 0
9683,83, 0
9684,28, 0
9685,0, 0
9686,0, 0
9687,0, 0
9688,14, 0
9689,55, 9
9690,73, 187
9691,92, 421
9692,126, 504
9693,161, 371
9694,189, 241
9695,223, 53
9696,202, 10
9697,144, 83
9698,122, 85
9699,102, 1
9700,123, 0
9701,118, 0
9702,105, 0
9703,93, 0
9704,91, 0
9705,70, 0
9706,62, 0
9707,53, 0
9708,69, 0
9709,104, 0
9710,122, 0
9711,140, 0
9712,142, 0
9713,158, 0
9714,168, 51
9715,169, 175
9716,159, 101
9717,144, 187
9718,105, 345
9719,95, 510
9720,59, 417
9721,61, 317
9722,74, 147
9723,91, 25
9724,122, 38
9725,149, 1
9726,158, 83
9727,207, 325
9728,213, 465
9729,228, 604
9730,244, 468
9731,238, 354
9732,208, 237
9733,170, 100
9734,142, 8
9735,124, 0
9736,126, 0
9737,137, 0
9738,143, 0
9739,149, 0
9740,166, 0
9741,175, 0
9742,189, 0
9743,183, 0
9744,175, 0
9745,174, 0
9746,160, 0
9747,141, 0
9748,139, 0
9749,154, 113
9750,150, 232
9751,156, 147
9752,170, 25
9753,175, 0
9754,179, 0
9755,177, 0
9756,166, 0
9757,150, 0
9758,129, 0
9759,103, 0
9760,83, 0
9761,86, 0
9762,78, 0
9763,70, 0
9764,90, 0
9765,77, 0
9766,92, 0
9767,127, 0
9768,157, 0
9769,183, 0
9770,195, 0
9771,204, 0
9772,207, 0
9773,216, 0
9774,208, 0
9775,198, 0
9776,171, 0
9777,135, 0
9778,87, 0
9779,57, 0
9780,24, 0
9781,1, 0
9782,0, 0
9783,2, 0
9784,13, 0
9785,58, 5
9786,103, 0
9787,150, 0
9788,173, 0
9789,182, 0
9790,188, 0
9791,202, 0
9792,216, 0
9793,235, 0
9794,239, 0
9795,195, 0
9796,173, 0
9797,121, 170
9798,77, 426
9799,39, 516
9800,17, 365
9801,22, 270
9802,31, 174
9803,48, 91
9804,71, 30
9805,91, 0
9806,101, 0
9807,108, 0
9808,102, 0
9809,135, 0
9810,163, 0
9811,235, 0
9812,282, 0
9813,296, 0
9814,290, 0
9815,257, 0
9816,249, 0
9817,220, 0
9818,202, 0
9819,164, 0
9820,139, 0
9821,105, 0
9822,71, 0
9823,21, 11
9824,0, 27
9825,15, 14
9826,0, 18
9827,14, 124
9828,51, 322
9829,93, 541
9830,127, 703
9831,130, 785
9832,155, 516
9833,145, 101
9834,149, 0
9835,141, 0
9836,138, 0
9837,128, 0
9838,115, 0
9839,94, 0
9840,48, 12
9841,35, 287
9842,34, 406
9843,57, 237
9844,102, 21
9845,123, 0
9846,142, 0
9847,147, 0
9848,164, 0
9849,183, 0
9850,204, 0
9851,220, 0
9852,207, 0
9853,204, 0
9854,216, 0
9855,186, 0
9856,167, 0
9857,152, 0
9858,155, 6
9859,180, 36
9860,182, 67
9861,196, 0
9862,201, 0
9863,189, 0
9864,183, 0
9865,149, 0
9866,128, 0
9867,104, 0
9868,73, 0
9869,41, 0
9870,24, 0
9871,25, 0
9872,40, 0
9873,75, 0
9874,105, 0
9875,120, 5
9876,119, 241
9877,73, 634
9878,51, 990
9879,38, 1118
9880,50, 1013
9881,69, 858
9882,117, 780
9883,173, 493
9884,215, 123
9885,236, 0
9886,215, 0
9887,152, 29
9888,95, 215
9889,51, 294
9890,30, 220
9891,43, 25
9892,76, 0
9893,136, 0
9894,164, 70
9895,172, 241
9896,158, 297
9897,122, 264
9898,95, 212
9899,94, 176
9900,108, 107
9901,153, 71
9902,213, 22
9903,265, 8
9904,298, 6
9905,300, 0
9906,286, 0
9907,246, 0
9908,213, 0
9909,207, 0
9910,222, 0
9911,213, 6
9912,177, 280
9913,121, 473
9914,64, 306
9915,55, 100
9916,43, 64
9917,35, 0
9918,18, 0
9919,2, 0
9920,19, 0
9921,63, 0
9922,121, 0
9923,145, 0
9924,136, 0
9925,91, 0
9926,81, 0
9927,89, 0
9928,121, 0
9929,148, 0
9930,145, 0
9931,152, 0
9932,115, 0
9933,99, 0
9934,120, 0
9935,147, 0
9936,163, 0
9937,163, 0
9938,134, 0
9939,124, 0
9940,121, 0
9941,129, 0
9942,117, 0
9943,109, 0
9944,95, 0
9945,73, 0
9946,79, 0
9947,76, 22
9948,95, 140
9949,133, 40
9950,176, 0
9951,206, 0
9952,220, 0
9953,231, 0
9954,181, 0
9955,158, 0
9956,121, 0
9957,73, 0
9958,37, 0
9959,41, 0
9960,65, 0
9961,105, 43
9962,134, 87
9963,154, 46
9964,173, 17
9965,190, 21
9966,150, 12
9967,122, 0
9968,59, 0
9969,7, 0
9970,0, 9
9971,18, 58
9972,67, 4
9973,156, 0
9974,189, 0
9975,234, 0
9976,257, 0
9977,257, 0
9978,230, 0
9979,214, 0
9980,226, 0
9981,261, 0
9982,292, 0
9983,293, 0
9984,274, 0
9985,220, 0
9986,158, 50
9987,110, 456
9988,71, 976
9989,28, 1104
9990,0, 902
9991,0, 1022
9992,0, 837
9993,2, 491
9994,26, 346
9995,70, 212
9996,83, 102
9997,109, 135
9998,92, 34
9999,102, 0
10000,128, 0
10001,158, 0
10002,187, 0
10003,207, 0
10004,220, 0
10005,212, 0
10006,191, 0
10007,199, 0
10008,202, 0
10009,180, 0
10010,139, 0
10011,136, 0
10012,133, 0
10013,127, 0
10014,113, 0
10015,103, 0
10016,102, 0
10017,120, 0
10018,121, 0
10019,92, 0
10020,62, 0
10021,42, 6
10022,41, 100
10023,46, 207
10024,45, 143
10025,52, 181
10026,50, 207
10027,57, 166
10028,76, 124
10029,103, 177
10030,108, 149
10031,95, 235
10032,73, 212
10033,64, 159
10034,93, 67
10035,141, 0
10036,214, 0
10037,245, 0
10038,277, 0
10039,291, 0
10040,279, 0
10041,244, 0
10042,199, 0
10043,176, 0
10044,170, 0
10045,158, 0
10046,127, 0
10047,87, 0
10048,96, 0
10049,121, 0
10050,171, 0
10051,222, 0
10052,255, 0
10053,237, 0
10054,198, 0
10055,147, 0
10056,135, 0
10057,133, 0
10058,129, 0
10059,179, 0
10060,207, 0
10061,202, 0
10062,170, 0
10063,115, 0
10064,95, 6
10065,76, 58
10066,65, 89
10067,73, 76
10068,108, 4
10069,128, 1
10070,148, 39
10071,157, 177
10072,158, 212
10073,163, 244
10074,144, 235
10075,121, 304
10076,89, 382
10077,67, 464
10078,71, 380
10079,59, 129
10080,85, 15
10081,115, 0
10082,159, 0
10083,196, 0
10084,217, 0
10085,193, 0
10086,156, 0
10087,102, 58
10088,70, 53
10089,45, 0
10090,57, 0
10091,86, 0
10092,100, 0
10093,87, 0
10094,89, 0
10095,95, 0
10096,117, 0
10097,152, 0
10098,182, 0
10099,176, 0
10100,171, 0
10101,124, 0
10102,95, 0
10103,100, 0
10104,126, 27
10105,151, 187
10106,151, 229
10107,127, 125
10108,127, 153
10109,127, 221
10110,124, 113
10111,113, 0
10112,103, 0
10113,124, 0
10114,131, 0
10115,133, 0
10116,113, 0
10117,107, 0
10118,97, 0
10119,104, 0
10120,118, 0
10121,123, 0
10122,108, 0
10123,102, 0
10124,107, 0
10125,152, 0
10126,158, 0
10127,157, 107
10128,145, 137
10129,131, 118
10130,121, 12
10131,107, 0
10132,102, 0
10133,88, 0
10134,94, 0
10135,104, 0
10136,118, 0
10137,105, 0
10138,83, 0
10139,73, 12
10140,115, 92
10141,144, 266
10142,173, 420
10143,180, 513
10144,138, 527
10145,102, 356
10146,65, 111
10147,78, 0
10148,111, 0
10149,152, 0
10150,164, 0
10151,123, 8
10152,78, 0
10153,60, 0
10154,46, 0
10155,76, 0
10156,115, 0
10157,151, 10
10158,164, 10
10159,159, 4
10160,140, 0
10161,107, 0
10162,83, 0
10163,78, 0
10164,88, 0
10165,137, 0
10166,139, 0
10167,167, 4
10168,180, 0
10169,193, 0
10170,164, 0
10171,144, 0
10172,140, 0
10173,111, 0
10174,139, 0
10175,173, 0
10176,196, 0
10177,204, 0
10178,204, 38
10179,204, 115
10180,195, 150
10181,199, 21
10182,187, 0
10183,196, 0
10184,180, 0
10185,160, 0
10186,152, 0
10187,125, 0
10188,80, 0
10189,36, 0
10190,22, 0
10191,47, 0
10192,95, 0
10193,129, 0
10194,163, 0
10195,147, 0
10196,145, 0
10197,149, 0
10198,144, 0
10199,136, 0
10200,139, 0
10201,132, 9
10202,115, 0
10203,107, 0
10204,126, 0
10205,144, 0
10206,152, 0
10207,163, 0
10208,173, 0
10209,173, 0
10210,159, 0
10211,129, 63
10212,92, 326
10213,77, 505
10214,63, 558
10215,61, 605
10216,68, 487
10217,73, 495
10218,111, 435
10219,142, 344
10220,176, 372
10221,186, 270
10222,179, 133
10223,151, 4
10224,129, 0
10225,109, 0
10226,121, 0
10227,143, 0
10228,176, 0
10229,202, 0
10230,207, 0
10231,208, 0
10232,201, 0
10233,220, 0
10234,234, 1
10235,239, 11
10236,190, 0
10237,153, 0
10238,163, 0
10239,228, 0
10240,267, 0
10241,277, 0
10242,235, 0
10243,173, 0
10244,145, 0
10245,156, 0
10246,147, 0
10247,132, 0
10248,117, 0
10249,131, 0
10250,166, 0
10251,190, 0
10252,180, 0
10253,133, 0
10254,101, 0
10255,60, 76
10256,48, 183
10257,51, 322
10258,38, 348
10259,37, 258
10260,61, 134
10261,100, 54
10262,117, 14
10263,106, 0
10264,84, 0
10265,48, 0
10266,51, 0
10267,65, 0
10268,78, 0
10269,73, 0
10270,43, 20
10271,25, 22
10272,37, 57
10273,44, 164
10274,67, 159
10275,104, 167
10276,128, 111
10277,136, 17
10278,123, 0
10279,101, 0
10280,94, 0
10281,106, 0
10282,121, 0
10283,139, 0
10284,172, 0
10285,160, 0
10286,161, 0
10287,141, 0
10288,117, 0
10289,89, 0
10290,87, 0
10291,108, 0
10292,141, 0
10293,164, 0
10294,169, 0
10295,158, 68
10296,145, 257
10297,168, 361
10298,188, 346
10299,201, 200
10300,195, 75
10301,184, 10
10302,188, 32
10303,200, 127
10304,227, 200
10305,260, 145
10306,268, 140
10307,257, 12
10308,207, 0
10309,150, 0
10310,79, 0
10311,19, 0
10312,1, 0
10313,26, 0
10314,78, 0
10315,111, 0
10316,128, 0
10317,118, 0
10318,94, 0
10319,59, 0
10320,67, 0
10321,68, 0
10322,70, 0
10323,79, 0
10324,106, 0
10325,136, 0
10326,179, 18
10327,191, 113
10328,206, 290
10329,197, 585
10330,139, 867
10331,36, 803
10332,8, 406
10333,40, 12
10334,25, 0
10335,4, 0
10336,57, 0
10337,100, 0
10338,92, 0
10339,73, 0
10340,60, 0
10341,75, 0
10342,108, 0
10343,121, 0
10344,152, 0
10345,174, 0
10346,170, 3
10347,167, 12
10348,159, 43
10349,160, 42
10350,196, 203
10351,221, 204
10352,221, 226
10353,249, 64
10354,249, 0
10355,238, 0
10356,208, 0
10357,150, 0
10358,133, 0
10359,140, 0
10360,167, 0
10361,183, 0
10362,144, 0
10363,104, 0
10364,91, 0
10365,47, 0
10366,54, 0
10367,57, 0
10368,93, 0
10369,133, 0
10370,161, 0
10371,175, 0
10372,160, 0
10373,127, 0
10374,88, 0
10375,90, 0
10376,87, 0
10377,95, 0
10378,108, 0
10379,104, 0
10380,97, 0
10381,96, 0
10382,108, 0
10383,102, 80
10384,97, 207
10385,106, 226
10386,129, 164
10387,159, 201
10388,180, 304
10389,183, 343
10390,189, 348
10391,204, 268
10392,211, 236
10393,233, 211
10394,222, 95
10395,185, 69
10396,152, 0
10397,112, 0
10398,93, 0
10399,102, 0
10400,133, 0
10401,137, 0
10402,126, 0
10403,110, 0
10404,96, 0
10405,96, 0
10406,91, 0
10407,89, 0
10408,108, 0
10409,130, 0
10410,145, 0
10411,151, 0
10412,153, 0
10413,147, 0
10414,144, 0
10415,153, 0
10416,156, 0
10417,158, 0
10418,156, 0
10419,148, 0
10420,149, 0
10421,164, 0
10422,169, 0
10423,170, 0
10424,174, 0
10425,181, 0
10426,189, 0
10427,176, 0
10428,158, 0
10429,150, 0
10430,159, 0
10431,159, 0
10432,156, 0
10433,150, 0
10434,144, 0
10435,149, 0
10436,151, 0
10437,154, 0
10438,155, 0
10439,156, 24
10440,145, 45
10441,134, 0
10442,134, 0
10443,113, 0
10444,91, 0
10445,70, 0
10446,45, 0
10447,6, 0
10448,0, 4
10449,10, 22
10450,48, 143
10451,94, 154
10452,133, 181
10453,150, 143
10454,165, 111
10455,158, 204
10456,152, 202
10457,126, 244
10458,127, 234
10459,138, 79
10460,174, 0
10461,196, 0
10462,198, 0
10463,171, 0
10464,156, 0
10465,128, 0
10466,110, 0
10467,83, 0
10468,70, 0
10469,88, 0
10470,103, 0
10471,121, 0
10472,143, 0
10473,147, 0
10474,153, 0
10475,156, 0
10476,157, 0
10477,139, 0
10478,116, 0
10479,101, 0
10480,117, 0
10481,131, 0
10482,168, 0
10483,182, 0
10484,191, 0
10485,183, 0
10486,141, 0
10487,120, 0
10488,113, 78
10489,139, 135
10490,188, 51
10491,204, 0
10492,215, 0
10493,202, 0
10494,149, 0
10495,79, 0
10496,26, 0
10497,7, 0
10498,28, 0
10499,70, 95
10500,113, 264
10501,122, 341
10502,97, 355
10503,84, 272
10504,85, 224
10505,89, 88
10506,134, 20
10507,117, 0
10508,116, 4
10509,127, 0
10510,134, 1
10511,133, 58
10512,106, 143
10513,70, 300
10514,74, 323
10515,104, 287
10516,141, 93
10517,175, 5
10518,223, 0
10519,223, 0
10520,222, 0
10521,200, 0
10522,179, 0
10523,145, 0
10524,133, 2
10525,131, 103
10526,130, 170
10527,120, 59
10528,94, 4
10529,89, 0
10530,78, 0
10531,84, 0
10532,90, 0
10533,109, 0
10534,123, 0
10535,133, 0
10536,137, 0
10537,141, 0
10538,150, 0
10539,164, 0
10540,164, 0
10541,145, 0
10542,115, 0
10543,120, 0
10544,119, 8
10545,133, 57
10546,145, 0
10547,133, 0
10548,127, 0
10549,127, 0
10550,139, 0
10551,170, 0
10552,180, 0
10553,183, 0
10554,179, 0
10555,159, 0
10556,139, 0
10557,135, 0
10558,145, 0
10559,167, 0
10560,181, 0
10561,183, 0
10562,150, 0
10563,104, 7
10564,65, 28
10565,61, 17
10566,79, 0
10567,108, 0
10568,85, 9
10569,75, 11
10570,88, 23
10571,63, 21
10572,84, 36
10573,101, 71
10574,123, 145
10575,107, 117
10576,101, 36
10577,102, 4
10578,103, 9
10579,127, 0
10580,124, 0
10581,116, 0
10582,117, 0
10583,119, 0
10584,124, 0
10585,139, 0
10586,136, 0
10587,123, 0
10588,113, 0
10589,105, 0
10590,110, 0
10591,118, 0
10592,116, 0
10593,101, 0
10594,92, 0
10595,102, 0
10596,109, 0
10597,119, 0
10598,117, 0
10599,124, 0
10600,145, 0
10601,144, 0
10602,120, 0
10603,102, 0
10604,89, 0
10605,92, 0
10606,107, 0
10607,121, 0
10608,167, 0
10609,182, 0
10610,199, 0
10611,191, 0
10612,185, 0
10613,157, 0
10614,141, 0
10615,140, 0
10616,168, 0
10617,214, 0
10618,257, 0
10619,262, 0
10620,231, 0
10621,189, 0
10622,159, 0
10623,152, 0
10624,137, 0
10625,127, 0
10626,112, 0
10627,109, 2
10628,108, 155
10629,106, 215
10630,105, 152
10631,118, 61
10632,142, 1
10633,149, 0
10634,152, 0
10635,142, 0
10636,148, 0
10637,157, 0
10638,151, 0
10639,161, 0
10640,145, 0
10641,125, 0
10642,108, 0
10643,96, 0
10644,96, 0
10645,103, 0
10646,130, 0
10647,140, 0
10648,161, 0
10649,172, 0
10650,170, 0
10651,188, 0
10652,196, 11
10653,191, 43
10654,157, 31
10655,139, 12
10656,127, 0
10657,102, 0
10658,115, 0
10659,112, 0
10660,102, 0
10661,105, 0
10662,116, 0
10663,115, 0
10664,116, 0
10665,95, 0
10666,91, 0
10667,89, 0
10668,92, 0
10669,133, 0
10670,148, 0
10671,151, 0
10672,132, 0
10673,102, 0
10674,104, 0
10675,103, 0
10676,123, 0
10677,158, 0
10678,189, 0
10679,221, 0
10680,256, 0
10681,213, 0
10682,179, 0
10683,142, 20
10684,93, 10
10685,102, 36
10686,113, 90
10687,102, 12
10688,108, 0
10689,99, 0
10690,73, 0
10691,56, 0
10692,47, 0
10693,24, 0
10694,35, 0
10695,52, 0
10696,78, 0
10697,96, 12
10698,101, 8
10699,99, 0
10700,85, 0
10701,78, 0
10702,75, 0
10703,83, 0
10704,101, 0
10705,103, 14
10706,102, 34
10707,102, 76
10708,93, 155
10709,95, 47
10710,107, 0
10711,141, 0
10712,150, 0
10713,161, 0
10714,164, 0
10715,155, 0
10716,151, 0
10717,134, 0
10718,127, 0
10719,104, 0
10720,101, 0
10721,105, 0
10722,116, 0
10723,122, 0
10724,127, 0
10725,154, 0
10726,168, 0
10727,181, 0
10728,218, 0
10729,215, 0
10730,245, 0
10731,245, 3
10732,233, 0
10733,207, 0
10734,180, 0
10735,156, 0
10736,139, 0
10737,152, 0
10738,181, 0
10739,201, 0
10740,221, 0
10741,213, 0
10742,150, 0
10743,127, 0
10744,112, 0
10745,107, 0
10746,123, 35
10747,110, 255
10748,71, 432
10749,58, 300
10750,58, 189
10751,86, 15
10752,111, 0
10753,143, 0
10754,164, 0
10755,166, 0
10756,145, 0
10757,123, 0
10758,108, 19
10759,105, 125
10760,100, 58
10761,99, 0
10762,70, 0
10763,55, 0
10764,58, 0
10765,81, 0
10766,102, 0
10767,121, 0
10768,132, 0
10769,130, 0
10770,131, 0
10771,113, 0
10772,122, 0
10773,95, 0
10774,95, 0
10775,102, 0
10776,103, 0
10777,116, 0
10778,127, 0
10779,129, 0
10780,139, 0
10781,142, 0
10782,148, 0
10783,156, 0
10784,167, 0
10785,170, 0
10786,179, 0
10787,175, 0
10788,159, 0
10789,157, 0
10790,142, 0
10791,149, 0
10792,157, 0
10793,171, 0
10794,180, 0
10795,179, 0
10796,160, 0
10797,149, 46
10798,152, 145
10799,127, 92
10800,129, 6
10801,139, 21
10802,133, 0
10803,128, 0
10804,128, 0
10805,138, 0
10806,164, 0
10807,151, 0
10808,132, 0
10809,100, 0
10810,93, 0
10811,106, 0
10812,127, 0
10813,138, 0
10814,131, 0
10815,115, 0
10816,112, 0
10817,95, 0
10818,88, 0
10819,79, 32
10820,76, 76
10821,79, 21
10822,84, 0
10823,103, 19
10824,125, 0
10825,158, 0
10826,142, 0
10827,157, 0
10828,152, 0
10829,133, 0
10830,111, 0
10831,113, 0
10832,113, 0
10833,108, 0
10834,118, 0
10835,140, 0
10836,167, 0
10837,176, 0
10838,170, 0
10839,170, 0
10840,180, 0
10841,186, 0
10842,204, 0
10843,214, 0
10844,214, 0
10845,211, 0
10846,207, 0
10847,183, 0
10848,145, 0
10849,115, 0
10850,104, 0
10851,107, 0
10852,148, 0
10853,145, 0
10854,150, 0
10855,145, 0
10856,140, 0
10857,142, 0
10858,143, 0
10859,151, 0
10860,151, 0
10861,156, 0
10862,158, 0
10863,153, 0
10864,129, 0
10865,121, 0
10866,110, 0
10867,109, 0
10868,116, 0
10869,95, 0
10870,84, 0
10871,67, 0
10872,79, 0
10873,96, 0
10874,115, 0
10875,133, 0
10876,138, 0
10877,142, 0
10878,128, 2
10879,108, 31
10880,93, 152
10881,86, 180
10882,86, 115
10883,106, 23
10884,123, 0
10885,133, 0
10886,139, 0
10887,127, 0
10888,97, 0
10889,88, 0
10890,89, 0
10891,93, 0
10892,103, 0
10893,108, 0
10894,101, 0
10895,102, 0
10896,99, 0
10897,94, 0
10898,89, 0
10899,93, 0
10900,112, 0
10901,130, 0
10902,145, 0
10903,147, 0
10904,141, 0
10905,132, 0
10906,134, 0
10907,111, 0
10908,132, 0
10909,133, 0
10910,132, 0
10911,141, 0
10912,151, 0
10913,161, 0
10914,172, 0
10915,187, 0
10916,191, 0
10917,190, 0
10918,181, 0
10919,154, 0
10920,157, 0
10921,152, 3
10922,138, 0
10923,131, 0
10924,116, 0
10925,104, 0
10926,121, 0
10927,138, 0
10928,137, 0
10929,135, 29
10930,126, 51
10931,107, 22
10932,113, 6
10933,112, 0
10934,105, 0
10935,97, 0
10936,97, 0
10937,99, 0
10938,86, 0
10939,80, 0
10940,73, 0
10941,81, 0
10942,97, 2
10943,113, 0
10944,130, 0
10945,128, 0
10946,126, 0
10947,124, 0
10948,127, 0
10949,135, 0
10950,137, 0
10951,141, 0
10952,137, 0
10953,139, 0
10954,136, 0
10955,135, 0
10956,141, 0
10957,152, 0
10958,169, 0
10959,142, 0
10960,143, 0
10961,126, 0
10962,113, 0
10963,126, 0
10964,121, 0
10965,134, 0
10966,136, 0
10967,123, 0
10968,138, 0
10969,136, 0
10970,154, 0
10971,166, 0
10972,158, 0
10973,157, 0
10974,167, 0
10975,173, 0
10976,183, 0
10977,183, 0
10978,206, 0
10979,204, 0
10980,201, 0
10981,191, 0
10982,195, 0
10983,177, 0
10984,168, 0
10985,150, 0
10986,134, 0
10987,113, 0
10988,121, 0
10989,104, 0
10990,108, 0
10991,100, 0
10992,95, 0
10993,86, 0
10994,92, 0
10995,86, 0
10996,77, 0
10997,92, 0
10998,76, 0
10999,77, 6
11000,85, 3
11001,85, 0
11002,81, 0
11003,74, 2
11004,59, 3
11005,56, 0
11006,57, 0
11007,78, 0
11008,107, 0
11009,118, 0
11010,120, 0
11011,120, 0
11012,126, 0
11013,126, 0
11014,127, 14
11015,128, 18
11016,151, 1
11017,163, 17
11018,159, 0
11019,163, 0
11020,130, 0
11021,153, 8
11022,153, 0
11023,164, 0
11024,167, 0
11025,150, 0
11026,139, 0
11027,149, 0
11028,147, 0
11029,151, 0
11030,160, 0
11031,170, 0
11032,185, 0
11033,170, 0
11034,150, 0
11035,121, 0
11036,125, 0
11037,125, 0
11038,127, 0
11039,127, 0
11040,128, 0
11041,123, 0
11042,127, 0
11043,121, 0
11044,127, 0
11045,143, 0
11046,118, 0
11047,133, 0
11048,143, 0
11049,124, 0
11050,117, 0
11051,110, 0
11052,90, 0
11053,75, 0
11054,77, 0
11055,83, 8
11056,90, 0
11057,95, 0
11058,89, 0
11059,115, 0
11060,144, 0
11061,158, 3
11062,170, 2
11063,161, 19
11064,175, 0
11065,173, 2
11066,170, 0
11067,167, 0
11068,172, 0
11069,174, 0
11070,196, 0
11071,213, 0
11072,234, 4
11073,224, 0
11074,223, 0
11075,220, 0
11076,202, 0
11077,184, 0
11078,192, 0
11079,170, 0
11080,176, 0
11081,180, 0
11082,181, 0
11083,168, 0
11084,158, 0
11085,145, 0
11086,115, 0
11087,101, 0
11088,95, 0
11089,90, 0
11090,95, 0
11091,95, 0
11092,95, 0
11093,95, 0
11094,110, 0
11095,118, 0
11096,121, 0
11097,123, 0
11098,125, 0
11099,133, 0
11100,158, 0
11101,176, 0
11102,176, 0
11103,185, 0
11104,167, 0
11105,158, 0
11106,156, 0
11107,138, 0
11108,167, 0
11109,175, 0
11110,168, 0
11111,153, 0
11112,134, 0
11113,116, 0
11114,102, 0
11115,100, 0
11116,102, 8
11117,84, 0
11118,76, 0
11119,59, 0
11120,59, 0
11121,42, 6
11122,48, 3
11123,63, 0
11124,92, 47
11125,107, 4
11126,127, 5
11127,136, 0
11128,125, 0
11129,116, 0
11130,111, 0
11131,111, 0
11132,110, 0
11133,135, 0
11134,140, 0
11135,132, 0
11136,112, 0
11137,83, 0
11138,47, 0
11139,22, 0
11140,12, 0
11141,5, 0
11142,8, 0
11143,24, 1
11144,31, 0
11145,56, 0
11146,59, 0
11147,74, 0
11148,95, 0
11149,105, 0
11150,108, 0
11151,100, 0
11152,85, 0
11153,61, 0
11154,55, 0
11155,63, 0
11156,60, 0
11157,90, 0
11158,85, 0
11159,99, 0
11160,115, 0
11161,140, 0
11162,141, 0
11163,142, 0
11164,153, 0
11165,164, 0
11166,157, 0
11167,156, 0
11168,157, 0
11169,155, 0
11170,156, 0
11171,165, 0
11172,182, 0
11173,186, 0
11174,210, 0
11175,207, 0
11176,216, 0
11177,183, 0
11178,158, 0
11179,139, 0
11180,132, 0
11181,145, 0
11182,151, 11
11183,149, 0
11184,145, 0
11185,161, 25
11186,161, 1
11187,159, 0
11188,158, 0
11189,140, 0
11190,135, 0
11191,138, 0
11192,150, 0
11193,157, 0
11194,153, 0
11195,154, 0
11196,152, 0
11197,152, 0
11198,153, 0
11199,148, 0
11200,133, 0
11201,135, 0
11202,117, 0
11203,127, 0
11204,137, 2
11205,152, 0
11206,158, 0
11207,152, 0
11208,167, 0
11209,176, 0
11210,170, 0
11211,166, 0
11212,163, 0
11213,172, 0
11214,176, 0
11215,187, 0
11216,200, 0
11217,197, 0
11218,195, 0
11219,184, 0
11220,171, 0
11221,164, 0
11222,158, 0
11223,138, 0
11224,124, 0
11225,126, 0
11226,128, 0
11227,124, 0
11228,118, 0
11229,110, 0
11230,96, 0
11231,113, 0
11232,131, 0
11233,135, 0
11234,134, 0
11235,144, 2
11236,148, 4
11237,152, 0
11238,148, 23
11239,142, 94
11240,148, 220
11241,143, 286
11242,145, 330
11243,136, 236
11244,123, 61
11245,105, 0
11246,95, 0
11247,92, 0
11248,95, 0
11249,97, 0
11250,95, 0
11251,92, 0
11252,83, 0
11253,84, 0
11254,84, 0
11255,76, 0
11256,70, 0
11257,70, 0
11258,90, 0
11259,94, 0
11260,95, 0
11261,92, 0
11262,89, 0
11263,74, 0
11264,73, 0
11265,92, 0
11266,99, 0
11267,107, 0
11268,121, 0
11269,138, 0
11270,160, 0
11271,176, 0
11272,183, 0
11273,189, 0
11274,181, 0
11275,169, 0
11276,158, 0
11277,140, 0
11278,108, 0
11279,109, 0
11280,115, 0
11281,110, 0
11282,101, 0
11283,64, 0
11284,51, 0
11285,38, 0
11286,25, 0
11287,26, 0
11288,31, 0
11289,38, 0
11290,46, 0
11291,51, 0
11292,70, 0
11293,93, 6
11294,123, 0
11295,150, 0
11296,158, 0
11297,176, 0
11298,183, 0
11299,183, 0
11300,184, 0
11301,184, 0
11302,201, 0
11303,204, 0
11304,207, 4
11305,204, 0
11306,193, 0
11307,204, 17
11308,207, 6
11309,220, 0
11310,217, 0
11311,207, 0
11312,200, 0
11313,187, 0
11314,176, 0
11315,186, 0
11316,177, 0
11317,182, 0
11318,170, 0
11319,159, 0
11320,152, 0
11321,139, 0
11322,121, 0
11323,107, 0
11324,87, 0
11325,75, 0
11326,75, 0
11327,54, 0
11328,62, 0
11329,60, 0
11330,83, 0
11331,108, 0
11332,136, 0
11333,161, 0
11334,188, 0
11335,204, 0
11336,204, 0
11337,232, 0
11338,228, 0
11339,237, 0
11340,217, 0
11341,207, 0
11342,205, 0
11343,208, 0
11344,219, 0
11345,189, 0
11346,173, 0
11347,123, 0
11348,101, 0
11349,67, 0
11350,22, 0
11351,13, 0
11352,0, 0
11353,0, 0
11354,0, 0
11355,0, 0
11356,25, 0
11357,45, 0
11358,56, 0
11359,76, 0
11360,87, 0
11361,102, 0
11362,120, 0
11363,128, 0
11364,132, 0
11365,142, 0
11366,130, 7
11367,144, 9
11368,99, 45
11369,95, 0
11370,92, 0
11371,104, 0
11372,105, 0
11373,108, 0
11374,109, 0
11375,108, 0
11376,110, 0
11377,108, 0
11378,101, 0
11379,97, 0
11380,100, 0
11381,96, 0
11382,92, 0
11383,95, 0
11384,86, 0
11385,89, 0
11386,102, 0
11387,133, 0
11388,148, 0
11389,159, 0
11390,183, 0
11391,201, 0
11392,214, 0
11393,216, 0
11394,235, 0
11395,235, 0
11396,237, 0
11397,233, 0
11398,229, 0
11399,199, 0
11400,164, 0
11401,129, 0
11402,92, 0
11403,88, 0
11404,108, 0
11405,143, 0
11406,148, 0
11407,152, 0
11408,150, 0
11409,144, 0
11410,132, 0
11411,130, 0
11412,131, 0
11413,123, 0
11414,115, 0
11415,121, 0
11416,127, 0
11417,153, 1
11418,166, 0
11419,196, 0
11420,212, 0
11421,223, 0
11422,219, 0
11423,208, 0
11424,179, 0
11425,159, 0
11426,155, 0
11427,141, 0
11428,121, 0
11429,103, 23
11430,91, 0
11431,89, 0
11432,93, 0
11433,109, 0
11434,130, 0
11435,152, 0
11436,171, 0
11437,196, 0
11438,229, 0
11439,248, 0
11440,259, 0
11441,312, 0
11442,345, 30
11443,373, 15
11444,378, 0
11445,361, 0
11446,333, 0
11447,295, 0
11448,287, 0
11449,271, 0
11450,258, 0
11451,228, 0
11452,196, 0
11453,155, 0
11454,122, 0
11455,83, 0
11456,53, 0
11457,1, 0
11458,3, 0
11459,28, 0
11460,85, 0
11461,121, 0
11462,155, 0
11463,184, 0
11464,205, 0
11465,207, 0
11466,198, 0
11467,205, 0
11468,200, 0
11469,163, 0
11470,95, 0
11471,20, 0
11472,2, 0
11473,38, 0
11474,67, 0
11475,84, 0
11476,99, 0
11477,103, 0
11478,115, 2
11479,126, 0
11480,142, 0
11481,167, 0
11482,191, 0
11483,208, 0
11484,230, 0
11485,208, 0
11486,224, 0
11487,236, 1
11488,257, 0
11489,271, 2
11490,274, 58
11491,276, 18
11492,274, 55
11493,257, 79
11494,232, 64
11495,186, 44
11496,154, 22
11497,167, 0
11498,196, 0
11499,252, 0
11500,270, 0
11501,265, 0
11502,237, 0
11503,196, 0
11504,152, 0
11505,105, 0
11506,88, 0
11507,56, 0
11508,27, 0
11509,12, 0
11510,36, 0
11511,26, 0
11512,44, 0
11513,56, 0
11514,46, 0
11515,50, 0
11516,47, 0
11517,53, 0
11518,45, 0
11519,48, 0
11520,53, 0
11521,57, 0
11522,65, 0
11523,86, 0
11524,102, 0
11525,117, 0
11526,140, 0
11527,157, 0
11528,183, 0
11529,189, 0
11530,203, 0
11531,196, 0
11532,192, 0
11533,169, 0
11534,161, 0
11535,158, 0
11536,145, 0
11537,148, 0
11538,166, 0
11539,191, 0
11540,203, 0
11541,231, 0
11542,221, 0
11543,217, 0
11544,210, 0
11545,226, 0
11546,204, 0
11547,227, 4
11548,220, 10
11549,232, 7
11550,222, 18
11551,222, 74
11552,226, 31
11553,223, 29
11554,207, 14
11555,197, 1
11556,186, 1
11557,180, 0
11558,207, 0
11559,219, 0
11560,245, 0
11561,269, 0
11562,285, 0
11563,298, 0
11564,314, 0
11565,313, 0
11566,301, 0
11567,279, 0
11568,257, 0
11569,242, 0
11570,206, 0
11571,215, 0
11572,201, 0
11573,183, 0
11574,157, 0
11575,117, 0
11576,91, 0
11577,15, 0
11578,19, 0
11579,48, 0
11580,92, 0
11581,102, 0
11582,97, 0
11583,108, 0
11584,116, 0
11585,122, 0
11586,115, 0
11587,96, 0
11588,83, 0
11589,54, 0
11590,14, 0
11591,0, 0
11592,25, 0
11593,62, 0
11594,92, 0
11595,108, 0
11596,116, 0
11597,131, 0
11598,118, 0
11599,93, 0
11600,73, 0
11601,38, 0
11602,25, 0
11603,38, 0
11604,72, 0
11605,115, 0
11606,138, 0
11607,173, 1
11608,186, 0
11609,212, 0
11610,216, 4
11611,219, 2
11612,214, 44
11613,204, 1
11614,199, 0
11615,204, 0
11616,204, 0
11617,207, 0
11618,207, 1
11619,238, 0
11620,263, 0
11621,272, 0
11622,282, 0
11623,285, 0
11624,286, 0
11625,267, 0
11626,260, 0
11627,241, 0
11628,227, 0
11629,210, 0
11630,210, 0
11631,212, 0
11632,221, 0
11633,199, 0
11634,187, 0
11635,179, 0
11636,168, 0
11637,161, 0
11638,149, 0
11639,126, 0
11640,88, 0
11641,71, 0
11642,41, 0
11643,36, 0
11644,31, 0
11645,25, 0
11646,23, 0
11647,18, 0
11648,24, 0
11649,44, 0
11650,63, 0
11651,51, 0
11652,55, 0
11653,58, 0
11654,70, 0
11655,83, 0
11656,90, 0
11657,103, 0
11658,120, 0
11659,138, 0
11660,156, 0
11661,166, 0
11662,161, 0
11663,167, 0
11664,179, 0
11665,206, 0
11666,248, 0
11667,233, 0
11668,227, 0
11669,207, 0
11670,205, 0
11671,203, 0
11672,208, 0
11673,226, 14
11674,229, 1
11675,237, 4
11676,246, 0
11677,243, 0
11678,220, 0
11679,204, 0
11680,171, 0
11681,157, 6
11682,155, 0
11683,156, 0
11684,156, 0
11685,133, 0
11686,127, 0
11687,107, 0
11688,90, 0
11689,76, 0
11690,71, 0
11691,59, 0
11692,56, 0
11693,67, 0
11694,87, 0
11695,105, 0
11696,105, 0
11697,97, 0
11698,108, 0
11699,104, 0
11700,96, 0
11701,68, 0
11702,45, 0
11703,25, 0
11704,7, 0
11705,0, 0
11706,0, 0
11707,3, 0
11708,8, 0
11709,8, 0
11710,9, 0
11711,30, 0
11712,58, 0
11713,96, 0
11714,124, 0
11715,139, 0
11716,164, 0
11717,140, 0
11718,136, 0
11719,119, 0
11720,110, 0
11721,92, 0
11722,97, 0
11723,93, 0
11724,92, 0
11725,92, 0
11726,108, 0
11727,117, 0
11728,126, 0
11729,132, 0
11730,134, 0
11731,119, 5
11732,118, 4
11733,106, 0
11734,102, 18
11735,99, 4
11736,96, 0
11737,106, 2
11738,102, 0
11739,128, 0
11740,137, 0
11741,155, 0
11742,170, 0
11743,189, 0
11744,221, 0
11745,238, 0
11746,284, 0
11747,311, 0
11748,322, 0
11749,319, 0
11750,310, 0
11751,289, 0
11752,286, 0
11753,294, 0
11754,300, 0
11755,300, 0
11756,279, 0
11757,275, 0
11758,261, 0
11759,249, 0
11760,236, 0
11761,219, 0
11762,195, 0
11763,164, 0
11764,134, 0
11765,91, 0
11766,59, 0
11767,26, 0
11768,5, 0
11769,1, 0
11770,0, 0
11771,6, 0
11772,34, 0
11773,12, 0
11774,26, 0
11775,36, 0
11776,32, 0
11777,55, 0
11778,85, 0
11779,123, 0
11780,151, 0
11781,185, 2
11782,196, 0
11783,232, 0
11784,221, 2
11785,214, 0
11786,217, 0
11787,208, 0
11788,176, 0
11789,158, 0
11790,97, 0
11791,44, 9
11792,6, 0
11793,0, 2
11794,0, 3
11795,14, 27
11796,0, 3
11797,2, 0
11798,8, 0
11799,21, 0
11800,34, 0
11801,43, 0
11802,40, 0
11803,38, 0
11804,24, 0
11805,19, 0
11806,19, 0
11807,34, 0
11808,64, 0
11809,108, 0
11810,142, 0
11811,184, 0
11812,200, 0
11813,176, 0
11814,152, 0
11815,123, 0
11816,109, 0
11817,102, 0
11818,108, 0
11819,121, 0
11820,145, 0
11821,180, 0
11822,189, 0
11823,217, 0
11824,221, 0
11825,223, 0
11826,205, 0
11827,171, 0
11828,147, 0
11829,118, 0
11830,91, 0
11831,64, 0
11832,51, 0
11833,38, 0
11834,42, 0
11835,81, 0
11836,90, 0
11837,108, 0
11838,132, 0
11839,143, 0
11840,148, 0
11841,133, 0
11842,117, 0
11843,125, 0
11844,147, 0
11845,175, 0
11846,196, 0
11847,212, 0
11848,221, 0
11849,216, 0
11850,221, 0
11851,243, 0
11852,260, 0
11853,259, 8
11854,263, 14
11855,244, 1
11856,223, 19
11857,207, 0
11858,190, 0
11859,176, 3
11860,158, 0
11861,143, 0
11862,127, 0
11863,120, 0
11864,112, 0
11865,106, 0
11866,91, 0
11867,78, 0
11868,54, 0
11869,63, 0
11870,81, 0
11871,108, 0
11872,152, 0
11873,170, 0
11874,190, 3
11875,193, 0
11876,189, 0
11877,155, 0
11878,122, 0
11879,89, 0
11880,62, 0
11881,72, 0
11882,96, 0
11883,119, 0
11884,119, 0
11885,123, 0
11886,100, 0
11887,110, 0
11888,123, 0
11889,131, 0
11890,154, 0
11891,169, 0
11892,156, 0
11893,152, 0
11894,115, 0
11895,112, 0
11896,150, 0
11897,152, 0
11898,183, 0
11899,211, 0
11900,243, 0
11901,243, 0
11902,251, 0
11903,261, 0
11904,244, 0
11905,208, 0
11906,215, 0
11907,217, 0
11908,238, 0
11909,257, 0
11910,285, 0
11911,307, 0
11912,328, 0
11913,306, 0
11914,268, 6
11915,242, 10
11916,196, 14
11917,182, 75
11918,166, 34
11919,133, 10
11920,85, 2
11921,50, 0
11922,12, 0
11923,0, 0
11924,6, 0
11925,30, 0
11926,52, 0
11927,89, 0
11928,141, 0
11929,152, 0
11930,158, 0
11931,150, 0
11932,118, 0
11933,83, 0
11934,24, 0
11935,0, 0
11936,54, 0
11937,118, 0
11938,152, 0
11939,185, 0
11940,207, 0
11941,213, 0
11942,232, 0
11943,226, 0
11944,229, 0
11945,205, 0
11946,191, 0
11947,176, 0
11948,190, 0
11949,211, 0
11950,229, 0
11951,242, 0
11952,189, 0
11953,131, 0
11954,55, 0
11955,1, 0
11956,29, 0
11957,47, 0
11958,55, 0
11959,52, 0
11960,57, 0
11961,73, 0
11962,17, 0
11963,13, 0
11964,80, 0
11965,142, 0
11966,189, 0
11967,220, 0
11968,232, 0
11969,254, 0
11970,269, 0
11971,287, 0
11972,318, 0
11973,336, 0
11974,353, 0
11975,354, 0
11976,333, 0
11977,289, 3
11978,253, 22
11979,193, 0
11980,171, 0
11981,157, 0
11982,156, 0
11983,153, 0
11984,139, 0
11985,124, 0
11986,105, 0
11987,102, 0
11988,102, 0
11989,91, 0
11990,78, 0
11991,78, 0
11992,80, 0
11993,84, 0
11994,106, 0
11995,130, 0
11996,159, 0
11997,200, 0
11998,220, 0
11999,248, 0
12000,260, 0
12001,259, 0
12002,251, 0
12003,258, 0
12004,258, 0
12005,237, 0
12006,208, 0
12007,175, 0
12008,170, 0
12009,202, 0
12010,176, 0
12011,147, 0
12012,95, 0
12013,70, 0
12014,84, 0
12015,102, 0
12016,109, 0
12017,103, 0
12018,99, 0
12019,95, 0
12020,83, 0
12021,99, 0
12022,118, 0
12023,83, 0
12024,92, 0
12025,58, 7
12026,6, 0
12027,0, 0
12028,0, 0
12029,0, 0
12030,0, 0
12031,0, 0
12032,11, 0
12033,40, 0
12034,62, 2
12035,86, 0
12036,96, 0
12037,88, 6
12038,70, 0
12039,26, 13
12040,6, 0
12041,14, 0
12042,62, 0
12043,108, 0
12044,152, 0
12045,189, 0
12046,214, 0
12047,214, 0
12048,223, 0
12049,238, 0
12050,230, 0
12051,243, 0
12052,233, 0
12053,223, 0
12054,219, 0
12055,219, 0
12056,223, 0
12057,236, 0
12058,240, 0
12059,220, 0
12060,207, 0
12061,207, 0
12062,210, 0
12063,228, 0
12064,239, 0
12065,244, 0
12066,239, 0
12067,237, 0
12068,189, 0
12069,153, 0
12070,145, 0
12071,137, 0
12072,140, 0
12073,139, 0
12074,129, 0
12075,108, 0
12076,87, 0
12077,70, 0
12078,38, 0
12079,37, 0
12080,4, 0
12081,14, 0
12082,18, 0
12083,15, 0
12084,25, 0
12085,36, 0
12086,46, 0
12087,52, 0
12088,80, 0
12089,72, 0
12090,99, 6
12091,127, 0
12092,139, 0
12093,135, 0
12094,124, 0
12095,117, 0
12096,124, 0
12097,143, 0
12098,147, 0
12099,144, 0
12100,147, 6
12101,147, 0
12102,152, 0
12103,158, 0
12104,160, 0
12105,159, 0
12106,157, 0
12107,183, 0
12108,203, 0
12109,221, 0
12110,220, 0
12111,187, 0
12112,201, 0
12113,185, 0
12114,186, 0
12115,220, 0
12116,230, 0
12117,254, 0
12118,269, 0
12119,284, 0
12120,287, 0
12121,293, 0
12122,280, 0
12123,257, 0
12124,214, 0
12125,223, 0
12126,183, 0
12127,160, 0
12128,170, 0
12129,141, 0
12130,104, 0
12131,50, 0
12132,2, 0
12133,6, 0
12134,3, 0
12135,0, 0
12136,26, 0
12137,88, 0
12138,115, 0
12139,139, 0
12140,173, 0
12141,192, 0
12142,179, 0
12143,168, 0
12144,126, 0
12145,77, 0
12146,57, 0
12147,32, 0
12148,12, 0
12149,0, 0
12150,5, 6
12151,40, 0
12152,46, 0
12153,25, 0
12154,10, 0
12155,89, 0
12156,170, 0
12157,235, 0
12158,287, 0
12159,330, 0
12160,343, 6
12161,341, 4
12162,315, 14
12163,263, 6
12164,204, 0
12165,192, 0
12166,180, 0
12167,195, 0
12168,176, 0
12169,133, 0
12170,70, 6
12171,10, 0
12172,106, 0
12173,217, 0
12174,277, 0
12175,305, 6
12176,297, 0
12177,263, 0
12178,203, 0
12179,112, 0
12180,11, 0
12181,39, 0
12182,94, 0
12183,152, 0
12184,188, 0
12185,220, 0
12186,208, 0
12187,199, 0
12188,170, 0
12189,171, 0
12190,148, 0
12191,155, 0
12192,159, 0
12193,152, 0
12194,133, 0
12195,127, 0
12196,125, 1
12197,127, 0
12198,127, 0
12199,137, 0
12200,147, 0
12201,170, 0
12202,183, 0
12203,191, 0
12204,200, 0
12205,196, 0
12206,183, 0
12207,175, 0
12208,186, 0
12209,201, 0
12210,208, 0
12211,235, 0
12212,249, 0
12213,302, 0
12214,339, 0
12215,337, 0
12216,324, 0
12217,297, 0
12218,278, 0
12219,253, 0
12220,265, 0
12221,234, 0
12222,212, 2
12223,189, 6
12224,161, 0
12225,129, 0
12226,107, 0
12227,105, 0
12228,115, 0
12229,124, 0
12230,135, 0
12231,141, 0
12232,126, 0
12233,92, 0
12234,63, 0
12235,38, 0
12236,51, 0
12237,95, 0
12238,154, 0
12239,205, 0
12240,237, 0
12241,247, 0
12242,238, 0
12243,202, 0
12244,175, 0
12245,139, 0
12246,127, 0
12247,99, 0
12248,88, 0
12249,107, 0
12250,138, 0
12251,147, 0
12252,163, 0
12253,140, 0
12254,154, 0
12255,118, 0
12256,95, 0
12257,83, 3
12258,77, 0
12259,89, 0
12260,103, 0
12261,130, 0
12262,169, 0
12263,192, 0
12264,233, 0
12265,241, 0
12266,226, 0
12267,189, 0
12268,165, 0
12269,128, 0
12270,121, 0
12271,133, 0
12272,150, 0
12273,168, 0
12274,187, 0
12275,198, 0
12276,204, 0
12277,152, 0
12278,117, 0
12279,81, 0
12280,84, 0
12281,120, 0
12282,145, 0
12283,174, 18
12284,167, 0
12285,153, 0
12286,140, 0
12287,129, 0
12288,121, 0
12289,123, 0
12290,137, 0
12291,149, 6
12292,176, 0
12293,193, 0
12294,214, 0
12295,220, 0
12296,244, 0
12297,245, 0
12298,244, 0
12299,237, 0
12300,214, 0
12301,202, 0
12302,199, 0
12303,169, 0
12304,130, 0
12305,70, 0
12306,19, 0
12307,0, 0
12308,0, 0
12309,6, 0
12310,35, 0
12311,59, 0
12312,67, 0
12313,48, 0
12314,11, 0
12315,6, 0
12316,78, 0
12317,135, 0
12318,160, 0
12319,167, 0
12320,179, 0
12321,205, 0
12322,224, 0
12323,270, 0
12324,312, 0
12325,348, 0
12326,385, 0
12327,386, 0
12328,381, 0
12329,341, 0
12330,287, 0
12331,260, 0
12332,249, 0
12333,251, 0
12334,256, 0
12335,270, 0
12336,274, 0
12337,259, 0
12338,216, 0
12339,138, 0
12340,39, 1
12341,21, 0
12342,100, 12
12343,154, 0
12344,205, 37
12345,269, 9
12346,326, 0
12347,379, 0
12348,420, 0
12349,465, 0
12350,452, 0
12351,380, 0
12352,267, 0
12353,140, 0
12354,30, 0
12355,19, 0
12356,109, 0
12357,192, 0
12358,244, 3
12359,287, 0
12360,313, 0
12361,331, 0
12362,351, 0
12363,371, 0
12364,385, 0
12365,406, 0
12366,420, 0
12367,409, 0
12368,379, 0
12369,339, 0
12370,283, 0
12371,215, 0
12372,143, 0
12373,86, 0
12374,95, 0
12375,135, 0
12376,152, 0
12377,166, 0
12378,199, 0
12379,207, 0
12380,201, 0
12381,180, 0
12382,108, 0
12383,28, 0
12384,2, 0
12385,27, 0
12386,35, 0
12387,8, 0
12388,0, 0
12389,0, 0
12390,0, 0
12391,7, 0
12392,65, 0
12393,159, 0
12394,229, 0
12395,273, 0
12396,300, 0
12397,319, 0
12398,337, 0
12399,353, 0
12400,374, 7
12401,385, 0
12402,367, 0
12403,301, 5
12404,223, 0
12405,164, 22
12406,150, 17
12407,158, 9
12408,159, 0
12409,164, 0
12410,180, 0
12411,182, 0
12412,150, 0
12413,83, 0
12414,7, 0
12415,69, 0
12416,145, 0
12417,148, 0
12418,88, 0
12419,10, 6
12420,36, 0
12421,80, 0
12422,124, 0
12423,183, 0
12424,232, 0
12425,287, 0
12426,329, 0
12427,354, 0
12428,374, 0
12429,398, 0
12430,404, 0
12431,398, 0
12432,353, 0
12433,285, 0
12434,213, 0
12435,167, 0
12436,133, 0
12437,91, 0
12438,51, 0
12439,11, 0
12440,0, 0
12441,0, 0
12442,25, 0
12443,83, 0
12444,135, 0
12445,180, 0
12446,224, 0
12447,278, 0
12448,330, 0
12449,372, 0
12450,402, 0
12451,393, 0
12452,341, 7
12453,251, 0
12454,133, 0
12455,25, 0
12456,0, 0
12457,44, 0
12458,129, 0
12459,214, 0
12460,270, 0
12461,296, 6
12462,254, 0
12463,171, 4
12464,105, 0
12465,57, 0
12466,25, 26
12467,4, 15
12468,4, 0
12469,42, 0
12470,57, 0
12471,39, 0
12472,42, 0
12473,70, 0
12474,130, 0
12475,182, 0
12476,211, 0
12477,214, 0
12478,202, 0
12479,182, 0
12480,160, 4
12481,144, 0
12482,155, 0
12483,177, 0
12484,210, 0
12485,239, 0
12486,248, 0
12487,261, 0
12488,289, 0
12489,375, 0
12490,507, 0
12491,656, 0
12492,805, 0
12493,935, 0
12494,949, 0
12495,900, 0
12496,809, 0
12497,721, 0
12498,676, 0
12499,618, 0
12500,508, 0
12501,316, 0
12502,84, 0
12503,89, 0
12504,279, 0
12505,369, 0
12506,415, 0
12507,410, 0
12508,359, 0
12509,286, 0
12510,251, 0
12511,269, 0
12512,308, 1
12513,361, 0
12514,348, 0
12515,248, 0
12516,96, 0
12517,26, 0
12518,124, 0
12519,109, 0
12520,42, 0
12521,0, 0
12522,1, 0
12523,6, 0
12524,5, 0
12525,41, 0
12526,92, 0
12527,117, 13
12528,108, 0
12529,110, 0
12530,121, 0
12531,119, 0
12532,108, 1
12533,116, 0
12534,144, 0
12535,176, 0
12536,196, 0
12537,200, 0
12538,176, 0
12539,189, 0
12540,229, 0
12541,318, 0
12542,398, 0
12543,463, 0
12544,495, 0
12545,496, 0
12546,488, 0
12547,445, 0
12548,415, 0
12549,391, 0
12550,379, 0
12551,334, 0
12552,253, 2
12553,145, 0
12554,80, 0
12555,79, 0
12556,151, 0
12557,271, 0
12558,406, 0
12559,485, 0
12560,535, 0
12561,517, 0
12562,426, 0
12563,333, 0
12564,227, 0
12565,116, 0
12566,14, 0
12567,57, 0
12568,166, 0
12569,237, 0
12570,218, 0
12571,120, 0
12572,13, 0
12573,124, 0
12574,271, 0
12575,376, 0
12576,426, 0
12577,435, 0
12578,361, 0
12579,294, 0
12580,238, 0
12581,193, 0
12582,100, 0
12583,6, 0
12584,11, 0
12585,14, 5
12586,0, 0
12587,0, 0
12588,24, 18
12589,128, 1
12590,294, 0
12591,498, 0
12592,712, 0
12593,837, 0
12594,841, 0
12595,725, 0
12596,548, 0
12597,367, 0
12598,242, 0
12599,154, 0
12600,57, 0
12601,2, 0
12602,68, 0
12603,165, 0
12604,270, 0
12605,354, 0
12606,440, 0
12607,562, 0
12608,683, 0
12609,796, 0
12610,877, 0
12611,928, 0
12612,928, 0
12613,902, 0
12614,873, 0
12615,840, 0
12616,778, 0
12617,693, 0
12618,569, 0
12619,385, 0
12620,164, 0
12621,21, 0
12622,96, 0
12623,204, 0
12624,348, 0
12625,457, 0
12626,523, 0
12627,527, 0
12628,458, 0
12629,342, 0
12630,204, 0
12631,92, 0
12632,38, 0
12633,4, 0
12634,25, 0
12635,92, 0
12636,112, 0
12637,134, 0
12638,166, 0
12639,216, 0
12640,268, 0
12641,313, 0
12642,380, 0
12643,456, 0
12644,514, 0
12645,512, 0
12646,439, 3
12647,332, 0
12648,236, 0
12649,159, 26
12650,112, 1
12651,55, 0
12652,1, 0
12653,0, 0
12654,17, 2
12655,84, 0
12656,139, 0
12657,118, 0
12658,40, 0
12659,3, 0
12660,37, 0
12661,56, 0
12662,92, 0
12663,126, 0
12664,111, 0
12665,31, 0
12666,47, 0
12667,176, 0
12668,285, 0
12669,371, 0
12670,439, 0
12671,493, 0
12672,533, 0
12673,570, 0
12674,607, 0
12675,586, 0
12676,477, 0
12677,294, 0
12678,92, 0
12679,12, 0
12680,57, 0
12681,46, 0
12682,6, 0
12683,13, 0
12684,32, 0
12685,50, 0
12686,47, 0
12687,70, 0
12688,125, 0
12689,224, 0
12690,355, 0
12691,463, 0
12692,535, 0
12693,553, 0
12694,600, 0
12695,627, 0
12696,621, 0
12697,603, 0
12698,607, 0
12699,612, 0
12700,618, 0
12701,601, 0
12702,549, 0
12703,482, 0
12704,362, 11
12705,169, 5
12706,52, 0
12707,307, 0
12708,582, 31
12709,814, 13
12710,919, 30
12711,902, 1
12712,855, 7
12713,805, 0
12714,750, 0
12715,662, 0
12716,524, 0
12717,329, 7
12718,125, 0
12719,21, 0
12720,155, 0
12721,202, 0
12722,230, 0
12723,251, 0
12724,315, 0
12725,365, 0
12726,386, 0
12727,355, 0
12728,311, 0
12729,207, 0
12730,92, 0
12731,27, 0
12732,22, 0
12733,68, 0
12734,131, 0
12735,214, 0
12736,268, 0
12737,268, 0
12738,282, 0
12739,279, 0
12740,257, 0
12741,249, 0
12742,220, 0
12743,310, 0
12744,450, 0
12745,593, 0
12746,639, 0
12747,594, 0
12748,462, 0
12749,318, 0
12750,139, 0
12751,20, 0
12752,37, 0
12753,67, 0
12754,14, 0
12755,91, 0
12756,232, 0
12757,363, 0
12758,461, 0
12759,532, 0
12760,541, 0
12761,627, 0
12762,724, 0
12763,770, 0
12764,721, 0
12765,629, 2
12766,569, 5
12767,636, 3
12768,739, 0
12769,803, 4
12770,803, 0
12771,721, 7
12772,636, 0
12773,535, 0
12774,401, 1
12775,164, 0
12776,152, 0
12777,502, 0
12778,741, 0
12779,827, 0
12780,808, 0
12781,762, 0
12782,736, 0
12783,696, 0
12784,620, 0
12785,549, 0
12786,516, 0
12787,518, 0
12788,546, 0
12789,555, 0
12790,518, 0
12791,461, 0
12792,430, 0
12793,379, 0
12794,344, 0
12795,286, 0
12796,260, 0
12797,212, 0
12798,150, 0
12799,80, 0
12800,12, 0
12801,121, 0
12802,281, 0
12803,388, 0
12804,446, 0
12805,494, 0
12806,600, 0
12807,766, 0
12808,963, 0
12809,1140, 0
12810,1249, 0
12811,1260, 0
12812,1201, 0
12813,1097, 0
12814,958, 0
12815,735, 0
12816,420, 0
12817,85, 0
12818,229, 0
12819,457, 0
12820,577, 0
12821,587, 0
12822,576, 0
12823,512, 0
12824,402, 0
12825,285, 0
12826,208, 0
12827,152, 3
12828,34, 3
12829,108, 2
12830,307, 5
12831,527, 0
12832,689, 2
12833,854, 4
12834,992, 0
12835,1070, 0
12836,1082, 0
12837,992, 0
12838,827, 0
12839,548, 0
12840,202, 0
12841,210, 0
12842,566, 0
12843,695, 0
12844,642, 0
12845,516, 0
12846,372, 0
12847,287, 0
12848,259, 0
12849,231, 0
12850,154, 0
12851,58, 0
12852,12, 0
12853,134, 0
12854,306, 0
12855,519, 0
12856,739, 0
12857,899, 0
12858,1008, 0
12859,1078, 0
12860,1059, 0
12861,958, 0
12862,777, 0
12863,514, 0
12864,226, 0
12865,106, 0
12866,427, 0
12867,616, 0
12868,669, 0
12869,689, 0
12870,660, 0
12871,563, 0
12872,408, 0
12873,210, 0
12874,28, 0
12875,130, 0
12876,220, 0
12877,257, 0
12878,278, 0
12879,279, 0
12880,277, 0
12881,241, 0
12882,242, 0
12883,255, 0
12884,243, 0
12885,179, 0
12886,122, 0
12887,71, 0
12888,15, 0
12889,0, 0
12890,12, 0
12891,26, 0
12892,52, 0
12893,84, 0
12894,86, 0
12895,14, 0
12896,45, 8
12897,131, 0
12898,168, 0
12899,189, 0
12900,195, 0
12901,263, 0
12902,318, 0
12903,315, 0
12904,276, 0
12905,264, 0
12906,346, 0
12907,506, 0
12908,665, 0
12909,806, 0
12910,894, 0
12911,907, 0
12912,848, 0
12913,755, 0
12914,663, 0
12915,503, 0
12916,286, 0
12917,56, 0
12918,125, 0
12919,283, 0
12920,348, 0
12921,313, 0
12922,200, 0
12923,53, 2
12924,76, 0
12925,265, 0
12926,361, 0
12927,312, 0
12928,101, 0
12929,136, 0
12930,338, 0
12931,415, 0
12932,411, 0
12933,327, 0
12934,267, 0
12935,292, 0
12936,416, 0
12937,554, 0
12938,610, 0
12939,540, 0
12940,361, 0
12941,103, 0
12942,103, 0
12943,318, 0
12944,501, 0
12945,666, 0
12946,782, 0
12947,846, 0
12948,788, 0
12949,716, 0
12950,610, 0
12951,488, 0
12952,363, 0
12953,219, 0
12954,44, 4
12955,19, 4
12956,20, 0
12957,37, 7
12958,217, 0
12959,452, 0
12960,721, 0
12961,990, 0
12962,1272, 2
12963,1521, 0
12964,1669, 0
12965,1718, 0
12966,1659, 0
12967,1508, 0
12968,1188, 0
12969,677, 0
12970,150, 0
12971,318, 0
12972,586, 0
12973,680, 0
12974,710, 0
12975,785, 0
12976,925, 0
12977,1126, 0
12978,1268, 0
12979,1341, 0
12980,1311, 0
12981,1260, 0
12982,1226, 0
12983,1139, 0
12984,947, 0
12985,640, 0
12986,287, 0
12987,51, 0
12988,183, 0
12989,263, 0
12990,270, 0
12991,282, 0
12992,292, 0
12993,267, 0
12994,183, 0
12995,58, 0
12996,2, 0
12997,12, 0
12998,2, 0
12999,63, 0
13000,156, 0
13001,235, 0
13002,316, 0
13003,349, 0
13004,364, 0
13005,373, 0
13006,387, 0
13007,385, 0
13008,377, 0
13009,372, 0
13010,394, 0
13011,393, 0
13012,380, 0
13013,376, 0
13014,390, 0
13015,420, 2
13016,431, 0
13017,413, 0
13018,315, 0
13019,183, 0
13020,107, 0
13021,117, 0
13022,211, 0
13023,348, 0
13024,483, 0
13025,577, 0
13026,622, 0
13027,618, 0
13028,556, 0
13029,439, 0
13030,263, 0
13031,130, 0
13032,11, 0
13033,138, 0
13034,257, 0
13035,237, 0
13036,136, 0
13037,35, 0
13038,113, 0
13039,253, 0
13040,406, 0
13041,619, 0
13042,895, 0
13043,1125, 0
13044,1295, 0
13045,1385, 0
13046,1393, 0
13047,1268, 0
13048,1001, 0
13049,562, 0
13050,116, 0
13051,220, 0
13052,420, 0
13053,494, 0
13054,499, 0
13055,479, 0
13056,462, 0
13057,447, 0
13058,442, 0
13059,409, 0
13060,355, 0
13061,313, 0
13062,293, 0
13063,265, 1
13064,192, 0
13065,83, 0
13066,23, 0
13067,134, 0
13068,215, 0
13069,148, 0
13070,25, 0
13071,141, 0
13072,284, 0
13073,307, 0
13074,252, 0
13075,160, 0
13076,108, 0
13077,121, 0
13078,183, 0
13079,210, 0
13080,165, 0
13081,115, 0
13082,29, 0
13083,24, 0
13084,104, 0
13085,182, 0
13086,261, 0
13087,306, 0
13088,356, 0
13089,465, 0
13090,635, 0
13091,788, 0
13092,871, 0
13093,846, 0
13094,771, 0
13095,703, 0
13096,630, 0
13097,559, 0
13098,452, 0
13099,280, 0
13100,99, 0
13101,11, 0
13102,6, 0
13103,13, 0
13104,25, 0
13105,58, 0
13106,130, 0
13107,220, 0
13108,316, 0
13109,399, 0
13110,386, 0
13111,211, 0
13112,40, 0
13113,121, 0
13114,185, 0
13115,161, 0
13116,163, 2
13117,195, 0
13118,234, 0
13119,189, 0
13120,110, 0
13121,24, 0
13122,0, 0
13123,44, 0
13124,167, 0
13125,284, 1
13126,384, 0
13127,494, 0
13128,634, 0
13129,715, 0
13130,705, 0
13131,673, 0
13132,644, 0
13133,562, 0
13134,391, 0
13135,183, 4
13136,21, 2
13137,74, 10
13138,180, 14
13139,289, 0
13140,346, 0
13141,403, 0
13142,446, 0
13143,409, 0
13144,337, 0
13145,347, 0
13146,451, 0
13147,525, 0
13148,451, 0
13149,227, 0
13150,43, 0
13151,108, 0
13152,232, 0
13153,302, 0
13154,326, 0
13155,326, 0
13156,325, 0
13157,304, 0
13158,258, 0
13159,238, 0
13160,280, 0
13161,323, 0
13162,378, 0
13163,446, 0
13164,512, 0
13165,578, 0
13166,640, 0
13167,638, 0
13168,570, 0
13169,427, 0
13170,268, 0
13171,170, 0
13172,97, 0
13173,65, 0
13174,44, 0
13175,60, 0
13176,137, 0
13177,210, 0
13178,334, 0
13179,423, 0
13180,480, 0
13181,521, 0
13182,505, 0
13183,426, 0
13184,334, 0
13185,291, 0
13186,268, 0
13187,253, 0
13188,234, 0
13189,207, 0
13190,139, 0
13191,37, 0
13192,112, 0
13193,353, 0
13194,582, 0
13195,718, 2
13196,703, 2
13197,556, 0
13198,352, 0
13199,140, 6
13200,12, 3
13201,0, 9
13202,25, 0
13203,79, 0
13204,147, 0
13205,199, 0
13206,203, 0
13207,170, 0
13208,118, 0
13209,111, 0
13210,95, 0
13211,88, 0
13212,44, 0
13213,4, 0
13214,0, 0
13215,0, 0
13216,22, 0
13217,85, 0
13218,157, 0
13219,198, 0
13220,189, 0
13221,174, 0
13222,205, 0
13223,284, 0
13224,433, 0
13225,623, 0
13226,824, 0
13227,992, 0
13228,1059, 0
13229,984, 0
13230,794, 0
13231,555, 0
13232,307, 0
13233,45, 0
13234,159, 0
13235,337, 0
13236,409, 0
13237,391, 3
13238,293, 0
13239,130, 0
13240,34, 0
13241,193, 0
13242,306, 0
13243,352, 0
13244,319, 0
13245,220, 0
13246,129, 0
13247,87, 0
13248,52, 0
13249,44, 0
13250,83, 0
13251,121, 9
13252,128, 0
13253,164, 0
13254,260, 0
13255,408, 8
13256,513, 0
13257,538, 0
13258,518, 9
13259,446, 0
13260,410, 6
13261,348, 6
13262,197, 1
13263,31, 0
13264,117, 0
13265,258, 0
13266,378, 0
13267,513, 0
13268,601, 0
13269,594, 0
13270,484, 0
13271,385, 0
13272,306, 0
13273,228, 0
13274,180, 0
13275,159, 0
13276,154, 0
13277,129, 0
13278,139, 0
13279,123, 0
13280,44, 0
13281,25, 0
13282,164, 0
13283,292, 0
13284,361, 0
13285,371, 0
13286,351, 0
13287,356, 0
13288,367, 0
13289,411, 0
13290,505, 0
13291,630, 0
13292,730, 0
13293,793, 0
13294,835, 0
13295,865, 0
13296,897, 0
13297,902, 0
13298,891, 0
13299,832, 0
13300,740, 0
13301,630, 0
13302,488, 0
13303,310, 0
13304,92, 0
13305,25, 0
13306,115, 0
13307,145, 0
13308,192, 0
13309,257, 0
13310,341, 0
13311,355, 0
13312,261, 0
13313,85, 0
13314,47, 0
13315,165, 1
13316,206, 0
13317,181, 1
13318,116, 0
13319,44, 0
13320,7, 0
13321,80, 0
13322,111, 12
13323,73, 0
13324,17, 0
13325,32, 0
13326,152, 0
13327,265, 0
13328,328, 0
13329,354, 0
13330,323, 0
13331,220, 0
13332,111, 0
13333,14, 0
13334,78, 0
13335,83, 0
13336,37, 0
13337,9, 0
13338,116, 0
13339,246, 0
13340,315, 0
13341,313, 0
13342,216, 0
13343,111, 0
13344,11, 0
13345,11, 0
13346,93, 0
13347,180, 0
13348,286, 0
13349,400, 0
13350,485, 0
13351,424, 0
13352,183, 0
13353,74, 0
13354,324, 0
13355,564, 0
13356,778, 0
13357,992, 3
13358,1231, 0
13359,1417, 0
13360,1478, 0
13361,1393, 0
13362,1250, 0
13363,1074, 0
13364,771, 0
13365,356, 0
13366,104, 0
13367,436, 0
13368,738, 0
13369,928, 0
13370,1091, 0
13371,1211, 0
13372,1220, 0
13373,1091, 0
13374,902, 0
13375,713, 0
13376,476, 0
13377,270, 0
13378,99, 0
13379,8, 0
13380,5, 2
13381,55, 10
13382,158, 0
13383,293, 0
13384,460, 2
13385,619, 0
13386,733, 0
13387,792, 0
13388,759, 0
13389,647, 0
13390,490, 0
13391,226, 0
13392,62, 0
13393,251, 0
13394,371, 0
13395,415, 0
13396,354, 0
13397,201, 0
13398,41, 0
13399,58, 0
13400,168, 0
13401,196, 0
13402,233, 0
13403,256, 0
13404,279, 0
13405,269, 0
13406,263, 0
13407,287, 0
13408,411, 0
13409,557, 0
13410,644, 0
13411,644, 0
13412,578, 0
13413,494, 0
13414,370, 0
13415,226, 0
13416,93, 0
13417,25, 0
13418,29, 0
13419,93, 0
13420,152, 0
13421,202, 0
13422,222, 0
13423,252, 0
13424,306, 0
13425,306, 0
13426,337, 0
13427,387, 0
13428,465, 0
13429,517, 0
13430,496, 0
13431,355, 0
13432,174, 0
13433,29, 0
13434,15, 0
13435,90, 0
13436,135, 0
13437,108, 0
13438,23, 0
13439,12, 9
13440,35, 6
13441,19, 17
13442,44, 0
13443,136, 0
13444,244, 0
13445,348, 0
13446,384, 0
13447,384, 0
13448,370, 0
13449,402, 0
13450,442, 0
13451,512, 4
13452,594, 0
13453,698, 0
13454,802, 0
13455,902, 0
13456,1004, 0
13457,1014, 0
13458,894, 0
13459,635, 0
13460,309, 0
13461,54, 0
13462,252, 0
13463,445, 0
13464,487, 0
13465,427, 0
13466,354, 0
13467,308, 0
13468,345, 0
13469,427, 0
13470,576, 0
13471,750, 0
13472,871, 0
13473,888, 0
13474,878, 0
13475,819, 0
13476,726, 0
13477,612, 0
13478,457, 0
13479,287, 0
13480,122, 0
13481,8, 0
13482,61, 0
13483,109, 0
13484,96, 0
13485,75, 0
13486,21, 0
13487,0, 0
13488,7, 0
13489,25, 0
13490,28, 0
13491,3, 0
13492,40, 0
13493,134, 0
13494,211, 0
13495,299, 0
13496,355, 0
13497,396, 0
13498,401, 0
13499,400, 0
13500,396, 0
13501,404, 0
13502,428, 0
13503,462, 6
13504,516, 0
13505,564, 0
13506,624, 1
13507,689, 0
13508,766, 0
13509,829, 0
13510,846, 0
13511,816, 0
13512,837, 0
13513,856, 0
13514,918, 0
13515,888, 0
13516,718, 0
13517,475, 0
13518,208, 0
13519,24, 0
13520,89, 0
13521,91, 0
13522,12, 0
13523,73, 0
13524,127, 0
13525,141, 0
13526,159, 0
13527,227, 0
13528,249, 0
13529,161, 0
13530,32, 0
13531,201, 0
13532,372, 0
13533,451, 0
13534,414, 0
13535,337, 0
13536,200, 0
13537,77, 0
13538,20, 0
13539,27, 0
13540,25, 0
13541,25, 0
13542,23, 0
13543,6, 0
13544,35, 0
13545,84, 0
13546,170, 0
13547,201, 0
13548,232, 0
13549,232, 0
13550,234, 0
13551,244, 0
13552,231, 0
13553,217, 0
13554,216, 0
13555,215, 0
13556,234, 0
13557,262, 0
13558,274, 0
13559,349, 0
13560,515, 0
13561,689, 0
13562,819, 0
13563,873, 0
13564,931, 0
13565,921, 6
13566,814, 3
13567,667, 0
13568,513, 0
13569,301, 0
13570,70, 0
13571,355, 0
13572,592, 0
13573,638, 0
13574,555, 0
13575,406, 0
13576,268, 0
13577,207, 0
13578,214, 0
13579,238, 0
13580,275, 0
13581,329, 0
13582,400, 0
13583,430, 0
13584,361, 0
13585,222, 0
13586,57, 0
13587,20, 0
13588,120, 0
13589,196, 0
13590,232, 0
13591,226, 0
13592,148, 0
13593,123, 0
13594,170, 0
13595,256, 0
13596,356, 0
13597,409, 0
13598,451, 0
13599,447, 0
13600,415, 0
13601,372, 0
13602,337, 0
13603,330, 0
13604,344, 0
13605,383, 0
13606,418, 0
13607,439, 0
13608,430, 0
13609,364, 0
13610,267, 0
13611,167, 0
13612,61, 0
13613,8, 0
13614,70, 0
13615,57, 0
13616,25, 0
13617,183, 0
13618,355, 0
13619,500, 0
13620,583, 0
13621,603, 0
13622,563, 0
13623,439, 4
13624,248, 0
13625,48, 0
13626,172, 3
13627,379, 19
13628,481, 0
13629,446, 0
13630,304, 0
13631,176, 0
13632,109, 0
13633,67, 0
13634,13, 0
13635,70, 0
13636,243, 0
13637,384, 0
13638,452, 0
13639,465, 0
13640,430, 0
13641,403, 0
13642,389, 0
13643,380, 4
13644,302, 0
13645,129, 0
13646,12, 0
13647,92, 0
13648,153, 0
13649,159, 6
13650,180, 0
13651,235, 0
13652,266, 0
13653,271, 0
13654,208, 0
13655,102, 0
13656,15, 0
13657,0, 0
13658,10, 0
13659,22, 0
13660,51, 0
13661,105, 0
13662,207, 0
13663,310, 0
13664,367, 0
13665,414, 0
13666,465, 0
13667,527, 0
13668,617, 0
13669,692, 0
13670,756, 0
13671,784, 0
13672,788, 0
13673,758, 0
13674,620, 0
13675,352, 0
13676,53, 0
13677,108, 0
13678,208, 0
13679,300, 0
13680,439, 0
13681,545, 3
13682,524, 1
13683,368, 0
13684,183, 5
13685,90, 0
13686,79, 10
13687,48, 0
13688,6, 0
13689,77, 0
13690,183, 0
13691,240, 0
13692,242, 0
13693,220, 0
13694,201, 0
13695,189, 0
13696,159, 0
13697,63, 0
13698,10, 0
13699,76, 0
13700,62, 0
13701,9, 0
13702,80, 0
13703,136, 0
13704,135, 0
13705,128, 0
13706,164, 0
13707,224, 0
13708,251, 0
13709,235, 0
13710,221, 0
13711,220, 0
13712,251, 0
13713,282, 0
13714,310, 0
13715,317, 0
13716,317, 0
13717,292, 0
13718,307, 0
13719,348, 0
13720,388, 0
13721,400, 0
13722,396, 0
13723,362, 0
13724,301, 0
13725,254, 0
13726,217, 0
13727,193, 0
13728,186, 0
13729,167, 0
13730,133, 0
13731,102, 0
13732,121, 0
13733,109, 0
13734,92, 0
13735,47, 0
13736,0, 0
13737,17, 0
13738,36, 0
13739,20, 6
13740,2, 0
13741,48, 0
13742,63, 0
13743,76, 0
13744,108, 0
13745,144, 0
13746,191, 0
13747,242, 0
13748,234, 0
13749,174, 0
13750,73, 0
13751,2, 0
13752,5, 0
13753,0, 0
13754,26, 0
13755,63, 0
13756,75, 0
13757,75, 0
13758,83, 0
13759,119, 0
13760,127, 0
13761,158, 0
13762,203, 0
13763,220, 0
13764,224, 0
13765,237, 0
13766,201, 0
13767,145, 0
13768,152, 0
13769,127, 0
13770,107, 0
13771,91, 0
13772,102, 0
13773,144, 0
13774,176, 0
13775,208, 0
13776,217, 0
13777,214, 0
13778,215, 0
13779,211, 0
13780,223, 0
13781,232, 0
13782,237, 0
13783,210, 0
13784,173, 0
13785,147, 0
13786,137, 0
13787,187, 0
13788,269, 0
13789,337, 0
13790,389, 0
13791,394, 0
13792,356, 0
13793,214, 0
13794,57, 0
13795,0, 0
13796,0, 0
13797,0, 0
13798,9, 0
13799,83, 0
13800,122, 0
13801,139, 0
13802,187, 0
13803,233, 0
13804,241, 0
13805,219, 0
13806,196, 0
13807,243, 0
13808,329, 0
13809,387, 0
13810,500, 0
13811,664, 0
13812,827, 0
13813,878, 0
13814,796, 0
13815,583, 0
13816,305, 0
13817,53, 0
13818,154, 0
13819,372, 0
13820,481, 0
13821,580, 0
13822,614, 0
13823,607, 0
13824,589, 0
13825,592, 0
13826,548, 0
13827,518, 0
13828,464, 0
13829,357, 0
13830,239, 0
13831,145, 0
13832,87, 0
13833,78, 0
13834,145, 0
13835,214, 0
13836,207, 0
13837,138, 0
13838,25, 0
13839,47, 0
13840,125, 0
13841,202, 0
13842,224, 0
13843,206, 0
13844,206, 0
13845,215, 0
13846,203, 0
13847,207, 0
13848,220, 0
13849,248, 0
13850,322, 0
13851,421, 0
13852,504, 0
13853,559, 0
13854,575, 0
13855,547, 0
13856,533, 0
13857,481, 0
13858,348, 0
13859,238, 0
13860,136, 0
13861,73, 0
13862,86, 0
13863,135, 0
13864,171, 0
13865,202, 0
13866,226, 0
13867,219, 8
13868,217, 0
13869,190, 1
13870,148, 0
13871,117, 7
13872,130, 0
13873,173, 0
13874,196, 0
13875,213, 0
13876,214, 4
13877,218, 0
13878,219, 0
13879,214, 0
13880,179, 0
13881,179, 0
13882,189, 0
13883,235, 0
13884,278, 0
13885,292, 0
13886,305, 0
13887,285, 0
13888,226, 0
13889,176, 0
13890,152, 0
13891,147, 0
13892,151, 0
13893,154, 0
13894,156, 0
13895,147, 0
13896,176, 0
13897,184, 0
13898,189, 0
13899,200, 0
13900,214, 0
13901,220, 0
13902,264, 0
13903,295, 0
13904,295, 0
13905,351, 0
13906,348, 0
13907,337, 0
13908,330, 0
13909,305, 0
13910,249, 0
13911,189, 0
13912,123, 0
13913,88, 0
13914,53, 0
13915,13, 0
13916,20, 0
13917,28, 0
13918,22, 0
13919,3, 0
13920,38, 0
13921,153, 7
13922,236, 0
13923,278, 0
13924,270, 0
13925,232, 0
13926,185, 0
13927,116, 0
13928,15, 0
13929,59, 0
13930,138, 0
13931,153, 0
13932,102, 3
13933,22, 0
13934,0, 0
13935,0, 0
13936,0, 0
13937,0, 0
13938,0, 0
13939,0, 0
13940,13, 0
13941,5, 0
13942,48, 0
13943,126, 0
13944,176, 0
13945,226, 0
13946,236, 0
13947,235, 0
13948,242, 0
13949,223, 0
13950,234, 0
13951,276, 0
13952,305, 0
13953,325, 0
13954,325, 0
13955,305, 0
13956,251, 0
13957,192, 0
13958,106, 0
13959,32, 0
13960,1, 0
13961,38, 0
13962,153, 0
13963,217, 0
13964,227, 0
13965,190, 0
13966,107, 0
13967,38, 0
13968,3, 0
13969,12, 0
13970,54, 0
13971,83, 0
13972,107, 0
13973,112, 0
13974,118, 0
13975,79, 0
13976,57, 0
13977,25, 0
13978,15, 0
13979,23, 0
13980,84, 0
13981,59, 0
13982,17, 0
13983,125, 0
13984,262, 0
13985,368, 0
13986,424, 0
13987,460, 0
13988,447, 0
13989,371, 0
13990,240, 0
13991,107, 6
13992,25, 17
13993,27, 7
13994,65, 7
13995,127, 2
13996,171, 0
13997,192, 0
13998,191, 0
13999,197, 0
14000,207, 0
14001,189, 0
14002,190, 0
14003,219, 0
14004,244, 0
14005,262, 0
14006,297, 0
14007,312, 0
14008,321, 0
14009,330, 0
14010,306, 0
14011,289, 0
14012,315, 0
14013,323, 0
14014,326, 0
14015,314, 0
14016,274, 0
14017,241, 0
14018,202, 0
14019,133, 0
14020,38, 0
14021,0, 0
14022,5, 0
14023,1, 0
14024,48, 0
14025,124, 0
14026,184, 0
14027,227, 0
14028,256, 0
14029,267, 0
14030,261, 0
14031,159, 0
14032,64, 0
14033,10, 0
14034,18, 0
14035,54, 0
14036,108, 0
14037,135, 0
14038,102, 0
14039,63, 0
14040,27, 0
14041,0, 0
14042,0, 0
14043,0, 0
14044,0, 0
14045,35, 0
14046,91, 0
14047,138, 0
14048,190, 0
14049,221, 0
14050,188, 9
14051,157, 0
14052,183, 4
14053,192, 4
14054,219, 0
14055,218, 0
14056,170, 0
14057,122, 0
14058,106, 0
14059,76, 0
14060,46, 0
14061,42, 0
14062,29, 0
14063,50, 0
14064,69, 0
14065,85, 0
14066,115, 0
14067,141, 0
14068,167, 0
14069,189, 0
14070,200, 0
14071,180, 0
14072,170, 0
14073,164, 0
14074,156, 0
14075,141, 0
14076,138, 0
14077,120, 0
14078,115, 0
14079,111, 0
14080,96, 0
14081,121, 0
14082,139, 0
14083,130, 0
14084,139, 0
14085,141, 4
14086,139, 0
14087,144, 0
14088,171, 0
14089,166, 0
14090,161, 0
14091,137, 0
14092,101, 0
14093,71, 0
14094,76, 0
14095,103, 0
14096,152, 0
14097,193, 0
14098,202, 0
14099,197, 0
14100,191, 0
14101,172, 0
14102,116, 0
14103,88, 0
14104,77, 0
14105,71, 0
14106,95, 0
14107,92, 0
14108,81, 0
14109,86, 0
14110,89, 0
14111,75, 6
14112,89, 0
14113,88, 2
14114,73, 14
14115,69, 0
14116,74, 8
14117,70, 5
14118,59, 0
14119,68, 0
14120,69, 0
14121,75, 0
14122,81, 0
14123,69, 0
14124,76, 0
14125,83, 0
14126,92, 0
14127,130, 0
14128,166, 0
14129,181, 0
14130,189, 0
14131,182, 0
14132,144, 0
14133,104, 0
14134,108, 0
14135,106, 0
14136,109, 0
14137,137, 0
14138,165, 0
14139,204, 0
14140,245, 0
14141,242, 0
14142,241, 0
14143,251, 0
14144,229, 0
14145,248, 0
14146,251, 0
14147,239, 0
14148,224, 0
14149,232, 0
14150,251, 0
14151,251, 0
14152,277, 0
14153,296, 0
14154,306, 0
14155,305, 0
14156,305, 0
14157,297, 0
14158,274, 0
14159,249, 0
14160,223, 0
14161,202, 0
14162,150, 0
14163,51, 0
14164,1, 0
14165,26, 0
14166,68, 0
14167,73, 0
14168,70, 0
14169,38, 0
14170,7, 0
14171,7, 0
14172,35, 0
14173,47, 0
14174,44, 1
14175,26, 5
14176,3, 0
14177,1, 0
14178,17, 0
14179,40, 0
14180,57, 0
14181,89, 0
14182,115, 0
14183,139, 0
14184,152, 0
14185,172, 0
14186,184, 0
14187,223, 0
14188,293, 0
14189,330, 0
14190,329, 0
14191,330, 0
14192,309, 1
14193,256, 0
14194,202, 0
14195,186, 0
14196,164, 0
14197,170, 0
14198,177, 0
14199,158, 0
14200,140, 0
14201,108, 0
14202,95, 0
14203,95, 0
14204,95, 0
14205,95, 0
14206,100, 0
14207,122, 0
14208,134, 0
14209,147, 0
14210,152, 0
14211,142, 0
14212,111, 0
14213,65, 0
14214,7, 0
14215,0, 0
14216,0, 0
14217,19, 0
14218,61, 0
14219,119, 0
14220,160, 0
14221,186, 0
14222,204, 0
14223,176, 0
14224,124, 0
14225,96, 0
14226,80, 0
14227,67, 0
14228,69, 0
14229,70, 0
14230,67, 0
14231,69, 3
14232,74, 0
14233,68, 8
14234,70, 6
14235,70, 5
14236,71, 5
14237,78, 0
14238,94, 0
14239,109, 0
14240,121, 0
14241,138, 0
14242,138, 0
14243,148, 0
14244,154, 0
14245,147, 0
14246,154, 0
14247,167, 0
14248,167, 0
14249,214, 0
14250,238, 0
14251,264, 0
14252,247, 0
14253,238, 0
14254,183, 0
14255,165, 0
14256,159, 0
14257,160, 0
14258,169, 0
14259,169, 0
14260,167, 0
14261,159, 0
14262,166, 0
14263,173, 0
14264,187, 0
14265,196, 0
14266,196, 0
14267,207, 0
14268,211, 0
14269,213, 0
14270,202, 0
14271,196, 0
14272,181, 0
14273,157, 0
14274,155, 0
14275,145, 0
14276,144, 0
14277,149, 0
14278,139, 0
14279,158, 0
14280,186, 0
14281,195, 0
14282,189, 0
14283,181, 0
14284,138, 0
14285,70, 0
14286,12, 0
14287,0, 6
14288,2, 0
14289,0, 0
14290,0, 0
14291,10, 0
14292,42, 0
14293,73, 0
14294,88, 0
14295,103, 0
14296,116, 0
14297,119, 7
14298,115, 2
14299,118, 12
14300,127, 45
14301,144, 26
14302,149, 0
14303,136, 0
14304,130, 0
14305,122, 0
14306,116, 0
14307,102, 0
14308,103, 0
14309,113, 0
14310,160, 1
14311,176, 0
14312,199, 0
14313,201, 0
14314,196, 10
14315,160, 0
14316,128, 0
14317,123, 0
14318,121, 0
14319,126, 0
14320,137, 0
14321,126, 0
14322,129, 0
14323,132, 0
14324,130, 0
14325,125, 0
14326,136, 0
14327,135, 0
14328,131, 0
14329,129, 0
14330,135, 0
14331,129, 0
14332,115, 0
14333,150, 0
14334,150, 0
14335,159, 0
14336,157, 0
14337,152, 0
14338,152, 0
14339,165, 0
14340,180, 0
14341,200, 0
14342,208, 0
14343,207, 0
14344,180, 0
14345,131, 0
14346,81, 0
14347,57, 0
14348,63, 0
14349,79, 12
14350,87, 12
14351,90, 2
14352,84, 11
14353,88, 25
14354,101, 17
14355,120, 42
14356,129, 4
14357,132, 35
14358,129, 1
14359,139, 0
14360,149, 0
14361,135, 0
14362,123, 0
14363,113, 0
14364,102, 0
14365,119, 0
14366,126, 0
14367,127, 0
14368,140, 0
14369,140, 0
14370,139, 0
14371,136, 0
14372,131, 0
14373,115, 0
14374,109, 0
14375,95, 0
14376,76, 0
14377,73, 0
14378,78, 0
14379,70, 0
14380,83, 0
14381,89, 0
14382,80, 0
14383,89, 0
14384,95, 0
14385,95, 0
14386,103, 0
14387,107, 0
14388,112, 0
14389,108, 0
14390,102, 0
14391,89, 0
14392,105, 0
14393,117, 0
14394,133, 0
14395,138, 0
14396,150, 0
14397,152, 0
14398,164, 0
14399,175, 0
14400,181, 0
14401,190, 0
14402,183, 0
14403,168, 0
14404,173, 0
14405,177, 0
14406,168, 0
14407,153, 0
14408,164, 0
14409,164, 0
14410,160, 6
14411,147, 0
14412,142, 0
14413,134, 4
14414,136, 0
14415,142, 0
14416,145, 3
14417,143, 0
14418,139, 1
14419,139, 9
14420,139, 0
14421,139, 0
14422,133, 0
14423,134, 0
14424,135, 0
14425,135, 0
14426,150, 0
14427,156, 0
14428,158, 0
14429,158, 0
14430,158, 0
14431,154, 0
14432,156, 0
14433,152, 0
14434,142, 0
14435,136, 0
14436,127, 0
14437,136, 0
14438,132, 0
14439,159, 0
14440,158, 0
14441,170, 0
14442,179, 0
14443,152, 0
14444,170, 0
14445,145, 0
14446,124, 0
14447,122, 0
14448,115, 0
14449,119, 0
14450,144, 0
14451,135, 0
14452,154, 0
14453,164, 0
14454,169, 0
14455,151, 0
14456,133, 0
14457,123, 0
14458,113, 0
14459,108, 0
14460,97, 0
14461,80, 0
14462,75, 0
14463,76, 0
14464,84, 0
14465,99, 0
14466,94, 0
14467,107, 0
14468,100, 0
14469,90, 0
14470,83, 0
14471,94, 0
14472,101, 0
14473,111, 0
14474,123, 0
14475,133, 0
14476,130, 0
14477,140, 4
14478,152, 0
14479,156, 0
14480,164, 3
14481,176, 2
14482,168, 0
14483,166, 0
14484,161, 0
14485,160, 0
14486,156, 0
14487,165, 0
14488,159, 0
14489,152, 0
14490,154, 0
14491,155, 0
14492,164, 2
14493,163, 0
14494,163, 0
14495,149, 0
14496,136, 0
14497,124, 0
14498,123, 0
14499,135, 0
14500,136, 0
14501,129, 0
14502,118, 0
14503,110, 0
14504,108, 0
14505,132, 0
14506,122, 0
14507,136, 0
14508,145, 0
14509,140, 0
14510,137, 0
14511,139, 0
14512,156, 0
14513,156, 0
14514,159, 0
14515,165, 0
14516,158, 0
14517,152, 0
14518,150, 0
14519,136, 0
14520,140, 0
14521,139, 0
14522,129, 0
14523,133, 0
14524,126, 0
14525,124, 0
14526,143, 0
14527,156, 0
14528,145, 0
14529,160, 0
14530,136, 0
14531,153, 0
14532,141, 0
14533,134, 0
14534,126, 0
14535,125, 0
14536,124, 0
14537,132, 0
14538,140, 0
14539,151, 0
14540,152, 0
14541,153, 0
14542,156, 0
14543,157, 0
14544,158, 0
14545,152, 0
14546,150, 0
14547,145, 0
14548,125, 0
14549,123, 0
14550,127, 0
14551,111, 0
14552,107, 0
14553,101, 2
14554,111, 0
14555,104, 0
14556,103, 0
14557,126, 0
14558,139, 0
14559,142, 0
14560,143, 0
14561,149, 0
14562,144, 0
14563,140, 0
14564,132, 0
14565,120, 0
14566,122, 0
14567,101, 0
14568,121, 0
14569,121, 0
14570,127, 0
14571,127, 0
14572,152, 0
14573,139, 0
14574,137, 0
14575,144, 0
14576,150, 0
14577,151, 0
14578,157, 0
14579,150, 0
14580,142, 0
14581,137, 0
14582,111, 0
14583,102, 0
14584,94, 0
14585,80, 0
14586,79, 22
14587,84, 44
14588,72, 31
14589,78, 21
14590,72, 7
14591,72, 0
14592,85, 0
14593,92, 0
14594,93, 0
14595,102, 0
14596,109, 0
14597,113, 0
14598,113, 3
14599,112, 0
14600,122, 6
14601,129, 0
14602,143, 0
14603,145, 0
14604,149, 0
14605,140, 0
14606,133, 0
14607,122, 0
14608,116, 0
14609,108, 0
14610,110, 0
14611,122, 0
14612,126, 0
14613,128, 0
14614,131, 0
14615,128, 0
14616,149, 0
14617,130, 0
14618,131, 0
14619,113, 0
14620,113, 0
14621,123, 0
14622,129, 0
14623,131, 0
14624,133, 0
14625,128, 0
14626,125, 0
14627,125, 0
14628,123, 0
14629,104, 0
14630,122, 0
14631,129, 0
14632,135, 0
14633,159, 0
14634,150, 0
14635,157, 0
14636,164, 0
14637,179, 0
14638,184, 0
14639,183, 0
14640,192, 0
14641,157, 0
14642,142, 0
14643,129, 0
14644,135, 0
14645,158, 0
14646,145, 0
14647,161, 0
14648,173, 0
14649,160, 0
14650,169, 0
14651,150, 0
14652,139, 0
14653,121, 0
14654,121, 0
14655,133, 0
14656,150, 0
14657,149, 0
14658,141, 0
14659,123, 0
14660,110, 18
14661,107, 0
14662,102, 6
14663,95, 0
14664,100, 0
14665,97, 0
14666,95, 0
14667,93, 0
14668,100, 0
14669,102, 0
14670,102, 0
14671,110, 0
14672,117, 0
14673,115, 0
14674,113, 0
14675,115, 0
14676,115, 0
14677,115, 0
14678,112, 0
14679,105, 0
14680,108, 0
14681,119, 0
14682,131, 0
14683,144, 0
14684,155, 0
14685,145, 0
14686,148, 0
14687,134, 0
14688,133, 0
14689,131, 0
14690,133, 0
14691,125, 0
14692,135, 2
14693,138, 0
14694,152, 0
14695,165, 0
14696,154, 0
14697,151, 0
14698,161, 0
14699,148, 0
14700,152, 0
14701,165, 0
14702,155, 0
14703,153, 0
14704,159, 0
14705,159, 0
14706,141, 0
14707,144, 0
14708,133, 0
14709,121, 0
14710,126, 0
14711,124, 0
14712,127, 0
14713,129, 0
14714,127, 0
14715,131, 0
14716,139, 0
14717,134, 0
14718,121, 0
14719,123, 2
14720,118, 0
14721,106, 5
14722,105, 0
14723,102, 1
14724,107, 0
14725,117, 0
14726,127, 0
14727,148, 0
14728,158, 0
14729,181, 0
14730,183, 0
14731,184, 0
14732,188, 0
14733,200, 0
14734,189, 0
14735,183, 0
14736,176, 0
14737,185, 0
14738,166, 0
14739,173, 0
14740,183, 0
14741,190, 0
14742,183, 0
14743,191, 0
14744,183, 0
14745,186, 0
14746,176, 0
14747,165, 0
14748,161, 0
14749,154, 0
14750,147, 0
14751,145, 0
14752,143, 0
14753,136, 0
14754,124, 0
14755,138, 0
14756,158, 0
14757,138, 0
14758,142, 0
14759,131, 0
14760,125, 0
14761,111, 0
14762,95, 0
14763,102, 0
14764,95, 0
14765,91, 0
14766,92, 0
14767,95, 3
14768,88, 0
14769,81, 4
14770,71, 1
14771,69, 0
14772,63, 0
14773,63, 0
14774,63, 0
14775,76, 0
14776,85, 0
14777,92, 0
14778,92, 0
14779,99, 0
14780,100, 0
14781,108, 0
14782,113, 0
14783,97, 0
14784,92, 19
14785,89, 0
14786,95, 6
14787,95, 8
14788,102, 0
14789,111, 0
14790,129, 0
14791,131, 0
14792,131, 0
14793,131, 0
14794,115, 0
14795,132, 0
14796,135, 0
14797,147, 0
14798,147, 0
14799,152, 0
14800,151, 0
14801,150, 0
14802,161, 0
14803,186, 0
14804,177, 0
14805,176, 0
14806,171, 0
14807,151, 0
14808,159, 0
14809,159, 0
14810,158, 0
14811,169, 0
14812,150, 0
14813,143, 0
14814,128, 0
14815,126, 0
14816,128, 0
14817,130, 0
14818,139, 0
14819,140, 0
14820,147, 0
14821,151, 0
14822,152, 0
14823,143, 0
14824,145, 0
14825,134, 0
14826,136, 0
14827,140, 0
14828,140, 0
14829,128, 0
14830,126, 0
14831,129, 0
14832,136, 0
14833,120, 0
14834,128, 0
14835,121, 0
14836,127, 0
14837,124, 0
14838,116, 0
14839,103, 0
14840,95, 0
14841,92, 2
14842,95, 0
14843,102, 0
14844,103, 0
14845,115, 0
14846,113, 2
14847,121, 2
14848,117, 0
14849,121, 0
14850,120, 0
14851,127, 0
14852,125, 0
14853,117, 0
14854,127, 0
14855,126, 0
14856,147, 0
14857,145, 0
14858,139, 0
14859,124, 0
14860,117, 0
14861,110, 0
14862,115, 0
14863,113, 0
14864,120, 0
14865,129, 0
14866,131, 0
14867,130, 0
14868,133, 0
14869,122, 0
14870,151, 0
14871,142, 0
14872,147, 0
14873,147, 0
14874,152, 0
14875,156, 1
14876,159, 0
14877,158, 0
14878,159, 0
14879,159, 0
14880,164, 0
14881,164, 0
14882,164, 0
14883,166, 0
14884,152, 0
14885,142, 0
14886,139, 0
14887,130, 0
14888,131, 0
14889,132, 0
14890,127, 0
14891,131, 0
14892,132, 0
14893,145, 0
14894,141, 0
14895,140, 0
14896,133, 0
14897,133, 0
14898,128, 0
14899,121, 0
14900,115, 0
14901,101, 0
14902,88, 0
14903,86, 0
14904,86, 2
14905,83, 0
14906,91, 8
14907,89, 7
14908,95, 0
14909,97, 0
14910,106, 0
14911,101, 0
14912,110, 0
14913,123, 0
14914,128, 0
14915,129, 0
14916,117, 0
14917,129, 0
14918,135, 0
14919,134, 0
14920,128, 0
14921,124, 0
14922,127, 0
14923,122, 0
14924,132, 0
14925,125, 0
14926,137, 0
14927,139, 0
14928,139, 0
14929,140, 0
14930,144, 0
14931,142, 0
14932,145, 0
14933,175, 0
14934,158, 0
14935,168, 0
14936,165, 0
14937,145, 0
14938,144, 0
14939,112, 0
14940,105, 0
14941,107, 0
14942,118, 0
14943,139, 0
14944,167, 0
14945,161, 0
14946,172, 0
14947,176, 0
14948,158, 0
14949,167, 0
14950,150, 0
14951,135, 0
14952,134, 0
14953,125, 0
14954,121, 0
14955,129, 0
14956,138, 0
14957,133, 0
14958,139, 0
14959,147, 0
14960,143, 0
14961,144, 0
14962,142, 0
14963,139, 0
14964,138, 0
14965,132, 12
14966,124, 22
14967,127, 45
14968,123, 53
14969,122, 2
14970,126, 0
14971,128, 0
14972,127, 0
14973,131, 0
14974,128, 0
14975,117, 0
14976,119, 0
14977,115, 0
14978,101, 0
14979,110, 0
14980,118, 2
14981,111, 0
14982,108, 0
14983,102, 0
14984,94, 0
14985,95, 0
14986,95, 0
14987,103, 0
14988,109, 0
14989,126, 0
14990,106, 0
14991,111, 0
14992,125, 0
14993,139, 0
14994,168, 0
14995,150, 0
14996,141, 0
14997,139, 0
14998,140, 0
14999,151, 0
15000,153, 0
15001,154, 0
15002,144, 0
15003,152, 0
15004,145, 0
15005,156, 0
15006,145, 0
15007,151, 0
15008,151, 0
15009,132, 0
15010,134, 0
15011,127, 0
15012,120, 0
15013,123, 0
15014,111, 0
15015,121, 0
15016,127, 0
15017,124, 0
15018,123, 0
15019,117, 0
15020,117, 0
15021,119, 2
15022,124, 0
15023,117, 8
15024,123, 0
15025,129, 0
15026,134, 19
15027,143, 3
15028,149, 3
15029,145, 31
15030,138, 5
15031,124, 0
15032,119, 11
15033,121, 0
15034,117, 0
15035,118, 0
15036,121, 0
15037,123, 0
15038,134, 0
15039,117, 0
15040,120, 0
15041,121, 0
15042,112, 0
15043,108, 0
15044,127, 0
15045,103, 0
15046,102, 0
15047,115, 0
15048,124, 0
15049,123, 0
15050,128, 0
15051,128, 0
15052,131, 0
15053,124, 0
15054,121, 0
15055,125, 0
15056,130, 0
15057,123, 0
15058,128, 0
15059,129, 0
15060,126, 0
15061,126, 0
15062,127, 0
15063,124, 0
15064,131, 0
15065,134, 0
15066,127, 0
15067,134, 0
15068,126, 0
15069,108, 0
15070,127, 0
15071,130, 0
15072,130, 0
15073,142, 0
15074,142, 0
15075,142, 0
15076,156, 0
15077,157, 0
15078,171, 0
15079,152, 0
15080,160, 11
15081,161, 0
15082,171, 0
15083,173, 0
15084,167, 0
15085,175, 0
15086,169, 0
15087,164, 0
15088,166, 0
15089,161, 0
15090,161, 0
15091,170, 0
15092,168, 0
15093,169, 0
15094,173, 0
15095,170, 0
15096,159, 0
15097,170, 0
15098,164, 0
15099,142, 0
15100,155, 0
15101,134, 0
15102,138, 0
15103,143, 0
15104,154, 0
15105,158, 0
15106,155, 0
15107,141, 0
15108,142, 0
15109,157, 0
15110,156, 0
15111,161, 0
15112,150, 0
15113,142, 0
15114,143, 0
15115,143, 0
15116,145, 0
15117,157, 0
15118,160, 0
15119,163, 0
15120,152, 0
15121,133, 0
15122,131, 0
15123,123, 0
15124,121, 0
15125,121, 0
15126,110, 0
15127,104, 0
15128,108, 0
15129,105, 0
15130,95, 0
15131,102, 0
15132,103, 0
15133,100, 0
15134,87, 0
15135,83, 0
15136,83, 0
15137,90, 0
15138,97, 0
15139,99, 0
15140,97, 0
15141,104, 0
15142,110, 7
15143,106, 0
15144,105, 0
15145,104, 0
15146,108, 0
15147,110, 0
15148,111, 0
15149,121, 0
15150,115, 0
15151,107, 0
15152,101, 0
15153,95, 0
15154,112, 2
15155,125, 0
15156,129, 0
15157,127, 0
15158,127, 0
15159,125, 0
15160,123, 0
15161,125, 0
15162,125, 0
15163,118, 2
15164,121, 0
15165,115, 0
15166,99, 0
15167,106, 0
15168,111, 0
15169,106, 0
15170,107, 0
15171,121, 0
15172,128, 0
15173,136, 0
15174,143, 0
15175,141, 0
15176,141, 0
15177,133, 0
15178,132, 0
15179,134, 0
15180,135, 0
15181,141, 0
15182,151, 0
15183,152, 0
15184,142, 0
15185,133, 0
15186,139, 0
15187,129, 0
15188,122, 0
15189,147, 0
15190,130, 0
15191,115, 0
15192,117, 0
15193,117, 0
15194,111, 0
15195,104, 0
15196,103, 0
15197,101, 0
15198,96, 0
15199,111, 0
15200,121, 0
15201,133, 0
15202,144, 0
15203,150, 0
15204,145, 0
15205,139, 0
15206,122, 0
15207,116, 0
15208,120, 0
15209,110, 0
15210,130, 0
15211,107, 0
15212,102, 19
15213,101, 3
15214,121, 0
15215,106, 0
15216,120, 0
15217,117, 0
15218,130, 9
15219,141, 0
15220,153, 0
15221,161, 0
15222,171, 0
15223,173, 0
15224,164, 0
15225,154, 0
15226,147, 0
15227,136, 0
15228,133, 0
15229,144, 0
15230,145, 0
15231,155, 0
15232,159, 0
15233,150, 0
15234,139, 0
15235,145, 0
15236,142, 0
15237,131, 0
15238,145, 0
15239,143, 0
15240,140, 0
15241,145, 0
15242,143, 0
15243,142, 0
15244,142, 0
15245,137, 0
15246,118, 0
15247,121, 0
15248,128, 0
15249,106, 0
15250,113, 0
15251,118, 0
15252,131, 0
15253,133, 0
15254,134, 0
15255,136, 0
15256,120, 0
15257,119, 0
15258,132, 0
15259,159, 0
15260,139, 0
15261,133, 0
15262,121, 0
15263,115, 0
15264,108, 0
15265,106, 0
15266,106, 0
15267,107, 0
15268,120, 0
15269,123, 0
15270,129, 5
15271,133, 0
15272,138, 0
15273,133, 0
15274,127, 0
15275,150, 0
15276,158, 0
15277,159, 0
15278,157, 0
15279,157, 0
15280,147, 0
15281,155, 0
15282,157, 0
15283,150, 0
15284,155, 0
15285,145, 0
15286,143, 0
15287,133, 0
15288,119, 0
15289,127, 0
15290,133, 0
15291,127, 0
15292,132, 0
15293,140, 0
15294,141, 0
15295,135, 0
15296,138, 0
15297,136, 0
15298,152, 0
15299,145, 0
15300,145, 0
15301,142, 0
15302,152, 0
15303,138, 0
15304,134, 0
15305,136, 0
15306,139, 0
15307,139, 0
15308,141, 0
15309,136, 0
15310,133, 0
15311,134, 0
15312,125, 0
15313,129, 0
15314,137, 0
15315,140, 0
15316,142, 10
15317,137, 35
15318,141, 23
15319,139, 3
15320,152, 0
15321,153, 0
15322,152, 0
15323,145, 0
15324,135, 0
15325,133, 0
15326,138, 0
15327,133, 0
15328,124, 0
15329,133, 0
15330,139, 0
15331,133, 0
15332,140, 0
15333,139, 0
15334,135, 0
15335,132, 0
15336,136, 0
15337,124, 0
15338,121, 0
15339,118, 0
15340,108, 0
15341,116, 2
15342,126, 0
15343,126, 0
15344,128, 0
15345,127, 0
15346,119, 0
15347,106, 0
15348,112, 0
15349,121, 0
15350,121, 0
15351,123, 0
15352,108, 0
15353,124, 0
15354,121, 0
15355,115, 0
15356,108, 0
15357,92, 0
15358,85, 0
15359,89, 0
15360,96, 0
15361,112, 0
15362,127, 0
15363,135, 0
15364,134, 0
15365,145, 0
15366,137, 0
15367,127, 0
15368,123, 0
15369,119, 0
15370,135, 0
15371,145, 0
15372,155, 0
15373,159, 0
15374,168, 0
15375,166, 0
15376,165, 0
15377,161, 0
15378,147, 0
15379,142, 0
15380,132, 0
15381,126, 0
15382,136, 0
15383,139, 0
15384,144, 0
15385,155, 0
15386,153, 0
15387,153, 0
15388,133, 0
15389,109, 0
15390,106, 0
15391,92, 0
15392,101, 6
15393,94, 0
15394,106, 0
15395,128, 0
15396,137, 0
15397,157, 0
15398,156, 0
15399,154, 0
15400,151, 0
15401,139, 0
15402,143, 0
15403,140, 0
15404,137, 0
15405,139, 0
15406,129, 0
15407,121, 0
15408,119, 0
15409,109, 0
15410,100, 0
15411,96, 0
15412,84, 0
15413,83, 0
15414,89, 0
15415,94, 0
15416,99, 0
15417,102, 0
15418,112, 0
15419,121, 0
15420,133, 0
15421,151, 0
15422,151, 0
15423,154, 0
15424,153, 0
15425,141, 0
15426,141, 0
15427,139, 0
15428,139, 0
15429,141, 0
15430,138, 0
15431,143, 0
15432,149, 0
15433,154, 0
15434,153, 0
15435,152, 0
15436,144, 0
15437,122, 0
15438,115, 0
15439,102, 0
15440,100, 0
15441,105, 0
15442,150, 0
15443,140, 0
15444,152, 0
15445,153, 0
15446,144, 0
15447,138, 0
15448,135, 0
15449,115, 0
15450,124, 0
15451,131, 0
15452,142, 4
15453,155, 0
15454,167, 0
15455,168, 0
15456,159, 0
15457,161, 0
15458,130, 0
15459,132, 0
15460,127, 0
15461,118, 2
15462,100, 0
15463,93, 0
15464,91, 0
15465,92, 0
15466,97, 0
15467,104, 5
15468,97, 52
15469,97, 136
15470,81, 173
15471,79, 83
15472,93, 1
15473,112, 0
15474,121, 0
15475,152, 0
15476,153, 0
15477,153, 0
15478,159, 0
15479,164, 0
15480,151, 0
15481,131, 0
15482,121, 0
15483,111, 0
15484,135, 0
15485,158, 0
15486,177, 0
15487,196, 0
15488,201, 0
15489,172, 0
15490,159, 0
15491,144, 0
15492,144, 0
15493,157, 0
15494,168, 0
15495,173, 0
15496,183, 0
15497,188, 0
15498,183, 0
15499,173, 0
15500,165, 0
15501,158, 0
15502,143, 0
15503,138, 0
15504,128, 0
15505,121, 0
15506,115, 0
15507,111, 0
15508,108, 0
15509,117, 0
15510,113, 0
15511,108, 0
15512,117, 0
15513,110, 0
15514,124, 8
15515,137, 31
15516,130, 24
15517,129, 44
15518,104, 46
15519,89, 21
15520,89, 11
15521,83, 0
15522,81, 0
15523,81, 0
15524,97, 0
15525,107, 0
15526,123, 0
15527,136, 0
15528,144, 0
15529,145, 9
15530,152, 0
15531,144, 0
15532,139, 11
15533,129, 15
15534,115, 0
15535,92, 0
15536,99, 0
15537,101, 0
15538,106, 0
15539,131, 0
15540,144, 0
15541,147, 0
15542,152, 0
15543,149, 0
15544,137, 0
15545,145, 0
15546,144, 0
15547,120, 0
15548,133, 0
15549,131, 0
15550,120, 0
15551,127, 0
15552,139, 0
15553,132, 0
15554,135, 0
15555,131, 0
15556,127, 0
15557,123, 0
15558,136, 0
15559,132, 0
15560,129, 1
15561,117, 0
15562,107, 0
15563,107, 0
15564,140, 0
15565,123, 0
15566,118, 0
15567,120, 0
15568,127, 0
15569,130, 0
15570,121, 0
15571,120, 0
15572,122, 1
15573,103, 0
15574,102, 0
15575,86, 1
15576,83, 3
15577,94, 4
15578,108, 28
15579,133, 3
15580,142, 15
15581,151, 17
15582,170, 0
15583,138, 0
15584,131, 0
15585,127, 0
15586,134, 0
15587,139, 0
15588,154, 0
15589,145, 0
15590,142, 0
15591,142, 0
15592,144, 0
15593,148, 0
15594,156, 0
15595,158, 0
15596,172, 0
15597,161, 0
15598,159, 0
15599,151, 0
15600,149, 0
15601,159, 0
15602,152, 0
15603,145, 0
15604,139, 0
15605,144, 0
15606,170, 0
15607,172, 0
15608,145, 0
15609,139, 0
15610,116, 0
15611,118, 0
15612,127, 0
15613,123, 0
15614,124, 0
15615,117, 4
15616,122, 0
15617,130, 0
15618,149, 0
15619,160, 0
15620,170, 0
15621,158, 0
15622,133, 0
15623,116, 0
15624,103, 3
15625,110, 0
15626,119, 0
15627,129, 0
15628,132, 14
15629,111, 46
15630,101, 108
15631,89, 97
15632,87, 57
15633,95, 5
15634,94, 0
15635,122, 0
15636,133, 0
15637,138, 0
15638,142, 0
15639,131, 0
15640,116, 3
15641,108, 0
15642,105, 0
15643,126, 0
15644,106, 0
15645,102, 0
15646,109, 9
15647,106, 0
15648,108, 0
15649,95, 0
15650,105, 0
15651,118, 0
15652,126, 0
15653,143, 0
15654,152, 0
15655,149, 0
15656,153, 0
15657,145, 0
15658,144, 0
15659,145, 0
15660,134, 0
15661,119, 0
15662,122, 0
15663,123, 0
15664,152, 0
15665,161, 0
15666,172, 0
15667,183, 0
15668,195, 0
15669,164, 0
15670,183, 0
15671,155, 0
15672,133, 0
15673,128, 0
15674,126, 0
15675,127, 0
15676,138, 0
15677,147, 0
15678,159, 0
15679,131, 0
15680,145, 0
15681,131, 0
15682,129, 0
15683,120, 0
15684,115, 0
15685,130, 0
15686,138, 0
15687,127, 0
15688,129, 1
15689,116, 37
15690,119, 133
15691,122, 145
15692,129, 159
15693,132, 108
15694,133, 53
15695,144, 37
15696,160, 10
15697,160, 19
15698,155, 0
15699,148, 0
15700,145, 0
15701,139, 0
15702,123, 0
15703,108, 0
15704,93, 3
15705,100, 0
15706,108, 0
15707,109, 0
15708,129, 0
15709,147, 0
15710,156, 0
15711,158, 0
15712,152, 0
15713,152, 0
15714,145, 0
15715,135, 0
15716,124, 0
15717,121, 0
15718,123, 0
15719,143, 0
15720,154, 0
15721,185, 0
15722,177, 0
15723,189, 0
15724,184, 0
15725,183, 0
15726,165, 0
15727,132, 0
15728,123, 0
15729,115, 0
15730,127, 0
15731,143, 0
15732,152, 0
15733,159, 0
15734,152, 0
15735,132, 0
15736,127, 0
15737,102, 0
15738,102, 0
15739,93, 0
15740,92, 0
15741,99, 0
15742,104, 0
15743,127, 0
15744,124, 0
15745,108, 0
15746,95, 0
15747,89, 0
15748,90, 0
15749,100, 0
15750,96, 0
15751,92, 8
15752,95, 0
15753,91, 0
15754,93, 0
15755,99, 0
15756,139, 0
15757,166, 0
15758,164, 0
15759,145, 0
15760,116, 0
15761,90, 0
15762,79, 0
15763,72, 0
15764,77, 0
15765,76, 0
15766,87, 0
15767,81, 0
15768,89, 0
15769,97, 0
15770,103, 0
15771,106, 0
15772,101, 0
15773,112, 8
15774,132, 74
15775,150, 136
15776,153, 244
15777,192, 296
15778,204, 292
15779,202, 198
15780,196, 123
15781,174, 119
15782,165, 59
15783,170, 43
15784,170, 0
15785,187, 0
15786,211, 0
15787,205, 0
15788,198, 0
15789,193, 0
15790,204, 0
15791,189, 0
15792,190, 0
15793,191, 0
15794,181, 0
15795,187, 0
15796,186, 0
15797,161, 0
15798,193, 0
15799,171, 0
15800,167, 0
15801,159, 0
15802,144, 0
15803,120, 0
15804,110, 0
15805,115, 0
15806,109, 0
15807,116, 0
15808,107, 0
15809,104, 0
15810,103, 0
15811,101, 0
15812,100, 0
15813,108, 0
15814,127, 0
15815,132, 0
15816,138, 0
15817,145, 0
15818,142, 0
15819,133, 7
15820,119, 1
15821,102, 20
15822,94, 25
15823,89, 14
15824,110, 0
15825,115, 0
15826,103, 0
15827,90, 0
15828,83, 0
15829,70, 0
15830,59, 0
15831,50, 0
15832,47, 0
15833,68, 0
15834,83, 0
15835,94, 0
15836,105, 0
15837,113, 0
15838,115, 0
15839,101, 0
15840,83, 0
15841,80, 0
15842,105, 45
15843,95, 89
15844,103, 121
15845,115, 89
15846,128, 80
15847,125, 99
15848,139, 64
15849,142, 4
15850,149, 0
15851,156, 0
15852,173, 0
15853,171, 0
15854,164, 0
15855,151, 0
15856,157, 0
15857,149, 0
15858,134, 0
15859,121, 0
15860,101, 0
15861,91, 0
15862,100, 0
15863,122, 0
15864,150, 0
15865,145, 0
15866,169, 0
15867,159, 8
15868,133, 15
15869,115, 0
15870,105, 0
15871,128, 0
15872,152, 0
15873,164, 0
15874,161, 0
15875,135, 0
15876,108, 0
15877,92, 0
15878,97, 0
15879,95, 0
15880,108, 0
15881,127, 0
15882,125, 0
15883,130, 0
15884,139, 0
15885,129, 0
15886,138, 0
15887,140, 57
15888,149, 12
15889,158, 0
15890,168, 0
15891,177, 0
15892,158, 0
15893,159, 0
15894,138, 0
15895,136, 14
15896,137, 2
15897,139, 0
15898,135, 12
15899,143, 57
15900,158, 184
15901,166, 163
15902,173, 53
15903,187, 0
15904,170, 0
15905,183, 0
15906,193, 0
15907,197, 0
15908,184, 0
15909,161, 0
15910,160, 0
15911,141, 0
15912,131, 0
15913,121, 0
15914,108, 0
15915,109, 0
15916,102, 0
15917,133, 0
15918,147, 0
15919,144, 0
15920,170, 0
15921,180, 0
15922,169, 4
15923,149, 0
15924,129, 0
15925,115, 0
15926,127, 0
15927,126, 0
15928,134, 0
15929,129, 0
15930,122, 8
15931,111, 6
15932,103, 0
15933,100, 0
15934,102, 0
15935,95, 0
15936,91, 0
15937,86, 0
15938,101, 0
15939,106, 0
15940,113, 0
15941,131, 3
15942,145, 21
15943,153, 83
15944,137, 152
15945,116, 214
15946,91, 180
15947,73, 172
15948,89, 84
15949,111, 0
15950,139, 0
15951,167, 0
15952,182, 0
15953,157, 0
15954,157, 0
15955,107, 0
15956,84, 0
15957,75, 0
15958,90, 0
15959,113, 0
15960,104, 0
15961,70, 7
15962,38, 87
15963,38, 158
15964,48, 48
15965,61, 0
15966,86, 0
15967,91, 0
15968,116, 0
15969,132, 0
15970,136, 0
15971,139, 0
15972,152, 0
15973,167, 0
15974,193, 0
15975,185, 0
15976,218, 0
15977,226, 0
15978,221, 0
15979,207, 115
15980,171, 202
15981,164, 361
15982,160, 482
15983,170, 600
15984,158, 592
15985,137, 636
15986,95, 673
15987,81, 589
15988,92, 599
15989,122, 458
15990,139, 455
15991,160, 355
15992,186, 180
15993,186, 63
15994,161, 0
15995,152, 0
15996,106, 0
15997,100, 0
15998,99, 0
15999,104, 0
16000,99, 0
16001,84, 0
16002,83, 0
16003,92, 0
16004,111, 0
16005,111, 0
16006,102, 0
16007,85, 2
16008,104, 69
16009,93, 11
16010,116, 19
16011,134, 0
16012,163, 0
16013,157, 0
16014,145, 0
16015,127, 0
16016,111, 0
16017,111, 0
16018,133, 0
16019,177, 0
16020,208, 0
16021,233, 0
16022,238, 0
16023,221, 0
16024,200, 0
16025,172, 0
16026,164, 0
16027,164, 0
16028,170, 0
16029,185, 0
16030,216, 0
16031,232, 160
16032,240, 400
16033,206, 319
16034,148, 234
16035,77, 44
16036,17, 0
16037,0, 0
16038,0, 0
16039,0, 0
16040,25, 0
16041,75, 0
16042,142, 0
16043,133, 13
16044,105, 45
16045,78, 21
16046,92, 0
16047,123, 0
16048,136, 0
16049,151, 0
16050,152, 1
16051,149, 2
16052,136, 5
16053,119, 65
16054,100, 177
16055,83, 36
16056,111, 0
16057,157, 0
16058,184, 0
16059,196, 0
16060,196, 0
16061,167, 0
16062,131, 0
16063,106, 0
16064,92, 0
16065,95, 27
16066,93, 240
16067,80, 640
16068,76, 788
16069,62, 631
16070,69, 95
16071,92, 0
16072,141, 0
16073,170, 0
16074,175, 0
16075,151, 0
16076,136, 0
16077,151, 0
16078,188, 0
16079,219, 0
16080,261, 0
16081,265, 0
16082,255, 0
16083,193, 0
16084,153, 0
16085,97, 0
16086,65, 0
16087,62, 17
16088,50, 95
16089,31, 263
16090,1, 367
16091,0, 573
16092,17, 658
16093,9, 545
16094,0, 488
16095,15, 306
16096,64, 159
16097,129, 17
16098,127, 0
16099,152, 0
16100,166, 0
16101,163, 0
16102,176, 0
16103,206, 0
16104,226, 0
16105,227, 0
16106,236, 0
16107,223, 0
16108,207, 0
16109,183, 0
16110,129, 0
16111,71, 0
16112,35, 0
16113,34, 0
16114,38, 0
16115,32, 1
16116,31, 56
16117,51, 195
16118,86, 257
16119,135, 305
16120,173, 284
16121,188, 229
16122,224, 78
16123,228, 0
16124,249, 0
16125,237, 0
16126,230, 0
16127,240, 0
16128,220, 0
16129,220, 0
16130,208, 0
16131,160, 0
16132,115, 0
16133,87, 0
16134,91, 11
16135,132, 115
16136,152, 202
16137,196, 192
16138,228, 45
16139,260, 0
16140,263, 0
16141,226, 0
16142,174, 0
16143,99, 0
16144,17, 0
16145,27, 0
16146,51, 0
16147,51, 0
16148,11, 0
16149,3, 0
16150,37, 0
16151,61, 0
16152,75, 0
16153,70, 204
16154,76, 453
16155,121, 388
16156,179, 269
16157,240, 148
16158,263, 8
16159,281, 0
16160,277, 0
16161,255, 0
16162,223, 0
16163,228, 0
16164,202, 0
16165,186, 0
16166,152, 0
16167,108, 0
16168,85, 0
16169,72, 0
16170,72, 0
16171,79, 0
16172,91, 0
16173,139, 0
16174,200, 0
16175,220, 0
16176,233, 0
16177,233, 0
16178,207, 0
16179,174, 0
16180,142, 0
16181,132, 0
16182,121, 0
16183,136, 0
16184,132, 0
16185,133, 41
16186,124, 224
16187,106, 327
16188,83, 639
16189,60, 725
16190,57, 739
16191,62, 765
16192,77, 654
16193,85, 438
16194,100, 352
16195,111, 338
16196,133, 211
16197,141, 77
16198,149, 0
16199,151, 0
16200,140, 0
16201,121, 0
16202,107, 0
16203,105, 0
16204,100, 0
16205,89, 0
16206,112, 0
16207,139, 0
16208,159, 0
16209,167, 0
16210,156, 0
16211,135, 0
16212,116, 0
16213,91, 0
16214,64, 0
16215,26, 0
16216,20, 0
16217,32, 0
16218,73, 0
16219,121, 0
16220,161, 0
16221,203, 0
16222,234, 0
16223,267, 0
16224,281, 0
16225,273, 0
16226,262, 0
16227,248, 0
16228,214, 0
16229,183, 0
16230,154, 0
16231,144, 0
16232,134, 10
16233,121, 142
16234,100, 58
16235,84, 0
16236,71, 0
16237,44, 0
16238,27, 0
16239,30, 0
16240,44, 0
16241,77, 0
16242,95, 0
16243,113, 0
16244,121, 6
16245,139, 0
16246,145, 0
16247,142, 14
16248,133, 206
16249,122, 470
16250,94, 799
16251,79, 935
16252,75, 779
16253,101, 582
16254,138, 506
16255,170, 398
16256,196, 60
16257,212, 0
16258,208, 0
16259,204, 0
16260,183, 0
16261,152, 0
16262,142, 0
16263,167, 0
16264,199, 0
16265,198, 0
16266,165, 0
16267,104, 0
16268,64, 0
16269,45, 0
16270,34, 0
16271,32, 0
16272,46, 0
16273,57, 0
16274,64, 0
16275,77, 0
16276,89, 0
16277,85, 0
16278,95, 0
16279,84, 0
16280,83, 0
16281,84, 45
16282,83, 63
16283,87, 6
16284,103, 0
16285,127, 0
16286,144, 0
16287,159, 0
16288,164, 0
16289,185, 0
16290,203, 0
16291,193, 0
16292,186, 6
16293,171, 0
16294,158, 0
16295,153, 0
16296,158, 0
16297,166, 0
16298,184, 0
16299,221, 0
16300,263, 0
16301,265, 0
16302,241, 0
16303,223, 0
16304,189, 0
16305,140, 0
16306,139, 18
16307,110, 296
16308,86, 700
16309,45, 765
16310,35, 734
16311,52, 554
16312,77, 254
16313,108, 135
16314,131, 186
16315,144, 159
16316,139, 234
16317,122, 208
16318,87, 106
16319,85, 90
16320,105, 12
16321,133, 0
16322,141, 0
16323,127, 0
16324,92, 0
16325,76, 0
16326,72, 0
16327,100, 0
16328,132, 0
16329,175, 0
16330,196, 0
16331,197, 0
16332,173, 0
16333,156, 0
16334,137, 0
16335,127, 0
16336,122, 0
16337,106, 8
16338,95, 110
16339,90, 338
16340,94, 441
16341,108, 357
16342,121, 130
16343,123, 6
16344,115, 0
16345,109, 0
16346,107, 0
16347,110, 0
16348,124, 0
16349,143, 0
16350,152, 0
16351,164, 0
16352,177, 0
16353,192, 0
16354,192, 71
16355,169, 338
16356,145, 494
16357,126, 406
16358,139, 326
16359,155, 229
16360,179, 21
16361,204, 0
16362,201, 0
16363,189, 0
16364,152, 0
16365,122, 0
16366,58, 0
16367,3, 34
16368,0, 159
16369,14, 241
16370,80, 217
16371,160, 156
16372,211, 95
16373,236, 95
16374,232, 9
16375,229, 15
16376,201, 112
16377,159, 134
16378,115, 5
16379,78, 0
16380,63, 0
16381,79, 0
16382,76, 0
16383,84, 0
16384,115, 0
16385,170, 0
16386,224, 0
16387,247, 0
16388,243, 0
16389,231, 0
16390,227, 0
16391,201, 57
16392,171, 300
16393,130, 600
16394,84, 790
16395,42, 912
16396,46, 771
16397,44, 567
16398,90, 527
16399,121, 404
16400,137, 116
16401,144, 0
16402,130, 0
16403,166, 0
16404,202, 0
16405,196, 0
16406,196, 0
16407,175, 10
16408,144, 13
16409,115, 85
16410,81, 72
16411,75, 139
16412,88, 112
16413,83, 139
16414,101, 44
16415,117, 13
16416,140, 41
16417,176, 63
16418,202, 13
16419,202, 0
16420,184, 0
16421,155, 0
16422,103, 0
16423,92, 0
16424,92, 0
16425,111, 0
16426,133, 0
16427,121, 0
16428,112, 0
16429,99, 0
16430,129, 0
16431,127, 0
16432,153, 0
16433,152, 0
16434,113, 0
16435,57, 0
16436,11, 0
16437,0, 76
16438,0, 157
16439,6, 72
16440,37, 0
16441,71, 0
16442,83, 0
16443,76, 0
16444,79, 0
16445,105, 0
16446,149, 0
16447,183, 0
16448,212, 0
16449,236, 0
16450,245, 0
16451,238, 0
16452,231, 26
16453,204, 14
16454,171, 0
16455,124, 0
16456,84, 0
16457,65, 0
16458,53, 1
16459,39, 0
16460,22, 2
16461,17, 2
16462,6, 0
16463,5, 0
16464,37, 0
16465,80, 0
16466,130, 0
16467,182, 0
16468,182, 0
16469,204, 0
16470,228, 2
16471,259, 0
16472,295, 0
16473,309, 0
16474,322, 0
16475,306, 0
16476,256, 0
16477,191, 0
16478,111, 0
16479,44, 0
16480,9, 0
16481,14, 0
16482,22, 0
16483,36, 0
16484,52, 0
16485,70, 0
16486,92, 0
16487,101, 0
16488,97, 0
16489,83, 0
16490,63, 0
16491,84, 0
16492,79, 0
16493,80, 0
16494,90, 0
16495,87, 2
16496,89, 21
16497,88, 0
16498,102, 0
16499,123, 0
16500,140, 0
16501,174, 0
16502,202, 0
16503,220, 0
16504,238, 0
16505,238, 0
16506,215, 0
16507,198, 3
16508,173, 6
16509,161, 0
16510,115, 0
16511,77, 0
16512,53, 0
16513,62, 0
16514,101, 0
16515,136, 0
16516,164, 0
16517,170, 0
16518,183, 0
16519,180, 0
16520,186, 0
16521,193, 0
16522,214, 0
16523,241, 0
16524,234, 0
16525,222, 0
16526,189, 0
16527,163, 0
16528,158, 1
16529,156, 0
16530,189, 0
16531,166, 0
16532,145, 0
16533,108, 15
16534,108, 55
16535,115, 21
16536,139, 22
16537,169, 0
16538,193, 0
16539,214, 0
16540,232, 0
16541,231, 0
16542,195, 0
16543,137, 0
16544,90, 0
16545,59, 0
16546,67, 0
16547,83, 9
16548,76, 167
16549,61, 293
16550,34, 359
16551,4, 387
16552,18, 213
16553,61, 70
16554,127, 70
16555,154, 241
16556,174, 539
16557,147, 796
16558,129, 959
16559,108, 895
16560,109, 450
16561,115, 17
16562,121, 0
16563,121, 0
16564,115, 0
16565,86, 0
16566,48, 0
16567,44, 0
16568,57, 0
16569,89, 0
16570,100, 0
16571,112, 0
16572,124, 0
16573,143, 0
16574,152, 0
16575,173, 3
16576,139, 169
16577,138, 300
16578,142, 287
16579,156, 159
16580,183, 46
16581,190, 164
16582,185, 276
16583,183, 232
16584,183, 29
16585,175, 0
16586,164, 0
16587,129, 31
16588,106, 139
16589,89, 147
16590,79, 64
16591,86, 177
16592,88, 362
16593,89, 519
16594,89, 607
16595,100, 538
16596,96, 439
16597,89, 219
16598,80, 141
16599,88, 177
16600,132, 189
16601,149, 183
16602,169, 26
16603,156, 0
16604,133, 0
16605,127, 0
16606,126, 0
16607,154, 0
16608,179, 0
16609,196, 0
16610,197, 0
16611,190, 10
16612,187, 43
16613,158, 31
16614,104, 26
16615,69, 58
16616,72, 102
16617,90, 30
16618,121, 0
16619,149, 0
16620,179, 0
16621,188, 0
16622,183, 51
16623,176, 217
16624,213, 244
16625,241, 93
16626,266, 0
16627,265, 0
16628,237, 0
16629,189, 0
16630,150, 0
16631,116, 0
16632,90, 0
16633,57, 0
16634,32, 0
16635,14, 0
16636,35, 0
16637,15, 68
16638,38, 0
16639,59, 0
16640,72, 0
16641,90, 0
16642,86, 0
16643,70, 0
16644,58, 0
16645,65, 0
16646,79, 0
16647,92, 0
16648,89, 0
16649,91, 0
16650,96, 0
16651,111, 0
16652,133, 0
16653,152, 0
16654,164, 0
16655,174, 0
16656,171, 0
16657,167, 0
16658,155, 0
16659,143, 0
16660,127, 0
16661,133, 0
16662,139, 0
16663,135, 0
16664,132, 0
16665,127, 0
16666,131, 0
16667,123, 0
16668,141, 0
16669,139, 0
16670,119, 0
16671,111, 0
16672,112, 0
16673,108, 0
16674,118, 0
16675,105, 20
16676,95, 10
16677,133, 0
16678,173, 0
16679,197, 0
16680,227, 0
16681,240, 0
16682,233, 2
16683,226, 92
16684,218, 130
16685,188, 31
16686,145, 0
16687,100, 0
16688,74, 0
16689,63, 0
16690,83, 0
16691,106, 0
16692,131, 0
16693,126, 0
16694,152, 0
16695,169, 0
16696,207, 0
16697,251, 0
16698,244, 0
16699,237, 0
16700,207, 40
16701,189, 12
16702,170, 0
16703,173, 0
16704,159, 0
16705,149, 14
16706,124, 107
16707,121, 208
16708,108, 386
16709,94, 466
16710,105, 579
16711,130, 617
16712,157, 278
16713,200, 12
16714,207, 0
16715,221, 0
16716,214, 0
16717,179, 0
16718,115, 0
16719,61, 0
16720,73, 0
16721,57, 0
16722,51, 0
16723,45, 0
16724,13, 0
16725,3, 0
16726,17, 0
16727,53, 0
16728,115, 0
16729,171, 0
16730,161, 0
16731,159, 0
16732,164, 0
16733,173, 0
16734,151, 0
16735,132, 0
16736,102, 6
16737,55, 61
16738,34, 70
16739,28, 88
16740,46, 171
16741,48, 346
16742,52, 446
16743,60, 601
16744,76, 570
16745,97, 723
16746,111, 685
16747,154, 555
16748,176, 371
16749,188, 63
16750,200, 0
16751,221, 0
16752,198, 0
16753,187, 0
16754,156, 25
16755,126, 0
16756,112, 0
16757,145, 0
16758,189, 0
16759,207, 0
16760,196, 0
16761,187, 3
16762,180, 0
16763,179, 0
16764,155, 0
16765,145, 0
16766,123, 0
16767,80, 0
16768,64, 0
16769,44, 0
16770,36, 0
16771,44, 0
16772,72, 0
16773,100, 0
16774,112, 0
16775,119, 0
16776,122, 0
16777,127, 0
16778,133, 0
16779,141, 0
16780,111, 0
16781,108, 26
16782,120, 100
16783,136, 132
16784,188, 83
16785,217, 0
16786,240, 0
16787,219, 0
16788,174, 0
16789,129, 0
16790,101, 0
16791,121, 0
16792,145, 0
16793,158, 0
16794,156, 0
16795,130, 0
16796,121, 0
16797,118, 0
16798,134, 0
16799,154, 0
16800,159, 2
16801,153, 0
16802,137, 0
16803,113, 0
16804,113, 6
16805,132, 12
16806,142, 6
16807,144, 1
16808,155, 0
16809,164, 0
16810,170, 0
16811,167, 0
16812,159, 0
16813,136, 0
16814,142, 0
16815,164, 0
16816,183, 0
16817,197, 0
16818,220, 0
16819,216, 0
16820,179, 12
16821,127, 5
16822,77, 0
16823,57, 0
16824,42, 0
16825,19, 0
16826,26, 0
16827,51, 0
16828,89, 0
16829,131, 0
16830,144, 0
16831,125, 0
16832,108, 0
16833,92, 0
16834,88, 0
16835,99, 0
16836,128, 0
16837,127, 0
16838,125, 0
16839,110, 0
16840,101, 0
16841,86, 0
16842,96, 0
16843,128, 0
16844,142, 0
16845,131, 0
16846,110, 0
16847,96, 0
16848,89, 0
16849,95, 0
16850,115, 0
16851,130, 0
16852,139, 37
16853,143, 12
16854,135, 15
16855,117, 0
16856,101, 0
16857,88, 2
16858,80, 19
16859,79, 133
16860,78, 170
16861,89, 70
16862,108, 0
16863,128, 0
16864,139, 19
16865,148, 11
16866,152, 0
16867,176, 0
16868,171, 0
16869,195, 0
16870,187, 0
16871,183, 0
16872,192, 0
16873,203, 0
16874,207, 0
16875,196, 0
16876,180, 0
16877,143, 0
16878,133, 0
16879,135, 0
16880,143, 0
16881,139, 0
16882,133, 79
16883,113, 300
16884,100, 450
16885,107, 391
16886,121, 398
16887,141, 406
16888,154, 210
16889,159, 183
16890,177, 50
16891,139, 0
16892,115, 0
16893,94, 0
16894,115, 0
16895,135, 0
16896,147, 0
16897,163, 0
16898,147, 0
16899,133, 0
16900,115, 0
16901,115, 0
16902,124, 0
16903,139, 0
16904,154, 0
16905,140, 0
16906,141, 0
16907,135, 0
16908,140, 0
16909,142, 0
16910,117, 0
16911,97, 12
16912,73, 46
16913,70, 72
16914,91, 20
16915,104, 9
16916,121, 0
16917,129, 18
16918,135, 0
16919,145, 45
16920,159, 51
16921,145, 92
16922,129, 22
16923,107, 11
16924,102, 0
16925,106, 0
16926,107, 0
16927,112, 0
16928,102, 0
16929,99, 0
16930,96, 0
16931,104, 0
16932,118, 0
16933,136, 0
16934,154, 0
16935,158, 5
16936,137, 0
16937,131, 0
16938,139, 0
16939,163, 0
16940,170, 0
16941,153, 0
16942,128, 0
16943,104, 0
16944,102, 0
16945,105, 0
16946,121, 0
16947,138, 0
16948,143, 25
16949,139, 6
16950,130, 0
16951,108, 0
16952,123, 0
16953,121, 0
16954,161, 0
16955,182, 0
16956,172, 0
16957,150, 0
16958,142, 0
16959,138, 0
16960,153, 0
16961,133, 0
16962,124, 0
16963,97, 0
16964,87, 0
16965,100, 0
16966,145, 0
16967,190, 0
16968,207, 0
16969,193, 0
16970,189, 0
16971,133, 0
16972,84, 0
16973,63, 0
16974,53, 0
16975,70, 0
16976,76, 0
16977,79, 0
16978,84, 0
16979,101, 0
16980,108, 6
16981,111, 67
16982,132, 137
16983,116, 117
16984,121, 117
16985,133, 39
16986,141, 0
16987,151, 0
16988,163, 6
16989,152, 0
16990,148, 0
16991,133, 0
16992,136, 0
16993,169, 0
16994,196, 0
16995,214, 0
16996,226, 0
16997,212, 0
16998,199, 0
16999,202, 0
17000,195, 2
17001,207, 0
17002,202, 0
17003,171, 3
17004,128, 0
17005,95, 0
17006,96, 0
17007,107, 0
17008,103, 0
17009,95, 0
17010,78, 0
17011,78, 0
17012,89, 0
17013,107, 0
17014,115, 10
17015,137, 62
17016,158, 139
17017,161, 36
17018,158, 0
17019,147, 0
17020,124, 0
17021,95, 0
17022,95, 0
17023,84, 0
17024,108, 0
17025,113, 0
17026,93, 0
17027,89, 2
17028,83, 0
17029,95, 0
17030,113, 0
17031,116, 0
17032,124, 0
17033,139, 0
17034,156, 0
17035,176, 0
17036,183, 0
17037,159, 0
17038,139, 0
17039,106, 1
17040,92, 0
17041,79, 0
17042,76, 14
17043,100, 19
17044,130, 0
17045,147, 0
17046,152, 0
17047,129, 0
17048,116, 0
17049,95, 0
17050,103, 0
17051,124, 0
17052,131, 0
17053,128, 0
17054,117, 0
17055,118, 0
17056,95, 0
17057,91, 0
17058,86, 0
17059,81, 0
17060,97, 0
17061,127, 22
17062,145, 26
17063,163, 47
17064,152, 72
17065,154, 53
17066,157, 17
17067,140, 0
17068,154, 0
17069,147, 0
17070,140, 0
17071,135, 0
17072,139, 0
17073,157, 0
17074,166, 0
17075,152, 0
17076,164, 0
17077,181, 0
17078,179, 0
17079,175, 0
17080,168, 0
17081,155, 0
17082,138, 0
17083,126, 3
17084,94, 0
17085,74, 0
17086,73, 0
17087,57, 0
17088,75, 0
17089,77, 0
17090,83, 0
17091,95, 3
17092,95, 0
17093,90, 0
17094,87, 0
17095,108, 0
17096,110, 0
17097,108, 0
17098,122, 0
17099,119, 0
17100,112, 0
17101,123, 7
17102,113, 0
17103,115, 41
17104,106, 0
17105,121, 0
17106,111, 1
17107,119, 0
17108,131, 7
17109,153, 54
17110,175, 70
17111,221, 6
17112,222, 0
17113,227, 0
17114,224, 0
17115,204, 0
17116,176, 0
17117,130, 0
17118,99, 0
17119,94, 0
17120,102, 0
17121,123, 0
17122,158, 0
17123,192, 0
17124,196, 0
17125,224, 0
17126,227, 0
17127,237, 0
17128,207, 0
17129,193, 0
17130,154, 0
17131,127, 0
17132,118, 0
17133,132, 0
17134,159, 0
17135,208, 0
17136,220, 0
17137,244, 0
17138,217, 0
17139,176, 0
17140,157, 0
17141,133, 0
17142,111, 0
17143,104, 0
17144,85, 0
17145,57, 0
17146,40, 0
17147,41, 0
17148,38, 0
17149,43, 0
17150,45, 0
17151,59, 2
17152,65, 0
17153,73, 0
17154,68, 35
17155,72, 74
17156,81, 42
17157,90, 12
17158,111, 9
17159,127, 0
17160,130, 0
17161,145, 17
17162,158, 18
17163,160, 12
17164,160, 88
17165,145, 53
17166,127, 17
17167,104, 11
17168,97, 0
17169,86, 0
17170,91, 0
17171,89, 0
17172,92, 0
17173,102, 0
17174,117, 0
17175,142, 0
17176,133, 5
17177,126, 0
17178,111, 0
17179,113, 0
17180,139, 0
17181,159, 0
17182,182, 0
17183,184, 0
17184,191, 0
17185,217, 0
17186,191, 0
17187,155, 0
17188,111, 0
17189,88, 0
17190,76, 0
17191,76, 0
17192,92, 0
17193,124, 0
17194,165, 0
17195,182, 0
17196,175, 0
17197,159, 0
17198,130, 0
17199,115, 0
17200,102, 0
17201,95, 0
17202,93, 0
17203,93, 0
17204,115, 0
17205,127, 0
17206,135, 0
17207,138, 0
17208,133, 0
17209,137, 0
17210,139, 0
17211,112, 0
17212,87, 2
17213,83, 0
17214,89, 0
17215,99, 0
17216,110, 0
17217,123, 0
17218,130, 0
17219,126, 1
17220,112, 0
17221,93, 1
17222,90, 3
17223,99, 0
17224,102, 0
17225,117, 6
17226,120, 0
17227,108, 0
17228,107, 0
17229,102, 0
17230,112, 0
17231,125, 0
17232,133, 0
17233,141, 0
17234,147, 0
17235,149, 0
17236,149, 0
17237,152, 0
17238,142, 0
17239,134, 0
17240,125, 0
17241,139, 9
17242,137, 0
17243,148, 0
17244,133, 0
17245,136, 0
17246,144, 0
17247,160, 0
17248,165, 0
17249,173, 0
17250,185, 0
17251,185, 0
17252,196, 0
17253,183, 0
17254,173, 0
17255,150, 0
17256,176, 0
17257,152, 0
17258,152, 0
17259,157, 0
17260,170, 0
17261,192, 0
17262,223, 0
17263,199, 0
17264,196, 0
17265,187, 0
17266,182, 0
17267,183, 0
17268,181, 18
17269,143, 11
17270,104, 0
17271,71, 0
17272,86, 0
17273,107, 0
17274,116, 0
17275,101, 6
17276,93, 0
17277,97, 0
17278,95, 0
17279,79, 0
17280,89, 0
17281,76, 10
17282,79, 17
17283,70, 79
17284,58, 102
17285,62, 90
17286,75, 118
17287,91, 69
17288,105, 44
17289,126, 23
17290,127, 5
17291,123, 0
17292,108, 0
17293,108, 0
17294,115, 0
17295,115, 0
17296,148, 0
17297,153, 0
17298,152, 0
17299,137, 0
17300,118, 0
17301,129, 0
17302,133, 0
17303,124, 0
17304,127, 0
17305,131, 0
17306,139, 0
17307,144, 0
17308,145, 0
17309,128, 0
17310,118, 0
17311,109, 0
17312,108, 0
17313,115, 0
17314,117, 0
17315,127, 0
17316,137, 0
17317,168, 0
17318,158, 0
17319,157, 0
17320,165, 0
17321,144, 0
17322,136, 0
17323,137, 0
17324,144, 0
17325,164, 0
17326,183, 0
17327,183, 0
17328,176, 0
17329,156, 0
17330,141, 0
17331,121, 0
17332,113, 0
17333,111, 0
17334,127, 0
17335,149, 0
17336,164, 0
17337,168, 0
17338,170, 0
17339,145, 0
17340,105, 0
17341,85, 0
17342,83, 0
17343,90, 0
17344,107, 0
17345,117, 0
17346,117, 0
17347,123, 22
17348,115, 56
17349,111, 67
17350,109, 77
17351,121, 68
17352,128, 38
17353,140, 0
17354,141, 0
17355,133, 0
17356,126, 0
17357,131, 0
17358,128, 0
17359,143, 0
17360,144, 0
17361,127, 0
17362,117, 0
17363,109, 0
17364,118, 0
17365,131, 0
17366,170, 0
17367,183, 0
17368,202, 0
17369,176, 0
17370,164, 0
17371,159, 0
17372,175, 0
17373,154, 0
17374,138, 0
17375,119, 0
17376,106, 0
17377,94, 0
17378,103, 0
17379,96, 0
17380,113, 0
17381,123, 0
17382,127, 0
17383,133, 0
17384,147, 0
17385,141, 0
17386,147, 0
17387,145, 0
17388,149, 0
17389,170, 0
17390,142, 0
17391,140, 0
17392,136, 0
17393,144, 0
17394,141, 0
17395,139, 0
17396,139, 0
17397,129, 0
17398,136, 0
17399,137, 0
17400,128, 0
17401,125, 0
17402,125, 0
17403,125, 0
17404,130, 0
17405,140, 19
17406,133, 4
17407,130, 13
17408,124, 52
17409,116, 3
17410,108, 1
17411,103, 0
17412,89, 0
17413,86, 0
17414,89, 0
17415,89, 0
17416,83, 0
17417,92, 0
17418,94, 0
17419,100, 0
17420,117, 0
17421,109, 0
17422,105, 0
17423,106, 0
17424,110, 0
17425,109, 0
17426,121, 0
17427,120, 0
17428,126, 0
17429,121, 0
17430,121, 0
17431,125, 0
17432,130, 0
17433,131, 0
17434,134, 0
17435,137, 0
17436,143, 2
17437,164, 0
17438,159, 0
17439,159, 0
17440,163, 0
17441,165, 0
17442,177, 0
17443,179, 0
17444,196, 0
17445,207, 0
17446,219, 0
17447,221, 0
17448,220, 0
17449,190, 0
17450,170, 0
17451,149, 0
17452,142, 0
17453,132, 0
17454,136, 0
17455,145, 0
17456,133, 0
17457,129, 0
17458,106, 0
17459,96, 6
17460,92, 0
17461,96, 0
17462,96, 0
17463,100, 0
17464,84, 0
17465,101, 11
17466,97, 6
17467,99, 7
17468,90, 1
17469,109, 6
17470,101, 0
17471,108, 0
17472,113, 1
17473,126, 0
17474,125, 0
17475,122, 0
17476,118, 0
17477,110, 0
17478,121, 0
17479,125, 0
17480,124, 0
17481,140, 0
17482,137, 0
17483,127, 0
17484,131, 0
17485,130, 0
17486,131, 0
17487,119, 0
17488,141, 0
17489,142, 0
17490,144, 0
17491,138, 0
17492,133, 0
17493,130, 0
17494,133, 0
17495,124, 0
17496,119, 0
17497,123, 0
17498,127, 0
17499,145, 0
17500,159, 0
17501,181, 0
17502,188, 0
17503,189, 0
17504,199, 0
17505,180, 0
17506,170, 0
17507,157, 0
17508,155, 0
17509,141, 0
17510,140, 0
17511,150, 0
17512,135, 0
17513,128, 0
17514,126, 0
17515,108, 0
17516,90, 0
17517,92, 0
17518,97, 0
17519,91, 0
17520,91, 0
17521,89, 0
17522,89, 0
17523,96, 0
17524,111, 0
17525,107, 7
17526,100, 0
17527,92, 20
17528,90, 8
17529,91, 9
17530,84, 37
17531,87, 0
17532,88, 1
17533,100, 0
17534,127, 0
17535,124, 0
17536,128, 0
17537,128, 0
17538,122, 0
17539,128, 0
17540,132, 0
17541,136, 0
17542,152, 0
17543,152, 0
17544,142, 0
17545,128, 0
17546,109, 0
17547,104, 0
17548,93, 0
17549,121, 0
17550,139, 0
17551,151, 0
17552,152, 0
17553,145, 0
17554,144, 0
17555,138, 0
17556,140, 0
17557,150, 0
17558,159, 0
17559,164, 0
17560,164, 0
17561,174, 0
17562,151, 0
17563,125, 0
17564,139, 0
17565,155, 0
17566,164, 0
17567,173, 0
17568,169, 0
17569,153, 0
17570,129, 0
17571,127, 0
17572,121, 0
17573,121, 0
17574,123, 0
17575,130, 0
17576,133, 0
17577,132, 0
17578,136, 0
17579,140, 0
17580,139, 0
17581,129, 0
17582,133, 0
17583,113, 0
17584,109, 1
17585,100, 0
17586,106, 0
17587,108, 0
17588,100, 7
17589,96, 0
17590,95, 2
17591,93, 26
17592,96, 1
17593,109, 7
17594,116, 0
17595,135, 2
17596,115, 0
17597,124, 0
17598,130, 0
17599,133, 0
17600,134, 0
17601,128, 0
17602,120, 0
17603,120, 0
17604,116, 0
17605,116, 0
17606,119, 0
17607,122, 0
17608,119, 0
17609,124, 0
17610,128, 0
17611,138, 0
17612,140, 0
17613,139, 0
17614,139, 0
17615,139, 0
17616,137, 0
17617,133, 0
17618,134, 0
17619,135, 0
17620,137, 0
17621,137, 0
17622,143, 0
17623,140, 0
17624,156, 0
17625,150, 0
17626,159, 0
17627,181, 0
17628,167, 0
17629,164, 0
17630,159, 0
17631,160, 0
17632,167, 0
17633,159, 0
17634,159, 0
17635,149, 0
17636,148, 0
17637,152, 0
17638,153, 0
17639,153, 0
17640,165, 0
17641,180, 0
17642,189, 0
17643,172, 0
17644,176, 0
17645,159, 0
17646,117, 0
17647,91, 0
17648,81, 25
17649,78, 1
17650,84, 19
17651,92, 41
17652,113, 68
17653,122, 28
17654,135, 5
17655,155, 0
17656,140, 0
17657,143, 0
17658,150, 0
17659,151, 0
17660,155, 0
17661,158, 0
17662,151, 0
17663,143, 0
17664,130, 0
17665,97, 0
17666,89, 0
17667,71, 0
17668,56, 0
17669,71, 0
17670,89, 0
17671,108, 0
17672,153, 0
17673,149, 0
17674,151, 0
17675,152, 0
17676,158, 0
17677,158, 0
17678,155, 0
17679,155, 0
17680,166, 0
17681,152, 0
17682,153, 0
17683,160, 0
17684,143, 0
17685,124, 0
17686,112, 0
17687,116, 0
17688,125, 0
17689,132, 0
17690,128, 8
17691,131, 56
17692,127, 42
17693,124, 0
17694,121, 0
17695,126, 0
17696,115, 0
17697,91, 0
17698,74, 0
17699,77, 0
17700,102, 0
17701,102, 0
17702,104, 0
17703,102, 0
17704,110, 0
17705,121, 0
17706,136, 0
17707,140, 7
17708,138, 0
17709,125, 0
17710,124, 4
17711,113, 0
17712,108, 6
17713,100, 20
17714,105, 3
17715,108, 0
17716,113, 0
17717,117, 0
17718,120, 0
17719,129, 0
17720,124, 0
17721,127, 0
17722,127, 0
17723,118, 0
17724,120, 4
17725,116, 0
17726,122, 0
17727,120, 0
17728,127, 0
17729,119, 0
17730,125, 0
17731,128, 0
17732,135, 0
17733,140, 0
17734,149, 0
17735,152, 0
17736,145, 0
17737,135, 0
17738,129, 0
17739,132, 0
17740,133, 0
17741,139, 0
17742,145, 0
17743,145, 0
17744,144, 0
17745,132, 0
17746,151, 0
17747,158, 0
17748,156, 0
17749,152, 0
17750,163, 0
17751,170, 0
17752,180, 0
17753,184, 0
17754,170, 0
17755,171, 0
17756,159, 0
17757,148, 0
17758,140, 0
17759,142, 0
17760,148, 0
17761,155, 0
17762,154, 0
17763,158, 0
17764,158, 0
17765,149, 0
17766,144, 0
17767,147, 0
17768,127, 0
17769,123, 0
17770,110, 1
17771,108, 0
17772,104, 0
17773,95, 15
17774,95, 31
17775,93, 6
17776,94, 0
17777,95, 0
17778,92, 0
17779,97, 0
17780,99, 0
17781,103, 0
17782,121, 0
17783,99, 7
17784,91, 0
17785,93, 5
17786,85, 0
17787,87, 0
17788,95, 0
17789,102, 0
17790,124, 0
17791,121, 0
17792,142, 0
17793,139, 0
17794,135, 0
17795,169, 0
17796,155, 0
17797,163, 0
17798,166, 0
17799,166, 0
17800,158, 0
17801,152, 0
17802,143, 0
17803,137, 0
17804,150, 0
17805,138, 0
17806,144, 0
17807,130, 0
17808,145, 0
17809,152, 0
17810,155, 0
17811,171, 0
17812,145, 0
17813,152, 0
17814,158, 0
17815,163, 0
17816,181, 0
17817,171, 0
17818,149, 8
17819,122, 0
17820,103, 0
17821,94, 0
17822,112, 0
17823,132, 0
17824,130, 0
17825,130, 0
17826,119, 0
17827,108, 0
17828,115, 0
17829,117, 1
17830,121, 0
17831,112, 3
17832,109, 3
17833,108, 0
17834,113, 0
17835,115, 19
17836,119, 19
17837,115, 8
17838,108, 0
17839,104, 0
17840,102, 0
17841,108, 0
17842,108, 0
17843,132, 0
17844,126, 0
17845,123, 0
17846,133, 0
17847,135, 0
17848,145, 0
17849,150, 0
17850,159, 0
17851,164, 3
17852,142, 0
17853,166, 0
17854,176, 0
17855,171, 0
17856,169, 2
17857,163, 0
17858,152, 0
17859,137, 0
17860,121, 0
17861,119, 0
17862,102, 0
17863,92, 0
17864,91, 0
17865,87, 0
17866,102, 0
17867,83, 0
17868,70, 0
17869,58, 0
17870,44, 0
17871,34, 0
17872,62, 0
17873,44, 0
17874,51, 0
17875,72, 0
17876,91, 0
17877,121, 0
17878,137, 0
17879,145, 0
17880,150, 0
17881,151, 0
17882,164, 0
17883,171, 0
17884,171, 0
17885,181, 0
17886,167, 0
17887,159, 0
17888,149, 0
17889,142, 0
17890,136, 0
17891,122, 0
17892,111, 0
17893,117, 5
17894,129, 0
17895,135, 1
17896,138, 14
17897,132, 0
17898,113, 0
17899,100, 0
17900,99, 0
17901,100, 0
17902,99, 0
17903,116, 0
17904,112, 0
17905,139, 0
17906,141, 0
17907,140, 5
17908,149, 0
17909,138, 0
17910,132, 0
17911,131, 0
17912,121, 0
17913,137, 0
17914,121, 0
17915,147, 0
17916,151, 0
17917,160, 0
17918,152, 0
17919,138, 0
17920,128, 0
17921,126, 0
17922,133, 0
17923,136, 0
17924,147, 0
17925,166, 0
17926,170, 0
17927,163, 0
17928,183, 0
17929,176, 0
17930,164, 0
17931,163, 0
17932,150, 0
17933,167, 0
17934,155, 0
17935,164, 0
17936,163, 0
17937,164, 0
17938,167, 0
17939,152, 0
17940,154, 0
17941,133, 0
17942,128, 0
17943,134, 0
17944,144, 0
17945,148, 0
17946,151, 0
17947,147, 0
17948,145, 0
17949,144, 0
17950,144, 0
17951,141, 0
17952,145, 0
17953,135, 0
17954,133, 0
17955,133, 5
17956,121, 0
17957,104, 28
17958,96, 8
17959,102, 6
17960,103, 0
17961,100, 0
17962,87, 0
17963,71, 0
17964,75, 0
17965,63, 0
17966,67, 0
17967,71, 0
17968,77, 0
17969,93, 0
17970,92, 0
17971,95, 0
17972,116, 0
17973,124, 0
17974,133, 0
17975,140, 0
17976,154, 0
17977,158, 0
17978,176, 0
17979,151, 0
17980,141, 0
17981,139, 0
17982,122, 0
17983,122, 0
17984,128, 0
17985,126, 0
17986,127, 0
17987,107, 0
17988,121, 0
17989,119, 0
17990,109, 0
17991,107, 0
17992,97, 0
17993,107, 0
17994,122, 0
17995,133, 0
17996,132, 0
17997,129, 0
17998,127, 0
17999,117, 0
18000,111, 0
18001,102, 0
18002,83, 0
18003,92, 0
18004,97, 0
18005,110, 0
18006,121, 0
18007,127, 0
18008,121, 0
18009,118, 0
18010,125, 0
18011,131, 0
18012,141, 0
18013,140, 2
18014,135, 0
18015,144, 0
18016,127, 0
18017,127, 0
18018,143, 9
18019,148, 0
18020,159, 0
18021,170, 0
18022,172, 0
18023,176, 0
18024,183, 0
18025,175, 0
18026,172, 0
18027,177, 0
18028,180, 0
18029,176, 0
18030,186, 0
18031,185, 0
18032,174, 0
18033,165, 0
18034,167, 0
18035,157, 0
18036,151, 0
18037,156, 0
18038,142, 0
18039,155, 0
18040,153, 0
18041,142, 0
18042,127, 0
18043,130, 0
18044,121, 0
18045,133, 0
18046,139, 1
18047,147, 0
18048,128, 0
18049,134, 0
18050,137, 0
18051,127, 0
18052,127, 0
18053,129, 0
18054,136, 0
18055,139, 0
18056,138, 0
18057,130, 0
18058,118, 0
18059,116, 0
18060,112, 0
18061,97, 0
18062,94, 0
18063,95, 0
18064,95, 0
18065,104, 0
18066,109, 0
18067,112, 0
18068,112, 0
18069,95, 0
18070,96, 0
18071,86, 0
18072,89, 0
18073,91, 0
18074,101, 0
18075,105, 0
18076,117, 11
18077,115, 0
18078,121, 1
18079,121, 0
18080,115, 0
18081,122, 0
18082,117, 4
18083,130, 0
18084,131, 0
18085,129, 6
18086,133, 0
18087,121, 0
18088,148, 0
18089,153, 0
18090,163, 0
18091,176, 6
18092,179, 0
18093,179, 0
18094,174, 0
18095,173, 0
18096,152, 0
18097,152, 0
18098,173, 0
18099,136, 0
18100,138, 0
18101,133, 0
18102,133, 0
18103,115, 0
18104,121, 0
18105,111, 0
18106,102, 0
18107,99, 0
18108,88, 0
18109,84, 0
18110,88, 0
18111,95, 0
18112,102, 0
18113,92, 0
18114,100, 0
18115,92, 0
18116,95, 0
18117,101, 0
18118,127, 0
18119,151, 0
18120,177, 0
18121,188, 0
18122,184, 0
18123,183, 0
18124,149, 0
18125,159, 0
18126,159, 0
18127,155, 0
18128,152, 0
18129,176, 0
18130,176, 0
18131,189, 0
18132,196, 0
18133,196, 0
18134,183, 0
18135,179, 7
18136,168, 7
18137,158, 8
18138,156, 1
18139,148, 0
18140,141, 8
18141,135, 0
18142,130, 0
18143,131, 0
18144,128, 0
18145,117, 0
18146,107, 0
18147,108, 0
18148,104, 0
18149,105, 0
18150,106, 0
18151,107, 0
18152,96, 0
18153,95, 0
18154,86, 0
18155,76, 0
18156,91, 0
18157,92, 0
18158,84, 0
18159,60, 0
18160,38, 0
18161,15, 0
18162,12, 0
18163,27, 0
18164,41, 0
18165,62, 0
18166,57, 0
18167,61, 0
18168,65, 0
18169,74, 0
18170,88, 0
18171,97, 0
18172,112, 0
18173,121, 0
18174,128, 0
18175,127, 0
18176,121, 0
18177,126, 0
18178,133, 0
18179,139, 0
18180,153, 0
18181,160, 0
18182,149, 0
18183,159, 0
18184,157, 0
18185,159, 0
18186,150, 0
18187,151, 0
18188,152, 0
18189,147, 0
18190,141, 0
18191,138, 0
18192,140, 0
18193,159, 0
18194,164, 0
18195,159, 0
18196,156, 0
18197,159, 0
18198,164, 8
18199,172, 0
18200,186, 0
18201,190, 25
18202,202, 9
18203,202, 0
18204,190, 0
18205,193, 0
18206,184, 0
18207,189, 0
18208,176, 0
18209,168, 0
18210,182, 0
18211,184, 0
18212,187, 0
18213,173, 0
18214,137, 0
18215,121, 0
18216,77, 0
18217,78, 0
18218,85, 0
18219,59, 0
18220,65, 0
18221,71, 0
18222,74, 0
18223,84, 0
18224,92, 0
18225,104, 0
18226,136, 0
18227,122, 0
18228,120, 0
18229,131, 0
18230,135, 0
18231,147, 0
18232,153, 0
18233,160, 0
18234,164, 0
18235,150, 0
18236,149, 0
18237,150, 0
18238,149, 0
18239,140, 0
18240,145, 0
18241,154, 0
18242,164, 0
18243,168, 0
18244,159, 0
18245,133, 0
18246,92, 0
18247,79, 0
18248,96, 0
18249,115, 0
18250,131, 0
18251,159, 0
18252,166, 0
18253,170, 0
18254,175, 0
18255,168, 0
18256,164, 5
18257,150, 0
18258,115, 0
18259,76, 0
18260,38, 0
18261,6, 0
18262,1, 2
18263,0, 2
18264,0, 0
18265,0, 0
18266,3, 0
18267,6, 0
18268,25, 6
18269,51, 0
18270,76, 0
18271,95, 0
18272,116, 0
18273,132, 0
18274,145, 0
18275,159, 0
18276,183, 0
18277,183, 0
18278,197, 0
18279,200, 0
18280,201, 0
18281,189, 0
18282,173, 0
18283,188, 0
18284,207, 0
18285,211, 0
18286,204, 0
18287,191, 0
18288,181, 0
18289,157, 0
18290,165, 0
18291,163, 0
18292,159, 0
18293,155, 0
18294,157, 0
18295,152, 0
18296,161, 0
18297,180, 1
18298,201, 0
18299,179, 0
18300,176, 0
18301,158, 0
18302,166, 0
18303,158, 0
18304,143, 0
18305,152, 0
18306,145, 0
18307,157, 0
18308,139, 0
18309,130, 0
18310,133, 0
18311,127, 0
18312,138, 0
18313,135, 0
18314,143, 0
18315,142, 0
18316,142, 0
18317,139, 0
18318,136, 0
18319,139, 0
18320,132, 0
18321,133, 1
18322,117, 4
18323,117, 53
18324,120, 21
18325,122, 0
18326,124, 3
18327,127, 0
18328,126, 0
18329,130, 0
18330,136, 0
18331,141, 0
18332,143, 0
18333,133, 0
18334,132, 4
18335,125, 0
18336,125, 0
18337,109, 0
18338,103, 0
18339,102, 0
18340,107, 0
18341,102, 0
18342,127, 0
18343,126, 0
18344,135, 0
18345,141, 0
18346,139, 0
18347,139, 0
18348,140, 0
18349,143, 0
18350,139, 0
18351,133, 0
18352,132, 0
18353,135, 0
18354,140, 0
18355,123, 0
18356,153, 0
18357,143, 0
18358,155, 0
18359,152, 0
18360,153, 0
18361,142, 0
18362,125, 0
18363,112, 0
18364,91, 0
18365,91, 0
18366,101, 0
18367,95, 0
18368,89, 0
18369,95, 0
18370,80, 0
18371,85, 0
18372,75, 0
18373,78, 0
18374,74, 0
18375,70, 0
18376,95, 0
18377,103, 0
18378,121, 0
18379,140, 0
18380,138, 0
18381,150, 0
18382,170, 0
18383,152, 4
18384,158, 14
18385,159, 12
18386,167, 0
18387,175, 0
18388,183, 0
18389,170, 0
18390,160, 0
18391,138, 0
18392,150, 0
18393,154, 0
18394,176, 0
18395,187, 4
18396,197, 0
18397,187, 0
18398,179, 0
18399,164, 0
18400,152, 0
18401,137, 0
18402,121, 0
18403,103, 0
18404,93, 0
18405,77, 0
18406,43, 0
18407,13, 0
18408,12, 0
18409,10, 0
18410,20, 0
18411,37, 0
18412,51, 0
18413,61, 0
18414,76, 0
18415,95, 0
18416,112, 0
18417,120, 0
18418,142, 0
18419,153, 0
18420,159, 0
18421,160, 0
18422,158, 0
18423,168, 0
18424,180, 0
18425,213, 0
18426,237, 0
18427,259, 0
18428,261, 0
18429,257, 0
18430,271, 0
18431,241, 0
18432,230, 0
18433,233, 0
18434,229, 0
18435,216, 0
18436,188, 0
18437,161, 0
18438,127, 0
18439,123, 0
18440,96, 6
18441,70, 0
18442,36, 0
18443,1, 0
18444,4, 0
18445,34, 21
18446,59, 10
18447,71, 4
18448,61, 0
18449,34, 0
18450,6, 0
18451,0, 0
18452,0, 0
18453,8, 0
18454,4, 0
18455,10, 0
18456,23, 0
18457,41, 0
18458,51, 0
18459,52, 0
18460,56, 0
18461,65, 0
18462,81, 0
18463,110, 0
18464,159, 0
18465,164, 0
18466,173, 0
18467,171, 0
18468,169, 0
18469,160, 0
18470,176, 0
18471,189, 0
18472,206, 0
18473,217, 0
18474,226, 0
18475,230, 0
18476,239, 0
18477,230, 0
18478,212, 0
18479,206, 0
18480,207, 0
18481,211, 0
18482,229, 0
18483,228, 0
18484,235, 0
18485,252, 0
18486,257, 0
18487,267, 0
18488,264, 0
18489,253, 0
18490,232, 0
18491,202, 0
18492,188, 0
18493,200, 0
18494,188, 0
18495,187, 0
18496,176, 0
18497,181, 0
18498,184, 0
18499,177, 0
18500,176, 0
18501,166, 3
18502,167, 0
18503,189, 0
18504,167, 0
18505,164, 0
18506,176, 2
18507,161, 17
18508,158, 0
18509,153, 0
18510,145, 0
18511,147, 0
18512,142, 0
18513,139, 0
18514,106, 0
18515,102, 0
18516,97, 0
18517,112, 0
18518,144, 0
18519,164, 0
18520,156, 0
18521,158, 0
18522,168, 0
18523,175, 0
18524,191, 0
18525,217, 0
18526,232, 0
18527,222, 0
18528,208, 0
18529,189, 0
18530,156, 0
18531,161, 0
18532,145, 0
18533,124, 0
18534,93, 0
18535,69, 0
18536,53, 0
18537,48, 0
18538,44, 0
18539,40, 0
18540,54, 0
18541,25, 0
18542,12, 0
18543,19, 0
18544,6, 0
18545,32, 0
18546,31, 0
18547,12, 0
18548,18, 0
18549,0, 0
18550,13, 0
18551,44, 0
18552,75, 0
18553,97, 0
18554,118, 0
18555,128, 0
18556,123, 0
18557,115, 0
18558,106, 0
18559,106, 0
18560,101, 0
18561,109, 0
18562,112, 0
18563,123, 0
18564,150, 0
18565,167, 0
18566,186, 1
18567,199, 25
18568,198, 3
18569,185, 0
18570,170, 0
18571,155, 0
18572,148, 0
18573,148, 0
18574,141, 0
18575,130, 0
18576,129, 0
18577,119, 0
18578,102, 0
18579,109, 0
18580,100, 0
18581,92, 0
18582,108, 0
18583,108, 0
18584,115, 0
18585,113, 0
18586,102, 0
18587,94, 0
18588,92, 0
18589,87, 0
18590,86, 0
18591,78, 0
18592,90, 0
18593,109, 0
18594,128, 0
18595,139, 0
18596,152, 0
18597,151, 0
18598,157, 0
18599,159, 0
18600,154, 0
18601,151, 0
18602,157, 0
18603,166, 0
18604,172, 0
18605,172, 0
18606,174, 0
18607,183, 0
18608,188, 0
18609,189, 0
18610,192, 0
18611,176, 0
18612,150, 0
18613,153, 0
18614,163, 0
18615,183, 0
18616,202, 0
18617,218, 0
18618,212, 0
18619,212, 0
18620,203, 0
18621,182, 0
18622,166, 0
18623,133, 0
18624,87, 0
18625,80, 1
18626,46, 0
18627,63, 1
18628,74, 8
18629,80, 31
18630,85, 0
18631,95, 0
18632,121, 0
18633,126, 0
18634,137, 0
18635,127, 0
18636,127, 0
18637,121, 0
18638,130, 0
18639,135, 0
18640,154, 6
18641,172, 0
18642,174, 0
18643,183, 0
18644,197, 0
18645,170, 0
18646,169, 4
18647,145, 0
18648,139, 0
18649,115, 0
18650,83, 0
18651,62, 0
18652,76, 0
18653,88, 0
18654,115, 0
18655,128, 0
18656,135, 0
18657,125, 0
18658,102, 0
18659,81, 0
18660,55, 0
18661,45, 0
18662,63, 0
18663,57, 0
18664,74, 0
18665,89, 0
18666,102, 0
18667,121, 0
18668,137, 0
18669,151, 0
18670,170, 0
18671,191, 0
18672,188, 0
18673,187, 0
18674,169, 0
18675,168, 0
18676,183, 0
18677,207, 0
18678,226, 0
18679,241, 0
18680,257, 0
18681,261, 0
18682,258, 0
18683,238, 0
18684,220, 0
18685,185, 0
18686,175, 0
18687,161, 0
18688,160, 2
18689,160, 19
18690,147, 9
18691,147, 1
18692,141, 0
18693,154, 0
18694,145, 0
18695,135, 6
18696,100, 0
18697,54, 0
18698,51, 0
18699,31, 0
18700,31, 0
18701,38, 0
18702,48, 0
18703,65, 0
18704,85, 0
18705,96, 0
18706,92, 0
18707,89, 0
18708,71, 0
18709,78, 0
18710,43, 0
18711,55, 0
18712,76, 0
18713,100, 0
18714,130, 0
18715,135, 0
18716,147, 0
18717,147, 0
18718,123, 0
18719,90, 0
18720,76, 0
18721,67, 0
18722,92, 0
18723,119, 0
18724,143, 0
18725,152, 0
18726,163, 0
18727,166, 0
18728,161, 0
18729,158, 0
18730,170, 0
18731,193, 0
18732,220, 0
18733,241, 0
18734,208, 0
18735,219, 0
18736,196, 0
18737,164, 0
18738,127, 0
18739,97, 0
18740,83, 0
18741,85, 0
18742,89, 0
18743,95, 0
18744,104, 1
18745,106, 0
18746,113, 0
18747,104, 1
18748,97, 0
18749,107, 0
18750,108, 29
18751,133, 0
18752,133, 6
18753,127, 0
18754,107, 0
18755,79, 0
18756,61, 0
18757,51, 0
18758,38, 0
18759,31, 0
18760,38, 0
18761,60, 0
18762,96, 0
18763,129, 0
18764,147, 0
18765,156, 0
18766,173, 0
18767,167, 0
18768,160, 0
18769,151, 0
18770,134, 0
18771,103, 0
18772,84, 0
18773,76, 0
18774,84, 0
18775,104, 0
18776,112, 0
18777,125, 0
18778,127, 0
18779,139, 0
18780,159, 0
18781,190, 0
18782,203, 0
18783,198, 0
18784,192, 0
18785,172, 0
18786,158, 0
18787,176, 0
18788,169, 0
18789,183, 0
18790,189, 0
18791,193, 0
18792,202, 0
18793,189, 0
18794,176, 0
18795,193, 0
18796,168, 0
18797,200, 0
18798,220, 0
18799,238, 0
18800,251, 0
18801,239, 0
18802,230, 0
18803,219, 0
18804,220, 0
18805,217, 0
18806,228, 0
18807,235, 0
18808,251, 0
18809,239, 0
18810,249, 0
18811,289, 5
18812,339, 5
18813,391, 10
18814,431, 6
18815,441, 0
18816,418, 0
18817,363, 0
18818,282, 0
18819,229, 0
18820,169, 0
18821,130, 0
18822,94, 0
18823,106, 0
18824,119, 0
18825,108, 0
18826,100, 0
18827,52, 0
18828,15, 0
18829,51, 0
18830,139, 0
18831,210, 0
18832,262, 0
18833,290, 0
18834,274, 0
18835,227, 0
18836,168, 0
18837,110, 0
18838,86, 0
18839,58, 0
18840,32, 0
18841,24, 0
18842,31, 0
18843,7, 0
18844,0, 0
18845,3, 0
18846,1, 0
18847,0, 0
18848,7, 0
18849,29, 0
18850,54, 0
18851,109, 0
18852,179, 0
18853,244, 0
18854,277, 0
18855,263, 0
18856,219, 0
18857,173, 0
18858,120, 0
18859,103, 0
18860,81, 0
18861,78, 0
18862,89, 0
18863,102, 0
18864,124, 0
18865,143, 0
18866,165, 0
18867,199, 1
18868,240, 0
18869,282, 0
18870,309, 1
18871,308, 0
18872,291, 19
18873,263, 0
18874,220, 0
18875,193, 0
18876,139, 0
18877,99, 0
18878,72, 0
18879,71, 0
18880,93, 0
18881,121, 0
18882,125, 0
18883,118, 0
18884,134, 0
18885,155, 0
18886,185, 0
18887,223, 0
18888,262, 0
18889,271, 0
18890,261, 0
18891,238, 0
18892,220, 0
18893,200, 0
18894,182, 0
18895,159, 0
18896,159, 0
18897,182, 0
18898,213, 0
18899,253, 0
18900,277, 0
18901,292, 0
18902,325, 0
18903,312, 0
18904,361, 0
18905,409, 0
18906,450, 0
18907,473, 0
18908,454, 0
18909,371, 0
18910,262, 0
18911,149, 0
18912,63, 0
18913,8, 0
18914,0, 0
18915,10, 0
18916,6, 0
18917,2, 0
18918,29, 0
18919,77, 0
18920,165, 0
18921,211, 0
18922,243, 0
18923,240, 6
18924,237, 0
18925,213, 0
18926,168, 3
18927,95, 0
18928,19, 7
18929,20, 6
18930,87, 6
18931,132, 3
18932,150, 6
18933,127, 25
18934,108, 1
18935,127, 0
18936,127, 0
18937,139, 0
18938,142, 0
18939,152, 0
18940,181, 0
18941,182, 0
18942,183, 0
18943,185, 0
18944,199, 4
18945,214, 0
18946,215, 0
18947,226, 0
18948,229, 0
18949,261, 0
18950,308, 0
18951,337, 0
18952,356, 0
18953,340, 0
18954,318, 0
18955,282, 0
18956,238, 0
18957,216, 0
18958,236, 0
18959,277, 0
18960,327, 0
18961,345, 0
18962,333, 0
18963,309, 0
18964,239, 0
18965,207, 0
18966,123, 0
18967,56, 0
18968,0, 0
18969,38, 0
18970,99, 0
18971,102, 0
18972,86, 0
18973,24, 0
18974,14, 0
18975,111, 0
18976,187, 0
18977,226, 0
18978,265, 0
18979,300, 0
18980,308, 0
18981,296, 0
18982,300, 0
18983,300, 0
18984,311, 4
18985,321, 0
18986,371, 0
18987,439, 0
18988,506, 0
18989,549, 0
18990,556, 6
18991,529, 0
18992,476, 0
18993,379, 0
18994,312, 32
18995,212, 35
18996,126, 14
18997,42, 19
18998,0, 12
18999,11, 0
19000,31, 0
19001,73, 0
19002,160, 0
19003,245, 0
19004,319, 0
19005,387, 0
19006,415, 0
19007,419, 0
19008,389, 0
19009,312, 0
19010,237, 0
19011,183, 0
19012,108, 0
19013,31, 0
19014,3, 0
19015,31, 0
19016,42, 0
19017,24, 0
19018,0, 0
19019,0, 0
19020,0, 0
19021,0, 0
19022,0, 0
19023,26, 0
19024,76, 0
19025,95, 0
19026,142, 0
19027,160, 0
19028,180, 0
19029,193, 0
19030,198, 0
19031,206, 0
19032,207, 0
19033,193, 0
19034,186, 0
19035,197, 0
19036,236, 0
19037,304, 0
19038,379, 0
19039,456, 0
19040,535, 0
19041,614, 0
19042,683, 0
19043,725, 0
19044,766, 0
19045,734, 0
19046,664, 0
19047,571, 0
19048,488, 0
19049,436, 4
19050,441, 0
19051,465, 0
19052,480, 4
19053,462, 11
19054,391, 6
19055,252, 10
19056,87, 12
19057,57, 2
19058,159, 0
19059,183, 0
19060,170, 0
19061,152, 6
19062,92, 0
19063,87, 0
19064,93, 0
19065,132, 0
19066,158, 0
19067,179, 0
19068,246, 0
19069,341, 0
19070,355, 0
19071,347, 0
19072,328, 0
19073,297, 0
19074,232, 0
19075,144, 0
19076,31, 0
19077,46, 0
19078,134, 0
19079,170, 0
19080,159, 0
19081,155, 0
19082,173, 0
19083,184, 0
19084,219, 0
19085,220, 0
19086,185, 0
19087,148, 0
19088,108, 0
19089,72, 0
19090,59, 0
19091,89, 0
19092,117, 0
19093,141, 0
19094,168, 0
19095,196, 0
19096,187, 0
19097,169, 0
19098,117, 0
19099,56, 0
19100,10, 0
19101,5, 0
19102,24, 0
19103,51, 0
19104,50, 0
19105,47, 0
19106,62, 0
19107,79, 0
19108,108, 0
19109,159, 0
19110,231, 0
19111,326, 0
19112,419, 0
19113,502, 0
19114,535, 0
19115,529, 0
19116,519, 0
19117,490, 0
19118,486, 0
19119,473, 2
19120,490, 0
19121,505, 0
19122,527, 0
19123,553, 0
19124,591, 0
19125,604, 0
19126,598, 0
19127,570, 0
19128,488, 0
19129,391, 0
19130,251, 0
19131,137, 0
19132,40, 0
19133,29, 0
19134,204, 0
19135,396, 0
19136,569, 0
19137,688, 0
19138,718, 0
19139,629, 0
19140,437, 0
19141,217, 0
19142,51, 0
19143,3, 0
19144,34, 0
19145,29, 0
19146,34, 0
19147,70, 0
19148,110, 0
19149,174, 0
19150,180, 0
19151,177, 0
19152,142, 0
19153,85, 0
19154,38, 0
19155,12, 0
19156,40, 0
19157,101, 0
19158,140, 0
19159,163, 0
19160,185, 0
19161,226, 0
19162,252, 0
19163,279, 0
19164,318, 0
19165,354, 0
19166,391, 0
19167,406, 0
19168,399, 0
19169,372, 0
19170,356, 0
19171,379, 0
19172,409, 0
19173,405, 0
19174,370, 3
19175,296, 0
19176,187, 0
19177,75, 7
19178,28, 19
19179,25, 0
19180,45, 0
19181,81, 0
19182,108, 0
19183,131, 0
19184,147, 0
19185,165, 0
19186,184, 0
19187,214, 0
19188,263, 0
19189,318, 0
19190,341, 0
19191,297, 0
19192,255, 0
19193,198, 0
19194,175, 0
19195,199, 0
19196,234, 0
19197,238, 0
19198,182, 0
19199,90, 0
19200,21, 0
19201,1, 0
19202,0, 0
19203,25, 0
19204,120, 0
19205,244, 0
19206,367, 0
19207,446, 0
19208,425, 0
19209,307, 0
19210,132, 0
19211,10, 0
19212,54, 0
19213,125, 0
19214,189, 0
19215,248, 0
19216,282, 0
19217,300, 0
19218,264, 0
19219,219, 0
19220,151, 0
19221,62, 0
19222,0, 0
19223,31, 0
19224,27, 0
19225,12, 0
19226,0, 0
19227,0, 0
19228,0, 0
19229,6, 0
19230,79, 0
19231,103, 0
19232,126, 0
19233,46, 0
19234,30, 1
19235,163, 0
19236,271, 0
19237,367, 6
19238,391, 20
19239,416, 0
19240,419, 0
19241,431, 0
19242,441, 2
19243,472, 0
19244,491, 7
19245,515, 0
19246,532, 0
19247,487, 0
19248,430, 0
19249,361, 3
19250,315, 0
19251,298, 0
19252,294, 0
19253,286, 0
19254,231, 0
19255,154, 0
19256,30, 0
19257,42, 0
19258,122, 0
19259,116, 0
19260,46, 0
19261,6, 0
19262,45, 0
19263,70, 0
19264,39, 0
19265,4, 0
19266,2, 0
19267,6, 0
19268,2, 0
19269,0, 0
19270,2, 0
19271,10, 0
19272,23, 0
19273,52, 0
19274,115, 0
19275,186, 0
19276,232, 0
19277,271, 0
19278,259, 0
19279,231, 0
19280,282, 0
19281,345, 0
19282,370, 0
19283,373, 0
19284,368, 0
19285,389, 0
19286,473, 1
19287,568, 0
19288,634, 0
19289,619, 0
19290,526, 0
19291,368, 0
19292,207, 0
19293,107, 0
19294,79, 0
19295,62, 6
19296,12, 0
19297,137, 0
19298,373, 0
19299,542, 0
19300,630, 0
19301,617, 0
19302,562, 0
19303,473, 0
19304,337, 0
19305,173, 0
19306,27, 0
19307,61, 0
19308,149, 0
19309,192, 0
19310,190, 0
19311,164, 0
19312,159, 0
19313,158, 0
19314,133, 0
19315,94, 0
19316,92, 0
19317,100, 0
19318,117, 0
19319,147, 0
19320,176, 0
19321,211, 0
19322,272, 0
19323,360, 0
19324,438, 0
19325,477, 0
19326,493, 0
19327,470, 0
19328,439, 0
19329,361, 0
19330,273, 0
19331,139, 0
19332,43, 0
19333,6, 0
19334,28, 0
19335,133, 0
19336,289, 0
19337,453, 0
19338,587, 0
19339,683, 0
19340,754, 0
19341,803, 0
19342,840, 0
19343,865, 0
19344,843, 0
19345,720, 0
19346,478, 3
19347,173, 0
19348,77, 0
19349,284, 0
19350,419, 0
19351,524, 0
19352,605, 0
19353,666, 2
19354,648, 0
19355,555, 0
19356,439, 0
19357,341, 0
19358,281, 0
19359,234, 0
19360,192, 12
19361,121, 2
19362,63, 7
19363,12, 3
19364,14, 0
19365,84, 0
19366,142, 0
19367,180, 0
19368,152, 0
19369,95, 0
19370,46, 0
19371,6, 0
19372,0, 0
19373,6, 0
19374,20, 0
19375,32, 0
19376,32, 0
19377,103, 0
19378,152, 0
19379,202, 0
19380,236, 0
19381,306, 0
19382,402, 0
19383,502, 0
19384,547, 0
19385,490, 0
19386,334, 0
19387,172, 0
19388,75, 0
19389,58, 0
19390,121, 0
19391,221, 0
19392,318, 0
19393,373, 0
19394,405, 0
19395,398, 0
19396,385, 0
19397,393, 0
19398,411, 0
19399,430, 0
19400,427, 0
19401,430, 0
19402,433, 0
19403,433, 0
19404,402, 6
19405,287, 0
19406,131, 0
19407,23, 0
19408,125, 0
19409,99, 0
19410,15, 0
19411,70, 0
19412,155, 0
19413,138, 0
19414,60, 0
19415,5, 0
19416,0, 0
19417,1, 0
19418,0, 0
19419,44, 0
19420,155, 0
19421,260, 0
19422,254, 0
19423,176, 0
19424,105, 0
19425,102, 0
19426,73, 0
19427,19, 0
19428,0, 0
19429,12, 0
19430,12, 0
19431,0, 0
19432,0, 0
19433,13, 0
19434,38, 0
19435,26, 0
19436,1, 0
19437,22, 0
19438,35, 0
19439,2, 0
19440,0, 0
19441,0, 0
19442,34, 0
19443,96, 0
19444,139, 0
19445,196, 0
19446,234, 0
19447,254, 0
19448,281, 0
19449,300, 0
19450,327, 0
19451,325, 0
19452,293, 0
19453,229, 0
19454,177, 0
19455,142, 0
19456,83, 0
19457,19, 0
19458,15, 0
19459,25, 0
19460,19, 0
19461,13, 0
19462,5, 0
19463,0, 0
19464,0, 0
19465,22, 4
19466,97, 0
19467,188, 0
19468,257, 0
19469,283, 0
19470,258, 0
19471,237, 0
19472,220, 0
19473,207, 0
19474,213, 0
19475,224, 0
19476,281, 0
19477,354, 0
19478,381, 0
19479,385, 0
19480,379, 0
19481,403, 0
19482,424, 0
19483,391, 0
19484,361, 0
19485,351, 0
19486,378, 0
19487,436, 0
19488,505, 0
19489,522, 0
19490,446, 0
19491,325, 0
19492,192, 0
19493,73, 0
19494,6, 0
19495,1, 0
19496,0, 0
19497,25, 0
19498,112, 0
19499,243, 0
19500,363, 0
19501,418, 0
19502,391, 0
19503,337, 0
19504,277, 0
19505,224, 0
19506,152, 0
19507,88, 0
19508,30, 0
19509,0, 0
19510,36, 0
19511,104, 0
19512,179, 0
19513,246, 0
19514,300, 0
19515,349, 0
19516,423, 0
19517,484, 0
19518,505, 0
19519,497, 0
19520,411, 0
19521,266, 0
19522,118, 0
19523,14, 0
19524,0, 0
19525,2, 0
19526,0, 0
19527,7, 0
19528,1, 0
19529,0, 0
19530,3, 0
19531,67, 0
19532,159, 0
19533,232, 7
19534,248, 0
19535,198, 0
19536,83, 0
19537,42, 0
19538,187, 0
19539,238, 0
19540,183, 0
19541,92, 0
19542,14, 0
19543,12, 0
19544,56, 0
19545,110, 1
19546,207, 0
19547,357, 0
19548,553, 0
19549,728, 6
19550,858, 0
19551,963, 0
19552,1034, 0
19553,1057, 0
19554,1008, 0
19555,869, 0
19556,679, 0
19557,439, 0
19558,233, 0
19559,83, 0
19560,6, 0
19561,99, 0
19562,281, 0
19563,515, 0
19564,663, 0
19565,634, 0
19566,457, 0
19567,208, 0
19568,31, 0
19569,0, 0
19570,30, 0
19571,106, 0
19572,113, 0
19573,59, 0
19574,12, 0
19575,132, 0
19576,272, 0
19577,425, 0
19578,558, 0
19579,677, 0
19580,750, 0
19581,739, 0
19582,612, 0
19583,395, 0
19584,90, 0
19585,187, 0
19586,437, 0
19587,601, 0
19588,636, 0
19589,600, 0
19590,505, 0
19591,373, 0
19592,227, 0
19593,95, 0
19594,30, 7
19595,0, 0
19596,7, 0
19597,15, 0
19598,21, 0
19599,39, 6
19600,76, 0
19601,127, 0
19602,165, 0
19603,158, 0
19604,123, 0
19605,75, 0
19606,20, 0
19607,2, 0
19608,0, 0
19609,0, 0
19610,24, 6
19611,59, 0
19612,111, 0
19613,170, 0
19614,221, 0
19615,293, 0
19616,386, 0
19617,494, 0
19618,620, 0
19619,773, 0
19620,946, 0
19621,1057, 0
19622,1071, 0
19623,1018, 0
19624,894, 0
19625,714, 0
19626,501, 0
19627,332, 0
19628,248, 0
19629,232, 0
19630,229, 0
19631,196, 0
19632,108, 0
19633,46, 0
19634,46, 0
19635,103, 0
19636,159, 0
19637,254, 0
19638,298, 0
19639,282, 0
19640,263, 0
19641,255, 0
19642,201, 0
19643,111, 0
19644,32, 0
19645,0, 0
19646,5, 0
19647,42, 0
19648,124, 0
19649,232, 0
19650,314, 0
19651,296, 0
19652,221, 0
19653,148, 0
19654,83, 0
19655,13, 0
19656,23, 0
19657,116, 0
19658,185, 0
19659,233, 0
19660,257, 0
19661,238, 0
19662,208, 0
19663,159, 0
19664,97, 0
19665,25, 0
19666,12, 2
19667,62, 0
19668,94, 3
19669,157, 1
19670,251, 0
19671,331, 0
19672,371, 0
19673,374, 0
19674,347, 0
19675,314, 0
19676,262, 0
19677,158, 0
19678,35, 0
19679,85, 0
19680,238, 0
19681,382, 0
19682,508, 0
19683,620, 0
19684,705, 0
19685,756, 0
19686,764, 0
19687,724, 0
19688,629, 0
19689,439, 0
19690,218, 0
19691,31, 0
19692,34, 0
19693,81, 0
19694,93, 0
19695,65, 0
19696,29, 0
19697,0, 0
19698,19, 0
19699,69, 0
19700,76, 0
19701,83, 0
19702,24, 0
19703,0, 0
19704,12, 0
19705,87, 0
19706,176, 0
19707,249, 0
19708,269, 0
19709,257, 0
19710,218, 0
19711,223, 0
19712,227, 0
19713,242, 0
19714,292, 0
19715,338, 0
19716,380, 0
19717,409, 0
19718,427, 0
19719,464, 0
19720,464, 0
19721,420, 0
19722,330, 0
19723,248, 0
19724,147, 0
19725,111, 0
19726,118, 0
19727,154, 0
19728,203, 0
19729,270, 0
19730,348, 0
19731,433, 0
19732,500, 0
19733,517, 0
19734,503, 0
19735,549, 0
19736,562, 0
19737,529, 0
19738,464, 0
19739,308, 1
19740,100, 0
19741,68, 0
19742,271, 0
19743,472, 0
19744,569, 0
19745,578, 0
19746,513, 0
19747,460, 0
19748,430, 0
19749,415, 0
19750,336, 0
19751,229, 0
19752,88, 0
19753,3, 0
19754,0, 0
19755,15, 0
19756,39, 0
19757,32, 0
19758,1, 0
19759,38, 0
19760,76, 0
19761,92, 0
19762,89, 0
19763,61, 0
19764,26, 0
19765,42, 0
19766,118, 0
19767,205, 0
19768,246, 0
19769,254, 0
19770,228, 0
19771,189, 0
19772,176, 0
19773,180, 0
19774,198, 0
19775,205, 0
19776,201, 0
19777,198, 0
19778,220, 0
19779,262, 0
19780,310, 0
19781,386, 0
19782,430, 0
19783,437, 0
19784,402, 0
19785,409, 5
19786,403, 0
19787,434, 1
19788,465, 0
19789,456, 0
19790,380, 0
19791,280, 0
19792,138, 0
19793,19, 0
19794,122, 0
19795,142, 0
19796,52, 0
19797,40, 0
19798,173, 0
19799,290, 0
19800,342, 0
19801,298, 0
19802,226, 0
19803,208, 0
19804,193, 0
19805,203, 0
19806,151, 0
19807,94, 0
19808,51, 0
19809,8, 0
19810,5, 0
19811,69, 0
19812,218, 0
19813,345, 0
19814,434, 0
19815,465, 0
19816,481, 0
19817,508, 0
19818,526, 0
19819,465, 0
19820,323, 0
19821,99, 0
19822,84, 0
19823,208, 0
19824,205, 0
19825,150, 0
19826,67, 0
19827,6, 0
19828,57, 0
19829,154, 0
19830,245, 0
19831,264, 0
19832,200, 0
19833,68, 0
19834,26, 0
19835,103, 0
19836,119, 0
19837,130, 0
19838,110, 0
19839,107, 0
19840,99, 0
19841,56, 0
19842,25, 8
19843,15, 0
19844,50, 0
19845,31, 0
19846,13, 10
19847,0, 0
19848,0, 3
19849,19, 0
19850,51, 10
19851,64, 0
19852,69, 0
19853,51, 0
19854,10, 0
19855,28, 0
19856,102, 0
19857,191, 0
19858,270, 0
19859,355, 0
19860,444, 0
19861,521, 0
19862,591, 0
19863,640, 0
19864,619, 0
19865,548, 0
19866,402, 4
19867,214, 0
19868,47, 0
19869,39, 0
19870,60, 0
19871,8, 0
19872,72, 0
19873,141, 0
19874,166, 0
19875,190, 0
19876,189, 0
19877,159, 0
19878,136, 0
19879,130, 0
19880,136, 0
19881,188, 0
19882,270, 0
19883,313, 0
19884,321, 0
19885,226, 0
19886,137, 0
19887,74, 0
19888,94, 0
19889,93, 0
19890,126, 0
19891,139, 0
19892,117, 0
19893,80, 0
19894,62, 0
19895,76, 0
19896,94, 0
19897,75, 0
19898,32, 0
19899,4, 0
19900,0, 0
19901,34, 0
19902,108, 0
19903,155, 10
19904,182, 0
19905,219, 0
19906,267, 0
19907,282, 5
19908,291, 0
19909,305, 3
19910,308, 0
19911,300, 0
19912,287, 0
19913,308, 0
19914,321, 0
19915,337, 0
19916,337, 0
19917,318, 0
19918,268, 0
19919,196, 0
19920,139, 0
19921,121, 0
19922,89, 0
19923,43, 0
19924,9, 0
19925,8, 0
19926,44, 0
19927,107, 0
19928,183, 0
19929,238, 0
19930,275, 0
19931,325, 0
19932,380, 0
19933,420, 0
19934,425, 0
19935,387, 0
19936,337, 0
19937,291, 0
19938,258, 0
19939,244, 0
19940,229, 0
19941,204, 0
19942,173, 0
19943,94, 0
19944,12, 0
19945,115, 0
19946,220, 0
19947,295, 0
19948,341, 0
19949,352, 0
19950,330, 0
19951,271, 0
19952,244, 0
19953,244, 0
19954,221, 0
19955,158, 0
19956,64, 0
19957,7, 0
19958,111, 0
19959,214, 0
19960,310, 0
19961,356, 0
19962,343, 0
19963,255, 0
19964,164, 0
19965,95, 0
19966,83, 0
19967,74, 0
19968,50, 0
19969,32, 0
19970,65, 0
19971,124, 6
19972,215, 0
19973,294, 0
19974,344, 0
19975,348, 0
19976,333, 0
19977,325, 0
19978,343, 0
19979,354, 0
19980,330, 0
19981,299, 0
19982,283, 0
19983,252, 0
19984,184, 0
19985,118, 0
19986,119, 0
19987,129, 0
19988,185, 0
19989,189, 0
19990,134, 0
19991,42, 0
19992,81, 0
19993,242, 0
19994,364, 0
19995,439, 0
19996,436, 0
19997,380, 0
19998,297, 0
19999,217, 0
20000,152, 0
20001,85, 0
20002,10, 0
20003,24, 0
20004,99, 0
20005,169, 0
20006,203, 0
20007,198, 0
20008,176, 0
20009,167, 0
20010,202, 0
20011,270, 0
20012,361, 0
20013,433, 0
20014,497, 0
20015,527, 0
20016,545, 0
20017,577, 0
20018,647, 0
20019,747, 0
20020,829, 0
20021,829, 0
20022,775, 0
20023,687, 0
20024,585, 0
20025,425, 0
20026,237, 0
20027,63, 0
20028,39, 0
20029,164, 3
20030,255, 15
20031,306, 12
20032,323, 25
20033,268, 10
20034,132, 4
20035,13, 0
20036,86, 0
20037,154, 0
20038,143, 0
20039,73, 0
20040,51, 0
20041,56, 0
20042,123, 0
20043,217, 0
20044,290, 0
20045,312, 0
20046,256, 0
20047,164, 0
20048,54, 0
20049,5, 0
20050,0, 0
20051,11, 0
20052,9, 0
20053,7, 0
20054,87, 0
20055,147, 0
20056,136, 0
20057,70, 0
20058,2, 0
20059,0, 0
20060,9, 0
20061,61, 0
20062,132, 0
20063,205, 0
20064,257, 0
20065,275, 0
20066,291, 0
20067,312, 0
20068,372, 0
20069,426, 0
20070,437, 0
20071,446, 0
20072,374, 0
20073,294, 0
20074,256, 0
20075,212, 0
20076,129, 0
20077,28, 0
20078,31, 0
20079,115, 0
20080,124, 0
20081,57, 0
20082,4, 0
20083,36, 0
20084,81, 0
20085,113, 0
20086,134, 0
20087,129, 0
20088,126, 0
20089,133, 0
20090,125, 11
20091,87, 3
20092,40, 15
20093,13, 5
20094,18, 1
20095,67, 0
20096,145, 0
20097,183, 0
20098,236, 6
20099,254, 0
20100,257, 0
20101,299, 0
20102,307, 0
20103,322, 0
20104,319, 0
20105,276, 0
20106,202, 0
20107,133, 0
20108,107, 0
20109,121, 0
20110,143, 0
20111,184, 0
20112,238, 0
20113,294, 0
20114,317, 0
20115,319, 0
20116,332, 0
20117,353, 0
20118,360, 0
20119,370, 0
20120,346, 0
20121,260, 0
20122,135, 0
20123,13, 0
20124,88, 0
20125,91, 0
20126,36, 0
20127,3, 0
20128,70, 0
20129,145, 0
20130,201, 0
20131,212, 0
20132,206, 0
20133,204, 0
20134,229, 0
20135,283, 0
20136,364, 0
20137,433, 0
20138,484, 0
20139,540, 0
20140,635, 0
20141,682, 0
20142,642, 0
20143,523, 0
20144,307, 0
20145,53, 0
20146,181, 0
20147,371, 0
20148,524, 0
20149,570, 0
20150,527, 0
20151,456, 0
20152,330, 6
20153,204, 0
20154,77, 4
20155,6, 3
20156,26, 21
20157,67, 0
20158,81, 0
20159,71, 9
20160,40, 0
20161,9, 0
20162,3, 0
20163,0, 0
20164,1, 0
20165,10, 0
20166,57, 0
20167,105, 0
20168,143, 0
20169,181, 0
20170,226, 0
20171,262, 0
20172,275, 0
20173,287, 0
20174,286, 0
20175,222, 0
20176,137, 0
20177,36, 0
20178,15, 0
20179,65, 0
20180,67, 0
20181,36, 0
20182,4, 0
20183,14, 0
20184,90, 0
20185,183, 0
20186,282, 0
20187,351, 0
20188,398, 0
20189,468, 0
20190,470, 0
20191,426, 0
20192,360, 0
20193,291, 0
20194,258, 0
20195,238, 0
20196,239, 0
20197,206, 0
20198,189, 0
20199,154, 0
20200,123, 0
20201,89, 0
20202,45, 0
20203,14, 0
20204,0, 0
20205,0, 0
20206,6, 0
20207,5, 0
20208,7, 0
20209,96, 6
20210,206, 0
20211,294, 0
20212,363, 1
20213,427, 3
20214,475, 3
20215,464, 1
20216,388, 0
20217,280, 2
20218,183, 0
20219,119, 0
20220,89, 0
20221,43, 0
20222,5, 0
20223,43, 0
20224,89, 0
20225,106, 0
20226,108, 0
20227,128, 0
20228,148, 0
20229,148, 0
20230,155, 0
20231,156, 0
20232,133, 0
20233,81, 0
20234,29, 0
20235,81, 0
20236,185, 0
20237,257, 0
20238,290, 0
20239,343, 0
20240,371, 0
20241,389, 0
20242,374, 0
20243,336, 0
20244,296, 0
20245,263, 0
20246,226, 0
20247,246, 0
20248,252, 0
20249,255, 0
20250,213, 0
20251,171, 0
20252,152, 0
20253,139, 0
20254,123, 0
20255,77, 0
20256,35, 0
20257,0, 0
20258,7, 0
20259,37, 0
20260,84, 0
20261,94, 0
20262,91, 0
20263,69, 0
20264,69, 0
20265,72, 0
20266,107, 0
20267,169, 0
20268,236, 0
20269,305, 0
20270,336, 0
20271,311, 0
20272,227, 0
20273,99, 6
20274,7, 0
20275,44, 1
20276,12, 0
20277,27, 0
20278,111, 2
20279,159, 0
20280,181, 0
20281,180, 0
20282,156, 0
20283,132, 0
20284,88, 0
20285,28, 0
20286,12, 6
20287,25, 0
20288,47, 0
20289,64, 0
20290,70, 0
20291,36, 0
20292,36, 0
20293,51, 0
20294,96, 0
20295,141, 0
20296,155, 0
20297,145, 0
20298,181, 0
20299,226, 0
20300,269, 0
20301,301, 0
20302,337, 0
20303,348, 0
20304,352, 0
20305,329, 0
20306,306, 0
20307,278, 0
20308,263, 0
20309,239, 0
20310,251, 0
20311,292, 0
20312,341, 0
20313,388, 0
20314,407, 0
20315,402, 0
20316,391, 0
20317,359, 0
20318,348, 0
20319,292, 0
20320,240, 0
20321,164, 0
20322,57, 0
20323,19, 0
20324,115, 0
20325,152, 0
20326,129, 0
20327,116, 0
20328,107, 0
20329,102, 0
20330,76, 0
20331,34, 8
20332,9, 0
20333,12, 0
20334,40, 0
20335,45, 0
20336,14, 0
20337,4, 11
20338,44, 3
20339,84, 0
20340,106, 0
20341,149, 0
20342,201, 0
20343,213, 0
20344,247, 0
20345,245, 0
20346,286, 0
20347,304, 0
20348,326, 0
20349,355, 0
20350,361, 0
20351,361, 0
20352,348, 0
20353,305, 0
20354,240, 0
20355,145, 0
20356,63, 0
20357,4, 0
20358,28, 0
20359,41, 0
20360,12, 0
20361,3, 0
20362,72, 0
20363,158, 0
20364,221, 0
20365,268, 0
20366,312, 0
20367,334, 0
20368,365, 0
20369,400, 0
20370,420, 0
20371,430, 0
20372,395, 0
20373,304, 0
20374,213, 0
20375,163, 0
20376,172, 0
20377,167, 0
20378,159, 0
20379,121, 0
20380,80, 0
20381,62, 0
20382,69, 0
20383,81, 0
20384,90, 0
20385,36, 0
20386,25, 0
20387,97, 0
20388,151, 0
20389,121, 0
20390,63, 0
20391,24, 0
20392,26, 0
20393,62, 0
20394,104, 0
20395,130, 0
20396,153, 1
20397,204, 11
20398,242, 0
20399,241, 0
20400,220, 1
20401,182, 0
20402,132, 0
20403,83, 0
20404,22, 0
20405,12, 0
20406,56, 0
20407,83, 0
20408,100, 0
20409,139, 0
20410,189, 0
20411,229, 0
20412,263, 0
20413,294, 0
20414,329, 0
20415,348, 0
20416,362, 0
20417,361, 0
20418,325, 0
20419,311, 0
20420,342, 0
20421,391, 0
20422,391, 0
20423,418, 0
20424,438, 0
20425,442, 0
20426,424, 0
20427,406, 0
20428,367, 0
20429,339, 0
20430,289, 0
20431,224, 0
20432,166, 0
20433,140, 0
20434,126, 0
20435,128, 0
20436,140, 0
20437,156, 0
20438,161, 0
20439,152, 0
20440,156, 0
20441,153, 0
20442,129, 0
20443,88, 0
20444,39, 0
20445,0, 0
20446,5, 0
20447,45, 0
20448,75, 0
20449,86, 0
20450,102, 0
20451,63, 0
20452,13, 0
20453,19, 3
20454,95, 0
20455,173, 0
20456,220, 5
20457,233, 0
20458,247, 0
20459,241, 0
20460,234, 0
20461,240, 0
20462,232, 0
20463,219, 0
20464,187, 0
20465,174, 0
20466,133, 0
20467,131, 0
20468,110, 0
20469,109, 0
20470,102, 0
20471,122, 0
20472,124, 0
20473,147, 0
20474,179, 0
20475,223, 0
20476,264, 0
20477,298, 0
20478,333, 0
20479,342, 0
20480,318, 0
20481,297, 0
20482,269, 0
20483,238, 0
20484,216, 0
20485,190, 0
20486,152, 0
20487,121, 0
20488,102, 0
20489,116, 0
20490,153, 0
20491,183, 0
20492,197, 0
20493,175, 0
20494,128, 0
20495,69, 0
20496,57, 0
20497,91, 0
20498,128, 0
20499,167, 0
20500,183, 0
20501,132, 0
20502,24, 0
20503,22, 0
20504,83, 0
20505,78, 0
20506,19, 0
20507,27, 0
20508,127, 0
20509,176, 0
20510,221, 0
20511,284, 0
20512,342, 0
20513,406, 0
20514,452, 0
20515,476, 7
20516,499, 0
20517,558, 0
20518,635, 0
20519,660, 0
20520,613, 0
20521,481, 0
20522,314, 3
20523,160, 0
20524,26, 0
20525,90, 0
20526,276, 0
20527,375, 0
20528,438, 0
20529,488, 0
20530,512, 0
20531,479, 0
20532,362, 0
20533,263, 0
20534,213, 0
20535,211, 0
20536,251, 0
20537,266, 0
20538,238, 0
20539,159, 0
20540,37, 0
20541,42, 0
20542,159, 0
20543,244, 0
20544,294, 0
20545,344, 0
20546,398, 0
20547,436, 0
20548,451, 0
20549,468, 0
20550,437, 0
20551,357, 0
20552,290, 0
20553,199, 0
20554,149, 0
20555,148, 0
20556,133, 0
20557,152, 0
20558,158, 0
20559,158, 0
20560,127, 0
20561,57, 0
20562,3, 0
20563,0, 0
20564,31, 0
20565,80, 0
20566,102, 0
20567,86, 0
20568,52, 0
20569,31, 0
20570,44, 0
20571,25, 0
20572,0, 0
20573,15, 0
20574,18, 0
20575,0, 0
20576,0, 0
20577,17, 0
20578,63, 0
20579,128, 0
20580,176, 0
20581,189, 0
20582,183, 0
20583,176, 0
20584,189, 0
20585,215, 0
20586,247, 0
20587,281, 0
20588,270, 0
20589,294, 0
20590,304, 0
20591,318, 0
20592,321, 0
20593,326, 0
20594,330, 0
20595,338, 0
20596,362, 0
20597,387, 0
20598,420, 0
20599,435, 0
20600,431, 0
20601,393, 0
20602,336, 0
20603,291, 0
20604,268, 0
20605,299, 0
20606,276, 0
20607,257, 0
20608,214, 0
20609,121, 0
20610,37, 0
20611,9, 0
20612,54, 0
20613,62, 0
20614,35, 0
20615,2, 0
20616,5, 0
20617,34, 0
20618,51, 0
20619,54, 0
20620,39, 0
20621,32, 0
20622,20, 0
20623,13, 0
20624,29, 0
20625,63, 0
20626,116, 0
20627,164, 0
20628,190, 0
20629,192, 0
20630,177, 0
20631,154, 0
20632,134, 0
20633,128, 4
20634,129, 32
20635,115, 22
20636,127, 6
20637,119, 19
20638,125, 19
20639,140, 35
20640,160, 75
20641,172, 43
20642,188, 53
20643,200, 30
20644,214, 0
20645,222, 0
20646,227, 1
20647,226, 0
20648,207, 0
20649,206, 0
20650,197, 0
20651,195, 0
20652,190, 0
20653,193, 0
20654,167, 0
20655,145, 0
20656,115, 0
20657,101, 0
20658,93, 0
20659,70, 0
20660,76, 0
20661,108, 0
20662,139, 0
20663,176, 0
20664,183, 0
20665,207, 0
20666,207, 0
20667,171, 0
20668,138, 0
20669,92, 0
20670,48, 0
20671,35, 0
20672,1, 0
20673,1, 0
20674,12, 0
20675,15, 0
20676,17, 0
20677,6, 0
20678,0, 0
20679,0, 0
20680,0, 0
20681,0, 0
20682,4, 0
20683,35, 0
20684,72, 0
20685,103, 0
20686,121, 0
20687,167, 5
20688,204, 0
20689,233, 0
20690,277, 0
20691,324, 0
20692,342, 0
20693,337, 0
20694,314, 0
20695,276, 0
20696,223, 0
20697,147, 0
20698,62, 0
20699,4, 0
20700,1, 1
20701,4, 0
20702,0, 0
20703,34, 1
20704,89, 0
20705,127, 0
20706,171, 0
20707,221, 0
20708,282, 0
20709,348, 0
20710,364, 0
20711,371, 0
20712,368, 0
20713,352, 0
20714,310, 0
20715,222, 0
20716,102, 0
20717,9, 0
20718,74, 0
20719,140, 0
20720,150, 0
20721,149, 0
20722,136, 0
20723,112, 0
20724,88, 0
20725,65, 0
20726,27, 0
20727,0, 0
20728,26, 0
20729,89, 1
20730,128, 0
20731,133, 0
20732,127, 0
20733,126, 0
20734,122, 0
20735,124, 0
20736,140, 0
20737,182, 0
20738,219, 0
20739,248, 0
20740,270, 0
20741,270, 0
20742,264, 6
20743,257, 0
20744,234, 0
20745,230, 0
20746,221, 0
20747,226, 0
20748,241, 0
20749,248, 0
20750,257, 0
20751,242, 0
20752,232, 0
20753,210, 0
20754,192, 0
20755,198, 0
20756,179, 0
20757,160, 0
20758,136, 0
20759,92, 0
20760,38, 0
20761,4, 0
20762,6, 3
20763,0, 0
20764,0, 17
20765,11, 0
20766,40, 0
20767,71, 0
20768,93, 0
20769,118, 0
20770,129, 0
20771,139, 0
20772,124, 0
20773,132, 0
20774,152, 0
20775,169, 0
20776,213, 0
20777,229, 0
20778,270, 0
20779,295, 0
20780,310, 0
20781,336, 0
20782,371, 0
20783,393, 0
20784,399, 0
20785,391, 0
20786,367, 0
20787,311, 0
20788,211, 0
20789,143, 0
20790,89, 0
20791,52, 0
20792,34, 0
20793,29, 0
20794,31, 0
20795,25, 0
20796,7, 0
20797,6, 0
20798,5, 0
20799,11, 0
20800,27, 0
20801,62, 0
20802,93, 0
20803,129, 0
20804,136, 0
20805,147, 0
20806,121, 0
20807,126, 0
20808,116, 0
20809,96, 0
20810,59, 0
20811,27, 0
20812,0, 0
20813,0, 0
20814,4, 0
20815,27, 0
20816,44, 0
20817,46, 0
20818,42, 0
20819,26, 0
20820,18, 0
20821,50, 0
20822,91, 0
20823,130, 0
20824,167, 0
20825,183, 12
20826,188, 0
20827,174, 0
20828,192, 0
20829,171, 0
20830,156, 0
20831,131, 0
20832,115, 0
20833,85, 0
20834,58, 0
20835,25, 0
20836,1, 0
20837,7, 0
20838,48, 0
20839,93, 0
20840,147, 0
20841,171, 0
20842,203, 0
20843,221, 0
20844,239, 0
20845,242, 0
20846,226, 0
20847,206, 0
20848,215, 0
20849,196, 0
20850,195, 0
20851,196, 0
20852,206, 0
20853,215, 0
20854,200, 0
20855,202, 0
20856,187, 0
20857,164, 0
20858,148, 0
20859,138, 0
20860,137, 0
20861,142, 0
20862,139, 2
20863,139, 0
20864,133, 0
20865,123, 0
20866,108, 0
20867,113, 0
20868,112, 0
20869,96, 0
20870,105, 0
20871,102, 0
20872,116, 0
20873,124, 0
20874,137, 0
20875,132, 0
20876,135, 0
20877,138, 2
20878,128, 0
20879,115, 0
20880,121, 0
20881,119, 0
20882,117, 0
20883,96, 0
20884,80, 0
20885,70, 0
20886,59, 0
20887,64, 0
20888,104, 0
20889,93, 1
20890,117, 7
20891,136, 0
20892,164, 0
20893,173, 0
20894,184, 0
20895,188, 0
20896,193, 0
20897,198, 0
20898,198, 0
20899,188, 0
20900,183, 0
20901,166, 0
20902,176, 0
20903,170, 0
20904,183, 0
20905,169, 0
20906,181, 0
20907,172, 0
20908,164, 0
20909,172, 0
20910,155, 0
20911,159, 0
20912,153, 0
20913,109, 0
20914,76, 0
20915,67, 0
20916,79, 0
20917,92, 0
20918,108, 0
20919,119, 4
20920,121, 0
20921,108, 0
20922,127, 0
20923,126, 0
20924,116, 0
20925,101, 0
20926,68, 0
20927,39, 0
20928,14, 0
20929,2, 0
20930,0, 0
20931,9, 0
20932,30, 0
20933,69, 0
20934,89, 0
20935,119, 0
20936,133, 0
20937,144, 0
20938,153, 0
20939,153, 0
20940,158, 0
20941,159, 0
20942,150, 0
20943,150, 0
20944,145, 0
20945,142, 4
20946,139, 8
20947,131, 24
20948,125, 31
20949,130, 1
20950,127, 0
20951,133, 0
20952,130, 0
20953,123, 0
20954,128, 0
20955,135, 0
20956,150, 0
20957,156, 0
20958,151, 0
20959,159, 0
20960,152, 0
20961,153, 0
20962,155, 0
20963,164, 0
20964,159, 0
20965,158, 0
20966,160, 0
20967,165, 0
20968,166, 0
20969,161, 0
20970,155, 0
20971,150, 0
20972,145, 0
20973,133, 5
20974,149, 0
20975,142, 0
20976,144, 0
20977,136, 0
20978,145, 0
20979,139, 0
20980,134, 0
20981,115, 0
20982,127, 0
20983,135, 0
20984,137, 0
20985,136, 0
20986,139, 0
20987,133, 0
20988,137, 0
20989,126, 0
20990,122, 0
20991,113, 0
20992,106, 0
20993,96, 0
20994,108, 0
20995,120, 0
20996,118, 0
20997,99, 0
20998,99, 0
20999,107, 0
21000,122, 0
21001,160, 0
21002,140, 0
21003,158, 0
21004,161, 0
21005,164, 0
21006,177, 2
21007,161, 9
21008,152, 12
21009,152, 19
21010,163, 0
21011,168, 0
21012,175, 0
21013,181, 0
21014,174, 0
21015,170, 0
21016,181, 0
21017,190, 0
21018,192, 0
21019,196, 0
21020,207, 0
21021,190, 0
21022,176, 0
21023,149, 0
21024,122, 0
21025,95, 0
21026,104, 0
21027,85, 0
21028,84, 0
21029,64, 0
21030,58, 0
21031,54, 0
21032,36, 0
21033,34, 0
21034,31, 0
21035,37, 0
21036,44, 0
21037,60, 0
21038,83, 0
21039,90, 0
21040,107, 0
21041,119, 0
21042,118, 0
21043,135, 0
21044,139, 0
21045,139, 0
21046,133, 0
21047,134, 0
21048,132, 0
21049,138, 0
21050,148, 0
21051,154, 0
21052,155, 0
21053,143, 0
21054,136, 0
21055,118, 0
21056,132, 0
21057,127, 0
21058,129, 0
21059,125, 0
21060,121, 11
21061,120, 0
21062,119, 0
21063,112, 12
21064,118, 3
21065,125, 0
21066,121, 30
21067,125, 2
21068,125, 22
21069,126, 11
21070,121, 0
21071,126, 0
21072,135, 0
21073,131, 0
21074,122, 0
21075,95, 0
21076,94, 0
21077,90, 0
21078,116, 0
21079,109, 0
21080,122, 0
21081,129, 1
21082,128, 0
21083,134, 0
21084,136, 0
21085,138, 0
21086,148, 0
21087,158, 0
21088,186, 0
21089,171, 0
21090,167, 0
21091,164, 0
21092,153, 0
21093,144, 0
21094,141, 0
21095,137, 0
21096,136, 0
21097,128, 0
21098,129, 0
21099,123, 0
21100,109, 0
21101,102, 0
21102,97, 0
21103,107, 0
21104,122, 0
21105,140, 0
21106,139, 0
21107,137, 0
21108,150, 0
21109,155, 0
21110,183, 0
21111,163, 0
21112,158, 0
21113,148, 0
21114,142, 0
21115,135, 0
21116,129, 0
21117,132, 0
21118,133, 0
21119,156, 0
21120,145, 0
21121,144, 0
21122,147, 0
21123,159, 0
21124,170, 0
21125,177, 7
21126,187, 0
21127,183, 30
21128,179, 5
21129,166, 0
21130,153, 0
21131,139, 0
21132,125, 0
21133,119, 0
21134,128, 0
21135,115, 0
21136,97, 0
21137,102, 0
21138,107, 0
21139,121, 0
21140,130, 0
21141,147, 0
21142,160, 1
21143,174, 0
21144,167, 0
21145,173, 0
21146,159, 7
21147,157, 7
21148,145, 0
21149,141, 0
21150,123, 0
21151,112, 0
21152,108, 0
21153,111, 0
21154,127, 0
21155,129, 0
21156,131, 0
21157,130, 0
21158,122, 0
21159,118, 0
21160,115, 0
21161,105, 0
21162,110, 0
21163,112, 0
21164,117, 0
21165,149, 0
21166,141, 0
21167,147, 0
21168,143, 0
21169,134, 0
21170,117, 0
21171,108, 0
21172,120, 0
21173,119, 0
21174,106, 0
21175,95, 0
21176,86, 0
21177,90, 0
21178,101, 5
21179,131, 5
21180,115, 7
21181,105, 0
21182,103, 0
21183,90, 0
21184,102, 0
21185,101, 0
21186,116, 10
21187,107, 0
21188,121, 6
21189,122, 7
21190,136, 6
21191,140, 24
21192,138, 1
21193,143, 0
21194,138, 0
21195,148, 0
21196,134, 0
21197,140, 0
21198,147, 0
21199,158, 0
21200,173, 0
21201,140, 0
21202,136, 0
21203,150, 0
21204,128, 0
21205,125, 0
21206,117, 0
21207,120, 0
21208,121, 0
21209,122, 0
21210,121, 0
21211,122, 0
21212,131, 0
21213,123, 0
21214,108, 0
21215,118, 0
21216,105, 0
21217,102, 0
21218,103, 0
21219,102, 0
21220,108, 0
21221,119, 0
21222,128, 0
21223,135, 0
21224,139, 6
21225,139, 0
21226,145, 0
21227,156, 0
21228,148, 0
21229,158, 0
21230,158, 0
21231,154, 0
21232,158, 0
21233,167, 0
21234,154, 0
21235,152, 0
21236,142, 0
21237,130, 0
21238,106, 0
21239,105, 0
21240,102, 0
21241,88, 0
21242,79, 0
21243,91, 0
21244,104, 0
21245,117, 0
21246,137, 0
21247,143, 0
21248,145, 0
21249,142, 0
21250,148, 0
21251,145, 0
21252,141, 0
21253,128, 0
21254,125, 0
21255,121, 0
21256,116, 0
21257,127, 0
21258,131, 0
21259,139, 0
21260,158, 0
21261,165, 0
21262,172, 0
21263,174, 0
21264,157, 0
21265,130, 0
21266,129, 0
21267,113, 0
21268,116, 0
21269,130, 0
21270,165, 0
21271,183, 0
21272,203, 0
21273,210, 0
21274,196, 0
21275,202, 0
21276,184, 0
21277,187, 0
21278,204, 0
21279,204, 0
21280,189, 0
21281,202, 0
21282,189, 0
21283,176, 0
21284,140, 0
21285,103, 0
21286,72, 0
21287,55, 0
21288,50, 0
21289,39, 0
21290,31, 0
21291,21, 0
21292,27, 0
21293,11, 0
21294,31, 0
21295,42, 0
21296,53, 0
21297,69, 0
21298,92, 0
21299,110, 0
21300,122, 0
21301,130, 0
21302,126, 0
21303,128, 0
21304,130, 0
21305,133, 0
21306,141, 0
21307,143, 0
21308,143, 0
21309,142, 0
21310,119, 0
21311,116, 0
21312,115, 0
21313,121, 0
21314,121, 0
21315,129, 0
21316,121, 0
21317,119, 0
21318,121, 0
21319,120, 0
21320,128, 0
21321,139, 0
21322,165, 0
21323,147, 0
21324,150, 0
21325,133, 0
21326,124, 0
21327,108, 0
21328,115, 0
21329,108, 0
21330,122, 3
21331,130, 0
21332,139, 0
21333,137, 0
21334,133, 0
21335,143, 0
21336,158, 0
21337,175, 0
21338,198, 0
21339,204, 0
21340,204, 0
21341,195, 0
21342,186, 0
21343,181, 0
21344,181, 0
21345,179, 0
21346,176, 0
21347,176, 0
21348,159, 0
21349,152, 0
21350,140, 0
21351,125, 0
21352,123, 0
21353,120, 0
21354,118, 0
21355,123, 0
21356,112, 0
21357,107, 0
21358,108, 0
21359,108, 0
21360,108, 0
21361,99, 0
21362,97, 0
21363,104, 0
21364,104, 0
21365,110, 0
21366,124, 0
21367,132, 0
21368,135, 0
21369,133, 0
21370,131, 0
21371,127, 0
21372,126, 0
21373,124, 0
21374,125, 0
21375,130, 0
21376,139, 0
21377,137, 0
21378,152, 18
21379,160, 0
21380,167, 0
21381,176, 0
21382,183, 0
21383,195, 0
21384,198, 6
21385,183, 0
21386,159, 0
21387,145, 0
21388,139, 0
21389,130, 0
21390,128, 0
21391,133, 0
21392,135, 0
21393,135, 0
21394,139, 0
21395,141, 0
21396,141, 0
21397,128, 0
21398,143, 0
21399,139, 0
21400,141, 0
21401,142, 0
21402,125, 0
21403,117, 0
21404,120, 0
21405,120, 0
21406,131, 0
21407,140, 0
21408,144, 0
21409,164, 0
21410,133, 0
21411,141, 0
21412,138, 0
21413,122, 0
21414,105, 0
21415,106, 0
21416,99, 0
21417,96, 0
21418,108, 0
21419,105, 0
21420,109, 0
21421,125, 0
21422,123, 0
21423,117, 0
21424,111, 0
21425,105, 0
21426,102, 0
21427,112, 0
21428,113, 0
21429,106, 0
21430,106, 0
21431,107, 0
21432,121, 0
21433,127, 0
21434,126, 0
21435,123, 0
21436,116, 0
21437,121, 0
21438,120, 9
21439,122, 0
21440,121, 0
21441,119, 0
21442,120, 0
21443,127, 0
21444,127, 0
21445,129, 0
21446,133, 0
21447,155, 0
21448,135, 0
21449,124, 0
21450,102, 0
21451,91, 0
21452,78, 0
21453,74, 0
21454,95, 0
21455,103, 0
21456,122, 0
21457,139, 0
21458,136, 0
21459,143, 0
21460,141, 0
21461,145, 0
21462,154, 0
21463,157, 0
21464,148, 0
21465,142, 0
21466,124, 0
21467,159, 2
21468,159, 0
21469,145, 0
21470,137, 4
21471,137, 12
21472,139, 0
21473,161, 0
21474,144, 0
21475,153, 0
21476,167, 0
21477,161, 0
21478,161, 0
21479,152, 0
21480,135, 1
21481,103, 0
21482,83, 0
21483,93, 0
21484,108, 0
21485,131, 0
21486,141, 0
21487,137, 0
21488,121, 0
21489,102, 0
21490,102, 0
21491,109, 0
21492,126, 0
21493,138, 0
21494,140, 0
21495,152, 0
21496,153, 0
21497,152, 1
21498,139, 0
21499,116, 0
21500,116, 0
21501,95, 0
21502,108, 0
21503,113, 0
21504,120, 0
21505,117, 0
21506,107, 0
21507,102, 0
21508,97, 0
21509,89, 0
21510,83, 0
21511,75, 0
21512,83, 0
21513,95, 0
21514,121, 0
21515,138, 0
21516,156, 0
21517,159, 0
21518,151, 0
21519,148, 0
21520,151, 0
21521,151, 0
21522,144, 0
21523,141, 0
21524,149, 0
21525,153, 0
21526,157, 0
21527,153, 0
21528,141, 0
21529,132, 1
21530,124, 0
21531,121, 0
21532,113, 0
21533,115, 0
21534,130, 0
21535,129, 0
21536,132, 0
21537,130, 0
21538,125, 0
21539,127, 0
21540,126, 0
21541,121, 0
21542,112, 0
21543,128, 0
21544,147, 0
21545,152, 0
21546,153, 0
21547,150, 0
21548,150, 0
21549,157, 0
21550,156, 0
21551,153, 0
21552,149, 0
21553,147, 0
21554,134, 0
21555,139, 0
21556,137, 0
21557,138, 3
21558,137, 0
21559,135, 0
21560,119, 0
21561,104, 0
21562,107, 0
21563,102, 0
21564,108, 0
21565,115, 0
21566,124, 0
21567,131, 0
21568,136, 0
21569,134, 0
21570,137, 0
21571,140, 0
21572,145, 0
21573,143, 0
21574,152, 0
21575,143, 0
21576,150, 0
21577,155, 0
21578,147, 0
21579,144, 0
21580,145, 0
21581,145, 0
21582,144, 0
21583,145, 0
21584,158, 0
21585,156, 0
21586,151, 0
21587,133, 0
21588,139, 0
21589,137, 0
21590,147, 0
21591,149, 0
21592,159, 0
21593,163, 0
21594,152, 0
21595,161, 0
21596,139, 0
21597,141, 0
21598,153, 0
21599,159, 0
21600,169, 0
21601,176, 0
21602,155, 0
21603,161, 0
21604,126, 0
21605,121, 0
21606,109, 6
21607,100, 1
21608,97, 0
21609,96, 0
21610,107, 0
21611,102, 10
21612,102, 2
21613,113, 6
21614,111, 6
21615,120, 52
21616,123, 90
21617,130, 81
21618,129, 86
21619,127, 76
21620,121, 6
21621,103, 7
21622,97, 8
21623,97, 0
21624,92, 0
21625,119, 0
21626,124, 0
21627,127, 4
21628,117, 0
21629,110, 0
21630,119, 0
21631,115, 0
21632,141, 0
21633,147, 0
21634,143, 0
21635,157, 0
21636,156, 0
21637,183, 0
21638,213, 0
21639,226, 0
21640,235, 0
21641,221, 0
21642,207, 0
21643,191, 0
21644,189, 0
21645,184, 0
21646,176, 0
21647,165, 0
21648,158, 0
21649,131, 0
21650,150, 0
21651,151, 0
21652,149, 0
21653,140, 0
21654,115, 0
21655,111, 38
21656,89, 123
21657,75, 133
21658,77, 92
21659,92, 95
21660,101, 130
21661,112, 196
21662,123, 197
21663,97, 201
21664,95, 391
21665,100, 562
21666,100, 604
21667,108, 491
21668,105, 438
21669,108, 398
21670,105, 310
21671,105, 273
21672,104, 267
21673,102, 182
21674,100, 97
21675,118, 0
21676,108, 0
21677,115, 0
21678,126, 0
21679,117, 0
21680,118, 0
21681,102, 0
21682,93, 0
21683,95, 0
21684,70, 0
21685,70, 0
21686,65, 0
21687,71, 0
21688,75, 0
21689,79, 0
21690,95, 0
21691,108, 0
21692,115, 0
21693,120, 0
21694,115, 0
21695,113, 0
21696,121, 0
21697,124, 0
21698,156, 0
21699,179, 0
21700,187, 0
21701,179, 0
21702,145, 0
21703,105, 0
21704,93, 0
21705,120, 0
21706,140, 0
21707,169, 0
21708,186, 0
21709,172, 0
21710,183, 0
21711,176, 0
21712,165, 0
21713,157, 0
21714,173, 0
21715,137, 0
21716,145, 0
21717,137, 0
21718,130, 12
21719,123, 0
21720,127, 0
21721,120, 0
21722,129, 0
21723,128, 0
21724,129, 0
21725,130, 0
21726,130, 0
21727,115, 0
21728,109, 0
21729,97, 0
21730,95, 0
21731,92, 0
21732,115, 0
21733,119, 0
21734,106, 0
21735,101, 0
21736,83, 0
21737,94, 0
21738,104, 0
21739,133, 0
21740,129, 0
21741,130, 0
21742,135, 0
21743,127, 0
21744,121, 21
21745,113, 0
21746,108, 0
21747,105, 0
21748,120, 0
21749,118, 0
21750,108, 0
21751,121, 0
21752,131, 0
21753,131, 0
21754,127, 0
21755,118, 0
21756,121, 0
21757,127, 0
21758,131, 0
21759,144, 0
21760,152, 0
21761,158, 0
21762,171, 0
21763,163, 0
21764,158, 0
21765,159, 3
21766,159, 0
21767,154, 0
21768,159, 0
21769,158, 0
21770,169, 0
21771,160, 0
21772,159, 0
21773,115, 0
21774,101, 0
21775,107, 0
21776,102, 0
21777,123, 0
21778,121, 0
21779,107, 0
21780,108, 0
21781,113, 0
21782,126, 0
21783,132, 0
21784,126, 0
21785,129, 0
21786,141, 0
21787,142, 10
21788,156, 0
21789,159, 0
21790,144, 0
21791,143, 0
21792,140, 0
21793,137, 0
21794,138, 0
21795,152, 0
21796,147, 0
21797,143, 0
21798,131, 0
21799,116, 0
21800,115, 0
21801,121, 0
21802,132, 0
21803,136, 0
21804,139, 0
21805,132, 0
21806,127, 0
21807,127, 0
21808,127, 0
21809,124, 0
21810,108, 0
21811,105, 0
21812,123, 6
21813,115, 19
21814,138, 17
21815,135, 0
21816,124, 0
21817,121, 0
21818,111, 0
21819,122, 0
21820,161, 0
21821,183, 0
21822,208, 0
21823,201, 0
21824,192, 0
21825,180, 0
21826,173, 0
21827,164, 0
21828,159, 0
21829,140, 0
21830,121, 0
21831,89, 0
21832,77, 0
21833,76, 0
21834,67, 8
21835,95, 19
21836,142, 64
21837,142, 36
21838,168, 3
21839,168, 0
21840,157, 0
21841,154, 0
21842,139, 0
21843,133, 0
21844,122, 0
21845,112, 0
21846,94, 0
21847,81, 0
21848,69, 0
21849,71, 0
21850,74, 0
21851,86, 0
21852,89, 0
21853,83, 0
21854,80, 0
21855,95, 0
21856,102, 0
21857,111, 0
21858,120, 0
21859,125, 61
21860,116, 145
21861,123, 203
21862,105, 278
21863,118, 451
21864,145, 468
21865,165, 493
21866,183, 488
21867,204, 383
21868,221, 398
21869,215, 240
21870,214, 140
21871,211, 9
21872,203, 0
21873,196, 0
21874,202, 0
21875,170, 0
21876,165, 0
21877,153, 0
21878,152, 4
21879,154, 0
21880,154, 0
21881,170, 0
21882,187, 0
21883,200, 0
21884,200, 0
21885,190, 0
21886,158, 0
21887,137, 0
21888,121, 0
21889,112, 0
21890,119, 0
21891,136, 0
21892,139, 0
21893,131, 0
21894,111, 0
21895,102, 0
21896,108, 0
21897,127, 0
21898,152, 0
21899,177, 0
21900,200, 0
21901,195, 0
21902,197, 0
21903,181, 0
21904,170, 0
21905,170, 0
21906,145, 0
21907,132, 0
21908,126, 0
21909,110, 6
21910,108, 0
21911,94, 0
21912,79, 0
21913,75, 0
21914,78, 0
21915,89, 0
21916,89, 0
21917,94, 0
21918,108, 0
21919,102, 0
21920,102, 0
21921,90, 0
21922,76, 0
21923,67, 8
21924,45, 0
21925,62, 0
21926,47, 5
21927,56, 0
21928,55, 0
21929,45, 0
21930,47, 0
21931,53, 0
21932,83, 0
21933,113, 0
21934,135, 0
21935,139, 0
21936,131, 0
21937,107, 0
21938,93, 0
21939,87, 0
21940,86, 0
21941,100, 0
21942,103, 0
21943,112, 0
21944,92, 0
21945,96, 0
21946,103, 0
21947,121, 0
21948,139, 0
21949,155, 0
21950,167, 0
21951,190, 0
21952,202, 0
21953,201, 0
21954,193, 0
21955,174, 0
21956,136, 0
21957,129, 0
21958,144, 0
21959,161, 0
21960,183, 0
21961,181, 0
21962,186, 0
21963,191, 0
21964,170, 0
21965,158, 0
21966,145, 0
21967,143, 0
21968,139, 0
21969,144, 0
21970,148, 0
21971,152, 0
21972,141, 0
21973,125, 0
21974,121, 0
21975,149, 0
21976,183, 0
21977,208, 0
21978,236, 0
21979,229, 0
21980,228, 0
21981,223, 5
21982,207, 36
21983,170, 67
21984,113, 251
21985,70, 321
21986,51, 380
21987,6, 442
21988,0, 337
21989,2, 230
21990,19, 145
21991,47, 101
21992,81, 57
21993,111, 4
21994,131, 3
21995,138, 4
21996,121, 0
21997,83, 0
21998,61, 0
21999,61, 0
22000,105, 1
22001,140, 0
22002,176, 0
22003,158, 0
22004,153, 0
22005,158, 0
22006,155, 0
22007,150, 0
22008,139, 0
22009,137, 0
22010,131, 0
22011,107, 0
22012,75, 0
22013,63, 0
22014,57, 0
22015,76, 0
22016,86, 0
22017,92, 0
22018,89, 0
22019,83, 0
22020,85, 0
22021,102, 0
22022,121, 0
22023,131, 0
22024,132, 0
22025,133, 0
22026,129, 0
22027,142, 0
22028,137, 0
22029,124, 0
22030,126, 0
22031,133, 0
22032,150, 1
22033,126, 5
22034,119, 5
22035,127, 0
22036,150, 0
22037,171, 0
22038,180, 0
22039,189, 0
22040,205, 0
22041,212, 0
22042,223, 0
22043,231, 0
22044,222, 0
22045,205, 0
22046,173, 0
22047,159, 0
22048,136, 0
22049,134, 0
22050,152, 0
22051,187, 0
22052,214, 0
22053,216, 0
22054,204, 0
22055,185, 17
22056,167, 72
22057,156, 61
22058,150, 0
22059,158, 0
22060,166, 0
22061,153, 0
22062,161, 0
22063,166, 0
22064,172, 0
22065,164, 0
22066,156, 0
22067,128, 0
22068,123, 0
22069,116, 0
22070,141, 0
22071,152, 0
22072,168, 0
22073,187, 0
22074,183, 0
22075,176, 0
22076,191, 0
22077,197, 0
22078,189, 4
22079,183, 65
22080,158, 94
22081,143, 27
22082,116, 0
22083,122, 0
22084,134, 0
22085,129, 0
22086,113, 0
22087,81, 0
22088,50, 0
22089,9, 37
22090,0, 78
22091,0, 53
22092,0, 6
22093,0, 0
22094,3, 0
22095,20, 0
22096,34, 1
22097,43, 4
22098,44, 29
22099,51, 60
22100,62, 91
22101,65, 96
22102,73, 36
22103,68, 17
22104,72, 1
22105,65, 6
22106,79, 11
22107,96, 0
22108,119, 0
22109,140, 0
22110,155, 0
22111,175, 0
22112,187, 0
22113,206, 0
22114,197, 0
22115,188, 0
22116,159, 0
22117,137, 0
22118,148, 0
22119,155, 0
22120,144, 0
22121,135, 0
22122,115, 0
22123,92, 0
22124,70, 1
22125,76, 40
22126,79, 22
22127,91, 0
22128,103, 0
22129,125, 0
22130,139, 0
22131,155, 0
22132,153, 0
22133,177, 0
22134,176, 0
22135,180, 0
22136,179, 0
22137,166, 0
22138,131, 0
22139,137, 0
22140,142, 0
22141,148, 0
22142,152, 0
22143,144, 0
22144,130, 0
22145,111, 0
22146,95, 0
22147,120, 0
22148,148, 0
22149,165, 0
22150,169, 0
22151,158, 0
22152,142, 0
22153,145, 0
22154,151, 0
22155,164, 0
22156,158, 19
22157,149, 110
22158,144, 172
22159,128, 143
22160,133, 61
22161,138, 31
22162,155, 6
22163,173, 0
22164,186, 0
22165,192, 0
22166,204, 0
22167,170, 0
22168,163, 0
22169,136, 0
22170,122, 0
22171,110, 0
22172,85, 0
22173,74, 0
22174,57, 0
22175,31, 0
22176,13, 0
22177,8, 0
22178,32, 0
22179,86, 0
22180,117, 0
22181,158, 0
22182,172, 0
22183,175, 0
22184,176, 0
22185,181, 0
22186,199, 0
22187,237, 0
22188,246, 0
22189,252, 0
22190,226, 0
22191,213, 0
22192,200, 0
22193,192, 0
22194,181, 0
22195,164, 0
22196,120, 0
22197,72, 0
22198,25, 0
22199,30, 0
22200,75, 0
22201,137, 0
22202,181, 0
22203,201, 0
22204,176, 0
22205,137, 0
22206,94, 0
22207,88, 0
22208,92, 0
22209,104, 0
22210,104, 0
22211,95, 0
22212,72, 12
22213,79, 92
22214,53, 63
22215,57, 0
22216,75, 0
22217,93, 0
22218,134, 0
22219,176, 0
22220,208, 0
22221,230, 0
22222,222, 0
22223,196, 1
22224,156, 19
22225,91, 147
22226,61, 302
22227,28, 268
22228,15, 157
22229,31, 67
22230,85, 6
22231,140, 0
22232,197, 0
22233,243, 0
22234,273, 0
22235,265, 0
22236,239, 0
22237,197, 0
22238,137, 0
22239,76, 0
22240,44, 0
22241,38, 0
22242,47, 0
22243,67, 0
22244,96, 0
22245,116, 0
22246,148, 0
22247,131, 0
22248,123, 0
22249,108, 0
22250,80, 0
22251,47, 94
22252,25, 202
22253,43, 188
22254,41, 83
22255,63, 36
22256,96, 6
22257,102, 0
22258,112, 0
22259,152, 0
22260,161, 0
22261,183, 0
22262,185, 0
22263,195, 23
22264,176, 78
22265,149, 177
22266,112, 136
22267,106, 127
22268,127, 42
22269,145, 0
22270,150, 0
22271,151, 3
22272,170, 0
22273,159, 0
22274,159, 0
22275,141, 0
22276,144, 0
22277,136, 0
22278,145, 0
22279,184, 0
22280,213, 0
22281,221, 0
22282,212, 0
22283,203, 0
22284,204, 0
22285,192, 0
22286,157, 0
22287,121, 0
22288,97, 0
22289,102, 0
22290,116, 0
22291,106, 0
22292,89, 0
22293,103, 10
22294,115, 0
22295,141, 0
22296,183, 0
22297,195, 0
22298,189, 0
22299,166, 0
22300,168, 0
22301,168, 1
22302,161, 117
22303,139, 235
22304,105, 136
22305,85, 12
22306,88, 0
22307,85, 0
22308,87, 0
22309,68, 0
22310,39, 0
22311,18, 0
22312,23, 0
22313,37, 0
22314,85, 0
22315,87, 0
22316,102, 0
22317,102, 0
22318,104, 0
22319,129, 0
22320,134, 0
22321,131, 0
22322,118, 0
22323,103, 0
22324,95, 0
22325,123, 0
22326,137, 0
22327,158, 0
22328,183, 0
22329,201, 0
22330,197, 0
22331,217, 0
22332,238, 0
22333,251, 0
22334,238, 0
22335,219, 0
22336,176, 0
22337,149, 0
22338,134, 0
22339,132, 0
22340,151, 0
22341,133, 0
22342,122, 0
22343,116, 0
22344,115, 0
22345,133, 0
22346,137, 0
22347,149, 0
22348,153, 0
22349,150, 0
22350,140, 14
22351,137, 1
22352,143, 1
22353,151, 12
22354,142, 0
22355,142, 0
22356,175, 0
22357,167, 0
22358,164, 0
22359,134, 0
22360,83, 0
22361,60, 0
22362,58, 0
22363,69, 0
22364,89, 0
22365,83, 0
22366,67, 0
22367,57, 0
22368,72, 0
22369,95, 26
22370,126, 161
22371,149, 295
22372,151, 242
22373,148, 111
22374,142, 51
22375,144, 0
22376,144, 0
22377,144, 0
22378,144, 0
22379,137, 0
22380,132, 0
22381,135, 0
22382,145, 0
22383,152, 0
22384,148, 0
22385,129, 0
22386,131, 0
22387,150, 0
22388,196, 0
22389,255, 0
22390,306, 0
22391,278, 0
22392,247, 0
22393,204, 0
22394,145, 57
22395,70, 121
22396,6, 85
22397,0, 19
22398,0, 0
22399,12, 0
22400,55, 0
22401,81, 57
22402,92, 87
22403,85, 48
22404,89, 17
22405,102, 0
22406,138, 0
22407,161, 0
22408,179, 0
22409,175, 0
22410,175, 0
22411,163, 64
22412,154, 134
22413,169, 60
22414,168, 132
22415,155, 64
22416,156, 0
22417,158, 0
22418,155, 0
22419,163, 0
22420,164, 0
22421,151, 0
22422,163, 0
22423,168, 0
22424,157, 0
22425,125, 3
22426,100, 0
22427,96, 0
22428,88, 0
22429,103, 0
22430,100, 0
22431,109, 0
22432,124, 0
22433,158, 0
22434,157, 0
22435,151, 0
22436,133, 6
22437,122, 51
22438,117, 109
22439,99, 76
22440,92, 0
22441,38, 34
22442,18, 69
22443,18, 47
22444,51, 0
22445,81, 0
22446,106, 0
22447,141, 0
22448,174, 0
22449,181, 0
22450,158, 0
22451,121, 0
22452,92, 0
22453,101, 0
22454,115, 0
22455,111, 0
22456,148, 0
22457,157, 0
22458,160, 0
22459,159, 0
22460,151, 0
22461,158, 0
22462,195, 0
22463,192, 0
22464,208, 0
22465,195, 0
22466,157, 0
22467,127, 0
22468,97, 0
22469,79, 3
22470,58, 187
22471,37, 420
22472,63, 420
22473,108, 228
22474,167, 8
22475,223, 0
22476,257, 0
22477,275, 0
22478,260, 0
22479,220, 0
22480,154, 0
22481,97, 0
22482,67, 0
22483,71, 0
22484,78, 0
22485,85, 0
22486,83, 0
22487,57, 0
22488,68, 0
22489,63, 0
22490,99, 0
22491,117, 0
22492,165, 0
22493,135, 0
22494,121, 0
22495,102, 0
22496,101, 0
22497,111, 0
22498,133, 7
22499,154, 43
22500,171, 71
22501,193, 266
22502,199, 457
22503,180, 610
22504,180, 593
22505,159, 521
22506,152, 367
22507,127, 121
22508,92, 0
22509,65, 0
22510,70, 0
22511,100, 0
22512,125, 0
22513,164, 0
22514,213, 0
22515,218, 0
22516,200, 0
22517,174, 0
22518,158, 0
22519,152, 0
22520,141, 0
22521,127, 12
22522,110, 30
22523,108, 0
22524,76, 0
22525,96, 0
22526,125, 0
22527,141, 0
22528,145, 13
22529,121, 79
22530,91, 25
22531,70, 0
22532,76, 0
22533,92, 0
22534,113, 0
22535,160, 0
22536,137, 0
22537,94, 0
22538,44, 0
22539,44, 0
22540,62, 0
22541,126, 0
22542,182, 0
22543,227, 13
22544,234, 175
22545,217, 385
22546,175, 535
22547,152, 506
22548,142, 369
22549,127, 304
22550,111, 276
22551,123, 127
22552,128, 76
22553,158, 73
22554,166, 6
22555,170, 0
22556,164, 0
22557,193, 0
22558,192, 0
22559,208, 0
22560,193, 0
22561,165, 0
22562,130, 0
22563,105, 0
22564,106, 0
22565,127, 0
22566,144, 0
22567,134, 0
22568,115, 0
22569,99, 0
22570,109, 0
22571,134, 0
22572,141, 0
22573,132, 0
22574,133, 0
22575,134, 0
22576,140, 0
22577,139, 0
22578,158, 0
22579,175, 0
22580,151, 11
22581,140, 25
22582,113, 0
22583,99, 0
22584,95, 0
22585,84, 0
22586,78, 0
22587,80, 31
22588,85, 22
22589,88, 10
22590,84, 6
22591,84, 4
22592,76, 0
22593,69, 0
22594,73, 0
22595,111, 0
22596,183, 0
22597,227, 0
22598,246, 0
22599,244, 0
22600,201, 0
22601,133, 6
22602,44, 83
22603,0, 251
22604,10, 435
22605,22, 491
22606,11, 247
22607,0, 67
22608,6, 1
22609,44, 0
22610,78, 3
22611,118, 0
22612,148, 0
22613,177, 0
22614,199, 0
22615,202, 0
22616,202, 0
22617,201, 0
22618,202, 0
22619,228, 0
22620,237, 0
22621,230, 0
22622,210, 0
22623,184, 0
22624,150, 0
22625,128, 37
22626,118, 71
22627,139, 5
22628,159, 0
22629,179, 0
22630,180, 0
22631,191, 0
22632,183, 0
22633,171, 0
22634,143, 0
22635,147, 0
22636,141, 0
22637,123, 0
22638,104, 0
22639,92, 0
22640,92, 12
22641,95, 67
22642,112, 38
22643,110, 8
22644,103, 115
22645,77, 215
22646,84, 176
22647,117, 139
22648,175, 23
22649,230, 0
22650,276, 6
22651,301, 12
22652,292, 83
22653,244, 111
22654,205, 131
22655,188, 193
22656,161, 279
22657,133, 246
22658,76, 293
22659,38, 263
22660,25, 92
22661,51, 5
22662,62, 0
22663,101, 0
22664,133, 0
22665,150, 0
22666,144, 0
22667,130, 0
22668,83, 0
22669,31, 0
22670,0, 0
22671,0, 0
22672,6, 0
22673,42, 0
22674,91, 0
22675,135, 0
22676,154, 0
22677,172, 0
22678,181, 0
22679,198, 0
22680,222, 0
22681,238, 0
22682,213, 0
22683,173, 0
22684,148, 0
22685,108, 0
22686,111, 2
22687,102, 111
22688,112, 115
22689,141, 72
22690,189, 77
22691,222, 2
22692,213, 0
22693,156, 0
22694,101, 0
22695,85, 0
22696,110, 0
22697,137, 0
22698,156, 0
22699,157, 0
22700,181, 0
22701,228, 0
22702,244, 0
22703,257, 0
22704,252, 12
22705,223, 14
22706,198, 0
22707,208, 0
22708,201, 0
22709,170, 0
22710,108, 0
22711,43, 91
22712,6, 294
22713,0, 568
22714,0, 638
22715,0, 625
22716,0, 643
22717,0, 593
22718,30, 420
22719,73, 231
22720,92, 88
22721,74, 6
22722,41, 0
22723,44, 0
22724,84, 0
22725,139, 0
22726,175, 0
22727,186, 0
22728,167, 0
22729,143, 0
22730,101, 0
22731,70, 0
22732,51, 0
22733,31, 0
22734,21, 111
22735,52, 281
22736,108, 325
22737,183, 103
22738,237, 0
22739,266, 0
22740,256, 0
22741,224, 0
22742,177, 0
22743,144, 0
22744,134, 0
22745,156, 0
22746,95, 0
22747,72, 0
22748,63, 0
22749,68, 0
22750,95, 0
22751,118, 0
22752,121, 0
22753,111, 0
22754,100, 0
22755,95, 0
22756,111, 0
22757,148, 0
22758,182, 0
22759,229, 0
22760,266, 0
22761,280, 0
22762,285, 0
22763,229, 0
22764,176, 0
22765,139, 0
22766,121, 5
22767,113, 262
22768,84, 553
22769,19, 788
22770,0, 947
22771,2, 710
22772,9, 525
22773,90, 555
22774,176, 578
22775,196, 488
22776,207, 426
22777,187, 399
22778,156, 590
22779,119, 548
22780,91, 642
22781,119, 814
22782,127, 875
22783,140, 816
22784,143, 529
22785,136, 402
22786,137, 251
22787,119, 45
22788,112, 0
22789,93, 0
22790,58, 0
22791,72, 0
22792,86, 0
22793,116, 0
22794,131, 1
22795,138, 0
22796,144, 0
22797,159, 0
22798,166, 0
22799,176, 0
22800,174, 0
22801,141, 0
22802,126, 0
22803,88, 0
22804,92, 0
22805,89, 0
22806,108, 0
22807,120, 0
22808,151, 0
22809,183, 0
22810,203, 0
22811,205, 0
22812,231, 0
22813,262, 0
22814,275, 0
22815,294, 0
22816,293, 0
22817,298, 0
22818,314, 0
22819,280, 0
22820,262, 0
22821,197, 0
22822,120, 0
22823,69, 0
22824,41, 0
22825,25, 0
22826,27, 0
22827,7, 158
22828,0, 407
22829,0, 445
22830,0, 359
22831,2, 312
22832,30, 177
22833,53, 130
22834,70, 230
22835,87, 238
22836,104, 184
22837,121, 103
22838,153, 75
22839,182, 99
22840,170, 38
22841,131, 56
22842,89, 18
22843,71, 0
22844,55, 0
22845,57, 0
22846,73, 0
22847,81, 0
22848,103, 0
22849,147, 0
22850,201, 0
22851,231, 0
22852,202, 0
22853,153, 0
22854,77, 0
22855,76, 0
22856,76, 0
22857,165, 0
22858,226, 0
22859,263, 0
22860,297, 0
22861,294, 0
22862,277, 0
22863,261, 0
22864,251, 0
22865,254, 0
22866,264, 0
22867,251, 0
22868,195, 163
22869,163, 326
22870,110, 427
22871,51, 638
22872,1, 899
22873,0, 999
22874,12, 976
22875,6, 711
22876,6, 432
22877,65, 446
22878,129, 473
22879,163, 342
22880,171, 121
22881,163, 89
22882,142, 184
22883,116, 254
22884,90, 311
22885,62, 210
22886,43, 158
22887,60, 95
22888,115, 183
22889,170, 242
22890,193, 253
22891,196, 196
22892,182, 63
22893,149, 0
22894,111, 0
22895,77, 0
22896,63, 0
22897,88, 0
22898,113, 0
22899,123, 11
22900,99, 72
22901,78, 103
22902,69, 138
22903,88, 67
22904,133, 0
22905,170, 0
22906,192, 0
22907,196, 0
22908,193, 0
22909,175, 0
22910,159, 0
22911,150, 0
22912,164, 0
22913,160, 0
22914,156, 0
22915,153, 0
22916,151, 0
22917,101, 0
22918,76, 0
22919,85, 0
22920,102, 0
22921,118, 0
22922,127, 0
22923,125, 4
22924,143, 71
22925,139, 134
22926,147, 100
22927,145, 0
22928,123, 0
22929,102, 0
22930,93, 0
22931,105, 0
22932,99, 0
22933,142, 0
22934,148, 0
22935,158, 0
22936,164, 0
22937,182, 0
22938,196, 0
22939,214, 0
22940,212, 0
22941,206, 0
22942,191, 0
22943,199, 0
22944,193, 0
22945,188, 0
22946,176, 0
22947,179, 0
22948,176, 0
22949,159, 0
22950,126, 0
22951,81, 6
22952,29, 199
22953,3, 476
22954,6, 589
22955,11, 724
22956,12, 781
22957,14, 635
22958,26, 642
22959,56, 659
22960,84, 662
22961,115, 564
22962,134, 302
22963,145, 179
22964,148, 64
22965,127, 53
22966,103, 14
22967,105, 13
22968,134, 42
22969,171, 184
22970,197, 334
22971,193, 343
22972,174, 352
22973,154, 216
22974,152, 8
22975,147, 0
22976,159, 0
22977,153, 0
22978,150, 0
22979,137, 3
22980,136, 81
22981,136, 123
22982,155, 76
22983,136, 25
22984,132, 0
22985,102, 0
22986,116, 0
22987,141, 0
22988,158, 0
22989,163, 0
22990,145, 0
22991,174, 0
22992,202, 0
22993,227, 0
22994,235, 0
22995,227, 0
22996,215, 0
22997,213, 0
22998,183, 0
22999,177, 0
23000,185, 0
23001,188, 0
23002,189, 0
23003,165, 0
23004,116, 159
23005,54, 521
23006,37, 616
23007,26, 625
23008,46, 354
23009,48, 158
23010,90, 243
23011,116, 591
23012,127, 785
23013,127, 527
23014,76, 145
23015,20, 0
23016,5, 0
23017,14, 0
23018,42, 0
23019,50, 0
23020,50, 2
23021,50, 54
23022,63, 22
23023,69, 0
23024,73, 18
23025,58, 0
23026,71, 6
23027,102, 7
23028,132, 7
23029,169, 0
23030,206, 0
23031,235, 24
23032,213, 3
23033,169, 0
23034,143, 0
23035,129, 0
23036,119, 0
23037,115, 0
23038,132, 0
23039,129, 0
23040,160, 0
23041,183, 6
23042,191, 0
23043,192, 0
23044,205, 3
23045,207, 134
23046,208, 229
23047,215, 218
23048,207, 30
23049,199, 0
23050,191, 0
23051,189, 0
23052,191, 0
23053,196, 0
23054,176, 0
23055,147, 0
23056,95, 0
23057,52, 0
23058,26, 0
23059,7, 44
23060,0, 168
23061,7, 430
23062,57, 373
23063,133, 299
23064,228, 159
23065,295, 30
23066,312, 17
23067,301, 61
23068,270, 103
23069,214, 6
23070,159, 0
23071,105, 0
23072,50, 54
23073,32, 75
23074,38, 89
23075,56, 69
23076,71, 11
23077,56, 19
23078,7, 13
23079,7, 22
23080,6, 12
23081,0, 129
23082,34, 221
23083,95, 319
23084,121, 348
23085,133, 538
23086,140, 642
23087,165, 490
23088,186, 525
23089,231, 408
23090,256, 122
23091,263, 0
23092,251, 0
23093,220, 0
23094,152, 0
23095,95, 0
23096,62, 0
23097,77, 0
23098,134, 0
23099,159, 0
23100,155, 0
23101,133, 0
23102,101, 0
23103,75, 0
23104,59, 0
23105,71, 0
23106,113, 0
23107,172, 0
23108,198, 0
23109,202, 0
23110,167, 0
23111,113, 0
23112,59, 5
23113,39, 92
23114,57, 46
23115,73, 0
23116,106, 0
23117,145, 0
23118,174, 0
23119,186, 46
23120,196, 119
23121,183, 93
23122,183, 81
23123,228, 7
23124,235, 6
23125,228, 0
23126,226, 57
23127,214, 197
23128,190, 132
23129,166, 19
23130,138, 0
23131,118, 0
23132,81, 0
23133,54, 0
23134,40, 0
23135,30, 0
23136,38, 0
23137,70, 0
23138,113, 0
23139,151, 0
23140,176, 0
23141,208, 0
23142,182, 0
23143,160, 0
23144,152, 0
23145,169, 0
23146,133, 0
23147,120, 0
23148,102, 0
23149,80, 0
23150,83, 39
23151,78, 300
23152,71, 512
23153,76, 469
23154,87, 326
23155,96, 306
23156,113, 230
23157,118, 166
23158,115, 83
23159,124, 27
23160,121, 0
23161,125, 0
23162,127, 0
23163,120, 0
23164,83, 0
23165,55, 0
23166,38, 0
23167,48, 0
23168,105, 0
23169,151, 9
23170,192, 0
23171,204, 4
23172,214, 0
23173,204, 0
23174,199, 0
23175,195, 0
23176,153, 0
23177,152, 0
23178,148, 0
23179,171, 0
23180,214, 0
23181,270, 0
23182,307, 0
23183,306, 0
23184,260, 0
23185,220, 0
23186,172, 0
23187,127, 0
23188,74, 149
23189,40, 351
23190,25, 342
23191,39, 266
23192,52, 223
23193,57, 159
23194,76, 22
23195,73, 46
23196,108, 171
23197,127, 324
23198,133, 394
23199,135, 264
23200,152, 115
23201,157, 0
23202,154, 0
23203,108, 0
23204,75, 0
23205,57, 0
23206,61, 0
23207,85, 0
23208,101, 0
23209,107, 0
23210,99, 0
23211,83, 0
23212,64, 0
23213,55, 0
23214,67, 0
23215,95, 0
23216,105, 0
23217,115, 0
23218,122, 0
23219,128, 0
23220,163, 0
23221,170, 0
23222,168, 0
23223,176, 0
23224,185, 0
23225,186, 0
23226,183, 0
23227,172, 0
23228,177, 0
23229,156, 0
23230,161, 0
23231,177, 0
23232,186, 0
23233,183, 0
23234,166, 0
23235,154, 0
23236,176, 0
23237,174, 12
23238,172, 95
23239,196, 202
23240,203, 92
23241,227, 1
23242,270, 0
23243,298, 0
23244,294, 77
23245,291, 319
23246,282, 338
23247,259, 50
23248,207, 0
23249,150, 0
23250,110, 0
23251,112, 0
23252,108, 0
23253,105, 0
23254,92, 0
23255,72, 0
23256,57, 0
23257,28, 0
23258,5, 0
23259,0, 15
23260,0, 294
23261,0, 552
23262,4, 488
23263,9, 455
23264,1, 256
23265,0, 96
23266,7, 64
23267,52, 14
23268,104, 57
23269,138, 64
23270,124, 3
23271,117, 0
23272,108, 0
23273,108, 0
23274,130, 0
23275,132, 0
23276,125, 0
23277,154, 0
23278,108, 0
23279,70, 0
23280,32, 0
23281,0, 159
23282,0, 363
23283,3, 334
23284,42, 193
23285,115, 13
23286,158, 0
23287,219, 0
23288,220, 0
23289,200, 0
23290,203, 0
23291,168, 0
23292,159, 0
23293,171, 6
23294,163, 88
23295,147, 107
23296,140, 124
23297,131, 38
23298,133, 0
23299,145, 0
23300,145, 0
23301,145, 0
23302,159, 0
23303,184, 0
23304,215, 0
23305,258, 0
23306,255, 0
23307,245, 0
23308,222, 0
23309,184, 0
23310,120, 0
23311,56, 0
23312,20, 0
23313,23, 9
23314,54, 207
23315,95, 396
23316,119, 406
23317,143, 276
23318,149, 97
23319,141, 0
23320,134, 0
23321,108, 29
23322,94, 18
23323,109, 0
23324,140, 0
23325,169, 0
23326,176, 0
23327,160, 0
23328,152, 9
23329,145, 38
23330,157, 164
23331,182, 466
23332,200, 693
23333,208, 693
23334,188, 245
23335,171, 6
23336,165, 0
23337,171, 0
23338,183, 0
23339,185, 0
23340,171, 0
23341,153, 0
23342,131, 0
23343,92, 0
23344,61, 0
23345,48, 0
23346,54, 0
23347,76, 0
23348,102, 0
23349,109, 0
23350,126, 0
23351,129, 0
23352,111, 0
23353,108, 0
23354,113, 0
23355,127, 0
23356,148, 0
23357,156, 0
23358,160, 0
23359,158, 0
23360,152, 0
23361,151, 0
23362,158, 0
23363,159, 0
23364,201, 0
23365,206, 0
23366,193, 0
23367,169, 0
23368,134, 0
23369,103, 0
23370,67, 0
23371,10, 0
23372,0, 0
23373,0, 0
23374,19, 0
23375,89, 3
23376,132, 75
23377,171, 129
23378,175, 101
23379,163, 43
23380,158, 0
23381,168, 0
23382,173, 0
23383,190, 0
23384,188, 0
23385,174, 27
23386,144, 12
23387,102, 0
23388,86, 0
23389,80, 0
23390,87, 0
23391,89, 0
23392,89, 0
23393,85, 0
23394,70, 0
23395,70, 0
23396,86, 0
23397,125, 0
23398,168, 0
23399,210, 0
23400,271, 0
23401,281, 19
23402,238, 158
23403,203, 153
23404,163, 167
23405,156, 45
23406,128, 1
23407,118, 0
23408,97, 0
23409,94, 0
23410,104, 0
23411,107, 0
23412,102, 73
23413,93, 154
23414,99, 48
23415,99, 0
23416,92, 0
23417,97, 0
23418,79, 0
23419,92, 0
23420,113, 0
23421,115, 0
23422,132, 0
23423,128, 0
23424,152, 0
23425,164, 0
23426,129, 0
23427,131, 0
23428,129, 0
23429,148, 0
23430,158, 0
23431,149, 0
23432,125, 0
23433,128, 0
23434,99, 0
23435,96, 0
23436,117, 0
23437,144, 20
23438,159, 9
23439,197, 0
23440,199, 0
23441,188, 0
23442,143, 0
23443,95, 0
23444,64, 0
23445,51, 0
23446,53, 7
23447,62, 19
23448,78, 47
23449,78, 50
23450,83, 0
23451,105, 0
23452,131, 0
23453,169, 0
23454,206, 0
23455,248, 0
23456,249, 0
23457,232, 0
23458,191, 0
23459,143, 0
23460,93, 0
23461,48, 0
23462,19, 0
23463,12, 0
23464,37, 0
23465,70, 0
23466,77, 0
23467,89, 0
23468,88, 0
23469,81, 1
23470,89, 0
23471,78, 0
23472,89, 0
23473,119, 0
23474,141, 0
23475,176, 0
23476,187, 116
23477,180, 192
23478,159, 127
23479,144, 57
23480,145, 0
23481,176, 0
23482,206, 0
23483,196, 0
23484,190, 0
23485,176, 0
23486,163, 0
23487,150, 0
23488,159, 0
23489,158, 0
23490,159, 0
23491,152, 0
23492,125, 0
23493,89, 0
23494,86, 0
23495,63, 0
23496,57, 0
23497,95, 0
23498,119, 0
23499,132, 0
23500,133, 0
23501,125, 0
23502,120, 0
23503,112, 6
23504,115, 0
23505,119, 0
23506,134, 0
23507,139, 2
23508,142, 0
23509,137, 43
23510,132, 60
23511,126, 0
23512,128, 0
23513,128, 0
23514,125, 0
23515,121, 23
23516,115, 70
23517,152, 17
23518,176, 1
23519,198, 0
23520,203, 0
23521,179, 0
23522,188, 0
23523,165, 0
23524,179, 0
23525,181, 0
23526,134, 0
23527,115, 0
23528,102, 0
23529,101, 0
23530,152, 0
23531,196, 0
23532,201, 0
23533,186, 0
23534,145, 0
23535,97, 0
23536,65, 10
23537,36, 176
23538,12, 165
23539,4, 17
23540,24, 0
23541,63, 0
23542,115, 19
23543,122, 19
23544,129, 0
23545,148, 0
23546,160, 0
23547,169, 0
23548,172, 0
23549,191, 0
23550,168, 0
23551,151, 0
23552,148, 0
23553,143, 0
23554,152, 0
23555,145, 0
23556,166, 0
23557,164, 0
23558,152, 0
23559,152, 0
23560,160, 0
23561,168, 0
23562,167, 0
23563,170, 0
23564,177, 9
23565,171, 0
23566,145, 0
23567,105, 0
23568,87, 0
23569,65, 0
23570,53, 0
23571,51, 6
23572,57, 0
23573,62, 0
23574,63, 2
23575,83, 0
23576,84, 0
23577,109, 0
23578,129, 0
23579,131, 3
23580,138, 0
23581,133, 0
23582,133, 0
23583,150, 0
23584,127, 0
23585,128, 0
23586,128, 0
23587,134, 0
23588,139, 0
23589,155, 0
23590,157, 0
23591,165, 0
23592,185, 0
23593,159, 0
23594,183, 0
23595,191, 0
23596,202, 0
23597,220, 0
23598,189, 0
23599,173, 0
23600,152, 0
23601,147, 0
23602,157, 0
23603,174, 0
23604,187, 0
23605,188, 0
23606,154, 0
23607,115, 0
23608,83, 0
23609,38, 0
23610,47, 0
23611,57, 0
23612,70, 0
23613,92, 0
23614,99, 0
23615,104, 0
23616,62, 0
23617,47, 0
23618,48, 0
23619,56, 0
23620,83, 0
23621,95, 0
23622,101, 0
23623,91, 0
23624,108, 0
23625,103, 4
23626,97, 128
23627,88, 158
23628,97, 90
23629,117, 6
23630,134, 0
23631,132, 0
23632,127, 0
23633,111, 0
23634,105, 0
23635,97, 0
23636,111, 0
23637,96, 0
23638,113, 0
23639,124, 0
23640,133, 0
23641,140, 0
23642,140, 0
23643,144, 0
23644,144, 0
23645,131, 0
23646,132, 0
23647,128, 0
23648,133, 0
23649,145, 0
23650,173, 0
23651,191, 0
23652,206, 0
23653,210, 0
23654,193, 0
23655,180, 0
23656,159, 0
23657,152, 0
23658,144, 0
23659,145, 0
23660,154, 0
23661,164, 0
23662,166, 0
23663,155, 0
23664,149, 0
23665,135, 0
23666,159, 0
23667,176, 0
23668,180, 0
23669,175, 6
23670,168, 11
23671,157, 0
23672,149, 0
23673,132, 0
23674,120, 0
23675,92, 0
23676,89, 0
23677,105, 0
23678,140, 0
23679,170, 0
23680,163, 0
23681,147, 0
23682,109, 54
23683,89, 149
23684,75, 207
23685,78, 126
23686,85, 27
23687,89, 0
23688,88, 0
23689,92, 0
23690,103, 4
23691,113, 6
23692,134, 11
23693,119, 19
23694,139, 0
23695,133, 0
23696,130, 6
23697,138, 0
23698,138, 0
23699,139, 0
23700,131, 0
23701,129, 0
23702,121, 0
23703,116, 0
23704,106, 0
23705,104, 0
23706,94, 0
23707,89, 0
23708,102, 0
23709,101, 0
23710,115, 0
23711,115, 0
23712,120, 0
23713,121, 0
23714,136, 0
23715,118, 0
23716,127, 0
23717,129, 0
23718,132, 0
23719,139, 0
23720,128, 0
23721,129, 0
23722,133, 0
23723,149, 0
23724,147, 0
23725,157, 0
23726,158, 0
23727,152, 0
23728,157, 0
23729,156, 0
23730,187, 0
23731,196, 0
23732,176, 0
23733,169, 0
23734,149, 0
23735,136, 0
23736,132, 0
23737,127, 0
23738,117, 0
23739,111, 0
23740,118, 0
23741,122, 0
23742,127, 0
23743,121, 0
23744,130, 0
23745,131, 0
23746,127, 0
23747,126, 9
23748,110, 0
23749,104, 0
23750,104, 0
23751,110, 4
23752,112, 4
23753,112, 14
23754,105, 7
23755,133, 0
23756,134, 0
23757,139, 0
23758,145, 0
23759,155, 0
23760,164, 0
23761,153, 0
23762,133, 0
23763,116, 0
23764,121, 0
23765,153, 0
23766,183, 0
23767,171, 0
23768,164, 0
23769,121, 0
23770,106, 0
23771,129, 0
23772,122, 0
23773,135, 0
23774,154, 0
23775,149, 0
23776,160, 0
23777,155, 0
23778,156, 0
23779,140, 0
23780,127, 0
23781,130, 0
23782,141, 0
23783,163, 0
23784,202, 0
23785,205, 0
23786,189, 0
23787,177, 0
23788,157, 0
23789,147, 0
23790,135, 0
23791,135, 0
23792,143, 9
23793,139, 0
23794,136, 0
23795,142, 0
23796,135, 0
23797,130, 0
23798,116, 0
23799,105, 0
23800,93, 6
23801,89, 0
23802,95, 0
23803,119, 0
23804,134, 0
23805,147, 0
23806,139, 0
23807,147, 0
23808,153, 0
23809,152, 0
23810,153, 0
23811,148, 0
23812,135, 9
23813,134, 0
23814,115, 0
23815,100, 18
23816,86, 19
23817,80, 0
23818,86, 0
23819,108, 1
23820,127, 0
23821,135, 0
23822,125, 0
23823,115, 0
23824,111, 0
23825,100, 0
23826,92, 0
23827,102, 0
23828,89, 0
23829,100, 0
23830,102, 0
23831,105, 0
23832,105, 0
23833,105, 0
23834,126, 0
23835,138, 0
23836,141, 0
23837,133, 0
23838,119, 0
23839,130, 0
23840,127, 0
23841,133, 0
23842,135, 0
23843,143, 0
23844,144, 0
23845,139, 0
23846,133, 0
23847,136, 0
23848,130, 0
23849,147, 0
23850,152, 0
23851,134, 0
23852,147, 0
23853,137, 0
23854,135, 0
23855,134, 0
23856,139, 0
23857,134, 0
23858,119, 0
23859,103, 14
23860,87, 4
23861,85, 11
23862,92, 0
23863,95, 0
23864,95, 0
23865,86, 0
23866,84, 0
23867,60, 0
23868,65, 0
23869,92, 0
23870,127, 0
23871,152, 0
23872,145, 0
23873,150, 0
23874,148, 0
23875,153, 0
23876,157, 0
23877,149, 0
23878,145, 0
23879,141, 0
23880,138, 0
23881,117, 0
23882,129, 0
23883,149, 0
23884,189, 0
23885,212, 0
23886,210, 0
23887,199, 0
23888,148, 0
23889,87, 124
23890,47, 297
23891,15, 244
23892,12, 226
23893,29, 183
23894,76, 160
23895,108, 60
23896,133, 0
23897,152, 0
23898,176, 0
23899,187, 0
23900,204, 0
23901,185, 0
23902,189, 0
23903,189, 0
23904,184, 0
23905,175, 0
23906,166, 0
23907,147, 0
23908,136, 0
23909,119, 0
23910,135, 0
23911,138, 0
23912,136, 0
23913,134, 10
23914,142, 0
23915,147, 0
23916,153, 0
23917,157, 0
23918,171, 0
23919,166, 3
23920,144, 0
23921,138, 0
23922,133, 6
23923,136, 0
23924,135, 0
23925,135, 0
23926,134, 0
23927,125, 0
23928,110, 0
23929,103, 0
23930,102, 0
23931,104, 0
23932,107, 0
23933,112, 0
23934,102, 7
23935,113, 7
23936,118, 0
23937,121, 4
23938,122, 0
23939,111, 0
23940,119, 0
23941,125, 0
23942,120, 0
23943,131, 0
23944,129, 0
23945,153, 0
23946,160, 0
23947,158, 0
23948,130, 0
23949,119, 0
23950,93, 0
23951,78, 0
23952,70, 0
23953,64, 0
23954,68, 0
23955,72, 0
23956,99, 0
23957,102, 0
23958,108, 0
23959,115, 0
23960,116, 0
23961,110, 0
23962,116, 0
23963,118, 0
23964,121, 0
23965,105, 0
23966,121, 0
23967,122, 0
23968,129, 0
23969,141, 0
23970,140, 0
23971,143, 0
23972,152, 0
23973,156, 0
23974,166, 2
23975,169, 0
23976,161, 0
23977,158, 0
23978,159, 0
23979,154, 0
23980,152, 0
23981,151, 0
23982,158, 0
23983,151, 0
23984,157, 0
23985,147, 0
23986,133, 0
23987,116, 0
23988,101, 0
23989,115, 0
23990,136, 6
23991,132, 0
23992,133, 0
23993,118, 0
23994,108, 0
23995,116, 1
23996,120, 10
23997,127, 0
23998,132, 30
23999,125, 5
24000,117, 0
24001,104, 0
24002,96, 0
24003,95, 0
24004,103, 0
24005,113, 0
24006,123, 4
24007,127, 0
24008,138, 0
24009,154, 0
24010,158, 0
24011,153, 0
24012,152, 0
24013,136, 0
24014,115, 0
24015,102, 0
24016,107, 0
24017,117, 0
24018,129, 0
24019,139, 0
24020,153, 0
24021,163, 0
24022,165, 0
24023,181, 0
24024,189, 0
24025,189, 0
24026,184, 0
24027,175, 0
24028,158, 0
24029,154, 0
24030,152, 0
24031,171, 0
24032,160, 0
24033,173, 0
24034,176, 0
24035,188, 0
24036,186, 0
24037,190, 0
24038,191, 0
24039,196, 0
24040,186, 0
24041,176, 0
24042,155, 0
24043,132, 0
24044,130, 0
24045,126, 0
24046,125, 0
24047,137, 0
24048,130, 0
24049,128, 0
24050,126, 0
24051,112, 0
24052,102, 0
24053,99, 0
24054,97, 0
24055,90, 0
24056,87, 6
24057,65, 0
24058,64, 0
24059,51, 17
24060,61, 0
24061,80, 0
24062,72, 0
24063,71, 0
24064,70, 0
24065,63, 0
24066,63, 0
24067,59, 0
24068,60, 0
24069,77, 0
24070,89, 0
24071,99, 0
24072,107, 0
24073,116, 0
24074,125, 0
24075,138, 0
24076,160, 0
24077,183, 0
24078,182, 0
24079,179, 0
24080,161, 0
24081,154, 0
24082,141, 0
24083,138, 0
24084,153, 0
24085,145, 0
24086,156, 0
24087,152, 0
24088,141, 0
24089,144, 0
24090,160, 0
24091,149, 0
24092,147, 0
24093,153, 0
24094,148, 0
24095,139, 0
24096,126, 0
24097,109, 0
24098,92, 0
24099,81, 0
24100,80, 0
24101,74, 0
24102,71, 0
24103,57, 0
24104,44, 0
24105,39, 0
24106,36, 0
24107,57, 0
24108,70, 0
24109,90, 0
24110,108, 0
24111,128, 0
24112,142, 0
24113,144, 7
24114,147, 0
24115,152, 2
24116,153, 0
24117,161, 9
24118,176, 0
24119,180, 0
24120,183, 7
24121,176, 0
24122,182, 0
24123,172, 0
24124,172, 0
24125,170, 0
24126,176, 0
24127,185, 0
24128,192, 0
24129,199, 0
24130,216, 0
24131,207, 0
24132,185, 0
24133,189, 0
24134,186, 0
24135,169, 0
24136,159, 0
24137,145, 0
24138,143, 0
24139,160, 0
24140,176, 0
24141,196, 0
24142,186, 0
24143,184, 0
24144,158, 0
24145,159, 0
24146,145, 0
24147,132, 0
24148,141, 0
24149,121, 0
24150,115, 0
24151,104, 0
24152,93, 0
24153,87, 0
24154,86, 0
24155,89, 0
24156,89, 0
24157,107, 4
24158,106, 0
24159,101, 0
24160,104, 0
24161,101, 0
24162,102, 0
24163,99, 0
24164,94, 0
24165,105, 0
24166,119, 0
24167,127, 0
24168,128, 0
24169,119, 0
24170,116, 0
24171,106, 0
24172,108, 0
24173,113, 0
24174,115, 0
24175,112, 0
24176,104, 4
24177,95, 0
24178,101, 0
24179,103, 0
24180,108, 0
24181,109, 18
24182,115, 7
24183,109, 0
24184,109, 0
24185,123, 0
24186,116, 0
24187,118, 0
24188,126, 0
24189,126, 0
24190,125, 0
24191,129, 0
24192,121, 0
24193,127, 0
24194,109, 0
24195,122, 0
24196,130, 0
24197,148, 0
24198,132, 0
24199,150, 0
24200,155, 0
24201,153, 0
24202,137, 0
24203,150, 0
24204,152, 0
24205,136, 0
24206,156, 0
24207,158, 0
24208,147, 0
24209,145, 0
24210,132, 0
24211,148, 0
24212,156, 0
24213,135, 0
24214,151, 0
24215,145, 0
24216,145, 0
24217,154, 0
24218,152, 0
24219,159, 0
24220,145, 0
24221,156, 0
24222,145, 0
24223,131, 0
24224,108, 0
24225,102, 0
24226,93, 0
24227,90, 0
24228,92, 0
24229,94, 0
24230,91, 0
24231,90, 0
24232,92, 0
24233,100, 0
24234,102, 0
24235,99, 0
24236,102, 0
24237,93, 5
24238,106, 12
24239,119, 11
24240,125, 1
24241,133, 0
24242,140, 7
24243,142, 0
24244,141, 0
24245,153, 0
24246,143, 0
24247,159, 0
24248,163, 0
24249,154, 0
24250,144, 0
24251,141, 0
24252,116, 0
24253,102, 0
24254,113, 0
24255,108, 0
24256,110, 0
24257,119, 0
24258,136, 0
24259,136, 0
24260,151, 0
24261,152, 0
24262,160, 0
24263,160, 0
24264,164, 0
24265,158, 0
24266,153, 0
24267,153, 0
24268,154, 0
24269,159, 0
24270,154, 0
24271,145, 0
24272,139, 0
24273,143, 0
24274,140, 0
24275,159, 0
24276,151, 0
24277,159, 0
24278,175, 0
24279,185, 0
24280,177, 0
24281,182, 0
24282,171, 0
24283,173, 0
24284,169, 0
24285,158, 0
24286,128, 0
24287,107, 0
24288,97, 0
24289,104, 0
24290,110, 0
24291,122, 0
24292,125, 0
24293,113, 0
24294,112, 0
24295,102, 0
24296,97, 0
24297,97, 0
24298,96, 0
24299,96, 0
24300,89, 5
24301,85, 0
24302,81, 0
24303,85, 4
24304,93, 0
24305,112, 1
24306,115, 6
24307,129, 0
24308,134, 0
24309,138, 0
24310,155, 0
24311,127, 0
24312,125, 0
24313,118, 0
24314,119, 0
24315,145, 4
24316,164, 0
24317,169, 0
24318,181, 6
24319,169, 0
24320,152, 0
24321,137, 0
24322,140, 0
24323,140, 0
24324,152, 0
24325,149, 0
24326,137, 0
24327,116, 0
24328,95, 0
24329,84, 0
24330,83, 0
24331,95, 0
24332,104, 0
24333,112, 0
24334,120, 0
24335,115, 0
24336,106, 0
24337,103, 0
24338,99, 0
24339,95, 0
24340,100, 0
24341,103, 0
24342,95, 0
24343,93, 0
24344,90, 0
24345,83, 0
24346,90, 0
24347,89, 0
24348,89, 0
24349,105, 0
24350,115, 0
24351,130, 0
24352,145, 0
24353,149, 0
24354,160, 0
24355,182, 0
24356,189, 0
24357,200, 0
24358,192, 0
24359,190, 6
24360,184, 0
24361,184, 4
24362,176, 0
24363,180, 0
24364,186, 0
24365,182, 6
24366,181, 3
24367,183, 0
24368,190, 0
24369,174, 0
24370,179, 5
24371,180, 0
24372,181, 0
24373,191, 0
24374,187, 0
24375,180, 0
24376,176, 0
24377,168, 0
24378,159, 0
24379,160, 0
24380,153, 0
24381,166, 0
24382,144, 0
24383,143, 0
24384,151, 0
24385,150, 0
24386,149, 0
24387,142, 0
24388,145, 0
24389,140, 0
24390,145, 0
24391,140, 0
24392,124, 0
24393,110, 0
24394,108, 0
24395,109, 0
24396,116, 0
24397,118, 0
24398,124, 0
24399,129, 0
24400,139, 0
24401,139, 0
24402,139, 0
24403,128, 0
24404,125, 0
24405,121, 0
24406,135, 0
24407,141, 0
24408,145, 0
24409,151, 0
24410,144, 0
24411,141, 0
24412,108, 0
24413,92, 0
24414,61, 0
24415,39, 0
24416,25, 0
24417,26, 0
24418,35, 0
24419,45, 0
24420,69, 3
24421,78, 0
24422,86, 7
24423,95, 0
24424,92, 8
24425,103, 14
24426,127, 19
24427,110, 0
24428,102, 0
24429,90, 0
24430,81, 0
24431,70, 7
24432,65, 0
24433,63, 0
24434,61, 0
24435,53, 0
24436,37, 0
24437,36, 0
24438,31, 0
24439,51, 0
24440,72, 0
24441,80, 0
24442,106, 0
24443,113, 0
24444,132, 0
24445,148, 0
24446,152, 0
24447,177, 0
24448,164, 0
24449,180, 0
24450,190, 0
24451,212, 0
24452,230, 0
24453,237, 0
24454,243, 0
24455,238, 0
24456,229, 0
24457,214, 0
24458,238, 0
24459,215, 0
24460,217, 0
24461,186, 0
24462,183, 5
24463,154, 0
24464,119, 0
24465,110, 0
24466,100, 0
24467,91, 0
24468,72, 0
24469,43, 0
24470,35, 0
24471,24, 0
24472,17, 0
24473,24, 0
24474,35, 0
24475,55, 0
24476,81, 0
24477,100, 0
24478,116, 0
24479,133, 0
24480,108, 0
24481,115, 0
24482,115, 0
24483,121, 0
24484,125, 30
24485,134, 0
24486,137, 27
24487,138, 0
24488,133, 0
24489,130, 0
24490,143, 0
24491,126, 0
24492,124, 0
24493,127, 0
24494,123, 0
24495,131, 0
24496,127, 0
24497,127, 0
24498,122, 0
24499,111, 0
24500,107, 0
24501,108, 0
24502,118, 0
24503,128, 0
24504,136, 0
24505,164, 0
24506,181, 0
24507,196, 0
24508,205, 0
24509,213, 0
24510,228, 0
24511,232, 0
24512,240, 0
24513,245, 0
24514,244, 0
24515,239, 0
24516,233, 0
24517,228, 0
24518,221, 0
24519,226, 0
24520,217, 0
24521,204, 0
24522,183, 0
24523,150, 0
24524,107, 0
24525,56, 0
24526,17, 0
24527,0, 0
24528,12, 0
24529,48, 0
24530,71, 0
24531,89, 0
24532,132, 0
24533,133, 0
24534,158, 0
24535,155, 0
24536,176, 0
24537,172, 0
24538,159, 0
24539,142, 0
24540,128, 0
24541,101, 0
24542,93, 0
24543,92, 0
24544,76, 3
24545,76, 6
24546,85, 0
24547,92, 21
24548,72, 4
24549,68, 12
24550,45, 4
24551,45, 0
24552,36, 0
24553,48, 0
24554,70, 0
24555,89, 0
24556,104, 0
24557,112, 0
24558,113, 0
24559,121, 0
24560,115, 0
24561,122, 0
24562,125, 0
24563,139, 0
24564,158, 0
24565,172, 0
24566,189, 0
24567,185, 0
24568,181, 0
24569,167, 0
24570,156, 0
24571,151, 0
24572,148, 0
24573,156, 0
24574,173, 0
24575,170, 0
24576,177, 0
24577,171, 0
24578,171, 0
24579,175, 0
24580,169, 0
24581,183, 0
24582,176, 0
24583,179, 0
24584,184, 0
24585,172, 0
24586,159, 0
24587,163, 0
24588,158, 0
24589,154, 0
24590,136, 0
24591,127, 0
24592,127, 0
24593,135, 0
24594,137, 6
24595,158, 0
24596,159, 0
24597,147, 0
24598,150, 0
24599,145, 0
24600,139, 0
24601,133, 0
24602,133, 0
24603,131, 0
24604,124, 0
24605,113, 4
24606,107, 0
24607,99, 0
24608,102, 18
24609,89, 2
24610,83, 0
24611,80, 0
24612,79, 0
24613,86, 0
24614,90, 0
24615,103, 0
24616,113, 0
24617,124, 0
24618,127, 0
24619,133, 0
24620,134, 0
24621,129, 0
24622,139, 0
24623,147, 0
24624,158, 0
24625,167, 0
24626,197, 0
24627,202, 0
24628,198, 0
24629,196, 0
24630,212, 0
24631,235, 0
24632,272, 0
24633,264, 0
24634,263, 0
24635,278, 0
24636,271, 0
24637,266, 0
24638,256, 0
24639,247, 0
24640,224, 0
24641,219, 0
24642,181, 0
24643,170, 0
24644,165, 0
24645,156, 0
24646,128, 0
24647,107, 0
24648,71, 0
24649,56, 0
24650,54, 0
24651,53, 0
24652,35, 0
24653,21, 0
24654,0, 0
24655,7, 0
24656,0, 0
24657,0, 0
24658,0, 0
24659,0, 0
24660,0, 0
24661,0, 0
24662,6, 0
24663,0, 0
24664,2, 9
24665,2, 10
24666,0, 0
24667,0, 12
24668,10, 11
24669,32, 31
24670,54, 4
24671,79, 0
24672,108, 0
24673,127, 0
24674,133, 0
24675,145, 0
24676,137, 0
24677,107, 0
24678,88, 0
24679,60, 0
24680,42, 0
24681,39, 0
24682,47, 0
24683,60, 0
24684,85, 0
24685,110, 0
24686,120, 0
24687,135, 0
24688,136, 0
24689,164, 0
24690,183, 0
24691,200, 0
24692,224, 0
24693,256, 0
24694,231, 0
24695,265, 0
24696,283, 0
24697,294, 0
24698,283, 0
24699,280, 0
24700,267, 0
24701,232, 0
24702,185, 0
24703,183, 0
24704,187, 0
24705,204, 0
24706,236, 0
24707,263, 0
24708,296, 0
24709,300, 0
24710,296, 0
24711,274, 0
24712,245, 0
24713,228, 0
24714,182, 0
24715,151, 0
24716,127, 0
24717,108, 0
24718,87, 0
24719,54, 0
24720,44, 0
24721,38, 0
24722,36, 0
24723,41, 0
24724,47, 0
24725,41, 1
24726,5, 0
24727,0, 10
24728,15, 2
24729,10, 3
24730,2, 13
24731,0, 5
24732,13, 0
24733,24, 0
24734,39, 0
24735,45, 0
24736,65, 0
24737,95, 0
24738,127, 0
24739,151, 0
24740,158, 0
24741,155, 0
24742,131, 0
24743,119, 0
24744,97, 0
24745,121, 0
24746,119, 0
24747,139, 0
24748,158, 0
24749,170, 0
24750,176, 0
24751,158, 0
24752,126, 0
24753,108, 0
24754,107, 0
24755,120, 0
24756,128, 0
24757,139, 0
24758,154, 0
24759,152, 0
24760,180, 0
24761,202, 0
24762,222, 0
24763,240, 0
24764,240, 0
24765,244, 0
24766,242, 0
24767,238, 0
24768,230, 0
24769,215, 0
24770,202, 0
24771,195, 0
24772,192, 0
24773,193, 0
24774,212, 0
24775,187, 0
24776,223, 0
24777,244, 5
24778,277, 0
24779,266, 0
24780,235, 0
24781,188, 0
24782,152, 0
24783,140, 0
24784,140, 0
24785,161, 0
24786,180, 0
24787,200, 1
24788,212, 6
24789,231, 0
24790,244, 0
24791,227, 41
24792,203, 0
24793,169, 5
24794,124, 0
24795,60, 0
24796,19, 6
24797,5, 0
24798,2, 0
24799,1, 0
24800,0, 0
24801,0, 0
24802,3, 0
24803,24, 0
24804,42, 0
24805,63, 0
24806,87, 0
24807,126, 0
24808,117, 0
24809,133, 0
24810,147, 1
24811,161, 0
24812,173, 2
24813,183, 0
24814,183, 0
24815,196, 0
24816,164, 0
24817,137, 0
24818,95, 0
24819,84, 0
24820,46, 0
24821,42, 0
24822,27, 4
24823,20, 0
24824,12, 0
24825,21, 0
24826,35, 0
24827,52, 0
24828,68, 0
24829,86, 0
24830,94, 0
24831,80, 0
24832,85, 0
24833,79, 0
24834,70, 0
24835,65, 0
24836,60, 0
24837,47, 0
24838,35, 0
24839,28, 0
24840,34, 0
24841,35, 0
24842,57, 0
24843,89, 0
24844,121, 0
24845,144, 0
24846,159, 0
24847,153, 0
24848,155, 0
24849,152, 0
24850,151, 0
24851,145, 1
24852,152, 6
24853,168, 6
24854,191, 0
24855,204, 0
24856,193, 0
24857,223, 0
24858,218, 0
24859,211, 0
24860,214, 0
24861,214, 0
24862,211, 0
24863,184, 0
24864,190, 0
24865,159, 0
24866,157, 0
24867,169, 0
24868,156, 0
24869,176, 0
24870,201, 0
24871,193, 0
24872,207, 0
24873,223, 0
24874,202, 0
24875,213, 0
24876,216, 0
24877,215, 0
24878,228, 0
24879,251, 0
24880,289, 0
24881,340, 0
24882,371, 0
24883,376, 0
24884,368, 0
24885,371, 0
24886,333, 0
24887,328, 0
24888,333, 0
24889,322, 0
24890,305, 0
24891,268, 0
24892,221, 0
24893,182, 0
24894,154, 0
24895,128, 0
24896,95, 0
24897,59, 0
24898,19, 0
24899,8, 0
24900,0, 0
24901,0, 0
24902,0, 0
24903,8, 0
24904,38, 0
24905,64, 0
24906,83, 0
24907,78, 0
24908,63, 6
24909,41, 0
24910,28, 3
24911,35, 0
24912,51, 0
24913,68, 2
24914,80, 0
24915,83, 3
24916,70, 0
24917,47, 0
24918,28, 0
24919,5, 0
24920,0, 0
24921,0, 0
24922,3, 0
24923,27, 2
24924,73, 0
24925,121, 0
24926,160, 0
24927,183, 3
24928,176, 0
24929,170, 0
24930,187, 0
24931,197, 0
24932,213, 0
24933,228, 0
24934,211, 0
24935,183, 0
24936,160, 0
24937,127, 0
24938,95, 0
24939,70, 0
24940,50, 0
24941,31, 0
24942,21, 0
24943,29, 0
24944,47, 0
24945,84, 0
24946,134, 0
24947,159, 0
24948,160, 0
24949,187, 0
24950,196, 0
24951,201, 0
24952,214, 0
24953,214, 0
24954,239, 0
24955,257, 0
24956,278, 0
24957,287, 0
24958,294, 0
24959,296, 0
24960,280, 0
24961,272, 0
24962,259, 0
24963,276, 0
24964,279, 0
24965,299, 0
24966,312, 0
24967,311, 0
24968,260, 0
24969,210, 9
24970,192, 2
24971,183, 1
24972,185, 0
24973,187, 0
24974,175, 8
24975,157, 9
24976,152, 0
24977,138, 0
24978,125, 0
24979,120, 0
24980,112, 0
24981,77, 0
24982,36, 0
24983,2, 0
24984,0, 0
24985,5, 0
24986,0, 0
24987,0, 0
24988,4, 0
24989,5, 0
24990,12, 0
24991,10, 0
24992,10, 0
24993,25, 0
24994,46, 0
24995,74, 0
24996,104, 0
24997,127, 0
24998,142, 0
24999,150, 0
25000,145, 0
25001,163, 0
25002,189, 0
25003,231, 0
25004,273, 0
25005,270, 0
25006,272, 0
25007,257, 0
25008,236, 0
25009,218, 0
25010,203, 0
25011,181, 0
25012,156, 0
25013,134, 0
25014,130, 0
25015,145, 0
25016,152, 0
25017,186, 0
25018,191, 0
25019,201, 0
25020,189, 0
25021,180, 0
25022,185, 0
25023,196, 0
25024,200, 0
25025,197, 0
25026,181, 0
25027,154, 0
25028,158, 9
25029,152, 0
25030,148, 0
25031,136, 0
25032,122, 0
25033,103, 0
25034,92, 3
25035,73, 14
25036,73, 0
25037,103, 0
25038,137, 0
25039,174, 0
25040,183, 0
25041,202, 0
25042,173, 0
25043,151, 6
25044,138, 0
25045,133, 0
25046,153, 0
25047,165, 0
25048,176, 0
25049,174, 0
25050,164, 0
25051,164, 0
25052,135, 0
25053,102, 0
25054,88, 0
25055,61, 0
25056,8, 0
25057,0, 0
25058,0, 0
25059,0, 0
25060,19, 0
25061,63, 0
25062,107, 0
25063,154, 0
25064,188, 0
25065,207, 0
25066,232, 0
25067,254, 0
25068,287, 0
25069,324, 0
25070,339, 0
25071,338, 0
25072,312, 0
25073,283, 0
25074,244, 0
25075,220, 0
25076,196, 0
25077,198, 0
25078,155, 0
25079,83, 0
25080,7, 0
25081,6, 0
25082,14, 6
25083,10, 0
25084,6, 0
25085,6, 0
25086,1, 0
25087,0, 0
25088,0, 0
25089,10, 0
25090,24, 0
25091,72, 0
25092,68, 0
25093,76, 2
25094,95, 0
25095,99, 0
25096,105, 11
25097,113, 0
25098,107, 0
25099,78, 0
25100,45, 0
25101,14, 0
25102,0, 0
25103,20, 0
25104,36, 0
25105,28, 0
25106,15, 0
25107,0, 0
25108,6, 0
25109,18, 0
25110,34, 3
25111,59, 0
25112,70, 0
25113,95, 0
25114,123, 0
25115,158, 0
25116,197, 0
25117,223, 0
25118,251, 0
25119,276, 0
25120,305, 0
25121,302, 0
25122,305, 0
25123,298, 0
25124,271, 0
25125,256, 0
25126,232, 0
25127,202, 0
25128,184, 0
25129,148, 0
25130,134, 0
25131,135, 0
25132,130, 0
25133,115, 6
25134,106, 0
25135,89, 0
25136,86, 0
25137,84, 0
25138,93, 0
25139,101, 0
25140,106, 0
25141,110, 0
25142,138, 0
25143,204, 6
25144,290, 0
25145,373, 0
25146,434, 1
25147,447, 0
25148,439, 0
25149,405, 8
25150,379, 0
25151,357, 0
25152,349, 0
25153,347, 0
25154,318, 14
25155,277, 6
25156,228, 0
25157,137, 20
25158,57, 0
25159,9, 0
25160,1, 0
25161,29, 0
25162,75, 0
25163,123, 0
25164,167, 0
25165,177, 0
25166,155, 0
25167,111, 0
25168,45, 0
25169,2, 0
25170,0, 0
25171,1, 0
25172,0, 0
25173,3, 0
25174,22, 0
25175,65, 0
25176,111, 0
25177,174, 0
25178,216, 0
25179,255, 0
25180,265, 0
25181,268, 0
25182,240, 0
25183,201, 0
25184,144, 0
25185,93, 0
25186,73, 0
25187,75, 0
25188,88, 0
25189,80, 0
25190,84, 0
25191,43, 0
25192,32, 0
25193,48, 0
25194,89, 0
25195,113, 0
25196,133, 0
25197,144, 0
25198,149, 0
25199,131, 0
25200,105, 0
25201,83, 0
25202,75, 0
25203,128, 0
25204,159, 0
25205,183, 0
25206,172, 0
25207,153, 0
25208,122, 0
25209,107, 0
25210,124, 0
25211,154, 0
25212,188, 0
25213,212, 0
25214,218, 0
25215,220, 5
25216,211, 0
25217,211, 11
25218,213, 25
25219,246, 14
25220,294, 0
25221,333, 0
25222,342, 0
25223,344, 0
25224,329, 0
25225,294, 0
25226,248, 0
25227,189, 0
25228,140, 0
25229,89, 0
25230,77, 0
25231,74, 0
25232,89, 0
25233,104, 0
25234,108, 0
25235,94, 0
25236,59, 0
25237,21, 0
25238,0, 0
25239,8, 0
25240,26, 0
25241,40, 0
25242,35, 0
25243,2, 0
25244,5, 0
25245,29, 0
25246,69, 0
25247,108, 0
25248,128, 0
25249,141, 0
25250,159, 0
25251,189, 0
25252,226, 0
25253,244, 0
25254,238, 0
25255,221, 0
25256,213, 0
25257,203, 0
25258,227, 0
25259,263, 0
25260,291, 0
25261,300, 0
25262,283, 0
25263,261, 0
25264,242, 0
25265,248, 0
25266,253, 0
25267,258, 0
25268,238, 0
25269,223, 0
25270,208, 0
25271,196, 0
25272,160, 0
25273,121, 0
25274,57, 0
25275,31, 0
25276,3, 2
25277,6, 8
25278,59, 7
25279,103, 31
25280,167, 3
25281,199, 8
25282,215, 12
25283,202, 0
25284,205, 0
25285,222, 0
25286,207, 0
25287,214, 0
25288,219, 0
25289,221, 0
25290,219, 0
25291,190, 0
25292,119, 0
25293,32, 0
25294,0, 0
25295,10, 0
25296,29, 0
25297,42, 0
25298,62, 0
25299,115, 0
25300,138, 0
25301,95, 0
25302,20, 0
25303,17, 0
25304,96, 0
25305,182, 0
25306,265, 0
25307,295, 0
25308,309, 0
25309,280, 0
25310,273, 0
25311,231, 0
25312,213, 0
25313,175, 0
25314,135, 0
25315,70, 0
25316,11, 0
25317,0, 0
25318,0, 0
25319,7, 0
25320,79, 0
25321,135, 0
25322,172, 0
25323,181, 0
25324,191, 0
25325,207, 0
25326,216, 0
25327,216, 0
25328,220, 0
25329,224, 0
25330,213, 0
25331,212, 0
25332,212, 0
25333,193, 0
25334,171, 0
25335,168, 0
25336,177, 0
25337,180, 11
25338,166, 7
25339,128, 0
25340,87, 11
25341,58, 0
25342,55, 0
25343,76, 0
25344,71, 0
25345,91, 0
25346,138, 0
25347,206, 0
25348,244, 0
25349,261, 0
25350,244, 0
25351,180, 0
25352,128, 0
25353,74, 0
25354,40, 0
25355,23, 0
25356,5, 0
25357,15, 0
25358,93, 0
25359,140, 0
25360,179, 0
25361,170, 0
25362,141, 0
25363,100, 0
25364,55, 0
25365,0, 0
25366,6, 0
25367,37, 0
25368,94, 0
25369,180, 0
25370,244, 0
25371,297, 1
25372,330, 0
25373,326, 0
25374,328, 0
25375,346, 0
25376,389, 0
25377,447, 0
25378,496, 0
25379,524, 0
25380,512, 0
25381,465, 0
25382,404, 0
25383,346, 0
25384,314, 0
25385,246, 0
25386,206, 0
25387,159, 0
25388,94, 0
25389,37, 0
25390,4, 0
25391,64, 0
25392,140, 0
25393,200, 0
25394,268, 4
25395,289, 1
25396,270, 0
25397,210, 0
25398,124, 0
25399,34, 1
25400,0, 0
25401,29, 1
25402,39, 9
25403,38, 0
25404,60, 2
25405,64, 0
25406,110, 0
25407,161, 0
25408,244, 0
25409,257, 0
25410,273, 0
25411,286, 0
25412,310, 0
25413,318, 0
25414,317, 0
25415,290, 0
25416,244, 0
25417,197, 0
25418,192, 0
25419,212, 0
25420,246, 0
25421,289, 0
25422,353, 0
25423,400, 0
25424,427, 0
25425,430, 0
25426,409, 0
25427,361, 0
25428,310, 0
25429,238, 0
25430,176, 0
25431,119, 0
25432,102, 0
25433,117, 0
25434,159, 0
25435,210, 0
25436,276, 0
25437,310, 0
25438,308, 0
25439,257, 0
25440,197, 0
25441,109, 0
25442,25, 0
25443,8, 0
25444,57, 0
25445,104, 0
25446,122, 0
25447,142, 0
25448,129, 0
25449,135, 0
25450,141, 0
25451,148, 0
25452,159, 0
25453,166, 0
25454,127, 0
25455,57, 0
25456,4, 0
25457,48, 0
25458,111, 0
25459,164, 0
25460,204, 0
25461,227, 0
25462,257, 0
25463,258, 5
25464,260, 0
25465,263, 0
25466,234, 0
25467,218, 0
25468,176, 0
25469,144, 0
25470,124, 0
25471,118, 0
25472,117, 0
25473,119, 0
25474,121, 0
25475,121, 0
25476,128, 0
25477,152, 0
25478,176, 0
25479,219, 0
25480,273, 0
25481,319, 0
25482,351, 0
25483,398, 0
25484,427, 0
25485,462, 0
25486,439, 0
25487,413, 0
25488,355, 0
25489,266, 0
25490,182, 0
25491,117, 0
25492,78, 0
25493,46, 0
25494,23, 0
25495,3, 0
25496,0, 0
25497,0, 0
25498,0, 0
25499,0, 0
25500,8, 0
25501,3, 0
25502,2, 0
25503,48, 0
25504,133, 0
25505,192, 0
25506,214, 0
25507,204, 0
25508,188, 0
25509,170, 0
25510,148, 0
25511,113, 0
25512,73, 0
25513,45, 0
25514,12, 0
25515,27, 0
25516,79, 10
25517,125, 0
25518,165, 0
25519,186, 0
25520,199, 9
25521,183, 1
25522,158, 6
25523,155, 12
25524,166, 6
25525,159, 9
25526,133, 0
25527,76, 0
25528,35, 0
25529,19, 0
25530,31, 0
25531,3, 0
25532,0, 0
25533,0, 0
25534,3, 0
25535,65, 0
25536,124, 0
25537,150, 0
25538,127, 0
25539,83, 0
25540,61, 0
25541,95, 0
25542,175, 0
25543,251, 0
25544,305, 0
25545,318, 0
25546,290, 0
25547,242, 0
25548,196, 0
25549,179, 0
25550,129, 0
25551,110, 0
25552,105, 0
25553,122, 0
25554,130, 0
25555,133, 0
25556,147, 0
25557,164, 0
25558,161, 0
25559,183, 0
25560,198, 0
25561,208, 0
25562,199, 0
25563,173, 0
25564,149, 0
25565,177, 0
25566,251, 0
25567,318, 0
25568,364, 0
25569,371, 0
25570,309, 0
25571,254, 0
25572,232, 0
25573,236, 0
25574,242, 0
25575,244, 0
25576,251, 0
25577,241, 0
25578,219, 0
25579,183, 0
25580,145, 4
25581,119, 0
25582,96, 2
25583,62, 0
25584,44, 20
25585,23, 6
25586,2, 4
25587,0, 0
25588,44, 0
25589,128, 0
25590,220, 0
25591,306, 0
25592,351, 0
25593,301, 0
25594,206, 0
25595,125, 0
25596,38, 0
25597,0, 0
25598,29, 0
25599,92, 0
25600,176, 0
25601,265, 0
25602,354, 0
25603,420, 0
25604,450, 0
25605,438, 0
25606,402, 0
25607,336, 0
25608,270, 0
25609,222, 0
25610,169, 0
25611,141, 0
25612,121, 0
25613,101, 0
25614,71, 0
25615,39, 0
25616,1, 0
25617,8, 0
25618,37, 0
25619,43, 0
25620,7, 0
25621,57, 0
25622,196, 0
25623,312, 0
25624,413, 0
25625,465, 0
25626,470, 0
25627,431, 0
25628,364, 0
25629,291, 0
25630,238, 0
25631,211, 0
25632,211, 0
25633,180, 0
25634,87, 0
25635,7, 0
25636,76, 0
25637,152, 0
25638,185, 0
25639,197, 0
25640,196, 0
25641,145, 0
25642,78, 5
25643,34, 4
25644,4, 0
25645,14, 5
25646,84, 40
25647,132, 3
25648,152, 0
25649,159, 0
25650,212, 0
25651,281, 0
25652,330, 0
25653,321, 0
25654,279, 0
25655,210, 0
25656,152, 0
25657,120, 0
25658,119, 0
25659,138, 0
25660,159, 0
25661,152, 0
25662,142, 0
25663,145, 0
25664,211, 0
25665,276, 0
25666,332, 0
25667,378, 0
25668,418, 0
25669,446, 0
25670,458, 0
25671,431, 0
25672,356, 0
25673,274, 0
25674,99, 0
25675,15, 0
25676,63, 0
25677,31, 0
25678,10, 0
25679,72, 0
25680,132, 0
25681,174, 0
25682,202, 0
25683,200, 0
25684,161, 0
25685,95, 0
25686,53, 0
25687,10, 0
25688,0, 0
25689,6, 0
25690,35, 0
25691,86, 0
25692,92, 0
25693,103, 0
25694,105, 0
25695,110, 0
25696,125, 0
25697,133, 0
25698,140, 0
25699,142, 0
25700,151, 0
25701,176, 0
25702,226, 0
25703,300, 4
25704,400, 0
25705,481, 0
25706,527, 14
25707,481, 0
25708,374, 8
25709,275, 4
25710,245, 0
25711,257, 0
25712,245, 0
25713,191, 0
25714,76, 0
25715,38, 0
25716,204, 0
25717,299, 0
25718,391, 0
25719,449, 0
25720,439, 0
25721,368, 0
25722,279, 0
25723,198, 0
25724,116, 0
25725,44, 0
25726,14, 0
25727,129, 0
25728,257, 0
25729,355, 0
25730,386, 0
25731,351, 0
25732,263, 0
25733,159, 0
25734,69, 0
25735,4, 0
25736,6, 0
25737,29, 0
25738,24, 0
25739,5, 0
25740,38, 0
25741,107, 0
25742,151, 0
25743,188, 0
25744,236, 0
25745,284, 0
25746,326, 0
25747,340, 0
25748,342, 0
25749,355, 0
25750,367, 0
25751,369, 0
25752,357, 0
25753,327, 0
25754,280, 0
25755,218, 0
25756,175, 0
25757,139, 0
25758,113, 0
25759,106, 0
25760,161, 0
25761,224, 0
25762,244, 0
25763,242, 0
25764,237, 0
25765,246, 0
25766,272, 0
25767,342, 6
25768,371, 6
25769,407, 0
25770,402, 4
25771,357, 0
25772,307, 3
25773,208, 0
25774,84, 0
25775,3, 0
25776,0, 0
25777,29, 0
25778,108, 0
25779,231, 0
25780,357, 0
25781,473, 0
25782,576, 0
25783,632, 0
25784,569, 0
25785,449, 0
25786,282, 0
25787,168, 0
25788,71, 0
25789,50, 0
25790,236, 0
25791,416, 0
25792,529, 0
25793,579, 0
25794,570, 0
25795,494, 0
25796,415, 0
25797,318, 0
25798,204, 0
25799,92, 0
25800,5, 0
25801,46, 0
25802,97, 0
25803,106, 0
25804,59, 0
25805,4, 0
25806,0, 0
25807,29, 0
25808,121, 0
25809,200, 0
25810,282, 0
25811,324, 0
25812,329, 0
25813,367, 0
25814,369, 0
25815,341, 0
25816,308, 0
25817,287, 0
25818,290, 0
25819,247, 0
25820,155, 0
25821,34, 0
25822,7, 0
25823,26, 3
25824,4, 8
25825,57, 2
25826,153, 6
25827,263, 3
25828,368, 11
25829,440, 37
25830,502, 6
25831,591, 0
25832,679, 0
25833,740, 0
25834,744, 0
25835,635, 0
25836,353, 0
25837,73, 0
25838,328, 0
25839,483, 0
25840,464, 0
25841,383, 0
25842,317, 0
25843,275, 0
25844,254, 0
25845,258, 0
25846,236, 0
25847,172, 0
25848,126, 0
25849,69, 0
25850,21, 0
25851,19, 0
25852,152, 0
25853,276, 0
25854,364, 0
25855,391, 0
25856,370, 0
25857,322, 0
25858,235, 0
25859,127, 0
25860,39, 0
25861,4, 0
25862,35, 0
25863,84, 0
25864,140, 0
25865,154, 0
25866,205, 0
25867,235, 0
25868,258, 0
25869,266, 0
25870,257, 0
25871,223, 0
25872,173, 0
25873,136, 0
25874,149, 0
25875,186, 0
25876,245, 0
25877,293, 0
25878,325, 0
25879,368, 0
25880,411, 0
25881,435, 0
25882,420, 0
25883,370, 0
25884,314, 0
25885,270, 0
25886,257, 0
25887,263, 6
25888,272, 6
25889,252, 19
25890,226, 0
25891,239, 0
25892,268, 0
25893,276, 0
25894,253, 0
25895,223, 0
25896,219, 0
25897,221, 0
25898,251, 0
25899,331, 0
25900,415, 0
25901,501, 0
25902,564, 0
25903,590, 0
25904,555, 0
25905,456, 0
25906,318, 0
25907,150, 0
25908,45, 0
25909,267, 0
25910,467, 0
25911,588, 0
25912,631, 0
25913,628, 0
25914,609, 0
25915,598, 0
25916,547, 0
25917,416, 0
25918,274, 0
25919,161, 0
25920,78, 0
25921,17, 0
25922,26, 0
25923,122, 0
25924,244, 0
25925,365, 0
25926,458, 0
25927,547, 0
25928,613, 0
25929,677, 0
25930,717, 3
25931,698, 0
25932,610, 0
25933,494, 0
25934,371, 0
25935,314, 0
25936,261, 0
25937,195, 0
25938,92, 0
25939,8, 0
25940,2, 0
25941,0, 0
25942,0, 0
25943,38, 0
25944,141, 0
25945,205, 0
25946,202, 0
25947,143, 4
25948,51, 3
25949,1, 2
25950,24, 12
25951,19, 15
25952,0, 3
25953,0, 0
25954,44, 0
25955,158, 0
25956,264, 0
25957,330, 0
25958,352, 0
25959,301, 0
25960,214, 0
25961,138, 0
25962,127, 0
25963,164, 0
25964,182, 0
25965,132, 0
25966,26, 0
25967,89, 0
25968,214, 0
25969,251, 0
25970,203, 0
25971,102, 0
25972,35, 0
25973,5, 0
25974,12, 0
25975,86, 0
25976,182, 0
25977,277, 0
25978,403, 0
25979,541, 0
25980,689, 0
25981,816, 0
25982,902, 0
25983,912, 0
25984,846, 0
25985,799, 0
25986,792, 0
25987,729, 0
25988,559, 0
25989,296, 0
25990,57, 0
25991,267, 4
25992,464, 0
25993,569, 0
25994,594, 0
25995,524, 0
25996,378, 0
25997,223, 0
25998,63, 0
25999,10, 0
26000,72, 0
26001,120, 0
26002,111, 0
26003,103, 0
26004,117, 0
26005,118, 0
26006,91, 0
26007,24, 0
26008,11, 3
26009,65, 0
26010,70, 0
26011,37, 13
26012,38, 4
26013,135, 0
26014,208, 0
26015,264, 0
26016,362, 0
26017,457, 0
26018,495, 0
26019,463, 0
26020,409, 0
26021,371, 0
26022,378, 0
26023,433, 0
26024,484, 0
26025,494, 0
26026,427, 0
26027,274, 0
26028,61, 0
26029,26, 0
26030,88, 0
26031,138, 0
26032,155, 0
26033,124, 0
26034,29, 0
26035,132, 0
26036,400, 0
26037,660, 0
26038,841, 0
26039,934, 0
26040,906, 0
26041,818, 0
26042,652, 0
26043,427, 0
26044,210, 0
26045,46, 0
26046,294, 0
26047,624, 0
26048,894, 0
26049,1022, 0
26050,957, 0
26051,785, 0
26052,566, 2
26053,318, 0
26054,84, 0
26055,75, 0
26056,223, 0
26057,302, 0
26058,284, 0
26059,181, 0
26060,38, 0
26061,51, 0
26062,94, 0
26063,89, 0
26064,68, 0
26065,44, 0
26066,12, 6
26067,23, 0
26068,150, 1
26069,295, 0
26070,431, 0
26071,539, 3
26072,614, 7
26073,644, 1
26074,629, 0
26075,613, 0
26076,601, 0
26077,607, 0
26078,540, 0
26079,415, 0
26080,291, 0
26081,210, 0
26082,134, 0
26083,125, 0
26084,130, 0
26085,79, 0
26086,5, 0
26087,26, 0
26088,8, 0
26089,13, 0
26090,100, 0
26091,159, 0
26092,157, 0
26093,155, 0
26094,155, 0
26095,143, 0
26096,112, 0
26097,86, 0
26098,43, 0
26099,3, 0
26100,0, 0
26101,6, 0
26102,75, 0
26103,155, 0
26104,204, 0
26105,189, 0
26106,102, 0
26107,10, 0
26108,5, 0
26109,22, 0
26110,29, 0
26111,21, 0
26112,15, 0
26113,14, 0
26114,0, 0
26115,77, 0
26116,221, 0
26117,330, 0
26118,375, 0
26119,330, 0
26120,277, 0
26121,226, 0
26122,189, 0
26123,113, 0
26124,14, 7
26125,69, 0
26126,101, 0
26127,104, 0
26128,77, 0
26129,18, 0
26130,68, 5
26131,171, 11
26132,223, 4
26133,232, 8
26134,254, 19
26135,245, 0
26136,264, 6
26137,338, 0
26138,405, 0
26139,378, 0
26140,286, 0
26141,168, 0
26142,73, 0
26143,39, 0
26144,43, 0
26145,80, 0
26146,119, 0
26147,152, 0
26148,204, 0
26149,205, 0
26150,217, 0
26151,221, 0
26152,243, 0
26153,251, 0
26154,271, 0
26155,312, 0
26156,421, 0
26157,545, 0
26158,627, 0
26159,647, 0
26160,619, 0
26161,566, 0
26162,502, 0
26163,401, 0
26164,253, 0
26165,102, 0
26166,20, 0
26167,0, 0
26168,0, 0
26169,14, 0
26170,135, 0
26171,270, 0
26172,327, 0
26173,301, 0
26174,238, 0
26175,157, 0
26176,107, 0
26177,75, 0
26178,29, 0
26179,5, 0
26180,0, 0
26181,0, 0
26182,0, 0
26183,25, 0
26184,110, 0
26185,238, 0
26186,416, 0
26187,564, 0
26188,628, 0
26189,664, 0
26190,599, 0
26191,476, 0
26192,279, 0
26193,81, 0
26194,31, 0
26195,96, 0
26196,76, 0
26197,18, 0
26198,12, 0
26199,0, 0
26200,5, 0
26201,41, 0
26202,83, 0
26203,147, 0
26204,180, 0
26205,127, 0
26206,23, 0
26207,38, 0
26208,136, 0
26209,219, 0
26210,258, 0
26211,222, 0
26212,141, 0
26213,67, 0
26214,12, 0
26215,0, 0
26216,0, 0
26217,0, 0
26218,30, 0
26219,116, 0
26220,141, 0
26221,99, 0
26222,54, 0
26223,57, 0
26224,92, 0
26225,152, 0
26226,215, 0
26227,221, 0
26228,196, 0
26229,174, 0
26230,139, 0
26231,119, 0
26232,115, 0
26233,139, 0
26234,176, 0
26235,226, 0
26236,276, 0
26237,306, 0
26238,287, 0
26239,221, 0
26240,176, 0
26241,150, 0
26242,173, 0
26243,214, 0
26244,207, 0
26245,206, 0
26246,189, 0
26247,130, 8
26248,78, 0
26249,50, 0
26250,68, 0
26251,118, 0
26252,187, 4
26253,244, 4
26254,321, 0
26255,405, 0
26256,499, 0
26257,569, 0
26258,607, 0
26259,647, 0
26260,718, 0
26261,799, 0
26262,882, 0
26263,914, 0
26264,822, 0
26265,613, 0
26266,398, 0
26267,268, 0
26268,210, 0
26269,138, 0
26270,18, 0
26271,70, 0
26272,221, 0
26273,427, 0
26274,625, 0
26275,794, 0
26276,907, 0
26277,912, 0
26278,771, 0
26279,551, 0
26280,326, 0
26281,132, 0
26282,12, 0
26283,17, 0
26284,63, 0
26285,95, 0
26286,108, 0
26287,101, 0
26288,91, 0
26289,57, 0
26290,10, 0
26291,0, 0
26292,22, 0
26293,109, 0
26294,206, 0
26295,287, 0
26296,348, 0
26297,378, 0
26298,374, 0
26299,353, 0
26300,331, 0
26301,355, 0
26302,457, 0
26303,599, 0
26304,737, 0
26305,794, 0
26306,780, 0
26307,720, 0
26308,647, 0
26309,533, 0
26310,328, 0
26311,65, 0
26312,289, 0
26313,513, 0
26314,545, 0
26315,401, 0
26316,189, 12
26317,18, 0
26318,94, 1
26319,151, 5
26320,155, 0
26321,172, 0
26322,187, 0
26323,195, 0
26324,183, 0
26325,89, 0
26326,9, 0
26327,102, 0
26328,163, 0
26329,196, 0
26330,183, 0
26331,163, 0
26332,110, 0
26333,40, 0
26334,6, 0
26335,0, 0
26336,42, 0
26337,107, 0
26338,154, 0
26339,163, 0
26340,138, 0
26341,121, 0
26342,157, 0
26343,242, 0
26344,325, 0
26345,375, 0
26346,346, 0
26347,253, 0
26348,187, 0
26349,206, 0
26350,261, 0
26351,338, 0
26352,374, 0
26353,361, 4
26354,321, 0
26355,244, 0
26356,208, 0
26357,172, 0
26358,123, 0
26359,44, 0
26360,2, 0
26361,0, 0
26362,9, 0
26363,42, 0
26364,91, 0
26365,127, 0
26366,188, 0
26367,263, 0
26368,275, 0
26369,241, 0
26370,160, 0
26371,76, 0
26372,21, 0
26373,0, 0
26374,0, 0
26375,13, 5
26376,103, 5
26377,221, 31
26378,323, 18
26379,379, 14
26380,416, 6
26381,465, 0
26382,594, 0
26383,767, 0
26384,904, 0
26385,949, 0
26386,900, 0
26387,793, 0
26388,666, 0
26389,554, 0
26390,470, 0
26391,396, 0
26392,235, 0
26393,46, 0
26394,244, 0
26395,437, 0
26396,576, 0
26397,643, 0
26398,627, 0
26399,553, 0
26400,476, 0
26401,431, 0
26402,402, 0
26403,333, 0
26404,276, 0
26405,192, 0
26406,90, 0
26407,19, 0
26408,74, 0
26409,197, 0
26410,300, 0
26411,355, 0
26412,334, 0
26413,325, 0
26414,301, 1
26415,295, 0
26416,263, 0
26417,183, 0
26418,129, 0
26419,86, 0
26420,29, 0
26421,4, 0
26422,6, 0
26423,32, 0
26424,131, 0
26425,249, 0
26426,312, 0
26427,294, 0
26428,255, 0
26429,267, 0
26430,330, 0
26431,418, 0
26432,417, 0
26433,337, 0
26434,180, 0
26435,30, 3
26436,165, 0
26437,305, 4
26438,331, 12
26439,262, 14
26440,84, 0
26441,95, 0
26442,287, 0
26443,394, 0
26444,394, 0
26445,362, 0
26446,312, 0
26447,276, 0
26448,200, 0
26449,145, 0
26450,106, 0
26451,35, 0
26452,7, 0
26453,44, 0
26454,53, 0
26455,47, 0
26456,6, 0
26457,63, 0
26458,192, 0
26459,262, 0
26460,262, 0
26461,256, 0
26462,240, 0
26463,249, 0
26464,240, 0
26465,182, 0
26466,115, 0
26467,53, 0
26468,31, 0
26469,25, 0
26470,63, 0
26471,115, 0
26472,151, 0
26473,197, 0
26474,255, 0
26475,312, 0
26476,367, 0
26477,389, 0
26478,345, 0
26479,279, 0
26480,248, 0
26481,262, 0
26482,254, 0
26483,196, 0
26484,124, 0
26485,53, 1
26486,5, 0
26487,60, 0
26488,108, 0
26489,102, 0
26490,51, 6
26491,2, 0
26492,22, 0
26493,74, 0
26494,119, 0
26495,132, 0
26496,123, 1
26497,81, 4
26498,24, 6
26499,31, 12
26500,78, 0
26501,153, 7
26502,212, 0
26503,237, 0
26504,236, 0
26505,183, 0
26506,154, 0
26507,176, 0
26508,232, 0
26509,309, 0
26510,359, 0
26511,344, 0
26512,302, 0
26513,211, 0
26514,100, 0
26515,13, 0
26516,0, 0
26517,0, 0
26518,12, 0
26519,130, 0
26520,287, 0
26521,478, 0
26522,650, 0
26523,765, 0
26524,809, 0
26525,865, 0
26526,928, 0
26527,912, 0
26528,794, 0
26529,630, 0
26530,430, 0
26531,207, 0
26532,28, 0
26533,100, 0
26534,237, 0
26535,355, 0
26536,409, 0
26537,368, 0
26538,323, 0
26539,305, 0
26540,277, 0
26541,214, 0
26542,134, 0
26543,40, 0
26544,31, 0
26545,179, 0
26546,299, 0
26547,311, 0
26548,287, 0
26549,229, 0
26550,150, 0
26551,97, 8
26552,56, 0
26553,6, 0
26554,118, 0
26555,301, 0
26556,498, 0
26557,612, 0
26558,624, 0
26559,573, 0
26560,497, 4
26561,390, 4
26562,248, 0
26563,149, 0
26564,89, 0
26565,70, 0
26566,89, 0
26567,106, 0
26568,48, 0
26569,7, 0
26570,2, 0
26571,63, 0
26572,140, 0
26573,251, 0
26574,361, 0
26575,456, 0
26576,521, 0
26577,592, 0
26578,646, 0
26579,674, 0
26580,694, 0
26581,680, 0
26582,644, 0
26583,557, 0
26584,451, 0
26585,340, 0
26586,261, 0
26587,221, 0
26588,215, 0
26589,174, 0
26590,183, 0
26591,235, 0
26592,302, 0
26593,356, 0
26594,385, 0
26595,373, 0
26596,338, 0
26597,291, 0
26598,269, 0
26599,236, 0
26600,185, 0
26601,127, 0
26602,26, 0
26603,51, 0
26604,129, 0
26605,152, 0
26606,145, 0
26607,77, 0
26608,25, 0
26609,89, 0
26610,168, 1
26611,219, 0
26612,246, 0
26613,269, 0
26614,211, 0
26615,158, 0
26616,104, 0
26617,68, 0
26618,44, 0
26619,64, 0
26620,129, 0
26621,186, 0
26622,275, 9
26623,357, 7
26624,444, 0
26625,475, 0
26626,494, 1
26627,404, 0
26628,290, 0
26629,156, 0
26630,44, 0
26631,4, 0
26632,70, 0
26633,157, 0
26634,204, 0
26635,167, 0
26636,71, 0
26637,23, 0
26638,85, 0
26639,142, 0
26640,159, 0
26641,145, 0
26642,108, 0
26643,87, 0
26644,108, 0
26645,118, 0
26646,192, 0
26647,247, 0
26648,287, 0
26649,304, 0
26650,346, 0
26651,368, 0
26652,369, 0
26653,296, 0
26654,264, 0
26655,226, 0
26656,205, 0
26657,181, 0
26658,138, 0
26659,119, 0
26660,119, 0
26661,132, 0
26662,152, 0
26663,149, 0
26664,125, 0
26665,115, 0
26666,137, 0
26667,142, 0
26668,161, 0
26669,183, 0
26670,176, 0
26671,142, 0
26672,127, 0
26673,137, 0
26674,143, 0
26675,88, 0
26676,5, 0
26677,73, 0
26678,157, 0
26679,227, 0
26680,271, 0
26681,275, 2
26682,197, 4
26683,56, 10
26684,71, 3
26685,230, 0
26686,365, 0
26687,408, 0
26688,405, 0
26689,361, 0
26690,284, 0
26691,142, 0
26692,20, 0
26693,102, 0
26694,168, 0
26695,150, 0
26696,92, 6
26697,41, 0
26698,6, 0
26699,0, 0
26700,0, 0
26701,0, 0
26702,8, 0
26703,32, 0
26704,90, 0
26705,158, 0
26706,205, 0
26707,221, 0
26708,236, 0
26709,284, 0
26710,369, 0
26711,452, 0
26712,508, 0
26713,545, 0
26714,540, 0
26715,505, 0
26716,444, 0
26717,368, 0
26718,257, 0
26719,95, 0
26720,24, 0
26721,152, 0
26722,218, 0
26723,186, 0
26724,91, 0
26725,7, 0
26726,53, 0
26727,107, 0
26728,117, 0
26729,104, 0
26730,67, 0
26731,41, 0
26732,34, 0
26733,19, 0
26734,1, 0
26735,1, 0
26736,26, 0
26737,93, 0
26738,154, 0
26739,210, 0
26740,246, 0
26741,284, 0
26742,325, 0
26743,331, 0
26744,309, 3
26745,275, 0
26746,220, 0
26747,166, 0
26748,112, 0
26749,85, 0
26750,97, 0
26751,128, 0
26752,169, 0
26753,213, 0
26754,260, 0
26755,274, 0
26756,333, 0
26757,385, 0
26758,409, 0
26759,420, 0
26760,435, 0
26761,440, 0
26762,447, 0
26763,464, 0
26764,504, 0
26765,555, 0
26766,609, 0
26767,617, 0
26768,591, 0
26769,537, 0
26770,420, 0
26771,239, 0
26772,50, 0
26773,105, 0
26774,259, 0
26775,385, 0
26776,510, 0
26777,625, 0
26778,682, 0
26779,651, 0
26780,545, 0
26781,388, 0
26782,222, 0
26783,52, 0
26784,62, 0
26785,187, 0
26786,276, 0
26787,327, 0
26788,307, 0
26789,221, 0
26790,165, 0
26791,152, 0
26792,207, 0
26793,274, 0
26794,297, 0
26795,269, 0
26796,223, 0
26797,229, 0
26798,306, 0
26799,454, 0
26800,588, 0
26801,630, 0
26802,603, 3
26803,588, 6
26804,569, 4
26805,536, 4
26806,464, 4
26807,348, 0
26808,145, 0
26809,87, 0
26810,385, 0
26811,625, 0
26812,772, 0
26813,796, 0
26814,716, 0
26815,538, 0
26816,329, 0
26817,97, 0
26818,18, 3
26819,74, 0
26820,80, 0
26821,25, 0
26822,13, 0
26823,31, 0
26824,4, 0
26825,0, 0
26826,10, 0
26827,25, 0
26828,32, 0
26829,67, 0
26830,102, 0
26831,133, 0
26832,138, 0
26833,115, 0
26834,75, 3
26835,50, 0
26836,65, 0
26837,95, 0
26838,127, 0
26839,149, 0
26840,155, 0
26841,165, 0
26842,208, 0
26843,254, 0
26844,276, 0
26845,306, 0
26846,327, 0
26847,339, 0
26848,349, 0
26849,361, 0
26850,368, 0
26851,367, 0
26852,373, 0
26853,348, 0
26854,319, 0
26855,286, 0
26856,242, 0
26857,218, 0
26858,201, 0
26859,202, 0
26860,202, 6
26861,184, 0
26862,164, 0
26863,152, 2
26864,136, 0
26865,191, 0
26866,235, 2
26867,299, 0
26868,344, 0
26869,353, 0
26870,341, 0
26871,312, 0
26872,271, 0
26873,251, 0
26874,204, 0
26875,170, 0
26876,176, 0
26877,188, 0
26878,214, 0
26879,211, 0
26880,191, 0
26881,161, 0
26882,95, 0
26883,76, 0
26884,60, 0
26885,38, 0
26886,9, 0
26887,7, 0
26888,47, 0
26889,115, 0
26890,159, 0
26891,196, 0
26892,207, 0
26893,211, 0
26894,211, 0
26895,201, 0
26896,139, 0
26897,91, 0
26898,53, 0
26899,53, 0
26900,54, 0
26901,48, 0
26902,44, 3
26903,57, 0
26904,56, 0
26905,83, 0
26906,115, 0
26907,131, 0
26908,135, 0
26909,127, 0
26910,118, 0
26911,100, 0
26912,76, 0
26913,42, 0
26914,13, 0
26915,12, 0
26916,24, 0
26917,57, 0
26918,81, 6
26919,92, 0
26920,101, 0
26921,105, 0
26922,102, 0
26923,93, 0
26924,120, 2
26925,135, 0
26926,188, 0
26927,189, 18
26928,222, 1
26929,237, 0
26930,244, 0
26931,232, 0
26932,229, 0
26933,195, 0
26934,131, 0
26935,51, 0
26936,4, 0
26937,0, 0
26938,21, 0
26939,75, 0
26940,129, 0
26941,152, 0
26942,157, 0
26943,158, 0
26944,147, 0
26945,152, 0
26946,157, 0
26947,142, 0
26948,115, 0
26949,119, 0
26950,136, 0
26951,173, 0
26952,199, 0
26953,204, 0
26954,189, 0
26955,161, 0
26956,132, 0
26957,92, 0
26958,51, 0
26959,8, 0
26960,0, 0
26961,0, 0
26962,4, 0
26963,44, 0
26964,93, 0
26965,99, 0
26966,104, 0
26967,122, 0
26968,134, 0
26969,137, 0
26970,131, 0
26971,122, 0
26972,113, 0
26973,122, 0
26974,140, 0
26975,158, 0
26976,191, 0
26977,181, 0
26978,189, 0
26979,199, 0
26980,204, 0
26981,210, 0
26982,219, 0
26983,231, 1
26984,256, 1
26985,261, 0
26986,248, 4
26987,235, 0
26988,211, 0
26989,233, 0
26990,259, 0
26991,269, 0
26992,179, 0
26993,68, 0
26994,2, 0
26995,6, 0
26996,0, 0
26997,12, 0
26998,53, 0
26999,92, 0
27000,110, 0
27001,121, 0
27002,116, 0
27003,96, 0
27004,95, 0
27005,96, 0
27006,83, 0
27007,106, 0
27008,111, 0
27009,97, 0
27010,77, 0
27011,25, 0
27012,3, 0
27013,26, 0
27014,69, 0
27015,126, 0
27016,163, 0
27017,186, 0
27018,199, 0
27019,188, 0
27020,152, 0
27021,112, 0
27022,54, 0
27023,12, 0
27024,0, 4
27025,3, 0
27026,42, 0
27027,87, 0
27028,139, 0
27029,161, 0
27030,174, 0
27031,174, 0
27032,170, 0
27033,183, 0
27034,200, 0
27035,223, 0
27036,256, 0
27037,284, 0
27038,300, 0
27039,298, 0
27040,271, 0
27041,231, 0
27042,202, 0
27043,173, 0
27044,159, 0
27045,168, 0
27046,190, 3
27047,227, 1
27048,234, 0
27049,238, 0
27050,237, 6
27051,238, 0
27052,245, 0
27053,245, 0
27054,180, 0
27055,83, 0
27056,5, 0
27057,58, 0
27058,125, 0
27059,135, 0
27060,125, 0
27061,97, 0
27062,47, 4
27063,4, 0
27064,11, 0
27065,55, 0
27066,87, 0
27067,99, 0
27068,125, 0
27069,117, 0
27070,117, 0
27071,107, 0
27072,81, 0
27073,73, 0
27074,86, 0
27075,109, 0
27076,151, 0
27077,180, 0
27078,191, 0
27079,189, 0
27080,184, 0
27081,177, 0
27082,176, 0
27083,170, 0
27084,163, 2
27085,160, 0
27086,177, 0
27087,212, 0
27088,244, 1
27089,267, 0
27090,268, 0
27091,257, 0
27092,237, 0
27093,220, 0
27094,202, 0
27095,183, 0
27096,167, 0
27097,132, 0
27098,97, 0
27099,71, 0
27100,51, 6
27101,62, 0
27102,86, 0
27103,97, 0
27104,120, 0
27105,156, 0
27106,154, 6
27107,159, 0
27108,145, 0
27109,133, 0
27110,159, 37
27111,175, 0
27112,188, 0
27113,204, 0
27114,186, 0
27115,167, 0
27116,140, 0
27117,103, 0
27118,69, 0
27119,44, 0
27120,9, 0
27121,12, 0
27122,25, 0
27123,57, 0
27124,68, 0
27125,92, 0
27126,88, 0
27127,88, 0
27128,92, 0
27129,91, 0
27130,115, 0
27131,137, 0
27132,150, 0
27133,150, 0
27134,155, 0
27135,159, 0
27136,166, 0
27137,148, 0
27138,175, 0
27139,183, 0
27140,198, 0
27141,187, 0
27142,203, 0
27143,188, 0
27144,201, 0
27145,183, 0
27146,175, 0
27147,158, 0
27148,142, 0
27149,127, 0
27150,130, 0
27151,123, 0
27152,116, 0
27153,131, 0
27154,153, 0
27155,160, 0
27156,183, 0
27157,187, 0
27158,179, 0
27159,171, 0
27160,158, 0
27161,154, 0
27162,150, 0
27163,139, 0
27164,120, 0
27165,102, 0
27166,94, 12
27167,101, 0
27168,111, 10
27169,134, 0
27170,102, 3
27171,101, 26
27172,97, 0
27173,89, 0
27174,89, 0
27175,97, 0
27176,102, 0
27177,108, 0
27178,105, 0
27179,97, 0
27180,90, 0
27181,88, 0
27182,68, 0
27183,80, 0
27184,78, 0
27185,76, 0
27186,80, 0
27187,78, 0
27188,85, 0
27189,80, 0
27190,67, 0
27191,76, 0
27192,81, 0
27193,109, 0
27194,94, 0
27195,101, 0
27196,110, 0
27197,110, 0
27198,131, 0
27199,115, 0
27200,112, 0
27201,121, 0
27202,120, 0
27203,131, 0
27204,138, 0
27205,139, 0
27206,143, 0
27207,142, 0
27208,147, 0
27209,150, 0
27210,144, 0
27211,164, 0
27212,149, 0
27213,161, 0
27214,175, 0
27215,181, 0
27216,187, 0
27217,202, 0
27218,204, 0
27219,217, 0
27220,212, 1
27221,219, 0
27222,223, 0
27223,240, 0
27224,234, 0
27225,216, 0
27226,203, 0
27227,183, 12
27228,156, 0
27229,139, 12
27230,120, 0
27231,81, 0
27232,50, 0
27233,21, 0
27234,0, 0
27235,3, 0
27236,0, 0
27237,4, 0
27238,4, 6
27239,7, 0
27240,0, 0
27241,1, 0
27242,31, 0
27243,70, 0
27244,97, 0
27245,147, 0
27246,189, 0
27247,235, 0
27248,238, 0
27249,226, 0
27250,226, 0
27251,207, 0
27252,168, 0
27253,153, 0
27254,147, 0
27255,150, 0
27256,150, 0
27257,159, 0
27258,173, 0
27259,173, 0
27260,184, 0
27261,181, 0
27262,170, 0
27263,139, 0
27264,116, 0
27265,127, 0
27266,142, 0
27267,149, 0
27268,161, 0
27269,133, 0
27270,63, 0
27271,7, 0
27272,0, 0
27273,12, 0
27274,57, 0
27275,105, 0
27276,142, 0
27277,171, 0
27278,195, 0
27279,202, 0
27280,191, 0
27281,174, 0
27282,152, 0
27283,132, 0
27284,111, 0
27285,102, 0
27286,93, 0
27287,95, 0
27288,109, 0
27289,126, 0
27290,133, 0
27291,147, 0
27292,145, 1
27293,144, 9
27294,132, 0
27295,123, 0
27296,119, 0
27297,143, 0
27298,152, 0
27299,150, 0
27300,145, 0
27301,143, 0
27302,122, 0
27303,121, 0
27304,125, 0
27305,144, 0
27306,167, 0
27307,183, 0
27308,190, 0
27309,192, 0
27310,193, 0
27311,182, 0
27312,189, 0
27313,169, 0
27314,159, 0
27315,134, 0
27316,116, 0
27317,108, 0
27318,108, 0
27319,133, 0
27320,145, 0
27321,145, 0
27322,130, 0
27323,119, 0
27324,94, 0
27325,97, 0
27326,100, 0
27327,111, 0
27328,139, 0
27329,134, 0
27330,150, 0
27331,158, 0
27332,174, 0
27333,185, 0
27334,188, 0
27335,188, 0
27336,183, 0
27337,176, 0
27338,165, 0
27339,176, 0
27340,176, 0
27341,176, 0
27342,157, 0
27343,144, 0
27344,121, 0
27345,107, 9
27346,102, 0
27347,102, 1
27348,106, 4
27349,111, 0
27350,107, 0
27351,107, 22
27352,97, 0
27353,90, 0
27354,93, 0
27355,92, 0
27356,106, 0
27357,119, 0
27358,130, 0
27359,138, 0
27360,140, 0
27361,143, 0
27362,139, 0
27363,140, 0
27364,135, 0
27365,125, 0
27366,110, 0
27367,108, 7
27368,104, 0
27369,113, 0
27370,121, 0
27371,127, 0
27372,127, 0
27373,127, 0
27374,130, 0
27375,151, 0
27376,164, 0
27377,164, 0
27378,157, 0
27379,152, 0
27380,152, 0
27381,143, 0
27382,140, 0
27383,137, 0
27384,127, 0
27385,128, 0
27386,124, 0
27387,121, 0
27388,117, 0
27389,120, 0
27390,127, 0
27391,131, 0
27392,128, 0
27393,115, 0
27394,111, 0
27395,113, 0
27396,107, 0
27397,109, 0
27398,120, 0
27399,129, 0
27400,124, 0
27401,120, 0
27402,111, 0
27403,95, 0
27404,90, 0
27405,77, 0
27406,87, 0
27407,95, 0
27408,105, 0
27409,108, 4
27410,107, 0
27411,102, 10
27412,105, 18
27413,102, 11
27414,108, 0
27415,110, 51
27416,118, 11
27417,118, 4
27418,139, 0
27419,145, 0
27420,143, 0
27421,148, 0
27422,153, 0
27423,148, 0
27424,143, 0
27425,141, 0
27426,138, 0
27427,128, 0
27428,134, 0
27429,135, 0
27430,144, 0
27431,137, 0
27432,137, 0
27433,121, 0
27434,122, 0
27435,128, 0
27436,134, 0
27437,137, 0
27438,133, 0
27439,131, 0
27440,126, 0
27441,125, 0
27442,110, 0
27443,108, 0
27444,126, 0
27445,121, 0
27446,127, 0
27447,127, 0
27448,112, 0
27449,112, 0
27450,117, 0
27451,124, 0
27452,129, 0
27453,139, 0
27454,152, 0
27455,163, 0
27456,168, 0
27457,181, 0
27458,177, 0
27459,187, 0
27460,183, 0
27461,184, 0
27462,182, 0
27463,165, 0
27464,141, 0
27465,109, 0
27466,83, 0
27467,67, 0
27468,55, 0
27469,52, 0
27470,42, 0
27471,24, 0
27472,7, 0
27473,8, 2
27474,22, 0
27475,36, 1
27476,45, 0
27477,58, 0
27478,91, 0
27479,87, 0
27480,94, 0
27481,105, 1
27482,111, 0
27483,121, 0
27484,134, 0
27485,140, 0
27486,150, 0
27487,157, 0
27488,166, 0
27489,168, 0
27490,173, 0
27491,170, 0
27492,181, 0
27493,181, 0
27494,183, 0
27495,188, 0
27496,193, 0
27497,193, 0
27498,199, 0
27499,204, 0
27500,187, 0
27501,179, 0
27502,165, 0
27503,144, 0
27504,133, 0
27505,137, 0
27506,125, 0
27507,109, 0
27508,93, 0
27509,83, 0
27510,79, 0
27511,83, 0
27512,96, 0
27513,109, 0
27514,126, 0
27515,143, 0
27516,155, 0
27517,169, 0
27518,169, 0
27519,166, 0
27520,158, 0
27521,156, 0
27522,135, 0
27523,139, 0
27524,140, 0
27525,139, 0
27526,138, 0
27527,133, 0
27528,138, 0
27529,137, 0
27530,133, 0
27531,130, 0
27532,130, 0
27533,127, 0
27534,112, 19
27535,112, 19
27536,107, 73
27537,96, 62
27538,100, 50
27539,102, 32
27540,105, 19
27541,106, 0
27542,118, 0
27543,128, 0
27544,139, 0
27545,152, 0
27546,157, 0
27547,193, 0
27548,170, 0
27549,195, 0
27550,183, 0
27551,182, 0
27552,170, 0
27553,161, 0
27554,156, 0
27555,152, 0
27556,147, 0
27557,145, 0
27558,140, 0
27559,152, 0
27560,142, 0
27561,133, 0
27562,134, 0
27563,139, 0
27564,142, 0
27565,155, 0
27566,150, 0
27567,158, 0
27568,156, 0
27569,152, 0
27570,145, 0
27571,126, 0
27572,139, 2
27573,145, 0
27574,136, 0
27575,143, 0
27576,132, 0
27577,134, 0
27578,138, 0
27579,137, 0
27580,144, 0
27581,140, 0
27582,148, 0
27583,139, 6
27584,139, 0
27585,140, 0
27586,127, 0
27587,120, 0
27588,136, 0
27589,135, 0
27590,137, 0
27591,138, 0
27592,133, 0
27593,133, 0
27594,133, 0
27595,128, 3
27596,124, 6
27597,107, 27
27598,94, 2
27599,92, 0
27600,92, 0
27601,88, 0
27602,91, 0
27603,91, 0
27604,83, 0
27605,89, 0
27606,92, 6
27607,95, 0
27608,106, 0
27609,115, 0
27610,115, 0
27611,110, 0
27612,110, 0
27613,120, 0
27614,142, 0
27615,154, 0
27616,156, 0
27617,158, 0
27618,145, 0
27619,118, 0
27620,104, 0
27621,109, 0
27622,102, 0
27623,121, 0
27624,133, 0
27625,135, 0
27626,141, 0
27627,150, 0
27628,155, 0
27629,139, 0
27630,159, 0
27631,154, 0
27632,149, 0
27633,154, 0
27634,169, 0
27635,177, 0
27636,183, 0
27637,169, 0
27638,164, 0
27639,159, 0
27640,163, 0
27641,166, 0
27642,158, 0
27643,151, 0
27644,143, 0
27645,142, 0
27646,136, 0
27647,125, 0
27648,118, 0
27649,115, 0
27650,108, 0
27651,117, 0
27652,116, 0
27653,120, 0
27654,103, 0
27655,116, 0
27656,115, 0
27657,110, 0
27658,99, 0
27659,83, 0
27660,81, 0
27661,78, 0
27662,83, 0
27663,93, 0
27664,91, 0
27665,95, 0
27666,102, 0
27667,107, 0
27668,108, 0
27669,109, 0
27670,115, 0
27671,117, 0
27672,115, 0
27673,122, 0
27674,110, 0
27675,122, 0
27676,129, 0
27677,130, 0
27678,140, 0
27679,150, 0
27680,157, 0
27681,170, 0
27682,158, 0
27683,143, 0
27684,141, 0
27685,138, 0
27686,131, 0
27687,135, 0
27688,137, 0
27689,133, 0
27690,135, 0
27691,139, 0
27692,135, 3
27693,127, 0
27694,122, 0
27695,121, 0
27696,122, 0
27697,126, 0
27698,123, 0
27699,132, 0
27700,140, 0
27701,145, 0
27702,157, 0
27703,157, 0
27704,157, 0
27705,159, 0
27706,163, 0
27707,159, 0
27708,166, 0
27709,147, 0
27710,136, 0
27711,130, 0
27712,132, 0
27713,127, 0
27714,121, 0
27715,112, 0
27716,106, 0
27717,108, 1
27718,115, 0
27719,95, 5
27720,96, 7
27721,89, 6
27722,106, 4
27723,103, 0
27724,134, 0
27725,125, 0
27726,124, 0
27727,128, 0
27728,128, 0
27729,131, 0
27730,139, 0
27731,141, 0
27732,145, 0
27733,140, 0
27734,132, 0
27735,124, 0
27736,131, 0
27737,120, 0
27738,105, 0
27739,123, 0
27740,135, 0
27741,133, 0
27742,142, 0
27743,137, 0
27744,137, 0
27745,121, 0
27746,138, 0
27747,138, 0
27748,136, 0
27749,144, 0
27750,147, 0
27751,150, 0
27752,145, 0
27753,138, 0
27754,145, 0
27755,142, 3
27756,144, 0
27757,139, 0
27758,147, 0
27759,147, 0
27760,150, 0
27761,151, 0
27762,140, 0
27763,136, 0
27764,126, 0
27765,108, 0
27766,115, 0
27767,116, 0
27768,121, 0
27769,127, 0
27770,122, 0
27771,115, 0
27772,112, 0
27773,123, 0
27774,124, 0
27775,126, 0
27776,130, 0
27777,130, 4
27778,117, 0
27779,134, 0
27780,129, 3
27781,128, 28
27782,121, 21
27783,106, 27
27784,108, 12
27785,105, 0
27786,107, 0
27787,118, 0
27788,125, 0
27789,133, 0
27790,131, 0
27791,140, 0
27792,142, 0
27793,145, 0
27794,139, 0
27795,131, 0
27796,119, 0
27797,115, 0
27798,111, 0
27799,108, 0
27800,133, 0
27801,117, 0
27802,115, 0
27803,121, 0
27804,132, 0
27805,127, 0
27806,136, 0
27807,143, 0
27808,147, 0
27809,149, 0
27810,155, 0
27811,158, 0
27812,152, 0
27813,153, 0
27814,153, 0
27815,158, 0
27816,169, 0
27817,167, 0
27818,172, 0
27819,171, 0
27820,164, 0
27821,156, 0
27822,158, 0
27823,145, 0
27824,156, 0
27825,149, 0
27826,145, 0
27827,142, 0
27828,138, 0
27829,139, 0
27830,138, 0
27831,139, 0
27832,132, 0
27833,133, 0
27834,134, 0
27835,145, 0
27836,129, 0
27837,131, 8
27838,135, 0
27839,126, 17
27840,134, 9
27841,124, 20
27842,121, 21
27843,113, 5
27844,113, 0
27845,113, 1
27846,111, 0
27847,139, 0
27848,119, 0
27849,118, 0
27850,121, 0
27851,111, 0
27852,118, 0
27853,125, 0
27854,121, 0
27855,124, 0
27856,132, 0
27857,119, 0
27858,110, 0
27859,109, 0
27860,101, 0
27861,128, 0
27862,113, 0
27863,113, 0
27864,124, 0
27865,126, 0
27866,129, 0
27867,138, 0
27868,158, 0
27869,143, 0
27870,150, 0
27871,158, 0
27872,159, 0
27873,158, 0
27874,158, 0
27875,156, 0
27876,155, 0
27877,156, 0
27878,138, 0
27879,139, 0
27880,132, 0
27881,117, 0
27882,108, 0
27883,107, 0
27884,103, 0
27885,118, 0
27886,115, 0
27887,118, 0
27888,122, 0
27889,134, 0
27890,133, 0
27891,130, 0
27892,123, 0
27893,115, 0
27894,100, 0
27895,113, 0
27896,120, 0
27897,127, 0
27898,130, 0
27899,128, 0
27900,142, 7
27901,127, 30
27902,127, 55
27903,133, 58
27904,121, 51
27905,130, 46
27906,126, 34
27907,131, 25
27908,134, 10
27909,124, 0
27910,134, 0
27911,133, 3
27912,127, 11
27913,127, 62
27914,115, 52
27915,116, 13
27916,113, 0
27917,117, 0
27918,120, 0
27919,136, 0
27920,147, 2
27921,145, 0
27922,135, 0
27923,152, 0
27924,156, 0
27925,152, 0
27926,153, 0
27927,148, 0
27928,152, 0
27929,151, 0
27930,151, 0
27931,153, 0
27932,154, 0
27933,155, 0
27934,159, 0
27935,161, 0
27936,155, 0
27937,159, 0
27938,154, 0
27939,150, 0
27940,140, 0
27941,131, 0
27942,113, 0
27943,111, 0
27944,112, 0
27945,107, 0
27946,104, 0
27947,109, 0
27948,106, 0
27949,119, 0
27950,116, 0
27951,122, 0
27952,134, 0
27953,144, 0
27954,136, 0
27955,136, 0
27956,139, 0
27957,122, 0
27958,134, 15
27959,127, 9
27960,115, 2
27961,103, 8
27962,100, 0
27963,107, 2
27964,95, 51
27965,111, 35
27966,103, 73
27967,115, 64
27968,104, 26
27969,95, 0
27970,86, 0
27971,97, 0
27972,94, 0
27973,91, 0
27974,95, 0
27975,95, 0
27976,102, 0
27977,108, 0
27978,107, 0
27979,101, 0
27980,96, 0
27981,89, 0
27982,92, 0
27983,106, 0
27984,124, 0
27985,137, 0
27986,153, 0
27987,158, 0
27988,160, 0
27989,152, 0
27990,147, 0
27991,141, 0
27992,139, 0
27993,156, 0
27994,155, 0
27995,167, 0
27996,164, 0
27997,152, 0
27998,155, 0
27999,152, 0
28000,154, 0
28001,160, 0
28002,161, 0
28003,159, 2
28004,155, 13
28005,151, 18
28006,141, 23
28007,133, 61
28008,129, 43
28009,125, 2
28010,121, 0
28011,117, 0
28012,128, 0
28013,135, 0
28014,143, 0
28015,132, 0
28016,145, 0
28017,132, 0
28018,121, 0
28019,110, 0
28020,103, 0
28021,97, 0
28022,96, 0
28023,89, 0
28024,83, 0
28025,90, 0
28026,105, 0
28027,107, 0
28028,132, 0
28029,134, 0
28030,145, 0
28031,121, 0
28032,115, 0
28033,117, 0
28034,133, 0
28035,150, 0
28036,137, 63
28037,139, 170
28038,127, 195
28039,130, 151
28040,110, 92
28041,119, 91
28042,113, 61
28043,121, 31
28044,118, 10
28045,135, 7
28046,138, 0
28047,136, 0
28048,122, 0
28049,112, 0
28050,111, 45
28051,113, 15
28052,120, 0
28053,129, 0
28054,134, 8
28055,133, 0
28056,158, 0
28057,136, 0
28058,138, 0
28059,123, 0
28060,128, 0
28061,122, 0
28062,110, 0
28063,113, 0
28064,108, 0
28065,110, 0
28066,123, 0
28067,126, 0
28068,128, 0
28069,127, 0
28070,111, 0
28071,120, 0
28072,122, 0
28073,139, 0
28074,158, 0
28075,177, 0
28076,181, 0
28077,187, 0
28078,202, 0
28079,204, 0
28080,217, 0
28081,211, 0
28082,214, 0
28083,220, 0
28084,200, 0
28085,186, 0
28086,183, 4
28087,175, 0
28088,157, 22
28089,159, 5
28090,152, 0
28091,137, 0
28092,129, 0
28093,121, 0
28094,125, 0
28095,135, 0
28096,150, 0
28097,148, 0
28098,151, 0
28099,149, 0
28100,122, 0
28101,133, 0
28102,137, 0
28103,143, 0
28104,137, 0
28105,158, 0
28106,166, 0
28107,152, 0
28108,139, 0
28109,130, 0
28110,115, 0
28111,117, 0
28112,103, 0
28113,99, 0
28114,112, 0
28115,106, 0
28116,107, 0
28117,132, 0
28118,140, 0
28119,140, 0
28120,139, 0
28121,129, 0
28122,121, 7
28123,121, 0
28124,122, 0
28125,106, 0
28126,104, 0
28127,102, 0
28128,95, 0
28129,102, 0
28130,96, 0
28131,102, 0
28132,100, 0
28133,107, 0
28134,121, 0
28135,139, 0
28136,137, 0
28137,122, 0
28138,126, 0
28139,126, 0
28140,111, 0
28141,111, 0
28142,102, 0
28143,107, 0
28144,121, 0
28145,139, 0
28146,150, 0
28147,149, 2
28148,133, 0
28149,116, 0
28150,76, 0
28151,68, 7
28152,74, 11
28153,84, 18
28154,81, 25
28155,83, 1
28156,92, 0
28157,85, 0
28158,102, 0
28159,125, 5
28160,152, 0
28161,167, 0
28162,179, 0
28163,164, 0
28164,152, 0
28165,139, 0
28166,142, 0
28167,153, 0
28168,159, 0
28169,170, 0
28170,176, 0
28171,159, 0
28172,147, 0
28173,119, 0
28174,100, 0
28175,100, 0
28176,99, 0
28177,107, 0
28178,92, 0
28179,93, 0
28180,79, 0
28181,67, 0
28182,96, 5
28183,113, 0
28184,136, 0
28185,151, 0
28186,160, 0
28187,165, 0
28188,158, 0
28189,148, 0
28190,142, 0
28191,139, 0
28192,132, 0
28193,131, 0
28194,132, 0
28195,127, 0
28196,127, 1
28197,129, 0
28198,122, 0
28199,121, 0
28200,121, 0
28201,116, 0
28202,127, 0
28203,135, 0
28204,147, 0
28205,157, 0
28206,172, 0
28207,170, 0
28208,165, 0
28209,145, 0
28210,131, 0
28211,115, 0
28212,107, 0
28213,95, 0
28214,92, 0
28215,91, 0
28216,86, 0
28217,90, 0
28218,93, 0
28219,89, 0
28220,109, 6
28221,134, 0
28222,132, 0
28223,157, 0
28224,149, 38
28225,161, 96
28226,185, 119
28227,183, 86
28228,176, 47
28229,180, 1
28230,152, 0
28231,131, 0
28232,121, 0
28233,115, 0
28234,118, 0
28235,131, 0
28236,143, 0
28237,167, 0
28238,202, 0
28239,202, 0
28240,197, 0
28241,197, 0
28242,196, 0
28243,200, 1
28244,185, 38
28245,174, 12
28246,145, 0
28247,115, 0
28248,105, 0
28249,95, 0
28250,99, 0
28251,110, 12
28252,108, 0
28253,112, 10
28254,122, 0
28255,102, 0
28256,99, 0
28257,83, 0
28258,83, 0
28259,54, 0
28260,78, 0
28261,99, 0
28262,101, 0
28263,106, 0
28264,71, 0
28265,31, 0
28266,8, 5
28267,6, 0
28268,19, 27
28269,57, 123
28270,89, 184
28271,124, 149
28272,133, 133
28273,137, 36
28274,155, 0
28275,169, 0
28276,183, 0
28277,182, 0
28278,188, 0
28279,159, 0
28280,132, 0
28281,128, 0
28282,148, 0
28283,149, 0
28284,180, 0
28285,190, 0
28286,195, 0
28287,207, 0
28288,211, 0
28289,214, 0
28290,204, 0
28291,183, 0
28292,150, 42
28293,133, 101
28294,120, 127
28295,117, 73
28296,108, 40
28297,108, 12
28298,120, 13
28299,156, 0
28300,154, 0
28301,163, 0
28302,118, 0
28303,91, 0
28304,76, 0
28305,74, 0
28306,76, 0
28307,100, 0
28308,110, 0
28309,115, 0
28310,108, 0
28311,92, 0
28312,104, 0
28313,80, 0
28314,65, 0
28315,72, 0
28316,70, 0
28317,89, 0
28318,111, 0
28319,122, 0
28320,135, 0
28321,137, 0
28322,152, 0
28323,157, 0
28324,153, 0
28325,143, 0
28326,133, 0
28327,127, 5
28328,129, 27
28329,123, 78
28330,129, 168
28331,152, 131
28332,159, 123
28333,179, 139
28334,183, 88
28335,176, 54
28336,182, 92
28337,169, 92
28338,152, 86
28339,147, 70
28340,87, 25
28341,61, 0
28342,63, 0
28343,85, 0
28344,113, 0
28345,139, 0
28346,158, 0
28347,158, 0
28348,179, 0
28349,192, 0
28350,195, 0
28351,188, 0
28352,164, 0
28353,139, 0
28354,108, 0
28355,94, 0
28356,88, 0
28357,112, 0
28358,127, 0
28359,149, 0
28360,159, 0
28361,183, 0
28362,170, 0
28363,164, 0
28364,172, 0
28365,159, 0
28366,148, 0
28367,164, 0
28368,176, 0
28369,188, 0
28370,173, 0
28371,158, 0
28372,147, 0
28373,159, 0
28374,152, 0
28375,163, 0
28376,171, 20
28377,189, 28
28378,177, 0
28379,158, 0
28380,127, 0
28381,106, 0
28382,104, 0
28383,108, 0
28384,109, 0
28385,104, 0
28386,95, 0
28387,88, 0
28388,89, 6
28389,80, 19
28390,83, 32
28391,68, 37
28392,78, 0
28393,89, 0
28394,102, 0
28395,133, 0
28396,161, 0
28397,164, 0
28398,180, 0
28399,183, 0
28400,148, 0
28401,94, 0
28402,60, 0
28403,57, 0
28404,75, 0
28405,106, 0
28406,127, 0
28407,139, 0
28408,139, 14
28409,158, 32
28410,166, 139
28411,165, 285
28412,173, 382
28413,180, 464
28414,192, 375
28415,215, 352
28416,241, 269
28417,227, 125
28418,220, 47
28419,205, 77
28420,169, 12
28421,116, 0
28422,76, 0
28423,44, 0
28424,54, 0
28425,90, 0
28426,131, 0
28427,145, 0
28428,139, 0
28429,118, 0
28430,108, 0
28431,108, 0
28432,96, 0
28433,100, 0
28434,108, 54
28435,115, 94
28436,143, 147
28437,164, 189
28438,175, 260
28439,189, 205
28440,196, 253
28441,170, 190
28442,135, 76
28443,115, 60
28444,84, 4
28445,55, 0
28446,23, 0
28447,25, 0
28448,41, 0
28449,70, 0
28450,94, 0
28451,115, 0
28452,124, 0
28453,116, 0
28454,127, 29
28455,107, 25
28456,95, 0
28457,89, 0
28458,87, 0
28459,91, 0
28460,92, 0
28461,92, 0
28462,134, 0
28463,164, 0
28464,182, 0
28465,170, 0
28466,121, 0
28467,96, 0
28468,92, 0
28469,86, 0
28470,101, 0
28471,105, 25
28472,95, 111
28473,72, 120
28474,74, 71
28475,87, 10
28476,101, 0
28477,102, 0
28478,92, 0
28479,91, 0
28480,116, 0
28481,174, 0
28482,230, 0
28483,274, 0
28484,276, 0
28485,270, 0
28486,249, 0
28487,244, 0
28488,223, 0
28489,210, 0
28490,196, 0
28491,183, 0
28492,168, 2
28493,136, 0
28494,104, 0
28495,87, 0
28496,73, 0
28497,64, 0
28498,55, 0
28499,50, 0
28500,78, 0
28501,110, 0
28502,140, 0
28503,155, 0
28504,145, 0
28505,108, 0
28506,104, 0
28507,102, 0
28508,102, 0
28509,105, 0
28510,101, 0
28511,116, 0
28512,127, 0
28513,132, 0
28514,121, 0
28515,92, 0
28516,89, 0
28517,92, 0
28518,121, 0
28519,152, 0
28520,171, 0
28521,161, 0
28522,139, 0
28523,105, 0
28524,70, 0
28525,88, 0
28526,150, 0
28527,218, 0
28528,278, 39
28529,308, 26
28530,279, 2
28531,263, 15
28532,240, 115
28533,235, 57
28534,247, 2
28535,211, 0
28536,214, 0
28537,206, 0
28538,192, 0
28539,170, 0
28540,128, 97
28541,73, 266
28542,22, 414
28543,0, 361
28544,18, 188
28545,3, 15
28546,0, 0
28547,17, 0
28548,63, 0
28549,107, 0
28550,129, 0
28551,131, 0
28552,123, 0
28553,108, 0
28554,92, 0
28555,91, 0
28556,100, 0
28557,111, 0
28558,97, 17
28559,55, 72
28560,17, 119
28561,3, 135
28562,11, 67
28563,31, 3
28564,67, 0
28565,110, 0
28566,110, 0
28567,133, 0
28568,152, 0
28569,164, 11
28570,180, 25
28571,181, 63
28572,169, 110
28573,163, 132
28574,166, 120
28575,199, 12
28576,220, 0
28577,223, 0
28578,180, 0
28579,143, 0
28580,140, 0
28581,147, 0
28582,135, 0
28583,120, 0
28584,95, 0
28585,91, 0
28586,97, 0
28587,94, 0
28588,117, 0
28589,139, 0
28590,130, 0
28591,120, 0
28592,135, 0
28593,161, 0
28594,192, 14
28595,183, 121
28596,156, 196
28597,148, 199
28598,172, 121
28599,236, 12
28600,317, 0
28601,354, 0
28602,328, 0
28603,276, 0
28604,232, 0
28605,198, 0
28606,145, 0
28607,86, 0
28608,23, 0
28609,0, 6
28610,0, 5
28611,5, 0
28612,38, 0
28613,70, 0
28614,81, 0
28615,97, 0
28616,115, 0
28617,139, 0
28618,168, 41
28619,183, 188
28620,183, 251
28621,165, 152
28622,133, 50
28623,115, 115
28624,102, 147
28625,107, 119
28626,101, 3
28627,76, 0
28628,44, 0
28629,31, 0
28630,27, 0
28631,62, 0
28632,83, 0
28633,84, 0
28634,73, 0
28635,72, 0
28636,72, 57
28637,89, 58
28638,93, 59
28639,144, 0
28640,183, 0
28641,176, 0
28642,147, 0
28643,121, 0
28644,106, 0
28645,95, 0
28646,112, 0
28647,157, 0
28648,183, 0
28649,239, 0
28650,257, 0
28651,234, 0
28652,186, 0
28653,127, 0
28654,127, 0
28655,143, 0
28656,172, 12
28657,182, 30
28658,156, 0
28659,126, 0
28660,115, 0
28661,139, 0
28662,190, 0
28663,241, 0
28664,252, 0
28665,261, 0
28666,274, 0
28667,251, 0
28668,253, 0
28669,260, 0
28670,233, 0
28671,233, 0
28672,196, 0
28673,171, 0
28674,158, 0
28675,156, 0
28676,154, 0
28677,139, 0
28678,107, 0
28679,63, 0
28680,40, 0
28681,36, 11
28682,35, 86
28683,46, 229
28684,45, 330
28685,51, 202
28686,65, 13
28687,92, 6
28688,126, 0
28689,129, 0
28690,135, 0
28691,106, 0
28692,71, 0
28693,15, 12
28694,0, 6
28695,5, 79
28696,12, 152
28697,14, 282
28698,0, 337
28699,1, 290
28700,30, 96
28701,53, 0
28702,71, 0
28703,81, 0
28704,95, 0
28705,104, 0
28706,147, 0
28707,201, 0
28708,244, 0
28709,243, 0
28710,193, 0
28711,153, 0
28712,128, 0
28713,115, 0
28714,126, 0
28715,118, 127
28716,108, 289
28717,113, 332
28718,128, 362
28719,157, 393
28720,187, 426
28721,236, 368
28722,282, 283
28723,316, 145
28724,345, 7
28725,333, 0
28726,342, 0
28727,373, 0
28728,398, 0
28729,387, 0
28730,334, 0
28731,294, 0
28732,232, 0
28733,183, 0
28734,152, 0
28735,160, 0
28736,183, 0
28737,176, 0
28738,133, 0
28739,76, 0
28740,20, 0
28741,0, 0
28742,0, 0
28743,0, 0
28744,0, 0
28745,0, 0
28746,12, 0
28747,43, 0
28748,74, 0
28749,108, 0
28750,154, 0
28751,188, 0
28752,229, 0
28753,235, 0
28754,223, 0
28755,202, 7
28756,168, 102
28757,104, 177
28758,51, 168
28759,19, 150
28760,8, 206
28761,14, 185
28762,0, 189
28763,4, 187
28764,10, 63
28765,0, 0
28766,0, 0
28767,0, 0
28768,0, 0
28769,0, 0
28770,24, 0
28771,69, 0
28772,108, 0
28773,133, 0
28774,193, 0
28775,204, 0
28776,221, 0
28777,227, 0
28778,182, 0
28779,123, 0
28780,88, 0
28781,79, 0
28782,92, 0
28783,104, 0
28784,108, 21
28785,108, 14
28786,115, 4
28787,130, 0
28788,137, 0
28789,149, 26
28790,145, 10
28791,147, 0
28792,175, 0
28793,216, 0
28794,249, 0
28795,271, 0
28796,272, 0
28797,263, 0
28798,251, 0
28799,216, 45
28800,166, 326
28801,85, 568
28802,9, 496
28803,12, 330
28804,22, 216
28805,3, 34
28806,13, 0
28807,73, 0
28808,133, 0
28809,161, 0
28810,171, 0
28811,163, 0
28812,150, 0
28813,154, 0
28814,167, 0
28815,164, 0
28816,132, 0
28817,92, 0
28818,43, 0
28819,29, 0
28820,52, 0
28821,110, 0
28822,158, 1
28823,221, 11
28824,204, 34
28825,173, 0
28826,145, 0
28827,123, 76
28828,125, 39
28829,164, 9
28830,198, 0
28831,216, 0
28832,216, 0
28833,218, 0
28834,223, 0
28835,214, 0
28836,235, 0
28837,223, 0
28838,214, 0
28839,208, 0
28840,215, 0
28841,230, 0
28842,229, 0
28843,197, 0
28844,142, 117
28845,119, 353
28846,115, 357
28847,137, 176
28848,141, 152
28849,138, 151
28850,134, 186
28851,131, 164
28852,127, 60
28853,150, 6
28854,159, 0
28855,170, 0
28856,168, 0
28857,158, 0
28858,150, 0
28859,141, 0
28860,131, 0
28861,127, 0
28862,97, 0
28863,58, 0
28864,23, 0
28865,6, 0
28866,19, 0
28867,40, 0
28868,65, 0
28869,80, 0
28870,92, 0
28871,111, 0
28872,161, 0
28873,213, 0
28874,227, 0
28875,226, 0
28876,201, 0
28877,159, 0
28878,121, 0
28879,60, 0
28880,25, 2
28881,1, 60
28882,1, 151
28883,35, 264
28884,41, 473
28885,63, 694
28886,73, 906
28887,91, 1267
28888,117, 1246
28889,148, 982
28890,166, 918
28891,140, 942
28892,88, 726
28893,28, 486
28894,15, 215
28895,59, 89
28896,139, 0
28897,204, 0
28898,249, 0
28899,274, 0
28900,241, 0
28901,234, 0
28902,226, 0
28903,215, 0
28904,180, 0
28905,189, 0
28906,201, 0
28907,235, 7
28908,266, 0
28909,238, 0
28910,175, 24
28911,122, 132
28912,89, 183
28913,72, 186
28914,91, 175
28915,122, 102
28916,135, 3
28917,127, 0
28918,119, 0
28919,104, 0
28920,92, 0
28921,73, 0
28922,68, 0
28923,6, 0
28924,2, 0
28925,0, 0
28926,0, 0
28927,13, 0
28928,57, 0
28929,96, 0
28930,124, 0
28931,131, 0
28932,142, 0
28933,157, 0
28934,182, 0
28935,207, 0
28936,214, 0
28937,205, 0
28938,196, 0
28939,158, 0
28940,115, 170
28941,50, 266
28942,21, 248
28943,23, 310
28944,71, 247
28945,137, 207
28946,170, 108
28947,160, 25
28948,152, 13
28949,139, 0
28950,126, 0
28951,124, 0
28952,121, 0
28953,122, 0
28954,133, 0
28955,147, 0
28956,181, 0
28957,191, 0
28958,205, 0
28959,192, 0
28960,199, 0
28961,220, 0
28962,207, 0
28963,195, 0
28964,177, 0
28965,160, 0
28966,152, 0
28967,148, 0
28968,139, 0
28969,128, 0
28970,133, 0
28971,156, 0
28972,188, 3
28973,215, 2
28974,204, 0
28975,212, 0
28976,208, 0
28977,202, 0
28978,189, 0
28979,176, 0
28980,161, 0
28981,139, 0
28982,115, 0
28983,109, 0
28984,102, 0
28985,102, 0
28986,128, 28
28987,165, 123
28988,156, 180
28989,95, 220
28990,23, 172
28991,0, 57
28992,0, 12
28993,12, 0
28994,54, 0
28995,105, 0
28996,149, 0
28997,173, 0
28998,170, 1
28999,137, 23
29000,123, 74
29001,106, 149
29002,99, 53
29003,101, 3
29004,120, 1
29005,120, 0
29006,111, 0
29007,102, 6
29008,89, 0
29009,103, 0
29010,136, 0
29011,151, 0
29012,158, 0
29013,154, 0
29014,143, 14
29015,127, 51
29016,94, 70
29017,56, 14
29018,28, 0
29019,40, 0
29020,85, 0
29021,148, 0
29022,204, 0
29023,218, 0
29024,186, 0
29025,122, 0
29026,72, 0
29027,93, 0
29028,145, 0
29029,207, 0
29030,243, 38
29031,238, 205
29032,230, 95
29033,223, 6
29034,216, 0
29035,183, 0
29036,127, 0
29037,79, 0
29038,57, 0
29039,84, 0
29040,121, 0
29041,172, 0
29042,223, 0
29043,260, 0
29044,189, 0
29045,152, 0
29046,108, 0
29047,101, 0
29048,109, 0
29049,96, 0
29050,44, 0
29051,0, 0
29052,3, 0
29053,0, 0
29054,21, 91
29055,72, 406
29056,120, 756
29057,156, 895
29058,155, 1231
29059,159, 1372
29060,145, 1380
29061,171, 1371
29062,202, 1251
29063,208, 1202
29064,207, 822
29065,182, 413
29066,161, 149
29067,150, 9
29068,125, 25
29069,108, 89
29070,72, 120
29071,28, 349
29072,7, 440
29073,4, 480
29074,15, 453
29075,50, 265
29076,85, 64
29077,139, 0
29078,173, 0
29079,210, 0
29080,214, 0
29081,235, 0
29082,226, 0
29083,215, 0
29084,196, 0
29085,182, 0
29086,165, 0
29087,153, 0
29088,139, 0
29089,122, 0
29090,118, 0
29091,116, 115
29092,92, 208
29093,81, 94
29094,86, 0
29095,117, 0
29096,140, 0
29097,127, 0
29098,110, 0
29099,78, 0
29100,70, 0
29101,83, 0
29102,108, 0
29103,126, 0
29104,128, 0
29105,127, 0
29106,135, 0
29107,138, 0
29108,133, 0
29109,121, 0
29110,129, 11
29111,115, 189
29112,101, 343
29113,78, 266
29114,61, 216
29115,79, 53
29116,101, 0
29117,123, 0
29118,127, 0
29119,118, 0
29120,121, 0
29121,152, 0
29122,152, 0
29123,160, 0
29124,164, 0
29125,175, 0
29126,217, 0
29127,244, 0
29128,271, 0
29129,244, 0
29130,212, 0
29131,171, 0
29132,135, 0
29133,112, 0
29134,81, 0
29135,56, 0
29136,39, 0
29137,32, 0
29138,79, 8
29139,118, 161
29140,107, 409
29141,95, 460
29142,78, 361
29143,105, 101
29144,165, 23
29145,166, 0
29146,159, 0
29147,147, 0
29148,134, 0
29149,200, 0
29150,193, 0
29151,214, 0
29152,207, 0
29153,212, 0
29154,214, 0
29155,204, 0
29156,195, 0
29157,184, 0
29158,181, 0
29159,183, 0
29160,174, 0
29161,161, 7
29162,145, 6
29163,127, 13
29164,126, 0
29165,151, 0
29166,192, 0
29167,226, 0
29168,244, 0
29169,213, 0
29170,154, 0
29171,92, 0
29172,62, 0
29173,70, 0
29174,83, 0
29175,102, 0
29176,97, 0
29177,105, 0
29178,89, 0
29179,76, 0
29180,87, 0
29181,121, 0
29182,174, 0
29183,183, 0
29184,168, 0
29185,147, 0
29186,133, 0
29187,81, 10
29188,76, 0
29189,95, 0
29190,130, 0
29191,142, 0
29192,121, 0
29193,95, 0
29194,96, 0
29195,116, 0
29196,152, 0
29197,203, 0
29198,256, 0
29199,287, 0
29200,298, 7
29201,279, 286
29202,263, 427
29203,275, 515
29204,266, 603
29205,241, 714
29206,186, 704
29207,97, 549
29208,25, 251
29209,0, 26
29210,13, 15
29211,0, 0
29212,0, 0
29213,0, 0
29214,6, 0
29215,50, 0
29216,108, 0
29217,130, 0
29218,105, 0
29219,38, 0
29220,11, 0
29221,0, 0
29222,0, 0
29223,0, 0
29224,31, 0
29225,76, 0
29226,115, 0
29227,142, 2
29228,139, 9
29229,133, 5
29230,119, 0
29231,121, 0
29232,121, 0
29233,145, 0
29234,182, 3
29235,192, 39
29236,199, 7
29237,151, 0
29238,116, 0
29239,77, 0
29240,72, 0
29241,78, 0
29242,91, 4
29243,104, 1
29244,102, 0
29245,80, 108
29246,72, 302
29247,89, 359
29248,96, 301
29249,115, 212
29250,122, 12
29251,112, 0
29252,102, 0
29253,95, 0
29254,116, 0
29255,154, 0
29256,214, 0
29257,276, 0
29258,300, 0
29259,267, 0
29260,196, 0
29261,182, 0
29262,223, 0
29263,287, 0
29264,319, 0
29265,327, 0
29266,312, 385
29267,244, 698
29268,159, 802
29269,89, 696
29270,60, 502
29271,44, 330
29272,37, 143
29273,47, 12
29274,63, 0
29275,96, 0
29276,127, 0
29277,112, 0
29278,89, 0
29279,69, 0
29280,80, 0
29281,95, 0
29282,130, 0
29283,160, 0
29284,170, 0
29285,177, 0
29286,191, 0
29287,197, 0
29288,193, 0
29289,159, 0
29290,96, 0
29291,61, 0
29292,62, 0
29293,96, 0
29294,134, 70
29295,143, 369
29296,164, 675
29297,181, 510
29298,181, 248
29299,185, 31
29300,186, 0
29301,176, 0
29302,148, 0
29303,89, 0
29304,28, 3
29305,0, 129
29306,10, 115
29307,31, 69
29308,88, 15
29309,126, 9
29310,144, 0
29311,154, 0
29312,143, 0
29313,117, 0
29314,89, 0
29315,68, 0
29316,38, 0
29317,6, 0
29318,0, 0
29319,12, 0
29320,72, 0
29321,121, 0
29322,139, 0
29323,120, 0
29324,83, 0
29325,80, 0
29326,92, 0
29327,134, 0
29328,134, 0
29329,138, 0
29330,143, 0
29331,145, 0
29332,180, 0
29333,184, 0
29334,183, 0
29335,192, 0
29336,180, 0
29337,158, 0
29338,154, 0
29339,137, 0
29340,167, 0
29341,164, 0
29342,156, 0
29343,159, 0
29344,166, 0
29345,159, 0
29346,164, 0
29347,169, 0
29348,173, 0
29349,188, 0
29350,189, 0
29351,200, 0
29352,206, 0
29353,202, 0
29354,202, 64
29355,193, 34
29356,183, 0
29357,168, 2
29358,132, 0
29359,118, 0
29360,117, 0
29361,135, 0
29362,176, 0
29363,212, 0
29364,204, 0
29365,193, 0
29366,176, 0
29367,167, 0
29368,188, 0
29369,186, 0
29370,160, 0
29371,102, 0
29372,52, 3
29373,38, 182
29374,15, 328
29375,19, 411
29376,35, 355
29377,63, 512
29378,73, 432
29379,57, 171
29380,35, 61
29381,38, 1
29382,43, 108
29383,80, 342
29384,83, 389
29385,61, 121
29386,70, 0
29387,87, 0
29388,113, 1
29389,135, 6
29390,153, 0
29391,164, 0
29392,183, 0
29393,167, 0
29394,180, 0
29395,190, 0
29396,196, 0
29397,192, 0
29398,204, 0
29399,203, 0
29400,199, 0
29401,219, 0
29402,216, 0
29403,174, 0
29404,112, 0
29405,65, 0
29406,41, 0
29407,62, 86
29408,108, 143
29409,147, 53
29410,196, 0
29411,174, 0
29412,126, 0
29413,88, 0
29414,91, 0
29415,143, 0
29416,201, 0
29417,228, 0
29418,201, 0
29419,163, 0
29420,144, 0
29421,153, 0
29422,149, 0
29423,147, 0
29424,152, 4
29425,160, 0
29426,179, 7
29427,135, 0
29428,92, 1
29429,39, 0
29430,4, 25
29431,0, 163
29432,0, 189
29433,41, 95
29434,104, 83
29435,144, 42
29436,139, 0
29437,121, 0
29438,119, 0
29439,95, 0
29440,89, 54
29441,77, 113
29442,73, 9
29443,80, 0
29444,107, 0
29445,127, 0
29446,155, 0
29447,164, 0
29448,179, 0
29449,204, 0
29450,216, 0
29451,182, 0
29452,110, 0
29453,51, 0
29454,36, 0
29455,70, 0
29456,85, 0
29457,95, 0
29458,97, 0
29459,102, 0
29460,89, 0
29461,70, 0
29462,80, 0
29463,106, 0
29464,126, 0
29465,192, 0
29466,226, 0
29467,240, 0
29468,236, 0
29469,196, 0
29470,207, 0
29471,208, 0
29472,204, 0
29473,183, 0
29474,165, 4
29475,143, 3
29476,142, 0
29477,151, 0
29478,152, 0
29479,148, 0
29480,147, 0
29481,144, 0
29482,158, 0
29483,148, 31
29484,129, 61
29485,115, 4
29486,89, 10
29487,64, 152
29488,45, 326
29489,37, 444
29490,37, 402
29491,57, 129
29492,107, 6
29493,188, 0
29494,203, 0
29495,199, 0
29496,185, 0
29497,176, 0
29498,201, 0
29499,203, 0
29500,176, 0
29501,139, 0
29502,86, 0
29503,83, 0
29504,121, 0
29505,196, 0
29506,189, 0
29507,170, 0
29508,132, 0
29509,95, 0
29510,83, 0
29511,113, 0
29512,133, 0
29513,132, 0
29514,112, 6
29515,67, 44
29516,28, 246
29517,29, 398
29518,11, 263
29519,30, 93
29520,63, 64
29521,83, 198
29522,83, 216
29523,94, 38
29524,133, 0
29525,185, 0
29526,235, 0
29527,236, 0
29528,204, 0
29529,158, 0
29530,104, 96
29531,93, 268
29532,94, 283
29533,85, 183
29534,81, 83
29535,90, 24
29536,122, 0
29537,139, 0
29538,157, 0
29539,152, 0
29540,135, 0
29541,123, 0
29542,124, 4
29543,111, 5
29544,90, 26
29545,129, 91
29546,125, 165
29547,136, 107
29548,120, 36
29549,125, 0
29550,115, 0
29551,111, 0
29552,118, 0
29553,134, 0
29554,152, 0
29555,171, 0
29556,163, 0
29557,156, 0
29558,151, 0
29559,140, 0
29560,130, 9
29561,118, 87
29562,118, 70
29563,108, 106
29564,106, 70
29565,95, 0
29566,94, 0
29567,77, 0
29568,67, 0
29569,78, 0
29570,93, 0
29571,115, 0
29572,144, 0
29573,164, 0
29574,177, 0
29575,181, 0
29576,177, 0
29577,175, 0
29578,164, 0
29579,148, 0
29580,138, 0
29581,138, 0
29582,164, 0
29583,189, 0
29584,188, 0
29585,169, 0
29586,152, 0
29587,139, 0
29588,122, 0
29589,123, 0
29590,129, 0
29591,139, 0
29592,132, 0
29593,108, 0
29594,86, 0
29595,80, 43
29596,95, 87
29597,105, 61
29598,126, 0
29599,133, 0
29600,134, 0
29601,121, 15
29602,110, 9
29603,124, 0
29604,125, 0
29605,150, 0
29606,151, 0
29607,132, 0
29608,127, 0
29609,121, 0
29610,133, 0
29611,152, 3
29612,171, 0
29613,165, 0
29614,150, 0
29615,130, 0
29616,139, 0
29617,143, 0
29618,171, 0
29619,196, 0
29620,198, 0
29621,204, 0
29622,192, 0
29623,183, 0
29624,180, 0
29625,183, 0
29626,200, 3
29627,217, 0
29628,216, 1
29629,217, 35
29630,214, 0
29631,199, 0
29632,183, 0
29633,159, 0
29634,144, 0
29635,173, 0
29636,183, 0
29637,199, 0
29638,213, 0
29639,216, 0
29640,192, 0
29641,141, 0
29642,90, 0
29643,57, 0
29644,56, 0
29645,70, 0
29646,68, 0
29647,67, 0
29648,70, 0
29649,85, 0
29650,91, 0
29651,73, 0
29652,46, 0
29653,27, 0
29654,37, 0
29655,55, 0
29656,102, 0
29657,140, 0
29658,152, 0
29659,145, 0
29660,127, 0
29661,108, 107
29662,94, 232
29663,69, 95
29664,36, 0
29665,7, 0
29666,0, 0
29667,2, 0
29668,27, 0
29669,68, 0
29670,88, 0
29671,95, 1
29672,94, 70
29673,90, 39
29674,83, 46
29675,106, 53
29676,132, 11
29677,151, 0
29678,158, 23
29679,160, 116
29680,160, 132
29681,154, 22
29682,140, 0
29683,144, 0
29684,156, 0
29685,163, 0
29686,157, 0
29687,157, 0
29688,140, 0
29689,156, 0
29690,154, 0
29691,173, 0
29692,176, 0
29693,172, 0
29694,139, 0
29695,107, 0
29696,99, 0
29697,100, 0
29698,118, 0
29699,127, 12
29700,154, 0
29701,183, 0
29702,210, 0
29703,223, 0
29704,204, 0
29705,170, 0
29706,133, 0
29707,115, 0
29708,127, 0
29709,145, 0
29710,152, 0
29711,145, 0
29712,112, 0
29713,105, 0
29714,92, 0
29715,88, 0
29716,92, 0
29717,102, 0
29718,120, 0
29719,124, 0
29720,126, 0
29721,136, 0
29722,148, 0
29723,151, 0
29724,168, 3
29725,179, 3
29726,186, 0
29727,183, 0
29728,148, 8
29729,116, 62
29730,100, 87
29731,103, 13
29732,121, 32
29733,133, 31
29734,121, 12
29735,89, 0
29736,92, 0
29737,100, 0
29738,120, 0
29739,135, 0
29740,150, 0
29741,129, 0
29742,134, 0
29743,133, 0
29744,140, 0
29745,153, 0
29746,153, 0
29747,150, 0
29748,164, 0
29749,158, 0
29750,128, 0
29751,105, 0
29752,105, 0
29753,106, 0
29754,123, 0
29755,133, 0
29756,119, 0
29757,113, 0
29758,118, 0
29759,144, 0
29760,142, 0
29761,176, 0
29762,207, 0
29763,207, 0
29764,196, 0
29765,158, 0
29766,131, 0
29767,89, 0
29768,43, 0
29769,6, 0
29770,0, 0
29771,2, 0
29772,28, 0
29773,76, 0
29774,129, 7
29775,157, 0
29776,180, 0
29777,186, 0
29778,170, 0
29779,152, 0
29780,137, 0
29781,116, 0
29782,99, 0
29783,81, 0
29784,55, 0
29785,67, 38
29786,54, 136
29787,68, 253
29788,78, 251
29789,117, 171
29790,135, 69
29791,156, 43
29792,164, 38
29793,127, 44
29794,111, 11
29795,94, 9
29796,91, 0
29797,83, 0
29798,70, 3
29799,67, 0
29800,77, 0
29801,112, 0
29802,144, 0
29803,161, 0
29804,171, 0
29805,180, 0
29806,197, 0
29807,202, 0
29808,196, 0
29809,190, 0
29810,201, 0
29811,207, 0
29812,211, 0
29813,220, 0
29814,226, 0
29815,214, 0
29816,210, 0
29817,197, 2
29818,190, 0
29819,197, 99
29820,191, 246
29821,184, 223
29822,174, 117
29823,156, 34
29824,148, 4
29825,148, 5
29826,142, 6
29827,150, 12
29828,140, 0
29829,147, 0
29830,139, 0
29831,121, 0
29832,102, 0
29833,104, 0
29834,123, 0
29835,151, 0
29836,171, 0
29837,176, 0
29838,164, 0
29839,150, 0
29840,122, 0
29841,107, 0
29842,115, 0
29843,112, 0
29844,92, 0
29845,77, 0
29846,106, 0
29847,86, 0
29848,84, 0
29849,85, 0
29850,84, 0
29851,83, 1
29852,78, 0
29853,83, 0
29854,94, 0
29855,115, 25
29856,133, 0
29857,150, 0
29858,156, 0
29859,152, 0
29860,113, 0
29861,61, 0
29862,23, 0
29863,19, 0
29864,44, 0
29865,72, 0
29866,92, 0
29867,95, 0
29868,94, 0
29869,102, 0
29870,107, 0
29871,116, 0
29872,115, 0
29873,106, 0
29874,112, 0
29875,116, 0
29876,135, 0
29877,148, 0
29878,134, 0
29879,136, 0
29880,140, 0
29881,174, 0
29882,193, 0
29883,212, 0
29884,214, 0
29885,208, 0
29886,192, 0
29887,156, 0
29888,136, 0
29889,122, 0
29890,118, 0
29891,129, 0
29892,130, 0
29893,133, 0
29894,143, 0
29895,152, 0
29896,159, 0
29897,159, 0
29898,151, 0
29899,139, 0
29900,126, 0
29901,108, 0
29902,122, 0
29903,107, 0
29904,117, 3
29905,119, 0
29906,130, 0
29907,138, 0
29908,145, 0
29909,147, 0
29910,150, 0
29911,150, 0
29912,158, 6
29913,158, 15
29914,161, 67
29915,158, 155
29916,158, 139
29917,166, 177
29918,169, 117
29919,158, 9
29920,130, 0
29921,116, 0
29922,83, 0
29923,83, 0
29924,85, 0
29925,96, 0
29926,108, 0
29927,110, 0
29928,138, 0
29929,119, 0
29930,107, 0
29931,110, 0
29932,122, 0
29933,138, 0
29934,156, 0
29935,158, 0
29936,153, 0
29937,142, 0
29938,144, 0
29939,156, 0
29940,171, 0
29941,199, 0
29942,174, 0
29943,156, 0
29944,141, 0
29945,112, 0
29946,105, 0
29947,125, 0
29948,139, 0
29949,145, 0
29950,166, 0
29951,159, 0
29952,157, 0
29953,154, 0
29954,161, 0
29955,160, 0
29956,156, 3
29957,145, 109
29958,139, 286
29959,121, 265
29960,87, 40
29961,97, 0
29962,97, 0
29963,92, 0
29964,79, 0
29965,74, 0
29966,65, 0
29967,81, 0
29968,116, 0
29969,138, 0
29970,136, 0
29971,119, 0
29972,115, 0
29973,120, 6
29974,140, 14
29975,152, 19
29976,140, 19
29977,115, 2
29978,88, 0
29979,92, 0
29980,111, 0
29981,125, 0
29982,139, 0
29983,147, 0
29984,147, 0
29985,145, 0
29986,128, 0
29987,92, 6
29988,68, 28
29989,73, 19
29990,73, 70
29991,94, 141
29992,111, 208
29993,139, 268
29994,143, 278
29995,170, 260
29996,173, 282
29997,189, 74
29998,176, 0
29999,158, 0
30000,138, 0
30001,122, 0
30002,111, 0
30003,108, 0
30004,115, 0
30005,116, 0
30006,128, 0
30007,133, 0
30008,148, 0
30009,171, 0
30010,166, 0
30011,164, 0
30012,160, 5
30013,176, 0
30014,151, 0
30015,166, 0
30016,160, 0
30017,166, 0
30018,164, 0
30019,176, 0
30020,183, 0
30021,163, 0
30022,139, 0
30023,128, 0
30024,111, 0
30025,112, 0
30026,129, 0
30027,135, 0
30028,148, 0
30029,145, 25
30030,145, 11
30031,150, 0
30032,152, 0
30033,140, 0
30034,121, 0
30035,88, 0
30036,83, 0
30037,60, 0
30038,71, 0
30039,75, 12
30040,77, 0
30041,83, 0
30042,79, 0
30043,85, 0
30044,96, 0
30045,101, 0
30046,118, 0
30047,133, 0
30048,115, 0
30049,110, 0
30050,115, 0
30051,101, 0
30052,83, 0
30053,83, 4
30054,71, 0
30055,90, 0
30056,121, 0
30057,135, 0
30058,138, 0
30059,148, 0
30060,139, 0
30061,133, 0
30062,136, 0
30063,142, 0
30064,139, 0
30065,156, 0
30066,159, 0
30067,170, 0
30068,175, 0
30069,183, 0
30070,192, 0
30071,182, 0
30072,189, 0
30073,193, 0
30074,196, 0
30075,198, 0
30076,189, 0
30077,190, 0
30078,187, 0
30079,182, 0
30080,184, 0
30081,165, 0
30082,140, 0
30083,133, 0
30084,123, 0
30085,129, 0
30086,137, 0
30087,143, 0
30088,153, 0
30089,159, 0
30090,158, 0
30091,153, 0
30092,133, 6
30093,117, 64
30094,86, 64
30095,84, 47
30096,83, 37
30097,73, 19
30098,83, 51
30099,95, 19
30100,99, 47
30101,108, 0
30102,128, 0
30103,139, 0
30104,170, 0
30105,190, 0
30106,199, 0
30107,202, 0
30108,182, 0
30109,141, 0
30110,111, 0
30111,102, 0
30112,87, 0
30113,83, 0
30114,71, 0
30115,81, 0
30116,70, 0
30117,79, 0
30118,81, 0
30119,91, 0
30120,128, 0
30121,127, 0
30122,136, 0
30123,140, 0
30124,143, 0
30125,133, 0
30126,130, 0
30127,126, 0
30128,132, 0
30129,145, 0
30130,141, 0
30131,147, 0
30132,152, 0
30133,157, 0
30134,158, 0
30135,144, 0
30136,129, 0
30137,125, 0
30138,121, 0
30139,119, 0
30140,116, 0
30141,111, 0
30142,111, 0
30143,102, 0
30144,97, 0
30145,88, 0
30146,86, 0
30147,97, 0
30148,116, 0
30149,129, 0
30150,145, 0
30151,128, 0
30152,123, 0
30153,112, 0
30154,105, 0
30155,100, 0
30156,91, 0
30157,89, 0
30158,83, 6
30159,81, 6
30160,91, 17
30161,107, 0
30162,130, 0
30163,133, 1
30164,133, 0
30165,138, 0
30166,140, 0
30167,139, 0
30168,154, 0
30169,155, 0
30170,159, 0
30171,152, 0
30172,140, 0
30173,138, 0
30174,133, 0
30175,150, 0
30176,134, 0
30177,136, 0
30178,141, 0
30179,142, 0
30180,151, 0
30181,159, 0
30182,157, 0
30183,158, 0
30184,159, 0
30185,149, 0
30186,139, 0
30187,123, 0
30188,107, 0
30189,117, 0
30190,117, 0
30191,137, 0
30192,143, 0
30193,133, 0
30194,140, 0
30195,121, 0
30196,127, 0
30197,125, 0
30198,127, 0
30199,145, 0
30200,158, 0
30201,156, 0
30202,163, 0
30203,128, 0
30204,126, 0
30205,121, 0
30206,115, 0
30207,112, 0
30208,117, 0
30209,125, 0
30210,124, 0
30211,129, 0
30212,134, 0
30213,139, 0
30214,133, 0
30215,115, 1
30216,99, 23
30217,94, 61
30218,96, 121
30219,103, 70
30220,108, 52
30221,124, 38
30222,138, 63
30223,164, 108
30224,158, 124
30225,154, 24
30226,152, 0
30227,133, 0
30228,128, 0
30229,118, 0
30230,121, 0
30231,126, 0
30232,151, 0
30233,167, 0
30234,167, 0
30235,154, 0
30236,147, 0
30237,138, 0
30238,151, 0
30239,149, 0
30240,147, 0
30241,144, 0
30242,131, 0
30243,133, 0
30244,145, 0
30245,145, 0
30246,144, 0
30247,166, 0
30248,151, 0
30249,150, 0
30250,149, 0
30251,156, 0
30252,151, 0
30253,145, 0
30254,138, 0
30255,132, 0
30256,123, 0
30257,108, 0
30258,118, 0
30259,119, 0
30260,117, 0
30261,116, 0
30262,111, 0
30263,113, 0
30264,107, 0
30265,107, 0
30266,106, 0
30267,106, 0
30268,108, 0
30269,108, 0
30270,110, 0
30271,102, 0
30272,93, 0
30273,93, 0
30274,95, 0
30275,91, 8
30276,95, 0
30277,103, 0
30278,110, 17
30279,116, 1
30280,141, 12
30281,120, 1
30282,127, 3
30283,119, 11
30284,124, 4
30285,115, 17
30286,105, 23
30287,104, 8
30288,115, 0
30289,108, 0
30290,113, 0
30291,118, 0
30292,102, 0
30293,124, 0
30294,127, 0
30295,120, 0
30296,117, 0
30297,84, 0
30298,77, 0
30299,86, 0
30300,113, 0
30301,151, 0
30302,179, 0
30303,185, 0
30304,186, 0
30305,204, 0
30306,207, 0
30307,214, 0
30308,222, 0
30309,229, 0
30310,226, 0
30311,219, 0
30312,238, 0
30313,220, 0
30314,202, 0
30315,196, 0
30316,174, 0
30317,164, 1
30318,158, 0
30319,153, 0
30320,140, 0
30321,127, 0
30322,118, 0
30323,123, 0
30324,102, 0
30325,97, 0
30326,97, 0
30327,92, 0
30328,89, 0
30329,80, 0
30330,78, 0
30331,80, 0
30332,81, 0
30333,81, 0
30334,84, 0
30335,75, 0
30336,95, 0
30337,95, 0
30338,89, 0
30339,84, 0
30340,62, 0
30341,69, 7
30342,84, 0
30343,85, 4
30344,99, 7
30345,128, 0
30346,134, 3
30347,150, 3
30348,163, 0
30349,170, 0
30350,173, 0
30351,157, 0
30352,172, 0
30353,149, 0
30354,167, 0
30355,167, 0
30356,159, 0
30357,158, 0
30358,148, 0
30359,144, 0
30360,150, 0
30361,159, 0
30362,168, 0
30363,181, 0
30364,196, 0
30365,198, 0
30366,196, 0
30367,172, 0
30368,193, 0
30369,196, 0
30370,199, 0
30371,204, 0
30372,183, 0
30373,183, 0
30374,177, 0
30375,182, 0
30376,170, 0
30377,160, 0
30378,143, 0
30379,127, 0
30380,88, 0
30381,68, 0
30382,65, 0
30383,57, 0
30384,59, 0
30385,69, 0
30386,73, 0
30387,78, 0
30388,68, 0
30389,67, 0
30390,70, 0
30391,71, 0
30392,80, 0
30393,75, 0
30394,87, 6
30395,83, 0
30396,76, 0
30397,86, 0
30398,90, 0
30399,92, 0
30400,102, 0
30401,99, 0
30402,104, 0
30403,111, 0
30404,116, 12
30405,121, 0
30406,116, 6
30407,107, 0
30408,109, 0
30409,132, 0
30410,164, 0
30411,197, 0
30412,195, 0
30413,190, 0
30414,145, 0
30415,128, 0
30416,107, 0
30417,83, 0
30418,91, 0
30419,92, 0
30420,95, 0
30421,100, 0
30422,79, 0
30423,109, 0
30424,128, 0
30425,143, 0
30426,149, 0
30427,147, 0
30428,143, 0
30429,132, 0
30430,121, 0
30431,110, 0
30432,89, 0
30433,110, 0
30434,107, 0
30435,112, 0
30436,113, 0
30437,89, 0
30438,108, 0
30439,102, 0
30440,100, 0
30441,96, 0
30442,99, 0
30443,102, 0
30444,115, 0
30445,143, 6
30446,145, 0
30447,145, 0
30448,149, 0
30449,138, 0
30450,137, 0
30451,143, 0
30452,145, 0
30453,156, 0
30454,157, 0
30455,151, 0
30456,155, 0
30457,164, 0
30458,176, 0
30459,181, 0
30460,191, 0
30461,202, 0
30462,193, 5
30463,207, 0
30464,193, 3
30465,186, 1
30466,181, 6
30467,176, 6
30468,164, 0
30469,161, 0
30470,159, 0
30471,163, 0
30472,170, 0
30473,168, 0
30474,169, 0
30475,166, 0
30476,164, 0
30477,159, 0
30478,152, 0
30479,133, 0
30480,108, 0
30481,89, 0
30482,79, 0
30483,88, 0
30484,105, 0
30485,118, 0
30486,118, 0
30487,99, 0
30488,81, 0
30489,51, 0
30490,25, 0
30491,28, 0
30492,20, 0
30493,51, 0
30494,76, 0
30495,101, 0
30496,120, 0
30497,133, 0
30498,139, 0
30499,125, 0
30500,127, 0
30501,128, 0
30502,129, 0
30503,119, 0
30504,133, 0
30505,137, 0
30506,133, 0
30507,124, 0
30508,120, 0
30509,121, 0
30510,95, 0
30511,88, 0
30512,85, 0
30513,85, 0
30514,80, 0
30515,89, 0
30516,108, 0
30517,115, 0
30518,130, 0
30519,136, 0
30520,136, 0
30521,141, 0
30522,144, 0
30523,140, 0
30524,119, 9
30525,137, 0
30526,139, 12
30527,134, 4
30528,122, 0
30529,123, 0
30530,120, 0
30531,131, 0
30532,129, 0
30533,139, 0
30534,140, 0
30535,143, 0
30536,130, 0
30537,130, 0
30538,123, 0
30539,123, 0
30540,128, 0
30541,121, 0
30542,131, 0
30543,134, 0
30544,139, 0
30545,158, 0
30546,165, 0
30547,172, 0
30548,168, 0
30549,170, 0
30550,176, 0
30551,171, 0
30552,164, 0
30553,159, 0
30554,159, 0
30555,168, 0
30556,171, 0
30557,171, 0
30558,160, 0
30559,168, 0
30560,177, 0
30561,176, 7
30562,176, 0
30563,155, 0
30564,136, 0
30565,132, 0
30566,135, 0
30567,144, 4
30568,151, 0
30569,152, 2
30570,155, 0
30571,145, 0
30572,131, 0
30573,130, 0
30574,143, 0
30575,137, 0
30576,134, 0
30577,131, 0
30578,133, 0
30579,130, 0
30580,133, 0
30581,123, 0
30582,123, 6
30583,112, 0
30584,105, 12
30585,115, 17
30586,113, 50
30587,104, 63
30588,121, 13
30589,136, 7
30590,120, 1
30591,123, 9
30592,127, 0
30593,128, 0
30594,119, 0
30595,109, 0
30596,130, 0
30597,83, 0
30598,92, 0
30599,92, 0
30600,95, 0
30601,95, 0
30602,81, 0
30603,87, 0
30604,107, 0
30605,119, 0
30606,143, 0
30607,168, 0
30608,159, 0
30609,158, 0
30610,152, 0
30611,149, 0
30612,147, 0
30613,152, 0
30614,153, 0
30615,172, 0
30616,152, 0
30617,147, 0
30618,159, 0
30619,144, 0
30620,156, 0
30621,150, 0
30622,140, 0
30623,139, 0
30624,150, 0
30625,147, 0
30626,145, 0
30627,139, 0
30628,132, 0
30629,131, 0
30630,121, 0
30631,106, 0
30632,107, 0
30633,97, 0
30634,96, 0
30635,105, 0
30636,113, 0
30637,123, 0
30638,127, 0
30639,128, 0
30640,115, 0
30641,106, 0
30642,110, 0
30643,109, 0
30644,101, 0
30645,106, 0
30646,103, 0
30647,121, 9
30648,102, 0
30649,101, 7
30650,115, 12
30651,115, 0
30652,107, 0
30653,105, 0
30654,109, 0
30655,100, 0
30656,141, 0
30657,130, 0
30658,144, 0
30659,152, 0
30660,150, 0
30661,151, 0
30662,134, 0
30663,124, 0
30664,127, 0
30665,113, 0
30666,140, 0
30667,151, 0
30668,165, 0
30669,182, 0
30670,176, 0
30671,167, 0
30672,159, 0
30673,158, 0
30674,160, 0
30675,168, 0
30676,166, 0
30677,172, 0
30678,182, 0
30679,172, 0
30680,153, 0
30681,142, 0
30682,147, 0
30683,141, 0
30684,139, 0
30685,139, 0
30686,139, 0
30687,133, 0
30688,120, 0
30689,119, 0
30690,108, 0
30691,94, 4
30692,87, 0
30693,72, 0
30694,65, 0
30695,63, 0
30696,68, 0
30697,63, 0
30698,83, 0
30699,88, 0
30700,91, 0
30701,115, 0
30702,112, 0
30703,122, 0
30704,130, 19
30705,138, 0
30706,138, 11
30707,128, 8
30708,105, 0
30709,83, 12
30710,79, 0
30711,76, 0
30712,92, 0
30713,101, 0
30714,108, 0
30715,116, 0
30716,131, 0
30717,140, 0
30718,152, 0
30719,158, 0
30720,174, 0
30721,159, 0
30722,164, 0
30723,136, 0
30724,137, 0
30725,134, 0
30726,139, 0
30727,137, 0
30728,158, 0
30729,161, 0
30730,158, 0
30731,144, 0
30732,137, 0
30733,134, 0
30734,139, 0
30735,145, 0
30736,141, 0
30737,145, 0
30738,160, 0
30739,170, 0
30740,158, 0
30741,154, 0
30742,147, 0
30743,144, 0
30744,132, 0
30745,125, 0
30746,113, 0
30747,107, 0
30748,96, 0
30749,97, 0
30750,105, 0
30751,94, 0
30752,90, 0
30753,89, 0
30754,85, 0
30755,92, 0
30756,105, 0
30757,123, 0
30758,139, 0
30759,168, 0
30760,174, 0
30761,166, 0
30762,149, 0
30763,154, 0
30764,135, 0
30765,108, 0
30766,77, 0
30767,60, 7
30768,52, 0
30769,54, 3
30770,59, 0
30771,91, 9
30772,120, 0
30773,152, 0
30774,170, 0
30775,193, 0
30776,196, 0
30777,215, 0
30778,229, 0
30779,230, 0
30780,229, 0
30781,217, 0
30782,208, 0
30783,200, 0
30784,188, 0
30785,183, 0
30786,165, 0
30787,154, 0
30788,140, 0
30789,149, 0
30790,141, 0
30791,110, 0
30792,74, 0
30793,51, 0
30794,44, 0
30795,42, 0
30796,45, 0
30797,48, 0
30798,59, 0
30799,73, 0
30800,81, 0
30801,90, 0
30802,95, 0
30803,103, 0
30804,100, 0
30805,94, 0
30806,89, 0
30807,87, 0
30808,83, 0
30809,75, 0
30810,72, 0
30811,75, 0
30812,83, 0
30813,81, 0
30814,72, 0
30815,51, 0
30816,35, 0
30817,34, 0
30818,40, 0
30819,54, 0
30820,76, 0
30821,89, 0
30822,108, 0
30823,127, 0
30824,132, 0
30825,139, 0
30826,139, 7
30827,148, 0
30828,138, 0
30829,125, 0
30830,119, 2
30831,123, 3
30832,120, 0
30833,129, 0
30834,135, 0
30835,139, 10
30836,148, 0
30837,164, 0
30838,170, 0
30839,182, 0
30840,163, 0
30841,164, 0
30842,154, 0
30843,167, 0
30844,176, 0
30845,193, 0
30846,167, 0
30847,170, 0
30848,169, 0
30849,176, 0
30850,186, 0
30851,201, 0
30852,206, 0
30853,208, 0
30854,220, 0
30855,220, 0
30856,233, 0
30857,263, 0
30858,238, 0
30859,228, 0
30860,232, 0
30861,220, 0
30862,218, 0
30863,207, 0
30864,197, 0
30865,185, 0
30866,184, 0
30867,191, 0
30868,197, 0
30869,206, 0
30870,189, 0
30871,195, 0
30872,196, 0
30873,222, 0
30874,199, 4
30875,202, 0
30876,200, 0
30877,192, 0
30878,191, 0
30879,186, 0
30880,183, 0
30881,174, 0
30882,153, 0
30883,149, 0
30884,137, 0
30885,145, 0
30886,145, 0
30887,141, 0
30888,124, 0
30889,97, 0
30890,77, 6
30891,53, 0
30892,20, 26
30893,9, 3
30894,6, 15
30895,18, 0
30896,25, 3
30897,20, 0
30898,7, 0
30899,4, 0
30900,20, 0
30901,10, 0
30902,26, 0
30903,21, 0
30904,27, 0
30905,32, 0
30906,28, 0
30907,18, 0
30908,11, 0
30909,6, 0
30910,14, 0
30911,7, 0
30912,19, 0
30913,29, 0
30914,45, 0
30915,57, 0
30916,81, 0
30917,84, 0
30918,95, 0
30919,108, 0
30920,124, 0
30921,135, 0
30922,139, 0
30923,147, 0
30924,150, 0
30925,140, 0
30926,159, 0
30927,148, 0
30928,158, 0
30929,158, 0
30930,161, 0
30931,172, 0
30932,187, 0
30933,211, 0
30934,184, 0
30935,188, 2
30936,183, 0
30937,155, 0
30938,160, 0
30939,168, 0
30940,170, 0
30941,191, 0
30942,187, 0
30943,189, 0
30944,183, 0
30945,193, 0
30946,164, 0
30947,160, 0
30948,148, 0
30949,123, 7
30950,107, 9
30951,107, 1
30952,125, 0
30953,141, 4
30954,156, 12
30955,164, 18
30956,179, 6
30957,189, 9
30958,195, 0
30959,197, 0
30960,198, 0
30961,169, 0
30962,164, 0
30963,152, 0
30964,145, 0
30965,152, 0
30966,142, 0
30967,151, 0
30968,139, 0
30969,132, 0
30970,124, 0
30971,135, 0
30972,126, 0
30973,131, 0
30974,131, 0
30975,128, 0
30976,135, 0
30977,121, 0
30978,113, 0
30979,108, 0
30980,108, 0
30981,131, 0
30982,134, 0
30983,157, 0
30984,173, 0
30985,177, 0
30986,184, 0
30987,185, 0
30988,190, 0
30989,181, 0
30990,181, 0
30991,184, 0
30992,181, 0
30993,173, 0
30994,169, 0
30995,159, 0
30996,152, 0
30997,143, 0
30998,129, 0
30999,119, 0
31000,106, 0
31001,94, 0
31002,87, 0
31003,84, 0
31004,90, 0
31005,93, 0
31006,93, 0
31007,84, 0
31008,76, 0
31009,57, 6
31010,51, 0
31011,55, 0
31012,56, 2
31013,68, 4
31014,71, 0
31015,62, 25
31016,70, 0
31017,72, 0
31018,77, 0
31019,85, 0
31020,84, 0
31021,103, 0
31022,83, 0
31023,68, 0
31024,62, 0
31025,62, 0
31026,94, 0
31027,106, 0
31028,121, 0
31029,134, 0
31030,144, 0
31031,149, 0
31032,157, 0
31033,170, 0
31034,180, 0
31035,183, 0
31036,181, 0
31037,175, 0
31038,165, 0
31039,163, 0
31040,158, 0
31041,156, 0
31042,156, 0
31043,152, 0
31044,158, 0
31045,164, 0
31046,172, 0
31047,161, 0
31048,172, 0
31049,167, 0
31050,170, 0
31051,152, 0
31052,142, 0
31053,130, 0
31054,138, 0
31055,134, 0
31056,131, 0
31057,124, 0
31058,119, 0
31059,97, 0
31060,93, 0
31061,87, 0
31062,76, 0
31063,79, 0
31064,64, 0
31065,74, 0
31066,65, 0
31067,68, 0
31068,86, 0
31069,101, 0
31070,113, 0
31071,132, 0
31072,139, 3
31073,149, 11
31074,151, 2
31075,154, 5
31076,174, 5
31077,160, 3
31078,171, 5
31079,169, 0
31080,152, 0
31081,170, 0
31082,175, 0
31083,183, 0
31084,183, 0
31085,174, 0
31086,174, 0
31087,172, 0
31088,159, 0
31089,152, 0
31090,137, 0
31091,108, 0
31092,95, 0
31093,80, 0
31094,81, 0
31095,95, 0
31096,75, 0
31097,63, 0
31098,47, 0
31099,46, 0
31100,47, 0
31101,51, 0
31102,71, 0
31103,102, 0
31104,109, 0
31105,128, 0
31106,140, 0
31107,129, 0
31108,144, 0
31109,164, 0
31110,165, 0
31111,159, 0
31112,157, 0
31113,159, 0
31114,159, 0
31115,177, 0
31116,199, 0
31117,208, 0
31118,236, 0
31119,244, 0
31120,256, 0
31121,257, 0
31122,266, 0
31123,277, 0
31124,294, 0
31125,291, 0
31126,287, 0
31127,272, 0
31128,251, 0
31129,231, 0
31130,203, 0
31131,182, 7
31132,155, 0
31133,116, 0
31134,92, 14
31135,68, 9
31136,67, 0
31137,62, 7
31138,44, 0
31139,38, 7
31140,37, 6
31141,39, 0
31142,36, 0
31143,43, 0
31144,60, 0
31145,76, 0
31146,81, 0
31147,77, 0
31148,79, 0
31149,88, 0
31150,102, 0
31151,106, 0
31152,108, 0
31153,106, 0
31154,107, 0
31155,97, 0
31156,93, 0
31157,93, 0
31158,81, 0
31159,78, 0
31160,63, 0
31161,42, 0
31162,15, 0
31163,7, 0
31164,6, 0
31165,6, 0
31166,8, 0
31167,1, 0
31168,0, 0
31169,0, 0
31170,0, 0
31171,0, 1
31172,2, 0
31173,38, 0
31174,91, 0
31175,152, 0
31176,207, 0
31177,235, 0
31178,259, 0
31179,273, 0
31180,275, 0
31181,274, 0
31182,282, 0
31183,283, 0
31184,326, 0
31185,312, 0
31186,300, 0
31187,276, 0
31188,223, 0
31189,193, 0
31190,169, 0
31191,138, 0
31192,112, 0
31193,94, 0
31194,107, 0
31195,116, 0
31196,108, 0
31197,111, 4
31198,102, 1
31199,96, 0
31200,73, 21
31201,51, 1
31202,19, 0
31203,4, 7
31204,0, 0
31205,0, 0
31206,0, 0
31207,6, 0
31208,15, 0
31209,30, 0
31210,32, 0
31211,31, 0
31212,31, 0
31213,50, 0
31214,62, 0
31215,100, 0
31216,134, 0
31217,159, 0
31218,183, 0
31219,188, 0
31220,185, 0
31221,198, 0
31222,207, 0
31223,234, 0
31224,260, 0
31225,272, 0
31226,280, 0
31227,300, 0
31228,300, 0
31229,300, 0
31230,266, 0
31231,264, 0
31232,242, 0
31233,229, 0
31234,221, 0
31235,191, 0
31236,183, 0
31237,151, 0
31238,108, 0
31239,68, 0
31240,29, 0
31241,0, 0
31242,0, 0
31243,2, 0
31244,0, 0
31245,0, 0
31246,13, 0
31247,45, 0
31248,74, 0
31249,75, 0
31250,89, 0
31251,115, 0
31252,145, 0
31253,180, 0
31254,208, 0
31255,232, 0
31256,245, 6
31257,244, 0
31258,248, 0
31259,230, 12
31260,221, 2
31261,220, 0
31262,202, 0
31263,169, 0
31264,149, 0
31265,123, 0
31266,127, 0
31267,142, 0
31268,133, 0
31269,136, 0
31270,127, 0
31271,156, 0
31272,132, 0
31273,120, 0
31274,107, 0
31275,101, 0
31276,85, 0
31277,118, 0
31278,130, 0
31279,145, 0
31280,154, 0
31281,145, 0
31282,152, 0
31283,145, 0
31284,145, 0
31285,159, 0
31286,165, 0
31287,183, 0
31288,189, 0
31289,196, 0
31290,206, 0
31291,191, 0
31292,192, 0
31293,192, 1
31294,186, 0
31295,183, 0
31296,174, 0
31297,173, 0
31298,173, 0
31299,158, 0
31300,163, 0
31301,148, 0
31302,136, 0
31303,121, 0
31304,111, 0
31305,110, 0
31306,108, 1
31307,112, 0
31308,85, 0
31309,64, 0
31310,60, 0
31311,62, 0
31312,61, 0
31313,76, 0
31314,78, 6
31315,76, 0
31316,80, 0
31317,72, 15
31318,77, 2
31319,77, 6
31320,76, 8
31321,81, 0
31322,86, 1
31323,103, 0
31324,125, 0
31325,128, 0
31326,132, 0
31327,134, 0
31328,138, 0
31329,144, 0
31330,145, 0
31331,160, 0
31332,154, 0
31333,136, 0
31334,145, 0
31335,145, 0
31336,133, 0
31337,151, 0
31338,143, 0
31339,156, 0
31340,165, 1
31341,177, 0
31342,176, 0
31343,183, 0
31344,187, 0
31345,196, 0
31346,203, 0
31347,207, 0
31348,206, 0
31349,195, 0
31350,215, 0
31351,196, 0
31352,215, 0
31353,214, 0
31354,208, 0
31355,191, 0
31356,189, 0
31357,166, 0
31358,157, 0
31359,136, 0
31360,115, 0
31361,103, 0
31362,83, 0
31363,50, 0
31364,8, 0
31365,12, 0
31366,62, 0
31367,80, 0
31368,80, 0
31369,71, 0
31370,51, 0
31371,27, 0
31372,5, 0
31373,1, 0
31374,29, 0
31375,63, 0
31376,90, 0
31377,108, 0
31378,97, 0
31379,107, 0
31380,102, 0
31381,100, 25
31382,99, 0
31383,92, 2
31384,84, 0
31385,92, 0
31386,106, 6
31387,136, 0
31388,150, 0
31389,172, 0
31390,172, 0
31391,182, 0
31392,197, 0
31393,214, 0
31394,207, 0
31395,228, 0
31396,260, 0
31397,271, 0
31398,281, 0
31399,283, 0
31400,276, 0
31401,242, 0
31402,205, 0
31403,159, 0
31404,144, 0
31405,135, 0
31406,152, 0
31407,133, 0
31408,117, 0
31409,93, 0
31410,67, 0
31411,42, 0
31412,22, 0
31413,22, 0
31414,32, 0
31415,44, 0
31416,83, 0
31417,125, 0
31418,176, 0
31419,223, 0
31420,258, 0
31421,274, 0
31422,278, 0
31423,260, 0
31424,244, 0
31425,213, 0
31426,184, 0
31427,152, 0
31428,111, 0
31429,76, 0
31430,69, 0
31431,71, 0
31432,67, 0
31433,57, 0
31434,41, 0
31435,29, 0
31436,13, 0
31437,0, 0
31438,0, 0
31439,21, 6
31440,29, 0
31441,19, 0
31442,0, 27
31443,19, 0
31444,57, 0
31445,83, 0
31446,88, 0
31447,102, 0
31448,120, 0
31449,139, 0
31450,170, 0
31451,172, 0
31452,174, 0
31453,187, 0
31454,186, 0
31455,167, 0
31456,143, 0
31457,130, 0
31458,141, 0
31459,182, 0
31460,192, 0
31461,217, 0
31462,227, 0
31463,236, 0
31464,238, 0
31465,255, 0
31466,263, 0
31467,273, 0
31468,312, 0
31469,333, 0
31470,337, 0
31471,346, 0
31472,351, 0
31473,330, 0
31474,318, 0
31475,295, 0
31476,263, 0
31477,244, 0
31478,247, 0
31479,240, 0
31480,235, 0
31481,227, 0
31482,207, 0
31483,191, 0
31484,155, 0
31485,119, 0
31486,95, 0
31487,73, 0
31488,31, 0
31489,4, 0
31490,0, 0
31491,0, 0
31492,0, 6
31493,0, 0
31494,15, 0
31495,28, 0
31496,59, 0
31497,92, 2
31498,124, 0
31499,149, 5
31500,165, 0
31501,181, 0
31502,183, 1
31503,174, 10
31504,148, 5
31505,121, 0
31506,103, 0
31507,86, 0
31508,57, 0
31509,22, 0
31510,2, 0
31511,4, 0
31512,0, 0
31513,0, 0
31514,0, 0
31515,4, 0
31516,0, 0
31517,0, 0
31518,0, 0
31519,0, 0
31520,6, 0
31521,0, 0
31522,9, 0
31523,28, 0
31524,41, 0
31525,72, 0
31526,99, 0
31527,121, 0
31528,144, 0
31529,166, 0
31530,183, 0
31531,199, 0
31532,226, 0
31533,264, 0
31534,316, 0
31535,376, 0
31536,418, 0
31537,453, 0
31538,494, 0
31539,515, 0
31540,517, 0
31541,505, 0
31542,477, 0
31543,469, 0
31544,438, 0
31545,414, 0
31546,372, 0
31547,318, 0
31548,253, 0
31549,185, 0
31550,113, 0
31551,43, 0
31552,10, 0
31553,97, 6
31554,220, 0
31555,345, 0
31556,432, 0
31557,475, 0
31558,452, 0
31559,385, 6
31560,306, 0
31561,230, 12
31562,161, 0
31563,101, 5
31564,71, 34
31565,12, 1
31566,0, 8
31567,1, 0
31568,18, 0
31569,50, 0
31570,57, 0
31571,103, 0
31572,152, 0
31573,201, 0
31574,248, 0
31575,272, 0
31576,300, 0
31577,309, 0
31578,323, 0
31579,326, 0
31580,324, 0
31581,326, 0
31582,318, 0
31583,297, 0
31584,285, 0
31585,286, 0
31586,286, 0
31587,267, 0
31588,266, 0
31589,217, 0
31590,164, 0
31591,110, 0
31592,63, 0
31593,64, 0
31594,104, 0
31595,154, 0
31596,216, 0
31597,266, 0
31598,302, 0
31599,347, 0
31600,395, 0
31601,445, 0
31602,483, 0
31603,497, 0
31604,481, 0
31605,461, 0
31606,413, 0
31607,379, 0
31608,317, 0
31609,257, 0
31610,186, 0
31611,105, 0
31612,23, 0
31613,26, 0
31614,145, 0
31615,224, 0
31616,294, 0
31617,344, 0
31618,352, 0
31619,326, 0
31620,280, 0
31621,233, 0
31622,179, 0
31623,132, 0
31624,85, 0
31625,57, 2
31626,1, 0
31627,12, 0
31628,74, 0
31629,102, 0
31630,153, 0
31631,183, 0
31632,191, 0
31633,230, 0
31634,246, 0
31635,282, 0
31636,306, 0
31637,313, 0
31638,337, 0
31639,310, 0
31640,285, 0
31641,293, 0
31642,296, 0
31643,314, 0
31644,322, 0
31645,338, 0
31646,302, 0
31647,276, 0
31648,238, 0
31649,183, 0
31650,134, 0
31651,89, 0
31652,57, 0
31653,45, 0
31654,73, 0
31655,104, 0
31656,144, 0
31657,152, 0
31658,171, 0
31659,187, 0
31660,193, 0
31661,199, 0
31662,208, 0
31663,210, 0
31664,202, 0
31665,204, 0
31666,210, 0
31667,242, 0
31668,263, 0
31669,276, 0
31670,237, 0
31671,221, 0
31672,182, 0
31673,121, 0
31674,52, 0
31675,8, 0
31676,0, 0
31677,25, 0
31678,26, 0
31679,10, 0
31680,0, 0
31681,19, 4
31682,34, 0
31683,25, 3
31684,6, 0
31685,0, 5
31686,1, 4
31687,19, 6
31688,34, 0
31689,58, 0
31690,115, 0
31691,159, 0
31692,202, 0
31693,215, 0
31694,220, 0
31695,213, 0
31696,220, 0
31697,236, 0
31698,256, 0
31699,269, 0
31700,258, 0
31701,246, 0
31702,238, 0
31703,206, 0
31704,202, 0
31705,202, 0
31706,221, 0
31707,245, 0
31708,255, 0
31709,246, 0
31710,196, 0
31711,132, 0
31712,61, 0
31713,2, 0
31714,0, 0
31715,36, 0
31716,103, 3
31717,157, 0
31718,202, 0
31719,198, 0
31720,181, 0
31721,152, 0
31722,150, 0
31723,133, 0
31724,132, 0
31725,135, 0
31726,153, 0
31727,168, 0
31728,169, 0
31729,158, 0
31730,143, 0
31731,139, 0
31732,153, 0
31733,173, 0
31734,161, 0
31735,139, 0
31736,103, 0
31737,63, 0
31738,45, 0
31739,89, 0
31740,100, 0
31741,116, 0
31742,108, 0
31743,75, 1
31744,12, 1
31745,35, 0
31746,109, 2
31747,138, 23
31748,125, 1
31749,93, 1
31750,40, 15
31751,1, 0
31752,39, 0
31753,67, 0
31754,95, 0
31755,115, 0
31756,140, 0
31757,189, 0
31758,186, 0
31759,172, 0
31760,158, 0
31761,136, 0
31762,159, 0
31763,175, 0
31764,181, 0
31765,176, 0
31766,192, 0
31767,159, 0
31768,150, 0
31769,127, 0
31770,103, 0
31771,97, 0
31772,116, 0
31773,136, 0
31774,165, 0
31775,206, 0
31776,232, 0
31777,232, 0
31778,239, 0
31779,223, 0
31780,211, 0
31781,193, 0
31782,183, 0
31783,164, 0
31784,134, 0
31785,116, 0
31786,100, 0
31787,111, 0
31788,144, 0
31789,182, 0
31790,189, 0
31791,179, 0
31792,149, 0
31793,99, 0
31794,59, 0
31795,41, 0
31796,53, 0
31797,90, 0
31798,118, 0
31799,140, 0
31800,163, 0
31801,171, 0
31802,171, 0
31803,169, 0
31804,161, 0
31805,148, 0
31806,131, 5
31807,109, 5
31808,96, 0
31809,115, 7
31810,139, 0
31811,167, 0
31812,176, 0
31813,165, 0
31814,153, 0
31815,139, 0
31816,154, 0
31817,127, 0
31818,116, 0
31819,109, 0
31820,111, 0
31821,133, 0
31822,115, 0
31823,95, 0
31824,61, 0
31825,36, 0
31826,30, 0
31827,46, 0
31828,72, 0
31829,102, 0
31830,129, 0
31831,152, 0
31832,158, 0
31833,187, 0
31834,191, 0
31835,188, 1
31836,192, 0
31837,188, 0
31838,170, 0
31839,163, 0
31840,145, 0
31841,170, 2
31842,187, 0
31843,187, 0
31844,176, 0
31845,140, 0
31846,117, 0
31847,92, 0
31848,93, 0
31849,117, 0
31850,134, 0
31851,142, 0
31852,152, 0
31853,148, 0
31854,145, 0
31855,171, 0
31856,196, 0
31857,213, 0
31858,201, 0
31859,174, 0
31860,156, 0
31861,139, 0
31862,117, 0
31863,118, 0
31864,122, 0
31865,126, 0
31866,134, 6
31867,112, 0
31868,111, 6
31869,108, 7
31870,108, 0
31871,85, 0
31872,67, 0
31873,76, 0
31874,92, 0
31875,113, 0
31876,100, 0
31877,111, 0
31878,115, 0
31879,118, 0
31880,108, 0
31881,115, 0
31882,104, 0
31883,97, 0
31884,99, 0
31885,102, 0
31886,121, 0
31887,145, 0
31888,155, 0
31889,144, 0
31890,145, 0
31891,154, 0
31892,152, 0
31893,145, 0
31894,138, 0
31895,121, 0
31896,129, 2
31897,130, 0
31898,127, 0
31899,147, 0
31900,145, 0
31901,136, 0
31902,144, 0
31903,184, 0
31904,214, 0
31905,256, 0
31906,304, 0
31907,338, 0
31908,329, 0
31909,319, 0
31910,297, 0
31911,282, 0
31912,251, 0
31913,234, 0
31914,233, 0
31915,223, 0
31916,214, 0
31917,169, 0
31918,99, 0
31919,15, 7
31920,30, 0
31921,78, 0
31922,63, 0
31923,23, 0
31924,1, 0
31925,26, 0
31926,85, 0
31927,137, 0
31928,175, 0
31929,183, 0
31930,192, 0
31931,208, 0
31932,221, 0
31933,190, 0
31934,135, 0
31935,76, 0
31936,31, 0
31937,4, 0
31938,0, 0
31939,17, 0
31940,52, 0
31941,72, 0
31942,62, 0
31943,53, 0
31944,70, 0
31945,95, 0
31946,144, 0
31947,196, 0
31948,227, 0
31949,295, 0
31950,317, 0
31951,285, 0
31952,241, 0
31953,173, 0
31954,128, 0
31955,108, 0
31956,102, 0
31957,96, 0
31958,133, 0
31959,147, 0
31960,80, 0
31961,12, 0
31962,0, 0
31963,0, 0
31964,12, 0
31965,41, 0
31966,53, 0
31967,54, 0
31968,63, 0
31969,83, 0
31970,113, 0
31971,135, 0
31972,174, 0
31973,189, 0
31974,195, 0
31975,190, 0
31976,203, 0
31977,216, 0
31978,244, 0
31979,269, 0
31980,292, 0
31981,291, 0
31982,252, 0
31983,127, 0
31984,17, 0
31985,67, 0
31986,167, 0
31987,245, 0
31988,278, 4
31989,280, 20
31990,244, 0
31991,202, 1
31992,155, 40
31993,75, 7
31994,20, 0
31995,127, 0
31996,228, 0
31997,290, 0
31998,316, 0
31999,348, 0
32000,356, 0
32001,347, 0
32002,314, 0
32003,276, 0
32004,210, 0
32005,148, 0
32006,95, 0
32007,38, 0
32008,26, 0
32009,62, 0
32010,110, 0
32011,139, 0
32012,160, 0
32013,195, 0
32014,238, 0
32015,264, 0
32016,298, 0
32017,270, 0
32018,236, 0
32019,216, 0
32020,217, 0
32021,230, 0
32022,217, 0
32023,186, 0
32024,157, 0
32025,132, 0
32026,112, 0
32027,106, 0
32028,115, 0
32029,112, 0
32030,90, 0
32031,34, 0
32032,1, 0
32033,4, 0
32034,6, 0
32035,11, 0
32036,69, 0
32037,117, 0
32038,139, 0
32039,147, 0
32040,140, 0
32041,139, 0
32042,144, 0
32043,164, 0
32044,206, 0
32045,251, 0
32046,285, 0
32047,274, 0
32048,263, 0
32049,283, 0
32050,340, 0
32051,399, 0
32052,439, 3
32053,461, 10
32054,476, 0
32055,513, 0
32056,513, 0
32057,513, 0
32058,484, 0
32059,437, 0
32060,326, 0
32061,226, 0
32062,133, 0
32063,43, 0
32064,9, 0
32065,55, 0
32066,102, 0
32067,121, 0
32068,151, 0
32069,144, 0
32070,139, 0
32071,156, 0
32072,144, 0
32073,176, 0
32074,216, 0
32075,226, 0
32076,170, 0
32077,77, 0
32078,18, 0
32079,0, 0
32080,21, 0
32081,74, 0
32082,139, 0
32083,203, 0
32084,262, 0
32085,321, 0
32086,357, 0
32087,330, 0
32088,247, 0
32089,157, 0
32090,112, 0
32091,92, 0
32092,94, 0
32093,96, 0
32094,81, 0
32095,87, 0
32096,137, 0
32097,215, 0
32098,249, 0
32099,254, 0
32100,281, 0
32101,326, 0
32102,391, 0
32103,430, 0
32104,391, 0
32105,301, 0
32106,217, 0
32107,171, 0
32108,170, 0
32109,187, 0
32110,207, 6
32111,223, 0
32112,226, 1
32113,187, 10
32114,133, 3
32115,87, 0
32116,52, 0
32117,21, 0
32118,0, 0
32119,0, 0
32120,5, 0
32121,51, 0
32122,119, 0
32123,168, 0
32124,187, 0
32125,190, 0
32126,187, 0
32127,186, 0
32128,183, 0
32129,193, 0
32130,199, 0
32131,244, 0
32132,291, 0
32133,341, 0
32134,387, 0
32135,413, 0
32136,396, 0
32137,344, 0
32138,259, 0
32139,145, 0
32140,57, 0
32141,15, 0
32142,31, 0
32143,58, 2
32144,77, 0
32145,38, 0
32146,10, 0
32147,88, 0
32148,176, 0
32149,231, 0
32150,258, 0
32151,259, 0
32152,217, 0
32153,139, 0
32154,50, 0
32155,1, 0
32156,34, 0
32157,77, 0
32158,174, 0
32159,300, 0
32160,414, 0
32161,464, 0
32162,442, 0
32163,375, 0
32164,283, 0
32165,182, 0
32166,134, 0
32167,89, 0
32168,54, 0
32169,8, 13
32170,3, 0
32171,42, 2
32172,76, 1
32173,81, 0
32174,40, 29
32175,15, 6
32176,122, 1
32177,243, 0
32178,341, 0
32179,419, 0
32180,494, 0
32181,540, 0
32182,527, 0
32183,454, 0
32184,379, 0
32185,314, 0
32186,243, 0
32187,196, 0
32188,109, 0
32189,19, 0
32190,38, 0
32191,115, 0
32192,196, 0
32193,255, 0
32194,257, 0
32195,206, 0
32196,123, 0
32197,71, 0
32198,36, 0
32199,28, 0
32200,71, 0
32201,78, 0
32202,31, 0
32203,12, 0
32204,97, 0
32205,166, 0
32206,192, 0
32207,174, 0
32208,192, 0
32209,213, 0
32210,221, 0
32211,177, 0
32212,79, 0
32213,6, 0
32214,61, 0
32215,94, 0
32216,60, 0
32217,8, 0
32218,118, 0
32219,251, 0
32220,371, 0
32221,485, 0
32222,580, 0
32223,662, 0
32224,739, 0
32225,813, 0
32226,861, 0
32227,853, 0
32228,788, 0
32229,725, 0
32230,659, 0
32231,589, 0
32232,460, 3
32233,262, 0
32234,63, 7
32235,99, 4
32236,276, 6
32237,393, 6
32238,431, 0
32239,447, 0
32240,460, 0
32241,430, 0
32242,355, 0
32243,286, 0
32244,172, 0
32245,91, 0
32246,28, 0
32247,5, 0
32248,70, 0
32249,158, 0
32250,280, 0
32251,452, 0
32252,601, 0
32253,728, 0
32254,822, 0
32255,835, 0
32256,794, 0
32257,700, 0
32258,536, 0
32259,367, 0
32260,213, 0
32261,60, 0
32262,65, 0
32263,290, 0
32264,513, 0
32265,608, 0
32266,543, 0
32267,353, 0
32268,150, 0
32269,23, 0
32270,126, 0
32271,218, 0
32272,296, 0
32273,329, 0
32274,300, 0
32275,230, 0
32276,132, 0
32277,31, 0
32278,8, 0
32279,57, 0
32280,75, 0
32281,105, 0
32282,165, 0
32283,210, 0
32284,196, 0
32285,129, 0
32286,27, 0
32287,27, 0
32288,22, 0
32289,1, 0
32290,0, 0
32291,5, 0
32292,31, 0
32293,44, 3
32294,50, 0
32295,91, 6
32296,120, 0
32297,130, 0
32298,129, 0
32299,176, 0
32300,245, 0
32301,323, 0
32302,347, 0
32303,355, 0
32304,388, 0
32305,438, 0
32306,502, 0
32307,558, 0
32308,596, 0
32309,654, 0
32310,707, 4
32311,736, 0
32312,721, 0
32313,708, 0
32314,691, 0
32315,660, 0
32316,613, 0
32317,540, 0
32318,445, 0
32319,323, 0
32320,89, 0
32321,40, 0
32322,143, 0
32323,183, 0
32324,191, 0
32325,188, 0
32326,164, 0
32327,116, 0
32328,27, 0
32329,24, 0
32330,92, 0
32331,156, 0
32332,231, 0
32333,271, 0
32334,263, 0
32335,220, 0
32336,133, 0
32337,46, 0
32338,11, 0
32339,52, 4
32340,102, 0
32341,172, 0
32342,273, 0
32343,360, 0
32344,398, 0
32345,361, 8
32346,267, 0
32347,139, 0
32348,43, 0
32349,0, 0
32350,23, 0
32351,78, 9
32352,127, 0
32353,148, 0
32354,167, 0
32355,204, 9
32356,273, 3
32357,337, 7
32358,352, 0
32359,351, 0
32360,379, 0
32361,413, 0
32362,438, 0
32363,427, 0
32364,403, 0
32365,314, 0
32366,238, 0
32367,147, 5
32368,60, 0
32369,29, 0
32370,62, 0
32371,101, 0
32372,106, 0
32373,95, 0
32374,84, 0
32375,51, 0
32376,1, 0
32377,12, 0
32378,61, 0
32379,99, 0
32380,86, 0
32381,8, 0
32382,89, 0
32383,176, 0
32384,196, 0
32385,158, 0
32386,117, 0
32387,89, 0
32388,69, 0
32389,48, 0
32390,67, 0
32391,156, 0
32392,253, 0
32393,310, 0
32394,342, 0
32395,371, 0
32396,430, 0
32397,499, 0
32398,546, 0
32399,548, 0
32400,515, 0
32401,465, 0
32402,367, 0
32403,235, 0
32404,143, 0
32405,106, 0
32406,148, 0
32407,233, 0
32408,322, 0
32409,371, 0
32410,373, 0
32411,318, 0
32412,243, 0
32413,133, 6
32414,24, 0
32415,100, 0
32416,271, 0
32417,356, 0
32418,368, 1
32419,312, 3
32420,276, 0
32421,247, 3
32422,189, 0
32423,76, 0
32424,17, 0
32425,149, 0
32426,304, 0
32427,439, 0
32428,501, 0
32429,547, 0
32430,577, 0
32431,628, 0
32432,668, 0
32433,689, 0
32434,716, 0
32435,766, 0
32436,856, 0
32437,985, 0
32438,1053, 0
32439,996, 0
32440,816, 0
32441,527, 0
32442,212, 0
32443,58, 0
32444,191, 0
32445,319, 0
32446,547, 0
32447,785, 0
32448,1047, 0
32449,1239, 0
32450,1357, 0
32451,1328, 0
32452,1231, 0
32453,1054, 0
32454,844, 0
32455,624, 0
32456,406, 0
32457,147, 0
32458,22, 0
32459,115, 0
32460,205, 0
32461,251, 0
32462,289, 0
32463,347, 0
32464,415, 0
32465,480, 0
32466,513, 0
32467,461, 0
32468,359, 0
32469,286, 0
32470,220, 0
32471,186, 0
32472,156, 0
32473,77, 0
32474,31, 0
32475,144, 0
32476,158, 1
32477,54, 0
32478,42, 0
32479,182, 12
32480,282, 6
32481,354, 0
32482,430, 0
32483,519, 0
32484,594, 0
32485,613, 0
32486,613, 0
32487,568, 0
32488,512, 0
32489,457, 0
32490,403, 0
32491,337, 0
32492,244, 0
32493,151, 0
32494,39, 0
32495,0, 0
32496,36, 0
32497,90, 0
32498,139, 0
32499,112, 0
32500,18, 0
32501,91, 0
32502,226, 0
32503,304, 0
32504,369, 0
32505,407, 0
32506,399, 0
32507,399, 0
32508,371, 0
32509,348, 0
32510,349, 0
32511,299, 0
32512,302, 0
32513,328, 0
32514,401, 0
32515,473, 0
32516,529, 0
32517,634, 0
32518,737, 0
32519,788, 0
32520,763, 0
32521,624, 0
32522,377, 0
32523,79, 0
32524,59, 0
32525,127, 2
32526,112, 0
32527,64, 0
32528,10, 0
32529,51, 0
32530,130, 0
32531,175, 0
32532,156, 0
32533,81, 0
32534,44, 0
32535,214, 0
32536,308, 0
32537,310, 5
32538,279, 0
32539,257, 6
32540,220, 9
32541,142, 6
32542,59, 0
32543,44, 0
32544,45, 0
32545,42, 0
32546,29, 0
32547,12, 0
32548,15, 0
32549,20, 0
32550,20, 0
32551,9, 0
32552,0, 0
32553,7, 0
32554,65, 0
32555,175, 0
32556,259, 0
32557,312, 0
32558,339, 0
32559,402, 0
32560,487, 0
32561,614, 0
32562,747, 0
32563,830, 0
32564,897, 0
32565,912, 0
32566,879, 0
32567,785, 0
32568,621, 0
32569,362, 0
32570,84, 0
32571,132, 0
32572,346, 0
32573,415, 3
32574,363, 0
32575,243, 0
32576,177, 0
32577,113, 0
32578,80, 0
32579,4, 0
32580,77, 0
32581,183, 0
32582,258, 0
32583,331, 0
32584,381, 0
32585,371, 0
32586,294, 0
32587,213, 0
32588,122, 0
32589,48, 0
32590,338, 0
32591,694, 0
32592,842, 0
32593,805, 0
32594,630, 0
32595,379, 0
32596,116, 0
32597,14, 0
32598,60, 0
32599,51, 0
32600,51, 0
32601,70, 0
32602,92, 6
32603,72, 0
32604,37, 0
32605,2, 0
32606,9, 0
32607,60, 0
32608,90, 0
32609,37, 0
32610,13, 0
32611,87, 0
32612,103, 0
32613,81, 0
32614,116, 0
32615,224, 0
32616,354, 0
32617,517, 0
32618,608, 0
32619,649, 0
32620,676, 0
32621,659, 0
32622,601, 0
32623,501, 0
32624,367, 0
32625,226, 0
32626,121, 0
32627,73, 0
32628,51, 0
32629,57, 0
32630,83, 0
32631,103, 0
32632,149, 0
32633,188, 0
32634,215, 0
32635,230, 0
32636,266, 0
32637,312, 0
32638,340, 0
32639,333, 0
32640,337, 0
32641,326, 0
32642,306, 0
32643,285, 0
32644,274, 0
32645,253, 0
32646,208, 0
32647,197, 0
32648,219, 0
32649,248, 0
32650,268, 0
32651,253, 0
32652,195, 0
32653,140, 0
32654,145, 0
32655,202, 0
32656,313, 0
32657,461, 0
32658,584, 0
32659,687, 0
32660,723, 0
32661,721, 0
32662,721, 7
32663,739, 3
32664,724, 0
32665,638, 5
32666,536, 0
32667,461, 0
32668,385, 0
32669,270, 0
32670,133, 0
32671,23, 0
32672,168, 0
32673,300, 0
32674,434, 0
32675,563, 0
32676,755, 0
32677,907, 0
32678,905, 0
32679,805, 0
32680,628, 0
32681,469, 0
32682,306, 0
32683,213, 0
32684,159, 0
32685,78, 0
32686,38, 0
32687,5, 0
32688,36, 0
32689,29, 0
32690,19, 0
32691,1, 0
32692,0, 0
32693,25, 0
32694,140, 0
32695,282, 0
32696,447, 0
32697,594, 0
32698,640, 0
32699,541, 0
32700,314, 0
32701,76, 0
32702,30, 0
32703,21, 0
32704,51, 0
32705,246, 0
32706,457, 0
32707,662, 0
32708,902, 0
32709,1100, 0
32710,1183, 0
32711,1081, 0
32712,833, 0
32713,577, 0
32714,360, 0
32715,182, 0
32716,56, 0
32717,319, 0
32718,518, 0
32719,509, 5
32720,364, 6
32721,204, 0
32722,118, 4
32723,76, 22
32724,80, 0
32725,46, 0
32726,5, 0
32727,2, 0
32728,120, 0
32729,411, 0
32730,687, 0
32731,858, 0
32732,820, 0
32733,635, 0
32734,406, 0
32735,187, 0
32736,40, 0
32737,9, 0
32738,56, 0
32739,90, 0
32740,152, 0
32741,245, 0
32742,323, 0
32743,375, 0
32744,394, 0
32745,373, 0
32746,329, 0
32747,310, 0
32748,337, 0
32749,391, 0
32750,409, 0
32751,450, 0
32752,481, 0
32753,509, 0
32754,570, 0
32755,677, 0
32756,770, 0
32757,813, 0
32758,800, 0
32759,765, 0
32760,696, 0
32761,554, 0
32762,360, 0
32763,159, 0
32764,30, 0
32765,183, 0
32766,327, 0
32767,378, 0
32768,361, 0
32769,299, 0
32770,244, 0
32771,234, 0
32772,221, 0
32773,160, 0
32774,31, 0
32775,177, 0
32776,428, 0
32777,644, 0
32778,830, 0
32779,992, 0
32780,1082, 0
32781,1017, 0
32782,895, 0
32783,725, 0
32784,517, 14
32785,229, 5
32786,60, 25
32787,273, 3
32788,432, 0
32789,532, 0
32790,617, 0
32791,698, 0
32792,697, 0
32793,582, 0
32794,357, 0
32795,91, 0
32796,128, 0
32797,370, 0
32798,588, 0
32799,806, 0
32800,1027, 0
32801,1127, 0
32802,1108, 0
32803,1018, 0
32804,862, 0
32805,665, 0
32806,424, 0
32807,204, 0
32808,26, 0
32809,107, 0
32810,316, 0
32811,556, 0
32812,700, 0
32813,726, 0
32814,601, 0
32815,411, 0
32816,232, 0
32817,106, 0
32818,76, 0
32819,183, 0
32820,373, 0
32821,522, 0
32822,540, 0
32823,465, 0
32824,338, 0
32825,180, 0
32826,83, 0
32827,35, 0
32828,32, 0
32829,24, 0
32830,0, 7
32831,40, 0
32832,133, 0
32833,221, 0
32834,296, 0
32835,341, 0
32836,334, 0
32837,315, 0
32838,306, 0
32839,293, 0
32840,270, 0
32841,210, 0
32842,141, 0
32843,154, 0
32844,262, 0
32845,378, 28
32846,473, 3
32847,488, 2
32848,433, 0
32849,365, 0
32850,337, 0
32851,333, 0
32852,391, 0
32853,512, 0
32854,660, 0
32855,796, 0
32856,859, 0
32857,824, 0
32858,694, 0
32859,473, 0
32860,185, 0
32861,38, 0
32862,173, 0
32863,242, 0
32864,244, 0
32865,211, 0
32866,139, 0
32867,23, 0
32868,71, 0
32869,166, 0
32870,221, 0
32871,243, 0
32872,244, 0
32873,220, 0
32874,176, 0
32875,139, 0
32876,117, 0
32877,92, 0
32878,83, 0
32879,51, 0
32880,10, 0
32881,7, 0
32882,76, 0
32883,205, 0
32884,294, 0
32885,311, 0
32886,282, 0
32887,226, 0
32888,208, 0
32889,232, 0
32890,292, 0
32891,393, 0
32892,495, 0
32893,563, 0
32894,580, 0
32895,553, 0
32896,533, 0
32897,552, 0
32898,553, 0
32899,506, 0
32900,423, 0
32901,307, 0
32902,189, 0
32903,97, 3
32904,72, 0
32905,85, 1
32906,52, 7
32907,6, 0
32908,103, 0
32909,324, 0
32910,585, 0
32911,806, 0
32912,905, 0
32913,859, 0
32914,702, 0
32915,527, 0
32916,368, 0
32917,189, 0
32918,39, 0
32919,54, 0
32920,155, 0
32921,203, 0
32922,279, 0
32923,297, 0
32924,276, 0
32925,187, 0
32926,80, 0
32927,4, 0
32928,0, 0
32929,12, 0
32930,119, 0
32931,326, 0
32932,576, 0
32933,796, 0
32934,921, 0
32935,963, 0
32936,953, 0
32937,932, 0
32938,925, 0
32939,796, 0
32940,554, 0
32941,191, 0
32942,173, 0
32943,503, 0
32944,731, 0
32945,813, 0
32946,736, 0
32947,529, 0
32948,282, 0
32949,67, 0
32950,50, 0
32951,143, 0
32952,196, 0
32953,214, 0
32954,258, 0
32955,338, 0
32956,375, 0
32957,348, 0
32958,314, 0
32959,248, 0
32960,154, 0
32961,34, 0
32962,79, 3
32963,193, 0
32964,203, 0
32965,127, 0
32966,27, 0
32967,18, 19
32968,14, 7
32969,0, 8
32970,0, 0
32971,0, 0
32972,17, 0
32973,132, 0
32974,216, 0
32975,312, 0
32976,385, 0
32977,418, 0
32978,391, 0
32979,348, 0
32980,341, 0
32981,383, 0
32982,435, 0
32983,468, 0
32984,469, 0
32985,415, 0
32986,328, 0
32987,188, 0
32988,44, 0
32989,42, 0
32990,103, 0
32991,20, 0
32992,61, 0
32993,179, 0
32994,249, 0
32995,263, 0
32996,241, 0
32997,203, 0
32998,133, 0
32999,102, 0
33000,115, 0
33001,147, 0
33002,150, 0
33003,109, 0
33004,99, 0
33005,133, 0
33006,186, 0
33007,246, 0
33008,334, 0
33009,381, 0
33010,364, 0
33011,324, 0
33012,286, 0
33013,252, 0
33014,257, 0
33015,273, 0
33016,244, 0
33017,157, 0
33018,63, 0
33019,0, 0
33020,8, 0
33021,39, 0
33022,75, 0
33023,112, 0
33024,179, 0
33025,195, 0
33026,228, 0
33027,251, 0
33028,232, 18
33029,173, 0
33030,88, 0
33031,13, 2
33032,48, 0
33033,159, 0
33034,281, 0
33035,395, 0
33036,481, 0
33037,567, 0
33038,678, 0
33039,794, 0
33040,869, 0
33041,891, 0
33042,919, 0
33043,885, 0
33044,834, 0
33045,739, 0
33046,515, 0
33047,183, 0
33048,154, 0
33049,527, 0
33050,814, 0
33051,992, 0
33052,1005, 0
33053,861, 0
33054,612, 0
33055,399, 0
33056,270, 0
33057,214, 0
33058,218, 0
33059,191, 0
33060,189, 0
33061,183, 0
33062,154, 0
33063,70, 0
33064,31, 0
33065,166, 0
33066,281, 0
33067,338, 0
33068,402, 0
33069,494, 0
33070,598, 0
33071,715, 0
33072,813, 0
33073,873, 0
33074,830, 0
33075,753, 0
33076,677, 0
33077,640, 0
33078,601, 0
33079,551, 0
33080,432, 0
33081,290, 0
33082,147, 0
33083,54, 0
33084,3, 0
33085,3, 3
33086,27, 0
33087,47, 1
33088,12, 0
33089,89, 12
33090,263, 0
33091,321, 0
33092,271, 1
33093,168, 0
33094,72, 0
33095,7, 0
33096,0, 0
33097,0, 0
33098,18, 0
33099,12, 0
33100,38, 0
33101,91, 0
33102,176, 0
33103,280, 0
33104,382, 0
33105,442, 0
33106,423, 0
33107,339, 0
33108,227, 0
33109,51, 0
33110,22, 0
33111,127, 0
33112,180, 0
33113,180, 0
33114,120, 0
33115,59, 0
33116,30, 0
33117,6, 0
33118,0, 0
33119,17, 0
33120,0, 0
33121,70, 0
33122,202, 0
33123,329, 0
33124,379, 0
33125,370, 0
33126,361, 0
33127,380, 0
33128,407, 0
33129,421, 0
33130,402, 0
33131,348, 0
33132,287, 0
33133,213, 0
33134,216, 0
33135,220, 0
33136,227, 0
33137,206, 0
33138,200, 6
33139,207, 0
33140,232, 0
33141,232, 0
33142,190, 0
33143,159, 8
33144,144, 4
33145,190, 0
33146,223, 2
33147,266, 5
33148,305, 0
33149,302, 0
33150,278, 14
33151,214, 0
33152,157, 0
33153,156, 0
33154,247, 0
33155,385, 0
33156,510, 0
33157,563, 0
33158,601, 0
33159,628, 0
33160,665, 0
33161,723, 0
33162,724, 0
33163,644, 0
33164,527, 0
33165,398, 0
33166,269, 0
33167,120, 0
33168,19, 0
33169,150, 0
33170,215, 0
33171,251, 0
33172,248, 0
33173,247, 0
33174,259, 0
33175,307, 0
33176,356, 0
33177,447, 0
33178,515, 0
33179,509, 0
33180,452, 0
33181,336, 0
33182,189, 0
33183,83, 6
33184,4, 0
33185,0, 0
33186,0, 0
33187,0, 0
33188,28, 0
33189,97, 0
33190,139, 0
33191,115, 0
33192,37, 0
33193,12, 0
33194,99, 0
33195,189, 0
33196,294, 0
33197,401, 0
33198,509, 0
33199,593, 0
33200,620, 0
33201,566, 0
33202,435, 0
33203,307, 0
33204,239, 0
33205,278, 0
33206,379, 0
33207,457, 0
33208,487, 0
33209,464, 0
33210,411, 0
33211,370, 55
33212,324, 0
33213,305, 6
33214,359, 0
33215,406, 0
33216,497, 0
33217,556, 0
33218,551, 0
33219,502, 0
33220,368, 0
33221,205, 0
33222,31, 0
33223,29, 0
33224,154, 0
33225,322, 0
33226,519, 0
33227,612, 0
33228,606, 0
33229,529, 0
33230,382, 0
33231,190, 0
33232,25, 0
33233,64, 0
33234,113, 0
33235,136, 0
33236,183, 0
33237,230, 0
33238,214, 0
33239,173, 0
33240,177, 0
33241,197, 0
33242,220, 0
33243,196, 0
33244,101, 0
33245,7, 0
33246,62, 0
33247,112, 0
33248,81, 0
33249,12, 0
33250,86, 0
33251,195, 0
33252,253, 0
33253,297, 0
33254,317, 0
33255,287, 0
33256,205, 0
33257,108, 0
33258,40, 0
33259,5, 0
33260,0, 0
33261,27, 0
33262,44, 0
33263,6, 0
33264,44, 0
33265,142, 0
33266,249, 0
33267,356, 2
33268,438, 0
33269,469, 0
33270,445, 0
33271,382, 0
33272,343, 6
33273,347, 0
33274,357, 0
33275,373, 0
33276,382, 0
33277,386, 0
33278,430, 0
33279,499, 0
33280,547, 0
33281,594, 0
33282,687, 0
33283,778, 0
33284,867, 0
33285,897, 0
33286,806, 0
33287,631, 0
33288,456, 0
33289,269, 0
33290,121, 0
33291,35, 0
33292,115, 0
33293,271, 0
33294,367, 0
33295,389, 0
33296,414, 0
33297,473, 0
33298,527, 0
33299,569, 0
33300,594, 0
33301,623, 0
33302,587, 0
33303,473, 0
33304,324, 0
33305,170, 0
33306,51, 0
33307,2, 0
33308,0, 0
33309,34, 0
33310,78, 0
33311,96, 0
33312,40, 0
33313,9, 0
33314,91, 0
33315,172, 0
33316,251, 0
33317,321, 0
33318,388, 0
33319,467, 0
33320,543, 0
33321,592, 0
33322,557, 0
33323,477, 0
33324,376, 0
33325,277, 0
33326,152, 0
33327,38, 0
33328,4, 0
33329,51, 0
33330,79, 0
33331,71, 7
33332,36, 0
33333,18, 31
33334,122, 2
33335,211, 0
33336,277, 0
33337,302, 0
33338,334, 0
33339,361, 0
33340,371, 0
33341,385, 0
33342,435, 0
33343,503, 0
33344,576, 0
33345,652, 0
33346,715, 0
33347,751, 0
33348,738, 0
33349,687, 0
33350,583, 0
33351,428, 0
33352,263, 0
33353,134, 0
33354,101, 0
33355,164, 0
33356,257, 0
33357,359, 0
33358,444, 0
33359,535, 0
33360,625, 0
33361,712, 0
33362,706, 0
33363,576, 0
33364,395, 0
33365,187, 0
33366,26, 1
33367,30, 0
33368,111, 0
33369,193, 0
33370,300, 0
33371,440, 0
33372,620, 5
33373,793, 0
33374,1010, 0
33375,1217, 0
33376,1272, 0
33377,1155, 0
33378,949, 0
33379,677, 0
33380,417, 0
33381,226, 0
33382,127, 7
33383,100, 0
33384,95, 0
33385,101, 0
33386,110, 0
33387,51, 1
33388,6, 0
33389,48, 1
33390,115, 0
33391,149, 6
33392,156, 0
33393,165, 0
33394,181, 12
33395,253, 21
33396,305, 0
33397,369, 0
33398,409, 0
33399,428, 0
33400,446, 0
33401,476, 0
33402,480, 0
33403,466, 0
33404,439, 0
33405,372, 0
33406,296, 0
33407,226, 0
33408,177, 0
33409,183, 0
33410,216, 0
33411,276, 0
33412,343, 0
33413,391, 0
33414,433, 0
33415,493, 0
33416,532, 0
33417,535, 0
33418,484, 0
33419,417, 0
33420,345, 0
33421,308, 0
33422,256, 0
33423,223, 0
33424,211, 0
33425,211, 0
33426,223, 0
33427,237, 2
33428,257, 0
33429,249, 0
33430,238, 0
33431,214, 0
33432,170, 0
33433,139, 0
33434,130, 0
33435,172, 0
33436,204, 0
33437,223, 0
33438,227, 0
33439,211, 0
33440,222, 0
33441,229, 0
33442,220, 0
33443,195, 0
33444,176, 0
33445,168, 0
33446,191, 0
33447,170, 1
33448,166, 0
33449,182, 0
33450,203, 0
33451,249, 0
33452,226, 1
33453,184, 6
33454,101, 3
33455,26, 44
33456,6, 2
33457,26, 0
33458,74, 0
33459,117, 0
33460,159, 0
33461,236, 0
33462,287, 0
33463,337, 0
33464,299, 0
33465,196, 0
33466,74, 0
33467,6, 0
33468,52, 0
33469,103, 0
33470,83, 0
33471,44, 0
33472,0, 0
33473,6, 0
33474,22, 0
33475,23, 0
33476,19, 0
33477,12, 0
33478,0, 0
33479,0, 0
33480,19, 0
33481,74, 0
33482,116, 0
33483,129, 0
33484,86, 0
33485,14, 0
33486,17, 0
33487,108, 0
33488,204, 0
33489,296, 0
33490,398, 0
33491,456, 0
33492,457, 0
33493,415, 0
33494,365, 0
33495,348, 0
33496,309, 0
33497,207, 0
33498,70, 0
33499,75, 0
33500,231, 0
33501,276, 0
33502,291, 0
33503,232, 0
33504,181, 0
33505,145, 0
33506,94, 0
33507,25, 0
33508,34, 0
33509,147, 0
33510,244, 0
33511,282, 0
33512,321, 0
33513,330, 3
33514,341, 0
33515,354, 0
33516,342, 10
33517,307, 0
33518,223, 4
33519,150, 0
33520,108, 0
33521,105, 0
33522,119, 0
33523,133, 0
33524,137, 0
33525,139, 0
33526,127, 0
33527,127, 0
33528,118, 0
33529,113, 0
33530,120, 0
33531,157, 0
33532,182, 0
33533,185, 0
33534,139, 0
33535,122, 0
33536,127, 0
33537,153, 0
33538,183, 0
33539,191, 0
33540,177, 0
33541,163, 0
33542,130, 0
33543,95, 0
33544,84, 0
33545,53, 0
33546,54, 0
33547,72, 0
33548,102, 0
33549,153, 0
33550,201, 0
33551,223, 0
33552,229, 0
33553,232, 0
33554,222, 0
33555,203, 0
33556,185, 0
33557,173, 0
33558,175, 0
33559,228, 0
33560,256, 0
33561,270, 0
33562,241, 0
33563,183, 0
33564,143, 0
33565,153, 0
33566,193, 0
33567,229, 0
33568,267, 1
33569,306, 0
33570,348, 0
33571,409, 0
33572,449, 0
33573,473, 0
33574,430, 0
33575,368, 0
33576,307, 1
33577,249, 3
33578,158, 0
33579,31, 0
33580,108, 0
33581,254, 0
33582,294, 0
33583,252, 0
33584,171, 0
33585,70, 0
33586,1, 0
33587,0, 0
33588,0, 0
33589,0, 0
33590,2, 0
33591,14, 0
33592,28, 0
33593,35, 0
33594,57, 0
33595,95, 0
33596,123, 0
33597,157, 0
33598,176, 0
33599,189, 0
33600,214, 0
33601,218, 0
33602,235, 0
33603,213, 0
33604,164, 0
33605,108, 0
33606,43, 0
33607,7, 0
33608,31, 0
33609,76, 0
33610,128, 1
33611,193, 0
33612,208, 0
33613,239, 0
33614,258, 0
33615,238, 0
33616,192, 0
33617,177, 0
33618,158, 0
33619,154, 0
33620,170, 0
33621,167, 0
33622,151, 0
33623,133, 0
33624,130, 0
33625,140, 0
33626,152, 0
33627,147, 0
33628,159, 0
33629,182, 0
33630,195, 0
33631,204, 0
33632,208, 0
33633,191, 0
33634,148, 0
33635,92, 1
33636,28, 1
33637,0, 0
33638,6, 21
33639,6, 1
33640,0, 0
33641,25, 0
33642,76, 0
33643,105, 0
33644,132, 0
33645,156, 0
33646,145, 0
33647,134, 0
33648,127, 0
33649,88, 0
33650,89, 0
33651,105, 0
33652,111, 0
33653,138, 0
33654,158, 0
33655,177, 0
33656,169, 0
33657,176, 0
33658,164, 0
33659,168, 0
33660,170, 0
33661,165, 0
33662,155, 0
33663,135, 0
33664,110, 0
33665,119, 0
33666,141, 0
33667,161, 0
33668,170, 0
33669,180, 0
33670,202, 0
33671,241, 0
33672,283, 0
33673,318, 0
33674,343, 0
33675,367, 0
33676,356, 0
33677,340, 0
33678,317, 0
33679,296, 0
33680,256, 0
33681,219, 0
33682,193, 0
33683,179, 0
33684,206, 0
33685,245, 0
33686,294, 0
33687,286, 0
33688,191, 0
33689,58, 0
33690,13, 0
33691,73, 0
33692,120, 0
33693,158, 0
33694,202, 0
33695,234, 0
33696,238, 0
33697,238, 0
33698,224, 0
33699,220, 8
33700,227, 6
33701,208, 0
33702,163, 0
33703,55, 0
33704,4, 0
33705,64, 0
33706,164, 0
33707,256, 0
33708,322, 0
33709,363, 0
33710,364, 0
33711,323, 0
33712,247, 0
33713,179, 0
33714,131, 0
33715,123, 0
33716,121, 0
33717,94, 0
33718,55, 0
33719,38, 0
33720,76, 0
33721,138, 0
33722,191, 0
33723,227, 0
33724,270, 0
33725,283, 0
33726,281, 0
33727,245, 0
33728,220, 0
33729,207, 0
33730,205, 0
33731,202, 0
33732,189, 0
33733,121, 0
33734,87, 0
33735,84, 0
33736,92, 0
33737,120, 0
33738,141, 0
33739,158, 0
33740,154, 0
33741,152, 0
33742,134, 0
33743,96, 0
33744,85, 0
33745,86, 0
33746,102, 0
33747,121, 0
33748,147, 0
33749,155, 0
33750,157, 0
33751,157, 0
33752,163, 0
33753,175, 6
33754,185, 0
33755,183, 2
33756,168, 0
33757,184, 11
33758,181, 8
33759,171, 2
33760,163, 25
33761,143, 15
33762,136, 5
33763,151, 6
33764,160, 0
33765,158, 0
33766,159, 0
33767,145, 0
33768,164, 0
33769,145, 0
33770,118, 0
33771,100, 0
33772,100, 0
33773,108, 0
33774,109, 0
33775,113, 0
33776,124, 0
33777,133, 0
33778,145, 0
33779,154, 0
33780,163, 0
33781,164, 0
33782,159, 0
33783,167, 0
33784,176, 0
33785,176, 0
33786,174, 0
33787,176, 0
33788,204, 0
33789,189, 0
33790,189, 0
33791,170, 0
33792,183, 0
33793,180, 0
33794,186, 0
33795,185, 0
33796,188, 0
33797,186, 0
33798,172, 0
33799,150, 0
33800,151, 2
33801,149, 0
33802,153, 0
33803,158, 0
33804,163, 0
33805,181, 0
33806,203, 0
33807,218, 0
33808,236, 0
33809,245, 0
33810,222, 0
33811,169, 0
33812,156, 0
33813,139, 0
33814,142, 0
33815,145, 0
33816,111, 0
33817,83, 0
33818,52, 0
33819,30, 0
33820,3, 6
33821,0, 42
33822,1, 29
33823,0, 5
33824,0, 0
33825,0, 0
33826,0, 0
33827,11, 0
33828,31, 0
33829,63, 0
33830,94, 0
33831,115, 0
33832,123, 0
33833,120, 0
33834,144, 0
33835,153, 0
33836,163, 0
33837,152, 0
33838,145, 0
33839,141, 0
33840,164, 0
33841,152, 0
33842,145, 0
33843,148, 0
33844,135, 0
33845,129, 0
33846,110, 0
33847,100, 0
33848,92, 0
33849,99, 0
33850,108, 0
33851,111, 0
33852,119, 0
33853,113, 0
33854,113, 0
33855,122, 0
33856,128, 0
33857,128, 0
33858,126, 0
33859,127, 0
33860,132, 0
33861,140, 0
33862,138, 13
33863,145, 8
33864,145, 35
33865,139, 23
33866,138, 0
33867,127, 0
33868,125, 0
33869,130, 0
33870,121, 0
33871,122, 0
33872,121, 0
33873,128, 0
33874,133, 0
33875,139, 0
33876,140, 0
33877,141, 0
33878,138, 0
33879,135, 0
33880,115, 0
33881,111, 0
33882,102, 0
33883,88, 0
33884,86, 0
33885,79, 0
33886,73, 0
33887,69, 0
33888,71, 0
33889,74, 0
33890,74, 0
33891,83, 0
33892,93, 1
33893,107, 0
33894,120, 0
33895,147, 0
33896,158, 0
33897,166, 0
33898,175, 0
33899,173, 0
33900,176, 0
33901,170, 0
33902,158, 0
33903,152, 0
33904,145, 0
33905,161, 0
33906,145, 0
33907,153, 0
33908,158, 0
33909,158, 0
33910,163, 0
33911,161, 0
33912,174, 1
33913,197, 0
33914,195, 0
33915,203, 0
33916,210, 0
33917,204, 0
33918,197, 0
33919,187, 0
33920,191, 0
33921,179, 0
33922,181, 0
33923,175, 0
33924,170, 0
33925,159, 0
33926,133, 0
33927,124, 0
33928,124, 0
33929,139, 0
33930,148, 0
33931,156, 1
33932,148, 0
33933,112, 0
33934,111, 0
33935,108, 0
33936,106, 0
33937,96, 0
33938,102, 0
33939,104, 0
33940,95, 9
33941,83, 0
33942,80, 2
33943,76, 19
33944,105, 0
33945,124, 0
33946,133, 0
33947,143, 0
33948,132, 0
33949,115, 0
33950,103, 0
33951,94, 0
33952,88, 0
33953,83, 0
33954,71, 0
33955,76, 0
33956,95, 0
33957,110, 0
33958,124, 0
33959,152, 0
33960,155, 0
33961,171, 0
33962,183, 0
33963,200, 0
33964,226, 0
33965,223, 0
33966,221, 0
33967,208, 0
33968,201, 0
33969,195, 0
33970,183, 0
33971,177, 0
33972,164, 0
33973,143, 0
33974,101, 0
33975,31, 0
33976,9, 0
33977,0, 0
33978,6, 0
33979,10, 0
33980,39, 0
33981,61, 0
33982,74, 0
33983,86, 0
33984,94, 0
33985,97, 0
33986,92, 0
33987,93, 0
33988,90, 0
33989,99, 0
33990,117, 0
33991,124, 0
33992,141, 0
33993,152, 0
33994,150, 0
33995,164, 0
33996,179, 0
33997,186, 0
33998,186, 0
33999,207, 4
34000,181, 0
34001,173, 0
34002,170, 1
34003,167, 0
34004,154, 4
34005,158, 7
34006,158, 0
34007,143, 0
34008,151, 0
34009,154, 0
34010,149, 0
34011,158, 0
34012,143, 0
34013,165, 0
34014,160, 0
34015,160, 0
34016,158, 0
34017,151, 0
34018,145, 0
34019,140, 0
34020,135, 0
34021,135, 0
34022,139, 0
34023,139, 0
34024,145, 0
34025,145, 0
34026,140, 0
34027,140, 0
34028,138, 0
34029,127, 0
34030,127, 0
34031,131, 0
34032,123, 0
34033,127, 0
34034,133, 0
34035,139, 0
34036,144, 0
34037,133, 0
34038,119, 0
34039,119, 0
34040,121, 0
34041,115, 0
34042,118, 0
34043,106, 0
34044,107, 0
34045,104, 0
34046,110, 0
34047,126, 0
34048,118, 0
34049,113, 0
34050,110, 0
34051,112, 0
34052,103, 0
34053,90, 0
34054,93, 0
34055,88, 0
34056,101, 4
34057,101, 0
34058,103, 0
34059,95, 0
34060,95, 0
34061,96, 0
34062,102, 0
34063,113, 0
34064,130, 0
34065,119, 0
34066,125, 0
34067,130, 8
34068,128, 0
34069,142, 0
34070,133, 0
34071,132, 0
34072,132, 0
34073,126, 1
34074,121, 0
34075,128, 8
34076,133, 0
34077,163, 0
34078,141, 0
34079,152, 0
34080,157, 0
34081,164, 0
34082,176, 0
34083,172, 0
34084,184, 0
34085,188, 0
34086,182, 0
34087,164, 0
34088,141, 0
34089,121, 0
34090,116, 0
34091,109, 0
34092,110, 0
34093,116, 0
34094,115, 0
34095,111, 0
34096,102, 0
34097,121, 0
34098,133, 0
34099,154, 0
34100,140, 0
34101,142, 0
34102,143, 0
34103,123, 0
34104,124, 0
34105,115, 0
34106,113, 0
34107,103, 0
34108,129, 0
34109,126, 0
34110,121, 0
34111,137, 0
34112,126, 0
34113,125, 0
34114,128, 0
34115,136, 0
34116,145, 0
34117,144, 0
34118,150, 0
34119,151, 0
34120,153, 0
34121,150, 0
34122,134, 0
34123,152, 0
34124,161, 0
34125,157, 0
34126,147, 15
34127,137, 38
34128,132, 10
34129,121, 17
34130,115, 27
34131,106, 0
34132,99, 0
34133,109, 0
34134,85, 0
34135,89, 0
34136,99, 0
34137,110, 0
34138,121, 0
34139,131, 0
34140,139, 0
34141,128, 0
34142,120, 0
34143,126, 0
34144,125, 0
34145,126, 0
34146,128, 0
34147,118, 0
34148,118, 0
34149,121, 0
34150,131, 0
34151,141, 0
34152,154, 0
34153,164, 0
34154,174, 0
34155,174, 0
34156,186, 0
34157,174, 0
34158,177, 0
34159,180, 0
34160,186, 0
34161,168, 0
34162,158, 0
34163,170, 0
34164,174, 0
34165,170, 0
34166,154, 0
34167,137, 0
34168,109, 0
34169,95, 0
34170,78, 0
34171,75, 0
34172,83, 0
34173,104, 0
34174,115, 0
34175,118, 0
34176,107, 0
34177,95, 0
34178,95, 4
34179,113, 4
34180,121, 17
34181,106, 13
34182,108, 51
34183,104, 56
34184,96, 39
34185,104, 6
34186,121, 0
34187,95, 7
34188,92, 0
34189,87, 0
34190,85, 0
34191,89, 4
34192,106, 0
34193,115, 0
34194,127, 0
34195,142, 0
34196,139, 0
34197,132, 0
34198,115, 0
34199,103, 0
34200,112, 0
34201,93, 0
34202,108, 0
34203,102, 0
34204,118, 0
34205,118, 0
34206,139, 0
34207,141, 0
34208,129, 0
34209,161, 0
34210,133, 0
34211,135, 0
34212,138, 0
34213,141, 0
34214,149, 0
34215,154, 0
34216,164, 0
34217,165, 0
34218,169, 0
34219,171, 0
34220,171, 0
34221,159, 0
34222,167, 0
34223,159, 0
34224,161, 0
34225,158, 0
34226,151, 0
34227,156, 0
34228,163, 0
34229,158, 0
34230,171, 0
34231,165, 0
34232,137, 0
34233,127, 0
34234,126, 0
34235,121, 0
34236,124, 0
34237,133, 0
34238,129, 0
34239,133, 0
34240,134, 0
34241,130, 0
34242,126, 0
34243,129, 0
34244,130, 0
34245,118, 0
34246,109, 0
34247,118, 0
34248,121, 4
34249,111, 0
34250,127, 0
34251,101, 0
34252,110, 0
34253,109, 0
34254,117, 0
34255,126, 0
34256,133, 0
34257,148, 0
34258,159, 0
34259,159, 0
34260,139, 0
34261,140, 0
34262,127, 0
34263,108, 0
34264,102, 0
34265,103, 0
34266,127, 0
34267,129, 0
34268,135, 0
34269,133, 0
34270,157, 0
34271,139, 0
34272,128, 0
34273,132, 0
34274,131, 0
34275,136, 0
34276,152, 0
34277,151, 0
34278,145, 0
34279,128, 0
34280,118, 0
34281,105, 0
34282,96, 0
34283,108, 0
34284,119, 0
34285,121, 0
34286,119, 0
34287,109, 0
34288,117, 0
34289,118, 0
34290,120, 0
34291,113, 0
34292,113, 0
34293,113, 0
34294,111, 0
34295,117, 1
34296,117, 0
34297,132, 0
34298,134, 0
34299,139, 0
34300,150, 0
34301,153, 0
34302,157, 0
34303,156, 0
34304,165, 0
34305,164, 1
34306,167, 0
34307,148, 0
34308,164, 0
34309,168, 0
34310,153, 0
34311,169, 0
34312,169, 0
34313,160, 0
34314,161, 0
34315,157, 0
34316,148, 0
34317,148, 0
34318,141, 0
34319,135, 0
34320,125, 0
34321,123, 0
34322,104, 0
34323,92, 0
34324,83, 27
34325,84, 10
34326,87, 0
34327,92, 0
34328,133, 0
34329,136, 5
34330,145, 1
34331,165, 0
34332,169, 0
34333,154, 0
34334,157, 0
34335,158, 0
34336,158, 0
34337,135, 0
34338,133, 0
34339,130, 0
34340,134, 0
34341,159, 0
34342,157, 0
34343,155, 0
34344,143, 0
34345,133, 0
34346,141, 0
34347,136, 0
34348,123, 0
34349,122, 0
34350,118, 0
34351,118, 0
34352,125, 0
34353,118, 0
34354,110, 0
34355,99, 0
34356,107, 0
34357,112, 0
34358,128, 0
34359,112, 0
34360,89, 0
34361,99, 0
34362,109, 0
34363,108, 0
34364,103, 0
34365,97, 0
34366,79, 0
34367,78, 0
34368,78, 0
34369,87, 0
34370,92, 0
34371,106, 0
34372,113, 0
34373,120, 0
34374,117, 0
34375,110, 0
34376,118, 0
34377,102, 0
34378,93, 0
34379,108, 0
34380,121, 0
34381,135, 0
34382,161, 0
34383,149, 0
34384,153, 0
34385,150, 0
34386,145, 0
34387,154, 0
34388,154, 0
34389,183, 0
34390,164, 0
34391,158, 0
34392,170, 0
34393,142, 0
34394,139, 0
34395,142, 0
34396,147, 0
34397,154, 0
34398,147, 0
34399,161, 0
34400,159, 0
34401,160, 0
34402,158, 0
34403,139, 0
34404,135, 0
34405,127, 0
34406,104, 0
34407,121, 0
34408,115, 0
34409,115, 0
34410,126, 0
34411,121, 0
34412,128, 0
34413,130, 0
34414,123, 0
34415,107, 0
34416,95, 0
34417,110, 0
34418,120, 0
34419,133, 0
34420,142, 0
34421,130, 0
34422,145, 0
34423,150, 0
34424,149, 0
34425,150, 6
34426,156, 0
34427,156, 0
34428,158, 3
34429,158, 2
34430,136, 6
34431,122, 0
34432,139, 2
34433,118, 5
34434,117, 0
34435,120, 6
34436,127, 0
34437,127, 0
34438,128, 0
34439,124, 1
34440,121, 0
34441,126, 0
34442,148, 0
34443,133, 0
34444,142, 0
34445,136, 0
34446,133, 0
34447,139, 0
34448,134, 0
34449,133, 0
34450,140, 0
34451,149, 0
34452,158, 0
34453,164, 0
34454,167, 0
34455,149, 0
34456,159, 0
34457,143, 0
34458,137, 0
34459,129, 0
34460,129, 0
34461,135, 0
34462,142, 0
34463,143, 0
34464,135, 3
34465,134, 0
34466,123, 0
34467,105, 0
34468,96, 0
34469,90, 0
34470,88, 0
34471,100, 0
34472,116, 6
34473,133, 0
34474,141, 0
34475,148, 0
34476,147, 0
34477,140, 0
34478,133, 0
34479,116, 0
34480,104, 0
34481,101, 0
34482,95, 0
34483,92, 0
34484,95, 0
34485,99, 9
34486,107, 0
34487,112, 0
34488,116, 0
34489,120, 0
34490,133, 0
34491,125, 0
34492,128, 0
34493,138, 9
34494,153, 0
34495,139, 0
34496,147, 6
34497,142, 0
34498,134, 0
34499,128, 0
34500,120, 0
34501,120, 0
34502,128, 0
34503,129, 0
34504,117, 0
34505,124, 0
34506,131, 0
34507,135, 2
34508,120, 9
34509,117, 24
34510,106, 1
34511,121, 0
34512,132, 0
34513,153, 0
34514,158, 0
34515,164, 0
34516,168, 0
34517,161, 0
34518,153, 0
34519,127, 0
34520,142, 0
34521,151, 0
34522,157, 0
34523,159, 0
34524,158, 0
34525,148, 0
34526,134, 0
34527,129, 0
34528,125, 0
34529,121, 0
34530,123, 0
34531,115, 0
34532,115, 0
34533,117, 0
34534,115, 0
34535,117, 0
34536,125, 0
34537,121, 0
34538,117, 0
34539,113, 0
34540,106, 0
34541,110, 0
34542,117, 0
34543,120, 0
34544,128, 0
34545,131, 0
34546,123, 0
34547,118, 0
34548,106, 0
34549,105, 1
34550,102, 0
34551,118, 12
34552,113, 12
34553,108, 32
34554,117, 31
34555,97, 13
34556,100, 0
34557,94, 0
34558,92, 0
34559,91, 13
34560,95, 0
34561,90, 0
34562,92, 0
34563,105, 0
34564,102, 0
34565,117, 0
34566,122, 0
34567,124, 0
34568,118, 0
34569,121, 0
34570,129, 0
34571,140, 0
34572,157, 0
34573,177, 0
34574,176, 0
34575,161, 0
34576,172, 0
34577,161, 0
34578,164, 0
34579,155, 0
34580,170, 0
34581,176, 0
34582,167, 0
34583,170, 0
34584,172, 0
34585,172, 0
34586,167, 0
34587,170, 0
34588,169, 0
34589,160, 0
34590,164, 0
34591,152, 0
34592,156, 0
34593,166, 0
34594,151, 0
34595,150, 0
34596,149, 0
34597,152, 0
34598,147, 0
34599,133, 0
34600,132, 0
34601,118, 0
34602,130, 0
34603,127, 0
34604,127, 0
34605,129, 0
34606,127, 0
34607,117, 0
34608,124, 0
34609,141, 0
34610,118, 0
34611,128, 0
34612,125, 0
34613,105, 0
34614,103, 0
34615,108, 1
34616,110, 6
34617,115, 1
34618,118, 0
34619,115, 0
34620,93, 0
34621,109, 0
34622,109, 0
34623,133, 0
34624,135, 0
34625,128, 0
34626,121, 0
34627,120, 0
34628,111, 0
34629,113, 0
34630,109, 0
34631,109, 0
34632,101, 0
34633,108, 0
34634,120, 0
34635,136, 0
34636,145, 0
34637,145, 0
34638,143, 0
34639,153, 0
34640,166, 0
34641,155, 0
34642,174, 0
34643,156, 0
34644,133, 0
34645,115, 0
34646,125, 0
34647,141, 0
34648,139, 0
34649,139, 0
34650,131, 0
34651,119, 0
34652,101, 0
34653,84, 0
34654,77, 0
34655,76, 0
34656,70, 0
34657,79, 0
34658,90, 0
34659,92, 3
34660,95, 0
34661,113, 19
34662,111, 5
34663,121, 0
34664,110, 0
34665,101, 0
34666,108, 0
34667,121, 0
34668,127, 0
34669,130, 0
34670,126, 0
34671,129, 0
34672,134, 0
34673,149, 0
34674,138, 0
34675,145, 6
34676,140, 0
34677,128, 1
34678,132, 11
34679,137, 0
34680,145, 0
34681,153, 0
34682,159, 0
34683,152, 0
34684,151, 0
34685,155, 0
34686,151, 0
34687,170, 0
34688,189, 0
34689,196, 0
34690,196, 0
34691,201, 0
34692,186, 0
34693,196, 0
34694,179, 0
34695,160, 0
34696,160, 0
34697,159, 0
34698,157, 0
34699,152, 0
34700,160, 0
34701,156, 0
34702,159, 0
34703,158, 0
34704,150, 0
34705,145, 0
34706,152, 0
34707,147, 0
34708,144, 0
34709,139, 0
34710,136, 0
34711,127, 0
34712,122, 0
34713,117, 0
34714,119, 0
34715,125, 0
34716,133, 0
34717,127, 0
34718,124, 0
34719,118, 0
34720,103, 0
34721,103, 1
34722,97, 0
34723,127, 0
34724,150, 0
34725,155, 0
34726,145, 0
34727,133, 0
34728,116, 0
34729,110, 0
34730,108, 0
34731,100, 0
34732,88, 0
34733,80, 2
34734,76, 3
34735,75, 0
34736,87, 24
34737,88, 0
34738,101, 4
34739,111, 0
34740,120, 4
34741,109, 0
34742,116, 0
34743,99, 0
34744,102, 0
34745,131, 0
34746,113, 0
34747,109, 0
34748,140, 0
34749,144, 0
34750,160, 0
34751,134, 0
34752,139, 0
34753,127, 0
34754,117, 0
34755,133, 0
34756,140, 0
34757,158, 0
34758,158, 0
34759,140, 0
34760,133, 0
34761,125, 0
34762,115, 0
34763,121, 0
34764,132, 0
34765,135, 0
34766,147, 0
34767,137, 0
34768,166, 0
34769,170, 0
34770,158, 0
34771,144, 0
34772,131, 0
34773,122, 0
34774,107, 0
34775,85, 0
34776,91, 0
34777,102, 0
34778,106, 0
34779,130, 0
34780,139, 0
34781,126, 0
34782,121, 0
34783,117, 0
34784,118, 0
34785,123, 8
34786,126, 10
34787,124, 24
34788,133, 67
34789,143, 59
34790,152, 31
34791,163, 0
34792,164, 23
34793,155, 73
34794,143, 83
34795,134, 51
34796,112, 51
34797,112, 76
34798,108, 100
34799,105, 75
34800,96, 31
34801,89, 38
34802,57, 1
34803,44, 0
34804,57, 0
34805,63, 0
34806,83, 0
34807,89, 0
34808,84, 0
34809,89, 0
34810,102, 0
34811,105, 0
34812,133, 0
34813,124, 0
34814,113, 0
34815,107, 0
34816,111, 0
34817,125, 0
34818,140, 0
34819,171, 0
34820,185, 0
34821,197, 0
34822,196, 0
34823,184, 0
34824,176, 0
34825,167, 0
34826,171, 0
34827,184, 0
34828,201, 0
34829,207, 0
34830,196, 0
34831,192, 0
34832,180, 0
34833,179, 0
34834,203, 0
34835,199, 0
34836,191, 0
34837,177, 40
34838,153, 39
34839,127, 6
34840,121, 8
34841,103, 21
34842,101, 8
34843,105, 0
34844,102, 0
34845,90, 0
34846,93, 0
34847,83, 0
34848,79, 0
34849,79, 0
34850,110, 0
34851,129, 0
34852,144, 0
34853,148, 0
34854,122, 0
34855,128, 0
34856,119, 0
34857,102, 0
34858,90, 0
34859,96, 0
34860,105, 0
34861,123, 0
34862,127, 0
34863,127, 0
34864,152, 0
34865,132, 0
34866,129, 0
34867,132, 3
34868,147, 0
34869,132, 0
34870,129, 0
34871,126, 0
34872,116, 0
34873,124, 0
34874,130, 0
34875,133, 0
34876,142, 0
34877,142, 0
34878,157, 0
34879,137, 0
34880,127, 0
34881,121, 0
34882,121, 0
34883,129, 0
34884,139, 0
34885,139, 0
34886,140, 0
34887,140, 0
34888,140, 0
34889,138, 0
34890,132, 0
34891,133, 0
34892,133, 0
34893,137, 0
34894,148, 0
34895,166, 0
34896,167, 0
34897,155, 0
34898,143, 0
34899,121, 0
34900,121, 0
34901,127, 31
34902,122, 83
34903,128, 167
34904,133, 183
34905,147, 232
34906,149, 127
34907,167, 17
34908,166, 0
34909,158, 0
34910,152, 0
34911,139, 0
34912,120, 0
34913,125, 0
34914,131, 0
34915,118, 0
34916,123, 0
34917,116, 0
34918,96, 0
34919,81, 0
34920,89, 0
34921,74, 0
34922,85, 0
34923,96, 3
34924,108, 1
34925,112, 55
34926,116, 81
34927,103, 19
34928,108, 0
34929,127, 0
34930,112, 0
34931,125, 0
34932,134, 0
34933,129, 0
34934,118, 0
34935,103, 0
34936,86, 0
34937,94, 0
34938,125, 0
34939,141, 0
34940,160, 0
34941,169, 0
34942,154, 0
34943,170, 0
34944,155, 0
34945,150, 0
34946,139, 0
34947,141, 0
34948,135, 0
34949,142, 0
34950,151, 0
34951,150, 0
34952,147, 0
34953,152, 0
34954,164, 0
34955,164, 0
34956,160, 0
34957,141, 0
34958,124, 0
34959,128, 0
34960,124, 0
34961,133, 0
34962,148, 0
34963,165, 0
34964,150, 0
34965,142, 0
34966,141, 10
34967,152, 57
34968,165, 95
34969,159, 200
34970,139, 249
34971,121, 223
34972,124, 191
34973,133, 264
34974,141, 220
34975,158, 164
34976,176, 80
34977,153, 56
34978,148, 25
34979,147, 0
34980,125, 0
34981,101, 0
34982,96, 0
34983,84, 0
34984,79, 0
34985,69, 0
34986,55, 0
34987,54, 0
34988,50, 0
34989,55, 0
34990,63, 0
34991,75, 0
34992,90, 0
34993,85, 0
34994,89, 0
34995,78, 0
34996,86, 0
34997,108, 0
34998,147, 0
34999,185, 0
35000,212, 0
35001,223, 0
35002,215, 0
35003,191, 0
35004,164, 0
35005,161, 0
35006,144, 0
35007,127, 0
35008,108, 0
35009,87, 0
35010,81, 0
35011,86, 0
35012,94, 0
35013,102, 2
35014,120, 19
35015,129, 10
35016,148, 1
35017,172, 3
35018,167, 0
35019,156, 21
35020,139, 0
35021,115, 15
35022,101, 0
35023,108, 0
35024,124, 0
35025,124, 0
35026,136, 0
35027,155, 0
35028,145, 0
35029,152, 0
35030,158, 0
35031,143, 0
35032,137, 0
35033,134, 0
35034,143, 0
35035,159, 5
35036,171, 0
35037,159, 0
35038,154, 1
35039,130, 0
35040,121, 0
35041,123, 6
35042,136, 29
35043,160, 0
35044,150, 4
35045,158, 0
35046,159, 0
35047,158, 0
35048,153, 0
35049,145, 0
35050,143, 0
35051,128, 0
35052,109, 10
35053,112, 0
35054,134, 0
35055,139, 0
35056,152, 0
35057,152, 0
35058,148, 0
35059,145, 0
35060,135, 0
35061,113, 0
35062,107, 0
35063,111, 0
35064,136, 0
35065,183, 0
35066,217, 0
35067,221, 0
35068,196, 0
35069,186, 0
35070,161, 0
35071,138, 0
35072,116, 0
35073,96, 0
35074,85, 0
35075,81, 0
35076,72, 0
35077,77, 0
35078,91, 0
35079,105, 0
35080,127, 0
35081,145, 0
35082,155, 0
35083,154, 0
35084,152, 0
35085,147, 0
35086,138, 0
35087,131, 0
35088,117, 6
35089,104, 75
35090,89, 223
35091,88, 420
35092,108, 555
35093,129, 631
35094,133, 483
35095,131, 380
35096,135, 221
35097,135, 95
35098,144, 38
35099,141, 0
35100,144, 0
35101,133, 0
35102,122, 0
35103,102, 0
35104,95, 0
35105,97, 0
35106,89, 0
35107,89, 0
35108,106, 0
35109,91, 0
35110,85, 0
35111,91, 0
35112,89, 0
35113,84, 3
35114,96, 0
35115,118, 0
35116,126, 0
35117,141, 0
35118,179, 6
35119,164, 0
35120,160, 0
35121,152, 0
35122,140, 0
35123,132, 0
35124,126, 0
35125,124, 0
35126,128, 0
35127,144, 0
35128,173, 0
35129,191, 0
35130,184, 0
35131,151, 0
35132,138, 0
35133,140, 0
35134,166, 0
35135,196, 0
35136,215, 0
35137,187, 0
35138,161, 0
35139,145, 183
35140,139, 291
35141,139, 248
35142,150, 255
35143,164, 228
35144,175, 211
35145,161, 232
35146,133, 249
35147,131, 371
35148,124, 430
35149,138, 622
35150,105, 694
35151,83, 547
35152,52, 349
35153,43, 136
35154,76, 38
35155,118, 0
35156,169, 0
35157,187, 0
35158,170, 0
35159,139, 0
35160,85, 0
35161,67, 7
35162,79, 38
35163,47, 70
35164,38, 41
35165,53, 9
35166,70, 0
35167,87, 0
35168,81, 0
35169,76, 0
35170,77, 58
35171,71, 100
35172,92, 38
35173,92, 0
35174,85, 0
35175,93, 0
35176,105, 0
35177,110, 0
35178,139, 0
35179,159, 0
35180,167, 0
35181,165, 0
35182,171, 1
35183,159, 0
35184,137, 0
35185,133, 0
35186,134, 0
35187,144, 0
35188,159, 0
35189,167, 0
35190,145, 0
35191,129, 0
35192,102, 0
35193,88, 0
35194,92, 0
35195,118, 0
35196,189, 0
35197,255, 0
35198,301, 0
35199,281, 6
35200,214, 14
35201,161, 1
35202,139, 0
35203,128, 0
35204,104, 0
35205,95, 0
35206,102, 0
35207,90, 0
35208,108, 0
35209,126, 0
35210,127, 0
35211,102, 0
35212,85, 0
35213,51, 0
35214,34, 0
35215,42, 0
35216,62, 0
35217,88, 0
35218,99, 0
35219,91, 0
35220,95, 0
35221,94, 0
35222,96, 0
35223,102, 0
35224,95, 0
35225,95, 19
35226,107, 32
35227,132, 44
35228,149, 188
35229,150, 388
35230,142, 436
35231,147, 580
35232,133, 790
35233,128, 999
35234,110, 981
35235,122, 822
35236,149, 599
35237,156, 515
35238,175, 427
35239,152, 270
35240,145, 211
35241,144, 56
35242,132, 0
35243,143, 0
35244,147, 0
35245,150, 0
35246,143, 0
35247,149, 0
35248,147, 0
35249,151, 0
35250,145, 0
35251,144, 0
35252,156, 0
35253,171, 0
35254,188, 0
35255,171, 0
35256,165, 0
35257,176, 0
35258,197, 0
35259,204, 0
35260,204, 0
35261,201, 0
35262,184, 0
35263,166, 0
35264,144, 0
35265,130, 0
35266,120, 0
35267,126, 0
35268,110, 0
35269,115, 0
35270,108, 0
35271,132, 0
35272,158, 0
35273,179, 0
35274,197, 0
35275,200, 0
35276,217, 0
35277,185, 0
35278,161, 0
35279,108, 5
35280,22, 85
35281,3, 318
35282,19, 351
35283,2, 238
35284,6, 130
35285,48, 20
35286,90, 15
35287,115, 44
35288,126, 103
35289,123, 226
35290,125, 373
35291,115, 402
35292,100, 561
35293,108, 601
35294,139, 618
35295,116, 495
35296,131, 263
35297,157, 179
35298,175, 77
35299,181, 214
35300,189, 237
35301,161, 182
35302,139, 45
35303,168, 0
35304,170, 0
35305,180, 0
35306,183, 5
35307,192, 0
35308,207, 0
35309,226, 0
35310,202, 0
35311,169, 0
35312,136, 0
35313,101, 0
35314,63, 0
35315,56, 0
35316,59, 0
35317,103, 0
35318,120, 0
35319,115, 0
35320,108, 0
35321,102, 0
35322,111, 0
35323,113, 0
35324,116, 0
35325,121, 0
35326,112, 0
35327,103, 0
35328,95, 0
35329,109, 0
35330,121, 7
35331,127, 0
35332,133, 0
35333,143, 0
35334,157, 0
35335,160, 0
35336,151, 0
35337,128, 0
35338,100, 0
35339,90, 0
35340,87, 0
35341,92, 0
35342,119, 18
35343,118, 12
35344,113, 0
35345,94, 0
35346,78, 0
35347,88, 0
35348,138, 0
35349,132, 0
35350,136, 0
35351,127, 0
35352,112, 0
35353,122, 0
35354,125, 0
35355,122, 0
35356,115, 0
35357,106, 0
35358,117, 0
35359,127, 0
35360,133, 0
35361,148, 29
35362,165, 78
35363,180, 103
35364,203, 65
35365,189, 51
35366,196, 12
35367,190, 0
35368,173, 0
35369,145, 0
35370,120, 0
35371,104, 0
35372,121, 0
35373,155, 0
35374,189, 0
35375,208, 0
35376,217, 0
35377,204, 0
35378,196, 0
35379,171, 0
35380,149, 0
35381,139, 0
35382,136, 0
35383,134, 0
35384,134, 0
35385,142, 0
35386,156, 0
35387,161, 0
35388,160, 0
35389,150, 0
35390,145, 26
35391,147, 126
35392,151, 231
35393,159, 309
35394,167, 428
35395,160, 521
35396,154, 617
35397,171, 552
35398,185, 445
35399,192, 268
35400,191, 152
35401,160, 113
35402,129, 31
35403,94, 0
35404,85, 0
35405,84, 0
35406,101, 0
35407,102, 0
35408,89, 0
35409,90, 0
35410,108, 0
35411,150, 0
35412,185, 0
35413,201, 0
35414,177, 0
35415,137, 0
35416,96, 0
35417,68, 166
35418,59, 407
35419,38, 546
35420,8, 640
35421,0, 628
35422,3, 505
35423,25, 460
35424,87, 398
35425,138, 535
35426,171, 553
35427,176, 576
35428,166, 689
35429,134, 759
35430,136, 844
35431,124, 856
35432,115, 1058
35433,95, 1103
35434,95, 925
35435,95, 773
35436,125, 524
35437,152, 329
35438,159, 61
35439,171, 0
35440,186, 0
35441,190, 0
35442,189, 0
35443,170, 0
35444,154, 0
35445,133, 0
35446,127, 0
35447,127, 0
35448,119, 0
35449,104, 0
35450,101, 0
35451,103, 0
35452,105, 0
35453,104, 55
35454,107, 13
35455,122, 0
35456,143, 0
35457,153, 0
35458,154, 0
35459,133, 0
35460,130, 0
35461,134, 0
35462,139, 5
35463,148, 0
35464,175, 6
35465,191, 0
35466,212, 0
35467,208, 0
35468,202, 0
35469,181, 0
35470,161, 0
35471,138, 0
35472,113, 0
35473,85, 0
35474,53, 113
35475,14, 349
35476,0, 294
35477,0, 171
35478,19, 103
35479,51, 78
35480,67, 70
35481,72, 25
35482,63, 0
35483,72, 0
35484,87, 0
35485,116, 0
35486,107, 0
35487,125, 0
35488,136, 0
35489,154, 0
35490,159, 0
35491,143, 0
35492,142, 0
35493,137, 0
35494,152, 0
35495,156, 0
35496,176, 0
35497,190, 0
35498,227, 0
35499,260, 0
35500,275, 0
35501,264, 0
35502,222, 0
35503,177, 0
35504,133, 40
35505,90, 32
35506,63, 0
35507,38, 0
35508,57, 0
35509,45, 0
35510,89, 0
35511,142, 0
35512,189, 0
35513,221, 0
35514,223, 0
35515,192, 0
35516,164, 0
35517,134, 0
35518,115, 17
35519,95, 265
35520,80, 922
35521,60, 1773
35522,47, 2175
35523,58, 1831
35524,61, 1143
35525,76, 822
35526,92, 648
35527,100, 428
35528,96, 330
35529,96, 248
35530,80, 301
35531,105, 257
35532,115, 270
35533,134, 324
35534,165, 258
35535,183, 326
35536,205, 329
35537,213, 267
35538,193, 141
35539,158, 6
35540,133, 0
35541,112, 0
35542,112, 0
35543,117, 0
35544,121, 0
35545,133, 0
35546,133, 0
35547,167, 0
35548,148, 0
35549,129, 0
35550,105, 0
35551,107, 0
35552,111, 0
35553,121, 0
35554,136, 0
35555,165, 0
35556,196, 0
35557,206, 0
35558,202, 0
35559,185, 0
35560,136, 0
35561,100, 0
35562,75, 106
35563,67, 330
35564,62, 244
35565,81, 40
35566,90, 0
35567,102, 0
35568,115, 0
35569,136, 0
35570,172, 0
35571,196, 0
35572,201, 0
35573,196, 0
35574,201, 0
35575,200, 0
35576,190, 0
35577,161, 0
35578,133, 0
35579,99, 0
35580,89, 0
35581,106, 0
35582,147, 14
35583,169, 224
35584,161, 312
35585,138, 346
35586,116, 427
35587,88, 231
35588,83, 32
35589,67, 31
35590,55, 60
35591,51, 97
35592,72, 0
35593,61, 0
35594,65, 0
35595,70, 0
35596,108, 0
35597,117, 0
35598,163, 0
35599,191, 0
35600,199, 0
35601,220, 0
35602,220, 0
35603,226, 0
35604,215, 0
35605,189, 12
35606,160, 27
35607,157, 188
35608,184, 305
35609,222, 512
35610,202, 554
35611,169, 324
35612,127, 25
35613,104, 0
35614,102, 0
35615,134, 0
35616,169, 0
35617,192, 0
35618,196, 0
35619,155, 0
35620,79, 0
35621,10, 0
35622,0, 0
35623,0, 55
35624,1, 235
35625,27, 333
35626,67, 351
35627,89, 354
35628,118, 513
35629,127, 632
35630,139, 543
35631,156, 360
35632,154, 130
35633,133, 13
35634,109, 15
35635,70, 14
35636,44, 0
35637,54, 0
35638,80, 0
35639,109, 0
35640,125, 0
35641,125, 0
35642,130, 0
35643,141, 0
35644,145, 0
35645,142, 0
35646,129, 0
35647,110, 0
35648,97, 34
35649,76, 68
35650,93, 145
35651,124, 87
35652,132, 23
35653,127, 0
35654,117, 0
35655,120, 0
35656,129, 0
35657,138, 0
35658,141, 0
35659,127, 0
35660,142, 0
35661,158, 0
35662,171, 0
35663,142, 0
35664,145, 0
35665,133, 0
35666,186, 0
35667,193, 0
35668,188, 0
35669,141, 0
35670,102, 0
35671,89, 0
35672,115, 0
35673,158, 0
35674,196, 0
35675,216, 0
35676,215, 0
35677,202, 0
35678,189, 0
35679,173, 0
35680,160, 0
35681,167, 0
35682,188, 0
35683,208, 43
35684,238, 327
35685,253, 693
35686,232, 982
35687,222, 1012
35688,227, 665
35689,226, 345
35690,211, 12
35691,195, 0
35692,164, 0
35693,159, 0
35694,145, 0
35695,136, 0
35696,122, 0
35697,115, 0
35698,120, 108
35699,115, 285
35700,108, 248
35701,103, 355
35702,83, 224
35703,88, 21
35704,84, 0
35705,84, 0
35706,71, 0
35707,37, 0
35708,21, 0
35709,27, 0
35710,44, 0
35711,79, 0
35712,89, 0
35713,110, 0
35714,138, 32
35715,102, 139
35716,89, 501
35717,73, 530
35718,53, 538
35719,40, 463
35720,58, 138
35721,105, 0
35722,135, 0
35723,157, 0
35724,170, 0
35725,166, 74
35726,180, 127
35727,151, 25
35728,113, 1
35729,72, 63
35730,45, 106
35731,55, 17
35732,95, 0
35733,145, 0
35734,183, 0
35735,205, 0
35736,190, 0
35737,177, 0
35738,151, 0
35739,122, 0
35740,111, 0
35741,107, 0
35742,95, 0
35743,88, 0
35744,92, 10
35745,110, 139
35746,139, 120
35747,164, 3
35748,164, 0
35749,139, 0
35750,117, 0
35751,96, 57
35752,92, 63
35753,85, 55
35754,73, 29
35755,74, 46
35756,78, 189
35757,53, 154
35758,46, 154
35759,44, 318
35760,57, 408
35761,91, 206
35762,141, 88
35763,191, 73
35764,214, 60
35765,214, 31
35766,207, 0
35767,177, 0
35768,164, 0
35769,163, 0
35770,168, 0
35771,167, 0
35772,164, 0
35773,145, 0
35774,133, 0
35775,115, 5
35776,97, 6
35777,71, 6
35778,74, 0
35779,74, 0
35780,85, 0
35781,79, 0
35782,84, 0
35783,85, 0
35784,90, 0
35785,92, 0
35786,115, 0
35787,140, 0
35788,153, 42
35789,171, 150
35790,186, 136
35791,181, 4
35792,204, 0
35793,204, 0
35794,223, 0
35795,227, 0
35796,240, 0
35797,216, 0
35798,183, 0
35799,138, 0
35800,96, 0
35801,95, 0
35802,107, 0
35803,126, 0
35804,149, 0
35805,164, 0
35806,170, 0
35807,152, 0
35808,141, 19
35809,125, 441
35810,116, 871
35811,92, 1001
35812,83, 785
35813,69, 654
35814,63, 590
35815,69, 515
35816,76, 306
35817,93, 159
35818,117, 103
35819,138, 41
35820,148, 9
35821,153, 0
35822,158, 0
35823,151, 0
35824,143, 0
35825,133, 0
35826,132, 0
35827,130, 0
35828,121, 0
35829,120, 0
35830,120, 0
35831,109, 0
35832,125, 0
35833,119, 0
35834,123, 29
35835,117, 59
35836,122, 76
35837,115, 141
35838,103, 115
35839,104, 7
35840,115, 18
35841,119, 77
35842,118, 72
35843,133, 29
35844,154, 4
35845,164, 0
35846,150, 0
35847,169, 0
35848,158, 0
35849,170, 0
35850,190, 0
35851,208, 0
35852,242, 0
35853,255, 0
35854,242, 0
35855,240, 0
35856,234, 0
35857,221, 0
35858,212, 0
35859,176, 0
35860,144, 0
35861,89, 23
35862,35, 63
35863,0, 0
35864,14, 0
35865,9, 51
35866,36, 364
35867,51, 524
35868,72, 431
35869,93, 182
35870,123, 9
35871,144, 0
35872,154, 0
35873,139, 0
35874,115, 0
35875,105, 1
35876,100, 46
35877,112, 138
35878,121, 78
35879,112, 0
35880,126, 2
35881,138, 0
35882,151, 0
35883,180, 0
35884,190, 0
35885,200, 0
35886,180, 0
35887,182, 39
35888,180, 203
35889,197, 467
35890,204, 710
35891,202, 835
35892,138, 607
35893,110, 182
35894,92, 0
35895,97, 0
35896,116, 0
35897,143, 0
35898,133, 0
35899,151, 0
35900,139, 0
35901,111, 0
35902,63, 0
35903,39, 0
35904,41, 0
35905,51, 0
35906,61, 11
35907,101, 0
35908,108, 0
35909,133, 0
35910,139, 0
35911,128, 8
35912,63, 19
35913,2, 0
35914,0, 0
35915,1, 0
35916,63, 0
35917,148, 0
35918,175, 0
35919,186, 0
35920,197, 0
35921,202, 0
35922,205, 0
35923,207, 0
35924,204, 0
35925,183, 2
35926,159, 0
35927,132, 0
35928,94, 0
35929,75, 0
35930,71, 0
35931,85, 0
35932,105, 0
35933,126, 0
35934,130, 0
35935,138, 0
35936,132, 0
35937,139, 0
35938,145, 0
35939,138, 0
35940,135, 0
35941,129, 29
35942,118, 140
35943,115, 139
35944,130, 53
35945,154, 18
35946,169, 70
35947,137, 113
35948,134, 206
35949,126, 160
35950,122, 42
35951,125, 0
35952,115, 4
35953,90, 0
35954,79, 0
35955,76, 0
35956,104, 0
35957,157, 19
35958,183, 14
35959,202, 4
35960,190, 12
35961,153, 0
35962,141, 0
35963,152, 0
35964,170, 0
35965,172, 0
35966,168, 0
35967,157, 0
35968,156, 0
35969,148, 0
35970,116, 0
35971,73, 76
35972,63, 131
35973,72, 199
35974,97, 69
35975,121, 0
35976,132, 0
35977,115, 0
35978,126, 0
35979,125, 0
35980,154, 0
35981,189, 0
35982,220, 0
35983,247, 0
35984,262, 0
35985,262, 0
35986,253, 0
35987,243, 0
35988,249, 0
35989,232, 0
35990,217, 0
35991,190, 0
35992,153, 0
35993,130, 31
35994,102, 301
35995,67, 423
35996,45, 600
35997,31, 645
35998,12, 693
35999,19, 475
36000,38, 112
36001,62, 3
36002,77, 0
36003,79, 0
36004,63, 0
36005,55, 0
36006,70, 0
36007,85, 0
36008,102, 51
36009,127, 261
36010,121, 576
36011,102, 1000
36012,62, 1231
36013,30, 1248
36014,30, 984
36015,45, 737
36016,67, 527
36017,88, 334
36018,113, 318
36019,121, 380
36020,135, 368
36021,139, 441
36022,159, 276
36023,149, 115
36024,152, 1
36025,134, 0
36026,127, 0
36027,129, 0
36028,137, 0
36029,155, 0
36030,180, 0
36031,170, 0
36032,151, 0
36033,141, 0
36034,139, 0
36035,158, 0
36036,176, 0
36037,186, 0
36038,192, 0
36039,197, 0
36040,172, 0
36041,126, 9
36042,74, 0
36043,52, 0
36044,75, 0
36045,119, 0
36046,145, 0
36047,169, 0
36048,228, 0
36049,251, 0
36050,222, 0
36051,224, 0
36052,223, 0
36053,234, 0
36054,241, 0
36055,235, 0
36056,213, 0
36057,185, 0
36058,128, 0
36059,74, 0
36060,60, 35
36061,76, 44
36062,85, 43
36063,100, 113
36064,115, 84
36065,93, 57
36066,116, 0
36067,135, 0
36068,130, 0
36069,119, 0
36070,107, 0
36071,108, 0
36072,110, 0
36073,112, 0
36074,89, 0
36075,81, 0
36076,72, 0
36077,78, 0
36078,93, 0
36079,122, 7
36080,166, 28
36081,189, 13
36082,164, 5
36083,127, 6
36084,116, 0
36085,92, 0
36086,89, 0
36087,92, 0
36088,95, 0
36089,93, 0
36090,89, 0
36091,97, 0
36092,80, 0
36093,88, 0
36094,102, 0
36095,107, 0
36096,126, 0
36097,124, 0
36098,123, 0
36099,115, 0
36100,97, 0
36101,71, 0
36102,73, 0
36103,97, 0
36104,136, 0
36105,157, 0
36106,144, 0
36107,159, 0
36108,184, 0
36109,206, 0
36110,205, 0
36111,184, 0
36112,154, 0
36113,120, 0
36114,110, 0
36115,133, 0
36116,171, 0
36117,219, 0
36118,256, 0
36119,280, 0
36120,300, 0
36121,296, 5
36122,279, 95
36123,234, 179
36124,190, 207
36125,153, 165
36126,116, 92
36127,75, 2
36128,43, 0
36129,46, 0
36130,48, 0
36131,76, 0
36132,93, 0
36133,85, 0
36134,44, 0
36135,27, 0
36136,26, 0
36137,32, 0
36138,41, 0
36139,37, 0
36140,32, 0
36141,35, 210
36142,50, 343
36143,47, 517
36144,64, 561
36145,78, 605
36146,97, 480
36147,95, 248
36148,130, 139
36149,156, 10
36150,165, 0
36151,166, 0
36152,152, 0
36153,121, 0
36154,97, 0
36155,93, 4
36156,89, 24
36157,112, 35
36158,130, 67
36159,149, 174
36160,158, 202
36161,168, 276
36162,153, 294
36163,126, 275
36164,109, 190
36165,108, 283
36166,108, 384
36167,128, 348
36168,147, 283
36169,164, 118
36170,185, 61
36171,192, 1
36172,202, 0
36173,205, 0
36174,193, 0
36175,195, 0
36176,184, 0
36177,176, 0
36178,169, 0
36179,158, 0
36180,145, 0
36181,140, 8
36182,137, 0
36183,144, 0
36184,147, 0
36185,163, 0
36186,176, 0
36187,181, 0
36188,183, 0
36189,180, 0
36190,155, 0
36191,133, 0
36192,108, 0
36193,89, 0
36194,85, 0
36195,80, 0
36196,75, 0
36197,74, 0
36198,85, 0
36199,119, 0
36200,141, 0
36201,158, 0
36202,187, 0
36203,163, 0
36204,163, 15
36205,159, 9
36206,158, 95
36207,176, 232
36208,167, 215
36209,169, 150
36210,155, 237
36211,120, 336
36212,83, 242
36213,48, 203
36214,30, 57
36215,44, 0
36216,78, 0
36217,95, 0
36218,95, 0
36219,97, 0
36220,94, 0
36221,96, 0
36222,104, 0
36223,131, 0
36224,155, 0
36225,177, 0
36226,185, 0
36227,177, 0
36228,159, 0
36229,164, 0
36230,154, 0
36231,152, 0
36232,138, 0
36233,133, 0
36234,159, 0
36235,150, 0
36236,165, 0
36237,196, 0
36238,195, 0
36239,166, 0
36240,127, 0
36241,111, 0
36242,106, 0
36243,115, 0
36244,115, 0
36245,122, 0
36246,109, 0
36247,102, 0
36248,96, 0
36249,126, 0
36250,183, 0
36251,238, 0
36252,282, 0
36253,253, 0
36254,203, 0
36255,144, 0
36256,127, 0
36257,77, 0
36258,83, 0
36259,102, 0
36260,133, 0
36261,121, 0
36262,83, 4
36263,38, 11
36264,2, 0
36265,15, 21
36266,45, 0
36267,90, 0
36268,127, 0
36269,148, 0
36270,164, 0
36271,170, 0
36272,180, 0
36273,198, 0
36274,201, 0
36275,182, 78
36276,137, 236
36277,94, 99
36278,50, 0
36279,7, 46
36280,0, 357
36281,0, 674
36282,6, 582
36283,61, 557
36284,97, 607
36285,141, 680
36286,158, 667
36287,171, 570
36288,188, 274
36289,173, 51
36290,170, 0
36291,163, 0
36292,165, 0
36293,168, 0
36294,164, 0
36295,152, 0
36296,127, 0
36297,118, 0
36298,120, 0
36299,141, 0
36300,158, 0
36301,165, 0
36302,159, 0
36303,149, 0
36304,131, 0
36305,110, 0
36306,103, 0
36307,108, 0
36308,118, 0
36309,138, 0
36310,136, 0
36311,131, 0
36312,150, 0
36313,133, 0
36314,132, 0
36315,142, 0
36316,155, 0
36317,192, 0
36318,198, 0
36319,207, 0
36320,198, 18
36321,155, 24
36322,128, 0
36323,113, 0
36324,123, 0
36325,141, 0
36326,140, 0
36327,133, 0
36328,115, 0
36329,99, 0
36330,83, 0
36331,80, 0
36332,76, 0
36333,62, 0
36334,63, 0
36335,76, 0
36336,91, 0
36337,130, 0
36338,137, 0
36339,152, 0
36340,169, 0
36341,180, 0
36342,167, 0
36343,156, 0
36344,138, 0
36345,110, 0
36346,90, 0
36347,105, 0
36348,118, 0
36349,130, 0
36350,136, 0
36351,118, 0
36352,108, 0
36353,119, 0
36354,136, 0
36355,164, 0
36356,173, 0
36357,170, 0
36358,169, 0
36359,169, 0
36360,158, 24
36361,153, 30
36362,143, 21
36363,139, 0
36364,143, 0
36365,110, 0
36366,94, 0
36367,87, 0
36368,95, 0
36369,119, 0
36370,133, 1
36371,144, 0
36372,136, 0
36373,148, 0
36374,172, 0
36375,189, 0
36376,184, 0
36377,149, 0
36378,108, 0
36379,93, 0
36380,99, 0
36381,121, 7
36382,128, 0
36383,135, 0
36384,128, 0
36385,139, 0
36386,147, 0
36387,132, 0
36388,105, 0
36389,83, 0
36390,83, 1
36391,85, 0
36392,107, 0
36393,127, 0
36394,141, 0
36395,152, 0
36396,160, 0
36397,161, 0
36398,157, 0
36399,166, 0
36400,157, 0
36401,159, 0
36402,154, 0
36403,163, 0
36404,163, 0
36405,161, 0
36406,174, 0
36407,145, 0
36408,132, 0
36409,138, 0
36410,121, 0
36411,108, 5
36412,88, 210
36413,102, 673
36414,92, 1051
36415,111, 966
36416,143, 901
36417,150, 738
36418,158, 466
36419,150, 149
36420,138, 0
36421,126, 0
36422,130, 0
36423,135, 0
36424,151, 0
36425,183, 0
36426,183, 0
36427,175, 0
36428,179, 0
36429,159, 0
36430,138, 0
36431,121, 0
36432,108, 0
36433,95, 0
36434,80, 0
36435,42, 0
36436,31, 0
36437,35, 0
36438,71, 0
36439,91, 0
36440,90, 0
36441,70, 0
36442,68, 0
36443,76, 0
36444,89, 0
36445,96, 0
36446,133, 0
36447,118, 0
36448,121, 0
36449,115, 0
36450,117, 0
36451,122, 23
36452,134, 158
36453,159, 347
36454,148, 367
36455,143, 373
36456,158, 322
36457,145, 176
36458,119, 81
36459,92, 19
36460,83, 2
36461,81, 0
36462,106, 0
36463,139, 0
36464,163, 3
36465,170, 0
36466,160, 0
36467,153, 0
36468,154, 0
36469,173, 0
36470,196, 0
36471,195, 0
36472,184, 0
36473,149, 0
36474,154, 0
36475,145, 0
36476,159, 0
36477,181, 0
36478,188, 0
36479,198, 0
36480,189, 0
36481,180, 0
36482,170, 0
36483,153, 0
36484,143, 0
36485,140, 0
36486,156, 0
36487,170, 4
36488,176, 38
36489,191, 25
36490,166, 0
36491,140, 0
36492,160, 0
36493,160, 0
36494,167, 0
36495,158, 0
36496,133, 0
36497,101, 0
36498,100, 0
36499,102, 0
36500,102, 0
36501,103, 0
36502,104, 0
36503,92, 0
36504,74, 0
36505,56, 0
36506,18, 0
36507,10, 1
36508,28, 47
36509,65, 143
36510,117, 309
36511,145, 330
36512,158, 427
36513,168, 267
36514,159, 34
36515,145, 0
36516,131, 0
36517,124, 0
36518,108, 0
36519,83, 0
36520,71, 0
36521,55, 0
36522,80, 0
36523,69, 0
36524,76, 0
36525,95, 0
36526,127, 0
36527,158, 0
36528,168, 0
36529,158, 0
36530,152, 0
36531,159, 0
36532,156, 0
36533,158, 0
36534,153, 0
36535,139, 0
36536,131, 0
36537,123, 3
36538,113, 0
36539,128, 0
36540,137, 0
36541,149, 0
36542,159, 0
36543,157, 0
36544,158, 0
36545,152, 0
36546,145, 0
36547,152, 0
36548,156, 0
36549,157, 0
36550,147, 0
36551,142, 0
36552,133, 0
36553,136, 0
36554,124, 0
36555,105, 101
36556,97, 102
36557,85, 25
36558,85, 22
36559,103, 20
36560,116, 1
36561,131, 0
36562,127, 6
36563,140, 0
36564,139, 3
36565,130, 12
36566,127, 37
36567,124, 97
36568,100, 102
36569,89, 60
36570,91, 0
36571,112, 0
36572,125, 12
36573,149, 0
36574,152, 0
36575,159, 4
36576,166, 0
36577,174, 1
36578,145, 0
36579,142, 0
36580,108, 0
36581,71, 0
36582,64, 0
36583,78, 0
36584,83, 0
36585,99, 0
36586,126, 0
36587,145, 0
36588,160, 0
36589,152, 0
36590,150, 0
36591,144, 0
36592,158, 0
36593,163, 0
36594,161, 0
36595,174, 0
36596,141, 0
36597,126, 0
36598,117, 0
36599,110, 0
36600,110, 0
36601,115, 0
36602,97, 0
36603,94, 0
36604,105, 0
36605,131, 0
36606,148, 0
36607,164, 0
36608,183, 0
36609,176, 0
36610,161, 0
36611,142, 0
36612,122, 0
36613,111, 0
36614,129, 0
36615,161, 0
36616,186, 0
36617,196, 0
36618,193, 4
36619,201, 54
36620,155, 92
36621,115, 70
36622,102, 17
36623,125, 39
36624,150, 34
36625,159, 89
36626,153, 195
36627,152, 127
36628,149, 44
36629,170, 0
36630,161, 0
36631,159, 0
36632,156, 0
36633,145, 0
36634,148, 0
36635,163, 0
36636,176, 0
36637,172, 0
36638,171, 0
36639,150, 0
36640,128, 0
36641,102, 0
36642,88, 0
36643,79, 0
36644,86, 0
36645,96, 0
36646,116, 0
36647,127, 0
36648,135, 0
36649,122, 0
36650,113, 0
36651,112, 0
36652,102, 0
36653,95, 0
36654,104, 0
36655,89, 0
36656,97, 0
36657,109, 0
36658,120, 0
36659,125, 0
36660,125, 0
36661,113, 0
36662,119, 0
36663,125, 0
36664,136, 0
36665,139, 0
36666,137, 3
36667,133, 0
36668,121, 0
36669,123, 2
36670,118, 0
36671,117, 0
36672,118, 0
36673,108, 0
36674,110, 0
36675,131, 0
36676,145, 0
36677,157, 0
36678,149, 0
36679,147, 0
36680,145, 0
36681,148, 0
36682,147, 0
36683,132, 0
36684,133, 14
36685,119, 39
36686,105, 32
36687,100, 30
36688,109, 10
36689,127, 1
36690,138, 0
36691,132, 2
36692,115, 2
36693,104, 0
36694,74, 0
36695,91, 0
36696,103, 0
36697,115, 0
36698,120, 0
36699,129, 0
36700,128, 0
36701,130, 0
36702,123, 0
36703,133, 0
36704,136, 0
36705,150, 8
36706,172, 6
36707,147, 0
36708,141, 0
36709,141, 0
36710,131, 0
36711,121, 5
36712,115, 70
36713,127, 62
36714,150, 12
36715,171, 0
36716,144, 0
36717,95, 0
36718,55, 0
36719,50, 0
36720,70, 0
36721,118, 0
36722,129, 0
36723,144, 0
36724,172, 0
36725,159, 0
36726,149, 0
36727,135, 0
36728,130, 0
36729,137, 0
36730,147, 0
36731,168, 0
36732,193, 0
36733,184, 0
36734,166, 0
36735,154, 0
36736,142, 0
36737,131, 0
36738,134, 0
36739,139, 0
36740,101, 0
36741,93, 0
36742,84, 0
36743,76, 0
36744,120, 0
36745,133, 0
36746,148, 0
36747,160, 0
36748,179, 0
36749,166, 6
36750,159, 0
36751,143, 0
36752,132, 7
36753,127, 95
36754,111, 174
36755,106, 121
36756,110, 157
36757,85, 169
36758,77, 136
36759,95, 92
36760,108, 7
36761,122, 0
36762,131, 0
36763,118, 0
36764,106, 0
36765,108, 0
36766,124, 0
36767,131, 0
36768,144, 0
36769,152, 0
36770,145, 0
36771,128, 0
36772,118, 0
36773,109, 0
36774,128, 0
36775,147, 0
36776,159, 0
36777,164, 0
36778,161, 0
36779,157, 0
36780,158, 0
36781,165, 0
36782,167, 0
36783,181, 0
36784,150, 0
36785,142, 0
36786,140, 0
36787,147, 0
36788,153, 0
36789,155, 0
36790,159, 0
36791,157, 0
36792,159, 0
36793,148, 0
36794,112, 0
36795,85, 0
36796,70, 0
36797,73, 0
36798,92, 0
36799,108, 0
36800,119, 0
36801,121, 5
36802,115, 8
36803,116, 6
36804,120, 0
36805,117, 4
36806,119, 3
36807,109, 0
36808,99, 0
36809,84, 0
36810,96, 0
36811,102, 11
36812,109, 0
36813,112, 6
36814,121, 0
36815,126, 0
36816,134, 0
36817,147, 0
36818,158, 0
36819,143, 0
36820,137, 0
36821,119, 0
36822,119, 0
36823,111, 0
36824,120, 0
36825,139, 0
36826,118, 0
36827,124, 0
36828,123, 0
36829,133, 0
36830,152, 0
36831,151, 0
36832,156, 0
36833,158, 0
36834,153, 0
36835,156, 0
36836,164, 0
36837,169, 0
36838,171, 0
36839,175, 0
36840,173, 0
36841,192, 0
36842,187, 0
36843,189, 0
36844,187, 0
36845,183, 0
36846,179, 0
36847,176, 0
36848,181, 0
36849,159, 0
36850,142, 0
36851,124, 0
36852,101, 0
36853,93, 0
36854,103, 0
36855,115, 0
36856,128, 0
36857,133, 0
36858,128, 6
36859,127, 0
36860,137, 0
36861,166, 0
36862,170, 0
36863,148, 0
36864,127, 0
36865,102, 0
36866,97, 0
36867,106, 3
36868,105, 1
36869,102, 6
36870,120, 8
36871,124, 0
36872,138, 31
36873,159, 9
36874,147, 0
36875,140, 0
36876,131, 0
36877,116, 0
36878,104, 0
36879,108, 0
36880,125, 0
36881,140, 0
36882,148, 0
36883,134, 0
36884,115, 0
36885,77, 0
36886,62, 0
36887,65, 0
36888,89, 0
36889,101, 0
36890,118, 0
36891,134, 0
36892,147, 0
36893,159, 0
36894,164, 0
36895,187, 0
36896,207, 0
36897,227, 0
36898,230, 0
36899,216, 0
36900,192, 0
36901,174, 0
36902,159, 0
36903,151, 0
36904,129, 0
36905,103, 0
36906,76, 0
36907,59, 0
36908,59, 0
36909,89, 3
36910,102, 0
36911,102, 0
36912,93, 0
36913,76, 0
36914,68, 0
36915,75, 0
36916,80, 0
36917,95, 0
36918,94, 0
36919,128, 0
36920,133, 0
36921,142, 0
36922,140, 0
36923,134, 0
36924,136, 0
36925,139, 0
36926,124, 0
36927,127, 0
36928,108, 0
36929,89, 0
36930,79, 0
36931,70, 0
36932,63, 0
36933,43, 10
36934,29, 1
36935,13, 5
36936,17, 0
36937,29, 0
36938,47, 0
36939,62, 0
36940,60, 0
36941,56, 6
36942,65, 0
36943,48, 0
36944,55, 0
36945,57, 0
36946,70, 0
36947,69, 0
36948,79, 0
36949,74, 0
36950,93, 0
36951,119, 0
36952,136, 0
36953,133, 0
36954,139, 0
36955,136, 0
36956,144, 0
36957,152, 0
36958,164, 0
36959,183, 0
36960,204, 0
36961,207, 0
36962,213, 0
36963,193, 0
36964,199, 0
36965,199, 0
36966,193, 0
36967,199, 0
36968,204, 0
36969,207, 0
36970,206, 0
36971,189, 0
36972,183, 0
36973,189, 0
36974,191, 0
36975,199, 0
36976,203, 0
36977,198, 0
36978,191, 0
36979,184, 0
36980,181, 0
36981,181, 0
36982,181, 0
36983,183, 0
36984,177, 0
36985,183, 0
36986,176, 0
36987,172, 0
36988,173, 0
36989,172, 0
36990,165, 0
36991,152, 8
36992,133, 2
36993,128, 0
36994,127, 5
36995,131, 0
36996,126, 0
36997,138, 1
36998,127, 0
36999,120, 0
37000,107, 0
37001,97, 0
37002,103, 2
37003,112, 0
37004,136, 0
37005,102, 0
37006,95, 0
37007,78, 0
37008,100, 0
37009,102, 0
37010,111, 0
37011,111, 0
37012,117, 0
37013,130, 0
37014,136, 0
37015,140, 0
37016,148, 0
37017,164, 0
37018,180, 0
37019,193, 0
37020,183, 0
37021,173, 0
37022,158, 0
37023,134, 0
37024,134, 0
37025,127, 0
37026,121, 0
37027,133, 0
37028,145, 0
37029,144, 0
37030,148, 0
37031,136, 10
37032,121, 21
37033,109, 0
37034,93, 0
37035,108, 0
37036,109, 0
37037,116, 0
37038,99, 19
37039,95, 85
37040,108, 102
37041,108, 132
37042,107, 85
37043,108, 58
37044,100, 12
37045,85, 0
37046,74, 0
37047,67, 0
37048,65, 4
37049,97, 0
37050,91, 2
37051,104, 0
37052,113, 12
37053,115, 6
37054,117, 6
37055,108, 14
37056,104, 0
37057,103, 0
37058,110, 0
37059,118, 0
37060,121, 0
37061,122, 0
37062,115, 0
37063,115, 0
37064,121, 0
37065,127, 0
37066,128, 0
37067,142, 0
37068,151, 0
37069,153, 0
37070,150, 1
37071,144, 0
37072,135, 0
37073,138, 0
37074,145, 0
37075,166, 0
37076,175, 0
37077,161, 0
37078,145, 0
37079,119, 0
37080,130, 0
37081,127, 0
37082,124, 0
37083,124, 0
37084,115, 0
37085,117, 0
37086,109, 0
37087,112, 0
37088,90, 0
37089,88, 0
37090,91, 0
37091,102, 0
37092,118, 0
37093,133, 0
37094,145, 0
37095,166, 0
37096,183, 0
37097,191, 0
37098,201, 0
37099,165, 0
37100,166, 0
37101,159, 0
37102,158, 0
37103,154, 0
37104,145, 0
37105,143, 0
37106,135, 0
37107,141, 0
37108,136, 0
37109,129, 0
37110,142, 0
37111,115, 0
37112,115, 0
37113,115, 2
37114,102, 0
37115,120, 0
37116,128, 6
37117,143, 1
37118,152, 0
37119,149, 0
37120,144, 0
37121,159, 0
37122,152, 0
37123,147, 0
37124,138, 0
37125,120, 0
37126,102, 0
37127,83, 0
37128,88, 0
37129,88, 0
37130,93, 0
37131,93, 0
37132,107, 0
37133,93, 0
37134,101, 0
37135,123, 0
37136,139, 0
37137,158, 0
37138,173, 0
37139,183, 0
37140,183, 0
37141,187, 0
37142,206, 0
37143,204, 0
37144,232, 0
37145,216, 0
37146,232, 0
37147,243, 0
37148,230, 0
37149,220, 0
37150,204, 0
37151,183, 0
37152,179, 0
37153,169, 0
37154,164, 0
37155,157, 0
37156,141, 0
37157,130, 0
37158,116, 0
37159,95, 0
37160,70, 0
37161,58, 0
37162,52, 0
37163,51, 0
37164,58, 0
37165,63, 0
37166,40, 0
37167,37, 0
37168,28, 6
37169,19, 0
37170,19, 0
37171,28, 0
37172,41, 0
37173,63, 0
37174,81, 0
37175,90, 0
37176,103, 0
37177,113, 24
37178,152, 0
37179,143, 0
37180,151, 2
37181,157, 0
37182,172, 0
37183,145, 0
37184,137, 0
37185,137, 0
37186,133, 0
37187,128, 0
37188,110, 0
37189,109, 0
37190,105, 0
37191,108, 0
37192,118, 0
37193,127, 0
37194,143, 0
37195,139, 0
37196,152, 0
37197,155, 0
37198,182, 0
37199,180, 0
37200,179, 0
37201,165, 0
37202,147, 0
37203,144, 0
37204,143, 0
37205,147, 0
37206,149, 0
37207,160, 0
37208,170, 0
37209,167, 0
37210,176, 0
37211,172, 0
37212,158, 0
37213,160, 0
37214,171, 3
37215,164, 0
37216,156, 0
37217,140, 0
37218,131, 0
37219,118, 0
37220,102, 0
37221,90, 0
37222,68, 0
37223,51, 0
37224,60, 0
37225,44, 0
37226,45, 0
37227,45, 0
37228,51, 0
37229,57, 0
37230,64, 0
37231,76, 0
37232,88, 0
37233,104, 0
37234,123, 0
37235,139, 1
37236,147, 0
37237,152, 0
37238,155, 2
37239,151, 11
37240,150, 0
37241,143, 0
37242,136, 0
37243,117, 0
37244,99, 0
37245,102, 0
37246,107, 0
37247,127, 0
37248,133, 0
37249,142, 0
37250,139, 0
37251,125, 0
37252,121, 0
37253,118, 0
37254,110, 0
37255,109, 0
37256,110, 0
37257,128, 0
37258,153, 0
37259,170, 0
37260,181, 0
37261,171, 0
37262,167, 0
37263,170, 0
37264,183, 0
37265,186, 0
37266,183, 0
37267,180, 0
37268,183, 0
37269,164, 0
37270,176, 0
37271,171, 0
37272,169, 0
37273,183, 0
37274,166, 0
37275,158, 0
37276,157, 0
37277,159, 0
37278,159, 0
37279,166, 0
37280,168, 0
37281,164, 0
37282,157, 0
37283,155, 0
37284,156, 0
37285,152, 0
37286,149, 0
37287,144, 0
37288,127, 0
37289,112, 0
37290,95, 6
37291,88, 0
37292,92, 0
37293,99, 0
37294,96, 0
37295,90, 0
37296,100, 0
37297,92, 6
37298,102, 0
37299,93, 32
37300,85, 5
37301,85, 6
37302,78, 3
37303,80, 0
37304,83, 0
37305,115, 0
37306,100, 0
37307,121, 0
37308,120, 0
37309,99, 0
37310,106, 0
37311,93, 0
37312,91, 0
37313,83, 0
37314,81, 0
37315,79, 0
37316,83, 0
37317,91, 0
37318,107, 0
37319,126, 0
37320,133, 0
37321,134, 0
37322,127, 0
37323,145, 0
37324,141, 0
37325,138, 0
37326,151, 0
37327,153, 0
37328,164, 0
37329,181, 0
37330,183, 0
37331,189, 0
37332,191, 0
37333,180, 0
37334,177, 0
37335,152, 0
37336,156, 0
37337,152, 0
37338,145, 0
37339,144, 0
37340,150, 0
37341,152, 0
37342,153, 0
37343,140, 0
37344,136, 0
37345,130, 0
37346,115, 0
37347,121, 0
37348,105, 0
37349,108, 0
37350,108, 0
37351,108, 0
37352,107, 0
37353,110, 0
37354,96, 0
37355,101, 0
37356,127, 0
37357,115, 12
37358,106, 12
37359,95, 4
37360,88, 6
37361,71, 1
37362,76, 0
37363,84, 0
37364,99, 0
37365,108, 0
37366,97, 0
37367,124, 0
37368,136, 0
37369,140, 0
37370,139, 0
37371,145, 0
37372,144, 0
37373,141, 0
37374,147, 0
37375,141, 0
37376,143, 0
37377,143, 0
37378,153, 0
37379,161, 0
37380,161, 0
37381,161, 0
37382,158, 0
37383,153, 0
37384,164, 0
37385,163, 0
37386,177, 0
37387,173, 0
37388,179, 0
37389,168, 0
37390,192, 0
37391,182, 1
37392,183, 0
37393,181, 0
37394,164, 0
37395,159, 0
37396,169, 0
37397,168, 0
37398,182, 0
37399,182, 0
37400,192, 0
37401,204, 0
37402,196, 0
37403,183, 0
37404,159, 0
37405,140, 0
37406,119, 0
37407,91, 6
37408,78, 0
37409,56, 0
37410,46, 0
37411,38, 0
37412,23, 0
37413,17, 0
37414,18, 0
37415,13, 0
37416,10, 0
37417,10, 0
37418,12, 0
37419,18, 2
37420,15, 0
37421,24, 19
37422,23, 14
37423,43, 2
37424,45, 0
37425,44, 0
37426,62, 0
37427,67, 0
37428,69, 0
37429,90, 6
37430,96, 0
37431,108, 0
37432,125, 0
37433,154, 0
37434,174, 0
37435,187, 0
37436,188, 0
37437,191, 0
37438,196, 0
37439,202, 0
37440,207, 0
37441,216, 0
37442,226, 0
37443,239, 0
37444,235, 0
37445,235, 0
37446,206, 0
37447,208, 0
37448,202, 0
37449,185, 0
37450,181, 0
37451,169, 0
37452,158, 0
37453,148, 0
37454,142, 0
37455,139, 0
37456,139, 0
37457,152, 0
37458,160, 0
37459,161, 0
37460,148, 0
37461,127, 0
37462,120, 0
37463,110, 0
37464,89, 0
37465,68, 0
37466,55, 0
37467,41, 0
37468,59, 0
37469,70, 0
37470,79, 0
37471,95, 0
37472,96, 0
37473,102, 0
37474,101, 0
37475,97, 0
37476,97, 0
37477,109, 0
37478,129, 0
37479,136, 3
37480,135, 0
37481,133, 0
37482,136, 9
37483,143, 10
37484,155, 0
37485,158, 0
37486,176, 0
37487,159, 0
37488,164, 0
37489,157, 0
37490,157, 0
37491,141, 0
37492,141, 0
37493,139, 0
37494,152, 0
37495,145, 0
37496,133, 0
37497,129, 0
37498,133, 0
37499,143, 0
37500,176, 0
37501,197, 0
37502,203, 0
37503,207, 0
37504,212, 0
37505,216, 0
37506,221, 0
37507,214, 0
37508,218, 0
37509,222, 0
37510,220, 0
37511,184, 0
37512,207, 0
37513,192, 0
37514,171, 0
37515,167, 0
37516,155, 0
37517,137, 0
37518,115, 0
37519,86, 0
37520,63, 0
37521,40, 0
37522,39, 0
37523,27, 0
37524,31, 0
37525,29, 0
37526,23, 0
37527,37, 0
37528,43, 0
37529,73, 0
37530,96, 0
37531,110, 0
37532,121, 0
37533,116, 0
37534,104, 0
37535,94, 0
37536,93, 0
37537,97, 0
37538,108, 0
37539,155, 0
37540,197, 0
37541,196, 3
37542,207, 15
37543,220, 0
37544,228, 8
37545,229, 9
37546,220, 0
37547,212, 0
37548,210, 0
37549,204, 0
37550,219, 0
37551,231, 4
37552,227, 0
37553,210, 0
37554,193, 0
37555,181, 0
37556,168, 0
37557,140, 0
37558,113, 0
37559,61, 0
37560,17, 0
37561,7, 0
37562,63, 0
37563,118, 0
37564,140, 0
37565,116, 0
37566,67, 0
37567,12, 0
37568,0, 0
37569,8, 0
37570,28, 0
37571,53, 0
37572,84, 0
37573,117, 0
37574,155, 0
37575,174, 0
37576,221, 0
37577,232, 0
37578,244, 0
37579,257, 0
37580,267, 0
37581,270, 0
37582,261, 0
37583,241, 0
37584,239, 0
37585,212, 0
37586,181, 0
37587,158, 0
37588,129, 0
37589,97, 0
37590,80, 0
37591,58, 0
37592,28, 0
37593,2, 0
37594,0, 0
37595,0, 0
37596,0, 0
37597,8, 0
37598,22, 0
37599,34, 0
37600,51, 0
37601,62, 6
37602,80, 0
37603,101, 4
37604,128, 0
37605,152, 0
37606,176, 0
37607,190, 0
37608,201, 0
37609,210, 0
37610,217, 0
37611,206, 0
37612,214, 0
37613,205, 0
37614,191, 0
37615,189, 0
37616,183, 0
37617,167, 0
37618,164, 0
37619,148, 4
37620,154, 0
37621,135, 0
37622,127, 0
37623,127, 0
37624,139, 0
37625,148, 0
37626,151, 0
37627,159, 0
37628,151, 0
37629,172, 0
37630,166, 0
37631,173, 0
37632,183, 0
37633,198, 0
37634,196, 0
37635,196, 0
37636,184, 0
37637,173, 0
37638,170, 0
37639,165, 0
37640,179, 0
37641,187, 0
37642,193, 0
37643,195, 0
37644,190, 0
37645,185, 0
37646,180, 0
37647,164, 0
37648,129, 0
37649,120, 0
37650,95, 0
37651,107, 0
37652,108, 0
37653,122, 0
37654,131, 0
37655,131, 0
37656,127, 6
37657,121, 0
37658,126, 0
37659,129, 0
37660,121, 10
37661,123, 0
37662,113, 0
37663,101, 0
37664,89, 0
37665,91, 24
37666,89, 7
37667,99, 0
37668,116, 0
37669,130, 0
37670,180, 0
37671,204, 0
37672,223, 0
37673,238, 0
37674,243, 0
37675,239, 0
37676,247, 0
37677,258, 0
37678,254, 0
37679,241, 0
37680,204, 0
37681,175, 0
37682,164, 0
37683,145, 0
37684,137, 0
37685,124, 0
37686,101, 0
37687,96, 0
37688,93, 0
37689,86, 0
37690,83, 0
37691,84, 0
37692,62, 0
37693,44, 0
37694,19, 0
37695,0, 0
37696,0, 4
37697,0, 0
37698,2, 0
37699,19, 0
37700,38, 0
37701,59, 0
37702,76, 0
37703,103, 0
37704,120, 0
37705,132, 0
37706,152, 0
37707,168, 0
37708,174, 0
37709,185, 0
37710,191, 0
37711,174, 0
37712,144, 0
37713,102, 0
37714,58, 0
37715,12, 0
37716,0, 0
37717,0, 0
37718,0, 0
37719,2, 0
37720,17, 0
37721,31, 0
37722,43, 0
37723,55, 0
37724,61, 1
37725,63, 0
37726,77, 7
37727,51, 29
37728,52, 0
37729,52, 2
37730,51, 0
37731,72, 0
37732,83, 0
37733,110, 0
37734,127, 0
37735,145, 0
37736,158, 0
37737,168, 0
37738,168, 0
37739,172, 0
37740,166, 0
37741,172, 0
37742,170, 0
37743,177, 0
37744,170, 0
37745,166, 0
37746,181, 0
37747,181, 0
37748,199, 0
37749,213, 0
37750,214, 0
37751,227, 0
37752,248, 0
37753,248, 0
37754,251, 0
37755,258, 0
37756,246, 0
37757,231, 0
37758,220, 0
37759,214, 0
37760,195, 0
37761,210, 0
37762,189, 2
37763,180, 0
37764,163, 0
37765,158, 0
37766,158, 0
37767,163, 0
37768,147, 0
37769,127, 0
37770,115, 0
37771,115, 0
37772,121, 0
37773,135, 0
37774,141, 0
37775,149, 0
37776,171, 0
37777,171, 0
37778,170, 0
37779,166, 0
37780,165, 0
37781,131, 0
37782,139, 0
37783,131, 0
37784,119, 2
37785,122, 0
37786,112, 0
37787,126, 17
37788,129, 0
37789,121, 0
37790,116, 0
37791,137, 0
37792,120, 0
37793,127, 0
37794,133, 0
37795,134, 0
37796,133, 0
37797,134, 0
37798,134, 0
37799,132, 0
37800,104, 0
37801,111, 0
37802,105, 0
37803,117, 0
37804,131, 0
37805,137, 0
37806,153, 0
37807,159, 0
37808,157, 0
37809,156, 0
37810,149, 0
37811,153, 0
37812,154, 0
37813,156, 0
37814,158, 0
37815,158, 0
37816,157, 0
37817,149, 0
37818,149, 0
37819,143, 0
37820,145, 0
37821,150, 0
37822,139, 0
37823,155, 0
37824,161, 0
37825,183, 0
37826,156, 0
37827,158, 0
37828,163, 0
37829,172, 0
37830,183, 0
37831,176, 0
37832,171, 0
37833,171, 0
37834,172, 0
37835,171, 0
37836,159, 0
37837,180, 0
37838,179, 0
37839,173, 0
37840,161, 0
37841,142, 0
37842,105, 0
37843,79, 0
37844,57, 0
37845,37, 9
37846,36, 6
37847,38, 7
37848,42, 17
37849,44, 4
37850,41, 1
37851,35, 0
37852,43, 0
37853,24, 0
37854,17, 0
37855,17, 0
37856,20, 0
37857,29, 0
37858,25, 0
37859,22, 0
37860,17, 0
37861,18, 0
37862,31, 0
37863,34, 0
37864,32, 0
37865,56, 0
37866,34, 0
37867,45, 0
37868,64, 0
37869,71, 0
37870,89, 0
37871,55, 0
37872,31, 0
37873,12, 0
37874,12, 0
37875,20, 0
37876,48, 0
37877,92, 0
37878,150, 0
37879,189, 0
37880,233, 0
37881,258, 0
37882,284, 0
37883,293, 0
37884,300, 0
37885,291, 0
37886,277, 0
37887,263, 0
37888,270, 0
37889,290, 0
37890,294, 0
37891,310, 0
37892,304, 0
37893,313, 0
37894,325, 0
37895,322, 0
37896,307, 0
37897,276, 0
37898,244, 0
37899,196, 0
37900,134, 0
37901,53, 0
37902,6, 0
37903,48, 0
37904,76, 0
37905,69, 0
37906,83, 6
37907,75, 14
37908,74, 5
37909,58, 6
37910,29, 7
37911,0, 0
37912,12, 0
37913,54, 0
37914,102, 0
37915,135, 0
37916,159, 0
37917,176, 0
37918,186, 0
37919,215, 0
37920,258, 0
37921,301, 0
37922,332, 0
37923,348, 0
37924,340, 0
37925,332, 0
37926,325, 0
37927,302, 0
37928,275, 0
37929,214, 0
37930,199, 0
37931,184, 0
37932,170, 0
37933,141, 0
37934,121, 0
37935,89, 0
37936,60, 0
37937,40, 0
37938,31, 0
37939,25, 0
37940,14, 0
37941,1, 0
37942,6, 0
37943,31, 0
37944,54, 0
37945,79, 0
37946,121, 0
37947,198, 0
37948,270, 0
37949,308, 0
37950,300, 0
37951,269, 0
37952,216, 0
37953,147, 0
37954,94, 0
37955,23, 0
37956,1, 6
37957,34, 0
37958,89, 0
37959,143, 0
37960,196, 0
37961,255, 0
37962,315, 0
37963,371, 0
37964,414, 0
37965,433, 6
37966,436, 0
37967,430, 5
37968,437, 0
37969,438, 5
37970,465, 1
37971,463, 9
37972,478, 13
37973,467, 0
37974,439, 0
37975,403, 0
37976,370, 0
37977,345, 0
37978,331, 0
37979,308, 0
37980,269, 0
37981,204, 0
37982,174, 0
37983,143, 0
37984,110, 0
37985,89, 0
37986,71, 0
37987,54, 0
37988,34, 0
37989,38, 0
37990,41, 0
37991,38, 0
37992,46, 0
37993,31, 0
37994,27, 0
37995,25, 0
37996,38, 0
37997,57, 0
37998,68, 0
37999,55, 0
38000,38, 0
38001,37, 0
38002,50, 0
38003,75, 0
38004,95, 0
38005,125, 0
38006,147, 0
38007,151, 0
38008,135, 0
38009,107, 0
38010,95, 0
38011,108, 0
38012,117, 0
38013,102, 0
38014,99, 0
38015,102, 0
38016,107, 0
38017,128, 0
38018,138, 0
38019,145, 0
38020,158, 0
38021,152, 0
38022,164, 0
38023,184, 0
38024,205, 0
38025,238, 0
38026,259, 0
38027,300, 0
38028,322, 0
38029,330, 4
38030,332, 0
38031,342, 0
38032,342, 0
38033,344, 0
38034,348, 0
38035,336, 0
38036,324, 0
38037,283, 0
38038,229, 0
38039,136, 0
38040,23, 0
38041,35, 0
38042,77, 0
38043,88, 0
38044,45, 0
38045,5, 0
38046,9, 0
38047,58, 0
38048,126, 0
38049,157, 0
38050,207, 0
38051,245, 0
38052,266, 0
38053,275, 0
38054,254, 0
38055,242, 0
38056,244, 0
38057,214, 0
38058,188, 0
38059,158, 0
38060,101, 0
38061,76, 0
38062,32, 0
38063,2, 0
38064,12, 0
38065,62, 0
38066,87, 0
38067,86, 0
38068,63, 0
38069,19, 0
38070,0, 0
38071,3, 0
38072,15, 0
38073,42, 0
38074,76, 0
38075,103, 0
38076,129, 0
38077,90, 0
38078,107, 0
38079,112, 0
38080,151, 0
38081,185, 0
38082,210, 0
38083,205, 0
38084,221, 0
38085,245, 0
38086,277, 0
38087,331, 0
38088,337, 0
38089,371, 7
38090,371, 0
38091,367, 4
38092,364, 11
38093,332, 19
38094,298, 0
38095,256, 3
38096,232, 0
38097,220, 0
38098,223, 0
38099,208, 0
38100,154, 0
38101,90, 0
38102,17, 0
38103,59, 0
38104,150, 0
38105,238, 0
38106,278, 0
38107,246, 0
38108,189, 0
38109,127, 0
38110,54, 0
38111,6, 0
38112,48, 0
38113,105, 0
38114,159, 0
38115,219, 0
38116,268, 0
38117,312, 0
38118,336, 0
38119,333, 0
38120,330, 0
38121,277, 0
38122,247, 0
38123,238, 0
38124,223, 0
38125,205, 0
38126,197, 0
38127,170, 0
38128,124, 0
38129,83, 0
38130,43, 0
38131,13, 0
38132,12, 0
38133,12, 0
38134,3, 0
38135,0, 0
38136,4, 0
38137,27, 0
38138,73, 0
38139,143, 0
38140,181, 0
38141,220, 0
38142,223, 0
38143,205, 0
38144,181, 6
38145,149, 0
38146,110, 0
38147,70, 0
38148,38, 2
38149,25, 0
38150,29, 4
38151,41, 0
38152,55, 8
38153,68, 1
38154,73, 6
38155,85, 0
38156,110, 1
38157,137, 0
38158,181, 0
38159,235, 0
38160,295, 4
38161,348, 0
38162,395, 0
38163,453, 0
38164,442, 0
38165,433, 0
38166,395, 0
38167,324, 0
38168,251, 0
38169,164, 0
38170,97, 0
38171,17, 0
38172,6, 0
38173,65, 0
38174,135, 0
38175,169, 0
38176,160, 0
38177,136, 0
38178,70, 0
38179,8, 0
38180,39, 0
38181,128, 0
38182,188, 0
38183,274, 0
38184,340, 0
38185,388, 0
38186,413, 0
38187,399, 0
38188,375, 0
38189,333, 0
38190,300, 0
38191,253, 0
38192,205, 0
38193,190, 0
38194,159, 0
38195,157, 0
38196,148, 0
38197,138, 0
38198,95, 0
38199,50, 0
38200,32, 0
38201,31, 0
38202,59, 0
38203,105, 0
38204,170, 0
38205,227, 0
38206,269, 0
38207,278, 0
38208,277, 0
38209,234, 0
38210,215, 0
38211,176, 12
38212,102, 0
38213,11, 5
38214,28, 2
38215,38, 17
38216,13, 5
38217,0, 6
38218,12, 5
38219,38, 0
38220,55, 0
38221,89, 0
38222,95, 0
38223,122, 0
38224,111, 0
38225,74, 0
38226,45, 0
38227,32, 0
38228,41, 0
38229,25, 0
38230,3, 0
38231,18, 0
38232,63, 0
38233,136, 0
38234,226, 0
38235,289, 0
38236,369, 0
38237,415, 0
38238,432, 0
38239,441, 0
38240,436, 0
38241,420, 0
38242,393, 0
38243,348, 0
38244,308, 0
38245,253, 0
38246,207, 0
38247,170, 0
38248,130, 0
38249,78, 0
38250,41, 0
38251,39, 0
38252,59, 0
38253,101, 0
38254,126, 0
38255,144, 0
38256,147, 0
38257,147, 0
38258,145, 0
38259,143, 0
38260,152, 0
38261,145, 0
38262,100, 0
38263,51, 0
38264,1, 0
38265,0, 0
38266,0, 0
38267,24, 0
38268,88, 0
38269,164, 0
38270,195, 0
38271,230, 0
38272,247, 1
38273,258, 0
38274,261, 7
38275,292, 0
38276,326, 31
38277,353, 4
38278,356, 0
38279,308, 0
38280,281, 0
38281,251, 0
38282,237, 0
38283,231, 0
38284,243, 0
38285,253, 0
38286,227, 0
38287,173, 0
38288,72, 0
38289,4, 0
38290,40, 0
38291,36, 0
38292,4, 0
38293,40, 0
38294,94, 0
38295,128, 0
38296,122, 0
38297,110, 0
38298,95, 0
38299,97, 0
38300,67, 0
38301,20, 0
38302,18, 0
38303,110, 0
38304,171, 0
38305,184, 0
38306,148, 0
38307,95, 0
38308,14, 0
38309,41, 0
38310,118, 0
38311,155, 0
38312,189, 0
38313,222, 0
38314,258, 0
38315,297, 0
38316,360, 0
38317,404, 0
38318,413, 0
38319,383, 0
38320,344, 0
38321,293, 6
38322,254, 0
38323,226, 0
38324,224, 0
38325,277, 0
38326,313, 0
38327,326, 0
38328,294, 0
38329,203, 0
38330,96, 0
38331,25, 0
38332,0, 0
38333,23, 8
38334,55, 0
38335,43, 1
38336,2, 0
38337,63, 24
38338,152, 0
38339,233, 1
38340,314, 0
38341,391, 0
38342,487, 0
38343,584, 0
38344,614, 0
38345,704, 0
38346,765, 0
38347,803, 0
38348,788, 0
38349,711, 0
38350,571, 0
38351,395, 0
38352,258, 0
38353,75, 0
38354,139, 0
38355,437, 0
38356,695, 0
38357,855, 0
38358,922, 0
38359,904, 0
38360,823, 0
38361,700, 0
38362,564, 0
38363,445, 0
38364,301, 0
38365,148, 0
38366,19, 0
38367,75, 0
38368,171, 0
38369,254, 0
38370,330, 0
38371,357, 0
38372,348, 0
38373,286, 0
38374,205, 0
38375,108, 0
38376,67, 0
38377,39, 0
38378,27, 0
38379,17, 0
38380,1, 0
38381,2, 0
38382,40, 0
38383,83, 0
38384,76, 0
38385,5, 0
38386,77, 0
38387,226, 0
38388,362, 0
38389,481, 0
38390,594, 0
38391,673, 0
38392,732, 0
38393,751, 0
38394,725, 0
38395,678, 0
38396,624, 0
38397,494, 0
38398,343, 0
38399,183, 0
38400,39, 0
38401,0, 0
38402,0, 0
38403,54, 0
38404,120, 0
38405,139, 0
38406,152, 0
38407,159, 0
38408,201, 0
38409,239, 0
38410,273, 0
38411,302, 0
38412,267, 0
38413,216, 0
38414,132, 0
38415,78, 0
38416,62, 0
38417,48, 0
38418,48, 0
38419,103, 0
38420,135, 0
38421,155, 0
38422,139, 0
38423,91, 0
38424,17, 0
38425,9, 0
38426,70, 0
38427,76, 0
38428,40, 0
38429,7, 0
38430,12, 0
38431,0, 0
38432,0, 0
38433,4, 0
38434,52, 0
38435,111, 0
38436,155, 0
38437,232, 0
38438,338, 0
38439,436, 0
38440,498, 0
38441,481, 0
38442,398, 0
38443,287, 0
38444,216, 0
38445,176, 0
38446,121, 0
38447,70, 0
38448,7, 0
38449,6, 0
38450,64, 0
38451,135, 0
38452,176, 0
38453,167, 0
38454,157, 0
38455,104, 0
38456,38, 0
38457,2, 0
38458,6, 21
38459,31, 3
38460,89, 0
38461,136, 11
38462,167, 0
38463,202, 0
38464,226, 0
38465,281, 0
38466,304, 0
38467,271, 0
38468,221, 0
38469,183, 0
38470,183, 0
38471,238, 0
38472,329, 4
38473,379, 0
38474,385, 0
38475,294, 0
38476,206, 0
38477,127, 0
38478,102, 0
38479,103, 0
38480,164, 0
38481,223, 0
38482,248, 0
38483,220, 0
38484,228, 0
38485,202, 0
38486,134, 0
38487,52, 0
38488,0, 0
38489,12, 0
38490,104, 0
38491,227, 0
38492,317, 0
38493,354, 0
38494,294, 0
38495,196, 5
38496,137, 0
38497,155, 0
38498,216, 0
38499,269, 0
38500,283, 0
38501,251, 0
38502,161, 0
38503,87, 0
38504,21, 0
38505,2, 5
38506,24, 0
38507,28, 0
38508,48, 0
38509,77, 0
38510,63, 0
38511,34, 0
38512,23, 0
38513,19, 0
38514,6, 0
38515,0, 2
38516,21, 0
38517,87, 4
38518,161, 0
38519,239, 10
38520,258, 11
38521,297, 0
38522,344, 0
38523,353, 0
38524,304, 0
38525,183, 0
38526,95, 0
38527,75, 0
38528,83, 0
38529,57, 0
38530,23, 0
38531,1, 0
38532,0, 0
38533,28, 0
38534,90, 0
38535,159, 0
38536,215, 0
38537,251, 0
38538,259, 0
38539,281, 0
38540,261, 0
38541,206, 0
38542,144, 0
38543,60, 0
38544,5, 0
38545,60, 0
38546,83, 0
38547,38, 0
38548,3, 0
38549,67, 0
38550,131, 0
38551,173, 0
38552,187, 0
38553,223, 0
38554,226, 0
38555,256, 0
38556,272, 0
38557,286, 0
38558,302, 0
38559,343, 0
38560,348, 0
38561,326, 0
38562,251, 0
38563,199, 0
38564,234, 0
38565,373, 0
38566,535, 0
38567,640, 0
38568,659, 0
38569,657, 0
38570,656, 2
38571,632, 0
38572,548, 0
38573,396, 0
38574,171, 0
38575,35, 0
38576,216, 0
38577,402, 1
38578,494, 4
38579,540, 0
38580,566, 3
38581,487, 12
38582,396, 9
38583,287, 3
38584,196, 12
38585,126, 0
38586,60, 0
38587,4, 0
38588,14, 0
38589,73, 0
38590,108, 0
38591,87, 0
38592,25, 0
38593,10, 0
38594,1, 0
38595,0, 0
38596,0, 0
38597,1, 0
38598,31, 0
38599,104, 0
38600,233, 0
38601,385, 0
38602,494, 0
38603,538, 0
38604,562, 2
38605,579, 0
38606,593, 0
38607,579, 0
38608,552, 0
38609,481, 0
38610,368, 0
38611,302, 0
38612,327, 0
38613,439, 0
38614,603, 0
38615,763, 0
38616,883, 0
38617,946, 3
38618,938, 0
38619,891, 0
38620,809, 0
38621,712, 0
38622,580, 0
38623,361, 0
38624,74, 0
38625,222, 0
38626,486, 0
38627,707, 0
38628,843, 0
38629,875, 0
38630,829, 0
38631,780, 0
38632,766, 0
38633,766, 0
38634,740, 0
38635,689, 0
38636,666, 0
38637,571, 0
38638,495, 0
38639,384, 0
38640,259, 10
38641,120, 4
38642,13, 9
38643,108, 0
38644,182, 0
38645,168, 0
38646,156, 0
38647,156, 0
38648,165, 0
38649,216, 0
38650,286, 0
38651,351, 0
38652,391, 0
38653,420, 0
38654,402, 0
38655,339, 0
38656,275, 0
38657,238, 0
38658,233, 0
38659,298, 0
38660,388, 0
38661,469, 0
38662,547, 0
38663,643, 0
38664,674, 0
38665,683, 0
38666,576, 0
38667,480, 0
38668,418, 0
38669,342, 0
38670,240, 0
38671,179, 0
38672,171, 0
38673,217, 0
38674,281, 0
38675,342, 0
38676,374, 0
38677,437, 0
38678,479, 0
38679,477, 0
38680,378, 0
38681,278, 0
38682,262, 0
38683,294, 0
38684,328, 0
38685,340, 0
38686,286, 0
38687,120, 0
38688,31, 8
38689,155, 0
38690,237, 0
38691,235, 0
38692,181, 0
38693,138, 0
38694,170, 0
38695,326, 0
38696,526, 0
38697,695, 0
38698,700, 0
38699,590, 0
38700,439, 1
38701,306, 0
38702,196, 0
38703,127, 0
38704,43, 5
38705,22, 0
38706,127, 0
38707,201, 0
38708,233, 0
38709,228, 4
38710,217, 0
38711,244, 0
38712,301, 0
38713,343, 0
38714,395, 0
38715,401, 0
38716,374, 0
38717,336, 0
38718,295, 0
38719,276, 0
38720,285, 0
38721,308, 0
38722,321, 0
38723,291, 0
38724,339, 0
38725,473, 0
38726,618, 0
38727,715, 0
38728,753, 0
38729,708, 0
38730,625, 0
38731,525, 0
38732,488, 0
38733,476, 0
38734,487, 0
38735,452, 0
38736,321, 0
38737,131, 0
38738,43, 0
38739,2, 0
38740,14, 0
38741,139, 0
38742,370, 0
38743,564, 0
38744,609, 0
38745,518, 0
38746,370, 0
38747,201, 0
38748,57, 0
38749,0, 6
38750,4, 0
38751,6, 0
38752,0, 0
38753,20, 0
38754,56, 7
38755,70, 0
38756,57, 0
38757,53, 0
38758,87, 6
38759,116, 0
38760,169, 0
38761,253, 0
38762,325, 0
38763,373, 0
38764,374, 1
38765,373, 0
38766,393, 0
38767,427, 0
38768,452, 0
38769,488, 0
38770,510, 2
38771,509, 0
38772,522, 0
38773,555, 0
38774,593, 0
38775,619, 0
38776,589, 0
38777,547, 0
38778,529, 0
38779,535, 0
38780,563, 0
38781,510, 0
38782,339, 0
38783,92, 0
38784,80, 0
38785,196, 0
38786,232, 0
38787,232, 0
38788,220, 0
38789,229, 0
38790,262, 0
38791,362, 0
38792,487, 0
38793,484, 0
38794,386, 0
38795,220, 0
38796,51, 0
38797,86, 0
38798,282, 0
38799,509, 0
38800,694, 0
38801,874, 0
38802,1047, 0
38803,1173, 0
38804,1179, 0
38805,1051, 0
38806,816, 0
38807,515, 0
38808,152, 0
38809,163, 0
38810,473, 0
38811,695, 0
38812,845, 0
38813,976, 0
38814,1069, 0
38815,1064, 0
38816,974, 0
38817,843, 0
38818,700, 0
38819,501, 0
38820,259, 0
38821,51, 0
38822,52, 0
38823,168, 0
38824,260, 3
38825,312, 0
38826,349, 1
38827,328, 3
38828,338, 0
38829,391, 0
38830,473, 0
38831,559, 0
38832,612, 0
38833,587, 0
38834,460, 0
38835,231, 0
38836,31, 0
38837,116, 0
38838,164, 0
38839,137, 0
38840,65, 0
38841,3, 0
38842,38, 0
38843,99, 0
38844,164, 0
38845,237, 0
38846,295, 0
38847,334, 0
38848,387, 0
38849,423, 0
38850,488, 0
38851,549, 0
38852,554, 0
38853,496, 0
38854,361, 0
38855,210, 0
38856,56, 0
38857,45, 0
38858,210, 0
38859,368, 0
38860,512, 0
38861,644, 0
38862,716, 0
38863,646, 0
38864,510, 0
38865,311, 0
38866,104, 0
38867,31, 0
38868,163, 0
38869,265, 0
38870,361, 0
38871,454, 0
38872,536, 0
38873,603, 0
38874,631, 0
38875,642, 0
38876,619, 0
38877,607, 0
38878,630, 0
38879,620, 0
38880,551, 0
38881,428, 0
38882,297, 0
38883,234, 0
38884,235, 0
38885,258, 0
38886,331, 0
38887,398, 3
38888,488, 0
38889,631, 0
38890,774, 0
38891,883, 0
38892,916, 0
38893,901, 0
38894,838, 0
38895,673, 0
38896,386, 0
38897,76, 0
38898,232, 0
38899,467, 0
38900,553, 0
38901,521, 0
38902,389, 0
38903,239, 0
38904,125, 0
38905,26, 0
38906,14, 0
38907,94, 0
38908,171, 0
38909,206, 0
38910,226, 0
38911,245, 0
38912,223, 0
38913,159, 0
38914,68, 0
38915,3, 0
38916,12, 0
38917,76, 0
38918,170, 0
38919,287, 0
38920,361, 0
38921,391, 0
38922,374, 0
38923,345, 0
38924,289, 0
38925,296, 0
38926,326, 0
38927,336, 0
38928,282, 0
38929,179, 0
38930,46, 0
38931,44, 0
38932,153, 0
38933,218, 0
38934,228, 0
38935,200, 0
38936,153, 0
38937,92, 0
38938,72, 0
38939,101, 0
38940,148, 0
38941,244, 0
38942,343, 0
38943,432, 0
38944,521, 0
38945,607, 0
38946,642, 15
38947,663, 0
38948,619, 0
38949,584, 0
38950,612, 0
38951,749, 0
38952,860, 0
38953,900, 0
38954,889, 0
38955,846, 0
38956,694, 0
38957,461, 0
38958,196, 0
38959,26, 0
38960,65, 0
38961,137, 0
38962,177, 0
38963,171, 0
38964,111, 0
38965,63, 0
38966,75, 0
38967,138, 0
38968,183, 0
38969,189, 0
38970,155, 0
38971,46, 0
38972,14, 0
38973,54, 0
38974,63, 0
38975,84, 0
38976,108, 0
38977,46, 0
38978,10, 0
38979,94, 0
38980,125, 0
38981,28, 0
38982,183, 0
38983,456, 0
38984,640, 0
38985,764, 0
38986,830, 0
38987,865, 0
38988,838, 0
38989,696, 0
38990,432, 0
38991,100, 0
38992,284, 0
38993,548, 0
38994,603, 0
38995,538, 0
38996,430, 0
38997,276, 0
38998,115, 0
38999,8, 7
39000,51, 0
39001,68, 0
39002,105, 0
39003,85, 1
39004,24, 0
39005,4, 10
39006,18, 0
39007,68, 39
39008,139, 0
39009,226, 0
39010,284, 0
39011,275, 0
39012,170, 0
39013,36, 0
39014,47, 0
39015,153, 0
39016,223, 0
39017,224, 0
39018,184, 0
39019,87, 0
39020,25, 0
39021,28, 0
39022,73, 0
39023,175, 0
39024,238, 0
39025,285, 0
39026,294, 0
39027,317, 0
39028,317, 0
39029,354, 0
39030,390, 0
39031,396, 0
39032,399, 0
39033,379, 0
39034,339, 0
39035,292, 0
39036,266, 0
39037,278, 0
39038,301, 0
39039,391, 0
39040,476, 0
39041,552, 0
39042,666, 0
39043,777, 0
39044,834, 0
39045,844, 0
39046,800, 0
39047,738, 0
39048,650, 0
39049,464, 0
39050,152, 0
39051,189, 0
39052,505, 0
39053,650, 0
39054,622, 0
39055,467, 1
39056,293, 0
39057,138, 0
39058,17, 0
39059,12, 0
39060,53, 0
39061,130, 0
39062,272, 0
39063,439, 0
39064,533, 0
39065,517, 0
39066,402, 0
39067,180, 0
39068,44, 0
39069,193, 8
39070,333, 0
39071,440, 0
39072,499, 0
39073,493, 0
39074,403, 0
39075,238, 0
39076,45, 2
39077,56, 0
39078,150, 0
39079,208, 0
39080,274, 0
39081,329, 0
39082,383, 0
39083,446, 0
39084,468, 0
39085,441, 0
39086,344, 0
39087,157, 0
39088,69, 0
39089,287, 0
39090,393, 0
39091,356, 0
39092,206, 0
39093,37, 0
39094,199, 0
39095,428, 0
39096,607, 0
39097,736, 0
39098,788, 0
39099,777, 0
39100,684, 0
39101,554, 0
39102,464, 0
39103,464, 0
39104,519, 0
39105,561, 0
39106,497, 0
39107,311, 0
39108,95, 0
39109,28, 0
39110,145, 0
39111,202, 0
39112,204, 0
39113,239, 0
39114,284, 0
39115,307, 0
39116,341, 0
39117,402, 0
39118,418, 0
39119,383, 0
39120,291, 0
39121,175, 0
39122,42, 0
39123,12, 0
39124,81, 0
39125,133, 0
39126,137, 0
39127,102, 0
39128,10, 3
39129,43, 5
39130,47, 25
39131,10, 2
39132,72, 3
39133,169, 6
39134,236, 0
39135,253, 0
39136,263, 0
39137,307, 0
39138,349, 0
39139,404, 0
39140,427, 0
39141,385, 0
39142,326, 0
39143,245, 0
39144,159, 0
39145,125, 0
39146,152, 0
39147,248, 0
39148,391, 0
39149,553, 0
39150,700, 0
39151,803, 0
39152,888, 0
39153,906, 0
39154,853, 0
39155,799, 0
39156,668, 0
39157,504, 0
39158,353, 0
39159,238, 0
39160,71, 0
39161,174, 0
39162,439, 0
39163,540, 0
39164,426, 0
39165,169, 0
39166,88, 0
39167,297, 0
39168,426, 0
39169,540, 0
39170,599, 0
39171,564, 0
39172,389, 0
39173,138, 0
39174,68, 0
39175,273, 0
39176,424, 0
39177,491, 0
39178,493, 0
39179,503, 0
39180,543, 0
39181,591, 0
39182,613, 0
39183,612, 0
39184,538, 0
39185,383, 0
39186,189, 0
39187,31, 0
39188,176, 0
39189,347, 0
39190,494, 4
39191,556, 7
39192,594, 6
39193,582, 0
39194,518, 0
39195,374, 0
39196,159, 0
39197,44, 0
39198,183, 0
39199,224, 0
39200,181, 0
39201,83, 0
39202,5, 0
39203,26, 0
39204,57, 0
39205,94, 0
39206,150, 0
39207,226, 0
39208,352, 0
39209,473, 0
39210,564, 4
39211,588, 0
39212,576, 0
39213,543, 0
39214,481, 0
39215,380, 0
39216,318, 0
39217,317, 0
39218,391, 0
39219,433, 0
39220,413, 0
39221,312, 0
39222,240, 0
39223,227, 0
39224,292, 0
39225,386, 0
39226,430, 0
39227,389, 0
39228,293, 0
39229,187, 0
39230,96, 0
39231,47, 0
39232,43, 0
39233,46, 0
39234,25, 0
39235,19, 0
39236,54, 0
39237,151, 6
39238,257, 0
39239,377, 0
39240,491, 0
39241,542, 0
39242,551, 0
39243,547, 0
39244,462, 0
39245,276, 0
39246,70, 0
39247,334, 1
39248,468, 0
39249,441, 5
39250,359, 0
39251,272, 5
39252,217, 25
39253,211, 0
39254,215, 14
39255,217, 0
39256,234, 0
39257,238, 0
39258,188, 4
39259,84, 0
39260,6, 0
39261,38, 0
39262,35, 0
39263,44, 0
39264,69, 0
39265,70, 0
39266,43, 0
39267,27, 0
39268,12, 0
39269,0, 0
39270,14, 0
39271,52, 0
39272,72, 0
39273,69, 0
39274,55, 0
39275,18, 0
39276,101, 0
39277,218, 0
39278,296, 0
39279,365, 0
39280,438, 0
39281,547, 2
39282,685, 0
39283,795, 0
39284,829, 0
39285,835, 0
39286,762, 0
39287,600, 0
39288,437, 0
39289,289, 0
39290,232, 0
39291,256, 0
39292,284, 0
39293,240, 0
39294,144, 0
39295,67, 0
39296,26, 0
39297,38, 0
39298,119, 0
39299,188, 0
39300,219, 0
39301,168, 0
39302,62, 0
39303,7, 6
39304,29, 0
39305,12, 0
39306,166, 0
39307,375, 0
39308,512, 0
39309,546, 0
39310,505, 3
39311,415, 0
39312,296, 0
39313,134, 0
39314,23, 0
39315,0, 0
39316,7, 0
39317,22, 0
39318,7, 0
39319,88, 0
39320,279, 0
39321,369, 0
39322,273, 0
39323,88, 0
39324,12, 0
39325,18, 0
39326,6, 0
39327,50, 0
39328,12, 0
39329,125, 0
39330,313, 0
39331,454, 0
39332,516, 0
39333,530, 0
39334,516, 0
39335,469, 0
39336,346, 0
39337,147, 0
39338,63, 0
39339,253, 0
39340,367, 0
39341,385, 0
39342,330, 0
39343,232, 0
39344,121, 0
39345,28, 0
39346,1, 0
39347,55, 0
39348,122, 0
39349,196, 0
39350,239, 0
39351,227, 0
39352,170, 0
39353,102, 0
39354,78, 0
39355,144, 0
39356,233, 0
39357,324, 0
39358,370, 0
39359,417, 0
39360,517, 0
39361,669, 0
39362,842, 0
39363,894, 0
39364,763, 4
39365,447, 0
39366,89, 0
39367,301, 0
39368,577, 15
39369,648, 0
39370,603, 0
39371,507, 5
39372,368, 14
39373,193, 0
39374,26, 9
39375,93, 0
39376,214, 6
39377,294, 3
39378,446, 0
39379,607, 0
39380,740, 0
39381,806, 0
39382,771, 0
39383,622, 0
39384,428, 0
39385,212, 0
39386,29, 0
39387,64, 0
39388,207, 0
39389,353, 0
39390,436, 0
39391,464, 0
39392,464, 0
39393,452, 0
39394,344, 0
39395,183, 0
39396,26, 0
39397,135, 0
39398,294, 0
39399,431, 0
39400,516, 0
39401,541, 0
39402,537, 0
39403,410, 0
39404,224, 0
39405,29, 0
39406,127, 0
39407,259, 0
39408,332, 0
39409,351, 0
39410,238, 0
39411,75, 0
39412,65, 0
39413,265, 0
39414,435, 0
39415,564, 0
39416,704, 0
39417,830, 0
39418,927, 0
39419,947, 0
39420,888, 0
39421,742, 0
39422,546, 0
39423,344, 0
39424,161, 0
39425,26, 4
39426,17, 0
39427,72, 0
39428,109, 0
39429,188, 0
39430,277, 0
39431,356, 0
39432,347, 0
39433,290, 0
39434,232, 0
39435,138, 1
39436,24, 12
39437,165, 0
39438,361, 0
39439,506, 0
39440,605, 0
39441,616, 0
39442,483, 0
39443,256, 0
39444,38, 0
39445,123, 0
39446,196, 0
39447,223, 0
39448,226, 0
39449,156, 0
39450,101, 0
39451,19, 0
39452,97, 0
39453,240, 0
39454,369, 0
39455,458, 0
39456,508, 0
39457,517, 0
39458,516, 0
39459,530, 0
39460,529, 0
39461,513, 0
39462,530, 0
39463,569, 0
39464,572, 1
39465,465, 0
39466,223, 0
39467,47, 0
39468,230, 0
39469,377, 0
39470,457, 0
39471,491, 0
39472,466, 0
39473,351, 0
39474,164, 0
39475,27, 0
39476,158, 0
39477,202, 0
39478,150, 0
39479,90, 0
39480,96, 0
39481,152, 0
39482,226, 0
39483,237, 0
39484,214, 0
39485,139, 0
39486,79, 0
39487,65, 0
39488,89, 0
39489,159, 0
39490,230, 0
39491,300, 0
39492,375, 0
39493,419, 2
39494,391, 0
39495,314, 0
39496,280, 7
39497,286, 0
39498,371, 0
39499,440, 0
39500,446, 0
39501,329, 0
39502,166, 0
39503,56, 0
39504,28, 0
39505,36, 0
39506,71, 0
39507,80, 0
39508,19, 0
39509,30, 0
39510,48, 0
39511,32, 0
39512,28, 0
39513,105, 0
39514,238, 0
39515,380, 0
39516,434, 0
39517,368, 0
39518,244, 0
39519,84, 0
39520,2, 0
39521,37, 0
39522,88, 0
39523,115, 0
39524,166, 0
39525,223, 0
39526,287, 0
39527,338, 0
39528,368, 0
39529,360, 0
39530,300, 0
39531,278, 0
39532,264, 0
39533,306, 0
39534,348, 0
39535,365, 0
39536,360, 0
39537,336, 0
39538,268, 0
39539,198, 0
39540,139, 0
39541,92, 0
39542,38, 0
39543,0, 0
39544,2, 0
39545,19, 0
39546,83, 0
39547,143, 0
39548,203, 0
39549,252, 0
39550,295, 0
39551,337, 0
39552,349, 0
39553,339, 0
39554,311, 0
39555,276, 0
39556,254, 0
39557,259, 0
39558,256, 0
39559,207, 0
39560,143, 0
39561,57, 0
39562,21, 0
39563,29, 0
39564,60, 0
39565,84, 0
39566,134, 0
39567,183, 0
39568,222, 0
39569,293, 0
39570,317, 0
39571,287, 0
39572,249, 0
39573,176, 0
39574,159, 0
39575,196, 0
39576,247, 0
39577,291, 0
39578,325, 0
39579,352, 0
39580,402, 0
39581,451, 0
39582,499, 0
39583,535, 0
39584,504, 0
39585,357, 0
39586,133, 1
39587,44, 0
39588,207, 0
39589,298, 0
39590,245, 0
39591,115, 0
39592,12, 0
39593,118, 0
39594,204, 0
39595,276, 0
39596,342, 0
39597,357, 0
39598,337, 0
39599,296, 0
39600,199, 0
39601,50, 0
39602,53, 0
39603,99, 0
39604,89, 0
39605,22, 0
39606,31, 0
39607,196, 0
39608,354, 0
39609,464, 0
39610,464, 0
39611,379, 0
39612,189, 0
39613,51, 6
39614,233, 0
39615,345, 2
39616,342, 0
39617,324, 4
39618,287, 0
39619,310, 0
39620,318, 1
39621,295, 0
39622,237, 0
39623,159, 0
39624,104, 0
39625,44, 0
39626,9, 0
39627,107, 0
39628,238, 0
39629,312, 0
39630,299, 0
39631,135, 0
39632,57, 0
39633,229, 0
39634,370, 0
39635,499, 0
39636,510, 0
39637,420, 0
39638,260, 0
39639,106, 0
39640,38, 0
39641,20, 0
39642,19, 0
39643,0, 0
39644,54, 0
39645,165, 0
39646,270, 0
39647,333, 0
39648,348, 0
39649,361, 0
39650,373, 0
39651,420, 0
39652,505, 0
39653,614, 0
39654,704, 0
39655,758, 0
39656,751, 0
39657,712, 0
39658,625, 0
39659,480, 0
39660,265, 0
39661,44, 0
39662,127, 0
39663,199, 0
39664,189, 0
39665,76, 0
39666,54, 0
39667,219, 0
39668,330, 0
39669,365, 0
39670,327, 0
39671,249, 0
39672,202, 0
39673,81, 0
39674,12, 3
39675,73, 0
39676,38, 3
39677,6, 0
39678,81, 0
39679,172, 2
39680,271, 1
39681,326, 0
39682,337, 0
39683,375, 0
39684,361, 0
39685,332, 0
39686,323, 0
39687,346, 0
39688,346, 0
39689,332, 0
39690,296, 0
39691,276, 0
39692,237, 0
39693,264, 0
39694,349, 0
39695,399, 0
39696,410, 0
39697,336, 0
39698,245, 0
39699,155, 0
39700,77, 0
39701,52, 0
39702,48, 0
39703,89, 0
39704,148, 0
39705,212, 0
39706,239, 0
39707,227, 0
39708,229, 0
39709,244, 0
39710,242, 0
39711,214, 0
39712,164, 0
39713,157, 0
39714,168, 0
39715,193, 0
39716,264, 0
39717,351, 0
39718,419, 0
39719,487, 0
39720,543, 0
39721,597, 0
39722,606, 0
39723,552, 0
39724,446, 0
39725,333, 2
39726,171, 0
39727,22, 0
39728,63, 0
39729,119, 0
39730,100, 0
39731,22, 0
39732,77, 0
39733,177, 0
39734,241, 0
39735,222, 0
39736,133, 0
39737,26, 6
39738,128, 13
39739,348, 6
39740,521, 7
39741,657, 17
39742,679, 0
39743,627, 0
39744,569, 0
39745,501, 0
39746,452, 6
39747,372, 0
39748,252, 0
39749,123, 0
39750,19, 0
39751,119, 0
39752,234, 0
39753,265, 0
39754,235, 0
39755,155, 0
39756,83, 0
39757,57, 0
39758,60, 0
39759,44, 0
39760,7, 0
39761,0, 0
39762,9, 0
39763,95, 0
39764,210, 0
39765,298, 0
39766,327, 0
39767,341, 0
39768,348, 0
39769,368, 0
39770,390, 0
39771,404, 0
39772,415, 0
39773,436, 0
39774,421, 0
39775,376, 0
39776,325, 0
39777,324, 0
39778,345, 0
39779,342, 0
39780,284, 0
39781,238, 0
39782,241, 0
39783,344, 0
39784,485, 0
39785,596, 0
39786,610, 0
39787,563, 0
39788,475, 0
39789,336, 0
39790,158, 0
39791,44, 0
39792,238, 0
39793,373, 0
39794,446, 0
39795,462, 0
39796,420, 0
39797,355, 0
39798,282, 1
39799,228, 0
39800,167, 5
39801,89, 9
39802,12, 17
39803,1, 0
39804,2, 0
39805,17, 4
39806,70, 0
39807,125, 6
39808,168, 0
39809,207, 0
39810,214, 0
39811,181, 0
39812,135, 0
39813,132, 0
39814,160, 0
39815,190, 0
39816,232, 0
39817,220, 0
39818,232, 0
39819,210, 0
39820,170, 0
39821,100, 0
39822,53, 0
39823,76, 0
39824,104, 0
39825,149, 0
39826,187, 0
39827,222, 0
39828,248, 0
39829,256, 0
39830,269, 0
39831,257, 0
39832,259, 0
39833,230, 0
39834,176, 0
39835,156, 0
39836,155, 0
39837,157, 0
39838,157, 0
39839,182, 0
39840,205, 0
39841,232, 0
39842,249, 0
39843,269, 0
39844,294, 0
39845,264, 0
39846,283, 0
39847,291, 0
39848,279, 0
39849,281, 0
39850,306, 0
39851,329, 0
39852,338, 0
39853,337, 0
39854,336, 0
39855,351, 0
39856,305, 0
39857,234, 0
39858,164, 0
39859,101, 1
39860,57, 0
39861,38, 0
39862,44, 3
39863,51, 6
39864,79, 0
39865,105, 0
39866,117, 0
39867,103, 0
39868,91, 0
39869,62, 0
39870,21, 0
39871,6, 0
39872,64, 0
39873,103, 0
39874,101, 0
39875,86, 0
39876,74, 0
39877,86, 0
39878,37, 0
39879,5, 0
39880,75, 0
39881,158, 0
39882,251, 0
39883,285, 0
39884,323, 0
39885,325, 0
39886,323, 0
39887,315, 0
39888,317, 0
39889,308, 0
39890,318, 0
39891,274, 0
39892,238, 0
39893,176, 0
39894,113, 0
39895,51, 0
39896,9, 0
39897,25, 0
39898,61, 0
39899,124, 0
39900,147, 0
39901,136, 0
39902,84, 0
39903,95, 0
39904,181, 0
39905,307, 0
39906,380, 0
39907,413, 0
39908,404, 0
39909,436, 0
39910,487, 0
39911,506, 0
39912,469, 0
39913,402, 0
39914,298, 0
39915,189, 0
39916,106, 0
39917,29, 0
39918,12, 4
39919,106, 0
39920,220, 0
39921,315, 0
39922,357, 0
39923,406, 12
39924,408, 35
39925,334, 2
39926,172, 3
39927,19, 0
39928,133, 0
39929,221, 0
39930,196, 0
39931,117, 0
39932,21, 0
39933,136, 0
39934,193, 0
39935,191, 0
39936,130, 0
39937,29, 0
39938,35, 0
39939,138, 0
39940,203, 0
39941,211, 0
39942,204, 0
39943,153, 0
39944,96, 0
39945,44, 0
39946,40, 0
39947,79, 0
39948,93, 0
39949,76, 0
39950,11, 0
39951,0, 0
39952,14, 0
39953,42, 0
39954,74, 0
39955,95, 0
39956,123, 0
39957,148, 0
39958,195, 0
39959,263, 0
39960,340, 0
39961,424, 0
39962,505, 0
39963,542, 0
39964,561, 0
39965,558, 0
39966,540, 0
39967,503, 0
39968,452, 0
39969,407, 0
39970,331, 0
39971,232, 0
39972,123, 0
39973,19, 0
39974,117, 0
39975,230, 0
39976,246, 0
39977,195, 0
39978,112, 0
39979,41, 0
39980,6, 0
39981,0, 6
39982,0, 6
39983,6, 11
39984,48, 7
39985,129, 0
39986,207, 0
39987,257, 0
39988,258, 0
39989,245, 0
39990,238, 0
39991,238, 0
39992,232, 0
39993,179, 0
39994,142, 0
39995,95, 0
39996,118, 0
39997,172, 0
39998,234, 0
39999,238, 0
40000,244, 0
40001,238, 0
40002,227, 0
40003,212, 0
40004,208, 0
40005,196, 0
40006,168, 0
40007,153, 0
40008,164, 0
40009,191, 0
40010,222, 0
40011,204, 0
40012,206, 0
40013,215, 0
40014,232, 0
40015,234, 0
40016,224, 0
40017,184, 0
40018,169, 0
40019,170, 0
40020,187, 0
40021,188, 0
40022,200, 0
40023,203, 0
40024,203, 0
40025,192, 0
40026,175, 0
40027,137, 0
40028,83, 0
40029,51, 0
40030,63, 0
40031,83, 0
40032,118, 0
40033,133, 0
40034,153, 0
40035,154, 6
40036,168, 0
40037,183, 0
40038,193, 10
40039,201, 0
40040,189, 0
40041,171, 0
40042,126, 2
40043,81, 0
40044,67, 0
40045,65, 0
40046,67, 0
40047,64, 0
40048,91, 0
40049,119, 0
40050,136, 0
40051,123, 0
40052,126, 0
40053,117, 0
40054,97, 0
40055,90, 0
40056,80, 0
40057,89, 0
40058,76, 0
40059,71, 0
40060,71, 0
40061,58, 0
40062,65, 0
40063,63, 0
40064,89, 0
40065,107, 0
40066,129, 0
40067,136, 0
40068,144, 0
40069,155, 0
40070,170, 0
40071,196, 0
40072,196, 0
40073,180, 0
40074,165, 0
40075,132, 0
40076,88, 0
40077,38, 0
40078,22, 0
40079,45, 0
40080,93, 0
40081,132, 0
40082,167, 0
40083,186, 0
40084,196, 0
40085,185, 0
40086,204, 0
40087,219, 0
40088,213, 0
40089,201, 0
40090,170, 0
40091,145, 0
40092,105, 0
40093,83, 0
40094,23, 0
40095,0, 0
40096,0, 0
40097,25, 0
40098,27, 0
40099,23, 0
40100,4, 0
40101,0, 0
40102,0, 1
40103,9, 8
40104,5, 5
40105,1, 19
40106,32, 27
40107,67, 12
40108,83, 0
40109,103, 0
40110,92, 0
40111,96, 0
40112,116, 0
40113,103, 0
40114,110, 0
40115,139, 0
40116,181, 0
40117,207, 0
40118,260, 0
40119,284, 0
40120,296, 0
40121,297, 0
40122,319, 0
40123,337, 0
40124,343, 0
40125,355, 0
40126,347, 0
40127,317, 0
40128,259, 0
40129,214, 0
40130,223, 0
40131,238, 0
40132,232, 0
40133,211, 0
40134,197, 0
40135,213, 0
40136,244, 0
40137,218, 0
40138,132, 0
40139,70, 0
40140,3, 0
40141,0, 0
40142,0, 0
40143,0, 0
40144,0, 0
40145,6, 0
40146,43, 0
40147,89, 0
40148,93, 0
40149,61, 0
40150,11, 0
40151,2, 0
40152,27, 0
40153,43, 0
40154,47, 0
40155,63, 0
40156,84, 0
40157,89, 0
40158,94, 0
40159,123, 0
40160,125, 0
40161,133, 0
40162,145, 0
40163,142, 0
40164,167, 0
40165,201, 0
40166,229, 5
40167,254, 44
40168,240, 19
40169,232, 12
40170,207, 6
40171,195, 0
40172,150, 0
40173,105, 0
40174,89, 0
40175,91, 0
40176,134, 0
40177,160, 0
40178,180, 0
40179,174, 0
40180,168, 0
40181,152, 0
40182,133, 0
40183,132, 0
40184,135, 0
40185,150, 0
40186,176, 0
40187,192, 0
40188,185, 0
40189,176, 0
40190,167, 0
40191,166, 0
40192,179, 0
40193,180, 0
40194,184, 0
40195,180, 0
40196,170, 0
40197,149, 0
40198,144, 0
40199,124, 0
40200,108, 0
40201,84, 0
40202,69, 0
40203,52, 0
40204,57, 0
40205,68, 0
40206,90, 0
40207,140, 0
40208,156, 0
40209,179, 0
40210,188, 0
40211,183, 0
40212,159, 0
40213,149, 0
40214,122, 0
40215,128, 0
40216,115, 5
40217,76, 0
40218,40, 0
40219,38, 1
40220,56, 0
40221,92, 0
40222,133, 6
40223,186, 13
40224,224, 7
40225,260, 0
40226,286, 0
40227,322, 0
40228,317, 0
40229,322, 2
40230,301, 0
40231,267, 0
40232,254, 0
40233,203, 0
40234,176, 0
40235,154, 0
40236,160, 0
40237,186, 0
40238,188, 0
40239,188, 0
40240,186, 0
40241,170, 0
40242,152, 0
40243,138, 0
40244,150, 0
40245,169, 0
40246,180, 0
40247,189, 0
40248,198, 0
40249,177, 0
40250,139, 0
40251,130, 0
40252,119, 0
40253,124, 0
40254,133, 0
40255,132, 0
40256,113, 0
40257,97, 4
40258,96, 0
40259,95, 0
40260,92, 0
40261,79, 0
40262,64, 1
40263,65, 0
40264,70, 0
40265,67, 0
40266,64, 20
40267,63, 10
40268,63, 0
40269,71, 12
40270,77, 0
40271,92, 0
40272,101, 0
40273,100, 0
40274,106, 0
40275,111, 0
40276,124, 0
40277,118, 0
40278,95, 0
40279,59, 0
40280,39, 0
40281,35, 0
40282,51, 0
40283,77, 0
40284,95, 0
40285,94, 0
40286,85, 0
40287,71, 0
40288,70, 1
40289,61, 4
40290,67, 1
40291,83, 0
40292,99, 0
40293,105, 0
40294,104, 0
40295,106, 4
40296,92, 0
40297,101, 0
40298,105, 0
40299,105, 0
40300,116, 0
40301,107, 0
40302,92, 0
40303,75, 0
40304,62, 0
40305,56, 0
40306,65, 0
40307,76, 0
40308,95, 0
40309,118, 0
40310,123, 0
40311,124, 0
40312,121, 0
40313,121, 0
40314,123, 0
40315,124, 0
40316,133, 0
40317,145, 0
40318,141, 0
40319,161, 0
40320,166, 0
40321,165, 0
40322,175, 0
40323,184, 0
40324,195, 12
40325,191, 1
40326,196, 9
40327,199, 24
40328,206, 21
40329,191, 0
40330,187, 0
40331,187, 0
40332,181, 0
40333,164, 0
40334,160, 0
40335,157, 0
40336,145, 0
40337,138, 0
40338,127, 0
40339,119, 0
40340,112, 0
40341,123, 0
40342,136, 0
40343,135, 0
40344,121, 0
40345,101, 0
40346,96, 0
40347,76, 0
40348,76, 0
40349,83, 0
40350,88, 28
40351,109, 0
40352,133, 0
40353,158, 0
40354,150, 0
40355,150, 0
40356,140, 0
40357,139, 0
40358,125, 0
40359,141, 0
40360,133, 0
40361,140, 0
40362,135, 0
40363,152, 0
40364,139, 0
40365,133, 0
40366,128, 0
40367,127, 0
40368,126, 0
40369,135, 0
40370,115, 0
40371,97, 0
40372,89, 0
40373,90, 0
40374,76, 0
40375,102, 0
40376,115, 0
40377,142, 0
40378,159, 0
40379,181, 0
40380,190, 0
40381,204, 0
40382,196, 0
40383,193, 0
40384,181, 0
40385,159, 0
40386,143, 0
40387,139, 0
40388,111, 0
40389,110, 0
40390,99, 0
40391,97, 0
40392,95, 0
40393,108, 0
40394,123, 0
40395,130, 0
40396,133, 0
40397,128, 0
40398,134, 0
40399,136, 0
40400,137, 5
40401,133, 9
40402,132, 1
40403,121, 0
40404,113, 0
40405,104, 0
40406,124, 0
40407,130, 0
40408,130, 0
40409,108, 0
40410,89, 0
40411,74, 0
40412,92, 0
40413,92, 0
40414,89, 0
40415,87, 0
40416,81, 0
40417,87, 0
40418,87, 0
40419,109, 0
40420,92, 0
40421,95, 0
40422,95, 0
40423,100, 0
40424,96, 0
40425,88, 0
40426,92, 0
40427,112, 0
40428,129, 0
40429,138, 0
40430,140, 0
40431,141, 0
40432,148, 0
40433,155, 0
40434,155, 0
40435,159, 0
40436,163, 0
40437,167, 0
40438,159, 0
40439,179, 0
40440,180, 0
40441,181, 0
40442,183, 0
40443,185, 0
40444,172, 0
40445,173, 0
40446,173, 0
40447,170, 0
40448,174, 0
40449,164, 0
40450,173, 0
40451,189, 0
40452,196, 0
40453,205, 0
40454,200, 0
40455,183, 0
40456,169, 0
40457,152, 0
40458,133, 0
40459,119, 0
40460,103, 0
40461,89, 0
40462,71, 0
40463,58, 0
40464,68, 0
40465,76, 0
40466,58, 0
40467,52, 0
40468,35, 0
40469,42, 0
40470,55, 0
40471,62, 0
40472,76, 0
40473,83, 0
40474,95, 0
40475,86, 0
40476,120, 0
40477,122, 0
40478,123, 0
40479,130, 0
40480,139, 0
40481,141, 0
40482,142, 0
40483,149, 0
40484,160, 0
40485,166, 0
40486,182, 0
40487,166, 0
40488,169, 0
40489,181, 0
40490,187, 0
40491,205, 0
40492,200, 0
40493,196, 0
40494,176, 0
40495,177, 0
40496,185, 0
40497,191, 0
40498,198, 0
40499,183, 0
40500,186, 0
40501,187, 0
40502,171, 0
40503,172, 0
40504,160, 1
40505,160, 0
40506,153, 0
40507,137, 0
40508,128, 0
40509,104, 0
40510,111, 0
40511,108, 0
40512,107, 0
40513,102, 0
40514,101, 0
40515,97, 0
40516,87, 0
40517,86, 0
40518,102, 0
40519,107, 0
40520,120, 0
40521,121, 0
40522,124, 0
40523,106, 0
40524,100, 0
40525,92, 0
40526,102, 0
40527,117, 0
40528,126, 0
40529,109, 4
40530,127, 7
40531,120, 21
40532,113, 22
40533,108, 71
40534,104, 26
40535,102, 0
40536,76, 0
40537,89, 0
40538,88, 0
40539,101, 0
40540,107, 0
40541,115, 0
40542,115, 0
40543,108, 0
40544,95, 0
40545,99, 0
40546,99, 0
40547,91, 0
40548,101, 0
40549,107, 0
40550,111, 0
40551,122, 0
40552,130, 0
40553,135, 0
40554,138, 0
40555,134, 0
40556,124, 0
40557,127, 0
40558,130, 0
40559,140, 0
40560,139, 0
40561,149, 0
40562,149, 0
40563,141, 0
40564,152, 0
40565,149, 0
40566,156, 0
40567,164, 1
40568,161, 0
40569,164, 0
40570,140, 0
40571,149, 0
40572,164, 0
40573,170, 0
40574,170, 0
40575,165, 0
40576,155, 0
40577,142, 0
40578,127, 0
40579,127, 0
40580,116, 0
40581,135, 0
40582,150, 0
40583,169, 0
40584,144, 0
40585,137, 0
40586,121, 0
40587,132, 0
40588,129, 0
40589,132, 1
40590,132, 1
40591,141, 27
40592,141, 18
40593,145, 12
40594,145, 69
40595,138, 28
40596,137, 0
40597,131, 10
40598,128, 0
40599,130, 0
40600,127, 0
40601,120, 0
40602,115, 0
40603,89, 0
40604,87, 0
40605,91, 0
40606,103, 0
40607,113, 0
40608,107, 0
40609,105, 0
40610,102, 0
40611,100, 0
40612,103, 0
40613,116, 0
40614,107, 0
40615,108, 0
40616,111, 0
40617,115, 0
40618,128, 0
40619,128, 0
40620,128, 0
40621,128, 0
40622,132, 0
40623,145, 0
40624,133, 0
40625,141, 0
40626,145, 0
40627,141, 0
40628,139, 0
40629,145, 0
40630,150, 0
40631,133, 0
40632,139, 0
40633,134, 0
40634,133, 0
40635,129, 0
40636,133, 0
40637,127, 0
40638,113, 0
40639,102, 0
40640,97, 0
40641,97, 0
40642,89, 0
40643,108, 0
40644,109, 0
40645,105, 0
40646,105, 0
40647,97, 0
40648,94, 0
40649,99, 0
40650,89, 0
40651,85, 5
40652,83, 13
40653,84, 7
40654,94, 13
40655,88, 53
40656,86, 39
40657,89, 6
40658,86, 0
40659,94, 0
40660,93, 0
40661,97, 0
40662,102, 0
40663,111, 0
40664,117, 0
40665,108, 0
40666,115, 0
40667,133, 0
40668,129, 0
40669,132, 0
40670,150, 0
40671,134, 0
40672,140, 0
40673,145, 0
40674,152, 0
40675,165, 0
40676,175, 0
40677,183, 0
40678,182, 0
40679,177, 0
40680,180, 0
40681,184, 0
40682,192, 0
40683,208, 0
40684,207, 0
40685,226, 0
40686,240, 0
40687,244, 0
40688,226, 0
40689,218, 0
40690,208, 0
40691,208, 0
40692,205, 0
40693,214, 0
40694,206, 0
40695,198, 0
40696,195, 0
40697,177, 0
40698,192, 0
40699,179, 0
40700,165, 0
40701,152, 0
40702,140, 0
40703,139, 0
40704,145, 0
40705,148, 0
40706,143, 0
40707,130, 0
40708,103, 0
40709,99, 0
40710,94, 0
40711,92, 0
40712,87, 0
40713,80, 0
40714,87, 0
40715,93, 0
40716,102, 0
40717,97, 0
40718,131, 0
40719,106, 0
40720,89, 0
40721,122, 0
40722,111, 0
40723,121, 0
40724,123, 0
40725,121, 0
40726,104, 0
40727,89, 0
40728,80, 0
40729,70, 0
40730,59, 11
40731,79, 0
40732,57, 0
40733,56, 0
40734,69, 0
40735,84, 0
40736,92, 0
40737,95, 0
40738,95, 0
40739,91, 0
40740,77, 0
40741,92, 0
40742,92, 0
40743,108, 0
40744,116, 0
40745,127, 0
40746,139, 0
40747,145, 0
40748,142, 0
40749,147, 0
40750,148, 0
40751,150, 0
40752,145, 0
40753,140, 0
40754,139, 0
40755,136, 0
40756,144, 0
40757,157, 0
40758,161, 0
40759,164, 0
40760,153, 0
40761,158, 0
40762,174, 0
40763,173, 0
40764,189, 0
40765,188, 0
40766,179, 0
40767,153, 0
40768,136, 0
40769,103, 0
40770,103, 0
40771,128, 0
40772,113, 0
40773,115, 0
40774,119, 0
40775,116, 0
40776,125, 0
40777,129, 26
40778,136, 0
40779,127, 0
40780,120, 0
40781,92, 0
40782,106, 0
40783,102, 0
40784,94, 0
40785,91, 0
40786,92, 0
40787,87, 0
40788,85, 0
40789,92, 0
40790,89, 0
40791,85, 0
40792,76, 0
40793,89, 0
40794,101, 0
40795,107, 0
40796,142, 0
40797,158, 0
40798,159, 0
40799,158, 0
40800,153, 0
40801,149, 0
40802,148, 0
40803,153, 0
40804,158, 0
40805,159, 0
40806,157, 0
40807,160, 0
40808,159, 0
40809,164, 0
40810,159, 0
40811,156, 0
40812,155, 1
40813,147, 0
40814,139, 0
40815,137, 0
40816,132, 0
40817,120, 0
40818,115, 0
40819,116, 0
40820,121, 0
40821,115, 0
40822,101, 0
40823,92, 0
40824,95, 0
40825,102, 0
40826,102, 0
40827,106, 0
40828,111, 0
40829,133, 0
40830,139, 0
40831,148, 4
40832,141, 0
40833,129, 2
40834,131, 0
40835,123, 2
40836,145, 0
40837,125, 0
40838,133, 0
40839,141, 0
40840,136, 0
40841,139, 0
40842,125, 0
40843,115, 0
40844,109, 0
40845,119, 0
40846,131, 0
40847,132, 0
40848,120, 0
40849,121, 0
40850,119, 0
40851,106, 0
40852,119, 0
40853,99, 0
40854,88, 0
40855,102, 0
40856,112, 0
40857,127, 0
40858,139, 0
40859,133, 0
40860,124, 0
40861,127, 0
40862,139, 0
40863,144, 0
40864,151, 0
40865,160, 0
40866,161, 0
40867,151, 0
40868,148, 0
40869,135, 0
40870,134, 0
40871,133, 0
40872,138, 0
40873,144, 0
40874,157, 0
40875,136, 0
40876,152, 0
40877,148, 0
40878,142, 0
40879,136, 0
40880,137, 0
40881,134, 0
40882,129, 0
40883,118, 0
40884,115, 0
40885,117, 0
40886,124, 0
40887,129, 0
40888,132, 0
40889,136, 0
40890,135, 0
40891,135, 0
40892,144, 0
40893,148, 0
40894,143, 2
40895,142, 0
40896,142, 0
40897,134, 0
40898,136, 1
40899,123, 12
40900,123, 0
40901,122, 0
40902,128, 0
40903,115, 0
40904,132, 0
40905,140, 0
40906,125, 0
40907,143, 0
40908,152, 0
40909,145, 0
40910,152, 0
40911,151, 0
40912,141, 0
40913,137, 0
40914,136, 0
40915,133, 0
40916,133, 0
40917,129, 0
40918,129, 0
40919,121, 0
40920,127, 0
40921,142, 0
40922,134, 0
40923,137, 0
40924,131, 0
40925,127, 0
40926,126, 0
40927,120, 0
40928,122, 0
40929,129, 0
40930,134, 0
40931,135, 0
40932,133, 0
40933,116, 0
40934,123, 0
40935,133, 0
40936,139, 0
40937,149, 0
40938,127, 0
40939,118, 0
40940,115, 0
40941,111, 0
40942,115, 0
40943,113, 0
40944,108, 0
40945,109, 0
40946,102, 0
40947,116, 0
40948,121, 0
40949,112, 0
40950,115, 0
40951,124, 0
40952,133, 0
40953,148, 0
40954,150, 0
40955,159, 0
40956,139, 0
40957,133, 0
40958,126, 0
40959,113, 0
40960,109, 3
40961,94, 0
40962,106, 11
40963,96, 0
40964,95, 0
40965,106, 0
40966,112, 0
40967,119, 0
40968,137, 0
40969,119, 0
40970,119, 0
40971,125, 0
40972,137, 0
40973,143, 0
40974,148, 0
40975,138, 0
40976,138, 0
40977,139, 0
40978,135, 0
40979,142, 0
40980,139, 0
40981,145, 0
40982,145, 0
40983,145, 0
40984,151, 0
40985,156, 0
40986,158, 0
40987,152, 0
40988,138, 0
40989,136, 0
40990,129, 0
40991,129, 0
40992,131, 0
40993,139, 0
40994,139, 0
40995,139, 0
40996,133, 0
40997,139, 0
40998,150, 0
40999,158, 0
41000,160, 0
41001,170, 0
41002,190, 0
41003,163, 0
41004,141, 0
41005,118, 0
41006,107, 0
41007,102, 0
41008,113, 0
41009,121, 0
41010,128, 4
41011,127, 0
41012,122, 0
41013,118, 0
41014,118, 0
41015,116, 0
41016,115, 14
41017,124, 0
41018,126, 31
41019,117, 6
41020,138, 6
41021,128, 24
41022,118, 25
41023,112, 14
41024,112, 23
41025,110, 0
41026,115, 0
41027,117, 0
41028,102, 0
41029,112, 0
41030,112, 0
41031,101, 0
41032,105, 0
41033,95, 0
41034,115, 0
41035,140, 0
41036,132, 0
41037,125, 0
41038,121, 0
41039,132, 0
41040,144, 0
41041,157, 0
41042,160, 0
41043,154, 0
41044,145, 0
41045,134, 0
41046,135, 0
41047,154, 0
41048,150, 0
41049,152, 0
41050,154, 0
41051,164, 0
41052,179, 0
41053,181, 0
41054,159, 0
41055,147, 0
41056,126, 0
41057,125, 0
41058,130, 0
41059,132, 0
41060,139, 0
41061,141, 0
41062,134, 0
41063,131, 0
41064,133, 0
41065,121, 0
41066,109, 0
41067,103, 0
41068,111, 0
41069,116, 6
41070,119, 0
41071,118, 3
41072,115, 0
41073,108, 0
41074,106, 0
41075,108, 0
41076,125, 0
41077,129, 0
41078,132, 0
41079,117, 0
41080,126, 0
41081,128, 0
41082,115, 12
41083,110, 6
41084,102, 2
41085,116, 0
41086,116, 0
41087,118, 0
41088,115, 0
41089,127, 0
41090,121, 0
41091,126, 0
41092,115, 0
41093,130, 0
41094,145, 0
41095,143, 0
41096,131, 0
41097,126, 4
41098,122, 0
41099,127, 0
41100,132, 0
41101,134, 0
41102,151, 0
41103,159, 0
41104,144, 0
41105,139, 0
41106,139, 0
41107,127, 0
41108,125, 0
41109,121, 0
41110,116, 0
41111,121, 0
41112,130, 0
41113,129, 0
41114,134, 0
41115,135, 0
41116,133, 0
41117,129, 0
41118,127, 0
41119,127, 0
41120,128, 0
41121,132, 0
41122,131, 0
41123,129, 0
41124,134, 0
41125,131, 0
41126,130, 0
41127,123, 0
41128,108, 0
41129,104, 0
41130,96, 0
41131,99, 0
41132,108, 1
41133,112, 5
41134,115, 0
41135,107, 10
41136,137, 25
41137,151, 12
41138,172, 13
41139,158, 7
41140,148, 3
41141,121, 0
41142,109, 0
41143,97, 0
41144,108, 0
41145,122, 0
41146,127, 0
41147,115, 0
41148,113, 0
41149,100, 0
41150,113, 0
41151,129, 0
41152,134, 0
41153,140, 0
41154,144, 0
41155,151, 0
41156,144, 0
41157,139, 0
41158,134, 0
41159,133, 0
41160,140, 0
41161,159, 0
41162,176, 0
41163,185, 0
41164,190, 0
41165,180, 0
41166,170, 0
41167,155, 0
41168,168, 0
41169,171, 0
41170,163, 4
41171,176, 0
41172,167, 0
41173,176, 0
41174,183, 0
41175,184, 0
41176,166, 0
41177,176, 0
41178,171, 0
41179,174, 0
41180,170, 0
41181,161, 0
41182,155, 0
41183,151, 0
41184,141, 0
41185,141, 0
41186,138, 0
41187,131, 0
41188,138, 0
41189,125, 0
41190,139, 0
41191,111, 0
41192,120, 0
41193,123, 0
41194,125, 0
41195,125, 0
41196,115, 0
41197,99, 0
41198,108, 0
41199,108, 0
41200,100, 0
41201,95, 0
41202,65, 0
41203,57, 0
41204,57, 0
41205,64, 0
41206,83, 7
41207,88, 1
41208,80, 0
41209,74, 0
41210,50, 0
41211,44, 0
41212,47, 0
41213,54, 0
41214,71, 0
41215,80, 0
41216,93, 0
41217,99, 0
41218,97, 0
41219,122, 0
41220,105, 0
41221,110, 0
41222,121, 0
41223,142, 0
41224,158, 0
41225,138, 0
41226,127, 0
41227,132, 0
41228,130, 0
41229,152, 0
41230,160, 0
41231,155, 0
41232,145, 0
41233,147, 0
41234,150, 0
41235,153, 0
41236,173, 0
41237,160, 0
41238,164, 0
41239,169, 0
41240,171, 0
41241,153, 0
41242,161, 0
41243,153, 0
41244,139, 0
41245,127, 0
41246,122, 0
41247,115, 10
41248,88, 15
41249,76, 0
41250,87, 0
41251,111, 0
41252,129, 0
41253,147, 0
41254,158, 0
41255,173, 0
41256,183, 0
41257,159, 0
41258,147, 0
41259,115, 0
41260,127, 0
41261,127, 0
41262,129, 6
41263,103, 0
41264,108, 20
41265,106, 58
41266,118, 45
41267,131, 14
41268,153, 0
41269,175, 0
41270,185, 0
41271,173, 0
41272,169, 0
41273,153, 0
41274,139, 0
41275,145, 0
41276,149, 0
41277,152, 0
41278,154, 0
41279,148, 0
41280,148, 0
41281,144, 0
41282,139, 0
41283,143, 0
41284,154, 0
41285,166, 0
41286,164, 0
41287,164, 0
41288,159, 0
41289,152, 0
41290,143, 0
41291,135, 0
41292,134, 0
41293,133, 0
41294,140, 0
41295,121, 0
41296,108, 0
41297,94, 0
41298,79, 0
41299,38, 0
41300,17, 0
41301,12, 0
41302,14, 0
41303,26, 0
41304,31, 0
41305,20, 0
41306,22, 0
41307,19, 0
41308,19, 0
41309,20, 0
41310,20, 0
41311,28, 0
41312,41, 0
41313,70, 0
41314,80, 0
41315,95, 0
41316,103, 0
41317,102, 0
41318,110, 0
41319,117, 0
41320,115, 0
41321,113, 1
41322,126, 1
41323,147, 0
41324,171, 0
41325,187, 0
41326,189, 0
41327,187, 0
41328,207, 0
41329,191, 0
41330,205, 0
41331,211, 0
41332,218, 0
41333,226, 0
41334,233, 0
41335,238, 0
41336,233, 0
41337,235, 0
41338,232, 0
41339,216, 0
41340,199, 25
41341,182, 71
41342,167, 176
41343,159, 151
41344,157, 145
41345,170, 168
41346,144, 130
41347,169, 76
41348,186, 21
41349,201, 5
41350,197, 9
41351,188, 0
41352,177, 0
41353,171, 0
41354,181, 0
41355,183, 0
41356,197, 0
41357,192, 0
41358,197, 0
41359,164, 0
41360,170, 0
41361,149, 0
41362,132, 0
41363,123, 0
41364,113, 0
41365,112, 0
41366,107, 0
41367,117, 0
41368,108, 0
41369,104, 0
41370,88, 0
41371,76, 0
41372,72, 0
41373,68, 0
41374,70, 0
41375,76, 0
41376,83, 0
41377,85, 0
41378,85, 0
41379,84, 0
41380,99, 0
41381,102, 0
41382,100, 0
41383,105, 0
41384,102, 0
41385,129, 0
41386,115, 0
41387,123, 0
41388,128, 0
41389,132, 0
41390,128, 0
41391,143, 3
41392,125, 20
41393,123, 38
41394,118, 77
41395,96, 94
41396,84, 59
41397,85, 65
41398,91, 83
41399,92, 55
41400,96, 36
41401,103, 11
41402,93, 0
41403,86, 0
41404,73, 0
41405,67, 0
41406,71, 0
41407,102, 0
41408,106, 0
41409,122, 0
41410,109, 0
41411,121, 0
41412,116, 0
41413,109, 0
41414,125, 0
41415,135, 0
41416,149, 0
41417,142, 0
41418,128, 0
41419,124, 0
41420,133, 0
41421,140, 1
41422,155, 0
41423,164, 0
41424,176, 0
41425,177, 0
41426,197, 0
41427,223, 0
41428,212, 0
41429,206, 0
41430,204, 0
41431,202, 0
41432,189, 0
41433,185, 0
41434,159, 0
41435,164, 0
41436,160, 0
41437,155, 0
41438,145, 0
41439,135, 0
41440,158, 0
41441,139, 0
41442,152, 12
41443,155, 19
41444,152, 48
41445,144, 76
41446,140, 125
41447,132, 137
41448,133, 121
41449,131, 120
41450,135, 13
41451,137, 0
41452,150, 0
41453,122, 0
41454,113, 0
41455,112, 0
41456,117, 0
41457,108, 0
41458,126, 0
41459,128, 0
41460,108, 0
41461,106, 0
41462,106, 0
41463,105, 0
41464,108, 0
41465,117, 0
41466,115, 0
41467,125, 0
41468,136, 0
41469,134, 0
41470,150, 0
41471,150, 0
41472,150, 0
41473,156, 0
41474,157, 0
41475,158, 0
41476,147, 0
41477,133, 0
41478,123, 0
41479,109, 0
41480,99, 0
41481,92, 0
41482,78, 0
41483,58, 0
41484,44, 0
41485,46, 0
41486,54, 0
41487,67, 0
41488,65, 27
41489,93, 108
41490,109, 274
41491,152, 300
41492,148, 328
41493,165, 364
41494,164, 252
41495,183, 176
41496,171, 25
41497,170, 0
41498,166, 0
41499,158, 0
41500,147, 0
41501,127, 0
41502,121, 0
41503,121, 0
41504,116, 0
41505,104, 0
41506,96, 0
41507,84, 0
41508,103, 0
41509,108, 0
41510,108, 0
41511,134, 0
41512,137, 0
41513,129, 0
41514,127, 0
41515,115, 0
41516,107, 0
41517,105, 0
41518,95, 0
41519,102, 0
41520,106, 0
41521,102, 0
41522,85, 0
41523,74, 0
41524,69, 0
41525,76, 0
41526,95, 0
41527,127, 0
41528,156, 0
41529,165, 0
41530,160, 0
41531,170, 0
41532,161, 0
41533,159, 0
41534,158, 0
41535,154, 0
41536,166, 0
41537,176, 0
41538,175, 0
41539,152, 0
41540,142, 0
41541,139, 34
41542,126, 70
41543,126, 89
41544,130, 126
41545,115, 104
41546,112, 89
41547,102, 135
41548,107, 93
41549,108, 61
41550,103, 29
41551,112, 5
41552,127, 15
41553,129, 0
41554,127, 0
41555,130, 0
41556,131, 0
41557,138, 0
41558,155, 0
41559,171, 0
41560,168, 0
41561,158, 0
41562,147, 0
41563,116, 0
41564,106, 0
41565,108, 0
41566,110, 0
41567,99, 0
41568,115, 0
41569,93, 0
41570,105, 0
41571,108, 0
41572,115, 0
41573,123, 0
41574,123, 0
41575,124, 0
41576,123, 0
41577,127, 0
41578,136, 0
41579,131, 0
41580,133, 0
41581,134, 0
41582,107, 0
41583,117, 0
41584,121, 0
41585,121, 0
41586,134, 0
41587,145, 0
41588,155, 0
41589,154, 0
41590,173, 0
41591,168, 0
41592,160, 0
41593,166, 0
41594,161, 0
41595,158, 0
41596,158, 0
41597,152, 0
41598,158, 0
41599,170, 0
41600,180, 0
41601,202, 0
41602,202, 0
41603,198, 0
41604,184, 0
41605,172, 0
41606,159, 0
41607,140, 0
41608,129, 17
41609,110, 83
41610,113, 208
41611,131, 276
41612,149, 197
41613,158, 74
41614,153, 0
41615,148, 0
41616,155, 0
41617,163, 0
41618,133, 0
41619,121, 0
41620,102, 0
41621,92, 0
41622,89, 0
41623,104, 0
41624,92, 0
41625,88, 0
41626,88, 0
41627,89, 0
41628,92, 8
41629,111, 11
41630,87, 115
41631,65, 141
41632,52, 150
41633,63, 21
41634,79, 0
41635,110, 0
41636,127, 0
41637,133, 0
41638,124, 12
41639,107, 4
41640,117, 0
41641,128, 1
41642,153, 0
41643,183, 0
41644,195, 4
41645,181, 6
41646,145, 0
41647,113, 0
41648,104, 0
41649,112, 0
41650,135, 0
41651,157, 0
41652,167, 0
41653,152, 0
41654,158, 0
41655,143, 0
41656,152, 0
41657,138, 0
41658,132, 0
41659,139, 2
41660,128, 0
41661,111, 0
41662,115, 0
41663,109, 0
41664,101, 0
41665,96, 0
41666,94, 0
41667,95, 0
41668,117, 0
41669,144, 0
41670,164, 0
41671,183, 0
41672,183, 0
41673,159, 0
41674,121, 0
41675,89, 0
41676,70, 0
41677,68, 0
41678,99, 0
41679,109, 0
41680,132, 0
41681,145, 0
41682,145, 0
41683,148, 0
41684,149, 0
41685,152, 0
41686,158, 6
41687,155, 30
41688,158, 65
41689,144, 34
41690,145, 15
41691,111, 8
41692,109, 4
41693,123, 6
41694,145, 0
41695,134, 0
41696,122, 0
41697,103, 0
41698,92, 0
41699,96, 0
41700,121, 0
41701,150, 0
41702,139, 0
41703,160, 0
41704,152, 0
41705,145, 0
41706,153, 0
41707,143, 0
41708,153, 0
41709,159, 0
41710,170, 0
41711,169, 0
41712,176, 0
41713,166, 0
41714,158, 0
41715,160, 0
41716,185, 0
41717,149, 0
41718,139, 0
41719,125, 8
41720,148, 89
41721,147, 242
41722,155, 376
41723,133, 401
41724,131, 255
41725,124, 204
41726,124, 156
41727,121, 72
41728,125, 0
41729,127, 0
41730,128, 0
41731,129, 0
41732,124, 0
41733,132, 0
41734,137, 0
41735,135, 0
41736,125, 0
41737,107, 0
41738,105, 0
41739,108, 0
41740,107, 0
41741,115, 0
41742,123, 0
41743,120, 0
41744,120, 9
41745,119, 5
41746,138, 0
41747,137, 0
41748,139, 0
41749,151, 0
41750,158, 5
41751,161, 76
41752,160, 99
41753,172, 127
41754,179, 95
41755,189, 18
41756,193, 19
41757,174, 12
41758,143, 0
41759,118, 0
41760,79, 0
41761,44, 0
41762,28, 0
41763,14, 0
41764,5, 0
41765,9, 0
41766,14, 0
41767,26, 0
41768,38, 0
41769,54, 0
41770,53, 0
41771,53, 0
41772,37, 0
41773,71, 0
41774,102, 0
41775,137, 0
41776,155, 0
41777,168, 0
41778,179, 0
41779,193, 0
41780,198, 0
41781,218, 0
41782,214, 0
41783,220, 0
41784,221, 0
41785,217, 0
41786,186, 0
41787,174, 0
41788,155, 0
41789,173, 0
41790,171, 0
41791,182, 0
41792,175, 0
41793,159, 0
41794,142, 0
41795,139, 0
41796,142, 10
41797,145, 8
41798,144, 0
41799,154, 0
41800,152, 0
41801,136, 0
41802,115, 0
41803,85, 0
41804,63, 0
41805,64, 0
41806,57, 0
41807,95, 0
41808,89, 0
41809,89, 0
41810,83, 0
41811,103, 12
41812,95, 42
41813,127, 70
41814,145, 100
41815,167, 258
41816,158, 284
41817,145, 292
41818,104, 238
41819,70, 155
41820,84, 111
41821,89, 86
41822,102, 38
41823,113, 11
41824,106, 0
41825,128, 0
41826,127, 8
41827,123, 0
41828,113, 0
41829,108, 0
41830,102, 0
41831,107, 0
41832,108, 0
41833,119, 0
41834,145, 0
41835,142, 0
41836,138, 0
41837,135, 0
41838,136, 0
41839,133, 0
41840,132, 0
41841,133, 0
41842,138, 0
41843,130, 1
41844,143, 0
41845,148, 0
41846,160, 0
41847,151, 0
41848,158, 0
41849,164, 0
41850,185, 0
41851,205, 0
41852,206, 0
41853,220, 0
41854,229, 0
41855,239, 0
41856,238, 0
41857,240, 0
41858,220, 0
41859,200, 0
41860,187, 0
41861,177, 0
41862,187, 0
41863,175, 0
41864,171, 0
41865,158, 0
41866,144, 0
41867,127, 0
41868,113, 0
41869,95, 0
41870,111, 0
41871,115, 0
41872,111, 0
41873,97, 0
41874,71, 10
41875,34, 41
41876,8, 57
41877,0, 40
41878,0, 80
41879,7, 67
41880,47, 39
41881,83, 3
41882,103, 0
41883,105, 0
41884,99, 0
41885,88, 0
41886,78, 0
41887,86, 6
41888,94, 0
41889,108, 0
41890,134, 0
41891,157, 0
41892,176, 0
41893,167, 0
41894,164, 0
41895,150, 0
41896,142, 0
41897,133, 0
41898,117, 0
41899,125, 0
41900,127, 0
41901,121, 0
41902,141, 0
41903,152, 0
41904,157, 0
41905,157, 0
41906,149, 0
41907,139, 9
41908,136, 12
41909,133, 6
41910,128, 1
41911,145, 0
41912,161, 0
41913,153, 0
41914,170, 0
41915,166, 0
41916,152, 0
41917,144, 0
41918,148, 19
41919,133, 25
41920,128, 28
41921,115, 9
41922,111, 12
41923,120, 9
41924,135, 0
41925,127, 2
41926,122, 4
41927,102, 15
41928,102, 25
41929,101, 0
41930,109, 0
41931,122, 0
41932,127, 5
41933,128, 11
41934,134, 41
41935,132, 47
41936,133, 2
41937,131, 15
41938,138, 0
41939,159, 0
41940,183, 0
41941,207, 0
41942,220, 0
41943,210, 0
41944,203, 0
41945,177, 0
41946,147, 0
41947,150, 0
41948,147, 0
41949,138, 0
41950,122, 0
41951,125, 0
41952,135, 0
41953,149, 0
41954,168, 0
41955,171, 0
41956,155, 0
41957,126, 13
41958,78, 68
41959,31, 122
41960,1, 121
41961,0, 233
41962,15, 259
41963,63, 202
41964,99, 226
41965,100, 176
41966,105, 85
41967,81, 13
41968,89, 0
41969,103, 12
41970,129, 18
41971,160, 19
41972,182, 3
41973,205, 13
41974,192, 0
41975,175, 0
41976,171, 0
41977,147, 0
41978,153, 0
41979,150, 0
41980,128, 0
41981,100, 0
41982,92, 0
41983,76, 0
41984,87, 0
41985,112, 0
41986,126, 0
41987,123, 0
41988,109, 0
41989,102, 0
41990,115, 0
41991,103, 0
41992,109, 0
41993,97, 0
41994,84, 0
41995,78, 0
41996,80, 0
41997,100, 0
41998,111, 0
41999,129, 0
42000,139, 0
42001,133, 0
42002,138, 0
42003,133, 0
42004,153, 0
42005,145, 0
42006,165, 0
42007,183, 0
42008,184, 0
42009,193, 0
42010,193, 0
42011,189, 0
42012,197, 0
42013,192, 0
42014,174, 0
42015,173, 0
42016,151, 0
42017,126, 0
42018,70, 0
42019,21, 8
42020,12, 2
42021,45, 28
42022,90, 76
42023,137, 232
42024,145, 183
42025,164, 122
42026,154, 22
42027,153, 0
42028,160, 0
42029,179, 0
42030,172, 0
42031,170, 0
42032,170, 0
42033,167, 0
42034,175, 0
42035,173, 0
42036,168, 0
42037,155, 0
42038,165, 0
42039,159, 0
42040,148, 0
42041,126, 0
42042,112, 0
42043,92, 0
42044,92, 0
42045,95, 2
42046,107, 0
42047,122, 0
42048,124, 0
42049,122, 0
42050,129, 0
42051,121, 0
42052,109, 0
42053,111, 0
42054,121, 0
42055,145, 4
42056,149, 13
42057,177, 42
42058,187, 36
42059,156, 32
42060,148, 2
42061,122, 0
42062,88, 0
42063,76, 0
42064,84, 0
42065,121, 0
42066,153, 0
42067,150, 0
42068,152, 0
42069,134, 0
42070,129, 0
42071,118, 0
42072,99, 0
42073,87, 0
42074,88, 0
42075,70, 0
42076,58, 0
42077,48, 0
42078,34, 0
42079,39, 0
42080,54, 8
42081,86, 0
42082,133, 0
42083,156, 0
42084,170, 0
42085,151, 0
42086,136, 0
42087,137, 0
42088,159, 0
42089,199, 0
42090,236, 0
42091,265, 0
42092,280, 0
42093,271, 0
42094,243, 0
42095,215, 0
42096,175, 0
42097,134, 135
42098,103, 216
42099,72, 45
42100,72, 0
42101,87, 0
42102,105, 0
42103,117, 0
42104,103, 0
42105,75, 0
42106,63, 0
42107,55, 51
42108,75, 110
42109,102, 207
42110,126, 263
42111,122, 263
42112,108, 210
42113,121, 206
42114,123, 169
42115,122, 207
42116,117, 159
42117,102, 26
42118,87, 0
42119,68, 0
42120,62, 0
42121,72, 0
42122,109, 0
42123,135, 0
42124,159, 0
42125,168, 0
42126,160, 0
42127,142, 0
42128,110, 0
42129,76, 0
42130,38, 0
42131,32, 0
42132,47, 0
42133,97, 0
42134,108, 0
42135,126, 0
42136,124, 0
42137,144, 0
42138,135, 0
42139,133, 0
42140,156, 0
42141,189, 0
42142,191, 0
42143,202, 0
42144,160, 0
42145,118, 0
42146,86, 0
42147,77, 0
42148,83, 0
42149,104, 0
42150,133, 0
42151,148, 0
42152,144, 0
42153,137, 0
42154,134, 0
42155,147, 0
42156,160, 0
42157,176, 0
42158,195, 0
42159,213, 0
42160,219, 0
42161,221, 0
42162,208, 0
42163,184, 0
42164,153, 0
42165,130, 1
42166,123, 44
42167,110, 179
42168,101, 185
42169,78, 138
42170,63, 123
42171,81, 106
42172,94, 79
42173,139, 131
42174,183, 148
42175,212, 102
42176,227, 74
42177,224, 0
42178,207, 12
42179,192, 28
42180,176, 38
42181,145, 0
42182,115, 0
42183,133, 0
42184,127, 0
42185,152, 0
42186,139, 0
42187,144, 0
42188,157, 0
42189,156, 0
42190,122, 0
42191,116, 0
42192,104, 0
42193,100, 0
42194,100, 0
42195,75, 0
42196,47, 2
42197,31, 0
42198,60, 0
42199,92, 0
42200,127, 0
42201,151, 0
42202,144, 0
42203,126, 0
42204,115, 0
42205,84, 0
42206,76, 0
42207,90, 0
42208,127, 0
42209,179, 0
42210,232, 0
42211,269, 0
42212,260, 0
42213,259, 0
42214,224, 0
42215,188, 13
42216,161, 0
42217,145, 0
42218,150, 0
42219,153, 0
42220,142, 0
42221,138, 0
42222,147, 0
42223,149, 0
42224,133, 0
42225,99, 0
42226,53, 25
42227,20, 7
42228,29, 0
42229,45, 6
42230,69, 47
42231,89, 143
42232,131, 166
42233,176, 25
42234,220, 0
42235,218, 0
42236,176, 0
42237,135, 0
42238,120, 0
42239,76, 0
42240,61, 0
42241,18, 0
42242,0, 0
42243,0, 0
42244,0, 0
42245,0, 0
42246,40, 0
42247,39, 0
42248,32, 0
42249,24, 0
42250,28, 0
42251,37, 0
42252,48, 0
42253,67, 15
42254,89, 51
42255,89, 92
42256,95, 93
42257,119, 70
42258,130, 6
42259,139, 0
42260,158, 0
42261,204, 0
42262,214, 0
42263,220, 0
42264,199, 0
42265,183, 0
42266,183, 0
42267,167, 0
42268,190, 0
42269,183, 21
42270,210, 91
42271,223, 170
42272,226, 31
42273,207, 0
42274,205, 0
42275,191, 1
42276,183, 0
42277,183, 0
42278,188, 0
42279,196, 0
42280,204, 0
42281,226, 0
42282,220, 0
42283,185, 0
42284,128, 0
42285,70, 0
42286,44, 0
42287,58, 0
42288,97, 0
42289,134, 0
42290,164, 0
42291,174, 0
42292,179, 0
42293,193, 0
42294,193, 0
42295,186, 0
42296,189, 0
42297,190, 0
42298,212, 0
42299,263, 0
42300,255, 0
42301,240, 0
42302,214, 0
42303,169, 0
42304,139, 0
42305,87, 0
42306,76, 0
42307,73, 0
42308,48, 0
42309,29, 0
42310,12, 0
42311,22, 0
42312,6, 0
42313,14, 0
42314,41, 0
42315,74, 30
42316,108, 70
42317,132, 90
42318,150, 56
42319,155, 0
42320,128, 12
42321,102, 59
42322,50, 75
42323,2, 31
42324,0, 3
42325,21, 0
42326,69, 0
42327,86, 0
42328,92, 0
42329,83, 0
42330,72, 0
42331,83, 0
42332,94, 0
42333,110, 0
42334,125, 0
42335,133, 0
42336,134, 0
42337,143, 0
42338,191, 0
42339,196, 0
42340,220, 0
42341,221, 0
42342,207, 0
42343,198, 0
42344,197, 0
42345,174, 0
42346,189, 0
42347,188, 0
42348,186, 0
42349,196, 0
42350,202, 0
42351,201, 0
42352,161, 0
42353,128, 0
42354,87, 0
42355,88, 0
42356,102, 14
42357,94, 108
42358,76, 102
42359,51, 211
42360,43, 183
42361,60, 15
42362,84, 0
42363,120, 0
42364,121, 0
42365,133, 0
42366,125, 0
42367,93, 0
42368,62, 0
42369,47, 18
42370,45, 19
42371,70, 20
42372,115, 12
42373,142, 11
42374,149, 0
42375,152, 0
42376,133, 0
42377,137, 0
42378,136, 0
42379,121, 0
42380,112, 0
42381,100, 0
42382,103, 0
42383,125, 0
42384,152, 0
42385,176, 0
42386,191, 0
42387,195, 0
42388,195, 0
42389,190, 0
42390,198, 0
42391,196, 0
42392,187, 0
42393,183, 0
42394,170, 0
42395,142, 0
42396,115, 6
42397,92, 1
42398,108, 1
42399,134, 0
42400,137, 0
42401,121, 0
42402,113, 0
42403,95, 0
42404,96, 0
42405,108, 0
42406,127, 0
42407,138, 0
42408,149, 0
42409,159, 0
42410,204, 0
42411,220, 8
42412,234, 6
42413,226, 5
42414,206, 8
42415,164, 0
42416,148, 0
42417,153, 0
42418,145, 0
42419,105, 0
42420,78, 7
42421,35, 31
42422,14, 24
42423,37, 60
42424,69, 83
42425,109, 134
42426,138, 122
42427,147, 140
42428,131, 24
42429,127, 13
42430,127, 0
42431,140, 0
42432,141, 0
42433,111, 0
42434,84, 0
42435,120, 0
42436,153, 0
42437,175, 0
42438,184, 0
42439,130, 0
42440,92, 0
42441,80, 0
42442,79, 0
42443,83, 0
42444,103, 0
42445,132, 0
42446,134, 0
42447,136, 0
42448,144, 0
42449,159, 0
42450,205, 0
42451,257, 0
42452,241, 0
42453,202, 0
42454,161, 0
42455,132, 0
42456,113, 0
42457,107, 0
42458,100, 0
42459,101, 0
42460,108, 0
42461,104, 0
42462,101, 0
42463,97, 0
42464,107, 0
42465,108, 0
42466,117, 0
42467,121, 0
42468,127, 41
42469,143, 79
42470,132, 189
42471,108, 256
42472,118, 167
42473,133, 0
42474,164, 0
42475,199, 0
42476,192, 0
42477,157, 0
42478,137, 7
42479,113, 19
42480,115, 0
42481,116, 0
42482,123, 0
42483,96, 0
42484,102, 0
42485,84, 0
42486,67, 28
42487,51, 136
42488,58, 43
42489,70, 0
42490,99, 0
42491,115, 0
42492,120, 0
42493,119, 0
42494,103, 0
42495,77, 0
42496,89, 0
42497,117, 0
42498,157, 0
42499,179, 0
42500,183, 0
42501,169, 0
42502,164, 2
42503,164, 139
42504,152, 488
42505,131, 1101
42506,74, 1472
42507,21, 1226
42508,3, 951
42509,14, 582
42510,44, 306
42511,95, 18
42512,140, 0
42513,159, 0
42514,167, 0
42515,167, 0
42516,180, 0
42517,204, 0
42518,221, 0
42519,214, 0
42520,205, 0
42521,199, 0
42522,184, 0
42523,193, 0
42524,166, 0
42525,142, 0
42526,131, 0
42527,128, 0
42528,134, 0
42529,142, 0
42530,145, 0
42531,149, 0
42532,145, 0
42533,153, 0
42534,153, 1
42535,147, 0
42536,150, 0
42537,139, 0
42538,130, 0
42539,104, 0
42540,81, 0
42541,80, 0
42542,121, 0
42543,165, 0
42544,228, 0
42545,245, 0
42546,238, 0
42547,207, 0
42548,199, 0
42549,188, 0
42550,147, 0
42551,112, 0
42552,70, 0
42553,47, 0
42554,70, 12
42555,53, 0
42556,68, 0
42557,85, 0
42558,102, 0
42559,129, 7
42560,159, 5
42561,164, 0
42562,150, 0
42563,134, 0
42564,102, 2
42565,86, 0
42566,79, 0
42567,95, 0
42568,102, 0
42569,107, 0
42570,112, 0
42571,120, 0
42572,134, 0
42573,159, 0
42574,192, 0
42575,172, 0
42576,161, 0
42577,116, 0
42578,89, 0
42579,68, 0
42580,73, 40
42581,87, 229
42582,102, 374
42583,108, 413
42584,115, 343
42585,141, 333
42586,143, 231
42587,152, 54
42588,158, 0
42589,176, 0
42590,170, 0
42591,159, 0
42592,143, 0
42593,139, 0
42594,133, 0
42595,113, 0
42596,95, 0
42597,91, 4
42598,95, 25
42599,127, 151
42600,133, 239
42601,128, 270
42602,127, 89
42603,96, 0
42604,92, 15
42605,100, 21
42606,115, 26
42607,145, 15
42608,169, 51
42609,171, 12
42610,155, 0
42611,109, 0
42612,79, 2
42613,77, 0
42614,102, 0
42615,153, 0
42616,189, 0
42617,199, 0
42618,189, 8
42619,163, 61
42620,143, 60
42621,122, 24
42622,127, 0
42623,128, 0
42624,133, 0
42625,133, 0
42626,136, 0
42627,116, 0
42628,105, 0
42629,99, 0
42630,90, 0
42631,122, 0
42632,152, 0
42633,198, 0
42634,212, 0
42635,217, 2
42636,217, 0
42637,199, 0
42638,183, 0
42639,163, 0
42640,157, 0
42641,168, 0
42642,196, 0
42643,188, 0
42644,183, 0
42645,156, 0
42646,144, 0
42647,129, 0
42648,108, 0
42649,102, 0
42650,95, 0
42651,85, 0
42652,72, 0
42653,54, 0
42654,57, 2
42655,68, 127
42656,89, 147
42657,97, 155
42658,90, 7
42659,69, 0
42660,63, 0
42661,73, 0
42662,89, 0
42663,105, 8
42664,81, 8
42665,57, 21
42666,63, 42
42667,76, 27
42668,74, 51
42669,75, 70
42670,110, 73
42671,143, 39
42672,176, 149
42673,180, 311
42674,159, 298
42675,131, 255
42676,124, 109
42677,152, 4
42678,172, 0
42679,161, 0
42680,156, 0
42681,139, 0
42682,88, 19
42683,47, 175
42684,23, 252
42685,47, 37
42686,113, 0
42687,197, 0
42688,254, 0
42689,293, 0
42690,286, 0
42691,246, 0
42692,218, 0
42693,192, 0
42694,169, 0
42695,139, 0
42696,115, 0
42697,89, 0
42698,81, 0
42699,70, 0
42700,85, 0
42701,95, 0
42702,131, 0
42703,159, 0
42704,152, 0
42705,137, 0
42706,123, 0
42707,107, 0
42708,101, 0
42709,110, 0
42710,134, 0
42711,164, 0
42712,168, 0
42713,152, 0
42714,129, 2
42715,120, 38
42716,119, 103
42717,104, 142
42718,91, 263
42719,75, 464
42720,88, 431
42721,99, 315
42722,117, 48
42723,127, 0
42724,125, 0
42725,120, 0
42726,118, 0
42727,115, 0
42728,126, 0
42729,127, 0
42730,130, 0
42731,141, 0
42732,159, 0
42733,167, 0
42734,163, 0
42735,140, 0
42736,126, 0
42737,109, 0
42738,95, 0
42739,103, 0
42740,113, 1
42741,119, 216
42742,92, 497
42743,99, 419
42744,58, 198
42745,72, 11
42746,97, 0
42747,142, 0
42748,188, 0
42749,238, 0
42750,268, 0
42751,289, 0
42752,275, 0
42753,258, 0
42754,226, 0
42755,196, 0
42756,179, 0
42757,148, 0
42758,117, 0
42759,103, 111
42760,101, 273
42761,88, 302
42762,77, 213
42763,79, 165
42764,95, 81
42765,112, 41
42766,135, 0
42767,158, 0
42768,159, 0
42769,157, 0
42770,170, 0
42771,183, 0
42772,195, 0
42773,190, 0
42774,159, 0
42775,116, 0
42776,103, 0
42777,113, 0
42778,138, 0
42779,127, 0
42780,89, 0
42781,52, 0
42782,42, 0
42783,53, 0
42784,72, 0
42785,92, 0
42786,111, 0
42787,115, 0
42788,134, 0
42789,137, 0
42790,132, 0
42791,113, 0
42792,124, 0
42793,121, 0
42794,140, 0
42795,155, 0
42796,140, 0
42797,128, 0
42798,119, 0
42799,127, 0
42800,131, 0
42801,163, 0
42802,166, 0
42803,168, 0
42804,99, 0
42805,38, 0
42806,13, 18
42807,25, 101
42808,63, 108
42809,80, 42
42810,108, 0
42811,127, 0
42812,154, 0
42813,152, 0
42814,160, 0
42815,160, 0
42816,166, 0
42817,156, 0
42818,143, 0
42819,123, 0
42820,126, 0
42821,122, 0
42822,121, 0
42823,138, 0
42824,151, 0
42825,152, 0
42826,150, 0
42827,137, 0
42828,142, 12
42829,144, 2
42830,164, 0
42831,159, 0
42832,167, 0
42833,159, 0
42834,153, 145
42835,126, 332
42836,115, 313
42837,102, 145
42838,102, 1
42839,121, 0
42840,125, 0
42841,124, 0
42842,127, 0
42843,110, 0
42844,106, 0
42845,78, 0
42846,63, 0
42847,78, 0
42848,100, 0
42849,137, 0
42850,160, 0
42851,164, 0
42852,164, 100
42853,145, 200
42854,158, 119
42855,159, 174
42856,165, 179
42857,158, 77
42858,164, 38
42859,151, 11
42860,150, 0
42861,135, 0
42862,131, 0
42863,121, 0
42864,100, 0
42865,86, 0
42866,68, 0
42867,74, 0
42868,115, 4
42869,134, 109
42870,180, 193
42871,202, 109
42872,206, 0
42873,224, 0
42874,229, 0
42875,220, 0
42876,215, 0
42877,207, 0
42878,189, 0
42879,177, 35
42880,159, 116
42881,118, 27
42882,89, 0
42883,69, 0
42884,50, 0
42885,53, 0
42886,89, 0
42887,132, 0
42888,164, 22
42889,204, 109
42890,229, 27
42891,222, 0
42892,226, 0
42893,223, 0
42894,224, 0
42895,217, 0
42896,188, 0
42897,159, 0
42898,149, 0
42899,131, 0
42900,101, 0
42901,76, 0
42902,63, 0
42903,70, 0
42904,68, 0
42905,63, 0
42906,59, 0
42907,68, 0
42908,68, 5
42909,55, 115
42910,79, 241
42911,63, 272
42912,51, 302
42913,25, 347
42914,4, 340
42915,0, 197
42916,0, 148
42917,3, 19
42918,28, 0
42919,40, 0
42920,57, 0
42921,65, 0
42922,73, 0
42923,91, 0
42924,116, 0
42925,131, 0
42926,152, 0
42927,130, 0
42928,124, 0
42929,133, 0
42930,132, 0
42931,139, 0
42932,147, 0
42933,156, 0
42934,169, 0
42935,181, 0
42936,191, 0
42937,212, 0
42938,235, 0
42939,257, 0
42940,271, 0
42941,232, 0
42942,205, 0
42943,175, 0
42944,127, 0
42945,131, 0
42946,115, 0
42947,107, 0
42948,89, 2
42949,71, 70
42950,80, 17
42951,105, 0
42952,144, 0
42953,196, 0
42954,213, 12
42955,226, 113
42956,213, 206
42957,195, 132
42958,168, 0
42959,159, 0
42960,165, 0
42961,176, 0
42962,181, 0
42963,145, 0
42964,102, 0
42965,76, 0
42966,63, 0
42967,76, 0
42968,105, 0
42969,125, 0
42970,127, 0
42971,130, 38
42972,72, 74
42973,34, 152
42974,19, 159
42975,23, 159
42976,63, 72
42977,78, 28
42978,110, 3
42979,126, 0
42980,136, 0
42981,139, 0
42982,150, 0
42983,145, 0
42984,140, 0
42985,131, 0
42986,132, 0
42987,134, 0
42988,130, 0
42989,113, 7
42990,90, 150
42991,92, 163
42992,128, 53
42993,153, 50
42994,174, 6
42995,196, 0
42996,199, 0
42997,196, 0
42998,179, 0
42999,152, 0
43000,164, 0
43001,152, 0
43002,145, 0
43003,136, 0
43004,127, 0
43005,126, 0
43006,121, 0
43007,123, 0
43008,149, 0
43009,130, 25
43010,127, 89
43011,130, 104
43012,139, 31
43013,154, 0
43014,171, 0
43015,177, 0
43016,174, 0
43017,173, 0
43018,155, 0
43019,145, 0
43020,122, 0
43021,120, 0
43022,107, 0
43023,111, 0
43024,111, 0
43025,121, 0
43026,156, 0
43027,172, 0
43028,181, 0
43029,170, 0
43030,174, 0
43031,157, 6
43032,141, 12
43033,130, 5
43034,120, 63
43035,132, 101
43036,132, 173
43037,153, 135
43038,122, 94
43039,118, 4
43040,115, 0
43041,117, 0
43042,116, 0
43043,131, 0
43044,132, 0
43045,144, 0
43046,124, 0
43047,127, 0
43048,127, 0
43049,102, 0
43050,78, 0
43051,52, 0
43052,51, 0
43053,76, 0
43054,101, 0
43055,108, 0
43056,138, 0
43057,130, 0
43058,133, 0
43059,152, 0
43060,182, 38
43061,197, 57
43062,204, 78
43063,191, 91
43064,153, 14
43065,131, 0
43066,120, 0
43067,84, 0
43068,84, 0
43069,61, 0
43070,50, 0
43071,76, 0
43072,95, 0
43073,123, 0
43074,129, 0
43075,129, 0
43076,125, 0
43077,125, 0
43078,137, 0
43079,127, 0
43080,115, 0
43081,99, 0
43082,94, 0
43083,94, 0
43084,113, 0
43085,131, 0
43086,155, 0
43087,133, 12
43088,124, 0
43089,152, 0
43090,203, 0
43091,205, 0
43092,207, 0
43093,197, 0
43094,139, 0
43095,116, 0
43096,128, 0
43097,156, 0
43098,207, 0
43099,184, 0
43100,159, 0
43101,126, 7
43102,115, 41
43103,113, 92
43104,104, 104
43105,89, 329
43106,78, 368
43107,60, 343
43108,88, 349
43109,106, 241
43110,116, 19
43111,105, 0
43112,100, 0
43113,90, 0
43114,86, 0
43115,79, 0
43116,71, 0
43117,80, 0
43118,84, 0
43119,102, 0
43120,115, 0
43121,132, 0
43122,144, 0
43123,145, 0
43124,144, 0
43125,141, 0
43126,152, 0
43127,164, 0
43128,179, 0
43129,184, 0
43130,170, 0
43131,161, 0
43132,142, 0
43133,164, 0
43134,170, 3
43135,174, 0
43136,165, 0
43137,164, 0
43138,154, 0
43139,142, 0
43140,123, 0
43141,119, 0
43142,125, 0
43143,151, 0
43144,164, 0
43145,183, 0
43146,176, 0
43147,156, 0
43148,145, 0
43149,133, 0
43150,129, 0
43151,143, 7
43152,131, 19
43153,139, 10
43154,135, 4
43155,139, 0
43156,126, 0
43157,107, 0
43158,97, 27
43159,93, 43
43160,96, 81
43161,118, 1
43162,126, 0
43163,129, 0
43164,138, 0
43165,136, 0
43166,119, 0
43167,100, 0
43168,83, 0
43169,70, 0
43170,69, 0
43171,73, 0
43172,93, 0
43173,102, 0
43174,110, 0
43175,125, 0
43176,143, 0
43177,145, 0
43178,169, 0
43179,179, 0
43180,186, 0
43181,184, 0
43182,143, 0
43183,148, 0
43184,147, 0
43185,158, 0
43186,143, 0
43187,127, 0
43188,108, 0
43189,100, 0
43190,105, 0
43191,117, 0
43192,155, 0
43193,203, 0
43194,220, 0
43195,203, 0
43196,163, 0
43197,123, 0
43198,96, 0
43199,85, 0
43200,100, 0
43201,111, 0
43202,126, 0
43203,158, 0
43204,145, 0
43205,145, 0
43206,135, 6
43207,125, 0
43208,126, 0
43209,139, 0
43210,139, 0
43211,150, 9
43212,141, 17
43213,122, 12
43214,101, 0
43215,88, 0
43216,86, 0
43217,95, 0
43218,112, 3
43219,119, 0
43220,133, 0
43221,112, 0
43222,94, 0
43223,95, 0
43224,108, 0
43225,127, 0
43226,115, 0
43227,90, 0
43228,83, 0
43229,79, 0
43230,73, 0
43231,92, 0
43232,75, 0
43233,90, 1
43234,93, 0
43235,100, 0
43236,118, 0
43237,123, 0
43238,152, 0
43239,170, 0
43240,168, 0
43241,174, 0
43242,175, 0
43243,158, 0
43244,183, 0
43245,189, 2
43246,192, 0
43247,190, 0
43248,191, 0
43249,197, 0
43250,190, 0
43251,182, 0
43252,171, 0
43253,157, 0
43254,143, 0
43255,143, 0
43256,133, 0
43257,140, 0
43258,144, 0
43259,139, 0
43260,159, 0
43261,149, 0
43262,160, 0
43263,140, 0
43264,145, 0
43265,135, 0
43266,132, 0
43267,133, 0
43268,126, 0
43269,128, 0
43270,127, 0
43271,120, 0
43272,107, 7
43273,121, 10
43274,115, 12
43275,116, 0
43276,131, 1
43277,125, 0
43278,111, 25
43279,106, 37
43280,83, 28
43281,87, 0
43282,89, 0
43283,95, 0
43284,101, 0
43285,115, 0
43286,118, 0
43287,117, 0
43288,121, 0
43289,127, 0
43290,143, 6
43291,140, 0
43292,130, 0
43293,100, 0
43294,84, 0
43295,81, 0
43296,93, 0
43297,102, 0
43298,118, 0
43299,142, 0
43300,143, 0
43301,137, 0
43302,133, 0
43303,135, 0
43304,131, 0
43305,152, 0
43306,156, 0
43307,133, 0
43308,136, 0
43309,129, 2
43310,133, 0
43311,143, 0
43312,147, 0
43313,144, 0
43314,163, 0
43315,181, 0
43316,204, 0
43317,191, 0
43318,184, 0
43319,196, 0
43320,177, 0
43321,171, 0
43322,156, 0
43323,140, 0
43324,139, 0
43325,139, 0
43326,133, 0
43327,147, 0
43328,155, 0
43329,165, 7
43330,186, 23
43331,191, 23
43332,183, 0
43333,164, 0
43334,133, 0
43335,108, 0
43336,74, 0
43337,55, 0
43338,48, 0
43339,63, 0
43340,92, 2
43341,108, 0
43342,144, 0
43343,142, 0
43344,120, 0
43345,101, 0
43346,86, 0
43347,78, 0
43348,89, 0
43349,63, 0
43350,54, 0
43351,71, 5
43352,102, 26
43353,70, 86
43354,63, 76
43355,59, 71
43356,73, 104
43357,92, 128
43358,111, 89
43359,145, 54
43360,168, 6
43361,184, 0
43362,182, 0
43363,168, 0
43364,174, 0
43365,141, 0
43366,136, 0
43367,136, 0
43368,134, 0
43369,136, 0
43370,145, 0
43371,143, 0
43372,154, 0
43373,153, 0
43374,163, 0
43375,170, 0
43376,174, 0
43377,182, 0
43378,166, 0
43379,161, 0
43380,141, 0
43381,127, 0
43382,116, 0
43383,108, 0
43384,113, 0
43385,112, 0
43386,115, 0
43387,122, 0
43388,124, 0
43389,120, 0
43390,115, 0
43391,112, 0
43392,108, 0
43393,113, 0
43394,112, 0
43395,116, 0
43396,113, 0
43397,124, 0
43398,106, 2
43399,104, 0
43400,95, 0
43401,102, 4
43402,92, 0
43403,109, 0
43404,110, 0
43405,113, 0
43406,117, 0
43407,121, 0
43408,125, 0
43409,134, 0
43410,133, 0
43411,150, 0
43412,152, 0
43413,152, 0
43414,156, 0
43415,155, 0
43416,158, 0
43417,172, 0
43418,182, 0
43419,186, 0
43420,196, 0
43421,204, 0
43422,214, 0
43423,222, 0
43424,204, 0
43425,195, 0
43426,175, 0
43427,164, 0
43428,154, 0
43429,152, 0
43430,156, 0
43431,154, 0
43432,152, 0
43433,145, 0
43434,149, 0
43435,143, 0
43436,148, 0
43437,139, 0
43438,133, 0
43439,127, 0
43440,126, 0
43441,122, 0
43442,121, 0
43443,124, 0
43444,120, 0
43445,118, 0
43446,105, 0
43447,117, 0
43448,116, 0
43449,119, 0
43450,119, 0
43451,116, 0
43452,113, 0
43453,105, 0
43454,108, 0
43455,105, 0
43456,113, 0
43457,115, 0
43458,111, 0
43459,118, 3
43460,130, 0
43461,135, 8
43462,133, 14
43463,127, 7
43464,113, 0
43465,91, 0
43466,83, 0
43467,92, 0
43468,91, 0
43469,94, 0
43470,91, 0
43471,95, 0
43472,106, 0
43473,119, 0
43474,127, 0
43475,135, 0
43476,125, 0
43477,119, 0
43478,118, 0
43479,132, 0
43480,150, 0
43481,188, 0
43482,176, 0
43483,185, 0
43484,170, 0
43485,161, 0
43486,159, 0
43487,158, 0
43488,176, 0
43489,183, 0
43490,186, 0
43491,190, 0
43492,200, 0
43493,207, 0
43494,207, 0
43495,210, 0
43496,205, 0
43497,198, 0
43498,193, 0
43499,190, 0
43500,171, 0
43501,164, 0
43502,135, 0
43503,108, 0
43504,89, 0
43505,62, 0
43506,29, 0
43507,30, 0
43508,11, 0
43509,12, 6
43510,10, 0
43511,9, 0
43512,20, 0
43513,12, 0
43514,15, 0
43515,20, 0
43516,28, 0
43517,40, 0
43518,53, 3
43519,67, 0
43520,62, 0
43521,53, 0
43522,38, 0
43523,30, 12
43524,39, 0
43525,80, 0
43526,76, 0
43527,91, 0
43528,117, 0
43529,122, 0
43530,141, 0
43531,139, 0
43532,170, 0
43533,200, 0
43534,202, 0
43535,220, 0
43536,215, 0
43537,206, 0
43538,200, 0
43539,189, 0
43540,192, 0
43541,201, 0
43542,204, 0
43543,202, 0
43544,192, 0
43545,183, 0
43546,173, 0
43547,161, 0
43548,159, 0
43549,158, 0
43550,158, 0
43551,152, 0
43552,168, 0
43553,165, 0
43554,157, 0
43555,157, 0
43556,153, 0
43557,142, 0
43558,125, 0
43559,110, 0
43560,95, 0
43561,95, 0
43562,104, 0
43563,117, 0
43564,136, 0
43565,137, 0
43566,147, 0
43567,153, 0
43568,160, 0
43569,168, 0
43570,176, 0
43571,175, 0
43572,170, 0
43573,170, 0
43574,163, 0
43575,160, 0
43576,153, 0
43577,143, 0
43578,123, 0
43579,115, 0
43580,107, 1
43581,121, 1
43582,97, 0
43583,95, 0
43584,91, 6
43585,83, 2
43586,89, 0
43587,87, 0
43588,92, 0
43589,92, 0
43590,90, 0
43591,108, 0
43592,119, 0
43593,123, 0
43594,138, 0
43595,145, 0
43596,145, 0
43597,133, 0
43598,127, 0
43599,118, 0
43600,99, 0
43601,115, 0
43602,131, 0
43603,137, 0
43604,139, 0
43605,159, 0
43606,164, 0
43607,175, 0
43608,179, 0
43609,183, 0
43610,182, 0
43611,183, 0
43612,164, 0
43613,157, 0
43614,150, 0
43615,152, 0
43616,142, 0
43617,139, 0
43618,133, 0
43619,132, 0
43620,135, 0
43621,145, 0
43622,145, 0
43623,147, 0
43624,144, 0
43625,145, 0
43626,141, 0
43627,131, 0
43628,128, 0
43629,119, 0
43630,124, 0
43631,130, 0
43632,130, 0
43633,133, 7
43634,138, 0
43635,132, 0
43636,126, 0
43637,121, 0
43638,102, 0
43639,102, 0
43640,111, 0
43641,118, 0
43642,122, 24
43643,119, 0
43644,112, 4
43645,113, 25
43646,118, 0
43647,121, 0
43648,115, 0
43649,108, 0
43650,93, 0
43651,95, 0
43652,100, 0
43653,89, 0
43654,96, 0
43655,92, 0
43656,92, 0
43657,92, 0
43658,107, 0
43659,100, 0
43660,100, 0
43661,92, 0
43662,95, 4
43663,103, 0
43664,106, 0
43665,135, 0
43666,130, 0
43667,129, 0
43668,139, 0
43669,147, 0
43670,163, 0
43671,157, 0
43672,154, 0
43673,151, 0
43674,151, 0
43675,161, 0
43676,154, 0
43677,151, 0
43678,152, 7
43679,140, 0
43680,158, 0
43681,164, 0
43682,173, 0
43683,164, 0
43684,160, 0
43685,161, 0
43686,177, 0
43687,177, 0
43688,172, 0
43689,161, 0
43690,143, 0
43691,154, 2
43692,151, 0
43693,152, 0
43694,157, 0
43695,159, 0
43696,163, 0
43697,165, 0
43698,163, 0
43699,167, 0
43700,159, 0
43701,150, 0
43702,139, 0
43703,128, 0
43704,128, 0
43705,121, 0
43706,109, 21
43707,122, 0
43708,134, 0
43709,125, 0
43710,116, 0
43711,108, 0
43712,103, 0
43713,109, 0
43714,119, 0
43715,111, 0
43716,102, 0
43717,97, 0
43718,100, 0
43719,112, 0
43720,92, 0
43721,95, 0
43722,93, 0
43723,104, 0
43724,110, 0
43725,115, 0
43726,139, 0
43727,139, 0
43728,145, 0
43729,143, 0
43730,142, 0
43731,149, 0
43732,155, 0
43733,150, 0
43734,148, 0
43735,150, 0
43736,142, 0
43737,158, 0
43738,170, 0
43739,171, 7
43740,163, 0
43741,147, 0
43742,148, 0
43743,140, 0
43744,136, 0
43745,129, 0
43746,130, 0
43747,133, 0
43748,133, 0
43749,111, 0
43750,96, 0
43751,78, 0
43752,78, 0
43753,79, 0
43754,81, 0
43755,89, 0
43756,89, 0
43757,83, 0
43758,71, 0
43759,68, 0
43760,63, 0
43761,73, 0
43762,90, 2
43763,102, 0
43764,117, 3
43765,125, 0
43766,135, 0
43767,129, 7
43768,132, 7
43769,131, 1
43770,126, 0
43771,134, 0
43772,151, 0
43773,170, 0
43774,155, 0
43775,161, 0
43776,164, 0
43777,158, 0
43778,155, 0
43779,141, 0
43780,132, 0
43781,117, 0
43782,99, 0
43783,89, 0
43784,85, 0
43785,91, 0
43786,108, 0
43787,112, 0
43788,118, 0
43789,121, 0
43790,115, 0
43791,95, 0
43792,108, 0
43793,109, 0
43794,111, 0
43795,127, 0
43796,147, 0
43797,156, 0
43798,143, 0
43799,143, 1
43800,131, 0
43801,132, 0
43802,120, 0
43803,135, 0
43804,143, 0
43805,145, 0
43806,149, 0
43807,152, 0
43808,159, 0
43809,157, 0
43810,156, 0
43811,145, 0
43812,127, 0
43813,135, 0
43814,138, 0
43815,144, 0
43816,142, 0
43817,154, 0
43818,164, 0
43819,176, 0
43820,193, 0
43821,200, 0
43822,205, 0
43823,207, 0
43824,218, 0
43825,223, 0
43826,226, 0
43827,217, 0
43828,212, 2
43829,198, 4
43830,195, 1
43831,163, 2
43832,131, 0
43833,100, 0
43834,76, 0
43835,68, 0
43836,73, 0
43837,61, 0
43838,55, 0
43839,67, 0
43840,64, 0
43841,71, 0
43842,67, 0
43843,67, 0
43844,79, 0
43845,91, 0
43846,99, 0
43847,112, 0
43848,118, 0
43849,129, 0
43850,127, 0
43851,136, 0
43852,152, 0
43853,145, 0
43854,151, 0
43855,161, 0
43856,170, 0
43857,180, 0
43858,193, 0
43859,196, 0
43860,202, 0
43861,184, 0
43862,182, 0
43863,185, 0
43864,158, 0
43865,150, 0
43866,148, 0
43867,145, 0
43868,136, 0
43869,132, 0
43870,132, 0
43871,115, 0
43872,92, 0
43873,57, 0
43874,45, 0
43875,37, 0
43876,44, 0
43877,63, 0
43878,73, 0
43879,70, 0
43880,77, 0
43881,104, 0
43882,119, 0
43883,127, 0
43884,148, 0
43885,158, 0
43886,159, 10
43887,159, 0
43888,170, 0
43889,176, 18
43890,181, 1
43891,213, 0
43892,208, 7
43893,210, 0
43894,201, 0
43895,187, 0
43896,177, 0
43897,161, 0
43898,132, 0
43899,120, 0
43900,94, 0
43901,53, 0
43902,23, 0
43903,0, 0
43904,0, 0
43905,3, 0
43906,13, 0
43907,42, 0
43908,60, 0
43909,72, 0
43910,65, 0
43911,69, 0
43912,51, 0
43913,67, 0
43914,60, 0
43915,89, 0
43916,129, 0
43917,150, 0
43918,185, 0
43919,195, 0
43920,204, 0
43921,216, 2
43922,213, 0
43923,219, 0
43924,227, 0
43925,220, 0
43926,214, 0
43927,204, 0
43928,190, 0
43929,177, 0
43930,159, 0
43931,147, 0
43932,135, 0
43933,116, 0
43934,91, 0
43935,93, 0
43936,92, 0
43937,102, 0
43938,110, 0
43939,124, 0
43940,125, 0
43941,125, 0
43942,123, 0
43943,100, 0
43944,90, 0
43945,111, 0
43946,109, 6
43947,118, 0
43948,142, 0
43949,151, 7
43950,161, 12
43951,176, 0
43952,176, 6
43953,190, 0
43954,192, 0
43955,199, 0
43956,205, 0
43957,206, 0
43958,207, 0
43959,196, 0
43960,215, 0
43961,228, 0
43962,228, 0
43963,226, 0
43964,218, 0
43965,210, 0
43966,207, 0
43967,207, 0
43968,204, 0
43969,205, 0
43970,192, 0
43971,164, 0
43972,125, 0
43973,91, 0
43974,59, 0
43975,43, 0
43976,30, 0
43977,30, 0
43978,26, 0
43979,29, 0
43980,30, 0
43981,38, 0
43982,43, 2
43983,48, 0
43984,72, 0
43985,106, 0
43986,140, 0
43987,164, 0
43988,179, 0
43989,180, 0
43990,200, 0
43991,215, 0
43992,229, 0
43993,238, 0
43994,238, 0
43995,232, 0
43996,213, 0
43997,223, 0
43998,204, 0
43999,171, 0
44000,139, 0
44001,84, 0
44002,54, 0
44003,27, 0
44004,0, 0
44005,0, 4
44006,0, 1
44007,2, 0
44008,1, 7
44009,0, 0
44010,0, 6
44011,3, 3
44012,21, 4
44013,51, 0
44014,45, 2
44015,7, 0
44016,6, 0
44017,58, 0
44018,123, 0
44019,159, 0
44020,183, 0
44021,197, 0
44022,159, 0
44023,129, 0
44024,107, 5
44025,90, 0
44026,107, 0
44027,121, 0
44028,139, 0
44029,131, 0
44030,145, 0
44031,163, 0
44032,144, 0
44033,135, 0
44034,141, 0
44035,142, 0
44036,159, 0
44037,174, 0
44038,183, 0
44039,183, 0
44040,168, 0
44041,161, 0
44042,152, 0
44043,165, 0
44044,164, 0
44045,164, 1
44046,161, 0
44047,174, 0
44048,193, 0
44049,212, 0
44050,233, 0
44051,248, 0
44052,261, 0
44053,259, 0
44054,254, 0
44055,231, 0
44056,179, 0
44057,159, 0
44058,135, 0
44059,117, 0
44060,118, 0
44061,112, 0
44062,106, 0
44063,121, 0
44064,120, 0
44065,128, 0
44066,133, 0
44067,141, 5
44068,153, 0
44069,173, 5
44070,195, 7
44071,206, 3
44072,227, 23
44073,262, 0
44074,283, 0
44075,260, 0
44076,241, 0
44077,213, 0
44078,181, 0
44079,141, 0
44080,108, 0
44081,57, 0
44082,9, 0
44083,7, 0
44084,47, 0
44085,99, 0
44086,93, 0
44087,78, 0
44088,43, 0
44089,2, 0
44090,8, 0
44091,40, 0
44092,73, 0
44093,77, 0
44094,75, 0
44095,94, 0
44096,115, 0
44097,130, 0
44098,143, 0
44099,152, 0
44100,168, 0
44101,169, 0
44102,164, 0
44103,158, 0
44104,151, 0
44105,158, 0
44106,161, 0
44107,152, 0
44108,168, 0
44109,172, 0
44110,175, 0
44111,183, 0
44112,185, 0
44113,216, 0
44114,197, 0
44115,203, 4
44116,207, 0
44117,202, 0
44118,206, 0
44119,212, 0
44120,243, 0
44121,262, 0
44122,272, 2
44123,269, 0
44124,257, 0
44125,269, 0
44126,259, 0
44127,262, 0
44128,254, 0
44129,257, 0
44130,248, 5
44131,239, 0
44132,223, 7
44133,213, 0
44134,202, 12
44135,186, 0
44136,166, 0
44137,148, 0
44138,121, 0
44139,103, 0
44140,94, 0
44141,76, 0
44142,64, 0
44143,45, 0
44144,17, 0
44145,0, 0
44146,0, 0
44147,0, 0
44148,0, 0
44149,12, 0
44150,50, 0
44151,85, 0
44152,130, 0
44153,156, 0
44154,164, 0
44155,158, 0
44156,150, 0
44157,166, 0
44158,190, 0
44159,207, 0
44160,226, 0
44161,242, 0
44162,239, 0
44163,234, 0
44164,232, 0
44165,231, 0
44166,238, 0
44167,248, 0
44168,261, 0
44169,244, 0
44170,227, 0
44171,204, 0
44172,164, 0
44173,123, 0
44174,121, 0
44175,83, 0
44176,70, 4
44177,51, 0
44178,25, 0
44179,8, 0
44180,0, 0
44181,6, 0
44182,50, 0
44183,97, 0
44184,135, 0
44185,156, 0
44186,166, 0
44187,140, 0
44188,127, 0
44189,115, 0
44190,126, 0
44191,107, 2
44192,115, 0
44193,124, 4
44194,120, 10
44195,108, 4
44196,80, 0
44197,83, 0
44198,83, 0
44199,63, 0
44200,52, 0
44201,38, 0
44202,26, 0
44203,3, 0
44204,0, 0
44205,4, 0
44206,12, 0
44207,7, 0
44208,0, 0
44209,0, 0
44210,7, 0
44211,32, 0
44212,75, 0
44213,112, 0
44214,120, 0
44215,116, 0
44216,99, 0
44217,75, 0
44218,64, 0
44219,63, 0
44220,77, 0
44221,91, 0
44222,96, 0
44223,89, 0
44224,89, 0
44225,92, 0
44226,85, 0
44227,76, 0
44228,67, 0
44229,75, 0
44230,88, 0
44231,95, 0
44232,109, 0
44233,119, 0
44234,125, 0
44235,130, 0
44236,132, 0
44237,152, 0
44238,170, 0
44239,183, 0
44240,208, 0
44241,223, 0
44242,231, 0
44243,241, 0
44244,242, 0
44245,244, 0
44246,233, 0
44247,237, 0
44248,207, 0
44249,168, 6
44250,122, 0
44251,95, 0
44252,69, 12
44253,44, 0
44254,43, 0
44255,63, 13
44256,101, 13
44257,127, 3
44258,177, 0
44259,206, 0
44260,206, 0
44261,207, 0
44262,207, 0
44263,217, 0
44264,242, 0
44265,249, 0
44266,276, 0
44267,296, 0
44268,330, 0
44269,300, 0
44270,294, 0
44271,282, 0
44272,282, 0
44273,294, 0
44274,292, 0
44275,295, 0
44276,287, 0
44277,278, 0
44278,261, 0
44279,244, 0
44280,220, 0
44281,198, 0
44282,167, 0
44283,131, 0
44284,92, 0
44285,51, 0
44286,36, 0
44287,26, 0
44288,26, 0
44289,23, 0
44290,21, 0
44291,31, 0
44292,47, 0
44293,52, 0
44294,50, 0
44295,45, 0
44296,67, 0
44297,77, 0
44298,115, 0
44299,112, 0
44300,125, 0
44301,141, 0
44302,160, 0
44303,179, 0
44304,187, 0
44305,183, 0
44306,160, 0
44307,133, 0
44308,112, 0
44309,106, 0
44310,117, 0
44311,121, 0
44312,105, 0
44313,111, 1
44314,107, 6
44315,90, 5
44316,107, 32
44317,104, 14
44318,119, 5
44319,123, 0
44320,121, 0
44321,102, 0
44322,118, 0
44323,92, 0
44324,85, 0
44325,70, 0
44326,44, 0
44327,19, 0
44328,6, 0
44329,8, 0
44330,12, 0
44331,36, 0
44332,65, 0
44333,92, 0
44334,97, 0
44335,106, 0
44336,103, 0
44337,119, 0
44338,117, 0
44339,97, 0
44340,91, 0
44341,58, 0
44342,53, 0
44343,52, 0
44344,37, 0
44345,5, 0
44346,0, 0
44347,0, 0
44348,14, 0
44349,57, 0
44350,92, 0
44351,123, 0
44352,145, 0
44353,171, 0
44354,196, 0
44355,199, 0
44356,206, 0
44357,204, 0
44358,193, 0
44359,184, 0
44360,167, 0
44361,164, 0
44362,180, 0
44363,202, 0
44364,232, 0
44365,264, 0
44366,284, 0
44367,282, 0
44368,283, 0
44369,276, 0
44370,268, 0
44371,255, 6
44372,235, 6
44373,210, 0
44374,206, 1
44375,195, 9
44376,168, 1
44377,149, 6
44378,120, 1
44379,70, 0
44380,40, 0
44381,32, 0
44382,38, 0
44383,53, 0
44384,81, 0
44385,97, 0
44386,116, 0
44387,145, 0
44388,171, 6
44389,189, 0
44390,223, 0
44391,208, 0
44392,191, 0
44393,172, 0
44394,159, 0
44395,168, 0
44396,186, 0
44397,199, 0
44398,206, 0
44399,210, 0
44400,188, 0
44401,159, 0
44402,115, 0
44403,96, 0
44404,67, 0
44405,31, 0
44406,10, 0
44407,11, 0
44408,29, 0
44409,54, 0
44410,67, 0
44411,71, 0
44412,79, 0
44413,75, 0
44414,91, 0
44415,110, 0
44416,135, 0
44417,158, 0
44418,172, 0
44419,176, 0
44420,170, 0
44421,159, 0
44422,121, 0
44423,124, 0
44424,130, 0
44425,134, 6
44426,137, 0
44427,120, 0
44428,90, 0
44429,83, 0
44430,92, 0
44431,130, 0
44432,138, 0
44433,145, 0
44434,158, 0
44435,164, 0
44436,157, 11
44437,127, 0
44438,99, 5
44439,77, 3
44440,74, 0
44441,119, 0
44442,129, 0
44443,152, 0
44444,161, 0
44445,161, 0
44446,149, 0
44447,171, 0
44448,190, 0
44449,201, 0
44450,196, 0
44451,201, 0
44452,207, 0
44453,202, 0
44454,231, 0
44455,204, 0
44456,197, 0
44457,180, 0
44458,156, 0
44459,134, 0
44460,93, 0
44461,50, 0
44462,19, 0
44463,14, 0
44464,23, 0
44465,38, 0
44466,38, 0
44467,44, 0
44468,61, 0
44469,93, 0
44470,139, 0
44471,186, 0
44472,224, 0
44473,264, 0
44474,292, 0
44475,294, 0
44476,282, 0
44477,263, 0
44478,238, 0
44479,227, 0
44480,216, 0
44481,204, 0
44482,176, 0
44483,159, 0
44484,127, 0
44485,92, 0
44486,50, 0
44487,10, 0
44488,19, 0
44489,80, 0
44490,85, 0
44491,76, 0
44492,43, 0
44493,6, 0
44494,1, 0
44495,51, 0
44496,69, 6
44497,95, 0
44498,115, 0
44499,129, 8
44500,93, 1
44501,65, 0
44502,30, 0
44503,2, 0
44504,0, 0
44505,0, 0
44506,12, 0
44507,46, 0
44508,88, 0
44509,153, 0
44510,217, 0
44511,277, 0
44512,306, 0
44513,318, 0
44514,314, 0
44515,332, 0
44516,336, 0
44517,330, 0
44518,333, 0
44519,322, 0
44520,306, 0
44521,278, 0
44522,244, 0
44523,216, 0
44524,177, 0
44525,179, 0
44526,164, 0
44527,141, 0
44528,122, 0
44529,78, 0
44530,39, 0
44531,19, 0
44532,4, 0
44533,9, 0
44534,19, 0
44535,31, 0
44536,39, 0
44537,31, 0
44538,20, 0
44539,0, 0
44540,0, 0
44541,11, 0
44542,44, 0
44543,89, 0
44544,124, 0
44545,166, 0
44546,195, 0
44547,213, 0
44548,226, 0
44549,251, 0
44550,257, 0
44551,244, 0
44552,219, 0
44553,193, 0
44554,176, 0
44555,164, 0
44556,132, 0
44557,102, 8
44558,84, 0
44559,92, 8
44560,122, 6
44561,152, 8
44562,183, 9
44563,211, 0
44564,221, 2
44565,205, 0
44566,174, 0
44567,148, 0
44568,133, 0
44569,133, 0
44570,164, 0
44571,149, 0
44572,169, 0
44573,128, 0
44574,72, 0
44575,32, 0
44576,5, 0
44577,0, 0
44578,29, 0
44579,31, 0
44580,59, 0
44581,63, 0
44582,40, 0
44583,2, 0
44584,0, 0
44585,8, 0
44586,25, 0
44587,60, 0
44588,86, 0
44589,118, 0
44590,154, 0
44591,177, 0
44592,191, 0
44593,205, 0
44594,238, 0
44595,239, 0
44596,263, 0
44597,289, 0
44598,311, 0
44599,322, 0
44600,326, 0
44601,317, 0
44602,316, 0
44603,300, 0
44604,300, 0
44605,287, 0
44606,284, 0
44607,274, 0
44608,279, 0
44609,289, 0
44610,294, 0
44611,267, 0
44612,291, 0
44613,281, 0
44614,305, 0
44615,317, 0
44616,325, 0
44617,325, 0
44618,323, 0
44619,299, 0
44620,257, 1
44621,177, 0
44622,121, 15
44623,92, 0
44624,92, 0
44625,102, 0
44626,112, 0
44627,119, 0
44628,110, 0
44629,101, 0
44630,101, 0
44631,111, 0
44632,108, 0
44633,89, 0
44634,70, 0
44635,63, 0
44636,68, 0
44637,64, 0
44638,69, 0
44639,100, 0
44640,125, 0
44641,142, 0
44642,129, 0
44643,85, 0
44644,44, 0
44645,2, 0
44646,30, 0
44647,58, 0
44648,55, 0
44649,41, 0
44650,37, 0
44651,56, 0
44652,57, 0
44653,57, 0
44654,44, 0
44655,17, 0
44656,0, 0
44657,0, 0
44658,0, 0
44659,1, 0
44660,0, 0
44661,0, 0
44662,0, 0
44663,34, 0
44664,63, 0
44665,71, 0
44666,70, 0
44667,86, 0
44668,90, 0
44669,91, 0
44670,95, 0
44671,107, 0
44672,121, 0
44673,136, 0
44674,155, 0
44675,174, 0
44676,223, 5
44677,249, 5
44678,266, 0
44679,270, 8
44680,263, 0
44681,240, 1
44682,207, 5
44683,185, 19
44684,176, 2
44685,170, 0
44686,142, 0
44687,107, 0
44688,86, 0
44689,100, 0
44690,121, 0
44691,138, 0
44692,149, 0
44693,142, 0
44694,154, 0
44695,126, 0
44696,108, 0
44697,89, 0
44698,78, 0
44699,110, 0
44700,166, 0
44701,221, 0
44702,282, 0
44703,310, 0
44704,324, 0
44705,344, 0
44706,361, 0
44707,395, 0
44708,404, 0
44709,399, 0
44710,390, 0
44711,383, 0
44712,379, 0
44713,361, 0
44714,331, 0
44715,295, 0
44716,254, 0
44717,217, 0
44718,180, 0
44719,128, 0
44720,91, 0
44721,57, 0
44722,14, 0
44723,0, 0
44724,7, 0
44725,22, 0
44726,39, 0
44727,51, 0
44728,57, 0
44729,38, 0
44730,10, 0
44731,0, 0
44732,23, 0
44733,59, 0
44734,93, 0
44735,132, 0
44736,170, 0
44737,166, 6
44738,148, 6
44739,157, 0
44740,131, 10
44741,145, 0
44742,180, 0
44743,196, 9
44744,186, 8
44745,169, 0
44746,152, 0
44747,127, 0
44748,86, 0
44749,37, 0
44750,0, 0
44751,18, 0
44752,29, 0
44753,22, 0
44754,0, 0
44755,0, 0
44756,12, 0
44757,22, 0
44758,43, 0
44759,70, 0
44760,111, 0
44761,163, 0
44762,202, 0
44763,245, 0
44764,282, 0
44765,283, 0
44766,260, 0
44767,242, 0
44768,220, 0
44769,229, 0
44770,217, 0
44771,167, 0
44772,113, 0
44773,63, 0
44774,44, 0
44775,78, 0
44776,154, 0
44777,282, 0
44778,353, 0
44779,385, 0
44780,396, 0
44781,373, 0
44782,329, 0
44783,310, 0
44784,298, 0
44785,291, 0
44786,289, 0
44787,287, 0
44788,278, 0
44789,270, 0
44790,242, 0
44791,167, 0
44792,48, 0
44793,5, 0
44794,38, 0
44795,31, 0
44796,6, 0
44797,0, 0
44798,35, 0
44799,75, 0
44800,111, 0
44801,128, 0
44802,139, 11
44803,139, 0
44804,135, 6
44805,113, 4
44806,89, 2
44807,46, 6
44808,8, 0
44809,0, 0
44810,0, 0
44811,0, 0
44812,25, 0
44813,68, 0
44814,125, 0
44815,214, 0
44816,266, 0
44817,269, 0
44818,279, 0
44819,257, 0
44820,245, 0
44821,236, 0
44822,242, 0
44823,271, 0
44824,300, 0
44825,311, 0
44826,307, 0
44827,283, 0
44828,232, 0
44829,170, 0
44830,128, 0
44831,64, 0
44832,12, 0
44833,2, 0
44834,0, 0
44835,0, 0
44836,38, 0
44837,85, 0
44838,103, 0
44839,115, 0
44840,95, 0
44841,77, 0
44842,63, 0
44843,54, 0
44844,19, 0
44845,12, 0
44846,103, 0
44847,183, 0
44848,210, 0
44849,204, 0
44850,180, 0
44851,167, 0
44852,185, 0
44853,232, 0
44854,302, 0
44855,375, 0
44856,469, 0
44857,564, 0
44858,649, 0
44859,712, 0
44860,741, 0
44861,689, 0
44862,562, 0
44863,364, 0
44864,129, 0
44865,60, 6
44866,239, 2
44867,354, 0
44868,419, 3
44869,419, 0
44870,373, 0
44871,300, 0
44872,218, 0
44873,136, 0
44874,76, 0
44875,42, 0
44876,26, 0
44877,2, 0
44878,0, 0
44879,20, 0
44880,38, 0
44881,41, 0
44882,63, 0
44883,85, 0
44884,121, 0
44885,217, 0
44886,319, 0
44887,433, 0
44888,509, 0
44889,561, 0
44890,582, 0
44891,556, 0
44892,477, 0
44893,379, 0
44894,271, 0
44895,153, 0
44896,32, 0
44897,1, 2
44898,28, 0
44899,63, 0
44900,115, 0
44901,153, 0
44902,165, 0
44903,154, 0
44904,102, 0
44905,39, 0
44906,61, 0
44907,197, 0
44908,291, 0
44909,345, 0
44910,370, 0
44911,326, 0
44912,244, 0
44913,174, 0
44914,173, 0
44915,204, 0
44916,251, 0
44917,284, 0
44918,348, 0
44919,384, 0
44920,407, 0
44921,398, 0
44922,317, 0
44923,128, 0
44924,107, 8
44925,364, 6
44926,513, 15
44927,548, 4
44928,447, 2
44929,298, 12
44930,139, 0
44931,52, 0
44932,18, 0
44933,38, 0
44934,94, 0
44935,142, 0
44936,207, 0
44937,290, 0
44938,361, 0
44939,391, 0
44940,426, 0
44941,461, 6
44942,499, 0
44943,517, 0
44944,487, 0
44945,398, 0
44946,305, 0
44947,238, 0
44948,257, 0
44949,331, 0
44950,423, 0
44951,458, 0
44952,473, 0
44953,427, 2
44954,342, 0
44955,245, 0
44956,169, 0
44957,108, 0
44958,79, 0
44959,67, 0
44960,64, 0
44961,80, 0
44962,83, 0
44963,57, 0
44964,5, 0
44965,80, 0
44966,145, 0
44967,153, 0
44968,145, 0
44969,140, 0
44970,134, 0
44971,145, 0
44972,170, 0
44973,186, 0
44974,156, 7
44975,69, 0
44976,14, 0
44977,74, 0
44978,124, 0
44979,167, 0
44980,202, 0
44981,241, 0
44982,277, 0
44983,299, 0
44984,263, 0
44985,233, 0
44986,168, 0
44987,94, 2
44988,73, 3
44989,71, 0
44990,83, 0
44991,107, 0
44992,143, 0
44993,221, 0
44994,261, 0
44995,242, 0
44996,207, 0
44997,191, 0
44998,190, 0
44999,204, 0
45000,210, 0
45001,238, 0
45002,275, 0
45003,321, 0
45004,333, 0
45005,364, 0
45006,395, 0
45007,427, 0
45008,450, 0
45009,529, 0
45010,635, 0
45011,767, 0
45012,853, 0
45013,865, 0
45014,762, 0
45015,639, 0
45016,570, 0
45017,529, 0
45018,512, 0
45019,463, 0
45020,359, 0
45021,204, 0
45022,35, 0
45023,121, 0
45024,265, 0
45025,317, 0
45026,282, 0
45027,230, 0
45028,168, 0
45029,113, 8
45030,70, 0
45031,39, 0
45032,18, 0
45033,15, 0
45034,36, 0
45035,46, 7
45036,77, 0
45037,131, 0
45038,173, 0
45039,195, 0
45040,170, 0
45041,121, 0
45042,92, 0
45043,63, 0
45044,27, 0
45045,1, 0
45046,83, 0
45047,223, 0
45048,347, 0
45049,407, 0
45050,409, 3
45051,374, 6
45052,338, 0
45053,242, 0
45054,116, 0
45055,24, 0
45056,0, 0
45057,2, 0
45058,52, 0
45059,116, 0
45060,140, 0
45061,177, 0
45062,262, 0
45063,359, 0
45064,409, 0
45065,415, 0
45066,383, 0
45067,403, 0
45068,456, 0
45069,477, 0
45070,393, 0
45071,145, 0
45072,108, 0
45073,332, 0
45074,426, 0
45075,416, 0
45076,369, 0
45077,325, 0
45078,348, 0
45079,434, 0
45080,504, 0
45081,526, 0
45082,467, 0
45083,355, 0
45084,226, 0
45085,55, 0
45086,95, 0
45087,285, 0
45088,402, 0
45089,420, 0
45090,361, 0
45091,256, 0
45092,107, 0
45093,18, 0
45094,96, 0
45095,117, 0
45096,47, 0
45097,67, 0
45098,294, 0
45099,467, 0
45100,593, 0
45101,653, 0
45102,692, 0
45103,710, 0
45104,702, 0
45105,652, 0
45106,535, 1
45107,337, 0
45108,76, 0
45109,133, 11
45110,247, 10
45111,276, 0
45112,244, 0
45113,157, 0
45114,40, 0
45115,263, 0
45116,548, 0
45117,777, 0
45118,946, 0
45119,1074, 0
45120,1123, 0
45121,1111, 0
45122,982, 0
45123,758, 0
45124,413, 0
45125,68, 0
45126,207, 0
45127,326, 0
45128,321, 0
45129,311, 0
45130,314, 0
45131,361, 0
45132,417, 0
45133,428, 0
45134,414, 0
45135,405, 0
45136,440, 0
45137,481, 0
45138,444, 0
45139,332, 0
45140,177, 0
45141,52, 0
45142,22, 0
45143,35, 0
45144,21, 0
45145,25, 0
45146,155, 0
45147,313, 0
45148,472, 0
45149,505, 0
45150,433, 0
45151,309, 0
45152,229, 0
45153,251, 0
45154,328, 0
45155,374, 0
45156,410, 4
45157,423, 0
45158,430, 0
45159,430, 0
45160,427, 0
45161,415, 0
45162,406, 0
45163,430, 0
45164,469, 0
45165,506, 0
45166,504, 0
45167,444, 0
45168,391, 0
45169,371, 0
45170,388, 1
45171,416, 0
45172,477, 0
45173,513, 0
45174,509, 0
45175,445, 0
45176,324, 0
45177,202, 0
45178,133, 0
45179,138, 0
45180,145, 0
45181,159, 0
45182,151, 0
45183,134, 0
45184,149, 0
45185,256, 0
45186,369, 0
45187,433, 0
45188,306, 0
45189,77, 0
45190,159, 0
45191,348, 0
45192,373, 0
45193,314, 0
45194,309, 0
45195,377, 0
45196,470, 0
45197,526, 4
45198,504, 0
45199,432, 0
45200,310, 0
45201,102, 0
45202,145, 0
45203,417, 0
45204,582, 0
45205,614, 0
45206,542, 0
45207,447, 0
45208,369, 0
45209,273, 0
45210,145, 0
45211,55, 0
45212,232, 0
45213,439, 6
45214,538, 0
45215,488, 0
45216,275, 0
45217,56, 0
45218,223, 0
45219,440, 0
45220,606, 0
45221,714, 0
45222,794, 0
45223,847, 0
45224,806, 0
45225,688, 0
45226,483, 0
45227,196, 0
45228,148, 0
45229,500, 0
45230,663, 0
45231,630, 0
45232,418, 0
45233,105, 0
45234,158, 6
45235,406, 6
45236,582, 0
45237,718, 0
45238,777, 0
45239,803, 0
45240,779, 0
45241,678, 0
45242,432, 0
45243,145, 0
45244,102, 0
45245,339, 0
45246,533, 0
45247,662, 0
45248,725, 0
45249,718, 0
45250,601, 0
45251,415, 0
45252,183, 0
45253,57, 0
45254,276, 0
45255,454, 0
45256,561, 0
45257,614, 0
45258,651, 0
45259,645, 0
45260,499, 0
45261,176, 0
45262,154, 0
45263,383, 0
45264,417, 0
45265,300, 0
45266,121, 0
45267,27, 0
45268,186, 0
45269,370, 0
45270,483, 0
45271,519, 0
45272,479, 0
45273,395, 0
45274,264, 0
45275,134, 0
45276,90, 0
45277,182, 0
45278,310, 0
45279,377, 0
45280,356, 0
45281,297, 0
45282,198, 0
45283,144, 0
45284,121, 0
45285,94, 0
45286,19, 0
45287,189, 0
45288,436, 0
45289,613, 5
45290,707, 0
45291,677, 0
45292,521, 1
45293,345, 38
45294,252, 0
45295,186, 0
45296,102, 0
45297,53, 0
45298,11, 0
45299,73, 0
45300,200, 0
45301,292, 0
45302,323, 0
45303,327, 0
45304,337, 0
45305,363, 0
45306,373, 0
45307,404, 0
45308,409, 0
45309,431, 0
45310,487, 0
45311,601, 0
45312,722, 1
45313,826, 0
45314,887, 0
45315,855, 0
45316,786, 0
45317,780, 0
45318,823, 0
45319,904, 0
45320,1073, 0
45321,1265, 0
45322,1396, 0
45323,1400, 0
45324,1292, 0
45325,1039, 0
45326,718, 0
45327,385, 0
45328,71, 0
45329,280, 0
45330,477, 0
45331,570, 0
45332,594, 0
45333,577, 0
45334,491, 0
45335,334, 0
45336,127, 0
45337,25, 0
45338,63, 0
45339,44, 0
45340,15, 0
45341,91, 0
45342,143, 0
45343,278, 0
45344,411, 0
45345,562, 0
45346,644, 0
45347,592, 0
45348,487, 0
45349,357, 0
45350,223, 0
45351,112, 0
45352,38, 0
45353,10, 0
45354,0, 12
45355,15, 0
45356,23, 0
45357,7, 6
45358,3, 0
45359,70, 0
45360,183, 0
45361,270, 0
45362,258, 0
45363,196, 0
45364,143, 0
45365,155, 0
45366,305, 0
45367,517, 0
45368,706, 0
45369,837, 0
45370,875, 0
45371,873, 0
45372,900, 0
45373,907, 0
45374,888, 0
45375,765, 0
45376,501, 0
45377,148, 0
45378,115, 0
45379,266, 0
45380,293, 0
45381,251, 0
45382,214, 0
45383,176, 0
45384,165, 0
45385,189, 0
45386,226, 0
45387,261, 0
45388,317, 0
45389,399, 0
45390,473, 0
45391,457, 0
45392,343, 0
45393,196, 0
45394,109, 0
45395,89, 0
45396,79, 4
45397,28, 0
45398,0, 0
45399,12, 0
45400,42, 0
45401,138, 0
45402,306, 0
45403,481, 0
45404,577, 0
45405,600, 0
45406,619, 0
45407,663, 0
45408,711, 0
45409,757, 3
45410,781, 0
45411,735, 0
45412,625, 0
45413,417, 0
45414,138, 0
45415,37, 0
45416,102, 0
45417,48, 2
45418,15, 0
45419,83, 0
45420,121, 0
45421,84, 0
45422,88, 0
45423,102, 0
45424,141, 0
45425,190, 0
45426,201, 0
45427,175, 0
45428,112, 0
45429,13, 0
45430,43, 0
45431,135, 0
45432,253, 0
45433,380, 0
45434,431, 0
45435,331, 0
45436,158, 0
45437,14, 0
45438,83, 0
45439,213, 0
45440,325, 0
45441,444, 0
45442,539, 0
45443,618, 0
45444,677, 0
45445,766, 0
45446,826, 0
45447,788, 0
45448,591, 0
45449,220, 0
45450,185, 0
45451,515, 0
45452,635, 0
45453,604, 0
45454,470, 0
45455,296, 0
45456,161, 0
45457,57, 0
45458,4, 0
45459,2, 0
45460,3, 7
45461,14, 0
45462,43, 6
45463,83, 0
45464,143, 0
45465,247, 0
45466,364, 0
45467,525, 0
45468,654, 0
45469,780, 0
45470,853, 0
45471,843, 0
45472,763, 0
45473,678, 0
45474,628, 0
45475,579, 0
45476,473, 0
45477,318, 0
45478,158, 0
45479,50, 0
45480,2, 0
45481,14, 0
45482,97, 0
45483,144, 0
45484,197, 0
45485,244, 0
45486,322, 0
45487,381, 0
45488,420, 0
45489,363, 0
45490,218, 0
45491,45, 0
45492,40, 0
45493,72, 0
45494,19, 0
45495,18, 0
45496,92, 0
45497,227, 0
45498,357, 0
45499,446, 0
45500,430, 0
45501,293, 0
45502,130, 0
45503,19, 0
45504,20, 0
45505,120, 0
45506,256, 0
45507,367, 0
45508,454, 0
45509,481, 0
45510,441, 0
45511,355, 0
45512,276, 0
45513,220, 0
45514,233, 0
45515,257, 0
45516,202, 0
45517,61, 0
45518,64, 0
45519,207, 0
45520,338, 0
45521,488, 0
45522,650, 0
45523,788, 0
45524,885, 0
45525,899, 0
45526,875, 0
45527,823, 0
45528,782, 0
45529,758, 0
45530,766, 0
45531,737, 0
45532,605, 0
45533,395, 0
45534,159, 0
45535,31, 0
45536,187, 0
45537,351, 0
45538,455, 0
45539,436, 0
45540,315, 0
45541,138, 0
45542,30, 0
45543,179, 0
45544,316, 0
45545,439, 0
45546,555, 0
45547,640, 0
45548,689, 0
45549,674, 0
45550,573, 0
45551,360, 0
45552,115, 0
45553,55, 0
45554,193, 0
45555,292, 0
45556,273, 0
45557,189, 0
45558,80, 0
45559,8, 0
45560,106, 0
45561,181, 0
45562,137, 0
45563,27, 0
45564,153, 0
45565,281, 0
45566,267, 0
45567,205, 0
45568,237, 2
45569,317, 0
45570,374, 0
45571,345, 0
45572,204, 0
45573,36, 0
45574,170, 0
45575,352, 0
45576,454, 0
45577,465, 0
45578,430, 0
45579,361, 0
45580,326, 0
45581,325, 0
45582,347, 0
45583,427, 0
45584,523, 0
45585,621, 0
45586,682, 0
45587,639, 0
45588,617, 0
45589,596, 0
45590,653, 0
45591,758, 0
45592,856, 0
45593,858, 0
45594,730, 0
45595,521, 0
45596,326, 0
45597,182, 0
45598,50, 0
45599,70, 0
45600,207, 0
45601,253, 0
45602,215, 0
45603,101, 0
45604,24, 0
45605,57, 0
45606,67, 0
45607,29, 0
45608,26, 0
45609,45, 0
45610,161, 0
45611,307, 0
45612,426, 0
45613,485, 0
45614,453, 0
45615,348, 0
45616,218, 0
45617,75, 0
45618,40, 0
45619,155, 0
45620,170, 0
45621,109, 0
45622,42, 0
45623,6, 0
45624,0, 0
45625,0, 0
45626,47, 0
45627,153, 0
45628,158, 0
45629,76, 0
45630,52, 0
45631,204, 0
45632,269, 0
45633,255, 0
45634,123, 0
45635,41, 0
45636,214, 0
45637,287, 0
45638,274, 0
45639,224, 0
45640,183, 0
45641,158, 0
45642,101, 0
45643,64, 0
45644,51, 0
45645,47, 0
45646,6, 0
45647,87, 0
45648,202, 0
45649,292, 0
45650,332, 0
45651,342, 0
45652,330, 0
45653,316, 1
45654,331, 0
45655,402, 0
45656,456, 1
45657,513, 0
45658,507, 0
45659,477, 0
45660,434, 0
45661,391, 0
45662,344, 0
45663,310, 0
45664,264, 0
45665,154, 0
45666,19, 0
45667,75, 0
45668,120, 4
45669,86, 0
45670,8, 0
45671,76, 0
45672,226, 0
45673,379, 0
45674,460, 0
45675,476, 0
45676,479, 0
45677,490, 0
45678,461, 0
45679,371, 0
45680,261, 0
45681,197, 0
45682,206, 0
45683,222, 0
45684,230, 0
45685,262, 0
45686,351, 0
45687,472, 0
45688,579, 0
45689,659, 0
45690,653, 0
45691,576, 0
45692,423, 0
45693,174, 0
45694,57, 0
45695,223, 0
45696,239, 0
45697,116, 0
45698,22, 0
45699,137, 0
45700,214, 9
45701,244, 0
45702,241, 0
45703,239, 0
45704,257, 0
45705,254, 0
45706,191, 0
45707,86, 0
45708,10, 0
45709,97, 0
45710,180, 0
45711,218, 0
45712,199, 0
45713,128, 6
45714,18, 0
45715,47, 0
45716,89, 0
45717,60, 5
45718,15, 0
45719,19, 0
45720,12, 0
45721,60, 0
45722,149, 0
45723,242, 0
45724,325, 0
45725,407, 0
45726,496, 0
45727,514, 0
45728,499, 0
45729,475, 0
45730,473, 0
45731,494, 0
45732,461, 0
45733,362, 0
45734,259, 0
45735,159, 0
45736,44, 0
45737,13, 0
45738,93, 0
45739,245, 0
45740,436, 0
45741,623, 0
45742,710, 0
45743,671, 0
45744,605, 0
45745,525, 0
45746,401, 0
45747,265, 0
45748,154, 0
45749,91, 0
45750,97, 0
45751,193, 0
45752,385, 0
45753,593, 0
45754,687, 0
45755,638, 0
45756,533, 0
45757,395, 0
45758,242, 0
45759,58, 0
45760,91, 0
45761,244, 0
45762,361, 0
45763,439, 0
45764,457, 0
45765,424, 1
45766,403, 0
45767,384, 0
45768,376, 0
45769,361, 0
45770,371, 0
45771,357, 0
45772,370, 0
45773,379, 0
45774,424, 0
45775,507, 6
45776,646, 0
45777,757, 0
45778,822, 0
45779,832, 0
45780,779, 5
45781,674, 0
45782,546, 0
45783,407, 0
45784,251, 0
45785,131, 0
45786,52, 0
45787,10, 0
45788,0, 0
45789,6, 0
45790,92, 0
45791,196, 0
45792,326, 0
45793,382, 0
45794,340, 0
45795,199, 0
45796,30, 0
45797,87, 0
45798,182, 0
45799,251, 0
45800,278, 0
45801,299, 0
45802,330, 0
45803,383, 0
45804,450, 0
45805,439, 0
45806,355, 0
45807,308, 0
45808,342, 0
45809,440, 0
45810,524, 0
45811,594, 0
45812,704, 0
45813,900, 0
45814,1143, 0
45815,1251, 0
45816,1149, 0
45817,958, 0
45818,756, 0
45819,587, 0
45820,420, 0
45821,237, 0
45822,83, 3
45823,18, 0
45824,95, 0
45825,216, 0
45826,342, 0
45827,436, 0
45828,442, 0
45829,421, 0
45830,435, 0
45831,493, 0
45832,519, 0
45833,472, 0
45834,361, 0
45835,269, 3
45836,270, 0
45837,300, 0
45838,294, 2
45839,280, 0
45840,265, 0
45841,276, 0
45842,245, 15
45843,189, 1
45844,154, 9
45845,100, 0
45846,30, 0
45847,18, 0
45848,106, 0
45849,179, 0
45850,212, 0
45851,203, 0
45852,172, 0
45853,119, 0
45854,97, 0
45855,116, 0
45856,196, 0
45857,318, 0
45858,452, 0
45859,556, 0
45860,638, 0
45861,683, 0
45862,683, 0
45863,654, 0
45864,608, 0
45865,529, 0
45866,403, 0
45867,241, 0
45868,107, 0
45869,18, 0
45870,76, 0
45871,133, 0
45872,89, 0
45873,13, 0
45874,134, 0
45875,218, 0
45876,204, 0
45877,202, 0
45878,226, 0
45879,318, 0
45880,433, 0
45881,481, 0
45882,485, 0
45883,499, 0
45884,523, 0
45885,536, 0
45886,502, 0
45887,376, 0
45888,164, 0
45889,25, 4
45890,130, 0
45891,198, 0
45892,173, 0
45893,127, 0
45894,133, 0
45895,186, 0
45896,221, 0
45897,247, 5
45898,249, 0
45899,255, 0
45900,218, 0
45901,137, 0
45902,55, 0
45903,0, 6
45904,17, 0
45905,48, 1
45906,83, 0
45907,81, 0
45908,100, 0
45909,120, 0
45910,207, 0
45911,338, 0
45912,468, 0
45913,564, 0
45914,638, 0
45915,733, 0
45916,833, 0
45917,920, 0
45918,885, 0
45919,802, 0
45920,697, 0
45921,610, 0
45922,535, 0
45923,404, 0
45924,159, 0
45925,185, 0
45926,601, 0
45927,844, 0
45928,853, 0
45929,711, 0
45930,481, 0
45931,276, 0
45932,138, 0
45933,134, 0
45934,170, 0
45935,199, 0
45936,171, 0
45937,109, 0
45938,20, 0
45939,7, 0
45940,63, 0
45941,87, 0
45942,121, 0
45943,145, 0
45944,170, 0
45945,262, 0
45946,365, 0
45947,469, 0
45948,535, 0
45949,548, 0
45950,535, 0
45951,519, 0
45952,496, 0
45953,476, 0
45954,464, 0
45955,399, 0
45956,336, 0
45957,267, 0
45958,217, 0
45959,177, 0
45960,121, 2
45961,70, 0
45962,62, 12
45963,51, 0
45964,10, 31
45965,8, 5
45966,41, 1
45967,74, 0
45968,115, 7
45969,150, 0
45970,127, 0
45971,70, 0
45972,4, 0
45973,51, 0
45974,100, 0
45975,105, 0
45976,115, 0
45977,193, 0
45978,326, 0
45979,481, 0
45980,623, 0
45981,723, 0
45982,779, 0
45983,806, 0
45984,837, 0
45985,852, 0
45986,805, 0
45987,627, 0
45988,318, 0
45989,45, 4
45990,95, 0
45991,190, 0
45992,251, 0
45993,312, 0
45994,375, 0
45995,444, 0
45996,456, 0
45997,373, 0
45998,239, 0
45999,104, 0
46000,18, 0
46001,12, 0
46002,5, 0
46003,76, 0
46004,180, 0
46005,260, 0
46006,305, 0
46007,322, 0
46008,337, 0
46009,367, 0
46010,418, 0
46011,404, 0
46012,344, 0
46013,256, 0
46014,205, 0
46015,183, 0
46016,180, 0
46017,199, 0
46018,211, 0
46019,145, 0
46020,52, 0
46021,228, 0
46022,452, 6
46023,535, 0
46024,427, 9
46025,242, 6
46026,38, 0
46027,100, 6
46028,205, 4
46029,295, 0
46030,381, 0
46031,481, 0
46032,494, 0
46033,475, 0
46034,370, 0
46035,204, 0
46036,63, 0
46037,44, 0
46038,145, 0
46039,164, 0
46040,113, 0
46041,31, 0
46042,14, 0
46043,89, 0
46044,165, 0
46045,214, 0
46046,248, 0
46047,260, 0
46048,256, 0
46049,236, 0
46050,202, 0
46051,125, 0
46052,92, 0
46053,109, 0
46054,142, 0
46055,187, 0
46056,227, 0
46057,283, 0
46058,339, 0
46059,383, 0
46060,456, 0
46061,521, 0
46062,519, 0
46063,432, 0
46064,312, 0
46065,223, 0
46066,220, 0
46067,270, 0
46068,279, 0
46069,244, 0
46070,184, 0
46071,96, 0
46072,38, 0
46073,20, 0
46074,38, 0
46075,74, 0
46076,119, 0
46077,119, 0
46078,102, 0
46079,95, 0
46080,131, 0
46081,133, 0
46082,89, 2
46083,15, 0
46084,119, 1
46085,232, 1
46086,264, 17
46087,193, 0
46088,42, 4
46089,70, 0
46090,187, 0
46091,232, 0
46092,244, 0
46093,273, 0
46094,306, 0
46095,321, 0
46096,297, 6
46097,217, 0
46098,95, 0
46099,7, 0
46100,0, 0
46101,0, 0
46102,12, 0
46103,77, 0
46104,151, 0
46105,196, 0
46106,203, 0
46107,224, 0
46108,279, 0
46109,355, 0
46110,402, 0
46111,368, 0
46112,238, 0
46113,65, 0
46114,44, 0
46115,164, 0
46116,207, 0
46117,165, 0
46118,70, 0
46119,2, 0
46120,7, 0
46121,31, 0
46122,51, 0
46123,52, 0
46124,38, 0
46125,13, 0
46126,3, 0
46127,45, 6
46128,141, 0
46129,226, 0
46130,312, 0
46131,336, 0
46132,296, 0
46133,226, 0
46134,201, 0
46135,247, 0
46136,300, 0
46137,343, 0
46138,368, 0
46139,331, 0
46140,272, 0
46141,220, 0
46142,170, 0
46143,154, 0
46144,152, 3
46145,189, 0
46146,198, 0
46147,134, 1
46148,26, 0
46149,63, 0
46150,102, 0
46151,76, 0
46152,8, 0
46153,79, 0
46154,140, 0
46155,189, 0
46156,196, 0
46157,148, 0
46158,75, 0
46159,4, 0
46160,12, 0
46161,3, 0
46162,57, 0
46163,94, 0
46164,133, 0
46165,176, 0
46166,214, 0
46167,212, 0
46168,171, 0
46169,136, 0
46170,73, 0
46171,55, 0
46172,59, 0
46173,88, 0
46174,95, 0
46175,79, 0
46176,74, 0
46177,95, 0
46178,155, 0
46179,196, 0
46180,229, 0
46181,274, 0
46182,326, 5
46183,365, 0
46184,382, 0
46185,413, 0
46186,428, 0
46187,428, 0
46188,374, 0
46189,295, 0
46190,203, 0
46191,113, 0
46192,88, 0
46193,78, 0
46194,74, 0
46195,63, 0
46196,47, 0
46197,10, 0
46198,0, 0
46199,31, 0
46200,102, 0
46201,158, 0
46202,157, 2
46203,127, 0
46204,81, 0
46205,28, 2
46206,2, 0
46207,5, 0
46208,25, 5
46209,57, 5
46210,108, 5
46211,202, 0
46212,300, 0
46213,370, 0
46214,368, 0
46215,286, 0
46216,185, 0
46217,110, 0
46218,60, 0
46219,59, 0
46220,80, 0
46221,62, 0
46222,25, 0
46223,4, 0
46224,47, 0
46225,74, 0
46226,76, 0
46227,70, 0
46228,48, 0
46229,2, 0
46230,37, 0
46231,112, 0
46232,185, 0
46233,276, 0
46234,407, 0
46235,559, 0
46236,647, 0
46237,642, 0
46238,588, 0
46239,523, 0
46240,487, 0
46241,431, 0
46242,356, 0
46243,211, 0
46244,46, 0
46245,1, 0
46246,5, 0
46247,61, 0
46248,119, 0
46249,124, 0
46250,89, 0
46251,63, 0
46252,30, 0
46253,9, 0
46254,84, 0
46255,159, 0
46256,223, 0
46257,223, 0
46258,159, 0
46259,51, 0
46260,58, 0
46261,181, 0
46262,261, 0
46263,242, 0
46264,217, 0
46265,165, 0
46266,165, 0
46267,148, 4
46268,119, 7
46269,102, 0
46270,26, 0
46271,0, 1
46272,0, 0
46273,31, 0
46274,110, 0
46275,150, 0
46276,139, 0
46277,118, 0
46278,100, 0
46279,95, 0
46280,138, 0
46281,141, 0
46282,127, 0
46283,100, 0
46284,64, 0
46285,19, 0
46286,1, 0
46287,11, 0
46288,30, 0
46289,42, 0
46290,39, 0
46291,57, 0
46292,59, 0
46293,92, 0
46294,124, 0
46295,147, 0
46296,168, 0
46297,196, 0
46298,199, 0
46299,204, 0
46300,207, 0
46301,230, 0
46302,239, 0
46303,227, 0
46304,201, 0
46305,156, 0
46306,115, 0
46307,31, 0
46308,0, 0
46309,3, 0
46310,0, 0
46311,20, 0
46312,80, 0
46313,104, 0
46314,145, 0
46315,158, 0
46316,165, 0
46317,186, 0
46318,220, 0
46319,270, 0
46320,283, 0
46321,259, 0
46322,205, 0
46323,170, 0
46324,171, 0
46325,156, 0
46326,164, 0
46327,173, 0
46328,186, 0
46329,216, 4
46330,284, 0
46331,300, 0
46332,294, 0
46333,283, 0
46334,268, 0
46335,282, 0
46336,268, 0
46337,251, 0
46338,179, 0
46339,127, 0
46340,105, 0
46341,123, 0
46342,139, 0
46343,108, 0
46344,69, 0
46345,55, 0
46346,104, 0
46347,159, 0
46348,220, 0
46349,210, 0
46350,170, 0
46351,157, 0
46352,176, 0
46353,208, 0
46354,255, 0
46355,258, 0
46356,218, 0
46357,140, 0
46358,80, 0
46359,31, 0
46360,4, 0
46361,6, 0
46362,3, 0
46363,6, 0
46364,24, 0
46365,77, 0
46366,159, 0
46367,256, 0
46368,307, 0
46369,339, 0
46370,315, 0
46371,241, 0
46372,127, 0
46373,13, 0
46374,73, 0
46375,135, 0
46376,129, 0
46377,95, 0
46378,52, 0
46379,25, 0
46380,0, 0
46381,0, 0
46382,5, 0
46383,44, 0
46384,69, 0
46385,96, 0
46386,106, 0
46387,116, 0
46388,141, 1
46389,161, 0
46390,164, 0
46391,174, 0
46392,136, 0
46393,129, 0
46394,97, 1
46395,72, 0
46396,71, 0
46397,106, 0
46398,150, 0
46399,175, 0
46400,186, 0
46401,208, 0
46402,221, 0
46403,231, 0
46404,238, 0
46405,239, 0
46406,242, 0
46407,264, 0
46408,237, 0
46409,213, 0
46410,216, 0
46411,206, 0
46412,206, 0
46413,218, 0
46414,214, 0
46415,208, 2
46416,204, 0
46417,203, 0
46418,189, 0
46419,185, 0
46420,180, 0
46421,161, 0
46422,175, 0
46423,170, 0
46424,165, 0
46425,157, 0
46426,142, 0
46427,159, 0
46428,168, 0
46429,164, 0
46430,145, 0
46431,110, 0
46432,75, 0
46433,57, 0
46434,55, 0
46435,57, 0
46436,74, 0
46437,63, 0
46438,57, 0
46439,42, 0
46440,23, 0
46441,22, 0
46442,27, 0
46443,52, 0
46444,99, 0
46445,118, 0
46446,151, 2
46447,199, 0
46448,224, 0
46449,248, 0
46450,263, 3
46451,249, 11
46452,241, 12
46453,226, 0
46454,223, 0
46455,201, 0
46456,172, 0
46457,176, 0
46458,204, 0
46459,244, 0
46460,238, 0
46461,208, 0
46462,174, 0
46463,145, 0
46464,63, 0
46465,19, 0
46466,12, 0
46467,88, 0
46468,182, 0
46469,258, 0
46470,269, 0
46471,206, 0
46472,124, 0
46473,43, 0
46474,0, 0
46475,10, 0
46476,0, 0
46477,39, 2
46478,89, 0
46479,116, 0
46480,105, 0
46481,72, 0
46482,32, 0
46483,9, 0
46484,1, 0
46485,9, 0
46486,17, 0
46487,12, 0
46488,1, 0
46489,0, 0
46490,0, 0
46491,12, 0
46492,25, 0
46493,27, 0
46494,19, 0
46495,25, 0
46496,51, 0
46497,90, 0
46498,135, 0
46499,154, 0
46500,159, 0
46501,150, 0
46502,131, 0
46503,126, 0
46504,143, 0
46505,167, 0
46506,187, 0
46507,208, 2
46508,221, 0
46509,223, 0
46510,207, 19
46511,164, 0
46512,125, 0
46513,78, 0
46514,48, 6
46515,41, 3
46516,47, 0
46517,48, 0
46518,63, 0
46519,76, 0
46520,93, 0
46521,109, 0
46522,134, 0
46523,154, 0
46524,151, 0
46525,164, 0
46526,172, 0
46527,197, 0
46528,203, 0
46529,223, 0
46530,234, 0
46531,244, 0
46532,281, 0
46533,270, 0
46534,266, 0
46535,262, 0
46536,270, 0
46537,282, 0
46538,298, 0
46539,307, 0
46540,308, 0
46541,302, 0
46542,293, 0
46543,273, 0
46544,244, 0
46545,206, 0
46546,181, 0
46547,149, 0
46548,95, 0
46549,76, 0
46550,73, 0
46551,77, 0
46552,94, 0
46553,100, 0
46554,111, 0
46555,102, 0
46556,108, 0
46557,107, 0
46558,108, 0
46559,115, 0
46560,127, 0
46561,136, 0
46562,151, 0
46563,157, 0
46564,156, 0
46565,158, 0
46566,150, 0
46567,159, 0
46568,143, 0
46569,133, 0
46570,141, 0
46571,133, 0
46572,133, 8
46573,136, 0
46574,132, 24
46575,136, 0
46576,134, 0
46577,126, 2
46578,112, 0
46579,95, 6
46580,85, 0
46581,68, 0
46582,73, 0
46583,80, 6
46584,79, 0
46585,72, 0
46586,72, 0
46587,64, 0
46588,72, 0
46589,75, 0
46590,95, 0
46591,97, 0
46592,113, 0
46593,134, 0
46594,144, 0
46595,152, 0
46596,159, 0
46597,145, 0
46598,159, 0
46599,160, 0
46600,141, 0
46601,156, 0
46602,156, 0
46603,159, 0
46604,160, 0
46605,168, 0
46606,169, 0
46607,169, 0
46608,164, 0
46609,163, 0
46610,165, 0
46611,167, 0
46612,159, 0
46613,151, 0
46614,142, 0
46615,133, 5
46616,117, 0
46617,110, 0
46618,89, 0
46619,73, 0
46620,67, 0
46621,63, 0
46622,70, 0
46623,88, 0
46624,90, 0
46625,93, 0
46626,96, 0
46627,95, 0
46628,95, 0
46629,90, 0
46630,95, 0
46631,100, 4
46632,109, 0
46633,117, 0
46634,121, 0
46635,116, 10
46636,119, 0
46637,111, 0
46638,120, 0
46639,118, 0
46640,120, 0
46641,127, 0
46642,116, 0
46643,128, 0
46644,127, 4
46645,140, 0
46646,121, 0
46647,133, 0
46648,133, 0
46649,137, 0
46650,136, 0
46651,136, 0
46652,130, 0
46653,133, 0
46654,139, 0
46655,139, 0
46656,131, 0
46657,115, 0
46658,107, 0
46659,108, 0
46660,120, 0
46661,130, 0
46662,143, 0
46663,142, 0
46664,132, 0
46665,139, 0
46666,137, 0
46667,133, 0
46668,134, 0
46669,125, 0
46670,127, 0
46671,125, 0
46672,125, 0
46673,130, 0
46674,132, 0
46675,134, 0
46676,122, 0
46677,136, 0
46678,139, 0
46679,123, 0
46680,111, 0
46681,92, 0
46682,87, 0
46683,92, 0
46684,106, 0
46685,117, 0
46686,123, 0
46687,109, 0
46688,95, 0
46689,81, 0
46690,89, 0
46691,70, 4
46692,71, 0
46693,76, 19
46694,93, 52
46695,122, 139
46696,117, 89
46697,116, 90
46698,113, 28
46699,123, 70
46700,140, 11
46701,157, 2
46702,153, 0
46703,164, 0
46704,173, 0
46705,189, 0
46706,191, 0
46707,199, 0
46708,192, 0
46709,170, 0
46710,149, 0
46711,139, 0
46712,110, 0
46713,107, 0
46714,115, 0
46715,127, 0
46716,151, 0
46717,158, 0
46718,160, 0
46719,139, 0
46720,122, 0
46721,126, 0
46722,124, 0
46723,129, 0
46724,128, 0
46725,133, 0
46726,150, 0
46727,158, 0
46728,152, 0
46729,154, 0
46730,154, 0
46731,161, 0
46732,174, 0
46733,184, 0
46734,181, 0
46735,177, 0
46736,171, 0
46737,160, 0
46738,143, 0
46739,124, 0
46740,125, 0
46741,126, 0
46742,130, 0
46743,130, 0
46744,139, 0
46745,144, 0
46746,132, 0
46747,129, 0
46748,119, 0
46749,133, 0
46750,147, 0
46751,164, 0
46752,158, 0
46753,152, 0
46754,148, 0
46755,139, 0
46756,152, 0
46757,135, 17
46758,127, 0
46759,120, 2
46760,117, 8
46761,110, 8
46762,115, 3
46763,117, 0
46764,108, 0
46765,113, 0
46766,115, 0
46767,111, 0
46768,128, 0
46769,110, 0
46770,103, 0
46771,95, 0
46772,97, 0
46773,106, 0
46774,96, 0
46775,108, 0
46776,108, 0
46777,116, 0
46778,127, 0
46779,133, 0
46780,132, 0
46781,132, 0
46782,132, 0
46783,130, 0
46784,134, 0
46785,132, 0
46786,134, 0
46787,133, 0
46788,129, 0
46789,128, 5
46790,115, 6
46791,115, 0
46792,121, 0
46793,127, 0
46794,145, 0
46795,145, 0
46796,153, 0
46797,164, 0
46798,165, 0
46799,171, 0
46800,182, 0
46801,172, 0
46802,172, 10
46803,177, 0
46804,176, 0
46805,189, 0
46806,177, 0
46807,164, 0
46808,160, 0
46809,155, 0
46810,172, 0
46811,142, 0
46812,140, 0
46813,133, 0
46814,132, 0
46815,122, 0
46816,110, 0
46817,102, 0
46818,101, 0
46819,92, 0
46820,87, 0
46821,91, 0
46822,83, 0
46823,96, 0
46824,92, 0
46825,107, 0
46826,103, 0
46827,124, 0
46828,124, 0
46829,111, 0
46830,101, 0
46831,90, 0
46832,83, 0
46833,86, 0
46834,93, 0
46835,99, 0
46836,119, 0
46837,129, 0
46838,133, 0
46839,143, 0
46840,152, 0
46841,150, 0
46842,160, 0
46843,164, 0
46844,171, 0
46845,184, 0
46846,183, 0
46847,179, 0
46848,195, 0
46849,165, 0
46850,155, 0
46851,152, 0
46852,140, 0
46853,134, 0
46854,139, 0
46855,139, 0
46856,139, 0
46857,145, 0
46858,142, 0
46859,135, 0
46860,133, 0
46861,127, 0
46862,109, 0
46863,106, 0
46864,102, 0
46865,109, 6
46866,112, 0
46867,115, 0
46868,107, 0
46869,88, 0
46870,75, 0
46871,67, 0
46872,79, 0
46873,90, 0
46874,102, 0
46875,95, 0
46876,111, 9
46877,115, 5
46878,113, 1
46879,112, 0
46880,97, 0
46881,92, 0
46882,92, 0
46883,89, 0
46884,118, 0
46885,126, 0
46886,135, 0
46887,145, 0
46888,132, 0
46889,131, 0
46890,133, 0
46891,137, 0
46892,135, 0
46893,110, 0
46894,120, 0
46895,122, 0
46896,124, 0
46897,137, 0
46898,149, 0
46899,152, 0
46900,158, 0
46901,156, 0
46902,155, 0
46903,168, 0
46904,182, 0
46905,180, 0
46906,189, 0
46907,195, 0
46908,196, 0
46909,188, 0
46910,167, 0
46911,156, 0
46912,144, 0
46913,145, 0
46914,128, 0
46915,140, 0
46916,133, 4
46917,115, 0
46918,100, 0
46919,94, 0
46920,92, 0
46921,105, 0
46922,111, 0
46923,116, 0
46924,119, 0
46925,110, 0
46926,102, 7
46927,104, 0
46928,112, 0
46929,131, 0
46930,140, 0
46931,143, 0
46932,140, 0
46933,142, 0
46934,151, 0
46935,152, 0
46936,156, 0
46937,145, 1
46938,127, 0
46939,106, 0
46940,88, 0
46941,97, 0
46942,117, 0
46943,131, 0
46944,133, 0
46945,130, 0
46946,119, 0
46947,108, 0
46948,110, 0
46949,108, 0
46950,117, 0
46951,123, 0
46952,131, 0
46953,134, 0
46954,127, 0
46955,121, 2
46956,122, 0
46957,126, 0
46958,138, 0
46959,143, 0
46960,135, 0
46961,129, 0
46962,144, 0
46963,130, 0
46964,123, 0
46965,127, 6
46966,124, 0
46967,118, 0
46968,115, 0
46969,123, 1
46970,133, 0
46971,129, 0
46972,138, 0
46973,142, 0
46974,135, 0
46975,115, 0
46976,130, 0
46977,126, 0
46978,122, 0
46979,127, 0
46980,118, 0
46981,130, 2
46982,127, 0
46983,127, 0
46984,115, 0
46985,113, 0
46986,108, 0
46987,113, 0
46988,115, 0
46989,111, 0
46990,108, 0
46991,104, 0
46992,111, 0
46993,127, 0
46994,126, 0
46995,128, 0
46996,133, 0
46997,137, 0
46998,139, 0
46999,135, 0
47000,144, 0
47001,148, 3
47002,154, 0
47003,163, 0
47004,175, 0
47005,165, 0
47006,149, 0
47007,180, 0
47008,191, 0
47009,190, 0
47010,199, 0
47011,188, 0
47012,199, 0
47013,195, 2
47014,175, 0
47015,152, 0
47016,142, 0
47017,148, 0
47018,155, 0
47019,152, 0
47020,165, 0
47021,165, 0
47022,159, 0
47023,152, 0
47024,153, 0
47025,151, 0
47026,148, 0
47027,150, 0
47028,159, 0
47029,164, 0
47030,167, 0
47031,173, 0
47032,179, 0
47033,196, 0
47034,155, 0
47035,175, 0
47036,181, 0
47037,167, 0
47038,164, 0
47039,151, 0
47040,153, 0
47041,136, 0
47042,137, 0
47043,139, 0
47044,126, 0
47045,108, 0
47046,92, 0
47047,81, 0
47048,76, 0
47049,76, 0
47050,79, 0
47051,74, 0
47052,63, 0
47053,65, 0
47054,79, 0
47055,70, 0
47056,76, 0
47057,72, 0
47058,75, 0
47059,73, 6
47060,72, 0
47061,73, 2
47062,71, 0
47063,69, 0
47064,74, 6
47065,73, 0
47066,72, 0
47067,73, 0
47068,73, 0
47069,79, 0
47070,92, 0
47071,111, 0
47072,110, 0
47073,111, 0
47074,116, 0
47075,111, 0
47076,110, 0
47077,116, 0
47078,115, 0
47079,144, 0
47080,161, 0
47081,186, 0
47082,202, 0
47083,207, 0
47084,208, 0
47085,219, 0
47086,221, 0
47087,220, 0
47088,251, 0
47089,238, 0
47090,236, 0
47091,232, 0
47092,232, 0
47093,220, 0
47094,210, 0
47095,201, 0
47096,192, 0
47097,172, 0
47098,157, 0
47099,153, 0
47100,150, 0
47101,144, 0
47102,133, 0
47103,137, 0
47104,134, 0
47105,141, 0
47106,112, 0
47107,96, 0
47108,86, 0
47109,83, 0
47110,84, 0
47111,90, 0
47112,94, 0
47113,102, 0
47114,95, 0
47115,78, 0
47116,81, 0
47117,69, 0
47118,78, 0
47119,86, 0
47120,83, 6
47121,84, 0
47122,84, 8
47123,87, 21
47124,81, 0
47125,87, 0
47126,91, 0
47127,91, 0
47128,92, 0
47129,83, 0
47130,72, 0
47131,85, 0
47132,92, 0
47133,96, 0
47134,110, 0
47135,121, 0
47136,109, 0
47137,100, 0
47138,90, 0
47139,83, 0
47140,90, 0
47141,102, 0
47142,110, 0
47143,120, 0
47144,121, 0
47145,137, 0
47146,121, 0
47147,119, 0
47148,116, 0
47149,116, 0
47150,116, 0
47151,121, 0
47152,130, 0
47153,155, 1
47154,172, 0
47155,192, 0
47156,193, 0
47157,190, 0
47158,190, 0
47159,196, 0
47160,199, 0
47161,223, 0
47162,206, 0
47163,203, 0
47164,193, 0
47165,196, 0
47166,189, 0
47167,182, 0
47168,173, 0
47169,166, 0
47170,160, 0
47171,166, 0
47172,159, 0
47173,130, 0
47174,135, 0
47175,106, 0
47176,83, 0
47177,78, 0
47178,78, 0
47179,83, 0
47180,88, 0
47181,89, 0
47182,89, 0
47183,75, 0
47184,102, 0
47185,104, 0
47186,113, 0
47187,115, 0
47188,106, 0
47189,120, 0
47190,118, 0
47191,99, 0
47192,115, 0
47193,115, 0
47194,103, 0
47195,110, 0
47196,113, 0
47197,115, 0
47198,99, 0
47199,92, 0
47200,85, 0
47201,84, 0
47202,95, 0
47203,94, 0
47204,105, 0
47205,115, 0
47206,127, 0
47207,147, 0
47208,161, 0
47209,180, 0
47210,168, 0
47211,195, 0
47212,182, 0
47213,172, 0
47214,163, 2
47215,157, 0
47216,161, 0
47217,168, 0
47218,143, 0
47219,154, 0
47220,154, 0
47221,154, 0
47222,157, 0
47223,160, 0
47224,172, 0
47225,176, 0
47226,173, 0
47227,171, 0
47228,150, 0
47229,139, 0
47230,131, 0
47231,132, 0
47232,131, 0
47233,133, 0
47234,138, 0
47235,134, 0
47236,127, 0
47237,127, 1
47238,133, 1
47239,127, 0
47240,117, 0
47241,123, 0
47242,123, 0
47243,125, 0
47244,136, 0
47245,102, 0
47246,97, 0
47247,99, 0
47248,97, 0
47249,113, 0
47250,102, 0
47251,107, 0
47252,113, 0
47253,109, 0
47254,111, 0
47255,124, 0
47256,139, 0
47257,145, 0
47258,145, 0
47259,148, 0
47260,145, 0
47261,138, 0
47262,141, 0
47263,142, 0
47264,137, 5
47265,141, 0
47266,141, 0
47267,141, 0
47268,140, 0
47269,163, 0
47270,182, 0
47271,189, 0
47272,189, 0
47273,202, 0
47274,216, 0
47275,238, 0
47276,249, 0
47277,252, 0
47278,242, 0
47279,248, 0
47280,241, 0
47281,235, 0
47282,219, 0
47283,204, 0
47284,185, 0
47285,167, 0
47286,164, 0
47287,113, 0
47288,73, 0
47289,20, 0
47290,4, 0
47291,47, 0
47292,68, 0
47293,70, 0
47294,62, 0
47295,64, 0
47296,68, 0
47297,52, 0
47298,27, 0
47299,0, 0
47300,0, 0
47301,7, 0
47302,38, 0
47303,63, 0
47304,91, 0
47305,104, 0
47306,127, 12
47307,138, 0
47308,152, 0
47309,159, 2
47310,168, 0
47311,173, 0
47312,176, 0
47313,171, 0
47314,163, 0
47315,176, 0
47316,177, 0
47317,186, 0
47318,179, 0
47319,202, 0
47320,197, 0
47321,207, 0
47322,214, 0
47323,217, 0
47324,221, 0
47325,238, 0
47326,238, 0
47327,240, 0
47328,243, 0
47329,227, 0
47330,223, 0
47331,219, 0
47332,201, 0
47333,187, 0
47334,174, 0
47335,148, 0
47336,158, 0
47337,158, 0
47338,164, 0
47339,159, 0
47340,145, 0
47341,138, 0
47342,132, 0
47343,119, 0
47344,121, 0
47345,116, 0
47346,115, 0
47347,104, 0
47348,110, 0
47349,107, 0
47350,101, 0
47351,101, 2
47352,92, 0
47353,92, 0
47354,83, 0
47355,60, 0
47356,56, 0
47357,41, 0
47358,51, 0
47359,69, 0
47360,76, 0
47361,95, 0
47362,130, 0
47363,157, 0
47364,184, 0
47365,207, 0
47366,241, 0
47367,294, 30
47368,301, 6
47369,317, 5
47370,308, 1
47371,291, 0
47372,266, 0
47373,236, 0
47374,196, 0
47375,142, 0
47376,79, 6
47377,28, 0
47378,25, 0
47379,0, 0
47380,1, 0
47381,18, 0
47382,31, 0
47383,53, 0
47384,59, 0
47385,61, 0
47386,41, 0
47387,27, 0
47388,35, 0
47389,22, 0
47390,2, 0
47391,5, 0
47392,38, 0
47393,102, 0
47394,136, 0
47395,152, 0
47396,175, 0
47397,189, 0
47398,204, 0
47399,218, 0
47400,207, 0
47401,230, 0
47402,219, 0
47403,211, 0
47404,202, 0
47405,196, 0
47406,214, 0
47407,198, 0
47408,202, 0
47409,203, 0
47410,189, 0
47411,200, 0
47412,195, 0
47413,196, 0
47414,198, 0
47415,177, 0
47416,163, 0
47417,151, 0
47418,126, 0
47419,119, 0
47420,109, 0
47421,115, 0
47422,125, 0
47423,156, 0
47424,171, 0
47425,176, 12
47426,175, 0
47427,179, 0
47428,183, 2
47429,177, 20
47430,181, 0
47431,154, 0
47432,182, 2
47433,161, 0
47434,157, 0
47435,155, 0
47436,183, 0
47437,189, 0
47438,181, 0
47439,158, 0
47440,138, 0
47441,127, 0
47442,113, 0
47443,108, 0
47444,107, 0
47445,108, 0
47446,115, 0
47447,121, 0
47448,111, 0
47449,104, 0
47450,104, 0
47451,117, 0
47452,124, 0
47453,135, 0
47454,145, 0
47455,158, 0
47456,152, 0
47457,159, 0
47458,159, 0
47459,166, 3
47460,161, 0
47461,153, 0
47462,157, 0
47463,163, 0
47464,151, 0
47465,159, 1
47466,156, 0
47467,147, 0
47468,138, 0
47469,130, 0
47470,127, 0
47471,115, 0
47472,108, 0
47473,99, 0
47474,96, 0
47475,103, 0
47476,101, 0
47477,103, 0
47478,106, 0
47479,113, 0
47480,118, 0
47481,124, 0
47482,128, 0
47483,144, 0
47484,126, 6
47485,121, 0
47486,119, 0
47487,123, 0
47488,127, 0
47489,121, 0
47490,129, 0
47491,132, 0
47492,136, 0
47493,127, 0
47494,128, 0
47495,131, 0
47496,127, 0
47497,117, 0
47498,111, 0
47499,103, 0
47500,102, 0
47501,104, 0
47502,99, 0
47503,92, 0
47504,89, 0
47505,85, 0
47506,86, 0
47507,92, 0
47508,104, 0
47509,92, 0
47510,109, 0
47511,123, 0
47512,130, 0
47513,113, 0
47514,126, 0
47515,127, 0
47516,126, 0
47517,136, 0
47518,155, 0
47519,166, 0
47520,193, 0
47521,200, 0
47522,185, 0
47523,164, 0
47524,140, 0
47525,120, 0
47526,125, 0
47527,137, 0
47528,164, 0
47529,153, 0
47530,141, 0
47531,122, 0
47532,101, 0
47533,89, 0
47534,89, 0
47535,100, 0
47536,125, 0
47537,148, 0
47538,167, 0
47539,182, 0
47540,175, 0
47541,173, 0
47542,168, 0
47543,168, 0
47544,158, 0
47545,143, 0
47546,144, 0
47547,145, 0
47548,139, 3
47549,144, 12
47550,140, 30
47551,138, 21
47552,140, 1
47553,133, 6
47554,133, 1
47555,140, 0
47556,136, 0
47557,145, 0
47558,145, 0
47559,142, 0
47560,144, 0
47561,140, 0
47562,129, 0
47563,139, 0
47564,135, 0
47565,131, 0
47566,131, 0
47567,125, 0
47568,133, 0
47569,150, 0
47570,147, 0
47571,142, 0
47572,141, 0
47573,139, 0
47574,149, 0
47575,145, 0
47576,158, 0
47577,150, 0
47578,151, 0
47579,142, 0
47580,132, 0
47581,127, 0
47582,118, 0
47583,117, 6
47584,124, 0
47585,132, 0
47586,149, 0
47587,159, 0
47588,161, 0
47589,159, 0
47590,148, 0
47591,158, 0
47592,143, 0
47593,139, 0
47594,121, 0
47595,118, 0
47596,118, 0
47597,126, 0
47598,124, 0
47599,127, 0
47600,119, 0
47601,116, 0
47602,96, 0
47603,91, 2
47604,91, 0
47605,79, 0
47606,92, 10
47607,95, 0
47608,72, 15
47609,81, 18
47610,60, 71
47611,54, 145
47612,54, 180
47613,57, 125
47614,59, 85
47615,85, 6
47616,81, 0
47617,90, 0
47618,118, 0
47619,145, 0
47620,133, 0
47621,132, 0
47622,134, 0
47623,123, 0
47624,117, 0
47625,93, 0
47626,99, 0
47627,100, 0
47628,107, 0
47629,121, 0
47630,133, 0
47631,152, 0
47632,160, 0
47633,155, 0
47634,165, 0
47635,170, 0
47636,164, 0
47637,159, 0
47638,155, 0
47639,157, 0
47640,160, 0
47641,158, 0
47642,160, 0
47643,167, 0
47644,183, 0
47645,183, 0
47646,183, 0
47647,183, 0
47648,148, 0
47649,129, 0
47650,126, 0
47651,123, 0
47652,126, 0
47653,129, 0
47654,142, 0
47655,154, 0
47656,145, 0
47657,139, 6
47658,133, 0
47659,133, 0
47660,137, 11
47661,131, 25
47662,110, 22
47663,97, 0
47664,96, 0
47665,92, 0
47666,112, 0
47667,120, 0
47668,135, 0
47669,140, 0
47670,141, 0
47671,128, 0
47672,113, 0
47673,118, 0
47674,95, 0
47675,100, 4
47676,94, 0
47677,84, 0
47678,71, 0
47679,76, 0
47680,78, 0
47681,90, 0
47682,96, 0
47683,115, 0
47684,128, 0
47685,132, 0
47686,137, 0
47687,135, 0
47688,141, 0
47689,151, 0
47690,130, 0
47691,145, 0
47692,139, 0
47693,138, 0
47694,128, 3
47695,139, 7
47696,144, 11
47697,159, 18
47698,163, 6
47699,170, 0
47700,169, 0
47701,172, 0
47702,171, 0
47703,170, 0
47704,166, 0
47705,183, 0
47706,145, 0
47707,159, 0
47708,152, 0
47709,152, 0
47710,151, 0
47711,152, 0
47712,148, 0
47713,152, 0
47714,156, 0
47715,144, 0
47716,135, 0
47717,110, 0
47718,96, 0
47719,95, 0
47720,83, 0
47721,70, 0
47722,77, 0
47723,84, 0
47724,83, 0
47725,90, 0
47726,106, 0
47727,97, 0
47728,96, 6
47729,102, 0
47730,109, 6
47731,126, 31
47732,124, 23
47733,125, 28
47734,157, 0
47735,152, 0
47736,159, 0
47737,164, 0
47738,163, 0
47739,172, 0
47740,169, 0
47741,171, 0
47742,173, 0
47743,176, 0
47744,193, 0
47745,183, 0
47746,161, 3
47747,127, 25
47748,92, 12
47749,109, 4
47750,151, 4
47751,157, 0
47752,193, 0
47753,171, 0
47754,158, 0
47755,143, 0
47756,131, 0
47757,113, 0
47758,95, 0
47759,86, 0
47760,95, 0
47761,95, 0
47762,118, 0
47763,152, 0
47764,152, 0
47765,156, 0
47766,151, 0
47767,141, 0
47768,140, 5
47769,132, 0
47770,126, 4
47771,135, 0
47772,131, 0
47773,141, 0
47774,138, 0
47775,113, 0
47776,106, 0
47777,91, 0
47778,93, 0
47779,102, 0
47780,115, 0
47781,120, 0
47782,106, 0
47783,101, 0
47784,89, 0
47785,104, 0
47786,109, 0
47787,131, 3
47788,135, 0
47789,140, 0
47790,137, 0
47791,133, 0
47792,124, 0
47793,115, 0
47794,107, 0
47795,121, 0
47796,141, 0
47797,161, 0
47798,176, 0
47799,174, 0
47800,159, 0
47801,113, 0
47802,109, 0
47803,81, 0
47804,84, 0
47805,81, 0
47806,83, 0
47807,76, 0
47808,70, 0
47809,75, 0
47810,92, 0
47811,133, 0
47812,159, 0
47813,174, 0
47814,170, 0
47815,153, 0
47816,137, 0
47817,127, 0
47818,133, 0
47819,139, 0
47820,159, 0
47821,177, 0
47822,187, 0
47823,187, 0
47824,179, 0
47825,189, 0
47826,182, 0
47827,186, 0
47828,214, 0
47829,211, 0
47830,214, 0
47831,217, 0
47832,220, 0
47833,227, 0
47834,242, 0
47835,232, 26
47836,217, 17
47837,203, 68
47838,170, 55
47839,136, 2
47840,116, 0
47841,109, 0
47842,92, 0
47843,69, 0
47844,63, 0
47845,55, 0
47846,41, 0
47847,38, 0
47848,44, 0
47849,61, 0
47850,87, 14
47851,115, 1
47852,148, 9
47853,145, 13
47854,131, 13
47855,125, 53
47856,83, 0
47857,77, 0
47858,78, 0
47859,81, 0
47860,91, 0
47861,89, 0
47862,105, 0
47863,102, 0
47864,102, 0
47865,96, 0
47866,96, 0
47867,90, 0
47868,100, 0
47869,96, 0
47870,94, 0
47871,115, 6
47872,108, 75
47873,107, 189
47874,107, 280
47875,123, 285
47876,97, 189
47877,105, 139
47878,123, 54
47879,144, 10
47880,159, 0
47881,168, 0
47882,174, 0
47883,174, 0
47884,179, 0
47885,183, 0
47886,198, 0
47887,196, 0
47888,180, 0
47889,166, 0
47890,152, 0
47891,145, 0
47892,165, 0
47893,171, 0
47894,187, 0
47895,185, 0
47896,179, 0
47897,170, 0
47898,164, 0
47899,152, 0
47900,149, 3
47901,154, 15
47902,150, 21
47903,139, 12
47904,136, 14
47905,138, 4
47906,126, 0
47907,79, 1
47908,34, 0
47909,6, 0
47910,5, 0
47911,17, 0
47912,51, 0
47913,102, 0
47914,169, 0
47915,187, 0
47916,195, 0
47917,172, 0
47918,152, 1
47919,140, 12
47920,142, 111
47921,156, 339
47922,139, 430
47923,133, 517
47924,94, 480
47925,54, 430
47926,44, 314
47927,55, 95
47928,104, 0
47929,136, 0
47930,158, 0
47931,168, 0
47932,164, 0
47933,175, 0
47934,174, 0
47935,175, 0
47936,152, 0
47937,133, 0
47938,110, 0
47939,92, 0
47940,79, 0
47941,71, 5
47942,86, 0
47943,119, 0
47944,148, 0
47945,159, 0
47946,145, 0
47947,141, 0
47948,145, 0
47949,173, 0
47950,145, 0
47951,127, 0
47952,95, 0
47953,103, 0
47954,121, 0
47955,161, 0
47956,149, 0
47957,160, 0
47958,149, 0
47959,145, 0
47960,136, 0
47961,121, 0
47962,124, 0
47963,123, 6
47964,112, 0
47965,113, 0
47966,115, 0
47967,118, 0
47968,115, 0
47969,120, 0
47970,110, 0
47971,118, 3
47972,67, 44
47973,63, 38
47974,63, 12
47975,95, 0
47976,135, 0
47977,155, 5
47978,159, 0
47979,152, 0
47980,138, 0
47981,125, 0
47982,95, 0
47983,91, 0
47984,105, 0
47985,106, 0
47986,115, 0
47987,120, 0
47988,136, 0
47989,160, 0
47990,188, 0
47991,192, 0
47992,195, 0
47993,181, 0
47994,158, 0
47995,154, 0
47996,144, 0
47997,161, 0
47998,175, 0
47999,214, 0
48000,249, 0
