Mostres_ESP32,Valor1_mV, Valor2_mV
1,24, 0
2,43, 0
3,51, 0
4,60, 0
5,70, 0
6,70, 0
7,52, 0
8,75, 0
9,76, 0
10,81, 0
11,76, 0
12,56, 0
13,38, 0
14,15, 0
15,3, 0
16,0, 0
17,13, 0
18,57, 0
19,63, 0
20,29, 0
21,0, 0
22,65, 0
23,185, 0
24,257, 0
25,298, 0
26,322, 0
27,342, 1
28,368, 6
29,390, 10
30,404, 20
31,416, 25
32,413, 28
33,415, 27
34,419, 31
35,438, 34
36,447, 38
37,444, 43
38,441, 40
39,425, 39
40,409, 38
41,387, 31
42,365, 19
43,330, 10
44,310, 2
45,294, 0
46,276, 0
47,238, 0
48,150, 0
49,70, 0
50,40, 0
51,31, 0
52,48, 0
53,83, 0
54,100, 0
55,102, 0
56,71, 0
57,50, 0
58,26, 0
59,0, 0
60,0, 0
61,6, 0
62,21, 0
63,32, 0
64,45, 0
65,59, 0
66,73, 0
67,81, 0
68,84, 0
69,73, 0
70,89, 0
71,91, 0
72,80, 0
73,67, 0
74,34, 0
75,19, 0
76,2, 0
77,0, 0
78,15, 0
79,51, 0
80,44, 0
81,9, 0
82,0, 0
83,84, 0
84,195, 0
85,258, 0
86,295, 0
87,317, 0
88,330, 0
89,352, 1
90,389, 8
91,399, 14
92,406, 24
93,413, 26
94,417, 27
95,430, 34
96,434, 37
97,441, 40
98,439, 42
99,430, 39
100,405, 35
101,388, 26
102,372, 22
103,352, 12
104,328, 7
105,312, 1
106,302, 0
107,281, 0
108,251, 0
109,159, 0
110,80, 0
111,38, 0
112,35, 0
113,46, 0
114,79, 0
115,107, 0
116,95, 0
117,72, 0
118,51, 0
119,28, 0
120,4, 0
121,0, 0
122,0, 0
123,8, 0
124,35, 0
125,37, 0
126,47, 0
127,85, 0
128,71, 0
129,61, 0
130,68, 0
131,89, 0
132,87, 0
133,74, 0
134,52, 0
135,31, 0
136,11, 0
137,1, 0
138,0, 0
139,22, 0
140,60, 0
141,57, 0
142,31, 0
143,3, 0
144,76, 0
145,188, 0
146,264, 0
147,300, 0
148,336, 0
149,351, 0
150,373, 6
151,417, 19
152,416, 24
153,417, 27
154,425, 31
155,427, 37
156,432, 40
157,451, 41
158,455, 44
159,441, 47
160,439, 43
161,433, 44
162,415, 39
163,399, 32
164,369, 24
165,347, 13
166,323, 6
167,300, 0
168,286, 0
169,256, 0
170,159, 0
171,91, 0
172,72, 0
173,44, 0
174,64, 0
175,95, 0
176,102, 0
177,103, 0
178,77, 0
179,47, 0
180,15, 0
181,0, 0
182,0, 0
183,4, 0
184,14, 0
185,27, 0
186,32, 0
187,44, 0
188,65, 0
189,70, 0
190,69, 0
191,83, 0
192,104, 0
193,105, 0
194,84, 0
195,80, 0
196,51, 0
197,28, 0
198,5, 0
199,0, 0
200,13, 0
201,45, 0
202,36, 0
203,17, 0
204,2, 0
205,101, 0
206,214, 0
207,280, 0
208,298, 0
209,329, 0
210,342, 0
211,378, 5
212,405, 14
213,402, 20
214,405, 25
215,413, 27
216,419, 27
217,426, 32
218,439, 38
219,444, 41
220,441, 43
221,433, 41
222,420, 40
223,395, 30
224,372, 25
225,343, 14
226,336, 7
227,299, 1
228,287, 0
229,286, 0
230,238, 0
231,141, 0
232,65, 0
233,36, 0
234,20, 0
235,41, 0
236,86, 0
237,105, 0
238,97, 0
239,73, 0
240,37, 0
241,13, 0
242,0, 0
243,1, 0
244,6, 0
245,15, 0
246,28, 0
247,39, 0
248,55, 0
249,70, 0
250,68, 0
251,69, 0
252,78, 0
253,104, 0
254,90, 0
255,77, 0
256,61, 0
257,44, 0
258,24, 0
259,6, 0
260,11, 0
261,25, 0
262,57, 0
263,51, 0
264,21, 0
265,3, 0
266,95, 0
267,202, 0
268,275, 0
269,301, 0
270,325, 0
271,337, 0
272,362, 1
273,386, 8
274,394, 17
275,401, 21
276,409, 23
277,413, 28
278,425, 30
279,439, 36
280,447, 39
281,434, 43
282,427, 42
283,409, 35
284,404, 31
285,385, 27
286,363, 19
287,348, 12
288,325, 5
289,305, 0
290,281, 0
291,226, 0
292,129, 0
293,65, 0
294,47, 0
295,51, 0
296,75, 0
297,109, 0
298,115, 0
299,101, 0
300,85, 0
301,55, 0
302,22, 0
303,0, 0
304,0, 0
305,6, 0
306,12, 0
307,41, 0
308,44, 0
309,60, 0
310,77, 0
311,79, 0
312,70, 0
313,79, 0
314,87, 0
315,78, 0
316,57, 0
317,42, 0
318,13, 0
319,0, 0
320,0, 0
321,0, 0
322,21, 0
323,63, 0
324,52, 0
325,25, 0
326,4, 0
327,84, 0
328,184, 0
329,266, 0
330,300, 0
331,331, 0
332,348, 1
333,378, 8
334,411, 17
335,409, 25
336,415, 29
337,421, 30
338,427, 34
339,426, 36
340,432, 36
341,423, 35
342,424, 37
343,408, 31
344,386, 25
345,368, 20
346,347, 12
347,307, 4
348,308, 0
349,304, 0
350,293, 0
351,279, 0
352,230, 0
353,127, 0
354,63, 0
355,31, 0
356,43, 0
357,70, 0
358,121, 0
359,145, 0
360,121, 0
361,101, 0
362,55, 0
363,27, 0
364,4, 0
365,0, 0
366,0, 0
367,3, 0
368,31, 0
369,37, 0
370,47, 0
371,59, 0
372,54, 0
373,36, 0
374,48, 0
375,53, 0
376,51, 0
377,43, 0
378,30, 0
379,15, 0
380,0, 0
381,0, 0
382,2, 0
383,7, 0
384,31, 0
385,19, 0
386,0, 0
387,29, 0
388,133, 0
389,235, 0
390,287, 0
391,306, 0
392,332, 0
393,342, 0
394,368, 4
395,399, 12
396,399, 20
397,404, 23
398,411, 27
399,413, 27
400,416, 30
401,427, 30
402,420, 31
403,411, 29
404,401, 27
405,395, 28
406,374, 21
407,363, 17
408,337, 7
409,329, 3
410,318, 0
411,301, 0
412,278, 0
413,218, 0
414,115, 0
415,61, 0
416,21, 0
417,15, 0
418,43, 0
419,87, 0
420,86, 0
421,83, 0
422,64, 0
423,40, 0
424,17, 0
425,0, 0
426,0, 0
427,6, 0
428,27, 0
429,58, 0
430,51, 0
431,69, 0
432,84, 0
433,77, 0
434,68, 0
435,72, 0
436,84, 0
437,73, 0
438,57, 0
439,40, 0
440,19, 0
441,6, 0
442,0, 0
443,0, 0
444,13, 0
445,53, 0
446,35, 0
447,2, 0
448,12, 0
449,121, 0
450,220, 0
451,264, 0
452,282, 0
453,328, 0
454,343, 0
455,377, 6
456,411, 15
457,431, 30
458,465, 40
459,469, 46
460,473, 51
461,479, 57
462,476, 58
463,453, 54
464,431, 45
465,409, 38
466,374, 28
467,338, 18
468,295, 3
469,265, 0
470,237, 0
471,233, 0
472,223, 0
473,215, 0
474,169, 0
475,79, 0
476,22, 0
477,8, 0
478,19, 0
479,52, 0
480,95, 0
481,107, 0
482,102, 0
483,81, 0
484,57, 0
485,37, 0
486,7, 0
487,0, 0
488,0, 0
489,1, 0
490,19, 0
491,25, 0
492,45, 0
493,68, 0
494,68, 0
495,62, 0
496,67, 0
497,70, 0
498,61, 0
499,44, 0
500,31, 0
501,10, 0
502,0, 0
503,0, 0
504,4, 0
505,0, 0
506,1, 0
507,0, 0
508,1, 0
509,30, 0
510,136, 0
511,216, 0
512,263, 0
513,286, 0
514,305, 0
515,324, 0
516,345, 0
517,361, 3
518,371, 6
519,374, 9
520,391, 15
521,402, 21
522,409, 25
523,425, 27
524,416, 32
525,413, 31
526,400, 26
527,381, 27
528,370, 19
529,331, 10
530,318, 6
531,300, 0
532,286, 0
533,262, 0
534,238, 0
535,180, 0
536,74, 0
537,19, 0
538,9, 0
539,13, 0
540,54, 0
541,83, 0
542,92, 0
543,86, 0
544,79, 0
545,54, 0
546,37, 0
547,17, 0
548,0, 0
549,0, 0
550,13, 0
551,30, 0
552,43, 0
553,64, 0
554,74, 0
555,74, 0
556,72, 0
557,93, 0
558,95, 0
559,92, 0
560,83, 0
561,70, 0
562,39, 0
563,3, 0
564,0, 0
565,0, 0
566,21, 0
567,55, 0
568,44, 0
569,23, 0
570,6, 0
571,125, 0
572,218, 0
573,280, 0
574,317, 0
575,344, 0
576,373, 6
577,444, 20
578,499, 44
579,505, 58
580,507, 70
581,494, 71
582,481, 68
583,475, 63
584,465, 57
585,435, 51
586,415, 41
587,410, 34
588,391, 30
589,390, 25
590,380, 23
591,363, 19
592,348, 11
593,321, 5
594,294, 0
595,276, 0
596,196, 0
597,79, 0
598,6, 0
599,0, 0
600,2, 0
601,4, 0
602,21, 0
603,39, 0
604,40, 0
605,40, 0
606,10, 0
607,6, 0
608,0, 0
609,0, 0
610,0, 0
611,0, 0
612,0, 0
613,0, 0
614,8, 0
615,0, 0
616,0, 0
617,0, 0
618,0, 0
619,0, 0
620,0, 0
621,9, 0
622,0, 0
623,0, 0
624,3, 0
625,5, 0
626,4, 0
627,6, 0
628,14, 0
629,0, 0
630,25, 0
631,103, 0
632,226, 0
633,313, 0
634,371, 0
635,411, 15
636,439, 28
637,444, 38
638,441, 40
639,409, 38
640,364, 23
641,342, 12
642,313, 2
643,312, 0
644,312, 0
645,318, 0
646,314, 0
647,310, 0
648,292, 0
649,241, 0
650,201, 0
651,159, 0
652,137, 0
653,133, 0
654,141, 0
655,155, 0
656,165, 0
657,115, 0
658,25, 0
659,19, 0
660,4, 0
661,2, 0
662,59, 0
663,95, 0
664,130, 0
665,139, 0
666,128, 0
667,102, 0
668,67, 0
669,30, 0
670,0, 0
671,4, 0
672,38, 0
673,75, 0
674,101, 0
675,130, 0
676,159, 0
677,160, 0
678,163, 0
679,158, 0
680,115, 0
681,39, 0
682,3, 0
683,83, 0
684,189, 0
685,262, 0
686,309, 0
687,316, 0
688,263, 0
689,168, 0
690,104, 0
691,36, 0
692,0, 0
693,15, 0
694,46, 0
695,63, 0
696,36, 0
697,2, 0
698,53, 0
699,153, 0
700,238, 0
701,325, 0
702,420, 6
703,467, 29
704,506, 51
705,533, 70
706,559, 85
707,570, 94
708,569, 97
709,583, 106
710,552, 107
711,517, 95
712,470, 81
713,432, 61
714,409, 47
715,394, 35
716,360, 22
717,325, 11
718,202, 0
719,61, 0
720,2, 0
721,3, 0
722,19, 0
723,77, 0
724,103, 0
725,93, 0
726,65, 0
727,13, 0
728,22, 0
729,108, 0
730,202, 0
731,279, 0
732,313, 0
733,318, 1
734,294, 1
735,236, 0
736,199, 0
737,170, 0
738,142, 0
739,127, 0
740,131, 0
741,127, 0
742,91, 0
743,67, 0
744,17, 0
745,0, 0
746,0, 0
747,0, 0
748,3, 0
749,38, 0
750,59, 0
751,31, 0
752,0, 0
753,30, 0
754,153, 0
755,232, 0
756,275, 0
757,302, 0
758,348, 0
759,393, 7
760,445, 25
761,483, 43
762,504, 56
763,525, 73
764,529, 83
765,527, 79
766,533, 84
767,517, 83
768,519, 81
769,518, 80
770,491, 76
771,465, 65
772,444, 58
773,385, 40
774,316, 14
775,269, 1
776,251, 0
777,244, 0
778,241, 0
779,173, 0
780,106, 0
781,93, 0
782,131, 0
783,160, 0
784,228, 0
785,270, 0
786,297, 0
787,300, 0
788,277, 0
789,235, 0
790,190, 0
791,136, 0
792,87, 0
793,51, 0
794,10, 0
795,9, 0
796,0, 0
797,0, 0
798,1, 0
799,6, 0
800,38, 0
801,77, 0
802,95, 0
803,93, 0
804,83, 0
805,36, 0
806,1, 0
807,0, 0
808,21, 0
809,6, 0
810,3, 0
811,25, 0
812,19, 0
813,0, 0
814,63, 0
815,193, 0
816,299, 0
817,340, 0
818,340, 1
819,332, 2
820,314, 0
821,300, 0
822,285, 0
823,310, 0
824,347, 0
825,385, 3
826,393, 12
827,406, 21
828,401, 21
829,365, 18
830,346, 10
831,340, 6
832,341, 4
833,345, 5
834,307, 2
835,244, 0
836,175, 0
837,101, 0
838,46, 0
839,26, 0
840,1, 0
841,29, 0
842,30, 0
843,3, 0
844,0, 0
845,31, 0
846,44, 0
847,30, 0
848,31, 0
849,30, 0
850,59, 0
851,107, 0
852,152, 0
853,189, 0
854,213, 0
855,216, 0
856,173, 0
857,121, 0
858,23, 0
859,47, 0
860,138, 0
861,220, 0
862,263, 0
863,245, 0
864,166, 0
865,59, 0
866,20, 0
867,115, 0
868,192, 0
869,242, 0
870,204, 0
871,102, 0
872,9, 0
873,69, 0
874,183, 0
875,256, 0
876,272, 0
877,264, 0
878,184, 0
879,39, 0
880,55, 0
881,161, 0
882,270, 0
883,308, 0
884,316, 0
885,312, 0
886,294, 0
887,318, 0
888,332, 0
889,356, 2
890,365, 3
891,388, 10
892,403, 19
893,401, 22
894,379, 22
895,332, 11
896,305, 2
897,311, 0
898,311, 0
899,368, 2
900,396, 13
901,338, 12
902,251, 1
903,212, 0
904,201, 0
905,220, 0
906,283, 0
907,301, 0
908,294, 0
909,244, 0
910,165, 0
911,65, 0
912,5, 0
913,14, 0
914,41, 0
915,24, 0
916,20, 0
917,19, 0
918,19, 0
919,37, 0
920,51, 0
921,24, 0
922,1, 0
923,0, 0
924,29, 0
925,76, 0
926,76, 0
927,81, 0
928,61, 0
929,81, 0
930,70, 0
931,42, 0
932,1, 0
933,0, 0
934,1, 0
935,44, 0
936,142, 0
937,234, 0
938,260, 0
939,266, 0
940,258, 0
941,243, 0
942,214, 0
943,189, 0
944,128, 0
945,65, 0
946,31, 0
947,36, 0
948,104, 0
949,204, 0
950,306, 0
951,402, 2
952,483, 28
953,505, 50
954,505, 63
955,505, 73
956,484, 71
957,439, 58
958,371, 38
959,286, 11
960,206, 0
961,124, 0
962,12, 0
963,57, 0
964,95, 0
965,107, 0
966,97, 0
967,38, 0
968,0, 0
969,6, 0
970,0, 0
971,0, 0
972,0, 0
973,9, 0
974,2, 0
975,0, 0
976,0, 0
977,0, 0
978,4, 0
979,10, 0
980,9, 0
981,1, 0
982,6, 0
983,35, 0
984,51, 0
985,89, 0
986,124, 0
987,123, 0
988,118, 0
989,111, 0
990,95, 0
991,102, 0
992,61, 0
993,0, 0
994,0, 0
995,0, 0
996,20, 0
997,129, 0
998,232, 0
999,270, 0
1000,265, 0
1001,251, 0
1002,238, 0
1003,237, 0
1004,246, 0
1005,246, 0
1006,251, 0
1007,213, 0
1008,168, 0
1009,165, 0
1010,203, 0
1011,258, 0
1012,289, 0
1013,286, 0
1014,289, 0
1015,300, 0
1016,322, 0
1017,348, 0
1018,388, 8
1019,431, 25
1020,457, 36
1021,476, 50
1022,486, 61
1023,434, 57
1024,367, 37
1025,347, 23
1026,338, 15
1027,306, 6
1028,278, 0
1029,229, 0
1030,173, 0
1031,133, 0
1032,85, 0
1033,38, 0
1034,2, 0
1035,44, 0
1036,138, 0
1037,206, 0
1038,257, 0
1039,276, 0
1040,266, 0
1041,232, 0
1042,156, 0
1043,44, 0
1044,5, 0
1045,34, 0
1046,35, 0
1047,27, 0
1048,29, 0
1049,24, 0
1050,1, 0
1051,5, 0
1052,37, 0
1053,104, 0
1054,163, 0
1055,145, 0
1056,57, 0
1057,15, 0
1058,177, 0
1059,338, 0
1060,430, 11
1061,487, 38
1062,516, 60
1063,552, 76
1064,593, 95
1065,647, 120
1066,689, 141
1067,722, 160
1068,725, 174
1069,691, 176
1070,636, 160
1071,555, 138
1072,452, 95
1073,353, 53
1074,280, 12
1075,181, 0
1076,43, 0
1077,26, 0
1078,103, 0
1079,115, 0
1080,60, 0
1081,6, 0
1082,25, 0
1083,81, 0
1084,56, 0
1085,17, 0
1086,46, 0
1087,69, 0
1088,111, 0
1089,153, 0
1090,149, 0
1091,118, 0
1092,91, 0
1093,59, 0
1094,9, 0
1095,19, 0
1096,89, 0
1097,108, 0
1098,84, 0
1099,38, 0
1100,2, 0
1101,10, 0
1102,19, 0
1103,27, 0
1104,48, 0
1105,44, 0
1106,11, 0
1107,1, 0
1108,10, 0
1109,41, 0
1110,35, 0
1111,41, 0
1112,18, 0
1113,1, 0
1114,37, 0
1115,102, 0
1116,122, 0
1117,105, 0
1118,60, 0
1119,19, 0
1120,145, 0
1121,249, 0
1122,310, 0
1123,331, 0
1124,360, 1
1125,400, 11
1126,457, 31
1127,523, 54
1128,575, 80
1129,607, 102
1130,597, 112
1131,548, 105
1132,479, 88
1133,403, 57
1134,341, 28
1135,315, 7
1136,293, 0
1137,243, 0
1138,227, 0
1139,207, 0
1140,199, 0
1141,200, 0
1142,206, 0
1143,184, 0
1144,149, 0
1145,41, 0
1146,0, 0
1147,12, 0
1148,18, 0
1149,1, 0
1150,29, 0
1151,85, 0
1152,119, 0
1153,124, 0
1154,90, 0
1155,47, 0
1156,15, 0
1157,10, 0
1158,38, 0
1159,92, 0
1160,115, 0
1161,101, 0
1162,89, 0
1163,52, 0
1164,58, 0
1165,75, 0
1166,46, 0
1167,0, 0
1168,30, 0
1169,103, 0
1170,166, 0
1171,208, 0
1172,226, 0
1173,191, 0
1174,148, 0
1175,139, 0
1176,136, 0
1177,96, 0
1178,44, 0
1179,6, 0
1180,120, 0
1181,273, 0
1182,376, 1
1183,460, 22
1184,508, 51
1185,517, 70
1186,513, 77
1187,479, 71
1188,420, 57
1189,384, 38
1190,387, 28
1191,409, 27
1192,452, 32
1193,496, 47
1194,512, 61
1195,525, 72
1196,537, 80
1197,533, 85
1198,515, 86
1199,446, 73
1200,285, 31
1201,145, 0
1202,27, 0
1203,0, 0
1204,0, 0
1205,8, 0
1206,1, 0
1207,0, 0
1208,38, 0
1209,89, 0
1210,133, 0
1211,193, 0
1212,159, 0
1213,105, 0
1214,39, 0
1215,7, 0
1216,0, 0
1217,12, 0
1218,12, 0
1219,3, 0
1220,6, 0
1221,74, 0
1222,200, 0
1223,305, 0
1224,402, 8
1225,435, 34
1226,414, 44
1227,364, 38
1228,287, 18
1229,196, 0
1230,110, 0
1231,30, 0
1232,6, 0
1233,48, 0
1234,64, 0
1235,85, 0
1236,54, 0
1237,1, 0
1238,34, 0
1239,45, 0
1240,19, 0
1241,62, 0
1242,175, 0
1243,232, 0
1244,248, 0
1245,257, 0
1246,286, 0
1247,338, 0
1248,398, 4
1249,433, 24
1250,463, 39
1251,503, 53
1252,555, 74
1253,613, 96
1254,635, 120
1255,600, 124
1256,532, 110
1257,494, 91
1258,457, 72
1259,420, 56
1260,389, 37
1261,359, 21
1262,356, 14
1263,383, 14
1264,423, 24
1265,427, 32
1266,403, 34
1267,311, 18
1268,264, 0
1269,271, 0
1270,283, 0
1271,305, 0
1272,342, 3
1273,319, 4
1274,263, 0
1275,169, 0
1276,35, 0
1277,50, 0
1278,145, 0
1279,200, 0
1280,199, 0
1281,163, 0
1282,115, 0
1283,57, 0
1284,1, 0
1285,19, 0
1286,71, 0
1287,112, 0
1288,118, 0
1289,109, 0
1290,102, 0
1291,54, 0
1292,3, 0
1293,4, 0
1294,23, 0
1295,31, 0
1296,4, 0
1297,13, 0
1298,0, 0
1299,6, 0
1300,51, 0
1301,102, 0
1302,223, 0
1303,327, 0
1304,379, 2
1305,421, 17
1306,464, 36
1307,496, 52
1308,535, 70
1309,564, 89
1310,568, 95
1311,567, 100
1312,515, 92
1313,411, 69
1314,270, 21
1315,97, 0
1316,25, 0
1317,112, 0
1318,133, 0
1319,103, 0
1320,39, 0
1321,14, 0
1322,61, 0
1323,154, 0
1324,214, 0
1325,254, 0
1326,270, 0
1327,256, 0
1328,168, 0
1329,75, 0
1330,21, 0
1331,0, 0
1332,12, 0
1333,57, 0
1334,71, 0
1335,104, 0
1336,109, 0
1337,99, 0
1338,70, 0
1339,29, 0
1340,1, 0
1341,0, 0
1342,1, 0
1343,3, 0
1344,17, 0
1345,23, 0
1346,31, 0
1347,57, 0
1348,85, 0
1349,77, 0
1350,57, 0
1351,51, 0
1352,38, 0
1353,0, 0
1354,29, 0
1355,101, 0
1356,130, 0
1357,123, 0
1358,121, 0
1359,112, 0
1360,41, 0
1361,6, 0
1362,70, 0
1363,179, 0
1364,243, 0
1365,251, 0
1366,238, 0
1367,251, 0
1368,289, 0
1369,338, 0
1370,361, 3
1371,340, 5
1372,313, 0
1373,302, 0
1374,305, 0
1375,312, 0
1376,307, 0
1377,264, 0
1378,232, 0
1379,218, 0
1380,189, 0
1381,202, 0
1382,211, 0
1383,221, 0
1384,216, 0
1385,211, 0
1386,211, 0
1387,255, 0
1388,264, 0
1389,233, 0
1390,242, 0
1391,293, 0
1392,381, 2
1393,466, 27
1394,533, 62
1395,467, 73
1396,317, 44
1397,110, 2
1398,78, 0
1399,273, 0
1400,419, 6
1401,493, 44
1402,447, 58
1403,319, 40
1404,165, 3
1405,18, 0
1406,31, 0
1407,58, 0
1408,63, 0
1409,60, 0
1410,32, 0
1411,13, 0
1412,13, 0
1413,19, 0
1414,63, 0
1415,115, 0
1416,216, 0
1417,244, 0
1418,234, 0
1419,124, 0
1420,13, 0
1421,74, 0
1422,108, 0
1423,92, 0
1424,6, 0
1425,40, 0
1426,51, 0
1427,35, 0
1428,57, 0
1429,130, 0
1430,241, 0
1431,338, 0
1432,403, 4
1433,441, 25
1434,490, 44
1435,537, 64
1436,607, 92
1437,696, 125
1438,750, 158
1439,782, 187
1440,792, 204
1441,780, 207
1442,763, 210
1443,700, 198
1444,574, 164
1445,385, 102
1446,145, 20
1447,35, 0
1448,149, 0
1449,231, 0
1450,336, 0
1451,413, 9
1452,470, 38
1453,497, 58
1454,416, 56
1455,243, 21
1456,102, 0
1457,11, 0
1458,51, 0
1459,54, 0
1460,8, 0
1461,20, 0
1462,108, 0
1463,166, 0
1464,183, 0
1465,195, 0
1466,180, 0
1467,157, 0
1468,124, 0
1469,92, 0
1470,61, 0
1471,62, 0
1472,48, 0
1473,7, 0
1474,9, 0
1475,58, 0
1476,87, 0
1477,135, 0
1478,133, 0
1479,108, 0
1480,51, 0
1481,25, 0
1482,80, 0
1483,186, 0
1484,317, 0
1485,512, 20
1486,618, 75
1487,651, 112
1488,600, 127
1489,495, 106
1490,348, 63
1491,195, 9
1492,65, 0
1493,6, 0
1494,39, 0
1495,133, 0
1496,207, 0
1497,267, 0
1498,300, 0
1499,291, 0
1500,273, 0
1501,263, 0
1502,253, 0
1503,265, 0
1504,302, 0
1505,325, 0
1506,345, 0
1507,376, 7
1508,426, 19
1509,446, 38
1510,411, 41
1511,298, 17
1512,166, 0
1513,72, 0
1514,12, 0
1515,25, 0
1516,79, 0
1517,111, 0
1518,133, 0
1519,113, 0
1520,90, 0
1521,69, 0
1522,60, 0
1523,51, 0
1524,38, 0
1525,7, 0
1526,5, 0
1527,44, 0
1528,69, 0
1529,92, 0
1530,77, 0
1531,45, 0
1532,25, 0
1533,0, 0
1534,31, 0
1535,72, 0
1536,88, 0
1537,76, 0
1538,47, 0
1539,30, 0
1540,30, 0
1541,1, 0
1542,0, 0
1543,0, 0
1544,0, 0
1545,36, 0
1546,170, 0
1547,294, 0
1548,376, 0
1549,430, 19
1550,470, 39
1551,494, 52
1552,503, 65
1553,488, 70
1554,457, 63
1555,420, 48
1556,387, 37
1557,348, 19
1558,337, 7
1559,328, 2
1560,285, 0
1561,268, 0
1562,276, 0
1563,301, 0
1564,348, 0
1565,415, 11
1566,430, 24
1567,446, 39
1568,454, 44
1569,423, 44
1570,373, 32
1571,263, 7
1572,107, 0
1573,5, 0
1574,0, 0
1575,1, 0
1576,13, 0
1577,76, 0
1578,111, 0
1579,139, 0
1580,161, 0
1581,179, 0
1582,183, 0
1583,160, 0
1584,92, 0
1585,22, 0
1586,6, 0
1587,55, 0
1588,128, 0
1589,216, 0
1590,311, 0
1591,379, 6
1592,398, 23
1593,355, 25
1594,273, 11
1595,173, 0
1596,56, 0
1597,2, 0
1598,37, 0
1599,68, 0
1600,64, 0
1601,59, 0
1602,34, 0
1603,38, 0
1604,60, 0
1605,63, 0
1606,106, 0
1607,200, 0
1608,229, 0
1609,195, 0
1610,128, 0
1611,72, 0
1612,62, 0
1613,95, 0
1614,131, 0
1615,136, 0
1616,123, 0
1617,130, 0
1618,158, 0
1619,220, 0
1620,308, 0
1621,337, 0
1622,336, 0
1623,371, 1
1624,408, 13
1625,431, 26
1626,435, 35
1627,436, 41
1628,451, 43
1629,460, 51
1630,436, 50
1631,348, 34
1632,217, 3
1633,64, 0
1634,3, 0
1635,5, 0
1636,24, 0
1637,75, 0
1638,102, 0
1639,109, 0
1640,87, 0
1641,86, 0
1642,64, 0
1643,20, 0
1644,0, 0
1645,28, 0
1646,38, 0
1647,38, 0
1648,38, 0
1649,54, 0
1650,100, 0
1651,145, 0
1652,154, 0
1653,151, 0
1654,150, 0
1655,133, 0
1656,83, 0
1657,19, 0
1658,10, 0
1659,88, 0
1660,173, 0
1661,216, 0
1662,191, 0
1663,41, 0
1664,113, 0
1665,267, 0
1666,348, 0
1667,311, 1
1668,112, 0
1669,75, 0
1670,236, 0
1671,338, 0
1672,373, 4
1673,396, 12
1674,411, 23
1675,427, 31
1676,420, 32
1677,417, 35
1678,444, 38
1679,469, 43
1680,494, 56
1681,532, 68
1682,563, 84
1683,594, 99
1684,603, 112
1685,563, 116
1686,505, 95
1687,413, 72
1688,404, 47
1689,390, 36
1690,403, 30
1691,403, 28
1692,391, 29
1693,357, 19
1694,305, 5
1695,324, 1
1696,370, 7
1697,420, 22
1698,477, 42
1699,513, 68
1700,456, 72
1701,383, 51
1702,349, 32
1703,407, 27
1704,491, 48
1705,505, 73
1706,393, 63
1707,159, 14
1708,72, 0
1709,282, 0
1710,462, 17
1711,552, 62
1712,569, 95
1713,510, 99
1714,410, 77
1715,306, 42
1716,197, 6
1717,111, 0
1718,102, 0
1719,204, 0
1720,363, 0
1721,558, 41
1722,720, 109
1723,832, 179
1724,865, 224
1725,813, 239
1726,657, 216
1727,457, 145
1728,226, 57
1729,35, 0
1730,185, 0
1731,280, 0
1732,312, 0
1733,321, 0
1734,329, 0
1735,361, 3
1736,403, 13
1737,437, 25
1738,451, 38
1739,450, 44
1740,457, 44
1741,486, 55
1742,566, 73
1743,624, 101
1744,679, 128
1745,739, 154
1746,745, 177
1747,732, 184
1748,713, 186
1749,716, 183
1750,722, 183
1751,685, 181
1752,628, 164
1753,582, 143
1754,465, 107
1755,291, 51
1756,189, 5
1757,135, 0
1758,129, 0
1759,184, 0
1760,264, 0
1761,305, 0
1762,328, 0
1763,326, 3
1764,280, 0
1765,159, 0
1766,22, 0
1767,90, 0
1768,164, 0
1769,144, 0
1770,71, 0
1771,23, 0
1772,101, 0
1773,167, 0
1774,202, 0
1775,184, 0
1776,93, 0
1777,10, 0
1778,94, 0
1779,151, 0
1780,176, 0
1781,148, 0
1782,93, 0
1783,39, 0
1784,19, 0
1785,56, 0
1786,89, 0
1787,106, 0
1788,130, 0
1789,108, 0
1790,31, 0
1791,25, 0
1792,63, 0
1793,94, 0
1794,113, 0
1795,130, 0
1796,151, 0
1797,164, 0
1798,181, 0
1799,208, 0
1800,242, 0
1801,322, 0
1802,381, 0
1803,434, 21
1804,454, 37
1805,464, 45
1806,456, 50
1807,419, 45
1808,411, 36
1809,399, 35
1810,370, 25
1811,327, 12
1812,277, 0
1813,207, 0
1814,139, 0
1815,44, 0
1816,23, 0
1817,84, 0
1818,76, 0
1819,38, 0
1820,11, 0
1821,61, 0
1822,86, 0
1823,54, 0
1824,12, 0
1825,1, 0
1826,70, 0
1827,139, 0
1828,196, 0
1829,192, 0
1830,149, 0
1831,89, 0
1832,38, 0
1833,2, 0
1834,4, 0
1835,27, 0
1836,59, 0
1837,109, 0
1838,145, 0
1839,183, 0
1840,211, 0
1841,226, 0
1842,232, 0
1843,234, 0
1844,254, 0
1845,257, 0
1846,215, 0
1847,189, 0
1848,176, 0
1849,171, 0
1850,203, 0
1851,277, 0
1852,294, 0
1853,255, 0
1854,223, 0
1855,189, 0
1856,133, 0
1857,38, 0
1858,6, 0
1859,37, 0
1860,10, 0
1861,35, 0
1862,127, 0
1863,180, 0
1864,212, 0
1865,198, 0
1866,186, 0
1867,218, 0
1868,287, 0
1869,393, 3
1870,514, 31
1871,622, 78
1872,711, 126
1873,759, 166
1874,747, 187
1875,609, 168
1876,310, 96
1877,61, 5
1878,268, 0
1879,368, 0
1880,315, 4
1881,121, 0
1882,44, 0
1883,175, 0
1884,215, 0
1885,199, 0
1886,152, 0
1887,57, 0
1888,6, 0
1889,78, 0
1890,163, 0
1891,219, 0
1892,240, 0
1893,242, 0
1894,193, 0
1895,168, 0
1896,108, 0
1897,14, 0
1898,63, 0
1899,207, 0
1900,324, 0
1901,385, 9
1902,391, 22
1903,309, 15
1904,179, 0
1905,29, 0
1906,103, 0
1907,261, 0
1908,308, 0
1909,243, 0
1910,149, 0
1911,28, 0
1912,46, 0
1913,95, 0
1914,99, 0
1915,97, 0
1916,136, 0
1917,251, 0
1918,348, 0
1919,473, 15
1920,507, 47
1921,495, 63
1922,420, 55
1923,340, 26
1924,280, 2
1925,278, 0
1926,287, 0
1927,323, 0
1928,362, 2
1929,359, 6
1930,328, 4
1931,293, 0
1932,233, 0
1933,228, 0
1934,261, 0
1935,276, 0
1936,329, 0
1937,296, 0
1938,258, 0
1939,205, 0
1940,136, 0
1941,57, 0
1942,5, 0
1943,3, 0
1944,32, 0
1945,22, 0
1946,0, 0
1947,19, 0
1948,53, 0
1949,57, 0
1950,52, 0
1951,57, 0
1952,89, 0
1953,137, 0
1954,191, 0
1955,263, 0
1956,315, 0
1957,308, 0
1958,210, 0
1959,41, 0
1960,138, 0
1961,278, 0
1962,295, 0
1963,221, 0
1964,101, 0
1965,22, 0
1966,1, 0
1967,48, 0
1968,138, 0
1969,184, 0
1970,144, 0
1971,73, 0
1972,23, 0
1973,167, 0
1974,270, 0
1975,292, 0
1976,278, 0
1977,276, 0
1978,290, 0
1979,322, 0
1980,352, 0
1981,365, 5
1982,378, 10
1983,386, 17
1984,383, 15
1985,387, 19
1986,405, 21
1987,418, 24
1988,402, 26
1989,394, 27
1990,368, 20
1991,343, 12
1992,306, 4
1993,270, 0
1994,270, 0
1995,273, 0
1996,306, 0
1997,313, 0
1998,270, 0
1999,226, 0
2000,245, 0
2001,287, 0
2002,299, 0
2003,311, 0
2004,286, 0
2005,226, 0
2006,151, 0
2007,57, 0
2008,1, 0
2009,47, 0
2010,91, 0
2011,122, 0
2012,130, 0
2013,108, 0
2014,124, 0
2015,123, 0
2016,117, 0
2017,108, 0
2018,88, 0
2019,65, 0
2020,60, 0
2021,65, 0
2022,63, 0
2023,31, 0
2024,0, 0
2025,36, 0
2026,51, 0
2027,41, 0
2028,6, 0
2029,0, 0
2030,0, 0
2031,24, 0
2032,122, 0
2033,261, 0
2034,414, 4
2035,500, 32
2036,510, 63
2037,470, 63
2038,415, 50
2039,348, 27
2040,310, 7
2041,291, 0
2042,270, 0
2043,275, 0
2044,306, 0
2045,361, 0
2046,408, 10
2047,512, 40
2048,547, 64
2049,564, 86
2050,552, 92
2051,539, 93
2052,548, 94
2053,553, 95
2054,554, 95
2055,532, 97
2056,467, 83
2057,318, 44
2058,91, 0
2059,205, 0
2060,463, 7
2061,576, 60
2062,540, 83
2063,409, 71
2064,220, 21
2065,51, 0
2066,3, 0
2067,37, 0
2068,44, 0
2069,24, 0
2070,0, 0
2071,0, 0
2072,13, 0
2073,35, 0
2074,46, 0
2075,59, 0
2076,60, 0
2077,57, 0
2078,53, 0
2079,88, 0
2080,130, 0
2081,150, 0
2082,118, 0
2083,30, 0
2084,0, 0
2085,6, 0
2086,12, 0
2087,35, 0
2088,65, 0
2089,91, 0
2090,102, 0
2091,95, 0
2092,121, 0
2093,151, 0
2094,222, 0
2095,310, 0
2096,360, 2
2097,365, 5
2098,377, 11
2099,407, 19
2100,441, 30
2101,442, 37
2102,427, 40
2103,391, 31
2104,374, 25
2105,367, 15
2106,361, 10
2107,379, 11
2108,398, 19
2109,391, 22
2110,391, 22
2111,406, 27
2112,385, 25
2113,368, 19
2114,308, 6
2115,238, 0
2116,164, 0
2117,113, 0
2118,58, 0
2119,12, 0
2120,12, 0
2121,87, 0
2122,99, 0
2123,57, 0
2124,7, 0
2125,115, 0
2126,218, 0
2127,256, 0
2128,274, 0
2129,273, 0
2130,239, 0
2131,179, 0
2132,128, 0
2133,68, 0
2134,29, 0
2135,20, 0
2136,13, 0
2137,46, 0
2138,138, 0
2139,232, 0
2140,310, 0
2141,326, 0
2142,248, 0
2143,108, 0
2144,35, 0
2145,186, 0
2146,322, 0
2147,369, 6
2148,336, 10
2149,214, 0
2150,91, 0
2151,11, 0
2152,29, 0
2153,95, 0
2154,116, 0
2155,126, 0
2156,153, 0
2157,137, 0
2158,119, 0
2159,149, 0
2160,227, 0
2161,301, 0
2162,373, 1
2163,395, 12
2164,354, 12
2165,272, 3
2166,157, 0
2167,70, 0
2168,60, 0
2169,95, 0
2170,154, 0
2171,214, 0
2172,267, 0
2173,299, 0
2174,339, 0
2175,357, 2
2176,333, 3
2177,297, 0
2178,249, 0
2179,208, 0
2180,176, 0
2181,121, 0
2182,43, 0
2183,6, 0
2184,0, 0
2185,0, 0
2186,0, 0
2187,19, 0
2188,28, 0
2189,37, 0
2190,53, 0
2191,63, 0
2192,71, 0
2193,79, 0
2194,73, 0
2195,57, 0
2196,25, 0
2197,1, 0
2198,5, 0
2199,29, 0
2200,4, 0
2201,60, 0
2202,201, 0
2203,274, 0
2204,264, 0
2205,183, 0
2206,60, 0
2207,25, 0
2208,100, 0
2209,120, 0
2210,89, 0
2211,70, 0
2212,64, 0
2213,39, 0
2214,3, 0
2215,4, 0
2216,79, 0
2217,187, 0
2218,236, 0
2219,251, 0
2220,226, 0
2221,223, 0
2222,238, 0
2223,291, 0
2224,357, 0
2225,434, 12
2226,513, 43
2227,547, 72
2228,538, 79
2229,524, 83
2230,478, 76
2231,447, 61
2232,403, 43
2233,377, 29
2234,357, 18
2235,348, 10
2236,338, 6
2237,308, 2
2238,293, 0
2239,277, 0
2240,262, 0
2241,246, 0
2242,199, 0
2243,160, 0
2244,123, 0
2245,36, 0
2246,23, 0
2247,68, 0
2248,63, 0
2249,29, 0
2250,3, 0
2251,72, 0
2252,140, 0
2253,169, 0
2254,170, 0
2255,145, 0
2256,129, 0
2257,129, 0
2258,131, 0
2259,132, 0
2260,132, 0
2261,136, 0
2262,132, 0
2263,110, 0
2264,48, 0
2265,4, 0
2266,76, 0
2267,155, 0
2268,214, 0
2269,241, 0
2270,242, 0
2271,172, 0
2272,141, 0
2273,106, 0
2274,50, 0
2275,1, 0
2276,2, 0
2277,77, 0
2278,210, 0
2279,286, 0
2280,294, 0
2281,285, 0
2282,272, 0
2283,246, 0
2284,256, 0
2285,245, 0
2286,233, 0
2287,237, 0
2288,243, 0
2289,239, 0
2290,249, 0
2291,263, 0
2292,277, 0
2293,305, 0
2294,329, 0
2295,333, 1
2296,341, 3
2297,334, 1
2298,319, 0
2299,321, 0
2300,326, 0
2301,330, 0
2302,325, 2
2303,272, 0
2304,212, 0
2305,205, 0
2306,223, 0
2307,244, 0
2308,274, 0
2309,255, 0
2310,198, 0
2311,108, 0
2312,27, 0
2313,0, 0
2314,36, 0
2315,71, 0
2316,92, 0
2317,92, 0
2318,86, 0
2319,88, 0
2320,63, 0
2321,26, 0
2322,0, 0
2323,25, 0
2324,59, 0
2325,57, 0
2326,14, 0
2327,1, 0
2328,69, 0
2329,157, 0
2330,212, 0
2331,238, 0
2332,237, 0
2333,235, 0
2334,224, 0
2335,182, 0
2336,118, 0
2337,55, 0
2338,28, 0
2339,167, 0
2340,266, 0
2341,311, 0
2342,349, 0
2343,385, 6
2344,400, 12
2345,433, 25
2346,445, 40
2347,437, 39
2348,441, 42
2349,457, 44
2350,487, 51
2351,530, 69
2352,559, 81
2353,566, 93
2354,584, 102
2355,582, 113
2356,562, 108
2357,535, 101
2358,497, 92
2359,444, 71
2360,391, 50
2361,347, 28
2362,267, 2
2363,192, 0
2364,109, 0
2365,42, 0
2366,38, 0
2367,75, 0
2368,133, 0
2369,202, 0
2370,198, 0
2371,89, 0
2372,20, 0
2373,145, 0
2374,245, 0
2375,282, 0
2376,247, 0
2377,176, 0
2378,95, 0
2379,34, 0
2380,12, 0
2381,0, 0
2382,0, 0
2383,1, 0
2384,17, 0
2385,48, 0
2386,95, 0
2387,101, 0
2388,89, 0
2389,83, 0
2390,65, 0
2391,35, 0
2392,17, 0
2393,0, 0
2394,13, 0
2395,47, 0
2396,50, 0
2397,11, 0
2398,11, 0
2399,124, 0
2400,235, 0
2401,295, 0
2402,289, 0
2403,300, 0
2404,297, 0
2405,308, 0
2406,312, 0
2407,316, 0
2408,321, 0
2409,336, 0
2410,359, 3
2411,374, 6
2412,405, 15
2413,424, 25
2414,420, 31
2415,415, 32
2416,378, 25
2417,330, 12
2418,316, 2
2419,300, 0
2420,287, 0
2421,283, 0
2422,287, 0
2423,295, 0
2424,276, 0
2425,221, 0
2426,158, 0
2427,175, 0
2428,186, 0
2429,202, 0
2430,238, 0
2431,233, 0
2432,202, 0
2433,173, 0
2434,160, 0
2435,164, 0
2436,156, 0
2437,147, 0
2438,109, 0
2439,44, 0
2440,11, 0
2441,87, 0
2442,163, 0
2443,184, 0
2444,175, 0
2445,133, 0
2446,93, 0
2447,62, 0
2448,55, 0
2449,51, 0
2450,76, 0
2451,105, 0
2452,107, 0
2453,102, 0
2454,86, 0
2455,84, 0
2456,76, 0
2457,22, 0
2458,14, 0
2459,102, 0
2460,240, 0
2461,352, 0
2462,402, 10
2463,389, 15
2464,355, 14
2465,299, 3
2466,249, 0
2467,242, 0
2468,258, 0
2469,281, 0
2470,313, 0
2471,315, 0
2472,296, 0
2473,270, 0
2474,251, 0
2475,241, 0
2476,275, 0
2477,276, 0
2478,295, 0
2479,318, 0
2480,334, 0
2481,351, 1
2482,364, 7
2483,363, 12
2484,330, 6
2485,251, 0
2486,117, 0
2487,25, 0
2488,0, 0
2489,4, 0
2490,43, 0
2491,110, 0
2492,157, 0
2493,183, 0
2494,183, 0
2495,159, 0
2496,112, 0
2497,51, 0
2498,2, 0
2499,0, 0
2500,6, 0
2501,14, 0
2502,38, 0
2503,67, 0
2504,63, 0
2505,48, 0
2506,29, 0
2507,29, 0
2508,45, 0
2509,57, 0
2510,57, 0
2511,51, 0
2512,38, 0
2513,7, 0
2514,0, 0
2515,0, 0
2516,12, 0
2517,50, 0
2518,35, 0
2519,1, 0
2520,41, 0
2521,203, 0
2522,329, 0
2523,436, 10
2524,495, 38
2525,532, 67
2526,529, 78
2527,468, 73
2528,342, 43
2529,230, 3
2530,168, 0
2531,185, 0
2532,238, 0
2533,306, 0
2534,378, 1
2535,398, 12
2536,415, 23
2537,413, 28
2538,385, 25
2539,363, 18
2540,340, 10
2541,306, 2
2542,299, 0
2543,299, 0
2544,287, 0
2545,260, 0
2546,198, 0
2547,105, 0
2548,25, 0
2549,18, 0
2550,27, 0
2551,75, 0
2552,128, 0
2553,141, 0
2554,143, 0
2555,133, 0
2556,103, 0
2557,71, 0
2558,28, 0
2559,0, 0
2560,10, 0
2561,44, 0
2562,64, 0
2563,72, 0
2564,73, 0
2565,69, 0
2566,46, 0
2567,29, 0
2568,31, 0
2569,57, 0
2570,60, 0
2571,44, 0
2572,28, 0
2573,13, 0
2574,0, 0
2575,0, 0
2576,0, 0
2577,22, 0
2578,50, 0
2579,28, 0
2580,0, 0
2581,30, 0
2582,152, 0
2583,251, 0
2584,300, 0
2585,315, 0
2586,330, 0
2587,362, 2
2588,400, 10
2589,431, 25
2590,481, 41
2591,524, 58
2592,569, 83
2593,600, 96
2594,618, 112
2595,601, 123
2596,525, 110
2597,391, 70
2598,249, 17
2599,130, 0
2600,79, 0
2601,109, 0
2602,143, 0
2603,203, 0
2604,248, 0
2605,270, 0
2606,271, 0
2607,220, 0
2608,126, 0
2609,52, 0
2610,41, 0
2611,38, 0
2612,75, 0
2613,119, 0
2614,113, 0
2615,110, 0
2616,97, 0
2617,63, 0
2618,15, 0
2619,0, 0
2620,0, 0
2621,8, 0
2622,25, 0
2623,30, 0
2624,31, 0
2625,17, 0
2626,2, 0
2627,0, 0
2628,0, 0
2629,0, 0
2630,0, 0
2631,8, 0
2632,26, 0
2633,40, 0
2634,40, 0
2635,24, 0
2636,8, 0
2637,6, 0
2638,40, 0
2639,92, 0
2640,124, 0
2641,100, 0
2642,57, 0
2643,25, 0
2644,149, 0
2645,244, 0
2646,312, 0
2647,359, 0
2648,419, 13
2649,439, 30
2650,441, 37
2651,409, 38
2652,348, 22
2653,312, 5
2654,287, 0
2655,291, 0
2656,324, 0
2657,355, 0
2658,372, 4
2659,388, 12
2660,383, 19
2661,380, 17
2662,391, 22
2663,396, 22
2664,409, 27
2665,411, 31
2666,411, 34
2667,385, 28
2668,294, 12
2669,143, 0
2670,24, 0
2671,12, 0
2672,37, 0
2673,5, 0
2674,25, 0
2675,89, 0
2676,139, 0
2677,166, 0
2678,185, 0
2679,173, 0
2680,139, 0
2681,77, 0
2682,5, 0
2683,47, 0
2684,128, 0
2685,186, 0
2686,221, 0
2687,189, 0
2688,183, 0
2689,124, 0
2690,117, 0
2691,92, 0
2692,52, 0
2693,6, 0
2694,0, 0
2695,27, 0
2696,57, 0
2697,71, 0
2698,60, 0
2699,25, 0
2700,6, 0
2701,12, 0
2702,13, 0
2703,25, 0
2704,83, 0
2705,127, 0
2706,143, 0
2707,158, 0
2708,204, 0
2709,243, 0
2710,283, 0
2711,336, 0
2712,354, 1
2713,362, 7
2714,375, 10
2715,381, 14
2716,387, 15
2717,406, 20
2718,402, 23
2719,400, 23
2720,398, 23
2721,379, 25
2722,370, 19
2723,359, 14
2724,330, 6
2725,322, 2
2726,317, 1
2727,310, 0
2728,280, 0
2729,217, 0
2730,115, 0
2731,57, 0
2732,41, 0
2733,48, 0
2734,91, 0
2735,130, 0
2736,124, 0
2737,121, 0
2738,92, 0
2739,76, 0
2740,39, 0
2741,6, 0
2742,0, 0
2743,6, 0
2744,0, 0
2745,0, 0
2746,0, 0
2747,11, 0
2748,2, 0
2749,0, 0
2750,1, 0
2751,13, 0
2752,42, 0
2753,48, 0
2754,32, 0
2755,31, 0
2756,17, 0
2757,0, 0
2758,0, 0
2759,8, 0
2760,30, 0
2761,46, 0
2762,38, 0
2763,14, 0
2764,12, 0
2765,117, 0
2766,226, 0
2767,269, 0
2768,297, 0
2769,326, 0
2770,356, 0
2771,356, 3
2772,391, 9
2773,396, 19
2774,399, 19
2775,406, 26
2776,410, 25
2777,415, 26
2778,433, 32
2779,428, 36
2780,415, 32
2781,405, 31
2782,385, 25
2783,367, 18
2784,351, 17
2785,325, 3
2786,305, 1
2787,286, 0
2788,262, 0
2789,240, 0
2790,160, 0
2791,55, 0
2792,24, 0
2793,29, 0
2794,32, 0
2795,76, 0
2796,113, 0
2797,108, 0
2798,99, 0
2799,76, 0
2800,47, 0
2801,29, 0
2802,8, 0
2803,0, 0
2804,0, 0
2805,3, 0
2806,19, 0
2807,42, 0
2808,64, 0
2809,70, 0
2810,71, 0
2811,70, 0
2812,76, 0
2813,95, 0
2814,72, 0
2815,44, 0
2816,31, 0
2817,12, 0
2818,0, 0
2819,8, 0
2820,0, 0
2821,31, 0
2822,51, 0
2823,31, 0
2824,2, 0
2825,34, 0
2826,157, 0
2827,252, 0
2828,284, 0
2829,318, 0
2830,332, 0
2831,344, 3
2832,351, 4
2833,385, 9
2834,402, 21
2835,426, 26
2836,460, 41
2837,490, 52
2838,500, 59
2839,481, 67
2840,465, 59
2841,419, 47
2842,384, 37
2843,340, 15
2844,307, 3
2845,287, 0
2846,272, 0
2847,265, 0
2848,251, 0
2849,257, 0
2850,245, 0
2851,184, 0
2852,78, 0
2853,34, 0
2854,34, 0
2855,29, 0
2856,87, 0
2857,109, 0
2858,105, 0
2859,86, 0
2860,58, 0
2861,32, 0
2862,6, 0
2863,0, 0
2864,0, 0
2865,10, 0
2866,20, 0
2867,34, 0
2868,44, 0
2869,65, 0
2870,57, 0
2871,58, 0
2872,59, 0
2873,65, 0
2874,89, 0
2875,68, 0
2876,50, 0
2877,22, 0
2878,5, 0
2879,0, 0
2880,0, 0
2881,0, 0
2882,31, 0
2883,45, 0
2884,25, 0
2885,1, 0
2886,44, 0
2887,160, 0
2888,253, 0
2889,300, 0
2890,323, 0
2891,344, 2
2892,362, 4
2893,405, 12
2894,402, 19
2895,407, 25
2896,408, 22
2897,415, 26
2898,408, 27
2899,417, 27
2900,441, 36
2901,420, 34
2902,420, 32
2903,401, 31
2904,391, 27
2905,380, 20
2906,361, 18
2907,340, 10
2908,300, 2
2909,300, 0
2910,281, 0
2911,253, 0
2912,193, 0
2913,89, 0
2914,31, 0
2915,38, 0
2916,38, 0
2917,75, 0
2918,110, 0
2919,107, 0
2920,89, 0
2921,65, 0
2922,41, 0
2923,12, 0
2924,0, 0
2925,0, 0
2926,1, 0
2927,13, 0
2928,25, 0
2929,37, 0
2930,48, 0
2931,51, 0
2932,48, 0
2933,46, 0
2934,59, 0
2935,70, 0
2936,63, 0
2937,42, 0
2938,25, 0
2939,8, 0
2940,0, 0
2941,0, 0
2942,1, 0
2943,38, 0
2944,53, 0
2945,38, 0
2946,0, 0
2947,40, 0
2948,157, 0
2949,245, 0
2950,280, 0
2951,308, 0
2952,337, 0
2953,348, 2
2954,391, 7
2955,387, 17
2956,394, 19
2957,398, 20
2958,405, 25
2959,404, 25
2960,418, 29
2961,432, 31
2962,420, 34
2963,416, 31
2964,404, 32
2965,385, 25
2966,357, 17
2967,342, 11
2968,322, 5
2969,306, 0
2970,286, 0
2971,279, 0
2972,251, 0
2973,172, 0
2974,80, 0
2975,40, 0
2976,37, 0
2977,41, 0
2978,77, 0
2979,108, 0
2980,109, 0
2981,95, 0
2982,73, 0
2983,50, 0
2984,23, 0
2985,0, 0
2986,0, 0
2987,4, 0
2988,15, 0
2989,28, 0
2990,40, 0
2991,57, 0
2992,52, 0
2993,55, 0
2994,63, 0
2995,73, 0
2996,84, 0
2997,71, 0
2998,54, 0
2999,31, 0
3000,12, 0
3001,9, 0
3002,8, 0
3003,2, 0
3004,50, 0
3005,46, 0
3006,27, 0
3007,1, 0
3008,67, 0
3009,170, 0
3010,255, 0
3011,294, 0
3012,300, 0
3013,332, 0
3014,359, 0
3015,403, 10
3016,398, 19
3017,402, 24
3018,403, 24
3019,409, 26
3020,410, 29
3021,420, 26
3022,433, 35
3023,418, 31
3024,415, 32
3025,407, 31
3026,387, 25
3027,351, 21
3028,361, 18
3029,338, 6
3030,315, 1
3031,300, 0
3032,283, 0
3033,253, 0
3034,166, 0
3035,80, 0
3036,42, 0
3037,34, 0
3038,37, 0
3039,79, 0
3040,106, 0
3041,102, 0
3042,83, 0
3043,57, 0
3044,28, 0
3045,3, 0
3046,0, 0
3047,0, 0
3048,20, 0
3049,28, 0
3050,37, 0
3051,47, 0
3052,63, 0
3053,57, 0
3054,55, 0
3055,53, 0
3056,62, 0
3057,59, 0
3058,56, 0
3059,38, 0
3060,19, 0
3061,10, 0
3062,0, 0
3063,0, 0
3064,3, 0
3065,38, 0
3066,44, 0
3067,13, 0
3068,0, 0
3069,60, 0
3070,183, 0
3071,263, 0
3072,280, 0
3073,312, 0
3074,337, 0
3075,356, 1
3076,378, 8
3077,394, 14
3078,399, 22
3079,403, 22
3080,408, 25
3081,413, 28
3082,424, 28
3083,432, 37
3084,419, 35
3085,411, 31
3086,400, 30
3087,382, 25
3088,361, 17
3089,348, 12
3090,332, 5
3091,315, 1
3092,294, 0
3093,289, 0
3094,245, 0
3095,151, 0
3096,69, 0
3097,40, 0
3098,27, 0
3099,46, 0
3100,78, 0
3101,108, 0
3102,106, 0
3103,89, 0
3104,63, 0
3105,32, 0
3106,5, 0
3107,0, 0
3108,1, 0
3109,8, 0
3110,20, 0
3111,31, 0
3112,46, 0
3113,57, 0
3114,62, 0
3115,63, 0
3116,60, 0
3117,79, 0
3118,86, 0
3119,74, 0
3120,52, 0
3121,38, 0
3122,11, 0
3123,0, 0
3124,0, 0
3125,18, 0
3126,55, 0
3127,63, 0
3128,38, 0
3129,1, 0
3130,58, 0
3131,182, 0
3132,253, 0
3133,286, 0
3134,308, 0
3135,337, 0
3136,344, 0
3137,369, 6
3138,385, 11
3139,393, 20
3140,398, 20
3141,402, 25
3142,403, 25
3143,411, 25
3144,417, 29
3145,400, 29
3146,410, 25
3147,393, 29
3148,379, 20
3149,357, 15
3150,340, 10
3151,317, 1
3152,304, 0
3153,287, 0
3154,265, 0
3155,244, 0
3156,147, 0
3157,70, 0
3158,43, 0
3159,39, 0
3160,65, 0
3161,115, 0
3162,150, 0
3163,152, 0
3164,128, 0
3165,92, 0
3166,55, 0
3167,24, 0
3168,0, 0
3169,0, 0
3170,1, 0
3171,9, 0
3172,20, 0
3173,48, 0
3174,54, 0
3175,57, 0
3176,50, 0
3177,64, 0
3178,84, 0
3179,83, 0
3180,71, 0
3181,52, 0
3182,28, 0
3183,17, 0
3184,0, 0
3185,0, 0
3186,8, 0
3187,56, 0
3188,51, 0
3189,20, 0
3190,0, 0
3191,72, 0
3192,190, 0
3193,266, 0
3194,308, 0
3195,329, 0
3196,333, 1
3197,368, 5
3198,396, 13
3199,408, 20
3200,409, 26
3201,409, 26
3202,415, 30
3203,416, 32
3204,430, 31
3205,427, 38
3206,441, 40
3207,421, 36
3208,410, 35
3209,389, 28
3210,376, 23
3211,351, 14
3212,325, 7
3213,312, 1
3214,295, 0
3215,275, 0
3216,249, 0
3217,159, 0
3218,76, 0
3219,48, 0
3220,31, 0
3221,59, 0
3222,88, 0
3223,111, 0
3224,106, 0
3225,83, 0
3226,57, 0
3227,31, 0
3228,6, 0
3229,0, 0
3230,0, 0
3231,9, 0
3232,28, 0
3233,36, 0
3234,55, 0
3235,64, 0
3236,70, 0
3237,71, 0
3238,76, 0
3239,91, 0
3240,91, 0
3241,83, 0
3242,58, 0
3243,38, 0
3244,20, 0
3245,2, 0
3246,0, 0
3247,19, 0
3248,62, 0
3249,61, 0
3250,29, 0
3251,0, 0
3252,95, 0
3253,187, 0
3254,260, 0
3255,295, 0
3256,315, 0
3257,338, 0
3258,370, 3
3259,387, 8
3260,396, 19
3261,401, 24
3262,408, 25
3263,411, 27
3264,416, 29
3265,428, 32
3266,441, 38
3267,427, 38
3268,428, 38
3269,415, 37
3270,399, 31
3271,376, 25
3272,359, 18
3273,325, 8
3274,318, 0
3275,296, 0
3276,287, 0
3277,255, 0
3278,158, 0
3279,78, 0
3280,41, 0
3281,27, 0
3282,41, 0
3283,79, 0
3284,105, 0
3285,92, 0
3286,76, 0
3287,43, 0
3288,17, 0
3289,0, 0
3290,0, 0
3291,1, 0
3292,13, 0
3293,25, 0
3294,32, 0
3295,63, 0
3296,63, 0
3297,61, 0
3298,60, 0
3299,64, 0
3300,85, 0
3301,87, 0
3302,72, 0
3303,51, 0
3304,26, 0
3305,6, 0
3306,0, 0
3307,1, 0
3308,24, 0
3309,60, 0
3310,51, 0
3311,13, 0
3312,1, 0
3313,104, 0
3314,202, 0
3315,275, 0
3316,302, 0
3317,318, 0
3318,342, 0
3319,369, 6
3320,389, 12
3321,405, 20
3322,407, 26
3323,411, 25
3324,417, 31
3325,420, 30
3326,430, 35
3327,439, 39
3328,432, 38
3329,427, 38
3330,409, 37
3331,402, 32
3332,380, 25
3333,359, 18
3334,336, 10
3335,312, 1
3336,296, 0
3337,283, 0
3338,244, 0
3339,154, 0
3340,77, 0
3341,54, 0
3342,29, 0
3343,51, 0
3344,93, 0
3345,110, 0
3346,104, 0
3347,74, 0
3348,55, 0
3349,31, 0
3350,2, 0
3351,0, 0
3352,3, 0
3353,24, 0
3354,26, 0
3355,42, 0
3356,62, 0
3357,83, 0
3358,81, 0
3359,80, 0
3360,94, 0
3361,107, 0
3362,121, 0
3363,102, 0
3364,83, 0
3365,50, 0
3366,25, 0
3367,2, 0
3368,0, 0
3369,7, 0
3370,28, 0
3371,19, 0
3372,3, 0
3373,4, 0
3374,81, 0
3375,185, 0
3376,254, 0
3377,289, 0
3378,321, 0
3379,342, 0
3380,382, 5
3381,402, 14
3382,408, 25
3383,426, 30
3384,398, 25
3385,404, 28
3386,409, 27
3387,420, 29
3388,434, 36
3389,426, 37
3390,421, 36
3391,415, 32
3392,423, 34
3393,386, 29
3394,372, 23
3395,345, 15
3396,337, 6
3397,326, 3
3398,309, 1
3399,267, 0
3400,183, 0
3401,94, 0
3402,69, 0
3403,70, 0
3404,89, 0
3405,124, 0
3406,130, 0
3407,108, 0
3408,67, 0
3409,35, 0
3410,6, 0
3411,0, 0
3412,9, 0
3413,27, 0
3414,50, 0
3415,63, 0
3416,68, 0
3417,83, 0
3418,102, 0
3419,92, 0
3420,86, 0
3421,80, 0
3422,83, 0
3423,74, 0
3424,65, 0
3425,43, 0
3426,25, 0
3427,8, 0
3428,0, 0
3429,0, 0
3430,14, 0
3431,51, 0
3432,42, 0
3433,17, 0
3434,5, 0
3435,99, 0
3436,214, 0
3437,276, 0
3438,300, 0
3439,325, 0
3440,355, 2
3441,374, 6
3442,383, 12
3443,405, 24
3444,406, 27
3445,410, 27
3446,418, 30
3447,423, 34
3448,437, 38
3449,440, 41
3450,438, 41
3451,436, 42
3452,428, 41
3453,411, 37
3454,394, 28
3455,378, 26
3456,348, 18
3457,339, 8
3458,308, 3
3459,292, 0
3460,234, 0
3461,144, 0
3462,58, 0
3463,27, 0
3464,31, 0
3465,23, 0
3466,51, 0
3467,63, 0
3468,62, 0
3469,43, 0
3470,38, 0
3471,21, 0
3472,0, 0
3473,0, 0
3474,4, 0
3475,12, 0
3476,19, 0
3477,54, 0
3478,75, 0
3479,79, 0
3480,76, 0
3481,75, 0
3482,85, 0
3483,94, 0
3484,89, 0
3485,81, 0
3486,62, 0
3487,37, 0
3488,14, 0
3489,1, 0
3490,12, 0
3491,44, 0
3492,63, 0
3493,55, 0
3494,12, 0
3495,8, 0
3496,110, 0
3497,207, 0
3498,275, 0
3499,300, 0
3500,326, 0
3501,342, 0
3502,371, 9
3503,391, 12
3504,407, 23
3505,411, 26
3506,411, 27
3507,418, 31
3508,427, 31
3509,438, 32
3510,438, 38
3511,446, 43
3512,427, 40
3513,411, 38
3514,396, 30
3515,374, 24
3516,360, 19
3517,342, 9
3518,315, 2
3519,300, 0
3520,287, 0
3521,231, 0
3522,136, 0
3523,70, 0
3524,38, 0
3525,41, 0
3526,63, 0
3527,99, 0
3528,108, 0
3529,91, 0
3530,72, 0
3531,46, 0
3532,17, 0
3533,2, 0
3534,0, 0
3535,2, 0
3536,13, 0
3537,22, 0
3538,37, 0
3539,63, 0
3540,69, 0
3541,70, 0
3542,68, 0
3543,75, 0
3544,86, 0
3545,90, 0
3546,76, 0
3547,50, 0
3548,31, 0
3549,7, 0
3550,1, 0
3551,0, 0
3552,19, 0
3553,60, 0
3554,37, 0
3555,19, 0
3556,7, 0
3557,118, 0
3558,221, 0
3559,285, 0
3560,310, 0
3561,327, 0
3562,354, 1
3563,376, 8
3564,401, 17
3565,410, 21
3566,414, 29
3567,415, 27
3568,423, 36
3569,430, 36
3570,440, 39
3571,441, 42
3572,435, 40
3573,428, 41
3574,414, 36
3575,393, 31
3576,376, 24
3577,359, 13
3578,336, 8
3579,310, 2
3580,297, 0
3581,274, 0
3582,223, 0
3583,131, 0
3584,58, 0
3585,31, 0
3586,32, 0
3587,63, 0
3588,93, 0
3589,106, 0
3590,99, 0
3591,71, 0
3592,54, 0
3593,29, 0
3594,4, 0
3595,5, 0
3596,6, 0
3597,3, 0
3598,11, 0
3599,25, 0
3600,63, 0
3601,67, 0
3602,63, 0
3603,65, 0
3604,76, 0
3605,95, 0
3606,95, 0
3607,95, 0
3608,68, 0
3609,54, 0
3610,46, 0
3611,40, 0
3612,31, 0
3613,68, 0
3614,88, 0
3615,80, 0
3616,29, 0
3617,14, 0
3618,127, 0
3619,218, 0
3620,275, 0
3621,299, 0
3622,314, 0
3623,330, 0
3624,352, 1
3625,376, 7
3626,396, 17
3627,402, 23
3628,411, 24
3629,423, 30
3630,433, 37
3631,449, 37
3632,456, 44
3633,445, 45
3634,434, 43
3635,413, 40
3636,409, 31
3637,381, 27
3638,367, 20
3639,346, 11
3640,307, 2
3641,299, 0
3642,278, 0
3643,223, 0
3644,126, 0
3645,65, 0
3646,51, 0
3647,54, 0
3648,83, 0
3649,115, 0
3650,119, 0
3651,96, 0
3652,73, 0
3653,45, 0
3654,19, 0
3655,0, 0
3656,10, 0
3657,7, 0
3658,24, 0
3659,31, 0
3660,44, 0
3661,59, 0
3662,73, 0
3663,68, 0
3664,70, 0
3665,84, 0
3666,99, 0
3667,96, 0
3668,79, 0
3669,53, 0
3670,36, 0
3671,14, 0
3672,0, 0
3673,4, 0
3674,39, 0
3675,67, 0
3676,45, 0
3677,13, 0
3678,10, 0
3679,119, 0
3680,220, 0
3681,276, 0
3682,307, 0
3683,325, 0
3684,361, 2
3685,385, 11
3686,396, 14
3687,414, 25
3688,416, 28
3689,416, 28
3690,430, 35
3691,427, 38
3692,440, 37
3693,451, 42
3694,442, 43
3695,438, 42
3696,430, 37
3697,391, 29
3698,370, 24
3699,348, 14
3700,332, 6
3701,306, 1
3702,293, 0
3703,266, 0
3704,205, 0
3705,109, 0
3706,58, 0
3707,39, 0
3708,26, 0
3709,57, 0
3710,90, 0
3711,99, 0
3712,87, 0
3713,63, 0
3714,38, 0
3715,8, 0
3716,0, 0
3717,0, 0
3718,1, 0
3719,0, 0
3720,3, 0
3721,5, 0
3722,28, 0
3723,40, 0
3724,42, 0
3725,38, 0
3726,57, 0
3727,77, 0
3728,80, 0
3729,67, 0
3730,40, 0
3731,36, 0
3732,20, 0
3733,4, 0
3734,12, 0
3735,57, 0
3736,71, 0
3737,60, 0
3738,8, 0
3739,19, 0
3740,155, 0
3741,218, 0
3742,276, 0
3743,296, 0
3744,313, 0
3745,338, 0
3746,369, 3
3747,393, 11
3748,400, 21
3749,427, 27
3750,431, 31
3751,439, 39
3752,445, 40
3753,456, 40
3754,461, 50
3755,446, 45
3756,438, 44
3757,420, 40
3758,401, 32
3759,375, 25
3760,362, 20
3761,333, 10
3762,309, 3
3763,294, 0
3764,276, 0
3765,213, 0
3766,142, 0
3767,65, 0
3768,39, 0
3769,42, 0
3770,86, 0
3771,104, 0
3772,111, 0
3773,95, 0
3774,70, 0
3775,38, 0
3776,10, 0
3777,0, 0
3778,1, 0
3779,14, 0
3780,34, 0
3781,41, 0
3782,44, 0
3783,65, 0
3784,65, 0
3785,65, 0
3786,73, 0
3787,89, 0
3788,108, 0
3789,104, 0
3790,85, 0
3791,60, 0
3792,46, 0
3793,27, 0
3794,4, 0
3795,19, 0
3796,51, 0
3797,72, 0
3798,52, 0
3799,14, 0
3800,15, 0
3801,127, 0
3802,227, 0
3803,286, 0
3804,305, 0
3805,325, 0
3806,348, 1
3807,376, 5
3808,388, 11
3809,402, 20
3810,403, 23
3811,411, 22
3812,420, 31
3813,430, 32
3814,439, 37
3815,428, 40
3816,431, 40
3817,430, 39
3818,417, 38
3819,399, 31
3820,380, 25
3821,377, 21
3822,337, 8
3823,323, 1
3824,312, 0
3825,291, 0
3826,213, 0
3827,117, 0
3828,57, 0
3829,44, 0
3830,46, 0
3831,83, 0
3832,116, 0
3833,110, 0
3834,92, 0
3835,60, 0
3836,38, 0
3837,6, 0
3838,0, 0
3839,6, 0
3840,19, 0
3841,38, 0
3842,40, 0
3843,53, 0
3844,74, 0
3845,77, 0
3846,70, 0
3847,79, 0
3848,91, 0
3849,101, 0
3850,108, 0
3851,93, 0
3852,73, 0
3853,65, 0
3854,44, 0
3855,26, 0
3856,40, 0
3857,72, 0
3858,83, 0
3859,63, 0
3860,29, 0
3861,17, 0
3862,129, 0
3863,220, 0
3864,274, 0
3865,294, 0
3866,323, 0
3867,353, 1
3868,374, 5
3869,404, 13
3870,424, 26
3871,431, 34
3872,417, 35
3873,455, 43
3874,460, 50
3875,476, 52
3876,476, 57
3877,481, 56
3878,466, 57
3879,455, 53
3880,439, 47
3881,420, 39
3882,415, 36
3883,376, 26
3884,337, 13
3885,316, 4
3886,284, 0
3887,204, 0
3888,89, 0
3889,51, 0
3890,18, 0
3891,22, 0
3892,57, 0
3893,89, 0
3894,96, 0
3895,84, 0
3896,60, 0
3897,37, 0
3898,5, 0
3899,0, 0
3900,1, 0
3901,21, 0
3902,28, 0
3903,27, 0
3904,38, 0
3905,60, 0
3906,62, 0
3907,60, 0
3908,68, 0
3909,79, 0
3910,85, 0
3911,83, 0
3912,60, 0
3913,46, 0
3914,22, 0
3915,1, 0
3916,0, 0
3917,4, 0
3918,44, 0
3919,50, 0
3920,31, 0
3921,9, 0
3922,51, 0
3923,185, 0
3924,276, 0
3925,325, 0
3926,341, 1
3927,371, 4
3928,385, 11
3929,391, 13
3930,421, 24
3931,432, 35
3932,452, 41
3933,445, 41
3934,460, 44
3935,465, 47
3936,468, 52
3937,468, 54
3938,457, 52
3939,447, 48
3940,427, 45
3941,409, 36
3942,390, 29
3943,373, 23
3944,340, 12
3945,317, 3
3946,306, 1
3947,276, 0
3948,191, 0
3949,90, 0
3950,44, 0
3951,14, 0
3952,22, 0
3953,57, 0
3954,85, 0
3955,92, 0
3956,83, 0
3957,42, 0
3958,20, 0
3959,0, 0
3960,0, 0
3961,23, 0
3962,27, 0
3963,44, 0
3964,43, 0
3965,54, 0
3966,88, 0
3967,84, 0
3968,78, 0
3969,88, 0
3970,92, 0
3971,107, 0
3972,103, 0
3973,76, 0
3974,47, 0
3975,36, 0
3976,6, 0
3977,0, 0
3978,12, 0
3979,46, 0
3980,68, 0
3981,42, 0
3982,5, 0
3983,32, 0
3984,153, 0
3985,245, 0
3986,289, 0
3987,302, 0
3988,326, 0
3989,367, 2
3990,394, 8
3991,411, 20
3992,417, 26
3993,425, 30
3994,438, 35
3995,442, 40
3996,449, 43
3997,469, 48
3998,467, 53
3999,456, 53
4000,446, 46
4001,413, 43
4002,402, 35
4003,370, 23
4004,348, 13
4005,322, 6
4006,297, 0
4007,277, 0
4008,241, 0
4009,158, 0
4010,58, 0
4011,7, 0
4012,0, 0
4013,8, 0
4014,44, 0
4015,69, 0
4016,72, 0
4017,75, 0
4018,37, 0
4019,14, 0
4020,0, 0
4021,5, 0
4022,26, 0
4023,47, 0
4024,58, 0
4025,64, 0
4026,72, 0
4027,83, 0
4028,74, 0
4029,53, 0
4030,51, 0
4031,54, 0
4032,42, 0
4033,31, 0
4034,6, 0
4035,0, 0
4036,0, 0
4037,0, 0
4038,0, 0
4039,0, 0
4040,27, 0
4041,53, 0
4042,31, 0
4043,2, 0
4044,52, 0
4045,173, 0
4046,270, 0
4047,299, 0
4048,306, 0
4049,310, 0
4050,326, 0
4051,338, 0
4052,362, 2
4053,388, 8
4054,401, 19
4055,402, 21
4056,385, 24
4057,361, 13
4058,352, 8
4059,340, 6
4060,338, 2
4061,337, 1
4062,319, 1
4063,312, 0
4064,285, 0
4065,282, 0
4066,266, 0
4067,263, 0
4068,263, 0
4069,256, 0
4070,177, 0
4071,91, 0
4072,64, 0
4073,26, 0
4074,40, 0
4075,89, 0
4076,119, 0
4077,122, 0
4078,111, 0
4079,84, 0
4080,60, 0
4081,39, 0
4082,1, 0
4083,0, 0
4084,0, 0
4085,6, 0
4086,12, 0
4087,28, 0
4088,63, 0
4089,55, 0
4090,63, 0
4091,53, 0
4092,55, 0
4093,67, 0
4094,61, 0
4095,37, 0
4096,15, 0
4097,15, 0
4098,0, 0
4099,0, 0
4100,4, 0
4101,28, 0
4102,36, 0
4103,12, 0
4104,0, 0
4105,84, 0
4106,206, 0
4107,286, 0
4108,326, 0
4109,331, 0
4110,361, 1
4111,390, 10
4112,402, 15
4113,420, 25
4114,430, 32
4115,434, 39
4116,442, 40
4117,447, 42
4118,457, 45
4119,462, 50
4120,458, 51
4121,455, 50
4122,436, 48
4123,427, 41
4124,409, 39
4125,382, 31
4126,384, 24
4127,349, 17
4128,325, 5
4129,310, 1
4130,283, 0
4131,170, 0
4132,80, 0
4133,41, 0
4134,36, 0
4135,57, 0
4136,89, 0
4137,95, 0
4138,95, 0
4139,63, 0
4140,26, 0
4141,3, 0
4142,0, 0
4143,4, 0
4144,10, 0
4145,19, 0
4146,48, 0
4147,45, 0
4148,73, 0
4149,102, 0
4150,111, 0
4151,123, 0
4152,142, 0
4153,160, 0
4154,175, 0
4155,170, 0
4156,143, 0
4157,123, 0
4158,100, 0
4159,65, 0
4160,67, 0
4161,79, 0
4162,108, 0
4163,91, 0
4164,64, 0
4165,11, 0
4166,47, 0
4167,164, 0
4168,249, 0
4169,294, 0
4170,318, 0
4171,342, 0
4172,368, 4
4173,387, 12
4174,407, 19
4175,417, 29
4176,416, 31
4177,424, 32
4178,435, 38
4179,437, 35
4180,447, 39
4181,439, 44
4182,438, 41
4183,430, 40
4184,423, 38
4185,409, 34
4186,386, 28
4187,390, 25
4188,344, 13
4189,328, 6
4190,309, 1
4191,274, 0
4192,186, 0
4193,115, 0
4194,73, 0
4195,57, 0
4196,84, 0
4197,129, 0
4198,158, 0
4199,164, 0
4200,148, 0
4201,124, 0
4202,111, 0
4203,76, 0
4204,35, 0
4205,13, 0
4206,0, 0
4207,1, 0
4208,15, 0
4209,42, 0
4210,76, 0
4211,70, 0
4212,76, 0
4213,93, 0
4214,117, 0
4215,139, 0
4216,107, 0
4217,60, 0
4218,21, 0
4219,17, 0
4220,0, 0
4221,0, 0
4222,50, 0
4223,106, 0
4224,121, 0
4225,112, 0
4226,83, 0
4227,12, 0
4228,45, 0
4229,133, 0
4230,190, 0
4231,243, 0
4232,312, 0
4233,379, 0
4234,427, 13
4235,464, 32
4236,477, 50
4237,465, 54
4238,475, 53
4239,486, 57
4240,482, 63
4241,494, 65
4242,473, 63
4243,439, 54
4244,418, 43
4245,389, 31
4246,369, 24
4247,328, 8
4248,316, 1
4249,249, 0
4250,248, 0
4251,241, 0
4252,199, 0
4253,143, 0
4254,83, 0
4255,64, 0
4256,73, 0
4257,86, 0
4258,120, 0
4259,136, 0
4260,125, 0
4261,133, 0
4262,119, 0
4263,111, 0
4264,73, 0
4265,29, 0
4266,1, 0
4267,0, 0
4268,0, 0
4269,5, 0
4270,0, 0
4271,0, 0
4272,3, 0
4273,0, 0
4274,4, 0
4275,35, 0
4276,58, 0
4277,51, 0
4278,19, 0
4279,0, 0
4280,0, 0
4281,6, 0
4282,9, 0
4283,0, 0
4284,15, 0
4285,57, 0
4286,76, 0
4287,78, 0
4288,20, 0
4289,34, 0
4290,111, 0
4291,163, 0
4292,183, 0
4293,232, 0
4294,272, 0
4295,304, 0
4296,332, 0
4297,344, 1
4298,339, 1
4299,359, 1
4300,374, 11
4301,399, 17
4302,415, 22
4303,416, 29
4304,415, 30
4305,409, 29
4306,407, 28
4307,383, 24
4308,371, 19
4309,361, 15
4310,349, 9
4311,332, 6
4312,325, 3
4313,295, 0
4314,218, 0
4315,147, 0
4316,100, 0
4317,85, 0
4318,84, 0
4319,121, 0
4320,148, 0
4321,164, 0
4322,136, 0
4323,99, 0
4324,63, 0
4325,12, 0
4326,0, 0
4327,12, 0
4328,47, 0
4329,74, 0
4330,92, 0
4331,121, 0
4332,145, 0
4333,168, 0
4334,170, 0
4335,204, 0
4336,232, 0
4337,231, 0
4338,202, 0
4339,141, 0
4340,89, 0
4341,54, 0
4342,4, 0
4343,0, 0
4344,0, 0
4345,1, 0
4346,0, 0
4347,1, 0
4348,37, 0
4349,148, 0
4350,252, 0
4351,318, 0
4352,348, 0
4353,348, 2
4354,371, 6
4355,395, 13
4356,411, 23
4357,421, 28
4358,414, 32
4359,407, 30
4360,417, 30
4361,439, 35
4362,452, 41
4363,457, 45
4364,439, 44
4365,420, 38
4366,403, 31
4367,395, 26
4368,405, 27
4369,384, 23
4370,357, 15
4371,331, 7
4372,310, 1
4373,294, 0
4374,252, 0
4375,176, 0
4376,122, 0
4377,124, 0
4378,145, 0
4379,185, 0
4380,214, 0
4381,198, 0
4382,182, 0
4383,138, 0
4384,95, 0
4385,58, 0
4386,9, 0
4387,0, 0
4388,0, 0
4389,0, 0
4390,0, 0
4391,0, 0
4392,25, 0
4393,95, 0
4394,151, 0
4395,207, 0
4396,236, 0
4397,252, 0
4398,245, 0
4399,202, 0
4400,152, 0
4401,96, 0
4402,62, 0
4403,24, 0
4404,6, 0
4405,8, 0
4406,7, 0
4407,0, 0
4408,0, 0
4409,10, 0
4410,62, 0
4411,143, 0
4412,183, 0
4413,180, 0
4414,200, 0
4415,222, 0
4416,263, 0
4417,300, 0
4418,318, 0
4419,348, 0
4420,364, 4
4421,380, 9
4422,394, 17
4423,388, 19
4424,374, 15
4425,349, 11
4426,323, 4
4427,287, 0
4428,284, 0
4429,280, 0
4430,271, 0
4431,270, 0
4432,267, 0
4433,273, 0
4434,244, 0
4435,175, 0
4436,56, 0
4437,1, 0
4438,0, 0
4439,20, 0
4440,69, 0
4441,127, 0
4442,159, 0
4443,152, 0
4444,135, 0
4445,115, 0
4446,85, 0
4447,34, 0
4448,4, 0
4449,73, 0
4450,137, 0
4451,157, 0
4452,151, 0
4453,124, 0
4454,83, 0
4455,53, 0
4456,26, 0
4457,37, 0
4458,27, 0
4459,8, 0
4460,0, 0
4461,27, 0
4462,72, 0
4463,93, 0
4464,138, 0
4465,157, 0
4466,144, 0
4467,154, 0
4468,198, 0
4469,251, 0
4470,322, 0
4471,391, 6
4472,457, 27
4473,483, 51
4474,468, 58
4475,450, 55
4476,373, 38
4477,325, 17
4478,281, 0
4479,247, 0
4480,267, 0
4481,289, 0
4482,360, 0
4483,430, 12
4484,499, 40
4485,548, 63
4486,570, 89
4487,564, 96
4488,529, 93
4489,510, 90
4490,475, 75
4491,417, 59
4492,379, 36
4493,292, 11
4494,252, 0
4495,237, 0
4496,204, 0
4497,158, 0
4498,133, 0
4499,148, 0
4500,183, 0
4501,238, 0
4502,274, 0
4503,267, 0
4504,224, 0
4505,171, 0
4506,130, 0
4507,71, 0
4508,11, 0
4509,21, 0
4510,76, 0
4511,149, 0
4512,165, 0
4513,205, 0
4514,210, 0
4515,177, 0
4516,139, 0
4517,109, 0
4518,87, 0
4519,71, 0
4520,59, 0
4521,47, 0
4522,46, 0
4523,63, 0
4524,103, 0
4525,154, 0
4526,238, 0
4527,348, 0
4528,398, 11
4529,386, 22
4530,323, 14
4531,207, 0
4532,41, 0
4533,71, 0
4534,168, 0
4535,204, 0
4536,247, 0
4537,256, 0
4538,257, 0
4539,258, 0
4540,263, 0
4541,266, 0
4542,280, 0
4543,313, 0
4544,361, 0
4545,414, 12
4546,458, 30
4547,480, 47
4548,488, 57
4549,482, 57
4550,487, 62
4551,517, 70
4552,485, 67
4553,438, 63
4554,374, 37
4555,295, 9
4556,229, 0
4557,161, 0
4558,72, 0
4559,15, 0
4560,11, 0
4561,44, 0
4562,113, 0
4563,197, 0
4564,254, 0
4565,295, 0
4566,322, 0
4567,343, 2
4568,337, 8
4569,273, 4
4570,197, 0
4571,147, 0
4572,97, 0
4573,47, 0
4574,2, 0
4575,20, 0
4576,34, 0
4577,6, 0
4578,5, 0
4579,6, 0
4580,0, 0
4581,2, 0
4582,28, 0
4583,55, 0
4584,47, 0
4585,19, 0
4586,0, 0
4587,9, 0
4588,0, 0
4589,9, 0
4590,94, 0
4591,188, 0
4592,239, 0
4593,276, 0
4594,204, 0
4595,116, 0
4596,34, 0
4597,8, 0
4598,41, 0
4599,83, 0
4600,76, 0
4601,44, 0
4602,11, 0
4603,3, 0
4604,15, 0
4605,61, 0
4606,119, 0
4607,138, 0
4608,118, 0
4609,70, 0
4610,19, 0
4611,10, 0
4612,5, 0
4613,19, 0
4614,6, 0
4615,0, 0
4616,15, 0
4617,78, 0
4618,110, 0
4619,103, 0
4620,115, 0
4621,152, 0
4622,172, 0
4623,227, 0
4624,262, 0
4625,284, 0
4626,274, 0
4627,265, 0
4628,281, 0
4629,312, 0
4630,325, 1
4631,316, 2
4632,313, 3
4633,304, 2
4634,256, 0
4635,203, 0
4636,110, 0
4637,31, 0
4638,12, 0
4639,101, 0
4640,183, 0
4641,221, 0
4642,220, 0
4643,180, 0
4644,102, 0
4645,13, 0
4646,20, 0
4647,109, 0
4648,151, 0
4649,108, 0
4650,84, 0
4651,84, 0
4652,132, 0
4653,230, 0
4654,368, 0
4655,524, 30
4656,623, 79
4657,653, 116
4658,678, 140
4659,673, 153
4660,677, 157
4661,657, 155
4662,632, 148
4663,613, 141
4664,585, 127
4665,540, 113
4666,488, 89
4667,423, 67
4668,367, 40
4669,255, 6
4670,140, 0
4671,81, 0
4672,99, 0
4673,163, 0
4674,232, 0
4675,286, 0
4676,263, 0
4677,191, 0
4678,108, 0
4679,27, 0
4680,4, 0
4681,38, 0
4682,62, 0
4683,90, 0
4684,94, 0
4685,121, 0
4686,179, 0
4687,257, 0
4688,332, 0
4689,380, 9
4690,400, 22
4691,428, 36
4692,476, 52
4693,524, 76
4694,555, 95
4695,547, 102
4696,500, 102
4697,434, 81
4698,355, 51
4699,256, 13
4700,156, 0
4701,54, 0
4702,13, 0
4703,76, 0
4704,139, 0
4705,189, 0
4706,214, 0
4707,217, 0
4708,206, 0
4709,141, 0
4710,21, 0
4711,32, 0
4712,57, 0
4713,17, 0
4714,51, 0
4715,206, 0
4716,334, 0
4717,387, 4
4718,425, 21
4719,439, 31
4720,466, 45
4721,498, 57
4722,514, 67
4723,542, 79
4724,612, 97
4725,689, 127
4726,780, 164
4727,877, 206
4728,966, 247
4729,1029, 287
4730,1078, 316
4731,1092, 338
4732,1057, 343
4733,1014, 337
4734,981, 328
4735,884, 301
4736,788, 268
4737,657, 221
4738,518, 157
4739,402, 95
4740,275, 38
4741,102, 0
4742,9, 0
4743,48, 0
4744,17, 0
4745,50, 0
4746,137, 0
4747,177, 0
4748,185, 0
4749,170, 0
4750,133, 0
4751,77, 0
4752,14, 0
4753,143, 0
4754,294, 0
4755,406, 7
4756,446, 32
4757,420, 47
4758,438, 55
4759,404, 53
4760,306, 29
4761,202, 0
4762,101, 0
4763,11, 0
4764,0, 0
4765,0, 0
4766,0, 0
4767,6, 0
4768,30, 0
4769,47, 0
4770,44, 0
4771,42, 0
4772,30, 0
4773,57, 0
4774,139, 0
4775,233, 0
4776,304, 0
4777,406, 4
4778,461, 29
4779,445, 41
4780,349, 28
4781,205, 1
4782,45, 0
4783,86, 0
4784,224, 0
4785,304, 0
4786,315, 0
4787,268, 0
4788,203, 0
4789,155, 0
4790,149, 0
4791,180, 0
4792,246, 0
4793,296, 0
4794,348, 0
4795,378, 6
4796,360, 10
4797,297, 3
4798,246, 0
4799,214, 0
4800,235, 0
4801,252, 0
4802,248, 0
4803,331, 0
4804,462, 17
4805,547, 57
4806,588, 92
4807,594, 111
4808,558, 115
4809,527, 108
4810,496, 92
4811,499, 88
4812,540, 91
4813,592, 108
4814,635, 132
4815,640, 147
4816,579, 143
4817,452, 109
4818,301, 57
4819,123, 5
4820,22, 0
4821,150, 0
4822,242, 0
4823,262, 0
4824,220, 0
4825,144, 0
4826,24, 0
4827,149, 0
4828,383, 0
4829,620, 52
4830,792, 136
4831,822, 197
4832,700, 202
4833,545, 165
4834,413, 108
4835,262, 41
4836,116, 0
4837,19, 0
4838,13, 0
4839,85, 0
4840,139, 0
4841,135, 0
4842,83, 0
4843,11, 0
4844,0, 0
4845,0, 0
4846,0, 0
4847,40, 0
4848,78, 0
4849,88, 0
4850,83, 0
4851,54, 0
4852,5, 0
4853,69, 0
4854,189, 0
4855,300, 0
4856,357, 0
4857,330, 1
4858,222, 0
4859,81, 0
4860,1, 0
4861,12, 0
4862,58, 0
4863,122, 0
4864,159, 0
4865,204, 0
4866,265, 0
4867,265, 0
4868,182, 0
4869,68, 0
4870,3, 0
4871,27, 0
4872,7, 0
4873,12, 0
4874,61, 0
4875,43, 0
4876,7, 0
4877,52, 0
4878,52, 0
4879,12, 0
4880,0, 0
4881,0, 0
4882,18, 0
4883,94, 0
4884,147, 0
4885,183, 0
4886,236, 0
4887,300, 0
4888,370, 6
4889,449, 27
4890,522, 58
4891,552, 86
4892,502, 90
4893,336, 62
4894,195, 8
4895,196, 0
4896,305, 0
4897,504, 21
4898,705, 91
4899,814, 159
4900,765, 197
4901,625, 180
4902,439, 119
4903,240, 45
4904,45, 0
4905,52, 0
4906,48, 0
4907,52, 0
4908,226, 0
4909,316, 0
4910,265, 0
4911,106, 0
4912,56, 0
4913,196, 0
4914,229, 0
4915,155, 0
4916,27, 0
4917,164, 0
4918,318, 0
4919,405, 6
4920,406, 21
4921,344, 17
4922,254, 3
4923,117, 0
4924,12, 0
4925,12, 0
4926,26, 0
4927,23, 0
4928,56, 0
4929,70, 0
4930,48, 0
4931,11, 0
4932,10, 0
4933,92, 0
4934,143, 0
4935,232, 0
4936,356, 0
4937,547, 39
4938,654, 97
4939,756, 158
4940,723, 189
4941,656, 184
4942,488, 144
4943,276, 71
4944,57, 2
4945,53, 0
4946,128, 0
4947,83, 0
4948,6, 0
4949,50, 0
4950,73, 0
4951,59, 0
4952,25, 0
4953,22, 0
4954,29, 0
4955,13, 0
4956,133, 0
4957,249, 0
4958,308, 0
4959,336, 0
4960,293, 0
4961,239, 0
4962,197, 0
4963,151, 0
4964,119, 0
4965,127, 0
4966,130, 0
4967,120, 0
4968,91, 0
4969,68, 0
4970,64, 0
4971,88, 0
4972,132, 0
4973,156, 0
4974,152, 0
4975,122, 0
4976,95, 0
4977,121, 0
4978,179, 0
4979,252, 0
4980,312, 0
4981,327, 0
4982,325, 0
4983,296, 0
4984,185, 0
4985,91, 0
4986,95, 0
4987,141, 0
4988,196, 0
4989,254, 0
4990,274, 0
4991,297, 0
4992,311, 0
4993,338, 3
4994,385, 12
4995,444, 32
4996,476, 53
4997,473, 67
4998,438, 63
4999,313, 38
5000,187, 3
5001,37, 0
5002,148, 0
5003,348, 0
5004,488, 26
5005,533, 69
5006,493, 81
5007,351, 61
5008,187, 12
5009,70, 0
5010,6, 0
5011,0, 0
5012,0, 0
5013,2, 0
5014,18, 0
5015,38, 0
5016,120, 0
5017,229, 0
5018,355, 0
5019,497, 25
5020,645, 81
5021,720, 131
5022,689, 158
5023,589, 147
5024,457, 106
5025,348, 54
5026,317, 18
5027,331, 3
5028,382, 9
5029,433, 22
5030,481, 40
5031,535, 64
5032,569, 83
5033,588, 99
5034,600, 108
5035,619, 121
5036,622, 128
5037,597, 126
5038,582, 122
5039,557, 115
5040,552, 106
5041,555, 101
5042,585, 111
5043,610, 117
5044,613, 127
5045,555, 119
5046,522, 105
5047,553, 99
5048,596, 109
5049,598, 124
5050,569, 123
5051,420, 95
5052,172, 25
5053,38, 0
5054,159, 0
5055,151, 0
5056,65, 0
5057,7, 0
5058,120, 0
5059,256, 0
5060,343, 0
5061,423, 19
5062,466, 45
5063,468, 57
5064,465, 64
5065,452, 69
5066,364, 47
5067,139, 7
5068,81, 0
5069,300, 0
5070,436, 13
5071,479, 45
5072,463, 63
5073,360, 45
5074,207, 9
5075,70, 0
5076,4, 0
5077,67, 0
5078,160, 0
5079,215, 0
5080,343, 0
5081,490, 19
5082,605, 69
5083,639, 111
5084,598, 121
5085,530, 107
5086,438, 81
5087,333, 39
5088,161, 3
5089,45, 0
5090,237, 0
5091,409, 0
5092,477, 27
5093,393, 32
5094,238, 6
5095,54, 0
5096,87, 0
5097,241, 0
5098,344, 0
5099,401, 4
5100,456, 29
5101,515, 51
5102,612, 89
5103,662, 121
5104,666, 139
5105,607, 141
5106,416, 102
5107,202, 28
5108,94, 0
5109,80, 0
5110,72, 0
5111,51, 0
5112,25, 0
5113,211, 0
5114,368, 0
5115,450, 24
5116,454, 47
5117,389, 44
5118,277, 19
5119,123, 0
5120,77, 0
5121,300, 0
5122,453, 12
5123,428, 42
5124,173, 13
5125,136, 0
5126,399, 2
5127,527, 42
5128,549, 80
5129,469, 85
5130,338, 58
5131,187, 7
5132,50, 0
5133,0, 0
5134,0, 0
5135,0, 0
5136,14, 0
5137,89, 0
5138,204, 0
5139,379, 0
5140,582, 42
5141,692, 107
5142,653, 139
5143,570, 131
5144,465, 102
5145,338, 58
5146,196, 7
5147,31, 0
5148,175, 0
5149,363, 0
5150,490, 20
5151,545, 56
5152,529, 74
5153,485, 76
5154,447, 61
5155,456, 50
5156,512, 57
5157,576, 84
5158,594, 102
5159,559, 105
5160,505, 94
5161,408, 67
5162,280, 22
5163,132, 0
5164,20, 0
5165,32, 0
5166,100, 0
5167,180, 0
5168,185, 0
5169,99, 0
5170,10, 0
5171,9, 0
5172,39, 0
5173,32, 0
5174,25, 0
5175,61, 0
5176,118, 0
5177,168, 0
5178,198, 0
5179,176, 0
5180,127, 0
5181,80, 0
5182,50, 0
5183,52, 0
5184,124, 0
5185,210, 0
5186,282, 0
5187,332, 0
5188,326, 5
5189,277, 1
5190,256, 0
5191,240, 0
5192,223, 0
5193,192, 0
5194,124, 0
5195,25, 0
5196,4, 0
5197,64, 0
5198,83, 0
5199,31, 0
5200,19, 0
5201,79, 0
5202,121, 0
5203,133, 0
5204,106, 0
5205,108, 0
5206,171, 0
5207,263, 0
5208,357, 0
5209,411, 10
5210,476, 31
5211,555, 63
5212,642, 100
5213,713, 137
5214,753, 169
5215,739, 183
5216,665, 170
5217,555, 140
5218,449, 99
5219,371, 54
5220,344, 25
5221,379, 19
5222,417, 21
5223,437, 37
5224,420, 41
5225,377, 31
5226,296, 10
5227,222, 0
5228,115, 0
5229,60, 0
5230,76, 0
5231,55, 0
5232,21, 0
5233,42, 0
5234,20, 0
5235,30, 0
5236,83, 0
5237,128, 0
5238,189, 0
5239,258, 0
5240,276, 0
5241,234, 0
5242,126, 0
5243,11, 0
5244,47, 0
5245,85, 0
5246,87, 0
5247,108, 0
5248,130, 0
5249,203, 0
5250,275, 0
5251,319, 0
5252,300, 2
5253,231, 0
5254,115, 0
5255,24, 0
5256,0, 0
5257,21, 0
5258,144, 0
5259,271, 0
5260,292, 0
5261,211, 0
5262,75, 0
5263,118, 0
5264,369, 0
5265,540, 30
5266,622, 81
5267,614, 111
5268,562, 111
5269,457, 89
5270,357, 50
5271,244, 7
5272,180, 0
5273,159, 0
5274,171, 0
5275,212, 0
5276,264, 0
5277,281, 0
5278,294, 0
5279,307, 0
5280,339, 0
5281,377, 3
5282,425, 19
5283,435, 36
5284,401, 32
5285,325, 20
5286,213, 0
5287,121, 0
5288,75, 0
5289,25, 0
5290,4, 0
5291,39, 0
5292,117, 0
5293,254, 0
5294,430, 5
5295,555, 51
5296,649, 101
5297,689, 139
5298,631, 155
5299,457, 123
5300,183, 42
5301,32, 0
5302,182, 0
5303,222, 0
5304,201, 0
5305,113, 0
5306,7, 0
5307,40, 0
5308,87, 0
5309,72, 0
5310,25, 0
5311,38, 0
5312,74, 0
5313,65, 0
5314,11, 0
5315,83, 0
5316,204, 0
5317,291, 0
5318,371, 2
5319,300, 6
5320,92, 0
5321,161, 0
5322,452, 4
5323,607, 59
5324,557, 93
5325,356, 68
5326,136, 8
5327,15, 0
5328,93, 0
5329,139, 0
5330,143, 0
5331,117, 0
5332,53, 0
5333,15, 0
5334,48, 0
5335,176, 0
5336,385, 0
5337,562, 34
5338,683, 92
5339,705, 139
5340,648, 149
5341,494, 121
5342,300, 61
5343,89, 1
5344,51, 0
5345,167, 0
5346,192, 0
5347,129, 0
5348,46, 0
5349,0, 0
5350,15, 0
5351,21, 0
5352,1, 0
5353,38, 0
5354,128, 0
5355,267, 0
5356,345, 0
5357,362, 6
5358,325, 6
5359,232, 0
5360,129, 0
5361,14, 0
5362,86, 0
5363,158, 0
5364,199, 0
5365,239, 0
5366,240, 0
5367,175, 0
5368,47, 0
5369,45, 0
5370,157, 0
5371,216, 0
5372,259, 0
5373,341, 0
5374,439, 23
5375,541, 61
5376,610, 97
5377,620, 126
5378,542, 125
5379,399, 91
5380,154, 21
5381,72, 0
5382,265, 0
5383,361, 0
5384,364, 6
5385,221, 1
5386,31, 0
5387,70, 0
5388,126, 0
5389,102, 0
5390,41, 0
5391,23, 0
5392,22, 0
5393,71, 0
5394,159, 0
5395,254, 0
5396,325, 0
5397,376, 2
5398,420, 15
5399,439, 29
5400,457, 42
5401,447, 44
5402,398, 38
5403,337, 20
5404,266, 2
5405,201, 0
5406,158, 0
5407,148, 0
5408,165, 0
5409,195, 0
5410,257, 0
5411,218, 0
5412,170, 0
5413,153, 0
5414,144, 0
5415,173, 0
5416,262, 0
5417,298, 0
5418,371, 2
5419,405, 19
5420,417, 31
5421,411, 39
5422,377, 36
5423,315, 19
5424,235, 1
5425,172, 0
5426,104, 0
5427,34, 0
5428,6, 0
5429,0, 0
5430,0, 0
5431,23, 0
5432,62, 0
5433,119, 0
5434,180, 0
5435,210, 0
5436,166, 0
5437,76, 0
5438,42, 0
5439,205, 0
5440,318, 0
5441,390, 6
5442,403, 24
5443,341, 20
5444,244, 3
5445,158, 0
5446,31, 0
5447,22, 0
5448,72, 0
5449,68, 0
5450,75, 0
5451,90, 0
5452,189, 0
5453,300, 0
5454,416, 2
5455,519, 37
5456,582, 76
5457,582, 96
5458,569, 105
5459,504, 92
5460,414, 62
5461,368, 38
5462,343, 18
5463,330, 5
5464,349, 6
5465,371, 10
5466,385, 13
5467,420, 25
5468,509, 48
5469,596, 77
5470,639, 115
5471,638, 135
5472,517, 119
5473,398, 78
5474,330, 38
5475,266, 9
5476,145, 0
5477,31, 0
5478,71, 0
5479,131, 0
5480,91, 0
5481,63, 0
5482,26, 0
5483,67, 0
5484,160, 0
5485,257, 0
5486,330, 0
5487,336, 4
5488,261, 0
5489,186, 0
5490,164, 0
5491,168, 0
5492,185, 0
5493,207, 0
5494,189, 0
5495,112, 0
5496,19, 0
5497,31, 0
5498,111, 0
5499,177, 0
5500,212, 0
5501,255, 0
5502,229, 0
5503,177, 0
5504,158, 0
5505,186, 0
5506,317, 0
5507,586, 34
5508,854, 132
5509,1041, 229
5510,1125, 300
5511,1058, 330
5512,862, 311
5513,594, 234
5514,283, 118
5515,39, 8
5516,120, 0
5517,150, 0
5518,65, 0
5519,55, 0
5520,214, 0
5521,270, 0
5522,258, 0
5523,226, 0
5524,151, 0
5525,43, 0
5526,40, 0
5527,88, 0
5528,85, 0
5529,11, 0
5530,80, 0
5531,240, 0
5532,361, 0
5533,347, 1
5534,299, 1
5535,216, 0
5536,89, 0
5537,1, 0
5538,14, 0
5539,75, 0
5540,179, 0
5541,310, 0
5542,445, 12
5543,512, 52
5544,480, 70
5545,365, 55
5546,204, 12
5547,68, 0
5548,13, 0
5549,6, 0
5550,25, 0
5551,56, 0
5552,41, 0
5553,9, 0
5554,0, 0
5555,1, 0
5556,51, 0
5557,125, 0
5558,196, 0
5559,269, 0
5560,324, 0
5561,375, 7
5562,395, 23
5563,305, 13
5564,155, 0
5565,22, 0
5566,153, 0
5567,293, 0
5568,268, 0
5569,131, 0
5570,13, 0
5571,129, 0
5572,218, 0
5573,276, 0
5574,308, 0
5575,337, 0
5576,356, 2
5577,367, 8
5578,372, 10
5579,385, 12
5580,447, 28
5581,529, 51
5582,597, 83
5583,652, 111
5584,667, 138
5585,654, 143
5586,539, 127
5587,438, 91
5588,360, 46
5589,296, 17
5590,263, 0
5591,249, 0
5592,277, 0
5593,300, 0
5594,246, 0
5595,182, 0
5596,141, 0
5597,124, 0
5598,145, 0
5599,153, 0
5600,128, 0
5601,91, 0
5602,62, 0
5603,12, 0
5604,19, 0
5605,112, 0
5606,221, 0
5607,267, 0
5608,248, 0
5609,188, 0
5610,89, 0
5611,7, 0
5612,6, 0
5613,0, 0
5614,0, 0
5615,43, 0
5616,115, 0
5617,145, 0
5618,153, 0
5619,124, 0
5620,76, 0
5621,68, 0
5622,50, 0
5623,46, 0
5624,69, 0
5625,57, 0
5626,6, 0
5627,80, 0
5628,188, 0
5629,346, 0
5630,461, 17
5631,517, 46
5632,500, 68
5633,488, 68
5634,468, 60
5635,446, 54
5636,427, 46
5637,447, 43
5638,503, 54
5639,553, 72
5640,601, 93
5641,653, 121
5642,706, 145
5643,702, 160
5644,607, 148
5645,446, 107
5646,276, 40
5647,172, 0
5648,145, 0
5649,208, 0
5650,354, 0
5651,481, 20
5652,519, 55
5653,466, 62
5654,305, 32
5655,63, 0
5656,51, 0
5657,148, 0
5658,217, 0
5659,240, 0
5660,222, 0
5661,164, 0
5662,109, 0
5663,60, 0
5664,35, 0
5665,31, 0
5666,70, 0
5667,139, 0
5668,203, 0
5669,227, 0
5670,232, 0
5671,227, 0
5672,226, 0
5673,235, 0
5674,206, 0
5675,180, 0
5676,174, 0
5677,121, 0
5678,32, 0
5679,34, 0
5680,161, 0
5681,276, 0
5682,391, 6
5683,434, 29
5684,398, 40
5685,180, 11
5686,63, 0
5687,264, 0
5688,409, 4
5689,420, 27
5690,246, 9
5691,42, 0
5692,211, 0
5693,409, 0
5694,524, 34
5695,541, 68
5696,512, 76
5697,472, 73
5698,461, 58
5699,496, 62
5700,519, 71
5701,494, 71
5702,411, 58
5703,317, 25
5704,244, 1
5705,217, 0
5706,242, 0
5707,330, 0
5708,460, 13
5709,612, 60
5710,706, 116
5711,806, 170
5712,813, 203
5713,780, 211
5714,711, 204
5715,587, 171
5716,342, 102
5717,85, 12
5718,63, 0
5719,184, 0
5720,196, 0
5721,117, 0
5722,84, 0
5723,138, 0
5724,258, 0
5725,371, 0
5726,402, 18
5727,387, 28
5728,318, 18
5729,224, 2
5730,141, 0
5731,87, 0
5732,30, 0
5733,0, 0
5734,0, 0
5735,1, 0
5736,50, 0
5737,133, 0
5738,190, 0
5739,196, 0
5740,163, 0
5741,109, 0
5742,53, 0
5743,3, 0
5744,72, 0
5745,139, 0
5746,158, 0
5747,144, 0
5748,141, 0
5749,148, 0
5750,145, 0
5751,202, 0
5752,244, 0
5753,273, 0
5754,297, 0
5755,331, 0
5756,409, 9
5757,469, 31
5758,499, 53
5759,529, 67
5760,529, 80
5761,519, 85
5762,469, 72
5763,409, 55
5764,351, 27
5765,289, 5
5766,275, 0
5767,270, 0
5768,312, 0
5769,381, 1
5770,446, 20
5771,481, 44
5772,497, 61
5773,455, 63
5774,362, 39
5775,253, 11
5776,104, 0
5777,14, 0
5778,70, 0
5779,68, 0
5780,39, 0
5781,4, 0
5782,62, 0
5783,123, 0
5784,173, 0
5785,183, 0
5786,193, 0
5787,172, 0
5788,133, 0
5789,76, 0
5790,15, 0
5791,17, 0
5792,92, 0
5793,140, 0
5794,163, 0
5795,156, 0
5796,122, 0
5797,62, 0
5798,12, 0
5799,12, 0
5800,68, 0
5801,95, 0
5802,83, 0
5803,89, 0
5804,91, 0
5805,93, 0
5806,44, 0
5807,19, 0
5808,108, 0
5809,127, 0
5810,94, 0
5811,19, 0
5812,119, 0
5813,224, 0
5814,286, 0
5815,313, 0
5816,344, 0
5817,405, 8
5818,484, 31
5819,558, 64
5820,628, 95
5821,673, 128
5822,684, 145
5823,612, 145
5824,462, 108
5825,269, 41
5826,109, 0
5827,26, 0
5828,14, 0
5829,39, 0
5830,84, 0
5831,108, 0
5832,126, 0
5833,167, 0
5834,204, 0
5835,243, 0
5836,290, 0
5837,326, 0
5838,325, 1
5839,330, 3
5840,368, 9
5841,385, 17
5842,426, 26
5843,465, 47
5844,438, 50
5845,337, 36
5846,151, 3
5847,19, 0
5848,88, 0
5849,138, 0
5850,137, 0
5851,102, 0
5852,48, 0
5853,13, 0
5854,23, 0
5855,92, 0
5856,149, 0
5857,139, 0
5858,86, 0
5859,65, 0
5860,87, 0
5861,139, 0
5862,210, 0
5863,265, 0
5864,307, 0
5865,308, 0
5866,294, 0
5867,284, 0
5868,270, 0
5869,156, 0
5870,21, 0
5871,89, 0
5872,238, 0
5873,411, 2
5874,513, 35
5875,518, 64
5876,432, 62
5877,285, 24
5878,133, 0
5879,89, 0
5880,100, 0
5881,148, 0
5882,203, 0
5883,238, 0
5884,287, 0
5885,347, 0
5886,416, 11
5887,473, 31
5888,504, 52
5889,487, 63
5890,403, 48
5891,328, 25
5892,281, 5
5893,294, 0
5894,346, 0
5895,382, 7
5896,398, 19
5897,403, 25
5898,351, 21
5899,243, 2
5900,173, 0
5901,127, 0
5902,65, 0
5903,36, 0
5904,2, 0
5905,12, 0
5906,60, 0
5907,74, 0
5908,97, 0
5909,116, 0
5910,126, 0
5911,151, 0
5912,152, 0
5913,152, 0
5914,149, 0
5915,128, 0
5916,86, 0
5917,44, 0
5918,0, 0
5919,7, 0
5920,12, 0
5921,11, 0
5922,3, 0
5923,0, 0
5924,0, 0
5925,0, 0
5926,0, 0
5927,3, 0
5928,0, 0
5929,7, 0
5930,12, 0
5931,0, 0
5932,39, 0
5933,163, 0
5934,354, 0
5935,502, 22
5936,590, 71
5937,645, 106
5938,653, 133
5939,630, 139
5940,571, 129
5941,515, 107
5942,467, 83
5943,457, 63
5944,473, 56
5945,495, 63
5946,527, 71
5947,524, 80
5948,500, 76
5949,463, 67
5950,385, 45
5951,289, 12
5952,214, 0
5953,151, 0
5954,83, 0
5955,8, 0
5956,6, 0
5957,10, 0
5958,0, 0
5959,2, 0
5960,1, 0
5961,26, 0
5962,37, 0
5963,20, 0
5964,50, 0
5965,79, 0
5966,72, 0
5967,51, 0
5968,8, 0
5969,0, 0
5970,10, 0
5971,25, 0
5972,44, 0
5973,58, 0
5974,55, 0
5975,34, 0
5976,6, 0
5977,4, 0
5978,28, 0
5979,20, 0
5980,3, 0
5981,9, 0
5982,32, 0
5983,36, 0
5984,13, 0
5985,1, 0
5986,7, 0
5987,6, 0
5988,6, 0
5989,41, 0
5990,77, 0
5991,159, 0
5992,264, 0
5993,364, 0
5994,402, 9
5995,401, 27
5996,278, 10
5997,92, 0
5998,12, 0
5999,48, 0
6000,11, 0
6001,83, 0
6002,179, 0
6003,237, 0
6004,261, 0
6005,266, 0
6006,287, 0
6007,331, 0
6008,361, 0
6009,387, 7
6010,403, 19
6011,446, 30
6012,467, 44
6013,479, 57
6014,486, 58
6015,472, 62
6016,462, 60
6017,409, 51
6018,355, 29
6019,291, 9
6020,172, 0
6021,39, 0
6022,0, 0
6023,0, 0
6024,4, 0
6025,84, 0
6026,145, 0
6027,151, 0
6028,120, 0
6029,44, 0
6030,2, 0
6031,19, 0
6032,63, 0
6033,89, 0
6034,93, 0
6035,83, 0
6036,75, 0
6037,69, 0
6038,73, 0
6039,85, 0
6040,51, 0
6041,51, 0
6042,68, 0
6043,78, 0
6044,80, 0
6045,67, 0
6046,41, 0
6047,28, 0
6048,4, 0
6049,2, 0
6050,17, 0
6051,15, 0
6052,68, 0
6053,150, 0
6054,217, 0
6055,294, 0
6056,379, 2
6057,348, 8
6058,244, 0
6059,155, 0
6060,125, 0
6061,174, 0
6062,246, 0
6063,318, 0
6064,374, 0
6065,419, 18
6066,438, 28
6067,439, 38
6068,433, 39
6069,403, 34
6070,379, 25
6071,364, 18
6072,360, 11
6073,361, 8
6074,375, 10
6075,380, 14
6076,376, 15
6077,388, 19
6078,399, 23
6079,420, 28
6080,446, 38
6081,396, 37
6082,312, 18
6083,270, 0
6084,234, 0
6085,177, 0
6086,139, 0
6087,78, 0
6088,11, 0
6089,0, 0
6090,22, 0
6091,53, 0
6092,121, 0
6093,170, 0
6094,182, 0
6095,159, 0
6096,138, 0
6097,133, 0
6098,133, 0
6099,119, 0
6100,92, 0
6101,39, 0
6102,15, 0
6103,19, 0
6104,34, 0
6105,62, 0
6106,77, 0
6107,76, 0
6108,72, 0
6109,53, 0
6110,55, 0
6111,65, 0
6112,105, 0
6113,101, 0
6114,38, 0
6115,1, 0
6116,77, 0
6117,220, 0
6118,314, 0
6119,357, 0
6120,380, 7
6121,403, 18
6122,427, 23
6123,461, 40
6124,458, 50
6125,420, 43
6126,374, 31
6127,326, 14
6128,300, 2
6129,312, 0
6130,330, 0
6131,351, 0
6132,393, 9
6133,394, 19
6134,420, 24
6135,439, 37
6136,439, 44
6137,426, 39
6138,420, 41
6139,362, 30
6140,301, 7
6141,207, 0
6142,74, 0
6143,31, 0
6144,36, 0
6145,21, 0
6146,1, 0
6147,28, 0
6148,77, 0
6149,93, 0
6150,94, 0
6151,92, 0
6152,93, 0
6153,99, 0
6154,83, 0
6155,67, 0
6156,38, 0
6157,7, 0
6158,0, 0
6159,0, 0
6160,6, 0
6161,5, 0
6162,0, 0
6163,1, 0
6164,42, 0
6165,116, 0
6166,172, 0
6167,192, 0
6168,158, 0
6169,90, 0
6170,31, 0
6171,1, 0
6172,0, 0
6173,1, 0
6174,7, 0
6175,0, 0
6176,6, 0
6177,74, 0
6178,191, 0
6179,244, 0
6180,251, 0
6181,260, 0
6182,294, 0
6183,340, 0
6184,411, 8
6185,451, 27
6186,464, 40
6187,462, 48
6188,433, 43
6189,385, 36
6190,333, 17
6191,284, 1
6192,278, 0
6193,305, 0
6194,385, 3
6195,468, 23
6196,543, 60
6197,578, 88
6198,556, 99
6199,460, 87
6200,315, 45
6201,151, 2
6202,14, 0
6203,75, 0
6204,145, 0
6205,117, 0
6206,52, 0
6207,6, 0
6208,25, 0
6209,60, 0
6210,70, 0
6211,75, 0
6212,63, 0
6213,56, 0
6214,36, 0
6215,26, 0
6216,17, 0
6217,18, 0
6218,27, 0
6219,36, 0
6220,53, 0
6221,41, 0
6222,25, 0
6223,3, 0
6224,0, 0
6225,30, 0
6226,70, 0
6227,90, 0
6228,96, 0
6229,51, 0
6230,13, 0
6231,0, 0
6232,6, 0
6233,29, 0
6234,118, 0
6235,160, 0
6236,143, 0
6237,120, 0
6238,23, 0
6239,84, 0
6240,207, 0
6241,308, 0
6242,394, 3
6243,465, 25
6244,519, 51
6245,564, 76
6246,566, 94
6247,540, 92
6248,498, 87
6249,446, 71
6250,417, 48
6251,428, 42
6252,441, 41
6253,430, 42
6254,403, 37
6255,315, 17
6256,223, 0
6257,153, 0
6258,109, 0
6259,99, 0
6260,124, 0
6261,148, 0
6262,172, 0
6263,183, 0
6264,120, 0
6265,56, 0
6266,46, 0
6267,56, 0
6268,74, 0
6269,122, 0
6270,141, 0
6271,139, 0
6272,126, 0
6273,133, 0
6274,107, 0
6275,83, 0
6276,30, 0
6277,7, 0
6278,2, 0
6279,23, 0
6280,22, 0
6281,42, 0
6282,28, 0
6283,18, 0
6284,3, 0
6285,6, 0
6286,32, 0
6287,44, 0
6288,44, 0
6289,31, 0
6290,10, 0
6291,6, 0
6292,0, 0
6293,0, 0
6294,0, 0
6295,29, 0
6296,29, 0
6297,4, 0
6298,1, 0
6299,79, 0
6300,201, 0
6301,270, 0
6302,300, 0
6303,326, 0
6304,352, 2
6305,373, 3
6306,389, 11
6307,391, 19
6308,404, 22
6309,414, 27
6310,411, 28
6311,415, 28
6312,423, 31
6313,439, 38
6314,430, 39
6315,433, 38
6316,416, 39
6317,415, 34
6318,381, 24
6319,371, 21
6320,343, 12
6321,332, 6
6322,325, 3
6323,309, 0
6324,287, 0
6325,189, 0
6326,105, 0
6327,69, 0
6328,58, 0
6329,61, 0
6330,91, 0
6331,99, 0
6332,85, 0
6333,69, 0
6334,35, 0
6335,6, 0
6336,6, 0
6337,2, 0
6338,25, 0
6339,23, 0
6340,38, 0
6341,39, 0
6342,34, 0
6343,32, 0
6344,12, 0
6345,0, 0
6346,7, 0
6347,0, 0
6348,0, 0
6349,11, 0
6350,30, 0
6351,61, 0
6352,96, 0
6353,116, 0
6354,136, 0
6355,81, 0
6356,8, 0
6357,102, 0
6358,218, 0
6359,282, 0
6360,222, 0
6361,75, 0
6362,31, 0
6363,121, 0
6364,215, 0
6365,271, 0
6366,315, 0
6367,355, 0
6368,373, 6
6369,409, 15
6370,399, 20
6371,400, 21
6372,408, 26
6373,424, 28
6374,433, 37
6375,420, 34
6376,409, 32
6377,401, 28
6378,398, 25
6379,374, 21
6380,357, 18
6381,323, 6
6382,313, 1
6383,292, 0
6384,267, 0
6385,223, 0
6386,116, 0
6387,48, 0
6388,20, 0
6389,23, 0
6390,50, 0
6391,97, 0
6392,115, 0
6393,105, 0
6394,83, 0
6395,58, 0
6396,36, 0
6397,6, 0
6398,0, 0
6399,0, 0
6400,0, 0
6401,3, 0
6402,22, 0
6403,35, 0
6404,52, 0
6405,57, 0
6406,43, 0
6407,46, 0
6408,64, 0
6409,63, 0
6410,58, 0
6411,38, 0
6412,19, 0
6413,9, 0
6414,0, 0
6415,0, 0
6416,6, 0
6417,38, 0
6418,40, 0
6419,10, 0
6420,1, 0
6421,81, 0
6422,206, 0
6423,280, 0
6424,322, 0
6425,349, 0
6426,371, 6
6427,391, 12
6428,408, 21
6429,411, 24
6430,404, 26
6431,402, 30
6432,393, 25
6433,386, 22
6434,389, 20
6435,395, 22
6436,403, 21
6437,393, 24
6438,394, 21
6439,398, 20
6440,378, 20
6441,374, 17
6442,339, 11
6443,332, 4
6444,306, 1
6445,282, 0
6446,239, 0
6447,149, 0
6448,72, 0
6449,48, 0
6450,53, 0
6451,67, 0
6452,96, 0
6453,94, 0
6454,70, 0
6455,38, 0
6456,25, 0
6457,6, 0
6458,0, 0
6459,0, 0
6460,9, 0
6461,32, 0
6462,28, 0
6463,41, 0
6464,53, 0
6465,63, 0
6466,63, 0
6467,56, 0
6468,67, 0
6469,84, 0
6470,86, 0
6471,70, 0
6472,44, 0
6473,27, 0
6474,1, 0
6475,0, 0
6476,0, 0
6477,6, 0
6478,36, 0
6479,36, 0
6480,1, 0
6481,8, 0
6482,118, 0
6483,244, 0
6484,311, 0
6485,337, 0
6486,348, 2
6487,347, 2
6488,348, 2
6489,355, 4
6490,355, 7
6491,357, 4
6492,370, 11
6493,377, 13
6494,393, 18
6495,415, 25
6496,430, 30
6497,438, 35
6498,450, 43
6499,457, 45
6500,438, 42
6501,427, 42
6502,402, 37
6503,351, 22
6504,306, 9
6505,261, 0
6506,223, 0
6507,187, 0
6508,93, 0
6509,20, 0
6510,5, 0
6511,13, 0
6512,45, 0
6513,77, 0
6514,88, 0
6515,80, 0
6516,69, 0
6517,44, 0
6518,25, 0
6519,2, 0
6520,19, 0
6521,0, 0
6522,1, 0
6523,8, 0
6524,23, 0
6525,37, 0
6526,52, 0
6527,63, 0
6528,69, 0
6529,76, 0
6530,89, 0
6531,86, 0
6532,57, 0
6533,52, 0
6534,17, 0
6535,1, 0
6536,0, 0
6537,3, 0
6538,9, 0
6539,44, 0
6540,42, 0
6541,14, 0
6542,4, 0
6543,89, 0
6544,220, 0
6545,273, 0
6546,297, 0
6547,315, 0
6548,352, 0
6549,363, 2
6550,396, 9
6551,384, 18
6552,391, 19
6553,403, 23
6554,407, 27
6555,410, 28
6556,426, 31
6557,427, 37
6558,419, 31
6559,415, 38
6560,402, 29
6561,368, 24
6562,363, 17
6563,342, 9
6564,312, 1
6565,301, 0
6566,282, 0
6567,266, 0
6568,232, 0
6569,139, 0
6570,62, 0
6571,38, 0
6572,38, 0
6573,57, 0
6574,108, 0
6575,124, 0
6576,121, 0
6577,97, 0
6578,70, 0
6579,35, 0
6580,6, 0
6581,0, 0
6582,0, 0
6583,29, 0
6584,12, 0
6585,28, 0
6586,34, 0
6587,44, 0
6588,44, 0
6589,39, 0
6590,51, 0
6591,70, 0
6592,61, 0
6593,46, 0
6594,32, 0
6595,25, 0
6596,5, 0
6597,0, 0
6598,0, 0
6599,24, 0
6600,71, 0
6601,63, 0
6602,25, 0
6603,5, 0
6604,93, 0
6605,201, 0
6606,261, 0
6607,287, 0
6608,325, 0
6609,326, 0
6610,348, 0
6611,376, 6
6612,384, 11
6613,390, 14
6614,395, 21
6615,402, 25
6616,402, 24
6617,421, 31
6618,420, 35
6619,413, 31
6620,403, 29
6621,391, 26
6622,369, 19
6623,369, 14
6624,337, 9
6625,313, 1
6626,305, 0
6627,293, 0
6628,268, 0
6629,227, 0
6630,139, 0
6631,67, 0
6632,45, 0
6633,43, 0
6634,68, 0
6635,103, 0
6636,112, 0
6637,104, 0
6638,75, 0
6639,63, 0
6640,31, 0
6641,4, 0
6642,0, 0
6643,0, 0
6644,8, 0
6645,18, 0
6646,25, 0
6647,42, 0
6648,54, 0
6649,54, 0
6650,47, 0
6651,56, 0
6652,70, 0
6653,68, 0
6654,58, 0
6655,40, 0
6656,24, 0
6657,12, 0
6658,0, 0
6659,13, 0
6660,31, 0
6661,51, 0
6662,34, 0
6663,6, 0
6664,7, 0
6665,113, 0
6666,223, 0
6667,285, 0
6668,304, 0
6669,326, 0
6670,347, 1
6671,381, 5
6672,400, 15
6673,401, 22
6674,403, 24
6675,414, 31
6676,414, 30
6677,420, 29
6678,433, 38
6679,433, 41
6680,426, 38
6681,411, 38
6682,405, 32
6683,401, 28
6684,379, 24
6685,355, 19
6686,326, 7
6687,312, 1
6688,292, 0
6689,271, 0
6690,218, 0
6691,102, 0
6692,62, 0
6693,27, 0
6694,26, 0
6695,53, 0
6696,95, 0
6697,107, 0
6698,101, 0
6699,69, 0
6700,51, 0
6701,25, 0
6702,1, 0
6703,0, 0
6704,11, 0
6705,8, 0
6706,25, 0
6707,36, 0
6708,51, 0
6709,58, 0
6710,60, 0
6711,53, 0
6712,70, 0
6713,77, 0
6714,84, 0
6715,64, 0
6716,50, 0
6717,27, 0
6718,7, 0
6719,0, 0
6720,0, 0
6721,25, 0
6722,55, 0
6723,54, 0
6724,22, 0
6725,2, 0
6726,106, 0
6727,208, 0
6728,269, 0
6729,282, 0
6730,322, 0
6731,342, 0
6732,352, 2
6733,380, 7
6734,396, 13
6735,399, 19
6736,409, 24
6737,408, 26
6738,416, 26
6739,427, 31
6740,423, 34
6741,424, 32
6742,418, 38
6743,403, 30
6744,379, 23
6745,361, 17
6746,338, 12
6747,318, 1
6748,299, 0
6749,279, 0
6750,266, 0
6751,217, 0
6752,121, 0
6753,52, 0
6754,29, 0
6755,27, 0
6756,59, 0
6757,101, 0
6758,103, 0
6759,101, 0
6760,77, 0
6761,57, 0
6762,20, 0
6763,0, 0
6764,0, 0
6765,6, 0
6766,11, 0
6767,23, 0
6768,38, 0
6769,56, 0
6770,52, 0
6771,57, 0
6772,51, 0
6773,58, 0
6774,76, 0
6775,76, 0
6776,61, 0
6777,39, 0
6778,40, 0
6779,3, 0
6780,0, 0
6781,2, 0
6782,34, 0
6783,44, 0
6784,35, 0
6785,4, 0
6786,6, 0
6787,102, 0
6788,208, 0
6789,264, 0
6790,291, 0
6791,314, 0
6792,336, 0
6793,368, 2
6794,391, 11
6795,403, 19
6796,407, 22
6797,415, 28
6798,419, 28
6799,420, 28
6800,430, 35
6801,431, 38
6802,420, 34
6803,400, 30
6804,398, 25
6805,387, 23
6806,368, 18
6807,347, 12
6808,321, 3
6809,307, 1
6810,291, 0
6811,277, 0
6812,233, 0
6813,121, 0
6814,57, 0
6815,39, 0
6816,44, 0
6817,83, 0
6818,118, 0
6819,121, 0
6820,102, 0
6821,79, 0
6822,55, 0
6823,28, 0
6824,0, 0
6825,0, 0
6826,4, 0
6827,12, 0
6828,22, 0
6829,42, 0
6830,55, 0
6831,58, 0
6832,64, 0
6833,55, 0
6834,71, 0
6835,92, 0
6836,78, 0
6837,59, 0
6838,39, 0
6839,25, 0
6840,3, 0
6841,0, 0
6842,1, 0
6843,22, 0
6844,58, 0
6845,51, 0
6846,14, 0
6847,13, 0
6848,117, 0
6849,226, 0
6850,271, 0
6851,290, 0
6852,316, 0
6853,342, 0
6854,361, 2
6855,383, 11
6856,395, 19
6857,401, 20
6858,409, 25
6859,414, 30
6860,420, 31
6861,425, 35
6862,430, 39
6863,424, 37
6864,418, 38
6865,403, 31
6866,373, 26
6867,373, 19
6868,355, 14
6869,331, 3
6870,319, 1
6871,301, 0
6872,280, 0
6873,203, 0
6874,115, 0
6875,48, 0
6876,27, 0
6877,31, 0
6878,68, 0
6879,106, 0
6880,111, 0
6881,99, 0
6882,83, 0
6883,51, 0
6884,21, 0
6885,7, 0
6886,0, 0
6887,7, 0
6888,39, 0
6889,26, 0
6890,40, 0
6891,59, 0
6892,61, 0
6893,69, 0
6894,63, 0
6895,78, 0
6896,97, 0
6897,92, 0
6898,69, 0
6899,44, 0
6900,19, 0
6901,0, 0
6902,0, 0
6903,1, 0
6904,22, 0
6905,44, 0
6906,34, 0
6907,3, 0
6908,20, 0
6909,140, 0
6910,245, 0
6911,286, 0
6912,302, 0
6913,326, 0
6914,348, 1
6915,368, 3
6916,394, 15
6917,403, 22
6918,408, 25
6919,419, 31
6920,432, 31
6921,439, 37
6922,461, 43
6923,456, 47
6924,441, 44
6925,451, 46
6926,420, 41
6927,391, 34
6928,379, 26
6929,344, 19
6930,316, 6
6931,301, 1
6932,284, 0
6933,267, 0
6934,211, 0
6935,108, 0
6936,54, 0
6937,34, 0
6938,37, 0
6939,69, 0
6940,108, 0
6941,113, 0
6942,92, 0
6943,64, 0
6944,42, 0
6945,20, 0
6946,0, 0
6947,0, 0
6948,18, 0
6949,31, 0
6950,38, 0
6951,47, 0
6952,67, 0
6953,75, 0
6954,76, 0
6955,67, 0
6956,85, 0
6957,95, 0
6958,92, 0
6959,71, 0
6960,73, 0
6961,38, 0
6962,15, 0
6963,5, 0
6964,12, 0
6965,51, 0
6966,75, 0
6967,61, 0
6968,19, 0
6969,18, 0
6970,139, 0
6971,243, 0
6972,293, 0
6973,331, 0
6974,367, 1
6975,379, 10
6976,406, 19
6977,439, 30
6978,420, 35
6979,433, 38
6980,450, 43
6981,453, 45
6982,469, 47
6983,496, 57
6984,504, 68
6985,506, 70
6986,504, 76
6987,497, 73
6988,486, 72
6989,488, 68
6990,468, 67
6991,421, 53
6992,380, 40
6993,328, 21
6994,245, 1
6995,86, 0
6996,39, 0
6997,137, 0
6998,181, 0
6999,191, 0
7000,152, 0
7001,100, 0
7002,72, 0
7003,47, 0
7004,15, 0
7005,0, 0
7006,0, 0
7007,9, 0
7008,15, 0
7009,19, 0
7010,18, 0
7011,19, 0
7012,0, 0
7013,0, 0
7014,0, 0
7015,8, 0
7016,19, 0
7017,51, 0
7018,83, 0
7019,78, 0
7020,57, 0
7021,44, 0
7022,25, 0
7023,6, 0
7024,0, 0
7025,0, 0
7026,35, 0
7027,42, 0
7028,27, 0
7029,0, 0
7030,35, 0
7031,157, 0
7032,251, 0
7033,300, 0
7034,326, 0
7035,347, 0
7036,368, 6
7037,390, 8
7038,415, 23
7039,425, 30
7040,427, 34
7041,432, 37
7042,433, 40
7043,447, 40
7044,463, 45
7045,452, 47
7046,437, 42
7047,433, 41
7048,427, 38
7049,413, 35
7050,402, 31
7051,376, 26
7052,355, 15
7053,347, 12
7054,327, 6
7055,300, 0
7056,226, 0
7057,124, 0
7058,59, 0
7059,39, 0
7060,26, 0
7061,52, 0
7062,91, 0
7063,84, 0
7064,57, 0
7065,35, 0
7066,7, 0
7067,0, 0
7068,0, 0
7069,4, 0
7070,22, 0
7071,30, 0
7072,47, 0
7073,57, 0
7074,68, 0
7075,69, 0
7076,76, 0
7077,70, 0
7078,88, 0
7079,97, 0
7080,90, 0
7081,74, 0
7082,53, 0
7083,36, 0
7084,9, 0
7085,2, 0
7086,11, 0
7087,57, 0
7088,70, 0
7089,53, 0
7090,7, 0
7091,46, 0
7092,152, 0
7093,240, 0
7094,279, 0
7095,310, 0
7096,331, 0
7097,351, 1
7098,374, 3
7099,385, 12
7100,409, 22
7101,415, 28
7102,423, 31
7103,432, 32
7104,439, 38
7105,450, 43
7106,439, 44
7107,442, 40
7108,430, 43
7109,415, 38
7110,391, 27
7111,379, 23
7112,376, 18
7113,332, 10
7114,322, 6
7115,299, 0
7116,271, 0
7117,204, 0
7118,107, 0
7119,55, 0
7120,44, 0
7121,47, 0
7122,76, 0
7123,122, 0
7124,124, 0
7125,95, 0
7126,75, 0
7127,44, 0
7128,12, 0
7129,0, 0
7130,0, 0
7131,11, 0
7132,23, 0
7133,38, 0
7134,57, 0
7135,83, 0
7136,83, 0
7137,73, 0
7138,76, 0
7139,93, 0
7140,105, 0
7141,90, 0
7142,71, 0
7143,60, 0
7144,28, 0
7145,11, 0
7146,4, 0
7147,19, 0
7148,56, 0
7149,80, 0
7150,51, 0
7151,8, 0
7152,25, 0
7153,145, 0
7154,244, 0
7155,287, 0
7156,318, 0
7157,356, 0
7158,367, 5
7159,402, 12
7160,410, 24
7161,419, 29
7162,424, 31
7163,436, 39
7164,445, 40
7165,456, 44
7166,461, 46
7167,464, 51
7168,452, 47
7169,450, 46
7170,423, 44
7171,408, 34
7172,394, 31
7173,367, 24
7174,342, 12
7175,330, 7
7176,311, 1
7177,283, 0
7178,202, 0
7179,108, 0
7180,59, 0
7181,51, 0
7182,51, 0
7183,83, 0
7184,112, 0
7185,115, 0
7186,91, 0
7187,64, 0
7188,39, 0
7189,8, 0
7190,0, 0
7191,0, 0
7192,14, 0
7193,46, 0
7194,37, 0
7195,57, 0
7196,70, 0
7197,76, 0
7198,76, 0
7199,70, 0
7200,85, 0
7201,102, 0
7202,90, 0
7203,77, 0
7204,61, 0
7205,42, 0
7206,18, 0
7207,24, 0
7208,40, 0
7209,74, 0
7210,78, 0
7211,48, 0
7212,9, 0
7213,28, 0
7214,149, 0
7215,247, 0
7216,287, 0
7217,319, 0
7218,340, 0
7219,357, 3
7220,381, 6
7221,384, 17
7222,395, 19
7223,408, 23
7224,406, 25
7225,431, 30
7226,425, 31
7227,435, 36
7228,432, 38
7229,431, 38
7230,427, 38
7231,396, 31
7232,406, 29
7233,379, 23
7234,361, 19
7235,331, 10
7236,321, 5
7237,306, 1
7238,269, 0
7239,190, 0
7240,95, 0
7241,48, 0
7242,50, 0
7243,58, 0
7244,102, 0
7245,154, 0
7246,138, 0
7247,113, 0
7248,92, 0
7249,73, 0
7250,25, 0
7251,0, 0
7252,0, 0
7253,6, 0
7254,15, 0
7255,29, 0
7256,61, 0
7257,69, 0
7258,74, 0
7259,75, 0
7260,64, 0
7261,89, 0
7262,99, 0
7263,89, 0
7264,79, 0
7265,61, 0
7266,31, 0
7267,12, 0
7268,6, 0
7269,42, 0
7270,75, 0
7271,84, 0
7272,62, 0
7273,19, 0
7274,25, 0
7275,151, 0
7276,237, 0
7277,279, 0
7278,312, 0
7279,344, 0
7280,369, 3
7281,403, 13
7282,414, 25
7283,425, 27
7284,423, 32
7285,436, 37
7286,463, 41
7287,467, 47
7288,481, 56
7289,488, 60
7290,482, 60
7291,472, 59
7292,456, 60
7293,427, 46
7294,410, 43
7295,376, 31
7296,348, 17
7297,330, 10
7298,310, 3
7299,280, 0
7300,197, 0
7301,94, 0
7302,51, 0
7303,51, 0
7304,47, 0
7305,85, 0
7306,118, 0
7307,90, 0
7308,63, 0
7309,31, 0
7310,5, 0
7311,0, 0
7312,1, 0
7313,21, 0
7314,35, 0
7315,51, 0
7316,60, 0
7317,83, 0
7318,84, 0
7319,92, 0
7320,83, 0
7321,76, 0
7322,96, 0
7323,104, 0
7324,91, 0
7325,72, 0
7326,56, 0
7327,43, 0
7328,50, 0
7329,38, 0
7330,69, 0
7331,108, 0
7332,111, 0
7333,57, 0
7334,12, 0
7335,46, 0
7336,183, 0
7337,278, 0
7338,316, 0
7339,338, 0
7340,353, 2
7341,379, 8
7342,399, 18
7343,418, 25
7344,421, 29
7345,427, 34
7346,452, 43
7347,472, 48
7348,499, 56
7349,526, 69
7350,523, 81
7351,519, 79
7352,512, 84
7353,476, 74
7354,442, 63
7355,399, 45
7356,357, 29
7357,315, 9
7358,269, 0
7359,226, 0
7360,176, 0
7361,102, 0
7362,30, 0
7363,11, 0
7364,19, 0
7365,28, 0
7366,57, 0
7367,76, 0
7368,63, 0
7369,35, 0
7370,7, 0
7371,0, 0
7372,12, 0
7373,43, 0
7374,74, 0
7375,100, 0
7376,106, 0
7377,122, 0
7378,122, 0
7379,138, 0
7380,136, 0
7381,127, 0
7382,115, 0
7383,115, 0
7384,117, 0
7385,90, 0
7386,54, 0
7387,37, 0
7388,13, 0
7389,0, 0
7390,0, 0
7391,6, 0
7392,45, 0
7393,54, 0
7394,19, 0
7395,9, 0
7396,51, 0
7397,183, 0
7398,269, 0
7399,296, 0
7400,330, 0
7401,355, 1
7402,372, 6
7403,382, 11
7404,407, 20
7405,420, 29
7406,425, 32
7407,439, 38
7408,444, 44
7409,466, 46
7410,481, 53
7411,469, 58
7412,466, 54
7413,454, 55
7414,433, 45
7415,420, 38
7416,408, 40
7417,391, 32
7418,372, 24
7419,355, 17
7420,333, 7
7421,287, 2
7422,176, 0
7423,73, 0
7424,3, 0
7425,0, 0
7426,6, 0
7427,60, 0
7428,115, 0
7429,131, 0
7430,116, 0
7431,90, 0
7432,54, 0
7433,30, 0
7434,30, 0
7435,21, 0
7436,24, 0
7437,29, 0
7438,23, 0
7439,2, 0
7440,0, 0
7441,7, 0
7442,43, 0
7443,72, 0
7444,120, 0
7445,152, 0
7446,171, 0
7447,157, 0
7448,156, 0
7449,150, 0
7450,134, 0
7451,112, 0
7452,111, 0
7453,134, 0
7454,121, 0
7455,72, 0
7456,19, 0
7457,48, 0
7458,165, 0
7459,257, 0
7460,294, 0
7461,319, 0
7462,333, 0
7463,380, 6
7464,398, 14
7465,420, 25
7466,426, 32
7467,427, 34
7468,424, 35
7469,424, 35
7470,433, 35
7471,452, 39
7472,446, 42
7473,453, 44
7474,446, 46
7475,411, 41
7476,389, 30
7477,374, 25
7478,348, 17
7479,328, 5
7480,321, 2
7481,293, 0
7482,258, 0
7483,182, 0
7484,90, 0
7485,46, 0
7486,43, 0
7487,83, 0
7488,95, 0
7489,121, 0
7490,106, 0
7491,89, 0
7492,72, 0
7493,48, 0
7494,14, 0
7495,7, 0
7496,0, 0
7497,2, 0
7498,11, 0
7499,21, 0
7500,53, 0
7501,55, 0
7502,62, 0
7503,67, 0
7504,76, 0
7505,104, 0
7506,118, 0
7507,109, 0
7508,95, 0
7509,89, 0
7510,57, 0
7511,30, 0
7512,17, 0
7513,42, 0
7514,80, 0
7515,76, 0
7516,31, 0
7517,9, 0
7518,84, 0
7519,214, 0
7520,293, 0
7521,326, 0
7522,347, 0
7523,363, 6
7524,379, 10
7525,401, 20
7526,419, 26
7527,424, 31
7528,430, 34
7529,436, 38
7530,432, 39
7531,435, 38
7532,435, 38
7533,424, 38
7534,415, 35
7535,405, 30
7536,377, 25
7537,348, 12
7538,334, 10
7539,315, 3
7540,312, 1
7541,310, 0
7542,300, 0
7543,266, 0
7544,183, 0
7545,102, 0
7546,70, 0
7547,57, 0
7548,72, 0
7549,108, 0
7550,133, 0
7551,108, 0
7552,95, 0
7553,70, 0
7554,41, 0
7555,10, 0
7556,0, 0
7557,0, 0
7558,11, 0
7559,17, 0
7560,40, 0
7561,67, 0
7562,77, 0
7563,77, 0
7564,76, 0
7565,81, 0
7566,102, 0
7567,110, 0
7568,116, 0
7569,74, 0
7570,63, 0
7571,40, 0
7572,19, 0
7573,22, 0
7574,57, 0
7575,92, 0
7576,91, 0
7577,58, 0
7578,12, 0
7579,43, 0
7580,159, 0
7581,217, 0
7582,247, 0
7583,274, 0
7584,302, 0
7585,334, 0
7586,364, 2
7587,401, 10
7588,417, 22
7589,408, 22
7590,411, 25
7591,430, 30
7592,449, 38
7593,469, 46
7594,478, 53
7595,485, 56
7596,487, 62
7597,469, 57
7598,480, 60
7599,454, 56
7600,447, 51
7601,414, 43
7602,403, 38
7603,379, 28
7604,341, 19
7605,235, 1
7606,149, 0
7607,119, 0
7608,120, 0
7609,130, 0
7610,169, 0
7611,207, 0
7612,150, 0
7613,101, 0
7614,60, 0
7615,20, 0
7616,2, 0
7617,2, 0
7618,3, 0
7619,0, 0
7620,0, 0
7621,2, 0
7622,42, 0
7623,76, 0
7624,101, 0
7625,129, 0
7626,161, 0
7627,202, 0
7628,220, 0
7629,221, 0
7630,201, 0
7631,164, 0
7632,116, 0
7633,77, 0
7634,84, 0
7635,87, 0
7636,136, 0
7637,106, 0
7638,51, 0
7639,9, 0
7640,51, 0
7641,158, 0
7642,231, 0
7643,284, 0
7644,310, 0
7645,349, 0
7646,385, 7
7647,401, 20
7648,436, 31
7649,444, 40
7650,465, 42
7651,496, 54
7652,451, 56
7653,473, 54
7654,468, 56
7655,450, 52
7656,435, 46
7657,410, 38
7658,383, 27
7659,364, 19
7660,336, 8
7661,308, 1
7662,286, 0
7663,274, 0
7664,264, 0
7665,226, 0
7666,145, 0
7667,70, 0
7668,44, 0
7669,39, 0
7670,65, 0
7671,110, 0
7672,144, 0
7673,102, 0
7674,76, 0
7675,31, 0
7676,19, 0
7677,0, 0
7678,0, 0
7679,0, 0
7680,9, 0
7681,7, 0
7682,20, 0
7683,41, 0
7684,56, 0
7685,61, 0
7686,61, 0
7687,63, 0
7688,68, 0
7689,65, 0
7690,52, 0
7691,36, 0
7692,20, 0
7693,0, 0
7694,0, 0
7695,3, 0
7696,40, 0
7697,79, 0
7698,89, 0
7699,54, 0
7700,12, 0
7701,76, 0
7702,198, 0
7703,273, 0
7704,301, 0
7705,331, 0
7706,354, 0
7707,387, 8
7708,416, 20
7709,439, 34
7710,445, 40
7711,457, 44
7712,468, 51
7713,481, 54
7714,515, 63
7715,527, 73
7716,503, 76
7717,479, 70
7718,434, 59
7719,390, 39
7720,352, 24
7721,316, 7
7722,284, 0
7723,268, 0
7724,255, 0
7725,231, 0
7726,179, 0
7727,83, 0
7728,6, 0
7729,0, 0
7730,0, 0
7731,25, 0
7732,59, 0
7733,83, 0
7734,81, 0
7735,67, 0
7736,47, 0
7737,27, 0
7738,2, 0
7739,0, 0
7740,0, 0
7741,6, 0
7742,2, 0
7743,7, 0
7744,13, 0
7745,18, 0
7746,13, 0
7747,15, 0
7748,32, 0
7749,52, 0
7750,75, 0
7751,64, 0
7752,57, 0
7753,57, 0
7754,40, 0
7755,25, 0
7756,46, 0
7757,86, 0
7758,115, 0
7759,94, 0
7760,50, 0
7761,6, 0
7762,101, 0
7763,223, 0
7764,286, 0
7765,316, 0
7766,326, 0
7767,345, 0
7768,372, 6
7769,406, 18
7770,430, 29
7771,426, 36
7772,427, 38
7773,436, 38
7774,431, 38
7775,444, 38
7776,439, 41
7777,428, 39
7778,433, 38
7779,409, 35
7780,395, 29
7781,380, 25
7782,355, 19
7783,332, 7
7784,318, 1
7785,304, 0
7786,286, 0
7787,238, 0
7788,133, 0
7789,65, 0
7790,47, 0
7791,53, 0
7792,75, 0
7793,123, 0
7794,137, 0
7795,119, 0
7796,103, 0
7797,78, 0
7798,48, 0
7799,4, 0
7800,0, 0
7801,14, 0
7802,51, 0
7803,79, 0
7804,96, 0
7805,117, 0
7806,133, 0
7807,133, 0
7808,136, 0
7809,138, 0
7810,137, 0
7811,115, 0
7812,83, 0
7813,31, 0
7814,6, 0
7815,0, 0
7816,0, 0
7817,8, 0
7818,51, 0
7819,90, 0
7820,94, 0
7821,54, 0
7822,6, 0
7823,90, 0
7824,200, 0
7825,227, 0
7826,220, 0
7827,220, 0
7828,232, 0
7829,243, 0
7830,269, 0
7831,286, 0
7832,299, 0
7833,311, 0
7834,326, 0
7835,354, 0
7836,373, 3
7837,400, 12
7838,417, 25
7839,451, 35
7840,470, 45
7841,469, 52
7842,468, 55
7843,451, 57
7844,423, 45
7845,410, 38
7846,401, 35
7847,373, 25
7848,306, 15
7849,207, 0
7850,129, 0
7851,124, 0
7852,124, 0
7853,177, 0
7854,187, 0
7855,191, 0
7856,171, 0
7857,123, 0
7858,86, 0
7859,51, 0
7860,10, 0
7861,0, 0
7862,0, 0
7863,1, 0
7864,0, 0
7865,0, 0
7866,11, 0
7867,17, 0
7868,35, 0
7869,28, 0
7870,41, 0
7871,56, 0
7872,61, 0
7873,51, 0
7874,39, 0
7875,20, 0
7876,1, 0
7877,0, 0
7878,0, 0
7879,4, 0
7880,31, 0
7881,31, 0
7882,9, 0
7883,10, 0
7884,123, 0
7885,235, 0
7886,305, 0
7887,339, 0
7888,360, 2
7889,382, 7
7890,407, 17
7891,433, 29
7892,457, 40
7893,473, 48
7894,487, 59
7895,497, 63
7896,504, 70
7897,514, 71
7898,493, 73
7899,472, 63
7900,439, 54
7901,411, 43
7902,361, 27
7903,322, 10
7904,270, 0
7905,240, 0
7906,230, 0
7907,230, 0
7908,224, 0
7909,196, 0
7910,115, 0
7911,52, 0
7912,19, 0
7913,1, 0
7914,5, 0
7915,11, 0
7916,2, 0
7917,6, 0
7918,7, 0
7919,9, 0
7920,9, 0
7921,19, 0
7922,13, 0
7923,3, 0
7924,0, 0
7925,1, 0
7926,0, 0
7927,0, 0
7928,6, 0
7929,14, 0
7930,24, 0
7931,46, 0
7932,62, 0
7933,63, 0
7934,50, 0
7935,30, 0
7936,20, 0
7937,0, 0
7938,0, 0
7939,6, 0
7940,0, 0
7941,4, 0
7942,0, 0
7943,7, 0
7944,81, 0
7945,199, 0
7946,282, 0
7947,328, 0
7948,334, 0
7949,364, 3
7950,428, 19
7951,498, 42
7952,536, 68
7953,496, 75
7954,391, 51
7955,274, 15
7956,185, 0
7957,142, 0
7958,145, 0
7959,152, 0
7960,158, 0
7961,176, 0
7962,196, 0
7963,234, 0
7964,276, 0
7965,298, 0
7966,302, 0
7967,297, 0
7968,291, 0
7969,263, 0
7970,202, 0
7971,119, 0
7972,92, 0
7973,113, 0
7974,159, 0
7975,195, 0
7976,231, 0
7977,238, 0
7978,198, 0
7979,159, 0
7980,121, 0
7981,68, 0
7982,5, 0
7983,28, 0
7984,116, 0
7985,180, 0
7986,214, 0
7987,235, 0
7988,243, 0
7989,226, 0
7990,193, 0
7991,170, 0
7992,152, 0
7993,152, 0
7994,150, 0
7995,136, 0
7996,116, 0
7997,97, 0
7998,59, 0
7999,34, 0
8000,11, 0
8001,25, 0
8002,44, 0
8003,25, 0
8004,0, 0
8005,23, 0
8006,137, 0
8007,249, 0
8008,322, 0
8009,377, 1
8010,425, 18
8011,447, 32
8012,462, 40
8013,464, 51
8014,442, 46
8015,433, 41
8016,450, 44
8017,465, 50
8018,493, 54
8019,527, 70
8020,538, 80
8021,529, 85
8022,496, 77
8023,437, 61
8024,413, 47
8025,398, 34
8026,373, 28
8027,368, 19
8028,355, 12
8029,328, 7
8030,287, 0
8031,222, 0
8032,124, 0
8033,70, 0
8034,34, 0
8035,2, 0
8036,0, 0
8037,12, 0
8038,34, 0
8039,50, 0
8040,69, 0
8041,74, 0
8042,59, 0
8043,48, 0
8044,51, 0
8045,58, 0
8046,73, 0
8047,71, 0
8048,40, 0
8049,2, 0
8050,14, 0
8051,64, 0
8052,96, 0
8053,127, 0
8054,147, 0
8055,155, 0
8056,108, 0
8057,58, 0
8058,11, 0
8059,0, 0
8060,0, 0
8061,6, 0
8062,27, 0
8063,59, 0
8064,44, 0
8065,17, 0
8066,10, 0
8067,112, 0
8068,217, 0
8069,275, 0
8070,310, 0
8071,332, 0
8072,361, 0
8073,398, 10
8074,433, 24
8075,444, 35
8076,457, 40
8077,456, 45
8078,465, 51
8079,458, 51
8080,470, 54
8081,469, 53
8082,465, 56
8083,455, 54
8084,401, 44
8085,356, 28
8086,305, 6
8087,247, 0
8088,218, 0
8089,220, 0
8090,243, 0
8091,256, 0
8092,224, 0
8093,141, 0
8094,102, 0
8095,63, 0
8096,51, 0
8097,74, 0
8098,71, 0
8099,76, 0
8100,63, 0
8101,50, 0
8102,35, 0
8103,8, 0
8104,0, 0
8105,8, 0
8106,32, 0
8107,67, 0
8108,90, 0
8109,108, 0
8110,133, 0
8111,143, 0
8112,145, 0
8113,150, 0
8114,153, 0
8115,140, 0
8116,112, 0
8117,70, 0
8118,39, 0
8119,17, 0
8120,0, 0
8121,0, 0
8122,0, 0
8123,11, 0
8124,26, 0
8125,3, 0
8126,20, 0
8127,128, 0
8128,266, 0
8129,379, 1
8130,415, 15
8131,407, 25
8132,419, 34
8133,468, 42
8134,531, 60
8135,589, 89
8136,619, 107
8137,619, 122
8138,583, 121
8139,552, 109
8140,494, 92
8141,440, 68
8142,373, 41
8143,301, 11
8144,257, 0
8145,238, 0
8146,231, 0
8147,221, 0
8148,198, 0
8149,207, 0
8150,203, 0
8151,212, 0
8152,210, 0
8153,169, 0
8154,83, 0
8155,64, 0
8156,61, 0
8157,75, 0
8158,111, 0
8159,116, 0
8160,127, 0
8161,78, 0
8162,46, 0
8163,9, 0
8164,0, 0
8165,25, 0
8166,53, 0
8167,61, 0
8168,51, 0
8169,44, 0
8170,44, 0
8171,64, 0
8172,72, 0
8173,70, 0
8174,70, 0
8175,81, 0
8176,87, 0
8177,101, 0
8178,97, 0
8179,94, 0
8180,77, 0
8181,38, 0
8182,3, 0
8183,0, 0
8184,0, 0
8185,0, 0
8186,0, 0
8187,6, 0
8188,76, 0
8189,203, 0
8190,302, 0
8191,342, 0
8192,365, 1
8193,378, 11
8194,390, 15
8195,393, 21
8196,398, 25
8197,402, 25
8198,403, 25
8199,427, 31
8200,451, 37
8201,464, 44
8202,482, 51
8203,491, 60
8204,485, 63
8205,486, 64
8206,473, 63
8207,458, 58
8208,433, 52
8209,404, 43
8210,383, 28
8211,365, 24
8212,348, 15
8213,318, 5
8214,242, 0
8215,128, 0
8216,31, 0
8217,0, 0
8218,26, 0
8219,6, 0
8220,0, 0
8221,11, 0
8222,54, 0
8223,85, 0
8224,92, 0
8225,79, 0
8226,60, 0
8227,51, 0
8228,64, 0
8229,75, 0
8230,87, 0
8231,93, 0
8232,91, 0
8233,74, 0
8234,51, 0
8235,31, 0
8236,37, 0
8237,45, 0
8238,62, 0
8239,102, 0
8240,142, 0
8241,142, 0
8242,102, 0
8243,57, 0
8244,29, 0
8245,55, 0
8246,61, 0
8247,40, 0
8248,14, 0
8249,21, 0
8250,137, 0
8251,197, 0
8252,207, 0
8253,196, 0
8254,202, 0
8255,222, 0
8256,262, 0
8257,325, 0
8258,370, 1
8259,402, 10
8260,457, 31
8261,431, 36
8262,424, 36
8263,420, 36
8264,434, 38
8265,437, 37
8266,442, 42
8267,452, 44
8268,436, 44
8269,401, 39
8270,391, 30
8271,348, 18
8272,326, 6
8273,306, 1
8274,280, 0
8275,203, 0
8276,107, 0
8277,85, 0
8278,80, 0
8279,101, 0
8280,152, 0
8281,198, 0
8282,204, 0
8283,205, 0
8284,183, 0
8285,169, 0
8286,134, 0
8287,85, 0
8288,38, 0
8289,6, 0
8290,0, 0
8291,0, 0
8292,1, 0
8293,23, 0
8294,58, 0
8295,77, 0
8296,92, 0
8297,128, 0
8298,111, 0
8299,89, 0
8300,47, 0
8301,12, 0
8302,0, 0
8303,19, 0
8304,44, 0
8305,55, 0
8306,21, 0
8307,2, 0
8308,0, 0
8309,10, 0
8310,75, 0
8311,169, 0
8312,221, 0
8313,234, 0
8314,257, 0
8315,292, 0
8316,319, 0
8317,342, 0
8318,368, 5
8319,369, 11
8320,374, 10
8321,373, 15
8322,359, 9
8323,357, 7
8324,336, 6
8325,306, 2
8326,235, 0
8327,121, 0
8328,39, 0
8329,0, 0
8330,13, 0
8331,7, 0
8332,0, 0
8333,40, 0
8334,90, 0
8335,92, 0
8336,18, 0
8337,36, 0
8338,89, 0
8339,95, 0
8340,69, 0
8341,3, 0
8342,22, 0
8343,57, 0
8344,63, 0
8345,72, 0
8346,95, 0
8347,103, 0
8348,126, 0
8349,157, 0
8350,172, 0
8351,179, 0
8352,165, 0
8353,125, 0
8354,52, 0
8355,4, 0
8356,0, 0
8357,0, 0
8358,0, 0
8359,1, 0
8360,21, 0
8361,65, 0
8362,95, 0
8363,102, 0
8364,117, 0
8365,105, 0
8366,76, 0
8367,30, 0
8368,31, 0
8369,76, 0
8370,133, 0
8371,247, 0
8372,381, 0
8373,488, 27
8374,535, 59
8375,557, 83
8376,572, 94
8377,578, 104
8378,597, 106
8379,586, 111
8380,576, 115
8381,567, 108
8382,566, 105
8383,555, 101
8384,540, 96
8385,547, 94
8386,552, 95
8387,536, 92
8388,526, 89
8389,491, 79
8390,481, 69
8391,416, 54
8392,390, 38
8393,361, 22
8394,341, 14
8395,311, 5
8396,263, 0
8397,159, 0
8398,59, 0
8399,28, 0
8400,47, 0
8401,91, 0
8402,159, 0
8403,183, 0
8404,183, 0
8405,127, 0
8406,76, 0
8407,39, 0
8408,27, 0
8409,39, 0
8410,64, 0
8411,89, 0
8412,99, 0
8413,144, 0
8414,173, 0
8415,223, 0
8416,263, 0
8417,222, 0
8418,63, 0
8419,116, 0
8420,319, 0
8421,428, 12
8422,496, 44
8423,557, 77
8424,624, 109
8425,679, 139
8426,647, 152
8427,579, 142
8428,487, 116
8429,382, 76
8430,315, 37
8431,272, 7
8432,215, 0
8433,111, 0
8434,44, 0
8435,0, 0
8436,29, 0
8437,128, 0
8438,228, 0
8439,312, 0
8440,379, 1
8441,425, 18
8442,456, 31
8443,481, 48
8444,466, 54
8445,444, 50
8446,420, 43
8447,391, 35
8448,395, 25
8449,370, 20
8450,356, 14
8451,338, 6
8452,324, 3
8453,318, 1
8454,309, 0
8455,297, 0
8456,285, 0
8457,270, 0
8458,193, 0
8459,121, 0
8460,86, 0
8461,59, 0
8462,42, 0
8463,53, 0
8464,64, 0
8465,76, 0
8466,72, 0
8467,63, 0
8468,61, 0
8469,44, 0
8470,38, 0
8471,38, 0
8472,51, 0
8473,47, 0
8474,48, 0
8475,43, 0
8476,27, 0
8477,34, 0
8478,25, 0
8479,3, 0
8480,30, 0
8481,121, 0
8482,186, 0
8483,192, 0
8484,151, 0
8485,54, 0
8486,25, 0
8487,122, 0
8488,152, 0
8489,123, 0
8490,94, 0
8491,51, 0
8492,27, 0
8493,74, 0
8494,143, 0
8495,189, 0
8496,226, 0
8497,266, 0
8498,323, 0
8499,385, 2
8500,438, 21
8501,455, 38
8502,430, 42
8503,394, 31
8504,372, 22
8505,348, 12
8506,354, 6
8507,371, 8
8508,373, 11
8509,355, 9
8510,325, 3
8511,282, 0
8512,270, 0
8513,273, 0
8514,295, 0
8515,338, 0
8516,369, 5
8517,379, 12
8518,336, 10
8519,241, 0
8520,138, 0
8521,83, 0
8522,41, 0
8523,44, 0
8524,94, 0
8525,121, 0
8526,142, 0
8527,145, 0
8528,136, 0
8529,152, 0
8530,164, 0
8531,152, 0
8532,138, 0
8533,123, 0
8534,95, 0
8535,71, 0
8536,29, 0
8537,0, 0
8538,21, 0
8539,96, 0
8540,196, 0
8541,282, 0
8542,315, 0
8543,295, 0
8544,266, 0
8545,219, 0
8546,191, 0
8547,164, 0
8548,124, 0
8549,105, 0
8550,75, 0
8551,10, 0
8552,43, 0
8553,153, 0
8554,283, 0
8555,356, 0
8556,368, 7
8557,295, 2
8558,229, 0
8559,197, 0
8560,182, 0
8561,176, 0
8562,176, 0
8563,180, 0
8564,204, 0
8565,244, 0
8566,275, 0
8567,299, 0
8568,327, 0
8569,342, 0
8570,363, 2
8571,377, 6
8572,382, 15
8573,384, 17
8574,390, 19
8575,413, 24
8576,450, 37
8577,483, 51
8578,488, 64
8579,494, 69
8580,377, 51
8581,272, 15
8582,219, 0
8583,197, 0
8584,203, 0
8585,204, 0
8586,172, 0
8587,133, 0
8588,102, 0
8589,100, 0
8590,139, 0
8591,171, 0
8592,220, 0
8593,254, 0
8594,233, 0
8595,166, 0
8596,89, 0
8597,19, 0
8598,0, 0
8599,15, 0
8600,54, 0
8601,106, 0
8602,137, 0
8603,141, 0
8604,131, 0
8605,102, 0
8606,78, 0
8607,62, 0
8608,25, 0
8609,1, 0
8610,2, 0
8611,2, 0
8612,30, 0
8613,53, 0
8614,51, 0
8615,9, 0
8616,0, 0
8617,0, 0
8618,6, 0
8619,38, 0
8620,93, 0
8621,160, 0
8622,214, 0
8623,257, 0
8624,300, 0
8625,349, 0
8626,420, 12
8627,481, 34
8628,512, 53
8629,522, 69
8630,490, 70
8631,465, 63
8632,419, 51
8633,369, 35
8634,349, 19
8635,347, 9
8636,342, 6
8637,312, 3
8638,273, 0
8639,232, 0
8640,183, 0
8641,93, 0
8642,35, 0
8643,56, 0
8644,121, 0
8645,226, 0
8646,324, 0
8647,371, 5
8648,368, 14
8649,316, 12
8650,254, 0
8651,173, 0
8652,76, 0
8653,4, 0
8654,72, 0
8655,152, 0
8656,190, 0
8657,201, 0
8658,196, 0
8659,204, 0
8660,207, 0
8661,198, 0
8662,167, 0
8663,96, 0
8664,17, 0
8665,17, 0
8666,87, 0
8667,130, 0
8668,89, 0
8669,43, 0
8670,21, 0
8671,7, 0
8672,41, 0
8673,135, 0
8674,276, 0
8675,411, 2
8676,526, 39
8677,587, 79
8678,569, 100
8679,491, 91
8680,348, 55
8681,229, 10
8682,180, 0
8683,188, 0
8684,217, 0
8685,221, 0
8686,222, 0
8687,241, 0
8688,239, 0
8689,192, 0
8690,141, 0
8691,72, 0
8692,42, 0
8693,6, 0
8694,0, 0
8695,10, 0
8696,75, 0
8697,157, 0
8698,196, 0
8699,161, 0
8700,63, 0
8701,31, 0
8702,158, 0
8703,185, 0
8704,107, 0
8705,11, 0
8706,10, 0
8707,44, 0
8708,29, 0
8709,21, 0
8710,12, 0
8711,0, 0
8712,0, 0
8713,0, 0
8714,23, 0
8715,47, 0
8716,50, 0
8717,31, 0
8718,26, 0
8719,19, 0
8720,6, 0
8721,3, 0
8722,0, 0
8723,12, 0
8724,51, 0
8725,81, 0
8726,115, 0
8727,140, 0
8728,135, 0
8729,69, 0
8730,14, 0
8731,112, 0
8732,161, 0
8733,179, 0
8734,167, 0
8735,117, 0
8736,61, 0
8737,70, 0
8738,89, 0
8739,97, 0
8740,76, 0
8741,55, 0
8742,68, 0
8743,129, 0
8744,227, 0
8745,338, 0
8746,398, 3
8747,409, 15
8748,406, 24
8749,394, 24
8750,395, 21
8751,415, 25
8752,430, 31
8753,460, 39
8754,480, 50
8755,494, 59
8756,481, 63
8757,466, 60
8758,469, 57
8759,470, 57
8760,473, 62
8761,437, 53
8762,365, 36
8763,281, 11
8764,233, 0
8765,237, 0
8766,214, 0
8767,215, 0
8768,201, 0
8769,147, 0
8770,81, 0
8771,30, 0
8772,46, 0
8773,94, 0
8774,124, 0
8775,126, 0
8776,96, 0
8777,45, 0
8778,3, 0
8779,96, 0
8780,224, 0
8781,289, 0
8782,274, 0
8783,221, 0
8784,169, 0
8785,127, 0
8786,89, 0
8787,37, 0
8788,19, 0
8789,14, 0
8790,29, 0
8791,37, 0
8792,13, 0
8793,148, 0
8794,313, 0
8795,400, 6
8796,391, 21
8797,291, 9
8798,119, 0
8799,10, 0
8800,94, 0
8801,167, 0
8802,243, 0
8803,308, 0
8804,424, 6
8805,526, 38
8806,632, 85
8807,708, 130
8808,756, 164
8809,782, 189
8810,742, 196
8811,659, 182
8812,575, 151
8813,447, 104
8814,283, 44
8815,89, 0
8816,71, 0
8817,227, 0
8818,248, 0
8819,187, 0
8820,76, 0
8821,6, 0
8822,70, 0
8823,110, 0
8824,106, 0
8825,107, 0
8826,115, 0
8827,115, 0
8828,150, 0
8829,214, 0
8830,299, 0
8831,382, 5
8832,430, 26
8833,451, 43
8834,440, 52
8835,378, 43
8836,294, 22
8837,214, 0
8838,164, 0
8839,145, 0
8840,143, 0
8841,125, 0
8842,83, 0
8843,52, 0
8844,7, 0
8845,32, 0
8846,136, 0
8847,230, 0
8848,234, 0
8849,198, 0
8850,96, 0
8851,14, 0
8852,30, 0
8853,67, 0
8854,76, 0
8855,70, 0
8856,90, 0
8857,77, 0
8858,92, 0
8859,153, 0
8860,195, 0
8861,232, 0
8862,289, 0
8863,377, 1
8864,512, 27
8865,651, 84
8866,765, 139
8867,815, 187
8868,797, 212
8869,757, 208
8870,698, 196
8871,624, 168
8872,584, 142
8873,571, 122
8874,564, 109
8875,569, 106
8876,540, 99
8877,472, 86
8878,345, 47
8879,211, 7
8880,139, 0
8881,133, 0
8882,208, 0
8883,330, 0
8884,435, 10
8885,497, 40
8886,529, 69
8887,498, 77
8888,390, 60
8889,253, 19
8890,132, 0
8891,48, 0
8892,2, 0
8893,41, 0
8894,63, 0
8895,67, 0
8896,55, 0
8897,15, 0
8898,0, 0
8899,4, 0
8900,15, 0
8901,7, 0
8902,11, 0
8903,83, 0
8904,126, 0
8905,195, 0
8906,281, 0
8907,348, 1
8908,409, 19
8909,439, 38
8910,437, 47
8911,420, 52
8912,413, 47
8913,430, 44
8914,468, 52
8915,498, 62
8916,476, 65
8917,393, 53
8918,285, 19
8919,141, 0
8920,39, 0
8921,227, 0
8922,425, 4
8923,606, 51
8924,748, 121
8925,849, 183
8926,894, 223
8927,844, 244
8928,718, 223
8929,513, 164
8930,256, 71
8931,46, 0
8932,202, 0
8933,338, 0
8934,370, 0
8935,306, 3
8936,175, 0
8937,24, 0
8938,79, 0
8939,166, 0
8940,238, 0
8941,261, 0
8942,238, 0
8943,204, 0
8944,185, 0
8945,173, 0
8946,201, 0
8947,278, 0
8948,407, 4
8949,530, 43
8950,604, 86
8951,553, 107
8952,388, 80
8953,190, 20
8954,25, 0
8955,116, 0
8956,274, 0
8957,427, 7
8958,552, 55
8959,599, 95
8960,583, 115
8961,488, 108
8962,348, 69
8963,199, 14
8964,93, 0
8965,4, 0
8966,145, 0
8967,293, 0
8968,439, 12
8969,532, 54
8970,537, 84
8971,500, 89
8972,381, 70
8973,220, 20
8974,56, 0
8975,103, 0
8976,312, 0
8977,439, 9
8978,445, 37
8979,380, 36
8980,222, 8
8981,32, 0
8982,141, 0
8983,306, 0
8984,419, 5
8985,515, 38
8986,607, 78
8987,660, 115
8988,689, 139
8989,675, 152
8990,609, 145
8991,527, 119
8992,469, 90
8993,389, 57
8994,346, 25
8995,290, 6
8996,256, 0
8997,212, 0
8998,185, 0
8999,183, 0
9000,210, 0
9001,262, 0
9002,307, 0
9003,347, 0
9004,361, 3
9005,337, 6
9006,248, 0
9007,145, 0
9008,81, 0
9009,95, 0
9010,132, 0
9011,243, 0
9012,371, 0
9013,457, 25
9014,509, 55
9015,519, 79
9016,521, 84
9017,503, 87
9018,430, 74
9019,311, 41
9020,145, 2
9021,17, 0
9022,73, 0
9023,159, 0
9024,109, 0
9025,46, 0
9026,76, 0
9027,195, 0
9028,242, 0
9029,218, 0
9030,83, 0
9031,95, 0
9032,310, 0
9033,439, 14
9034,467, 42
9035,416, 48
9036,348, 35
9037,270, 12
9038,140, 0
9039,13, 0
9040,80, 0
9041,203, 0
9042,321, 0
9043,353, 0
9044,314, 3
9045,234, 0
9046,192, 0
9047,182, 0
9048,185, 0
9049,183, 0
9050,202, 0
9051,236, 0
9052,260, 0
9053,246, 0
9054,204, 0
9055,183, 0
9056,231, 0
9057,294, 0
9058,427, 4
9059,553, 44
9060,654, 95
9061,718, 139
9062,751, 170
9063,723, 185
9064,601, 164
9065,386, 107
9066,108, 21
9067,159, 0
9068,420, 3
9069,514, 38
9070,480, 61
9071,360, 45
9072,164, 6
9073,14, 0
9074,90, 0
9075,153, 0
9076,159, 0
9077,120, 0
9078,35, 0
9079,11, 0
9080,59, 0
9081,79, 0
9082,80, 0
9083,90, 0
9084,93, 0
9085,110, 0
9086,102, 0
9087,57, 0
9088,18, 0
9089,11, 0
9090,119, 0
9091,240, 0
9092,360, 0
9093,446, 21
9094,472, 51
9095,451, 57
9096,352, 43
9097,152, 4
9098,27, 0
9099,109, 0
9100,129, 0
9101,57, 0
9102,72, 0
9103,321, 0
9104,523, 22
9105,608, 76
9106,553, 97
9107,400, 72
9108,226, 18
9109,92, 0
9110,23, 0
9111,5, 0
9112,20, 0
9113,74, 0
9114,141, 0
9115,168, 0
9116,161, 0
9117,124, 0
9118,71, 0
9119,69, 0
9120,85, 0
9121,159, 0
9122,255, 0
9123,379, 0
9124,477, 23
9125,519, 55
9126,545, 79
9127,555, 91
9128,499, 88
9129,478, 77
9130,462, 70
9131,480, 65
9132,455, 65
9133,430, 60
9134,346, 38
9135,202, 7
9136,34, 0
9137,152, 0
9138,284, 0
9139,387, 2
9140,444, 26
9141,453, 48
9142,433, 54
9143,376, 45
9144,333, 29
9145,285, 8
9146,255, 0
9147,214, 0
9148,176, 0
9149,133, 0
9150,97, 0
9151,67, 0
9152,34, 0
9153,4, 0
9154,0, 0
9155,0, 0
9156,0, 0
9157,0, 0
9158,8, 0
9159,44, 0
9160,29, 0
9161,1, 0
9162,63, 0
9163,177, 0
9164,269, 0
9165,293, 0
9166,273, 0
9167,244, 0
9168,244, 0
9169,302, 0
9170,372, 0
9171,447, 20
9172,497, 46
9173,532, 64
9174,551, 83
9175,578, 97
9176,625, 111
9177,713, 137
9178,833, 180
9179,942, 229
9180,976, 268
9181,963, 287
9182,895, 287
9183,751, 256
9184,558, 196
9185,309, 99
9186,56, 8
9187,102, 0
9188,226, 0
9189,343, 0
9190,409, 8
9191,380, 18
9192,286, 6
9193,130, 0
9194,22, 0
9195,132, 0
9196,207, 0
9197,236, 0
9198,198, 0
9199,123, 0
9200,53, 0
9201,1, 0
9202,27, 0
9203,76, 0
9204,156, 0
9205,230, 0
9206,265, 0
9207,237, 0
9208,122, 0
9209,15, 0
9210,120, 0
9211,217, 0
9212,274, 0
9213,299, 0
9214,291, 0
9215,286, 0
9216,204, 0
9217,184, 0
9218,121, 0
9219,31, 0
9220,0, 0
9221,5, 0
9222,55, 0
9223,102, 0
9224,145, 0
9225,167, 0
9226,123, 0
9227,50, 0
9228,0, 0
9229,10, 0
9230,2, 0
9231,55, 0
9232,136, 0
9233,173, 0
9234,145, 0
9235,123, 0
9236,119, 0
9237,151, 0
9238,228, 0
9239,302, 0
9240,361, 0
9241,383, 6
9242,393, 13
9243,375, 20
9244,354, 12
9245,339, 9
9246,319, 2
9247,321, 1
9248,318, 0
9249,317, 0
9250,222, 0
9251,144, 0
9252,87, 0
9253,89, 0
9254,127, 0
9255,185, 0
9256,247, 0
9257,307, 0
9258,318, 0
9259,285, 0
9260,216, 0
9261,124, 0
9262,20, 0
9263,19, 0
9264,68, 0
9265,85, 0
9266,89, 0
9267,60, 0
9268,64, 0
9269,32, 0
9270,3, 0
9271,1, 0
9272,3, 0
9273,0, 0
9274,23, 0
9275,99, 0
9276,164, 0
9277,206, 0
9278,188, 0
9279,130, 0
9280,99, 0
9281,120, 0
9282,145, 0
9283,156, 0
9284,137, 0
9285,42, 0
9286,70, 0
9287,218, 0
9288,326, 0
9289,413, 6
9290,523, 39
9291,614, 84
9292,668, 121
9293,705, 148
9294,736, 165
9295,747, 184
9296,738, 189
9297,693, 185
9298,616, 159
9299,535, 128
9300,457, 92
9301,367, 52
9302,271, 10
9303,174, 0
9304,92, 0
9305,31, 0
9306,5, 0
9307,0, 0
9308,0, 0
9309,5, 0
9310,51, 0
9311,83, 0
9312,120, 0
9313,186, 0
9314,338, 0
9315,485, 20
9316,616, 75
9317,692, 127
9318,706, 158
9319,660, 169
9320,495, 137
9321,215, 57
9322,83, 0
9323,321, 0
9324,421, 13
9325,426, 37
9326,401, 40
9327,424, 41
9328,479, 56
9329,559, 84
9330,564, 103
9331,505, 101
9332,431, 83
9333,367, 55
9334,292, 26
9335,211, 0
9336,141, 0
9337,56, 0
9338,6, 0
9339,94, 0
9340,137, 0
9341,51, 0
9342,95, 0
9343,246, 0
9344,295, 0
9345,231, 0
9346,65, 0
9347,137, 0
9348,352, 0
9349,497, 21
9350,529, 57
9351,497, 70
9352,433, 60
9353,351, 34
9354,300, 6
9355,307, 0
9356,369, 2
9357,433, 17
9358,494, 44
9359,518, 60
9360,527, 75
9361,499, 75
9362,436, 63
9363,391, 41
9364,338, 22
9365,276, 5
9366,210, 0
9367,181, 0
9368,175, 0
9369,198, 0
9370,251, 0
9371,333, 0
9372,361, 2
9373,413, 17
9374,473, 37
9375,543, 68
9376,577, 93
9377,582, 108
9378,426, 90
9379,188, 26
9380,44, 0
9381,230, 0
9382,372, 1
9383,452, 25
9384,464, 44
9385,418, 52
9386,345, 38
9387,270, 12
9388,169, 0
9389,51, 0
9390,31, 0
9391,187, 0
9392,342, 0
9393,432, 19
9394,514, 56
9395,512, 77
9396,435, 72
9397,339, 46
9398,226, 9
9399,126, 0
9400,59, 0
9401,10, 0
9402,2, 0
9403,28, 0
9404,17, 0
9405,3, 0
9406,91, 0
9407,227, 0
9408,326, 0
9409,343, 0
9410,254, 0
9411,227, 0
9412,158, 0
9413,163, 0
9414,166, 0
9415,214, 0
9416,257, 0
9417,252, 0
9418,200, 0
9419,137, 0
9420,96, 0
9421,123, 0
9422,211, 0
9423,330, 0
9424,428, 6
9425,486, 34
9426,490, 55
9427,428, 53
9428,329, 28
9429,204, 2
9430,94, 0
9431,12, 0
9432,2, 0
9433,62, 0
9434,120, 0
9435,113, 0
9436,126, 0
9437,64, 0
9438,12, 0
9439,0, 0
9440,2, 0
9441,4, 0
9442,0, 0
9443,0, 0
9444,0, 0
9445,25, 0
9446,48, 0
9447,53, 0
9448,44, 0
9449,22, 0
9450,25, 0
9451,23, 0
9452,8, 0
9453,11, 0
9454,61, 0
9455,127, 0
9456,182, 0
9457,189, 0
9458,189, 0
9459,164, 0
9460,133, 0
9461,106, 0
9462,79, 0
9463,26, 0
9464,7, 0
9465,37, 0
9466,19, 0
9467,43, 0
9468,245, 0
9469,484, 9
9470,647, 70
9471,729, 130
9472,796, 173
9473,837, 206
9474,805, 221
9475,688, 204
9476,509, 152
9477,348, 80
9478,220, 13
9479,163, 0
9480,179, 0
9481,237, 0
9482,300, 0
9483,383, 0
9484,472, 24
9485,543, 57
9486,600, 89
9487,604, 111
9488,554, 111
9489,470, 93
9490,333, 51
9491,176, 6
9492,27, 0
9493,108, 0
9494,331, 0
9495,505, 23
9496,513, 57
9497,373, 51
9498,188, 7
9499,18, 0
9500,74, 0
9501,129, 0
9502,108, 0
9503,17, 0
9504,135, 0
9505,333, 0
9506,487, 22
9507,514, 63
9508,439, 68
9509,310, 38
9510,171, 1
9511,65, 0
9512,21, 0
9513,2, 0
9514,8, 0
9515,48, 0
9516,95, 0
9517,125, 0
9518,111, 0
9519,65, 0
9520,7, 0
9521,6, 0
9522,59, 0
9523,84, 0
9524,43, 0
9525,0, 0
9526,2, 0
9527,3, 0
9528,9, 0
9529,126, 0
9530,265, 0
9531,372, 0
9532,431, 17
9533,458, 35
9534,499, 50
9535,552, 76
9536,617, 97
9537,664, 122
9538,691, 145
9539,708, 163
9540,710, 166
9541,677, 170
9542,552, 141
9543,391, 88
9544,252, 25
9545,213, 0
9546,252, 0
9547,314, 0
9548,355, 0
9549,348, 4
9550,327, 5
9551,260, 0
9552,205, 0
9553,174, 0
9554,169, 0
9555,89, 0
9556,38, 0
9557,26, 0
9558,51, 0
9559,89, 0
9560,139, 0
9561,152, 0
9562,133, 0
9563,89, 0
9564,43, 0
9565,6, 0
9566,1, 0
9567,21, 0
9568,19, 0
9569,3, 0
9570,0, 0
9571,0, 0
9572,0, 0
9573,0, 0
9574,10, 0
9575,2, 0
9576,15, 0
9577,44, 0
9578,88, 0
9579,118, 0
9580,139, 0
9581,119, 0
9582,68, 0
9583,5, 0
9584,47, 0
9585,160, 0
9586,238, 0
9587,252, 0
9588,200, 0
9589,100, 0
9590,51, 0
9591,237, 0
9592,373, 0
9593,418, 12
9594,390, 20
9595,356, 14
9596,325, 6
9597,299, 0
9598,244, 0
9599,252, 0
9600,233, 0
9601,251, 0
9602,276, 0
9603,333, 0
9604,407, 6
9605,467, 29
9606,502, 47
9607,516, 63
9608,517, 74
9609,497, 75
9610,442, 61
9611,387, 46
9612,326, 24
9613,272, 4
9614,232, 0
9615,175, 0
9616,95, 0
9617,38, 0
9618,52, 0
9619,59, 0
9620,92, 0
9621,158, 0
9622,195, 0
9623,192, 0
9624,183, 0
9625,140, 0
9626,88, 0
9627,11, 0
9628,45, 0
9629,104, 0
9630,134, 0
9631,127, 0
9632,99, 0
9633,74, 0
9634,67, 0
9635,88, 0
9636,125, 0
9637,176, 0
9638,214, 0
9639,210, 0
9640,170, 0
9641,94, 0
9642,30, 0
9643,0, 0
9644,5, 0
9645,14, 0
9646,0, 0
9647,18, 0
9648,37, 0
9649,44, 0
9650,35, 0
9651,1, 0
9652,13, 0
9653,26, 0
9654,28, 0
9655,62, 0
9656,136, 0
9657,214, 0
9658,278, 0
9659,310, 0
9660,351, 0
9661,371, 2
9662,387, 11
9663,418, 23
9664,452, 28
9665,491, 47
9666,529, 63
9667,575, 83
9668,605, 102
9669,604, 115
9670,554, 111
9671,466, 92
9672,361, 55
9673,270, 12
9674,205, 0
9675,166, 0
9676,161, 0
9677,100, 0
9678,67, 0
9679,93, 0
9680,108, 0
9681,149, 0
9682,196, 0
9683,224, 0
9684,234, 0
9685,230, 0
9686,198, 0
9687,144, 0
9688,52, 0
9689,6, 0
9690,38, 0
9691,29, 0
9692,2, 0
9693,1, 0
9694,12, 0
9695,4, 0
9696,6, 0
9697,0, 0
9698,1, 0
9699,35, 0
9700,164, 0
9701,317, 0
9702,391, 8
9703,390, 21
9704,326, 21
9705,196, 0
9706,40, 0
9707,206, 0
9708,386, 0
9709,425, 19
9710,324, 19
9711,129, 0
9712,106, 0
9713,346, 0
9714,454, 13
9715,428, 32
9716,304, 15
9717,211, 0
9718,155, 0
9719,140, 0
9720,125, 0
9721,78, 0
9722,22, 0
9723,0, 0
9724,0, 0
9725,0, 0
9726,2, 0
9727,19, 0
9728,64, 0
9729,106, 0
9730,181, 0
9731,251, 0
9732,300, 0
9733,348, 0
9734,373, 7
9735,395, 18
9736,433, 31
9737,457, 43
9738,425, 42
9739,398, 39
9740,398, 31
9741,364, 25
9742,337, 12
9743,294, 0
9744,142, 0
9745,12, 0
9746,88, 0
9747,172, 0
9748,200, 0
9749,202, 0
9750,181, 0
9751,142, 0
9752,129, 0
9753,121, 0
9754,99, 0
9755,70, 0
9756,37, 0
9757,2, 0
9758,20, 0
9759,26, 0
9760,31, 0
9761,31, 0
9762,34, 0
9763,50, 0
9764,55, 0
9765,67, 0
9766,103, 0
9767,151, 0
9768,151, 0
9769,152, 0
9770,186, 0
9771,251, 0
9772,330, 0
9773,420, 12
9774,432, 31
9775,348, 24
9776,226, 1
9777,112, 0
9778,31, 0
9779,36, 0
9780,57, 0
9781,107, 0
9782,144, 0
9783,180, 0
9784,217, 0
9785,256, 0
9786,322, 0
9787,349, 0
9788,385, 6
9789,433, 22
9790,456, 36
9791,467, 46
9792,461, 51
9793,430, 46
9794,403, 40
9795,371, 25
9796,328, 14
9797,298, 2
9798,234, 0
9799,136, 0
9800,51, 0
9801,43, 0
9802,72, 0
9803,139, 0
9804,204, 0
9805,213, 0
9806,189, 0
9807,143, 0
9808,99, 0
9809,63, 0
9810,19, 0
9811,0, 0
9812,0, 0
9813,1, 0
9814,5, 0
9815,4, 0
9816,14, 0
9817,28, 0
9818,32, 0
9819,23, 0
9820,52, 0
9821,80, 0
9822,83, 0
9823,71, 0
9824,31, 0
9825,1, 0
9826,0, 0
9827,0, 0
9828,0, 0
9829,24, 0
9830,77, 0
9831,80, 0
9832,34, 0
9833,6, 0
9834,103, 0
9835,246, 0
9836,306, 0
9837,356, 0
9838,403, 9
9839,461, 27
9840,494, 50
9841,553, 71
9842,600, 93
9843,625, 115
9844,607, 125
9845,553, 115
9846,487, 92
9847,428, 67
9848,387, 42
9849,354, 23
9850,318, 9
9851,254, 0
9852,189, 0
9853,121, 0
9854,83, 0
9855,56, 0
9856,51, 0
9857,62, 0
9858,75, 0
9859,58, 0
9860,2, 0
9861,25, 0
9862,27, 0
9863,7, 0
9864,19, 0
9865,102, 0
9866,141, 0
9867,150, 0
9868,126, 0
9869,93, 0
9870,58, 0
9871,30, 0
9872,0, 0
9873,0, 0
9874,11, 0
9875,22, 0
9876,19, 0
9877,25, 0
9878,34, 0
9879,32, 0
9880,4, 0
9881,18, 0
9882,15, 0
9883,13, 0
9884,24, 0
9885,9, 0
9886,1, 0
9887,0, 0
9888,48, 0
9889,106, 0
9890,115, 0
9891,109, 0
9892,102, 0
9893,40, 0
9894,0, 0
9895,12, 0
9896,74, 0
9897,145, 0
9898,231, 0
9899,294, 0
9900,355, 0
9901,378, 6
9902,387, 12
9903,391, 17
9904,379, 15
9905,387, 17
9906,393, 18
9907,419, 27
9908,451, 35
9909,468, 45
9910,468, 51
9911,439, 51
9912,387, 35
9913,330, 17
9914,287, 1
9915,262, 0
9916,261, 0
9917,253, 0
9918,245, 0
9919,249, 0
9920,196, 0
9921,111, 0
9922,44, 0
9923,37, 0
9924,31, 0
9925,65, 0
9926,115, 0
9927,133, 0
9928,140, 0
9929,131, 0
9930,110, 0
9931,110, 0
9932,113, 0
9933,105, 0
9934,110, 0
9935,120, 0
9936,125, 0
9937,118, 0
9938,89, 0
9939,23, 0
9940,0, 0
9941,10, 0
9942,34, 0
9943,61, 0
9944,92, 0
9945,135, 0
9946,153, 0
9947,145, 0
9948,105, 0
9949,60, 0
9950,32, 0
9951,20, 0
9952,0, 0
9953,32, 0
9954,40, 0
9955,8, 0
9956,25, 0
9957,51, 0
9958,63, 0
9959,92, 0
9960,95, 0
9961,130, 0
9962,180, 0
9963,264, 0
9964,327, 0
9965,415, 8
9966,494, 34
9967,555, 64
9968,620, 95
9969,659, 126
9970,661, 140
9971,605, 138
9972,499, 112
9973,359, 60
9974,258, 12
9975,201, 0
9976,170, 0
9977,183, 0
9978,170, 0
9979,135, 0
9980,99, 0
9981,60, 0
9982,12, 0
9983,14, 0
9984,22, 0
9985,4, 0
9986,0, 0
9987,0, 0
9988,0, 0
9989,0, 0
9990,0, 0
9991,21, 0
9992,41, 0
9993,67, 0
9994,92, 0
9995,115, 0
9996,138, 0
9997,103, 0
9998,70, 0
9999,26, 0
10000,5, 0
10001,0, 0
10002,0, 0
10003,29, 0
10004,52, 0
10005,44, 0
10006,25, 0
10007,1, 0
10008,0, 0
10009,0, 0
10010,7, 0
10011,14, 0
10012,0, 0
10013,0, 0
10014,34, 0
10015,96, 0
10016,205, 0
10017,337, 0
10018,398, 6
10019,406, 21
10020,370, 23
10021,330, 9
10022,317, 1
10023,301, 0
10024,300, 0
10025,300, 0
10026,306, 0
10027,326, 0
10028,354, 0
10029,385, 8
10030,418, 20
10031,420, 27
10032,420, 32
10033,423, 35
10034,408, 34
10035,391, 28
10036,379, 27
10037,363, 14
10038,330, 8
10039,318, 4
10040,302, 0
10041,277, 0
10042,243, 0
10043,155, 0
10044,108, 0
10045,107, 0
10046,112, 0
10047,155, 0
10048,187, 0
10049,183, 0
10050,163, 0
10051,119, 0
10052,63, 0
10053,14, 0
10054,0, 0
10055,0, 0
10056,0, 0
10057,0, 0
10058,7, 0
10059,20, 0
10060,36, 0
10061,63, 0
10062,57, 0
10063,60, 0
10064,75, 0
10065,72, 0
10066,62, 0
10067,51, 0
10068,30, 0
10069,8, 0
10070,0, 0
10071,0, 0
10072,6, 0
10073,20, 0
10074,46, 0
10075,41, 0
10076,9, 0
10077,6, 0
10078,112, 0
10079,226, 0
10080,277, 0
10081,307, 0
10082,324, 0
10083,325, 0
10084,348, 4
10085,373, 6
10086,368, 11
10087,396, 12
10088,403, 22
10089,404, 23
10090,407, 28
10091,410, 26
10092,407, 28
10093,410, 29
10094,420, 29
10095,409, 30
10096,391, 28
10097,351, 20
10098,316, 4
10099,295, 0
10100,275, 0
10101,254, 0
10102,246, 0
10103,190, 0
10104,105, 0
10105,38, 0
10106,31, 0
10107,41, 0
10108,69, 0
10109,104, 0
10110,110, 0
10111,100, 0
10112,86, 0
10113,56, 0
10114,29, 0
10115,4, 0
10116,0, 0
10117,0, 0
10118,0, 0
10119,5, 0
10120,13, 0
10121,25, 0
10122,45, 0
10123,39, 0
10124,42, 0
10125,63, 0
10126,74, 0
10127,83, 0
10128,67, 0
10129,69, 0
10130,23, 0
10131,4, 0
10132,0, 0
10133,0, 0
10134,23, 0
10135,51, 0
10136,31, 0
10137,7, 0
10138,13, 0
10139,134, 0
10140,230, 0
10141,273, 0
10142,310, 0
10143,325, 0
10144,336, 0
10145,362, 2
10146,373, 6
10147,376, 11
10148,387, 14
10149,387, 19
10150,391, 17
10151,406, 23
10152,408, 25
10153,405, 24
10154,401, 26
10155,402, 23
10156,382, 20
10157,380, 15
10158,371, 19
10159,371, 12
10160,368, 14
10161,369, 15
10162,324, 7
10163,281, 1
10164,189, 0
10165,61, 0
10166,14, 0
10167,0, 0
10168,0, 0
10169,26, 0
10170,75, 0
10171,90, 0
10172,92, 0
10173,77, 0
10174,46, 0
10175,29, 0
10176,6, 0
10177,0, 0
10178,0, 0
10179,6, 0
10180,24, 0
10181,41, 0
10182,60, 0
10183,65, 0
10184,51, 0
10185,38, 0
10186,48, 0
10187,57, 0
10188,47, 0
10189,38, 0
10190,15, 0
10191,11, 0
10192,0, 0
10193,0, 0
10194,0, 0
10195,24, 0
10196,44, 0
10197,47, 0
10198,15, 0
10199,22, 0
10200,148, 0
10201,233, 0
10202,286, 0
10203,306, 0
10204,319, 0
10205,338, 0
10206,362, 2
10207,383, 10
10208,384, 13
10209,391, 18
10210,403, 21
10211,404, 25
10212,423, 27
10213,436, 32
10214,430, 37
10215,426, 39
10216,415, 34
10217,395, 27
10218,380, 24
10219,362, 18
10220,346, 10
10221,334, 7
10222,310, 2
10223,273, 0
10224,234, 0
10225,158, 0
10226,44, 0
10227,9, 0
10228,0, 0
10229,6, 0
10230,64, 0
10231,105, 0
10232,111, 0
10233,112, 0
10234,89, 0
10235,48, 0
10236,11, 0
10237,0, 0
10238,18, 0
10239,6, 0
10240,0, 0
10241,0, 0
10242,0, 0
10243,0, 0
10244,0, 0
10245,6, 0
10246,24, 0
10247,75, 0
10248,88, 0
10249,83, 0
10250,68, 0
10251,35, 0
10252,1, 0
10253,0, 0
10254,7, 0
10255,0, 0
10256,20, 0
10257,74, 0
10258,87, 0
10259,59, 0
10260,11, 0
10261,85, 0
10262,188, 0
10263,249, 0
10264,279, 0
10265,300, 0
10266,330, 0
10267,362, 1
10268,386, 12
10269,401, 19
10270,420, 25
10271,410, 26
10272,403, 25
10273,405, 28
10274,403, 27
10275,391, 22
10276,398, 23
10277,396, 22
10278,379, 19
10279,379, 19
10280,354, 17
10281,332, 6
10282,322, 4
10283,305, 0
10284,287, 0
10285,271, 0
10286,188, 0
10287,89, 0
10288,42, 0
10289,29, 0
10290,48, 0
10291,80, 0
10292,123, 0
10293,111, 0
10294,104, 0
10295,84, 0
10296,50, 0
10297,28, 0
10298,5, 0
10299,0, 0
10300,1, 0
10301,4, 0
10302,18, 0
10303,27, 0
10304,41, 0
10305,47, 0
10306,38, 0
10307,38, 0
10308,69, 0
10309,76, 0
10310,80, 0
10311,72, 0
10312,76, 0
10313,27, 0
10314,8, 0
10315,0, 0
10316,0, 0
10317,25, 0
10318,47, 0
10319,26, 0
10320,0, 0
10321,37, 0
10322,161, 0
10323,240, 0
10324,286, 0
10325,312, 0
10326,330, 0
10327,359, 0
10328,378, 10
10329,393, 19
10330,393, 19
10331,401, 23
10332,407, 26
10333,408, 23
10334,427, 31
10335,433, 35
10336,430, 37
10337,425, 39
10338,420, 37
10339,413, 31
10340,396, 29
10341,374, 25
10342,348, 14
10343,338, 9
10344,318, 4
10345,293, 0
10346,273, 0
10347,203, 0
10348,102, 0
10349,44, 0
10350,52, 0
10351,80, 0
10352,118, 0
10353,153, 0
10354,156, 0
10355,128, 0
10356,70, 0
10357,12, 0
10358,0, 0
10359,20, 0
10360,44, 0
10361,47, 0
10362,41, 0
10363,51, 0
10364,55, 0
10365,69, 0
10366,76, 0
10367,68, 0
10368,61, 0
10369,84, 0
10370,89, 0
10371,76, 0
10372,81, 0
10373,45, 0
10374,24, 0
10375,12, 0
10376,1, 0
10377,12, 0
10378,60, 0
10379,79, 0
10380,62, 0
10381,26, 0
10382,24, 0
10383,148, 0
10384,233, 0
10385,286, 0
10386,312, 0
10387,330, 0
10388,349, 1
10389,379, 6
10390,396, 13
10391,406, 20
10392,418, 25
10393,428, 31
10394,439, 36
10395,456, 43
10396,464, 48
10397,452, 51
10398,444, 50
10399,430, 44
10400,405, 36
10401,398, 31
10402,370, 25
10403,348, 12
10404,332, 8
10405,308, 1
10406,286, 0
10407,270, 0
10408,181, 0
10409,76, 0
10410,38, 0
10411,34, 0
10412,32, 0
10413,87, 0
10414,109, 0
10415,100, 0
10416,93, 0
10417,68, 0
10418,36, 0
10419,18, 0
10420,11, 0
10421,0, 0
10422,3, 0
10423,19, 0
10424,28, 0
10425,44, 0
10426,51, 0
10427,70, 0
10428,70, 0
10429,58, 0
10430,80, 0
10431,90, 0
10432,73, 0
10433,54, 0
10434,31, 0
10435,13, 0
10436,1, 0
10437,0, 0
10438,3, 0
10439,45, 0
10440,57, 0
10441,37, 0
10442,8, 0
10443,35, 0
10444,159, 0
10445,238, 0
10446,282, 0
10447,307, 0
10448,325, 0
10449,347, 1
10450,373, 3
10451,383, 8
10452,388, 13
10453,394, 20
10454,403, 25
10455,403, 24
10456,420, 28
10457,430, 34
10458,420, 32
10459,415, 36
10460,403, 29
10461,391, 25
10462,373, 21
10463,353, 13
10464,337, 6
10465,317, 4
10466,295, 0
10467,274, 0
10468,248, 0
10469,172, 0
10470,92, 0
10471,41, 0
10472,37, 0
10473,37, 0
10474,76, 0
10475,132, 0
10476,106, 0
10477,97, 0
10478,69, 0
10479,40, 0
10480,19, 0
10481,0, 0
10482,6, 0
10483,0, 0
10484,1, 0
10485,14, 0
10486,19, 0
10487,38, 0
10488,51, 0
10489,47, 0
10490,57, 0
10491,83, 0
10492,87, 0
10493,76, 0
10494,73, 0
10495,39, 0
10496,17, 0
10497,8, 0
10498,0, 0
10499,14, 0
10500,58, 0
10501,71, 0
10502,41, 0
10503,6, 0
10504,39, 0
10505,172, 0
10506,243, 0
10507,282, 0
10508,297, 0
10509,325, 0
10510,345, 0
10511,377, 7
10512,388, 14
10513,398, 18
10514,410, 22
10515,406, 27
10516,416, 28
10517,432, 34
10518,435, 38
10519,426, 38
10520,431, 41
10521,417, 38
10522,398, 31
10523,387, 26
10524,367, 19
10525,348, 9
10526,337, 7
10527,316, 4
10528,294, 0
10529,261, 0
10530,183, 0
10531,92, 0
10532,57, 0
10533,45, 0
10534,47, 0
10535,99, 0
10536,125, 0
10537,119, 0
10538,112, 0
10539,87, 0
10540,55, 0
10541,20, 0
10542,1, 0
10543,2, 0
10544,17, 0
10545,38, 0
10546,50, 0
10547,60, 0
10548,70, 0
10549,65, 0
10550,59, 0
10551,69, 0
10552,83, 0
10553,89, 0
10554,74, 0
10555,59, 0
10556,28, 0
10557,10, 0
10558,3, 0
10559,0, 0
10560,7, 0
10561,51, 0
10562,59, 0
10563,32, 0
10564,5, 0
10565,46, 0
10566,166, 0
10567,251, 0
10568,298, 0
10569,318, 0
10570,326, 0
10571,356, 2
10572,385, 7
10573,398, 14
10574,398, 19
10575,411, 25
10576,415, 28
10577,421, 31
10578,437, 36
10579,433, 39
10580,428, 40
10581,427, 40
10582,416, 36
10583,391, 30
10584,380, 25
10585,355, 19
10586,330, 6
10587,318, 3
10588,306, 0
10589,287, 0
10590,267, 0
10591,164, 0
10592,73, 0
10593,32, 0
10594,34, 0
10595,38, 0
10596,92, 0
10597,116, 0
10598,107, 0
10599,93, 0
10600,62, 0
10601,32, 0
10602,21, 0
10603,10, 0
10604,0, 0
10605,2, 0
10606,14, 0
10607,31, 0
10608,39, 0
10609,52, 0
10610,62, 0
10611,47, 0
10612,55, 0
10613,76, 0
10614,101, 0
10615,78, 0
10616,56, 0
10617,31, 0
10618,12, 0
10619,0, 0
10620,0, 0
10621,10, 0
10622,55, 0
10623,48, 0
10624,25, 0
10625,0, 0
10626,64, 0
10627,188, 0
10628,255, 0
10629,289, 0
10630,322, 0
10631,337, 0
10632,359, 2
10633,382, 9
10634,389, 15
10635,399, 22
10636,396, 22
10637,409, 25
10638,415, 26
10639,426, 31
10640,427, 37
10641,425, 36
10642,427, 35
10643,409, 32
10644,385, 25
10645,370, 22
10646,364, 19
10647,327, 6
10648,321, 3
10649,306, 0
10650,286, 0
10651,255, 0
10652,172, 0
10653,86, 0
10654,43, 0
10655,31, 0
10656,51, 0
10657,94, 0
10658,127, 0
10659,102, 0
10660,89, 0
10661,57, 0
10662,26, 0
10663,6, 0
10664,0, 0
10665,6, 0
10666,15, 0
10667,28, 0
10668,44, 0
10669,46, 0
10670,65, 0
10671,59, 0
10672,46, 0
10673,53, 0
10674,72, 0
10675,76, 0
10676,58, 0
10677,53, 0
10678,25, 0
10679,6, 0
10680,0, 0
10681,0, 0
10682,9, 0
10683,51, 0
10684,43, 0
10685,25, 0
10686,2, 0
10687,75, 0
10688,189, 0
10689,268, 0
10690,300, 0
10691,316, 0
10692,312, 0
10693,339, 0
10694,357, 2
10695,361, 9
10696,368, 7
10697,378, 11
10698,380, 13
10699,401, 17
10700,418, 25
10701,433, 32
10702,432, 36
10703,432, 38
10704,420, 38
10705,409, 31
10706,391, 30
10707,368, 21
10708,339, 11
10709,328, 6
10710,306, 1
10711,286, 0
10712,264, 0
10713,157, 0
10714,77, 0
10715,48, 0
10716,37, 0
10717,50, 0
10718,97, 0
10719,122, 0
10720,117, 0
10721,102, 0
10722,76, 0
10723,44, 0
10724,25, 0
10725,0, 0
10726,0, 0
10727,3, 0
10728,20, 0
10729,38, 0
10730,42, 0
10731,64, 0
10732,60, 0
10733,47, 0
10734,55, 0
10735,74, 0
10736,67, 0
10737,67, 0
10738,44, 0
10739,25, 0
10740,12, 0
10741,0, 0
10742,0, 0
10743,20, 0
10744,69, 0
10745,70, 0
10746,39, 0
10747,12, 0
10748,54, 0
10749,183, 0
10750,261, 0
10751,301, 0
10752,331, 0
10753,351, 0
10754,379, 6
10755,394, 14
10756,411, 23
10757,415, 28
10758,419, 29
10759,420, 35
10760,421, 31
10761,442, 39
10762,450, 42
10763,450, 46
10764,438, 45
10765,418, 42
10766,414, 35
10767,380, 28
10768,337, 18
10769,313, 4
10770,289, 0
10771,272, 0
10772,245, 0
10773,226, 0
10774,154, 0
10775,85, 0
10776,60, 0
10777,48, 0
10778,64, 0
10779,110, 0
10780,121, 0
10781,99, 0
10782,81, 0
10783,50, 0
10784,28, 0
10785,8, 0
10786,0, 0
10787,0, 0
10788,7, 0
10789,27, 0
10790,47, 0
10791,59, 0
10792,76, 0
10793,70, 0
10794,70, 0
10795,90, 0
10796,97, 0
10797,88, 0
10798,84, 0
10799,63, 0
10800,32, 0
10801,13, 0
10802,2, 0
10803,0, 0
10804,32, 0
10805,75, 0
10806,51, 0
10807,29, 0
10808,6, 0
10809,86, 0
10810,189, 0
10811,272, 0
10812,300, 0
10813,323, 0
10814,338, 0
10815,361, 3
10816,380, 11
10817,388, 14
10818,403, 19
10819,410, 25
10820,414, 27
10821,413, 28
10822,431, 34
10823,434, 38
10824,423, 36
10825,420, 36
10826,409, 34
10827,403, 27
10828,383, 27
10829,365, 19
10830,330, 9
10831,309, 2
10832,291, 0
10833,275, 0
10834,218, 0
10835,126, 0
10836,52, 0
10837,31, 0
10838,35, 0
10839,61, 0
10840,110, 0
10841,118, 0
10842,106, 0
10843,89, 0
10844,50, 0
10845,22, 0
10846,1, 0
10847,0, 0
10848,9, 0
10849,30, 0
10850,30, 0
10851,50, 0
10852,65, 0
10853,73, 0
10854,72, 0
10855,59, 0
10856,72, 0
10857,87, 0
10858,80, 0
10859,70, 0
10860,48, 0
10861,20, 0
10862,2, 0
10863,0, 0
10864,0, 0
10865,12, 0
10866,51, 0
10867,43, 0
10868,12, 0
10869,1, 0
10870,93, 0
10871,223, 0
10872,272, 0
10873,300, 0
10874,325, 0
10875,351, 0
10876,373, 7
10877,403, 19
10878,411, 25
10879,415, 26
10880,413, 29
10881,408, 27
10882,409, 28
10883,413, 30
10884,423, 28
10885,413, 34
10886,414, 31
10887,399, 29
10888,387, 25
10889,367, 21
10890,359, 12
10891,329, 6
10892,326, 4
10893,325, 0
10894,285, 0
10895,238, 0
10896,130, 0
10897,60, 0
10898,44, 0
10899,38, 0
10900,48, 0
10901,99, 0
10902,110, 0
10903,105, 0
10904,83, 0
10905,47, 0
10906,17, 0
10907,11, 0
10908,0, 0
10909,8, 0
10910,17, 0
10911,35, 0
10912,62, 0
10913,58, 0
10914,70, 0
10915,78, 0
10916,57, 0
10917,76, 0
10918,91, 0
10919,85, 0
10920,76, 0
10921,62, 0
10922,34, 0
10923,15, 0
10924,5, 0
10925,0, 0
10926,31, 0
10927,65, 0
10928,51, 0
10929,19, 0
10930,4, 0
10931,101, 0
10932,207, 0
10933,285, 0
10934,308, 0
10935,330, 0
10936,354, 1
10937,376, 7
10938,401, 17
10939,411, 23
10940,416, 26
10941,420, 31
10942,405, 31
10943,430, 35
10944,439, 40
10945,438, 41
10946,439, 43
10947,431, 40
10948,414, 38
10949,400, 30
10950,391, 27
10951,373, 20
10952,337, 10
10953,333, 4
10954,305, 0
10955,279, 0
10956,237, 0
10957,139, 0
10958,74, 0
10959,50, 0
10960,34, 0
10961,57, 0
10962,108, 0
10963,126, 0
10964,120, 0
10965,100, 0
10966,71, 0
10967,36, 0
10968,9, 0
10969,0, 0
10970,9, 0
10971,22, 0
10972,41, 0
10973,56, 0
10974,63, 0
10975,67, 0
10976,75, 0
10977,68, 0
10978,78, 0
10979,87, 0
10980,88, 0
10981,79, 0
10982,73, 0
10983,44, 0
10984,20, 0
10985,6, 0
10986,1, 0
10987,39, 0
10988,67, 0
10989,53, 0
10990,21, 0
10991,5, 0
10992,103, 0
10993,207, 0
10994,285, 0
10995,293, 0
10996,327, 0
10997,355, 0
10998,383, 8
10999,402, 15
11000,413, 24
11001,411, 28
11002,430, 31
11003,423, 34
11004,430, 36
11005,441, 41
11006,439, 41
11007,433, 42
11008,424, 39
11009,418, 38
11010,393, 30
11011,381, 25
11012,353, 17
11013,325, 6
11014,319, 2
11015,325, 0
11016,282, 0
11017,240, 0
11018,130, 0
11019,63, 0
11020,41, 0
11021,40, 0
11022,63, 0
11023,102, 0
11024,108, 0
11025,92, 0
11026,71, 0
11027,40, 0
11028,12, 0
11029,0, 0
11030,2, 0
11031,12, 0
11032,24, 0
11033,59, 0
11034,57, 0
11035,68, 0
11036,84, 0
11037,87, 0
11038,78, 0
11039,108, 0
11040,124, 0
11041,122, 0
11042,106, 0
11043,81, 0
11044,52, 0
11045,25, 0
11046,5, 0
11047,0, 0
11048,13, 0
11049,52, 0
11050,44, 0
11051,11, 0
11052,12, 0
11053,128, 0
11054,231, 0
11055,295, 0
11056,321, 0
11057,333, 0
11058,354, 1
11059,385, 10
11060,398, 19
11061,420, 24
11062,435, 34
11063,440, 40
11064,439, 41
11065,453, 46
11066,469, 51
11067,457, 55
11068,464, 54
11069,451, 51
11070,420, 45
11071,409, 38
11072,394, 30
11073,357, 19
11074,342, 12
11075,328, 6
11076,309, 0
11077,290, 0
11078,232, 0
11079,121, 0
11080,41, 0
11081,11, 0
11082,7, 0
11083,43, 0
11084,92, 0
11085,102, 0
11086,97, 0
11087,77, 0
11088,52, 0
11089,21, 0
11090,0, 0
11091,0, 0
11092,1, 0
11093,17, 0
11094,29, 0
11095,41, 0
11096,83, 0
11097,77, 0
11098,79, 0
11099,74, 0
11100,102, 0
11101,131, 0
11102,131, 0
11103,125, 0
11104,99, 0
11105,57, 0
11106,29, 0
11107,6, 0
11108,1, 0
11109,37, 0
11110,65, 0
11111,52, 0
11112,13, 0
11113,11, 0
11114,125, 0
11115,220, 0
11116,267, 0
11117,306, 0
11118,331, 0
11119,351, 0
11120,385, 8
11121,413, 20
11122,424, 30
11123,433, 35
11124,438, 40
11125,437, 40
11126,442, 42
11127,456, 42
11128,449, 45
11129,436, 43
11130,439, 44
11131,421, 42
11132,411, 35
11133,393, 31
11134,378, 24
11135,345, 13
11136,330, 6
11137,309, 1
11138,295, 0
11139,234, 0
11140,132, 0
11141,65, 0
11142,40, 0
11143,41, 0
11144,84, 0
11145,134, 0
11146,128, 0
11147,108, 0
11148,77, 0
11149,42, 0
11150,8, 0
11151,0, 0
11152,6, 0
11153,25, 0
11154,36, 0
11155,67, 0
11156,59, 0
11157,64, 0
11158,76, 0
11159,81, 0
11160,87, 0
11161,112, 0
11162,137, 0
11163,133, 0
11164,121, 0
11165,89, 0
11166,42, 0
11167,7, 0
11168,0, 0
11169,0, 0
11170,0, 0
11171,0, 0
11172,0, 0
11173,0, 0
11174,34, 0
11175,147, 0
11176,238, 0
11177,285, 0
11178,312, 0
11179,330, 0
11180,364, 2
11181,378, 11
11182,398, 15
11183,404, 24
11184,414, 25
11185,417, 31
11186,414, 28
11187,416, 30
11188,418, 31
11189,408, 29
11190,411, 30
11191,405, 29
11192,391, 27
11193,379, 19
11194,372, 18
11195,342, 8
11196,318, 3
11197,318, 0
11198,309, 0
11199,305, 0
11200,257, 0
11201,158, 0
11202,100, 0
11203,69, 0
11204,73, 0
11205,105, 0
11206,137, 0
11207,127, 0
11208,102, 0
11209,65, 0
11210,28, 0
11211,1, 0
11212,2, 0
11213,27, 0
11214,53, 0
11215,75, 0
11216,77, 0
11217,86, 0
11218,95, 0
11219,96, 0
11220,92, 0
11221,85, 0
11222,99, 0
11223,111, 0
11224,105, 0
11225,90, 0
11226,70, 0
11227,51, 0
11228,25, 0
11229,6, 0
11230,2, 0
11231,25, 0
11232,34, 0
11233,9, 0
11234,1, 0
11235,61, 0
11236,191, 0
11237,281, 0
11238,318, 0
11239,337, 0
11240,342, 1
11241,371, 6
11242,378, 12
11243,387, 18
11244,379, 17
11245,374, 15
11246,380, 13
11247,399, 18
11248,431, 27
11249,483, 42
11250,508, 57
11251,530, 73
11252,555, 85
11253,543, 91
11254,541, 95
11255,529, 92
11256,487, 84
11257,449, 68
11258,398, 47
11259,334, 27
11260,263, 3
11261,133, 0
11262,9, 0
11263,85, 0
11264,139, 0
11265,159, 0
11266,129, 0
11267,75, 0
11268,32, 0
11269,3, 0
11270,0, 0
11271,0, 0
11272,0, 0
11273,0, 0
11274,5, 0
11275,6, 0
11276,10, 0
11277,26, 0
11278,48, 0
11279,68, 0
11280,78, 0
11281,74, 0
11282,79, 0
11283,110, 0
11284,135, 0
11285,139, 0
11286,109, 0
11287,81, 0
11288,36, 0
11289,6, 0
11290,0, 0
11291,0, 0
11292,12, 0
11293,32, 0
11294,11, 0
11295,0, 0
11296,46, 0
11297,170, 0
11298,266, 0
11299,312, 0
11300,341, 0
11301,370, 5
11302,365, 11
11303,425, 23
11304,436, 30
11305,446, 39
11306,457, 44
11307,454, 50
11308,466, 50
11309,467, 52
11310,480, 57
11311,481, 59
11312,464, 55
11313,447, 55
11314,438, 46
11315,403, 39
11316,379, 27
11317,368, 20
11318,338, 7
11319,325, 2
11320,317, 0
11321,269, 0
11322,191, 0
11323,94, 0
11324,45, 0
11325,35, 0
11326,38, 0
11327,83, 0
11328,123, 0
11329,117, 0
11330,93, 0
11331,59, 0
11332,32, 0
11333,4, 0
11334,1, 0
11335,10, 0
11336,22, 0
11337,32, 0
11338,55, 0
11339,67, 0
11340,95, 0
11341,85, 0
11342,70, 0
11343,51, 0
11344,70, 0
11345,79, 0
11346,84, 0
11347,67, 0
11348,50, 0
11349,35, 0
11350,19, 0
11351,4, 0
11352,15, 0
11353,60, 0
11354,75, 0
11355,43, 0
11356,2, 0
11357,26, 0
11358,150, 0
11359,257, 0
11360,306, 0
11361,342, 0
11362,373, 4
11363,394, 12
11364,418, 23
11365,434, 31
11366,433, 36
11367,446, 39
11368,454, 47
11369,455, 45
11370,463, 50
11371,466, 52
11372,464, 54
11373,464, 51
11374,447, 51
11375,425, 44
11376,390, 36
11377,373, 27
11378,336, 13
11379,318, 3
11380,300, 0
11381,277, 0
11382,258, 0
11383,188, 0
11384,94, 0
11385,42, 0
11386,44, 0
11387,57, 0
11388,102, 0
11389,148, 0
11390,159, 0
11391,147, 0
11392,108, 0
11393,74, 0
11394,36, 0
11395,0, 0
11396,1, 0
11397,18, 0
11398,31, 0
11399,56, 0
11400,76, 0
11401,93, 0
11402,102, 0
11403,95, 0
11404,92, 0
11405,109, 0
11406,121, 0
11407,119, 0
11408,115, 0
11409,99, 0
11410,79, 0
11411,59, 0
11412,38, 0
11413,42, 0
11414,87, 0
11415,100, 0
11416,80, 0
11417,38, 0
11418,10, 0
11419,110, 0
11420,202, 0
11421,234, 0
11422,267, 0
11423,301, 0
11424,352, 0
11425,399, 8
11426,439, 24
11427,462, 38
11428,473, 51
11429,487, 54
11430,480, 59
11431,488, 62
11432,482, 63
11433,481, 62
11434,487, 62
11435,493, 64
11436,470, 61
11437,445, 56
11438,418, 47
11439,389, 38
11440,387, 25
11441,362, 20
11442,337, 12
11443,331, 6
11444,255, 2
11445,143, 0
11446,73, 0
11447,30, 0
11448,6, 0
11449,27, 0
11450,57, 0
11451,72, 0
11452,83, 0
11453,94, 0
11454,92, 0
11455,95, 0
11456,70, 0
11457,37, 0
11458,17, 0
11459,0, 0
11460,0, 0
11461,0, 0
11462,19, 0
11463,41, 0
11464,41, 0
11465,20, 0
11466,36, 0
11467,89, 0
11468,172, 0
11469,251, 0
11470,292, 0
11471,278, 0
11472,236, 0
11473,180, 0
11474,145, 0
11475,137, 0
11476,107, 0
11477,46, 0
11478,0, 0
11479,71, 0
11480,192, 0
11481,264, 0
11482,274, 0
11483,296, 0
11484,316, 0
11485,371, 1
11486,405, 15
11487,439, 26
11488,456, 40
11489,464, 50
11490,481, 57
11491,486, 59
11492,494, 64
11493,513, 70
11494,518, 75
11495,506, 76
11496,491, 72
11497,460, 63
11498,418, 50
11499,380, 35
11500,338, 19
11501,313, 3
11502,290, 0
11503,270, 0
11504,228, 0
11505,152, 0
11506,69, 0
11507,35, 0
11508,41, 0
11509,59, 0
11510,117, 0
11511,159, 0
11512,152, 0
11513,112, 0
11514,51, 0
11515,1, 0
11516,28, 0
11517,87, 0
11518,137, 0
11519,184, 0
11520,179, 0
11521,161, 0
11522,151, 0
11523,145, 0
11524,140, 0
11525,116, 0
11526,107, 0
11527,125, 0
11528,139, 0
11529,143, 0
11530,154, 0
11531,157, 0
11532,147, 0
11533,127, 0
11534,92, 0
11535,92, 0
11536,108, 0
11537,93, 0
11538,22, 0
11539,10, 0
11540,129, 0
11541,281, 0
11542,401, 1
11543,447, 23
11544,495, 44
11545,526, 64
11546,551, 83
11547,589, 96
11548,607, 108
11549,619, 119
11550,621, 127
11551,622, 132
11552,613, 131
11553,610, 125
11554,600, 123
11555,570, 115
11556,538, 104
11557,509, 91
11558,478, 76
11559,453, 65
11560,408, 53
11561,355, 28
11562,276, 5
11563,161, 0
11564,32, 0
11565,47, 0
11566,191, 0
11567,290, 0
11568,296, 0
11569,243, 0
11570,166, 0
11571,59, 0
11572,0, 0
11573,4, 0
11574,18, 0
11575,24, 0
11576,22, 0
11577,6, 0
11578,0, 0
11579,4, 0
11580,26, 0
11581,41, 0
11582,61, 0
11583,72, 0
11584,86, 0
11585,72, 0
11586,53, 0
11587,24, 0
11588,14, 0
11589,3, 0
11590,6, 0
11591,61, 0
11592,141, 0
11593,221, 0
11594,276, 0
11595,291, 0
11596,263, 0
11597,189, 0
11598,139, 0
11599,121, 0
11600,115, 0
11601,143, 0
11602,186, 0
11603,184, 0
11604,147, 0
11605,101, 0
11606,85, 0
11607,79, 0
11608,100, 0
11609,137, 0
11610,185, 0
11611,232, 0
11612,282, 0
11613,327, 0
11614,382, 2
11615,428, 17
11616,466, 34
11617,486, 52
11618,487, 58
11619,452, 57
11620,399, 44
11621,343, 25
11622,280, 4
11623,236, 0
11624,190, 0
11625,147, 0
11626,99, 0
11627,12, 0
11628,13, 0
11629,19, 0
11630,0, 0
11631,3, 0
11632,63, 0
11633,120, 0
11634,132, 0
11635,122, 0
11636,118, 0
11637,102, 0
11638,97, 0
11639,96, 0
11640,124, 0
11641,131, 0
11642,159, 0
11643,152, 0
11644,127, 0
11645,102, 0
11646,57, 0
11647,23, 0
11648,8, 0
11649,0, 0
11650,31, 0
11651,71, 0
11652,96, 0
11653,97, 0
11654,81, 0
11655,61, 0
11656,46, 0
11657,38, 0
11658,44, 0
11659,26, 0
11660,12, 0
11661,20, 0
11662,103, 0
11663,189, 0
11664,226, 0
11665,226, 0
11666,222, 0
11667,231, 0
11668,251, 0
11669,291, 0
11670,306, 0
11671,326, 0
11672,344, 0
11673,378, 3
11674,388, 12
11675,419, 23
11676,434, 30
11677,419, 35
11678,402, 30
11679,363, 22
11680,315, 6
11681,285, 0
11682,252, 0
11683,217, 0
11684,205, 0
11685,200, 0
11686,186, 0
11687,164, 0
11688,110, 0
11689,44, 0
11690,29, 0
11691,50, 0
11692,95, 0
11693,158, 0
11694,192, 0
11695,207, 0
11696,166, 0
11697,117, 0
11698,56, 0
11699,1, 0
11700,39, 0
11701,92, 0
11702,102, 0
11703,108, 0
11704,91, 0
11705,89, 0
11706,83, 0
11707,73, 0
11708,56, 0
11709,35, 0
11710,30, 0
11711,12, 0
11712,0, 0
11713,22, 0
11714,60, 0
11715,104, 0
11716,139, 0
11717,159, 0
11718,122, 0
11719,67, 0
11720,34, 0
11721,43, 0
11722,62, 0
11723,115, 0
11724,215, 0
11725,252, 0
11726,279, 0
11727,312, 0
11728,348, 0
11729,387, 8
11730,407, 20
11731,415, 25
11732,418, 25
11733,457, 37
11734,509, 55
11735,566, 76
11736,619, 101
11737,616, 119
11738,524, 105
11739,389, 71
11740,235, 15
11741,107, 0
11742,45, 0
11743,38, 0
11744,70, 0
11745,122, 0
11746,171, 0
11747,191, 0
11748,185, 0
11749,122, 0
11750,44, 0
11751,17, 0
11752,32, 0
11753,44, 0
11754,116, 0
11755,152, 0
11756,164, 0
11757,173, 0
11758,164, 0
11759,148, 0
11760,110, 0
11761,63, 0
11762,8, 0
11763,19, 0
11764,42, 0
11765,57, 0
11766,79, 0
11767,93, 0
11768,109, 0
11769,131, 0
11770,180, 0
11771,236, 0
11772,274, 0
11773,269, 0
11774,256, 0
11775,221, 0
11776,174, 0
11777,139, 0
11778,122, 0
11779,135, 0
11780,170, 0
11781,183, 0
11782,138, 0
11783,83, 0
11784,14, 0
11785,136, 0
11786,224, 0
11787,280, 0
11788,337, 0
11789,375, 3
11790,402, 17
11791,449, 29
11792,461, 44
11793,477, 50
11794,487, 58
11795,503, 65
11796,509, 72
11797,527, 76
11798,530, 84
11799,525, 81
11800,510, 83
11801,523, 79
11802,518, 83
11803,513, 84
11804,502, 83
11805,470, 73
11806,419, 57
11807,379, 39
11808,332, 19
11809,282, 3
11810,200, 0
11811,102, 0
11812,92, 0
11813,126, 0
11814,187, 0
11815,275, 0
11816,345, 1
11817,363, 9
11818,345, 12
11819,300, 7
11820,245, 0
11821,183, 0
11822,133, 0
11823,93, 0
11824,97, 0
11825,94, 0
11826,52, 0
11827,19, 0
11828,115, 0
11829,189, 0
11830,256, 0
11831,324, 0
11832,391, 9
11833,418, 30
11834,388, 36
11835,338, 25
11836,263, 8
11837,185, 0
11838,135, 0
11839,106, 0
11840,120, 0
11841,159, 0
11842,147, 0
11843,100, 0
11844,31, 0
11845,37, 0
11846,160, 0
11847,235, 0
11848,264, 0
11849,283, 0
11850,297, 0
11851,314, 0
11852,338, 0
11853,368, 3
11854,370, 7
11855,387, 11
11856,402, 20
11857,423, 26
11858,481, 43
11859,533, 62
11860,589, 85
11861,630, 110
11862,646, 129
11863,625, 133
11864,598, 133
11865,556, 121
11866,495, 99
11867,439, 76
11868,322, 38
11869,177, 2
11870,38, 0
11871,80, 0
11872,192, 0
11873,205, 0
11874,145, 0
11875,76, 0
11876,17, 0
11877,71, 0
11878,113, 0
11879,111, 0
11880,80, 0
11881,35, 0
11882,0, 0
11883,1, 0
11884,8, 0
11885,0, 0
11886,0, 0
11887,0, 0
11888,0, 0
11889,0, 0
11890,4, 0
11891,0, 0
11892,0, 0
11893,0, 0
11894,0, 0
11895,0, 0
11896,3, 0
11897,7, 0
11898,0, 0
11899,0, 0
11900,0, 0
11901,1, 0
11902,25, 0
11903,23, 0
11904,2, 0
11905,11, 0
11906,111, 0
11907,252, 0
11908,299, 0
11909,306, 0
11910,327, 0
11911,331, 0
11912,391, 6
11913,490, 31
11914,584, 68
11915,649, 105
11916,700, 140
11917,712, 161
11918,718, 169
11919,716, 176
11920,696, 176
11921,629, 159
11922,545, 133
11923,456, 95
11924,398, 59
11925,356, 31
11926,321, 13
11927,309, 1
11928,322, 0
11929,308, 1
11930,248, 0
11931,132, 0
11932,25, 0
11933,156, 0
11934,251, 0
11935,282, 0
11936,259, 0
11937,189, 0
11938,127, 0
11939,90, 0
11940,63, 0
11941,37, 0
11942,41, 0
11943,92, 0
11944,153, 0
11945,214, 0
11946,254, 0
11947,273, 0
11948,252, 0
11949,223, 0
11950,190, 0
11951,158, 0
11952,125, 0
11953,86, 0
11954,68, 0
11955,45, 0
11956,25, 0
11957,44, 0
11958,64, 0
11959,71, 0
11960,80, 0
11961,93, 0
11962,111, 0
11963,167, 0
11964,170, 0
11965,142, 0
11966,92, 0
11967,11, 0
11968,131, 0
11969,251, 0
11970,332, 0
11971,403, 5
11972,465, 27
11973,527, 53
11974,582, 80
11975,608, 101
11976,601, 113
11977,605, 118
11978,594, 123
11979,587, 118
11980,586, 117
11981,568, 113
11982,539, 102
11983,535, 95
11984,503, 86
11985,462, 70
11986,439, 59
11987,418, 45
11988,410, 38
11989,402, 32
11990,391, 27
11991,399, 25
11992,398, 27
11993,336, 24
11994,294, 5
11995,270, 0
11996,245, 0
11997,244, 0
11998,308, 0
11999,373, 7
12000,426, 24
12001,487, 50
12002,533, 74
12003,539, 91
12004,475, 89
12005,351, 60
12006,210, 13
12007,63, 0
12008,38, 0
12009,161, 0
12010,307, 0
12011,424, 13
12012,481, 44
12013,464, 59
12014,409, 57
12015,361, 39
12016,308, 19
12017,264, 3
12018,236, 0
12019,232, 0
12020,234, 0
12021,273, 0
12022,331, 0
12023,423, 13
12024,505, 46
12025,519, 70
12026,483, 76
12027,418, 62
12028,297, 25
12029,153, 0
12030,36, 0
12031,14, 0
12032,108, 0
12033,196, 0
12034,266, 0
12035,343, 0
12036,377, 5
12037,407, 13
12038,437, 25
12039,463, 41
12040,481, 51
12041,513, 62
12042,529, 73
12043,524, 78
12044,512, 81
12045,477, 73
12046,435, 57
12047,411, 44
12048,368, 29
12049,306, 9
12050,238, 0
12051,148, 0
12052,55, 0
12053,4, 0
12054,26, 0
12055,43, 0
12056,4, 0
12057,24, 0
12058,115, 0
12059,185, 0
12060,240, 0
12061,218, 0
12062,214, 0
12063,186, 0
12064,150, 0
12065,126, 0
12066,116, 0
12067,117, 0
12068,134, 0
12069,157, 0
12070,165, 0
12071,168, 0
12072,155, 0
12073,133, 0
12074,119, 0
12075,85, 0
12076,41, 0
12077,17, 0
12078,17, 0
12079,19, 0
12080,23, 0
12081,36, 0
12082,44, 0
12083,43, 0
12084,26, 0
12085,38, 0
12086,75, 0
12087,130, 0
12088,183, 0
12089,287, 0
12090,368, 0
12091,370, 9
12092,391, 15
12093,390, 20
12094,372, 20
12095,331, 8
12096,330, 4
12097,332, 1
12098,361, 2
12099,398, 12
12100,419, 23
12101,423, 30
12102,455, 38
12103,481, 51
12104,502, 59
12105,526, 70
12106,523, 80
12107,497, 75
12108,473, 70
12109,427, 59
12110,400, 42
12111,414, 36
12112,396, 31
12113,352, 21
12114,273, 6
12115,137, 0
12116,22, 0
12117,25, 0
12118,74, 0
12119,76, 0
12120,44, 0
12121,36, 0
12122,42, 0
12123,51, 0
12124,57, 0
12125,74, 0
12126,90, 0
12127,95, 0
12128,95, 0
12129,89, 0
12130,88, 0
12131,95, 0
12132,109, 0
12133,115, 0
12134,106, 0
12135,89, 0
12136,77, 0
12137,44, 0
12138,5, 0
12139,9, 0
12140,36, 0
12141,28, 0
12142,4, 0
12143,0, 0
12144,20, 0
12145,88, 0
12146,145, 0
12147,153, 0
12148,127, 0
12149,62, 0
12150,24, 0
12151,138, 0
12152,230, 0
12153,301, 0
12154,377, 2
12155,424, 18
12156,438, 31
12157,418, 34
12158,367, 22
12159,304, 6
12160,272, 0
12161,238, 0
12162,207, 0
12163,191, 0
12164,176, 0
12165,183, 0
12166,224, 0
12167,276, 0
12168,293, 0
12169,310, 0
12170,325, 0
12171,346, 0
12172,398, 9
12173,410, 23
12174,390, 23
12175,355, 20
12176,252, 4
12177,171, 0
12178,134, 0
12179,139, 0
12180,176, 0
12181,220, 0
12182,226, 0
12183,207, 0
12184,192, 0
12185,182, 0
12186,154, 0
12187,101, 0
12188,30, 0
12189,3, 0
12190,37, 0
12191,84, 0
12192,123, 0
12193,152, 0
12194,153, 0
12195,147, 0
12196,102, 0
12197,85, 0
12198,74, 0
12199,38, 0
12200,2, 0
12201,2, 0
12202,9, 0
12203,6, 0
12204,2, 0
12205,0, 0
12206,0, 0
12207,0, 0
12208,13, 0
12209,85, 0
12210,168, 0
12211,304, 0
12212,401, 3
12213,407, 20
12214,348, 17
12215,284, 3
12216,244, 0
12217,267, 0
12218,311, 0
12219,360, 0
12220,396, 12
12221,421, 25
12222,411, 29
12223,373, 25
12224,355, 13
12225,316, 5
12226,279, 0
12227,251, 0
12228,229, 0
12229,232, 0
12230,257, 0
12231,264, 0
12232,263, 0
12233,270, 0
12234,257, 0
12235,204, 0
12236,111, 0
12237,20, 0
12238,44, 0
12239,69, 0
12240,78, 0
12241,36, 0
12242,0, 0
12243,2, 0
12244,0, 0
12245,0, 0
12246,0, 0
12247,0, 0
12248,6, 0
12249,13, 0
12250,27, 0
12251,21, 0
12252,10, 0
12253,0, 0
12254,4, 0
12255,69, 0
12256,158, 0
12257,253, 0
12258,346, 0
12259,404, 17
12260,427, 31
12261,411, 40
12262,403, 40
12263,409, 40
12264,423, 44
12265,447, 46
12266,465, 57
12267,487, 68
12268,505, 74
12269,554, 89
12270,551, 96
12271,529, 94
12272,537, 94
12273,527, 94
12274,456, 79
12275,311, 38
12276,104, 0
12277,100, 0
12278,311, 0
12279,401, 4
12280,435, 21
12281,380, 22
12282,312, 7
12283,249, 0
12284,144, 0
12285,25, 0
12286,145, 0
12287,295, 0
12288,399, 0
12289,451, 24
12290,465, 40
12291,451, 46
12292,433, 45
12293,435, 42
12294,445, 46
12295,417, 45
12296,318, 21
12297,160, 1
12298,31, 0
12299,167, 0
12300,247, 0
12301,294, 0
12302,312, 0
12303,325, 1
12304,343, 6
12305,318, 5
12306,228, 0
12307,116, 0
12308,15, 0
12309,11, 0
12310,48, 0
12311,77, 0
12312,135, 0
12313,196, 0
12314,251, 0
12315,259, 0
12316,169, 0
12317,36, 0
12318,261, 0
12319,517, 19
12320,688, 91
12321,730, 151
12322,663, 168
12323,548, 145
12324,398, 102
12325,270, 41
12326,170, 1
12327,116, 0
12328,116, 0
12329,132, 0
12330,95, 0
12331,40, 0
12332,6, 0
12333,111, 0
12334,232, 0
12335,310, 0
12336,367, 0
12337,427, 15
12338,465, 34
12339,487, 50
12340,499, 60
12341,499, 65
12342,498, 67
12343,540, 76
12344,593, 94
12345,665, 119
12346,740, 153
12347,788, 182
12348,834, 207
12349,869, 232
12350,882, 251
12351,878, 257
12352,842, 257
12353,772, 243
12354,645, 202
12355,481, 147
12356,287, 67
12357,89, 3
12358,29, 0
12359,119, 0
12360,109, 0
12361,28, 0
12362,8, 0
12363,76, 0
12364,147, 0
12365,163, 0
12366,171, 0
12367,177, 0
12368,169, 0
12369,108, 0
12370,23, 0
12371,12, 0
12372,84, 0
12373,63, 0
12374,9, 0
12375,53, 0
12376,161, 0
12377,262, 0
12378,304, 0
12379,295, 0
12380,262, 0
12381,192, 0
12382,76, 0
12383,39, 0
12384,202, 0
12385,286, 0
12386,285, 0
12387,218, 0
12388,159, 0
12389,170, 0
12390,216, 0
12391,249, 0
12392,226, 0
12393,115, 0
12394,18, 0
12395,109, 0
12396,183, 0
12397,237, 0
12398,287, 0
12399,311, 0
12400,332, 0
12401,359, 1
12402,342, 4
12403,337, 2
12404,337, 1
12405,347, 1
12406,385, 7
12407,466, 27
12408,533, 55
12409,601, 85
12410,631, 112
12411,597, 122
12412,539, 107
12413,449, 84
12414,349, 46
12415,240, 7
12416,168, 0
12417,159, 0
12418,200, 0
12419,222, 0
12420,253, 0
12421,330, 0
12422,431, 11
12423,469, 39
12424,479, 55
12425,431, 56
12426,342, 36
12427,257, 8
12428,191, 0
12429,157, 0
12430,141, 0
12431,164, 0
12432,221, 0
12433,325, 0
12434,408, 12
12435,457, 39
12436,408, 48
12437,251, 22
12438,50, 0
12439,212, 0
12440,452, 9
12441,588, 65
12442,597, 103
12443,505, 105
12444,383, 75
12445,276, 28
12446,187, 2
12447,129, 0
12448,47, 0
12449,36, 0
12450,118, 0
12451,249, 0
12452,337, 0
12453,418, 12
12454,464, 37
12455,465, 47
12456,479, 57
12457,488, 64
12458,466, 62
12459,420, 51
12460,380, 32
12461,329, 17
12462,256, 0
12463,160, 0
12464,41, 0
12465,48, 0
12466,160, 0
12467,257, 0
12468,330, 0
12469,393, 3
12470,428, 17
12471,466, 38
12472,475, 48
12473,434, 48
12474,368, 34
12475,279, 7
12476,223, 0
12477,224, 0
12478,248, 0
12479,287, 0
12480,277, 0
12481,214, 0
12482,183, 0
12483,203, 0
12484,238, 0
12485,319, 0
12486,385, 5
12487,390, 21
12488,347, 19
12489,290, 6
12490,226, 0
12491,165, 0
12492,127, 0
12493,110, 0
12494,135, 0
12495,189, 0
12496,260, 0
12497,310, 0
12498,359, 5
12499,379, 22
12500,385, 25
12501,357, 24
12502,300, 14
12503,227, 0
12504,151, 0
12505,90, 0
12506,45, 0
12507,22, 0
12508,38, 0
12509,64, 0
12510,76, 0
12511,61, 0
12512,68, 0
12513,121, 0
12514,175, 0
12515,272, 0
12516,409, 3
12517,517, 35
12518,574, 74
12519,607, 99
12520,620, 120
12521,603, 126
12522,582, 120
12523,554, 112
12524,566, 103
12525,562, 102
12526,570, 103
12527,569, 105
12528,568, 103
12529,566, 105
12530,541, 97
12531,521, 91
12532,516, 83
12533,504, 79
12534,482, 72
12535,468, 63
12536,442, 57
12537,406, 43
12538,355, 29
12539,286, 7
12540,232, 0
12541,150, 0
12542,64, 0
12543,13, 0
12544,0, 0
12545,5, 0
12546,0, 0
12547,0, 0
12548,10, 0
12549,31, 0
12550,51, 0
12551,36, 0
12552,6, 0
12553,0, 0
12554,38, 0
12555,102, 0
12556,135, 0
12557,133, 0
12558,115, 0
12559,85, 0
12560,56, 0
12561,46, 0
12562,70, 0
12563,92, 0
12564,91, 0
12565,53, 0
12566,3, 0
12567,62, 0
12568,159, 0
12569,223, 0
12570,227, 0
12571,113, 0
12572,38, 0
12573,210, 0
12574,318, 0
12575,332, 0
12576,201, 0
12577,29, 0
12578,182, 0
12579,347, 0
12580,479, 15
12581,533, 54
12582,517, 73
12583,385, 54
12584,161, 7
12585,43, 0
12586,169, 0
12587,197, 0
12588,168, 0
12589,132, 0
12590,72, 0
12591,19, 0
12592,0, 0
12593,24, 0
12594,44, 0
12595,51, 0
12596,59, 0
12597,78, 0
12598,144, 0
12599,244, 0
12600,347, 0
12601,399, 6
12602,367, 13
12603,270, 2
12604,179, 0
12605,95, 0
12606,10, 0
12607,0, 0
12608,0, 0
12609,0, 0
12610,0, 0
12611,19, 0
12612,42, 0
12613,55, 0
12614,27, 0
12615,1, 0
12616,22, 0
12617,39, 0
12618,15, 0
12619,1, 0
12620,0, 0
12621,0, 0
12622,6, 0
12623,63, 0
12624,170, 0
12625,251, 0
12626,257, 0
12627,180, 0
12628,72, 0
12629,12, 0
12630,127, 0
12631,232, 0
12632,286, 0
12633,286, 0
12634,268, 0
12635,287, 0
12636,308, 0
12637,369, 1
12638,451, 23
12639,481, 44
12640,485, 60
12641,512, 68
12642,501, 72
12643,461, 65
12644,353, 41
12645,202, 4
12646,40, 0
12647,31, 0
12648,71, 0
12649,28, 0
12650,11, 0
12651,91, 0
12652,129, 0
12653,141, 0
12654,138, 0
12655,151, 0
12656,199, 0
12657,267, 0
12658,310, 0
12659,338, 0
12660,368, 6
12661,379, 14
12662,383, 19
12663,331, 15
12664,285, 1
12665,312, 0
12666,377, 4
12667,427, 23
12668,515, 50
12669,582, 87
12670,599, 111
12671,540, 113
12672,425, 89
12673,293, 41
12674,163, 3
12675,65, 0
12676,8, 0
12677,121, 0
12678,294, 0
12679,439, 14
12680,512, 52
12681,508, 76
12682,460, 76
12683,391, 60
12684,342, 34
12685,287, 15
12686,237, 0
12687,166, 0
12688,97, 0
12689,19, 0
12690,4, 0
12691,63, 0
12692,78, 0
12693,50, 0
12694,4, 0
12695,11, 0
12696,18, 0
12697,0, 0
12698,76, 0
12699,228, 0
12700,338, 0
12701,398, 3
12702,409, 19
12703,415, 25
12704,398, 28
12705,391, 25
12706,398, 20
12707,407, 25
12708,454, 31
12709,551, 60
12710,654, 99
12711,747, 143
12712,797, 183
12713,782, 200
12714,721, 196
12715,623, 172
12716,478, 126
12717,325, 58
12718,220, 9
12719,175, 0
12720,181, 0
12721,190, 0
12722,158, 0
12723,92, 0
12724,14, 0
12725,106, 0
12726,171, 0
12727,164, 0
12728,121, 0
12729,37, 0
12730,4, 0
12731,62, 0
12732,111, 0
12733,133, 0
12734,135, 0
12735,119, 0
12736,95, 0
12737,79, 0
12738,97, 0
12739,120, 0
12740,119, 0
12741,78, 0
12742,21, 0
12743,0, 0
12744,19, 0
12745,70, 0
12746,137, 0
12747,210, 0
12748,252, 0
12749,265, 0
12750,201, 0
12751,117, 0
12752,29, 0
12753,0, 0
12754,0, 0
12755,23, 0
12756,75, 0
12757,108, 0
12758,104, 0
12759,31, 0
12760,62, 0
12761,166, 0
12762,257, 0
12763,349, 0
12764,466, 19
12765,573, 57
12766,685, 104
12767,777, 153
12768,816, 193
12769,816, 212
12770,756, 213
12771,614, 184
12772,439, 119
12773,281, 48
12774,166, 0
12775,108, 0
12776,100, 0
12777,145, 0
12778,189, 0
12779,239, 0
12780,244, 0
12781,238, 0
12782,226, 0
12783,223, 0
12784,212, 0
12785,176, 0
12786,145, 0
12787,164, 0
12788,199, 0
12789,203, 0
12790,197, 0
12791,154, 0
12792,83, 0
12793,53, 0
12794,81, 0
12795,127, 0
12796,164, 0
12797,183, 0
12798,152, 0
12799,80, 0
12800,5, 0
12801,43, 0
12802,121, 0
12803,158, 0
12804,143, 0
12805,125, 0
12806,137, 0
12807,185, 0
12808,203, 0
12809,171, 0
12810,101, 0
12811,12, 0
12812,21, 0
12813,84, 0
12814,105, 0
12815,102, 0
12816,39, 0
12817,41, 0
12818,57, 0
12819,104, 0
12820,234, 0
12821,385, 0
12822,510, 28
12823,542, 65
12824,495, 75
12825,400, 52
12826,298, 19
12827,226, 0
12828,181, 0
12829,185, 0
12830,179, 0
12831,171, 0
12832,169, 0
12833,202, 0
12834,247, 0
12835,258, 0
12836,265, 0
12837,270, 0
12838,263, 0
12839,242, 0
12840,218, 0
12841,202, 0
12842,193, 0
12843,174, 0
12844,158, 0
12845,152, 0
12846,102, 0
12847,76, 0
12848,72, 0
12849,59, 0
12850,31, 0
12851,22, 0
12852,25, 0
12853,69, 0
12854,142, 0
12855,197, 0
12856,203, 0
12857,133, 0
12858,22, 0
12859,109, 0
12860,255, 0
12861,322, 0
12862,277, 0
12863,168, 0
12864,34, 0
12865,83, 0
12866,222, 0
12867,284, 0
12868,282, 0
12869,214, 0
12870,91, 0
12871,32, 0
12872,134, 0
12873,179, 0
12874,139, 0
12875,63, 0
12876,32, 0
12877,31, 0
12878,55, 0
12879,52, 0
12880,43, 0
12881,3, 0
12882,58, 0
12883,133, 0
12884,198, 0
12885,257, 0
12886,324, 0
12887,379, 2
12888,409, 14
12889,430, 25
12890,411, 28
12891,388, 24
12892,360, 18
12893,326, 8
12894,338, 1
12895,407, 12
12896,510, 38
12897,635, 81
12898,751, 135
12899,815, 183
12900,816, 210
12901,726, 207
12902,559, 170
12903,360, 94
12904,203, 22
12905,102, 0
12906,34, 0
12907,1, 0
12908,36, 0
12909,80, 0
12910,76, 0
12911,50, 0
12912,15, 0
12913,0, 0
12914,0, 0
12915,0, 0
12916,0, 0
12917,9, 0
12918,5, 0
12919,44, 0
12920,43, 0
12921,62, 0
12922,92, 0
12923,120, 0
12924,134, 0
12925,127, 0
12926,88, 0
12927,47, 0
12928,30, 0
12929,34, 0
12930,53, 0
12931,68, 0
12932,62, 0
12933,63, 0
12934,71, 0
12935,103, 0
12936,121, 0
12937,164, 0
12938,170, 0
12939,108, 0
12940,38, 0
12941,0, 0
12942,104, 0
12943,234, 0
12944,339, 0
12945,427, 9
12946,529, 44
12947,614, 85
12948,653, 117
12949,653, 133
12950,576, 131
12951,434, 93
12952,263, 30
12953,118, 0
12954,29, 0
12955,5, 0
12956,42, 0
12957,124, 0
12958,243, 0
12959,391, 0
12960,555, 37
12961,702, 101
12962,800, 159
12963,846, 207
12964,848, 230
12965,830, 242
12966,782, 236
12967,646, 203
12968,421, 134
12969,232, 44
12970,111, 0
12971,25, 0
12972,0, 0
12973,0, 0
12974,37, 0
12975,94, 0
12976,170, 0
12977,263, 0
12978,379, 2
12979,466, 28
12980,512, 62
12981,490, 76
12982,447, 72
12983,370, 55
12984,278, 21
12985,181, 0
12986,70, 0
12987,13, 0
12988,89, 0
12989,134, 0
12990,145, 0
12991,149, 0
12992,121, 0
12993,65, 0
12994,11, 0
12995,7, 0
12996,78, 0
12997,151, 0
12998,198, 0
12999,192, 0
13000,139, 0
13001,62, 0
13002,3, 0
13003,12, 0
13004,81, 0
13005,172, 0
13006,265, 0
13007,360, 0
13008,420, 12
13009,426, 27
13010,404, 27
13011,370, 22
13012,323, 7
13013,287, 0
13014,282, 0
13015,276, 0
13016,286, 0
13017,336, 0
13018,398, 6
13019,482, 30
13020,569, 65
13021,660, 103
13022,733, 144
13023,756, 173
13024,747, 187
13025,712, 184
13026,689, 180
13027,635, 164
13028,588, 145
13029,496, 115
13030,379, 70
13031,236, 19
13032,53, 0
13033,137, 0
13034,290, 0
13035,367, 2
13036,340, 8
13037,252, 1
13038,156, 0
13039,107, 0
13040,139, 0
13041,159, 0
13042,158, 0
13043,169, 0
13044,126, 0
13045,108, 0
13046,50, 0
13047,14, 0
13048,0, 0
13049,0, 0
13050,1, 0
13051,0, 0
13052,0, 0
13053,0, 0
13054,0, 0
13055,0, 0
13056,0, 0
13057,0, 0
13058,12, 0
13059,57, 0
13060,158, 0
13061,279, 0
13062,453, 10
13063,540, 51
13064,614, 94
13065,600, 117
13066,457, 94
13067,238, 32
13068,39, 0
13069,51, 0
13070,101, 0
13071,63, 0
13072,12, 0
13073,183, 0
13074,434, 0
13075,689, 62
13076,899, 158
13077,1039, 241
13078,1069, 300
13079,963, 309
13080,764, 272
13081,487, 188
13082,180, 70
13083,108, 0
13084,382, 0
13085,563, 38
13086,666, 97
13087,692, 138
13088,631, 144
13089,582, 135
13090,527, 115
13091,446, 88
13092,355, 51
13093,298, 20
13094,248, 0
13095,176, 0
13096,122, 0
13097,74, 0
13098,41, 0
13099,13, 0
13100,0, 0
13101,14, 0
13102,32, 0
13103,70, 0
13104,90, 0
13105,101, 0
13106,83, 0
13107,38, 0
13108,6, 0
13109,0, 0
13110,0, 0
13111,9, 0
13112,25, 0
13113,31, 0
13114,6, 0
13115,4, 0
13116,32, 0
13117,76, 0
13118,86, 0
13119,75, 0
13120,26, 0
13121,5, 0
13122,4, 0
13123,15, 0
13124,55, 0
13125,166, 0
13126,268, 0
13127,331, 0
13128,369, 1
13129,404, 12
13130,449, 31
13131,481, 47
13132,509, 61
13133,529, 72
13134,556, 86
13135,562, 92
13136,570, 101
13137,549, 100
13138,513, 91
13139,468, 78
13140,395, 51
13141,349, 25
13142,331, 7
13143,349, 6
13144,403, 17
13145,420, 28
13146,403, 30
13147,369, 24
13148,334, 12
13149,294, 1
13150,234, 0
13151,139, 0
13152,93, 0
13153,70, 0
13154,85, 0
13155,115, 0
13156,147, 0
13157,173, 0
13158,189, 0
13159,184, 0
13160,172, 0
13161,152, 0
13162,116, 0
13163,122, 0
13164,106, 0
13165,85, 0
13166,51, 0
13167,10, 0
13168,0, 0
13169,0, 0
13170,28, 0
13171,79, 0
13172,91, 0
13173,80, 0
13174,28, 0
13175,12, 0
13176,108, 0
13177,176, 0
13178,188, 0
13179,143, 0
13180,51, 0
13181,22, 0
13182,13, 0
13183,79, 0
13184,185, 0
13185,277, 0
13186,403, 1
13187,488, 34
13188,526, 59
13189,518, 76
13190,497, 76
13191,464, 67
13192,435, 55
13193,458, 48
13194,499, 58
13195,519, 69
13196,494, 70
13197,426, 59
13198,344, 32
13199,280, 5
13200,240, 0
13201,181, 0
13202,151, 0
13203,131, 0
13204,115, 0
13205,132, 0
13206,151, 0
13207,174, 0
13208,182, 0
13209,176, 0
13210,150, 0
13211,45, 0
13212,91, 0
13213,274, 0
13214,382, 0
13215,400, 17
13216,332, 17
13217,228, 0
13218,132, 0
13219,58, 0
13220,17, 0
13221,0, 0
13222,1, 0
13223,20, 0
13224,54, 0
13225,127, 0
13226,174, 0
13227,254, 0
13228,300, 0
13229,276, 0
13230,183, 0
13231,62, 0
13232,45, 0
13233,189, 0
13234,292, 0
13235,308, 0
13236,277, 0
13237,243, 0
13238,232, 0
13239,239, 0
13240,238, 0
13241,243, 0
13242,252, 0
13243,219, 0
13244,158, 0
13245,86, 0
13246,12, 0
13247,75, 0
13248,197, 0
13249,261, 0
13250,305, 0
13251,348, 0
13252,401, 10
13253,447, 25
13254,490, 42
13255,524, 63
13256,529, 73
13257,504, 74
13258,464, 67
13259,438, 53
13260,430, 44
13261,460, 44
13262,491, 56
13263,496, 63
13264,501, 70
13265,499, 70
13266,500, 70
13267,523, 76
13268,515, 83
13269,487, 80
13270,444, 67
13271,373, 44
13272,266, 14
13273,145, 0
13274,92, 0
13275,112, 0
13276,176, 0
13277,252, 0
13278,326, 0
13279,351, 4
13280,300, 4
13281,196, 0
13282,58, 0
13283,19, 0
13284,105, 0
13285,132, 0
13286,104, 0
13287,77, 0
13288,6, 0
13289,84, 0
13290,199, 0
13291,270, 0
13292,299, 0
13293,257, 0
13294,130, 0
13295,19, 0
13296,157, 0
13297,263, 0
13298,296, 0
13299,263, 0
13300,184, 0
13301,81, 0
13302,31, 0
13303,0, 0
13304,8, 0
13305,65, 0
13306,151, 0
13307,247, 0
13308,361, 0
13309,413, 10
13310,401, 23
13311,326, 17
13312,277, 0
13313,279, 0
13314,276, 0
13315,283, 0
13316,264, 0
13317,216, 0
13318,182, 0
13319,191, 0
13320,237, 0
13321,306, 0
13322,371, 2
13323,433, 15
13324,458, 31
13325,463, 44
13326,423, 42
13327,326, 23
13328,261, 2
13329,214, 0
13330,172, 0
13331,120, 0
13332,37, 0
13333,19, 0
13334,95, 0
13335,113, 0
13336,31, 0
13337,44, 0
13338,220, 0
13339,373, 0
13340,500, 30
13341,547, 71
13342,529, 89
13343,467, 86
13344,357, 57
13345,204, 12
13346,41, 0
13347,108, 0
13348,330, 0
13349,530, 27
13350,677, 95
13351,705, 147
13352,603, 154
13353,420, 116
13354,259, 45
13355,163, 1
13356,108, 0
13357,88, 0
13358,21, 0
13359,35, 0
13360,128, 0
13361,181, 0
13362,198, 0
13363,152, 0
13364,54, 0
13365,12, 0
13366,133, 0
13367,258, 0
13368,282, 0
13369,139, 0
13370,47, 0
13371,263, 0
13372,481, 7
13373,656, 71
13374,774, 139
13375,829, 188
13376,814, 213
13377,741, 208
13378,630, 183
13379,494, 130
13380,373, 76
13381,300, 27
13382,292, 1
13383,284, 0
13384,282, 0
13385,255, 0
13386,204, 0
13387,202, 0
13388,196, 0
13389,176, 0
13390,165, 0
13391,166, 0
13392,193, 0
13393,226, 0
13394,198, 0
13395,123, 0
13396,56, 0
13397,22, 0
13398,5, 0
13399,43, 0
13400,117, 0
13401,189, 0
13402,241, 0
13403,261, 0
13404,255, 0
13405,214, 0
13406,167, 0
13407,97, 0
13408,17, 0
13409,62, 0
13410,106, 0
13411,159, 0
13412,138, 0
13413,110, 0
13414,40, 0
13415,0, 0
13416,0, 0
13417,19, 0
13418,83, 0
13419,145, 0
13420,207, 0
13421,269, 0
13422,289, 0
13423,267, 0
13424,227, 0
13425,172, 0
13426,79, 0
13427,12, 0
13428,68, 0
13429,136, 0
13430,182, 0
13431,187, 0
13432,167, 0
13433,151, 0
13434,170, 0
13435,193, 0
13436,249, 0
13437,301, 0
13438,325, 0
13439,361, 1
13440,405, 10
13441,442, 26
13442,481, 44
13443,487, 55
13444,481, 60
13445,458, 58
13446,420, 46
13447,407, 37
13448,398, 30
13449,395, 27
13450,398, 25
13451,379, 21
13452,379, 20
13453,399, 22
13454,404, 25
13455,355, 23
13456,276, 4
13457,217, 0
13458,176, 0
13459,175, 0
13460,213, 0
13461,272, 0
13462,247, 0
13463,211, 0
13464,149, 0
13465,99, 0
13466,26, 0
13467,9, 0
13468,79, 0
13469,109, 0
13470,119, 0
13471,90, 0
13472,87, 0
13473,63, 0
13474,45, 0
13475,14, 0
13476,15, 0
13477,38, 0
13478,61, 0
13479,68, 0
13480,43, 0
13481,4, 0
13482,0, 0
13483,15, 0
13484,37, 0
13485,12, 0
13486,9, 0
13487,96, 0
13488,183, 0
13489,208, 0
13490,133, 0
13491,14, 0
13492,148, 0
13493,280, 0
13494,373, 0
13495,457, 21
13496,540, 51
13497,613, 89
13498,677, 121
13499,732, 155
13500,753, 177
13501,744, 186
13502,696, 183
13503,623, 163
13504,570, 135
13505,576, 120
13506,633, 122
13507,706, 144
13508,718, 166
13509,668, 168
13510,517, 134
13511,286, 64
13512,43, 1
13513,116, 0
13514,199, 0
13515,228, 0
13516,277, 0
13517,322, 0
13518,326, 0
13519,294, 0
13520,202, 0
13521,73, 0
13522,5, 0
13523,69, 0
13524,115, 0
13525,127, 0
13526,154, 0
13527,150, 0
13528,118, 0
13529,74, 0
13530,71, 0
13531,27, 0
13532,10, 0
13533,72, 0
13534,176, 0
13535,219, 0
13536,217, 0
13537,196, 0
13538,184, 0
13539,176, 0
13540,181, 0
13541,164, 0
13542,152, 0
13543,115, 0
13544,80, 0
13545,34, 0
13546,25, 0
13547,31, 0
13548,8, 0
13549,19, 0
13550,121, 0
13551,294, 0
13552,480, 12
13553,591, 63
13554,624, 101
13555,608, 119
13556,591, 121
13557,570, 117
13558,512, 102
13559,430, 74
13560,331, 37
13561,222, 3
13562,139, 0
13563,56, 0
13564,25, 0
13565,60, 0
13566,165, 0
13567,304, 0
13568,428, 6
13569,559, 45
13570,604, 89
13571,599, 107
13572,562, 109
13573,464, 89
13574,383, 55
13575,328, 28
13576,292, 5
13577,228, 0
13578,198, 0
13579,224, 0
13580,276, 0
13581,302, 0
13582,270, 0
13583,152, 0
13584,22, 0
13585,31, 0
13586,63, 0
13587,19, 0
13588,0, 0
13589,1, 0
13590,26, 0
13591,73, 0
13592,141, 0
13593,213, 0
13594,275, 0
13595,356, 1
13596,408, 21
13597,404, 31
13598,387, 34
13599,367, 31
13600,330, 19
13601,270, 6
13602,189, 0
13603,96, 0
13604,48, 0
13605,5, 0
13606,4, 0
13607,60, 0
13608,111, 0
13609,122, 0
13610,56, 0
13611,6, 0
13612,79, 0
13613,220, 0
13614,304, 0
13615,348, 0
13616,356, 4
13617,362, 6
13618,373, 12
13619,405, 19
13620,411, 23
13621,418, 28
13622,421, 31
13623,420, 32
13624,427, 32
13625,438, 38
13626,461, 43
13627,475, 51
13628,478, 53
13629,472, 55
13630,452, 53
13631,426, 45
13632,394, 36
13633,378, 28
13634,353, 19
13635,328, 7
13636,313, 2
13637,282, 0
13638,198, 0
13639,119, 0
13640,96, 0
13641,71, 0
13642,81, 0
13643,121, 0
13644,149, 0
13645,159, 0
13646,143, 0
13647,116, 0
13648,95, 0
13649,57, 0
13650,22, 0
13651,4, 0
13652,0, 0
13653,0, 0
13654,0, 0
13655,21, 0
13656,11, 0
13657,12, 0
13658,7, 0
13659,19, 0
13660,26, 0
13661,36, 0
13662,38, 0
13663,21, 0
13664,1, 0
13665,0, 0
13666,0, 0
13667,10, 0
13668,3, 0
13669,18, 0
13670,12, 0
13671,0, 0
13672,40, 0
13673,158, 0
13674,276, 0
13675,357, 0
13676,389, 8
13677,380, 14
13678,348, 12
13679,308, 3
13680,261, 0
13681,231, 0
13682,226, 0
13683,244, 0
13684,282, 0
13685,324, 0
13686,364, 0
13687,403, 9
13688,433, 25
13689,451, 37
13690,465, 42
13691,441, 47
13692,411, 38
13693,398, 31
13694,380, 26
13695,374, 20
13696,348, 10
13697,300, 7
13698,244, 0
13699,142, 0
13700,56, 0
13701,27, 0
13702,42, 0
13703,96, 0
13704,195, 0
13705,289, 0
13706,359, 1
13707,375, 10
13708,354, 17
13709,292, 7
13710,152, 0
13711,19, 0
13712,113, 0
13713,222, 0
13714,260, 0
13715,235, 0
13716,206, 0
13717,193, 0
13718,160, 0
13719,131, 0
13720,110, 0
13721,121, 0
13722,154, 0
13723,199, 0
13724,214, 0
13725,201, 0
13726,133, 0
13727,26, 0
13728,59, 0
13729,168, 0
13730,260, 0
13731,361, 0
13732,455, 23
13733,507, 51
13734,531, 73
13735,563, 90
13736,558, 97
13737,488, 89
13738,338, 54
13739,166, 4
13740,20, 0
13741,64, 0
13742,103, 0
13743,46, 0
13744,17, 0
13745,129, 0
13746,245, 0
13747,298, 0
13748,267, 0
13749,159, 0
13750,58, 0
13751,0, 0
13752,0, 0
13753,0, 0
13754,31, 0
13755,113, 0
13756,172, 0
13757,223, 0
13758,252, 0
13759,251, 0
13760,174, 0
13761,78, 0
13762,31, 0
13763,19, 0
13764,36, 0
13765,86, 0
13766,115, 0
13767,139, 0
13768,144, 0
13769,137, 0
13770,122, 0
13771,107, 0
13772,84, 0
13773,76, 0
13774,102, 0
13775,120, 0
13776,125, 0
13777,104, 0
13778,56, 0
13779,20, 0
13780,0, 0
13781,25, 0
13782,65, 0
13783,86, 0
13784,85, 0
13785,50, 0
13786,35, 0
13787,19, 0
13788,3, 0
13789,0, 0
13790,19, 0
13791,47, 0
13792,35, 0
13793,0, 0
13794,38, 0
13795,164, 0
13796,307, 0
13797,431, 6
13798,513, 41
13799,564, 71
13800,594, 93
13801,614, 113
13802,601, 123
13803,609, 125
13804,607, 127
13805,588, 122
13806,555, 110
13807,524, 96
13808,481, 81
13809,426, 57
13810,361, 34
13811,289, 8
13812,206, 0
13813,150, 0
13814,116, 0
13815,108, 0
13816,120, 0
13817,154, 0
13818,157, 0
13819,163, 0
13820,137, 0
13821,51, 0
13822,1, 0
13823,0, 0
13824,14, 0
13825,104, 0
13826,220, 0
13827,315, 0
13828,330, 0
13829,262, 0
13830,99, 0
13831,22, 0
13832,154, 0
13833,259, 0
13834,273, 0
13835,257, 0
13836,196, 0
13837,131, 0
13838,79, 0
13839,31, 0
13840,0, 0
13841,0, 0
13842,40, 0
13843,116, 0
13844,152, 0
13845,161, 0
13846,118, 0
13847,67, 0
13848,25, 0
13849,2, 0
13850,0, 0
13851,2, 0
13852,19, 0
13853,8, 0
13854,1, 0
13855,47, 0
13856,151, 0
13857,238, 0
13858,300, 0
13859,306, 0
13860,329, 0
13861,371, 1
13862,432, 17
13863,496, 42
13864,517, 59
13865,501, 70
13866,460, 63
13867,407, 47
13868,349, 26
13869,326, 8
13870,325, 0
13871,334, 2
13872,343, 0
13873,349, 1
13874,351, 6
13875,334, 5
13876,331, 2
13877,318, 1
13878,309, 0
13879,302, 0
13880,304, 0
13881,273, 0
13882,185, 0
13883,108, 0
13884,72, 0
13885,75, 0
13886,96, 0
13887,115, 0
13888,144, 0
13889,153, 0
13890,137, 0
13891,115, 0
13892,100, 0
13893,69, 0
13894,34, 0
13895,6, 0
13896,0, 0
13897,17, 0
13898,41, 0
13899,61, 0
13900,76, 0
13901,64, 0
13902,48, 0
13903,43, 0
13904,43, 0
13905,54, 0
13906,62, 0
13907,56, 0
13908,40, 0
13909,23, 0
13910,4, 0
13911,0, 0
13912,17, 0
13913,47, 0
13914,41, 0
13915,6, 0
13916,2, 0
13917,112, 0
13918,226, 0
13919,300, 0
13920,327, 0
13921,344, 0
13922,364, 6
13923,383, 12
13924,389, 17
13925,411, 23
13926,420, 29
13927,409, 31
13928,426, 32
13929,428, 37
13930,434, 38
13931,437, 39
13932,435, 42
13933,420, 38
13934,425, 35
13935,386, 25
13936,361, 19
13937,324, 8
13938,297, 0
13939,283, 0
13940,272, 0
13941,260, 0
13942,221, 0
13943,139, 0
13944,76, 0
13945,43, 0
13946,15, 0
13947,38, 0
13948,75, 0
13949,103, 0
13950,102, 0
13951,89, 0
13952,62, 0
13953,32, 0
13954,4, 0
13955,0, 0
13956,1, 0
13957,1, 0
13958,8, 0
13959,4, 0
13960,12, 0
13961,20, 0
13962,8, 0
13963,0, 0
13964,1, 0
13965,6, 0
13966,17, 0
13967,19, 0
13968,11, 0
13969,11, 0
13970,23, 0
13971,35, 0
13972,59, 0
13973,133, 0
13974,164, 0
13975,145, 0
13976,111, 0
13977,41, 0
13978,61, 0
13979,204, 0
13980,302, 0
13981,367, 0
13982,382, 5
13983,393, 15
13984,390, 19
13985,368, 17
13986,325, 8
13987,300, 0
13988,276, 0
13989,293, 0
13990,330, 0
13991,361, 2
13992,390, 8
13993,410, 18
13994,418, 28
13995,434, 32
13996,426, 38
13997,414, 34
13998,390, 28
13999,356, 19
14000,310, 6
14001,281, 0
14002,257, 0
14003,207, 0
14004,113, 0
14005,46, 0
14006,29, 0
14007,26, 0
14008,64, 0
14009,103, 0
14010,120, 0
14011,119, 0
14012,92, 0
14013,72, 0
14014,44, 0
14015,12, 0
14016,0, 0
14017,0, 0
14018,1, 0
14019,5, 0
14020,26, 0
14021,40, 0
14022,53, 0
14023,48, 0
14024,45, 0
14025,60, 0
14026,70, 0
14027,69, 0
14028,60, 0
14029,36, 0
14030,20, 0
14031,0, 0
14032,0, 0
14033,30, 0
14034,46, 0
14035,80, 0
14036,125, 0
14037,179, 0
14038,214, 0
14039,239, 0
14040,235, 0
14041,207, 0
14042,185, 0
14043,192, 0
14044,239, 0
14045,296, 0
14046,325, 0
14047,322, 0
14048,293, 0
14049,274, 0
14050,273, 0
14051,305, 0
14052,352, 0
14053,415, 7
14054,456, 29
14055,452, 41
14056,418, 41
14057,360, 26
14058,305, 6
14059,272, 0
14060,269, 0
14061,262, 0
14062,254, 0
14063,243, 0
14064,196, 0
14065,105, 0
14066,34, 0
14067,9, 0
14068,13, 0
14069,59, 0
14070,111, 0
14071,177, 0
14072,239, 0
14073,295, 0
14074,319, 0
14075,322, 2
14076,257, 0
14077,117, 0
14078,14, 0
14079,103, 0
14080,200, 0
14081,231, 0
14082,251, 0
14083,249, 0
14084,222, 0
14085,187, 0
14086,158, 0
14087,127, 0
14088,92, 0
14089,78, 0
14090,48, 0
14091,34, 0
14092,15, 0
14093,0, 0
14094,0, 0
14095,35, 0
14096,53, 0
14097,51, 0
14098,17, 0
14099,4, 0
14100,109, 0
14101,211, 0
14102,300, 0
14103,300, 0
14104,322, 0
14105,342, 0
14106,361, 1
14107,376, 9
14108,398, 19
14109,400, 19
14110,403, 24
14111,409, 25
14112,420, 31
14113,431, 35
14114,436, 38
14115,427, 38
14116,423, 37
14117,417, 36
14118,406, 31
14119,376, 25
14120,359, 17
14121,334, 7
14122,310, 1
14123,289, 0
14124,276, 0
14125,222, 0
14126,127, 0
14127,57, 0
14128,32, 0
14129,29, 0
14130,70, 0
14131,112, 0
14132,126, 0
14133,118, 0
14134,93, 0
14135,59, 0
14136,38, 0
14137,8, 0
14138,10, 0
14139,0, 0
14140,0, 0
14141,22, 0
14142,20, 0
14143,41, 0
14144,55, 0
14145,42, 0
14146,38, 0
14147,55, 0
14148,50, 0
14149,47, 0
14150,31, 0
14151,14, 0
14152,6, 0
14153,0, 0
14154,0, 0
14155,0, 0
14156,23, 0
14157,39, 0
14158,32, 0
14159,6, 0
14160,9, 0
14161,139, 0
14162,214, 0
14163,282, 0
14164,299, 0
14165,318, 0
14166,338, 0
14167,356, 1
14168,379, 6
14169,391, 14
14170,403, 21
14171,409, 26
14172,420, 29
14173,438, 36
14174,469, 41
14175,442, 47
14176,411, 41
14177,385, 29
14178,351, 17
14179,332, 6
14180,322, 2
14181,321, 0
14182,305, 0
14183,298, 0
14184,284, 0
14185,278, 0
14186,221, 0
14187,121, 0
14188,65, 0
14189,34, 0
14190,25, 0
14191,55, 0
14192,88, 0
14193,113, 0
14194,83, 0
14195,62, 0
14196,35, 0
14197,12, 0
14198,0, 0
14199,0, 0
14200,0, 0
14201,2, 0
14202,14, 0
14203,26, 0
14204,40, 0
14205,40, 0
14206,23, 0
14207,12, 0
14208,13, 0
14209,25, 0
14210,34, 0
14211,23, 0
14212,7, 0
14213,0, 0
14214,0, 0
14215,0, 0
14216,0, 0
14217,10, 0
14218,37, 0
14219,30, 0
14220,6, 0
14221,19, 0
14222,131, 0
14223,224, 0
14224,272, 0
14225,292, 0
14226,300, 0
14227,323, 0
14228,348, 1
14229,368, 2
14230,375, 10
14231,379, 12
14232,389, 15
14233,395, 20
14234,402, 23
14235,436, 28
14236,418, 32
14237,424, 35
14238,408, 35
14239,379, 25
14240,378, 21
14241,361, 14
14242,330, 6
14243,307, 1
14244,295, 0
14245,285, 0
14246,273, 0
14247,207, 0
14248,115, 0
14249,50, 0
14250,29, 0
14251,31, 0
14252,64, 0
14253,92, 0
14254,102, 0
14255,92, 0
14256,68, 0
14257,43, 0
14258,14, 0
14259,0, 0
14260,0, 0
14261,1, 0
14262,13, 0
14263,28, 0
14264,38, 0
14265,56, 0
14266,63, 0
14267,64, 0
14268,56, 0
14269,68, 0
14270,76, 0
14271,78, 0
14272,60, 0
14273,41, 0
14274,18, 0
14275,8, 0
14276,0, 0
14277,0, 0
14278,29, 0
14279,51, 0
14280,37, 0
14281,6, 0
14282,11, 0
14283,126, 0
14284,223, 0
14285,286, 0
14286,312, 0
14287,318, 0
14288,348, 1
14289,373, 5
14290,391, 12
14291,401, 22
14292,398, 21
14293,414, 26
14294,416, 27
14295,415, 31
14296,430, 35
14297,427, 35
14298,420, 35
14299,411, 31
14300,390, 26
14301,375, 23
14302,355, 15
14303,332, 6
14304,321, 3
14305,304, 0
14306,283, 0
14307,272, 0
14308,200, 0
14309,107, 0
14310,46, 0
14311,38, 0
14312,52, 0
14313,80, 0
14314,111, 0
14315,115, 0
14316,105, 0
14317,81, 0
14318,54, 0
14319,29, 0
14320,3, 0
14321,0, 0
14322,0, 0
14323,6, 0
14324,20, 0
14325,45, 0
14326,51, 0
14327,63, 0
14328,54, 0
14329,55, 0
14330,88, 0
14331,78, 0
14332,76, 0
14333,59, 0
14334,35, 0
14335,12, 0
14336,3, 0
14337,0, 0
14338,0, 0
14339,30, 0
14340,39, 0
14341,21, 0
14342,1, 0
14343,18, 0
14344,126, 0
14345,226, 0
14346,279, 0
14347,306, 0
14348,327, 0
14349,351, 0
14350,369, 6
14351,380, 10
14352,393, 18
14353,398, 19
14354,411, 25
14355,410, 26
14356,411, 29
14357,428, 32
14358,425, 35
14359,421, 35
14360,413, 31
14361,402, 27
14362,383, 25
14363,364, 18
14364,326, 6
14365,318, 2
14366,301, 0
14367,287, 0
14368,269, 0
14369,190, 0
14370,93, 0
14371,51, 0
14372,26, 0
14373,28, 0
14374,65, 0
14375,113, 0
14376,110, 0
14377,103, 0
14378,71, 0
14379,44, 0
14380,13, 0
14381,0, 0
14382,2, 0
14383,6, 0
14384,25, 0
14385,34, 0
14386,46, 0
14387,83, 0
14388,68, 0
14389,57, 0
14390,59, 0
14391,76, 0
14392,77, 0
14393,69, 0
14394,52, 0
14395,25, 0
14396,8, 0
14397,0, 0
14398,0, 0
14399,2, 0
14400,36, 0
14401,44, 0
14402,25, 0
14403,0, 0
14404,31, 0
14405,152, 0
14406,244, 0
14407,290, 0
14408,308, 0
14409,326, 0
14410,345, 1
14411,360, 4
14412,388, 8
14413,404, 20
14414,403, 23
14415,420, 29
14416,423, 32
14417,408, 31
14418,441, 38
14419,425, 36
14420,417, 35
14421,415, 34
14422,385, 27
14423,374, 21
14424,351, 14
14425,328, 6
14426,308, 0
14427,292, 0
14428,286, 0
14429,263, 0
14430,184, 0
14431,95, 0
14432,36, 0
14433,21, 0
14434,26, 0
14435,63, 0
14436,102, 0
14437,91, 0
14438,76, 0
14439,47, 0
14440,23, 0
14441,1, 0
14442,0, 0
14443,9, 0
14444,21, 0
14445,34, 0
14446,40, 0
14447,48, 0
14448,58, 0
14449,70, 0
14450,44, 0
14451,39, 0
14452,45, 0
14453,54, 0
14454,57, 0
14455,38, 0
14456,18, 0
14457,4, 0
14458,0, 0
14459,0, 0
14460,0, 0
14461,19, 0
14462,44, 0
14463,36, 0
14464,4, 0
14465,26, 0
14466,144, 0
14467,242, 0
14468,286, 0
14469,311, 0
14470,319, 0
14471,348, 1
14472,368, 2
14473,383, 8
14474,390, 15
14475,394, 18
14476,401, 21
14477,407, 25
14478,415, 28
14479,420, 27
14480,414, 30
14481,407, 28
14482,394, 27
14483,385, 22
14484,377, 20
14485,361, 18
14486,340, 7
14487,330, 4
14488,300, 1
14489,300, 0
14490,284, 0
14491,202, 0
14492,109, 0
14493,63, 0
14494,44, 0
14495,51, 0
14496,95, 0
14497,124, 0
14498,122, 0
14499,108, 0
14500,84, 0
14501,44, 0
14502,18, 0
14503,0, 0
14504,1, 0
14505,3, 0
14506,17, 0
14507,31, 0
14508,35, 0
14509,46, 0
14510,57, 0
14511,54, 0
14512,52, 0
14513,75, 0
14514,88, 0
14515,79, 0
14516,72, 0
14517,51, 0
14518,51, 0
14519,20, 0
14520,2, 0
14521,8, 0
14522,55, 0
14523,69, 0
14524,38, 0
14525,7, 0
14526,30, 0
14527,154, 0
14528,235, 0
14529,287, 0
14530,314, 0
14531,327, 0
14532,355, 0
14533,382, 6
14534,399, 15
14535,403, 21
14536,409, 26
14537,408, 25
14538,411, 26
14539,421, 30
14540,431, 36
14541,427, 36
14542,420, 35
14543,411, 34
14544,391, 28
14545,382, 25
14546,365, 22
14547,337, 10
14548,322, 3
14549,308, 0
14550,293, 0
14551,268, 0
14552,187, 0
14553,96, 0
14554,47, 0
14555,37, 0
14556,31, 0
14557,92, 0
14558,115, 0
14559,110, 0
14560,102, 0
14561,71, 0
14562,41, 0
14563,15, 0
14564,0, 0
14565,0, 0
14566,4, 0
14567,19, 0
14568,40, 0
14569,41, 0
14570,60, 0
14571,65, 0
14572,52, 0
14573,61, 0
14574,84, 0
14575,95, 0
14576,73, 0
14577,57, 0
14578,32, 0
14579,10, 0
14580,7, 0
14581,0, 0
14582,3, 0
14583,34, 0
14584,37, 0
14585,28, 0
14586,6, 0
14587,27, 0
14588,136, 0
14589,224, 0
14590,272, 0
14591,297, 0
14592,321, 0
14593,351, 0
14594,377, 6
14595,393, 14
14596,401, 19
14597,411, 25
14598,420, 30
14599,426, 34
14600,437, 38
14601,441, 39
14602,439, 42
14603,430, 39
14604,415, 36
14605,406, 34
14606,390, 30
14607,363, 21
14608,337, 9
14609,323, 5
14610,300, 1
14611,281, 0
14612,264, 0
14613,183, 0
14614,91, 0
14615,46, 0
14616,37, 0
14617,43, 0
14618,91, 0
14619,123, 0
14620,108, 0
14621,90, 0
14622,81, 0
14623,32, 0
14624,10, 0
14625,0, 0
14626,0, 0
14627,4, 0
14628,17, 0
14629,37, 0
14630,50, 0
14631,63, 0
14632,68, 0
14633,58, 0
14634,61, 0
14635,80, 0
14636,83, 0
14637,72, 0
14638,57, 0
14639,37, 0
14640,21, 0
14641,2, 0
14642,0, 0
14643,11, 0
14644,51, 0
14645,63, 0
14646,31, 0
14647,2, 0
14648,41, 0
14649,168, 0
14650,254, 0
14651,297, 0
14652,312, 0
14653,333, 0
14654,361, 1
14655,383, 6
14656,403, 13
14657,407, 24
14658,415, 26
14659,420, 32
14660,432, 36
14661,444, 41
14662,439, 38
14663,434, 40
14664,434, 41
14665,426, 38
14666,405, 35
14667,390, 29
14668,367, 23
14669,340, 11
14670,325, 6
14671,305, 0
14672,282, 0
14673,251, 0
14674,167, 0
14675,89, 0
14676,51, 0
14677,51, 0
14678,60, 0
14679,104, 0
14680,128, 0
14681,115, 0
14682,85, 0
14683,57, 0
14684,28, 0
14685,4, 0
14686,0, 0
14687,1, 0
14688,5, 0
14689,19, 0
14690,27, 0
14691,37, 0
14692,51, 0
14693,48, 0
14694,44, 0
14695,45, 0
14696,69, 0
14697,65, 0
14698,59, 0
14699,43, 0
14700,20, 0
14701,3, 0
14702,6, 0
14703,0, 0
14704,17, 0
14705,56, 0
14706,50, 0
14707,34, 0
14708,4, 0
14709,50, 0
14710,166, 0
14711,254, 0
14712,297, 0
14713,319, 0
14714,337, 0
14715,377, 6
14716,380, 9
14717,390, 14
14718,396, 23
14719,409, 24
14720,408, 26
14721,420, 30
14722,437, 31
14723,438, 32
14724,427, 36
14725,430, 39
14726,411, 36
14727,399, 31
14728,391, 27
14729,364, 19
14730,339, 9
14731,325, 5
14732,298, 0
14733,281, 0
14734,254, 0
14735,159, 0
14736,83, 0
14737,38, 0
14738,25, 0
14739,44, 0
14740,95, 0
14741,109, 0
14742,106, 0
14743,90, 0
14744,57, 0
14745,27, 0
14746,5, 0
14747,0, 0
14748,3, 0
14749,12, 0
14750,34, 0
14751,41, 0
14752,55, 0
14753,70, 0
14754,74, 0
14755,69, 0
14756,76, 0
14757,95, 0
14758,94, 0
14759,83, 0
14760,69, 0
14761,50, 0
14762,25, 0
14763,17, 0
14764,0, 0
14765,14, 0
14766,57, 0
14767,70, 0
14768,37, 0
14769,3, 0
14770,59, 0
14771,181, 0
14772,270, 0
14773,293, 0
14774,318, 0
14775,338, 0
14776,371, 5
14777,385, 12
14778,409, 19
14779,418, 27
14780,425, 32
14781,420, 35
14782,426, 36
14783,410, 35
14784,427, 35
14785,419, 36
14786,415, 32
14787,402, 26
14788,386, 25
14789,376, 22
14790,347, 14
14791,325, 5
14792,322, 4
14793,300, 0
14794,286, 0
14795,265, 0
14796,170, 0
14797,91, 0
14798,63, 0
14799,48, 0
14800,69, 0
14801,102, 0
14802,118, 0
14803,109, 0
14804,93, 0
14805,70, 0
14806,38, 0
14807,8, 0
14808,0, 0
14809,3, 0
14810,15, 0
14811,32, 0
14812,65, 0
14813,54, 0
14814,61, 0
14815,64, 0
14816,57, 0
14817,69, 0
14818,88, 0
14819,88, 0
14820,78, 0
14821,65, 0
14822,41, 0
14823,30, 0
14824,12, 0
14825,0, 0
14826,12, 0
14827,51, 0
14828,51, 0
14829,28, 0
14830,3, 0
14831,75, 0
14832,189, 0
14833,256, 0
14834,302, 0
14835,326, 0
14836,341, 0
14837,371, 5
14838,389, 12
14839,410, 21
14840,417, 28
14841,425, 31
14842,432, 37
14843,435, 39
14844,453, 40
14845,447, 44
14846,439, 43
14847,439, 43
14848,420, 38
14849,405, 35
14850,390, 28
14851,367, 20
14852,348, 12
14853,340, 6
14854,312, 1
14855,294, 0
14856,258, 0
14857,167, 0
14858,85, 0
14859,55, 0
14860,50, 0
14861,60, 0
14862,89, 0
14863,105, 0
14864,85, 0
14865,91, 0
14866,70, 0
14867,22, 0
14868,0, 0
14869,0, 0
14870,11, 0
14871,20, 0
14872,38, 0
14873,56, 0
14874,62, 0
14875,83, 0
14876,74, 0
14877,76, 0
14878,85, 0
14879,102, 0
14880,102, 0
14881,85, 0
14882,73, 0
14883,45, 0
14884,28, 0
14885,15, 0
14886,11, 0
14887,31, 0
14888,63, 0
14889,55, 0
14890,25, 0
14891,2, 0
14892,72, 0
14893,183, 0
14894,262, 0
14895,297, 0
14896,321, 0
14897,337, 0
14898,367, 4
14899,387, 10
14900,400, 18
14901,405, 22
14902,415, 27
14903,415, 29
14904,440, 34
14905,433, 38
14906,437, 39
14907,439, 40
14908,425, 40
14909,425, 36
14910,405, 35
14911,379, 25
14912,361, 19
14913,343, 10
14914,329, 6
14915,306, 0
14916,294, 0
14917,263, 0
14918,152, 0
14919,76, 0
14920,57, 0
14921,60, 0
14922,62, 0
14923,121, 0
14924,126, 0
14925,119, 0
14926,96, 0
14927,72, 0
14928,24, 0
14929,6, 0
14930,0, 0
14931,9, 0
14932,13, 0
14933,29, 0
14934,50, 0
14935,58, 0
14936,73, 0
14937,75, 0
14938,67, 0
14939,79, 0
14940,95, 0
14941,80, 0
14942,85, 0
14943,70, 0
14944,55, 0
14945,31, 0
14946,13, 0
14947,1, 0
14948,38, 0
14949,77, 0
14950,58, 0
14951,28, 0
14952,0, 0
14953,79, 0
14954,191, 0
14955,259, 0
14956,294, 0
14957,319, 0
14958,338, 0
14959,368, 3
14960,391, 9
14961,404, 19
14962,410, 25
14963,421, 31
14964,425, 32
14965,436, 38
14966,458, 43
14967,449, 44
14968,439, 45
14969,446, 44
14970,426, 44
14971,411, 38
14972,406, 32
14973,365, 22
14974,348, 14
14975,329, 9
14976,308, 2
14977,302, 0
14978,253, 0
14979,158, 0
14980,80, 0
14981,47, 0
14982,35, 0
14983,57, 0
14984,95, 0
14985,100, 0
14986,107, 0
14987,74, 0
14988,41, 0
14989,17, 0
14990,0, 0
14991,0, 0
14992,12, 0
14993,19, 0
14994,38, 0
14995,76, 0
14996,68, 0
14997,83, 0
14998,83, 0
14999,75, 0
15000,89, 0
15001,104, 0
15002,93, 0
15003,88, 0
15004,72, 0
15005,41, 0
15006,25, 0
15007,6, 0
15008,0, 0
15009,42, 0
15010,76, 0
15011,60, 0
15012,19, 0
15013,2, 0
15014,92, 0
15015,205, 0
15016,276, 0
15017,307, 0
15018,326, 0
15019,343, 0
15020,378, 4
15021,406, 15
15022,426, 24
15023,438, 35
15024,441, 39
15025,446, 43
15026,455, 46
15027,469, 50
15028,456, 50
15029,447, 47
15030,407, 44
15031,401, 35
15032,403, 31
15033,382, 27
15034,361, 17
15035,338, 11
15036,323, 5
15037,302, 1
15038,282, 0
15039,239, 0
15040,139, 0
15041,67, 0
15042,45, 0
15043,31, 0
15044,70, 0
15045,109, 0
15046,111, 0
15047,103, 0
15048,78, 0
15049,48, 0
15050,18, 0
15051,0, 0
15052,0, 0
15053,13, 0
15054,22, 0
15055,38, 0
15056,71, 0
15057,61, 0
15058,83, 0
15059,89, 0
15060,79, 0
15061,87, 0
15062,100, 0
15063,87, 0
15064,85, 0
15065,72, 0
15066,44, 0
15067,38, 0
15068,7, 0
15069,11, 0
15070,27, 0
15071,59, 0
15072,53, 0
15073,15, 0
15074,3, 0
15075,103, 0
15076,212, 0
15077,268, 0
15078,297, 0
15079,318, 0
15080,327, 0
15081,368, 3
15082,387, 11
15083,391, 15
15084,395, 23
15085,407, 24
15086,411, 29
15087,430, 31
15088,423, 35
15089,446, 40
15090,445, 43
15091,434, 41
15092,415, 40
15093,398, 32
15094,376, 23
15095,344, 13
15096,321, 5
15097,307, 0
15098,294, 0
15099,283, 0
15100,239, 0
15101,148, 0
15102,73, 0
15103,48, 0
15104,46, 0
15105,85, 0
15106,106, 0
15107,116, 0
15108,101, 0
15109,86, 0
15110,51, 0
15111,19, 0
15112,1, 0
15113,1, 0
15114,13, 0
15115,35, 0
15116,63, 0
15117,86, 0
15118,102, 0
15119,123, 0
15120,123, 0
15121,104, 0
15122,110, 0
15123,121, 0
15124,92, 0
15125,99, 0
15126,68, 0
15127,42, 0
15128,27, 0
15129,10, 0
15130,3, 0
15131,38, 0
15132,80, 0
15133,51, 0
15134,12, 0
15135,6, 0
15136,115, 0
15137,223, 0
15138,290, 0
15139,322, 0
15140,338, 1
15141,361, 2
15142,388, 11
15143,406, 19
15144,411, 25
15145,426, 30
15146,433, 37
15147,439, 40
15148,475, 45
15149,467, 51
15150,463, 51
15151,456, 51
15152,451, 50
15153,436, 44
15154,417, 40
15155,402, 35
15156,365, 20
15157,341, 14
15158,322, 6
15159,300, 1
15160,279, 0
15161,237, 0
15162,131, 0
15163,75, 0
15164,55, 0
15165,52, 0
15166,89, 0
15167,121, 0
15168,130, 0
15169,111, 0
15170,99, 0
15171,65, 0
15172,38, 0
15173,10, 0
15174,0, 0
15175,6, 0
15176,19, 0
15177,46, 0
15178,62, 0
15179,71, 0
15180,100, 0
15181,76, 0
15182,71, 0
15183,94, 0
15184,95, 0
15185,89, 0
15186,78, 0
15187,61, 0
15188,40, 0
15189,31, 0
15190,18, 0
15191,8, 0
15192,45, 0
15193,63, 0
15194,38, 0
15195,1, 0
15196,20, 0
15197,145, 0
15198,248, 0
15199,300, 0
15200,336, 0
15201,356, 0
15202,379, 6
15203,407, 17
15204,428, 25
15205,439, 37
15206,455, 43
15207,460, 47
15208,464, 53
15209,484, 57
15210,486, 57
15211,478, 58
15212,469, 57
15213,447, 55
15214,418, 43
15215,380, 32
15216,373, 25
15217,340, 10
15218,318, 4
15219,302, 1
15220,278, 0
15221,274, 0
15222,204, 0
15223,97, 0
15224,38, 0
15225,19, 0
15226,21, 0
15227,47, 0
15228,93, 0
15229,99, 0
15230,89, 0
15231,70, 0
15232,31, 0
15233,2, 0
15234,0, 0
15235,12, 0
15236,44, 0
15237,44, 0
15238,57, 0
15239,71, 0
15240,84, 0
15241,112, 0
15242,97, 0
15243,92, 0
15244,110, 0
15245,111, 0
15246,107, 0
15247,97, 0
15248,93, 0
15249,83, 0
15250,53, 0
15251,47, 0
15252,30, 0
15253,72, 0
15254,100, 0
15255,68, 0
15256,25, 0
15257,12, 0
15258,120, 0
15259,212, 0
15260,274, 0
15261,311, 0
15262,342, 0
15263,364, 5
15264,407, 15
15265,439, 26
15266,436, 34
15267,454, 41
15268,451, 44
15269,452, 45
15270,491, 55
15271,478, 56
15272,470, 55
15273,469, 57
15274,450, 53
15275,424, 44
15276,414, 42
15277,417, 38
15278,401, 29
15279,402, 30
15280,402, 27
15281,385, 26
15282,373, 22
15283,306, 10
15284,211, 0
15285,157, 0
15286,117, 0
15287,75, 0
15288,62, 0
15289,95, 0
15290,111, 0
15291,145, 0
15292,170, 0
15293,181, 0
15294,157, 0
15295,125, 0
15296,77, 0
15297,42, 0
15298,6, 0
15299,22, 0
15300,104, 0
15301,184, 0
15302,263, 0
15303,308, 0
15304,328, 0
15305,343, 9
15306,316, 7
15307,238, 0
15308,175, 0
15309,78, 0
15310,14, 0
15311,18, 0
15312,70, 0
15313,70, 0
15314,13, 0
15315,8, 0
15316,30, 0
15317,38, 0
15318,24, 0
15319,29, 0
15320,102, 0
15321,137, 0
15322,139, 0
15323,148, 0
15324,181, 0
15325,242, 0
15326,307, 0
15327,337, 0
15328,385, 5
15329,398, 15
15330,405, 22
15331,420, 26
15332,427, 35
15333,426, 34
15334,408, 34
15335,433, 36
15336,418, 35
15337,399, 28
15338,384, 25
15339,365, 19
15340,352, 13
15341,334, 7
15342,310, 1
15343,296, 0
15344,223, 0
15345,106, 0
15346,48, 0
15347,26, 0
15348,27, 0
15349,78, 0
15350,128, 0
15351,131, 0
15352,134, 0
15353,121, 0
15354,86, 0
15355,73, 0
15356,55, 0
15357,34, 0
15358,38, 0
15359,34, 0
15360,9, 0
15361,0, 0
15362,0, 0
15363,0, 0
15364,0, 0
15365,0, 0
15366,0, 0
15367,2, 0
15368,0, 0
15369,0, 0
15370,0, 0
15371,9, 0
15372,5, 0
15373,9, 0
15374,3, 0
15375,3, 0
15376,23, 0
15377,36, 0
15378,44, 0
15379,25, 0
15380,39, 0
15381,109, 0
15382,133, 0
15383,123, 0
15384,121, 0
15385,143, 0
15386,207, 0
15387,259, 0
15388,300, 0
15389,322, 0
15390,334, 0
15391,337, 0
15392,361, 1
15393,390, 10
15394,380, 13
15395,388, 14
15396,398, 20
15397,405, 22
15398,404, 28
15399,413, 26
15400,382, 23
15401,370, 20
15402,361, 15
15403,337, 10
15404,324, 4
15405,241, 0
15406,123, 0
15407,85, 0
15408,67, 0
15409,55, 0
15410,95, 0
15411,111, 0
15412,106, 0
15413,91, 0
15414,93, 0
15415,44, 0
15416,18, 0
15417,0, 0
15418,0, 0
15419,6, 0
15420,9, 0
15421,12, 0
15422,24, 0
15423,41, 0
15424,84, 0
15425,70, 0
15426,67, 0
15427,89, 0
15428,93, 0
15429,75, 0
15430,72, 0
15431,53, 0
15432,19, 0
15433,12, 0
15434,3, 0
15435,7, 0
15436,56, 0
15437,79, 0
15438,42, 0
15439,2, 0
15440,44, 0
15441,164, 0
15442,264, 0
15443,316, 0
15444,351, 0
15445,372, 7
15446,400, 13
15447,425, 25
15448,438, 35
15449,442, 38
15450,454, 44
15451,456, 48
15452,461, 48
15453,470, 51
15454,481, 59
15455,463, 56
15456,472, 56
15457,452, 51
15458,436, 46
15459,424, 43
15460,400, 38
15461,384, 25
15462,363, 19
15463,338, 11
15464,304, 1
15465,268, 0
15466,189, 0
15467,96, 0
15468,58, 0
15469,44, 0
15470,43, 0
15471,77, 0
15472,109, 0
15473,102, 0
15474,78, 0
15475,55, 0
15476,10, 0
15477,0, 0
15478,27, 0
15479,76, 0
15480,110, 0
15481,133, 0
15482,157, 0
15483,172, 0
15484,187, 0
15485,189, 0
15486,190, 0
15487,189, 0
15488,199, 0
15489,202, 0
15490,184, 0
15491,166, 0
15492,139, 0
15493,115, 0
15494,84, 0
15495,60, 0
15496,72, 0
15497,115, 0
15498,145, 0
15499,121, 0
15500,79, 0
15501,20, 0
15502,89, 0
15503,192, 0
15504,257, 0
15505,282, 0
15506,313, 0
15507,354, 0
15508,391, 9
15509,420, 19
15510,440, 29
15511,466, 42
15512,484, 53
15513,501, 64
15514,517, 70
15515,499, 73
15516,506, 73
15517,524, 77
15518,512, 77
15519,484, 72
15520,475, 65
15521,447, 58
15522,432, 47
15523,424, 42
15524,402, 37
15525,385, 30
15526,371, 25
15527,287, 9
15528,203, 0
15529,176, 0
15530,164, 0
15531,139, 0
15532,172, 0
15533,189, 0
15534,174, 0
15535,154, 0
15536,133, 0
15537,103, 0
15538,86, 0
15539,67, 0
15540,47, 0
15541,38, 0
15542,29, 0
15543,1, 0
15544,0, 0
15545,9, 0
15546,41, 0
15547,27, 0
15548,31, 0
15549,55, 0
15550,63, 0
15551,58, 0
15552,58, 0
15553,39, 0
15554,25, 0
15555,2, 0
15556,0, 0
15557,9, 0
15558,57, 0
15559,63, 0
15560,31, 0
15561,2, 0
15562,38, 0
15563,168, 0
15564,262, 0
15565,306, 0
15566,336, 0
15567,348, 2
15568,370, 3
15569,390, 12
15570,399, 19
15571,391, 20
15572,402, 24
15573,411, 26
15574,411, 26
15575,445, 32
15576,458, 44
15577,458, 44
15578,465, 48
15579,446, 47
15580,427, 43
15581,402, 35
15582,361, 24
15583,322, 8
15584,294, 1
15585,273, 0
15586,243, 0
15587,210, 0
15588,116, 0
15589,18, 0
15590,0, 0
15591,6, 0
15592,18, 0
15593,0, 0
15594,0, 0
15595,0, 0
15596,7, 0
15597,9, 0
15598,23, 0
15599,37, 0
15600,57, 0
15601,68, 0
15602,70, 0
15603,75, 0
15604,83, 0
15605,102, 0
15606,102, 0
15607,107, 0
15608,87, 0
15609,79, 0
15610,99, 0
15611,93, 0
15612,78, 0
15613,62, 0
15614,38, 0
15615,14, 0
15616,1, 0
15617,4, 0
15618,15, 0
15619,59, 0
15620,89, 0
15621,54, 0
15622,7, 0
15623,60, 0
15624,202, 0
15625,287, 0
15626,330, 0
15627,369, 2
15628,379, 11
15629,440, 25
15630,477, 43
15631,495, 57
15632,497, 62
15633,499, 67
15634,494, 68
15635,487, 65
15636,499, 68
15637,499, 72
15638,477, 67
15639,476, 62
15640,462, 57
15641,433, 52
15642,419, 43
15643,396, 32
15644,360, 21
15645,338, 10
15646,327, 8
15647,312, 0
15648,286, 0
15649,210, 0
15650,113, 0
15651,62, 0
15652,40, 0
15653,25, 0
15654,51, 0
15655,72, 0
15656,65, 0
15657,45, 0
15658,23, 0
15659,0, 0
15660,0, 0
15661,3, 0
15662,25, 0
15663,28, 0
15664,31, 0
15665,52, 0
15666,40, 0
15667,47, 0
15668,67, 0
15669,62, 0
15670,75, 0
15671,86, 0
15672,99, 0
15673,92, 0
15674,76, 0
15675,62, 0
15676,50, 0
15677,40, 0
15678,35, 0
15679,55, 0
15680,95, 0
15681,99, 0
15682,70, 0
15683,27, 0
15684,31, 0
15685,170, 0
15686,263, 0
15687,312, 0
15688,337, 0
15689,349, 3
15690,370, 5
15691,402, 15
15692,413, 24
15693,402, 23
15694,379, 21
15695,360, 13
15696,357, 11
15697,355, 6
15698,355, 5
15699,344, 5
15700,360, 4
15701,342, 2
15702,337, 4
15703,323, 1
15704,312, 0
15705,300, 0
15706,289, 0
15707,270, 0
15708,233, 0
15709,215, 0
15710,136, 0
15711,41, 0
15712,10, 0
15713,13, 0
15714,14, 0
15715,67, 0
15716,96, 0
15717,84, 0
15718,70, 0
15719,28, 0
15720,3, 0
15721,0, 0
15722,0, 0
15723,15, 0
15724,12, 0
15725,25, 0
15726,34, 0
15727,59, 0
15728,56, 0
15729,65, 0
15730,25, 0
15731,13, 0
15732,31, 0
15733,12, 0
15734,0, 0
15735,2, 0
15736,30, 0
15737,57, 0
15738,70, 0
15739,74, 0
15740,58, 0
15741,6, 0
15742,0, 0
15743,12, 0
15744,43, 0
15745,143, 0
15746,251, 0
15747,316, 0
15748,329, 0
15749,333, 1
15750,331, 0
15751,344, 2
15752,379, 7
15753,407, 19
15754,427, 24
15755,452, 36
15756,476, 47
15757,498, 56
15758,524, 69
15759,538, 79
15760,516, 78
15761,505, 79
15762,457, 67
15763,407, 50
15764,344, 28
15765,294, 5
15766,258, 0
15767,233, 0
15768,223, 0
15769,220, 0
15770,197, 0
15771,124, 0
15772,54, 0
15773,26, 0
15774,28, 0
15775,59, 0
15776,108, 0
15777,124, 0
15778,113, 0
15779,93, 0
15780,63, 0
15781,32, 0
15782,7, 0
15783,0, 0
15784,0, 0
15785,3, 0
15786,31, 0
15787,36, 0
15788,43, 0
15789,63, 0
15790,65, 0
15791,60, 0
15792,75, 0
15793,95, 0
15794,102, 0
15795,100, 0
15796,94, 0
15797,83, 0
15798,73, 0
15799,54, 0
15800,35, 0
15801,51, 0
15802,73, 0
15803,63, 0
15804,15, 0
15805,2, 0
15806,91, 0
15807,203, 0
15808,294, 0
15809,329, 0
15810,361, 1
15811,376, 10
15812,396, 14
15813,419, 25
15814,426, 31
15815,433, 35
15816,439, 37
15817,439, 41
15818,449, 44
15819,470, 46
15820,473, 54
15821,463, 54
15822,465, 52
15823,424, 46
15824,395, 37
15825,374, 25
15826,347, 13
15827,314, 4
15828,302, 0
15829,296, 0
15830,295, 0
15831,275, 0
15832,187, 0
15833,115, 0
15834,93, 0
15835,76, 0
15836,87, 0
15837,127, 0
15838,135, 0
15839,130, 0
15840,83, 0
15841,30, 0
15842,3, 0
15843,6, 0
15844,51, 0
15845,85, 0
15846,103, 0
15847,97, 0
15848,107, 0
15849,119, 0
15850,137, 0
15851,132, 0
15852,118, 0
15853,107, 0
15854,106, 0
15855,79, 0
15856,30, 0
15857,1, 0
15858,0, 0
15859,0, 0
15860,0, 0
15861,0, 0
15862,21, 0
15863,61, 0
15864,85, 0
15865,109, 0
15866,102, 0
15867,27, 0
15868,44, 0
15869,171, 0
15870,232, 0
15871,300, 0
15872,355, 0
15873,390, 6
15874,408, 18
15875,414, 25
15876,424, 28
15877,450, 38
15878,457, 45
15879,491, 55
15880,515, 67
15881,522, 74
15882,517, 76
15883,510, 76
15884,469, 72
15885,451, 62
15886,411, 48
15887,361, 29
15888,305, 6
15889,257, 0
15890,212, 0
15891,175, 0
15892,137, 0
15893,44, 0
15894,0, 0
15895,0, 0
15896,0, 0
15897,4, 0
15898,35, 0
15899,51, 0
15900,42, 0
15901,29, 0
15902,12, 0
15903,0, 0
15904,0, 0
15905,6, 0
15906,24, 0
15907,41, 0
15908,31, 0
15909,32, 0
15910,30, 0
15911,32, 0
15912,7, 0
15913,0, 0
15914,6, 0
15915,39, 0
15916,84, 0
15917,121, 0
15918,149, 0
15919,183, 0
15920,202, 0
15921,205, 0
15922,173, 0
15923,71, 0
15924,19, 0
15925,110, 0
15926,174, 0
15927,204, 0
15928,132, 0
15929,24, 0
15930,10, 0
15931,70, 0
15932,135, 0
15933,177, 0
15934,207, 0
15935,212, 0
15936,233, 0
15937,235, 0
15938,255, 0
15939,270, 0
15940,284, 0
15941,330, 0
15942,331, 0
15943,355, 0
15944,391, 10
15945,425, 21
15946,460, 36
15947,478, 50
15948,501, 57
15949,486, 65
15950,461, 64
15951,428, 51
15952,391, 38
15953,332, 24
15954,230, 1
15955,168, 0
15956,143, 0
15957,129, 0
15958,154, 0
15959,199, 0
15960,201, 0
15961,170, 0
15962,123, 0
15963,81, 0
15964,35, 0
15965,0, 0
15966,25, 0
15967,84, 0
15968,112, 0
15969,151, 0
15970,169, 0
15971,175, 0
15972,170, 0
15973,157, 0
15974,149, 0
15975,164, 0
15976,188, 0
15977,186, 0
15978,177, 0
15979,159, 0
15980,140, 0
15981,111, 0
15982,92, 0
15983,81, 0
15984,106, 0
15985,121, 0
15986,99, 0
15987,57, 0
15988,11, 0
15989,70, 0
15990,195, 0
15991,287, 0
15992,329, 0
15993,364, 1
15994,377, 10
15995,398, 17
15996,407, 22
15997,407, 25
15998,413, 25
15999,427, 29
16000,441, 38
16001,464, 42
16002,477, 51
16003,476, 56
16004,467, 53
16005,450, 53
16006,447, 51
16007,437, 50
16008,447, 45
16009,466, 50
16010,491, 56
16011,519, 72
16012,545, 83
16013,562, 94
16014,512, 95
16015,417, 70
16016,330, 36
16017,300, 10
16018,291, 0
16019,312, 0
16020,389, 8
16021,464, 37
16022,523, 62
16023,543, 83
16024,505, 92
16025,418, 74
16026,325, 39
16027,260, 8
16028,233, 0
16029,167, 0
16030,85, 0
16031,20, 0
16032,159, 0
16033,325, 0
16034,491, 21
16035,646, 89
16036,775, 155
16037,859, 210
16038,859, 244
16039,788, 245
16040,673, 215
16041,512, 165
16042,336, 92
16043,183, 19
16044,76, 0
16045,36, 0
16046,6, 0
16047,19, 0
16048,88, 0
16049,144, 0
16050,242, 0
16051,290, 0
16052,298, 0
16053,286, 0
16054,268, 0
16055,242, 0
16056,219, 0
16057,212, 0
16058,221, 0
16059,232, 0
16060,259, 0
16061,316, 0
16062,347, 0
16063,387, 4
16064,409, 19
16065,420, 25
16066,445, 32
16067,439, 39
16068,447, 43
16069,427, 44
16070,413, 39
16071,381, 30
16072,361, 20
16073,342, 13
16074,319, 4
16075,266, 0
16076,159, 0
16077,108, 0
16078,80, 0
16079,83, 0
16080,102, 0
16081,133, 0
16082,130, 0
16083,99, 0
16084,80, 0
16085,43, 0
16086,17, 0
16087,2, 0
16088,5, 0
16089,20, 0
16090,29, 0
16091,32, 0
16092,50, 0
16093,75, 0
16094,105, 0
16095,121, 0
16096,111, 0
16097,105, 0
16098,95, 0
16099,61, 0
16100,19, 0
16101,0, 0
16102,0, 0
16103,1, 0
16104,6, 0
16105,26, 0
16106,1, 0
16107,1, 0
16108,17, 0
16109,65, 0
16110,127, 0
16111,236, 0
16112,338, 0
16113,362, 1
16114,368, 9
16115,384, 13
16116,391, 18
16117,416, 25
16118,455, 36
16119,466, 44
16120,476, 52
16121,486, 57
16122,496, 63
16123,497, 68
16124,500, 69
16125,473, 65
16126,420, 51
16127,379, 32
16128,328, 15
16129,308, 1
16130,274, 0
16131,246, 0
16132,215, 0
16133,188, 0
16134,174, 0
16135,156, 0
16136,106, 0
16137,14, 0
16138,0, 0
16139,6, 0
16140,21, 0
16141,12, 0
16142,0, 0
16143,0, 0
16144,19, 0
16145,61, 0
16146,63, 0
16147,76, 0
16148,59, 0
16149,47, 0
16150,44, 0
16151,55, 0
16152,60, 0
16153,58, 0
16154,65, 0
16155,76, 0
16156,81, 0
16157,87, 0
16158,89, 0
16159,87, 0
16160,41, 0
16161,2, 0
16162,6, 0
16163,40, 0
16164,71, 0
16165,81, 0
16166,80, 0
16167,37, 0
16168,2, 0
16169,12, 0
16170,44, 0
16171,111, 0
16172,224, 0
16173,297, 0
16174,359, 0
16175,379, 8
16176,428, 22
16177,476, 39
16178,516, 58
16179,546, 76
16180,577, 93
16181,587, 103
16182,584, 108
16183,569, 108
16184,549, 102
16185,547, 96
16186,537, 93
16187,516, 88
16188,473, 76
16189,457, 63
16190,405, 48
16191,364, 28
16192,331, 14
16193,295, 3
16194,293, 0
16195,282, 0
16196,256, 0
16197,193, 0
16198,87, 0
16199,2, 0
16200,3, 0
16201,11, 0
16202,0, 0
16203,2, 0
16204,10, 0
16205,11, 0
16206,3, 0
16207,0, 0
16208,0, 0
16209,0, 0
16210,0, 0
16211,5, 0
16212,21, 0
16213,26, 0
16214,60, 0
16215,100, 0
16216,134, 0
16217,166, 0
16218,193, 0
16219,214, 0
16220,217, 0
16221,184, 0
16222,133, 0
16223,87, 0
16224,32, 0
16225,1, 0
16226,45, 0
16227,80, 0
16228,59, 0
16229,31, 0
16230,17, 0
16231,18, 0
16232,57, 0
16233,155, 0
16234,242, 0
16235,307, 0
16236,351, 0
16237,398, 10
16238,436, 25
16239,479, 43
16240,522, 60
16241,541, 76
16242,563, 89
16243,582, 99
16244,594, 108
16245,599, 112
16246,612, 121
16247,607, 124
16248,592, 122
16249,571, 115
16250,526, 105
16251,506, 90
16252,477, 76
16253,450, 63
16254,432, 52
16255,411, 43
16256,379, 36
16257,352, 19
16258,286, 5
16259,164, 0
16260,116, 0
16261,85, 0
16262,83, 0
16263,95, 0
16264,121, 0
16265,112, 0
16266,80, 0
16267,58, 0
16268,12, 0
16269,0, 0
16270,18, 0
16271,51, 0
16272,61, 0
16273,80, 0
16274,92, 0
16275,113, 0
16276,145, 0
16277,160, 0
16278,164, 0
16279,158, 0
16280,143, 0
16281,169, 0
16282,145, 0
16283,124, 0
16284,102, 0
16285,89, 0
16286,92, 0
16287,108, 0
16288,147, 0
16289,201, 0
16290,233, 0
16291,235, 0
16292,205, 0
16293,121, 0
16294,12, 0
16295,78, 0
16296,160, 0
16297,224, 0
16298,286, 0
16299,334, 0
16300,395, 4
16301,435, 25
16302,466, 38
16303,468, 47
16304,465, 53
16305,456, 53
16306,452, 47
16307,473, 50
16308,481, 54
16309,475, 57
16310,446, 54
16311,377, 38
16312,308, 12
16313,253, 0
16314,249, 0
16315,239, 0
16316,244, 0
16317,214, 0
16318,144, 0
16319,31, 0
16320,65, 0
16321,111, 0
16322,92, 0
16323,23, 0
16324,18, 0
16325,81, 0
16326,96, 0
16327,51, 0
16328,15, 0
16329,11, 0
16330,74, 0
16331,130, 0
16332,171, 0
16333,175, 0
16334,127, 0
16335,83, 0
16336,32, 0
16337,0, 0
16338,6, 0
16339,38, 0
16340,51, 0
16341,12, 0
16342,0, 0
16343,19, 0
16344,46, 0
16345,53, 0
16346,51, 0
16347,31, 0
16348,19, 0
16349,8, 0
16350,17, 0
16351,5, 0
16352,17, 0
16353,106, 0
16354,207, 0
16355,316, 0
16356,355, 0
16357,331, 1
16358,272, 0
16359,219, 0
16360,176, 0
16361,168, 0
16362,196, 0
16363,234, 0
16364,289, 0
16365,367, 0
16366,396, 6
16367,425, 23
16368,465, 38
16369,497, 54
16370,517, 64
16371,525, 77
16372,505, 78
16373,453, 64
16374,383, 42
16375,323, 17
16376,269, 0
16377,246, 0
16378,226, 0
16379,183, 0
16380,108, 0
16381,31, 0
16382,41, 0
16383,101, 0
16384,166, 0
16385,244, 0
16386,297, 0
16387,311, 0
16388,282, 0
16389,218, 0
16390,133, 0
16391,31, 0
16392,19, 0
16393,126, 0
16394,207, 0
16395,284, 0
16396,311, 0
16397,300, 0
16398,255, 0
16399,191, 0
16400,122, 0
16401,67, 0
16402,43, 0
16403,6, 0
16404,5, 0
16405,43, 0
16406,89, 0
16407,136, 0
16408,161, 0
16409,144, 0
16410,68, 0
16411,17, 0
16412,110, 0
16413,174, 0
16414,164, 0
16415,69, 0
16416,44, 0
16417,196, 0
16418,326, 0
16419,476, 12
16420,640, 72
16421,785, 139
16422,865, 196
16423,883, 231
16424,827, 240
16425,784, 234
16426,745, 218
16427,736, 203
16428,714, 190
16429,676, 182
16430,639, 163
16431,618, 147
16432,601, 134
16433,592, 126
16434,572, 116
16435,533, 103
16436,440, 78
16437,296, 36
16438,137, 1
16439,12, 0
16440,74, 0
16441,201, 0
16442,324, 0
16443,398, 7
16444,451, 28
16445,480, 50
16446,460, 57
16447,425, 55
16448,391, 43
16449,356, 28
16450,325, 18
16451,296, 6
16452,257, 0
16453,240, 0
16454,190, 0
16455,131, 0
16456,59, 0
16457,8, 0
16458,0, 0
16459,2, 0
16460,9, 0
16461,0, 0
16462,1, 0
16463,42, 0
16464,81, 0
16465,87, 0
16466,51, 0
16467,6, 0
16468,0, 0
16469,6, 0
16470,4, 0
16471,0, 0
16472,9, 0
16473,12, 0
16474,0, 0
16475,1, 0
16476,44, 0
16477,121, 0
16478,170, 0
16479,181, 0
16480,176, 0
16481,192, 0
16482,204, 0
16483,234, 0
16484,291, 0
16485,336, 0
16486,391, 5
16487,437, 19
16488,457, 35
16489,456, 42
16490,446, 46
16491,438, 43
16492,450, 43
16493,473, 50
16494,494, 61
16495,524, 70
16496,536, 80
16497,547, 87
16498,568, 95
16499,607, 108
16500,638, 126
16501,651, 142
16502,591, 138
16503,480, 110
16504,361, 64
16505,321, 27
16506,257, 4
16507,310, 0
16508,342, 2
16509,348, 6
16510,348, 6
16511,331, 7
16512,313, 6
16513,251, 0
16514,144, 0
16515,44, 0
16516,12, 0
16517,75, 0
16518,113, 0
16519,134, 0
16520,134, 0
16521,139, 0
16522,144, 0
16523,147, 0
16524,139, 0
16525,139, 0
16526,166, 0
16527,177, 0
16528,196, 0
16529,125, 0
16530,32, 0
16531,9, 0
16532,43, 0
16533,48, 0
16534,85, 0
16535,123, 0
16536,148, 0
16537,184, 0
16538,239, 0
16539,261, 0
16540,220, 0
16541,207, 0
16542,223, 0
16543,253, 0
16544,289, 0
16545,330, 0
16546,362, 0
16547,385, 11
16548,388, 15
16549,367, 12
16550,345, 6
16551,322, 2
16552,284, 0
16553,253, 0
16554,251, 0
16555,245, 0
16556,230, 0
16557,219, 0
16558,189, 0
16559,139, 0
16560,107, 0
16561,72, 0
16562,25, 0
16563,12, 0
16564,76, 0
16565,108, 0
16566,80, 0
16567,57, 0
16568,7, 0
16569,0, 0
16570,8, 0
16571,14, 0
16572,27, 0
16573,52, 0
16574,67, 0
16575,74, 0
16576,95, 0
16577,145, 0
16578,211, 0
16579,284, 0
16580,307, 0
16581,286, 0
16582,237, 0
16583,150, 0
16584,30, 0
16585,92, 0
16586,245, 0
16587,327, 0
16588,318, 2
16589,247, 0
16590,123, 0
16591,8, 0
16592,26, 0
16593,57, 0
16594,56, 0
16595,38, 0
16596,32, 0
16597,36, 0
16598,89, 0
16599,196, 0
16600,301, 0
16601,391, 2
16602,469, 25
16603,545, 57
16604,604, 90
16605,644, 116
16606,684, 137
16607,696, 155
16608,704, 164
16609,700, 167
16610,689, 169
16611,693, 169
16612,697, 168
16613,710, 172
16614,736, 179
16615,764, 190
16616,764, 198
16617,731, 196
16618,673, 182
16619,612, 156
16620,540, 129
16621,424, 89
16622,234, 31
16623,38, 0
16624,139, 0
16625,251, 0
16626,270, 0
16627,198, 0
16628,93, 0
16629,19, 0
16630,7, 0
16631,5, 0
16632,39, 0
16633,44, 0
16634,6, 0
16635,35, 0
16636,124, 0
16637,152, 0
16638,81, 0
16639,17, 0
16640,158, 0
16641,270, 0
16642,330, 0
16643,328, 2
16644,290, 2
16645,253, 0
16646,186, 0
16647,147, 0
16648,61, 0
16649,6, 0
16650,47, 0
16651,102, 0
16652,70, 0
16653,52, 0
16654,325, 0
16655,574, 32
16656,689, 102
16657,696, 145
16658,640, 158
16659,557, 136
16660,455, 100
16661,372, 59
16662,312, 21
16663,244, 0
16664,173, 0
16665,89, 0
16666,9, 0
16667,61, 0
16668,182, 0
16669,283, 0
16670,344, 0
16671,353, 0
16672,330, 1
16673,325, 0
16674,349, 0
16675,410, 12
16676,495, 37
16677,563, 68
16678,619, 96
16679,651, 124
16680,649, 137
16681,613, 137
16682,548, 123
16683,458, 95
16684,364, 56
16685,271, 14
16686,199, 0
16687,216, 0
16688,247, 0
16689,232, 0
16690,183, 0
16691,132, 0
16692,89, 0
16693,79, 0
16694,102, 0
16695,142, 0
16696,189, 0
16697,259, 0
16698,316, 0
16699,328, 1
16700,342, 6
16701,348, 10
16702,343, 12
16703,322, 14
16704,262, 4
16705,185, 0
16706,96, 0
16707,42, 0
16708,78, 0
16709,182, 0
16710,276, 0
16711,323, 0
16712,371, 8
16713,452, 31
16714,519, 60
16715,519, 80
16716,452, 76
16717,342, 43
16718,189, 8
16719,36, 0
16720,0, 0
16721,0, 0
16722,73, 0
16723,184, 0
16724,252, 0
16725,150, 0
16726,34, 0
16727,210, 0
16728,268, 0
16729,259, 0
16730,237, 0
16731,187, 0
16732,205, 0
16733,226, 0
16734,251, 0
16735,271, 0
16736,253, 0
16737,220, 0
16738,180, 0
16739,152, 0
16740,90, 0
16741,15, 0
16742,6, 0
16743,89, 0
16744,214, 0
16745,308, 0
16746,295, 0
16747,193, 0
16748,130, 0
16749,109, 0
16750,110, 0
16751,90, 0
16752,25, 0
16753,2, 0
16754,14, 0
16755,11, 0
16756,0, 0
16757,30, 0
16758,105, 0
16759,154, 0
16760,188, 0
16761,220, 0
16762,230, 0
16763,226, 0
16764,169, 0
16765,45, 0
16766,95, 0
16767,294, 0
16768,456, 15
16769,540, 58
16770,531, 85
16771,433, 78
16772,309, 40
16773,152, 4
16774,19, 0
16775,176, 0
16776,316, 0
16777,420, 8
16778,522, 45
16779,617, 89
16780,684, 127
16781,773, 166
16782,832, 204
16783,786, 221
16784,661, 198
16785,535, 150
16786,438, 99
16787,325, 46
16788,224, 4
16789,134, 0
16790,64, 0
16791,76, 0
16792,149, 0
16793,230, 0
16794,267, 0
16795,297, 0
16796,285, 0
16797,271, 0
16798,232, 0
16799,193, 0
16800,183, 0
16801,203, 0
16802,233, 0
16803,275, 0
16804,329, 0
16805,398, 7
16806,460, 30
16807,461, 46
16808,512, 63
16809,613, 92
16810,767, 148
16811,944, 214
16812,1064, 281
16813,1081, 326
16814,978, 334
16815,828, 301
16816,700, 254
16817,586, 196
16818,479, 139
16819,378, 85
16820,235, 27
16821,58, 0
16822,111, 0
16823,327, 0
16824,497, 23
16825,614, 85
16826,669, 131
16827,656, 151
16828,607, 152
16829,545, 137
16830,465, 105
16831,361, 68
16832,257, 21
16833,141, 0
16834,37, 0
16835,2, 0
16836,27, 0
16837,149, 0
16838,317, 0
16839,469, 12
16840,558, 63
16841,543, 86
16842,318, 57
16843,97, 0
16844,467, 5
16845,777, 90
16846,951, 189
16847,982, 254
16848,838, 263
16849,599, 207
16850,291, 107
16851,31, 6
16852,84, 0
16853,62, 0
16854,59, 0
16855,324, 0
16856,601, 29
16857,827, 125
16858,922, 204
16859,816, 233
16860,540, 183
16861,199, 72
16862,71, 0
16863,300, 0
16864,463, 9
16865,557, 56
16866,633, 99
16867,706, 134
16868,763, 170
16869,706, 185
16870,594, 163
16871,461, 117
16872,337, 67
16873,231, 12
16874,144, 0
16875,92, 0
16876,20, 0
16877,39, 0
16878,164, 0
16879,284, 0
16880,377, 5
16881,415, 24
16882,406, 35
16883,327, 23
16884,239, 5
16885,161, 0
16886,115, 0
16887,93, 0
16888,102, 0
16889,165, 0
16890,208, 0
16891,276, 0
16892,333, 0
16893,321, 5
16894,232, 0
16895,94, 0
16896,13, 0
16897,92, 0
16898,152, 0
16899,116, 0
16900,28, 0
16901,74, 0
16902,191, 0
16903,355, 0
16904,487, 22
16905,547, 60
16906,524, 79
16907,450, 70
16908,349, 40
16909,235, 6
16910,167, 0
16911,139, 0
16912,108, 0
16913,122, 0
16914,150, 0
16915,164, 0
16916,198, 0
16917,244, 0
16918,299, 0
16919,373, 0
16920,427, 18
16921,502, 40
16922,587, 71
16923,698, 115
16924,824, 171
16925,947, 226
16926,1047, 282
16927,1081, 318
16928,1029, 336
16929,914, 323
16930,767, 279
16931,594, 210
16932,401, 131
16933,183, 38
16934,25, 0
16935,84, 0
16936,185, 0
16937,239, 0
16938,251, 0
16939,254, 0
16940,272, 0
16941,287, 0
16942,283, 0
16943,220, 0
16944,133, 0
16945,61, 0
16946,52, 0
16947,87, 0
16948,123, 0
16949,137, 0
16950,130, 0
16951,120, 0
16952,110, 0
16953,79, 0
16954,105, 0
16955,89, 0
16956,19, 0
16957,36, 0
16958,137, 0
16959,230, 0
16960,328, 0
16961,480, 17
16962,625, 76
16963,730, 133
16964,800, 180
16965,766, 202
16966,622, 183
16967,428, 122
16968,248, 42
16969,100, 0
16970,10, 0
16971,85, 0
16972,139, 0
16973,192, 0
16974,189, 0
16975,134, 0
16976,29, 0
16977,148, 0
16978,362, 0
16979,535, 25
16980,677, 88
16981,787, 152
16982,853, 199
16983,824, 220
16984,698, 208
16985,524, 159
16986,391, 94
16987,300, 38
16988,251, 4
16989,218, 0
16990,163, 0
16991,108, 0
16992,71, 0
16993,42, 0
16994,2, 0
16995,0, 0
16996,15, 0
16997,31, 0
16998,22, 0
16999,32, 0
17000,67, 0
17001,70, 0
17002,21, 0
17003,0, 0
17004,19, 0
17005,24, 0
17006,4, 0
17007,76, 0
17008,186, 0
17009,234, 0
17010,182, 0
17011,45, 0
17012,41, 0
17013,148, 0
17014,134, 0
17015,39, 0
17016,71, 0
17017,177, 0
17018,246, 0
17019,268, 0
17020,327, 0
17021,384, 7
17022,470, 31
17023,547, 64
17024,599, 96
17025,566, 108
17026,477, 92
17027,375, 61
17028,231, 12
17029,47, 0
17030,129, 0
17031,337, 0
17032,551, 25
17033,741, 102
17034,875, 176
17035,927, 230
17036,868, 252
17037,738, 230
17038,607, 186
17039,504, 133
17040,439, 90
17041,405, 55
17042,387, 32
17043,361, 19
17044,361, 14
17045,394, 15
17046,445, 31
17047,478, 46
17048,446, 53
17049,313, 31
17050,81, 0
17051,176, 0
17052,348, 0
17053,342, 4
17054,202, 0
17055,53, 0
17056,276, 0
17057,416, 4
17058,404, 26
17059,298, 17
17060,200, 0
17061,102, 0
17062,12, 0
17063,50, 0
17064,165, 0
17065,242, 0
17066,282, 0
17067,315, 0
17068,340, 5
17069,326, 11
17070,264, 3
17071,176, 0
17072,109, 0
17073,78, 0
17074,32, 0
17075,0, 0
17076,60, 0
17077,112, 0
17078,181, 0
17079,257, 0
17080,316, 0
17081,325, 1
17082,317, 0
17083,312, 0
17084,302, 0
17085,309, 0
17086,318, 0
17087,261, 0
17088,126, 0
17089,10, 0
17090,7, 0
17091,89, 0
17092,222, 0
17093,415, 2
17094,625, 52
17095,813, 131
17096,957, 207
17097,996, 267
17098,928, 281
17099,748, 254
17100,481, 176
17101,190, 61
17102,35, 0
17103,141, 0
17104,189, 0
17105,158, 0
17106,92, 0
17107,15, 0
17108,17, 0
17109,59, 0
17110,77, 0
17111,52, 0
17112,48, 0
17113,92, 0
17114,211, 0
17115,324, 0
17116,415, 7
17117,488, 38
17118,527, 69
17119,557, 89
17120,638, 113
17121,722, 155
17122,725, 183
17123,621, 173
17124,439, 127
17125,240, 53
17126,39, 0
17127,171, 0
17128,393, 2
17129,512, 39
17130,494, 70
17131,377, 60
17132,221, 15
17133,90, 0
17134,6, 0
17135,0, 0
17136,0, 0
17137,60, 0
17138,163, 0
17139,219, 0
17140,221, 0
17141,175, 0
17142,141, 0
17143,133, 0
17144,143, 0
17145,181, 0
17146,207, 0
17147,138, 0
17148,22, 0
17149,96, 0
17150,238, 0
17151,365, 0
17152,427, 12
17153,438, 31
17154,453, 38
17155,468, 47
17156,475, 51
17157,482, 57
17158,440, 54
17159,371, 32
17160,302, 9
17161,242, 0
17162,196, 0
17163,167, 0
17164,130, 0
17165,100, 0
17166,137, 0
17167,219, 0
17168,318, 0
17169,400, 3
17170,469, 30
17171,519, 58
17172,491, 69
17173,368, 51
17174,210, 10
17175,72, 0
17176,0, 0
17177,8, 0
17178,0, 0
17179,4, 0
17180,34, 0
17181,89, 0
17182,187, 0
17183,286, 0
17184,379, 3
17185,451, 28
17186,480, 52
17187,427, 55
17188,351, 41
17189,246, 12
17190,205, 0
17191,176, 0
17192,76, 0
17193,50, 0
17194,246, 0
17195,420, 6
17196,526, 46
17197,552, 87
17198,566, 103
17199,533, 106
17200,472, 92
17201,409, 69
17202,328, 37
17203,227, 6
17204,68, 0
17205,96, 0
17206,302, 0
17207,465, 15
17208,608, 69
17209,669, 117
17210,627, 139
17211,501, 117
17212,359, 67
17213,200, 11
17214,43, 0
17215,19, 0
17216,89, 0
17217,91, 0
17218,19, 0
17219,44, 0
17220,164, 0
17221,248, 0
17222,266, 0
17223,273, 0
17224,276, 0
17225,242, 0
17226,214, 0
17227,179, 0
17228,164, 0
17229,189, 0
17230,202, 0
17231,232, 0
17232,241, 0
17233,219, 0
17234,183, 0
17235,157, 0
17236,168, 0
17237,189, 0
17238,220, 0
17239,229, 0
17240,193, 0
17241,163, 0
17242,132, 0
17243,121, 0
17244,121, 0
17245,126, 0
17246,135, 0
17247,152, 0
17248,181, 0
17249,202, 0
17250,195, 0
17251,174, 0
17252,145, 0
17253,94, 0
17254,24, 0
17255,20, 0
17256,101, 0
17257,156, 0
17258,173, 0
17259,154, 0
17260,127, 0
17261,108, 0
17262,119, 0
17263,133, 0
17264,158, 0
17265,131, 0
17266,47, 0
17267,17, 0
17268,154, 0
17269,298, 0
17270,383, 1
17271,395, 15
17272,388, 19
17273,420, 24
17274,449, 36
17275,482, 44
17276,488, 58
17277,460, 57
17278,423, 45
17279,391, 34
17280,351, 21
17281,321, 6
17282,302, 0
17283,271, 0
17284,246, 0
17285,237, 0
17286,204, 0
17287,196, 0
17288,200, 0
17289,214, 0
17290,218, 0
17291,242, 0
17292,258, 0
17293,256, 0
17294,187, 0
17295,127, 0
17296,88, 0
17297,84, 0
17298,64, 0
17299,97, 0
17300,127, 0
17301,108, 0
17302,90, 0
17303,50, 0
17304,37, 0
17305,29, 0
17306,25, 0
17307,21, 0
17308,24, 0
17309,19, 0
17310,14, 0
17311,1, 0
17312,9, 0
17313,0, 0
17314,0, 0
17315,0, 0
17316,29, 0
17317,88, 0
17318,139, 0
17319,181, 0
17320,183, 0
17321,155, 0
17322,102, 0
17323,60, 0
17324,62, 0
17325,67, 0
17326,35, 0
17327,6, 0
17328,88, 0
17329,195, 0
17330,312, 0
17331,377, 0
17332,386, 12
17333,398, 19
17334,420, 24
17335,447, 38
17336,476, 44
17337,486, 57
17338,482, 58
17339,481, 60
17340,484, 61
17341,481, 64
17342,485, 62
17343,475, 56
17344,444, 55
17345,418, 41
17346,428, 38
17347,451, 43
17348,547, 65
17349,614, 93
17350,663, 125
17351,671, 145
17352,600, 142
17353,450, 107
17354,238, 40
17355,37, 0
17356,136, 0
17357,203, 0
17358,196, 0
17359,120, 0
17360,40, 0
17361,0, 0
17362,13, 0
17363,5, 0
17364,0, 0
17365,0, 0
17366,0, 0
17367,0, 0
17368,12, 0
17369,46, 0
17370,89, 0
17371,123, 0
17372,101, 0
17373,41, 0
17374,1, 0
17375,11, 0
17376,19, 0
17377,0, 0
17378,1, 0
17379,26, 0
17380,56, 0
17381,85, 0
17382,99, 0
17383,87, 0
17384,65, 0
17385,44, 0
17386,41, 0
17387,11, 0
17388,36, 0
17389,129, 0
17390,211, 0
17391,297, 0
17392,347, 0
17393,396, 8
17394,451, 26
17395,532, 56
17396,594, 85
17397,606, 103
17398,541, 105
17399,440, 80
17400,369, 45
17401,363, 24
17402,411, 24
17403,525, 44
17404,636, 87
17405,682, 127
17406,612, 135
17407,420, 96
17408,196, 22
17409,62, 0
17410,34, 0
17411,110, 0
17412,266, 0
17413,419, 4
17414,531, 41
17415,526, 75
17416,359, 52
17417,154, 7
17418,12, 0
17419,3, 0
17420,74, 0
17421,226, 0
17422,298, 0
17423,257, 0
17424,89, 0
17425,47, 0
17426,183, 0
17427,270, 0
17428,319, 0
17429,355, 6
17430,401, 20
17431,439, 37
17432,491, 57
17433,470, 70
17434,460, 71
17435,377, 55
17436,295, 24
17437,202, 1
17438,133, 0
17439,59, 0
17440,3, 0
17441,53, 0
17442,155, 0
17443,204, 0
17444,236, 0
17445,233, 0
17446,143, 0
17447,25, 0
17448,22, 0
17449,89, 0
17450,126, 0
17451,70, 0
17452,19, 0
17453,123, 0
17454,189, 0
17455,221, 0
17456,243, 0
17457,259, 0
17458,281, 0
17459,331, 0
17460,309, 0
17461,297, 0
17462,284, 0
17463,300, 0
17464,364, 0
17465,415, 10
17466,450, 29
17467,479, 44
17468,493, 53
17469,476, 61
17470,478, 57
17471,494, 63
17472,515, 74
17473,529, 81
17474,524, 87
17475,481, 78
17476,388, 58
17477,203, 10
17478,31, 0
17479,31, 0
17480,85, 0
17481,76, 0
17482,12, 0
17483,121, 0
17484,283, 0
17485,384, 4
17486,420, 21
17487,388, 32
17488,323, 21
17489,215, 1
17490,78, 0
17491,64, 0
17492,257, 0
17493,402, 4
17494,430, 28
17495,398, 38
17496,322, 25
17497,241, 4
17498,216, 0
17499,220, 0
17500,223, 0
17501,215, 0
17502,168, 0
17503,138, 0
17504,104, 0
17505,62, 0
17506,28, 0
17507,15, 0
17508,6, 0
17509,0, 0
17510,19, 0
17511,86, 0
17512,219, 0
17513,385, 0
17514,501, 28
17515,545, 65
17516,530, 79
17517,483, 77
17518,411, 56
17519,347, 31
17520,263, 5
17521,200, 0
17522,160, 0
17523,179, 0
17524,226, 0
17525,282, 0
17526,324, 0
17527,341, 0
17528,372, 2
17529,386, 12
17530,401, 19
17531,408, 23
17532,398, 26
17533,385, 24
17534,373, 25
17535,362, 18
17536,367, 15
17537,340, 12
17538,276, 2
17539,204, 0
17540,182, 0
17541,232, 0
17542,300, 0
17543,394, 6
17544,447, 30
17545,418, 39
17546,313, 25
17547,142, 0
17548,22, 0
17549,133, 0
17550,217, 0
17551,246, 0
17552,247, 0
17553,230, 0
17554,202, 0
17555,165, 0
17556,132, 0
17557,56, 0
17558,26, 0
17559,65, 0
17560,124, 0
17561,157, 0
17562,183, 0
17563,183, 0
17564,170, 0
17565,115, 0
17566,84, 0
17567,38, 0
17568,9, 0
17569,0, 0
17570,0, 0
17571,0, 0
17572,30, 0
17573,5, 0
17574,5, 0
17575,44, 0
17576,91, 0
17577,130, 0
17578,169, 0
17579,203, 0
17580,258, 0
17581,317, 0
17582,382, 2
17583,446, 19
17584,524, 45
17585,587, 77
17586,600, 97
17587,620, 115
17588,590, 120
17589,517, 104
17590,399, 71
17591,308, 26
17592,231, 1
17593,189, 0
17594,202, 0
17595,233, 0
17596,232, 0
17597,166, 0
17598,34, 0
17599,166, 0
17600,300, 0
17601,312, 0
17602,208, 0
17603,76, 0
17604,48, 0
17605,133, 0
17606,156, 0
17607,50, 0
17608,51, 0
17609,171, 0
17610,232, 0
17611,223, 0
17612,139, 0
17613,56, 0
17614,1, 0
17615,0, 0
17616,0, 0
17617,0, 0
17618,10, 0
17619,59, 0
17620,127, 0
17621,174, 0
17622,164, 0
17623,112, 0
17624,10, 0
17625,43, 0
17626,113, 0
17627,139, 0
17628,128, 0
17629,38, 0
17630,0, 0
17631,0, 0
17632,13, 0
17633,84, 0
17634,184, 0
17635,308, 0
17636,363, 0
17637,382, 8
17638,384, 14
17639,439, 28
17640,517, 48
17641,605, 80
17642,680, 120
17643,728, 153
17644,751, 173
17645,764, 189
17646,785, 201
17647,827, 214
17648,841, 223
17649,788, 232
17650,720, 213
17651,576, 174
17652,437, 115
17653,292, 51
17654,161, 1
17655,84, 0
17656,57, 0
17657,89, 0
17658,155, 0
17659,183, 0
17660,117, 0
17661,31, 0
17662,0, 0
17663,0, 0
17664,0, 0
17665,19, 0
17666,121, 0
17667,272, 0
17668,417, 6
17669,494, 37
17670,469, 62
17671,396, 56
17672,292, 27
17673,170, 1
17674,103, 0
17675,52, 0
17676,8, 0
17677,5, 0
17678,35, 0
17679,77, 0
17680,91, 0
17681,51, 0
17682,1, 0
17683,55, 0
17684,136, 0
17685,171, 0
17686,179, 0
17687,107, 0
17688,51, 0
17689,11, 0
17690,14, 0
17691,15, 0
17692,0, 0
17693,43, 0
17694,158, 0
17695,334, 0
17696,497, 20
17697,590, 71
17698,600, 100
17699,533, 101
17700,527, 96
17701,469, 78
17702,377, 50
17703,246, 12
17704,128, 0
17705,59, 0
17706,53, 0
17707,102, 0
17708,167, 0
17709,226, 0
17710,263, 0
17711,312, 0
17712,368, 2
17713,446, 19
17714,514, 50
17715,562, 73
17716,576, 97
17717,582, 105
17718,524, 102
17719,415, 75
17720,294, 31
17721,131, 0
17722,61, 0
17723,80, 0
17724,132, 0
17725,202, 0
17726,232, 0
17727,177, 0
17728,118, 0
17729,26, 0
17730,14, 0
17731,78, 0
17732,140, 0
17733,186, 0
17734,214, 0
17735,214, 0
17736,219, 0
17737,207, 0
17738,185, 0
17739,169, 0
17740,123, 0
17741,83, 0
17742,64, 0
17743,63, 0
17744,57, 0
17745,43, 0
17746,15, 0
17747,0, 0
17748,0, 0
17749,0, 0
17750,1, 0
17751,0, 0
17752,17, 0
17753,25, 0
17754,5, 0
17755,14, 0
17756,111, 0
17757,222, 0
17758,300, 0
17759,346, 0
17760,400, 7
17761,453, 26
17762,505, 50
17763,535, 68
17764,537, 83
17765,516, 83
17766,484, 75
17767,463, 64
17768,452, 55
17769,469, 53
17770,517, 63
17771,515, 71
17772,532, 76
17773,538, 85
17774,538, 88
17775,513, 85
17776,465, 74
17777,382, 50
17778,274, 14
17779,145, 0
17780,50, 0
17781,1, 0
17782,14, 0
17783,14, 0
17784,0, 0
17785,22, 0
17786,63, 0
17787,86, 0
17788,51, 0
17789,22, 0
17790,25, 0
17791,43, 0
17792,55, 0
17793,28, 0
17794,0, 0
17795,1, 0
17796,21, 0
17797,44, 0
17798,32, 0
17799,37, 0
17800,38, 0
17801,14, 0
17802,0, 0
17803,0, 0
17804,0, 0
17805,1, 0
17806,0, 0
17807,0, 0
17808,1, 0
17809,8, 0
17810,0, 0
17811,7, 0
17812,61, 0
17813,90, 0
17814,83, 0
17815,31, 0
17816,11, 0
17817,125, 0
17818,251, 0
17819,345, 0
17820,420, 10
17821,451, 31
17822,522, 56
17823,554, 77
17824,540, 88
17825,491, 81
17826,395, 57
17827,301, 20
17828,244, 0
17829,214, 0
17830,214, 0
17831,242, 0
17832,261, 0
17833,325, 0
17834,352, 0
17835,391, 7
17836,436, 23
17837,497, 44
17838,558, 75
17839,588, 95
17840,582, 107
17841,540, 107
17842,434, 83
17843,265, 31
17844,84, 0
17845,26, 0
17846,157, 0
17847,204, 0
17848,210, 0
17849,183, 0
17850,131, 0
17851,83, 0
17852,29, 0
17853,0, 0
17854,1, 0
17855,17, 0
17856,38, 0
17857,44, 0
17858,20, 0
17859,0, 0
17860,58, 0
17861,158, 0
17862,207, 0
17863,220, 0
17864,215, 0
17865,171, 0
17866,151, 0
17867,101, 0
17868,74, 0
17869,38, 0
17870,19, 0
17871,0, 0
17872,0, 0
17873,32, 0
17874,61, 0
17875,37, 0
17876,6, 0
17877,19, 0
17878,126, 0
17879,226, 0
17880,294, 0
17881,322, 0
17882,341, 0
17883,369, 5
17884,372, 11
17885,414, 21
17886,433, 29
17887,439, 38
17888,439, 38
17889,447, 42
17890,456, 44
17891,469, 46
17892,447, 48
17893,439, 42
17894,420, 40
17895,415, 38
17896,394, 31
17897,385, 23
17898,373, 21
17899,361, 14
17900,343, 11
17901,329, 5
17902,308, 3
17903,253, 0
17904,139, 0
17905,76, 0
17906,41, 0
17907,38, 0
17908,69, 0
17909,111, 0
17910,121, 0
17911,117, 0
17912,93, 0
17913,73, 0
17914,53, 0
17915,44, 0
17916,57, 0
17917,76, 0
17918,85, 0
17919,83, 0
17920,88, 0
17921,38, 0
17922,0, 0
17923,0, 0
17924,12, 0
17925,44, 0
17926,67, 0
17927,57, 0
17928,6, 0
17929,47, 0
17930,140, 0
17931,174, 0
17932,109, 0
17933,14, 0
17934,8, 0
17935,58, 0
17936,39, 0
17937,40, 0
17938,166, 0
17939,198, 0
17940,133, 0
17941,18, 0
17942,86, 0
17943,234, 0
17944,348, 0
17945,434, 12
17946,481, 35
17947,481, 53
17948,450, 51
17949,405, 41
17950,378, 28
17951,316, 7
17952,271, 0
17953,223, 0
17954,216, 0
17955,216, 0
17956,247, 0
17957,280, 0
17958,307, 0
17959,321, 0
17960,316, 0
17961,280, 0
17962,257, 0
17963,226, 0
17964,147, 0
17965,34, 0
17966,0, 0
17967,6, 0
17968,11, 0
17969,6, 0
17970,53, 0
17971,79, 0
17972,89, 0
17973,76, 0
17974,61, 0
17975,55, 0
17976,29, 0
17977,19, 0
17978,18, 0
17979,12, 0
17980,0, 0
17981,0, 0
17982,2, 0
17983,26, 0
17984,24, 0
17985,32, 0
17986,44, 0
17987,48, 0
17988,45, 0
17989,31, 0
17990,4, 0
17991,0, 0
17992,7, 0
17993,0, 0
17994,0, 0
17995,29, 0
17996,54, 0
17997,55, 0
17998,20, 0
17999,26, 0
18000,144, 0
18001,248, 0
18002,326, 0
18003,361, 1
18004,379, 8
18005,407, 19
18006,428, 28
18007,437, 36
18008,440, 43
18009,449, 43
18010,490, 51
18011,552, 70
18012,638, 101
18013,737, 138
18014,806, 181
18015,823, 205
18016,788, 216
18017,662, 197
18018,433, 133
18019,151, 35
18020,48, 0
18021,142, 0
18022,99, 0
18023,18, 0
18024,127, 0
18025,201, 0
18026,202, 0
18027,196, 0
18028,174, 0
18029,120, 0
18030,88, 0
18031,35, 0
18032,0, 0
18033,12, 0
18034,50, 0
18035,67, 0
18036,68, 0
18037,79, 0
18038,81, 0
18039,70, 0
18040,45, 0
18041,14, 0
18042,0, 0
18043,1, 0
18044,17, 0
18045,25, 0
18046,1, 0
18047,0, 0
18048,14, 0
18049,12, 0
18050,0, 0
18051,8, 0
18052,51, 0
18053,78, 0
18054,67, 0
18055,8, 0
18056,100, 0
18057,218, 0
18058,294, 0
18059,298, 0
18060,207, 0
18061,44, 0
18062,69, 0
18063,228, 0
18064,347, 0
18065,451, 11
18066,559, 53
18067,651, 97
18068,660, 127
18069,608, 134
18070,505, 112
18071,378, 68
18072,271, 21
18073,218, 0
18074,224, 0
18075,271, 0
18076,348, 0
18077,383, 3
18078,416, 15
18079,428, 28
18080,400, 28
18081,336, 19
18082,263, 2
18083,204, 0
18084,168, 0
18085,163, 0
18086,106, 0
18087,39, 0
18088,11, 0
18089,7, 0
18090,10, 0
18091,44, 0
18092,65, 0
18093,78, 0
18094,77, 0
18095,69, 0
18096,44, 0
18097,34, 0
18098,6, 0
18099,1, 0
18100,0, 0
18101,0, 0
18102,19, 0
18103,57, 0
18104,99, 0
18105,134, 0
18106,151, 0
18107,125, 0
18108,43, 0
18109,38, 0
18110,156, 0
18111,240, 0
18112,226, 0
18113,170, 0
18114,93, 0
18115,14, 0
18116,0, 0
18117,12, 0
18118,25, 0
18119,6, 0
18120,0, 0
18121,44, 0
18122,141, 0
18123,205, 0
18124,215, 0
18125,226, 0
18126,203, 0
18127,228, 0
18128,313, 0
18129,410, 4
18130,505, 38
18131,566, 68
18132,597, 92
18133,614, 109
18134,620, 121
18135,590, 125
18136,527, 108
18137,465, 84
18138,417, 60
18139,413, 43
18140,415, 37
18141,404, 32
18142,359, 25
18143,312, 9
18144,263, 0
18145,248, 0
18146,253, 0
18147,196, 0
18148,108, 0
18149,27, 0
18150,8, 0
18151,71, 0
18152,83, 0
18153,58, 0
18154,10, 0
18155,0, 0
18156,0, 0
18157,0, 0
18158,22, 0
18159,61, 0
18160,80, 0
18161,73, 0
18162,79, 0
18163,63, 0
18164,72, 0
18165,69, 0
18166,65, 0
18167,52, 0
18168,43, 0
18169,62, 0
18170,62, 0
18171,52, 0
18172,40, 0
18173,12, 0
18174,0, 0
18175,1, 0
18176,0, 0
18177,3, 0
18178,30, 0
18179,35, 0
18180,13, 0
18181,0, 0
18182,46, 0
18183,159, 0
18184,246, 0
18185,300, 0
18186,327, 0
18187,316, 0
18188,373, 6
18189,393, 10
18190,396, 19
18191,420, 26
18192,426, 30
18193,430, 35
18194,451, 38
18195,468, 44
18196,467, 48
18197,481, 56
18198,494, 61
18199,523, 69
18200,530, 77
18201,551, 87
18202,557, 92
18203,546, 96
18204,518, 93
18205,458, 77
18206,360, 47
18207,217, 8
18208,43, 0
18209,74, 0
18210,112, 0
18211,86, 0
18212,22, 0
18213,37, 0
18214,123, 0
18215,149, 0
18216,125, 0
18217,55, 0
18218,2, 0
18219,18, 0
18220,64, 0
18221,68, 0
18222,57, 0
18223,40, 0
18224,44, 0
18225,41, 0
18226,79, 0
18227,94, 0
18228,78, 0
18229,84, 0
18230,101, 0
18231,90, 0
18232,91, 0
18233,77, 0
18234,39, 0
18235,14, 0
18236,3, 0
18237,0, 0
18238,0, 0
18239,0, 0
18240,1, 0
18241,34, 0
18242,112, 0
18243,233, 0
18244,376, 0
18245,457, 19
18246,462, 44
18247,394, 38
18248,296, 12
18249,214, 0
18250,161, 0
18251,160, 0
18252,199, 0
18253,287, 0
18254,398, 1
18255,530, 31
18256,633, 83
18257,741, 134
18258,824, 181
18259,873, 219
18260,853, 237
18261,759, 231
18262,591, 184
18263,386, 112
18264,189, 26
18265,31, 0
18266,47, 0
18267,117, 0
18268,133, 0
18269,152, 0
18270,165, 0
18271,139, 0
18272,92, 0
18273,64, 0
18274,13, 0
18275,0, 0
18276,0, 0
18277,1, 0
18278,6, 0
18279,30, 0
18280,62, 0
18281,92, 0
18282,133, 0
18283,169, 0
18284,155, 0
18285,103, 0
18286,23, 0
18287,9, 0
18288,56, 0
18289,86, 0
18290,137, 0
18291,207, 0
18292,258, 0
18293,289, 0
18294,283, 0
18295,227, 0
18296,176, 0
18297,109, 0
18298,58, 0
18299,53, 0
18300,72, 0
18301,51, 0
18302,6, 0
18303,19, 0
18304,147, 0
18305,311, 0
18306,423, 6
18307,456, 31
18308,427, 38
18309,379, 30
18310,336, 15
18311,300, 1
18312,282, 0
18313,300, 0
18314,319, 0
18315,346, 0
18316,384, 10
18317,434, 21
18318,514, 45
18319,606, 80
18320,693, 120
18321,735, 153
18322,758, 180
18323,722, 185
18324,600, 161
18325,425, 110
18326,231, 38
18327,68, 0
18328,0, 0
18329,0, 0
18330,37, 0
18331,59, 0
18332,30, 0
18333,1, 0
18334,2, 0
18335,51, 0
18336,89, 0
18337,96, 0
18338,95, 0
18339,76, 0
18340,69, 0
18341,48, 0
18342,12, 0
18343,0, 0
18344,3, 0
18345,0, 0
18346,20, 0
18347,48, 0
18348,68, 0
18349,95, 0
18350,88, 0
18351,109, 0
18352,108, 0
18353,96, 0
18354,89, 0
18355,64, 0
18356,32, 0
18357,17, 0
18358,3, 0
18359,0, 0
18360,6, 0
18361,36, 0
18362,37, 0
18363,13, 0
18364,0, 0
18365,61, 0
18366,183, 0
18367,269, 0
18368,312, 0
18369,336, 0
18370,343, 1
18371,377, 7
18372,410, 13
18373,409, 23
18374,426, 30
18375,426, 35
18376,424, 31
18377,438, 36
18378,450, 41
18379,460, 43
18380,456, 51
18381,447, 47
18382,439, 46
18383,417, 41
18384,403, 32
18385,385, 29
18386,369, 21
18387,355, 15
18388,334, 8
18389,318, 2
18390,292, 0
18391,188, 0
18392,124, 0
18393,57, 0
18394,36, 0
18395,46, 0
18396,87, 0
18397,99, 0
18398,100, 0
18399,83, 0
18400,44, 0
18401,25, 0
18402,8, 0
18403,0, 0
18404,0, 0
18405,12, 0
18406,26, 0
18407,39, 0
18408,39, 0
18409,70, 0
18410,74, 0
18411,72, 0
18412,73, 0
18413,92, 0
18414,89, 0
18415,83, 0
18416,71, 0
18417,32, 0
18418,23, 0
18419,14, 0
18420,0, 0
18421,25, 0
18422,62, 0
18423,64, 0
18424,43, 0
18425,12, 0
18426,43, 0
18427,164, 0
18428,239, 0
18429,274, 0
18430,312, 0
18431,324, 0
18432,357, 0
18433,382, 6
18434,391, 17
18435,403, 22
18436,410, 24
18437,415, 25
18438,432, 34
18439,445, 39
18440,461, 44
18441,456, 50
18442,452, 48
18443,423, 42
18444,403, 36
18445,374, 26
18446,342, 14
18447,325, 6
18448,312, 0
18449,300, 0
18450,294, 0
18451,269, 0
18452,176, 0
18453,88, 0
18454,54, 0
18455,51, 0
18456,72, 0
18457,105, 0
18458,133, 0
18459,132, 0
18460,103, 0
18461,84, 0
18462,52, 0
18463,14, 0
18464,0, 0
18465,7, 0
18466,17, 0
18467,34, 0
18468,44, 0
18469,57, 0
18470,76, 0
18471,81, 0
18472,70, 0
18473,102, 0
18474,96, 0
18475,91, 0
18476,93, 0
18477,76, 0
18478,45, 0
18479,31, 0
18480,11, 0
18481,1, 0
18482,18, 0
18483,56, 0
18484,55, 0
18485,37, 0
18486,3, 0
18487,60, 0
18488,171, 0
18489,240, 0
18490,291, 0
18491,329, 0
18492,331, 0
18493,368, 4
18494,379, 9
18495,398, 17
18496,411, 24
18497,410, 25
18498,417, 25
18499,427, 36
18500,435, 36
18501,435, 41
18502,433, 39
18503,430, 37
18504,421, 37
18505,411, 34
18506,393, 30
18507,371, 22
18508,353, 14
18509,333, 6
18510,315, 2
18511,295, 0
18512,269, 0
18513,172, 0
18514,87, 0
18515,54, 0
18516,44, 0
18517,65, 0
18518,104, 0
18519,115, 0
18520,102, 0
18521,91, 0
18522,52, 0
18523,21, 0
18524,1, 0
18525,0, 0
18526,15, 0
18527,25, 0
18528,42, 0
18529,51, 0
18530,62, 0
18531,115, 0
18532,88, 0
18533,84, 0
18534,101, 0
18535,121, 0
18536,119, 0
18537,111, 0
18538,92, 0
18539,68, 0
18540,53, 0
18541,31, 0
18542,9, 0
18543,34, 0
18544,70, 0
18545,61, 0
18546,26, 0
18547,5, 0
18548,87, 0
18549,202, 0
18550,275, 0
18551,315, 0
18552,336, 0
18553,370, 2
18554,418, 14
18555,407, 25
18556,434, 31
18557,441, 41
18558,446, 41
18559,445, 43
18560,455, 44
18561,468, 48
18562,469, 52
18563,464, 55
18564,456, 51
18565,433, 50
18566,423, 41
18567,411, 37
18568,389, 30
18569,363, 22
18570,342, 12
18571,318, 5
18572,324, 2
18573,252, 0
18574,161, 0
18575,67, 0
18576,41, 0
18577,43, 0
18578,46, 0
18579,92, 0
18580,111, 0
18581,103, 0
18582,87, 0
18583,55, 0
18584,28, 0
18585,2, 0
18586,0, 0
18587,3, 0
18588,17, 0
18589,38, 0
18590,53, 0
18591,63, 0
18592,83, 0
18593,87, 0
18594,78, 0
18595,89, 0
18596,106, 0
18597,100, 0
18598,94, 0
18599,76, 0
18600,51, 0
18601,39, 0
18602,22, 0
18603,6, 0
18604,44, 0
18605,91, 0
18606,77, 0
18607,42, 0
18608,8, 0
18609,73, 0
18610,182, 0
18611,257, 0
18612,296, 0
18613,316, 0
18614,339, 0
18615,377, 5
18616,382, 10
18617,393, 17
18618,404, 23
18619,409, 24
18620,415, 26
18621,419, 31
18622,439, 36
18623,439, 42
18624,438, 42
18625,435, 39
18626,423, 38
18627,413, 35
18628,394, 29
18629,369, 20
18630,345, 12
18631,326, 6
18632,305, 1
18633,290, 0
18634,226, 0
18635,150, 0
18636,85, 0
18637,51, 0
18638,41, 0
18639,59, 0
18640,112, 0
18641,113, 0
18642,105, 0
18643,81, 0
18644,43, 0
18645,27, 0
18646,1, 0
18647,0, 0
18648,1, 0
18649,6, 0
18650,20, 0
18651,38, 0
18652,34, 0
18653,65, 0
18654,57, 0
18655,29, 0
18656,35, 0
18657,14, 0
18658,10, 0
18659,22, 0
18660,25, 0
18661,45, 0
18662,70, 0
18663,85, 0
18664,103, 0
18665,145, 0
18666,160, 0
18667,133, 0
18668,80, 0
18669,21, 0
18670,64, 0
18671,191, 0
18672,248, 0
18673,291, 0
18674,306, 0
18675,337, 0
18676,370, 5
18677,390, 11
18678,402, 18
18679,411, 27
18680,420, 25
18681,425, 30
18682,439, 37
18683,451, 44
18684,454, 45
18685,456, 48
18686,446, 48
18687,426, 44
18688,418, 38
18689,396, 31
18690,378, 24
18691,362, 19
18692,341, 11
18693,312, 5
18694,318, 1
18695,249, 0
18696,149, 0
18697,76, 0
18698,56, 0
18699,57, 0
18700,68, 0
18701,110, 0
18702,124, 0
18703,121, 0
18704,91, 0
18705,67, 0
18706,34, 0
18707,7, 0
18708,0, 0
18709,0, 0
18710,10, 0
18711,26, 0
18712,38, 0
18713,51, 0
18714,76, 0
18715,79, 0
18716,71, 0
18717,88, 0
18718,100, 0
18719,99, 0
18720,76, 0
18721,67, 0
18722,46, 0
18723,23, 0
18724,12, 0
18725,10, 0
18726,61, 0
18727,84, 0
18728,63, 0
18729,29, 0
18730,5, 0
18731,97, 0
18732,202, 0
18733,267, 0
18734,304, 0
18735,322, 0
18736,352, 0
18737,379, 6
18738,403, 15
18739,411, 23
18740,420, 26
18741,430, 31
18742,431, 35
18743,442, 38
18744,455, 42
18745,451, 46
18746,457, 51
18747,449, 47
18748,430, 44
18749,419, 38
18750,398, 35
18751,373, 25
18752,349, 15
18753,336, 6
18754,325, 3
18755,308, 0
18756,253, 0
18757,155, 0
18758,75, 0
18759,58, 0
18760,41, 0
18761,57, 0
18762,99, 0
18763,118, 0
18764,110, 0
18765,76, 0
18766,46, 0
18767,25, 0
18768,4, 0
18769,6, 0
18770,0, 0
18771,11, 0
18772,34, 0
18773,44, 0
18774,51, 0
18775,83, 0
18776,94, 0
18777,84, 0
18778,111, 0
18779,111, 0
18780,110, 0
18781,96, 0
18782,76, 0
18783,50, 0
18784,38, 0
18785,17, 0
18786,9, 0
18787,55, 0
18788,83, 0
18789,69, 0
18790,36, 0
18791,3, 0
18792,86, 0
18793,199, 0
18794,258, 0
18795,306, 0
18796,321, 0
18797,341, 0
18798,374, 5
18799,396, 13
18800,404, 21
18801,418, 26
18802,426, 31
18803,430, 34
18804,444, 37
18805,455, 41
18806,456, 50
18807,451, 48
18808,438, 47
18809,436, 44
18810,415, 36
18811,393, 31
18812,367, 23
18813,346, 14
18814,334, 6
18815,312, 2
18816,314, 0
18817,216, 0
18818,140, 0
18819,86, 0
18820,64, 0
18821,50, 0
18822,70, 0
18823,106, 0
18824,113, 0
18825,102, 0
18826,73, 0
18827,44, 0
18828,23, 0
18829,0, 0
18830,0, 0
18831,11, 0
18832,29, 0
18833,44, 0
18834,57, 0
18835,73, 0
18836,83, 0
18837,89, 0
18838,78, 0
18839,89, 0
18840,102, 0
18841,97, 0
18842,86, 0
18843,65, 0
18844,57, 0
18845,29, 0
18846,11, 0
18847,9, 0
18848,51, 0
18849,79, 0
18850,58, 0
18851,25, 0
18852,5, 0
18853,96, 0
18854,204, 0
18855,268, 0
18856,299, 0
18857,327, 0
18858,346, 0
18859,377, 6
18860,408, 14
18861,419, 26
18862,427, 31
18863,436, 35
18864,435, 38
18865,456, 41
18866,465, 47
18867,458, 51
18868,458, 51
18869,446, 47
18870,421, 43
18871,413, 36
18872,391, 26
18873,371, 22
18874,344, 12
18875,323, 7
18876,307, 1
18877,289, 0
18878,231, 0
18879,125, 0
18880,76, 0
18881,59, 0
18882,50, 0
18883,70, 0
18884,108, 0
18885,110, 0
18886,99, 0
18887,77, 0
18888,40, 0
18889,17, 0
18890,0, 0
18891,1, 0
18892,15, 0
18893,31, 0
18894,45, 0
18895,61, 0
18896,63, 0
18897,93, 0
18898,90, 0
18899,83, 0
18900,107, 0
18901,115, 0
18902,113, 0
18903,94, 0
18904,84, 0
18905,52, 0
18906,28, 0
18907,13, 0
18908,14, 0
18909,61, 0
18910,84, 0
18911,59, 0
18912,25, 0
18913,6, 0
18914,109, 0
18915,206, 0
18916,277, 0
18917,307, 0
18918,330, 0
18919,346, 0
18920,380, 6
18921,404, 14
18922,409, 23
18923,421, 29
18924,436, 31
18925,436, 37
18926,453, 44
18927,463, 44
18928,462, 50
18929,465, 52
18930,450, 50
18931,431, 44
18932,418, 39
18933,398, 32
18934,369, 26
18935,359, 14
18936,340, 9
18937,325, 5
18938,324, 2
18939,248, 0
18940,134, 0
18941,67, 0
18942,50, 0
18943,46, 0
18944,79, 0
18945,109, 0
18946,108, 0
18947,95, 0
18948,74, 0
18949,44, 0
18950,17, 0
18951,0, 0
18952,0, 0
18953,9, 0
18954,25, 0
18955,41, 0
18956,53, 0
18957,81, 0
18958,89, 0
18959,92, 0
18960,90, 0
18961,105, 0
18962,112, 0
18963,109, 0
18964,95, 0
18965,80, 0
18966,57, 0
18967,38, 0
18968,29, 0
18969,25, 0
18970,61, 0
18971,83, 0
18972,57, 0
18973,25, 0
18974,10, 0
18975,113, 0
18976,211, 0
18977,281, 0
18978,300, 0
18979,345, 0
18980,361, 1
18981,389, 8
18982,407, 19
18983,411, 25
18984,417, 30
18985,414, 29
18986,433, 31
18987,439, 37
18988,461, 42
18989,454, 51
18990,452, 47
18991,440, 45
18992,424, 40
18993,407, 37
18994,395, 31
18995,371, 23
18996,361, 18
18997,338, 8
18998,315, 3
18999,311, 0
19000,221, 0
19001,117, 0
19002,55, 0
19003,38, 0
19004,52, 0
19005,92, 0
19006,122, 0
19007,117, 0
19008,104, 0
19009,74, 0
19010,38, 0
19011,12, 0
19012,0, 0
19013,3, 0
19014,13, 0
19015,31, 0
19016,50, 0
19017,64, 0
19018,77, 0
19019,90, 0
19020,86, 0
19021,83, 0
19022,102, 0
19023,112, 0
19024,115, 0
19025,85, 0
19026,62, 0
19027,39, 0
19028,20, 0
19029,27, 0
19030,7, 0
19031,56, 0
19032,69, 0
19033,55, 0
19034,14, 0
19035,18, 0
19036,130, 0
19037,243, 0
19038,285, 0
19039,317, 0
19040,340, 0
19041,371, 6
19042,411, 14
19043,440, 26
19044,446, 38
19045,462, 42
19046,469, 47
19047,479, 51
19048,486, 55
19049,494, 59
19050,480, 64
19051,463, 58
19052,435, 51
19053,405, 39
19054,381, 29
19055,360, 18
19056,328, 8
19057,310, 1
19058,293, 0
19059,266, 0
19060,241, 0
19061,183, 0
19062,93, 0
19063,44, 0
19064,38, 0
19065,39, 0
19066,79, 0
19067,102, 0
19068,101, 0
19069,84, 0
19070,61, 0
19071,38, 0
19072,12, 0
19073,0, 0
19074,1, 0
19075,3, 0
19076,17, 0
19077,38, 0
19078,60, 0
19079,81, 0
19080,92, 0
19081,87, 0
19082,104, 0
19083,95, 0
19084,105, 0
19085,97, 0
19086,83, 0
19087,71, 0
19088,46, 0
19089,32, 0
19090,17, 0
19091,18, 0
19092,63, 0
19093,80, 0
19094,51, 0
19095,11, 0
19096,26, 0
19097,143, 0
19098,241, 0
19099,284, 0
19100,319, 0
19101,342, 0
19102,367, 3
19103,381, 12
19104,402, 19
19105,411, 25
19106,421, 30
19107,424, 31
19108,434, 36
19109,450, 44
19110,456, 45
19111,452, 47
19112,447, 46
19113,433, 44
19114,424, 43
19115,418, 38
19116,398, 35
19117,371, 22
19118,360, 17
19119,334, 8
19120,316, 0
19121,294, 0
19122,207, 0
19123,108, 0
19124,62, 0
19125,52, 0
19126,47, 0
19127,83, 0
19128,125, 0
19129,117, 0
19130,95, 0
19131,79, 0
19132,39, 0
19133,13, 0
19134,10, 0
19135,0, 0
19136,5, 0
19137,24, 0
19138,46, 0
19139,70, 0
19140,88, 0
19141,95, 0
19142,103, 0
19143,95, 0
19144,121, 0
19145,129, 0
19146,120, 0
19147,99, 0
19148,84, 0
19149,57, 0
19150,27, 0
19151,12, 0
19152,17, 0
19153,57, 0
19154,70, 0
19155,45, 0
19156,11, 0
19157,30, 0
19158,139, 0
19159,232, 0
19160,273, 0
19161,294, 0
19162,325, 0
19163,344, 0
19164,382, 6
19165,406, 18
19166,420, 26
19167,428, 32
19168,440, 38
19169,451, 42
19170,465, 51
19171,476, 52
19172,469, 55
19173,452, 51
19174,434, 47
19175,409, 40
19176,402, 32
19177,398, 30
19178,362, 20
19179,346, 12
19180,333, 6
19181,312, 1
19182,287, 0
19183,215, 0
19184,134, 0
19185,84, 0
19186,73, 0
19187,83, 0
19188,127, 0
19189,164, 0
19190,152, 0
19191,122, 0
19192,89, 0
19193,53, 0
19194,20, 0
19195,0, 0
19196,8, 0
19197,0, 0
19198,5, 0
19199,34, 0
19200,67, 0
19201,99, 0
19202,108, 0
19203,109, 0
19204,109, 0
19205,135, 0
19206,142, 0
19207,136, 0
19208,115, 0
19209,101, 0
19210,70, 0
19211,38, 0
19212,38, 0
19213,52, 0
19214,100, 0
19215,102, 0
19216,67, 0
19217,19, 0
19218,45, 0
19219,173, 0
19220,266, 0
19221,297, 0
19222,326, 0
19223,342, 0
19224,363, 3
19225,391, 11
19226,405, 19
19227,413, 25
19228,420, 29
19229,417, 32
19230,430, 34
19231,447, 38
19232,460, 44
19233,453, 45
19234,447, 47
19235,440, 44
19236,416, 38
19237,406, 35
19238,381, 27
19239,362, 18
19240,332, 10
19241,318, 3
19242,301, 0
19243,282, 0
19244,198, 0
19245,103, 0
19246,69, 0
19247,52, 0
19248,57, 0
19249,93, 0
19250,111, 0
19251,104, 0
19252,83, 0
19253,60, 0
19254,28, 0
19255,4, 0
19256,0, 0
19257,0, 0
19258,7, 0
19259,25, 0
19260,42, 0
19261,57, 0
19262,76, 0
19263,90, 0
19264,84, 0
19265,94, 0
19266,124, 0
19267,134, 0
19268,128, 0
19269,115, 0
19270,91, 0
19271,63, 0
19272,39, 0
19273,27, 0
19274,28, 0
19275,70, 0
19276,85, 0
19277,55, 0
19278,13, 0
19279,32, 0
19280,163, 0
19281,257, 0
19282,295, 0
19283,321, 0
19284,342, 0
19285,357, 2
19286,371, 6
19287,390, 13
19288,391, 17
19289,420, 23
19290,458, 35
19291,510, 52
19292,564, 76
19293,635, 103
19294,664, 130
19295,658, 142
19296,616, 140
19297,570, 126
19298,531, 108
19299,490, 91
19300,430, 65
19301,378, 43
19302,322, 19
19303,270, 2
19304,219, 0
19305,73, 0
19306,13, 0
19307,58, 0
19308,110, 0
19309,120, 0
19310,60, 0
19311,15, 0
19312,0, 0
19313,0, 0
19314,0, 0
19315,0, 0
19316,12, 0
19317,55, 0
19318,80, 0
19319,83, 0
19320,90, 0
19321,93, 0
19322,120, 0
19323,127, 0
19324,117, 0
19325,90, 0
19326,83, 0
19327,75, 0
19328,70, 0
19329,52, 0
19330,38, 0
19331,35, 0
19332,32, 0
19333,29, 0
19334,19, 0
19335,31, 0
19336,83, 0
19337,61, 0
19338,18, 0
19339,0, 0
19340,81, 0
19341,202, 0
19342,290, 0
19343,321, 0
19344,355, 0
19345,385, 8
19346,395, 13
19347,413, 24
19348,430, 30
19349,430, 35
19350,440, 37
19351,449, 42
19352,451, 43
19353,469, 51
19354,479, 54
19355,468, 58
19356,470, 57
19357,453, 55
19358,447, 51
19359,420, 42
19360,405, 38
19361,368, 23
19362,355, 14
19363,334, 6
19364,316, 1
19365,287, 0
19366,210, 0
19367,115, 0
19368,75, 0
19369,62, 0
19370,63, 0
19371,103, 0
19372,126, 0
19373,126, 0
19374,108, 0
19375,73, 0
19376,29, 0
19377,2, 0
19378,0, 0
19379,4, 0
19380,12, 0
19381,28, 0
19382,47, 0
19383,72, 0
19384,91, 0
19385,102, 0
19386,108, 0
19387,89, 0
19388,94, 0
19389,89, 0
19390,73, 0
19391,57, 0
19392,38, 0
19393,12, 0
19394,0, 0
19395,0, 0
19396,7, 0
19397,61, 0
19398,69, 0
19399,72, 0
19400,21, 0
19401,35, 0
19402,159, 0
19403,246, 0
19404,287, 0
19405,323, 0
19406,346, 0
19407,376, 3
19408,393, 11
19409,409, 19
19410,399, 24
19411,401, 25
19412,398, 22
19413,391, 21
19414,406, 25
19415,411, 24
19416,402, 27
19417,411, 27
19418,409, 30
19419,386, 27
19420,377, 20
19421,361, 14
19422,341, 8
19423,330, 4
19424,309, 1
19425,277, 0
19426,247, 0
19427,155, 0
19428,70, 0
19429,44, 0
19430,30, 0
19431,45, 0
19432,76, 0
19433,97, 0
19434,88, 0
19435,63, 0
19436,39, 0
19437,9, 0
19438,0, 0
19439,0, 0
19440,12, 0
19441,19, 0
19442,29, 0
19443,51, 0
19444,63, 0
19445,81, 0
19446,84, 0
19447,65, 0
19448,81, 0
19449,91, 0
19450,91, 0
19451,81, 0
19452,63, 0
19453,38, 0
19454,18, 0
19455,25, 0
19456,0, 0
19457,18, 0
19458,53, 0
19459,59, 0
19460,21, 0
19461,0, 0
19462,83, 0
19463,201, 0
19464,273, 0
19465,312, 0
19466,337, 0
19467,357, 1
19468,381, 6
19469,407, 18
19470,419, 25
19471,424, 31
19472,435, 36
19473,455, 41
19474,469, 45
19475,491, 55
19476,504, 61
19477,487, 69
19478,482, 65
19479,447, 59
19480,424, 46
19481,396, 38
19482,371, 25
19483,328, 9
19484,321, 5
19485,289, 0
19486,270, 0
19487,240, 0
19488,140, 0
19489,57, 0
19490,25, 0
19491,13, 0
19492,25, 0
19493,69, 0
19494,72, 0
19495,57, 0
19496,36, 0
19497,12, 0
19498,0, 0
19499,0, 0
19500,24, 0
19501,40, 0
19502,63, 0
19503,63, 0
19504,78, 0
19505,89, 0
19506,101, 0
19507,94, 0
19508,77, 0
19509,78, 0
19510,87, 0
19511,80, 0
19512,41, 0
19513,41, 0
19514,15, 0
19515,0, 0
19516,0, 0
19517,0, 0
19518,9, 0
19519,42, 0
19520,42, 0
19521,11, 0
19522,5, 0
19523,101, 0
19524,220, 0
19525,294, 0
19526,331, 0
19527,351, 3
19528,370, 4
19529,402, 15
19530,425, 26
19531,439, 36
19532,442, 38
19533,455, 44
19534,453, 47
19535,460, 46
19536,476, 51
19537,473, 55
19538,446, 55
19539,440, 47
19540,428, 44
19541,406, 37
19542,403, 32
19543,396, 30
19544,379, 24
19545,365, 19
19546,336, 11
19547,314, 2
19548,274, 0
19549,172, 0
19550,80, 0
19551,44, 0
19552,19, 0
19553,31, 0
19554,68, 0
19555,109, 0
19556,115, 0
19557,119, 0
19558,113, 0
19559,94, 0
19560,90, 0
19561,79, 0
19562,57, 0
19563,35, 0
19564,5, 0
19565,0, 0
19566,1, 0
19567,21, 0
19568,40, 0
19569,45, 0
19570,63, 0
19571,93, 0
19572,77, 0
19573,50, 0
19574,41, 0
19575,17, 0
19576,15, 0
19577,0, 0
19578,0, 0
19579,7, 0
19580,32, 0
19581,29, 0
19582,0, 0
19583,12, 0
19584,119, 0
19585,222, 0
19586,278, 0
19587,305, 0
19588,334, 0
19589,349, 1
19590,361, 2
19591,391, 11
19592,402, 19
19593,409, 26
19594,427, 29
19595,420, 36
19596,437, 35
19597,447, 40
19598,433, 42
19599,414, 37
19600,406, 30
19601,387, 26
19602,362, 19
19603,337, 12
19604,312, 2
19605,283, 0
19606,282, 0
19607,272, 0
19608,259, 0
19609,240, 0
19610,160, 0
19611,97, 0
19612,78, 0
19613,76, 0
19614,92, 0
19615,121, 0
19616,124, 0
19617,94, 0
19618,63, 0
19619,28, 0
19620,0, 0
19621,3, 0
19622,40, 0
19623,74, 0
19624,102, 0
19625,108, 0
19626,127, 0
19627,139, 0
19628,142, 0
19629,140, 0
19630,139, 0
19631,139, 0
19632,159, 0
19633,140, 0
19634,149, 0
19635,128, 0
19636,93, 0
19637,52, 0
19638,37, 0
19639,22, 0
19640,53, 0
19641,97, 0
19642,72, 0
19643,27, 0
19644,3, 0
19645,89, 0
19646,195, 0
19647,259, 0
19648,297, 0
19649,344, 0
19650,382, 6
19651,423, 19
19652,464, 38
19653,465, 47
19654,468, 52
19655,464, 53
19656,456, 53
19657,460, 50
19658,460, 50
19659,465, 54
19660,447, 52
19661,439, 47
19662,420, 42
19663,398, 35
19664,383, 25
19665,338, 17
19666,332, 7
19667,318, 1
19668,312, 0
19669,302, 0
19670,271, 0
19671,173, 0
19672,95, 0
19673,70, 0
19674,57, 0
19675,53, 0
19676,95, 0
19677,103, 0
19678,92, 0
19679,72, 0
19680,45, 0
19681,12, 0
19682,0, 0
19683,0, 0
19684,14, 0
19685,6, 0
19686,14, 0
19687,45, 0
19688,71, 0
19689,101, 0
19690,127, 0
19691,138, 0
19692,164, 0
19693,205, 0
19694,232, 0
19695,211, 0
19696,177, 0
19697,135, 0
19698,89, 0
19699,58, 0
19700,41, 0
19701,75, 0
19702,106, 0
19703,92, 0
19704,48, 0
19705,9, 0
19706,81, 0
19707,188, 0
19708,259, 0
19709,291, 0
19710,312, 0
19711,331, 0
19712,341, 1
19713,364, 3
19714,379, 8
19715,393, 14
19716,420, 27
19717,447, 32
19718,476, 44
19719,509, 59
19720,524, 73
19721,530, 79
19722,537, 87
19723,517, 84
19724,497, 79
19725,473, 71
19726,441, 59
19727,403, 43
19728,379, 30
19729,348, 19
19730,325, 7
19731,262, 1
19732,152, 0
19733,75, 0
19734,54, 0
19735,75, 0
19736,108, 0
19737,158, 0
19738,171, 0
19739,147, 0
19740,125, 0
19741,84, 0
19742,50, 0
19743,9, 0
19744,0, 0
19745,0, 0
19746,0, 0
19747,13, 0
19748,44, 0
19749,72, 0
19750,104, 0
19751,123, 0
19752,111, 0
19753,127, 0
19754,139, 0
19755,118, 0
19756,107, 0
19757,90, 0
19758,68, 0
19759,40, 0
19760,18, 0
19761,29, 0
19762,89, 0
19763,137, 0
19764,141, 0
19765,95, 0
19766,25, 0
19767,56, 0
19768,170, 0
19769,234, 0
19770,269, 0
19771,307, 0
19772,333, 0
19773,364, 0
19774,386, 11
19775,376, 13
19776,351, 10
19777,338, 6
19778,340, 1
19779,360, 2
19780,402, 12
19781,430, 25
19782,432, 31
19783,439, 37
19784,407, 38
19785,425, 37
19786,417, 38
19787,409, 35
19788,389, 27
19789,368, 22
19790,324, 12
19791,300, 1
19792,238, 0
19793,139, 0
19794,78, 0
19795,70, 0
19796,77, 0
19797,106, 0
19798,144, 0
19799,125, 0
19800,99, 0
19801,59, 0
19802,19, 0
19803,0, 0
19804,0, 0
19805,0, 0
19806,0, 0
19807,0, 0
19808,0, 0
19809,2, 0
19810,0, 0
19811,7, 0
19812,21, 0
19813,31, 0
19814,72, 0
19815,117, 0
19816,123, 0
19817,152, 0
19818,152, 0
19819,143, 0
19820,104, 0
19821,77, 0
19822,63, 0
19823,91, 0
19824,95, 0
19825,37, 0
19826,5, 0
19827,93, 0
19828,235, 0
19829,341, 0
19830,391, 4
19831,413, 19
19832,411, 29
19833,409, 28
19834,398, 27
19835,386, 22
19836,355, 18
19837,354, 8
19838,363, 7
19839,388, 12
19840,433, 24
19841,470, 40
19842,455, 44
19843,427, 44
19844,425, 37
19845,361, 28
19846,403, 25
19847,416, 27
19848,420, 30
19849,411, 31
19850,410, 35
19851,360, 25
19852,311, 8
19853,203, 0
19854,45, 0
19855,6, 0
19856,38, 0
19857,60, 0
19858,25, 0
19859,6, 0
19860,20, 0
19861,31, 0
19862,21, 0
19863,4, 0
19864,0, 0
19865,0, 0
19866,0, 0
19867,0, 0
19868,0, 0
19869,0, 0
19870,0, 0
19871,0, 0
19872,0, 0
19873,18, 0
19874,27, 0
19875,12, 0
19876,0, 0
19877,1, 0
19878,11, 0
19879,20, 0
19880,12, 0
19881,8, 0
19882,1, 0
19883,18, 0
19884,20, 0
19885,55, 0
19886,139, 0
19887,249, 0
19888,359, 0
19889,497, 25
19890,542, 63
19891,512, 77
19892,452, 69
19893,410, 46
19894,406, 35
19895,427, 36
19896,464, 46
19897,481, 52
19898,475, 56
19899,452, 57
19900,410, 43
19901,343, 25
19902,245, 1
19903,139, 0
19904,76, 0
19905,45, 0
19906,0, 0
19907,0, 0
19908,6, 0
19909,21, 0
19910,18, 0
19911,0, 0
19912,0, 0
19913,18, 0
19914,31, 0
19915,19, 0
19916,61, 0
19917,143, 0
19918,183, 0
19919,235, 0
19920,272, 0
19921,243, 0
19922,177, 0
19923,91, 0
19924,9, 0
19925,44, 0
19926,127, 0
19927,196, 0
19928,251, 0
19929,266, 0
19930,283, 0
19931,259, 0
19932,220, 0
19933,167, 0
19934,113, 0
19935,69, 0
19936,61, 0
19937,60, 0
19938,36, 0
19939,1, 0
19940,18, 0
19941,71, 0
19942,133, 0
19943,152, 0
19944,164, 0
19945,132, 0
19946,95, 0
19947,102, 0
19948,95, 0
19949,139, 0
19950,220, 0
19951,269, 0
19952,267, 0
19953,238, 0
19954,214, 0
19955,203, 0
19956,229, 0
19957,276, 0
19958,312, 0
19959,344, 0
19960,352, 2
19961,345, 1
19962,352, 3
19963,373, 8
19964,375, 9
19965,399, 18
19966,425, 25
19967,445, 38
19968,465, 44
19969,486, 55
19970,478, 59
19971,453, 59
19972,419, 50
19973,373, 37
19974,359, 20
19975,279, 5
19976,171, 0
19977,106, 0
19978,88, 0
19979,75, 0
19980,113, 0
19981,176, 0
19982,217, 0
19983,241, 0
19984,244, 0
19985,215, 0
19986,180, 0
19987,147, 0
19988,105, 0
19989,73, 0
19990,22, 0
19991,24, 0
19992,105, 0
19993,165, 0
19994,158, 0
19995,118, 0
19996,87, 0
19997,83, 0
19998,90, 0
19999,83, 0
20000,57, 0
20001,38, 0
20002,11, 0
20003,0, 0
20004,0, 0
20005,38, 0
20006,120, 0
20007,161, 0
20008,164, 0
20009,121, 0
20010,37, 0
20011,44, 0
20012,139, 0
20013,183, 0
20014,203, 0
20015,204, 0
20016,220, 0
20017,257, 0
20018,286, 0
20019,291, 0
20020,275, 0
20021,238, 0
20022,187, 0
20023,151, 0
20024,142, 0
20025,103, 0
20026,87, 0
20027,107, 0
20028,140, 0
20029,149, 0
20030,152, 0
20031,148, 0
20032,175, 0
20033,208, 0
20034,259, 0
20035,275, 0
20036,230, 0
20037,157, 0
20038,134, 0
20039,159, 0
20040,197, 0
20041,268, 0
20042,304, 0
20043,300, 0
20044,291, 0
20045,282, 0
20046,263, 0
20047,246, 0
20048,226, 0
20049,217, 0
20050,202, 0
20051,206, 0
20052,196, 0
20053,196, 0
20054,196, 0
20055,187, 0
20056,179, 0
20057,170, 0
20058,133, 0
20059,120, 0
20060,130, 0
20061,112, 0
20062,89, 0
20063,88, 0
20064,83, 0
20065,83, 0
20066,70, 0
20067,22, 0
20068,6, 0
20069,39, 0
20070,104, 0
20071,196, 0
20072,333, 0
20073,432, 10
20074,481, 36
20075,500, 57
20076,502, 67
20077,507, 71
20078,519, 73
20079,537, 83
20080,549, 90
20081,582, 95
20082,614, 109
20083,639, 126
20084,653, 135
20085,663, 145
20086,620, 140
20087,566, 126
20088,493, 100
20089,426, 70
20090,398, 44
20091,428, 36
20092,499, 47
20093,631, 86
20094,777, 145
20095,872, 201
20096,884, 239
20097,767, 237
20098,529, 183
20099,251, 86
20100,56, 2
20101,301, 0
20102,533, 22
20103,683, 92
20104,771, 154
20105,778, 191
20106,736, 202
20107,683, 193
20108,624, 172
20109,570, 152
20110,478, 119
20111,382, 76
20112,278, 35
20113,191, 0
20114,147, 0
20115,110, 0
20116,89, 0
20117,85, 0
20118,125, 0
20119,191, 0
20120,269, 0
20121,331, 0
20122,377, 10
20123,379, 21
20124,331, 17
20125,256, 1
20126,213, 0
20127,176, 0
20128,204, 0
20129,191, 0
20130,129, 0
20131,70, 0
20132,19, 0
20133,134, 0
20134,230, 0
20135,270, 0
20136,287, 0
20137,310, 0
20138,316, 0
20139,322, 0
20140,312, 0
20141,306, 0
20142,312, 0
20143,339, 0
20144,391, 6
20145,446, 23
20146,499, 44
20147,536, 69
20148,558, 84
20149,592, 97
20150,512, 95
20151,486, 83
20152,433, 64
20153,381, 42
20154,356, 24
20155,345, 12
20156,330, 5
20157,314, 1
20158,251, 0
20159,158, 0
20160,105, 0
20161,85, 0
20162,57, 0
20163,25, 0
20164,0, 0
20165,15, 0
20166,47, 0
20167,58, 0
20168,61, 0
20169,55, 0
20170,61, 0
20171,62, 0
20172,52, 0
20173,21, 0
20174,0, 0
20175,25, 0
20176,68, 0
20177,113, 0
20178,136, 0
20179,138, 0
20180,129, 0
20181,129, 0
20182,147, 0
20183,149, 0
20184,105, 0
20185,25, 0
20186,28, 0
20187,121, 0
20188,202, 0
20189,252, 0
20190,232, 0
20191,143, 0
20192,58, 0
20193,59, 0
20194,243, 0
20195,376, 0
20196,447, 18
20197,494, 46
20198,529, 69
20199,561, 84
20200,558, 94
20201,518, 91
20202,427, 69
20203,338, 31
20204,257, 5
20205,211, 0
20206,210, 0
20207,226, 0
20208,258, 0
20209,292, 0
20210,315, 0
20211,308, 0
20212,306, 0
20213,277, 0
20214,263, 0
20215,263, 0
20216,252, 0
20217,247, 0
20218,253, 0
20219,187, 0
20220,142, 0
20221,126, 0
20222,164, 0
20223,221, 0
20224,306, 0
20225,343, 0
20226,331, 3
20227,310, 2
20228,273, 0
20229,232, 0
20230,177, 0
20231,108, 0
20232,39, 0
20233,0, 0
20234,11, 0
20235,68, 0
20236,110, 0
20237,158, 0
20238,201, 0
20239,229, 0
20240,235, 0
20241,260, 0
20242,263, 0
20243,229, 0
20244,152, 0
20245,25, 0
20246,140, 0
20247,352, 0
20248,535, 34
20249,616, 89
20250,577, 112
20251,504, 102
20252,394, 73
20253,274, 25
20254,165, 0
20255,79, 0
20256,8, 0
20257,134, 0
20258,242, 0
20259,319, 0
20260,338, 0
20261,307, 0
20262,246, 0
20263,157, 0
20264,34, 0
20265,32, 0
20266,132, 0
20267,265, 0
20268,380, 0
20269,464, 18
20270,555, 54
20271,620, 90
20272,659, 121
20273,674, 142
20274,653, 149
20275,608, 142
20276,549, 125
20277,476, 95
20278,402, 63
20279,323, 28
20280,240, 4
20281,199, 0
20282,196, 0
20283,179, 0
20284,115, 0
20285,42, 0
20286,26, 0
20287,133, 0
20288,202, 0
20289,232, 0
20290,244, 0
20291,221, 0
20292,156, 0
20293,108, 0
20294,22, 0
20295,8, 0
20296,41, 0
20297,22, 0
20298,6, 0
20299,78, 0
20300,161, 0
20301,215, 0
20302,223, 0
20303,147, 0
20304,17, 0
20305,115, 0
20306,205, 0
20307,255, 0
20308,237, 0
20309,169, 0
20310,77, 0
20311,1, 0
20312,3, 0
20313,7, 0
20314,0, 0
20315,63, 0
20316,206, 0
20317,330, 0
20318,403, 6
20319,452, 26
20320,483, 44
20321,513, 63
20322,546, 79
20323,582, 93
20324,598, 106
20325,622, 117
20326,663, 132
20327,707, 152
20328,733, 170
20329,692, 174
20330,593, 152
20331,476, 109
20332,374, 64
20333,312, 25
20334,289, 2
20335,238, 0
20336,220, 0
20337,254, 0
20338,298, 0
20339,341, 0
20340,321, 0
20341,180, 0
20342,25, 0
20343,61, 0
20344,166, 0
20345,236, 0
20346,287, 0
20347,287, 0
20348,282, 0
20349,202, 0
20350,78, 0
20351,6, 0
20352,0, 0
20353,12, 0
20354,70, 0
20355,101, 0
20356,103, 0
20357,51, 0
20358,22, 0
20359,127, 0
20360,251, 0
20361,352, 0
20362,389, 17
20363,334, 19
20364,306, 9
20365,262, 1
20366,214, 0
20367,136, 0
20368,51, 0
20369,0, 0
20370,13, 0
20371,81, 0
20372,183, 0
20373,244, 0
20374,216, 0
20375,89, 0
20376,94, 0
20377,338, 0
20378,494, 17
20379,582, 65
20380,648, 108
20381,673, 134
20382,631, 143
20383,601, 136
20384,508, 113
20385,361, 63
20386,232, 11
20387,160, 0
20388,189, 0
20389,286, 0
20390,384, 0
20391,425, 15
20392,409, 25
20393,344, 14
20394,248, 2
20395,157, 0
20396,47, 0
20397,4, 0
20398,35, 0
20399,56, 0
20400,76, 0
20401,136, 0
20402,224, 0
20403,232, 0
20404,145, 0
20405,18, 0
20406,62, 0
20407,206, 0
20408,286, 0
20409,289, 0
20410,251, 0
20411,189, 0
20412,116, 0
20413,60, 0
20414,72, 0
20415,139, 0
20416,235, 0
20417,306, 0
20418,309, 0
20419,260, 0
20420,179, 0
20421,106, 0
20422,41, 0
20423,25, 0
20424,158, 0
20425,284, 0
20426,407, 5
20427,524, 48
20428,575, 83
20429,597, 108
20430,566, 118
20431,457, 97
20432,367, 60
20433,263, 20
20434,133, 0
20435,24, 0
20436,68, 0
20437,240, 0
20438,408, 0
20439,524, 35
20440,594, 74
20441,673, 113
20442,792, 159
20443,902, 212
20444,916, 248
20445,809, 251
20446,642, 207
20447,468, 139
20448,312, 63
20449,212, 5
20450,202, 0
20451,223, 0
20452,202, 0
20453,150, 0
20454,19, 0
20455,70, 0
20456,127, 0
20457,99, 0
20458,17, 0
20459,151, 0
20460,330, 0
20461,512, 19
20462,613, 73
20463,604, 109
20464,527, 107
20465,435, 83
20466,272, 36
20467,154, 0
20468,59, 0
20469,3, 0
20470,69, 0
20471,134, 0
20472,155, 0
20473,139, 0
20474,127, 0
20475,113, 0
20476,113, 0
20477,134, 0
20478,94, 0
20479,27, 0
20480,22, 0
20481,120, 0
20482,176, 0
20483,150, 0
20484,56, 0
20485,41, 0
20486,128, 0
20487,125, 0
20488,73, 0
20489,14, 0
20490,6, 0
20491,26, 0
20492,27, 0
20493,19, 0
20494,41, 0
20495,81, 0
20496,144, 0
20497,145, 0
20498,176, 0
20499,170, 0
20500,115, 0
20501,25, 0
20502,0, 0
20503,9, 0
20504,0, 0
20505,51, 0
20506,125, 0
20507,216, 0
20508,290, 0
20509,346, 0
20510,368, 0
20511,373, 8
20512,343, 6
20513,295, 0
20514,262, 0
20515,264, 0
20516,247, 0
20517,264, 0
20518,317, 0
20519,338, 0
20520,360, 2
20521,357, 7
20522,337, 8
20523,268, 1
20524,124, 0
20525,12, 0
20526,42, 0
20527,87, 0
20528,85, 0
20529,53, 0
20530,34, 0
20531,23, 0
20532,10, 0
20533,0, 0
20534,57, 0
20535,144, 0
20536,252, 0
20537,329, 0
20538,402, 14
20539,451, 38
20540,462, 54
20541,411, 51
20542,311, 31
20543,156, 1
20544,37, 0
20545,212, 0
20546,360, 0
20547,409, 19
20548,388, 29
20549,325, 21
20550,263, 3
20551,190, 0
20552,152, 0
20553,157, 0
20554,157, 0
20555,169, 0
20556,127, 0
20557,67, 0
20558,12, 0
20559,68, 0
20560,189, 0
20561,306, 0
20562,391, 0
20563,498, 29
20564,603, 71
20565,718, 120
20566,849, 176
20567,952, 233
20568,1022, 276
20569,1082, 314
20570,1156, 343
20571,1199, 372
20572,1222, 386
20573,1239, 398
20574,1276, 411
20575,1263, 418
20576,1057, 395
20577,695, 313
20578,251, 157
20579,142, 12
20580,427, 8
20581,604, 58
20582,666, 108
20583,618, 130
20584,481, 108
20585,313, 55
20586,127, 5
20587,10, 0
20588,38, 0
20589,12, 0
20590,26, 0
20591,161, 0
20592,283, 0
20593,326, 0
20594,299, 0
20595,246, 0
20596,221, 0
20597,258, 0
20598,373, 2
20599,546, 42
20600,698, 110
20601,780, 170
20602,780, 205
20603,677, 202
20604,497, 158
20605,306, 84
20606,160, 14
20607,95, 0
20608,76, 0
20609,64, 0
20610,47, 0
20611,38, 0
20612,1, 0
20613,24, 0
20614,89, 0
20615,133, 0
20616,144, 0
20617,155, 0
20618,134, 0
20619,76, 0
20620,78, 0
20621,125, 0
20622,156, 0
20623,202, 0
20624,251, 0
20625,287, 0
20626,308, 0
20627,333, 0
20628,373, 4
20629,427, 13
20630,507, 43
20631,598, 77
20632,708, 121
20633,792, 165
20634,805, 197
20635,795, 213
20636,784, 214
20637,814, 220
20638,840, 232
20639,846, 240
20640,803, 240
20641,731, 218
20642,631, 185
20643,517, 141
20644,411, 90
20645,309, 38
20646,243, 5
20647,275, 0
20648,347, 1
20649,424, 18
20650,527, 50
20651,600, 89
20652,587, 111
20653,476, 102
20654,258, 45
20655,45, 0
20656,183, 0
20657,344, 0
20658,393, 13
20659,413, 29
20660,361, 29
20661,300, 15
20662,204, 0
20663,161, 0
20664,123, 0
20665,56, 0
20666,3, 0
20667,62, 0
20668,135, 0
20669,183, 0
20670,213, 0
20671,242, 0
20672,261, 0
20673,238, 0
20674,184, 0
20675,76, 0
20676,6, 0
20677,51, 0
20678,76, 0
20679,58, 0
20680,13, 0
20681,115, 0
20682,280, 0
20683,380, 0
20684,418, 13
20685,419, 29
20686,387, 25
20687,349, 19
20688,338, 8
20689,301, 0
20690,265, 0
20691,246, 0
20692,247, 0
20693,290, 0
20694,373, 0
20695,467, 20
20696,545, 53
20697,597, 87
20698,609, 109
20699,610, 121
20700,635, 130
20701,650, 141
20702,694, 153
20703,703, 163
20704,687, 168
20705,634, 159
20706,517, 131
20707,309, 72
20708,83, 6
20709,46, 0
20710,125, 0
20711,102, 0
20712,50, 0
20713,28, 0
20714,62, 0
20715,179, 0
20716,336, 0
20717,499, 26
20718,601, 78
20719,606, 111
20720,535, 116
20721,457, 94
20722,357, 62
20723,265, 25
20724,243, 2
20725,216, 0
20726,189, 0
20727,160, 0
20728,144, 0
20729,108, 0
20730,100, 0
20731,80, 0
20732,89, 0
20733,113, 0
20734,93, 0
20735,73, 0
20736,48, 0
20737,44, 0
20738,11, 0
20739,7, 0
20740,87, 0
20741,154, 0
20742,280, 0
20743,355, 0
20744,377, 7
20745,369, 10
20746,353, 10
20747,324, 5
20748,292, 0
20749,300, 0
20750,329, 0
20751,370, 1
20752,433, 18
20753,502, 41
20754,600, 77
20755,675, 117
20756,718, 152
20757,723, 169
20758,706, 172
20759,639, 164
20760,533, 133
20761,426, 88
20762,334, 44
20763,266, 9
20764,215, 0
20765,184, 0
20766,158, 0
20767,127, 0
20768,112, 0
20769,183, 0
20770,274, 0
20771,329, 0
20772,374, 6
20773,396, 19
20774,405, 30
20775,391, 31
20776,302, 18
20777,115, 0
20778,101, 0
20779,336, 0
20780,441, 19
20781,414, 42
20782,318, 25
20783,195, 2
20784,57, 0
20785,5, 0
20786,59, 0
20787,84, 0
20788,73, 0
20789,52, 0
20790,8, 0
20791,134, 0
20792,401, 1
20793,685, 69
20794,916, 170
20795,1035, 259
20796,1010, 306
20797,883, 304
20798,697, 259
20799,446, 170
20800,155, 55
20801,72, 0
20802,277, 0
20803,482, 12
20804,662, 76
20805,788, 143
20806,829, 196
20807,770, 210
20808,642, 189
20809,461, 129
20810,283, 56
20811,132, 3
20812,60, 0
20813,111, 0
20814,237, 0
20815,395, 0
20816,555, 38
20817,669, 91
20818,724, 139
20819,737, 164
20820,687, 175
20821,566, 150
20822,356, 90
20823,200, 19
20824,46, 0
20825,0, 0
20826,38, 0
20827,94, 0
20828,153, 0
20829,197, 0
20830,153, 0
20831,45, 0
20832,18, 0
20833,134, 0
20834,233, 0
20835,300, 0
20836,325, 0
20837,305, 0
20838,241, 0
20839,133, 0
20840,19, 0
20841,43, 0
20842,86, 0
20843,101, 0
20844,62, 0
20845,4, 0
20846,34, 0
20847,127, 0
20848,241, 0
20849,329, 0
20850,348, 8
20851,256, 3
20852,120, 0
20853,25, 0
20854,27, 0
20855,101, 0
20856,215, 0
20857,301, 0
20858,338, 0
20859,239, 0
20860,199, 0
20861,196, 0
20862,205, 0
20863,210, 0
20864,240, 0
20865,276, 0
20866,261, 0
20867,192, 0
20868,79, 0
20869,4, 0
20870,0, 0
20871,0, 0
20872,0, 0
20873,0, 0
20874,13, 0
20875,62, 0
20876,124, 0
20877,166, 0
20878,174, 0
20879,159, 0
20880,145, 0
20881,144, 0
20882,143, 0
20883,171, 0
20884,204, 0
20885,238, 0
20886,294, 0
20887,339, 0
20888,357, 2
20889,319, 3
20890,238, 0
20891,174, 0
20892,113, 0
20893,40, 0
20894,47, 0
20895,83, 0
20896,130, 0
20897,161, 0
20898,202, 0
20899,233, 0
20900,267, 0
20901,299, 0
20902,329, 1
20903,306, 3
20904,211, 0
20905,83, 0
20906,19, 0
20907,110, 0
20908,204, 0
20909,283, 0
20910,347, 0
20911,355, 12
20912,280, 9
20913,157, 0
20914,24, 0
20915,18, 0
20916,58, 0
20917,127, 0
20918,159, 0
20919,165, 0
20920,91, 0
20921,12, 0
20922,0, 0
20923,0, 0
20924,11, 0
20925,89, 0
20926,117, 0
20927,143, 0
20928,158, 0
20929,226, 0
20930,326, 0
20931,427, 5
20932,554, 45
20933,667, 96
20934,741, 142
20935,773, 177
20936,764, 195
20937,712, 190
20938,691, 182
20939,691, 170
20940,736, 177
20941,814, 198
20942,876, 228
20943,891, 251
20944,840, 254
20945,705, 226
20946,524, 169
20947,279, 78
20948,52, 5
20949,143, 0
20950,348, 0
20951,470, 19
20952,439, 40
20953,300, 24
20954,113, 0
20955,4, 0
20956,38, 0
20957,12, 0
20958,8, 0
20959,64, 0
20960,127, 0
20961,220, 0
20962,313, 0
20963,313, 1
20964,221, 0
20965,64, 0
20966,31, 0
20967,83, 0
20968,34, 0
20969,17, 0
20970,133, 0
20971,242, 0
20972,287, 0
20973,278, 0
20974,234, 0
20975,166, 0
20976,150, 0
20977,169, 0
20978,188, 0
20979,192, 0
20980,204, 0
20981,223, 0
20982,243, 0
20983,240, 0
20984,207, 0
20985,105, 0
20986,18, 0
20987,6, 0
20988,0, 0
20989,38, 0
20990,133, 0
20991,238, 0
20992,286, 0
20993,328, 0
20994,361, 1
20995,416, 12
20996,476, 35
20997,521, 56
20998,554, 76
20999,594, 97
21000,610, 113
21001,593, 115
21002,541, 105
21003,476, 90
21004,385, 58
21005,338, 30
21006,296, 6
21007,224, 0
21008,186, 0
21009,158, 0
21010,113, 0
21011,31, 0
21012,0, 0
21013,20, 0
21014,102, 0
21015,159, 0
21016,227, 0
21017,301, 0
21018,415, 7
21019,512, 42
21020,597, 84
21021,645, 121
21022,625, 138
21023,535, 130
21024,387, 93
21025,210, 25
21026,59, 0
21027,5, 0
21028,56, 0
21029,124, 0
21030,164, 0
21031,156, 0
21032,107, 0
21033,43, 0
21034,2, 0
21035,72, 0
21036,173, 0
21037,244, 0
21038,246, 0
21039,213, 0
21040,159, 0
21041,122, 0
21042,87, 0
21043,59, 0
21044,42, 0
21045,25, 0
21046,19, 0
21047,35, 0
21048,67, 0
21049,103, 0
21050,186, 0
21051,284, 0
21052,398, 2
21053,499, 29
21054,587, 70
21055,644, 105
21056,666, 129
21057,666, 141
21058,618, 139
21059,551, 122
21060,476, 95
21061,367, 56
21062,251, 14
21063,123, 0
21064,24, 0
21065,149, 0
21066,195, 0
21067,133, 0
21068,14, 0
21069,92, 0
21070,217, 0
21071,244, 0
21072,177, 0
21073,84, 0
21074,35, 0
21075,45, 0
21076,105, 0
21077,223, 0
21078,357, 0
21079,470, 26
21080,532, 63
21081,543, 88
21082,504, 91
21083,398, 72
21084,248, 27
21085,69, 0
21086,119, 0
21087,352, 0
21088,548, 37
21089,706, 109
21090,806, 176
21091,813, 212
21092,741, 221
21093,625, 196
21094,498, 152
21095,371, 92
21096,254, 34
21097,139, 1
21098,37, 0
21099,13, 0
21100,86, 0
21101,115, 0
21102,51, 0
21103,19, 0
21104,121, 0
21105,196, 0
21106,176, 0
21107,36, 0
21108,182, 0
21109,405, 1
21110,573, 40
21111,683, 97
21112,750, 149
21113,775, 183
21114,765, 190
21115,754, 196
21116,740, 196
21117,739, 191
21118,747, 195
21119,732, 195
21120,652, 176
21121,553, 144
21122,424, 95
21123,290, 37
21124,204, 0
21125,156, 0
21126,148, 0
21127,176, 0
21128,207, 0
21129,236, 0
21130,259, 0
21131,293, 0
21132,285, 0
21133,185, 0
21134,83, 0
21135,15, 0
21136,0, 0
21137,35, 0
21138,68, 0
21139,125, 0
21140,198, 0
21141,273, 0
21142,300, 0
21143,260, 0
21144,165, 0
21145,35, 0
21146,76, 0
21147,173, 0
21148,182, 0
21149,126, 0
21150,27, 0
21151,2, 0
21152,17, 0
21153,0, 0
21154,57, 0
21155,161, 0
21156,238, 0
21157,260, 0
21158,263, 0
21159,245, 0
21160,191, 0
21161,101, 0
21162,12, 0
21163,156, 0
21164,325, 0
21165,394, 7
21166,404, 24
21167,341, 20
21168,212, 1
21169,61, 0
21170,31, 0
21171,120, 0
21172,198, 0
21173,281, 0
21174,338, 0
21175,371, 2
21176,367, 7
21177,326, 6
21178,272, 0
21179,229, 0
21180,210, 0
21181,244, 0
21182,306, 0
21183,368, 0
21184,425, 12
21185,475, 35
21186,504, 55
21187,495, 64
21188,473, 67
21189,427, 55
21190,374, 37
21191,337, 19
21192,280, 1
21193,229, 0
21194,139, 0
21195,83, 0
21196,71, 0
21197,73, 0
21198,57, 0
21199,106, 0
21200,139, 0
21201,152, 0
21202,127, 0
21203,90, 0
21204,51, 0
21205,6, 0
21206,1, 0
21207,28, 0
21208,74, 0
21209,116, 0
21210,128, 0
21211,85, 0
21212,41, 0
21213,70, 0
21214,133, 0
21215,188, 0
21216,222, 0
21217,223, 0
21218,197, 0
21219,176, 0
21220,103, 0
21221,19, 0
21222,166, 0
21223,339, 0
21224,457, 18
21225,450, 43
21226,330, 31
21227,166, 1
21228,32, 0
21229,44, 0
21230,173, 0
21231,286, 0
21232,368, 0
21233,452, 19
21234,549, 52
21235,627, 93
21236,662, 125
21237,632, 135
21238,553, 121
21239,454, 87
21240,361, 48
21241,301, 12
21242,270, 0
21243,253, 0
21244,214, 0
21245,170, 0
21246,129, 0
21247,120, 0
21248,135, 0
21249,183, 0
21250,229, 0
21251,279, 0
21252,305, 0
21253,317, 0
21254,306, 0
21255,235, 0
21256,164, 0
21257,115, 0
21258,68, 0
21259,29, 0
21260,12, 0
21261,26, 0
21262,61, 0
21263,76, 0
21264,125, 0
21265,129, 0
21266,92, 0
21267,44, 0
21268,10, 0
21269,0, 0
21270,0, 0
21271,7, 0
21272,25, 0
21273,40, 0
21274,60, 0
21275,62, 0
21276,20, 0
21277,7, 0
21278,65, 0
21279,95, 0
21280,70, 0
21281,8, 0
21282,0, 0
21283,0, 0
21284,0, 0
21285,10, 0
21286,70, 0
21287,147, 0
21288,236, 0
21289,296, 0
21290,216, 0
21291,52, 0
21292,100, 0
21293,227, 0
21294,298, 0
21295,325, 0
21296,295, 0
21297,289, 0
21298,333, 0
21299,425, 11
21300,525, 40
21301,594, 80
21302,592, 100
21303,561, 102
21304,513, 95
21305,482, 79
21306,513, 74
21307,590, 90
21308,710, 128
21309,834, 177
21310,897, 226
21311,883, 251
21312,815, 247
21313,700, 222
21314,535, 166
21315,286, 85
21316,45, 3
21317,192, 0
21318,326, 0
21319,347, 0
21320,287, 1
21321,170, 0
21322,55, 0
21323,0, 0
21324,37, 0
21325,80, 0
21326,93, 0
21327,110, 0
21328,119, 0
21329,145, 0
21330,129, 0
21331,158, 0
21332,145, 0
21333,56, 0
21334,115, 0
21335,391, 0
21336,644, 58
21337,794, 141
21338,815, 202
21339,748, 214
21340,650, 198
21341,548, 159
21342,402, 106
21343,223, 38
21344,56, 0
21345,19, 0
21346,11, 0
21347,55, 0
21348,166, 0
21349,222, 0
21350,182, 0
21351,32, 0
21352,171, 0
21353,399, 0
21354,547, 34
21355,600, 83
21356,535, 94
21357,386, 65
21358,228, 13
21359,118, 0
21360,68, 0
21361,88, 0
21362,124, 0
21363,190, 0
21364,229, 0
21365,256, 0
21366,278, 0
21367,277, 0
21368,336, 0
21369,371, 2
21370,404, 12
21371,442, 31
21372,487, 51
21373,488, 60
21374,494, 69
21375,464, 63
21376,393, 51
21377,270, 17
21378,143, 0
21379,63, 0
21380,19, 0
21381,11, 0
21382,41, 0
21383,70, 0
21384,112, 0
21385,154, 0
21386,217, 0
21387,300, 0
21388,315, 0
21389,306, 1
21390,286, 0
21391,256, 0
21392,262, 0
21393,204, 0
21394,102, 0
21395,6, 0
21396,25, 0
21397,70, 0
21398,92, 0
21399,110, 0
21400,132, 0
21401,148, 0
21402,154, 0
21403,147, 0
21404,138, 0
21405,109, 0
21406,103, 0
21407,136, 0
21408,140, 0
21409,106, 0
21410,31, 0
21411,28, 0
21412,165, 0
21413,312, 0
21414,395, 2
21415,430, 24
21416,445, 38
21417,457, 43
21418,491, 48
21419,476, 56
21420,481, 56
21421,488, 63
21422,494, 63
21423,514, 70
21424,512, 71
21425,563, 85
21426,613, 103
21427,634, 121
21428,625, 132
21429,577, 124
21430,494, 102
21431,386, 64
21432,279, 20
21433,189, 0
21434,133, 0
21435,142, 0
21436,174, 0
21437,218, 0
21438,255, 0
21439,279, 0
21440,343, 0
21441,411, 13
21442,456, 34
21443,476, 54
21444,447, 56
21445,342, 41
21446,214, 9
21447,54, 0
21448,75, 0
21449,251, 0
21450,400, 4
21451,476, 37
21452,494, 60
21453,430, 63
21454,380, 51
21455,332, 28
21456,272, 8
21457,244, 0
21458,214, 0
21459,222, 0
21460,203, 0
21461,163, 0
21462,89, 0
21463,26, 0
21464,2, 0
21465,0, 0
21466,7, 0
21467,1, 0
21468,9, 0
21469,7, 0
21470,6, 0
21471,90, 0
21472,211, 0
21473,401, 0
21474,558, 39
21475,654, 94
21476,689, 133
21477,698, 151
21478,673, 158
21479,608, 149
21480,518, 121
21481,426, 81
21482,351, 43
21483,312, 12
21484,302, 0
21485,302, 0
21486,336, 0
21487,371, 3
21488,390, 12
21489,380, 18
21490,362, 14
21491,309, 6
21492,205, 0
21493,92, 0
21494,8, 0
21495,0, 0
21496,0, 0
21497,0, 0
21498,6, 0
21499,0, 0
21500,31, 0
21501,160, 0
21502,300, 0
21503,439, 7
21504,521, 50
21505,493, 70
21506,364, 52
21507,153, 9
21508,42, 0
21509,219, 0
21510,341, 0
21511,379, 8
21512,384, 22
21513,368, 24
21514,353, 21
21515,305, 9
21516,259, 1
21517,220, 0
21518,165, 0
21519,133, 0
21520,103, 0
21521,65, 0
21522,11, 0
21523,20, 0
21524,126, 0
21525,182, 0
21526,234, 0
21527,237, 0
21528,232, 0
21529,201, 0
21530,207, 0
21531,221, 0
21532,183, 0
21533,144, 0
21534,117, 0
21535,64, 0
21536,44, 0
21537,101, 0
21538,247, 0
21539,419, 1
21540,576, 50
21541,689, 101
21542,764, 154
21543,799, 185
21544,816, 211
21545,813, 223
21546,753, 214
21547,635, 186
21548,460, 129
21549,244, 48
21550,45, 0
21551,65, 0
21552,156, 0
21553,176, 0
21554,144, 0
21555,96, 0
21556,34, 0
21557,6, 0
21558,105, 0
21559,189, 0
21560,226, 0
21561,258, 0
21562,261, 0
21563,254, 0
21564,265, 0
21565,277, 0
21566,274, 0
21567,253, 0
21568,187, 0
21569,93, 0
21570,13, 0
21571,119, 0
21572,217, 0
21573,280, 0
21574,284, 0
21575,215, 0
21576,121, 0
21577,47, 0
21578,2, 0
21579,25, 0
21580,18, 0
21581,12, 0
21582,117, 0
21583,229, 0
21584,272, 0
21585,261, 0
21586,204, 0
21587,145, 0
21588,74, 0
21589,11, 0
21590,1, 0
21591,0, 0
21592,12, 0
21593,73, 0
21594,166, 0
21595,300, 0
21596,403, 2
21597,424, 24
21598,453, 35
21599,433, 37
21600,427, 42
21601,419, 40
21602,398, 31
21603,367, 21
21604,327, 10
21605,360, 3
21606,430, 18
21607,497, 41
21608,553, 68
21609,570, 90
21610,558, 96
21611,530, 93
21612,465, 79
21613,389, 52
21614,323, 25
21615,278, 3
21616,265, 0
21617,238, 0
21618,185, 0
21619,111, 0
21620,44, 0
21621,0, 0
21622,0, 0
21623,3, 0
21624,46, 0
21625,121, 0
21626,182, 0
21627,211, 0
21628,214, 0
21629,179, 0
21630,75, 0
21631,12, 0
21632,124, 0
21633,177, 0
21634,200, 0
21635,198, 0
21636,196, 0
21637,174, 0
21638,159, 0
21639,122, 0
21640,89, 0
21641,94, 0
21642,94, 0
21643,109, 0
21644,108, 0
21645,89, 0
21646,57, 0
21647,34, 0
21648,11, 0
21649,7, 0
21650,10, 0
21651,0, 0
21652,0, 0
21653,0, 0
21654,12, 0
21655,76, 0
21656,183, 0
21657,275, 0
21658,304, 0
21659,361, 0
21660,371, 10
21661,407, 17
21662,417, 26
21663,417, 29
21664,413, 30
21665,421, 31
21666,444, 38
21667,480, 48
21668,493, 56
21669,499, 63
21670,496, 69
21671,486, 67
21672,469, 63
21673,440, 56
21674,401, 41
21675,334, 22
21676,294, 4
21677,276, 0
21678,306, 0
21679,356, 1
21680,396, 12
21681,361, 17
21682,259, 1
21683,145, 0
21684,42, 0
21685,1, 0
21686,21, 0
21687,14, 0
21688,1, 0
21689,0, 0
21690,6, 0
21691,1, 0
21692,9, 0
21693,0, 0
21694,0, 0
21695,0, 0
21696,1, 0
21697,3, 0
21698,12, 0
21699,29, 0
21700,29, 0
21701,21, 0
21702,19, 0
21703,31, 0
21704,32, 0
21705,22, 0
21706,5, 0
21707,0, 0
21708,0, 0
21709,12, 0
21710,5, 0
21711,12, 0
21712,20, 0
21713,6, 0
21714,0, 0
21715,38, 0
21716,124, 0
21717,252, 0
21718,345, 0
21719,425, 12
21720,455, 34
21721,482, 47
21722,490, 57
21723,498, 67
21724,505, 70
21725,533, 77
21726,551, 87
21727,533, 88
21728,517, 86
21729,546, 87
21730,580, 93
21731,634, 115
21732,653, 133
21733,620, 135
21734,529, 120
21735,361, 72
21736,180, 11
21737,30, 0
21738,164, 0
21739,306, 0
21740,373, 1
21741,394, 12
21742,401, 24
21743,374, 25
21744,300, 11
21745,203, 0
21746,125, 0
21747,29, 0
21748,0, 0
21749,3, 0
21750,5, 0
21751,6, 0
21752,0, 0
21753,0, 0
21754,0, 0
21755,0, 0
21756,6, 0
21757,15, 0
21758,34, 0
21759,24, 0
21760,42, 0
21761,38, 0
21762,25, 0
21763,12, 0
21764,18, 0
21765,19, 0
21766,5, 0
21767,0, 0
21768,6, 0
21769,28, 0
21770,90, 0
21771,140, 0
21772,160, 0
21773,152, 0
21774,159, 0
21775,195, 0
21776,226, 0
21777,279, 0
21778,336, 0
21779,316, 0
21780,229, 0
21781,163, 0
21782,160, 0
21783,247, 0
21784,361, 0
21785,454, 12
21786,502, 44
21787,494, 57
21788,463, 54
21789,452, 52
21790,457, 50
21791,469, 51
21792,479, 58
21793,495, 61
21794,491, 64
21795,481, 67
21796,455, 59
21797,375, 42
21798,325, 19
21799,254, 0
21800,230, 0
21801,244, 0
21802,286, 0
21803,326, 0
21804,331, 1
21805,374, 5
21806,391, 17
21807,357, 19
21808,322, 9
21809,263, 0
21810,182, 0
21811,105, 0
21812,11, 0
21813,45, 0
21814,108, 0
21815,130, 0
21816,89, 0
21817,26, 0
21818,9, 0
21819,78, 0
21820,144, 0
21821,166, 0
21822,145, 0
21823,62, 0
21824,28, 0
21825,195, 0
21826,334, 0
21827,410, 14
21828,407, 32
21829,341, 26
21830,279, 7
21831,218, 0
21832,148, 0
21833,80, 0
21834,42, 0
21835,0, 0
21836,9, 0
21837,36, 0
21838,58, 0
21839,12, 0
21840,19, 0
21841,95, 0
21842,128, 0
21843,160, 0
21844,148, 0
21845,85, 0
21846,12, 0
21847,0, 0
21848,0, 0
21849,39, 0
21850,160, 0
21851,268, 0
21852,356, 0
21853,411, 9
21854,469, 30
21855,481, 46
21856,470, 57
21857,456, 52
21858,454, 51
21859,461, 54
21860,465, 54
21861,449, 53
21862,404, 44
21863,325, 25
21864,135, 0
21865,18, 0
21866,69, 0
21867,55, 0
21868,8, 0
21869,128, 0
21870,274, 0
21871,365, 0
21872,404, 19
21873,398, 28
21874,361, 26
21875,290, 12
21876,176, 0
21877,42, 0
21878,34, 0
21879,116, 0
21880,144, 0
21881,143, 0
21882,127, 0
21883,115, 0
21884,109, 0
21885,115, 0
21886,124, 0
21887,131, 0
21888,124, 0
21889,91, 0
21890,38, 0
21891,0, 0
21892,2, 0
21893,18, 0
21894,1, 0
21895,0, 0
21896,0, 0
21897,0, 0
21898,2, 0
21899,81, 0
21900,193, 0
21901,265, 0
21902,300, 0
21903,316, 0
21904,333, 0
21905,373, 2
21906,389, 12
21907,406, 19
21908,420, 31
21909,431, 35
21910,439, 36
21911,465, 43
21912,458, 46
21913,472, 51
21914,465, 53
21915,476, 56
21916,476, 59
21917,446, 54
21918,439, 47
21919,402, 41
21920,375, 31
21921,351, 17
21922,341, 8
21923,334, 8
21924,319, 1
21925,243, 0
21926,165, 0
21927,116, 0
21928,97, 0
21929,96, 0
21930,122, 0
21931,133, 0
21932,127, 0
21933,102, 0
21934,73, 0
21935,43, 0
21936,17, 0
21937,0, 0
21938,0, 0
21939,1, 0
21940,0, 0
21941,0, 0
21942,28, 0
21943,73, 0
21944,111, 0
21945,122, 0
21946,83, 0
21947,15, 0
21948,142, 0
21949,251, 0
21950,293, 0
21951,264, 0
21952,204, 0
21953,142, 0
21954,92, 0
21955,85, 0
21956,121, 0
21957,103, 0
21958,62, 0
21959,8, 0
21960,57, 0
21961,204, 0
21962,308, 0
21963,364, 0
21964,382, 6
21965,377, 12
21966,371, 12
21967,378, 12
21968,342, 7
21969,332, 5
21970,339, 0
21971,353, 1
21972,374, 7
21973,394, 15
21974,408, 18
21975,398, 21
21976,399, 21
21977,398, 23
21978,382, 24
21979,373, 17
21980,348, 12
21981,318, 4
21982,304, 0
21983,284, 0
21984,273, 0
21985,249, 0
21986,171, 0
21987,93, 0
21988,59, 0
21989,63, 0
21990,92, 0
21991,145, 0
21992,184, 0
21993,193, 0
21994,196, 0
21995,186, 0
21996,170, 0
21997,135, 0
21998,77, 0
21999,7, 0
22000,19, 0
22001,62, 0
22002,81, 0
22003,76, 0
22004,51, 0
22005,37, 0
22006,44, 0
22007,94, 0
22008,160, 0
22009,202, 0
22010,213, 0
22011,199, 0
22012,164, 0
22013,127, 0
22014,79, 0
22015,14, 0
22016,0, 0
22017,6, 0
22018,22, 0
22019,103, 0
22020,144, 0
22021,230, 0
22022,282, 0
22023,278, 0
22024,200, 0
22025,134, 0
22026,113, 0
22027,155, 0
22028,220, 0
22029,277, 0
22030,325, 0
22031,357, 0
22032,380, 7
22033,394, 15
22034,409, 20
22035,419, 27
22036,420, 31
22037,415, 30
22038,383, 26
22039,403, 25
22040,385, 22
22041,347, 14
22042,328, 7
22043,281, 0
22044,274, 0
22045,267, 0
22046,247, 0
22047,166, 0
22048,92, 0
22049,55, 0
22050,44, 0
22051,45, 0
22052,83, 0
22053,111, 0
22054,113, 0
22055,110, 0
22056,94, 0
22057,79, 0
22058,47, 0
22059,29, 0
22060,14, 0
22061,1, 0
22062,0, 0
22063,10, 0
22064,43, 0
22065,73, 0
22066,83, 0
22067,79, 0
22068,77, 0
22069,92, 0
22070,88, 0
22071,75, 0
22072,51, 0
22073,19, 0
22074,6, 0
22075,0, 0
22076,0, 0
22077,0, 0
22078,1, 0
22079,0, 0
22080,44, 0
22081,124, 0
22082,251, 0
22083,389, 0
22084,446, 20
22085,419, 32
22086,368, 25
22087,282, 6
22088,219, 0
22089,183, 0
22090,167, 0
22091,196, 0
22092,230, 0
22093,276, 0
22094,316, 0
22095,351, 0
22096,379, 5
22097,391, 12
22098,423, 23
22099,406, 25
22100,398, 26
22101,387, 25
22102,355, 18
22103,354, 12
22104,336, 6
22105,314, 2
22106,293, 0
22107,244, 0
22108,151, 0
22109,70, 0
22110,41, 0
22111,37, 0
22112,63, 0
22113,101, 0
22114,109, 0
22115,115, 0
22116,97, 0
22117,70, 0
22118,41, 0
22119,10, 0
22120,0, 0
22121,0, 0
22122,8, 0
22123,6, 0
22124,10, 0
22125,17, 0
22126,25, 0
22127,19, 0
22128,15, 0
22129,31, 0
22130,62, 0
22131,89, 0
22132,88, 0
22133,76, 0
22134,53, 0
22135,19, 0
22136,4, 0
22137,6, 0
22138,8, 0
22139,41, 0
22140,34, 0
22141,3, 0
22142,2, 0
22143,100, 0
22144,204, 0
22145,276, 0
22146,292, 0
22147,298, 0
22148,312, 0
22149,336, 0
22150,362, 2
22151,364, 6
22152,416, 19
22153,432, 30
22154,457, 38
22155,473, 47
22156,499, 58
22157,484, 61
22158,460, 61
22159,449, 52
22160,405, 42
22161,374, 28
22162,327, 11
22163,283, 1
22164,268, 0
22165,274, 0
22166,274, 0
22167,283, 0
22168,245, 0
22169,155, 0
22170,81, 0
22171,46, 0
22172,61, 0
22173,60, 0
22174,92, 0
22175,100, 0
22176,83, 0
22177,50, 0
22178,19, 0
22179,0, 0
22180,0, 0
22181,1, 0
22182,34, 0
22183,17, 0
22184,26, 0
22185,32, 0
22186,57, 0
22187,53, 0
22188,51, 0
22189,41, 0
22190,54, 0
22191,63, 0
22192,51, 0
22193,29, 0
22194,6, 0
22195,0, 0
22196,0, 0
22197,8, 0
22198,9, 0
22199,0, 0
22200,23, 0
22201,37, 0
22202,20, 0
22203,6, 0
22204,51, 0
22205,161, 0
22206,230, 0
22207,271, 0
22208,298, 0
22209,326, 0
22210,355, 0
22211,378, 6
22212,398, 15
22213,407, 24
22214,416, 26
22215,414, 27
22216,416, 31
22217,423, 32
22218,427, 35
22219,424, 36
22220,426, 35
22221,420, 34
22222,405, 31
22223,403, 31
22224,380, 23
22225,361, 18
22226,329, 6
22227,289, 0
22228,266, 0
22229,223, 0
22230,124, 0
22231,51, 0
22232,26, 0
22233,22, 0
22234,50, 0
22235,92, 0
22236,108, 0
22237,100, 0
22238,78, 0
22239,44, 0
22240,22, 0
22241,5, 0
22242,0, 0
22243,1, 0
22244,11, 0
22245,22, 0
22246,35, 0
22247,41, 0
22248,64, 0
22249,61, 0
22250,54, 0
22251,72, 0
22252,90, 0
22253,92, 0
22254,77, 0
22255,56, 0
22256,36, 0
22257,10, 0
22258,2, 0
22259,0, 0
22260,21, 0
22261,59, 0
22262,43, 0
22263,6, 0
22264,6, 0
22265,106, 0
22266,212, 0
22267,271, 0
22268,305, 0
22269,325, 0
22270,344, 0
22271,370, 6
22272,395, 11
22273,404, 19
22274,410, 27
22275,411, 26
22276,419, 31
22277,430, 36
22278,444, 39
22279,449, 42
22280,458, 42
22281,453, 45
22282,449, 46
22283,444, 46
22284,446, 45
22285,398, 38
22286,368, 26
22287,332, 12
22288,292, 2
22289,252, 0
22290,199, 0
22291,77, 0
22292,6, 0
22293,0, 0
22294,0, 0
22295,6, 0
22296,52, 0
22297,65, 0
22298,64, 0
22299,50, 0
22300,19, 0
22301,1, 0
22302,6, 0
22303,3, 0
22304,20, 0
22305,26, 0
22306,41, 0
22307,53, 0
22308,60, 0
22309,75, 0
22310,70, 0
22311,60, 0
22312,73, 0
22313,83, 0
22314,72, 0
22315,58, 0
22316,30, 0
22317,8, 0
22318,1, 0
22319,0, 0
22320,0, 0
22321,31, 0
22322,65, 0
22323,57, 0
22324,25, 0
22325,0, 0
22326,95, 0
22327,211, 0
22328,274, 0
22329,295, 0
22330,316, 0
22331,342, 0
22332,367, 6
22333,384, 13
22334,400, 19
22335,409, 25
22336,415, 27
22337,420, 31
22338,432, 36
22339,442, 38
22340,434, 40
22341,433, 41
22342,454, 44
22343,420, 39
22344,407, 38
22345,388, 28
22346,360, 20
22347,342, 12
22348,321, 3
22349,295, 0
22350,276, 0
22351,230, 0
22352,128, 0
22353,67, 0
22354,43, 0
22355,38, 0
22356,64, 0
22357,99, 0
22358,112, 0
22359,102, 0
22360,83, 0
22361,50, 0
22362,25, 0
22363,13, 0
22364,0, 0
22365,1, 0
22366,11, 0
22367,36, 0
22368,43, 0
22369,57, 0
22370,69, 0
22371,60, 0
22372,53, 0
22373,73, 0
22374,78, 0
22375,75, 0
22376,63, 0
22377,44, 0
22378,22, 0
22379,4, 0
22380,0, 0
22381,0, 0
22382,27, 0
22383,62, 0
22384,36, 0
22385,7, 0
22386,12, 0
22387,123, 0
22388,227, 0
22389,285, 0
22390,311, 0
22391,329, 0
22392,349, 0
22393,373, 7
22394,394, 14
22395,398, 19
22396,404, 25
22397,405, 25
22398,420, 29
22399,432, 34
22400,444, 39
22401,436, 41
22402,437, 39
22403,423, 39
22404,406, 31
22405,411, 31
22406,373, 23
22407,353, 17
22408,334, 9
22409,318, 1
22410,300, 0
22411,280, 0
22412,226, 0
22413,132, 0
22414,72, 0
22415,53, 0
22416,62, 0
22417,81, 0
22418,115, 0
22419,113, 0
22420,95, 0
22421,74, 0
22422,41, 0
22423,12, 0
22424,0, 0
22425,0, 0
22426,10, 0
22427,19, 0
22428,40, 0
22429,44, 0
22430,70, 0
22431,76, 0
22432,69, 0
22433,64, 0
22434,84, 0
22435,92, 0
22436,92, 0
22437,77, 0
22438,57, 0
22439,26, 0
22440,10, 0
22441,0, 0
22442,0, 0
22443,28, 0
22444,43, 0
22445,34, 0
22446,8, 0
22447,8, 0
22448,118, 0
22449,215, 0
22450,269, 0
22451,306, 0
22452,326, 0
22453,349, 0
22454,382, 7
22455,404, 18
22456,389, 22
22457,415, 28
22458,416, 28
22459,411, 31
22460,417, 31
22461,420, 30
22462,418, 32
22463,415, 30
22464,406, 28
22465,391, 25
22466,386, 25
22467,371, 19
22468,345, 10
22469,348, 10
22470,319, 4
22471,316, 0
22472,289, 0
22473,224, 0
22474,123, 0
22475,57, 0
22476,31, 0
22477,26, 0
22478,47, 0
22479,77, 0
22480,75, 0
22481,64, 0
22482,40, 0
22483,13, 0
22484,0, 0
22485,0, 0
22486,1, 0
22487,19, 0
22488,18, 0
22489,38, 0
22490,46, 0
22491,57, 0
22492,72, 0
22493,67, 0
22494,54, 0
22495,67, 0
22496,87, 0
22497,78, 0
22498,65, 0
22499,57, 0
22500,21, 0
22501,7, 0
22502,0, 0
22503,6, 0
22504,52, 0
22505,57, 0
22506,57, 0
22507,21, 0
22508,14, 0
22509,133, 0
22510,221, 0
22511,263, 0
22512,312, 0
22513,326, 0
22514,356, 0
22515,390, 9
22516,418, 24
22517,418, 25
22518,427, 36
22519,432, 38
22520,438, 40
22521,439, 41
22522,439, 40
22523,430, 40
22524,430, 39
22525,414, 38
22526,401, 31
22527,391, 26
22528,371, 20
22529,340, 11
22530,329, 6
22531,311, 0
22532,284, 0
22533,272, 0
22534,207, 0
22535,108, 0
22536,53, 0
22537,39, 0
22538,45, 0
22539,75, 0
22540,103, 0
22541,103, 0
22542,105, 0
22543,70, 0
22544,37, 0
22545,37, 0
22546,0, 0
22547,0, 0
22548,6, 0
22549,18, 0
22550,31, 0
22551,38, 0
22552,62, 0
22553,76, 0
22554,72, 0
22555,63, 0
22556,77, 0
22557,88, 0
22558,69, 0
22559,53, 0
22560,35, 0
22561,19, 0
22562,10, 0
22563,4, 0
22564,12, 0
22565,58, 0
22566,73, 0
22567,51, 0
22568,12, 0
22569,19, 0
22570,137, 0
22571,221, 0
22572,274, 0
22573,309, 0
22574,324, 0
22575,352, 0
22576,372, 7
22577,391, 15
22578,399, 19
22579,409, 25
22580,406, 28
22581,415, 28
22582,427, 31
22583,435, 38
22584,427, 39
22585,436, 37
22586,421, 36
22587,400, 31
22588,387, 25
22589,383, 20
22590,343, 17
22591,326, 6
22592,301, 0
22593,277, 0
22594,263, 0
22595,214, 0
22596,89, 0
22597,39, 0
22598,31, 0
22599,39, 0
22600,83, 0
22601,121, 0
22602,106, 0
22603,100, 0
22604,84, 0
22605,62, 0
22606,37, 0
22607,6, 0
22608,0, 0
22609,0, 0
22610,10, 0
22611,28, 0
22612,41, 0
22613,56, 0
22614,67, 0
22615,63, 0
22616,64, 0
22617,76, 0
22618,85, 0
22619,75, 0
22620,65, 0
22621,44, 0
22622,15, 0
22623,6, 0
22624,0, 0
22625,7, 0
22626,46, 0
22627,57, 0
22628,38, 0
22629,2, 0
22630,29, 0
22631,159, 0
22632,256, 0
22633,310, 0
22634,342, 0
22635,352, 1
22636,376, 8
22637,417, 17
22638,437, 29
22639,454, 38
22640,470, 50
22641,473, 53
22642,470, 55
22643,469, 58
22644,469, 53
22645,444, 50
22646,425, 43
22647,395, 32
22648,363, 24
22649,341, 11
22650,322, 2
22651,281, 0
22652,276, 0
22653,259, 0
22654,260, 0
22655,248, 0
22656,183, 0
22657,94, 0
22658,62, 0
22659,56, 0
22660,78, 0
22661,166, 0
22662,235, 0
22663,249, 0
22664,237, 0
22665,202, 0
22666,153, 0
22667,104, 0
22668,42, 0
22669,0, 0
22670,12, 0
22671,25, 0
22672,43, 0
22673,70, 0
22674,95, 0
22675,112, 0
22676,115, 0
22677,123, 0
22678,155, 0
22679,182, 0
22680,171, 0
22681,158, 0
22682,129, 0
22683,102, 0
22684,81, 0
22685,56, 0
22686,40, 0
22687,44, 0
22688,25, 0
22689,0, 0
22690,9, 0
22691,101, 0
22692,216, 0
22693,278, 0
22694,304, 0
22695,308, 0
22696,285, 0
22697,287, 0
22698,300, 0
22699,308, 0
22700,306, 0
22701,326, 0
22702,330, 0
22703,364, 2
22704,391, 9
22705,430, 23
22706,446, 34
22707,472, 44
22708,477, 53
22709,469, 55
22710,473, 57
22711,451, 52
22712,447, 50
22713,441, 48
22714,406, 42
22715,333, 24
22716,240, 2
22717,123, 0
22718,12, 0
22719,0, 0
22720,0, 0
22721,6, 0
22722,74, 0
22723,133, 0
22724,151, 0
22725,139, 0
22726,103, 0
22727,44, 0
22728,6, 0
22729,6, 0
22730,1, 0
22731,31, 0
22732,39, 0
22733,48, 0
22734,37, 0
22735,12, 0
22736,0, 0
22737,0, 0
22738,25, 0
22739,79, 0
22740,119, 0
22741,157, 0
22742,196, 0
22743,223, 0
22744,245, 0
22745,251, 0
22746,220, 0
22747,212, 0
22748,221, 0
22749,187, 0
22750,84, 0
22751,13, 0
22752,164, 0
22753,343, 0
22754,456, 13
22755,499, 41
22756,497, 61
22757,449, 58
22758,411, 44
22759,379, 30
22760,345, 17
22761,275, 0
22762,296, 0
22763,312, 0
22764,314, 0
22765,342, 0
22766,356, 1
22767,361, 6
22768,391, 11
22769,420, 22
22770,414, 24
22771,427, 31
22772,411, 31
22773,391, 27
22774,372, 22
22775,327, 11
22776,286, 0
22777,265, 0
22778,175, 0
22779,88, 0
22780,84, 0
22781,120, 0
22782,176, 0
22783,253, 0
22784,281, 0
22785,276, 0
22786,271, 0
22787,233, 0
22788,191, 0
22789,148, 0
22790,102, 0
22791,55, 0
22792,29, 0
22793,8, 0
22794,35, 0
22795,108, 0
22796,181, 0
22797,230, 0
22798,264, 0
22799,306, 0
22800,347, 3
22801,378, 15
22802,399, 23
22803,391, 30
22804,379, 31
22805,337, 24
22806,284, 5
22807,214, 0
22808,190, 0
22809,197, 0
22810,183, 0
22811,127, 0
22812,70, 0
22813,14, 0
22814,132, 0
22815,239, 0
22816,318, 0
22817,393, 3
22818,444, 20
22819,504, 44
22820,547, 70
22821,569, 89
22822,570, 99
22823,557, 101
22824,527, 97
22825,510, 86
22826,517, 80
22827,527, 80
22828,525, 83
22829,516, 83
22830,499, 76
22831,437, 65
22832,407, 45
22833,349, 28
22834,301, 6
22835,277, 0
22836,270, 0
22837,266, 0
22838,262, 0
22839,218, 0
22840,157, 0
22841,137, 0
22842,142, 0
22843,161, 0
22844,197, 0
22845,210, 0
22846,202, 0
22847,181, 0
22848,138, 0
22849,95, 0
22850,42, 0
22851,0, 0
22852,9, 0
22853,7, 0
22854,23, 0
22855,38, 0
22856,43, 0
22857,51, 0
22858,57, 0
22859,42, 0
22860,25, 0
22861,32, 0
22862,26, 0
22863,17, 0
22864,11, 0
22865,3, 0
22866,0, 0
22867,3, 0
22868,7, 0
22869,50, 0
22870,120, 0
22871,127, 0
22872,81, 0
22873,25, 0
22874,36, 0
22875,164, 0
22876,241, 0
22877,270, 0
22878,312, 0
22879,324, 0
22880,361, 1
22881,391, 9
22882,411, 21
22883,428, 27
22884,439, 36
22885,423, 38
22886,411, 32
22887,402, 29
22888,384, 22
22889,395, 19
22890,411, 22
22891,415, 28
22892,418, 29
22893,411, 30
22894,380, 26
22895,344, 14
22896,319, 3
22897,297, 0
22898,277, 0
22899,264, 0
22900,170, 0
22901,84, 0
22902,55, 0
22903,42, 0
22904,57, 0
22905,95, 0
22906,131, 0
22907,106, 0
22908,89, 0
22909,55, 0
22910,19, 0
22911,12, 0
22912,5, 0
22913,8, 0
22914,19, 0
22915,32, 0
22916,64, 0
22917,58, 0
22918,85, 0
22919,83, 0
22920,76, 0
22921,81, 0
22922,100, 0
22923,91, 0
22924,87, 0
22925,70, 0
22926,46, 0
22927,30, 0
22928,19, 0
22929,5, 0
22930,25, 0
22931,63, 0
22932,70, 0
22933,40, 0
22934,5, 0
22935,63, 0
22936,176, 0
22937,247, 0
22938,294, 0
22939,325, 0
22940,342, 0
22941,378, 5
22942,391, 12
22943,403, 19
22944,410, 25
22945,421, 31
22946,427, 31
22947,439, 36
22948,458, 44
22949,461, 47
22950,456, 48
22951,465, 46
22952,452, 48
22953,432, 41
22954,409, 39
22955,385, 28
22956,354, 15
22957,338, 7
22958,312, 3
22959,290, 0
22960,263, 0
22961,167, 0
22962,87, 0
22963,54, 0
22964,44, 0
22965,56, 0
22966,89, 0
22967,109, 0
22968,102, 0
22969,96, 0
22970,67, 0
22971,25, 0
22972,4, 0
22973,0, 0
22974,4, 0
22975,23, 0
22976,31, 0
22977,47, 0
22978,48, 0
22979,77, 0
22980,81, 0
22981,65, 0
22982,81, 0
22983,103, 0
22984,97, 0
22985,91, 0
22986,88, 0
22987,45, 0
22988,29, 0
22989,15, 0
22990,5, 0
22991,44, 0
22992,76, 0
22993,64, 0
22994,50, 0
22995,3, 0
22996,71, 0
22997,192, 0
22998,263, 0
22999,306, 0
23000,339, 0
23001,351, 2
23002,373, 5
23003,403, 15
23004,415, 25
23005,420, 29
23006,427, 31
23007,403, 32
23008,435, 36
23009,455, 41
23010,460, 45
23011,434, 46
23012,441, 44
23013,435, 41
23014,414, 38
23015,402, 34
23016,379, 28
23017,356, 18
23018,340, 9
23019,311, 1
23020,294, 0
23021,265, 0
23022,163, 0
23023,83, 0
23024,43, 0
23025,25, 0
23026,43, 0
23027,92, 0
23028,109, 0
23029,106, 0
23030,112, 0
23031,79, 0
23032,50, 0
23033,15, 0
23034,0, 0
23035,2, 0
23036,18, 0
23037,45, 0
23038,83, 0
23039,88, 0
23040,128, 0
23041,124, 0
23042,113, 0
23043,111, 0
23044,121, 0
23045,119, 0
23046,104, 0
23047,87, 0
23048,58, 0
23049,46, 0
23050,14, 0
23051,5, 0
23052,38, 0
23053,71, 0
23054,71, 0
23055,29, 0
23056,2, 0
23057,77, 0
23058,190, 0
23059,262, 0
23060,301, 0
23061,319, 0
23062,341, 0
23063,378, 5
23064,404, 13
23065,417, 24
23066,421, 28
23067,456, 39
23068,460, 44
23069,482, 52
23070,525, 67
23071,540, 78
23072,535, 84
23073,523, 85
23074,482, 76
23075,439, 60
23076,396, 41
23077,337, 22
23078,286, 3
23079,254, 0
23080,226, 0
23081,216, 0
23082,188, 0
23083,102, 0
23084,40, 0
23085,32, 0
23086,32, 0
23087,59, 0
23088,120, 0
23089,158, 0
23090,169, 0
23091,159, 0
23092,121, 0
23093,95, 0
23094,41, 0
23095,4, 0
23096,5, 0
23097,25, 0
23098,42, 0
23099,71, 0
23100,87, 0
23101,102, 0
23102,111, 0
23103,115, 0
23104,137, 0
23105,165, 0
23106,167, 0
23107,154, 0
23108,131, 0
23109,89, 0
23110,72, 0
23111,34, 0
23112,21, 0
23113,52, 0
23114,77, 0
23115,56, 0
23116,23, 0
23117,1, 0
23118,90, 0
23119,205, 0
23120,276, 0
23121,312, 0
23122,348, 0
23123,359, 2
23124,386, 8
23125,409, 19
23126,420, 26
23127,427, 34
23128,436, 38
23129,439, 39
23130,452, 42
23131,465, 48
23132,454, 47
23133,460, 48
23134,446, 46
23135,451, 45
23136,411, 39
23137,403, 31
23138,387, 27
23139,385, 24
23140,391, 25
23141,391, 25
23142,381, 22
23143,341, 17
23144,237, 0
23145,181, 0
23146,145, 0
23147,122, 0
23148,127, 0
23149,140, 0
23150,112, 0
23151,72, 0
23152,23, 0
23153,0, 0
23154,18, 0
23155,68, 0
23156,126, 0
23157,153, 0
23158,156, 0
23159,161, 0
23160,151, 0
23161,132, 0
23162,135, 0
23163,122, 0
23164,102, 0
23165,112, 0
23166,115, 0
23167,110, 0
23168,93, 0
23169,71, 0
23170,43, 0
23171,20, 0
23172,7, 0
23173,2, 0
23174,30, 0
23175,65, 0
23176,38, 0
23177,6, 0
23178,4, 0
23179,108, 0
23180,219, 0
23181,278, 0
23182,322, 0
23183,347, 0
23184,373, 5
23185,403, 15
23186,420, 25
23187,428, 34
23188,431, 38
23189,435, 39
23190,446, 39
23191,447, 45
23192,460, 45
23193,456, 46
23194,442, 46
23195,446, 44
23196,433, 43
23197,415, 39
23198,405, 36
23199,379, 25
23200,363, 19
23201,349, 12
23202,307, 4
23203,299, 0
23204,247, 0
23205,152, 0
23206,76, 0
23207,62, 0
23208,60, 0
23209,81, 0
23210,107, 0
23211,120, 0
23212,101, 0
23213,76, 0
23214,47, 0
23215,12, 0
23216,0, 0
23217,5, 0
23218,24, 0
23219,31, 0
23220,55, 0
23221,72, 0
23222,73, 0
23223,90, 0
23224,84, 0
23225,72, 0
23226,84, 0
23227,101, 0
23228,102, 0
23229,88, 0
23230,56, 0
23231,37, 0
23232,15, 0
23233,5, 0
23234,6, 0
23235,35, 0
23236,60, 0
23237,45, 0
23238,18, 0
23239,5, 0
23240,120, 0
23241,220, 0
23242,281, 0
23243,298, 0
23244,301, 0
23245,318, 0
23246,348, 0
23247,383, 6
23248,409, 17
23249,413, 24
23250,432, 34
23251,440, 36
23252,455, 43
23253,477, 51
23254,458, 51
23255,465, 51
23256,457, 55
23257,427, 46
23258,408, 39
23259,395, 31
23260,373, 25
23261,356, 15
23262,339, 9
23263,318, 2
23264,297, 0
23265,243, 0
23266,135, 0
23267,64, 0
23268,38, 0
23269,25, 0
23270,45, 0
23271,80, 0
23272,90, 0
23273,84, 0
23274,65, 0
23275,32, 0
23276,13, 0
23277,2, 0
23278,0, 0
23279,13, 0
23280,22, 0
23281,45, 0
23282,63, 0
23283,78, 0
23284,94, 0
23285,79, 0
23286,63, 0
23287,67, 0
23288,72, 0
23289,63, 0
23290,56, 0
23291,38, 0
23292,19, 0
23293,4, 0
23294,0, 0
23295,0, 0
23296,34, 0
23297,76, 0
23298,65, 0
23299,31, 0
23300,6, 0
23301,79, 0
23302,177, 0
23303,241, 0
23304,259, 0
23305,280, 0
23306,311, 0
23307,346, 0
23308,379, 4
23309,400, 14
23310,415, 22
23311,428, 31
23312,434, 36
23313,444, 38
23314,455, 44
23315,455, 47
23316,444, 44
23317,436, 42
23318,413, 39
23319,408, 34
23320,402, 31
23321,388, 28
23322,378, 22
23323,368, 19
23324,352, 14
23325,313, 3
23326,256, 0
23327,145, 0
23328,70, 0
23329,38, 0
23330,20, 0
23331,50, 0
23332,89, 0
23333,95, 0
23334,83, 0
23335,75, 0
23336,38, 0
23337,8, 0
23338,1, 0
23339,3, 0
23340,15, 0
23341,25, 0
23342,56, 0
23343,63, 0
23344,64, 0
23345,63, 0
23346,51, 0
23347,31, 0
23348,52, 0
23349,74, 0
23350,79, 0
23351,79, 0
23352,79, 0
23353,83, 0
23354,65, 0
23355,60, 0
23356,57, 0
23357,93, 0
23358,102, 0
23359,65, 0
23360,25, 0
23361,6, 0
23362,108, 0
23363,199, 0
23364,295, 0
23365,313, 0
23366,337, 0
23367,361, 2
23368,385, 12
23369,417, 21
23370,418, 28
23371,430, 32
23372,435, 38
23373,452, 40
23374,449, 41
23375,461, 50
23376,457, 48
23377,454, 48
23378,451, 46
23379,430, 45
23380,411, 38
23381,400, 34
23382,375, 25
23383,352, 18
23384,332, 6
23385,318, 1
23386,306, 0
23387,238, 0
23388,139, 0
23389,88, 0
23390,76, 0
23391,69, 0
23392,83, 0
23393,109, 0
23394,108, 0
23395,91, 0
23396,64, 0
23397,41, 0
23398,6, 0
23399,0, 0
23400,1, 0
23401,13, 0
23402,26, 0
23403,38, 0
23404,64, 0
23405,72, 0
23406,86, 0
23407,86, 0
23408,84, 0
23409,102, 0
23410,116, 0
23411,111, 0
23412,95, 0
23413,75, 0
23414,55, 0
23415,28, 0
23416,24, 0
23417,11, 0
23418,59, 0
23419,87, 0
23420,74, 0
23421,41, 0
23422,8, 0
23423,105, 0
23424,185, 0
23425,269, 0
23426,309, 0
23427,334, 0
23428,361, 2
23429,391, 8
23430,411, 21
23431,418, 26
23432,426, 30
23433,435, 36
23434,438, 39
23435,464, 42
23436,483, 54
23437,485, 57
23438,487, 59
23439,487, 63
23440,464, 61
23441,413, 51
23442,405, 40
23443,372, 28
23444,340, 15
23445,325, 6
23446,311, 0
23447,278, 0
23448,217, 0
23449,122, 0
23450,65, 0
23451,53, 0
23452,53, 0
23453,81, 0
23454,111, 0
23455,102, 0
23456,81, 0
23457,51, 0
23458,19, 0
23459,0, 0
23460,0, 0
23461,27, 0
23462,34, 0
23463,52, 0
23464,60, 0
23465,75, 0
23466,83, 0
23467,91, 0
23468,89, 0
23469,81, 0
23470,96, 0
23471,115, 0
23472,108, 0
23473,90, 0
23474,70, 0
23475,40, 0
23476,19, 0
23477,9, 0
23478,3, 0
23479,34, 0
23480,65, 0
23481,31, 0
23482,3, 0
23483,22, 0
23484,128, 0
23485,233, 0
23486,290, 0
23487,319, 0
23488,338, 0
23489,362, 5
23490,384, 12
23491,404, 19
23492,423, 25
23493,425, 29
23494,438, 38
23495,441, 39
23496,452, 44
23497,470, 52
23498,461, 52
23499,460, 51
23500,454, 51
23501,433, 45
23502,415, 40
23503,398, 35
23504,383, 25
23505,353, 18
23506,334, 8
23507,312, 2
23508,286, 0
23509,218, 0
23510,104, 0
23511,57, 0
23512,51, 0
23513,44, 0
23514,81, 0
23515,113, 0
23516,92, 0
23517,87, 0
23518,54, 0
23519,21, 0
23520,0, 0
23521,2, 0
23522,25, 0
23523,42, 0
23524,61, 0
23525,69, 0
23526,81, 0
23527,89, 0
23528,97, 0
23529,99, 0
23530,95, 0
23531,112, 0
23532,124, 0
23533,110, 0
23534,86, 0
23535,72, 0
23536,47, 0
23537,28, 0
23538,15, 0
23539,25, 0
23540,70, 0
23541,94, 0
23542,75, 0
23543,44, 0
23544,13, 0
23545,127, 0
23546,233, 0
23547,290, 0
23548,312, 0
23549,341, 0
23550,355, 1
23551,376, 6
23552,393, 12
23553,404, 20
23554,410, 25
23555,428, 30
23556,420, 32
23557,445, 38
23558,457, 43
23559,439, 44
23560,437, 42
23561,434, 43
23562,425, 41
23563,390, 31
23564,404, 35
23565,385, 26
23566,369, 20
23567,361, 19
23568,339, 11
23569,326, 2
23570,243, 0
23571,152, 0
23572,110, 0
23573,103, 0
23574,123, 0
23575,161, 0
23576,185, 0
23577,183, 0
23578,164, 0
23579,133, 0
23580,80, 0
23581,53, 0
23582,21, 0
23583,0, 0
23584,0, 0
23585,18, 0
23586,36, 0
23587,61, 0
23588,86, 0
23589,102, 0
23590,115, 0
23591,121, 0
23592,139, 0
23593,149, 0
23594,139, 0
23595,115, 0
23596,97, 0
23597,65, 0
23598,51, 0
23599,31, 0
23600,18, 0
23601,57, 0
23602,64, 0
23603,36, 0
23604,1, 0
23605,37, 0
23606,144, 0
23607,245, 0
23608,272, 0
23609,290, 0
23610,310, 0
23611,315, 0
23612,372, 2
23613,415, 12
23614,419, 25
23615,439, 31
23616,460, 40
23617,482, 51
23618,480, 56
23619,488, 60
23620,476, 60
23621,465, 57
23622,439, 50
23623,433, 47
23624,414, 41
23625,399, 35
23626,361, 22
23627,333, 11
23628,307, 3
23629,284, 0
23630,235, 0
23631,157, 0
23632,70, 0
23633,21, 0
23634,14, 0
23635,15, 0
23636,57, 0
23637,88, 0
23638,96, 0
23639,88, 0
23640,76, 0
23641,30, 0
23642,2, 0
23643,0, 0
23644,10, 0
23645,24, 0
23646,44, 0
23647,60, 0
23648,81, 0
23649,91, 0
23650,102, 0
23651,95, 0
23652,99, 0
23653,113, 0
23654,127, 0
23655,110, 0
23656,101, 0
23657,71, 0
23658,46, 0
23659,31, 0
23660,19, 0
23661,12, 0
23662,44, 0
23663,58, 0
23664,50, 0
23665,7, 0
23666,21, 0
23667,145, 0
23668,215, 0
23669,276, 0
23670,315, 0
23671,370, 1
23672,385, 6
23673,418, 21
23674,442, 32
23675,444, 40
23676,449, 42
23677,453, 44
23678,451, 44
23679,455, 50
23680,465, 48
23681,469, 56
23682,469, 54
23683,469, 55
23684,458, 55
23685,444, 51
23686,426, 48
23687,395, 38
23688,373, 25
23689,353, 19
23690,341, 10
23691,295, 1
23692,200, 0
23693,108, 0
23694,57, 0
23695,38, 0
23696,23, 0
23697,44, 0
23698,72, 0
23699,79, 0
23700,61, 0
23701,51, 0
23702,32, 0
23703,13, 0
23704,0, 0
23705,0, 0
23706,0, 0
23707,25, 0
23708,44, 0
23709,70, 0
23710,89, 0
23711,96, 0
23712,111, 0
23713,118, 0
23714,136, 0
23715,139, 0
23716,126, 0
23717,110, 0
23718,90, 0
23719,60, 0
23720,25, 0
23721,2, 0
23722,8, 0
23723,47, 0
23724,69, 0
23725,38, 0
23726,6, 0
23727,31, 0
23728,140, 0
23729,224, 0
23730,248, 0
23731,273, 0
23732,299, 0
23733,331, 0
23734,378, 4
23735,417, 17
23736,449, 31
23737,466, 44
23738,473, 51
23739,467, 51
23740,473, 57
23741,478, 56
23742,460, 55
23743,439, 47
23744,411, 39
23745,386, 31
23746,362, 19
23747,344, 12
23748,312, 4
23749,278, 0
23750,252, 0
23751,243, 0
23752,196, 0
23753,115, 0
23754,32, 0
23755,4, 0
23756,19, 0
23757,26, 0
23758,59, 0
23759,102, 0
23760,104, 0
23761,104, 0
23762,89, 0
23763,63, 0
23764,39, 0
23765,9, 0
23766,0, 0
23767,0, 0
23768,0, 0
23769,0, 0
23770,17, 0
23771,31, 0
23772,40, 0
23773,50, 0
23774,60, 0
23775,89, 0
23776,99, 0
23777,86, 0
23778,70, 0
23779,53, 0
23780,32, 0
23781,12, 0
23782,0, 0
23783,6, 0
23784,46, 0
23785,57, 0
23786,39, 0
23787,12, 0
23788,29, 0
23789,147, 0
23790,223, 0
23791,262, 0
23792,294, 0
23793,342, 0
23794,402, 6
23795,420, 21
23796,451, 31
23797,460, 43
23798,468, 51
23799,480, 54
23800,493, 59
23801,483, 59
23802,482, 59
23803,452, 57
23804,439, 51
23805,407, 40
23806,371, 27
23807,339, 14
23808,334, 7
23809,280, 0
23810,274, 0
23811,270, 0
23812,263, 0
23813,228, 0
23814,153, 0
23815,63, 0
23816,31, 0
23817,42, 0
23818,61, 0
23819,112, 0
23820,137, 0
23821,127, 0
23822,94, 0
23823,63, 0
23824,20, 0
23825,0, 0
23826,25, 0
23827,31, 0
23828,56, 0
23829,68, 0
23830,75, 0
23831,81, 0
23832,86, 0
23833,87, 0
23834,85, 0
23835,89, 0
23836,102, 0
23837,116, 0
23838,96, 0
23839,91, 0
23840,74, 0
23841,51, 0
23842,29, 0
23843,20, 0
23844,36, 0
23845,72, 0
23846,70, 0
23847,35, 0
23848,3, 0
23849,63, 0
23850,183, 0
23851,258, 0
23852,284, 0
23853,315, 0
23854,348, 0
23855,371, 5
23856,406, 15
23857,433, 28
23858,447, 36
23859,473, 45
23860,496, 58
23861,506, 63
23862,521, 70
23863,537, 80
23864,535, 86
23865,531, 87
23866,518, 86
23867,500, 81
23868,480, 73
23869,454, 65
23870,423, 51
23871,391, 37
23872,362, 25
23873,326, 12
23874,275, 0
23875,180, 0
23876,93, 0
23877,80, 0
23878,95, 0
23879,96, 0
23880,117, 0
23881,121, 0
23882,131, 0
23883,115, 0
23884,92, 0
23885,58, 0
23886,10, 0
23887,2, 0
23888,40, 0
23889,70, 0
23890,94, 0
23891,127, 0
23892,151, 0
23893,151, 0
23894,150, 0
23895,130, 0
23896,115, 0
23897,113, 0
23898,99, 0
23899,83, 0
23900,63, 0
23901,50, 0
23902,35, 0
23903,32, 0
23904,35, 0
23905,47, 0
23906,73, 0
23907,69, 0
23908,38, 0
23909,3, 0
23910,32, 0
23911,133, 0
23912,193, 0
23913,223, 0
23914,245, 0
23915,290, 0
23916,348, 0
23917,384, 7
23918,414, 21
23919,413, 27
23920,418, 32
23921,402, 28
23922,419, 29
23923,411, 29
23924,409, 31
23925,417, 30
23926,403, 27
23927,394, 25
23928,373, 20
23929,365, 15
23930,361, 13
23931,357, 11
23932,355, 9
23933,361, 9
23934,356, 12
23935,338, 7
23936,238, 0
23937,139, 0
23938,65, 0
23939,25, 0
23940,28, 0
23941,55, 0
23942,93, 0
23943,103, 0
23944,95, 0
23945,86, 0
23946,57, 0
23947,15, 0
23948,0, 0
23949,0, 0
23950,0, 0
23951,5, 0
23952,15, 0
23953,38, 0
23954,72, 0
23955,92, 0
23956,123, 0
23957,150, 0
23958,173, 0
23959,173, 0
23960,139, 0
23961,92, 0
23962,58, 0
23963,20, 0
23964,2, 0
23965,12, 0
23966,37, 0
23967,88, 0
23968,96, 0
23969,37, 0
23970,6, 0
23971,94, 0
23972,226, 0
23973,294, 0
23974,308, 0
23975,310, 0
23976,317, 0
23977,325, 0
23978,370, 0
23979,420, 15
23980,452, 31
23981,485, 46
23982,496, 61
23983,512, 69
23984,535, 76
23985,531, 81
23986,504, 76
23987,495, 74
23988,485, 70
23989,464, 65
23990,447, 59
23991,427, 45
23992,404, 40
23993,382, 28
23994,357, 22
23995,326, 10
23996,293, 2
23997,206, 0
23998,135, 0
23999,107, 0
24000,94, 0
24001,68, 0
24002,81, 0
24003,73, 0
24004,56, 0
24005,37, 0
24006,18, 0
24007,2, 0
24008,0, 0
24009,3, 0
24010,12, 0
24011,25, 0
24012,34, 0
24013,43, 0
24014,58, 0
24015,72, 0
24016,69, 0
24017,69, 0
24018,86, 0
24019,127, 0
24020,174, 0
24021,207, 0
24022,191, 0
24023,142, 0
24024,60, 0
24025,4, 0
24026,0, 0
24027,1, 0
24028,35, 0
24029,75, 0
24030,63, 0
24031,32, 0
24032,29, 0
24033,133, 0
24034,216, 0
24035,257, 0
24036,292, 0
24037,302, 0
24038,308, 0
24039,321, 0
24040,342, 0
24041,357, 1
24042,388, 9
24043,428, 23
24044,467, 37
24045,505, 54
24046,515, 69
24047,529, 76
24048,500, 73
24049,453, 67
24050,385, 44
24051,323, 20
24052,287, 2
24053,270, 0
24054,278, 0
24055,286, 0
24056,294, 0
24057,246, 0
24058,183, 0
24059,142, 0
24060,130, 0
24061,118, 0
24062,117, 0
24063,170, 0
24064,161, 0
24065,127, 0
24066,76, 0
24067,23, 0
24068,0, 0
24069,0, 0
24070,0, 0
24071,19, 0
24072,31, 0
24073,45, 0
24074,60, 0
24075,84, 0
24076,96, 0
24077,95, 0
24078,112, 0
24079,139, 0
24080,184, 0
24081,212, 0
24082,189, 0
24083,157, 0
24084,91, 0
24085,26, 0
24086,0, 0
24087,0, 0
24088,10, 0
24089,29, 0
24090,6, 0
24091,18, 0
24092,95, 0
24093,228, 0
24094,344, 0
24095,393, 6
24096,403, 19
24097,382, 22
24098,342, 11
24099,322, 1
24100,348, 1
24101,374, 9
24102,365, 9
24103,326, 4
24104,304, 0
24105,306, 0
24106,376, 2
24107,451, 21
24108,527, 48
24109,580, 80
24110,609, 104
24111,588, 115
24112,594, 122
24113,558, 115
24114,473, 92
24115,383, 60
24116,304, 23
24117,244, 1
24118,186, 0
24119,110, 0
24120,62, 0
24121,51, 0
24122,48, 0
24123,70, 0
24124,95, 0
24125,94, 0
24126,61, 0
24127,44, 0
24128,38, 0
24129,9, 0
24130,3, 0
24131,36, 0
24132,50, 0
24133,34, 0
24134,0, 0
24135,9, 0
24136,44, 0
24137,34, 0
24138,5, 0
24139,29, 0
24140,71, 0
24141,71, 0
24142,30, 0
24143,0, 0
24144,0, 0
24145,0, 0
24146,0, 0
24147,21, 0
24148,126, 0
24149,261, 0
24150,337, 0
24151,330, 1
24152,232, 0
24153,88, 0
24154,61, 0
24155,212, 0
24156,266, 0
24157,268, 0
24158,265, 0
24159,268, 0
24160,276, 0
24161,293, 0
24162,304, 0
24163,317, 0
24164,364, 1
24165,427, 15
24166,494, 38
24167,547, 65
24168,552, 86
24169,522, 84
24170,514, 84
24171,537, 87
24172,576, 95
24173,609, 110
24174,613, 125
24175,579, 121
24176,538, 106
24177,514, 96
24178,505, 88
24179,439, 73
24180,287, 32
24181,135, 0
24182,55, 0
24183,40, 0
24184,63, 0
24185,103, 0
24186,107, 0
24187,72, 0
24188,21, 0
24189,9, 0
24190,79, 0
24191,144, 0
24192,180, 0
24193,221, 0
24194,242, 0
24195,269, 0
24196,291, 0
24197,311, 0
24198,290, 0
24199,263, 0
24200,245, 0
24201,233, 0
24202,223, 0
24203,189, 0
24204,108, 0
24205,57, 0
24206,4, 0
24207,40, 0
24208,121, 0
24209,176, 0
24210,141, 0
24211,69, 0
24212,6, 0
24213,71, 0
24214,134, 0
24215,108, 0
24216,29, 0
24217,0, 0
24218,60, 0
24219,177, 0
24220,314, 0
24221,435, 6
24222,541, 47
24223,576, 80
24224,549, 91
24225,512, 89
24226,481, 76
24227,497, 68
24228,535, 80
24229,570, 89
24230,548, 95
24231,493, 88
24232,401, 59
24233,266, 19
24234,171, 0
24235,111, 0
24236,106, 0
24237,165, 0
24238,238, 0
24239,295, 0
24240,292, 0
24241,216, 0
24242,128, 0
24243,64, 0
24244,8, 0
24245,7, 0
24246,0, 0
24247,9, 0
24248,0, 0
24249,0, 0
24250,20, 0
24251,123, 0
24252,189, 0
24253,188, 0
24254,152, 0
24255,108, 0
24256,64, 0
24257,48, 0
24258,40, 0
24259,22, 0
24260,12, 0
24261,45, 0
24262,95, 0
24263,159, 0
24264,207, 0
24265,228, 0
24266,245, 0
24267,248, 0
24268,230, 0
24269,215, 0
24270,193, 0
24271,181, 0
24272,173, 0
24273,128, 0
24274,51, 0
24275,11, 0
24276,131, 0
24277,275, 0
24278,399, 1
24279,462, 25
24280,536, 57
24281,568, 84
24282,582, 94
24283,527, 95
24284,454, 79
24285,377, 47
24286,316, 18
24287,283, 0
24288,273, 0
24289,300, 0
24290,330, 0
24291,361, 1
24292,403, 12
24293,425, 24
24294,445, 34
24295,469, 47
24296,475, 56
24297,467, 54
24298,456, 56
24299,453, 53
24300,439, 51
24301,389, 39
24302,313, 18
24303,278, 2
24304,293, 0
24305,299, 0
24306,325, 0
24307,344, 3
24308,338, 7
24309,313, 5
24310,283, 0
24311,254, 0
24312,216, 0
24313,176, 0
24314,141, 0
24315,113, 0
24316,97, 0
24317,77, 0
24318,74, 0
24319,70, 0
24320,88, 0
24321,106, 0
24322,117, 0
24323,115, 0
24324,96, 0
24325,85, 0
24326,76, 0
24327,51, 0
24328,25, 0
24329,6, 0
24330,0, 0
24331,44, 0
24332,115, 0
24333,133, 0
24334,85, 0
24335,15, 0
24336,21, 0
24337,108, 0
24338,191, 0
24339,226, 0
24340,232, 0
24341,237, 0
24342,208, 0
24343,183, 0
24344,190, 0
24345,205, 0
24346,257, 0
24347,317, 0
24348,344, 0
24349,373, 4
24350,398, 12
24351,416, 20
24352,406, 25
24353,418, 27
24354,433, 34
24355,442, 39
24356,446, 44
24357,427, 44
24358,396, 31
24359,373, 26
24360,354, 18
24361,277, 5
24362,136, 0
24363,12, 0
24364,67, 0
24365,80, 0
24366,27, 0
24367,0, 0
24368,18, 0
24369,13, 0
24370,0, 0
24371,42, 0
24372,77, 0
24373,111, 0
24374,130, 0
24375,128, 0
24376,120, 0
24377,105, 0
24378,80, 0
24379,79, 0
24380,79, 0
24381,73, 0
24382,69, 0
24383,75, 0
24384,56, 0
24385,24, 0
24386,0, 0
24387,22, 0
24388,31, 0
24389,12, 0
24390,1, 0
24391,44, 0
24392,134, 0
24393,220, 0
24394,237, 0
24395,193, 0
24396,118, 0
24397,21, 0
24398,83, 0
24399,183, 0
24400,245, 0
24401,295, 0
24402,319, 0
24403,344, 0
24404,372, 2
24405,415, 19
24406,423, 25
24407,421, 31
24408,409, 31
24409,438, 39
24410,451, 40
24411,439, 43
24412,437, 42
24413,401, 32
24414,402, 30
24415,415, 31
24416,427, 31
24417,433, 39
24418,430, 39
24419,425, 38
24420,442, 44
24421,466, 51
24422,455, 56
24423,361, 41
24424,230, 6
24425,117, 0
24426,54, 0
24427,34, 0
24428,80, 0
24429,154, 0
24430,210, 0
24431,238, 0
24432,228, 0
24433,176, 0
24434,115, 0
24435,27, 0
24436,7, 0
24437,67, 0
24438,121, 0
24439,142, 0
24440,183, 0
24441,219, 0
24442,245, 0
24443,278, 0
24444,315, 0
24445,309, 1
24446,263, 0
24447,172, 0
24448,83, 0
24449,10, 0
24450,0, 0
24451,0, 0
24452,8, 0
24453,0, 0
24454,1, 0
24455,0, 0
24456,8, 0
24457,61, 0
24458,142, 0
24459,265, 0
24460,347, 0
24461,393, 6
24462,431, 19
24463,486, 43
24464,505, 60
24465,516, 68
24466,505, 73
24467,476, 70
24468,457, 59
24469,468, 56
24470,490, 57
24471,517, 69
24472,540, 79
24473,532, 85
24474,508, 81
24475,497, 77
24476,499, 75
24477,512, 74
24478,494, 75
24479,478, 72
24480,430, 59
24481,354, 35
24482,265, 6
24483,175, 0
24484,60, 0
24485,25, 0
24486,129, 0
24487,193, 0
24488,196, 0
24489,121, 0
24490,28, 0
24491,0, 0
24492,0, 0
24493,11, 0
24494,42, 0
24495,65, 0
24496,51, 0
24497,53, 0
24498,60, 0
24499,96, 0
24500,140, 0
24501,173, 0
24502,186, 0
24503,164, 0
24504,160, 0
24505,206, 0
24506,283, 0
24507,376, 5
24508,416, 26
24509,420, 40
24510,333, 29
24511,220, 3
24512,103, 0
24513,7, 0
24514,0, 0
24515,0, 0
24516,9, 0
24517,2, 0
24518,2, 0
24519,76, 0
24520,183, 0
24521,242, 0
24522,256, 0
24523,277, 0
24524,333, 0
24525,428, 9
24526,513, 38
24527,566, 73
24528,571, 92
24529,556, 96
24530,549, 95
24531,547, 95
24532,582, 97
24533,644, 115
24534,713, 143
24535,778, 172
24536,813, 203
24537,808, 219
24538,780, 217
24539,740, 212
24540,698, 195
24541,647, 174
24542,591, 152
24543,529, 124
24544,439, 90
24545,254, 36
24546,51, 0
24547,91, 0
24548,220, 0
24549,257, 0
24550,202, 0
24551,111, 0
24552,7, 0
24553,77, 0
24554,159, 0
24555,223, 0
24556,253, 0
24557,280, 0
24558,348, 0
24559,413, 19
24560,442, 41
24561,401, 47
24562,294, 25
24563,142, 0
24564,34, 0
24565,222, 0
24566,420, 5
24567,564, 56
24568,617, 103
24569,547, 116
24570,361, 85
24571,102, 12
24572,105, 0
24573,308, 0
24574,434, 12
24575,457, 39
24576,346, 35
24577,112, 3
24578,93, 0
24579,231, 0
24580,160, 0
24581,35, 0
24582,201, 0
24583,286, 0
24584,267, 0
24585,111, 0
24586,87, 0
24587,308, 0
24588,439, 6
24589,488, 38
24590,480, 51
24591,411, 45
24592,321, 21
24593,202, 0
24594,57, 0
24595,47, 0
24596,226, 0
24597,402, 1
24598,543, 32
24599,606, 79
24600,669, 115
24601,714, 145
24602,788, 179
24603,867, 215
24604,893, 249
24605,833, 255
24606,632, 217
24607,379, 134
24608,180, 34
24609,72, 0
24610,3, 0
24611,26, 0
24612,116, 0
24613,202, 0
24614,236, 0
24615,197, 0
24616,111, 0
24617,46, 0
24618,24, 0
24619,54, 0
24620,130, 0
24621,176, 0
24622,159, 0
24623,76, 0
24624,7, 0
24625,121, 0
24626,197, 0
24627,174, 0
24628,111, 0
24629,32, 0
24630,0, 0
24631,6, 0
24632,2, 0
24633,8, 0
24634,20, 0
24635,48, 0
24636,76, 0
24637,93, 0
24638,95, 0
24639,73, 0
24640,95, 0
24641,135, 0
24642,211, 0
24643,304, 0
24644,391, 3
24645,389, 12
24646,310, 7
24647,187, 0
24648,38, 0
24649,102, 0
24650,185, 0
24651,195, 0
24652,171, 0
24653,163, 0
24654,226, 0
24655,351, 0
24656,473, 13
24657,605, 61
24658,773, 127
24659,939, 201
24660,1059, 270
24661,1100, 318
24662,1029, 333
24663,912, 313
24664,782, 278
24665,649, 221
24666,482, 157
24667,261, 69
24668,27, 1
24669,79, 0
24670,104, 0
24671,51, 0
24672,11, 0
24673,89, 0
24674,108, 0
24675,86, 0
24676,56, 0
24677,18, 0
24678,0, 0
24679,25, 0
24680,65, 0
24681,96, 0
24682,104, 0
24683,78, 0
24684,27, 0
24685,0, 0
24686,22, 0
24687,81, 0
24688,129, 0
24689,195, 0
24690,270, 0
24691,354, 2
24692,430, 25
24693,486, 50
24694,555, 76
24695,619, 108
24696,674, 137
24697,645, 153
24698,594, 144
24699,540, 128
24700,514, 106
24701,499, 92
24702,530, 86
24703,570, 95
24704,575, 108
24705,543, 102
24706,525, 94
24707,533, 90
24708,601, 100
24709,702, 130
24710,758, 166
24711,723, 184
24712,593, 158
24713,447, 110
24714,329, 52
24715,261, 7
24716,206, 0
24717,127, 0
24718,51, 0
24719,76, 0
24720,170, 0
24721,286, 0
24722,377, 0
24723,373, 8
24724,287, 3
24725,163, 0
24726,44, 0
24727,19, 0
24728,134, 0
24729,227, 0
24730,227, 0
24731,226, 0
24732,196, 0
24733,132, 0
24734,96, 0
24735,34, 0
24736,4, 0
24737,31, 0
24738,28, 0
24739,14, 0
24740,109, 0
24741,184, 0
24742,203, 0
24743,169, 0
24744,109, 0
24745,63, 0
24746,54, 0
24747,111, 0
24748,214, 0
24749,307, 0
24750,352, 4
24751,343, 11
24752,300, 6
24753,241, 0
24754,166, 0
24755,73, 0
24756,3, 0
24757,1, 0
24758,0, 0
24759,48, 0
24760,96, 0
24761,108, 0
24762,99, 0
24763,23, 0
24764,26, 0
24765,91, 0
24766,107, 0
24767,118, 0
24768,143, 0
24769,183, 0
24770,238, 0
24771,273, 0
24772,291, 0
24773,299, 0
24774,326, 0
24775,357, 1
24776,389, 5
24777,411, 20
24778,416, 24
24779,385, 21
24780,367, 17
24781,349, 7
24782,326, 5
24783,297, 1
24784,257, 0
24785,242, 0
24786,253, 0
24787,243, 0
24788,264, 0
24789,233, 0
24790,211, 0
24791,195, 0
24792,196, 0
24793,230, 0
24794,312, 0
24795,420, 8
24796,435, 32
24797,364, 35
24798,213, 6
24799,51, 0
24800,48, 0
24801,150, 0
24802,206, 0
24803,211, 0
24804,170, 0
24805,107, 0
24806,43, 0
24807,4, 0
24808,12, 0
24809,51, 0
24810,69, 0
24811,50, 0
24812,10, 0
24813,0, 0
24814,25, 0
24815,57, 0
24816,115, 0
24817,190, 0
24818,292, 0
24819,419, 7
24820,490, 45
24821,478, 65
24822,348, 44
24823,153, 6
24824,83, 0
24825,342, 0
24826,541, 29
24827,654, 87
24828,706, 130
24829,720, 159
24830,694, 170
24831,671, 166
24832,588, 150
24833,456, 106
24834,310, 48
24835,226, 4
24836,238, 0
24837,379, 0
24838,525, 31
24839,673, 88
24840,705, 131
24841,639, 148
24842,517, 121
24843,334, 63
24844,182, 6
24845,62, 0
24846,2, 0
24847,22, 0
24848,19, 0
24849,0, 0
24850,0, 0
24851,1, 0
24852,5, 0
24853,12, 0
24854,4, 0
24855,0, 0
24856,2, 0
24857,0, 0
24858,7, 0
24859,51, 0
24860,75, 0
24861,69, 0
24862,12, 0
24863,6, 0
24864,36, 0
24865,31, 0
24866,11, 0
24867,6, 0
24868,19, 0
24869,68, 0
24870,115, 0
24871,121, 0
24872,106, 0
24873,51, 0
24874,3, 0
24875,54, 0
24876,165, 0
24877,244, 0
24878,284, 0
24879,286, 0
24880,328, 1
24881,339, 3
24882,319, 4
24883,264, 0
24884,163, 0
24885,22, 0
24886,115, 0
24887,235, 0
24888,300, 0
24889,345, 0
24890,379, 5
24891,415, 18
24892,460, 32
24893,510, 57
24894,554, 74
24895,592, 94
24896,644, 117
24897,722, 145
24898,805, 181
24899,852, 215
24900,838, 227
24901,756, 220
24902,665, 193
24903,569, 154
24904,483, 112
24905,427, 75
24906,391, 50
24907,373, 28
24908,369, 23
24909,356, 15
24910,344, 13
24911,257, 2
24912,199, 0
24913,170, 0
24914,139, 0
24915,89, 0
24916,21, 0
24917,0, 0
24918,0, 0
24919,4, 0
24920,25, 0
24921,52, 0
24922,89, 0
24923,121, 0
24924,166, 0
24925,196, 0
24926,174, 0
24927,123, 0
24928,75, 0
24929,6, 0
24930,10, 0
24931,92, 0
24932,172, 0
24933,200, 0
24934,123, 0
24935,42, 0
24936,254, 0
24937,458, 9
24938,612, 68
24939,736, 132
24940,769, 181
24941,654, 185
24942,506, 144
24943,314, 76
24944,117, 7
24945,9, 0
24946,56, 0
24947,102, 0
24948,170, 0
24949,284, 0
24950,393, 1
24951,416, 15
24952,343, 17
24953,227, 0
24954,112, 0
24955,36, 0
24956,9, 0
24957,1, 0
24958,119, 0
24959,331, 0
24960,523, 22
24961,646, 80
24962,647, 119
24963,494, 107
24964,236, 42
24965,41, 0
24966,223, 0
24967,356, 0
24968,378, 4
24969,279, 2
24970,121, 0
24971,6, 0
24972,0, 0
24973,11, 0
24974,50, 0
24975,75, 0
24976,99, 0
24977,133, 0
24978,152, 0
24979,179, 0
24980,200, 0
24981,190, 0
24982,156, 0
24983,91, 0
24984,12, 0
24985,10, 0
24986,51, 0
24987,57, 0
24988,32, 0
24989,1, 0
24990,52, 0
24991,157, 0
24992,234, 0
24993,249, 0
24994,226, 0
24995,177, 0
24996,101, 0
24997,21, 0
24998,17, 0
24999,84, 0
25000,112, 0
25001,132, 0
25002,160, 0
25003,130, 0
25004,25, 0
25005,115, 0
25006,273, 0
25007,428, 6
25008,530, 39
25009,562, 76
25010,566, 92
25011,576, 97
25012,601, 109
25013,585, 112
25014,527, 102
25015,452, 79
25016,377, 50
25017,330, 19
25018,334, 6
25019,340, 2
25020,306, 0
25021,244, 0
25022,155, 0
25023,116, 0
25024,142, 0
25025,213, 0
25026,259, 0
25027,247, 0
25028,187, 0
25029,131, 0
25030,147, 0
25031,175, 0
25032,153, 0
25033,25, 0
25034,75, 0
25035,96, 0
25036,70, 0
25037,6, 0
25038,1, 0
25039,23, 0
25040,5, 0
25041,54, 0
25042,137, 0
25043,297, 0
25044,373, 2
25045,377, 15
25046,272, 8
25047,60, 0
25048,172, 0
25049,377, 0
25050,487, 34
25051,477, 60
25052,388, 53
25053,272, 20
25054,198, 0
25055,176, 0
25056,193, 0
25057,169, 0
25058,107, 0
25059,9, 0
25060,89, 0
25061,166, 0
25062,185, 0
25063,83, 0
25064,2, 0
25065,35, 0
25066,21, 0
25067,23, 0
25068,158, 0
25069,258, 0
25070,348, 0
25071,406, 8
25072,496, 32
25073,572, 67
25074,597, 96
25075,538, 99
25076,453, 81
25077,403, 50
25078,407, 38
25079,428, 38
25080,488, 50
25081,546, 67
25082,588, 90
25083,642, 112
25084,683, 139
25085,683, 154
25086,623, 151
25087,522, 122
25088,409, 80
25089,312, 35
25090,226, 2
25091,171, 0
25092,155, 0
25093,139, 0
25094,112, 0
25095,113, 0
25096,156, 0
25097,217, 0
25098,248, 0
25099,232, 0
25100,179, 0
25101,148, 0
25102,137, 0
25103,139, 0
25104,85, 0
25105,22, 0
25106,0, 0
25107,6, 0
25108,12, 0
25109,34, 0
25110,89, 0
25111,165, 0
25112,201, 0
25113,159, 0
25114,70, 0
25115,21, 0
25116,0, 0
25117,0, 0
25118,0, 0
25119,0, 0
25120,31, 0
25121,87, 0
25122,86, 0
25123,67, 0
25124,57, 0
25125,10, 0
25126,26, 0
25127,96, 0
25128,167, 0
25129,264, 0
25130,327, 0
25131,365, 4
25132,376, 9
25133,360, 11
25134,327, 5
25135,359, 5
25136,463, 22
25137,633, 74
25138,848, 148
25139,1050, 234
25140,1157, 307
25141,1081, 339
25142,859, 314
25143,521, 220
25144,169, 83
25145,78, 0
25146,237, 0
25147,244, 0
25148,153, 0
25149,34, 0
25150,14, 0
25151,63, 0
25152,56, 0
25153,14, 0
25154,45, 0
25155,168, 0
25156,189, 0
25157,91, 0
25158,14, 0
25159,117, 0
25160,247, 0
25161,281, 0
25162,259, 0
25163,159, 0
25164,42, 0
25165,69, 0
25166,214, 0
25167,330, 0
25168,415, 13
25169,440, 37
25170,393, 43
25171,293, 24
25172,204, 0
25173,143, 0
25174,140, 0
25175,180, 0
25176,212, 0
25177,207, 0
25178,183, 0
25179,138, 0
25180,78, 0
25181,19, 0
25182,6, 0
25183,25, 0
25184,10, 0
25185,30, 0
25186,112, 0
25187,153, 0
25188,133, 0
25189,42, 0
25190,94, 0
25191,270, 0
25192,376, 1
25193,434, 19
25194,470, 36
25195,505, 57
25196,524, 69
25197,537, 78
25198,499, 78
25199,476, 70
25200,450, 58
25201,453, 55
25202,491, 56
25203,585, 79
25204,694, 122
25205,795, 169
25206,766, 195
25207,613, 173
25208,402, 115
25209,205, 29
25210,116, 0
25211,112, 0
25212,138, 0
25213,152, 0
25214,152, 0
25215,106, 0
25216,70, 0
25217,125, 0
25218,228, 0
25219,337, 0
25220,407, 11
25221,428, 30
25222,391, 32
25223,327, 20
25224,216, 4
25225,93, 0
25226,7, 0
25227,42, 0
25228,89, 0
25229,139, 0
25230,219, 0
25231,286, 0
25232,326, 0
25233,337, 5
25234,307, 6
25235,252, 0
25236,189, 0
25237,111, 0
25238,44, 0
25239,6, 0
25240,63, 0
25241,120, 0
25242,134, 0
25243,112, 0
25244,63, 0
25245,8, 0
25246,31, 0
25247,68, 0
25248,34, 0
25249,3, 0
25250,108, 0
25251,287, 0
25252,449, 10
25253,594, 59
25254,711, 115
25255,823, 169
25256,913, 222
25257,959, 261
25258,931, 277
25259,811, 267
25260,566, 204
25261,226, 89
25262,47, 1
25263,171, 0
25264,167, 0
25265,95, 0
25266,11, 0
25267,23, 0
25268,70, 0
25269,43, 0
25270,0, 0
25271,6, 0
25272,13, 0
25273,0, 0
25274,19, 0
25275,81, 0
25276,108, 0
25277,110, 0
25278,168, 0
25279,216, 0
25280,245, 0
25281,307, 0
25282,360, 0
25283,394, 15
25284,430, 34
25285,406, 38
25286,345, 28
25287,258, 9
25288,131, 0
25289,34, 0
25290,106, 0
25291,210, 0
25292,258, 0
25293,254, 0
25294,262, 0
25295,257, 0
25296,237, 0
25297,188, 0
25298,123, 0
25299,60, 0
25300,12, 0
25301,0, 0
25302,0, 0
25303,4, 0
25304,0, 0
25305,0, 0
25306,29, 0
25307,63, 0
25308,12, 0
25309,69, 0
25310,196, 0
25311,325, 0
25312,444, 12
25313,510, 44
25314,542, 72
25315,559, 87
25316,564, 96
25317,577, 101
25318,607, 113
25319,630, 124
25320,627, 133
25321,579, 127
25322,501, 105
25323,421, 72
25324,324, 34
25325,241, 1
25326,159, 0
25327,74, 0
25328,4, 0
25329,0, 0
25330,0, 0
25331,45, 0
25332,143, 0
25333,239, 0
25334,306, 0
25335,330, 0
25336,298, 0
25337,184, 0
25338,44, 0
25339,17, 0
25340,57, 0
25341,89, 0
25342,77, 0
25343,25, 0
25344,6, 0
25345,78, 0
25346,130, 0
25347,159, 0
25348,139, 0
25349,91, 0
25350,95, 0
25351,95, 0
25352,102, 0
25353,42, 0
25354,53, 0
25355,251, 0
25356,386, 3
25357,409, 27
25358,364, 30
25359,249, 9
25360,106, 0
25361,10, 0
25362,18, 0
25363,79, 0
25364,154, 0
25365,251, 0
25366,348, 0
25367,398, 9
25368,376, 19
25369,312, 9
25370,216, 0
25371,142, 0
25372,107, 0
25373,42, 0
25374,44, 0
25375,163, 0
25376,204, 0
25377,124, 0
25378,72, 0
25379,369, 0
25380,702, 53
25381,995, 172
25382,1243, 284
25383,1369, 367
25384,1374, 420
25385,1219, 421
25386,919, 373
25387,505, 251
25388,121, 78
25389,318, 3
25390,576, 45
25391,608, 91
25392,452, 88
25393,155, 20
25394,169, 0
25395,527, 13
25396,814, 108
25397,928, 197
25398,816, 232
25399,570, 195
25400,309, 103
25401,76, 12
25402,124, 0
25403,297, 0
25404,449, 12
25405,554, 57
25406,622, 100
25407,623, 125
25408,579, 131
25409,538, 117
25410,517, 105
25411,499, 95
25412,391, 73
25413,308, 37
25414,187, 2
25415,80, 0
25416,17, 0
25417,2, 0
25418,57, 0
25419,121, 0
25420,152, 0
25421,164, 0
25422,149, 0
25423,59, 0
25424,2, 0
25425,23, 0
25426,18, 0
25427,0, 0
25428,3, 0
25429,0, 0
25430,6, 0
25431,57, 0
25432,118, 0
25433,198, 0
25434,276, 0
25435,336, 0
25436,380, 6
25437,420, 20
25438,495, 42
25439,586, 74
25440,652, 109
25441,665, 132
25442,562, 131
25443,361, 78
25444,156, 9
25445,29, 0
25446,11, 0
25447,110, 0
25448,282, 0
25449,479, 8
25450,666, 72
25451,814, 145
25452,883, 208
25453,871, 239
25454,818, 244
25455,724, 222
25456,562, 174
25457,338, 99
25458,85, 12
25459,127, 0
25460,251, 0
25461,218, 0
25462,92, 0
25463,29, 0
25464,160, 0
25465,235, 0
25466,204, 0
25467,90, 0
25468,13, 0
25469,87, 0
25470,141, 0
25471,137, 0
25472,76, 0
25473,7, 0
25474,0, 0
25475,0, 0
25476,9, 0
25477,72, 0
25478,99, 0
25479,65, 0
25480,57, 0
25481,12, 0
25482,0, 0
25483,10, 0
25484,6, 0
25485,1, 0
25486,34, 0
25487,131, 0
25488,170, 0
25489,190, 0
25490,136, 0
25491,22, 0
25492,118, 0
25493,263, 0
25494,373, 0
25495,402, 15
25496,342, 12
25497,260, 0
25498,226, 0
25499,275, 0
25500,356, 0
25501,487, 19
25502,566, 57
25503,624, 95
25504,650, 120
25505,667, 136
25506,698, 155
25507,700, 161
25508,669, 164
25509,576, 144
25510,432, 97
25511,278, 38
25512,155, 0
25513,121, 0
25514,170, 0
25515,264, 0
25516,365, 0
25517,446, 14
25518,496, 46
25519,467, 55
25520,337, 36
25521,243, 4
25522,184, 0
25523,192, 0
25524,238, 0
25525,304, 0
25526,352, 0
25527,377, 12
25528,348, 19
25529,271, 5
25530,189, 0
25531,57, 0
25532,44, 0
25533,139, 0
25534,196, 0
25535,196, 0
25536,181, 0
25537,124, 0
25538,74, 0
25539,9, 0
25540,23, 0
25541,46, 0
25542,9, 0
25543,44, 0
25544,187, 0
25545,280, 0
25546,343, 1
25547,375, 11
25548,383, 20
25549,351, 20
25550,328, 13
25551,287, 2
25552,186, 0
25553,81, 0
25554,11, 0
25555,29, 0
25556,83, 0
25557,80, 0
25558,38, 0
25559,36, 0
25560,117, 0
25561,202, 0
25562,248, 0
25563,256, 0
25564,235, 0
25565,237, 0
25566,281, 0
25567,349, 0
25568,398, 6
25569,398, 18
25570,333, 17
25571,300, 2
25572,253, 0
25573,282, 0
25574,301, 0
25575,295, 0
25576,282, 0
25577,252, 0
25578,220, 0
25579,218, 0
25580,214, 0
25581,183, 0
25582,177, 0
25583,187, 0
25584,193, 0
25585,201, 0
25586,223, 0
25587,207, 0
25588,133, 0
25589,54, 0
25590,0, 0
25591,20, 0
25592,15, 0
25593,0, 0
25594,18, 0
25595,55, 0
25596,35, 0
25597,1, 0
25598,57, 0
25599,130, 0
25600,152, 0
25601,157, 0
25602,190, 0
25603,214, 0
25604,207, 0
25605,145, 0
25606,94, 0
25607,57, 0
25608,25, 0
25609,2, 0
25610,68, 0
25611,130, 0
25612,161, 0
25613,224, 0
25614,300, 0
25615,375, 2
25616,488, 31
25617,501, 56
25618,406, 53
25619,248, 17
25620,120, 0
25621,53, 0
25622,69, 0
25623,122, 0
25624,183, 0
25625,260, 0
25626,317, 0
25627,342, 0
25628,361, 3
25629,382, 7
25630,411, 19
25631,427, 26
25632,395, 29
25633,339, 19
25634,292, 1
25635,260, 0
25636,246, 0
25637,274, 0
25638,330, 0
25639,398, 3
25640,447, 28
25641,427, 39
25642,319, 25
25643,204, 0
25644,110, 0
25645,19, 0
25646,0, 0
25647,3, 0
25648,21, 0
25649,122, 0
25650,239, 0
25651,325, 0
25652,385, 10
25653,337, 17
25654,226, 3
25655,112, 0
25656,27, 0
25657,2, 0
25658,27, 0
25659,108, 0
25660,205, 0
25661,342, 0
25662,434, 19
25663,456, 44
25664,424, 51
25665,329, 38
25666,137, 4
25667,112, 0
25668,418, 4
25669,654, 65
25670,786, 145
25671,794, 193
25672,771, 211
25673,713, 204
25674,622, 180
25675,513, 139
25676,364, 84
25677,169, 19
25678,18, 0
25679,95, 0
25680,197, 0
25681,249, 0
25682,290, 0
25683,321, 0
25684,355, 0
25685,391, 7
25686,420, 21
25687,432, 29
25688,465, 40
25689,514, 59
25690,562, 76
25691,577, 92
25692,572, 101
25693,536, 97
25694,446, 79
25695,354, 44
25696,283, 11
25697,263, 0
25698,300, 0
25699,347, 0
25700,380, 6
25701,424, 23
25702,401, 29
25703,318, 15
25704,219, 0
25705,174, 0
25706,107, 0
25707,43, 0
25708,22, 0
25709,0, 0
25710,0, 0
25711,1, 0
25712,29, 0
25713,76, 0
25714,79, 0
25715,63, 0
25716,52, 0
25717,29, 0
25718,12, 0
25719,21, 0
25720,34, 0
25721,38, 0
25722,42, 0
25723,40, 0
25724,20, 0
25725,19, 0
25726,32, 0
25727,31, 0
25728,12, 0
25729,0, 0
25730,29, 0
25731,85, 0
25732,125, 0
25733,184, 0
25734,221, 0
25735,189, 0
25736,113, 0
25737,21, 0
25738,102, 0
25739,257, 0
25740,374, 1
25741,456, 22
25742,501, 45
25743,535, 64
25744,555, 85
25745,535, 89
25746,486, 79
25747,408, 57
25748,332, 26
25749,275, 3
25750,238, 0
25751,220, 0
25752,215, 0
25753,232, 0
25754,268, 0
25755,325, 0
25756,378, 2
25757,426, 19
25758,446, 32
25759,457, 44
25760,442, 51
25761,428, 44
25762,385, 37
25763,285, 12
25764,120, 0
25765,6, 0
25766,18, 0
25767,5, 0
25768,53, 0
25769,167, 0
25770,220, 0
25771,246, 0
25772,238, 0
25773,196, 0
25774,110, 0
25775,15, 0
25776,79, 0
25777,158, 0
25778,198, 0
25779,242, 0
25780,275, 0
25781,312, 0
25782,330, 1
25783,295, 6
25784,211, 0
25785,127, 0
25786,55, 0
25787,30, 0
25788,44, 0
25789,65, 0
25790,72, 0
25791,68, 0
25792,44, 0
25793,23, 0
25794,31, 0
25795,31, 0
25796,3, 0
25797,3, 0
25798,54, 0
25799,183, 0
25800,282, 0
25801,355, 0
25802,374, 6
25803,403, 19
25804,467, 32
25805,535, 58
25806,536, 79
25807,497, 79
25808,408, 57
25809,348, 27
25810,345, 12
25811,385, 11
25812,423, 24
25813,446, 31
25814,475, 44
25815,507, 55
25816,524, 70
25817,517, 76
25818,481, 74
25819,434, 59
25820,404, 45
25821,362, 29
25822,343, 15
25823,327, 7
25824,284, 0
25825,185, 0
25826,139, 0
25827,124, 0
25828,117, 0
25829,153, 0
25830,174, 0
25831,227, 0
25832,272, 0
25833,283, 0
25834,259, 0
25835,202, 0
25836,122, 0
25837,32, 0
25838,12, 0
25839,69, 0
25840,75, 0
25841,25, 0
25842,0, 0
25843,0, 0
25844,6, 0
25845,92, 0
25846,232, 0
25847,334, 0
25848,391, 14
25849,408, 27
25850,379, 34
25851,355, 26
25852,330, 17
25853,243, 2
25854,145, 0
25855,113, 0
25856,90, 0
25857,57, 0
25858,17, 0
25859,14, 0
25860,147, 0
25861,276, 0
25862,368, 0
25863,406, 14
25864,452, 31
25865,505, 47
25866,540, 72
25867,574, 88
25868,540, 92
25869,446, 73
25870,330, 36
25871,233, 2
25872,177, 0
25873,166, 0
25874,192, 0
25875,248, 0
25876,255, 0
25877,251, 0
25878,239, 0
25879,216, 0
25880,188, 0
25881,188, 0
25882,211, 0
25883,265, 0
25884,322, 0
25885,298, 0
25886,193, 0
25887,83, 0
25888,6, 0
25889,13, 0
25890,0, 0
25891,27, 0
25892,80, 0
25893,119, 0
25894,131, 0
25895,144, 0
25896,149, 0
25897,121, 0
25898,84, 0
25899,60, 0
25900,23, 0
25901,0, 0
25902,0, 0
25903,3, 0
25904,9, 0
25905,1, 0
25906,0, 0
25907,0, 0
25908,11, 0
25909,28, 0
25910,44, 0
25911,51, 0
25912,51, 0
25913,60, 0
25914,40, 0
25915,23, 0
25916,31, 0
25917,10, 0
25918,0, 0
25919,0, 0
25920,19, 0
25921,101, 0
25922,183, 0
25923,263, 0
25924,319, 0
25925,354, 0
25926,348, 3
25927,355, 6
25928,305, 0
25929,262, 0
25930,275, 0
25931,277, 0
25932,322, 0
25933,376, 1
25934,413, 12
25935,426, 27
25936,423, 29
25937,387, 25
25938,355, 14
25939,362, 12
25940,379, 13
25941,417, 22
25942,469, 40
25943,513, 57
25944,553, 78
25945,588, 99
25946,542, 104
25947,398, 74
25948,276, 29
25949,179, 0
25950,88, 0
25951,23, 0
25952,10, 0
25953,95, 0
25954,147, 0
25955,166, 0
25956,153, 0
25957,108, 0
25958,77, 0
25959,55, 0
25960,38, 0
25961,44, 0
25962,61, 0
25963,73, 0
25964,76, 0
25965,92, 0
25966,59, 0
25967,57, 0
25968,77, 0
25969,79, 0
25970,76, 0
25971,43, 0
25972,8, 0
25973,0, 0
25974,0, 0
25975,0, 0
25976,5, 0
25977,53, 0
25978,65, 0
25979,31, 0
25980,1, 0
25981,54, 0
25982,183, 0
25983,276, 0
25984,317, 0
25985,338, 0
25986,355, 3
25987,362, 5
25988,372, 10
25989,377, 11
25990,396, 17
25991,424, 26
25992,436, 32
25993,456, 43
25994,464, 46
25995,468, 52
25996,466, 52
25997,475, 56
25998,465, 53
25999,455, 51
26000,445, 50
26001,409, 43
26002,376, 31
26003,347, 19
26004,315, 5
26005,287, 0
26006,278, 0
26007,215, 0
26008,107, 0
26009,55, 0
26010,77, 0
26011,106, 0
26012,183, 0
26013,254, 0
26014,273, 0
26015,254, 0
26016,159, 0
26017,57, 0
26018,18, 0
26019,115, 0
26020,166, 0
26021,174, 0
26022,182, 0
26023,170, 0
26024,140, 0
26025,110, 0
26026,81, 0
26027,34, 0
26028,1, 0
26029,0, 0
26030,8, 0
26031,40, 0
26032,58, 0
26033,57, 0
26034,20, 0
26035,0, 0
26036,0, 0
26037,0, 0
26038,14, 0
26039,74, 0
26040,117, 0
26041,139, 0
26042,93, 0
26043,9, 0
26044,139, 0
26045,294, 0
26046,453, 7
26047,584, 55
26048,694, 107
26049,765, 158
26050,771, 186
26051,712, 187
26052,562, 159
26053,386, 92
26054,212, 22
26055,102, 0
26056,81, 0
26057,130, 0
26058,229, 0
26059,306, 0
26060,356, 0
26061,339, 4
26062,262, 0
26063,150, 0
26064,81, 0
26065,64, 0
26066,78, 0
26067,105, 0
26068,68, 0
26069,4, 0
26070,29, 0
26071,50, 0
26072,44, 0
26073,4, 0
26074,2, 0
26075,24, 0
26076,35, 0
26077,13, 0
26078,7, 0
26079,10, 0
26080,1, 0
26081,1, 0
26082,0, 0
26083,0, 0
26084,15, 0
26085,51, 0
26086,75, 0
26087,83, 0
26088,64, 0
26089,50, 0
26090,62, 0
26091,63, 0
26092,64, 0
26093,30, 0
26094,3, 0
26095,0, 0
26096,0, 0
26097,0, 0
26098,6, 0
26099,59, 0
26100,85, 0
26101,73, 0
26102,20, 0
26103,25, 0
26104,156, 0
26105,263, 0
26106,337, 0
26107,376, 3
26108,390, 12
26109,420, 22
26110,433, 34
26111,457, 40
26112,478, 50
26113,469, 54
26114,463, 54
26115,456, 53
26116,447, 48
26117,427, 41
26118,406, 36
26119,401, 28
26120,387, 23
26121,399, 24
26122,401, 28
26123,394, 30
26124,396, 26
26125,431, 32
26126,452, 41
26127,467, 54
26128,447, 57
26129,328, 32
26130,158, 1
26131,38, 0
26132,3, 0
26133,19, 0
26134,0, 0
26135,57, 0
26136,111, 0
26137,135, 0
26138,116, 0
26139,83, 0
26140,43, 0
26141,2, 0
26142,1, 0
26143,19, 0
26144,51, 0
26145,65, 0
26146,64, 0
26147,63, 0
26148,57, 0
26149,32, 0
26150,32, 0
26151,57, 0
26152,94, 0
26153,90, 0
26154,89, 0
26155,79, 0
26156,75, 0
26157,77, 0
26158,74, 0
26159,80, 0
26160,96, 0
26161,80, 0
26162,23, 0
26163,4, 0
26164,81, 0
26165,204, 0
26166,282, 0
26167,312, 0
26168,331, 0
26169,348, 1
26170,371, 6
26171,439, 25
26172,469, 37
26173,464, 44
26174,461, 48
26175,433, 46
26176,407, 37
26177,383, 27
26178,357, 19
26179,352, 8
26180,367, 7
26181,395, 14
26182,430, 24
26183,491, 44
26184,535, 69
26185,568, 89
26186,556, 96
26187,499, 91
26188,377, 62
26189,214, 13
26190,30, 0
26191,85, 0
26192,110, 0
26193,64, 0
26194,7, 0
26195,75, 0
26196,187, 0
26197,264, 0
26198,337, 0
26199,326, 2
26200,257, 0
26201,130, 0
26202,19, 0
26203,108, 0
26204,212, 0
26205,287, 0
26206,306, 0
26207,299, 0
26208,292, 0
26209,260, 0
26210,226, 0
26211,204, 0
26212,191, 0
26213,164, 0
26214,115, 0
26215,76, 0
26216,25, 0
26217,0, 0
26218,6, 0
26219,0, 0
26220,5, 0
26221,51, 0
26222,63, 0
26223,25, 0
26224,11, 0
26225,143, 0
26226,323, 0
26227,460, 11
26228,558, 48
26229,597, 89
26230,600, 108
26231,552, 108
26232,439, 84
26233,295, 31
26234,164, 0
26235,96, 0
26236,99, 0
26237,155, 0
26238,238, 0
26239,312, 0
26240,353, 0
26241,382, 7
26242,394, 17
26243,391, 19
26244,388, 23
26245,377, 22
26246,338, 11
26247,359, 10
26248,339, 6
26249,333, 5
26250,305, 2
26251,223, 0
26252,124, 0
26253,73, 0
26254,65, 0
26255,75, 0
26256,126, 0
26257,155, 0
26258,159, 0
26259,147, 0
26260,125, 0
26261,102, 0
26262,75, 0
26263,30, 0
26264,2, 0
26265,0, 0
26266,0, 0
26267,4, 0
26268,15, 0
26269,36, 0
26270,47, 0
26271,38, 0
26272,46, 0
26273,75, 0
26274,83, 0
26275,81, 0
26276,80, 0
26277,38, 0
26278,6, 0
26279,0, 0
26280,0, 0
26281,0, 0
26282,42, 0
26283,77, 0
26284,67, 0
26285,36, 0
26286,13, 0
26287,147, 0
26288,226, 0
26289,292, 0
26290,313, 0
26291,331, 0
26292,361, 1
26293,380, 10
26294,401, 19
26295,405, 23
26296,415, 28
26297,420, 31
26298,435, 36
26299,451, 39
26300,456, 44
26301,439, 43
26302,444, 44
26303,431, 41
26304,428, 39
26305,413, 36
26306,379, 27
26307,338, 12
26308,347, 14
26309,326, 6
26310,307, 1
26311,281, 0
26312,189, 0
26313,102, 0
26314,62, 0
26315,50, 0
26316,54, 0
26317,120, 0
26318,121, 0
26319,113, 0
26320,95, 0
26321,63, 0
26322,40, 0
26323,19, 0
26324,23, 0
26325,51, 0
26326,84, 0
26327,95, 0
26328,89, 0
26329,44, 0
26330,8, 0
26331,111, 0
26332,214, 0
26333,292, 0
26334,318, 0
26335,305, 2
26336,227, 0
26337,175, 0
26338,121, 0
26339,68, 0
26340,34, 0
26341,13, 0
26342,24, 0
26343,68, 0
26344,76, 0
26345,55, 0
26346,9, 0
26347,54, 0
26348,181, 0
26349,271, 0
26350,307, 0
26351,326, 0
26352,355, 1
26353,386, 6
26354,415, 22
26355,447, 35
26356,464, 44
26357,484, 52
26358,508, 63
26359,522, 71
26360,513, 74
26361,481, 70
26362,427, 57
26363,369, 38
26364,319, 12
26365,296, 0
26366,297, 0
26367,294, 0
26368,296, 0
26369,299, 0
26370,285, 0
26371,267, 0
26372,229, 0
26373,158, 0
26374,71, 0
26375,47, 0
26376,47, 0
26377,63, 0
26378,108, 0
26379,121, 0
26380,122, 0
26381,112, 0
26382,87, 0
26383,58, 0
26384,25, 0
26385,0, 0
26386,3, 0
26387,18, 0
26388,51, 0
26389,70, 0
26390,85, 0
26391,102, 0
26392,102, 0
26393,84, 0
26394,81, 0
26395,97, 0
26396,108, 0
26397,108, 0
26398,83, 0
26399,62, 0
26400,30, 0
26401,10, 0
26402,1, 0
26403,17, 0
26404,61, 0
26405,55, 0
26406,13, 0
26407,4, 0
26408,106, 0
26409,232, 0
26410,312, 0
26411,348, 0
26412,368, 5
26413,369, 10
26414,382, 12
26415,385, 19
26416,373, 19
26417,379, 14
26418,386, 19
26419,404, 22
26420,420, 25
26421,441, 37
26422,446, 39
26423,436, 42
26424,441, 43
26425,413, 36
26426,407, 32
26427,394, 32
26428,368, 22
26429,334, 11
26430,315, 4
26431,300, 0
26432,292, 0
26433,263, 0
26434,179, 0
26435,95, 0
26436,72, 0
26437,63, 0
26438,83, 0
26439,115, 0
26440,132, 0
26441,125, 0
26442,99, 0
26443,84, 0
26444,56, 0
26445,28, 0
26446,0, 0
26447,5, 0
26448,29, 0
26449,61, 0
26450,99, 0
26451,97, 0
26452,105, 0
26453,100, 0
26454,95, 0
26455,89, 0
26456,93, 0
26457,109, 0
26458,94, 0
26459,84, 0
26460,69, 0
26461,59, 0
26462,63, 0
26463,44, 0
26464,50, 0
26465,78, 0
26466,60, 0
26467,14, 0
26468,0, 0
26469,86, 0
26470,197, 0
26471,272, 0
26472,296, 0
26473,326, 0
26474,340, 0
26475,368, 3
26476,394, 13
26477,414, 21
26478,413, 26
26479,418, 29
26480,430, 37
26481,447, 38
26482,456, 41
26483,453, 45
26484,452, 41
26485,465, 48
26486,432, 42
26487,415, 37
26488,403, 37
26489,374, 25
26490,356, 18
26491,340, 12
26492,323, 2
26493,295, 0
26494,254, 0
26495,147, 0
26496,83, 0
26497,58, 0
26498,37, 0
26499,47, 0
26500,116, 0
26501,108, 0
26502,100, 0
26503,83, 0
26504,54, 0
26505,25, 0
26506,3, 0
26507,0, 0
26508,12, 0
26509,22, 0
26510,38, 0
26511,57, 0
26512,70, 0
26513,90, 0
26514,90, 0
26515,95, 0
26516,97, 0
26517,118, 0
26518,118, 0
26519,107, 0
26520,91, 0
26521,59, 0
26522,30, 0
26523,20, 0
26524,20, 0
26525,48, 0
26526,88, 0
26527,70, 0
26528,40, 0
26529,4, 0
26530,68, 0
26531,180, 0
26532,263, 0
26533,307, 0
26534,348, 0
26535,363, 2
26536,404, 12
26537,411, 22
26538,409, 25
26539,414, 27
26540,407, 28
26541,411, 31
26542,421, 29
26543,449, 39
26544,461, 43
26545,463, 44
26546,465, 51
26547,457, 53
26548,454, 51
26549,442, 50
26550,428, 45
26551,425, 41
26552,403, 37
26553,371, 26
26554,338, 17
26555,289, 5
26556,189, 0
26557,102, 0
26558,63, 0
26559,50, 0
26560,68, 0
26561,96, 0
26562,100, 0
26563,89, 0
26564,69, 0
26565,38, 0
26566,19, 0
26567,2, 0
26568,0, 0
26569,12, 0
26570,25, 0
26571,44, 0
26572,56, 0
26573,69, 0
26574,80, 0
26575,90, 0
26576,85, 0
26577,83, 0
26578,97, 0
26579,118, 0
26580,97, 0
26581,70, 0
26582,44, 0
26583,25, 0
26584,24, 0
26585,11, 0
26586,51, 0
26587,79, 0
26588,78, 0
26589,40, 0
26590,4, 0
26591,83, 0
26592,211, 0
26593,283, 0
26594,308, 0
26595,331, 0
26596,363, 1
26597,376, 9
26598,388, 12
26599,402, 20
26600,408, 25
26601,439, 31
26602,401, 31
26603,434, 34
26604,461, 40
26605,454, 47
26606,441, 44
26607,437, 44
26608,420, 44
26609,403, 35
26610,390, 29
26611,368, 21
26612,343, 12
26613,334, 7
26614,309, 2
26615,287, 0
26616,244, 0
26617,137, 0
26618,68, 0
26619,50, 0
26620,55, 0
26621,70, 0
26622,92, 0
26623,105, 0
26624,92, 0
26625,71, 0
26626,39, 0
26627,11, 0
26628,0, 0
26629,2, 0
26630,29, 0
26631,36, 0
26632,44, 0
26633,62, 0
26634,83, 0
26635,93, 0
26636,93, 0
26637,83, 0
26638,97, 0
26639,102, 0
26640,94, 0
26641,91, 0
26642,63, 0
26643,48, 0
26644,31, 0
26645,27, 0
26646,18, 0
26647,54, 0
26648,87, 0
26649,76, 0
26650,38, 0
26651,3, 0
26652,101, 0
26653,206, 0
26654,259, 0
26655,295, 0
26656,321, 0
26657,343, 0
26658,357, 5
26659,389, 11
26660,402, 19
26661,411, 25
26662,420, 31
26663,428, 34
26664,438, 38
26665,455, 42
26666,452, 44
26667,447, 44
26668,447, 44
26669,428, 43
26670,415, 39
26671,403, 35
26672,387, 26
26673,348, 17
26674,338, 10
26675,315, 2
26676,299, 0
26677,248, 0
26678,128, 0
26679,70, 0
26680,57, 0
26681,44, 0
26682,61, 0
26683,110, 0
26684,115, 0
26685,104, 0
26686,81, 0
26687,53, 0
26688,15, 0
26689,0, 0
26690,0, 0
26691,15, 0
26692,26, 0
26693,41, 0
26694,57, 0
26695,70, 0
26696,86, 0
26697,85, 0
26698,84, 0
26699,88, 0
26700,108, 0
26701,106, 0
26702,89, 0
26703,71, 0
26704,51, 0
26705,29, 0
26706,22, 0
26707,6, 0
26708,51, 0
26709,83, 0
26710,68, 0
26711,21, 0
26712,5, 0
26713,113, 0
26714,231, 0
26715,291, 0
26716,309, 0
26717,324, 0
26718,332, 0
26719,369, 4
26720,402, 12
26721,408, 25
26722,415, 26
26723,428, 34
26724,436, 38
26725,444, 38
26726,458, 42
26727,466, 45
26728,458, 48
26729,452, 50
26730,432, 46
26731,415, 38
26732,400, 35
26733,379, 26
26734,348, 17
26735,337, 10
26736,306, 2
26737,296, 0
26738,244, 0
26739,137, 0
26740,70, 0
26741,63, 0
26742,61, 0
26743,92, 0
26744,115, 0
26745,115, 0
26746,95, 0
26747,76, 0
26748,43, 0
26749,13, 0
26750,0, 0
26751,1, 0
26752,18, 0
26753,31, 0
26754,44, 0
26755,65, 0
26756,72, 0
26757,91, 0
26758,91, 0
26759,81, 0
26760,96, 0
26761,115, 0
26762,107, 0
26763,91, 0
26764,76, 0
26765,57, 0
26766,44, 0
26767,32, 0
26768,22, 0
26769,65, 0
26770,89, 0
26771,81, 0
26772,42, 0
26773,6, 0
26774,89, 0
26775,211, 0
26776,270, 0
26777,308, 0
26778,342, 0
26779,369, 1
26780,382, 9
26781,416, 21
26782,419, 28
26783,427, 31
26784,434, 36
26785,462, 42
26786,469, 46
26787,487, 55
26788,481, 58
26789,469, 58
26790,466, 55
26791,449, 51
26792,437, 44
26793,414, 40
26794,382, 30
26795,361, 21
26796,341, 12
26797,324, 6
26798,295, 0
26799,240, 0
26800,136, 0
26801,62, 0
26802,71, 0
26803,52, 0
26804,89, 0
26805,118, 0
26806,124, 0
26807,108, 0
26808,88, 0
26809,51, 0
26810,7, 0
26811,0, 0
26812,6, 0
26813,28, 0
26814,38, 0
26815,55, 0
26816,71, 0
26817,83, 0
26818,100, 0
26819,100, 0
26820,91, 0
26821,102, 0
26822,113, 0
26823,107, 0
26824,103, 0
26825,87, 0
26826,79, 0
26827,59, 0
26828,47, 0
26829,43, 0
26830,96, 0
26831,104, 0
26832,83, 0
26833,34, 0
26834,6, 0
26835,121, 0
26836,226, 0
26837,287, 0
26838,330, 0
26839,368, 2
26840,405, 12
26841,457, 28
26842,497, 51
26843,514, 67
26844,524, 76
26845,512, 79
26846,510, 78
26847,488, 73
26848,468, 64
26849,427, 47
26850,406, 35
26851,401, 29
26852,373, 24
26853,347, 14
26854,315, 2
26855,248, 0
26856,206, 0
26857,189, 0
26858,183, 0
26859,204, 0
26860,176, 0
26861,109, 0
26862,69, 0
26863,72, 0
26864,86, 0
26865,125, 0
26866,176, 0
26867,166, 0
26868,151, 0
26869,126, 0
26870,96, 0
26871,62, 0
26872,25, 0
26873,1, 0
26874,1, 0
26875,21, 0
26876,46, 0
26877,73, 0
26878,75, 0
26879,72, 0
26880,67, 0
26881,79, 0
26882,92, 0
26883,121, 0
26884,121, 0
26885,99, 0
26886,72, 0
26887,51, 0
26888,13, 0
26889,4, 0
26890,9, 0
26891,62, 0
26892,92, 0
26893,94, 0
26894,57, 0
26895,7, 0
26896,89, 0
26897,204, 0
26898,257, 0
26899,291, 0
26900,318, 0
26901,341, 0
26902,375, 4
26903,404, 17
26904,421, 25
26905,446, 37
26906,469, 44
26907,484, 56
26908,501, 62
26909,522, 70
26910,518, 79
26911,509, 76
26912,487, 71
26913,457, 63
26914,436, 52
26915,419, 43
26916,398, 34
26917,367, 25
26918,331, 12
26919,285, 0
26920,259, 0
26921,185, 0
26922,103, 0
26923,58, 0
26924,59, 0
26925,74, 0
26926,108, 0
26927,134, 0
26928,123, 0
26929,93, 0
26930,61, 0
26931,26, 0
26932,0, 0
26933,0, 0
26934,17, 0
26935,38, 0
26936,62, 0
26937,67, 0
26938,78, 0
26939,86, 0
26940,93, 0
26941,94, 0
26942,89, 0
26943,100, 0
26944,122, 0
26945,110, 0
26946,96, 0
26947,75, 0
26948,46, 0
26949,29, 0
26950,20, 0
26951,19, 0
26952,67, 0
26953,92, 0
26954,60, 0
26955,19, 0
26956,14, 0
26957,138, 0
26958,240, 0
26959,286, 0
26960,313, 0
26961,333, 0
26962,345, 0
26963,371, 3
26964,401, 13
26965,402, 21
26966,428, 27
26967,418, 30
26968,436, 37
26969,451, 41
26970,465, 48
26971,450, 48
26972,447, 46
26973,457, 48
26974,424, 44
26975,409, 35
26976,380, 29
26977,361, 22
26978,348, 11
26979,337, 6
26980,308, 3
26981,282, 0
26982,216, 0
26983,115, 0
26984,57, 0
26985,50, 0
26986,42, 0
26987,79, 0
26988,108, 0
26989,97, 0
26990,87, 0
26991,55, 0
26992,27, 0
26993,1, 0
26994,0, 0
26995,6, 0
26996,24, 0
26997,38, 0
26998,51, 0
26999,73, 0
27000,76, 0
27001,93, 0
27002,97, 0
27003,95, 0
27004,102, 0
27005,126, 0
27006,115, 0
27007,96, 0
27008,75, 0
27009,53, 0
27010,28, 0
27011,13, 0
27012,15, 0
27013,59, 0
27014,75, 0
27015,44, 0
27016,6, 0
27017,31, 0
27018,152, 0
27019,254, 0
27020,297, 0
27021,330, 0
27022,356, 1
27023,375, 5
27024,403, 17
27025,430, 27
27026,427, 34
27027,438, 38
27028,456, 44
27029,461, 50
27030,465, 48
27031,490, 55
27032,476, 59
27033,467, 59
27034,466, 57
27035,445, 54
27036,425, 45
27037,404, 38
27038,371, 29
27039,355, 19
27040,356, 12
27041,318, 6
27042,290, 0
27043,223, 0
27044,113, 0
27045,65, 0
27046,60, 0
27047,62, 0
27048,90, 0
27049,124, 0
27050,116, 0
27051,93, 0
27052,68, 0
27053,31, 0
27054,6, 0
27055,0, 0
27056,6, 0
27057,27, 0
27058,38, 0
27059,56, 0
27060,72, 0
27061,81, 0
27062,93, 0
27063,89, 0
27064,89, 0
27065,104, 0
27066,117, 0
27067,102, 0
27068,80, 0
27069,73, 0
27070,36, 0
27071,26, 0
27072,14, 0
27073,24, 0
27074,51, 0
27075,74, 0
27076,45, 0
27077,10, 0
27078,34, 0
27079,164, 0
27080,247, 0
27081,296, 0
27082,314, 0
27083,349, 0
27084,373, 4
27085,388, 12
27086,411, 25
27087,415, 26
27088,433, 31
27089,424, 37
27090,434, 38
27091,449, 41
27092,450, 44
27093,453, 45
27094,450, 45
27095,439, 44
27096,416, 39
27097,407, 34
27098,382, 27
27099,346, 19
27100,328, 8
27101,319, 3
27102,295, 0
27103,264, 0
27104,183, 0
27105,95, 0
27106,48, 0
27107,38, 0
27108,43, 0
27109,81, 0
27110,127, 0
27111,103, 0
27112,68, 0
27113,44, 0
27114,13, 0
27115,0, 0
27116,1, 0
27117,21, 0
27118,44, 0
27119,75, 0
27120,70, 0
27121,91, 0
27122,96, 0
27123,102, 0
27124,107, 0
27125,109, 0
27126,121, 0
27127,134, 0
27128,120, 0
27129,99, 0
27130,76, 0
27131,55, 0
27132,35, 0
27133,19, 0
27134,51, 0
27135,80, 0
27136,89, 0
27137,43, 0
27138,5, 0
27139,48, 0
27140,173, 0
27141,270, 0
27142,300, 0
27143,337, 0
27144,352, 0
27145,371, 6
27146,403, 15
27147,420, 27
27148,430, 30
27149,427, 38
27150,437, 39
27151,440, 40
27152,457, 44
27153,462, 51
27154,481, 51
27155,468, 51
27156,456, 54
27157,439, 51
27158,411, 43
27159,417, 38
27160,362, 25
27161,348, 13
27162,334, 8
27163,307, 3
27164,276, 0
27165,197, 0
27166,100, 0
27167,59, 0
27168,53, 0
27169,53, 0
27170,97, 0
27171,127, 0
27172,108, 0
27173,87, 0
27174,61, 0
27175,28, 0
27176,1, 0
27177,0, 0
27178,9, 0
27179,30, 0
27180,40, 0
27181,54, 0
27182,74, 0
27183,94, 0
27184,85, 0
27185,94, 0
27186,92, 0
27187,103, 0
27188,118, 0
27189,106, 0
27190,84, 0
27191,68, 0
27192,36, 0
27193,19, 0
27194,10, 0
27195,41, 0
27196,70, 0
27197,71, 0
27198,32, 0
27199,1, 0
27200,52, 0
27201,183, 0
27202,277, 0
27203,302, 0
27204,331, 0
27205,361, 2
27206,379, 6
27207,409, 19
27208,424, 29
27209,430, 32
27210,457, 41
27211,458, 46
27212,463, 48
27213,473, 52
27214,483, 57
27215,477, 57
27216,455, 52
27217,441, 51
27218,416, 45
27219,400, 35
27220,373, 26
27221,347, 12
27222,330, 7
27223,316, 1
27224,290, 0
27225,258, 0
27226,158, 0
27227,76, 0
27228,38, 0
27229,28, 0
27230,40, 0
27231,80, 0
27232,105, 0
27233,94, 0
27234,72, 0
27235,41, 0
27236,13, 0
27237,0, 0
27238,2, 0
27239,20, 0
27240,42, 0
27241,56, 0
27242,76, 0
27243,85, 0
27244,94, 0
27245,102, 0
27246,99, 0
27247,96, 0
27248,115, 0
27249,126, 0
27250,121, 0
27251,80, 0
27252,57, 0
27253,38, 0
27254,3, 0
27255,0, 0
27256,6, 0
27257,57, 0
27258,67, 0
27259,44, 0
27260,12, 0
27261,47, 0
27262,186, 0
27263,257, 0
27264,301, 0
27265,334, 0
27266,362, 2
27267,384, 6
27268,415, 20
27269,430, 31
27270,431, 35
27271,439, 44
27272,446, 43
27273,440, 42
27274,457, 47
27275,463, 48
27276,461, 51
27277,454, 48
27278,436, 45
27279,419, 40
27280,402, 35
27281,384, 26
27282,359, 20
27283,338, 12
27284,326, 4
27285,301, 0
27286,276, 0
27287,190, 0
27288,115, 0
27289,78, 0
27290,88, 0
27291,95, 0
27292,133, 0
27293,152, 0
27294,134, 0
27295,115, 0
27296,94, 0
27297,67, 0
27298,27, 0
27299,1, 0
27300,0, 0
27301,19, 0
27302,31, 0
27303,56, 0
27304,83, 0
27305,105, 0
27306,118, 0
27307,121, 0
27308,130, 0
27309,135, 0
27310,147, 0
27311,121, 0
27312,104, 0
27313,87, 0
27314,59, 0
27315,32, 0
27316,24, 0
27317,50, 0
27318,86, 0
27319,71, 0
27320,27, 0
27321,2, 0
27322,70, 0
27323,196, 0
27324,285, 0
27325,317, 0
27326,337, 0
27327,362, 5
27328,390, 11
27329,419, 21
27330,438, 31
27331,435, 37
27332,450, 40
27333,456, 46
27334,458, 47
27335,473, 51
27336,478, 55
27337,465, 55
27338,464, 53
27339,458, 53
27340,437, 50
27341,416, 42
27342,391, 36
27343,361, 23
27344,345, 13
27345,326, 5
27346,314, 1
27347,264, 0
27348,170, 0
27349,84, 0
27350,51, 0
27351,53, 0
27352,58, 0
27353,96, 0
27354,121, 0
27355,100, 0
27356,83, 0
27357,65, 0
27358,24, 0
27359,0, 0
27360,0, 0
27361,6, 0
27362,20, 0
27363,22, 0
27364,32, 0
27365,50, 0
27366,54, 0
27367,67, 0
27368,76, 0
27369,91, 0
27370,124, 0
27371,134, 0
27372,132, 0
27373,129, 0
27374,123, 0
27375,101, 0
27376,87, 0
27377,76, 0
27378,84, 0
27379,112, 0
27380,96, 0
27381,55, 0
27382,14, 0
27383,51, 0
27384,177, 0
27385,258, 0
27386,275, 0
27387,322, 0
27388,356, 0
27389,388, 6
27390,411, 19
27391,427, 27
27392,430, 31
27393,453, 41
27394,453, 44
27395,467, 45
27396,490, 57
27397,505, 63
27398,497, 69
27399,498, 71
27400,481, 69
27401,455, 56
27402,431, 48
27403,405, 42
27404,373, 27
27405,344, 17
27406,326, 6
27407,299, 1
27408,267, 0
27409,155, 0
27410,92, 0
27411,35, 0
27412,17, 0
27413,21, 0
27414,57, 0
27415,79, 0
27416,81, 0
27417,64, 0
27418,45, 0
27419,14, 0
27420,0, 0
27421,0, 0
27422,13, 0
27423,37, 0
27424,56, 0
27425,81, 0
27426,91, 0
27427,85, 0
27428,91, 0
27429,89, 0
27430,93, 0
27431,116, 0
27432,133, 0
27433,108, 0
27434,88, 0
27435,63, 0
27436,40, 0
27437,20, 0
27438,22, 0
27439,53, 0
27440,109, 0
27441,95, 0
27442,59, 0
27443,12, 0
27444,62, 0
27445,183, 0
27446,263, 0
27447,318, 0
27448,344, 0
27449,385, 6
27450,409, 13
27451,431, 28
27452,442, 38
27453,437, 38
27454,453, 44
27455,452, 46
27456,458, 45
27457,483, 51
27458,480, 60
27459,485, 59
27460,487, 64
27461,477, 63
27462,456, 57
27463,447, 51
27464,423, 44
27465,401, 36
27466,391, 30
27467,378, 24
27468,344, 13
27469,294, 4
27470,189, 0
27471,85, 0
27472,74, 0
27473,72, 0
27474,106, 0
27475,150, 0
27476,152, 0
27477,116, 0
27478,96, 0
27479,57, 0
27480,11, 0
27481,0, 0
27482,25, 0
27483,64, 0
27484,92, 0
27485,111, 0
27486,133, 0
27487,152, 0
27488,152, 0
27489,149, 0
27490,141, 0
27491,145, 0
27492,158, 0
27493,160, 0
27494,138, 0
27495,116, 0
27496,86, 0
27497,62, 0
27498,35, 0
27499,37, 0
27500,74, 0
27501,103, 0
27502,108, 0
27503,64, 0
27504,13, 0
27505,65, 0
27506,189, 0
27507,271, 0
27508,294, 0
27509,326, 0
27510,360, 1
27511,389, 11
27512,420, 22
27513,432, 31
27514,433, 36
27515,439, 42
27516,447, 44
27517,446, 42
27518,461, 47
27519,472, 50
27520,456, 50
27521,480, 54
27522,468, 58
27523,456, 53
27524,452, 54
27525,431, 50
27526,417, 42
27527,411, 39
27528,396, 31
27529,381, 25
27530,316, 13
27531,219, 0
27532,132, 0
27533,140, 0
27534,127, 0
27535,141, 0
27536,166, 0
27537,157, 0
27538,121, 0
27539,78, 0
27540,43, 0
27541,6, 0
27542,1, 0
27543,35, 0
27544,75, 0
27545,102, 0
27546,140, 0
27547,157, 0
27548,175, 0
27549,185, 0
27550,187, 0
27551,158, 0
27552,139, 0
27553,175, 0
27554,164, 0
27555,148, 0
27556,124, 0
27557,102, 0
27558,75, 0
27559,46, 0
27560,51, 0
27561,74, 0
27562,95, 0
27563,92, 0
27564,58, 0
27565,13, 0
27566,63, 0
27567,174, 0
27568,232, 0
27569,254, 0
27570,283, 0
27571,312, 0
27572,333, 0
27573,362, 1
27574,373, 9
27575,381, 11
27576,394, 19
27577,407, 22
27578,411, 25
27579,428, 30
27580,420, 35
27581,416, 31
27582,419, 31
27583,417, 32
27584,417, 32
27585,419, 36
27586,415, 37
27587,410, 32
27588,416, 32
27589,416, 36
27590,404, 32
27591,363, 25
27592,275, 9
27593,214, 0
27594,200, 0
27595,185, 0
27596,210, 0
27597,234, 0
27598,218, 0
27599,176, 0
27600,125, 0
27601,68, 0
27602,12, 0
27603,0, 0
27604,13, 0
27605,34, 0
27606,44, 0
27607,68, 0
27608,42, 0
27609,54, 0
27610,30, 0
27611,17, 0
27612,1, 0
27613,0, 0
27614,6, 0
27615,11, 0
27616,1, 0
27617,0, 0
27618,0, 0
27619,0, 0
27620,0, 0
27621,2, 0
27622,58, 0
27623,100, 0
27624,108, 0
27625,85, 0
27626,30, 0
27627,50, 0
27628,176, 0
27629,244, 0
27630,278, 0
27631,334, 0
27632,385, 3
27633,398, 12
27634,420, 20
27635,409, 27
27636,403, 25
27637,413, 28
27638,430, 32
27639,442, 38
27640,456, 43
27641,452, 50
27642,452, 44
27643,442, 44
27644,420, 39
27645,410, 34
27646,380, 26
27647,348, 20
27648,325, 6
27649,319, 1
27650,292, 0
27651,275, 0
27652,213, 0
27653,111, 0
27654,36, 0
27655,24, 0
27656,29, 0
27657,51, 0
27658,85, 0
27659,85, 0
27660,73, 0
27661,46, 0
27662,32, 0
27663,9, 0
27664,0, 0
27665,0, 0
27666,0, 0
27667,15, 0
27668,32, 0
27669,70, 0
27670,97, 0
27671,113, 0
27672,117, 0
27673,92, 0
27674,81, 0
27675,83, 0
27676,57, 0
27677,44, 0
27678,35, 0
27679,32, 0
27680,34, 0
27681,53, 0
27682,86, 0
27683,152, 0
27684,204, 0
27685,202, 0
27686,167, 0
27687,92, 0
27688,14, 0
27689,111, 0
27690,202, 0
27691,256, 0
27692,305, 0
27693,329, 0
27694,383, 6
27695,415, 15
27696,430, 30
27697,439, 35
27698,464, 42
27699,473, 51
27700,484, 57
27701,508, 64
27702,505, 70
27703,507, 71
27704,514, 74
27705,499, 75
27706,475, 70
27707,442, 58
27708,405, 47
27709,378, 34
27710,363, 23
27711,327, 10
27712,296, 1
27713,202, 0
27714,61, 0
27715,0, 0
27716,0, 0
27717,0, 0
27718,13, 0
27719,74, 0
27720,107, 0
27721,122, 0
27722,133, 0
27723,123, 0
27724,115, 0
27725,101, 0
27726,97, 0
27727,103, 0
27728,102, 0
27729,121, 0
27730,77, 0
27731,57, 0
27732,25, 0
27733,0, 0
27734,2, 0
27735,55, 0
27736,132, 0
27737,177, 0
27738,190, 0
27739,189, 0
27740,170, 0
27741,147, 0
27742,127, 0
27743,118, 0
27744,147, 0
27745,160, 0
27746,138, 0
27747,95, 0
27748,31, 0
27749,46, 0
27750,171, 0
27751,258, 0
27752,305, 0
27753,361, 0
27754,377, 6
27755,370, 8
27756,347, 7
27757,325, 1
27758,318, 0
27759,356, 2
27760,398, 9
27761,418, 25
27762,413, 28
27763,369, 23
27764,334, 9
27765,332, 3
27766,342, 3
27767,361, 6
27768,368, 11
27769,368, 14
27770,367, 12
27771,330, 10
27772,300, 1
27773,243, 0
27774,134, 0
27775,22, 0
27776,13, 0
27777,40, 0
27778,59, 0
27779,34, 0
27780,1, 0
27781,0, 0
27782,0, 0
27783,0, 0
27784,4, 0
27785,12, 0
27786,9, 0
27787,0, 0
27788,0, 0
27789,5, 0
27790,30, 0
27791,0, 0
27792,21, 0
27793,27, 0
27794,38, 0
27795,47, 0
27796,62, 0
27797,71, 0
27798,79, 0
27799,68, 0
27800,50, 0
27801,17, 0
27802,0, 0
27803,0, 0
27804,0, 0
27805,0, 0
27806,6, 0
27807,0, 0
27808,22, 0
27809,92, 0
27810,207, 0
27811,306, 0
27812,337, 0
27813,388, 5
27814,457, 25
27815,529, 52
27816,586, 83
27817,614, 108
27818,636, 122
27819,608, 127
27820,579, 122
27821,551, 108
27822,517, 93
27823,504, 85
27824,469, 72
27825,458, 61
27826,426, 52
27827,391, 38
27828,339, 20
27829,298, 6
27830,291, 0
27831,337, 0
27832,405, 12
27833,452, 31
27834,464, 44
27835,388, 42
27836,259, 11
27837,150, 0
27838,52, 0
27839,4, 0
27840,0, 0
27841,31, 0
27842,83, 0
27843,112, 0
27844,145, 0
27845,133, 0
27846,87, 0
27847,19, 0
27848,3, 0
27849,58, 0
27850,130, 0
27851,202, 0
27852,257, 0
27853,280, 0
27854,263, 0
27855,223, 0
27856,159, 0
27857,81, 0
27858,15, 0
27859,147, 0
27860,307, 0
27861,391, 6
27862,370, 19
27863,248, 6
27864,96, 0
27865,51, 0
27866,183, 0
27867,263, 0
27868,271, 0
27869,248, 0
27870,152, 0
27871,36, 0
27872,0, 0
27873,0, 0
27874,23, 0
27875,78, 0
27876,121, 0
27877,135, 0
27878,148, 0
27879,150, 0
27880,195, 0
27881,291, 0
27882,407, 4
27883,525, 34
27884,629, 84
27885,666, 120
27886,689, 139
27887,695, 157
27888,695, 164
27889,688, 165
27890,644, 160
27891,555, 136
27892,457, 95
27893,349, 57
27894,260, 13
27895,196, 0
27896,127, 0
27897,40, 0
27898,6, 0
27899,1, 0
27900,44, 0
27901,51, 0
27902,90, 0
27903,132, 0
27904,144, 0
27905,116, 0
27906,57, 0
27907,12, 0
27908,0, 0
27909,11, 0
27910,38, 0
27911,93, 0
27912,158, 0
27913,187, 0
27914,215, 0
27915,210, 0
27916,188, 0
27917,171, 0
27918,155, 0
27919,129, 0
27920,83, 0
27921,17, 0
27922,12, 0
27923,84, 0
27924,161, 0
27925,226, 0
27926,253, 0
27927,253, 0
27928,283, 0
27929,338, 0
27930,385, 11
27931,438, 26
27932,478, 44
27933,477, 59
27934,403, 47
27935,300, 21
27936,164, 0
27937,29, 0
27938,19, 0
27939,25, 0
27940,6, 0
27941,119, 0
27942,277, 0
27943,401, 1
27944,480, 21
27945,485, 46
27946,407, 43
27947,299, 13
27948,197, 0
27949,135, 0
27950,141, 0
27951,207, 0
27952,322, 0
27953,470, 12
27954,625, 70
27955,749, 129
27956,826, 183
27957,828, 216
27958,766, 219
27959,726, 207
27960,630, 183
27961,546, 148
27962,479, 113
27963,481, 91
27964,438, 76
27965,349, 45
27966,183, 6
27967,34, 0
27968,231, 0
27969,447, 10
27970,619, 65
27971,745, 136
27972,770, 184
27973,653, 186
27974,432, 134
27975,185, 48
27976,67, 0
27977,220, 0
27978,257, 0
27979,156, 0
27980,20, 0
27981,68, 0
27982,172, 0
27983,311, 0
27984,441, 15
27985,542, 57
27986,566, 90
27987,558, 99
27988,513, 97
27989,404, 75
27990,221, 21
27991,34, 0
27992,208, 0
27993,442, 5
27994,532, 43
27995,442, 59
27996,226, 18
27997,37, 0
27998,76, 0
27999,138, 0
28000,122, 0
28001,67, 0
28002,13, 0
28003,139, 0
28004,324, 0
28005,522, 17
28006,718, 91
28007,871, 166
28008,948, 229
28009,934, 263
28010,810, 260
28011,678, 218
28012,496, 158
28013,359, 83
28014,282, 25
28015,232, 0
28016,137, 0
28017,72, 0
28018,5, 0
28019,3, 0
28020,107, 0
28021,313, 0
28022,558, 26
28023,702, 100
28024,717, 155
28025,578, 150
28026,386, 97
28027,230, 30
28028,190, 0
28029,170, 0
28030,83, 0
28031,55, 0
28032,254, 0
28033,408, 4
28034,446, 32
28035,452, 51
28036,391, 48
28037,268, 20
28038,129, 0
28039,29, 0
28040,0, 0
28041,11, 0
28042,92, 0
28043,237, 0
28044,403, 3
28045,524, 43
28046,554, 80
28047,542, 95
28048,524, 95
28049,483, 89
28050,428, 69
28051,359, 42
28052,286, 14
28053,254, 0
28054,255, 0
28055,226, 0
28056,132, 0
28057,30, 0
28058,88, 0
28059,282, 0
28060,468, 7
28061,607, 62
28062,666, 109
28063,576, 121
28064,394, 83
28065,155, 12
28066,92, 0
28067,351, 0
28068,527, 21
28069,648, 80
28070,712, 129
28071,700, 153
28072,621, 152
28073,487, 121
28074,319, 63
28075,127, 6
28076,35, 0
28077,154, 0
28078,238, 0
28079,362, 0
28080,407, 12
28081,360, 18
28082,235, 1
28083,88, 0
28084,43, 0
28085,164, 0
28086,193, 0
28087,139, 0
28088,25, 0
28089,72, 0
28090,165, 0
28091,201, 0
28092,173, 0
28093,127, 0
28094,47, 0
28095,7, 0
28096,80, 0
28097,207, 0
28098,294, 0
28099,339, 0
28100,348, 8
28101,284, 4
28102,213, 0
28103,138, 0
28104,60, 0
28105,13, 0
28106,113, 0
28107,220, 0
28108,292, 0
28109,357, 0
28110,344, 6
28111,244, 2
28112,83, 0
28113,50, 0
28114,264, 0
28115,456, 6
28116,570, 56
28117,635, 99
28118,657, 128
28119,643, 138
28120,521, 121
28121,333, 64
28122,164, 6
28123,60, 0
28124,25, 0
28125,25, 0
28126,18, 0
28127,21, 0
28128,40, 0
28129,92, 0
28130,164, 0
28131,207, 0
28132,210, 0
28133,185, 0
28134,171, 0
28135,152, 0
28136,151, 0
28137,153, 0
28138,151, 0
28139,148, 0
28140,53, 0
28141,7, 0
28142,26, 0
28143,6, 0
28144,60, 0
28145,207, 0
28146,344, 0
28147,413, 11
28148,382, 24
28149,277, 12
28150,171, 0
28151,106, 0
28152,86, 0
28153,142, 0
28154,247, 0
28155,342, 0
28156,418, 19
28157,437, 40
28158,367, 38
28159,263, 12
28160,157, 0
28161,92, 0
28162,54, 0
28163,24, 0
28164,0, 0
28165,44, 0
28166,96, 0
28167,95, 0
28168,52, 0
28169,9, 0
28170,25, 0
28171,45, 0
28172,26, 0
28173,19, 0
28174,160, 0
28175,379, 0
28176,592, 40
28177,758, 116
28178,853, 183
28179,883, 227
28180,816, 240
28181,717, 219
28182,594, 176
28183,531, 131
28184,535, 106
28185,625, 109
28186,749, 147
28187,865, 193
28188,927, 238
28189,914, 264
28190,814, 257
28191,642, 213
28192,424, 137
28193,202, 44
28194,35, 0
28195,77, 0
28196,117, 0
28197,67, 0
28198,6, 0
28199,90, 0
28200,195, 0
28201,220, 0
28202,248, 0
28203,285, 0
28204,299, 0
28205,300, 0
28206,274, 0
28207,187, 0
28208,77, 0
28209,8, 0
28210,0, 0
28211,14, 0
28212,34, 0
28213,51, 0
28214,69, 0
28215,64, 0
28216,18, 0
28217,12, 0
28218,103, 0
28219,223, 0
28220,318, 0
28221,399, 9
28222,411, 29
28223,352, 29
28224,269, 12
28225,151, 0
28226,26, 0
28227,169, 0
28228,409, 4
28229,614, 57
28230,734, 127
28231,801, 180
28232,792, 208
28233,724, 207
28234,622, 181
28235,493, 136
28236,283, 63
28237,62, 3
28238,78, 0
28239,219, 0
28240,340, 0
28241,420, 6
28242,478, 31
28243,446, 40
28244,406, 35
28245,390, 29
28246,387, 23
28247,387, 23
28248,364, 17
28249,338, 6
28250,307, 0
28251,257, 0
28252,220, 0
28253,210, 0
28254,246, 0
28255,349, 0
28256,487, 20
28257,642, 73
28258,830, 148
28259,1048, 236
28260,1223, 318
28261,1224, 368
28262,999, 364
28263,644, 285
28264,295, 148
28265,45, 17
28266,200, 0
28267,311, 0
28268,414, 8
28269,480, 39
28270,517, 64
28271,538, 85
28272,517, 93
28273,446, 79
28274,355, 54
28275,300, 25
28276,312, 9
28277,371, 12
28278,408, 27
28279,413, 38
28280,355, 32
28281,230, 8
28282,57, 0
28283,52, 0
28284,202, 0
28285,326, 0
28286,395, 10
28287,420, 31
28288,437, 44
28289,439, 51
28290,442, 56
28291,455, 57
28292,423, 55
28293,352, 36
28294,210, 5
28295,53, 0
28296,5, 0
28297,1, 0
28298,100, 0
28299,253, 0
28300,379, 0
28301,439, 17
28302,411, 30
28303,242, 11
28304,62, 0
28305,348, 0
28306,569, 29
28307,618, 83
28308,452, 83
28309,136, 17
28310,139, 0
28311,370, 0
28312,503, 21
28313,570, 62
28314,576, 90
28315,526, 95
28316,446, 72
28317,347, 44
28318,275, 9
28319,224, 0
28320,218, 0
28321,181, 0
28322,78, 0
28323,73, 0
28324,234, 0
28325,312, 0
28326,290, 0
28327,150, 0
28328,45, 0
28329,251, 0
28330,485, 13
28331,651, 77
28332,734, 141
28333,737, 180
28334,613, 173
28335,376, 117
28336,83, 22
28337,173, 0
28338,403, 2
28339,518, 43
28340,505, 75
28341,387, 63
28342,223, 21
28343,53, 0
28344,30, 0
28345,101, 0
28346,113, 0
28347,51, 0
28348,7, 0
28349,87, 0
28350,139, 0
28351,136, 0
28352,91, 0
28353,95, 0
28354,79, 0
28355,23, 0
28356,0, 0
28357,18, 0
28358,130, 0
28359,274, 0
28360,399, 0
28361,460, 25
28362,454, 40
28363,411, 41
28364,373, 27
28365,346, 14
28366,325, 4
28367,313, 1
28368,311, 0
28369,300, 0
28370,306, 0
28371,361, 1
28372,425, 12
28373,497, 37
28374,547, 65
28375,523, 77
28376,472, 75
28377,458, 63
28378,462, 56
28379,519, 67
28380,551, 83
28381,525, 88
28382,413, 69
28383,217, 19
28384,45, 0
28385,164, 0
28386,283, 0
28387,321, 0
28388,301, 0
28389,201, 0
28390,94, 0
28391,4, 0
28392,58, 0
28393,115, 0
28394,120, 0
28395,108, 0
28396,118, 0
28397,139, 0
28398,156, 0
28399,152, 0
28400,121, 0
28401,45, 0
28402,5, 0
28403,2, 0
28404,12, 0
28405,7, 0
28406,0, 0
28407,10, 0
28408,8, 0
28409,0, 0
28410,70, 0
28411,198, 0
28412,327, 0
28413,453, 17
28414,481, 47
28415,490, 61
28416,456, 63
28417,372, 46
28418,282, 14
28419,226, 0
28420,182, 0
28421,173, 0
28422,204, 0
28423,241, 0
28424,252, 0
28425,192, 0
28426,72, 0
28427,3, 0
28428,2, 0
28429,11, 0
28430,6, 0
28431,0, 0
28432,21, 0
28433,69, 0
28434,108, 0
28435,122, 0
28436,96, 0
28437,57, 0
28438,17, 0
28439,1, 0
28440,1, 0
28441,0, 0
28442,29, 0
28443,116, 0
28444,185, 0
28445,215, 0
28446,257, 0
28447,277, 0
28448,241, 0
28449,177, 0
28450,118, 0
28451,38, 0
28452,0, 0
28453,0, 0
28454,3, 0
28455,43, 0
28456,73, 0
28457,92, 0
28458,97, 0
28459,96, 0
28460,127, 0
28461,167, 0
28462,208, 0
28463,239, 0
28464,217, 0
28465,174, 0
28466,99, 0
28467,92, 0
28468,111, 0
28469,135, 0
28470,121, 0
28471,86, 0
28472,38, 0
28473,3, 0
28474,19, 0
28475,147, 0
28476,299, 0
28477,338, 0
28478,312, 0
28479,196, 0
28480,35, 0
28481,120, 0
28482,266, 0
28483,374, 0
28484,447, 18
28485,493, 40
28486,516, 63
28487,535, 74
28488,562, 86
28489,592, 101
28490,594, 109
28491,542, 107
28492,463, 85
28493,408, 55
28494,379, 35
28495,355, 19
28496,315, 4
28497,262, 0
28498,226, 0
28499,214, 0
28500,200, 0
28501,159, 0
28502,133, 0
28503,141, 0
28504,177, 0
28505,169, 0
28506,107, 0
28507,51, 0
28508,47, 0
28509,79, 0
28510,160, 0
28511,236, 0
28512,270, 0
28513,249, 0
28514,196, 0
28515,124, 0
28516,11, 0
28517,51, 0
28518,132, 0
28519,157, 0
28520,161, 0
28521,151, 0
28522,118, 0
28523,121, 0
28524,115, 0
28525,84, 0
28526,70, 0
28527,83, 0
28528,64, 0
28529,9, 0
28530,53, 0
28531,125, 0
28532,97, 0
28533,15, 0
28534,155, 0
28535,286, 0
28536,383, 1
28537,403, 19
28538,342, 17
28539,227, 2
28540,63, 0
28541,63, 0
28542,186, 0
28543,266, 0
28544,326, 0
28545,382, 3
28546,441, 20
28547,513, 45
28548,591, 78
28549,679, 116
28550,730, 152
28551,747, 175
28552,758, 188
28553,773, 196
28554,782, 206
28555,759, 208
28556,666, 188
28557,495, 138
28558,287, 63
28559,141, 3
28560,111, 0
28561,171, 0
28562,240, 0
28563,270, 0
28564,254, 0
28565,203, 0
28566,120, 0
28567,81, 0
28568,119, 0
28569,229, 0
28570,300, 0
28571,348, 0
28572,294, 0
28573,196, 0
28574,91, 0
28575,11, 0
28576,0, 0
28577,7, 0
28578,32, 0
28579,70, 0
28580,83, 0
28581,31, 0
28582,12, 0
28583,121, 0
28584,259, 0
28585,359, 0
28586,399, 19
28587,364, 24
28588,261, 7
28589,139, 0
28590,19, 0
28591,87, 0
28592,198, 0
28593,269, 0
28594,309, 0
28595,307, 0
28596,241, 0
28597,92, 0
28598,20, 0
28599,125, 0
28600,163, 0
28601,69, 0
28602,124, 0
28603,323, 0
28604,423, 6
28605,421, 26
28606,385, 23
28607,315, 9
28608,261, 0
28609,237, 0
28610,244, 0
28611,319, 0
28612,415, 2
28613,527, 38
28614,607, 79
28615,671, 115
28616,725, 148
28617,805, 182
28618,864, 218
28619,878, 242
28620,838, 245
28621,740, 227
28622,607, 190
28623,446, 127
28624,253, 50
28625,51, 0
28626,109, 0
28627,308, 0
28628,411, 6
28629,418, 23
28630,365, 23
28631,233, 4
28632,90, 0
28633,1, 0
28634,65, 0
28635,155, 0
28636,220, 0
28637,258, 0
28638,252, 0
28639,195, 0
28640,149, 0
28641,96, 0
28642,25, 0
28643,0, 0
28644,44, 0
28645,103, 0
28646,139, 0
28647,110, 0
28648,94, 0
28649,63, 0
28650,44, 0
28651,38, 0
28652,27, 0
28653,6, 0
28654,7, 0
28655,84, 0
28656,123, 0
28657,40, 0
28658,89, 0
28659,273, 0
28660,389, 1
28661,433, 24
28662,371, 27
28663,228, 4
28664,72, 0
28665,38, 0
28666,193, 0
28667,355, 0
28668,488, 18
28669,597, 63
28670,642, 102
28671,625, 125
28672,556, 119
28673,438, 84
28674,290, 38
28675,108, 0
28676,14, 0
28677,74, 0
28678,76, 0
28679,25, 0
28680,12, 0
28681,108, 0
28682,198, 0
28683,263, 0
28684,295, 0
28685,295, 0
28686,276, 0
28687,262, 0
28688,228, 0
28689,163, 0
28690,137, 0
28691,110, 0
28692,90, 0
28693,92, 0
28694,102, 0
28695,127, 0
28696,137, 0
28697,128, 0
28698,94, 0
28699,50, 0
28700,38, 0
28701,51, 0
28702,44, 0
28703,31, 0
28704,159, 0
28705,280, 0
28706,344, 0
28707,309, 3
28708,218, 0
28709,115, 0
28710,30, 0
28711,0, 0
28712,21, 0
28713,25, 0
28714,6, 0
28715,1, 0
28716,12, 0
28717,25, 0
28718,56, 0
28719,99, 0
28720,118, 0
28721,87, 0
28722,29, 0
28723,35, 0
28724,174, 0
28725,276, 0
28726,331, 0
28727,367, 3
28728,398, 10
28729,442, 28
28730,531, 54
28731,631, 89
28732,696, 129
28733,712, 155
28734,673, 159
28735,578, 144
28736,446, 101
28737,312, 48
28738,220, 3
28739,228, 0
28740,289, 0
28741,372, 0
28742,452, 18
28743,533, 51
28744,590, 85
28745,594, 106
28746,545, 107
28747,445, 84
28748,327, 50
28749,135, 2
28750,12, 0
28751,5, 0
28752,12, 0
28753,14, 0
28754,20, 0
28755,96, 0
28756,241, 0
28757,368, 0
28758,447, 23
28759,453, 45
28760,348, 37
28761,145, 6
28762,44, 0
28763,232, 0
28764,380, 2
28765,498, 36
28766,563, 76
28767,583, 105
28768,536, 113
28769,456, 92
28770,380, 63
28771,308, 35
28772,232, 6
28773,154, 0
28774,75, 0
28775,13, 0
28776,1, 0
28777,47, 0
28778,115, 0
28779,147, 0
28780,176, 0
28781,253, 0
28782,349, 0
28783,393, 11
28784,455, 29
28785,486, 51
28786,438, 51
28787,331, 34
28788,214, 2
28789,142, 0
28790,143, 0
28791,169, 0
28792,216, 0
28793,268, 0
28794,324, 0
28795,420, 6
28796,555, 46
28797,692, 101
28798,781, 156
28799,800, 190
28800,698, 190
28801,501, 144
28802,273, 64
28803,69, 2
28804,2, 0
28805,18, 0
28806,5, 0
28807,0, 0
28808,24, 0
28809,85, 0
28810,107, 0
28811,144, 0
28812,226, 0
28813,296, 0
28814,343, 0
28815,352, 5
28816,296, 2
28817,200, 0
28818,105, 0
28819,46, 0
28820,38, 0
28821,57, 0
28822,84, 0
28823,108, 0
28824,108, 0
28825,76, 0
28826,56, 0
28827,13, 0
28828,26, 0
28829,116, 0
28830,210, 0
28831,262, 0
28832,254, 0
28833,145, 0
28834,39, 0
28835,0, 0
28836,0, 0
28837,25, 0
28838,95, 0
28839,147, 0
28840,205, 0
28841,216, 0
28842,156, 0
28843,74, 0
28844,15, 0
28845,14, 0
28846,72, 0
28847,124, 0
28848,190, 0
28849,285, 0
28850,386, 0
28851,409, 13
28852,403, 25
28853,365, 20
28854,313, 6
28855,266, 0
28856,270, 0
28857,305, 0
28858,353, 0
28859,391, 8
28860,424, 23
28861,458, 36
28862,494, 50
28863,522, 65
28864,548, 83
28865,546, 89
28866,527, 91
28867,476, 79
28868,413, 60
28869,354, 35
28870,276, 8
28871,213, 0
28872,161, 0
28873,189, 0
28874,245, 0
28875,264, 0
28876,248, 0
28877,165, 0
28878,73, 0
28879,11, 0
28880,1, 0
28881,54, 0
28882,106, 0
28883,180, 0
28884,263, 0
28885,338, 0
28886,360, 8
28887,317, 11
28888,189, 0
28889,27, 0
28890,127, 0
28891,281, 0
28892,406, 6
28893,510, 46
28894,576, 83
28895,527, 97
28896,419, 83
28897,276, 38
28898,188, 2
28899,153, 0
28900,138, 0
28901,164, 0
28902,132, 0
28903,22, 0
28904,108, 0
28905,207, 0
28906,242, 0
28907,197, 0
28908,95, 0
28909,50, 0
28910,64, 0
28911,122, 0
28912,154, 0
28913,169, 0
28914,177, 0
28915,200, 0
28916,226, 0
28917,277, 0
28918,353, 0
28919,431, 12
28920,484, 36
28921,533, 62
28922,587, 88
28923,645, 110
28924,653, 132
28925,601, 133
28926,499, 108
28927,403, 74
28928,329, 35
28929,280, 6
28930,262, 0
28931,220, 0
28932,133, 0
28933,52, 0
28934,2, 0
28935,2, 0
28936,60, 0
28937,189, 0
28938,234, 0
28939,271, 0
28940,254, 0
28941,163, 0
28942,57, 0
28943,1, 0
28944,39, 0
28945,58, 0
28946,86, 0
28947,119, 0
28948,126, 0
28949,106, 0
28950,102, 0
28951,89, 0
28952,127, 0
28953,159, 0
28954,166, 0
28955,126, 0
28956,35, 0
28957,41, 0
28958,152, 0
28959,233, 0
28960,257, 0
28961,188, 0
28962,24, 0
28963,133, 0
28964,273, 0
28965,299, 0
28966,212, 0
28967,46, 0
28968,61, 0
28969,158, 0
28970,214, 0
28971,237, 0
28972,287, 0
28973,327, 0
28974,362, 2
28975,361, 5
28976,368, 7
28977,385, 12
28978,439, 22
28979,548, 57
28980,688, 102
28981,788, 157
28982,860, 204
28983,848, 231
28984,757, 224
28985,572, 183
28986,330, 94
28987,115, 10
28988,15, 0
28989,25, 0
28990,104, 0
28991,208, 0
28992,237, 0
28993,144, 0
28994,42, 0
28995,6, 0
28996,25, 0
28997,113, 0
28998,237, 0
28999,327, 0
29000,361, 5
29001,283, 3
29002,170, 0
29003,54, 0
29004,13, 0
29005,89, 0
29006,129, 0
29007,153, 0
29008,156, 0
29009,119, 0
29010,44, 0
29011,2, 0
29012,58, 0
29013,89, 0
29014,30, 0
29015,10, 0
29016,91, 0
29017,134, 0
29018,156, 0
29019,191, 0
29020,215, 0
29021,263, 0
29022,246, 0
29023,218, 0
29024,127, 0
29025,30, 0
29026,239, 0
29027,512, 14
29028,788, 101
29029,1010, 207
29030,1095, 284
29031,1013, 318
29032,792, 286
29033,494, 200
29034,191, 73
29035,28, 0
29036,61, 0
29037,67, 0
29038,6, 0
29039,71, 0
29040,220, 0
29041,373, 0
29042,497, 23
29043,582, 64
29044,628, 101
29045,621, 119
29046,576, 121
29047,451, 95
29048,295, 42
29049,159, 2
29050,68, 0
29051,39, 0
29052,91, 0
29053,145, 0
29054,139, 0
29055,134, 0
29056,156, 0
29057,180, 0
29058,186, 0
29059,179, 0
29060,91, 0
29061,46, 0
29062,31, 0
29063,23, 0
29064,34, 0
29065,0, 0
29066,46, 0
29067,128, 0
29068,202, 0
29069,151, 0
29070,97, 0
29071,32, 0
29072,24, 0
29073,44, 0
29074,88, 0
29075,144, 0
29076,190, 0
29077,207, 0
29078,195, 0
29079,110, 0
29080,25, 0
29081,0, 0
29082,0, 0
29083,4, 0
29084,65, 0
29085,121, 0
29086,149, 0
29087,175, 0
29088,134, 0
29089,12, 0
29090,83, 0
29091,207, 0
29092,318, 0
29093,425, 6
29094,506, 38
29095,530, 64
29096,519, 78
29097,485, 72
29098,426, 57
29099,343, 31
29100,272, 2
29101,246, 0
29102,253, 0
29103,268, 0
29104,284, 0
29105,291, 0
29106,274, 0
29107,287, 0
29108,304, 0
29109,326, 0
29110,385, 6
29111,433, 22
29112,455, 38
29113,450, 47
29114,383, 39
29115,201, 6
29116,28, 0
29117,78, 0
29118,148, 0
29119,95, 0
29120,19, 0
29121,6, 0
29122,60, 0
29123,78, 0
29124,64, 0
29125,48, 0
29126,47, 0
29127,20, 0
29128,24, 0
29129,51, 0
29130,75, 0
29131,90, 0
29132,60, 0
29133,26, 0
29134,0, 0
29135,47, 0
29136,183, 0
29137,330, 0
29138,427, 12
29139,456, 43
29140,406, 46
29141,315, 26
29142,169, 2
29143,64, 0
29144,0, 0
29145,20, 0
29146,61, 0
29147,107, 0
29148,149, 0
29149,176, 0
29150,265, 0
29151,306, 0
29152,280, 0
29153,277, 0
29154,274, 0
29155,321, 0
29156,386, 4
29157,456, 24
29158,507, 45
29159,541, 71
29160,536, 85
29161,505, 77
29162,447, 70
29163,353, 38
29164,258, 6
29165,205, 0
29166,212, 0
29167,259, 0
29168,300, 0
29169,346, 0
29170,364, 2
29171,380, 11
29172,360, 14
29173,330, 6
29174,317, 3
29175,284, 0
29176,197, 0
29177,110, 0
29178,57, 0
29179,29, 0
29180,90, 0
29181,212, 0
29182,328, 0
29183,434, 12
29184,545, 54
29185,656, 102
29186,732, 151
29187,689, 171
29188,547, 155
29189,284, 87
29190,58, 5
29191,287, 0
29192,436, 13
29193,457, 44
29194,373, 44
29195,245, 13
29196,119, 0
29197,54, 0
29198,27, 0
29199,65, 0
29200,154, 0
29201,244, 0
29202,272, 0
29203,260, 0
29204,199, 0
29205,153, 0
29206,164, 0
29207,170, 0
29208,151, 0
29209,87, 0
29210,25, 0
29211,26, 0
29212,132, 0
29213,213, 0
29214,269, 0
29215,297, 0
29216,317, 0
29217,295, 0
29218,251, 0
29219,179, 0
29220,131, 0
29221,145, 0
29222,220, 0
29223,314, 0
29224,399, 3
29225,480, 30
29226,514, 55
29227,529, 73
29228,519, 79
29229,540, 85
29230,572, 94
29231,631, 111
29232,642, 130
29233,677, 145
29234,635, 145
29235,582, 135
29236,442, 104
29237,251, 39
29238,92, 0
29239,11, 0
29240,122, 0
29241,227, 0
29242,289, 0
29243,323, 0
29244,300, 0
29245,257, 0
29246,197, 0
29247,118, 0
29248,42, 0
29249,15, 0
29250,119, 0
29251,226, 0
29252,247, 0
29253,259, 0
29254,172, 0
29255,48, 0
29256,28, 0
29257,167, 0
29258,294, 0
29259,365, 3
29260,390, 20
29261,361, 25
29262,284, 10
29263,202, 0
29264,119, 0
29265,35, 0
29266,0, 0
29267,0, 0
29268,0, 0
29269,53, 0
29270,123, 0
29271,253, 0
29272,435, 5
29273,571, 48
29274,619, 90
29275,580, 107
29276,473, 92
29277,356, 52
29278,271, 12
29279,260, 0
29280,331, 0
29281,446, 11
29282,546, 51
29283,625, 89
29284,675, 124
29285,673, 142
29286,586, 136
29287,445, 100
29288,283, 38
29289,182, 0
29290,101, 0
29291,30, 0
29292,0, 0
29293,2, 0
29294,24, 0
29295,70, 0
29296,121, 0
29297,124, 0
29298,91, 0
29299,91, 0
29300,107, 0
29301,87, 0
29302,116, 0
29303,115, 0
29304,115, 0
29305,140, 0
29306,184, 0
29307,235, 0
29308,263, 0
29309,223, 0
29310,121, 0
29311,12, 0
29312,123, 0
29313,195, 0
29314,215, 0
29315,218, 0
29316,206, 0
29317,174, 0
29318,119, 0
29319,51, 0
29320,0, 0
29321,0, 0
29322,3, 0
29323,22, 0
29324,18, 0
29325,3, 0
29326,6, 0
29327,18, 0
29328,12, 0
29329,31, 0
29330,81, 0
29331,124, 0
29332,152, 0
29333,73, 0
29334,110, 0
29335,25, 0
29336,8, 0
29337,80, 0
29338,188, 0
29339,299, 0
29340,409, 2
29341,469, 25
29342,494, 48
29343,488, 61
29344,464, 55
29345,431, 50
29346,396, 36
29347,385, 26
29348,413, 27
29349,452, 36
29350,532, 61
29351,562, 84
29352,568, 97
29353,588, 104
29354,583, 115
29355,540, 106
29356,457, 87
29357,353, 51
29358,207, 11
29359,31, 0
29360,48, 0
29361,90, 0
29362,61, 0
29363,12, 0
29364,102, 0
29365,155, 0
29366,192, 0
29367,183, 0
29368,169, 0
29369,164, 0
29370,126, 0
29371,68, 0
29372,5, 0
29373,40, 0
29374,97, 0
29375,103, 0
29376,63, 0
29377,24, 0
29378,2, 0
29379,11, 0
29380,135, 0
29381,173, 0
29382,168, 0
29383,129, 0
29384,79, 0
29385,18, 0
29386,1, 0
29387,107, 0
29388,107, 0
29389,58, 0
29390,11, 0
29391,0, 0
29392,0, 0
29393,0, 0
29394,39, 0
29395,144, 0
29396,283, 0
29397,441, 6
29398,571, 50
29399,666, 99
29400,689, 137
29401,606, 139
29402,451, 102
29403,286, 42
29404,189, 0
29405,172, 0
29406,201, 0
29407,237, 0
29408,273, 0
29409,295, 0
29410,310, 0
29411,318, 0
29412,349, 1
29413,396, 8
29414,431, 25
29415,472, 43
29416,488, 56
29417,476, 61
29418,417, 56
29419,283, 23
29420,116, 0
29421,36, 0
29422,44, 0
29423,125, 0
29424,260, 0
29425,362, 1
29426,326, 2
29427,278, 0
29428,213, 0
29429,147, 0
29430,149, 0
29431,151, 0
29432,136, 0
29433,113, 0
29434,43, 0
29435,7, 0
29436,115, 0
29437,243, 0
29438,372, 1
29439,460, 31
29440,515, 63
29441,505, 83
29442,430, 72
29443,340, 44
29444,251, 12
29445,135, 0
29446,57, 0
29447,6, 0
29448,0, 0
29449,31, 0
29450,106, 0
29451,140, 0
29452,166, 0
29453,214, 0
29454,204, 0
29455,99, 0
29456,29, 0
29457,109, 0
29458,220, 0
29459,311, 0
29460,373, 2
29461,420, 15
29462,456, 31
29463,501, 48
29464,549, 70
29465,606, 94
29466,665, 119
29467,720, 150
29468,756, 172
29469,747, 189
29470,687, 183
29471,596, 158
29472,469, 111
29473,355, 61
29474,265, 14
29475,240, 0
29476,234, 0
29477,218, 0
29478,193, 0
29479,170, 0
29480,102, 0
29481,26, 0
29482,0, 0
29483,0, 0
29484,12, 0
29485,65, 0
29486,110, 0
29487,134, 0
29488,142, 0
29489,127, 0
29490,102, 0
29491,81, 0
29492,62, 0
29493,29, 0
29494,23, 0
29495,24, 0
29496,12, 0
29497,0, 0
29498,0, 0
29499,0, 0
29500,2, 0
29501,39, 0
29502,108, 0
29503,142, 0
29504,145, 0
29505,117, 0
29506,101, 0
29507,92, 0
29508,73, 0
29509,39, 0
29510,38, 0
29511,60, 0
29512,40, 0
29513,4, 0
29514,22, 0
29515,127, 0
29516,235, 0
29517,299, 0
29518,290, 0
29519,258, 0
29520,249, 0
29521,269, 0
29522,308, 0
29523,342, 0
29524,376, 4
29525,402, 12
29526,415, 25
29527,430, 30
29528,456, 38
29529,473, 46
29530,467, 55
29531,470, 56
29532,461, 56
29533,439, 47
29534,420, 42
29535,387, 31
29536,367, 22
29537,370, 19
29538,339, 10
29539,318, 5
29540,304, 0
29541,230, 0
29542,142, 0
29543,116, 0
29544,115, 0
29545,147, 0
29546,192, 0
29547,206, 0
29548,180, 0
29549,145, 0
29550,108, 0
29551,76, 0
29552,44, 0
29553,7, 0
29554,0, 0
29555,0, 0
29556,0, 0
29557,11, 0
29558,72, 0
29559,127, 0
29560,142, 0
29561,118, 0
29562,91, 0
29563,102, 0
29564,145, 0
29565,189, 0
29566,172, 0
29567,92, 0
29568,13, 0
29569,15, 0
29570,83, 0
29571,78, 0
29572,21, 0
29573,4, 0
29574,42, 0
29575,102, 0
29576,91, 0
29577,43, 0
29578,1, 0
29579,17, 0
29580,97, 0
29581,203, 0
29582,306, 0
29583,383, 0
29584,431, 19
29585,480, 38
29586,535, 59
29587,593, 86
29588,638, 112
29589,685, 136
29590,700, 154
29591,689, 161
29592,625, 155
29593,536, 129
29594,425, 84
29595,348, 44
29596,280, 10
29597,258, 0
29598,267, 0
29599,274, 0
29600,238, 0
29601,135, 0
29602,40, 0
29603,207, 0
29604,286, 0
29605,315, 0
29606,256, 0
29607,132, 0
29608,25, 0
29609,0, 0
29610,0, 0
29611,3, 0
29612,12, 0
29613,26, 0
29614,27, 0
29615,32, 0
29616,44, 0
29617,57, 0
29618,38, 0
29619,17, 0
29620,1, 0
29621,29, 0
29622,67, 0
29623,107, 0
29624,143, 0
29625,132, 0
29626,86, 0
29627,25, 0
29628,3, 0
29629,60, 0
29630,129, 0
29631,163, 0
29632,117, 0
29633,18, 0
29634,116, 0
29635,207, 0
29636,204, 0
29637,68, 0
29638,86, 0
29639,270, 0
29640,389, 0
29641,446, 23
29642,533, 54
29643,576, 79
29644,582, 97
29645,539, 103
29646,447, 78
29647,344, 44
29648,270, 7
29649,258, 0
29650,319, 0
29651,410, 7
29652,513, 38
29653,582, 76
29654,594, 95
29655,541, 99
29656,444, 83
29657,321, 39
29658,212, 0
29659,133, 0
29660,113, 0
29661,130, 0
29662,157, 0
29663,130, 0
29664,90, 0
29665,94, 0
29666,109, 0
29667,131, 0
29668,179, 0
29669,196, 0
29670,210, 0
29671,207, 0
29672,188, 0
29673,139, 0
29674,69, 0
29675,6, 0
29676,60, 0
29677,122, 0
29678,174, 0
29679,182, 0
29680,161, 0
29681,158, 0
29682,135, 0
29683,100, 0
29684,94, 0
29685,106, 0
29686,107, 0
29687,133, 0
29688,116, 0
29689,108, 0
29690,95, 0
29691,64, 0
29692,37, 0
29693,38, 0
29694,71, 0
29695,51, 0
29696,9, 0
29697,6, 0
29698,112, 0
29699,232, 0
29700,299, 0
29701,357, 0
29702,400, 10
29703,400, 23
29704,413, 25
29705,405, 28
29706,385, 24
29707,371, 19
29708,376, 13
29709,380, 19
29710,398, 18
29711,426, 25
29712,436, 37
29713,442, 39
29714,456, 44
29715,447, 47
29716,425, 42
29717,394, 38
29718,367, 23
29719,339, 8
29720,329, 4
29721,323, 1
29722,316, 2
29723,300, 0
29724,200, 0
29725,105, 0
29726,62, 0
29727,44, 0
29728,29, 0
29729,63, 0
29730,81, 0
29731,76, 0
29732,70, 0
29733,50, 0
29734,31, 0
29735,22, 0
29736,0, 0
29737,0, 0
29738,0, 0
29739,8, 0
29740,44, 0
29741,84, 0
29742,116, 0
29743,138, 0
29744,133, 0
29745,120, 0
29746,119, 0
29747,101, 0
29748,73, 0
29749,52, 0
29750,24, 0
29751,4, 0
29752,0, 0
29753,0, 0
29754,28, 0
29755,88, 0
29756,102, 0
29757,72, 0
29758,27, 0
29759,42, 0
29760,154, 0
29761,248, 0
29762,287, 0
29763,319, 0
29764,354, 0
29765,388, 9
29766,425, 21
29767,427, 31
29768,439, 37
29769,444, 42
29770,463, 45
29771,497, 53
29772,540, 71
29773,576, 89
29774,583, 100
29775,554, 102
29776,461, 86
29777,349, 44
29778,260, 9
29779,217, 0
29780,238, 0
29781,292, 0
29782,345, 0
29783,391, 9
29784,395, 22
29785,319, 13
29786,193, 0
29787,73, 0
29788,4, 0
29789,0, 0
29790,46, 0
29791,122, 0
29792,168, 0
29793,221, 0
29794,219, 0
29795,183, 0
29796,113, 0
29797,30, 0
29798,31, 0
29799,111, 0
29800,184, 0
29801,269, 0
29802,312, 0
29803,328, 3
29804,326, 5
29805,268, 2
29806,223, 0
29807,181, 0
29808,137, 0
29809,95, 0
29810,64, 0
29811,28, 0
29812,6, 0
29813,14, 0
29814,13, 0
29815,61, 0
29816,93, 0
29817,69, 0
29818,9, 0
29819,51, 0
29820,217, 0
29821,361, 0
29822,425, 12
29823,432, 30
29824,407, 34
29825,364, 23
29826,338, 11
29827,323, 2
29828,312, 1
29829,295, 0
29830,289, 0
29831,290, 0
29832,331, 0
29833,378, 4
29834,408, 17
29835,430, 27
29836,446, 39
29837,436, 43
29838,430, 39
29839,410, 38
29840,377, 31
29841,347, 19
29842,346, 9
29843,341, 6
29844,304, 1
29845,261, 0
29846,164, 0
29847,91, 0
29848,62, 0
29849,57, 0
29850,96, 0
29851,156, 0
29852,184, 0
29853,202, 0
29854,204, 0
29855,188, 0
29856,164, 0
29857,111, 0
29858,22, 0
29859,31, 0
29860,130, 0
29861,186, 0
29862,185, 0
29863,181, 0
29864,157, 0
29865,124, 0
29866,93, 0
29867,83, 0
29868,97, 0
29869,92, 0
29870,74, 0
29871,63, 0
29872,43, 0
29873,25, 0
29874,10, 0
29875,1, 0
29876,25, 0
29877,64, 0
29878,57, 0
29879,19, 0
29880,6, 0
29881,102, 0
29882,210, 0
29883,277, 0
29884,308, 0
29885,336, 0
29886,355, 0
29887,376, 11
29888,402, 18
29889,413, 25
29890,416, 26
29891,426, 31
29892,439, 36
29893,457, 44
29894,494, 53
29895,526, 64
29896,568, 77
29897,576, 95
29898,589, 107
29899,556, 106
29900,530, 100
29901,497, 89
29902,465, 75
29903,438, 61
29904,403, 46
29905,352, 26
29906,276, 7
29907,136, 0
29908,19, 0
29909,12, 0
29910,67, 0
29911,74, 0
29912,39, 0
29913,17, 0
29914,1, 0
29915,2, 0
29916,0, 0
29917,1, 0
29918,6, 0
29919,28, 0
29920,42, 0
29921,63, 0
29922,57, 0
29923,75, 0
29924,76, 0
29925,86, 0
29926,83, 0
29927,76, 0
29928,89, 0
29929,97, 0
29930,90, 0
29931,74, 0
29932,61, 0
29933,36, 0
29934,17, 0
29935,5, 0
29936,3, 0
29937,53, 0
29938,85, 0
29939,73, 0
29940,30, 0
29941,4, 0
29942,92, 0
29943,214, 0
29944,257, 0
29945,312, 0
29946,338, 0
29947,347, 2
29948,370, 8
29949,405, 15
29950,413, 25
29951,416, 28
29952,421, 32
29953,434, 36
29954,446, 38
29955,467, 50
29956,468, 53
29957,487, 53
29958,488, 60
29959,481, 64
29960,464, 56
29961,438, 58
29962,427, 48
29963,393, 38
29964,371, 28
29965,330, 13
29966,296, 0
29967,240, 0
29968,141, 0
29969,74, 0
29970,51, 0
29971,63, 0
29972,109, 0
29973,122, 0
29974,120, 0
29975,101, 0
29976,76, 0
29977,41, 0
29978,20, 0
29979,19, 0
29980,20, 0
29981,38, 0
29982,62, 0
29983,38, 0
29984,9, 0
29985,11, 0
29986,83, 0
29987,158, 0
29988,190, 0
29989,210, 0
29990,211, 0
29991,195, 0
29992,165, 0
29993,137, 0
29994,115, 0
29995,77, 0
29996,56, 0
29997,43, 0
29998,70, 0
29999,87, 0
30000,58, 0
30001,15, 0
30002,6, 0
30003,121, 0
30004,206, 0
30005,301, 0
30006,365, 1
30007,430, 14
30008,488, 38
30009,533, 65
30010,548, 80
30011,499, 81
30012,411, 60
30013,326, 25
30014,273, 2
30015,273, 0
30016,314, 0
30017,355, 1
30018,401, 9
30019,411, 23
30020,413, 27
30021,398, 25
30022,387, 25
30023,367, 24
30024,354, 13
30025,326, 8
30026,312, 3
30027,287, 0
30028,251, 0
30029,179, 0
30030,142, 0
30031,161, 0
30032,170, 0
30033,211, 0
30034,240, 0
30035,218, 0
30036,163, 0
30037,70, 0
30038,4, 0
30039,25, 0
30040,62, 0
30041,73, 0
30042,57, 0
30043,7, 0
30044,1, 0
30045,3, 0
30046,9, 0
30047,23, 0
30048,105, 0
30049,167, 0
30050,226, 0
30051,258, 0
30052,248, 0
30053,208, 0
30054,172, 0
30055,127, 0
30056,88, 0
30057,65, 0
30058,50, 0
30059,80, 0
30060,89, 0
30061,57, 0
30062,19, 0
30063,9, 0
30064,102, 0
30065,179, 0
30066,262, 0
30067,287, 0
30068,347, 0
30069,368, 2
30070,403, 13
30071,432, 27
30072,449, 38
30073,463, 45
30074,460, 48
30075,458, 48
30076,461, 51
30077,481, 54
30078,476, 57
30079,480, 59
30080,485, 63
30081,467, 58
30082,456, 56
30083,420, 51
30084,403, 40
30085,353, 27
30086,342, 12
30087,323, 6
30088,292, 0
30089,234, 0
30090,127, 0
30091,35, 0
30092,22, 0
30093,15, 0
30094,72, 0
30095,104, 0
30096,115, 0
30097,96, 0
30098,81, 0
30099,44, 0
30100,22, 0
30101,0, 0
30102,0, 0
30103,20, 0
30104,38, 0
30105,53, 0
30106,75, 0
30107,76, 0
30108,79, 0
30109,53, 0
30110,14, 0
30111,1, 0
30112,3, 0
30113,0, 0
30114,0, 0
30115,6, 0
30116,7, 0
30117,18, 0
30118,36, 0
30119,55, 0
30120,103, 0
30121,112, 0
30122,70, 0
30123,13, 0
30124,18, 0
30125,156, 0
30126,215, 0
30127,254, 0
30128,258, 0
30129,271, 0
30130,289, 0
30131,328, 0
30132,379, 2
30133,424, 19
30134,465, 37
30135,505, 55
30136,533, 70
30137,588, 87
30138,661, 113
30139,725, 148
30140,757, 174
30141,741, 189
30142,646, 179
30143,498, 132
30144,270, 63
30145,90, 2
30146,3, 0
30147,37, 0
30148,21, 0
30149,11, 0
30150,32, 0
30151,3, 0
30152,0, 0
30153,0, 0
30154,2, 0
30155,31, 0
30156,76, 0
30157,78, 0
30158,61, 0
30159,38, 0
30160,5, 0
30161,11, 0
30162,80, 0
30163,140, 0
30164,159, 0
30165,139, 0
30166,102, 0
30167,77, 0
30168,60, 0
30169,57, 0
30170,39, 0
30171,38, 0
30172,57, 0
30173,76, 0
30174,68, 0
30175,60, 0
30176,44, 0
30177,26, 0
30178,0, 0
30179,0, 0
30180,0, 0
30181,13, 0
30182,44, 0
30183,35, 0
30184,5, 0
30185,13, 0
30186,152, 0
30187,226, 0
30188,263, 0
30189,312, 0
30190,341, 0
30191,371, 4
30192,404, 17
30193,420, 24
30194,428, 31
30195,435, 37
30196,456, 41
30197,461, 44
30198,478, 52
30199,502, 63
30200,505, 71
30201,497, 70
30202,497, 70
30203,473, 70
30204,452, 57
30205,428, 51
30206,398, 38
30207,373, 25
30208,361, 19
30209,345, 10
30210,308, 2
30211,238, 0
30212,133, 0
30213,81, 0
30214,68, 0
30215,65, 0
30216,96, 0
30217,129, 0
30218,134, 0
30219,132, 0
30220,125, 0
30221,102, 0
30222,93, 0
30223,67, 0
30224,31, 0
30225,1, 0
30226,6, 0
30227,70, 0
30228,141, 0
30229,169, 0
30230,201, 0
30231,181, 0
30232,156, 0
30233,149, 0
30234,152, 0
30235,128, 0
30236,101, 0
30237,81, 0
30238,50, 0
30239,34, 0
30240,15, 0
30241,24, 0
30242,63, 0
30243,80, 0
30244,62, 0
30245,11, 0
30246,21, 0
30247,139, 0
30248,231, 0
30249,280, 0
30250,314, 0
30251,342, 0
30252,363, 4
30253,389, 12
30254,411, 21
30255,420, 26
30256,428, 32
30257,439, 37
30258,439, 38
30259,456, 44
30260,470, 50
30261,468, 54
30262,455, 52
30263,446, 48
30264,430, 48
30265,419, 39
30266,396, 37
30267,372, 22
30268,330, 10
30269,330, 6
30270,321, 1
30271,295, 0
30272,206, 0
30273,112, 0
30274,59, 0
30275,44, 0
30276,51, 0
30277,84, 0
30278,113, 0
30279,108, 0
30280,92, 0
30281,67, 0
30282,37, 0
30283,4, 0
30284,0, 0
30285,11, 0
30286,31, 0
30287,44, 0
30288,57, 0
30289,89, 0
30290,115, 0
30291,95, 0
30292,95, 0
30293,94, 0
30294,105, 0
30295,124, 0
30296,117, 0
30297,95, 0
30298,78, 0
30299,51, 0
30300,34, 0
30301,17, 0
30302,20, 0
30303,69, 0
30304,75, 0
30305,46, 0
30306,6, 0
30307,31, 0
30308,153, 0
30309,252, 0
30310,283, 0
30311,307, 0
30312,352, 0
30313,364, 4
30314,398, 13
30315,414, 22
30316,420, 26
30317,430, 32
30318,437, 38
30319,449, 40
30320,463, 46
30321,481, 53
30322,469, 56
30323,464, 53
30324,450, 52
30325,432, 48
30326,417, 40
30327,389, 30
30328,346, 22
30329,338, 9
30330,328, 4
30331,309, 2
30332,285, 0
30333,221, 0
30334,134, 0
30335,83, 0
30336,84, 0
30337,69, 0
30338,108, 0
30339,112, 0
30340,104, 0
30341,83, 0
30342,57, 0
30343,21, 0
30344,0, 0
30345,7, 0
30346,35, 0
30347,51, 0
30348,65, 0
30349,76, 0
30350,93, 0
30351,102, 0
30352,115, 0
30353,121, 0
30354,105, 0
30355,108, 0
30356,130, 0
30357,110, 0
30358,94, 0
30359,76, 0
30360,54, 0
30361,37, 0
30362,19, 0
30363,31, 0
30364,71, 0
30365,79, 0
30366,41, 0
30367,6, 0
30368,46, 0
30369,172, 0
30370,263, 0
30371,294, 0
30372,318, 0
30373,342, 0
30374,356, 2
30375,399, 12
30376,411, 21
30377,421, 27
30378,433, 35
30379,455, 39
30380,458, 44
30381,480, 51
30382,495, 60
30383,499, 65
30384,487, 65
30385,491, 65
30386,453, 59
30387,428, 47
30388,411, 40
30389,394, 32
30390,374, 25
30391,378, 20
30392,332, 9
30393,294, 1
30394,207, 0
30395,113, 0
30396,76, 0
30397,93, 0
30398,134, 0
30399,210, 0
30400,244, 0
30401,228, 0
30402,170, 0
30403,85, 0
30404,6, 0
30405,86, 0
30406,157, 0
30407,195, 0
30408,188, 0
30409,158, 0
30410,128, 0
30411,110, 0
30412,77, 0
30413,32, 0
30414,14, 0
30415,21, 0
30416,57, 0
30417,110, 0
30418,152, 0
30419,174, 0
30420,183, 0
30421,159, 0
30422,124, 0
30423,85, 0
30424,79, 0
30425,99, 0
30426,92, 0
30427,54, 0
30428,8, 0
30429,56, 0
30430,183, 0
30431,272, 0
30432,293, 0
30433,337, 0
30434,361, 0
30435,375, 8
30436,409, 17
30437,421, 26
30438,427, 31
30439,435, 36
30440,451, 40
30441,451, 42
30442,468, 48
30443,480, 56
30444,476, 57
30445,464, 55
30446,457, 52
30447,427, 44
30448,411, 39
30449,398, 32
30450,379, 26
30451,361, 19
30452,344, 12
30453,322, 6
30454,290, 0
30455,203, 0
30456,108, 0
30457,68, 0
30458,63, 0
30459,70, 0
30460,104, 0
30461,125, 0
30462,110, 0
30463,87, 0
30464,59, 0
30465,25, 0
30466,0, 0
30467,0, 0
30468,17, 0
30469,45, 0
30470,63, 0
30471,78, 0
30472,89, 0
30473,105, 0
30474,95, 0
30475,101, 0
30476,112, 0
30477,124, 0
30478,138, 0
30479,115, 0
30480,97, 0
30481,73, 0
30482,44, 0
30483,25, 0
30484,19, 0
30485,41, 0
30486,74, 0
30487,79, 0
30488,31, 0
30489,6, 0
30490,56, 0
30491,186, 0
30492,264, 0
30493,299, 0
30494,333, 0
30495,356, 1
30496,382, 7
30497,415, 19
30498,434, 29
30499,440, 38
30500,453, 43
30501,469, 51
30502,472, 53
30503,493, 57
30504,500, 68
30505,490, 65
30506,481, 63
30507,467, 60
30508,439, 52
30509,425, 44
30510,403, 40
30511,370, 25
30512,348, 15
30513,334, 10
30514,306, 0
30515,270, 0
30516,180, 0
30517,86, 0
30518,43, 0
30519,51, 0
30520,60, 0
30521,107, 0
30522,121, 0
30523,104, 0
30524,77, 0
30525,46, 0
30526,12, 0
30527,0, 0
30528,2, 0
30529,25, 0
30530,38, 0
30531,57, 0
30532,74, 0
30533,90, 0
30534,104, 0
30535,105, 0
30536,108, 0
30537,105, 0
30538,121, 0
30539,130, 0
30540,110, 0
30541,96, 0
30542,89, 0
30543,47, 0
30544,29, 0
30545,19, 0
30546,41, 0
30547,80, 0
30548,83, 0
30549,38, 0
30550,5, 0
30551,70, 0
30552,211, 0
30553,263, 0
30554,297, 0
30555,334, 0
30556,361, 2
30557,379, 8
30558,417, 19
30559,421, 26
30560,425, 31
30561,441, 36
30562,452, 42
30563,452, 44
30564,466, 48
30565,478, 53
30566,465, 53
30567,461, 53
30568,445, 52
30569,421, 44
30570,411, 38
30571,391, 36
30572,364, 23
30573,361, 15
30574,323, 10
30575,307, 0
30576,269, 0
30577,180, 0
30578,95, 0
30579,63, 0
30580,56, 0
30581,70, 0
30582,102, 0
30583,121, 0
30584,118, 0
30585,80, 0
30586,41, 0
30587,13, 0
30588,3, 0
30589,0, 0
30590,20, 0
30591,42, 0
30592,56, 0
30593,69, 0
30594,91, 0
30595,92, 0
30596,90, 0
30597,92, 0
30598,95, 0
30599,109, 0
30600,115, 0
30601,99, 0
30602,81, 0
30603,63, 0
30604,40, 0
30605,29, 0
30606,27, 0
30607,48, 0
30608,79, 0
30609,69, 0
30610,23, 0
30611,0, 0
30612,79, 0
30613,200, 0
30614,266, 0
30615,301, 0
30616,330, 0
30617,359, 1
30618,371, 8
30619,404, 18
30620,424, 26
30621,425, 31
30622,439, 37
30623,450, 44
30624,456, 43
30625,473, 51
30626,476, 56
30627,473, 56
30628,464, 54
30629,450, 51
30630,438, 45
30631,418, 41
30632,409, 38
30633,389, 30
30634,374, 22
30635,348, 17
30636,316, 6
30637,271, 0
30638,171, 0
30639,89, 0
30640,61, 0
30641,57, 0
30642,69, 0
30643,117, 0
30644,123, 0
30645,107, 0
30646,78, 0
30647,57, 0
30648,23, 0
30649,0, 0
30650,1, 0
30651,23, 0
30652,44, 0
30653,54, 0
30654,80, 0
30655,87, 0
30656,101, 0
30657,111, 0
30658,96, 0
30659,115, 0
30660,125, 0
30661,134, 0
30662,112, 0
30663,92, 0
30664,71, 0
30665,41, 0
30666,28, 0
30667,20, 0
30668,45, 0
30669,79, 0
30670,70, 0
30671,31, 0
30672,5, 0
30673,86, 0
30674,220, 0
30675,281, 0
30676,299, 0
30677,339, 0
30678,355, 1
30679,379, 8
30680,408, 18
30681,423, 25
30682,427, 31
30683,439, 37
30684,445, 40
30685,452, 44
30686,470, 50
30687,467, 54
30688,472, 53
30689,456, 50
30690,441, 46
30691,423, 42
30692,408, 38
30693,388, 31
30694,356, 19
30695,338, 13
30696,322, 6
30697,294, 0
30698,251, 0
30699,157, 0
30700,89, 0
30701,56, 0
30702,48, 0
30703,62, 0
30704,95, 0
30705,89, 0
30706,86, 0
30707,69, 0
30708,37, 0
30709,7, 0
30710,0, 0
30711,6, 0
30712,27, 0
30713,48, 0
30714,70, 0
30715,85, 0
30716,102, 0
30717,108, 0
30718,100, 0
30719,104, 0
30720,105, 0
30721,123, 0
30722,127, 0
30723,112, 0
30724,91, 0
30725,74, 0
30726,44, 0
30727,29, 0
30728,24, 0
30729,57, 0
30730,87, 0
30731,79, 0
30732,31, 0
30733,1, 0
30734,97, 0
30735,206, 0
30736,287, 0
30737,305, 0
30738,339, 0
30739,361, 2
30740,385, 10
30741,415, 19
30742,427, 31
30743,426, 32
30744,444, 41
30745,455, 43
30746,461, 45
30747,465, 50
30748,481, 57
30749,469, 53
30750,461, 53
30751,439, 50
30752,421, 43
30753,411, 37
30754,386, 31
30755,353, 20
30756,336, 10
30757,324, 6
30758,294, 1
30759,243, 0
30760,136, 0
30761,72, 0
30762,51, 0
30763,51, 0
30764,72, 0
30765,104, 0
30766,123, 0
30767,95, 0
30768,67, 0
30769,41, 0
30770,7, 0
30771,0, 0
30772,4, 0
30773,24, 0
30774,45, 0
30775,58, 0
30776,73, 0
30777,90, 0
30778,119, 0
30779,102, 0
30780,99, 0
30781,102, 0
30782,120, 0
30783,121, 0
30784,100, 0
30785,83, 0
30786,69, 0
30787,38, 0
30788,23, 0
30789,20, 0
30790,46, 0
30791,89, 0
30792,76, 0
30793,29, 0
30794,4, 0
30795,103, 0
30796,222, 0
30797,285, 0
30798,313, 0
30799,328, 0
30800,374, 5
30801,399, 12
30802,435, 25
30803,445, 38
30804,453, 39
30805,463, 46
30806,464, 51
30807,463, 51
30808,465, 52
30809,464, 55
30810,455, 52
30811,464, 51
30812,439, 47
30813,426, 43
30814,404, 37
30815,375, 28
30816,347, 17
30817,332, 8
30818,324, 4
30819,286, 0
30820,240, 0
30821,143, 0
30822,86, 0
30823,55, 0
30824,54, 0
30825,72, 0
30826,123, 0
30827,125, 0
30828,119, 0
30829,71, 0
30830,42, 0
30831,14, 0
30832,0, 0
30833,0, 0
30834,15, 0
30835,39, 0
30836,54, 0
30837,79, 0
30838,96, 0
30839,102, 0
30840,117, 0
30841,110, 0
30842,121, 0
30843,127, 0
30844,118, 0
30845,97, 0
30846,77, 0
30847,67, 0
30848,44, 0
30849,29, 0
30850,34, 0
30851,68, 0
30852,110, 0
30853,84, 0
30854,39, 0
30855,3, 0
30856,96, 0
30857,214, 0
30858,287, 0
30859,324, 0
30860,361, 1
30861,384, 6
30862,409, 19
30863,427, 26
30864,435, 36
30865,436, 38
30866,452, 44
30867,460, 44
30868,460, 48
30869,461, 50
30870,439, 47
30871,415, 38
30872,403, 31
30873,374, 24
30874,360, 12
30875,356, 12
30876,348, 9
30877,333, 4
30878,333, 2
30879,321, 1
30880,308, 0
30881,256, 0
30882,163, 0
30883,106, 0
30884,96, 0
30885,96, 0
30886,115, 0
30887,155, 0
30888,149, 0
30889,149, 0
30890,93, 0
30891,67, 0
30892,22, 0
30893,0, 0
30894,1, 0
30895,17, 0
30896,38, 0
30897,58, 0
30898,76, 0
30899,95, 0
30900,102, 0
30901,99, 0
30902,95, 0
30903,109, 0
30904,120, 0
30905,115, 0
30906,92, 0
30907,72, 0
30908,43, 0
30909,45, 0
30910,6, 0
30911,12, 0
30912,44, 0
30913,63, 0
30914,46, 0
30915,6, 0
30916,18, 0
30917,133, 0
30918,247, 0
30919,290, 0
30920,317, 0
30921,349, 0
30922,372, 5
30923,403, 19
30924,427, 25
30925,432, 34
30926,433, 38
30927,445, 42
30928,453, 44
30929,462, 46
30930,477, 53
30931,468, 58
30932,461, 54
30933,456, 52
30934,446, 50
30935,410, 42
30936,407, 36
30937,376, 31
30938,375, 19
30939,349, 15
30940,324, 7
30941,300, 1
30942,220, 0
30943,137, 0
30944,80, 0
30945,77, 0
30946,76, 0
30947,101, 0
30948,121, 0
30949,137, 0
30950,95, 0
30951,59, 0
30952,42, 0
30953,0, 0
30954,2, 0
30955,17, 0
30956,50, 0
30957,57, 0
30958,71, 0
30959,90, 0
30960,100, 0
30961,108, 0
30962,97, 0
30963,94, 0
30964,102, 0
30965,121, 0
30966,121, 0
30967,100, 0
30968,84, 0
30969,61, 0
30970,24, 0
30971,3, 0
30972,2, 0
30973,37, 0
30974,56, 0
30975,24, 0
30976,0, 0
30977,52, 0
30978,179, 0
30979,267, 0
30980,306, 0
30981,317, 0
30982,329, 0
30983,345, 1
30984,363, 5
30985,385, 8
30986,406, 18
30987,425, 27
30988,439, 36
30989,430, 38
30990,414, 32
30991,419, 34
30992,395, 29
30993,374, 22
30994,388, 20
30995,383, 21
30996,383, 19
30997,389, 18
30998,390, 25
30999,377, 20
31000,367, 18
31001,338, 12
31002,304, 2
31003,220, 0
31004,131, 0
31005,74, 0
31006,48, 0
31007,44, 0
31008,54, 0
31009,89, 0
31010,95, 0
31011,63, 0
31012,56, 0
31013,29, 0
31014,1, 0
31015,0, 0
31016,4, 0
31017,29, 0
31018,41, 0
31019,59, 0
31020,77, 0
31021,90, 0
31022,101, 0
31023,95, 0
31024,102, 0
31025,117, 0
31026,125, 0
31027,119, 0
31028,97, 0
31029,83, 0
31030,55, 0
31031,36, 0
31032,21, 0
31033,25, 0
31034,74, 0
31035,87, 0
31036,69, 0
31037,22, 0
31038,19, 0
31039,127, 0
31040,235, 0
31041,280, 0
31042,306, 0
31043,342, 0
31044,368, 4
31045,391, 10
31046,420, 22
31047,426, 29
31048,435, 36
31049,451, 43
31050,460, 44
31051,473, 52
31052,487, 59
31053,476, 60
31054,465, 56
31055,493, 61
31056,462, 60
31057,431, 48
31058,398, 39
31059,365, 27
31060,331, 12
31061,309, 6
31062,279, 0
31063,256, 0
31064,190, 0
31065,102, 0
31066,51, 0
31067,42, 0
31068,51, 0
31069,83, 0
31070,105, 0
31071,116, 0
31072,77, 0
31073,57, 0
31074,20, 0
31075,0, 0
31076,0, 0
31077,6, 0
31078,25, 0
31079,37, 0
31080,46, 0
31081,63, 0
31082,72, 0
31083,84, 0
31084,80, 0
31085,78, 0
31086,95, 0
31087,108, 0
31088,103, 0
31089,84, 0
31090,70, 0
31091,46, 0
31092,42, 0
31093,7, 0
31094,11, 0
31095,43, 0
31096,50, 0
31097,28, 0
31098,0, 0
31099,42, 0
31100,174, 0
31101,263, 0
31102,301, 0
31103,323, 0
31104,339, 1
31105,362, 3
31106,391, 9
31107,416, 20
31108,438, 30
31109,434, 35
31110,445, 40
31111,451, 44
31112,463, 46
31113,441, 48
31114,465, 51
31115,456, 51
31116,450, 48
31117,440, 44
31118,413, 38
31119,395, 31
31120,365, 24
31121,336, 9
31122,312, 4
31123,284, 0
31124,254, 0
31125,164, 0
31126,92, 0
31127,64, 0
31128,62, 0
31129,70, 0
31130,100, 0
31131,116, 0
31132,109, 0
31133,85, 0
31134,58, 0
31135,36, 0
31136,1, 0
31137,0, 0
31138,18, 0
31139,38, 0
31140,56, 0
31141,76, 0
31142,88, 0
31143,95, 0
31144,92, 0
31145,90, 0
31146,90, 0
31147,102, 0
31148,110, 0
31149,107, 0
31150,106, 0
31151,77, 0
31152,57, 0
31153,36, 0
31154,11, 0
31155,26, 0
31156,63, 0
31157,73, 0
31158,44, 0
31159,6, 0
31160,46, 0
31161,174, 0
31162,263, 0
31163,304, 0
31164,324, 0
31165,353, 0
31166,384, 6
31167,411, 19
31168,431, 25
31169,436, 36
31170,446, 40
31171,457, 43
31172,463, 51
31173,472, 51
31174,480, 57
31175,473, 58
31176,469, 57
31177,464, 57
31178,455, 53
31179,421, 43
31180,396, 38
31181,371, 25
31182,352, 12
31183,338, 8
31184,314, 4
31185,275, 0
31186,196, 0
31187,104, 0
31188,57, 0
31189,44, 0
31190,57, 0
31191,95, 0
31192,117, 0
31193,111, 0
31194,92, 0
31195,59, 0
31196,29, 0
31197,7, 0
31198,0, 0
31199,11, 0
31200,32, 0
31201,53, 0
31202,67, 0
31203,87, 0
31204,97, 0
31205,101, 0
31206,102, 0
31207,108, 0
31208,123, 0
31209,130, 0
31210,121, 0
31211,95, 0
31212,74, 0
31213,51, 0
31214,24, 0
31215,20, 0
31216,35, 0
31217,77, 0
31218,87, 0
31219,51, 0
31220,6, 0
31221,55, 0
31222,181, 0
31223,264, 0
31224,309, 0
31225,327, 0
31226,364, 2
31227,384, 10
31228,405, 18
31229,427, 25
31230,433, 36
31231,437, 37
31232,449, 42
31233,454, 43
31234,464, 48
31235,476, 54
31236,465, 55
31237,452, 52
31238,440, 51
31239,427, 45
31240,421, 39
31241,408, 35
31242,379, 25
31243,359, 18
31244,349, 13
31245,321, 7
31246,287, 0
31247,199, 0
31248,110, 0
31249,76, 0
31250,69, 0
31251,85, 0
31252,108, 0
31253,129, 0
31254,112, 0
31255,76, 0
31256,39, 0
31257,7, 0
31258,0, 0
31259,6, 0
31260,27, 0
31261,51, 0
31262,64, 0
31263,74, 0
31264,109, 0
31265,131, 0
31266,121, 0
31267,105, 0
31268,94, 0
31269,109, 0
31270,128, 0
31271,130, 0
31272,115, 0
31273,99, 0
31274,72, 0
31275,38, 0
31276,36, 0
31277,57, 0
31278,83, 0
31279,95, 0
31280,63, 0
31281,22, 0
31282,37, 0
31283,155, 0
31284,242, 0
31285,282, 0
31286,311, 0
31287,342, 0
31288,365, 3
31289,396, 11
31290,419, 22
31291,420, 28
31292,428, 31
31293,437, 37
31294,444, 39
31295,463, 43
31296,476, 54
31297,465, 53
31298,467, 55
31299,446, 54
31300,430, 46
31301,407, 37
31302,391, 30
31303,371, 25
31304,344, 13
31305,328, 8
31306,305, 1
31307,263, 0
31308,161, 0
31309,95, 0
31310,51, 0
31311,44, 0
31312,54, 0
31313,93, 0
31314,112, 0
31315,105, 0
31316,80, 0
31317,53, 0
31318,17, 0
31319,0, 0
31320,6, 0
31321,25, 0
31322,50, 0
31323,67, 0
31324,70, 0
31325,92, 0
31326,95, 0
31327,99, 0
31328,95, 0
31329,100, 0
31330,108, 0
31331,103, 0
31332,92, 0
31333,72, 0
31334,51, 0
31335,29, 0
31336,9, 0
31337,0, 0
31338,25, 0
31339,62, 0
31340,62, 0
31341,23, 0
31342,0, 0
31343,70, 0
31344,195, 0
31345,268, 0
31346,300, 0
31347,322, 0
31348,347, 0
31349,372, 6
31350,396, 12
31351,402, 21
31352,425, 25
31353,434, 36
31354,439, 42
31355,451, 44
31356,462, 45
31357,445, 51
31358,464, 52
31359,456, 51
31360,446, 51
31361,427, 43
31362,417, 39
31363,395, 32
31364,371, 25
31365,363, 15
31366,354, 15
31367,334, 8
31368,295, 1
31369,203, 0
31370,102, 0
31371,76, 0
31372,63, 0
31373,72, 0
31374,102, 0
31375,107, 0
31376,95, 0
31377,76, 0
31378,44, 0
31379,18, 0
31380,0, 0
31381,3, 0
31382,15, 0
31383,30, 0
31384,39, 0
31385,50, 0
31386,63, 0
31387,76, 0
31388,76, 0
31389,77, 0
31390,83, 0
31391,89, 0
31392,102, 0
31393,99, 0
31394,84, 0
31395,63, 0
31396,46, 0
31397,18, 0
31398,5, 0
31399,27, 0
31400,62, 0
31401,60, 0
31402,26, 0
31403,0, 0
31404,89, 0
31405,197, 0
31406,267, 0
31407,292, 0
31408,315, 0
31409,343, 0
31410,362, 3
31411,382, 6
31412,391, 12
31413,399, 19
31414,404, 20
31415,420, 29
31416,440, 36
31417,460, 40
31418,470, 50
31419,478, 56
31420,465, 54
31421,446, 52
31422,427, 43
31423,411, 36
31424,382, 29
31425,354, 20
31426,338, 9
31427,325, 4
31428,312, 1
31429,277, 0
31430,187, 0
31431,110, 0
31432,77, 0
31433,70, 0
31434,92, 0
31435,127, 0
31436,130, 0
31437,96, 0
31438,56, 0
31439,34, 0
31440,7, 0
31441,0, 0
31442,9, 0
31443,40, 0
31444,63, 0
31445,76, 0
31446,90, 0
31447,105, 0
31448,107, 0
31449,96, 0
31450,76, 0
31451,101, 0
31452,120, 0
31453,124, 0
31454,132, 0
31455,124, 0
31456,92, 0
31457,67, 0
31458,38, 0
31459,31, 0
31460,59, 0
31461,95, 0
31462,73, 0
31463,38, 0
31464,1, 0
31465,102, 0
31466,232, 0
31467,306, 0
31468,338, 0
31469,361, 4
31470,379, 9
31471,398, 17
31472,420, 23
31473,432, 32
31474,433, 35
31475,432, 37
31476,437, 38
31477,445, 39
31478,449, 44
31479,445, 46
31480,436, 41
31481,430, 40
31482,419, 37
31483,403, 35
31484,386, 26
31485,361, 20
31486,348, 12
31487,326, 3
31488,327, 2
31489,298, 0
31490,259, 0
31491,172, 0
31492,108, 0
31493,73, 0
31494,70, 0
31495,93, 0
31496,127, 0
31497,137, 0
31498,120, 0
31499,88, 0
31500,46, 0
31501,9, 0
31502,0, 0
31503,14, 0
31504,32, 0
31505,48, 0
31506,54, 0
31507,61, 0
31508,79, 0
31509,94, 0
31510,94, 0
31511,81, 0
31512,97, 0
31513,101, 0
31514,95, 0
31515,81, 0
31516,62, 0
31517,40, 0
31518,25, 0
31519,6, 0
31520,6, 0
31521,44, 0
31522,71, 0
31523,67, 0
31524,38, 0
31525,4, 0
31526,113, 0
31527,208, 0
31528,270, 0
31529,301, 0
31530,316, 0
31531,340, 0
31532,361, 2
31533,386, 8
31534,403, 18
31535,400, 25
31536,418, 25
31537,437, 35
31538,458, 43
31539,476, 51
31540,481, 56
31541,467, 56
31542,455, 57
31543,439, 51
31544,414, 41
31545,388, 34
31546,359, 23
31547,330, 9
31548,309, 0
31549,294, 0
31550,269, 0
31551,210, 0
31552,113, 0
31553,61, 0
31554,40, 0
31555,46, 0
31556,83, 0
31557,121, 0
31558,122, 0
31559,103, 0
31560,69, 0
31561,30, 0
31562,2, 0
31563,12, 0
31564,20, 0
31565,31, 0
31566,44, 0
31567,43, 0
31568,37, 0
31569,38, 0
31570,31, 0
31571,41, 0
31572,48, 0
31573,57, 0
31574,84, 0
31575,90, 0
31576,85, 0
31577,63, 0
31578,42, 0
31579,25, 0
31580,12, 0
31581,14, 0
31582,51, 0
31583,74, 0
31584,70, 0
31585,20, 0
31586,12, 0
31587,134, 0
31588,249, 0
31589,308, 0
31590,332, 0
31591,345, 1
31592,377, 7
31593,391, 12
31594,410, 20
31595,415, 24
31596,418, 28
31597,419, 27
31598,420, 34
31599,430, 35
31600,449, 38
31601,464, 46
31602,457, 48
31603,464, 51
31604,465, 53
31605,473, 57
31606,477, 57
31607,487, 62
31608,469, 63
31609,457, 57
31610,435, 53
31611,393, 43
31612,285, 14
31613,126, 0
31614,17, 0
31615,19, 0
31616,45, 0
31617,29, 0
31618,2, 0
31619,0, 0
31620,0, 0
31621,0, 0
31622,0, 0
31623,0, 0
31624,2, 0
31625,14, 0
31626,25, 0
31627,38, 0
31628,52, 0
31629,68, 0
31630,93, 0
31631,107, 0
31632,100, 0
31633,111, 0
31634,127, 0
31635,140, 0
31636,129, 0
31637,120, 0
31638,83, 0
31639,54, 0
31640,30, 0
31641,10, 0
31642,7, 0
31643,51, 0
31644,87, 0
31645,52, 0
31646,12, 0
31647,11, 0
31648,117, 0
31649,235, 0
31650,306, 0
31651,326, 0
31652,352, 2
31653,376, 6
31654,406, 17
31655,411, 21
31656,430, 29
31657,433, 34
31658,435, 38
31659,452, 41
31660,466, 48
31661,481, 55
31662,487, 63
31663,478, 58
31664,460, 57
31665,464, 56
31666,433, 51
31667,413, 41
31668,391, 32
31669,367, 24
31670,341, 10
31671,331, 6
31672,300, 1
31673,244, 0
31674,144, 0
31675,92, 0
31676,51, 0
31677,64, 0
31678,90, 0
31679,118, 0
31680,117, 0
31681,96, 0
31682,69, 0
31683,44, 0
31684,18, 0
31685,0, 0
31686,0, 0
31687,23, 0
31688,38, 0
31689,59, 0
31690,75, 0
31691,93, 0
31692,96, 0
31693,84, 0
31694,80, 0
31695,95, 0
31696,95, 0
31697,93, 0
31698,90, 0
31699,71, 0
31700,51, 0
31701,39, 0
31702,38, 0
31703,21, 0
31704,64, 0
31705,79, 0
31706,67, 0
31707,19, 0
31708,18, 0
31709,152, 0
31710,251, 0
31711,292, 0
31712,298, 0
31713,311, 0
31714,328, 0
31715,349, 1
31716,371, 3
31717,380, 8
31718,381, 14
31719,388, 17
31720,404, 23
31721,420, 26
31722,432, 31
31723,452, 37
31724,445, 43
31725,433, 41
31726,435, 43
31727,404, 38
31728,379, 28
31729,360, 22
31730,327, 9
31731,307, 2
31732,301, 0
31733,276, 0
31734,188, 0
31735,120, 0
31736,76, 0
31737,58, 0
31738,63, 0
31739,111, 0
31740,152, 0
31741,160, 0
31742,157, 0
31743,121, 0
31744,92, 0
31745,59, 0
31746,19, 0
31747,2, 0
31748,0, 0
31749,11, 0
31750,3, 0
31751,15, 0
31752,36, 0
31753,60, 0
31754,60, 0
31755,83, 0
31756,102, 0
31757,110, 0
31758,113, 0
31759,95, 0
31760,74, 0
31761,69, 0
31762,58, 0
31763,46, 0
31764,72, 0
31765,143, 0
31766,133, 0
31767,103, 0
31768,55, 0
31769,11, 0
31770,123, 0
31771,228, 0
31772,282, 0
31773,310, 0
31774,336, 0
31775,365, 3
31776,396, 11
31777,420, 22
31778,430, 28
31779,433, 35
31780,432, 38
31781,430, 40
31782,439, 40
31783,447, 41
31784,425, 43
31785,440, 43
31786,445, 42
31787,427, 44
31788,421, 40
31789,388, 31
31790,348, 20
31791,330, 9
31792,310, 2
31793,289, 0
31794,262, 0
31795,187, 0
31796,94, 0
31797,40, 0
31798,52, 0
31799,38, 0
31800,62, 0
31801,89, 0
31802,84, 0
31803,59, 0
31804,22, 0
31805,0, 0
31806,0, 0
31807,23, 0
31808,45, 0
31809,68, 0
31810,63, 0
31811,65, 0
31812,63, 0
31813,78, 0
31814,81, 0
31815,76, 0
31816,74, 0
31817,78, 0
31818,90, 0
31819,84, 0
31820,53, 0
31821,14, 0
31822,0, 0
31823,1, 0
31824,31, 0
31825,24, 0
31826,8, 0
31827,0, 0
31828,0, 0
31829,11, 0
31830,85, 0
31831,200, 0
31832,283, 0
31833,319, 0
31834,339, 0
31835,354, 2
31836,402, 12
31837,439, 25
31838,482, 42
31839,501, 57
31840,513, 68
31841,532, 77
31842,547, 84
31843,562, 92
31844,562, 96
31845,541, 97
31846,527, 91
31847,495, 81
31848,446, 69
31849,409, 51
31850,355, 28
31851,323, 12
31852,284, 0
31853,266, 0
31854,272, 0
31855,254, 0
31856,179, 0
31857,76, 0
31858,22, 0
31859,4, 0
31860,0, 0
31861,12, 0
31862,28, 0
31863,30, 0
31864,23, 0
31865,7, 0
31866,0, 0
31867,0, 0
31868,20, 0
31869,28, 0
31870,41, 0
31871,58, 0
31872,62, 0
31873,65, 0
31874,76, 0
31875,70, 0
31876,60, 0
31877,76, 0
31878,117, 0
31879,155, 0
31880,169, 0
31881,157, 0
31882,133, 0
31883,95, 0
31884,63, 0
31885,31, 0
31886,51, 0
31887,89, 0
31888,95, 0
31889,61, 0
31890,26, 0
31891,32, 0
31892,172, 0
31893,282, 0
31894,348, 0
31895,386, 6
31896,414, 21
31897,435, 31
31898,439, 38
31899,432, 40
31900,419, 38
31901,398, 31
31902,376, 22
31903,365, 19
31904,369, 13
31905,375, 11
31906,395, 19
31907,398, 23
31908,391, 24
31909,380, 21
31910,368, 18
31911,315, 5
31912,324, 0
31913,312, 0
31914,310, 0
31915,310, 0
31916,283, 0
31917,187, 0
31918,95, 0
31919,39, 0
31920,11, 0
31921,6, 0
31922,52, 0
31923,100, 0
31924,152, 0
31925,200, 0
31926,246, 0
31927,281, 0
31928,299, 0
31929,270, 0
31930,202, 0
31931,116, 0
31932,6, 0
31933,61, 0
31934,156, 0
31935,237, 0
31936,276, 0
31937,298, 0
31938,325, 0
31939,346, 11
31940,336, 8
31941,315, 9
31942,276, 3
31943,231, 0
31944,198, 0
31945,175, 0
31946,154, 0
31947,179, 0
31948,204, 0
31949,183, 0
31950,125, 0
31951,62, 0
31952,11, 0
31953,123, 0
31954,231, 0
31955,300, 0
31956,353, 0
31957,398, 10
31958,452, 26
31959,505, 48
31960,539, 70
31961,553, 86
31962,562, 94
31963,540, 92
31964,526, 90
31965,504, 81
31966,490, 75
31967,479, 70
31968,487, 65
31969,479, 63
31970,496, 68
31971,513, 72
31972,505, 76
31973,481, 74
31974,465, 63
31975,416, 50
31976,398, 38
31977,371, 27
31978,300, 11
31979,253, 0
31980,226, 0
31981,211, 0
31982,202, 0
31983,221, 0
31984,230, 0
31985,216, 0
31986,166, 0
31987,89, 0
31988,7, 0
31989,6, 0
31990,53, 0
31991,70, 0
31992,69, 0
31993,87, 0
31994,103, 0
31995,141, 0
31996,171, 0
31997,159, 0
31998,139, 0
31999,128, 0
32000,120, 0
32001,111, 0
32002,92, 0
32003,76, 0
32004,55, 0
32005,41, 0
32006,40, 0
32007,39, 0
32008,104, 0
32009,179, 0
32010,164, 0
32011,126, 0
32012,58, 0
32013,48, 0
32014,232, 0
32015,386, 0
32016,490, 26
32017,542, 61
32018,585, 89
32019,622, 109
32020,647, 127
32021,671, 139
32022,676, 152
32023,630, 148
32024,531, 124
32025,402, 80
32026,265, 25
32027,134, 0
32028,74, 0
32029,27, 0
32030,2, 0
32031,0, 0
32032,6, 0
32033,52, 0
32034,127, 0
32035,205, 0
32036,256, 0
32037,286, 0
32038,272, 0
32039,157, 0
32040,44, 0
32041,2, 0
32042,0, 0
32043,0, 0
32044,27, 0
32045,74, 0
32046,127, 0
32047,155, 0
32048,158, 0
32049,138, 0
32050,89, 0
32051,25, 0
32052,0, 0
32053,22, 0
32054,111, 0
32055,158, 0
32056,239, 0
32057,263, 0
32058,257, 0
32059,224, 0
32060,208, 0
32061,191, 0
32062,159, 0
32063,140, 0
32064,123, 0
32065,95, 0
32066,72, 0
32067,37, 0
32068,7, 0
32069,5, 0
32070,0, 0
32071,23, 0
32072,89, 0
32073,156, 0
32074,282, 0
32075,424, 3
32076,514, 39
32077,529, 69
32078,488, 71
32079,425, 58
32080,367, 38
32081,342, 18
32082,331, 5
32083,348, 4
32084,379, 10
32085,403, 14
32086,406, 21
32087,391, 23
32088,370, 19
32089,367, 12
32090,404, 17
32091,439, 26
32092,458, 42
32093,447, 45
32094,373, 34
32095,276, 7
32096,152, 0
32097,37, 0
32098,6, 0
32099,56, 0
32100,134, 0
32101,161, 0
32102,113, 0
32103,37, 0
32104,21, 0
32105,102, 0
32106,156, 0
32107,171, 0
32108,180, 0
32109,183, 0
32110,183, 0
32111,136, 0
32112,57, 0
32113,2, 0
32114,7, 0
32115,28, 0
32116,24, 0
32117,58, 0
32118,74, 0
32119,112, 0
32120,134, 0
32121,170, 0
32122,177, 0
32123,142, 0
32124,83, 0
32125,12, 0
32126,25, 0
32127,91, 0
32128,156, 0
32129,201, 0
32130,233, 0
32131,238, 0
32132,272, 0
32133,297, 0
32134,318, 0
32135,409, 10
32136,537, 45
32137,628, 89
32138,682, 126
32139,706, 155
32140,718, 168
32141,732, 179
32142,748, 186
32143,745, 189
32144,794, 202
32145,859, 221
32146,971, 254
32147,1083, 299
32148,1149, 338
32149,1122, 357
32150,1011, 349
32151,860, 312
32152,673, 246
32153,466, 163
32154,263, 68
32155,65, 1
32156,99, 0
32157,278, 0
32158,419, 3
32159,505, 41
32160,537, 67
32161,540, 86
32162,462, 79
32163,333, 46
32164,199, 4
32165,60, 0
32166,34, 0
32167,155, 0
32168,217, 0
32169,261, 0
32170,273, 0
32171,295, 0
32172,281, 0
32173,232, 0
32174,170, 0
32175,100, 0
32176,45, 0
32177,9, 0
32178,54, 0
32179,139, 0
32180,188, 0
32181,210, 0
32182,246, 0
32183,300, 0
32184,329, 2
32185,328, 7
32186,279, 3
32187,220, 0
32188,173, 0
32189,159, 0
32190,188, 0
32191,282, 0
32192,364, 1
32193,348, 10
32194,236, 0
32195,57, 0
32196,190, 0
32197,494, 7
32198,770, 90
32199,1018, 202
32200,1175, 294
32201,1241, 354
32202,1148, 377
32203,906, 346
32204,580, 252
32205,249, 117
32206,31, 6
32207,122, 0
32208,200, 0
32209,218, 0
32210,189, 0
32211,97, 0
32212,10, 0
32213,36, 0
32214,122, 0
32215,214, 0
32216,329, 0
32217,451, 12
32218,529, 45
32219,564, 76
32220,607, 102
32221,587, 116
32222,457, 96
32223,314, 51
32224,222, 5
32225,153, 0
32226,91, 0
32227,51, 0
32228,2, 0
32229,44, 0
32230,108, 0
32231,137, 0
32232,145, 0
32233,182, 0
32234,220, 0
32235,210, 0
32236,201, 0
32237,139, 0
32238,50, 0
32239,70, 0
32240,160, 0
32241,290, 0
32242,390, 5
32243,420, 27
32244,348, 31
32245,158, 4
32246,54, 0
32247,282, 0
32248,414, 9
32249,457, 37
32250,431, 48
32251,317, 31
32252,64, 0
32253,180, 0
32254,407, 1
32255,558, 45
32256,601, 90
32257,487, 89
32258,312, 44
32259,134, 2
32260,14, 0
32261,53, 0
32262,163, 0
32263,211, 0
32264,214, 0
32265,257, 0
32266,427, 3
32267,634, 57
32268,816, 133
32269,929, 208
32270,946, 256
32271,900, 269
32272,823, 259
32273,705, 223
32274,558, 174
32275,420, 110
32276,299, 45
32277,183, 2
32278,113, 0
32279,42, 0
32280,3, 0
32281,0, 0
32282,0, 0
32283,35, 0
32284,48, 0
32285,18, 0
32286,10, 0
32287,71, 0
32288,112, 0
32289,95, 0
32290,87, 0
32291,105, 0
32292,153, 0
32293,181, 0
32294,154, 0
32295,75, 0
32296,12, 0
32297,0, 0
32298,0, 0
32299,32, 0
32300,40, 0
32301,5, 0
32302,51, 0
32303,140, 0
32304,226, 0
32305,254, 0
32306,259, 0
32307,232, 0
32308,164, 0
32309,81, 0
32310,14, 0
32311,0, 0
32312,6, 0
32313,86, 0
32314,170, 0
32315,211, 0
32316,183, 0
32317,139, 0
32318,23, 0
32319,42, 0
32320,143, 0
32321,227, 0
32322,301, 0
32323,385, 1
32324,463, 25
32325,521, 55
32326,524, 70
32327,502, 73
32328,490, 70
32329,519, 70
32330,605, 91
32331,730, 132
32332,846, 183
32333,921, 231
32334,960, 265
32335,922, 277
32336,815, 262
32337,665, 222
32338,437, 147
32339,210, 47
32340,34, 0
32341,52, 0
32342,91, 0
32343,121, 0
32344,169, 0
32345,181, 0
32346,171, 0
32347,184, 0
32348,136, 0
32349,74, 0
32350,24, 0
32351,0, 0
32352,22, 0
32353,39, 0
32354,53, 0
32355,38, 0
32356,19, 0
32357,0, 0
32358,3, 0
32359,35, 0
32360,41, 0
32361,25, 0
32362,21, 0
32363,38, 0
32364,96, 0
32365,207, 0
32366,287, 0
32367,307, 0
32368,277, 0
32369,192, 0
32370,93, 0
32371,6, 0
32372,23, 0
32373,27, 0
32374,12, 0
32375,108, 0
32376,124, 0
32377,136, 0
32378,76, 0
32379,25, 0
32380,138, 0
32381,238, 0
32382,294, 0
32383,338, 0
32384,401, 6
32385,467, 30
32386,527, 55
32387,552, 76
32388,567, 92
32389,564, 96
32390,546, 96
32391,538, 93
32392,522, 89
32393,482, 77
32394,476, 72
32395,460, 62
32396,461, 54
32397,505, 61
32398,539, 78
32399,599, 95
32400,643, 120
32401,678, 141
32402,712, 158
32403,716, 177
32404,631, 167
32405,469, 125
32406,315, 62
32407,192, 7
32408,89, 0
32409,19, 0
32410,6, 0
32411,54, 0
32412,73, 0
32413,94, 0
32414,99, 0
32415,85, 0
32416,92, 0
32417,77, 0
32418,15, 0
32419,0, 0
32420,21, 0
32421,83, 0
32422,143, 0
32423,196, 0
32424,237, 0
32425,256, 0
32426,214, 0
32427,170, 0
32428,112, 0
32429,54, 0
32430,2, 0
32431,51, 0
32432,99, 0
32433,109, 0
32434,132, 0
32435,204, 0
32436,265, 0
32437,261, 0
32438,212, 0
32439,107, 0
32440,20, 0
32441,125, 0
32442,204, 0
32443,246, 0
32444,255, 0
32445,273, 0
32446,291, 0
32447,287, 0
32448,330, 0
32449,379, 4
32450,447, 22
32451,527, 47
32452,612, 86
32453,653, 116
32454,650, 132
32455,647, 140
32456,640, 143
32457,629, 139
32458,592, 130
32459,538, 113
32460,446, 85
32461,336, 43
32462,215, 6
32463,129, 0
32464,88, 0
32465,25, 0
32466,0, 0
32467,0, 0
32468,0, 0
32469,42, 0
32470,127, 0
32471,244, 0
32472,338, 0
32473,364, 7
32474,326, 7
32475,241, 0
32476,134, 0
32477,47, 0
32478,1, 0
32479,20, 0
32480,40, 0
32481,37, 0
32482,36, 0
32483,5, 0
32484,6, 0
32485,55, 0
32486,136, 0
32487,227, 0
32488,246, 0
32489,202, 0
32490,88, 0
32491,12, 0
32492,107, 0
32493,185, 0
32494,227, 0
32495,203, 0
32496,94, 0
32497,6, 0
32498,51, 0
32499,99, 0
32500,62, 0
32501,15, 0
32502,104, 0
32503,164, 0
32504,223, 0
32505,312, 0
32506,390, 3
32507,439, 20
32508,419, 31
32509,343, 19
32510,257, 1
32511,211, 0
32512,226, 0
32513,306, 0
32514,413, 3
32515,515, 34
32516,600, 76
32517,680, 117
32518,735, 152
32519,826, 188
32520,928, 231
32521,1034, 279
32522,1100, 322
32523,1039, 338
32524,853, 312
32525,588, 238
32526,261, 115
32527,44, 6
32528,189, 0
32529,306, 0
32530,384, 2
32531,388, 17
32532,381, 25
32533,381, 23
32534,355, 24
32535,299, 9
32536,226, 0
32537,169, 0
32538,103, 0
32539,38, 0
32540,3, 0
32541,53, 0
32542,76, 0
32543,24, 0
32544,61, 0
32545,201, 0
32546,265, 0
32547,287, 0
32548,293, 0
32549,270, 0
32550,249, 0
32551,230, 0
32552,187, 0
32553,133, 0
32554,91, 0
32555,75, 0
32556,137, 0
32557,286, 0
32558,374, 2
32559,395, 13
32560,367, 20
32561,226, 5
32562,38, 0
32563,102, 0
32564,220, 0
32565,295, 0
32566,361, 0
32567,394, 9
32568,409, 19
32569,410, 28
32570,487, 40
32571,633, 80
32572,735, 132
32573,816, 180
32574,844, 214
32575,833, 229
32576,792, 224
32577,730, 214
32578,663, 189
32579,584, 156
32580,490, 115
32581,367, 69
32582,285, 20
32583,300, 0
32584,368, 3
32585,469, 24
32586,576, 65
32587,610, 100
32588,609, 117
32589,653, 134
32590,714, 157
32591,759, 183
32592,797, 204
32593,744, 213
32594,624, 188
32595,505, 147
32596,336, 83
32597,113, 12
32598,68, 0
32599,260, 0
32600,348, 0
32601,367, 15
32602,337, 17
32603,260, 4
32604,140, 0
32605,25, 0
32606,43, 0
32607,173, 0
32608,237, 0
32609,266, 0
32610,233, 0
32611,142, 0
32612,42, 0
32613,87, 0
32614,165, 0
32615,172, 0
32616,100, 0
32617,57, 0
32618,77, 0
32619,95, 0
32620,117, 0
32621,157, 0
32622,191, 0
32623,184, 0
32624,151, 0
32625,139, 0
32626,78, 0
32627,6, 0
32628,54, 0
32629,136, 0
32630,183, 0
32631,217, 0
32632,264, 0
32633,294, 0
32634,313, 0
32635,337, 0
32636,378, 3
32637,435, 21
32638,523, 46
32639,557, 76
32640,588, 93
32641,558, 100
32642,512, 92
32643,481, 80
32644,476, 70
32645,431, 57
32646,361, 37
32647,265, 10
32648,90, 0
32649,14, 0
32650,83, 0
32651,111, 0
32652,85, 0
32653,14, 0
32654,0, 0
32655,0, 0
32656,0, 0
32657,2, 0
32658,4, 0
32659,0, 0
32660,0, 0
32661,0, 0
32662,0, 0
32663,8, 0
32664,42, 0
32665,70, 0
32666,124, 0
32667,164, 0
32668,173, 0
32669,187, 0
32670,185, 0
32671,158, 0
32672,138, 0
32673,119, 0
32674,85, 0
32675,31, 0
32676,6, 0
32677,74, 0
32678,97, 0
32679,76, 0
32680,95, 0
32681,139, 0
32682,168, 0
32683,224, 0
32684,299, 0
32685,308, 0
32686,346, 0
32687,439, 15
32688,539, 50
32689,613, 87
32690,642, 117
32691,630, 130
32692,576, 122
32693,513, 105
32694,469, 81
32695,439, 63
32696,447, 52
32697,493, 59
32698,536, 71
32699,541, 84
32700,427, 71
32701,207, 17
32702,26, 0
32703,51, 0
32704,34, 0
32705,21, 0
32706,138, 0
32707,244, 0
32708,300, 0
32709,201, 0
32710,70, 0
32711,0, 0
32712,0, 0
32713,0, 0
32714,3, 0
32715,10, 0
32716,102, 0
32717,198, 0
32718,275, 0
32719,308, 0
32720,300, 0
32721,260, 0
32722,239, 0
32723,169, 0
32724,138, 0
32725,59, 0
32726,27, 0
32727,71, 0
32728,75, 0
32729,19, 0
32730,53, 0
32731,214, 0
32732,359, 0
32733,465, 27
32734,497, 57
32735,428, 62
32736,312, 38
32737,170, 3
32738,35, 0
32739,0, 0
32740,0, 0
32741,0, 0
32742,29, 0
32743,83, 0
32744,192, 0
32745,316, 0
32746,404, 4
32747,494, 32
32748,568, 70
32749,616, 96
32750,643, 122
32751,629, 133
32752,569, 127
32753,469, 95
32754,376, 54
32755,330, 22
32756,359, 9
32757,441, 19
32758,523, 51
32759,582, 78
32760,587, 102
32761,526, 100
32762,478, 80
32763,479, 69
32764,535, 76
32765,607, 96
32766,705, 132
32767,830, 181
32768,995, 238
32769,1118, 305
32770,1094, 337
32771,973, 337
32772,814, 300
32773,542, 220
32774,265, 103
32775,46, 7
32776,95, 0
32777,238, 0
32778,355, 0
32779,493, 27
32780,590, 76
32781,635, 116
32782,642, 139
32783,624, 145
32784,585, 141
32785,501, 120
32786,345, 75
32787,159, 13
32788,38, 0
32789,1, 0
32790,7, 0
32791,157, 0
32792,377, 0
32793,542, 44
32794,578, 88
32795,532, 99
32796,449, 88
32797,374, 57
32798,331, 31
32799,297, 14
32800,289, 3
32801,263, 0
32802,183, 0
32803,64, 0
32804,25, 0
32805,208, 0
32806,379, 0
32807,473, 24
32808,502, 51
32809,461, 57
32810,441, 51
32811,463, 51
32812,506, 59
32813,563, 80
32814,635, 105
32815,725, 143
32816,772, 174
32817,778, 196
32818,736, 196
32819,639, 177
32820,547, 139
32821,491, 102
32822,418, 72
32823,348, 38
32824,270, 7
32825,189, 0
32826,116, 0
32827,62, 0
32828,9, 0
32829,0, 0
32830,13, 0
32831,89, 0
32832,145, 0
32833,139, 0
32834,101, 0
32835,46, 0
32836,24, 0
32837,110, 0
32838,193, 0
32839,258, 0
32840,308, 0
32841,342, 3
32842,380, 13
32843,382, 25
32844,326, 17
32845,207, 2
32846,57, 0
32847,19, 0
32848,74, 0
32849,122, 0
32850,153, 0
32851,177, 0
32852,230, 0
32853,276, 0
32854,270, 0
32855,203, 0
32856,128, 0
32857,38, 0
32858,10, 0
32859,15, 0
32860,6, 0
32861,38, 0
32862,150, 0
32863,179, 0
32864,128, 0
32865,46, 0
32866,54, 0
32867,200, 0
32868,261, 0
32869,246, 0
32870,207, 0
32871,166, 0
32872,179, 0
32873,206, 0
32874,241, 0
32875,318, 0
32876,402, 3
32877,497, 32
32878,579, 70
32879,654, 107
32880,702, 140
32881,722, 158
32882,705, 170
32883,671, 167
32884,609, 150
32885,543, 127
32886,481, 95
32887,446, 73
32888,442, 58
32889,427, 50
32890,354, 31
32891,280, 12
32892,176, 0
32893,130, 0
32894,161, 0
32895,219, 0
32896,306, 0
32897,438, 10
32898,497, 47
32899,499, 67
32900,420, 65
32901,289, 31
32902,164, 0
32903,44, 0
32904,41, 0
32905,132, 0
32906,154, 0
32907,105, 0
32908,13, 0
32909,75, 0
32910,177, 0
32911,236, 0
32912,239, 0
32913,172, 0
32914,74, 0
32915,17, 0
32916,133, 0
32917,272, 0
32918,340, 0
32919,337, 5
32920,265, 1
32921,176, 0
32922,83, 0
32923,15, 0
32924,12, 0
32925,36, 0
32926,8, 0
32927,2, 0
32928,1, 0
32929,0, 0
32930,34, 0
32931,41, 0
32932,85, 0
32933,144, 0
32934,208, 0
32935,245, 0
32936,257, 0
32937,220, 0
32938,198, 0
32939,199, 0
32940,226, 0
32941,252, 0
32942,300, 0
32943,359, 0
32944,402, 10
32945,409, 23
32946,402, 25
32947,355, 19
32948,311, 6
32949,325, 1
32950,319, 2
32951,368, 2
32952,382, 13
32953,348, 15
32954,339, 12
32955,363, 13
32956,362, 13
32957,336, 8
32958,328, 7
32959,349, 7
32960,439, 25
32961,529, 57
32962,612, 95
32963,645, 128
32964,597, 140
32965,456, 112
32966,282, 53
32967,92, 3
32968,44, 0
32969,174, 0
32970,275, 0
32971,317, 0
32972,290, 0
32973,259, 0
32974,307, 0
32975,407, 12
32976,503, 50
32977,582, 89
32978,604, 115
32979,561, 123
32980,502, 107
32981,393, 76
32982,312, 36
32983,276, 8
32984,241, 0
32985,121, 0
32986,20, 0
32987,133, 0
32988,300, 0
32989,385, 1
32990,382, 11
32991,370, 17
32992,396, 15
32993,481, 36
32994,582, 70
32995,677, 110
32996,774, 156
32997,897, 204
32998,1031, 262
32999,1097, 309
33000,1047, 329
33001,864, 311
33002,570, 229
33003,235, 102
33004,22, 3
33005,69, 0
33006,19, 0
33007,108, 0
33008,259, 0
33009,348, 0
33010,396, 10
33011,433, 26
33012,467, 41
33013,416, 51
33014,214, 13
33015,31, 0
33016,170, 0
33017,262, 0
33018,236, 0
33019,119, 0
33020,40, 0
33021,0, 0
33022,0, 0
33023,0, 0
33024,0, 0
33025,3, 0
33026,87, 0
33027,210, 0
33028,306, 0
33029,383, 6
33030,387, 20
33031,395, 29
33032,385, 35
33033,344, 26
33034,276, 9
33035,236, 0
33036,232, 0
33037,237, 0
33038,229, 0
33039,203, 0
33040,145, 0
33041,77, 0
33042,19, 0
33043,0, 0
33044,0, 0
33045,0, 0
33046,0, 0
33047,0, 0
33048,11, 0
33049,104, 0
33050,204, 0
33051,299, 0
33052,394, 2
33053,496, 31
33054,593, 70
33055,673, 110
33056,730, 147
33057,736, 168
33058,689, 175
33059,625, 158
33060,566, 135
33061,533, 107
33062,524, 95
33063,531, 91
33064,582, 96
33065,654, 121
33066,678, 143
33067,630, 145
33068,549, 126
33069,515, 102
33070,519, 91
33071,537, 91
33072,495, 87
33073,373, 57
33074,180, 12
33075,40, 0
33076,174, 0
33077,238, 0
33078,266, 0
33079,282, 0
33080,266, 0
33081,257, 0
33082,249, 0
33083,207, 0
33084,130, 0
33085,21, 0
33086,65, 0
33087,163, 0
33088,213, 0
33089,190, 0
33090,119, 0
33091,17, 0
33092,34, 0
33093,103, 0
33094,152, 0
33095,161, 0
33096,197, 0
33097,226, 0
33098,241, 0
33099,244, 0
33100,248, 0
33101,213, 0
33102,147, 0
33103,76, 0
33104,27, 0
33105,6, 0
33106,12, 0
33107,102, 0
33108,216, 0
33109,293, 0
33110,408, 6
33111,514, 36
33112,559, 76
33113,548, 89
33114,491, 84
33115,421, 62
33116,371, 35
33117,329, 13
33118,304, 1
33119,327, 0
33120,415, 7
33121,523, 43
33122,600, 78
33123,632, 109
33124,592, 119
33125,518, 103
33126,439, 77
33127,363, 44
33128,326, 17
33129,300, 2
33130,270, 0
33131,245, 0
33132,228, 0
33133,196, 0
33134,131, 0
33135,22, 0
33136,110, 0
33137,215, 0
33138,223, 0
33139,191, 0
33140,120, 0
33141,12, 0
33142,38, 0
33143,115, 0
33144,155, 0
33145,168, 0
33146,152, 0
33147,152, 0
33148,180, 0
33149,185, 0
33150,141, 0
33151,44, 0
33152,37, 0
33153,119, 0
33154,141, 0
33155,121, 0
33156,115, 0
33157,211, 0
33158,346, 0
33159,453, 25
33160,495, 57
33161,481, 70
33162,432, 64
33163,403, 51
33164,374, 38
33165,344, 26
33166,287, 9
33167,170, 0
33168,26, 0
33169,139, 0
33170,304, 0
33171,465, 14
33172,535, 53
33173,524, 76
33174,487, 74
33175,458, 64
33176,418, 51
33177,430, 41
33178,468, 44
33179,522, 58
33180,599, 89
33181,689, 122
33182,759, 158
33183,806, 191
33184,771, 206
33185,678, 193
33186,493, 142
33187,270, 62
33188,75, 0
33189,0, 0
33190,3, 0
33191,3, 0
33192,42, 0
33193,102, 0
33194,138, 0
33195,159, 0
33196,140, 0
33197,86, 0
33198,45, 0
33199,45, 0
33200,72, 0
33201,138, 0
33202,183, 0
33203,182, 0
33204,179, 0
33205,187, 0
33206,196, 0
33207,241, 0
33208,309, 0
33209,373, 7
33210,400, 23
33211,382, 29
33212,316, 17
33213,207, 1
33214,64, 0
33215,79, 0
33216,202, 0
33217,300, 0
33218,368, 5
33219,398, 21
33220,369, 27
33221,312, 15
33222,219, 0
33223,108, 0
33224,12, 0
33225,71, 0
33226,163, 0
33227,183, 0
33228,173, 0
33229,172, 0
33230,207, 0
33231,287, 0
33232,416, 8
33233,524, 43
33234,579, 78
33235,607, 103
33236,585, 113
33237,479, 92
33238,338, 52
33239,188, 5
33240,80, 0
33241,43, 0
33242,57, 0
33243,81, 0
33244,111, 0
33245,173, 0
33246,247, 0
33247,345, 0
33248,461, 15
33249,575, 56
33250,661, 103
33251,710, 142
33252,680, 159
33253,555, 139
33254,308, 78
33255,58, 3
33256,223, 0
33257,400, 1
33258,465, 30
33259,409, 40
33260,305, 19
33261,199, 0
33262,111, 0
33263,48, 0
33264,15, 0
33265,0, 0
33266,39, 0
33267,105, 0
33268,129, 0
33269,83, 0
33270,7, 0
33271,51, 0
33272,124, 0
33273,149, 0
33274,121, 0
33275,85, 0
33276,41, 0
33277,1, 0
33278,0, 0
33279,0, 0
33280,0, 0
33281,8, 0
33282,27, 0
33283,38, 0
33284,25, 0
33285,7, 0
33286,11, 0
33287,18, 0
33288,61, 0
33289,93, 0
33290,81, 0
33291,48, 0
33292,8, 0
33293,78, 0
33294,177, 0
33295,251, 0
33296,337, 0
33297,425, 9
33298,466, 29
33299,470, 45
33300,451, 48
33301,427, 41
33302,427, 40
33303,444, 40
33304,472, 45
33305,497, 56
33306,515, 70
33307,529, 77
33308,541, 85
33309,541, 89
33310,548, 90
33311,553, 95
33312,556, 100
33313,531, 95
33314,529, 92
33315,516, 89
33316,486, 80
33317,433, 65
33318,326, 37
33319,188, 2
33320,84, 0
33321,45, 0
33322,69, 0
33323,152, 0
33324,232, 0
33325,252, 0
33326,244, 0
33327,254, 0
33328,306, 0
33329,304, 0
33330,257, 0
33331,196, 0
33332,127, 0
33333,75, 0
33334,32, 0
33335,8, 0
33336,125, 0
33337,258, 0
33338,344, 0
33339,355, 10
33340,308, 9
33341,221, 0
33342,149, 0
33343,122, 0
33344,139, 0
33345,165, 0
33346,190, 0
33347,123, 0
33348,40, 0
33349,4, 0
33350,25, 0
33351,96, 0
33352,142, 0
33353,171, 0
33354,214, 0
33355,232, 0
33356,238, 0
33357,265, 0
33358,338, 0
33359,401, 6
33360,452, 25
33361,476, 42
33362,472, 51
33363,464, 57
33364,466, 53
33365,496, 57
33366,542, 73
33367,555, 88
33368,494, 85
33369,367, 55
33370,239, 11
33371,145, 0
33372,124, 0
33373,170, 0
33374,207, 0
33375,255, 0
33376,272, 0
33377,276, 0
33378,296, 0
33379,272, 0
33380,201, 0
33381,129, 0
33382,76, 0
33383,30, 0
33384,24, 0
33385,35, 0
33386,6, 0
33387,5, 0
33388,64, 0
33389,108, 0
33390,117, 0
33391,87, 0
33392,23, 0
33393,32, 0
33394,179, 0
33395,286, 0
33396,355, 0
33397,371, 13
33398,330, 18
33399,232, 2
33400,63, 0
33401,83, 0
33402,229, 0
33403,301, 0
33404,348, 1
33405,385, 15
33406,409, 27
33407,446, 42
33408,420, 46
33409,420, 45
33410,435, 48
33411,395, 43
33412,281, 20
33413,164, 0
33414,25, 0
33415,106, 0
33416,217, 0
33417,266, 0
33418,294, 0
33419,300, 0
33420,292, 0
33421,285, 0
33422,255, 0
33423,226, 0
33424,220, 0
33425,257, 0
33426,300, 0
33427,355, 0
33428,391, 9
33429,385, 14
33430,404, 23
33431,417, 27
33432,413, 29
33433,383, 24
33434,373, 19
33435,381, 19
33436,408, 23
33437,445, 35
33438,462, 44
33439,466, 51
33440,409, 51
33441,331, 29
33442,245, 3
33443,183, 0
33444,137, 0
33445,168, 0
33446,216, 0
33447,257, 0
33448,278, 0
33449,304, 0
33450,331, 1
33451,381, 13
33452,410, 28
33453,384, 31
33454,283, 17
33455,128, 0
33456,10, 0
33457,12, 0
33458,1, 0
33459,53, 0
33460,109, 0
33461,62, 0
33462,70, 0
33463,305, 0
33464,497, 24
33465,568, 72
33466,501, 89
33467,354, 62
33468,208, 12
33469,89, 0
33470,12, 0
33471,0, 0
33472,25, 0
33473,122, 0
33474,189, 0
33475,219, 0
33476,161, 0
33477,47, 0
33478,77, 0
33479,152, 0
33480,124, 0
33481,18, 0
33482,150, 0
33483,355, 0
33484,509, 20
33485,600, 71
33486,600, 100
33487,513, 96
33488,405, 67
33489,312, 29
33490,255, 2
33491,219, 0
33492,190, 0
33493,157, 0
33494,167, 0
33495,188, 0
33496,217, 0
33497,248, 0
33498,284, 0
33499,315, 0
33500,361, 1
33501,348, 6
33502,287, 1
33503,236, 0
33504,183, 0
33505,121, 0
33506,89, 0
33507,104, 0
33508,94, 0
33509,77, 0
33510,51, 0
33511,19, 0
33512,0, 0
33513,1, 0
33514,45, 0
33515,164, 0
33516,309, 0
33517,413, 10
33518,437, 36
33519,357, 36
33520,167, 5
33521,79, 0
33522,347, 0
33523,564, 38
33524,680, 107
33525,665, 145
33526,548, 141
33527,374, 93
33528,166, 24
33529,38, 0
33530,95, 0
33531,122, 0
33532,71, 0
33533,3, 0
33534,13, 0
33535,43, 0
33536,12, 0
33537,116, 0
33538,207, 0
33539,239, 0
33540,270, 0
33541,315, 0
33542,349, 0
33543,418, 12
33544,464, 31
33545,500, 51
33546,535, 70
33547,551, 83
33548,557, 92
33549,566, 95
33550,605, 108
33551,633, 120
33552,654, 136
33553,643, 140
33554,571, 131
33555,499, 107
33556,437, 76
33557,386, 47
33558,347, 28
33559,280, 5
33560,180, 0
33561,50, 0
33562,59, 0
33563,165, 0
33564,160, 0
33565,70, 0
33566,20, 0
33567,137, 0
33568,214, 0
33569,259, 0
33570,260, 0
33571,249, 0
33572,268, 0
33573,289, 0
33574,271, 0
33575,226, 0
33576,133, 0
33577,22, 0
33578,103, 0
33579,257, 0
33580,357, 1
33581,380, 17
33582,352, 21
33583,300, 11
33584,239, 0
33585,175, 0
33586,109, 0
33587,52, 0
33588,3, 0
33589,15, 0
33590,72, 0
33591,73, 0
33592,9, 0
33593,38, 0
33594,93, 0
33595,127, 0
33596,152, 0
33597,88, 0
33598,8, 0
33599,64, 0
33600,139, 0
33601,211, 0
33602,291, 0
33603,372, 0
33604,434, 12
33605,481, 39
33606,513, 60
33607,535, 75
33608,547, 85
33609,543, 90
33610,545, 92
33611,535, 93
33612,498, 83
33613,467, 71
33614,427, 53
33615,378, 35
33616,340, 20
33617,282, 2
33618,221, 0
33619,165, 0
33620,129, 0
33621,99, 0
33622,86, 0
33623,53, 0
33624,63, 0
33625,133, 0
33626,227, 0
33627,309, 0
33628,402, 6
33629,438, 35
33630,426, 41
33631,372, 38
33632,291, 15
33633,168, 0
33634,30, 0
33635,71, 0
33636,213, 0
33637,316, 0
33638,343, 4
33639,300, 4
33640,210, 0
33641,106, 0
33642,10, 0
33643,12, 0
33644,6, 0
33645,9, 0
33646,86, 0
33647,157, 0
33648,190, 0
33649,222, 0
33650,212, 0
33651,189, 0
33652,156, 0
33653,174, 0
33654,174, 0
33655,111, 0
33656,14, 0
33657,38, 0
33658,176, 0
33659,310, 0
33660,390, 0
33661,424, 22
33662,446, 38
33663,463, 47
33664,496, 56
33665,562, 74
33666,638, 104
33667,712, 137
33668,746, 164
33669,728, 183
33670,653, 171
33671,538, 137
33672,395, 85
33673,244, 23
33674,145, 0
33675,115, 0
33676,131, 0
33677,199, 0
33678,226, 0
33679,244, 0
33680,255, 0
33681,247, 0
33682,214, 0
33683,152, 0
33684,36, 0
33685,5, 0
33686,27, 0
33687,12, 0
33688,9, 0
33689,0, 0
33690,3, 0
33691,67, 0
33692,165, 0
33693,263, 0
33694,327, 0
33695,311, 2
33696,202, 0
33697,36, 0
33698,106, 0
33699,228, 0
33700,287, 0
33701,276, 0
33702,244, 0
33703,202, 0
33704,166, 0
33705,144, 0
33706,139, 0
33707,125, 0
33708,87, 0
33709,51, 0
33710,32, 0
33711,27, 0
33712,2, 0
33713,3, 0
33714,12, 0
33715,17, 0
33716,0, 0
33717,18, 0
33718,74, 0
33719,176, 0
33720,256, 0
33721,287, 0
33722,315, 0
33723,374, 1
33724,450, 23
33725,510, 44
33726,555, 74
33727,567, 90
33728,538, 92
33729,532, 89
33730,536, 88
33731,537, 88
33732,538, 89
33733,527, 90
33734,502, 81
33735,497, 77
33736,473, 70
33737,453, 57
33738,432, 53
33739,405, 43
33740,398, 31
33741,362, 22
33742,342, 13
33743,342, 9
33744,322, 4
33745,242, 0
33746,177, 0
33747,156, 0
33748,77, 0
33749,18, 0
33750,7, 0
33751,71, 0
33752,161, 0
33753,180, 0
33754,129, 0
33755,57, 0
33756,6, 0
33757,0, 0
33758,0, 0
33759,0, 0
33760,1, 0
33761,12, 0
33762,29, 0
33763,25, 0
33764,10, 0
33765,0, 0
33766,0, 0
33767,1, 0
33768,9, 0
33769,19, 0
33770,2, 0
33771,11, 0
33772,72, 0
33773,125, 0
33774,156, 0
33775,167, 0
33776,130, 0
33777,57, 0
33778,0, 0
33779,17, 0
33780,80, 0
33781,116, 0
33782,117, 0
33783,92, 0
33784,90, 0
33785,102, 0
33786,121, 0
33787,204, 0
33788,261, 0
33789,299, 0
33790,330, 0
33791,364, 0
33792,391, 11
33793,433, 25
33794,457, 38
33795,476, 44
33796,477, 54
33797,481, 60
33798,485, 61
33799,493, 67
33800,497, 69
33801,457, 64
33802,408, 51
33803,333, 27
33804,267, 5
33805,189, 0
33806,110, 0
33807,86, 0
33808,133, 0
33809,159, 0
33810,176, 0
33811,183, 0
33812,164, 0
33813,145, 0
33814,129, 0
33815,125, 0
33816,124, 0
33817,132, 0
33818,149, 0
33819,143, 0
33820,86, 0
33821,26, 0
33822,142, 0
33823,314, 0
33824,430, 15
33825,465, 44
33826,420, 51
33827,353, 38
33828,275, 14
33829,208, 0
33830,165, 0
33831,151, 0
33832,149, 0
33833,123, 0
33834,104, 0
33835,47, 0
33836,51, 0
33837,31, 0
33838,4, 0
33839,23, 0
33840,101, 0
33841,220, 0
33842,321, 0
33843,367, 0
33844,370, 8
33845,379, 12
33846,395, 19
33847,420, 24
33848,456, 34
33849,463, 42
33850,433, 41
33851,411, 38
33852,387, 30
33853,391, 26
33854,435, 29
33855,464, 39
33856,496, 51
33857,530, 70
33858,529, 79
33859,490, 79
33860,485, 74
33861,457, 64
33862,409, 51
33863,388, 37
33864,373, 26
33865,360, 18
33866,314, 6
33867,244, 0
33868,241, 0
33869,291, 0
33870,327, 0
33871,355, 4
33872,331, 7
33873,231, 0
33874,89, 0
33875,14, 0
33876,128, 0
33877,220, 0
33878,227, 0
33879,214, 0
33880,183, 0
33881,145, 0
33882,127, 0
33883,101, 0
33884,73, 0
33885,37, 0
33886,11, 0
33887,0, 0
33888,10, 0
33889,39, 0
33890,73, 0
33891,68, 0
33892,54, 0
33893,6, 0
33894,0, 0
33895,4, 0
33896,87, 0
33897,167, 0
33898,210, 0
33899,174, 0
33900,130, 0
33901,38, 0
33902,63, 0
33903,204, 0
33904,268, 0
33905,325, 0
33906,380, 3
33907,433, 20
33908,473, 38
33909,506, 56
33910,501, 64
33911,460, 64
33912,411, 50
33913,371, 31
33914,361, 14
33915,391, 15
33916,430, 27
33917,442, 36
33918,456, 42
33919,434, 44
33920,413, 38
33921,387, 30
33922,353, 19
33923,319, 6
33924,306, 1
33925,304, 0
33926,330, 0
33927,338, 0
33928,287, 0
33929,261, 0
33930,222, 0
33931,152, 0
33932,104, 0
33933,25, 0
33934,4, 0
33935,53, 0
33936,77, 0
33937,83, 0
33938,70, 0
33939,40, 0
33940,10, 0
33941,0, 0
33942,10, 0
33943,57, 0
33944,44, 0
33945,4, 0
33946,18, 0
33947,75, 0
33948,121, 0
33949,158, 0
33950,207, 0
33951,233, 0
33952,216, 0
33953,216, 0
33954,183, 0
33955,145, 0
33956,96, 0
33957,83, 0
33958,122, 0
33959,129, 0
33960,83, 0
33961,12, 0
33962,45, 0
33963,195, 0
33964,322, 0
33965,390, 2
33966,436, 23
33967,481, 41
33968,494, 57
33969,494, 63
33970,505, 69
33971,512, 74
33972,524, 76
33973,547, 84
33974,559, 95
33975,547, 97
33976,499, 89
33977,378, 57
33978,257, 13
33979,196, 0
33980,168, 0
33981,208, 0
33982,249, 0
33983,280, 0
33984,291, 0
33985,314, 0
33986,332, 1
33987,348, 3
33988,336, 5
33989,308, 2
33990,282, 0
33991,257, 0
33992,192, 0
33993,133, 0
33994,73, 0
33995,37, 0
33996,37, 0
33997,94, 0
33998,187, 0
33999,249, 0
34000,246, 0
34001,176, 0
34002,42, 0
34003,65, 0
34004,185, 0
34005,253, 0
34006,252, 0
34007,201, 0
34008,129, 0
34009,68, 0
34010,47, 0
34011,76, 0
34012,99, 0
34013,105, 0
34014,129, 0
34015,138, 0
34016,150, 0
34017,133, 0
34018,164, 0
34019,180, 0
34020,183, 0
34021,147, 0
34022,83, 0
34023,12, 0
34024,92, 0
34025,206, 0
34026,253, 0
34027,269, 0
34028,280, 0
34029,282, 0
34030,305, 0
34031,337, 0
34032,361, 1
34033,384, 11
34034,416, 22
34035,435, 31
34036,439, 38
34037,453, 43
34038,420, 43
34039,393, 31
34040,340, 19
34041,341, 9
34042,326, 2
34043,324, 0
34044,313, 0
34045,311, 0
34046,322, 0
34047,336, 1
34048,336, 0
34049,271, 0
34050,191, 0
34051,143, 0
34052,100, 0
34053,84, 0
34054,62, 0
34055,62, 0
34056,40, 0
34057,22, 0
34058,12, 0
34059,5, 0
34060,0, 0
34061,6, 0
34062,0, 0
34063,0, 0
34064,0, 0
34065,3, 0
34066,14, 0
34067,43, 0
34068,61, 0
34069,61, 0
34070,63, 0
34071,63, 0
34072,62, 0
34073,57, 0
34074,39, 0
34075,15, 0
34076,3, 0
34077,0, 0
34078,10, 0
34079,0, 0
34080,20, 0
34081,39, 0
34082,19, 0
34083,2, 0
34084,86, 0
34085,218, 0
34086,315, 0
34087,365, 0
34088,391, 11
34089,413, 23
34090,420, 30
34091,420, 31
34092,437, 36
34093,420, 40
34094,395, 31
34095,396, 26
34096,381, 19
34097,385, 19
34098,398, 20
34099,398, 24
34100,395, 21
34101,379, 22
34102,387, 22
34103,391, 21
34104,391, 24
34105,381, 23
34106,348, 17
34107,329, 9
34108,304, 2
34109,267, 0
34110,176, 0
34111,78, 0
34112,31, 0
34113,27, 0
34114,37, 0
34115,70, 0
34116,106, 0
34117,94, 0
34118,76, 0
34119,58, 0
34120,31, 0
34121,2, 0
34122,0, 0
34123,11, 0
34124,32, 0
34125,44, 0
34126,46, 0
34127,45, 0
34128,75, 0
34129,63, 0
34130,56, 0
34131,51, 0
34132,54, 0
34133,59, 0
34134,64, 0
34135,63, 0
34136,77, 0
34137,58, 0
34138,40, 0
34139,12, 0
34140,20, 0
34141,57, 0
34142,67, 0
34143,35, 0
34144,0, 0
34145,42, 0
34146,158, 0
34147,238, 0
34148,291, 0
34149,325, 0
34150,364, 3
34151,403, 12
34152,441, 26
34153,482, 44
34154,515, 63
34155,541, 76
34156,569, 90
34157,549, 95
34158,503, 89
34159,441, 70
34160,370, 40
34161,300, 12
34162,263, 0
34163,249, 0
34164,266, 0
34165,290, 0
34166,286, 0
34167,291, 0
34168,295, 0
34169,283, 0
34170,246, 0
34171,161, 0
34172,68, 0
34173,31, 0
34174,23, 0
34175,41, 0
34176,76, 0
34177,133, 0
34178,154, 0
34179,157, 0
34180,164, 0
34181,176, 0
34182,176, 0
34183,164, 0
34184,140, 0
34185,52, 0
34186,20, 0
34187,139, 0
34188,261, 0
34189,330, 0
34190,286, 0
34191,207, 0
34192,131, 0
34193,103, 0
34194,111, 0
34195,132, 0
34196,139, 0
34197,130, 0
34198,109, 0
34199,63, 0
34200,28, 0
34201,11, 0
34202,38, 0
34203,63, 0
34204,61, 0
34205,20, 0
34206,19, 0
34207,139, 0
34208,238, 0
34209,294, 0
34210,330, 0
34211,373, 3
34212,428, 20
34213,486, 39
34214,529, 62
34215,542, 79
34216,535, 84
34217,523, 83
34218,493, 76
34219,452, 64
34220,417, 47
34221,378, 31
34222,338, 14
34223,325, 4
34224,298, 0
34225,306, 0
34226,326, 0
34227,315, 0
34228,314, 0
34229,308, 0
34230,294, 0
34231,257, 0
34232,173, 0
34233,102, 0
34234,86, 0
34235,108, 0
34236,141, 0
34237,193, 0
34238,223, 0
34239,197, 0
34240,135, 0
34241,40, 0
34242,4, 0
34243,52, 0
34244,95, 0
34245,105, 0
34246,106, 0
34247,96, 0
34248,91, 0
34249,95, 0
34250,92, 0
34251,74, 0
34252,80, 0
34253,79, 0
34254,89, 0
34255,89, 0
34256,71, 0
34257,35, 0
34258,13, 0
34259,0, 0
34260,11, 0
34261,12, 0
34262,2, 0
34263,0, 0
34264,4, 0
34265,1, 0
34266,0, 0
34267,48, 0
34268,150, 0
34269,210, 0
34270,259, 0
34271,296, 0
34272,326, 0
34273,338, 1
34274,377, 6
34275,405, 14
34276,415, 25
34277,415, 26
34278,420, 30
34279,423, 32
34280,432, 37
34281,447, 39
34282,447, 44
34283,446, 46
34284,439, 44
34285,425, 43
34286,403, 37
34287,383, 27
34288,362, 19
34289,338, 11
34290,321, 6
34291,296, 0
34292,256, 0
34293,175, 0
34294,88, 0
34295,51, 0
34296,46, 0
34297,61, 0
34298,92, 0
34299,118, 0
34300,108, 0
34301,86, 0
34302,62, 0
34303,51, 0
34304,5, 0
34305,0, 0
34306,1, 0
34307,19, 0
34308,37, 0
34309,61, 0
34310,76, 0
34311,88, 0
34312,92, 0
34313,89, 0
34314,95, 0
34315,106, 0
34316,109, 0
34317,95, 0
34318,73, 0
34319,47, 0
34320,25, 0
34321,3, 0
34322,3, 0
34323,25, 0
34324,54, 0
34325,53, 0
34326,6, 0
34327,10, 0
34328,107, 0
34329,217, 0
34330,287, 0
34331,306, 0
34332,309, 0
34333,325, 0
34334,344, 1
34335,367, 3
34336,391, 12
34337,406, 20
34338,418, 25
34339,428, 32
34340,446, 38
34341,446, 39
34342,477, 50
34343,447, 47
34344,433, 43
34345,427, 41
34346,405, 38
34347,385, 27
34348,373, 22
34349,342, 12
34350,325, 5
34351,307, 1
34352,286, 0
34353,238, 0
34354,142, 0
34355,58, 0
34356,26, 0
34357,19, 0
34358,19, 0
34359,60, 0
34360,112, 0
34361,143, 0
34362,174, 0
34363,189, 0
34364,193, 0
34365,144, 0
34366,54, 0
34367,31, 0
34368,148, 0
34369,232, 0
34370,226, 0
34371,219, 0
34372,175, 0
34373,128, 0
34374,89, 0
34375,80, 0
34376,74, 0
34377,70, 0
34378,38, 0
34379,5, 0
34380,0, 0
34381,9, 0
34382,0, 0
34383,0, 0
34384,10, 0
34385,38, 0
34386,51, 0
34387,13, 0
34388,2, 0
34389,96, 0
34390,208, 0
34391,282, 0
34392,314, 0
34393,345, 0
34394,361, 3
34395,390, 11
34396,411, 19
34397,418, 27
34398,430, 34
34399,439, 37
34400,453, 44
34401,452, 45
34402,455, 45
34403,444, 48
34404,427, 44
34405,418, 39
34406,409, 31
34407,379, 26
34408,378, 24
34409,348, 19
34410,338, 8
34411,319, 4
34412,306, 0
34413,287, 0
34414,241, 0
34415,158, 0
34416,89, 0
34417,54, 0
34418,45, 0
34419,63, 0
34420,89, 0
34421,99, 0
34422,81, 0
34423,48, 0
34424,27, 0
34425,6, 0
34426,0, 0
34427,0, 0
34428,17, 0
34429,35, 0
34430,46, 0
34431,57, 0
34432,71, 0
34433,83, 0
34434,69, 0
34435,83, 0
34436,87, 0
34437,117, 0
34438,118, 0
34439,96, 0
34440,70, 0
34441,58, 0
34442,31, 0
34443,6, 0
34444,6, 0
34445,31, 0
34446,61, 0
34447,60, 0
34448,26, 0
34449,4, 0
34450,99, 0
34451,207, 0
34452,280, 0
34453,306, 0
34454,332, 0
34455,356, 3
34456,383, 8
34457,403, 19
34458,416, 27
34459,426, 31
34460,427, 34
34461,439, 40
34462,445, 41
34463,457, 43
34464,464, 50
34465,453, 51
34466,444, 48
34467,424, 45
34468,389, 37
34469,396, 27
34470,373, 22
34471,357, 15
34472,332, 6
34473,313, 3
34474,301, 0
34475,243, 0
34476,145, 0
34477,65, 0
34478,50, 0
34479,47, 0
34480,75, 0
34481,104, 0
34482,118, 0
34483,102, 0
34484,73, 0
34485,51, 0
34486,21, 0
34487,3, 0
34488,0, 0
34489,7, 0
34490,29, 0
34491,40, 0
34492,63, 0
34493,70, 0
34494,85, 0
34495,78, 0
34496,76, 0
34497,89, 0
34498,105, 0
34499,105, 0
34500,84, 0
34501,63, 0
34502,48, 0
34503,24, 0
34504,3, 0
34505,2, 0
34506,28, 0
34507,60, 0
34508,62, 0
34509,13, 0
34510,3, 0
34511,101, 0
34512,210, 0
34513,283, 0
34514,306, 0
34515,334, 0
34516,353, 4
34517,375, 7
34518,396, 15
34519,411, 24
34520,415, 26
34521,413, 26
34522,431, 31
34523,438, 38
34524,458, 38
34525,465, 48
34526,453, 50
34527,447, 46
34528,439, 45
34529,420, 39
34530,394, 31
34531,368, 22
34532,342, 12
34533,318, 5
34534,310, 1
34535,285, 0
34536,231, 0
34537,124, 0
34538,62, 0
34539,35, 0
34540,35, 0
34541,74, 0
34542,94, 0
34543,104, 0
34544,90, 0
34545,64, 0
34546,40, 0
34547,13, 0
34548,0, 0
34549,0, 0
34550,15, 0
34551,34, 0
34552,47, 0
34553,51, 0
34554,75, 0
34555,90, 0
34556,84, 0
34557,78, 0
34558,96, 0
34559,106, 0
34560,107, 0
34561,89, 0
34562,61, 0
34563,46, 0
34564,29, 0
34565,11, 0
34566,7, 0
34567,41, 0
34568,72, 0
34569,55, 0
34570,13, 0
34571,14, 0
34572,126, 0
34573,226, 0
34574,285, 0
34575,310, 0
34576,331, 0
34577,357, 3
34578,369, 9
34579,396, 15
34580,411, 25
34581,408, 26
34582,427, 35
34583,440, 39
34584,447, 41
34585,455, 44
34586,463, 50
34587,447, 51
34588,439, 46
34589,425, 43
34590,406, 38
34591,387, 28
34592,361, 17
34593,338, 10
34594,322, 2
34595,309, 0
34596,283, 0
34597,224, 0
34598,133, 0
34599,62, 0
34600,56, 0
34601,44, 0
34602,58, 0
34603,91, 0
34604,95, 0
34605,83, 0
34606,58, 0
34607,39, 0
34608,4, 0
34609,0, 0
34610,4, 0
34611,21, 0
34612,41, 0
34613,53, 0
34614,65, 0
34615,85, 0
34616,101, 0
34617,79, 0
34618,81, 0
34619,86, 0
34620,92, 0
34621,99, 0
34622,81, 0
34623,58, 0
34624,31, 0
34625,7, 0
34626,0, 0
34627,18, 0
34628,53, 0
34629,70, 0
34630,55, 0
34631,19, 0
34632,10, 0
34633,121, 0
34634,216, 0
34635,282, 0
34636,309, 0
34637,325, 0
34638,361, 2
34639,374, 7
34640,404, 15
34641,415, 26
34642,427, 29
34643,431, 36
34644,439, 40
34645,430, 41
34646,447, 40
34647,447, 45
34648,428, 42
34649,415, 38
34650,373, 31
34651,380, 22
34652,355, 19
34653,348, 13
34654,355, 9
34655,352, 8
34656,351, 7
34657,342, 10
34658,284, 1
34659,198, 0
34660,138, 0
34661,108, 0
34662,95, 0
34663,108, 0
34664,133, 0
34665,128, 0
34666,99, 0
34667,70, 0
34668,18, 0
34669,0, 0
34670,7, 0
34671,24, 0
34672,24, 0
34673,12, 0
34674,12, 0
34675,28, 0
34676,74, 0
34677,105, 0
34678,123, 0
34679,144, 0
34680,171, 0
34681,196, 0
34682,204, 0
34683,196, 0
34684,163, 0
34685,139, 0
34686,113, 0
34687,94, 0
34688,92, 0
34689,113, 0
34690,100, 0
34691,51, 0
34692,5, 0
34693,34, 0
34694,168, 0
34695,260, 0
34696,327, 0
34697,351, 0
34698,373, 8
34699,402, 18
34700,402, 25
34701,449, 35
34702,457, 44
34703,465, 50
34704,473, 51
34705,473, 53
34706,477, 57
34707,490, 61
34708,494, 63
34709,473, 59
34710,473, 60
34711,439, 52
34712,409, 44
34713,398, 38
34714,369, 25
34715,346, 12
34716,325, 6
34717,318, 0
34718,296, 0
34719,215, 0
34720,111, 0
34721,57, 0
34722,38, 0
34723,45, 0
34724,76, 0
34725,106, 0
34726,108, 0
34727,91, 0
34728,65, 0
34729,43, 0
34730,12, 0
34731,0, 0
34732,0, 0
34733,9, 0
34734,28, 0
34735,46, 0
34736,64, 0
34737,93, 0
34738,102, 0
34739,96, 0
34740,95, 0
34741,111, 0
34742,139, 0
34743,108, 0
34744,106, 0
34745,95, 0
34746,73, 0
34747,46, 0
34748,9, 0
34749,6, 0
34750,38, 0
34751,19, 0
34752,1, 0
34753,17, 0
34754,97, 0
34755,226, 0
34756,326, 0
34757,385, 2
34758,408, 19
34759,419, 27
34760,411, 30
34761,390, 26
34762,361, 19
34763,338, 8
34764,337, 4
34765,319, 0
34766,321, 0
34767,327, 0
34768,348, 0
34769,364, 6
34770,389, 11
34771,402, 19
34772,420, 24
34773,442, 36
34774,453, 44
34775,455, 47
34776,439, 50
34777,417, 44
34778,380, 32
34779,326, 20
34780,219, 2
34781,89, 0
34782,18, 0
34783,0, 0
34784,7, 0
34785,1, 0
34786,5, 0
34787,13, 0
34788,6, 0
34789,0, 0
34790,0, 0
34791,0, 0
34792,10, 0
34793,12, 0
34794,15, 0
34795,22, 0
34796,24, 0
34797,34, 0
34798,58, 0
34799,85, 0
34800,96, 0
34801,112, 0
34802,136, 0
34803,139, 0
34804,126, 0
34805,118, 0
34806,93, 0
34807,72, 0
34808,47, 0
34809,22, 0
34810,29, 0
34811,57, 0
34812,65, 0
34813,35, 0
34814,0, 0
34815,53, 0
34816,176, 0
34817,263, 0
34818,318, 0
34819,341, 0
34820,368, 4
34821,409, 14
34822,425, 23
34823,431, 31
34824,444, 38
34825,446, 44
34826,456, 43
34827,464, 48
34828,473, 51
34829,481, 53
34830,480, 57
34831,481, 58
34832,444, 54
34833,446, 51
34834,428, 44
34835,402, 37
34836,395, 29
34837,378, 23
34838,359, 18
34839,339, 10
34840,309, 4
34841,220, 0
34842,130, 0
34843,83, 0
34844,72, 0
34845,63, 0
34846,83, 0
34847,89, 0
34848,75, 0
34849,51, 0
34850,18, 0
34851,4, 0
34852,0, 0
34853,4, 0
34854,21, 0
34855,34, 0
34856,52, 0
34857,62, 0
34858,75, 0
34859,91, 0
34860,92, 0
34861,104, 0
34862,94, 0
34863,111, 0
34864,115, 0
34865,115, 0
34866,93, 0
34867,64, 0
34868,44, 0
34869,21, 0
34870,9, 0
34871,38, 0
34872,74, 0
34873,74, 0
34874,38, 0
34875,7, 0
34876,44, 0
34877,168, 0
34878,256, 0
34879,300, 0
34880,330, 0
34881,356, 1
34882,386, 9
34883,407, 19
34884,432, 28
34885,439, 38
34886,451, 42
34887,463, 44
34888,469, 50
34889,485, 52
34890,493, 62
34891,484, 64
34892,488, 64
34893,472, 63
34894,454, 57
34895,431, 48
34896,401, 39
34897,373, 25
34898,354, 15
34899,337, 9
34900,312, 5
34901,283, 0
34902,196, 0
34903,100, 0
34904,57, 0
34905,38, 0
34906,41, 0
34907,86, 0
34908,117, 0
34909,111, 0
34910,94, 0
34911,68, 0
34912,42, 0
34913,20, 0
34914,0, 0
34915,1, 0
34916,5, 0
34917,34, 0
34918,35, 0
34919,52, 0
34920,63, 0
34921,63, 0
34922,59, 0
34923,68, 0
34924,74, 0
34925,60, 0
34926,29, 0
34927,8, 0
34928,0, 0
34929,0, 0
34930,0, 0
34931,10, 0
34932,64, 0
34933,124, 0
34934,145, 0
34935,96, 0
34936,41, 0
34937,30, 0
34938,165, 0
34939,251, 0
34940,305, 0
34941,306, 0
34942,293, 0
34943,294, 0
34944,300, 0
34945,325, 0
34946,359, 3
34947,427, 13
34948,483, 35
34949,546, 64
34950,604, 93
34951,644, 116
34952,639, 133
34953,620, 135
34954,529, 116
34955,420, 83
34956,276, 29
34957,183, 0
34958,138, 0
34959,148, 0
34960,191, 0
34961,231, 0
34962,239, 0
34963,159, 0
34964,70, 0
34965,26, 0
34966,13, 0
34967,21, 0
34968,60, 0
34969,87, 0
34970,90, 0
34971,76, 0
34972,45, 0
34973,30, 0
34974,0, 0
34975,2, 0
34976,25, 0
34977,43, 0
34978,70, 0
34979,93, 0
34980,108, 0
34981,127, 0
34982,119, 0
34983,108, 0
34984,107, 0
34985,115, 0
34986,83, 0
34987,63, 0
34988,47, 0
34989,30, 0
34990,21, 0
34991,31, 0
34992,40, 0
34993,88, 0
34994,105, 0
34995,81, 0
34996,30, 0
34997,3, 0
34998,96, 0
34999,218, 0
35000,299, 0
35001,330, 0
35002,343, 0
35003,369, 6
35004,391, 12
35005,403, 20
35006,415, 26
35007,425, 31
35008,427, 35
35009,432, 36
35010,436, 38
35011,446, 39
35012,456, 44
35013,446, 44
35014,447, 46
35015,437, 43
35016,433, 40
35017,411, 38
35018,386, 30
35019,361, 21
35020,346, 12
35021,326, 6
35022,311, 0
35023,280, 0
35024,187, 0
35025,108, 0
35026,79, 0
35027,93, 0
35028,111, 0
35029,159, 0
35030,159, 0
35031,155, 0
35032,133, 0
35033,85, 0
35034,48, 0
35035,5, 0
35036,7, 0
35037,45, 0
35038,86, 0
35039,121, 0
35040,155, 0
35041,180, 0
35042,211, 0
35043,199, 0
35044,176, 0
35045,166, 0
35046,185, 0
35047,150, 0
35048,136, 0
35049,113, 0
35050,79, 0
35051,55, 0
35052,23, 0
35053,0, 0
35054,13, 0
35055,52, 0
35056,32, 0
35057,1, 0
35058,21, 0
35059,133, 0
35060,251, 0
35061,328, 0
35062,362, 2
35063,368, 8
35064,362, 12
35065,364, 8
35066,369, 9
35067,379, 11
35068,398, 18
35069,409, 25
35070,411, 25
35071,414, 26
35072,427, 31
35073,437, 37
35074,435, 38
35075,433, 41
35076,410, 37
35077,388, 29
35078,370, 22
35079,351, 13
35080,334, 6
35081,323, 1
35082,305, 0
35083,296, 0
35084,270, 0
35085,183, 0
35086,103, 0
35087,81, 0
35088,75, 0
35089,83, 0
35090,123, 0
35091,139, 0
35092,133, 0
35093,112, 0
35094,83, 0
35095,53, 0
35096,11, 0
35097,1, 0
35098,27, 0
35099,58, 0
35100,78, 0
35101,90, 0
35102,89, 0
35103,100, 0
35104,99, 0
35105,95, 0
35106,119, 0
35107,145, 0
35108,160, 0
35109,137, 0
35110,109, 0
35111,73, 0
35112,40, 0
35113,18, 0
35114,1, 0
35115,28, 0
35116,57, 0
35117,46, 0
35118,24, 0
35119,2, 0
35120,95, 0
35121,214, 0
35122,283, 0
35123,325, 0
35124,352, 0
35125,368, 7
35126,403, 15
35127,421, 26
35128,439, 32
35129,447, 40
35130,464, 44
35131,461, 50
35132,476, 52
35133,483, 57
35134,481, 61
35135,484, 63
35136,475, 63
35137,457, 57
35138,413, 48
35139,427, 40
35140,395, 31
35141,375, 24
35142,345, 15
35143,322, 4
35144,304, 1
35145,269, 0
35146,155, 0
35147,91, 0
35148,67, 0
35149,59, 0
35150,88, 0
35151,125, 0
35152,133, 0
35153,135, 0
35154,118, 0
35155,87, 0
35156,61, 0
35157,25, 0
35158,0, 0
35159,2, 0
35160,31, 0
35161,70, 0
35162,109, 0
35163,133, 0
35164,152, 0
35165,152, 0
35166,142, 0
35167,152, 0
35168,155, 0
35169,148, 0
35170,133, 0
35171,109, 0
35172,83, 0
35173,58, 0
35174,36, 0
35175,25, 0
35176,54, 0
35177,75, 0
35178,57, 0
35179,23, 0
35180,8, 0
35181,123, 0
35182,237, 0
35183,301, 0
35184,338, 0
35185,348, 0
35186,373, 6
35187,402, 14
35188,433, 28
35189,441, 35
35190,455, 41
35191,450, 46
35192,444, 44
35193,453, 47
35194,464, 48
35195,464, 48
35196,464, 54
35197,460, 53
35198,441, 50
35199,431, 44
35200,393, 34
35201,354, 19
35202,324, 5
35203,300, 0
35204,287, 0
35205,286, 0
35206,243, 0
35207,145, 0
35208,80, 0
35209,43, 0
35210,32, 0
35211,61, 0
35212,91, 0
35213,102, 0
35214,94, 0
35215,75, 0
35216,45, 0
35217,21, 0
35218,0, 0
35219,4, 0
35220,18, 0
35221,28, 0
35222,54, 0
35223,71, 0
35224,87, 0
35225,102, 0
35226,99, 0
35227,86, 0
35228,100, 0
35229,115, 0
35230,110, 0
35231,102, 0
35232,77, 0
35233,51, 0
35234,28, 0
35235,8, 0
35236,1, 0
35237,41, 0
35238,74, 0
35239,57, 0
35240,8, 0
35241,10, 0
35242,121, 0
35243,226, 0
35244,286, 0
35245,317, 0
35246,336, 0
35247,356, 1
35248,388, 7
35249,410, 21
35250,421, 29
35251,437, 34
35252,438, 38
35253,446, 43
35254,466, 47
35255,469, 52
35256,477, 57
35257,476, 57
35258,468, 58
35259,440, 53
35260,436, 44
35261,388, 38
35262,379, 26
35263,355, 18
35264,337, 8
35265,312, 1
35266,294, 0
35267,243, 0
35268,139, 0
35269,61, 0
35270,55, 0
35271,46, 0
35272,75, 0
35273,113, 0
35274,121, 0
35275,113, 0
35276,84, 0
35277,47, 0
35278,19, 0
35279,0, 0
35280,2, 0
35281,14, 0
35282,28, 0
35283,57, 0
35284,80, 0
35285,109, 0
35286,135, 0
35287,129, 0
35288,123, 0
35289,135, 0
35290,130, 0
35291,118, 0
35292,104, 0
35293,93, 0
35294,60, 0
35295,63, 0
35296,25, 0
35297,25, 0
35298,59, 0
35299,83, 0
35300,72, 0
35301,48, 0
35302,11, 0
35303,89, 0
35304,190, 0
35305,248, 0
35306,299, 0
35307,316, 0
35308,347, 0
35309,393, 8
35310,420, 21
35311,430, 29
35312,451, 39
35313,472, 48
35314,488, 57
35315,515, 67
35316,529, 76
35317,553, 86
35318,573, 97
35319,571, 102
35320,555, 102
35321,540, 97
35322,516, 92
35323,447, 73
35324,378, 46
35325,294, 15
35326,204, 0
35327,147, 0
35328,78, 0
35329,2, 0
35330,0, 0
35331,0, 0
35332,0, 0
35333,25, 0
35334,68, 0
35335,70, 0
35336,67, 0
35337,43, 0
35338,12, 0
35339,0, 0
35340,2, 0
35341,27, 0
35342,40, 0
35343,47, 0
35344,71, 0
35345,76, 0
35346,84, 0
35347,91, 0
35348,72, 0
35349,63, 0
35350,81, 0
35351,89, 0
35352,88, 0
35353,80, 0
35354,69, 0
35355,35, 0
35356,36, 0
35357,10, 0
35358,8, 0
35359,58, 0
35360,70, 0
35361,43, 0
35362,8, 0
35363,17, 0
35364,137, 0
35365,235, 0
35366,299, 0
35367,327, 0
35368,354, 0
35369,375, 6
35370,407, 18
35371,430, 26
35372,441, 32
35373,437, 37
35374,434, 39
35375,433, 41
35376,450, 39
35377,456, 44
35378,447, 43
35379,451, 45
35380,426, 44
35381,393, 38
35382,398, 26
35383,383, 25
35384,361, 15
35385,371, 12
35386,371, 12
35387,361, 12
35388,357, 12
35389,286, 4
35390,184, 0
35391,125, 0
35392,102, 0
35393,90, 0
35394,100, 0
35395,106, 0
35396,86, 0
35397,67, 0
35398,25, 0
35399,0, 0
35400,2, 0
35401,0, 0
35402,0, 0
35403,6, 0
35404,26, 0
35405,63, 0
35406,100, 0
35407,139, 0
35408,160, 0
35409,155, 0
35410,135, 0
35411,135, 0
35412,115, 0
35413,90, 0
35414,63, 0
35415,29, 0
35416,2, 0
35417,0, 0
35418,0, 0
35419,0, 0
35420,14, 0
35421,38, 0
35422,41, 0
35423,19, 0
35424,12, 0
35425,101, 0
35426,191, 0
35427,238, 0
35428,267, 0
35429,287, 0
35430,308, 0
35431,333, 0
35432,340, 0
35433,347, 0
35434,367, 4
35435,355, 6
35436,368, 6
35437,389, 11
35438,416, 23
35439,415, 27
35440,420, 31
35441,411, 35
35442,391, 28
35443,391, 25
35444,378, 20
35445,357, 15
35446,339, 7
35447,316, 2
35448,284, 0
35449,257, 0
35450,195, 0
35451,115, 0
35452,90, 0
35453,85, 0
35454,101, 0
35455,130, 0
35456,170, 0
35457,155, 0
35458,144, 0
35459,116, 0
35460,80, 0
35461,47, 0
35462,6, 0
35463,0, 0
35464,5, 0
35465,12, 0
35466,31, 0
35467,38, 0
35468,50, 0
35469,68, 0
35470,67, 0
35471,54, 0
35472,70, 0
35473,57, 0
35474,24, 0
35475,0, 0
35476,0, 0
35477,0, 0
35478,4, 0
35479,1, 0
35480,0, 0
35481,36, 0
35482,56, 0
35483,28, 0
35484,5, 0
35485,29, 0
35486,160, 0
35487,253, 0
35488,297, 0
35489,321, 0
35490,334, 0
35491,364, 2
35492,416, 14
35493,416, 25
35494,453, 31
35495,450, 41
35496,457, 44
35497,463, 47
35498,476, 54
35499,481, 55
35500,472, 57
35501,481, 58
35502,468, 56
35503,427, 53
35504,425, 45
35505,398, 32
35506,372, 24
35507,348, 14
35508,324, 6
35509,305, 0
35510,280, 0
35511,189, 0
35512,89, 0
35513,41, 0
35514,23, 0
35515,19, 0
35516,58, 0
35517,85, 0
35518,63, 0
35519,44, 0
35520,15, 0
35521,0, 0
35522,0, 0
35523,20, 0
35524,52, 0
35525,62, 0
35526,75, 0
35527,93, 0
35528,95, 0
35529,104, 0
35530,111, 0
35531,102, 0
35532,102, 0
35533,126, 0
35534,127, 0
35535,120, 0
35536,103, 0
35537,70, 0
35538,35, 0
35539,31, 0
35540,1, 0
35541,21, 0
35542,88, 0
35543,93, 0
35544,57, 0
35545,17, 0
35546,20, 0
35547,136, 0
35548,222, 0
35549,260, 0
35550,279, 0
35551,298, 0
35552,321, 0
35553,356, 1
35554,400, 9
35555,407, 21
35556,439, 26
35557,473, 41
35558,490, 53
35559,514, 64
35560,524, 74
35561,516, 77
35562,521, 79
35563,505, 78
35564,479, 73
35565,472, 65
35566,434, 57
35567,390, 39
35568,360, 25
35569,330, 13
35570,306, 1
35571,295, 0
35572,229, 0
35573,164, 0
35574,157, 0
35575,145, 0
35576,159, 0
35577,196, 0
35578,190, 0
35579,158, 0
35580,102, 0
35581,13, 0
35582,35, 0
35583,118, 0
35584,186, 0
35585,227, 0
35586,232, 0
35587,230, 0
35588,239, 0
35589,238, 0
35590,229, 0
35591,226, 0
35592,191, 0
35593,154, 0
35594,143, 0
35595,125, 0
35596,97, 0
35597,85, 0
35598,57, 0
35599,21, 0
35600,3, 0
35601,10, 0
35602,38, 0
35603,24, 0
35604,41, 0
35605,102, 0
35606,156, 0
35607,254, 0
35608,348, 0
35609,379, 3
35610,361, 8
35611,326, 6
35612,306, 0
35613,322, 0
35614,341, 0
35615,369, 4
35616,384, 10
35617,401, 18
35618,391, 22
35619,401, 23
35620,444, 28
35621,481, 43
35622,505, 56
35623,548, 75
35624,591, 93
35625,638, 117
35626,693, 141
35627,724, 160
35628,739, 181
35629,747, 191
35630,736, 193
35631,659, 179
35632,558, 151
35633,380, 96
35634,204, 24
35635,81, 0
35636,5, 0
35637,76, 0
35638,150, 0
35639,213, 0
35640,264, 0
35641,265, 0
35642,248, 0
35643,216, 0
35644,184, 0
35645,161, 0
35646,139, 0
35647,131, 0
35648,123, 0
35649,118, 0
35650,92, 0
35651,63, 0
35652,17, 0
35653,4, 0
35654,19, 0
35655,0, 0
35656,9, 0
35657,56, 0
35658,131, 0
35659,199, 0
35660,263, 0
35661,337, 0
35662,391, 10
35663,458, 35
35664,501, 57
35665,439, 62
35666,291, 31
35667,102, 0
35668,126, 0
35669,423, 4
35670,657, 59
35671,832, 143
35672,959, 220
35673,1034, 275
35674,1070, 311
35675,1069, 332
35676,1000, 330
35677,885, 309
35678,724, 259
35679,505, 176
35680,295, 80
35681,119, 4
35682,12, 0
35683,85, 0
35684,148, 0
35685,183, 0
35686,182, 0
35687,139, 0
35688,100, 0
35689,44, 0
35690,7, 0
35691,90, 0
35692,183, 0
35693,236, 0
35694,170, 0
35695,68, 0
35696,4, 0
35697,0, 0
35698,0, 0
35699,7, 0
35700,25, 0
35701,50, 0
35702,77, 0
35703,107, 0
35704,89, 0
35705,30, 0
35706,25, 0
35707,131, 0
35708,196, 0
35709,246, 0
35710,267, 0
35711,252, 0
35712,219, 0
35713,168, 0
35714,92, 0
35715,42, 0
35716,6, 0
35717,10, 0
35718,83, 0
35719,161, 0
35720,257, 0
35721,354, 0
35722,402, 14
35723,402, 30
35724,365, 25
35725,310, 12
35726,352, 9
35727,436, 25
35728,515, 51
35729,583, 87
35730,620, 111
35731,569, 113
35732,512, 100
35733,473, 79
35734,472, 70
35735,491, 67
35736,498, 68
35737,437, 61
35738,338, 32
35739,202, 4
35740,91, 0
35741,8, 0
35742,105, 0
35743,252, 0
35744,333, 0
35745,336, 0
35746,259, 0
35747,84, 0
35748,127, 0
35749,380, 0
35750,585, 37
35751,725, 105
35752,778, 159
35753,762, 189
35754,720, 192
35755,651, 176
35756,561, 147
35757,469, 108
35758,310, 57
35759,158, 5
35760,39, 0
35761,41, 0
35762,156, 0
35763,203, 0
35764,216, 0
35765,164, 0
35766,80, 0
35767,6, 0
35768,6, 0
35769,63, 0
35770,131, 0
35771,172, 0
35772,152, 0
35773,56, 0
35774,30, 0
35775,156, 0
35776,259, 0
35777,301, 0
35778,266, 0
35779,204, 0
35780,155, 0
35781,133, 0
35782,161, 0
35783,177, 0
35784,176, 0
35785,192, 0
35786,254, 0
35787,282, 0
35788,298, 0
35789,337, 0
35790,311, 0
35791,292, 0
35792,339, 0
35793,398, 9
35794,379, 18
35795,282, 6
35796,160, 0
35797,40, 0
35798,25, 0
35799,164, 0
35800,307, 0
35801,411, 2
35802,507, 31
35803,620, 76
35804,734, 126
35805,843, 176
35806,973, 238
35807,1071, 289
35808,1146, 336
35809,1201, 365
35810,1204, 384
35811,1127, 385
35812,978, 361
35813,767, 300
35814,524, 204
35815,240, 95
35816,85, 3
35817,355, 0
35818,538, 34
35819,613, 84
35820,576, 108
35821,457, 93
35822,337, 54
35823,232, 8
35824,164, 0
35825,87, 0
35826,30, 0
35827,0, 0
35828,29, 0
35829,86, 0
35830,144, 0
35831,190, 0
35832,228, 0
35833,282, 0
35834,340, 2
35835,423, 19
35836,525, 57
35837,592, 95
35838,616, 121
35839,600, 134
35840,519, 124
35841,390, 81
35842,269, 32
35843,183, 0
35844,153, 0
35845,154, 0
35846,107, 0
35847,58, 0
35848,80, 0
35849,87, 0
35850,68, 0
35851,93, 0
35852,134, 0
35853,143, 0
35854,135, 0
35855,130, 0
35856,128, 0
35857,149, 0
35858,208, 0
35859,263, 0
35860,278, 0
35861,223, 0
35862,78, 0
35863,27, 0
35864,115, 0
35865,123, 0
35866,45, 0
35867,83, 0
35868,256, 0
35869,415, 3
35870,505, 34
35871,527, 61
35872,527, 76
35873,535, 83
35874,535, 89
35875,533, 89
35876,518, 89
35877,444, 76
35878,365, 47
35879,334, 21
35880,285, 5
35881,263, 0
35882,235, 0
35883,198, 0
35884,125, 0
35885,120, 0
35886,167, 0
35887,257, 0
35888,357, 1
35889,447, 26
35890,504, 56
35891,481, 70
35892,373, 58
35893,308, 27
35894,270, 6
35895,248, 0
35896,195, 0
35897,44, 0
35898,102, 0
35899,273, 0
35900,380, 4
35901,457, 31
35902,527, 60
35903,562, 92
35904,562, 104
35905,533, 104
35906,464, 92
35907,377, 61
35908,241, 21
35909,46, 0
35910,154, 0
35911,338, 0
35912,449, 13
35913,473, 38
35914,423, 45
35915,332, 26
35916,216, 2
35917,92, 0
35918,6, 0
35919,4, 0
35920,44, 0
35921,218, 0
35922,409, 0
35923,546, 35
35924,607, 81
35925,572, 99
35926,427, 77
35927,217, 19
35928,52, 0
35929,50, 0
35930,177, 0
35931,291, 0
35932,371, 0
35933,348, 3
35934,274, 0
35935,153, 0
35936,24, 0
35937,86, 0
35938,119, 0
35939,127, 0
35940,119, 0
35941,117, 0
35942,89, 0
35943,96, 0
35944,90, 0
35945,77, 0
35946,55, 0
35947,23, 0
35948,0, 0
35949,4, 0
35950,34, 0
35951,51, 0
35952,31, 0
35953,2, 0
35954,56, 0
35955,140, 0
35956,200, 0
35957,236, 0
35958,218, 0
35959,130, 0
35960,12, 0
35961,73, 0
35962,165, 0
35963,211, 0
35964,207, 0
35965,160, 0
35966,128, 0
35967,126, 0
35968,160, 0
35969,189, 0
35970,145, 0
35971,37, 0
35972,59, 0
35973,287, 0
35974,506, 13
35975,640, 74
35976,696, 127
35977,685, 152
35978,606, 147
35979,502, 115
35980,379, 70
35981,235, 17
35982,117, 0
35983,64, 0
35984,69, 0
35985,96, 0
35986,170, 0
35987,255, 0
35988,389, 0
35989,553, 36
35990,702, 95
35991,826, 163
35992,891, 215
35993,847, 241
35994,785, 232
35995,718, 214
35996,635, 184
35997,494, 136
35998,282, 63
35999,44, 2
36000,63, 0
36001,80, 0
36002,40, 0
36003,3, 0
36004,0, 0
36005,0, 0
36006,9, 0
36007,35, 0
36008,22, 0
36009,1, 0
36010,75, 0
36011,229, 0
36012,374, 1
36013,464, 30
36014,523, 60
36015,547, 85
36016,531, 101
36017,487, 95
36018,404, 71
36019,332, 40
36020,304, 19
36021,301, 6
36022,270, 0
36023,202, 0
36024,109, 0
36025,8, 0
36026,68, 0
36027,135, 0
36028,130, 0
36029,58, 0
36030,0, 0
36031,19, 0
36032,19, 0
36033,12, 0
36034,129, 0
36035,308, 0
36036,393, 2
36037,411, 19
36038,348, 17
36039,248, 1
36040,165, 0
36041,90, 0
36042,31, 0
36043,31, 0
36044,87, 0
36045,174, 0
36046,274, 0
36047,369, 0
36048,430, 9
36049,506, 38
36050,574, 73
36051,624, 102
36052,631, 121
36053,596, 127
36054,525, 109
36055,430, 78
36056,372, 47
36057,315, 18
36058,285, 1
36059,251, 0
36060,219, 0
36061,256, 0
36062,338, 0
36063,411, 11
36064,502, 41
36065,535, 74
36066,498, 83
36067,434, 71
36068,368, 46
36069,257, 12
36070,129, 0
36071,38, 0
36072,1, 0
36073,23, 0
36074,93, 0
36075,138, 0
36076,164, 0
36077,184, 0
36078,229, 0
36079,266, 0
36080,271, 0
36081,257, 0
36082,176, 0
36083,117, 0
36084,73, 0
36085,46, 0
36086,57, 0
36087,96, 0
36088,131, 0
36089,141, 0
36090,127, 0
36091,139, 0
36092,198, 0
36093,254, 0
36094,337, 0
36095,487, 22
36096,600, 65
36097,623, 102
36098,592, 117
36099,575, 117
36100,570, 111
36101,574, 108
36102,568, 106
36103,513, 95
36104,410, 69
36105,282, 23
36106,172, 0
36107,133, 0
36108,140, 0
36109,155, 0
36110,164, 0
36111,148, 0
36112,113, 0
36113,90, 0
36114,72, 0
36115,45, 0
36116,42, 0
36117,89, 0
36118,158, 0
36119,244, 0
36120,261, 0
36121,202, 0
36122,134, 0
36123,97, 0
36124,77, 0
36125,94, 0
36126,123, 0
36127,106, 0
36128,71, 0
36129,9, 0
36130,50, 0
36131,133, 0
36132,200, 0
36133,232, 0
36134,208, 0
36135,141, 0
36136,47, 0
36137,4, 0
36138,0, 0
36139,13, 0
36140,60, 0
36141,93, 0
36142,101, 0
36143,58, 0
36144,3, 0
36145,36, 0
36146,70, 0
36147,12, 0
36148,58, 0
36149,210, 0
36150,365, 0
36151,478, 24
36152,510, 57
36153,457, 65
36154,386, 51
36155,272, 17
36156,89, 0
36157,13, 0
36158,89, 0
36159,164, 0
36160,231, 0
36161,305, 0
36162,377, 1
36163,420, 12
36164,418, 22
36165,409, 25
36166,403, 27
36167,425, 29
36168,457, 38
36169,497, 53
36170,506, 67
36171,505, 70
36172,481, 69
36173,421, 53
36174,368, 32
36175,361, 21
36176,411, 22
36177,536, 47
36178,658, 93
36179,753, 145
36180,848, 193
36181,922, 237
36182,953, 272
36183,929, 286
36184,840, 276
36185,627, 224
36186,373, 135
36187,102, 31
36188,124, 0
36189,325, 0
36190,481, 19
36191,575, 73
36192,576, 97
36193,493, 100
36194,341, 64
36195,175, 9
36196,44, 0
36197,9, 0
36198,0, 0
36199,32, 0
36200,172, 0
36201,377, 0
36202,588, 50
36203,721, 124
36204,694, 161
36205,510, 145
36206,270, 73
36207,46, 3
36208,190, 0
36209,378, 1
36210,527, 35
36211,469, 64
36212,257, 31
36213,70, 0
36214,300, 0
36215,439, 9
36216,436, 31
36217,340, 24
36218,242, 2
36219,183, 0
36220,142, 0
36221,140, 0
36222,184, 0
36223,259, 0
36224,312, 0
36225,287, 0
36226,164, 0
36227,30, 0
36228,87, 0
36229,223, 0
36230,348, 0
36231,455, 12
36232,558, 48
36233,644, 94
36234,691, 133
36235,706, 154
36236,694, 166
36237,660, 159
36238,644, 153
36239,629, 148
36240,614, 143
36241,539, 122
36242,378, 81
36243,179, 19
36244,23, 0
36245,47, 0
36246,89, 0
36247,32, 0
36248,57, 0
36249,165, 0
36250,228, 0
36251,276, 0
36252,274, 0
36253,246, 0
36254,204, 0
36255,130, 0
36256,63, 0
36257,19, 0
36258,22, 0
36259,52, 0
36260,96, 0
36261,65, 0
36262,47, 0
36263,0, 0
36264,0, 0
36265,19, 0
36266,57, 0
36267,97, 0
36268,145, 0
36269,188, 0
36270,202, 0
36271,201, 0
36272,197, 0
36273,183, 0
36274,197, 0
36275,263, 0
36276,384, 2
36277,543, 35
36278,759, 110
36279,922, 190
36280,1058, 263
36281,1162, 325
36282,1198, 361
36283,1163, 376
36284,1093, 373
36285,1011, 355
36286,890, 317
36287,721, 264
36288,470, 179
36289,188, 58
36290,19, 0
36291,92, 0
36292,144, 0
36293,142, 0
36294,170, 0
36295,253, 0
36296,393, 1
36297,530, 35
36298,587, 81
36299,507, 90
36300,368, 58
36301,226, 11
36302,135, 0
36303,170, 0
36304,240, 0
36305,276, 0
36306,276, 0
36307,232, 0
36308,108, 0
36309,6, 0
36310,76, 0
36311,164, 0
36312,239, 0
36313,330, 0
36314,409, 11
36315,419, 31
36316,381, 34
36317,326, 23
36318,268, 6
36319,199, 0
36320,148, 0
36321,126, 0
36322,116, 0
36323,150, 0
36324,152, 0
36325,83, 0
36326,12, 0
36327,117, 0
36328,238, 0
36329,338, 0
36330,367, 9
36331,359, 18
36332,306, 9
36333,264, 0
36334,263, 0
36335,224, 0
36336,148, 0
36337,52, 0
36338,18, 0
36339,103, 0
36340,104, 0
36341,107, 0
36342,158, 0
36343,231, 0
36344,301, 0
36345,346, 0
36346,363, 2
36347,372, 6
36348,395, 17
36349,433, 25
36350,463, 40
36351,504, 55
36352,586, 79
36353,710, 118
36354,883, 179
36355,1039, 254
36356,1133, 312
36357,1115, 342
36358,954, 337
36359,713, 278
36360,499, 187
36361,325, 92
36362,156, 14
36363,27, 0
36364,120, 0
36365,235, 0
36366,245, 0
36367,219, 0
36368,157, 0
36369,85, 0
36370,65, 0
36371,133, 0
36372,216, 0
36373,278, 0
36374,269, 0
36375,217, 0
36376,122, 0
36377,19, 0
36378,93, 0
36379,224, 0
36380,271, 0
36381,192, 0
36382,39, 0
36383,207, 0
36384,398, 1
36385,529, 45
36386,600, 92
36387,616, 120
36388,537, 121
36389,393, 89
36390,212, 25
36391,46, 0
36392,10, 0
36393,75, 0
36394,144, 0
36395,214, 0
36396,329, 0
36397,452, 15
36398,512, 48
36399,558, 73
36400,596, 99
36401,570, 107
36402,499, 94
36403,457, 76
36404,467, 63
36405,499, 65
36406,592, 88
36407,640, 111
36408,673, 134
36409,700, 154
36410,723, 168
36411,724, 177
36412,695, 176
36413,623, 159
36414,521, 127
36415,421, 83
36416,306, 38
36417,199, 1
36418,103, 0
36419,62, 0
36420,103, 0
36421,196, 0
36422,264, 0
36423,286, 0
36424,304, 0
36425,197, 0
36426,116, 0
36427,89, 0
36428,47, 0
36429,8, 0
36430,92, 0
36431,172, 0
36432,200, 0
36433,133, 0
36434,44, 0
36435,0, 0
36436,26, 0
36437,70, 0
36438,63, 0
36439,6, 0
36440,0, 0
36441,9, 0
36442,14, 0
36443,2, 0
36444,0, 0
36445,10, 0
36446,13, 0
36447,63, 0
36448,156, 0
36449,286, 0
36450,404, 6
36451,505, 39
36452,562, 83
36453,541, 100
36454,435, 87
36455,238, 31
36456,40, 0
36457,156, 0
36458,246, 0
36459,236, 0
36460,93, 0
36461,43, 0
36462,159, 0
36463,214, 0
36464,232, 0
36465,239, 0
36466,271, 0
36467,300, 0
36468,266, 0
36469,198, 0
36470,147, 0
36471,122, 0
36472,137, 0
36473,202, 0
36474,296, 0
36475,333, 0
36476,368, 0
36477,408, 17
36478,458, 29
36479,505, 51
36480,548, 75
36481,536, 88
36482,510, 87
36483,454, 74
36484,356, 45
36485,279, 11
36486,121, 0
36487,7, 0
36488,28, 0
36489,43, 0
36490,15, 0
36491,27, 0
36492,68, 0
36493,71, 0
36494,29, 0
36495,0, 0
36496,55, 0
36497,132, 0
36498,166, 0
36499,152, 0
36500,95, 0
36501,37, 0
36502,15, 0
36503,44, 0
36504,129, 0
36505,215, 0
36506,277, 0
36507,349, 1
36508,405, 22
36509,391, 31
36510,292, 19
36511,134, 0
36512,12, 0
36513,69, 0
36514,174, 0
36515,235, 0
36516,271, 0
36517,272, 0
36518,307, 0
36519,336, 2
36520,310, 2
36521,300, 0
36522,264, 0
36523,170, 0
36524,30, 0
36525,61, 0
36526,139, 0
36527,159, 0
36528,109, 0
36529,22, 0
36530,12, 0
36531,61, 0
36532,91, 0
36533,153, 0
36534,257, 0
36535,389, 0
36536,473, 24
36537,529, 52
36538,545, 76
36539,549, 89
36540,540, 92
36541,513, 88
36542,488, 80
36543,467, 70
36544,447, 60
36545,424, 48
36546,436, 46
36547,438, 44
36548,480, 57
36549,554, 76
36550,613, 105
36551,621, 124
36552,576, 127
36553,352, 86
36554,63, 8
36555,202, 0
36556,355, 0
36557,409, 17
36558,463, 37
36559,576, 76
36560,717, 129
36561,818, 184
36562,854, 229
36563,794, 239
36564,644, 208
36565,466, 152
36566,315, 77
36567,189, 12
36568,90, 0
36569,9, 0
36570,60, 0
36571,161, 0
36572,285, 0
36573,345, 0
36574,383, 13
36575,372, 20
36576,305, 11
36577,175, 0
36578,34, 0
36579,40, 0
36580,96, 0
36581,68, 0
36582,28, 0
36583,200, 0
36584,355, 0
36585,482, 19
36586,613, 69
36587,750, 127
36588,862, 183
36589,988, 244
36590,1037, 291
36591,987, 308
36592,835, 287
36593,621, 224
36594,361, 127
36595,160, 26
36596,10, 0
36597,14, 0
36598,6, 0
36599,86, 0
36600,198, 0
36601,299, 0
36602,331, 0
36603,297, 0
36604,198, 0
36605,51, 0
36606,32, 0
36607,115, 0
36608,167, 0
36609,131, 0
36610,26, 0
36611,110, 0
36612,342, 0
36613,569, 35
36614,694, 103
36615,739, 155
36616,732, 183
36617,726, 190
36618,661, 184
36619,477, 141
36620,204, 61
36621,42, 0
36622,193, 0
36623,245, 0
36624,220, 0
36625,147, 0
36626,31, 0
36627,0, 0
36628,1, 0
36629,115, 0
36630,325, 0
36631,477, 21
36632,481, 58
36633,348, 46
36634,132, 5
36635,44, 0
36636,202, 0
36637,291, 0
36638,329, 0
36639,347, 5
36640,348, 8
36641,251, 1
36642,115, 0
36643,14, 0
36644,112, 0
36645,319, 0
36646,501, 17
36647,542, 61
36648,478, 71
36649,316, 38
36650,97, 0
36651,78, 0
36652,300, 0
36653,497, 13
36654,631, 71
36655,676, 117
36656,631, 133
36657,494, 112
36658,304, 55
36659,160, 3
36660,121, 0
36661,181, 0
36662,297, 0
36663,428, 5
36664,531, 44
36665,603, 85
36666,630, 112
36667,636, 132
36668,578, 128
36669,456, 102
36670,406, 64
36671,430, 50
36672,458, 52
36673,475, 60
36674,446, 59
36675,369, 44
36676,240, 12
36677,107, 0
36678,15, 0
36679,0, 0
36680,3, 0
36681,2, 0
36682,19, 0
36683,122, 0
36684,242, 0
36685,342, 0
36686,420, 15
36687,436, 38
36688,396, 44
36689,342, 30
36690,286, 12
36691,235, 0
36692,170, 0
36693,115, 0
36694,125, 0
36695,172, 0
36696,186, 0
36697,161, 0
36698,101, 0
36699,45, 0
36700,7, 0
36701,80, 0
36702,159, 0
36703,202, 0
36704,255, 0
36705,308, 0
36706,314, 0
36707,318, 0
36708,348, 1
36709,401, 11
36710,476, 31
36711,567, 65
36712,678, 107
36713,799, 158
36714,889, 208
36715,904, 244
36716,846, 249
36717,756, 231
36718,619, 187
36719,490, 133
36720,431, 83
36721,410, 55
36722,416, 41
36723,425, 38
36724,457, 41
36725,525, 62
36726,573, 85
36727,539, 93
36728,432, 77
36729,213, 25
36730,32, 0
36731,183, 0
36732,298, 0
36733,331, 0
36734,270, 0
36735,92, 0
36736,141, 0
36737,430, 2
36738,579, 52
36739,537, 86
36740,300, 57
36741,57, 0
36742,242, 0
36743,385, 3
36744,464, 36
36745,499, 61
36746,548, 85
36747,642, 115
36748,706, 150
36749,734, 176
36750,729, 191
36751,724, 199
36752,738, 203
36753,767, 211
36754,771, 219
36755,707, 212
36756,582, 177
36757,427, 120
36758,337, 64
36759,322, 25
36760,346, 15
36761,338, 12
36762,229, 1
36763,62, 0
36764,92, 0
36765,315, 0
36766,505, 18
36767,567, 62
36768,584, 90
36769,606, 106
36770,642, 124
36771,696, 140
36772,759, 169
36773,785, 193
36774,741, 199
36775,694, 189
36776,624, 166
36777,584, 138
36778,591, 128
36779,651, 130
36780,739, 155
36781,809, 190
36782,841, 212
36783,889, 236
36784,935, 260
36785,959, 282
36786,904, 286
36787,739, 255
36788,469, 176
36789,156, 57
36790,99, 0
36791,305, 0
36792,362, 1
36793,309, 1
36794,239, 0
36795,137, 0
36796,68, 0
36797,32, 0
36798,31, 0
36799,21, 0
36800,7, 0
36801,5, 0
36802,23, 0
36803,41, 0
36804,28, 0
36805,3, 0
36806,35, 0
36807,97, 0
36808,154, 0
36809,164, 0
36810,115, 0
36811,37, 0
36812,2, 0
36813,25, 0
36814,37, 0
36815,39, 0
36816,44, 0
36817,67, 0
36818,63, 0
36819,38, 0
36820,5, 0
36821,0, 0
36822,18, 0
36823,71, 0
36824,102, 0
36825,126, 0
36826,202, 0
36827,259, 0
36828,273, 0
36829,285, 0
36830,300, 0
36831,331, 0
36832,385, 3
36833,452, 21
36834,507, 50
36835,540, 67
36836,529, 83
36837,507, 80
36838,469, 71
36839,451, 58
36840,439, 52
36841,441, 45
36842,473, 48
36843,460, 55
36844,458, 54
36845,455, 51
36846,450, 51
36847,436, 48
36848,439, 47
36849,450, 50
36850,464, 55
36851,437, 52
36852,370, 37
36853,346, 23
36854,336, 12
36855,328, 11
36856,347, 11
36857,318, 5
36858,238, 0
36859,149, 0
36860,67, 0
36861,9, 0
36862,7, 0
36863,63, 0
36864,121, 0
36865,163, 0
36866,186, 0
36867,189, 0
36868,170, 0
36869,150, 0
36870,129, 0
36871,83, 0
36872,96, 0
36873,141, 0
36874,205, 0
36875,216, 0
36876,164, 0
36877,84, 0
36878,20, 0
36879,2, 0
36880,20, 0
36881,95, 0
36882,184, 0
36883,202, 0
36884,144, 0
36885,38, 0
36886,65, 0
36887,239, 0
36888,354, 0
36889,368, 4
36890,313, 2
36891,239, 0
36892,203, 0
36893,219, 0
36894,278, 0
36895,311, 0
36896,386, 1
36897,433, 20
36898,470, 38
36899,497, 51
36900,493, 63
36901,453, 58
36902,385, 39
36903,317, 17
36904,260, 0
36905,239, 0
36906,244, 0
36907,254, 0
36908,259, 0
36909,255, 0
36910,243, 0
36911,211, 0
36912,128, 0
36913,27, 0
36914,0, 0
36915,0, 0
36916,0, 0
36917,42, 0
36918,107, 0
36919,154, 0
36920,204, 0
36921,235, 0
36922,255, 0
36923,249, 0
36924,204, 0
36925,126, 0
36926,19, 0
36927,97, 0
36928,204, 0
36929,257, 0
36930,245, 0
36931,203, 0
36932,164, 0
36933,156, 0
36934,185, 0
36935,236, 0
36936,257, 0
36937,220, 0
36938,133, 0
36939,32, 0
36940,17, 0
36941,56, 0
36942,19, 0
36943,39, 0
36944,134, 0
36945,183, 0
36946,196, 0
36947,156, 0
36948,36, 0
36949,68, 0
36950,206, 0
36951,336, 0
36952,435, 10
36953,517, 39
36954,540, 70
36955,574, 89
36956,540, 94
36957,514, 86
36958,514, 84
36959,548, 87
36960,612, 97
36961,710, 133
36962,806, 173
36963,918, 222
36964,1034, 273
36965,1118, 318
36966,1131, 351
36967,1059, 355
36968,844, 314
36969,551, 229
36970,257, 106
36971,32, 7
36972,87, 0
36973,244, 0
36974,355, 0
36975,408, 12
36976,408, 27
36977,346, 22
36978,240, 2
36979,179, 0
36980,160, 0
36981,195, 0
36982,243, 0
36983,257, 0
36984,249, 0
36985,213, 0
36986,155, 0
36987,91, 0
36988,58, 0
36989,51, 0
36990,70, 0
36991,73, 0
36992,13, 0
36993,40, 0
36994,141, 0
36995,230, 0
36996,312, 0
36997,355, 5
36998,348, 12
36999,290, 6
37000,217, 0
37001,158, 0
37002,64, 0
37003,85, 0
37004,337, 0
37005,527, 26
37006,630, 84
37007,640, 124
37008,530, 121
37009,340, 68
37010,145, 8
37011,14, 0
37012,127, 0
37013,249, 0
37014,331, 0
37015,371, 1
37016,405, 12
37017,402, 23
37018,446, 31
37019,467, 44
37020,483, 52
37021,501, 58
37022,547, 78
37023,578, 92
37024,603, 105
37025,604, 118
37026,631, 122
37027,636, 133
37028,642, 139
37029,593, 135
37030,475, 106
37031,292, 51
37032,89, 1
37033,26, 0
37034,139, 0
37035,193, 0
37036,159, 0
37037,85, 0
37038,12, 0
37039,26, 0
37040,97, 0
37041,99, 0
37042,96, 0
37043,85, 0
37044,94, 0
37045,78, 0
37046,90, 0
37047,120, 0
37048,148, 0
37049,158, 0
37050,133, 0
37051,77, 0
37052,22, 0
37053,6, 0
37054,0, 0
37055,0, 0
37056,8, 0
37057,23, 0
37058,47, 0
37059,35, 0
37060,1, 0
37061,45, 0
37062,141, 0
37063,198, 0
37064,189, 0
37065,126, 0
37066,96, 0
37067,101, 0
37068,119, 0
37069,136, 0
37070,150, 0
37071,144, 0
37072,154, 0
37073,201, 0
37074,260, 0
37075,310, 0
37076,339, 0
37077,354, 1
37078,370, 6
37079,411, 13
37080,484, 38
37081,554, 63
37082,625, 93
37083,669, 125
37084,673, 141
37085,649, 149
37086,624, 144
37087,592, 132
37088,555, 117
37089,514, 101
37090,463, 81
37091,388, 51
37092,299, 21
37093,202, 0
37094,69, 0
37095,89, 0
37096,263, 0
37097,361, 0
37098,385, 9
37099,317, 12
37100,176, 0
37101,25, 0
37102,65, 0
37103,148, 0
37104,172, 0
37105,155, 0
37106,92, 0
37107,44, 0
37108,31, 0
37109,31, 0
37110,23, 0
37111,12, 0
37112,0, 0
37113,9, 0
37114,37, 0
37115,71, 0
37116,25, 0
37117,9, 0
37118,108, 0
37119,159, 0
37120,195, 0
37121,202, 0
37122,182, 0
37123,94, 0
37124,8, 0
37125,56, 0
37126,154, 0
37127,257, 0
37128,294, 0
37129,251, 0
37130,180, 0
37131,75, 0
37132,31, 0
37133,201, 0
37134,331, 0
37135,375, 2
37136,355, 6
37137,257, 1
37138,107, 0
37139,18, 0
37140,149, 0
37141,276, 0
37142,379, 0
37143,479, 19
37144,562, 62
37145,624, 96
37146,662, 125
37147,661, 142
37148,601, 139
37149,487, 109
37150,336, 62
37151,210, 8
37152,126, 0
37153,92, 0
37154,94, 0
37155,95, 0
37156,51, 0
37157,8, 0
37158,0, 0
37159,2, 0
37160,37, 0
37161,144, 0
37162,256, 0
37163,349, 0
37164,445, 19
37165,487, 46
37166,452, 58
37167,339, 43
37168,184, 6
37169,38, 0
37170,57, 0
37171,145, 0
37172,152, 0
37173,134, 0
37174,77, 0
37175,20, 0
37176,144, 0
37177,294, 0
37178,400, 6
37179,455, 34
37180,455, 53
37181,408, 52
37182,298, 29
37183,133, 0
37184,35, 0
37185,206, 0
37186,361, 0
37187,396, 13
37188,318, 12
37189,170, 0
37190,28, 0
37191,88, 0
37192,226, 0
37193,286, 0
37194,283, 0
37195,248, 0
37196,226, 0
37197,222, 0
37198,203, 0
37199,234, 0
37200,268, 0
37201,317, 0
37202,361, 0
37203,411, 12
37204,457, 29
37205,475, 46
37206,466, 51
37207,455, 51
37208,465, 51
37209,479, 57
37210,499, 63
37211,494, 67
37212,452, 63
37213,400, 45
37214,347, 28
37215,263, 5
37216,177, 0
37217,36, 0
37218,2, 0
37219,12, 0
37220,10, 0
37221,6, 0
37222,0, 0
37223,0, 0
37224,0, 0
37225,9, 0
37226,19, 0
37227,11, 0
37228,0, 0
37229,15, 0
37230,53, 0
37231,73, 0
37232,75, 0
37233,36, 0
37234,15, 0
37235,0, 0
37236,11, 0
37237,12, 0
37238,85, 0
37239,208, 0
37240,248, 0
37241,204, 0
37242,81, 0
37243,21, 0
37244,140, 0
37245,261, 0
37246,318, 0
37247,286, 0
37248,220, 0
37249,163, 0
37250,105, 0
37251,38, 0
37252,68, 0
37253,152, 0
37254,251, 0
37255,307, 0
37256,312, 0
37257,277, 0
37258,218, 0
37259,202, 0
37260,230, 0
37261,306, 0
37262,391, 0
37263,460, 23
37264,488, 44
37265,482, 56
37266,472, 56
37267,446, 50
37268,430, 44
37269,406, 40
37270,365, 26
37271,300, 6
37272,233, 0
37273,177, 0
37274,124, 0
37275,90, 0
37276,76, 0
37277,53, 0
37278,1, 0
37279,31, 0
37280,57, 0
37281,38, 0
37282,4, 0
37283,22, 0
37284,83, 0
37285,128, 0
37286,170, 0
37287,239, 0
37288,264, 0
37289,233, 0
37290,180, 0
37291,120, 0
37292,34, 0
37293,25, 0
37294,120, 0
37295,189, 0
37296,212, 0
37297,229, 0
37298,294, 0
37299,345, 1
37300,368, 18
37301,332, 17
37302,256, 3
37303,156, 0
37304,77, 0
37305,51, 0
37306,41, 0
37307,76, 0
37308,106, 0
37309,105, 0
37310,53, 0
37311,4, 0
37312,27, 0
37313,163, 0
37314,306, 0
37315,433, 6
37316,500, 38
37317,540, 68
37318,553, 83
37319,555, 92
37320,529, 90
37321,512, 85
37322,481, 76
37323,438, 59
37324,391, 42
37325,339, 19
37326,319, 3
37327,332, 0
37328,361, 3
37329,379, 8
37330,408, 19
37331,416, 25
37332,416, 26
37333,414, 29
37334,398, 30
37335,373, 23
37336,348, 15
37337,306, 6
37338,239, 0
37339,147, 0
37340,131, 0
37341,176, 0
37342,278, 0
37343,415, 4
37344,556, 48
37345,635, 95
37346,639, 132
37347,546, 128
37348,361, 81
37349,120, 14
37350,81, 0
37351,266, 0
37352,368, 0
37353,400, 20
37354,391, 30
37355,364, 27
37356,325, 19
37357,270, 2
37358,239, 0
37359,240, 0
37360,280, 0
37361,316, 0
37362,306, 2
37363,246, 0
37364,174, 0
37365,138, 0
37366,85, 0
37367,31, 0
37368,0, 0
37369,0, 0
37370,6, 0
37371,31, 0
37372,52, 0
37373,31, 0
37374,47, 0
37375,191, 0
37376,355, 0
37377,498, 20
37378,617, 71
37379,712, 121
37380,774, 163
37381,778, 188
37382,712, 191
37383,582, 159
37384,432, 104
37385,285, 41
37386,183, 0
37387,175, 0
37388,247, 0
37389,345, 0
37390,430, 9
37391,468, 36
37392,430, 42
37393,330, 21
37394,220, 1
37395,122, 0
37396,71, 0
37397,64, 0
37398,83, 0
37399,70, 0
37400,25, 0
37401,24, 0
37402,79, 0
37403,159, 0
37404,237, 0
37405,334, 0
37406,408, 12
37407,460, 38
37408,464, 52
37409,368, 40
37410,214, 8
37411,37, 0
37412,123, 0
37413,282, 0
37414,376, 4
37415,378, 19
37416,326, 19
37417,263, 4
37418,181, 0
37419,60, 0
37420,6, 0
37421,1, 0
37422,38, 0
37423,108, 0
37424,172, 0
37425,207, 0
37426,157, 0
37427,51, 0
37428,18, 0
37429,127, 0
37430,254, 0
37431,313, 0
37432,336, 0
37433,324, 1
37434,264, 0
37435,147, 0
37436,31, 0
37437,28, 0
37438,133, 0
37439,261, 0
37440,378, 0
37441,484, 23
37442,540, 57
37443,597, 91
37444,583, 103
37445,535, 100
37446,506, 92
37447,485, 77
37448,497, 71
37449,493, 70
37450,473, 61
37451,481, 58
37452,524, 71
37453,551, 85
37454,601, 104
37455,588, 110
37456,515, 103
37457,396, 70
37458,270, 23
37459,150, 0
37460,55, 0
37461,3, 0
37462,26, 0
37463,78, 0
37464,121, 0
37465,130, 0
37466,110, 0
37467,62, 0
37468,29, 0
37469,12, 0
37470,0, 0
37471,2, 0
37472,57, 0
37473,85, 0
37474,83, 0
37475,60, 0
37476,29, 0
37477,4, 0
37478,38, 0
37479,69, 0
37480,109, 0
37481,121, 0
37482,92, 0
37483,37, 0
37484,18, 0
37485,7, 0
37486,23, 0
37487,12, 0
37488,6, 0
37489,26, 0
37490,51, 0
37491,39, 0
37492,59, 0
37493,93, 0
37494,108, 0
37495,141, 0
37496,213, 0
37497,300, 0
37498,321, 0
37499,263, 0
37500,200, 0
37501,156, 0
37502,127, 0
37503,110, 0
37504,118, 0
37505,109, 0
37506,127, 0
37507,189, 0
37508,276, 0
37509,341, 0
37510,400, 7
37511,428, 19
37512,442, 37
37513,451, 42
37514,444, 44
37515,439, 44
37516,441, 44
37517,433, 41
37518,420, 38
37519,403, 39
37520,369, 27
37521,270, 9
37522,143, 0
37523,60, 0
37524,2, 0
37525,3, 0
37526,7, 0
37527,0, 0
37528,0, 0
37529,6, 0
37530,19, 0
37531,32, 0
37532,31, 0
37533,9, 0
37534,6, 0
37535,36, 0
37536,96, 0
37537,192, 0
37538,244, 0
37539,252, 0
37540,204, 0
37541,132, 0
37542,55, 0
37543,12, 0
37544,0, 0
37545,10, 0
37546,73, 0
37547,141, 0
37548,201, 0
37549,220, 0
37550,189, 0
37551,149, 0
37552,113, 0
37553,56, 0
37554,5, 0
37555,47, 0
37556,159, 0
37557,249, 0
37558,247, 0
37559,176, 0
37560,46, 0
37561,13, 0
37562,39, 0
37563,29, 0
37564,141, 0
37565,347, 0
37566,537, 23
37567,668, 87
37568,757, 140
37569,778, 176
37570,730, 187
37571,612, 169
37572,435, 113
37573,247, 40
37574,102, 0
37575,11, 0
37576,0, 0
37577,0, 0
37578,35, 0
37579,116, 0
37580,196, 0
37581,253, 0
37582,234, 0
37583,208, 0
37584,202, 0
37585,255, 0
37586,316, 0
37587,402, 8
37588,462, 31
37589,478, 54
37590,447, 58
37591,356, 45
37592,220, 11
37593,54, 0
37594,95, 0
37595,244, 0
37596,327, 0
37597,357, 6
37598,332, 11
37599,282, 4
37600,227, 0
37601,157, 0
37602,105, 0
37603,71, 0
37604,68, 0
37605,39, 0
37606,3, 0
37607,14, 0
37608,52, 0
37609,44, 0
37610,19, 0
37611,3, 0
37612,4, 0
37613,74, 0
37614,72, 0
37615,75, 0
37616,35, 0
37617,9, 0
37618,122, 0
37619,236, 0
37620,312, 0
37621,318, 0
37622,278, 0
37623,224, 0
37624,196, 0
37625,173, 0
37626,204, 0
37627,243, 0
37628,290, 0
37629,340, 0
37630,373, 2
37631,407, 12
37632,432, 24
37633,472, 39
37634,444, 46
37635,476, 51
37636,466, 55
37637,439, 51
37638,420, 43
37639,391, 36
37640,343, 21
37641,319, 8
37642,287, 1
37643,189, 0
37644,133, 0
37645,157, 0
37646,221, 0
37647,270, 0
37648,326, 0
37649,348, 3
37650,340, 11
37651,247, 1
37652,79, 0
37653,56, 0
37654,204, 0
37655,302, 0
37656,308, 0
37657,265, 0
37658,204, 0
37659,152, 0
37660,121, 0
37661,127, 0
37662,103, 0
37663,89, 0
37664,79, 0
37665,76, 0
37666,57, 0
37667,40, 0
37668,18, 0
37669,0, 0
37670,0, 0
37671,0, 0
37672,8, 0
37673,2, 0
37674,0, 0
37675,0, 0
37676,17, 0
37677,78, 0
37678,189, 0
37679,310, 0
37680,369, 1
37681,343, 6
37682,317, 1
37683,273, 0
37684,290, 0
37685,331, 0
37686,371, 1
37687,399, 12
37688,411, 19
37689,426, 25
37690,442, 38
37691,446, 39
37692,463, 44
37693,460, 51
37694,454, 47
37695,428, 46
37696,425, 41
37697,406, 38
37698,387, 27
37699,379, 23
37700,361, 18
37701,330, 9
37702,300, 1
37703,254, 0
37704,159, 0
37705,92, 0
37706,57, 0
37707,56, 0
37708,63, 0
37709,88, 0
37710,100, 0
37711,92, 0
37712,77, 0
37713,50, 0
37714,39, 0
37715,14, 0
37716,0, 0
37717,0, 0
37718,11, 0
37719,31, 0
37720,52, 0
37721,28, 0
37722,29, 0
37723,25, 0
37724,15, 0
37725,36, 0
37726,56, 0
37727,72, 0
37728,73, 0
37729,59, 0
37730,31, 0
37731,27, 0
37732,14, 0
37733,17, 0
37734,32, 0
37735,100, 0
37736,94, 0
37737,70, 0
37738,24, 0
37739,28, 0
37740,144, 0
37741,235, 0
37742,291, 0
37743,312, 0
37744,332, 0
37745,373, 5
37746,408, 13
37747,441, 25
37748,516, 48
37749,591, 76
37750,676, 115
37751,730, 152
37752,741, 172
37753,696, 176
37754,612, 156
37755,497, 120
37756,365, 69
37757,249, 17
37758,145, 0
37759,80, 0
37760,77, 0
37761,127, 0
37762,200, 0
37763,286, 0
37764,328, 0
37765,280, 0
37766,206, 0
37767,164, 0
37768,121, 0
37769,132, 0
37770,130, 0
37771,58, 0
37772,3, 0
37773,65, 0
37774,176, 0
37775,238, 0
37776,292, 0
37777,325, 0
37778,309, 2
37779,235, 0
37780,159, 0
37781,87, 0
37782,45, 0
37783,54, 0
37784,65, 0
37785,101, 0
37786,124, 0
37787,140, 0
37788,160, 0
37789,150, 0
37790,121, 0
37791,84, 0
37792,58, 0
37793,41, 0
37794,34, 0
37795,75, 0
37796,129, 0
37797,127, 0
37798,102, 0
37799,23, 0
37800,57, 0
37801,197, 0
37802,294, 0
37803,351, 0
37804,391, 8
37805,408, 18
37806,463, 30
37807,470, 44
37808,493, 55
37809,537, 69
37810,529, 77
37811,532, 85
37812,539, 86
37813,539, 88
37814,535, 89
37815,529, 87
37816,510, 83
37817,476, 75
37818,441, 60
37819,409, 45
37820,373, 28
37821,370, 20
37822,365, 18
37823,361, 14
37824,348, 10
37825,309, 4
37826,211, 0
37827,152, 0
37828,79, 0
37829,55, 0
37830,65, 0
37831,104, 0
37832,113, 0
37833,120, 0
37834,95, 0
37835,58, 0
37836,38, 0
37837,12, 0
37838,0, 0
37839,0, 0
37840,7, 0
37841,19, 0
37842,43, 0
37843,83, 0
37844,125, 0
37845,124, 0
37846,135, 0
37847,138, 0
37848,139, 0
37849,138, 0
37850,133, 0
37851,119, 0
37852,83, 0
37853,64, 0
37854,52, 0
37855,60, 0
37856,92, 0
37857,115, 0
37858,94, 0
37859,57, 0
37860,8, 0
37861,69, 0
37862,189, 0
37863,264, 0
37864,310, 0
37865,337, 0
37866,361, 2
37867,413, 12
37868,449, 27
37869,512, 47
37870,569, 73
37871,638, 102
37872,712, 136
37873,772, 171
37874,785, 195
37875,755, 202
37876,666, 187
37877,523, 141
37878,345, 78
37879,181, 12
37880,51, 0
37881,5, 0
37882,35, 0
37883,84, 0
37884,135, 0
37885,187, 0
37886,189, 0
37887,115, 0
37888,69, 0
37889,47, 0
37890,55, 0
37891,77, 0
37892,132, 0
37893,170, 0
37894,173, 0
37895,158, 0
37896,125, 0
37897,99, 0
37898,55, 0
37899,9, 0
37900,0, 0
37901,0, 0
37902,9, 0
37903,75, 0
37904,171, 0
37905,254, 0
37906,270, 0
37907,248, 0
37908,248, 0
37909,192, 0
37910,152, 0
37911,109, 0
37912,70, 0
37913,28, 0
37914,6, 0
37915,0, 0
37916,0, 0
37917,17, 0
37918,81, 0
37919,32, 0
37920,4, 0
37921,1, 0
37922,96, 0
37923,204, 0
37924,278, 0
37925,310, 0
37926,326, 0
37927,359, 1
37928,399, 9
37929,428, 23
37930,460, 36
37931,483, 46
37932,464, 51
37933,469, 53
37934,480, 60
37935,476, 56
37936,467, 53
37937,447, 52
37938,490, 58
37939,535, 73
37940,597, 93
37941,632, 115
37942,635, 131
37943,621, 136
37944,562, 123
37945,462, 97
37946,325, 51
37947,188, 7
37948,30, 0
37949,27, 0
37950,75, 0
37951,85, 0
37952,56, 0
37953,2, 0
37954,38, 0
37955,72, 0
37956,58, 0
37957,14, 0
37958,0, 0
37959,58, 0
37960,123, 0
37961,159, 0
37962,185, 0
37963,196, 0
37964,177, 0
37965,161, 0
37966,152, 0
37967,124, 0
37968,92, 0
37969,108, 0
37970,109, 0
37971,102, 0
37972,91, 0
37973,67, 0
37974,34, 0
37975,9, 0
37976,0, 0
37977,0, 0
37978,2, 0
37979,6, 0
37980,0, 0
37981,0, 0
37982,25, 0
37983,124, 0
37984,211, 0
37985,265, 0
37986,287, 0
37987,313, 0
37988,346, 0
37989,384, 6
37990,411, 20
37991,430, 26
37992,453, 38
37993,464, 44
37994,464, 50
37995,478, 55
37996,486, 57
37997,482, 57
37998,464, 57
37999,458, 54
38000,436, 51
38001,423, 42
38002,402, 35
38003,383, 26
38004,354, 17
38005,337, 8
38006,323, 2
38007,307, 0
38008,257, 0
38009,152, 0
38010,85, 0
38011,62, 0
38012,59, 0
38013,81, 0
38014,117, 0
38015,124, 0
38016,113, 0
38017,89, 0
38018,56, 0
38019,32, 0
38020,1, 0
38021,0, 0
38022,0, 0
38023,0, 0
38024,9, 0
38025,0, 0
38026,0, 0
38027,8, 0
38028,11, 0
38029,22, 0
38030,57, 0
38031,79, 0
38032,93, 0
38033,106, 0
38034,121, 0
38035,127, 0
38036,133, 0
38037,123, 0
38038,119, 0
38039,149, 0
38040,152, 0
38041,109, 0
38042,62, 0
38043,10, 0
38044,95, 0
38045,193, 0
38046,278, 0
38047,295, 0
38048,328, 0
38049,357, 2
38050,379, 11
38051,427, 21
38052,427, 28
38053,442, 36
38054,447, 41
38055,460, 44
38056,480, 55
38057,488, 57
38058,481, 61
38059,473, 61
38060,453, 55
38061,430, 46
38062,416, 41
38063,384, 31
38064,367, 20
38065,348, 15
38066,332, 7
38067,312, 0
38068,299, 0
38069,234, 0
38070,137, 0
38071,90, 0
38072,43, 0
38073,31, 0
38074,69, 0
38075,89, 0
38076,95, 0
38077,87, 0
38078,63, 0
38079,31, 0
38080,22, 0
38081,6, 0
38082,0, 0
38083,5, 0
38084,21, 0
38085,39, 0
38086,50, 0
38087,55, 0
38088,61, 0
38089,44, 0
38090,34, 0
38091,44, 0
38092,58, 0
38093,70, 0
38094,67, 0
38095,55, 0
38096,47, 0
38097,43, 0
38098,34, 0
38099,36, 0
38100,79, 0
38101,89, 0
38102,53, 0
38103,17, 0
38104,60, 0
38105,204, 0
38106,318, 0
38107,377, 0
38108,380, 11
38109,369, 11
38110,347, 10
38111,360, 6
38112,360, 8
38113,351, 6
38114,355, 6
38115,353, 5
38116,361, 6
38117,374, 10
38118,389, 12
38119,380, 14
38120,385, 19
38121,381, 18
38122,371, 13
38123,371, 14
38124,374, 12
38125,367, 12
38126,368, 12
38127,368, 15
38128,360, 10
38129,343, 8
38130,285, 2
38131,175, 0
38132,120, 0
38133,62, 0
38134,46, 0
38135,55, 0
38136,68, 0
38137,43, 0
38138,23, 0
38139,1, 0
38140,0, 0
38141,0, 0
38142,15, 0
38143,36, 0
38144,44, 0
38145,53, 0
38146,63, 0
38147,70, 0
38148,100, 0
38149,101, 0
38150,91, 0
38151,81, 0
38152,100, 0
38153,106, 0
38154,102, 0
38155,89, 0
38156,58, 0
38157,24, 0
38158,0, 0
38159,0, 0
38160,0, 0
38161,36, 0
38162,81, 0
38163,63, 0
38164,34, 0
38165,6, 0
38166,96, 0
38167,195, 0
38168,257, 0
38169,282, 0
38170,325, 0
38171,345, 0
38172,398, 12
38173,411, 20
38174,420, 27
38175,433, 34
38176,435, 38
38177,442, 39
38178,457, 44
38179,469, 47
38180,468, 52
38181,466, 52
38182,454, 52
38183,436, 48
38184,423, 42
38185,396, 32
38186,368, 25
38187,347, 12
38188,327, 7
38189,313, 2
38190,302, 0
38191,227, 0
38192,127, 0
38193,90, 0
38194,47, 0
38195,38, 0
38196,73, 0
38197,102, 0
38198,103, 0
38199,96, 0
38200,76, 0
38201,48, 0
38202,26, 0
38203,0, 0
38204,0, 0
38205,0, 0
38206,10, 0
38207,36, 0
38208,51, 0
38209,70, 0
38210,83, 0
38211,77, 0
38212,69, 0
38213,95, 0
38214,104, 0
38215,104, 0
38216,92, 0
38217,73, 0
38218,48, 0
38219,38, 0
38220,22, 0
38221,42, 0
38222,85, 0
38223,102, 0
38224,54, 0
38225,25, 0
38226,34, 0
38227,171, 0
38228,267, 0
38229,316, 0
38230,341, 0
38231,353, 3
38232,374, 8
38233,411, 14
38234,408, 22
38235,413, 25
38236,420, 28
38237,411, 28
38238,420, 31
38239,441, 35
38240,463, 44
38241,461, 48
38242,456, 48
38243,442, 46
38244,425, 43
38245,408, 37
38246,391, 31
38247,364, 23
38248,348, 13
38249,337, 6
38250,325, 1
38251,307, 0
38252,227, 0
38253,127, 0
38254,70, 0
38255,51, 0
38256,41, 0
38257,87, 0
38258,107, 0
38259,105, 0
38260,83, 0
38261,70, 0
38262,38, 0
38263,12, 0
38264,6, 0
38265,9, 0
38266,38, 0
38267,63, 0
38268,88, 0
38269,100, 0
38270,113, 0
38271,115, 0
38272,101, 0
38273,90, 0
38274,102, 0
38275,107, 0
38276,110, 0
38277,101, 0
38278,84, 0
38279,59, 0
38280,37, 0
38281,13, 0
38282,14, 0
38283,63, 0
38284,69, 0
38285,43, 0
38286,9, 0
38287,30, 0
38288,157, 0
38289,235, 0
38290,294, 0
38291,315, 0
38292,342, 0
38293,367, 2
38294,398, 13
38295,414, 24
38296,420, 27
38297,428, 36
38298,436, 40
38299,441, 38
38300,461, 44
38301,467, 48
38302,461, 51
38303,453, 51
38304,440, 48
38305,430, 43
38306,414, 38
38307,383, 30
38308,374, 20
38309,339, 13
38310,325, 5
38311,305, 0
38312,278, 0
38313,202, 0
38314,103, 0
38315,74, 0
38316,69, 0
38317,63, 0
38318,88, 0
38319,108, 0
38320,102, 0
38321,83, 0
38322,54, 0
38323,20, 0
38324,2, 0
38325,1, 0
38326,13, 0
38327,38, 0
38328,52, 0
38329,74, 0
38330,84, 0
38331,95, 0
38332,100, 0
38333,97, 0
38334,100, 0
38335,116, 0
38336,119, 0
38337,108, 0
38338,84, 0
38339,68, 0
38340,37, 0
38341,17, 0
38342,1, 0
38343,7, 0
38344,61, 0
38345,80, 0
38346,56, 0
38347,19, 0
38348,38, 0
38349,183, 0
38350,247, 0
38351,286, 0
38352,316, 0
38353,344, 0
38354,375, 3
38355,400, 13
38356,415, 25
38357,419, 27
38358,430, 36
38359,428, 38
38360,434, 38
38361,450, 40
38362,458, 44
38363,452, 47
38364,460, 47
38365,451, 48
38366,435, 44
38367,421, 40
38368,403, 38
38369,369, 25
38370,352, 17
38371,330, 7
38372,314, 1
38373,286, 0
38374,203, 0
38375,112, 0
38376,67, 0
38377,63, 0
38378,50, 0
38379,83, 0
38380,100, 0
38381,85, 0
38382,75, 0
38383,50, 0
38384,20, 0
38385,0, 0
38386,0, 0
38387,13, 0
38388,22, 0
38389,42, 0
38390,76, 0
38391,84, 0
38392,84, 0
38393,95, 0
38394,78, 0
38395,80, 0
38396,96, 0
38397,96, 0
38398,89, 0
38399,77, 0
38400,73, 0
38401,40, 0
38402,25, 0
38403,17, 0
38404,35, 0
38405,80, 0
38406,81, 0
38407,42, 0
38408,6, 0
38409,45, 0
38410,166, 0
38411,252, 0
38412,296, 0
38413,321, 0
38414,336, 0
38415,357, 1
38416,385, 13
38417,406, 20
38418,415, 25
38419,428, 34
38420,434, 38
38421,445, 42
38422,461, 42
38423,467, 51
38424,454, 46
38425,454, 48
38426,445, 47
38427,423, 42
38428,409, 37
38429,356, 26
38430,352, 17
38431,340, 10
38432,313, 5
38433,299, 0
38434,268, 0
38435,174, 0
38436,86, 0
38437,61, 0
38438,57, 0
38439,71, 0
38440,99, 0
38441,126, 0
38442,102, 0
38443,57, 0
38444,11, 0
38445,0, 0
38446,2, 0
38447,15, 0
38448,22, 0
38449,20, 0
38450,25, 0
38451,38, 0
38452,63, 0
38453,88, 0
38454,97, 0
38455,89, 0
38456,90, 0
38457,109, 0
38458,121, 0
38459,108, 0
38460,99, 0
38461,91, 0
38462,74, 0
38463,62, 0
38464,23, 0
38465,38, 0
38466,57, 0
38467,51, 0
38468,5, 0
38469,11, 0
38470,123, 0
38471,265, 0
38472,355, 0
38473,400, 7
38474,424, 24
38475,451, 36
38476,477, 44
38477,503, 57
38478,497, 70
38479,481, 70
38480,476, 64
38481,467, 61
38482,453, 52
38483,449, 48
38484,446, 44
38485,420, 38
38486,396, 31
38487,362, 23
38488,329, 9
38489,306, 2
38490,276, 0
38491,257, 0
38492,254, 0
38493,249, 0
38494,248, 0
38495,239, 0
38496,152, 0
38497,60, 0
38498,18, 0
38499,3, 0
38500,2, 0
38501,41, 0
38502,70, 0
38503,75, 0
38504,69, 0
38505,40, 0
38506,12, 0
38507,0, 0
38508,6, 0
38509,44, 0
38510,67, 0
38511,72, 0
38512,89, 0
38513,93, 0
38514,96, 0
38515,92, 0
38516,83, 0
38517,95, 0
38518,110, 0
38519,111, 0
38520,92, 0
38521,70, 0
38522,44, 0
38523,22, 0
38524,7, 0
38525,0, 0
38526,15, 0
38527,57, 0
38528,70, 0
38529,15, 0
38530,2, 0
38531,91, 0
38532,217, 0
38533,296, 0
38534,322, 0
38535,341, 0
38536,362, 3
38537,386, 10
38538,417, 23
38539,435, 31
38540,444, 38
38541,447, 44
38542,455, 44
38543,463, 50
38544,478, 51
38545,487, 55
38546,469, 57
38547,457, 56
38548,436, 51
38549,433, 44
38550,420, 39
38551,398, 36
38552,361, 23
38553,343, 12
38554,306, 5
38555,298, 0
38556,249, 0
38557,161, 0
38558,74, 0
38559,47, 0
38560,38, 0
38561,57, 0
38562,92, 0
38563,123, 0
38564,105, 0
38565,84, 0
38566,61, 0
38567,26, 0
38568,0, 0
38569,0, 0
38570,13, 0
38571,35, 0
38572,56, 0
38573,70, 0
38574,87, 0
38575,106, 0
38576,88, 0
38577,88, 0
38578,86, 0
38579,108, 0
38580,118, 0
38581,106, 0
38582,95, 0
38583,75, 0
38584,34, 0
38585,19, 0
38586,3, 0
38587,25, 0
38588,56, 0
38589,59, 0
38590,21, 0
38591,1, 0
38592,85, 0
38593,204, 0
38594,277, 0
38595,308, 0
38596,336, 0
38597,347, 0
38598,385, 8
38599,409, 18
38600,423, 25
38601,426, 35
38602,438, 39
38603,447, 42
38604,456, 44
38605,475, 52
38606,479, 51
38607,465, 51
38608,447, 53
38609,440, 52
38610,420, 43
38611,410, 37
38612,381, 28
38613,349, 20
38614,340, 10
38615,322, 3
38616,296, 0
38617,255, 0
38618,158, 0
38619,67, 0
38620,44, 0
38621,45, 0
38622,54, 0
38623,95, 0
38624,110, 0
38625,92, 0
38626,70, 0
38627,44, 0
38628,15, 0
38629,0, 0
38630,3, 0
38631,17, 0
38632,31, 0
38633,43, 0
38634,58, 0
38635,76, 0
38636,93, 0
38637,93, 0
38638,86, 0
38639,92, 0
38640,107, 0
38641,111, 0
38642,87, 0
38643,64, 0
38644,52, 0
38645,23, 0
38646,7, 0
38647,0, 0
38648,25, 0
38649,58, 0
38650,45, 0
38651,8, 0
38652,6, 0
38653,108, 0
38654,230, 0
38655,297, 0
38656,328, 0
38657,353, 1
38658,373, 6
38659,386, 12
38660,415, 23
38661,425, 28
38662,434, 38
38663,453, 44
38664,434, 45
38665,462, 46
38666,476, 53
38667,476, 54
38668,461, 54
38669,466, 53
38670,458, 53
38671,433, 48
38672,427, 42
38673,385, 30
38674,354, 19
38675,340, 12
38676,310, 2
38677,295, 0
38678,251, 0
38679,144, 0
38680,78, 0
38681,51, 0
38682,41, 0
38683,47, 0
38684,93, 0
38685,96, 0
38686,86, 0
38687,62, 0
38688,34, 0
38689,6, 0
38690,0, 0
38691,1, 0
38692,13, 0
38693,21, 0
38694,26, 0
38695,43, 0
38696,48, 0
38697,42, 0
38698,38, 0
38699,43, 0
38700,70, 0
38701,95, 0
38702,101, 0
38703,86, 0
38704,70, 0
38705,40, 0
38706,12, 0
38707,6, 0
38708,6, 0
38709,32, 0
38710,44, 0
38711,11, 0
38712,4, 0
38713,61, 0
38714,177, 0
38715,276, 0
38716,282, 0
38717,307, 0
38718,282, 0
38719,264, 0
38720,226, 0
38721,207, 0
38722,202, 0
38723,204, 0
38724,235, 0
38725,255, 0
38726,295, 0
38727,342, 0
38728,374, 4
38729,402, 13
38730,430, 25
38731,410, 29
38732,400, 26
38733,385, 26
38734,371, 20
38735,348, 13
38736,337, 10
38737,330, 2
38738,309, 0
38739,269, 0
38740,152, 0
38741,95, 0
38742,75, 0
38743,73, 0
38744,102, 0
38745,135, 0
38746,132, 0
38747,129, 0
38748,102, 0
38749,89, 0
38750,44, 0
38751,9, 0
38752,0, 0
38753,0, 0
38754,8, 0
38755,25, 0
38756,47, 0
38757,65, 0
38758,88, 0
38759,93, 0
38760,81, 0
38761,81, 0
38762,107, 0
38763,108, 0
38764,92, 0
38765,76, 0
38766,61, 0
38767,32, 0
38768,12, 0
38769,10, 0
38770,38, 0
38771,83, 0
38772,56, 0
38773,11, 0
38774,12, 0
38775,122, 0
38776,232, 0
38777,269, 0
38778,312, 0
38779,342, 0
38780,368, 4
38781,393, 12
38782,415, 25
38783,433, 31
38784,431, 36
38785,440, 38
38786,447, 42
38787,451, 45
38788,469, 48
38789,457, 51
38790,450, 47
38791,442, 48
38792,423, 42
38793,398, 37
38794,384, 28
38795,345, 20
38796,329, 6
38797,314, 1
38798,300, 0
38799,289, 0
38800,246, 0
38801,196, 0
38802,165, 0
38803,176, 0
38804,184, 0
38805,204, 0
38806,235, 0
38807,241, 0
38808,234, 0
38809,190, 0
38810,127, 0
38811,28, 0
38812,35, 0
38813,126, 0
38814,189, 0
38815,228, 0
38816,235, 0
38817,241, 0
38818,237, 0
38819,232, 0
38820,235, 0
38821,236, 0
38822,243, 0
38823,244, 0
38824,210, 0
38825,171, 0
38826,131, 0
38827,89, 0
38828,47, 0
38829,21, 0
38830,26, 0
38831,51, 0
38832,61, 0
38833,21, 0
38834,0, 0
38835,48, 0
38836,189, 0
38837,287, 0
38838,339, 0
38839,357, 2
38840,375, 9
38841,388, 15
38842,409, 23
38843,430, 27
38844,433, 32
38845,435, 39
38846,441, 44
38847,439, 42
38848,451, 43
38849,473, 50
38850,462, 52
38851,464, 53
38852,464, 56
38853,447, 48
38854,430, 46
38855,426, 40
38856,391, 31
38857,368, 24
38858,345, 17
38859,337, 8
38860,312, 0
38861,251, 0
38862,148, 0
38863,88, 0
38864,65, 0
38865,53, 0
38866,74, 0
38867,111, 0
38868,117, 0
38869,92, 0
38870,68, 0
38871,32, 0
38872,6, 0
38873,1, 0
38874,3, 0
38875,23, 0
38876,39, 0
38877,51, 0
38878,79, 0
38879,87, 0
38880,102, 0
38881,101, 0
38882,101, 0
38883,121, 0
38884,127, 0
38885,102, 0
38886,95, 0
38887,91, 0
38888,54, 0
38889,22, 0
38890,13, 0
38891,17, 0
38892,58, 0
38893,72, 0
38894,58, 0
38895,9, 0
38896,14, 0
38897,134, 0
38898,244, 0
38899,293, 0
38900,326, 0
38901,348, 1
38902,383, 6
38903,411, 19
38904,439, 29
38905,451, 41
38906,455, 43
38907,462, 50
38908,462, 48
38909,458, 51
38910,465, 53
38911,446, 47
38912,441, 44
38913,447, 44
38914,441, 44
38915,440, 46
38916,439, 44
38917,431, 45
38918,410, 42
38919,385, 31
38920,341, 20
38921,314, 6
38922,226, 0
38923,116, 0
38924,62, 0
38925,45, 0
38926,22, 0
38927,19, 0
38928,24, 0
38929,4, 0
38930,0, 0
38931,0, 0
38932,0, 0
38933,0, 0
38934,7, 0
38935,18, 0
38936,31, 0
38937,35, 0
38938,41, 0
38939,50, 0
38940,62, 0
38941,68, 0
38942,64, 0
38943,51, 0
38944,68, 0
38945,78, 0
38946,71, 0
38947,71, 0
38948,65, 0
38949,60, 0
38950,47, 0
38951,42, 0
38952,46, 0
38953,87, 0
38954,102, 0
38955,67, 0
38956,15, 0
38957,23, 0
38958,153, 0
38959,254, 0
38960,307, 0
38961,337, 0
38962,365, 3
38963,391, 12
38964,415, 21
38965,446, 31
38966,461, 39
38967,451, 46
38968,465, 51
38969,465, 52
38970,480, 52
38971,486, 58
38972,470, 60
38973,446, 55
38974,444, 46
38975,420, 42
38976,399, 35
38977,405, 30
38978,369, 23
38979,334, 11
38980,310, 2
38981,293, 0
38982,270, 0
38983,210, 0
38984,121, 0
38985,55, 0
38986,47, 0
38987,51, 0
38988,83, 0
38989,110, 0
38990,115, 0
38991,94, 0
38992,63, 0
38993,31, 0
38994,0, 0
38995,0, 0
38996,9, 0
38997,32, 0
38998,50, 0
38999,63, 0
39000,76, 0
39001,94, 0
39002,97, 0
39003,99, 0
39004,92, 0
39005,109, 0
39006,123, 0
39007,126, 0
39008,91, 0
39009,71, 0
39010,42, 0
39011,21, 0
39012,7, 0
39013,12, 0
39014,58, 0
39015,73, 0
39016,41, 0
39017,0, 0
39018,41, 0
39019,173, 0
39020,276, 0
39021,309, 0
39022,337, 0
39023,361, 2
39024,407, 12
39025,411, 23
39026,439, 30
39027,433, 38
39028,441, 40
39029,451, 44
39030,457, 48
39031,464, 46
39032,468, 56
39033,468, 52
39034,456, 51
39035,468, 55
39036,430, 46
39037,416, 39
39038,399, 34
39039,379, 25
39040,355, 17
39041,337, 10
39042,318, 3
39043,286, 0
39044,204, 0
39045,101, 0
39046,56, 0
39047,55, 0
39048,57, 0
39049,84, 0
39050,109, 0
39051,97, 0
39052,76, 0
39053,50, 0
39054,19, 0
39055,0, 0
39056,0, 0
39057,22, 0
39058,43, 0
39059,57, 0
39060,76, 0
39061,81, 0
39062,96, 0
39063,95, 0
39064,97, 0
39065,95, 0
39066,110, 0
39067,127, 0
39068,120, 0
39069,111, 0
39070,94, 0
39071,68, 0
39072,46, 0
39073,34, 0
39074,36, 0
39075,76, 0
39076,84, 0
39077,36, 0
39078,4, 0
39079,62, 0
39080,198, 0
39081,289, 0
39082,326, 0
39083,373, 2
39084,388, 11
39085,426, 22
39086,457, 35
39087,481, 46
39088,488, 55
39089,490, 62
39090,495, 70
39091,498, 64
39092,517, 68
39093,527, 76
39094,508, 77
39095,488, 70
39096,457, 63
39097,420, 50
39098,386, 35
39099,362, 24
39100,299, 8
39101,265, 0
39102,233, 0
39103,172, 0
39104,138, 0
39105,37, 0
39106,8, 0
39107,36, 0
39108,24, 0
39109,8, 0
39110,19, 0
39111,70, 0
39112,78, 0
39113,72, 0
39114,51, 0
39115,29, 0
39116,4, 0
39117,0, 0
39118,2, 0
39119,24, 0
39120,41, 0
39121,56, 0
39122,67, 0
39123,89, 0
39124,91, 0
39125,91, 0
39126,93, 0
39127,112, 0
39128,117, 0
39129,107, 0
39130,87, 0
39131,59, 0
39132,25, 0
39133,4, 0
39134,0, 0
39135,4, 0
39136,31, 0
39137,39, 0
39138,8, 0
39139,3, 0
39140,85, 0
39141,215, 0
39142,283, 0
39143,306, 0
39144,336, 0
39145,348, 2
39146,394, 10
39147,417, 19
39148,438, 32
39149,439, 39
39150,445, 43
39151,455, 45
39152,462, 47
39153,469, 51
39154,469, 51
39155,447, 47
39156,439, 44
39157,427, 42
39158,409, 38
39159,398, 29
39160,379, 27
39161,361, 17
39162,348, 9
39163,344, 8
39164,315, 4
39165,287, 0
39166,207, 0
39167,125, 0
39168,92, 0
39169,102, 0
39170,121, 0
39171,167, 0
39172,189, 0
39173,168, 0
39174,153, 0
39175,110, 0
39176,57, 0
39177,6, 0
39178,10, 0
39179,61, 0
39180,117, 0
39181,159, 0
39182,180, 0
39183,233, 0
39184,251, 0
39185,258, 0
39186,236, 0
39187,210, 0
39188,214, 0
39189,201, 0
39190,168, 0
39191,141, 0
39192,115, 0
39193,89, 0
39194,54, 0
39195,41, 0
39196,55, 0
39197,93, 0
39198,100, 0
39199,57, 0
39200,7, 0
39201,45, 0
39202,183, 0
39203,273, 0
39204,327, 0
39205,364, 2
39206,394, 11
39207,444, 26
39208,452, 36
39209,475, 48
39210,482, 57
39211,488, 60
39212,512, 70
39213,521, 75
39214,537, 81
39215,553, 90
39216,553, 91
39217,562, 97
39218,557, 100
39219,547, 99
39220,532, 95
39221,516, 89
39222,498, 83
39223,481, 74
39224,475, 68
39225,452, 60
39226,399, 46
39227,294, 19
39228,190, 0
39229,152, 0
39230,132, 0
39231,105, 0
39232,95, 0
39233,76, 0
39234,36, 0
39235,15, 0
39236,0, 0
39237,4, 0
39238,29, 0
39239,44, 0
39240,63, 0
39241,69, 0
39242,60, 0
39243,64, 0
39244,72, 0
39245,81, 0
39246,83, 0
39247,92, 0
39248,92, 0
39249,119, 0
39250,131, 0
39251,119, 0
39252,110, 0
39253,101, 0
39254,88, 0
39255,78, 0
39256,71, 0
39257,90, 0
39258,107, 0
39259,103, 0
39260,63, 0
39261,21, 0
39262,44, 0
39263,166, 0
39264,245, 0
39265,276, 0
39266,310, 0
39267,348, 0
39268,368, 3
39269,390, 12
39270,402, 22
39271,400, 23
39272,406, 25
39273,413, 28
39274,427, 31
39275,451, 38
39276,476, 44
39277,465, 48
39278,469, 52
39279,452, 52
39280,434, 47
39281,419, 41
39282,402, 35
39283,363, 24
39284,345, 12
39285,328, 5
39286,305, 0
39287,251, 0
39288,151, 0
39289,58, 0
39290,19, 0
39291,17, 0
39292,27, 0
39293,75, 0
39294,68, 0
39295,57, 0
39296,31, 0
39297,15, 0
39298,1, 0
39299,0, 0
39300,0, 0
39301,8, 0
39302,38, 0
39303,26, 0
39304,44, 0
39305,63, 0
39306,92, 0
39307,84, 0
39308,108, 0
39309,128, 0
39310,137, 0
39311,141, 0
39312,121, 0
39313,95, 0
39314,74, 0
39315,42, 0
39316,31, 0
39317,9, 0
39318,44, 0
39319,76, 0
39320,91, 0
39321,23, 0
39322,1, 0
39323,96, 0
39324,218, 0
39325,266, 0
39326,270, 0
39327,292, 0
39328,304, 0
39329,346, 0
39330,374, 2
39331,398, 14
39332,427, 26
39333,457, 37
39334,473, 50
39335,473, 52
39336,473, 53
39337,463, 52
39338,437, 50
39339,436, 44
39340,432, 41
39341,425, 40
39342,409, 36
39343,385, 29
39344,333, 18
39345,300, 2
39346,296, 0
39347,286, 0
39348,256, 0
39349,164, 0
39350,99, 0
39351,76, 0
39352,73, 0
39353,102, 0
39354,145, 0
39355,154, 0
39356,135, 0
39357,88, 0
39358,20, 0
39359,0, 0
39360,38, 0
39361,67, 0
39362,79, 0
39363,81, 0
39364,83, 0
39365,88, 0
39366,95, 0
39367,112, 0
39368,99, 0
39369,96, 0
39370,83, 0
39371,84, 0
39372,81, 0
39373,45, 0
39374,26, 0
39375,10, 0
39376,0, 0
39377,0, 0
39378,0, 0
39379,14, 0
39380,45, 0
39381,54, 0
39382,23, 0
39383,1, 0
39384,76, 0
39385,183, 0
39386,253, 0
39387,263, 0
39388,286, 0
39389,331, 0
39390,371, 0
39391,411, 13
39392,433, 28
39393,442, 37
39394,470, 45
39395,495, 56
39396,525, 69
39397,562, 83
39398,588, 96
39399,578, 109
39400,590, 112
39401,564, 110
39402,523, 101
39403,507, 89
39404,465, 72
39405,418, 55
39406,376, 38
39407,342, 21
39408,304, 5
39409,234, 0
39410,122, 0
39411,41, 0
39412,24, 0
39413,38, 0
39414,72, 0
39415,107, 0
39416,134, 0
39417,148, 0
39418,122, 0
39419,94, 0
39420,61, 0
39421,12, 0
39422,0, 0
39423,31, 0
39424,79, 0
39425,108, 0
39426,141, 0
39427,165, 0
39428,158, 0
39429,138, 0
39430,101, 0
39431,56, 0
39432,63, 0
39433,50, 0
39434,55, 0
39435,77, 0
39436,95, 0
39437,93, 0
39438,74, 0
39439,63, 0
39440,85, 0
39441,106, 0
39442,130, 0
39443,96, 0
39444,38, 0
39445,48, 0
39446,190, 0
39447,272, 0
39448,318, 0
39449,331, 0
39450,347, 0
39451,364, 2
39452,386, 10
39453,386, 17
39454,386, 18
39455,398, 20
39456,414, 22
39457,436, 30
39458,469, 40
39459,482, 57
39460,477, 57
39461,472, 55
39462,456, 56
39463,438, 51
39464,423, 41
39465,377, 31
39466,347, 19
39467,312, 6
39468,294, 0
39469,260, 0
39470,198, 0
39471,99, 0
39472,30, 0
39473,7, 0
39474,7, 0
39475,41, 0
39476,88, 0
39477,106, 0
39478,97, 0
39479,73, 0
39480,48, 0
39481,7, 0
39482,0, 0
39483,12, 0
39484,55, 0
39485,108, 0
39486,158, 0
39487,189, 0
39488,196, 0
39489,176, 0
39490,145, 0
39491,110, 0
39492,99, 0
39493,92, 0
39494,59, 0
39495,32, 0
39496,8, 0
39497,2, 0
39498,0, 0
39499,0, 0
39500,25, 0
39501,70, 0
39502,118, 0
39503,127, 0
39504,51, 0
39505,6, 0
39506,131, 0
39507,281, 0
39508,340, 0
39509,395, 6
39510,456, 26
39511,518, 52
39512,564, 76
39513,600, 97
39514,607, 112
39515,606, 121
39516,613, 124
39517,609, 127
39518,599, 125
39519,599, 123
39520,583, 121
39521,531, 105
39522,487, 87
39523,426, 63
39524,373, 38
39525,304, 11
39526,246, 0
39527,200, 0
39528,143, 0
39529,95, 0
39530,35, 0
39531,2, 0
39532,47, 0
39533,115, 0
39534,152, 0
39535,181, 0
39536,157, 0
39537,92, 0
39538,34, 0
39539,1, 0
39540,0, 0
39541,0, 0
39542,0, 0
39543,6, 0
39544,21, 0
39545,13, 0
39546,7, 0
39547,5, 0
39548,0, 0
39549,0, 0
39550,10, 0
39551,22, 0
39552,63, 0
39553,111, 0
39554,142, 0
39555,148, 0
39556,132, 0
39557,123, 0
39558,116, 0
39559,95, 0
39560,73, 0
39561,65, 0
39562,81, 0
39563,76, 0
39564,31, 0
39565,1, 0
39566,73, 0
39567,214, 0
39568,301, 0
39569,391, 4
39570,417, 19
39571,433, 32
39572,470, 41
39573,488, 51
39574,525, 68
39575,541, 83
39576,548, 88
39577,553, 95
39578,548, 95
39579,541, 92
39580,538, 92
39581,526, 88
39582,506, 83
39583,510, 78
39584,498, 76
39585,481, 70
39586,463, 65
39587,433, 54
39588,381, 38
39589,361, 25
39590,311, 7
39591,275, 0
39592,218, 0
39593,142, 0
39594,100, 0
39595,80, 0
39596,52, 0
39597,70, 0
39598,99, 0
39599,96, 0
39600,74, 0
39601,40, 0
39602,3, 0
39603,1, 0
39604,36, 0
39605,68, 0
39606,89, 0
39607,104, 0
39608,120, 0
39609,129, 0
39610,115, 0
39611,104, 0
39612,58, 0
39613,27, 0
39614,19, 0
39615,31, 0
39616,29, 0
39617,18, 0
39618,13, 0
39619,12, 0
39620,0, 0
39621,0, 0
39622,39, 0
39623,107, 0
39624,164, 0
39625,190, 0
39626,157, 0
39627,79, 0
39628,25, 0
39629,145, 0
39630,223, 0
39631,278, 0
39632,334, 0
39633,375, 1
39634,400, 11
39635,416, 23
39636,428, 31
39637,430, 32
39638,439, 38
39639,453, 44
39640,462, 42
39641,481, 56
39642,478, 59
39643,452, 56
39644,430, 50
39645,398, 40
39646,367, 25
39647,336, 10
39648,304, 3
39649,275, 0
39650,290, 0
39651,282, 0
39652,275, 0
39653,202, 0
39654,115, 0
39655,38, 0
39656,23, 0
39657,38, 0
39658,74, 0
39659,110, 0
39660,113, 0
39661,95, 0
39662,84, 0
39663,86, 0
39664,44, 0
39665,17, 0
39666,0, 0
39667,1, 0
39668,0, 0
39669,6, 0
39670,0, 0
39671,3, 0
39672,10, 0
39673,25, 0
39674,36, 0
39675,51, 0
39676,87, 0
39677,91, 0
39678,73, 0
39679,43, 0
39680,28, 0
39681,3, 0
39682,6, 0
39683,0, 0
39684,1, 0
39685,12, 0
39686,1, 0
39687,7, 0
39688,89, 0
39689,212, 0
39690,308, 0
39691,361, 0
39692,395, 10
39693,417, 23
39694,437, 32
39695,436, 34
39696,437, 40
39697,424, 39
39698,391, 32
39699,416, 31
39700,418, 32
39701,413, 28
39702,426, 36
39703,403, 32
39704,384, 24
39705,367, 19
39706,342, 12
39707,322, 3
39708,294, 0
39709,261, 0
39710,243, 0
39711,211, 0
39712,211, 0
39713,175, 0
39714,101, 0
39715,14, 0
39716,0, 0
39717,0, 0
39718,0, 0
39719,15, 0
39720,36, 0
39721,19, 0
39722,11, 0
39723,0, 0
39724,0, 0
39725,0, 0
39726,0, 0
39727,3, 0
39728,7, 0
39729,8, 0
39730,4, 0
39731,3, 0
39732,5, 0
39733,0, 0
39734,3, 0
39735,12, 0
39736,35, 0
39737,38, 0
39738,28, 0
39739,0, 0
39740,0, 0
39741,23, 0
39742,53, 0
39743,69, 0
39744,51, 0
39745,6, 0
39746,0, 0
39747,6, 0
39748,53, 0
39749,135, 0
39750,262, 0
39751,355, 0
39752,382, 6
39753,411, 19
39754,453, 32
39755,484, 47
39756,513, 59
39757,529, 75
39758,529, 79
39759,519, 80
39760,513, 78
39761,502, 76
39762,505, 70
39763,518, 75
39764,524, 80
39765,555, 88
39766,566, 97
39767,558, 102
39768,549, 97
39769,567, 99
39770,582, 104
39771,562, 108
39772,545, 102
39773,509, 94
39774,414, 73
39775,318, 36
39776,172, 1
39777,103, 0
39778,59, 0
39779,12, 0
39780,0, 0
39781,63, 0
39782,173, 0
39783,310, 0
39784,355, 1
39785,334, 7
39786,227, 1
39787,127, 0
39788,38, 0
39789,46, 0
39790,158, 0
39791,312, 0
39792,477, 20
39793,576, 70
39794,592, 105
39795,537, 111
39796,472, 95
39797,380, 70
39798,313, 34
39799,231, 4
39800,150, 0
39801,67, 0
39802,2, 0
39803,34, 0
39804,85, 0
39805,95, 0
39806,83, 0
39807,97, 0
39808,128, 0
39809,185, 0
39810,260, 0
39811,323, 0
39812,332, 0
39813,330, 2
39814,311, 0
39815,319, 0
39816,333, 0
39817,372, 1
39818,374, 10
39819,379, 14
39820,378, 15
39821,389, 18
39822,406, 21
39823,427, 25
39824,462, 39
39825,467, 48
39826,473, 52
39827,452, 53
39828,417, 44
39829,405, 36
39830,391, 26
39831,372, 23
39832,357, 12
39833,312, 4
39834,270, 0
39835,257, 0
39836,189, 0
39837,110, 0
39838,88, 0
39839,83, 0
39840,80, 0
39841,103, 0
39842,107, 0
39843,68, 0
39844,11, 0
39845,17, 0
39846,72, 0
39847,113, 0
39848,119, 0
39849,75, 0
39850,13, 0
39851,18, 0
39852,86, 0
39853,108, 0
39854,115, 0
39855,88, 0
39856,76, 0
39857,23, 0
39858,1, 0
39859,62, 0
39860,129, 0
39861,184, 0
39862,207, 0
39863,184, 0
39864,149, 0
39865,113, 0
39866,101, 0
39867,70, 0
39868,9, 0
39869,44, 0
39870,131, 0
39871,212, 0
39872,285, 0
39873,316, 0
39874,318, 0
39875,344, 0
39876,381, 6
39877,410, 20
39878,410, 27
39879,387, 25
39880,337, 13
39881,304, 3
39882,291, 0
39883,302, 0
39884,337, 0
39885,361, 3
39886,351, 5
39887,318, 1
39888,279, 0
39889,245, 0
39890,228, 0
39891,219, 0
39892,220, 0
39893,232, 0
39894,245, 0
39895,244, 0
39896,222, 0
39897,127, 0
39898,42, 0
39899,18, 0
39900,15, 0
39901,38, 0
39902,70, 0
39903,73, 0
39904,56, 0
39905,35, 0
39906,25, 0
39907,24, 0
39908,29, 0
39909,6, 0
39910,0, 0
39911,0, 0
39912,0, 0
39913,1, 0
39914,24, 0
39915,44, 0
39916,50, 0
39917,55, 0
39918,55, 0
39919,89, 0
39920,110, 0
39921,116, 0
39922,95, 0
39923,76, 0
39924,29, 0
39925,7, 0
39926,5, 0
39927,70, 0
39928,95, 0
39929,91, 0
39930,21, 0
39931,29, 0
39932,160, 0
39933,289, 0
39934,348, 0
39935,370, 4
39936,361, 6
39937,375, 11
39938,403, 14
39939,411, 25
39940,430, 34
39941,439, 37
39942,456, 40
39943,482, 48
39944,501, 60
39945,517, 65
39946,522, 76
39947,485, 73
39948,447, 58
39949,416, 46
39950,379, 31
39951,343, 19
39952,338, 6
39953,325, 2
39954,352, 3
39955,430, 18
39956,523, 46
39957,591, 84
39958,591, 105
39959,570, 109
39960,553, 109
39961,505, 99
39962,436, 79
39963,332, 45
39964,176, 6
39965,30, 0
39966,140, 0
39967,293, 0
39968,425, 7
39969,567, 56
39970,656, 106
39971,712, 150
39972,707, 176
39973,648, 171
39974,571, 152
39975,483, 120
39976,409, 84
39977,316, 43
39978,232, 7
39979,183, 0
39980,170, 0
39981,179, 0
39982,165, 0
39983,113, 0
39984,44, 0
39985,7, 0
39986,81, 0
39987,187, 0
39988,212, 0
39989,214, 0
39990,205, 0
39991,201, 0
39992,176, 0
39993,203, 0
39994,258, 0
39995,294, 0
39996,336, 0
39997,365, 0
39998,409, 15
39999,458, 29
40000,477, 44
40001,499, 57
40002,495, 69
40003,512, 71
40004,519, 76
40005,505, 76
40006,481, 69
40007,427, 55
40008,371, 35
40009,351, 18
40010,368, 11
40011,403, 19
40012,460, 32
40013,512, 53
40014,535, 73
40015,535, 83
40016,504, 85
40017,481, 77
40018,441, 64
40019,356, 38
40020,282, 11
40021,238, 0
40022,201, 0
40023,202, 0
40024,241, 0
40025,260, 0
40026,268, 0
40027,292, 0
40028,304, 0
40029,313, 0
40030,307, 1
40031,283, 0
40032,239, 0
40033,159, 0
40034,61, 0
40035,14, 0
40036,110, 0
40037,200, 0
40038,247, 0
40039,287, 0
40040,306, 0
40041,329, 3
40042,296, 3
40043,221, 0
40044,120, 0
40045,39, 0
40046,8, 0
40047,0, 0
40048,1, 0
40049,51, 0
40050,112, 0
40051,165, 0
40052,191, 0
40053,166, 0
40054,63, 0
40055,18, 0
40056,116, 0
40057,158, 0
40058,171, 0
40059,183, 0
40060,208, 0
40061,253, 0
40062,321, 0
40063,379, 1
40064,405, 13
40065,403, 25
40066,388, 22
40067,369, 12
40068,361, 12
40069,364, 7
40070,401, 17
40071,433, 28
40072,460, 41
40073,476, 51
40074,473, 57
40075,447, 54
40076,404, 45
40077,373, 31
40078,355, 19
40079,309, 7
40080,204, 0
40081,97, 0
40082,25, 0
40083,0, 0
40084,0, 0
40085,0, 0
40086,12, 0
40087,44, 0
40088,52, 0
40089,19, 0
40090,30, 0
40091,141, 0
40092,306, 0
40093,456, 14
40094,569, 65
40095,644, 108
40096,675, 145
40097,651, 158
40098,588, 149
40099,491, 125
40100,356, 79
40101,186, 21
40102,28, 0
40103,169, 0
40104,379, 0
40105,584, 47
40106,762, 124
40107,883, 199
40108,928, 251
40109,920, 275
40110,874, 276
40111,766, 256
40112,603, 204
40113,433, 129
40114,264, 57
40115,69, 1
40116,38, 0
40117,130, 0
40118,196, 0
40119,261, 0
40120,324, 0
40121,406, 8
40122,446, 25
40123,450, 40
40124,433, 42
40125,405, 30
40126,388, 26
40127,373, 19
40128,364, 12
40129,367, 10
40130,342, 6
40131,367, 8
40132,383, 13
40133,467, 30
40134,522, 55
40135,555, 76
40136,583, 95
40137,584, 111
40138,568, 109
40139,535, 102
40140,446, 85
40141,242, 30
40142,44, 0
40143,51, 0
40144,103, 0
40145,46, 0
40146,30, 0
40147,152, 0
40148,241, 0
40149,340, 0
40150,387, 10
40151,398, 22
40152,367, 27
40153,306, 19
40154,204, 0
40155,45, 0
40156,75, 0
40157,176, 0
40158,246, 0
40159,300, 0
40160,354, 2
40161,408, 21
40162,449, 40
40163,460, 57
40164,415, 58
40165,337, 37
40166,196, 6
40167,38, 0
40168,89, 0
40169,242, 0
40170,385, 1
40171,502, 31
40172,651, 87
40173,793, 152
40174,893, 210
40175,919, 251
40176,944, 277
40177,873, 277
40178,702, 241
40179,504, 170
40180,348, 89
40181,227, 19
40182,95, 0
40183,31, 0
40184,179, 0
40185,253, 0
40186,267, 0
40187,198, 0
40188,55, 0
40189,108, 0
40190,341, 0
40191,586, 28
40192,758, 108
40193,846, 176
40194,814, 211
40195,646, 195
40196,381, 125
40197,93, 22
40198,92, 0
40199,189, 0
40200,157, 0
40201,73, 0
40202,5, 0
40203,57, 0
40204,149, 0
40205,183, 0
40206,190, 0
40207,143, 0
40208,34, 0
40209,83, 0
40210,276, 0
40211,455, 12
40212,607, 68
40213,751, 134
40214,844, 196
40215,846, 234
40216,780, 239
40217,614, 205
40218,409, 136
40219,220, 48
40220,65, 0
40221,0, 0
40222,0, 0
40223,0, 0
40224,7, 0
40225,43, 0
40226,32, 0
40227,4, 0
40228,88, 0
40229,237, 0
40230,420, 3
40231,589, 58
40232,689, 111
40233,750, 159
40234,769, 190
40235,739, 198
40236,619, 176
40237,505, 134
40238,338, 73
40239,150, 10
40240,21, 0
40241,148, 0
40242,216, 0
40243,251, 0
40244,227, 0
40245,147, 0
40246,36, 0
40247,26, 0
40248,145, 0
40249,257, 0
40250,342, 0
40251,391, 4
40252,453, 22
40253,508, 47
40254,533, 69
40255,537, 84
40256,535, 86
40257,526, 89
40258,517, 85
40259,512, 83
40260,507, 81
40261,519, 81
40262,505, 81
40263,467, 74
40264,464, 65
40265,499, 67
40266,496, 70
40267,519, 83
40268,510, 87
40269,446, 75
40270,355, 51
40271,252, 13
40272,145, 0
40273,40, 0
40274,20, 0
40275,89, 0
40276,131, 0
40277,168, 0
40278,196, 0
40279,208, 0
40280,223, 0
40281,222, 0
40282,214, 0
40283,228, 0
40284,260, 0
40285,257, 0
40286,264, 0
40287,242, 0
40288,191, 0
40289,134, 0
40290,56, 0
40291,6, 0
40292,0, 0
40293,31, 0
40294,60, 0
40295,31, 0
40296,2, 0
40297,44, 0
40298,237, 0
40299,420, 4
40300,573, 46
40301,642, 95
40302,671, 127
40303,630, 139
40304,481, 112
40305,257, 44
40306,42, 0
40307,75, 0
40308,135, 0
40309,124, 0
40310,73, 0
40311,19, 0
40312,3, 0
40313,28, 0
40314,103, 0
40315,196, 0
40316,295, 0
40317,330, 0
40318,354, 1
40319,356, 4
40320,355, 6
40321,382, 12
40322,444, 25
40323,440, 40
40324,383, 32
40325,338, 19
40326,274, 5
40327,254, 0
40328,210, 0
40329,188, 0
40330,131, 0
40331,36, 0
40332,19, 0
40333,70, 0
40334,76, 0
40335,64, 0
40336,44, 0
40337,3, 0
40338,37, 0
40339,117, 0
40340,185, 0
40341,202, 0
40342,204, 0
40343,179, 0
40344,128, 0
40345,40, 0
40346,0, 0
40347,0, 0
40348,0, 0
40349,0, 0
40350,0, 0
40351,0, 0
40352,0, 0
40353,0, 0
40354,0, 0
40355,5, 0
40356,71, 0
40357,163, 0
40358,294, 0
40359,411, 6
40360,475, 29
40361,454, 45
40362,438, 48
40363,404, 39
40364,402, 30
40365,409, 27
40366,426, 31
40367,446, 38
40368,477, 46
40369,497, 55
40370,524, 70
40371,548, 80
40372,582, 92
40373,600, 108
40374,617, 116
40375,592, 122
40376,551, 112
40377,526, 96
40378,517, 90
40379,517, 87
40380,537, 87
40381,551, 94
40382,524, 92
40383,411, 70
40384,202, 20
40385,23, 0
40386,109, 0
40387,122, 0
40388,38, 0
40389,109, 0
40390,313, 0
40391,445, 12
40392,507, 51
40393,411, 55
40394,204, 17
40395,38, 0
40396,132, 0
40397,244, 0
40398,348, 0
40399,446, 25
40400,540, 62
40401,587, 96
40402,591, 117
40403,557, 121
40404,469, 100
40405,402, 75
40406,348, 46
40407,277, 17
40408,203, 0
40409,130, 0
40410,57, 0
40411,2, 0
40412,41, 0
40413,105, 0
40414,89, 0
40415,24, 0
40416,1, 0
40417,73, 0
40418,195, 0
40419,404, 2
40420,636, 55
40421,823, 139
40422,944, 216
40423,1025, 272
40424,1026, 304
40425,920, 306
40426,739, 262
40427,517, 185
40428,296, 86
40429,152, 9
40430,88, 0
40431,73, 0
40432,44, 0
40433,2, 0
40434,70, 0
40435,186, 0
40436,276, 0
40437,247, 0
40438,123, 0
40439,51, 0
40440,255, 0
40441,452, 6
40442,574, 51
40443,614, 93
40444,579, 110
40445,464, 93
40446,346, 56
40447,287, 21
40448,255, 0
40449,220, 0
40450,206, 0
40451,139, 0
40452,23, 0
40453,75, 0
40454,230, 0
40455,354, 0
40456,465, 24
40457,496, 62
40458,513, 83
40459,450, 76
40460,380, 58
40461,286, 25
40462,189, 2
40463,139, 0
40464,142, 0
40465,188, 0
40466,284, 0
40467,379, 5
40468,436, 31
40469,446, 50
40470,391, 45
40471,306, 28
40472,228, 3
40473,165, 0
40474,95, 0
40475,70, 0
40476,69, 0
40477,65, 0
40478,63, 0
40479,68, 0
40480,24, 0
40481,57, 0
40482,165, 0
40483,256, 0
40484,313, 0
40485,383, 1
40486,463, 22
40487,533, 51
40488,594, 85
40489,643, 108
40490,687, 138
40491,712, 158
40492,723, 171
40493,723, 181
40494,735, 183
40495,755, 191
40496,764, 196
40497,730, 196
40498,654, 182
40499,531, 143
40500,361, 84
40501,198, 17
40502,69, 0
40503,8, 0
40504,11, 0
40505,41, 0
40506,26, 0
40507,34, 0
40508,62, 0
40509,126, 0
40510,165, 0
40511,142, 0
40512,84, 0
40513,15, 0
40514,0, 0
40515,0, 0
40516,0, 0
40517,1, 0
40518,0, 0
40519,20, 0
40520,47, 0
40521,51, 0
40522,15, 0
40523,5, 0
40524,51, 0
40525,71, 0
40526,72, 0
40527,60, 0
40528,69, 0
40529,53, 0
40530,26, 0
40531,1, 0
40532,60, 0
40533,163, 0
40534,263, 0
40535,361, 0
40536,362, 11
40537,305, 5
40538,264, 0
40539,214, 0
40540,176, 0
40541,185, 0
40542,220, 0
40543,257, 0
40544,294, 0
40545,327, 0
40546,330, 0
40547,318, 0
40548,251, 0
40549,196, 0
40550,177, 0
40551,244, 0
40552,348, 0
40553,501, 20
40554,642, 72
40555,739, 130
40556,767, 170
40557,741, 184
40558,656, 176
40559,555, 143
40560,457, 102
40561,353, 55
40562,257, 12
40563,175, 0
40564,115, 0
40565,102, 0
40566,101, 0
40567,45, 0
40568,1, 0
40569,28, 0
40570,12, 0
40571,9, 0
40572,87, 0
40573,109, 0
40574,50, 0
40575,2, 0
40576,30, 0
40577,44, 0
40578,60, 0
40579,58, 0
40580,77, 0
40581,99, 0
40582,126, 0
40583,152, 0
40584,164, 0
40585,184, 0
40586,168, 0
40587,121, 0
40588,102, 0
40589,80, 0
40590,51, 0
40591,26, 0
40592,34, 0
40593,64, 0
40594,115, 0
40595,153, 0
40596,142, 0
40597,155, 0
40598,189, 0
40599,143, 0
40600,39, 0
40601,25, 0
40602,150, 0
40603,212, 0
40604,152, 0
40605,57, 0
40606,0, 0
40607,0, 0
40608,17, 0
40609,100, 0
40610,187, 0
40611,277, 0
40612,360, 0
40613,418, 11
40614,486, 38
40615,562, 63
40616,633, 96
40617,703, 131
40618,744, 164
40619,721, 179
40620,678, 173
40621,658, 164
40622,673, 158
40623,728, 170
40624,774, 189
40625,765, 204
40626,715, 199
40627,618, 175
40628,461, 125
40629,372, 70
40630,333, 30
40631,315, 11
40632,321, 3
40633,342, 5
40634,328, 5
40635,283, 0
40636,196, 0
40637,41, 0
40638,107, 0
40639,295, 0
40640,445, 11
40641,554, 60
40642,644, 104
40643,698, 148
40644,674, 164
40645,568, 154
40646,384, 103
40647,187, 30
40648,20, 0
40649,42, 0
40650,79, 0
40651,76, 0
40652,59, 0
40653,63, 0
40654,89, 0
40655,107, 0
40656,104, 0
40657,42, 0
40658,67, 0
40659,263, 0
40660,378, 1
40661,452, 23
40662,403, 32
40663,271, 14
40664,141, 0
40665,53, 0
40666,5, 0
40667,36, 0
40668,161, 0
40669,341, 0
40670,517, 19
40671,622, 75
40672,673, 115
40673,653, 138
40674,585, 132
40675,517, 107
40676,452, 83
40677,390, 45
40678,316, 19
40679,268, 1
40680,215, 0
40681,226, 0
40682,232, 0
40683,255, 0
40684,277, 0
40685,326, 0
40686,348, 0
40687,373, 8
40688,361, 12
40689,314, 5
40690,352, 4
40691,425, 21
40692,417, 35
40693,299, 19
40694,111, 0
40695,35, 0
40696,135, 0
40697,136, 0
40698,70, 0
40699,4, 0
40700,0, 0
40701,5, 0
40702,6, 0
40703,1, 0
40704,11, 0
40705,27, 0
40706,8, 0
40707,31, 0
40708,90, 0
40709,93, 0
40710,71, 0
40711,24, 0
40712,9, 0
40713,72, 0
40714,154, 0
40715,233, 0
40716,287, 0
40717,338, 0
40718,374, 12
40719,324, 12
40720,237, 0
40721,163, 0
40722,73, 0
40723,38, 0
40724,62, 0
40725,158, 0
40726,282, 0
40727,424, 5
40728,555, 43
40729,667, 96
40730,800, 156
40731,871, 204
40732,859, 234
40733,830, 242
40734,765, 229
40735,660, 199
40736,562, 159
40737,417, 102
40738,210, 26
40739,25, 0
40740,89, 0
40741,170, 0
40742,145, 0
40743,73, 0
40744,34, 0
40745,180, 0
40746,285, 0
40747,314, 0
40748,306, 0
40749,241, 0
40750,113, 0
40751,25, 0
40752,11, 0
40753,84, 0
40754,105, 0
40755,75, 0
40756,63, 0
40757,67, 0
40758,72, 0
40759,94, 0
40760,108, 0
40761,130, 0
40762,167, 0
40763,174, 0
40764,167, 0
40765,143, 0
40766,88, 0
40767,17, 0
40768,0, 0
40769,2, 0
40770,9, 0
40771,0, 0
40772,0, 0
40773,0, 0
40774,0, 0
40775,0, 0
40776,0, 0
40777,0, 0
40778,0, 0
40779,0, 0
40780,0, 0
40781,0, 0
40782,0, 0
40783,6, 0
40784,83, 0
40785,222, 0
40786,391, 0
40787,522, 32
40788,647, 85
40789,736, 134
40790,781, 175
40791,788, 198
40792,742, 202
40793,624, 176
40794,465, 126
40795,294, 55
40796,112, 1
40797,7, 0
40798,0, 0
40799,0, 0
40800,37, 0
40801,97, 0
40802,157, 0
40803,161, 0
40804,152, 0
40805,99, 0
40806,60, 0
40807,24, 0
40808,14, 0
40809,30, 0
40810,39, 0
40811,5, 0
40812,2, 0
40813,18, 0
40814,50, 0
40815,107, 0
40816,161, 0
40817,171, 0
40818,176, 0
40819,168, 0
40820,157, 0
40821,180, 0
40822,207, 0
40823,251, 0
40824,295, 0
40825,316, 0
40826,282, 0
40827,222, 0
40828,112, 0
40829,12, 0
40830,136, 0
40831,277, 0
40832,411, 7
40833,475, 40
40834,434, 53
40835,354, 39
40836,223, 8
40837,83, 0
40838,3, 0
40839,77, 0
40840,165, 0
40841,213, 0
40842,244, 0
40843,272, 0
40844,218, 0
40845,112, 0
40846,78, 0
40847,60, 0
40848,72, 0
40849,128, 0
40850,188, 0
40851,255, 0
40852,349, 0
40853,468, 17
40854,548, 52
40855,596, 88
40856,625, 111
40857,627, 125
40858,643, 133
40859,694, 147
40860,766, 172
40861,861, 205
40862,963, 251
40863,1051, 291
40864,1126, 330
40865,1129, 356
40866,971, 346
40867,658, 279
40868,232, 135
40869,190, 9
40870,576, 36
40871,883, 135
40872,1078, 240
40873,1087, 309
40874,946, 316
40875,730, 274
40876,464, 185
40877,220, 75
40878,93, 2
40879,31, 0
40880,44, 0
40881,112, 0
40882,182, 0
40883,205, 0
40884,182, 0
40885,112, 0
40886,13, 0
40887,25, 0
40888,110, 0
40889,188, 0
40890,263, 0
40891,369, 3
40892,467, 30
40893,506, 62
40894,485, 76
40895,391, 60
40896,290, 28
40897,189, 2
40898,96, 0
40899,10, 0
40900,46, 0
40901,143, 0
40902,235, 0
40903,316, 0
40904,349, 1
40905,377, 11
40906,361, 15
40907,265, 4
40908,183, 0
40909,115, 0
40910,25, 0
40911,57, 0
40912,223, 0
40913,415, 0
40914,599, 46
40915,769, 117
40916,912, 195
40917,1035, 260
40918,1125, 312
40919,1122, 343
40920,994, 342
40921,766, 290
40922,547, 204
40923,342, 107
40924,183, 19
40925,95, 0
40926,62, 0
40927,58, 0
40928,94, 0
40929,116, 0
40930,83, 0
40931,10, 0
40932,106, 0
40933,270, 0
40934,329, 0
40935,278, 0
40936,139, 0
40937,41, 0
40938,237, 0
40939,461, 8
40940,639, 69
40941,753, 139
40942,785, 186
40943,730, 202
40944,547, 169
40945,283, 90
40946,44, 6
40947,223, 0
40948,405, 4
40949,487, 42
40950,477, 59
40951,416, 60
40952,312, 35
40953,253, 4
40954,282, 0
40955,364, 6
40956,455, 29
40957,500, 59
40958,507, 78
40959,475, 77
40960,409, 65
40961,308, 35
40962,183, 2
40963,64, 0
40964,22, 0
40965,126, 0
40966,257, 0
40967,387, 1
40968,551, 42
40969,632, 92
40970,622, 121
40971,529, 110
40972,432, 81
40973,365, 46
40974,338, 19
40975,342, 10
40976,341, 3
40977,349, 6
40978,318, 5
40979,257, 0
40980,206, 0
40981,181, 0
40982,190, 0
40983,263, 0
40984,353, 0
40985,451, 12
40986,566, 56
40987,635, 95
40988,658, 127
40989,647, 138
40990,631, 143
40991,580, 132
40992,476, 107
40993,264, 46
40994,41, 0
40995,57, 0
40996,89, 0
40997,38, 0
40998,56, 0
40999,219, 0
41000,340, 0
41001,409, 11
41002,420, 29
41003,388, 32
41004,294, 15
41005,182, 0
41006,83, 0
41007,40, 0
41008,35, 0
41009,19, 0
41010,0, 0
41011,4, 0
41012,11, 0
41013,0, 0
41014,0, 0
41015,36, 0
41016,127, 0
41017,247, 0
41018,357, 0
41019,405, 15
41020,389, 27
41021,343, 22
41022,283, 7
41023,238, 0
41024,271, 0
41025,258, 0
41026,180, 0
41027,105, 0
41028,31, 0
41029,164, 0
41030,319, 0
41031,451, 10
41032,555, 53
41033,625, 93
41034,665, 122
41035,689, 145
41036,664, 151
41037,593, 141
41038,517, 113
41039,440, 80
41040,401, 53
41041,403, 36
41042,387, 29
41043,340, 14
41044,300, 1
41045,290, 0
41046,316, 0
41047,403, 6
41048,480, 34
41049,487, 53
41050,454, 57
41051,361, 38
41052,257, 7
41053,184, 0
41054,93, 0
41055,9, 0
41056,0, 0
41057,0, 0
41058,6, 0
41059,96, 0
41060,183, 0
41061,180, 0
41062,119, 0
41063,26, 0
41064,17, 0
41065,83, 0
41066,150, 0
41067,204, 0
41068,215, 0
41069,197, 0
41070,188, 0
41071,157, 0
41072,165, 0
41073,201, 0
41074,242, 0
41075,284, 0
41076,325, 0
41077,300, 0
41078,234, 0
41079,131, 0
41080,24, 0
41081,23, 0
41082,77, 0
41083,131, 0
41084,147, 0
41085,150, 0
41086,157, 0
41087,213, 0
41088,247, 0
41089,239, 0
41090,270, 0
41091,263, 0
41092,264, 0
41093,276, 0
41094,275, 0
41095,281, 0
41096,328, 0
41097,402, 6
41098,465, 29
41099,514, 51
41100,535, 72
41101,540, 83
41102,535, 87
41103,505, 83
41104,485, 73
41105,530, 76
41106,592, 91
41107,659, 121
41108,630, 138
41109,485, 112
41110,276, 51
41111,61, 0
41112,51, 0
41113,127, 0
41114,129, 0
41115,155, 0
41116,185, 0
41117,133, 0
41118,22, 0
41119,35, 0
41120,133, 0
41121,165, 0
41122,112, 0
41123,34, 0
41124,10, 0
41125,75, 0
41126,80, 0
41127,42, 0
41128,5, 0
41129,0, 0
41130,0, 0
41131,0, 0
41132,23, 0
41133,6, 0
41134,0, 0
41135,17, 0
41136,51, 0
41137,43, 0
41138,38, 0
41139,38, 0
41140,31, 0
41141,10, 0
41142,18, 0
41143,32, 0
41144,44, 0
41145,7, 0
41146,81, 0
41147,133, 0
41148,89, 0
41149,12, 0
41150,170, 0
41151,377, 0
41152,488, 21
41153,491, 51
41154,407, 48
41155,279, 15
41156,189, 0
41157,184, 0
41158,208, 0
41159,251, 0
41160,283, 0
41161,295, 0
41162,291, 0
41163,322, 0
41164,356, 0
41165,414, 9
41166,494, 37
41167,552, 64
41168,584, 90
41169,636, 115
41170,677, 138
41171,674, 151
41172,694, 164
41173,652, 161
41174,586, 141
41175,496, 117
41176,345, 67
41177,193, 10
41178,118, 0
41179,92, 0
41180,120, 0
41181,170, 0
41182,182, 0
41183,164, 0
41184,106, 0
41185,51, 0
41186,4, 0
41187,4, 0
41188,50, 0
41189,103, 0
41190,139, 0
41191,134, 0
41192,128, 0
41193,91, 0
41194,93, 0
41195,106, 0
41196,91, 0
41197,48, 0
41198,41, 0
41199,18, 0
41200,32, 0
41201,88, 0
41202,156, 0
41203,198, 0
41204,208, 0
41205,201, 0
41206,196, 0
41207,223, 0
41208,217, 0
41209,180, 0
41210,135, 0
41211,25, 0
41212,97, 0
41213,195, 0
41214,254, 0
41215,287, 0
41216,322, 0
41217,351, 0
41218,399, 11
41219,411, 25
41220,376, 22
41221,337, 12
41222,274, 0
41223,238, 0
41224,248, 0
41225,272, 0
41226,300, 0
41227,339, 0
41228,355, 1
41229,382, 6
41230,380, 13
41231,356, 12
41232,312, 4
41233,265, 0
41234,215, 0
41235,204, 0
41236,202, 0
41237,145, 0
41238,87, 0
41239,67, 0
41240,60, 0
41241,84, 0
41242,161, 0
41243,212, 0
41244,216, 0
41245,192, 0
41246,133, 0
41247,47, 0
41248,0, 0
41249,29, 0
41250,57, 0
41251,53, 0
41252,44, 0
41253,30, 0
41254,34, 0
41255,29, 0
41256,25, 0
41257,0, 0
41258,9, 0
41259,38, 0
41260,88, 0
41261,126, 0
41262,130, 0
41263,95, 0
41264,21, 0
41265,56, 0
41266,158, 0
41267,243, 0
41268,296, 0
41269,255, 0
41270,183, 0
41271,97, 0
41272,25, 0
41273,143, 0
41274,223, 0
41275,254, 0
41276,313, 0
41277,379, 3
41278,456, 21
41279,519, 51
41280,555, 76
41281,577, 91
41282,583, 101
41283,530, 97
41284,440, 77
41285,365, 43
41286,324, 18
41287,338, 5
41288,427, 15
41289,505, 41
41290,599, 78
41291,667, 115
41292,664, 139
41293,619, 138
41294,548, 126
41295,464, 95
41296,387, 60
41297,315, 27
41298,175, 0
41299,43, 0
41300,5, 0
41301,87, 0
41302,182, 0
41303,220, 0
41304,228, 0
41305,202, 0
41306,113, 0
41307,22, 0
41308,21, 0
41309,96, 0
41310,139, 0
41311,163, 0
41312,171, 0
41313,67, 0
41314,51, 0
41315,161, 0
41316,268, 0
41317,287, 0
41318,219, 0
41319,118, 0
41320,44, 0
41321,0, 0
41322,0, 0
41323,0, 0
41324,0, 0
41325,51, 0
41326,127, 0
41327,186, 0
41328,205, 0
41329,222, 0
41330,144, 0
41331,23, 0
41332,149, 0
41333,337, 0
41334,432, 11
41335,425, 28
41336,371, 22
41337,329, 12
41338,238, 0
41339,169, 0
41340,150, 0
41341,204, 0
41342,311, 0
41343,483, 14
41344,668, 74
41345,861, 153
41346,1017, 235
41347,1073, 294
41348,1038, 319
41349,865, 301
41350,569, 224
41351,223, 99
41352,32, 1
41353,158, 0
41354,158, 0
41355,73, 0
41356,6, 0
41357,54, 0
41358,52, 0
41359,10, 0
41360,75, 0
41361,50, 0
41362,6, 0
41363,95, 0
41364,212, 0
41365,230, 0
41366,164, 0
41367,83, 0
41368,13, 0
41369,0, 0
41370,6, 0
41371,32, 0
41372,62, 0
41373,79, 0
41374,51, 0
41375,13, 0
41376,0, 0
41377,27, 0
41378,68, 0
41379,69, 0
41380,108, 0
41381,182, 0
41382,204, 0
41383,208, 0
41384,204, 0
41385,183, 0
41386,154, 0
41387,134, 0
41388,155, 0
41389,201, 0
41390,249, 0
41391,231, 0
41392,167, 0
41393,89, 0
41394,27, 0
41395,150, 0
41396,201, 0
41397,224, 0
41398,237, 0
41399,251, 0
41400,278, 0
41401,332, 0
41402,380, 3
41403,423, 17
41404,481, 40
41405,533, 62
41406,562, 80
41407,632, 106
41408,642, 127
41409,621, 131
41410,583, 127
41411,514, 107
41412,481, 85
41413,468, 72
41414,465, 63
41415,439, 54
41416,439, 46
41417,425, 44
41418,403, 38
41419,344, 26
41420,196, 1
41421,56, 0
41422,1, 0
41423,0, 0
41424,28, 0
41425,120, 0
41426,180, 0
41427,211, 0
41428,244, 0
41429,238, 0
41430,193, 0
41431,119, 0
41432,47, 0
41433,2, 0
41434,0, 0
41435,1, 0
41436,0, 0
41437,5, 0
41438,59, 0
41439,120, 0
41440,127, 0
41441,129, 0
41442,123, 0
41443,52, 0
41444,1, 0
41445,21, 0
41446,78, 0
41447,129, 0
41448,134, 0
41449,131, 0
41450,50, 0
41451,7, 0
41452,57, 0
41453,87, 0
41454,118, 0
41455,112, 0
41456,102, 0
41457,111, 0
41458,76, 0
41459,6, 0
41460,45, 0
41461,145, 0
41462,263, 0
41463,340, 0
41464,425, 6
41465,491, 38
41466,561, 70
41467,593, 91
41468,620, 111
41469,616, 121
41470,570, 122
41471,481, 97
41472,336, 55
41473,208, 5
41474,143, 0
41475,123, 0
41476,150, 0
41477,186, 0
41478,211, 0
41479,220, 0
41480,180, 0
41481,63, 0
41482,1, 0
41483,0, 0
41484,0, 0
41485,27, 0
41486,81, 0
41487,108, 0
41488,107, 0
41489,89, 0
41490,61, 0
41491,32, 0
41492,4, 0
41493,0, 0
41494,12, 0
41495,46, 0
41496,37, 0
41497,21, 0
41498,3, 0
41499,0, 0
41500,0, 0
41501,6, 0
41502,6, 0
41503,0, 0
41504,0, 0
41505,0, 0
41506,6, 0
41507,0, 0
41508,0, 0
41509,5, 0
41510,32, 0
41511,3, 0
41512,0, 0
41513,13, 0
41514,79, 0
41515,176, 0
41516,325, 0
41517,452, 11
41518,531, 47
41519,509, 68
41520,460, 64
41521,380, 42
41522,325, 14
41523,326, 5
41524,312, 0
41525,300, 0
41526,296, 0
41527,287, 0
41528,273, 0
41529,330, 0
41530,357, 3
41531,402, 11
41532,433, 25
41533,436, 36
41534,421, 38
41535,405, 32
41536,398, 29
41537,425, 31
41538,487, 47
41539,540, 68
41540,569, 89
41541,533, 96
41542,408, 74
41543,279, 27
41544,170, 0
41545,86, 0
41546,54, 0
41547,58, 0
41548,38, 0
41549,28, 0
41550,26, 0
41551,51, 0
41552,92, 0
41553,136, 0
41554,92, 0
41555,35, 0
41556,237, 0
41557,367, 2
41558,368, 11
41559,228, 5
41560,111, 0
41561,29, 0
41562,48, 0
41563,212, 0
41564,378, 0
41565,535, 41
41566,630, 92
41567,666, 136
41568,635, 148
41569,558, 140
41570,452, 106
41571,332, 57
41572,252, 13
41573,180, 0
41574,86, 0
41575,12, 0
41576,31, 0
41577,152, 0
41578,271, 0
41579,361, 0
41580,450, 14
41581,533, 53
41582,620, 88
41583,684, 124
41584,737, 157
41585,725, 170
41586,694, 174
41587,648, 166
41588,578, 141
41589,510, 109
41590,456, 83
41591,402, 53
41592,368, 34
41593,382, 24
41594,403, 24
41595,439, 32
41596,457, 41
41597,452, 47
41598,402, 39
41599,360, 25
41600,330, 10
41601,280, 2
41602,233, 0
41603,140, 0
41604,85, 0
41605,95, 0
41606,89, 0
41607,100, 0
41608,115, 0
41609,96, 0
41610,61, 0
41611,23, 0
41612,0, 0
41613,4, 0
41614,38, 0
41615,64, 0
41616,93, 0
41617,94, 0
41618,95, 0
41619,55, 0
41620,39, 0
41621,18, 0
41622,3, 0
41623,0, 0
41624,19, 0
41625,50, 0
41626,84, 0
41627,92, 0
41628,69, 0
41629,24, 0
41630,1, 0
41631,59, 0
41632,111, 0
41633,202, 0
41634,264, 0
41635,251, 0
41636,228, 0
41637,136, 0
41638,21, 0
41639,125, 0
41640,229, 0
41641,301, 0
41642,348, 0
41643,378, 6
41644,403, 9
41645,420, 22
41646,416, 27
41647,409, 27
41648,408, 28
41649,410, 27
41650,394, 26
41651,437, 35
41652,437, 38
41653,439, 40
41654,424, 39
41655,407, 34
41656,404, 31
41657,409, 31
41658,405, 31
41659,396, 31
41660,378, 24
41661,345, 15
41662,299, 4
41663,218, 0
41664,105, 0
41665,57, 0
41666,37, 0
41667,40, 0
41668,91, 0
41669,140, 0
41670,145, 0
41671,125, 0
41672,83, 0
41673,42, 0
41674,11, 0
41675,0, 0
41676,0, 0
41677,0, 0
41678,7, 0
41679,26, 0
41680,37, 0
41681,62, 0
41682,86, 0
41683,107, 0
41684,104, 0
41685,136, 0
41686,148, 0
41687,127, 0
41688,85, 0
41689,12, 0
41690,19, 0
41691,70, 0
41692,92, 0
41693,55, 0
41694,2, 0
41695,18, 0
41696,19, 0
41697,4, 0
41698,12, 0
41699,102, 0
41700,171, 0
41701,201, 0
41702,219, 0
41703,252, 0
41704,301, 0
41705,346, 0
41706,399, 8
41707,460, 27
41708,529, 54
41709,600, 89
41710,661, 116
41711,710, 145
41712,729, 167
41713,698, 172
41714,624, 159
41715,514, 127
41716,400, 81
41717,323, 36
41718,286, 6
41719,264, 0
41720,237, 0
41721,205, 0
41722,167, 0
41723,141, 0
41724,64, 0
41725,1, 0
41726,2, 0
41727,0, 0
41728,28, 0
41729,117, 0
41730,145, 0
41731,115, 0
41732,28, 0
41733,28, 0
41734,137, 0
41735,226, 0
41736,275, 0
41737,271, 0
41738,232, 0
41739,181, 0
41740,138, 0
41741,113, 0
41742,104, 0
41743,95, 0
41744,79, 0
41745,57, 0
41746,65, 0
41747,64, 0
41748,63, 0
41749,57, 0
41750,55, 0
41751,27, 0
41752,8, 0
41753,0, 0
41754,0, 0
41755,17, 0
41756,31, 0
41757,15, 0
41758,9, 0
41759,110, 0
41760,276, 0
41761,402, 1
41762,482, 29
41763,538, 57
41764,559, 81
41765,527, 89
41766,456, 74
41767,388, 51
41768,348, 25
41769,351, 11
41770,383, 12
41771,414, 20
41772,408, 25
41773,427, 35
41774,398, 30
41775,369, 22
41776,355, 12
41777,354, 8
41778,368, 10
41779,403, 19
41780,403, 23
41781,391, 24
41782,377, 22
41783,284, 8
41784,256, 0
41785,170, 0
41786,78, 0
41787,55, 0
41788,71, 0
41789,83, 0
41790,117, 0
41791,118, 0
41792,60, 0
41793,11, 0
41794,0, 0
41795,14, 0
41796,14, 0
41797,14, 0
41798,12, 0
41799,20, 0
41800,56, 0
41801,57, 0
41802,84, 0
41803,99, 0
41804,94, 0
41805,64, 0
41806,19, 0
41807,1, 0
41808,0, 0
41809,3, 0
41810,10, 0
41811,5, 0
41812,0, 0
41813,11, 0
41814,53, 0
41815,115, 0
41816,174, 0
41817,177, 0
41818,133, 0
41819,60, 0
41820,23, 0
41821,167, 0
41822,279, 0
41823,345, 0
41824,387, 5
41825,431, 22
41826,476, 40
41827,514, 58
41828,536, 72
41829,530, 83
41830,514, 83
41831,469, 73
41832,421, 53
41833,380, 32
41834,343, 19
41835,309, 5
41836,310, 0
41837,316, 0
41838,331, 0
41839,357, 3
41840,391, 10
41841,407, 21
41842,424, 27
41843,415, 31
41844,386, 28
41845,328, 17
41846,195, 0
41847,45, 0
41848,0, 0
41849,0, 0
41850,15, 0
41851,121, 0
41852,192, 0
41853,232, 0
41854,262, 0
41855,286, 0
41856,279, 0
41857,228, 0
41858,148, 0
41859,58, 0
41860,1, 0
41861,72, 0
41862,191, 0
41863,299, 0
41864,330, 0
41865,336, 7
41866,300, 3
41867,282, 0
41868,291, 0
41869,289, 0
41870,229, 0
41871,144, 0
41872,54, 0
41873,4, 0
41874,40, 0
41875,103, 0
41876,135, 0
41877,143, 0
41878,166, 0
41879,183, 0
41880,167, 0
41881,158, 0
41882,154, 0
41883,145, 0
41884,121, 0
41885,122, 0
41886,144, 0
41887,184, 0
41888,240, 0
41889,245, 0
41890,258, 0
41891,287, 0
41892,318, 0
41893,371, 1
41894,369, 4
41895,391, 11
41896,382, 18
41897,404, 21
41898,396, 25
41899,377, 22
41900,346, 13
41901,314, 5
41902,280, 0
41903,283, 0
41904,274, 0
41905,270, 0
41906,257, 0
41907,189, 0
41908,111, 0
41909,84, 0
41910,92, 0
41911,107, 0
41912,140, 0
41913,158, 0
41914,142, 0
41915,108, 0
41916,73, 0
41917,46, 0
41918,18, 0
41919,2, 0
41920,0, 0
41921,0, 0
41922,25, 0
41923,10, 0
41924,6, 0
41925,0, 0
41926,2, 0
41927,10, 0
41928,0, 0
41929,8, 0
41930,60, 0
41931,132, 0
41932,179, 0
41933,174, 0
41934,121, 0
41935,25, 0
41936,26, 0
41937,145, 0
41938,233, 0
41939,235, 0
41940,125, 0
41941,23, 0
41942,210, 0
41943,398, 0
41944,497, 28
41945,498, 55
41946,441, 53
41947,355, 34
41948,280, 6
41949,226, 0
41950,197, 0
41951,134, 0
41952,97, 0
41953,89, 0
41954,104, 0
41955,150, 0
41956,199, 0
41957,237, 0
41958,294, 0
41959,323, 0
41960,360, 1
41961,388, 9
41962,409, 20
41963,387, 21
41964,361, 18
41965,317, 9
41966,262, 0
41967,212, 0
41968,119, 0
41969,32, 0
41970,0, 0
41971,6, 0
41972,45, 0
41973,118, 0
41974,170, 0
41975,197, 0
41976,196, 0
41977,179, 0
41978,138, 0
41979,67, 0
41980,2, 0
41981,43, 0
41982,102, 0
41983,127, 0
41984,126, 0
41985,121, 0
41986,105, 0
41987,72, 0
41988,38, 0
41989,23, 0
41990,22, 0
41991,26, 0
41992,11, 0
41993,6, 0
41994,13, 0
41995,20, 0
41996,19, 0
41997,12, 0
41998,32, 0
41999,68, 0
42000,42, 0
42001,5, 0
42002,6, 0
42003,97, 0
42004,221, 0
42005,285, 0
42006,322, 0
42007,354, 0
42008,377, 5
42009,401, 15
42010,428, 27
42011,446, 37
42012,445, 40
42013,454, 44
42014,452, 43
42015,463, 46
42016,473, 52
42017,479, 59
42018,463, 57
42019,467, 52
42020,462, 57
42021,432, 47
42022,406, 38
42023,391, 31
42024,370, 21
42025,355, 18
42026,353, 12
42027,318, 6
42028,314, 3
42029,227, 0
42030,147, 0
42031,105, 0
42032,95, 0
42033,113, 0
42034,144, 0
42035,155, 0
42036,140, 0
42037,112, 0
42038,63, 0
42039,13, 0
42040,25, 0
42041,112, 0
42042,172, 0
42043,199, 0
42044,192, 0
42045,176, 0
42046,157, 0
42047,153, 0
42048,127, 0
42049,113, 0
42050,108, 0
42051,125, 0
42052,124, 0
42053,108, 0
42054,88, 0
42055,58, 0
42056,35, 0
42057,10, 0
42058,4, 0
42059,19, 0
42060,46, 0
42061,56, 0
42062,9, 0
42063,4, 0
42064,112, 0
42065,232, 0
42066,282, 0
42067,317, 0
42068,336, 0
42069,356, 1
42070,376, 8
42071,407, 17
42072,420, 27
42073,428, 31
42074,439, 37
42075,447, 44
42076,461, 44
42077,475, 51
42078,479, 55
42079,465, 57
42080,460, 54
42081,441, 51
42082,423, 43
42083,404, 36
42084,376, 25
42085,355, 19
42086,332, 9
42087,342, 6
42088,300, 1
42089,252, 0
42090,158, 0
42091,89, 0
42092,63, 0
42093,56, 0
42094,91, 0
42095,164, 0
42096,253, 0
42097,342, 0
42098,439, 17
42099,514, 52
42100,546, 80
42101,462, 78
42102,312, 44
42103,152, 3
42104,23, 0
42105,59, 0
42106,181, 0
42107,325, 0
42108,465, 22
42109,554, 64
42110,605, 102
42111,578, 117
42112,532, 111
42113,442, 92
42114,332, 53
42115,251, 14
42116,204, 0
42117,200, 0
42118,215, 0
42119,202, 0
42120,204, 0
42121,200, 0
42122,142, 0
42123,45, 0
42124,10, 0
42125,127, 0
42126,252, 0
42127,324, 0
42128,341, 0
42129,357, 2
42130,385, 10
42131,414, 22
42132,435, 30
42133,445, 38
42134,456, 43
42135,457, 46
42136,499, 60
42137,540, 74
42138,588, 92
42139,629, 115
42140,636, 128
42141,642, 135
42142,582, 131
42143,466, 101
42144,341, 52
42145,239, 10
42146,177, 0
42147,172, 0
42148,204, 0
42149,223, 0
42150,215, 0
42151,141, 0
42152,83, 0
42153,56, 0
42154,47, 0
42155,76, 0
42156,115, 0
42157,110, 0
42158,92, 0
42159,59, 0
42160,43, 0
42161,21, 0
42162,3, 0
42163,0, 0
42164,0, 0
42165,0, 0
42166,5, 0
42167,24, 0
42168,36, 0
42169,22, 0
42170,0, 0
42171,0, 0
42172,2, 0
42173,2, 0
42174,0, 0
42175,3, 0
42176,61, 0
42177,130, 0
42178,153, 0
42179,105, 0
42180,29, 0
42181,0, 0
42182,3, 0
42183,65, 0
42184,76, 0
42185,93, 0
42186,130, 0
42187,154, 0
42188,163, 0
42189,165, 0
42190,189, 0
42191,252, 0
42192,300, 0
42193,354, 0
42194,400, 8
42195,454, 25
42196,525, 51
42197,591, 83
42198,630, 107
42199,607, 119
42200,543, 108
42201,446, 84
42202,340, 44
42203,263, 8
42204,213, 0
42205,210, 0
42206,220, 0
42207,235, 0
42208,246, 0
42209,242, 0
42210,240, 0
42211,187, 0
42212,95, 0
42213,28, 0
42214,13, 0
42215,18, 0
42216,57, 0
42217,91, 0
42218,104, 0
42219,99, 0
42220,97, 0
42221,95, 0
42222,102, 0
42223,109, 0
42224,108, 0
42225,81, 0
42226,22, 0
42227,14, 0
42228,86, 0
42229,159, 0
42230,180, 0
42231,166, 0
42232,115, 0
42233,92, 0
42234,72, 0
42235,72, 0
42236,88, 0
42237,109, 0
42238,134, 0
42239,143, 0
42240,132, 0
42241,122, 0
42242,108, 0
42243,107, 0
42244,78, 0
42245,20, 0
42246,17, 0
42247,133, 0
42248,242, 0
42249,305, 0
42250,330, 0
42251,360, 2
42252,382, 11
42253,404, 19
42254,417, 25
42255,435, 30
42256,439, 39
42257,435, 43
42258,454, 44
42259,466, 47
42260,483, 57
42261,484, 61
42262,480, 62
42263,464, 58
42264,441, 55
42265,415, 44
42266,375, 29
42267,371, 24
42268,360, 15
42269,345, 11
42270,351, 8
42271,313, 3
42272,244, 0
42273,147, 0
42274,83, 0
42275,69, 0
42276,70, 0
42277,86, 0
42278,121, 0
42279,124, 0
42280,92, 0
42281,58, 0
42282,37, 0
42283,11, 0
42284,0, 0
42285,0, 0
42286,13, 0
42287,36, 0
42288,51, 0
42289,63, 0
42290,86, 0
42291,91, 0
42292,87, 0
42293,76, 0
42294,94, 0
42295,100, 0
42296,105, 0
42297,87, 0
42298,67, 0
42299,47, 0
42300,17, 0
42301,2, 0
42302,2, 0
42303,42, 0
42304,78, 0
42305,54, 0
42306,8, 0
42307,23, 0
42308,141, 0
42309,239, 0
42310,294, 0
42311,315, 0
42312,338, 0
42313,369, 2
42314,391, 12
42315,403, 20
42316,427, 27
42317,428, 34
42318,435, 38
42319,437, 40
42320,444, 43
42321,465, 45
42322,469, 52
42323,451, 51
42324,446, 47
42325,427, 44
42326,411, 38
42327,386, 30
42328,362, 24
42329,338, 10
42330,318, 5
42331,326, 2
42332,282, 0
42333,210, 0
42334,115, 0
42335,63, 0
42336,42, 0
42337,39, 0
42338,74, 0
42339,97, 0
42340,99, 0
42341,86, 0
42342,55, 0
42343,32, 0
42344,3, 0
42345,0, 0
42346,4, 0
42347,21, 0
42348,46, 0
42349,60, 0
42350,73, 0
42351,92, 0
42352,107, 0
42353,91, 0
42354,94, 0
42355,104, 0
42356,118, 0
42357,109, 0
42358,89, 0
42359,61, 0
42360,42, 0
42361,23, 0
42362,6, 0
42363,10, 0
42364,50, 0
42365,78, 0
42366,45, 0
42367,6, 0
42368,28, 0
42369,147, 0
42370,267, 0
42371,294, 0
42372,317, 0
42373,345, 0
42374,371, 6
42375,391, 11
42376,403, 21
42377,425, 29
42378,430, 37
42379,437, 37
42380,444, 40
42381,454, 44
42382,457, 44
42383,456, 48
42384,449, 48
42385,445, 46
42386,433, 47
42387,418, 39
42388,391, 31
42389,371, 23
42390,337, 10
42391,315, 3
42392,301, 0
42393,275, 0
42394,206, 0
42395,115, 0
42396,59, 0
42397,42, 0
42398,39, 0
42399,70, 0
42400,91, 0
42401,92, 0
42402,71, 0
42403,47, 0
42404,32, 0
42405,8, 0
42406,0, 0
42407,11, 0
42408,29, 0
42409,54, 0
42410,88, 0
42411,89, 0
42412,102, 0
42413,102, 0
42414,102, 0
42415,93, 0
42416,102, 0
42417,111, 0
42418,111, 0
42419,95, 0
42420,80, 0
42421,58, 0
42422,25, 0
42423,10, 0
42424,0, 0
42425,7, 0
42426,19, 0
42427,0, 0
42428,38, 0
42429,132, 0
42430,267, 0
42431,369, 0
42432,420, 13
42433,441, 29
42434,456, 44
42435,475, 51
42436,460, 51
42437,419, 43
42438,364, 31
42439,301, 9
42440,267, 0
42441,251, 0
42442,249, 0
42443,253, 0
42444,232, 0
42445,232, 0
42446,233, 0
42447,246, 0
42448,267, 0
42449,293, 0
42450,319, 0
42451,328, 0
42452,319, 0
42453,361, 6
42454,321, 4
42455,261, 0
42456,169, 0
42457,123, 0
42458,92, 0
42459,84, 0
42460,111, 0
42461,133, 0
42462,131, 0
42463,118, 0
42464,84, 0
42465,59, 0
42466,42, 0
42467,18, 0
42468,12, 0
42469,0, 0
42470,0, 0
42471,0, 0
42472,0, 0
42473,2, 0
42474,3, 0
42475,12, 0
42476,52, 0
42477,100, 0
42478,141, 0
42479,155, 0
42480,145, 0
42481,139, 0
42482,126, 0
42483,108, 0
42484,83, 0
42485,106, 0
42486,144, 0
42487,116, 0
42488,70, 0
42489,11, 0
42490,55, 0
42491,186, 0
42492,297, 0
42493,330, 0
42494,373, 3
42495,416, 14
42496,438, 30
42497,465, 38
42498,480, 50
42499,481, 57
42500,473, 57
42501,469, 53
42502,460, 53
42503,440, 51
42504,431, 44
42505,419, 37
42506,409, 31
42507,415, 31
42508,409, 34
42509,398, 29
42510,379, 25
42511,369, 19
42512,353, 13
42513,344, 10
42514,346, 9
42515,304, 3
42516,198, 0
42517,99, 0
42518,43, 0
42519,9, 0
42520,8, 0
42521,50, 0
42522,72, 0
42523,77, 0
42524,73, 0
42525,31, 0
42526,11, 0
42527,0, 0
42528,0, 0
42529,21, 0
42530,38, 0
42531,56, 0
42532,57, 0
42533,72, 0
42534,80, 0
42535,63, 0
42536,51, 0
42537,51, 0
42538,63, 0
42539,73, 0
42540,76, 0
42541,59, 0
42542,52, 0
42543,47, 0
42544,35, 0
42545,38, 0
42546,72, 0
42547,106, 0
42548,113, 0
42549,86, 0
42550,17, 0
42551,46, 0
42552,161, 0
42553,253, 0
42554,289, 0
42555,321, 0
42556,338, 0
42557,379, 6
42558,396, 15
42559,421, 25
42560,424, 32
42561,425, 34
42562,438, 38
42563,451, 42
42564,464, 43
42565,486, 51
42566,458, 53
42567,449, 51
42568,439, 46
42569,424, 43
42570,402, 36
42571,375, 27
42572,363, 21
42573,333, 8
42574,313, 5
42575,294, 0
42576,268, 0
42577,176, 0
42578,95, 0
42579,44, 0
42580,38, 0
42581,48, 0
42582,81, 0
42583,95, 0
42584,94, 0
42585,70, 0
42586,43, 0
42587,17, 0
42588,0, 0
42589,0, 0
42590,13, 0
42591,44, 0
42592,57, 0
42593,73, 0
42594,83, 0
42595,102, 0
42596,95, 0
42597,89, 0
42598,94, 0
42599,108, 0
42600,109, 0
42601,108, 0
42602,81, 0
42603,62, 0
42604,39, 0
42605,12, 0
42606,1, 0
42607,21, 0
42608,45, 0
42609,56, 0
42610,19, 0
42611,0, 0
42612,83, 0
42613,199, 0
42614,289, 0
42615,326, 0
42616,361, 0
42617,385, 7
42618,415, 20
42619,421, 28
42620,442, 34
42621,455, 43
42622,460, 45
42623,469, 52
42624,478, 55
42625,484, 58
42626,495, 63
42627,485, 62
42628,480, 62
42629,467, 59
42630,433, 54
42631,415, 41
42632,405, 37
42633,384, 31
42634,361, 20
42635,316, 7
42636,319, 4
42637,281, 0
42638,192, 0
42639,109, 0
42640,68, 0
42641,53, 0
42642,60, 0
42643,93, 0
42644,103, 0
42645,103, 0
42646,74, 0
42647,47, 0
42648,22, 0
42649,7, 0
42650,0, 0
42651,7, 0
42652,38, 0
42653,48, 0
42654,57, 0
42655,76, 0
42656,95, 0
42657,95, 0
42658,84, 0
42659,99, 0
42660,110, 0
42661,111, 0
42662,104, 0
42663,78, 0
42664,60, 0
42665,34, 0
42666,9, 0
42667,6, 0
42668,42, 0
42669,70, 0
42670,67, 0
42671,28, 0
42672,0, 0
42673,68, 0
42674,189, 0
42675,269, 0
42676,310, 0
42677,330, 0
42678,361, 0
42679,383, 12
42680,391, 14
42681,421, 25
42682,428, 32
42683,427, 36
42684,439, 39
42685,445, 39
42686,456, 42
42687,466, 46
42688,462, 50
42689,457, 50
42690,438, 45
42691,420, 42
42692,399, 34
42693,375, 25
42694,342, 17
42695,321, 3
42696,301, 0
42697,294, 0
42698,252, 0
42699,157, 0
42700,71, 0
42701,36, 0
42702,27, 0
42703,41, 0
42704,83, 0
42705,99, 0
42706,95, 0
42707,64, 0
42708,31, 0
42709,6, 0
42710,0, 0
42711,8, 0
42712,24, 0
42713,42, 0
42714,61, 0
42715,71, 0
42716,89, 0
42717,108, 0
42718,112, 0
42719,94, 0
42720,116, 0
42721,120, 0
42722,127, 0
42723,113, 0
42724,92, 0
42725,70, 0
42726,48, 0
42727,23, 0
42728,11, 0
42729,41, 0
42730,67, 0
42731,80, 0
42732,31, 0
42733,2, 0
42734,79, 0
42735,196, 0
42736,287, 0
42737,306, 0
42738,330, 0
42739,361, 2
42740,384, 7
42741,404, 19
42742,426, 27
42743,431, 31
42744,430, 37
42745,439, 42
42746,456, 44
42747,464, 50
42748,465, 51
42749,462, 53
42750,453, 51
42751,432, 45
42752,424, 42
42753,398, 35
42754,374, 27
42755,353, 15
42756,336, 11
42757,313, 2
42758,294, 0
42759,243, 0
42760,156, 0
42761,83, 0
42762,39, 0
42763,36, 0
42764,69, 0
42765,87, 0
42766,92, 0
42767,101, 0
42768,59, 0
42769,28, 0
42770,6, 0
42771,0, 0
42772,8, 0
42773,25, 0
42774,38, 0
42775,58, 0
42776,70, 0
42777,83, 0
42778,94, 0
42779,95, 0
42780,92, 0
42781,105, 0
42782,113, 0
42783,115, 0
42784,105, 0
42785,80, 0
42786,61, 0
42787,41, 0
42788,12, 0
42789,3, 0
42790,42, 0
42791,75, 0
42792,76, 0
42793,30, 0
42794,3, 0
42795,95, 0
42796,212, 0
42797,296, 0
42798,326, 0
42799,348, 0
42800,362, 6
42801,395, 12
42802,415, 21
42803,427, 29
42804,432, 37
42805,436, 38
42806,444, 42
42807,456, 44
42808,469, 51
42809,481, 53
42810,482, 58
42811,466, 57
42812,449, 51
42813,431, 47
42814,413, 41
42815,379, 30
42816,360, 18
42817,334, 12
42818,314, 3
42819,299, 0
42820,253, 0
42821,154, 0
42822,77, 0
42823,48, 0
42824,44, 0
42825,59, 0
42826,77, 0
42827,94, 0
42828,83, 0
42829,56, 0
42830,23, 0
42831,0, 0
42832,0, 0
42833,18, 0
42834,31, 0
42835,51, 0
42836,68, 0
42837,73, 0
42838,90, 0
42839,106, 0
42840,107, 0
42841,93, 0
42842,103, 0
42843,112, 0
42844,115, 0
42845,99, 0
42846,77, 0
42847,55, 0
42848,37, 0
42849,7, 0
42850,3, 0
42851,38, 0
42852,70, 0
42853,63, 0
42854,25, 0
42855,6, 0
42856,102, 0
42857,217, 0
42858,289, 0
42859,317, 0
42860,338, 0
42861,346, 3
42862,405, 12
42863,420, 22
42864,438, 31
42865,456, 42
42866,447, 44
42867,460, 47
42868,465, 50
42869,465, 50
42870,473, 57
42871,472, 57
42872,468, 57
42873,452, 54
42874,441, 51
42875,421, 43
42876,408, 40
42877,385, 27
42878,362, 20
42879,334, 12
42880,310, 5
42881,245, 0
42882,139, 0
42883,61, 0
42884,24, 0
42885,12, 0
42886,44, 0
42887,57, 0
42888,76, 0
42889,84, 0
42890,61, 0
42891,52, 0
42892,35, 0
42893,6, 0
42894,0, 0
42895,0, 0
42896,6, 0
42897,27, 0
42898,58, 0
42899,65, 0
42900,70, 0
42901,76, 0
42902,108, 0
42903,172, 0
42904,216, 0
42905,257, 0
42906,270, 0
42907,243, 0
42908,202, 0
42909,155, 0
42910,96, 0
42911,86, 0
42912,101, 0
42913,106, 0
42914,88, 0
42915,38, 0
42916,6, 0
42917,106, 0
42918,207, 0
42919,292, 0
42920,318, 0
42921,340, 0
42922,373, 5
42923,409, 18
42924,427, 26
42925,463, 38
42926,473, 51
42927,483, 55
42928,497, 63
42929,504, 67
42930,506, 71
42931,515, 75
42932,509, 74
42933,484, 70
42934,465, 63
42935,420, 51
42936,380, 35
42937,357, 20
42938,347, 10
42939,330, 6
42940,318, 1
42941,300, 0
42942,238, 0
42943,138, 0
42944,77, 0
42945,51, 0
42946,51, 0
42947,84, 0
42948,110, 0
42949,112, 0
42950,129, 0
42951,74, 0
42952,46, 0
42953,19, 0
42954,0, 0
42955,0, 0
42956,6, 0
42957,31, 0
42958,51, 0
42959,59, 0
42960,81, 0
42961,92, 0
42962,79, 0
42963,83, 0
42964,101, 0
42965,102, 0
42966,102, 0
42967,92, 0
42968,60, 0
42969,45, 0
42970,23, 0
42971,5, 0
42972,11, 0
42973,44, 0
42974,58, 0
42975,38, 0
42976,19, 0
42977,13, 0
42978,134, 0
42979,243, 0
42980,301, 0
42981,339, 0
42982,354, 1
42983,385, 8
42984,415, 19
42985,425, 28
42986,445, 36
42987,460, 42
42988,452, 44
42989,467, 51
42990,476, 55
42991,481, 57
42992,479, 61
42993,466, 60
42994,461, 56
42995,440, 52
42996,430, 46
42997,416, 38
42998,382, 30
42999,361, 21
43000,333, 12
43001,311, 3
43002,290, 0
43003,206, 0
43004,125, 0
43005,61, 0
43006,25, 0
43007,21, 0
43008,60, 0
43009,95, 0
43010,95, 0
43011,89, 0
43012,57, 0
43013,44, 0
43014,1, 0
43015,2, 0
43016,25, 0
43017,31, 0
43018,53, 0
43019,72, 0
43020,80, 0
43021,99, 0
43022,112, 0
43023,101, 0
43024,108, 0
43025,107, 0
43026,116, 0
43027,117, 0
43028,103, 0
43029,80, 0
43030,57, 0
43031,34, 0
43032,8, 0
43033,8, 0
43034,46, 0
43035,70, 0
43036,48, 0
43037,17, 0
43038,29, 0
43039,137, 0
43040,243, 0
43041,296, 0
43042,329, 0
43043,347, 0
43044,375, 6
43045,402, 13
43046,413, 22
43047,432, 32
43048,437, 36
43049,440, 40
43050,451, 44
43051,464, 48
43052,473, 52
43053,477, 54
43054,466, 57
43055,444, 51
43056,433, 44
43057,417, 40
43058,413, 35
43059,367, 25
43060,348, 15
43061,328, 6
43062,310, 1
43063,289, 0
43064,207, 0
43065,115, 0
43066,63, 0
43067,35, 0
43068,30, 0
43069,67, 0
43070,99, 0
43071,96, 0
43072,101, 0
43073,54, 0
43074,38, 0
43075,9, 0
43076,0, 0
43077,17, 0
43078,29, 0
43079,50, 0
43080,71, 0
43081,81, 0
43082,92, 0
43083,96, 0
43084,94, 0
43085,97, 0
43086,116, 0
43087,115, 0
43088,102, 0
43089,96, 0
43090,67, 0
43091,45, 0
43092,26, 0
43093,5, 0
43094,21, 0
43095,58, 0
43096,76, 0
43097,44, 0
43098,11, 0
43099,35, 0
43100,145, 0
43101,245, 0
43102,308, 0
43103,332, 0
43104,349, 0
43105,384, 7
43106,403, 18
43107,431, 23
43108,436, 36
43109,453, 39
43110,440, 41
43111,457, 45
43112,464, 50
43113,473, 51
43114,469, 57
43115,461, 54
43116,449, 51
43117,444, 46
43118,423, 41
43119,393, 34
43120,379, 26
43121,369, 19
43122,348, 12
43123,330, 8
43124,300, 0
43125,210, 0
43126,109, 0
43127,44, 0
43128,27, 0
43129,12, 0
43130,57, 0
43131,83, 0
43132,89, 0
43133,63, 0
43134,27, 0
43135,4, 0
43136,0, 0
43137,5, 0
43138,28, 0
43139,44, 0
43140,70, 0
43141,84, 0
43142,89, 0
43143,110, 0
43144,122, 0
43145,118, 0
43146,108, 0
43147,127, 0
43148,135, 0
43149,125, 0
43150,102, 0
43151,72, 0
43152,48, 0
43153,25, 0
43154,3, 0
43155,14, 0
43156,52, 0
43157,70, 0
43158,44, 0
43159,10, 0
43160,38, 0
43161,165, 0
43162,251, 0
43163,309, 0
43164,337, 0
43165,361, 2
43166,385, 8
43167,405, 19
43168,424, 27
43169,430, 34
43170,437, 41
43171,441, 40
43172,461, 45
43173,477, 51
43174,478, 53
43175,472, 58
43176,452, 54
43177,464, 52
43178,442, 51
43179,424, 43
43180,396, 34
43181,378, 27
43182,371, 20
43183,332, 10
43184,322, 4
43185,291, 0
43186,197, 0
43187,109, 0
43188,72, 0
43189,57, 0
43190,54, 0
43191,80, 0
43192,94, 0
43193,89, 0
43194,63, 0
43195,28, 0
43196,3, 0
43197,0, 0
43198,10, 0
43199,34, 0
43200,50, 0
43201,63, 0
43202,76, 0
43203,94, 0
43204,113, 0
43205,118, 0
43206,102, 0
43207,96, 0
43208,93, 0
43209,97, 0
43210,89, 0
43211,63, 0
43212,32, 0
43213,9, 0
43214,0, 0
43215,0, 0
43216,0, 0
43217,26, 0
43218,40, 0
43219,25, 0
43220,1, 0
43221,68, 0
43222,189, 0
43223,270, 0
43224,318, 0
43225,345, 0
43226,377, 5
43227,399, 15
43228,409, 22
43229,411, 27
43230,415, 28
43231,426, 34
43232,453, 38
43233,447, 44
43234,473, 50
43235,494, 57
43236,513, 68
43237,517, 73
43238,517, 79
43239,512, 79
43240,493, 74
43241,470, 67
43242,445, 59
43243,420, 48
43244,359, 34
43245,339, 17
43246,270, 2
43247,138, 0
43248,19, 0
43249,18, 0
43250,41, 0
43251,22, 0
43252,6, 0
43253,61, 0
43254,129, 0
43255,145, 0
43256,137, 0
43257,91, 0
43258,20, 0
43259,12, 0
43260,76, 0
43261,121, 0
43262,164, 0
43263,183, 0
43264,185, 0
43265,199, 0
43266,202, 0
43267,197, 0
43268,192, 0
43269,196, 0
43270,158, 0
43271,132, 0
43272,90, 0
43273,45, 0
43274,7, 0
43275,0, 0
43276,14, 0
43277,4, 0
43278,8, 0
43279,14, 0
43280,4, 0
43281,0, 0
43282,65, 0
43283,181, 0
43284,252, 0
43285,302, 0
43286,330, 0
43287,344, 0
43288,385, 7
43289,399, 18
43290,428, 23
43291,439, 38
43292,447, 41
43293,462, 46
43294,478, 53
43295,494, 61
43296,499, 67
43297,513, 71
43298,502, 72
43299,482, 70
43300,473, 67
43301,453, 57
43302,424, 47
43303,402, 39
43304,378, 28
43305,331, 17
43306,312, 2
43307,261, 0
43308,161, 0
43309,55, 0
43310,11, 0
43311,0, 0
43312,6, 0
43313,43, 0
43314,65, 0
43315,63, 0
43316,54, 0
43317,38, 0
43318,32, 0
43319,0, 0
43320,3, 0
43321,17, 0
43322,30, 0
43323,43, 0
43324,63, 0
43325,74, 0
43326,83, 0
43327,77, 0
43328,57, 0
43329,55, 0
43330,55, 0
43331,48, 0
43332,38, 0
43333,20, 0
43334,0, 0
43335,0, 0
43336,4, 0
43337,9, 0
43338,72, 0
43339,165, 0
43340,207, 0
43341,196, 0
43342,143, 0
43343,35, 0
43344,83, 0
43345,187, 0
43346,252, 0
43347,284, 0
43348,305, 0
43349,328, 0
43350,368, 2
43351,399, 10
43352,427, 24
43353,451, 38
43354,467, 43
43355,476, 56
43356,487, 60
43357,497, 64
43358,497, 70
43359,480, 68
43360,480, 64
43361,450, 58
43362,421, 48
43363,391, 35
43364,367, 22
43365,349, 14
43366,307, 6
43367,317, 0
43368,293, 0
43369,202, 0
43370,129, 0
43371,95, 0
43372,80, 0
43373,80, 0
43374,108, 0
43375,115, 0
43376,101, 0
43377,100, 0
43378,52, 0
43379,27, 0
43380,3, 0
43381,0, 0
43382,0, 0
43383,6, 0
43384,22, 0
43385,38, 0
43386,40, 0
43387,55, 0
43388,44, 0
43389,29, 0
43390,39, 0
43391,68, 0
43392,74, 0
43393,78, 0
43394,75, 0
43395,48, 0
43396,18, 0
43397,0, 0
43398,0, 0
43399,1, 0
43400,25, 0
43401,24, 0
43402,3, 0
43403,25, 0
43404,149, 0
43405,262, 0
43406,311, 0
43407,317, 0
43408,290, 0
43409,270, 0
43410,271, 0
43411,287, 0
43412,285, 0
43413,305, 0
43414,321, 0
43415,352, 0
43416,361, 3
43417,373, 6
43418,377, 12
43419,365, 12
43420,356, 9
43421,348, 7
43422,336, 5
43423,329, 2
43424,323, 1
43425,293, 0
43426,286, 0
43427,285, 0
43428,269, 0
43429,237, 0
43430,152, 0
43431,81, 0
43432,65, 0
43433,80, 0
43434,102, 0
43435,160, 0
43436,186, 0
43437,183, 0
43438,170, 0
43439,133, 0
43440,106, 0
43441,67, 0
43442,11, 0
43443,0, 0
43444,0, 0
43445,1, 0
43446,12, 0
43447,17, 0
43448,21, 0
43449,23, 0
43450,19, 0
43451,53, 0
43452,107, 0
43453,141, 0
43454,169, 0
43455,157, 0
43456,129, 0
43457,94, 0
43458,45, 0
43459,5, 0
43460,19, 0
43461,42, 0
43462,18, 0
43463,0, 0
43464,44, 0
43465,169, 0
43466,261, 0
43467,296, 0
43468,299, 0
43469,293, 0
43470,301, 0
43471,342, 0
43472,374, 6
43473,417, 14
43474,439, 31
43475,446, 42
43476,437, 43
43477,423, 41
43478,401, 36
43479,380, 23
43480,368, 17
43481,354, 13
43482,346, 6
43483,345, 6
43484,338, 3
43485,330, 0
43486,334, 3
43487,325, 2
43488,318, 1
43489,304, 0
43490,264, 0
43491,177, 0
43492,131, 0
43493,132, 0
43494,137, 0
43495,152, 0
43496,155, 0
43497,100, 0
43498,34, 0
43499,14, 0
43500,52, 0
43501,90, 0
43502,106, 0
43503,113, 0
43504,105, 0
43505,88, 0
43506,85, 0
43507,73, 0
43508,55, 0
43509,30, 0
43510,6, 0
43511,0, 0
43512,6, 0
43513,0, 0
43514,1, 0
43515,0, 0
43516,0, 0
43517,0, 0
43518,0, 0
43519,0, 0
43520,0, 0
43521,14, 0
43522,45, 0
43523,23, 0
43524,0, 0
43525,22, 0
43526,145, 0
43527,244, 0
43528,287, 0
43529,312, 0
43530,337, 0
43531,373, 5
43532,428, 19
43533,481, 40
43534,512, 57
43535,547, 74
43536,564, 91
43537,562, 96
43538,558, 95
43539,548, 95
43540,530, 92
43541,522, 91
43542,517, 83
43543,500, 77
43544,490, 75
43545,464, 67
43546,419, 51
43547,338, 27
43548,289, 5
43549,199, 0
43550,199, 0
43551,158, 0
43552,58, 0
43553,0, 0
43554,3, 0
43555,19, 0
43556,7, 0
43557,0, 0
43558,6, 0
43559,12, 0
43560,2, 0
43561,0, 0
43562,18, 0
43563,7, 0
43564,42, 0
43565,69, 0
43566,79, 0
43567,94, 0
43568,96, 0
43569,112, 0
43570,128, 0
43571,122, 0
43572,97, 0
43573,116, 0
43574,125, 0
43575,126, 0
43576,123, 0
43577,110, 0
43578,96, 0
43579,81, 0
43580,62, 0
43581,61, 0
43582,93, 0
43583,105, 0
43584,57, 0
43585,9, 0
43586,23, 0
43587,153, 0
43588,274, 0
43589,359, 0
43590,398, 11
43591,410, 21
43592,403, 25
43593,382, 24
43594,347, 12
43595,306, 0
43596,277, 0
43597,267, 0
43598,274, 0
43599,309, 0
43600,359, 0
43601,391, 7
43602,423, 22
43603,427, 31
43604,426, 34
43605,430, 38
43606,411, 36
43607,389, 28
43608,342, 20
43609,321, 6
43610,269, 0
43611,251, 0
43612,196, 0
43613,101, 0
43614,41, 0
43615,50, 0
43616,83, 0
43617,170, 0
43618,224, 0
43619,253, 0
43620,258, 0
43621,254, 0
43622,212, 0
43623,199, 0
43624,155, 0
43625,131, 0
43626,106, 0
43627,89, 0
43628,54, 0
43629,11, 0
43630,5, 0
43631,58, 0
43632,91, 0
43633,99, 0
43634,116, 0
43635,108, 0
43636,86, 0
43637,38, 0
43638,2, 0
43639,0, 0
43640,1, 0
43641,0, 0
43642,0, 0
43643,12, 0
43644,37, 0
43645,22, 0
43646,1, 0
43647,8, 0
43648,118, 0
43649,187, 0
43650,228, 0
43651,264, 0
43652,323, 0
43653,362, 1
43654,398, 11
43655,436, 24
43656,440, 35
43657,475, 44
43658,509, 61
43659,527, 72
43660,535, 83
43661,529, 83
43662,503, 79
43663,473, 72
43664,386, 51
43665,291, 14
43666,214, 0
43667,167, 0
43668,180, 0
43669,202, 0
43670,205, 0
43671,200, 0
43672,174, 0
43673,99, 0
43674,5, 0
43675,20, 0
43676,22, 0
43677,9, 0
43678,0, 0
43679,1, 0
43680,2, 0
43681,2, 0
43682,0, 0
43683,0, 0
43684,4, 0
43685,4, 0
43686,26, 0
43687,51, 0
43688,62, 0
43689,75, 0
43690,86, 0
43691,99, 0
43692,103, 0
43693,107, 0
43694,100, 0
43695,125, 0
43696,148, 0
43697,152, 0
43698,147, 0
43699,130, 0
43700,108, 0
43701,95, 0
43702,63, 0
43703,44, 0
43704,69, 0
43705,90, 0
43706,37, 0
43707,0, 0
43708,32, 0
43709,151, 0
43710,263, 0
43711,325, 0
43712,371, 2
43713,409, 15
43714,446, 30
43715,461, 43
43716,438, 45
43717,391, 35
43718,351, 21
43719,338, 9
43720,373, 6
43721,444, 23
43722,519, 50
43723,555, 74
43724,572, 92
43725,568, 97
43726,551, 95
43727,533, 94
43728,501, 87
43729,456, 71
43730,402, 51
43731,330, 29
43732,266, 4
43733,235, 0
43734,201, 0
43735,170, 0
43736,175, 0
43737,201, 0
43738,204, 0
43739,256, 0
43740,275, 0
43741,258, 0
43742,214, 0
43743,133, 0
43744,44, 0
43745,17, 0
43746,74, 0
43747,121, 0
43748,143, 0
43749,127, 0
43750,90, 0
43751,60, 0
43752,38, 0
43753,26, 0
43754,18, 0
43755,18, 0
43756,51, 0
43757,56, 0
43758,73, 0
43759,115, 0
43760,168, 0
43761,212, 0
43762,228, 0
43763,220, 0
43764,202, 0
43765,214, 0
43766,197, 0
43767,127, 0
43768,65, 0
43769,14, 0
43770,164, 0
43771,284, 0
43772,344, 0
43773,359, 5
43774,355, 5
43775,364, 9
43776,394, 13
43777,420, 24
43778,440, 31
43779,473, 45
43780,487, 57
43781,513, 68
43782,529, 76
43783,537, 85
43784,524, 84
43785,512, 83
43786,481, 75
43787,447, 61
43788,404, 47
43789,356, 31
43790,325, 10
43791,309, 1
43792,314, 0
43793,307, 0
43794,300, 0
43795,243, 0
43796,133, 0
43797,103, 0
43798,83, 0
43799,64, 0
43800,79, 0
43801,93, 0
43802,83, 0
43803,86, 0
43804,85, 0
43805,72, 0
43806,39, 0
43807,6, 0
43808,0, 0
43809,20, 0
43810,57, 0
43811,78, 0
43812,70, 0
43813,60, 0
43814,43, 0
43815,17, 0
43816,0, 0
43817,0, 0
43818,0, 0
43819,1, 0
43820,40, 0
43821,88, 0
43822,130, 0
43823,147, 0
43824,138, 0
43825,92, 0
43826,11, 0
43827,77, 0
43828,156, 0
43829,190, 0
43830,111, 0
43831,28, 0
43832,217, 0
43833,391, 0
43834,524, 31
43835,599, 76
43836,636, 108
43837,673, 133
43838,676, 145
43839,659, 149
43840,614, 144
43841,516, 119
43842,373, 72
43843,207, 12
43844,54, 0
43845,1, 0
43846,0, 0
43847,38, 0
43848,103, 0
43849,159, 0
43850,207, 0
43851,207, 0
43852,202, 0
43853,200, 0
43854,141, 0
43855,102, 0
43856,28, 0
43857,0, 0
43858,2, 0
43859,29, 0
43860,59, 0
43861,108, 0
43862,134, 0
43863,135, 0
43864,130, 0
43865,123, 0
43866,115, 0
43867,76, 0
43868,19, 0
43869,6, 0
43870,63, 0
43871,136, 0
43872,208, 0
43873,294, 0
43874,354, 2
43875,361, 14
43876,326, 12
43877,283, 5
43878,263, 0
43879,258, 0
43880,227, 0
43881,183, 0
43882,127, 0
43883,68, 0
43884,26, 0
43885,1, 0
43886,7, 0
43887,24, 0
43888,44, 0
43889,19, 0
43890,0, 0
43891,41, 0
43892,167, 0
43893,265, 0
43894,313, 0
43895,343, 0
43896,373, 5
43897,388, 10
43898,419, 24
43899,464, 37
43900,507, 53
43901,562, 74
43902,605, 99
43903,628, 117
43904,647, 133
43905,656, 142
43906,631, 141
43907,600, 133
43908,558, 120
43909,512, 101
43910,481, 85
43911,444, 65
43912,403, 48
43913,374, 31
43914,373, 22
43915,312, 12
43916,298, 1
43917,199, 0
43918,76, 0
43919,17, 0
43920,1, 0
43921,19, 0
43922,83, 0
43923,142, 0
43924,185, 0
43925,211, 0
43926,218, 0
43927,233, 0
43928,232, 0
43929,226, 0
43930,204, 0
43931,163, 0
43932,78, 0
43933,6, 0
43934,79, 0
43935,168, 0
43936,248, 0
43937,313, 0
43938,355, 6
43939,388, 22
43940,377, 26
43941,337, 23
43942,260, 5
43943,202, 0
43944,150, 0
43945,118, 0
43946,107, 0
43947,127, 0
43948,145, 0
43949,116, 0
43950,48, 0
43951,2, 0
43952,25, 0
43953,147, 0
43954,223, 0
43955,251, 0
43956,238, 0
43957,230, 0
43958,232, 0
43959,259, 0
43960,282, 0
43961,285, 0
43962,308, 0
43963,325, 0
43964,349, 0
43965,400, 10
43966,447, 28
43967,469, 38
43968,484, 56
43969,485, 59
43970,479, 58
43971,479, 60
43972,479, 60
43973,464, 59
43974,461, 53
43975,457, 58
43976,444, 51
43977,435, 51
43978,357, 38
43979,254, 6
43980,210, 0
43981,164, 0
43982,177, 0
43983,214, 0
43984,243, 0
43985,239, 0
43986,232, 0
43987,222, 0
43988,197, 0
43989,158, 0
43990,108, 0
43991,46, 0
43992,5, 0
43993,1, 0
43994,6, 0
43995,0, 0
43996,12, 0
43997,31, 0
43998,45, 0
43999,70, 0
44000,100, 0
44001,83, 0
44002,32, 0
44003,2, 0
44004,54, 0
44005,94, 0
44006,89, 0
44007,32, 0
44008,31, 0
44009,157, 0
44010,218, 0
44011,233, 0
44012,212, 0
44013,149, 0
44014,30, 0
44015,46, 0
44016,170, 0
44017,297, 0
44018,377, 0
44019,405, 12
44020,419, 23
44021,421, 29
44022,427, 36
44023,432, 37
44024,420, 38
44025,390, 31
44026,357, 21
44027,304, 6
44028,231, 0
44029,193, 0
44030,161, 0
44031,139, 0
44032,123, 0
44033,136, 0
44034,125, 0
44035,157, 0
44036,191, 0
44037,220, 0
44038,232, 0
44039,182, 0
44040,110, 0
44041,97, 0
44042,97, 0
44043,110, 0
44044,153, 0
44045,192, 0
44046,177, 0
44047,169, 0
44048,99, 0
44049,32, 0
44050,0, 0
44051,10, 0
44052,26, 0
44053,27, 0
44054,44, 0
44055,48, 0
44056,74, 0
44057,99, 0
44058,134, 0
44059,147, 0
44060,171, 0
44061,208, 0
44062,247, 0
44063,247, 0
44064,229, 0
44065,166, 0
44066,94, 0
44067,14, 0
44068,92, 0
44069,223, 0
44070,325, 0
44071,430, 12
44072,536, 50
44073,610, 92
44074,712, 130
44075,800, 177
44076,834, 214
44077,795, 222
44078,730, 212
44079,625, 181
44080,517, 136
44081,438, 90
44082,395, 53
44083,413, 36
44084,465, 41
44085,498, 59
44086,502, 64
44087,473, 63
44088,426, 55
44089,331, 25
44090,252, 1
44091,171, 0
44092,137, 0
44093,163, 0
44094,251, 0
44095,377, 0
44096,503, 25
44097,622, 74
44098,683, 121
44099,694, 151
44100,559, 142
44101,364, 85
44102,170, 17
44103,27, 0
44104,131, 0
44105,243, 0
44106,328, 0
44107,374, 5
44108,354, 15
44109,295, 8
44110,215, 0
44111,171, 0
44112,183, 0
44113,263, 0
44114,419, 6
44115,575, 54
44116,716, 119
44117,780, 176
44118,734, 199
44119,666, 189
44120,569, 163
44121,478, 125
44122,372, 81
44123,252, 26
44124,109, 0
44125,15, 0
44126,0, 0
44127,0, 0
44128,19, 0
44129,107, 0
44130,226, 0
44131,354, 0
44132,427, 13
44133,403, 31
44134,338, 24
44135,152, 0
44136,25, 0
44137,183, 0
44138,311, 0
44139,388, 1
44140,438, 22
44141,485, 44
44142,533, 64
44143,553, 83
44144,547, 89
44145,540, 92
44146,529, 91
44147,568, 92
44148,638, 111
44149,694, 137
44150,726, 163
44151,756, 182
44152,800, 199
44153,849, 220
44154,883, 247
44155,912, 263
44156,935, 277
44157,923, 285
44158,877, 280
44159,711, 248
44160,577, 191
44161,294, 101
44162,51, 5
44163,232, 0
44164,375, 0
44165,447, 25
44166,403, 37
44167,361, 27
44168,367, 23
44169,404, 26
44170,447, 42
44171,450, 53
44172,370, 44
44173,208, 12
44174,36, 0
44175,184, 0
44176,362, 0
44177,421, 21
44178,416, 35
44179,371, 35
44180,318, 21
44181,227, 2
44182,51, 0
44183,183, 0
44184,421, 6
44185,588, 59
44186,659, 115
44187,632, 139
44188,527, 129
44189,402, 89
44190,274, 38
44191,221, 2
44192,207, 0
44193,202, 0
44194,196, 0
44195,199, 0
44196,129, 0
44197,44, 0
44198,0, 0
44199,34, 0
44200,110, 0
44201,179, 0
44202,229, 0
44203,251, 0
44204,274, 0
44205,319, 0
44206,403, 5
44207,481, 30
44208,562, 62
44209,660, 104
44210,739, 145
44211,803, 183
44212,858, 214
44213,885, 243
44214,883, 255
44215,846, 257
44216,736, 237
44217,589, 183
44218,480, 127
44219,415, 84
44220,391, 48
44221,356, 29
44222,309, 11
44223,291, 0
44224,362, 3
44225,445, 21
44226,553, 59
44227,665, 108
44228,732, 152
44229,683, 173
44230,571, 156
44231,375, 103
44232,141, 24
44233,69, 0
44234,269, 0
44235,382, 4
44236,409, 24
44237,411, 35
44238,355, 29
44239,302, 15
44240,133, 0
44241,19, 0
44242,136, 0
44243,201, 0
44244,180, 0
44245,119, 0
44246,63, 0
44247,6, 0
44248,67, 0
44249,160, 0
44250,226, 0
44251,236, 0
44252,223, 0
44253,167, 0
44254,75, 0
44255,7, 0
44256,110, 0
44257,305, 0
44258,441, 6
44259,465, 37
44260,395, 35
44261,319, 18
44262,263, 2
44263,243, 0
44264,300, 0
44265,403, 5
44266,504, 30
44267,612, 75
44268,710, 121
44269,809, 169
44270,844, 205
44271,827, 226
44272,767, 222
44273,711, 203
44274,653, 176
44275,613, 152
44276,613, 141
44277,588, 130
44278,555, 119
44279,538, 107
44280,524, 95
44281,490, 86
44282,421, 70
44283,267, 27
44284,142, 0
44285,95, 0
44286,53, 0
44287,89, 0
44288,156, 0
44289,183, 0
44290,167, 0
44291,138, 0
44292,127, 0
44293,121, 0
44294,118, 0
44295,108, 0
44296,69, 0
44297,7, 0
44298,104, 0
44299,248, 0
44300,348, 0
44301,330, 6
44302,287, 3
44303,265, 0
44304,323, 1
44305,428, 19
44306,521, 57
44307,562, 89
44308,549, 102
44309,496, 96
44310,402, 76
44311,334, 38
44312,264, 9
44313,246, 0
44314,244, 0
44315,208, 0
44316,164, 0
44317,102, 0
44318,12, 0
44319,53, 0
44320,108, 0
44321,137, 0
44322,180, 0
44323,237, 0
44324,283, 0
44325,338, 0
44326,345, 1
44327,342, 0
44328,368, 6
44329,375, 11
44330,398, 17
44331,426, 26
44332,461, 36
44333,430, 38
44334,433, 39
44335,425, 42
44336,416, 37
44337,415, 37
44338,433, 37
44339,409, 38
44340,413, 35
44341,388, 28
44342,338, 18
44343,242, 2
44344,108, 0
44345,29, 0
44346,25, 0
44347,22, 0
44348,45, 0
44349,81, 0
44350,86, 0
44351,54, 0
44352,22, 0
44353,0, 0
44354,0, 0
44355,0, 0
44356,6, 0
44357,35, 0
44358,83, 0
44359,153, 0
44360,208, 0
44361,223, 0
44362,171, 0
44363,121, 0
44364,64, 0
44365,40, 0
44366,31, 0
44367,25, 0
44368,12, 0
44369,11, 0
44370,27, 0
44371,34, 0
44372,26, 0
44373,8, 0
44374,19, 0
44375,44, 0
44376,56, 0
44377,31, 0
44378,5, 0
44379,79, 0
44380,204, 0
44381,302, 0
44382,391, 2
44383,476, 29
44384,539, 57
44385,573, 83
44386,582, 97
44387,558, 102
44388,500, 89
44389,415, 63
44390,391, 37
44391,411, 29
44392,480, 42
44393,519, 58
44394,535, 80
44395,497, 78
44396,379, 56
44397,261, 12
44398,136, 0
44399,63, 0
44400,70, 0
44401,124, 0
44402,217, 0
44403,249, 0
44404,238, 0
44405,144, 0
44406,29, 0
44407,9, 0
44408,65, 0
44409,63, 0
44410,8, 0
44411,8, 0
44412,60, 0
44413,115, 0
44414,138, 0
44415,156, 0
44416,155, 0
44417,130, 0
44418,95, 0
44419,74, 0
44420,25, 0
44421,1, 0
44422,0, 0
44423,15, 0
44424,36, 0
44425,42, 0
44426,61, 0
44427,76, 0
44428,83, 0
44429,74, 0
44430,46, 0
44431,4, 0
44432,44, 0
44433,141, 0
44434,198, 0
44435,202, 0
44436,185, 0
44437,214, 0
44438,273, 0
44439,261, 0
44440,204, 0
44441,80, 0
44442,6, 0
44443,39, 0
44444,5, 0
44445,15, 0
44446,84, 0
44447,134, 0
44448,150, 0
44449,219, 0
44450,289, 0
44451,349, 0
44452,410, 6
44453,468, 29
44454,473, 46
44455,446, 47
44456,394, 39
44457,309, 13
44458,235, 0
44459,189, 0
44460,163, 0
44461,159, 0
44462,214, 0
44463,257, 0
44464,302, 0
44465,294, 0
44466,228, 0
44467,179, 0
44468,150, 0
44469,120, 0
44470,120, 0
44471,145, 0
44472,181, 0
44473,229, 0
44474,282, 0
44475,317, 0
44476,307, 0
44477,268, 0
44478,186, 0
44479,57, 0
44480,63, 0
44481,205, 0
44482,308, 0
44483,355, 4
44484,311, 6
44485,244, 0
44486,177, 0
44487,153, 0
44488,151, 0
44489,147, 0
44490,133, 0
44491,117, 0
44492,84, 0
44493,72, 0
44494,76, 0
44495,95, 0
44496,143, 0
44497,145, 0
44498,106, 0
44499,30, 0
44500,25, 0
44501,176, 0
44502,316, 0
44503,389, 2
44504,413, 17
44505,427, 30
44506,437, 39
44507,460, 44
44508,480, 51
44509,482, 58
44510,479, 57
44511,487, 63
44512,476, 61
44513,465, 56
44514,458, 55
44515,439, 50
44516,467, 50
44517,526, 65
44518,601, 91
44519,647, 120
44520,668, 139
44521,570, 132
44522,433, 92
44523,302, 42
44524,181, 2
44525,88, 0
44526,12, 0
44527,0, 0
44528,5, 0
44529,92, 0
44530,181, 0
44531,287, 0
44532,362, 1
44533,398, 15
44534,370, 19
44535,270, 9
44536,119, 0
44537,15, 0
44538,87, 0
44539,92, 0
44540,73, 0
44541,63, 0
44542,75, 0
44543,79, 0
44544,74, 0
44545,38, 0
44546,6, 0
44547,17, 0
44548,97, 0
44549,217, 0
44550,321, 0
44551,395, 9
44552,402, 28
44553,355, 26
44554,271, 8
44555,202, 0
44556,173, 0
44557,183, 0
44558,176, 0
44559,118, 0
44560,57, 0
44561,17, 0
44562,135, 0
44563,271, 0
44564,394, 1
44565,519, 34
44566,631, 84
44567,712, 129
44568,761, 168
44569,788, 192
44570,770, 204
44571,691, 192
44572,562, 157
44573,411, 99
44574,293, 38
44575,226, 0
44576,197, 0
44577,208, 0
44578,263, 0
44579,343, 0
44580,415, 7
44581,438, 28
44582,385, 26
44583,295, 10
44584,170, 0
44585,26, 0
44586,58, 0
44587,153, 0
44588,188, 0
44589,159, 0
44590,92, 0
44591,29, 0
44592,28, 0
44593,147, 0
44594,233, 0
44595,301, 0
44596,342, 1
44597,343, 6
44598,297, 6
44599,264, 0
44600,208, 0
44601,133, 0
44602,31, 0
44603,52, 0
44604,112, 0
44605,123, 0
44606,29, 0
44607,17, 0
44608,100, 0
44609,151, 0
44610,129, 0
44611,60, 0
44612,20, 0
44613,143, 0
44614,222, 0
44615,226, 0
44616,189, 0
44617,133, 0
44618,188, 0
44619,283, 0
44620,308, 0
44621,235, 0
44622,54, 0
44623,179, 0
44624,380, 0
44625,481, 24
44626,497, 50
44627,447, 57
44628,379, 36
44629,331, 18
44630,351, 6
44631,354, 8
44632,339, 2
44633,327, 2
44634,266, 0
44635,190, 0
44636,130, 0
44637,79, 0
44638,68, 0
44639,88, 0
44640,102, 0
44641,122, 0
44642,138, 0
44643,158, 0
44644,144, 0
44645,133, 0
44646,127, 0
44647,136, 0
44648,87, 0
44649,12, 0
44650,0, 0
44651,0, 0
44652,19, 0
44653,105, 0
44654,190, 0
44655,238, 0
44656,282, 0
44657,315, 0
44658,334, 3
44659,331, 6
44660,294, 5
44661,202, 0
44662,102, 0
44663,14, 0
44664,112, 0
44665,208, 0
44666,259, 0
44667,261, 0
44668,199, 0
44669,74, 0
44670,17, 0
44671,116, 0
44672,223, 0
44673,318, 0
44674,414, 11
44675,477, 43
44676,475, 61
44677,382, 52
44678,183, 12
44679,51, 0
44680,232, 0
44681,338, 0
44682,315, 1
44683,158, 0
44684,44, 0
44685,199, 0
44686,296, 0
44687,325, 0
44688,314, 0
44689,270, 0
44690,247, 0
44691,266, 0
44692,328, 0
44693,447, 9
44694,512, 43
44695,559, 70
44696,599, 91
44697,607, 108
44698,608, 117
44699,642, 128
44700,691, 147
44701,700, 158
44702,689, 167
44703,653, 161
44704,597, 145
44705,541, 124
44706,501, 101
44707,454, 83
44708,391, 56
44709,280, 22
44710,196, 0
44711,206, 0
44712,294, 0
44713,391, 5
44714,499, 37
44715,533, 72
44716,481, 80
44717,319, 47
44718,120, 2
44719,34, 0
44720,152, 0
44721,196, 0
44722,207, 0
44723,192, 0
44724,175, 0
44725,167, 0
44726,169, 0
44727,181, 0
44728,192, 0
44729,222, 0
44730,282, 0
44731,362, 2
44732,395, 18
44733,349, 25
44734,257, 6
44735,143, 0
44736,41, 0
44737,1, 0
44738,24, 0
44739,10, 0
44740,25, 0
44741,92, 0
44742,131, 0
44743,127, 0
44744,46, 0
44745,32, 0
44746,149, 0
44747,223, 0
44748,283, 0
44749,342, 0
44750,372, 3
44751,413, 17
44752,415, 26
44753,385, 24
44754,355, 15
44755,337, 7
44756,360, 4
44757,371, 5
44758,404, 15
44759,421, 26
44760,430, 32
44761,389, 31
44762,318, 12
44763,254, 0
44764,218, 0
44765,231, 0
44766,291, 0
44767,363, 3
44768,398, 12
44769,378, 21
44770,267, 6
44771,106, 0
44772,13, 0
44773,96, 0
44774,176, 0
44775,177, 0
44776,152, 0
44777,156, 0
44778,89, 0
44779,76, 0
44780,42, 0
44781,31, 0
44782,12, 0
44783,10, 0
44784,8, 0
44785,12, 0
44786,29, 0
44787,63, 0
44788,70, 0
44789,48, 0
44790,10, 0
44791,0, 0
44792,14, 0
44793,63, 0
44794,127, 0
44795,152, 0
44796,111, 0
44797,25, 0
44798,38, 0
44799,127, 0
44800,214, 0
44801,260, 0
44802,246, 0
44803,183, 0
44804,86, 0
44805,56, 0
44806,257, 0
44807,420, 2
44808,502, 36
44809,541, 65
44810,551, 88
44811,519, 89
44812,458, 75
44813,361, 43
44814,226, 6
44815,154, 0
44816,88, 0
44817,79, 0
44818,121, 0
44819,183, 0
44820,279, 0
44821,341, 0
44822,396, 5
44823,433, 23
44824,472, 39
44825,481, 53
44826,456, 53
44827,411, 46
44828,351, 30
44829,272, 6
44830,179, 0
44831,63, 0
44832,0, 0
44833,0, 0
44834,21, 0
44835,101, 0
44836,210, 0
44837,295, 0
44838,338, 0
44839,356, 6
44840,382, 14
44841,345, 19
44842,251, 3
44843,100, 0
44844,26, 0
44845,111, 0
44846,135, 0
44847,92, 0
44848,19, 0
44849,9, 0
44850,94, 0
44851,169, 0
44852,223, 0
44853,228, 0
44854,203, 0
44855,176, 0
44856,159, 0
44857,163, 0
44858,142, 0
44859,51, 0
44860,19, 0
44861,150, 0
44862,276, 0
44863,263, 0
44864,171, 0
44865,61, 0
44866,11, 0
44867,97, 0
44868,183, 0
44869,264, 0
44870,343, 0
44871,379, 5
44872,333, 5
44873,222, 0
44874,95, 0
44875,25, 0
44876,78, 0
44877,213, 0
44878,340, 0
44879,430, 7
44880,455, 29
44881,393, 31
44882,299, 10
44883,182, 0
44884,70, 0
44885,6, 0
44886,0, 0
44887,0, 0
44888,3, 0
44889,70, 0
44890,149, 0
44891,214, 0
44892,213, 0
44893,202, 0
44894,197, 0
44895,170, 0
44896,110, 0
44897,76, 0
44898,38, 0
44899,38, 0
44900,76, 0
44901,118, 0
44902,130, 0
44903,105, 0
44904,71, 0
44905,44, 0
44906,21, 0
44907,13, 0
44908,1, 0
44909,6, 0
44910,45, 0
44911,90, 0
44912,124, 0
44913,139, 0
44914,135, 0
44915,100, 0
44916,27, 0
44917,0, 0
44918,12, 0
44919,20, 0
44920,25, 0
44921,17, 0
44922,22, 0
44923,47, 0
44924,80, 0
44925,24, 0
44926,29, 0
44927,204, 0
44928,360, 0
44929,420, 11
44930,405, 25
44931,371, 23
44932,342, 12
44933,337, 5
44934,348, 2
44935,328, 2
44936,277, 0
44937,210, 0
44938,207, 0
44939,219, 0
44940,298, 0
44941,400, 1
44942,469, 26
44943,535, 55
44944,584, 86
44945,607, 104
44946,636, 124
44947,665, 139
44948,677, 152
44949,706, 164
44950,703, 175
44951,647, 166
44952,514, 137
44953,272, 68
44954,44, 0
44955,158, 0
44956,295, 0
44957,306, 0
44958,222, 0
44959,115, 0
44960,53, 0
44961,0, 0
44962,12, 0
44963,44, 0
44964,68, 0
44965,89, 0
44966,95, 0
44967,103, 0
44968,103, 0
44969,86, 0
44970,24, 0
44971,0, 0
44972,13, 0
44973,43, 0
44974,74, 0
44975,89, 0
44976,86, 0
44977,71, 0
44978,51, 0
44979,15, 0
44980,4, 0
44981,50, 0
44982,79, 0
44983,25, 0
44984,6, 0
44985,42, 0
44986,26, 0
44987,10, 0
44988,12, 0
44989,90, 0
44990,153, 0
44991,196, 0
44992,237, 0
44993,278, 0
44994,314, 0
44995,340, 0
44996,353, 1
44997,368, 5
44998,381, 11
44999,391, 17
45000,355, 12
45001,323, 3
45002,295, 0
45003,241, 0
45004,189, 0
45005,132, 0
45006,108, 0
45007,163, 0
45008,272, 0
45009,405, 1
45010,547, 38
45011,647, 89
45012,725, 136
45013,707, 161
45014,572, 152
45015,339, 89
45016,70, 10
45017,193, 0
45018,382, 0
45019,427, 21
45020,348, 25
45021,238, 5
45022,111, 0
45023,11, 0
45024,27, 0
45025,58, 0
45026,38, 0
45027,2, 0
45028,0, 0
45029,38, 0
45030,150, 0
45031,254, 0
45032,323, 0
45033,318, 2
45034,255, 0
45035,124, 0
45036,24, 0
45037,170, 0
45038,289, 0
45039,359, 0
45040,387, 15
45041,405, 29
45042,408, 38
45043,373, 34
45044,328, 18
45045,253, 0
45046,192, 0
45047,119, 0
45048,35, 0
45049,50, 0
45050,169, 0
45051,241, 0
45052,281, 0
45053,330, 0
45054,395, 7
45055,475, 31
45056,547, 60
45057,598, 92
45058,638, 115
45059,635, 130
45060,568, 125
45061,457, 95
45062,391, 58
45063,333, 25
45064,295, 3
45065,305, 0
45066,323, 0
45067,361, 1
45068,401, 13
45069,432, 26
45070,420, 38
45071,400, 31
45072,359, 25
45073,338, 14
45074,260, 2
45075,126, 0
45076,19, 0
45077,0, 0
45078,2, 0
45079,31, 0
45080,99, 0
45081,142, 0
45082,161, 0
45083,169, 0
45084,182, 0
45085,151, 0
45086,134, 0
45087,89, 0
45088,38, 0
45089,3, 0
45090,2, 0
45091,42, 0
45092,96, 0
45093,124, 0
45094,102, 0
45095,74, 0
45096,58, 0
45097,51, 0
45098,53, 0
45099,51, 0
45100,70, 0
45101,80, 0
45102,51, 0
45103,4, 0
45104,23, 0
45105,29, 0
45106,54, 0
45107,89, 0
45108,140, 0
45109,151, 0
45110,147, 0
45111,128, 0
45112,91, 0
45113,132, 0
45114,227, 0
45115,338, 0
45116,419, 7
45117,446, 26
45118,413, 37
45119,348, 19
45120,325, 3
45121,357, 5
45122,444, 19
45123,535, 50
45124,594, 84
45125,577, 101
45126,537, 96
45127,482, 83
45128,432, 63
45129,415, 46
45130,411, 40
45131,399, 38
45132,379, 26
45133,348, 17
45134,294, 3
45135,211, 0
45136,109, 0
45137,61, 0
45138,80, 0
45139,119, 0
45140,167, 0
45141,233, 0
45142,257, 0
45143,226, 0
45144,120, 0
45145,15, 0
45146,83, 0
45147,179, 0
45148,221, 0
45149,211, 0
45150,208, 0
45151,193, 0
45152,183, 0
45153,165, 0
45154,121, 0
45155,65, 0
45156,17, 0
45157,0, 0
45158,0, 0
45159,0, 0
45160,0, 0
45161,34, 0
45162,85, 0
45163,174, 0
45164,175, 0
45165,190, 0
45166,107, 0
45167,22, 0
45168,0, 0
45169,2, 0
45170,60, 0
45171,220, 0
45172,362, 0
45173,463, 19
45174,524, 51
45175,555, 77
45176,568, 92
45177,548, 95
45178,502, 89
45179,376, 58
45180,219, 11
45181,88, 0
45182,31, 0
45183,54, 0
45184,75, 0
45185,105, 0
45186,142, 0
45187,201, 0
45188,272, 0
45189,356, 0
45190,446, 12
45191,512, 46
45192,545, 74
45193,535, 84
45194,472, 83
45195,359, 54
45196,212, 8
45197,77, 0
45198,25, 0
45199,67, 0
45200,110, 0
45201,202, 0
45202,265, 0
45203,256, 0
45204,164, 0
45205,38, 0
45206,40, 0
45207,118, 0
45208,195, 0
45209,238, 0
45210,226, 0
45211,190, 0
45212,141, 0
45213,156, 0
45214,234, 0
45215,273, 0
45216,232, 0
45217,190, 0
45218,150, 0
45219,168, 0
45220,214, 0
45221,270, 0
45222,323, 0
45223,359, 6
45224,355, 14
45225,258, 2
45226,236, 0
45227,206, 0
45228,179, 0
45229,127, 0
45230,46, 0
45231,26, 0
45232,155, 0
45233,220, 0
45234,196, 0
45235,127, 0
45236,123, 0
45237,166, 0
45238,262, 0
45239,379, 0
45240,439, 15
45241,481, 38
45242,512, 57
45243,529, 72
45244,515, 78
45245,496, 74
45246,487, 70
45247,513, 71
45248,551, 79
45249,556, 90
45250,541, 95
45251,500, 89
45252,476, 78
45253,439, 62
45254,417, 47
45255,391, 40
45256,356, 22
45257,282, 6
45258,195, 0
45259,138, 0
45260,137, 0
45261,155, 0
45262,192, 0
45263,207, 0
45264,204, 0
45265,149, 0
45266,102, 0
45267,64, 0
45268,41, 0
45269,5, 0
45270,0, 0
45271,2, 0
45272,19, 0
45273,31, 0
45274,32, 0
45275,46, 0
45276,48, 0
45277,51, 0
45278,64, 0
45279,70, 0
45280,81, 0
45281,71, 0
45282,44, 0
45283,13, 0
45284,0, 0
45285,0, 0
45286,0, 0
45287,1, 0
45288,25, 0
45289,48, 0
45290,12, 0
45291,0, 0
45292,96, 0
45293,241, 0
45294,348, 0
45295,395, 6
45296,416, 22
45297,428, 27
45298,424, 36
45299,409, 34
45300,410, 31
45301,393, 27
45302,368, 23
45303,364, 13
45304,361, 15
45305,394, 15
45306,425, 24
45307,439, 32
45308,494, 44
45309,498, 58
45310,502, 67
45311,499, 70
45312,487, 70
45313,455, 64
45314,379, 47
45315,292, 13
45316,218, 0
45317,176, 0
45318,170, 0
45319,215, 0
45320,328, 0
45321,476, 17
45322,584, 68
45323,678, 118
45324,679, 152
45325,563, 141
45326,381, 95
45327,105, 13
45328,79, 0
45329,298, 0
45330,481, 19
45331,566, 70
45332,582, 99
45333,540, 108
45334,454, 94
45335,374, 61
45336,322, 32
45337,263, 9
45338,185, 0
45339,89, 0
45340,6, 0
45341,61, 0
45342,141, 0
45343,184, 0
45344,199, 0
45345,182, 0
45346,121, 0
45347,25, 0
45348,137, 0
45349,306, 0
45350,452, 11
45351,499, 45
45352,505, 71
45353,407, 62
45354,257, 19
45355,86, 0
45356,26, 0
45357,133, 0
45358,245, 0
45359,341, 0
45360,399, 6
45361,427, 22
45362,411, 29
45363,408, 27
45364,402, 29
45365,446, 35
45366,461, 39
45367,466, 46
45368,466, 54
45369,460, 57
45370,477, 54
45371,481, 57
45372,487, 63
45373,486, 63
45374,484, 65
45375,430, 54
45376,378, 38
45377,323, 14
45378,251, 0
45379,157, 0
45380,88, 0
45381,60, 0
45382,48, 0
45383,46, 0
45384,97, 0
45385,145, 0
45386,174, 0
45387,213, 0
45388,233, 0
45389,266, 0
45390,277, 0
45391,280, 0
45392,294, 0
45393,271, 0
45394,192, 0
45395,77, 0
45396,3, 0
45397,38, 0
45398,52, 0
45399,54, 0
45400,63, 0
45401,85, 0
45402,96, 0
45403,85, 0
45404,78, 0
45405,52, 0
45406,58, 0
45407,60, 0
45408,43, 0
45409,53, 0
45410,119, 0
45411,176, 0
45412,198, 0
45413,174, 0
45414,63, 0
45415,67, 0
45416,234, 0
45417,365, 0
45418,486, 21
45419,588, 65
45420,647, 107
45421,630, 127
45422,500, 108
45423,346, 58
45424,202, 6
45425,81, 0
45426,52, 0
45427,95, 0
45428,143, 0
45429,213, 0
45430,252, 0
45431,283, 0
45432,293, 0
45433,307, 0
45434,279, 0
45435,282, 0
45436,249, 0
45437,263, 0
45438,309, 0
45439,334, 1
45440,290, 0
45441,199, 0
45442,121, 0
45443,50, 0
45444,1, 0
45445,19, 0
45446,48, 0
45447,45, 0
45448,24, 0
45449,0, 0
45450,34, 0
45451,52, 0
45452,48, 0
45453,41, 0
45454,10, 0
45455,0, 0
45456,0, 0
45457,0, 0
45458,0, 0
45459,0, 0
45460,0, 0
45461,0, 0
45462,0, 0
45463,29, 0
45464,89, 0
45465,141, 0
45466,169, 0
45467,143, 0
45468,105, 0
45469,48, 0
45470,17, 0
45471,128, 0
45472,213, 0
45473,277, 0
45474,330, 0
45475,292, 0
45476,179, 0
45477,51, 0
45478,18, 0
45479,110, 0
45480,192, 0
45481,262, 0
45482,300, 0
45483,344, 0
45484,398, 5
45485,445, 26
45486,513, 48
45487,524, 67
45488,532, 74
45489,519, 81
45490,524, 81
45491,529, 84
45492,527, 83
45493,517, 86
45494,493, 77
45495,476, 65
45496,433, 56
45497,403, 42
45498,379, 31
45499,360, 21
45500,342, 13
45501,276, 0
45502,196, 0
45503,166, 0
45504,152, 0
45505,137, 0
45506,177, 0
45507,164, 0
45508,128, 0
45509,87, 0
45510,42, 0
45511,9, 0
45512,0, 0
45513,0, 0
45514,2, 0
45515,8, 0
45516,22, 0
45517,31, 0
45518,51, 0
45519,57, 0
45520,48, 0
45521,36, 0
45522,51, 0
45523,57, 0
45524,62, 0
45525,59, 0
45526,37, 0
45527,7, 0
45528,0, 0
45529,0, 0
45530,8, 0
45531,0, 0
45532,4, 0
45533,5, 0
45534,65, 0
45535,156, 0
45536,271, 0
45537,363, 0
45538,390, 10
45539,348, 14
45540,284, 2
45541,239, 0
45542,233, 0
45543,279, 0
45544,354, 0
45545,441, 12
45546,532, 48
45547,598, 83
45548,649, 115
45549,666, 134
45550,616, 136
45551,517, 117
45552,395, 75
45553,298, 25
45554,223, 0
45555,150, 0
45556,93, 0
45557,53, 0
45558,44, 0
45559,63, 0
45560,85, 0
45561,130, 0
45562,41, 0
45563,0, 0
45564,0, 0
45565,0, 0
45566,0, 0
45567,50, 0
45568,74, 0
45569,89, 0
45570,90, 0
45571,75, 0
45572,48, 0
45573,17, 0
45574,0, 0
45575,0, 0
45576,11, 0
45577,39, 0
45578,55, 0
45579,76, 0
45580,89, 0
45581,85, 0
45582,76, 0
45583,89, 0
45584,95, 0
45585,108, 0
45586,88, 0
45587,67, 0
45588,38, 0
45589,18, 0
45590,0, 0
45591,0, 0
45592,0, 0
45593,18, 0
45594,0, 0
45595,12, 0
45596,70, 0
45597,184, 0
45598,301, 0
45599,371, 0
45600,408, 13
45601,437, 29
45602,473, 44
45603,494, 59
45604,476, 60
45605,420, 48
45606,370, 31
45607,367, 19
45608,375, 15
45609,379, 17
45610,354, 12
45611,325, 3
45612,269, 0
45613,257, 0
45614,278, 0
45615,313, 0
45616,342, 0
45617,364, 5
45618,371, 10
45619,352, 12
45620,317, 6
45621,295, 0
45622,254, 0
45623,167, 0
45624,101, 0
45625,60, 0
45626,39, 0
45627,38, 0
45628,81, 0
45629,91, 0
45630,97, 0
45631,88, 0
45632,76, 0
45633,72, 0
45634,52, 0
45635,23, 0
45636,9, 0
45637,0, 0
45638,0, 0
45639,6, 0
45640,45, 0
45641,95, 0
45642,108, 0
45643,118, 0
45644,125, 0
45645,121, 0
45646,133, 0
45647,139, 0
45648,142, 0
45649,134, 0
45650,109, 0
45651,84, 0
45652,13, 0
45653,2, 0
45654,0, 0
45655,18, 0
45656,75, 0
45657,164, 0
45658,298, 0
45659,418, 5
45660,436, 25
45661,363, 26
45662,280, 6
45663,248, 0
45664,290, 0
45665,365, 0
45666,437, 18
45667,473, 38
45668,466, 47
45669,449, 48
45670,404, 39
45671,362, 26
45672,314, 7
45673,273, 0
45674,251, 0
45675,223, 0
45676,224, 0
45677,240, 0
45678,262, 0
45679,313, 0
45680,341, 0
45681,376, 5
45682,402, 19
45683,368, 19
45684,231, 2
45685,86, 0
45686,6, 0
45687,2, 0
45688,4, 0
45689,3, 0
45690,41, 0
45691,89, 0
45692,104, 0
45693,93, 0
45694,76, 0
45695,32, 0
45696,0, 0
45697,8, 0
45698,37, 0
45699,63, 0
45700,80, 0
45701,97, 0
45702,110, 0
45703,92, 0
45704,76, 0
45705,83, 0
45706,101, 0
45707,127, 0
45708,140, 0
45709,125, 0
45710,101, 0
45711,68, 0
45712,31, 0
45713,1, 0
45714,12, 0
45715,31, 0
45716,27, 0
45717,7, 0
45718,6, 0
45719,93, 0
45720,203, 0
45721,286, 0
45722,361, 0
45723,414, 12
45724,476, 31
45725,499, 51
45726,508, 65
45727,508, 70
45728,490, 71
45729,475, 67
45730,452, 54
45731,423, 48
45732,370, 30
45733,310, 10
45734,267, 0
45735,248, 0
45736,267, 0
45737,304, 0
45738,343, 0
45739,370, 3
45740,377, 13
45741,361, 14
45742,340, 8
45743,318, 1
45744,243, 0
45745,147, 0
45746,92, 0
45747,63, 0
45748,53, 0
45749,93, 0
45750,135, 0
45751,152, 0
45752,164, 0
45753,136, 0
45754,106, 0
45755,95, 0
45756,34, 0
45757,1, 0
45758,0, 0
45759,14, 0
45760,55, 0
45761,80, 0
45762,101, 0
45763,120, 0
45764,106, 0
45765,102, 0
45766,106, 0
45767,102, 0
45768,107, 0
45769,92, 0
45770,77, 0
45771,40, 0
45772,31, 0
45773,5, 0
45774,1, 0
45775,39, 0
45776,67, 0
45777,41, 0
45778,12, 0
45779,12, 0
45780,138, 0
45781,240, 0
45782,299, 0
45783,329, 0
45784,342, 0
45785,364, 5
45786,386, 11
45787,406, 19
45788,419, 27
45789,427, 32
45790,437, 35
45791,446, 41
45792,467, 51
45793,478, 52
45794,473, 56
45795,479, 59
45796,472, 60
45797,453, 55
45798,439, 52
45799,415, 42
45800,391, 31
45801,373, 23
45802,344, 17
45803,322, 6
45804,298, 0
45805,237, 0
45806,130, 0
45807,73, 0
45808,69, 0
45809,106, 0
45810,183, 0
45811,263, 0
45812,299, 0
45813,302, 0
45814,228, 0
45815,94, 0
45816,28, 0
45817,166, 0
45818,234, 0
45819,229, 0
45820,191, 0
45821,153, 0
45822,117, 0
45823,99, 0
45824,94, 0
45825,70, 0
45826,51, 0
45827,52, 0
45828,42, 0
45829,29, 0
45830,40, 0
45831,31, 0
45832,55, 0
45833,84, 0
45834,86, 0
45835,104, 0
45836,118, 0
45837,93, 0
45838,35, 0
45839,2, 0
45840,59, 0
45841,185, 0
45842,265, 0
45843,298, 0
45844,312, 0
45845,329, 0
45846,353, 1
45847,370, 11
45848,375, 10
45849,373, 12
45850,370, 12
45851,372, 10
45852,386, 14
45853,409, 23
45854,417, 28
45855,416, 31
45856,394, 26
45857,371, 20
45858,343, 12
45859,326, 5
45860,319, 1
45861,311, 0
45862,311, 0
45863,318, 0
45864,310, 0
45865,321, 0
45866,254, 0
45867,148, 0
45868,91, 0
45869,60, 0
45870,59, 0
45871,85, 0
45872,107, 0
45873,91, 0
45874,85, 0
45875,32, 0
45876,1, 0
45877,0, 0
45878,6, 0
45879,22, 0
45880,19, 0
45881,25, 0
45882,45, 0
45883,42, 0
45884,71, 0
45885,68, 0
45886,54, 0
45887,45, 0
45888,54, 0
45889,52, 0
45890,39, 0
45891,31, 0
45892,10, 0
45893,25, 0
45894,19, 0
45895,29, 0
45896,21, 0
45897,40, 0
45898,22, 0
45899,0, 0
45900,25, 0
45901,101, 0
45902,211, 0
45903,287, 0
45904,336, 0
45905,355, 2
45906,365, 6
45907,357, 7
45908,362, 9
45909,345, 5
45910,330, 1
45911,333, 1
45912,348, 1
45913,380, 8
45914,430, 20
45915,477, 39
45916,517, 56
45917,536, 74
45918,545, 86
45919,518, 85
45920,480, 76
45921,406, 58
45922,315, 26
45923,229, 0
45924,177, 0
45925,183, 0
45926,200, 0
45927,189, 0
45928,165, 0
45929,160, 0
45930,197, 0
45931,217, 0
45932,227, 0
45933,195, 0
45934,108, 0
45935,15, 0
45936,54, 0
45937,125, 0
45938,121, 0
45939,105, 0
45940,76, 0
45941,44, 0
45942,31, 0
45943,35, 0
45944,51, 0
45945,87, 0
45946,126, 0
45947,142, 0
45948,157, 0
45949,181, 0
45950,175, 0
45951,157, 0
45952,131, 0
45953,83, 0
45954,48, 0
45955,24, 0
45956,3, 0
45957,6, 0
45958,46, 0
45959,44, 0
45960,23, 0
45961,0, 0
45962,56, 0
45963,188, 0
45964,287, 0
45965,348, 0
45966,368, 7
45967,368, 8
45968,367, 12
45969,372, 10
45970,379, 12
45971,401, 19
45972,424, 25
45973,445, 34
45974,461, 45
45975,481, 54
45976,486, 59
45977,483, 63
45978,469, 59
45979,455, 55
45980,417, 46
45981,411, 41
45982,382, 31
45983,367, 21
45984,364, 15
45985,355, 11
45986,348, 10
45987,338, 7
45988,282, 1
45989,204, 0
45990,175, 0
45991,153, 0
45992,145, 0
45993,154, 0
45994,138, 0
45995,95, 0
45996,58, 0
45997,1, 0
45998,6, 0
45999,27, 0
46000,55, 0
46001,76, 0
46002,78, 0
46003,87, 0
46004,97, 0
46005,95, 0
46006,102, 0
46007,103, 0
46008,91, 0
46009,78, 0
46010,119, 0
46011,108, 0
46012,100, 0
46013,86, 0
46014,55, 0
46015,38, 0
46016,17, 0
46017,0, 0
46018,5, 0
46019,38, 0
46020,46, 0
46021,10, 0
46022,1, 0
46023,70, 0
46024,174, 0
46025,241, 0
46026,271, 0
46027,283, 0
46028,306, 0
46029,331, 0
46030,361, 1
46031,399, 9
46032,408, 19
46033,423, 28
46034,425, 30
46035,432, 38
46036,446, 42
46037,447, 44
46038,453, 47
46039,447, 45
46040,424, 44
46041,417, 39
46042,388, 31
46043,373, 27
46044,355, 18
46045,340, 12
46046,346, 7
46047,333, 6
46048,334, 3
46049,265, 0
46050,185, 0
46051,155, 0
46052,133, 0
46053,81, 0
46054,60, 0
46055,29, 0
46056,1, 0
46057,0, 0
46058,0, 0
46059,0, 0
46060,0, 0
46061,15, 0
46062,21, 0
46063,19, 0
46064,26, 0
46065,44, 0
46066,52, 0
46067,77, 0
46068,90, 0
46069,76, 0
46070,81, 0
46071,104, 0
46072,104, 0
46073,94, 0
46074,81, 0
46075,69, 0
46076,44, 0
46077,32, 0
46078,15, 0
46079,29, 0
46080,89, 0
46081,76, 0
46082,45, 0
46083,5, 0
46084,32, 0
46085,174, 0
46086,249, 0
46087,305, 0
46088,328, 0
46089,353, 1
46090,377, 9
46091,411, 19
46092,417, 26
46093,434, 34
46094,439, 38
46095,441, 38
46096,456, 43
46097,468, 52
46098,478, 51
46099,483, 57
46100,475, 62
46101,457, 55
46102,430, 51
46103,418, 43
46104,402, 36
46105,385, 26
46106,374, 24
46107,352, 13
46108,325, 8
46109,300, 2
46110,201, 0
46111,110, 0
46112,80, 0
46113,44, 0
46114,39, 0
46115,83, 0
46116,102, 0
46117,113, 0
46118,95, 0
46119,63, 0
46120,29, 0
46121,4, 0
46122,1, 0
46123,22, 0
46124,43, 0
46125,60, 0
46126,79, 0
46127,91, 0
46128,108, 0
46129,109, 0
46130,95, 0
46131,93, 0
46132,117, 0
46133,105, 0
46134,108, 0
46135,95, 0
46136,64, 0
46137,43, 0
46138,31, 0
46139,23, 0
46140,42, 0
46141,78, 0
46142,77, 0
46143,46, 0
46144,12, 0
46145,41, 0
46146,152, 0
46147,244, 0
46148,294, 0
46149,327, 0
46150,348, 0
46151,371, 5
46152,402, 14
46153,408, 19
46154,417, 25
46155,421, 30
46156,426, 34
46157,438, 37
46158,457, 44
46159,469, 48
46160,463, 52
46161,458, 51
46162,455, 54
46163,436, 47
46164,411, 40
46165,390, 32
46166,361, 22
46167,362, 19
46168,328, 11
46169,298, 2
46170,289, 0
46171,189, 0
46172,110, 0
46173,70, 0
46174,62, 0
46175,63, 0
46176,110, 0
46177,129, 0
46178,119, 0
46179,97, 0
46180,57, 0
46181,23, 0
46182,20, 0
46183,0, 0
46184,9, 0
46185,12, 0
46186,27, 0
46187,42, 0
46188,57, 0
46189,85, 0
46190,93, 0
46191,89, 0
46192,96, 0
46193,109, 0
46194,116, 0
46195,108, 0
46196,95, 0
46197,74, 0
46198,69, 0
46199,39, 0
46200,9, 0
46201,39, 0
46202,83, 0
46203,84, 0
46204,44, 0
46205,10, 0
46206,50, 0
46207,174, 0
46208,252, 0
46209,294, 0
46210,325, 0
46211,341, 0
46212,365, 5
46213,391, 12
46214,403, 20
46215,420, 27
46216,436, 32
46217,437, 37
46218,456, 39
46219,467, 47
46220,490, 53
46221,472, 56
46222,457, 55
46223,433, 46
46224,409, 42
46225,413, 37
46226,381, 29
46227,365, 21
46228,361, 13
46229,332, 10
46230,308, 2
46231,280, 0
46232,184, 0
46233,102, 0
46234,70, 0
46235,58, 0
46236,68, 0
46237,108, 0
46238,126, 0
46239,119, 0
46240,100, 0
46241,68, 0
46242,35, 0
46243,5, 0
46244,0, 0
46245,10, 0
46246,25, 0
46247,48, 0
46248,68, 0
46249,78, 0
46250,90, 0
46251,95, 0
46252,89, 0
46253,103, 0
46254,110, 0
46255,102, 0
46256,93, 0
46257,72, 0
46258,46, 0
46259,27, 0
46260,19, 0
46261,0, 0
46262,36, 0
46263,85, 0
46264,80, 0
46265,39, 0
46266,6, 0
46267,56, 0
46268,174, 0
46269,245, 0
46270,283, 0
46271,315, 0
46272,330, 0
46273,368, 3
46274,391, 12
46275,409, 20
46276,411, 25
46277,440, 34
46278,433, 37
46279,439, 39
46280,452, 45
46281,457, 45
46282,458, 50
46283,462, 51
46284,430, 45
46285,420, 40
46286,409, 38
46287,384, 28
46288,348, 20
46289,342, 8
46290,324, 5
46291,307, 0
46292,278, 0
46293,174, 0
46294,92, 0
46295,65, 0
46296,51, 0
46297,67, 0
46298,112, 0
46299,117, 0
46300,109, 0
46301,87, 0
46302,57, 0
46303,20, 0
46304,0, 0
46305,12, 0
46306,26, 0
46307,36, 0
46308,56, 0
46309,67, 0
46310,74, 0
46311,97, 0
46312,96, 0
46313,88, 0
46314,91, 0
46315,127, 0
46316,106, 0
46317,102, 0
46318,90, 0
46319,62, 0
46320,42, 0
46321,19, 0
46322,10, 0
46323,44, 0
46324,72, 0
46325,54, 0
46326,29, 0
46327,12, 0
46328,75, 0
46329,186, 0
46330,258, 0
46331,295, 0
46332,325, 0
46333,347, 0
46334,379, 8
46335,393, 17
46336,417, 23
46337,423, 29
46338,428, 38
46339,433, 38
46340,450, 41
46341,465, 48
46342,465, 48
46343,478, 55
46344,451, 53
46345,440, 48
46346,431, 44
46347,409, 38
46348,383, 29
46349,363, 21
46350,347, 15
46351,343, 7
46352,310, 3
46353,265, 0
46354,163, 0
46355,83, 0
46356,51, 0
46357,37, 0
46358,60, 0
46359,95, 0
46360,108, 0
46361,101, 0
46362,78, 0
46363,44, 0
46364,17, 0
46365,0, 0
46366,1, 0
46367,14, 0
46368,30, 0
46369,45, 0
46370,65, 0
46371,76, 0
46372,102, 0
46373,106, 0
46374,89, 0
46375,95, 0
46376,108, 0
46377,92, 0
46378,100, 0
46379,95, 0
46380,85, 0
46381,81, 0
46382,58, 0
46383,41, 0
46384,73, 0
46385,103, 0
46386,83, 0
46387,35, 0
46388,13, 0
46389,94, 0
46390,202, 0
46391,274, 0
46392,312, 0
46393,330, 0
46394,357, 2
46395,398, 10
46396,428, 25
46397,436, 34
46398,469, 44
46399,480, 51
46400,482, 57
46401,488, 58
46402,487, 65
46403,476, 61
46404,476, 62
46405,464, 59
46406,439, 51
46407,420, 42
46408,404, 35
46409,371, 25
46410,331, 13
46411,322, 6
46412,297, 0
46413,275, 0
46414,237, 0
46415,144, 0
46416,94, 0
46417,59, 0
46418,44, 0
46419,68, 0
46420,92, 0
46421,83, 0
46422,75, 0
46423,54, 0
46424,21, 0
46425,2, 0
46426,0, 0
46427,9, 0
46428,21, 0
46429,31, 0
46430,51, 0
46431,60, 0
46432,74, 0
46433,92, 0
46434,92, 0
46435,91, 0
46436,97, 0
46437,115, 0
46438,104, 0
46439,108, 0
46440,86, 0
46441,63, 0
46442,44, 0
46443,28, 0
46444,20, 0
46445,64, 0
46446,91, 0
46447,75, 0
46448,35, 0
46449,4, 0
46450,89, 0
46451,204, 0
46452,270, 0
46453,306, 0
46454,328, 0
46455,351, 0
46456,378, 7
46457,401, 17
46458,433, 25
46459,418, 31
46460,436, 39
46461,456, 43
46462,473, 50
46463,482, 57
46464,475, 53
46465,483, 59
46466,464, 56
46467,439, 52
46468,425, 45
46469,408, 39
46470,387, 34
46471,368, 23
46472,356, 18
46473,342, 8
46474,338, 9
46475,305, 4
46476,215, 0
46477,168, 0
46478,156, 0
46479,160, 0
46480,187, 0
46481,207, 0
46482,173, 0
46483,122, 0
46484,64, 0
46485,7, 0
46486,6, 0
46487,68, 0
46488,137, 0
46489,164, 0
46490,176, 0
46491,173, 0
46492,160, 0
46493,161, 0
46494,144, 0
46495,127, 0
46496,106, 0
46497,119, 0
46498,126, 0
46499,127, 0
46500,109, 0
46501,101, 0
46502,76, 0
46503,68, 0
46504,47, 0
46505,35, 0
46506,76, 0
46507,94, 0
46508,75, 0
46509,21, 0
46510,6, 0
46511,115, 0
46512,232, 0
46513,289, 0
46514,323, 0
46515,339, 0
46516,362, 2
46517,396, 13
46518,423, 22
46519,436, 31
46520,450, 39
46521,469, 50
46522,486, 52
46523,490, 61
46524,503, 63
46525,499, 70
46526,494, 69
46527,490, 68
46528,464, 61
46529,445, 56
46530,420, 48
46531,382, 31
46532,365, 24
46533,349, 17
46534,332, 8
46535,321, 2
46536,265, 1
46537,159, 0
46538,86, 0
46539,68, 0
46540,57, 0
46541,74, 0
46542,111, 0
46543,125, 0
46544,106, 0
46545,79, 0
46546,48, 0
46547,20, 0
46548,1, 0
46549,3, 0
46550,18, 0
46551,32, 0
46552,53, 0
46553,67, 0
46554,100, 0
46555,104, 0
46556,101, 0
46557,100, 0
46558,127, 0
46559,133, 0
46560,127, 0
46561,108, 0
46562,92, 0
46563,62, 0
46564,52, 0
46565,28, 0
46566,22, 0
46567,70, 0
46568,94, 0
46569,65, 0
46570,19, 0
46571,7, 0
46572,119, 0
46573,235, 0
46574,282, 0
46575,317, 0
46576,336, 0
46577,346, 0
46578,375, 6
46579,398, 14
46580,406, 21
46581,416, 27
46582,433, 31
46583,434, 34
46584,446, 39
46585,464, 45
46586,456, 47
46587,457, 48
46588,451, 51
46589,433, 45
46590,418, 41
46591,406, 34
46592,365, 23
46593,349, 13
46594,330, 7
46595,300, 1
46596,290, 0
46597,232, 0
46598,130, 0
46599,76, 0
46600,63, 0
46601,48, 0
46602,89, 0
46603,116, 0
46604,113, 0
46605,104, 0
46606,78, 0
46607,40, 0
46608,12, 0
46609,0, 0
46610,3, 0
46611,18, 0
46612,31, 0
46613,57, 0
46614,81, 0
46615,90, 0
46616,111, 0
46617,108, 0
46618,121, 0
46619,121, 0
46620,132, 0
46621,122, 0
46622,105, 0
46623,86, 0
46624,63, 0
46625,43, 0
46626,30, 0
46627,22, 0
46628,73, 0
46629,83, 0
46630,64, 0
46631,23, 0
46632,22, 0
46633,115, 0
46634,223, 0
46635,274, 0
46636,309, 0
46637,336, 0
46638,359, 0
46639,367, 8
46640,406, 18
46641,419, 25
46642,432, 32
46643,413, 36
46644,451, 38
46645,467, 47
46646,476, 56
46647,467, 52
46648,481, 56
46649,462, 54
46650,439, 50
46651,417, 44
46652,400, 36
46653,371, 27
46654,360, 18
46655,334, 10
46656,321, 4
46657,298, 1
46658,222, 0
46659,120, 0
46660,77, 0
46661,57, 0
46662,62, 0
46663,81, 0
46664,105, 0
46665,104, 0
46666,92, 0
46667,59, 0
46668,37, 0
46669,6, 0
46670,0, 0
46671,4, 0
46672,19, 0
46673,31, 0
46674,47, 0
46675,63, 0
46676,83, 0
46677,112, 0
46678,108, 0
46679,129, 0
46680,129, 0
46681,125, 0
46682,120, 0
46683,95, 0
46684,92, 0
46685,76, 0
46686,60, 0
46687,46, 0
46688,67, 0
46689,115, 0
46690,119, 0
46691,88, 0
46692,36, 0
46693,23, 0
46694,127, 0
46695,228, 0
46696,284, 0
46697,322, 0
46698,344, 0
46699,373, 3
46700,398, 15
46701,427, 25
46702,432, 31
46703,453, 41
46704,472, 47
46705,481, 53
46706,501, 61
46707,524, 71
46708,517, 76
46709,524, 78
46710,506, 80
46711,480, 72
46712,458, 64
46713,428, 51
46714,393, 37
46715,355, 25
46716,323, 11
46717,291, 1
46718,268, 0
46719,204, 0
46720,115, 0
46721,70, 0
46722,48, 0
46723,50, 0
46724,101, 0
46725,115, 0
46726,112, 0
46727,92, 0
46728,62, 0
46729,28, 0
46730,11, 0
46731,0, 0
46732,7, 0
46733,38, 0
46734,62, 0
46735,92, 0
46736,116, 0
46737,133, 0
46738,139, 0
46739,130, 0
46740,139, 0
46741,137, 0
46742,152, 0
46743,119, 0
46744,94, 0
46745,83, 0
46746,50, 0
46747,22, 0
46748,9, 0
46749,18, 0
46750,54, 0
46751,71, 0
46752,50, 0
46753,14, 0
46754,21, 0
46755,154, 0
46756,245, 0
46757,304, 0
46758,336, 0
46759,359, 2
46760,383, 8
46761,415, 23
46762,449, 34
46763,449, 40
46764,466, 44
46765,473, 53
46766,477, 55
46767,490, 57
46768,495, 63
46769,490, 70
46770,482, 65
46771,473, 64
46772,447, 55
46773,434, 50
46774,413, 39
46775,373, 28
46776,371, 24
46777,352, 20
46778,329, 7
46779,302, 3
46780,222, 0
46781,127, 0
46782,80, 0
46783,65, 0
46784,71, 0
46785,106, 0
46786,129, 0
46787,128, 0
46788,96, 0
46789,71, 0
46790,37, 0
46791,7, 0
46792,0, 0
46793,9, 0
46794,21, 0
46795,37, 0
46796,43, 0
46797,61, 0
46798,87, 0
46799,96, 0
46800,87, 0
46801,83, 0
46802,112, 0
46803,110, 0
46804,104, 0
46805,94, 0
46806,71, 0
46807,46, 0
46808,39, 0
46809,19, 0
46810,34, 0
46811,68, 0
46812,76, 0
46813,37, 0
46814,2, 0
46815,44, 0
46816,170, 0
46817,263, 0
46818,300, 0
46819,341, 0
46820,348, 1
46821,368, 6
46822,380, 13
46823,402, 21
46824,383, 20
46825,403, 22
46826,408, 28
46827,424, 26
46828,433, 31
46829,449, 37
46830,449, 43
46831,452, 44
46832,440, 48
46833,417, 40
46834,411, 38
46835,377, 30
46836,377, 20
46837,354, 14
46838,330, 6
46839,327, 2
46840,289, 0
46841,191, 0
46842,97, 0
46843,70, 0
46844,48, 0
46845,46, 0
46846,95, 0
46847,115, 0
46848,101, 0
46849,85, 0
46850,57, 0
46851,24, 0
46852,0, 0
46853,0, 0
46854,19, 0
46855,39, 0
46856,47, 0
46857,71, 0
46858,86, 0
46859,115, 0
46860,106, 0
46861,106, 0
46862,108, 0
46863,131, 0
46864,143, 0
46865,119, 0
46866,104, 0
46867,75, 0
46868,45, 0
46869,17, 0
46870,0, 0
46871,13, 0
46872,64, 0
46873,70, 0
46874,53, 0
46875,12, 0
46876,37, 0
46877,161, 0
46878,247, 0
46879,282, 0
46880,312, 0
46881,336, 0
46882,345, 1
46883,373, 6
46884,394, 12
46885,403, 19
46886,421, 27
46887,444, 37
46888,457, 44
46889,477, 51
46890,475, 55
46891,491, 57
46892,481, 64
46893,468, 57
46894,450, 52
46895,427, 50
46896,402, 39
46897,375, 26
46898,355, 20
46899,333, 12
46900,306, 4
46901,284, 0
46902,183, 0
46903,96, 0
46904,60, 0
46905,64, 0
46906,71, 0
46907,118, 0
46908,125, 0
46909,115, 0
46910,99, 0
46911,70, 0
46912,36, 0
46913,9, 0
46914,2, 0
46915,10, 0
46916,38, 0
46917,63, 0
46918,83, 0
46919,92, 0
46920,112, 0
46921,105, 0
46922,110, 0
46923,96, 0
46924,117, 0
46925,139, 0
46926,119, 0
46927,102, 0
46928,84, 0
46929,65, 0
46930,50, 0
46931,38, 0
46932,63, 0
46933,106, 0
46934,113, 0
46935,70, 0
46936,15, 0
46937,43, 0
46938,171, 0
46939,249, 0
46940,284, 0
46941,306, 0
46942,325, 0
46943,338, 0
46944,342, 2
46945,386, 10
46946,374, 12
46947,386, 18
46948,386, 19
46949,410, 25
46950,432, 31
46951,445, 37
46952,447, 40
46953,463, 44
46954,453, 50
46955,461, 52
46956,469, 54
46957,466, 55
46958,456, 51
46959,449, 55
46960,431, 50
46961,403, 41
46962,362, 27
46963,248, 5
46964,135, 0
46965,79, 0
46966,46, 0
46967,48, 0
46968,80, 0
46969,95, 0
46970,90, 0
46971,65, 0
46972,37, 0
46973,6, 0
46974,0, 0
46975,9, 0
46976,36, 0
46977,56, 0
46978,81, 0
46979,108, 0
46980,127, 0
46981,145, 0
46982,156, 0
46983,164, 0
46984,172, 0
46985,167, 0
46986,157, 0
46987,132, 0
46988,110, 0
46989,85, 0
46990,50, 0
46991,23, 0
46992,2, 0
46993,9, 0
46994,51, 0
46995,48, 0
46996,12, 0
46997,2, 0
46998,94, 0
46999,220, 0
47000,306, 0
47001,339, 0
47002,364, 2
47003,381, 12
47004,399, 17
47005,426, 26
47006,442, 36
47007,439, 41
47008,467, 45
47009,466, 53
47010,487, 58
47011,501, 63
47012,505, 71
47013,487, 67
47014,487, 69
47015,454, 59
47016,427, 47
47017,391, 38
47018,355, 25
47019,341, 11
47020,307, 1
47021,301, 0
47022,286, 0
47023,256, 0
47024,167, 0
47025,87, 0
47026,73, 0
47027,52, 0
47028,60, 0
47029,107, 0
47030,133, 0
47031,115, 0
47032,87, 0
47033,59, 0
47034,22, 0
47035,0, 0
47036,0, 0
47037,6, 0
47038,25, 0
47039,51, 0
47040,55, 0
47041,74, 0
47042,87, 0
47043,89, 0
47044,80, 0
47045,94, 0
47046,123, 0
47047,115, 0
47048,99, 0
47049,76, 0
47050,50, 0
47051,22, 0
47052,6, 0
47053,2, 0
47054,24, 0
47055,62, 0
47056,60, 0
47057,27, 0
47058,2, 0
47059,86, 0
47060,202, 0
47061,258, 0
47062,278, 0
47063,298, 0
47064,307, 0
47065,338, 0
47066,371, 4
47067,407, 13
47068,403, 22
47069,425, 28
47070,419, 36
47071,451, 37
47072,469, 46
47073,472, 51
47074,468, 54
47075,460, 56
47076,450, 52
47077,421, 44
47078,416, 39
47079,390, 31
47080,364, 20
47081,348, 12
47082,330, 6
47083,307, 0
47084,270, 0
47085,160, 0
47086,83, 0
47087,57, 0
47088,45, 0
47089,58, 0
47090,112, 0
47091,115, 0
47092,103, 0
47093,70, 0
47094,43, 0
47095,9, 0
47096,0, 0
47097,8, 0
47098,30, 0
47099,50, 0
47100,67, 0
47101,86, 0
47102,107, 0
47103,115, 0
47104,118, 0
47105,115, 0
47106,142, 0
47107,125, 0
47108,140, 0
47109,121, 0
47110,110, 0
47111,86, 0
47112,62, 0
47113,37, 0
47114,28, 0
47115,55, 0
47116,87, 0
47117,90, 0
47118,55, 0
47119,11, 0
47120,53, 0
47121,174, 0
47122,247, 0
47123,286, 0
47124,314, 0
47125,338, 0
47126,365, 4
47127,398, 12
47128,409, 22
47129,417, 25
47130,423, 31
47131,438, 38
47132,447, 38
47133,473, 45
47134,467, 52
47135,456, 51
47136,445, 48
47137,440, 46
47138,405, 38
47139,400, 36
47140,371, 25
47141,348, 13
47142,337, 6
47143,321, 4
47144,315, 0
47145,262, 0
47146,159, 0
47147,74, 0
47148,56, 0
47149,53, 0
47150,59, 0
47151,115, 0
47152,113, 0
47153,102, 0
47154,76, 0
47155,50, 0
47156,23, 0
47157,0, 0
47158,0, 0
47159,10, 0
47160,27, 0
47161,43, 0
47162,59, 0
47163,78, 0
47164,88, 0
47165,89, 0
47166,84, 0
47167,93, 0
47168,97, 0
47169,103, 0
47170,83, 0
47171,77, 0
47172,50, 0
47173,27, 0
47174,6, 0
47175,3, 0
47176,37, 0
47177,70, 0
47178,59, 0
47179,8, 0
47180,6, 0
47181,116, 0
47182,232, 0
47183,302, 0
47184,328, 0
47185,356, 1
47186,376, 7
47187,390, 13
47188,423, 25
47189,418, 29
47190,436, 34
47191,456, 39
47192,469, 51
47193,475, 52
47194,488, 54
47195,493, 63
47196,481, 62
47197,475, 58
47198,456, 54
47199,433, 47
47200,419, 44
47201,399, 35
47202,370, 25
47203,348, 17
47204,321, 6
47205,286, 0
47206,240, 0
47207,148, 0
47208,64, 0
47209,38, 0
47210,30, 0
47211,52, 0
47212,91, 0
47213,99, 0
47214,89, 0
47215,67, 0
47216,57, 0
47217,5, 0
47218,0, 0
47219,3, 0
47220,36, 0
47221,44, 0
47222,61, 0
47223,75, 0
47224,92, 0
47225,99, 0
47226,103, 0
47227,113, 0
47228,111, 0
47229,133, 0
47230,129, 0
47231,107, 0
47232,86, 0
47233,61, 0
47234,35, 0
47235,23, 0
47236,19, 0
47237,60, 0
47238,87, 0
47239,77, 0
47240,28, 0
47241,4, 0
47242,94, 0
47243,205, 0
47244,274, 0
47245,305, 0
47246,337, 0
47247,364, 1
47248,395, 11
47249,427, 25
47250,445, 37
47251,454, 40
47252,468, 51
47253,464, 54
47254,481, 57
47255,491, 57
47256,497, 64
47257,482, 62
47258,476, 64
47259,457, 57
47260,431, 51
47261,416, 42
47262,391, 35
47263,364, 23
47264,341, 12
47265,322, 4
47266,292, 0
47267,245, 0
47268,145, 0
47269,84, 0
47270,64, 0
47271,54, 0
47272,84, 0
47273,107, 0
47274,121, 0
47275,103, 0
47276,75, 0
47277,42, 0
47278,8, 0
47279,0, 0
47280,12, 0
47281,31, 0
47282,41, 0
47283,51, 0
47284,57, 0
47285,70, 0
47286,74, 0
47287,57, 0
47288,47, 0
47289,57, 0
47290,75, 0
47291,86, 0
47292,86, 0
47293,78, 0
47294,70, 0
47295,55, 0
47296,51, 0
47297,57, 0
47298,83, 0
47299,105, 0
47300,79, 0
47301,25, 0
47302,6, 0
47303,108, 0
47304,213, 0
47305,272, 0
47306,310, 0
47307,334, 0
47308,361, 2
47309,386, 9
47310,419, 22
47311,439, 34
47312,445, 39
47313,466, 45
47314,453, 51
47315,460, 50
47316,469, 50
47317,473, 54
47318,437, 48
47319,414, 42
47320,385, 29
47321,361, 21
47322,346, 12
47323,338, 5
47324,322, 2
47325,323, 0
47326,316, 1
47327,300, 0
47328,251, 0
47329,147, 0
47330,81, 0
47331,51, 0
47332,43, 0
47333,68, 0
47334,95, 0
47335,108, 0
47336,102, 0
47337,63, 0
47338,37, 0
47339,6, 0
47340,0, 0
47341,1, 0
47342,14, 0
47343,31, 0
47344,48, 0
47345,64, 0
47346,84, 0
47347,92, 0
47348,84, 0
47349,87, 0
47350,96, 0
47351,108, 0
47352,110, 0
47353,88, 0
47354,68, 0
47355,50, 0
47356,25, 0
47357,24, 0
47358,25, 0
47359,71, 0
47360,92, 0
47361,69, 0
47362,28, 0
47363,6, 0
47364,116, 0
47365,232, 0
47366,296, 0
47367,330, 0
47368,355, 0
47369,376, 8
47370,385, 15
47371,407, 22
47372,407, 24
47373,416, 26
47374,420, 31
47375,427, 32
47376,428, 38
47377,464, 41
47378,470, 51
47379,476, 54
47380,467, 55
47381,460, 56
47382,418, 47
47383,414, 41
47384,384, 31
47385,363, 20
47386,348, 13
47387,325, 7
47388,298, 0
47389,232, 0
47390,121, 0
47391,56, 0
47392,44, 0
47393,35, 0
47394,65, 0
47395,106, 0
47396,123, 0
47397,99, 0
47398,89, 0
47399,54, 0
47400,27, 0
47401,3, 0
47402,0, 0
47403,3, 0
47404,17, 0
47405,32, 0
47406,55, 0
47407,71, 0
47408,78, 0
47409,86, 0
47410,90, 0
47411,117, 0
47412,135, 0
47413,135, 0
47414,123, 0
47415,94, 0
47416,78, 0
47417,57, 0
47418,44, 0
47419,57, 0
47420,96, 0
47421,133, 0
47422,110, 0
47423,70, 0
47424,18, 0
47425,96, 0
47426,192, 0
47427,253, 0
47428,280, 0
47429,301, 0
47430,329, 0
47431,362, 0
47432,394, 10
47433,403, 18
47434,415, 23
47435,399, 31
47436,439, 32
47437,446, 37
47438,464, 43
47439,468, 50
47440,457, 48
47441,457, 53
47442,439, 45
47443,419, 42
47444,414, 38
47445,399, 35
47446,382, 25
47447,395, 25
47448,376, 25
47449,359, 19
47450,296, 7
47451,195, 0
47452,147, 0
47453,131, 0
47454,134, 0
47455,152, 0
47456,165, 0
47457,165, 0
47458,130, 0
47459,95, 0
47460,59, 0
47461,23, 0
47462,0, 0
47463,0, 0
47464,15, 0
47465,38, 0
47466,69, 0
47467,89, 0
47468,111, 0
47469,101, 0
47470,96, 0
47471,91, 0
47472,113, 0
47473,139, 0
47474,151, 0
47475,131, 0
47476,110, 0
47477,88, 0
47478,59, 0
47479,43, 0
47480,50, 0
47481,92, 0
47482,94, 0
47483,43, 0
47484,0, 0
47485,50, 0
47486,175, 0
47487,275, 0
47488,316, 0
47489,347, 0
47490,371, 5
47491,410, 19
47492,447, 30
47493,484, 44
47494,483, 57
47495,481, 58
47496,494, 61
47497,481, 63
47498,472, 57
47499,468, 56
47500,463, 54
47501,446, 51
47502,439, 46
47503,415, 39
47504,400, 34
47505,379, 27
47506,365, 19
47507,331, 8
47508,314, 2
47509,283, 0
47510,249, 0
47511,168, 0
47512,70, 0
47513,19, 0
47514,6, 0
47515,10, 0
47516,41, 0
47517,88, 0
47518,86, 0
47519,63, 0
47520,38, 0
47521,9, 0
47522,0, 0
47523,19, 0
47524,48, 0
47525,72, 0
47526,83, 0
47527,88, 0
47528,95, 0
47529,113, 0
47530,125, 0
47531,115, 0
47532,131, 0
47533,137, 0
47534,143, 0
47535,121, 0
47536,95, 0
47537,74, 0
47538,42, 0
47539,20, 0
47540,2, 0
47541,12, 0
47542,51, 0
47543,67, 0
47544,40, 0
47545,6, 0
47546,36, 0
47547,167, 0
47548,280, 0
47549,324, 0
47550,349, 0
47551,384, 8
47552,403, 17
47553,426, 25
47554,427, 36
47555,447, 43
47556,446, 43
47557,447, 44
47558,441, 45
47559,439, 42
47560,452, 44
47561,455, 45
47562,457, 44
47563,462, 50
47564,446, 51
47565,425, 44
47566,409, 38
47567,376, 28
47568,355, 15
47569,341, 7
47570,319, 3
47571,286, 0
47572,207, 0
47573,110, 0
47574,52, 0
47575,42, 0
47576,47, 0
47577,81, 0
47578,119, 0
47579,112, 0
47580,100, 0
47581,72, 0
47582,40, 0
47583,10, 0
47584,0, 0
47585,17, 0
47586,60, 0
47587,97, 0
47588,101, 0
47589,141, 0
47590,164, 0
47591,182, 0
47592,188, 0
47593,183, 0
47594,175, 0
47595,188, 0
47596,148, 0
47597,113, 0
47598,84, 0
47599,54, 0
47600,12, 0
47601,0, 0
47602,21, 0
47603,57, 0
47604,72, 0
47605,44, 0
47606,5, 0
47607,48, 0
47608,171, 0
47609,265, 0
47610,319, 0
47611,356, 0
47612,396, 11
47613,420, 24
47614,431, 30
47615,436, 37
47616,426, 38
47617,417, 36
47618,411, 31
47619,395, 30
47620,418, 27
47621,428, 32
47622,457, 40
47623,476, 51
47624,484, 57
47625,466, 58
47626,446, 55
47627,432, 50
47628,419, 41
47629,394, 32
47630,379, 24
47631,348, 20
47632,293, 5
47633,193, 0
47634,88, 0
47635,31, 0
47636,31, 0
47637,50, 0
47638,110, 0
47639,156, 0
47640,165, 0
47641,171, 0
47642,136, 0
47643,102, 0
47644,48, 0
47645,5, 0
47646,0, 0
47647,19, 0
47648,46, 0
47649,70, 0
47650,87, 0
47651,101, 0
47652,102, 0
47653,117, 0
47654,113, 0
47655,137, 0
47656,157, 0
47657,160, 0
47658,139, 0
47659,118, 0
47660,76, 0
47661,44, 0
47662,22, 0
47663,37, 0
47664,74, 0
47665,79, 0
47666,55, 0
47667,7, 0
47668,30, 0
47669,140, 0
47670,233, 0
47671,287, 0
47672,326, 0
47673,370, 1
47674,399, 12
47675,421, 23
47676,446, 38
47677,444, 43
47678,439, 42
47679,434, 44
47680,440, 43
47681,452, 44
47682,490, 51
47683,488, 56
47684,500, 64
47685,501, 70
47686,480, 65
47687,455, 63
47688,426, 51
47689,403, 39
47690,398, 31
47691,420, 32
47692,431, 40
47693,403, 36
47694,306, 20
47695,184, 0
47696,121, 0
47697,123, 0
47698,137, 0
47699,191, 0
47700,220, 0
47701,202, 0
47702,159, 0
47703,115, 0
47704,65, 0
47705,6, 0
47706,23, 0
47707,105, 0
47708,161, 0
47709,183, 0
47710,188, 0
47711,188, 0
47712,186, 0
47713,176, 0
47714,138, 0
47715,108, 0
47716,102, 0
47717,89, 0
47718,57, 0
47719,25, 0
47720,4, 0
47721,0, 0
47722,6, 0
47723,6, 0
47724,2, 0
47725,27, 0
47726,40, 0
47727,27, 0
47728,9, 0
47729,38, 0
47730,161, 0
47731,255, 0
47732,286, 0
47733,324, 0
47734,354, 0
47735,368, 6
47736,389, 12
47737,414, 22
47738,411, 27
47739,414, 27
47740,405, 26
47741,394, 27
47742,396, 23
47743,400, 21
47744,390, 25
47745,385, 21
47746,377, 21
47747,356, 12
47748,323, 6
47749,277, 0
47750,222, 0
47751,176, 0
47752,158, 0
47753,150, 0
47754,139, 0
47755,85, 0
47756,48, 0
47757,64, 0
47758,95, 0
47759,142, 0
47760,204, 0
47761,213, 0
47762,232, 0
47763,193, 0
47764,158, 0
47765,89, 0
47766,15, 0
47767,15, 0
47768,87, 0
47769,174, 0
47770,263, 0
47771,346, 0
47772,411, 18
47773,442, 40
47774,411, 46
47775,338, 32
47776,292, 19
47777,232, 0
47778,186, 0
47779,139, 0
47780,94, 0
47781,59, 0
47782,31, 0
47783,18, 0
47784,38, 0
47785,55, 0
47786,95, 0
47787,102, 0
47788,67, 0
47789,18, 0
47790,42, 0
47791,176, 0
47792,295, 0
47793,388, 1
47794,487, 28
47795,588, 70
47796,675, 108
47797,731, 145
47798,731, 170
47799,678, 166
47800,601, 150
47801,493, 116
47802,401, 71
47803,348, 32
47804,326, 11
47805,306, 1
47806,292, 0
47807,266, 0
47808,231, 0
47809,205, 0
47810,176, 0
47811,160, 0
47812,150, 0
47813,184, 0
47814,227, 0
47815,247, 0
47816,202, 0
47817,133, 0
47818,90, 0
47819,69, 0
47820,64, 0
47821,71, 0
47822,68, 0
47823,38, 0
47824,4, 0
47825,6, 0
47826,0, 0
47827,0, 0
47828,0, 0
47829,0, 0
47830,0, 0
47831,0, 0
47832,18, 0
47833,73, 0
47834,115, 0
47835,128, 0
47836,92, 0
47837,25, 0
47838,19, 0
47839,121, 0
47840,211, 0
47841,269, 0
47842,283, 0
47843,243, 0
47844,170, 0
47845,96, 0
47846,14, 0
47847,4, 0
47848,23, 0
47849,9, 0
47850,0, 0
47851,43, 0
47852,119, 0
47853,159, 0
47854,193, 0
47855,243, 0
47856,316, 0
47857,371, 0
47858,451, 21
47859,516, 46
47860,576, 77
47861,622, 102
47862,606, 117
47863,573, 115
47864,523, 100
47865,447, 77
47866,363, 44
47867,287, 11
47868,248, 0
47869,230, 0
47870,216, 0
47871,191, 0
47872,149, 0
47873,127, 0
47874,122, 0
47875,118, 0
47876,102, 0
47877,44, 0
47878,18, 0
47879,37, 0
47880,55, 0
47881,52, 0
47882,35, 0
47883,18, 0
47884,0, 0
47885,0, 0
47886,0, 0
47887,1, 0
47888,3, 0
47889,3, 0
47890,1, 0
47891,0, 0
47892,0, 0
47893,0, 0
47894,18, 0
47895,58, 0
47896,97, 0
47897,120, 0
47898,123, 0
47899,118, 0
47900,93, 0
47901,43, 0
47902,3, 0
47903,0, 0
47904,1, 0
47905,7, 0
47906,1, 0
47907,5, 0
47908,25, 0
47909,11, 0
47910,0, 0
47911,18, 0
47912,102, 0
47913,192, 0
47914,264, 0
47915,328, 0
47916,386, 4
47917,447, 22
47918,497, 44
47919,529, 63
47920,537, 83
47921,538, 86
47922,548, 89
47923,567, 94
47924,576, 99
47925,578, 106
47926,558, 103
47927,498, 91
47928,456, 69
47929,419, 53
47930,372, 34
47931,338, 18
47932,319, 6
47933,300, 0
47934,300, 0
47935,311, 0
47936,307, 0
47937,281, 0
47938,207, 0
47939,139, 0
47940,127, 0
47941,136, 0
47942,163, 0
47943,195, 0
47944,172, 0
47945,122, 0
47946,63, 0
47947,31, 0
47948,8, 0
47949,0, 0
47950,0, 0
47951,5, 0
47952,39, 0
47953,56, 0
47954,70, 0
47955,108, 0
47956,122, 0
47957,134, 0
47958,148, 0
47959,168, 0
47960,189, 0
47961,188, 0
47962,165, 0
47963,149, 0
47964,141, 0
47965,127, 0
47966,132, 0
47967,130, 0
47968,152, 0
47969,156, 0
47970,123, 0
47971,91, 0
47972,37, 0
47973,35, 0
47974,139, 0
47975,218, 0
47976,265, 0
47977,310, 0
47978,348, 0
47979,371, 3
47980,387, 11
47981,395, 19
47982,405, 24
47983,433, 29
47984,462, 38
47985,480, 50
47986,487, 55
47987,480, 59
47988,455, 57
47989,440, 46
47990,432, 44
47991,405, 38
47992,379, 30
47993,353, 19
47994,344, 10
47995,355, 6
47996,368, 12
47997,371, 12
47998,315, 8
47999,224, 0
48000,164, 0
