Mostres_ESP32,Valor1_mV, Valor2_mV
1,113, 0
2,120, 0
3,108, 0
4,100, 0
5,92, 0
6,100, 0
7,99, 0
8,99, 0
9,102, 0
10,105, 0
11,121, 0
12,120, 0
13,120, 0
14,123, 0
15,128, 0
16,128, 0
17,129, 0
18,134, 0
19,108, 0
20,99, 0
21,95, 0
22,107, 0
23,123, 0
24,141, 0
25,158, 0
26,196, 0
27,174, 0
28,182, 0
29,175, 0
30,181, 0
31,176, 0
32,180, 0
33,184, 0
34,183, 0
35,179, 0
36,176, 0
37,168, 0
38,168, 0
39,170, 0
40,163, 0
41,151, 0
42,157, 0
43,151, 0
44,153, 0
45,156, 0
46,136, 0
47,139, 0
48,136, 0
49,115, 0
50,84, 0
51,71, 0
52,67, 0
53,65, 0
54,89, 0
55,104, 0
56,113, 0
57,104, 0
58,103, 0
59,104, 0
60,108, 0
61,95, 0
62,96, 0
63,103, 0
64,95, 0
65,95, 0
66,100, 0
67,97, 0
68,95, 0
69,102, 0
70,107, 0
71,107, 0
72,117, 0
73,125, 0
74,125, 0
75,129, 0
76,125, 0
77,127, 0
78,129, 0
79,134, 0
80,107, 0
81,89, 0
82,85, 0
83,102, 0
84,113, 0
85,133, 0
86,154, 0
87,174, 0
88,196, 0
89,181, 0
90,188, 0
91,185, 0
92,173, 0
93,192, 0
94,193, 0
95,190, 0
96,176, 0
97,161, 0
98,158, 0
99,160, 0
100,166, 0
101,163, 0
102,167, 0
103,180, 0
104,183, 0
105,185, 0
106,166, 0
107,152, 0
108,148, 0
109,141, 0
110,128, 0
111,117, 0
112,104, 0
113,101, 0
114,102, 0
115,107, 0
116,125, 0
117,127, 0
118,122, 0
119,109, 0
120,110, 0
121,108, 0
122,109, 0
123,103, 0
124,112, 0
125,104, 0
126,106, 0
127,111, 0
128,108, 0
129,105, 0
130,109, 0
131,117, 0
132,113, 0
133,113, 0
134,112, 0
135,119, 0
136,126, 0
137,129, 0
138,130, 0
139,133, 0
140,124, 0
141,105, 0
142,84, 0
143,85, 0
144,99, 0
145,110, 0
146,133, 0
147,154, 0
148,168, 0
149,174, 0
150,180, 0
151,177, 0
152,174, 0
153,167, 0
154,174, 0
155,173, 0
156,171, 0
157,175, 0
158,176, 0
159,166, 0
160,167, 0
161,158, 0
162,159, 0
163,145, 0
164,158, 0
165,132, 0
166,145, 0
167,142, 0
168,154, 0
169,131, 0
170,129, 0
171,109, 0
172,85, 0
173,63, 0
174,50, 0
175,57, 0
176,78, 0
177,97, 0
178,103, 0
179,96, 0
180,97, 0
181,96, 0
182,100, 0
183,96, 0
184,95, 0
185,100, 0
186,117, 0
187,108, 0
188,105, 0
189,105, 0
190,101, 0
191,106, 0
192,108, 0
193,108, 0
194,115, 0
195,121, 0
196,124, 0
197,115, 0
198,133, 0
199,131, 0
200,147, 0
201,143, 0
202,124, 0
203,112, 0
204,97, 0
205,107, 0
206,147, 0
207,154, 0
208,173, 0
209,189, 0
210,189, 0
211,186, 0
212,184, 0
213,179, 0
214,184, 0
215,182, 0
216,183, 0
217,175, 0
218,172, 0
219,164, 0
220,161, 0
221,158, 0
222,145, 0
223,159, 0
224,147, 0
225,142, 0
226,149, 0
227,148, 0
228,127, 0
229,136, 0
230,133, 0
231,122, 0
232,105, 0
233,75, 0
234,63, 0
235,60, 0
236,59, 0
237,89, 0
238,108, 0
239,102, 0
240,104, 0
241,99, 0
242,102, 0
243,104, 0
244,111, 0
245,101, 0
246,103, 0
247,97, 0
248,109, 0
249,104, 0
250,97, 0
251,110, 0
252,116, 0
253,113, 0
254,115, 0
255,119, 0
256,120, 0
257,125, 0
258,130, 0
259,131, 0
260,134, 0
261,141, 0
262,143, 0
263,118, 0
264,99, 0
265,97, 0
266,111, 0
267,135, 0
268,145, 0
269,165, 0
270,176, 0
271,184, 0
272,182, 0
273,183, 0
274,168, 0
275,170, 0
276,170, 0
277,176, 0
278,174, 0
279,177, 0
280,170, 0
281,171, 0
282,170, 0
283,165, 0
284,154, 0
285,156, 0
286,153, 0
287,156, 0
288,147, 0
289,140, 0
290,134, 0
291,130, 0
292,123, 0
293,102, 0
294,83, 0
295,65, 0
296,62, 0
297,76, 0
298,90, 0
299,106, 0
300,99, 0
301,101, 0
302,93, 0
303,93, 0
304,91, 0
305,88, 0
306,88, 0
307,87, 0
308,87, 0
309,92, 0
310,97, 0
311,100, 0
312,102, 0
313,115, 0
314,112, 0
315,119, 0
316,129, 0
317,127, 0
318,122, 0
319,126, 0
320,133, 0
321,145, 0
322,143, 0
323,143, 0
324,133, 0
325,110, 0
326,111, 0
327,121, 0
328,133, 0
329,154, 0
330,170, 0
331,187, 0
332,184, 0
333,188, 0
334,184, 0
335,174, 0
336,182, 0
337,176, 0
338,176, 0
339,173, 0
340,173, 0
341,169, 0
342,167, 0
343,172, 0
344,158, 0
345,155, 0
346,145, 0
347,148, 0
348,145, 0
349,149, 0
350,145, 0
351,165, 0
352,142, 0
353,139, 0
354,116, 0
355,88, 0
356,64, 0
357,61, 0
358,62, 0
359,88, 0
360,96, 0
361,103, 0
362,89, 0
363,96, 0
364,100, 0
365,96, 0
366,92, 0
367,96, 0
368,99, 0
369,96, 0
370,96, 0
371,102, 0
372,102, 0
373,102, 0
374,109, 0
375,116, 0
376,109, 0
377,116, 0
378,115, 0
379,116, 0
380,126, 0
381,123, 0
382,127, 0
383,131, 0
384,128, 0
385,90, 0
386,92, 0
387,90, 0
388,108, 0
389,116, 0
390,141, 0
391,163, 0
392,170, 0
393,171, 0
394,170, 0
395,166, 0
396,157, 0
397,170, 0
398,158, 0
399,160, 0
400,163, 0
401,164, 0
402,161, 0
403,159, 0
404,164, 0
405,161, 0
406,160, 0
407,167, 0
408,172, 0
409,175, 0
410,183, 0
411,179, 0
412,175, 0
413,168, 0
414,152, 0
415,123, 0
416,93, 0
417,81, 0
418,86, 0
419,87, 0
420,103, 0
421,121, 0
422,107, 0
423,102, 0
424,97, 0
425,94, 0
426,88, 0
427,99, 0
428,102, 0
429,102, 0
430,124, 0
431,131, 0
432,126, 0
433,123, 0
434,109, 0
435,126, 0
436,110, 0
437,113, 0
438,115, 0
439,105, 0
440,113, 0
441,116, 0
442,124, 0
443,125, 0
444,135, 0
445,117, 0
446,94, 0
447,104, 0
448,99, 0
449,110, 0
450,129, 0
451,156, 0
452,169, 0
453,174, 0
454,175, 0
455,180, 0
456,180, 0
457,164, 0
458,174, 0
459,173, 0
460,166, 0
461,164, 0
462,155, 0
463,136, 0
464,143, 0
465,158, 0
466,165, 0
467,182, 0
468,189, 0
469,193, 0
470,196, 0
471,199, 0
472,187, 0
473,170, 0
474,155, 0
475,128, 0
476,88, 0
477,51, 0
478,25, 0
479,22, 0
480,36, 0
481,70, 0
482,97, 0
483,113, 0
484,131, 0
485,154, 0
486,160, 0
487,188, 0
488,184, 0
489,176, 0
490,157, 0
491,137, 0
492,123, 0
493,104, 0
494,99, 0
495,92, 0
496,94, 0
497,97, 0
498,105, 0
499,106, 0
500,111, 0
501,89, 0
502,108, 0
503,102, 0
504,102, 0
505,103, 0
506,87, 0
507,54, 0
508,50, 0
509,59, 0
510,70, 0
511,69, 0
512,84, 0
513,105, 0
514,120, 0
515,131, 0
516,142, 0
517,147, 0
518,170, 0
519,226, 0
520,237, 0
521,220, 0
522,212, 0
523,207, 0
524,176, 0
525,169, 0
526,158, 0
527,159, 0
528,161, 0
529,169, 0
530,169, 0
531,170, 0
532,168, 0
533,157, 0
534,141, 0
535,134, 0
536,110, 0
537,87, 0
538,68, 0
539,63, 0
540,72, 0
541,92, 0
542,122, 0
543,145, 0
544,154, 0
545,153, 0
546,151, 0
547,147, 0
548,135, 0
549,113, 0
550,97, 0
551,84, 0
552,78, 0
553,87, 0
554,72, 0
555,65, 0
556,69, 0
557,83, 0
558,79, 0
559,83, 0
560,91, 0
561,92, 0
562,96, 0
563,106, 0
564,103, 0
565,120, 0
566,125, 0
567,101, 0
568,96, 0
569,85, 0
570,87, 0
571,94, 0
572,113, 0
573,139, 0
574,159, 0
575,164, 0
576,170, 0
577,169, 0
578,164, 0
579,170, 0
580,182, 0
581,174, 0
582,191, 0
583,184, 0
584,189, 0
585,187, 0
586,183, 0
587,187, 0
588,179, 0
589,176, 0
590,172, 0
591,176, 0
592,164, 0
593,167, 0
594,174, 0
595,169, 0
596,167, 0
597,152, 0
598,127, 0
599,104, 0
600,106, 0
601,96, 0
602,104, 0
603,123, 0
604,137, 0
605,131, 0
606,108, 0
607,109, 0
608,96, 0
609,102, 0
610,95, 0
611,94, 0
612,92, 0
613,90, 0
614,89, 0
615,89, 0
616,89, 0
617,83, 0
618,85, 0
619,94, 0
620,95, 0
621,97, 0
622,100, 0
623,106, 0
624,95, 0
625,97, 0
626,103, 0
627,105, 0
628,99, 0
629,81, 0
630,70, 0
631,72, 0
632,97, 0
633,105, 0
634,133, 0
635,140, 0
636,164, 0
637,167, 0
638,189, 0
639,174, 0
640,174, 0
641,159, 0
642,171, 0
643,181, 0
644,181, 0
645,175, 0
646,179, 0
647,179, 0
648,177, 0
649,167, 0
650,161, 0
651,159, 0
652,159, 0
653,142, 0
654,150, 0
655,150, 0
656,143, 0
657,143, 0
658,144, 0
659,133, 0
660,117, 0
661,132, 0
662,141, 0
663,135, 0
664,164, 0
665,176, 0
666,179, 0
667,163, 0
668,160, 0
669,149, 0
670,142, 0
671,133, 0
672,115, 0
673,101, 0
674,92, 0
675,78, 0
676,67, 0
677,57, 0
678,43, 0
679,57, 0
680,46, 0
681,54, 0
682,70, 0
683,80, 0
684,89, 0
685,97, 0
686,111, 0
687,123, 0
688,128, 0
689,110, 0
690,93, 0
691,84, 0
692,77, 0
693,93, 0
694,95, 0
695,112, 0
696,117, 0
697,120, 0
698,121, 0
699,127, 0
700,127, 0
701,132, 0
702,137, 0
703,147, 0
704,137, 0
705,145, 0
706,156, 0
707,159, 0
708,173, 0
709,185, 0
710,197, 0
711,193, 0
712,199, 0
713,204, 0
714,199, 0
715,204, 0
716,210, 0
717,211, 0
718,213, 0
719,203, 0
720,170, 0
721,152, 0
722,143, 0
723,136, 0
724,136, 0
725,155, 0
726,158, 0
727,151, 0
728,135, 0
729,135, 0
730,137, 0
731,141, 0
732,133, 0
733,117, 0
734,94, 0
735,58, 0
736,44, 0
737,32, 0
738,38, 0
739,54, 0
740,76, 0
741,87, 0
742,76, 0
743,86, 0
744,93, 0
745,108, 0
746,139, 0
747,158, 0
748,148, 0
749,153, 0
750,136, 0
751,120, 0
752,115, 0
753,108, 0
754,86, 0
755,84, 0
756,89, 0
757,80, 0
758,85, 0
759,81, 0
760,95, 0
761,110, 0
762,123, 0
763,124, 0
764,133, 0
765,133, 0
766,127, 0
767,123, 0
768,122, 0
769,107, 0
770,95, 0
771,90, 0
772,93, 0
773,109, 0
774,136, 0
775,161, 0
776,184, 0
777,192, 0
778,191, 0
779,164, 0
780,152, 0
781,128, 0
782,89, 0
783,77, 0
784,85, 0
785,121, 0
786,198, 0
787,219, 0
788,230, 0
789,229, 0
790,202, 0
791,177, 0
792,137, 0
793,97, 0
794,55, 0
795,38, 0
796,30, 0
797,37, 0
798,48, 0
799,62, 0
800,78, 0
801,110, 0
802,130, 0
803,138, 0
804,142, 0
805,148, 0
806,154, 0
807,170, 0
808,187, 0
809,174, 0
810,164, 0
811,131, 0
812,102, 0
813,101, 0
814,104, 0
815,125, 0
816,151, 0
817,174, 0
818,183, 0
819,187, 0
820,172, 0
821,164, 0
822,148, 0
823,154, 0
824,166, 0
825,171, 0
826,183, 0
827,181, 0
828,183, 0
829,196, 0
830,203, 0
831,192, 0
832,168, 0
833,129, 0
834,94, 0
835,68, 0
836,61, 0
837,77, 0
838,111, 0
839,142, 0
840,176, 0
841,187, 0
842,160, 0
843,130, 0
844,120, 0
845,122, 0
846,131, 0
847,145, 0
848,161, 0
849,144, 0
850,152, 0
851,145, 0
852,132, 0
853,118, 0
854,93, 0
855,73, 0
856,50, 0
857,43, 0
858,31, 0
859,40, 0
860,50, 0
861,75, 0
862,112, 0
863,127, 0
864,137, 0
865,159, 0
866,169, 0
867,174, 0
868,189, 0
869,199, 0
870,201, 0
871,203, 0
872,177, 0
873,155, 0
874,150, 0
875,157, 0
876,164, 0
877,182, 0
878,202, 0
879,204, 0
880,210, 0
881,183, 0
882,159, 0
883,151, 0
884,136, 0
885,139, 0
886,152, 0
887,160, 0
888,169, 0
889,163, 0
890,150, 0
891,124, 0
892,102, 0
893,104, 0
894,105, 0
895,102, 0
896,118, 0
897,113, 0
898,93, 0
899,90, 0
900,83, 0
901,108, 0
902,133, 0
903,137, 0
904,143, 0
905,158, 0
906,152, 0
907,161, 0
908,170, 0
909,153, 0
910,132, 0
911,121, 0
912,106, 0
913,95, 0
914,92, 0
915,76, 0
916,62, 0
917,64, 0
918,53, 0
919,43, 0
920,50, 0
921,51, 0
922,51, 0
923,102, 0
924,128, 0
925,153, 0
926,183, 0
927,176, 0
928,184, 0
929,202, 0
930,198, 0
931,183, 0
932,152, 0
933,110, 0
934,76, 0
935,59, 0
936,59, 0
937,69, 0
938,101, 0
939,103, 0
940,93, 0
941,95, 0
942,92, 0
943,77, 0
944,84, 0
945,93, 0
946,122, 0
947,156, 0
948,173, 0
949,176, 0
950,180, 0
951,173, 0
952,177, 0
953,176, 0
954,167, 0
955,158, 0
956,151, 0
957,132, 0
958,100, 0
959,81, 0
960,85, 0
961,109, 0
962,155, 0
963,185, 0
964,179, 0
965,167, 0
966,170, 0
967,174, 0
968,196, 0
969,221, 0
970,219, 0
971,210, 0
972,203, 0
973,181, 0
974,159, 0
975,111, 0
976,75, 0
977,44, 0
978,25, 0
979,7, 0
980,0, 0
981,0, 0
982,0, 0
983,0, 0
984,1, 0
985,12, 0
986,37, 0
987,70, 0
988,93, 0
989,103, 0
990,117, 0
991,122, 0
992,122, 0
993,125, 0
994,102, 0
995,102, 0
996,135, 0
997,161, 0
998,201, 0
999,254, 0
1000,294, 0
1001,297, 0
1002,287, 0
1003,226, 0
1004,163, 0
1005,128, 0
1006,101, 0
1007,103, 0
1008,130, 0
1009,155, 0
1010,183, 0
1011,190, 0
1012,191, 0
1013,183, 0
1014,182, 0
1015,177, 0
1016,173, 0
1017,165, 0
1018,149, 0
1019,130, 0
1020,115, 0
1021,129, 0
1022,124, 0
1023,147, 0
1024,166, 0
1025,145, 0
1026,183, 0
1027,180, 0
1028,165, 0
1029,156, 0
1030,152, 0
1031,120, 0
1032,83, 0
1033,44, 0
1034,14, 0
1035,18, 0
1036,35, 0
1037,51, 0
1038,83, 0
1039,101, 0
1040,105, 0
1041,105, 0
1042,86, 0
1043,70, 0
1044,43, 0
1045,40, 0
1046,60, 0
1047,104, 0
1048,170, 0
1049,217, 0
1050,264, 0
1051,304, 0
1052,331, 0
1053,317, 0
1054,274, 0
1055,205, 0
1056,148, 0
1057,110, 0
1058,92, 0
1059,85, 0
1060,110, 0
1061,125, 0
1062,121, 0
1063,94, 0
1064,47, 0
1065,6, 0
1066,0, 0
1067,2, 0
1068,0, 0
1069,0, 0
1070,1, 0
1071,26, 0
1072,61, 0
1073,76, 0
1074,89, 0
1075,103, 0
1076,115, 0
1077,148, 0
1078,169, 0
1079,179, 0
1080,182, 0
1081,183, 0
1082,189, 0
1083,163, 0
1084,148, 0
1085,107, 0
1086,57, 0
1087,27, 0
1088,25, 0
1089,30, 0
1090,89, 0
1091,144, 0
1092,166, 0
1093,175, 0
1094,183, 0
1095,177, 0
1096,193, 0
1097,196, 0
1098,197, 0
1099,183, 0
1100,164, 0
1101,145, 0
1102,123, 0
1103,120, 0
1104,116, 0
1105,95, 0
1106,92, 0
1107,102, 0
1108,111, 0
1109,109, 0
1110,106, 0
1111,102, 0
1112,93, 0
1113,100, 0
1114,87, 0
1115,77, 0
1116,61, 0
1117,46, 0
1118,58, 0
1119,83, 0
1120,102, 0
1121,130, 0
1122,135, 0
1123,108, 0
1124,92, 0
1125,76, 0
1126,71, 0
1127,74, 0
1128,83, 0
1129,119, 0
1130,173, 0
1131,202, 0
1132,227, 0
1133,243, 0
1134,258, 0
1135,300, 0
1136,330, 0
1137,341, 3
1138,363, 11
1139,380, 19
1140,376, 23
1141,365, 23
1142,345, 18
1143,309, 6
1144,258, 0
1145,195, 0
1146,109, 0
1147,45, 0
1148,25, 0
1149,25, 0
1150,35, 0
1151,57, 0
1152,89, 0
1153,107, 0
1154,127, 0
1155,155, 0
1156,151, 0
1157,127, 0
1158,103, 0
1159,102, 0
1160,116, 0
1161,136, 0
1162,127, 0
1163,118, 0
1164,120, 0
1165,127, 0
1166,120, 0
1167,136, 0
1168,152, 0
1169,174, 0
1170,170, 0
1171,159, 0
1172,153, 0
1173,139, 0
1174,121, 0
1175,106, 0
1176,86, 0
1177,51, 0
1178,60, 0
1179,63, 0
1180,97, 0
1181,126, 0
1182,153, 0
1183,168, 0
1184,216, 0
1185,235, 0
1186,217, 0
1187,164, 0
1188,121, 0
1189,70, 0
1190,29, 0
1191,4, 0
1192,1, 0
1193,0, 0
1194,13, 0
1195,61, 0
1196,110, 0
1197,140, 0
1198,155, 0
1199,158, 0
1200,141, 0
1201,111, 0
1202,94, 0
1203,87, 0
1204,72, 0
1205,59, 0
1206,55, 0
1207,43, 0
1208,45, 0
1209,56, 0
1210,68, 0
1211,73, 0
1212,91, 0
1213,104, 0
1214,108, 0
1215,106, 0
1216,133, 0
1217,139, 0
1218,153, 0
1219,154, 0
1220,144, 0
1221,119, 0
1222,87, 0
1223,27, 0
1224,0, 0
1225,22, 0
1226,19, 0
1227,1, 0
1228,26, 0
1229,79, 0
1230,131, 0
1231,173, 0
1232,213, 0
1233,236, 0
1234,217, 0
1235,188, 0
1236,138, 0
1237,76, 0
1238,19, 0
1239,10, 0
1240,32, 0
1241,107, 0
1242,204, 0
1243,300, 0
1244,337, 0
1245,351, 2
1246,351, 7
1247,333, 6
1248,326, 7
1249,305, 2
1250,285, 0
1251,289, 0
1252,294, 0
1253,293, 0
1254,290, 0
1255,278, 0
1256,257, 0
1257,247, 0
1258,228, 0
1259,212, 0
1260,190, 0
1261,164, 0
1262,140, 0
1263,102, 0
1264,70, 0
1265,35, 0
1266,12, 0
1267,5, 0
1268,0, 0
1269,0, 0
1270,0, 0
1271,0, 0
1272,0, 0
1273,0, 0
1274,0, 0
1275,4, 0
1276,35, 0
1277,70, 0
1278,96, 0
1279,115, 0
1280,115, 0
1281,116, 0
1282,133, 0
1283,140, 0
1284,147, 0
1285,164, 0
1286,189, 0
1287,214, 0
1288,213, 0
1289,201, 0
1290,164, 0
1291,133, 0
1292,107, 0
1293,104, 0
1294,133, 0
1295,158, 0
1296,190, 0
1297,193, 0
1298,165, 0
1299,108, 0
1300,94, 0
1301,89, 0
1302,62, 0
1303,40, 0
1304,40, 0
1305,24, 0
1306,27, 0
1307,31, 0
1308,61, 0
1309,106, 0
1310,157, 0
1311,205, 0
1312,236, 0
1313,227, 0
1314,185, 0
1315,164, 0
1316,147, 0
1317,144, 0
1318,171, 0
1319,142, 0
1320,158, 0
1321,175, 0
1322,198, 0
1323,206, 0
1324,210, 0
1325,202, 0
1326,187, 0
1327,167, 0
1328,127, 0
1329,74, 0
1330,43, 0
1331,22, 0
1332,13, 0
1333,8, 0
1334,19, 0
1335,23, 0
1336,34, 0
1337,72, 0
1338,99, 0
1339,117, 0
1340,125, 0
1341,145, 0
1342,159, 0
1343,185, 0
1344,188, 0
1345,180, 0
1346,161, 0
1347,125, 0
1348,95, 0
1349,54, 0
1350,9, 0
1351,0, 0
1352,0, 0
1353,0, 0
1354,25, 0
1355,71, 0
1356,108, 0
1357,115, 0
1358,135, 0
1359,132, 0
1360,109, 0
1361,108, 0
1362,103, 0
1363,109, 0
1364,150, 0
1365,170, 0
1366,177, 0
1367,158, 0
1368,125, 0
1369,108, 0
1370,119, 0
1371,150, 0
1372,179, 0
1373,211, 0
1374,222, 0
1375,224, 0
1376,241, 0
1377,243, 0
1378,251, 0
1379,232, 0
1380,206, 0
1381,200, 0
1382,208, 0
1383,206, 0
1384,214, 0
1385,200, 0
1386,165, 0
1387,127, 0
1388,79, 0
1389,61, 0
1390,7, 0
1391,0, 0
1392,0, 0
1393,0, 0
1394,19, 0
1395,76, 0
1396,108, 0
1397,119, 0
1398,120, 0
1399,115, 0
1400,106, 0
1401,122, 0
1402,112, 0
1403,103, 0
1404,102, 0
1405,101, 0
1406,103, 0
1407,105, 0
1408,100, 0
1409,92, 0
1410,91, 0
1411,86, 0
1412,83, 0
1413,77, 0
1414,63, 0
1415,50, 0
1416,48, 0
1417,51, 0
1418,74, 0
1419,124, 0
1420,182, 0
1421,226, 0
1422,258, 0
1423,263, 0
1424,236, 0
1425,234, 0
1426,212, 0
1427,204, 0
1428,224, 0
1429,232, 0
1430,227, 0
1431,220, 0
1432,223, 0
1433,223, 0
1434,234, 0
1435,249, 0
1436,256, 0
1437,240, 0
1438,210, 0
1439,183, 0
1440,185, 0
1441,169, 0
1442,164, 0
1443,163, 0
1444,174, 0
1445,183, 0
1446,186, 0
1447,187, 0
1448,161, 0
1449,145, 0
1450,127, 0
1451,69, 0
1452,12, 0
1453,0, 0
1454,0, 0
1455,3, 0
1456,4, 0
1457,9, 0
1458,20, 0
1459,11, 0
1460,0, 0
1461,20, 0
1462,70, 0
1463,108, 0
1464,133, 0
1465,181, 0
1466,210, 0
1467,222, 0
1468,196, 0
1469,163, 0
1470,125, 0
1471,108, 0
1472,95, 0
1473,88, 0
1474,76, 0
1475,64, 0
1476,55, 0
1477,41, 0
1478,42, 0
1479,48, 0
1480,52, 0
1481,25, 0
1482,15, 0
1483,50, 0
1484,147, 0
1485,212, 0
1486,312, 0
1487,379, 5
1488,431, 22
1489,445, 38
1490,411, 42
1491,330, 27
1492,226, 4
1493,141, 0
1494,90, 0
1495,69, 0
1496,90, 0
1497,108, 0
1498,111, 0
1499,94, 0
1500,78, 0
1501,71, 0
1502,68, 0
1503,64, 0
1504,93, 0
1505,159, 0
1506,244, 0
1507,324, 0
1508,361, 4
1509,364, 12
1510,326, 8
1511,273, 2
1512,203, 0
1513,145, 0
1514,113, 0
1515,95, 0
1516,97, 0
1517,149, 0
1518,181, 0
1519,195, 0
1520,210, 0
1521,244, 0
1522,298, 0
1523,347, 0
1524,384, 9
1525,352, 12
1526,282, 6
1527,188, 0
1528,90, 0
1529,15, 0
1530,3, 0
1531,22, 0
1532,25, 0
1533,12, 0
1534,0, 0
1535,11, 0
1536,44, 0
1537,56, 0
1538,31, 0
1539,0, 0
1540,0, 0
1541,0, 0
1542,0, 0
1543,3, 0
1544,0, 0
1545,0, 0
1546,38, 0
1547,115, 0
1548,170, 0
1549,164, 0
1550,134, 0
1551,99, 0
1552,97, 0
1553,119, 0
1554,157, 0
1555,196, 0
1556,230, 0
1557,252, 0
1558,233, 0
1559,172, 0
1560,79, 0
1561,18, 0
1562,0, 0
1563,6, 0
1564,0, 0
1565,4, 0
1566,39, 0
1567,81, 0
1568,127, 0
1569,159, 0
1570,187, 0
1571,219, 0
1572,253, 0
1573,254, 0
1574,234, 0
1575,188, 0
1576,155, 0
1577,148, 0
1578,148, 0
1579,120, 0
1580,87, 0
1581,70, 0
1582,91, 0
1583,121, 0
1584,164, 0
1585,197, 0
1586,215, 0
1587,205, 0
1588,197, 0
1589,176, 0
1590,166, 0
1591,164, 0
1592,176, 0
1593,196, 0
1594,236, 0
1595,281, 0
1596,286, 0
1597,275, 0
1598,255, 0
1599,252, 0
1600,258, 0
1601,244, 0
1602,201, 0
1603,117, 0
1604,55, 0
1605,38, 0
1606,51, 0
1607,52, 0
1608,80, 0
1609,109, 0
1610,111, 0
1611,103, 0
1612,102, 0
1613,132, 0
1614,165, 0
1615,197, 0
1616,227, 0
1617,220, 0
1618,213, 0
1619,180, 0
1620,154, 0
1621,131, 0
1622,126, 0
1623,133, 0
1624,163, 0
1625,192, 0
1626,223, 0
1627,235, 0
1628,227, 0
1629,215, 0
1630,207, 0
1631,199, 0
1632,193, 0
1633,157, 0
1634,119, 0
1635,47, 0
1636,3, 0
1637,0, 0
1638,13, 0
1639,23, 0
1640,43, 0
1641,63, 0
1642,75, 0
1643,68, 0
1644,65, 0
1645,58, 0
1646,52, 0
1647,13, 0
1648,0, 0
1649,4, 0
1650,19, 0
1651,38, 0
1652,65, 0
1653,83, 0
1654,79, 0
1655,95, 0
1656,132, 0
1657,235, 0
1658,323, 0
1659,361, 0
1660,365, 7
1661,317, 5
1662,257, 0
1663,215, 0
1664,160, 0
1665,106, 0
1666,67, 0
1667,42, 0
1668,38, 0
1669,58, 0
1670,87, 0
1671,119, 0
1672,164, 0
1673,189, 0
1674,195, 0
1675,170, 0
1676,150, 0
1677,139, 0
1678,155, 0
1679,184, 0
1680,214, 0
1681,249, 0
1682,238, 0
1683,256, 0
1684,258, 0
1685,262, 0
1686,251, 0
1687,246, 0
1688,242, 0
1689,204, 0
1690,168, 0
1691,112, 0
1692,70, 0
1693,40, 0
1694,29, 0
1695,7, 0
1696,0, 0
1697,6, 0
1698,29, 0
1699,30, 0
1700,8, 0
1701,0, 0
1702,22, 0
1703,51, 0
1704,60, 0
1705,58, 0
1706,62, 0
1707,63, 0
1708,51, 0
1709,57, 0
1710,85, 0
1711,107, 0
1712,130, 0
1713,121, 0
1714,117, 0
1715,92, 0
1716,54, 0
1717,17, 0
1718,0, 0
1719,12, 0
1720,6, 0
1721,20, 0
1722,20, 0
1723,31, 0
1724,12, 0
1725,0, 0
1726,32, 0
1727,85, 0
1728,113, 0
1729,112, 0
1730,126, 0
1731,137, 0
1732,164, 0
1733,199, 0
1734,220, 0
1735,241, 0
1736,294, 0
1737,391, 5
1738,494, 38
1739,556, 73
1740,585, 97
1741,570, 110
1742,527, 106
1743,476, 89
1744,430, 70
1745,385, 50
1746,344, 30
1747,287, 11
1748,210, 0
1749,124, 0
1750,88, 0
1751,65, 0
1752,76, 0
1753,75, 0
1754,61, 0
1755,28, 0
1756,2, 0
1757,0, 0
1758,0, 0
1759,0, 0
1760,5, 0
1761,30, 0
1762,56, 0
1763,59, 0
1764,72, 0
1765,96, 0
1766,128, 0
1767,153, 0
1768,164, 0
1769,160, 0
1770,166, 0
1771,147, 0
1772,152, 0
1773,155, 0
1774,163, 0
1775,147, 0
1776,139, 0
1777,144, 0
1778,143, 0
1779,172, 0
1780,197, 0
1781,207, 0
1782,217, 0
1783,234, 0
1784,237, 0
1785,222, 0
1786,186, 0
1787,151, 0
1788,126, 0
1789,123, 0
1790,138, 0
1791,175, 0
1792,227, 0
1793,232, 0
1794,206, 0
1795,174, 0
1796,145, 0
1797,138, 0
1798,165, 0
1799,190, 0
1800,277, 0
1801,342, 0
1802,383, 9
1803,417, 25
1804,395, 29
1805,361, 26
1806,337, 14
1807,318, 8
1808,282, 2
1809,242, 0
1810,214, 0
1811,204, 0
1812,191, 0
1813,197, 0
1814,160, 0
1815,128, 0
1816,84, 0
1817,39, 0
1818,6, 0
1819,0, 0
1820,0, 0
1821,0, 0
1822,0, 0
1823,0, 0
1824,0, 0
1825,0, 0
1826,11, 0
1827,30, 0
1828,23, 0
1829,13, 0
1830,1, 0
1831,9, 0
1832,0, 0
1833,0, 0
1834,0, 0
1835,0, 0
1836,2, 0
1837,0, 0
1838,10, 0
1839,22, 0
1840,22, 0
1841,29, 0
1842,2, 0
1843,19, 0
1844,0, 0
1845,0, 0
1846,0, 0
1847,0, 0
1848,0, 0
1849,20, 0
1850,89, 0
1851,139, 0
1852,190, 0
1853,223, 0
1854,238, 0
1855,228, 0
1856,202, 0
1857,145, 0
1858,104, 0
1859,105, 0
1860,113, 0
1861,139, 0
1862,127, 0
1863,86, 0
1864,56, 0
1865,44, 0
1866,58, 0
1867,71, 0
1868,77, 0
1869,72, 0
1870,80, 0
1871,97, 0
1872,131, 0
1873,152, 0
1874,187, 0
1875,214, 0
1876,223, 0
1877,196, 0
1878,127, 0
1879,73, 0
1880,45, 0
1881,40, 0
1882,64, 0
1883,92, 0
1884,103, 0
1885,128, 0
1886,164, 0
1887,176, 0
1888,166, 0
1889,133, 0
1890,94, 0
1891,86, 0
1892,102, 0
1893,125, 0
1894,147, 0
1895,180, 0
1896,207, 0
1897,226, 0
1898,247, 0
1899,230, 0
1900,196, 0
1901,168, 0
1902,151, 0
1903,177, 0
1904,191, 0
1905,170, 0
1906,141, 0
1907,109, 0
1908,85, 0
1909,85, 0
1910,105, 0
1911,133, 0
1912,160, 0
1913,192, 0
1914,221, 0
1915,215, 0
1916,212, 0
1917,188, 0
1918,168, 0
1919,159, 0
1920,172, 0
1921,177, 0
1922,183, 0
1923,189, 0
1924,197, 0
1925,179, 0
1926,179, 0
1927,158, 0
1928,125, 0
1929,118, 0
1930,102, 0
1931,104, 0
1932,121, 0
1933,121, 0
1934,111, 0
1935,77, 0
1936,43, 0
1937,30, 0
1938,35, 0
1939,56, 0
1940,80, 0
1941,106, 0
1942,87, 0
1943,70, 0
1944,57, 0
1945,40, 0
1946,32, 0
1947,54, 0
1948,74, 0
1949,112, 0
1950,138, 0
1951,143, 0
1952,168, 0
1953,180, 0
1954,183, 0
1955,168, 0
1956,160, 0
1957,151, 0
1958,132, 0
1959,108, 0
1960,92, 0
1961,92, 0
1962,112, 0
1963,139, 0
1964,152, 0
1965,159, 0
1966,174, 0
1967,213, 0
1968,261, 0
1969,278, 0
1970,289, 0
1971,291, 0
1972,282, 0
1973,270, 0
1974,240, 0
1975,240, 0
1976,206, 0
1977,202, 0
1978,161, 0
1979,127, 0
1980,85, 0
1981,67, 0
1982,55, 0
1983,65, 0
1984,83, 0
1985,81, 0
1986,76, 0
1987,62, 0
1988,37, 0
1989,38, 0
1990,67, 0
1991,123, 0
1992,177, 0
1993,203, 0
1994,192, 0
1995,170, 0
1996,151, 0
1997,101, 0
1998,83, 0
1999,70, 0
2000,32, 0
2001,30, 0
2002,41, 0
2003,69, 0
2004,102, 0
2005,128, 0
2006,104, 0
2007,74, 0
2008,70, 0
2009,73, 0
2010,92, 0
2011,116, 0
2012,127, 0
2013,105, 0
2014,117, 0
2015,141, 0
2016,153, 0
2017,213, 0
2018,222, 0
2019,240, 0
2020,255, 0
2021,200, 0
2022,132, 0
2023,44, 0
2024,1, 0
2025,2, 0
2026,0, 0
2027,2, 0
2028,8, 0
2029,15, 0
2030,8, 0
2031,4, 0
2032,31, 0
2033,77, 0
2034,133, 0
2035,196, 0
2036,226, 0
2037,240, 0
2038,242, 0
2039,238, 0
2040,226, 0
2041,230, 0
2042,228, 0
2043,212, 0
2044,207, 0
2045,176, 0
2046,152, 0
2047,128, 0
2048,115, 0
2049,101, 0
2050,95, 0
2051,111, 0
2052,129, 0
2053,134, 0
2054,133, 0
2055,104, 0
2056,83, 0
2057,85, 0
2058,61, 0
2059,46, 0
2060,38, 0
2061,41, 0
2062,60, 0
2063,84, 0
2064,100, 0
2065,102, 0
2066,50, 0
2067,3, 0
2068,14, 0
2069,30, 0
2070,12, 0
2071,12, 0
2072,84, 0
2073,153, 0
2074,196, 0
2075,214, 0
2076,191, 0
2077,160, 0
2078,126, 0
2079,59, 0
2080,37, 0
2081,70, 0
2082,123, 0
2083,193, 0
2084,226, 0
2085,226, 0
2086,186, 0
2087,180, 0
2088,171, 0
2089,182, 0
2090,202, 0
2091,205, 0
2092,202, 0
2093,218, 0
2094,229, 0
2095,238, 0
2096,276, 0
2097,277, 0
2098,261, 0
2099,237, 0
2100,205, 0
2101,165, 0
2102,134, 0
2103,104, 0
2104,70, 0
2105,29, 0
2106,12, 0
2107,6, 0
2108,12, 0
2109,42, 0
2110,94, 0
2111,172, 0
2112,235, 0
2113,282, 0
2114,330, 0
2115,361, 6
2116,356, 13
2117,339, 12
2118,297, 5
2119,245, 0
2120,204, 0
2121,158, 0
2122,125, 0
2123,111, 0
2124,134, 0
2125,151, 0
2126,170, 0
2127,192, 0
2128,170, 0
2129,139, 0
2130,91, 0
2131,37, 0
2132,15, 0
2133,10, 0
2134,42, 0
2135,81, 0
2136,133, 0
2137,166, 0
2138,177, 0
2139,202, 0
2140,183, 0
2141,160, 0
2142,138, 0
2143,121, 0
2144,123, 0
2145,126, 0
2146,121, 0
2147,133, 0
2148,167, 0
2149,196, 0
2150,204, 0
2151,187, 0
2152,147, 0
2153,110, 0
2154,95, 0
2155,85, 0
2156,109, 0
2157,129, 0
2158,169, 0
2159,208, 0
2160,254, 0
2161,274, 0
2162,265, 0
2163,234, 0
2164,198, 0
2165,164, 0
2166,145, 0
2167,113, 0
2168,73, 0
2169,36, 0
2170,14, 0
2171,0, 0
2172,0, 0
2173,0, 0
2174,1, 0
2175,25, 0
2176,53, 0
2177,105, 0
2178,176, 0
2179,244, 0
2180,284, 0
2181,289, 0
2182,245, 0
2183,179, 0
2184,133, 0
2185,95, 0
2186,58, 0
2187,41, 0
2188,18, 0
2189,0, 0
2190,0, 0
2191,0, 0
2192,0, 0
2193,0, 0
2194,17, 0
2195,19, 0
2196,21, 0
2197,35, 0
2198,48, 0
2199,65, 0
2200,89, 0
2201,102, 0
2202,121, 0
2203,138, 0
2204,141, 0
2205,127, 0
2206,112, 0
2207,105, 0
2208,115, 0
2209,137, 0
2210,170, 0
2211,183, 0
2212,174, 0
2213,159, 0
2214,152, 0
2215,167, 0
2216,181, 0
2217,176, 0
2218,175, 0
2219,149, 0
2220,112, 0
2221,83, 0
2222,68, 0
2223,57, 0
2224,80, 0
2225,102, 0
2226,130, 0
2227,156, 0
2228,184, 0
2229,195, 0
2230,210, 0
2231,206, 0
2232,193, 0
2233,173, 0
2234,152, 0
2235,143, 0
2236,145, 0
2237,165, 0
2238,193, 0
2239,234, 0
2240,240, 0
2241,224, 0
2242,207, 0
2243,130, 0
2244,110, 0
2245,76, 0
2246,37, 0
2247,9, 0
2248,15, 0
2249,24, 0
2250,37, 0
2251,71, 0
2252,91, 0
2253,96, 0
2254,78, 0
2255,60, 0
2256,50, 0
2257,46, 0
2258,76, 0
2259,94, 0
2260,130, 0
2261,173, 0
2262,204, 0
2263,226, 0
2264,234, 0
2265,218, 0
2266,205, 0
2267,203, 0
2268,190, 0
2269,193, 0
2270,196, 0
2271,197, 0
2272,198, 0
2273,180, 0
2274,143, 0
2275,102, 0
2276,91, 0
2277,79, 0
2278,84, 0
2279,127, 0
2280,139, 0
2281,147, 0
2282,175, 0
2283,166, 0
2284,183, 0
2285,208, 0
2286,214, 0
2287,218, 0
2288,206, 0
2289,183, 0
2290,153, 0
2291,138, 0
2292,120, 0
2293,103, 0
2294,92, 0
2295,71, 0
2296,73, 0
2297,69, 0
2298,74, 0
2299,78, 0
2300,95, 0
2301,90, 0
2302,78, 0
2303,42, 0
2304,8, 0
2305,4, 0
2306,28, 0
2307,69, 0
2308,111, 0
2309,150, 0
2310,179, 0
2311,183, 0
2312,169, 0
2313,170, 0
2314,156, 0
2315,138, 0
2316,147, 0
2317,141, 0
2318,142, 0
2319,161, 0
2320,170, 0
2321,175, 0
2322,164, 0
2323,139, 0
2324,115, 0
2325,101, 0
2326,88, 0
2327,100, 0
2328,128, 0
2329,151, 0
2330,177, 0
2331,177, 0
2332,208, 0
2333,223, 0
2334,213, 0
2335,179, 0
2336,157, 0
2337,144, 0
2338,140, 0
2339,152, 0
2340,173, 0
2341,177, 0
2342,183, 0
2343,165, 0
2344,152, 0
2345,121, 0
2346,83, 0
2347,59, 0
2348,54, 0
2349,56, 0
2350,65, 0
2351,62, 0
2352,67, 0
2353,71, 0
2354,65, 0
2355,65, 0
2356,59, 0
2357,26, 0
2358,11, 0
2359,0, 0
2360,0, 0
2361,0, 0
2362,0, 0
2363,8, 0
2364,19, 0
2365,31, 0
2366,35, 0
2367,60, 0
2368,117, 0
2369,156, 0
2370,196, 0
2371,211, 0
2372,189, 0
2373,177, 0
2374,131, 0
2375,86, 0
2376,62, 0
2377,42, 0
2378,51, 0
2379,69, 0
2380,107, 0
2381,118, 0
2382,127, 0
2383,106, 0
2384,80, 0
2385,63, 0
2386,81, 0
2387,115, 0
2388,174, 0
2389,221, 0
2390,270, 0
2391,315, 0
2392,308, 0
2393,313, 0
2394,283, 0
2395,219, 0
2396,161, 0
2397,131, 0
2398,120, 0
2399,108, 0
2400,108, 0
2401,121, 0
2402,133, 0
2403,147, 0
2404,184, 0
2405,193, 0
2406,196, 0
2407,193, 0
2408,192, 0
2409,199, 0
2410,199, 0
2411,199, 0
2412,172, 0
2413,160, 0
2414,112, 0
2415,62, 0
2416,15, 0
2417,0, 0
2418,0, 0
2419,0, 0
2420,12, 0
2421,70, 0
2422,140, 0
2423,197, 0
2424,240, 0
2425,224, 0
2426,192, 0
2427,165, 0
2428,144, 0
2429,135, 0
2430,108, 0
2431,111, 0
2432,92, 0
2433,64, 0
2434,58, 0
2435,72, 0
2436,86, 0
2437,103, 0
2438,124, 0
2439,137, 0
2440,150, 0
2441,155, 0
2442,158, 0
2443,176, 0
2444,159, 0
2445,172, 0
2446,172, 0
2447,170, 0
2448,158, 0
2449,168, 0
2450,170, 0
2451,169, 0
2452,167, 0
2453,140, 0
2454,130, 0
2455,129, 0
2456,118, 0
2457,121, 0
2458,154, 0
2459,148, 0
2460,165, 0
2461,187, 0
2462,223, 0
2463,204, 0
2464,185, 0
2465,165, 0
2466,139, 0
2467,131, 0
2468,134, 0
2469,139, 0
2470,147, 0
2471,145, 0
2472,170, 0
2473,175, 0
2474,189, 0
2475,186, 0
2476,175, 0
2477,164, 0
2478,135, 0
2479,115, 0
2480,111, 0
2481,115, 0
2482,112, 0
2483,100, 0
2484,86, 0
2485,71, 0
2486,54, 0
2487,26, 0
2488,19, 0
2489,26, 0
2490,43, 0
2491,52, 0
2492,71, 0
2493,76, 0
2494,71, 0
2495,92, 0
2496,95, 0
2497,95, 0
2498,95, 0
2499,84, 0
2500,54, 0
2501,41, 0
2502,19, 0
2503,19, 0
2504,32, 0
2505,50, 0
2506,71, 0
2507,96, 0
2508,127, 0
2509,150, 0
2510,184, 0
2511,201, 0
2512,212, 0
2513,186, 0
2514,185, 0
2515,184, 0
2516,207, 0
2517,202, 0
2518,195, 0
2519,219, 0
2520,240, 0
2521,269, 0
2522,300, 0
2523,311, 0
2524,300, 0
2525,271, 0
2526,226, 0
2527,181, 0
2528,136, 0
2529,119, 0
2530,108, 0
2531,104, 0
2532,102, 0
2533,121, 0
2534,124, 0
2535,126, 0
2536,129, 0
2537,122, 0
2538,102, 0
2539,85, 0
2540,95, 0
2541,92, 0
2542,93, 0
2543,74, 0
2544,43, 0
2545,20, 0
2546,19, 0
2547,30, 0
2548,56, 0
2549,90, 0
2550,121, 0
2551,143, 0
2552,173, 0
2553,203, 0
2554,216, 0
2555,213, 0
2556,203, 0
2557,179, 0
2558,167, 0
2559,157, 0
2560,135, 0
2561,121, 0
2562,105, 0
2563,83, 0
2564,59, 0
2565,37, 0
2566,6, 0
2567,2, 0
2568,22, 0
2569,39, 0
2570,64, 0
2571,89, 0
2572,110, 0
2573,122, 0
2574,138, 0
2575,147, 0
2576,164, 0
2577,174, 0
2578,159, 0
2579,135, 0
2580,113, 0
2581,108, 0
2582,109, 0
2583,127, 0
2584,147, 0
2585,159, 0
2586,171, 0
2587,174, 0
2588,182, 0
2589,189, 0
2590,207, 0
2591,214, 0
2592,216, 0
2593,212, 0
2594,188, 0
2595,160, 0
2596,134, 0
2597,118, 0
2598,125, 0
2599,109, 0
2600,122, 0
2601,125, 0
2602,129, 0
2603,138, 0
2604,130, 0
2605,102, 0
2606,71, 0
2607,53, 0
2608,57, 0
2609,53, 0
2610,47, 0
2611,51, 0
2612,57, 0
2613,76, 0
2614,102, 0
2615,108, 0
2616,91, 0
2617,105, 0
2618,116, 0
2619,128, 0
2620,132, 0
2621,132, 0
2622,130, 0
2623,121, 0
2624,109, 0
2625,92, 0
2626,95, 0
2627,102, 0
2628,105, 0
2629,107, 0
2630,136, 0
2631,133, 0
2632,133, 0
2633,132, 0
2634,137, 0
2635,142, 0
2636,159, 0
2637,186, 0
2638,197, 0
2639,144, 0
2640,127, 0
2641,132, 0
2642,150, 0
2643,165, 0
2644,201, 0
2645,215, 0
2646,220, 0
2647,207, 0
2648,216, 0
2649,217, 0
2650,218, 0
2651,223, 0
2652,232, 0
2653,246, 0
2654,256, 0
2655,253, 0
2656,242, 0
2657,226, 0
2658,190, 0
2659,145, 0
2660,101, 0
2661,58, 0
2662,38, 0
2663,25, 0
2664,39, 0
2665,55, 0
2666,83, 0
2667,112, 0
2668,119, 0
2669,118, 0
2670,68, 0
2671,18, 0
2672,0, 0
2673,0, 0
2674,6, 0
2675,31, 0
2676,37, 0
2677,41, 0
2678,53, 0
2679,73, 0
2680,94, 0
2681,102, 0
2682,86, 0
2683,70, 0
2684,43, 0
2685,15, 0
2686,4, 0
2687,6, 0
2688,50, 0
2689,83, 0
2690,139, 0
2691,183, 0
2692,205, 0
2693,226, 0
2694,234, 0
2695,243, 0
2696,257, 0
2697,247, 0
2698,263, 0
2699,245, 0
2700,232, 0
2701,195, 0
2702,182, 0
2703,180, 0
2704,188, 0
2705,201, 0
2706,219, 0
2707,222, 0
2708,223, 0
2709,219, 0
2710,202, 0
2711,199, 0
2712,176, 0
2713,193, 0
2714,187, 0
2715,179, 0
2716,170, 0
2717,166, 0
2718,171, 0
2719,165, 0
2720,174, 0
2721,147, 0
2722,127, 0
2723,129, 0
2724,115, 0
2725,121, 0
2726,123, 0
2727,113, 0
2728,113, 0
2729,107, 0
2730,83, 0
2731,47, 0
2732,26, 0
2733,21, 0
2734,22, 0
2735,35, 0
2736,45, 0
2737,68, 0
2738,44, 0
2739,51, 0
2740,53, 0
2741,59, 0
2742,63, 0
2743,65, 0
2744,64, 0
2745,86, 0
2746,92, 0
2747,100, 0
2748,92, 0
2749,92, 0
2750,106, 0
2751,107, 0
2752,111, 0
2753,124, 0
2754,133, 0
2755,143, 0
2756,156, 0
2757,168, 0
2758,177, 0
2759,179, 0
2760,166, 0
2761,139, 0
2762,125, 0
2763,127, 0
2764,125, 0
2765,142, 0
2766,165, 0
2767,196, 0
2768,218, 0
2769,219, 0
2770,217, 0
2771,202, 0
2772,172, 0
2773,168, 0
2774,150, 0
2775,151, 0
2776,160, 0
2777,177, 0
2778,183, 0
2779,183, 0
2780,179, 0
2781,166, 0
2782,154, 0
2783,161, 0
2784,134, 0
2785,108, 0
2786,102, 0
2787,86, 0
2788,76, 0
2789,75, 0
2790,70, 0
2791,60, 0
2792,31, 0
2793,21, 0
2794,25, 0
2795,38, 0
2796,71, 0
2797,84, 0
2798,103, 0
2799,99, 0
2800,102, 0
2801,104, 0
2802,103, 0
2803,104, 0
2804,109, 0
2805,117, 0
2806,115, 0
2807,120, 0
2808,122, 0
2809,123, 0
2810,129, 0
2811,122, 0
2812,153, 0
2813,145, 0
2814,152, 0
2815,148, 0
2816,155, 0
2817,159, 0
2818,152, 0
2819,160, 0
2820,172, 0
2821,164, 0
2822,149, 0
2823,141, 0
2824,141, 0
2825,158, 0
2826,166, 0
2827,185, 0
2828,190, 0
2829,196, 0
2830,183, 0
2831,183, 0
2832,175, 0
2833,170, 0
2834,161, 0
2835,164, 0
2836,159, 0
2837,154, 0
2838,148, 0
2839,143, 0
2840,139, 0
2841,133, 0
2842,132, 0
2843,129, 0
2844,134, 0
2845,120, 0
2846,120, 0
2847,121, 0
2848,109, 0
2849,105, 0
2850,108, 0
2851,101, 0
2852,89, 0
2853,50, 0
2854,26, 0
2855,25, 0
2856,31, 0
2857,60, 0
2858,89, 0
2859,96, 0
2860,111, 0
2861,119, 0
2862,120, 0
2863,127, 0
2864,113, 0
2865,120, 0
2866,123, 0
2867,130, 0
2868,149, 0
2869,164, 0
2870,167, 0
2871,169, 0
2872,155, 0
2873,158, 0
2874,158, 0
2875,144, 0
2876,126, 0
2877,127, 0
2878,119, 0
2879,121, 0
2880,138, 0
2881,152, 0
2882,151, 0
2883,138, 0
2884,127, 0
2885,124, 0
2886,125, 0
2887,133, 0
2888,152, 0
2889,164, 0
2890,191, 0
2891,189, 0
2892,183, 0
2893,169, 0
2894,153, 0
2895,154, 0
2896,159, 0
2897,155, 0
2898,151, 0
2899,152, 0
2900,145, 0
2901,134, 0
2902,137, 0
2903,121, 0
2904,122, 0
2905,118, 0
2906,121, 0
2907,115, 0
2908,121, 0
2909,109, 0
2910,107, 0
2911,102, 0
2912,76, 0
2913,62, 0
2914,38, 0
2915,22, 0
2916,18, 0
2917,28, 0
2918,59, 0
2919,84, 0
2920,92, 0
2921,101, 0
2922,103, 0
2923,109, 0
2924,95, 0
2925,83, 0
2926,77, 0
2927,78, 0
2928,93, 0
2929,108, 0
2930,122, 0
2931,135, 0
2932,141, 0
2933,152, 0
2934,179, 0
2935,161, 0
2936,158, 0
2937,151, 0
2938,152, 0
2939,150, 0
2940,148, 0
2941,154, 0
2942,160, 0
2943,135, 0
2944,117, 0
2945,105, 0
2946,103, 0
2947,127, 0
2948,157, 0
2949,191, 0
2950,216, 0
2951,222, 0
2952,211, 0
2953,201, 0
2954,182, 0
2955,159, 0
2956,153, 0
2957,143, 0
2958,137, 0
2959,134, 0
2960,143, 0
2961,152, 0
2962,169, 0
2963,186, 0
2964,175, 0
2965,183, 0
2966,181, 0
2967,160, 0
2968,153, 0
2969,139, 0
2970,123, 0
2971,127, 0
2972,111, 0
2973,109, 0
2974,80, 0
2975,63, 0
2976,56, 0
2977,51, 0
2978,71, 0
2979,85, 0
2980,97, 0
2981,97, 0
2982,91, 0
2983,86, 0
2984,80, 0
2985,76, 0
2986,76, 0
2987,81, 0
2988,89, 0
2989,115, 0
2990,132, 0
2991,151, 0
2992,157, 0
2993,164, 0
2994,154, 0
2995,152, 0
2996,143, 0
2997,140, 0
2998,139, 0
2999,133, 0
3000,144, 0
3001,148, 0
3002,157, 0
3003,159, 0
3004,135, 0
3005,126, 0
3006,104, 0
3007,94, 0
3008,106, 0
3009,123, 0
3010,145, 0
3011,177, 0
3012,192, 0
3013,202, 0
3014,214, 0
3015,202, 0
3016,192, 0
3017,196, 0
3018,211, 0
3019,183, 0
3020,172, 0
3021,158, 0
3022,155, 0
3023,150, 0
3024,149, 0
3025,139, 0
3026,149, 0
3027,139, 0
3028,126, 0
3029,108, 0
3030,116, 0
3031,102, 0
3032,96, 0
3033,89, 0
3034,71, 0
3035,39, 0
3036,23, 0
3037,31, 0
3038,32, 0
3039,52, 0
3040,92, 0
3041,112, 0
3042,113, 0
3043,105, 0
3044,95, 0
3045,89, 0
3046,83, 0
3047,72, 0
3048,84, 0
3049,86, 0
3050,99, 0
3051,104, 0
3052,124, 0
3053,139, 0
3054,153, 0
3055,164, 0
3056,172, 0
3057,189, 0
3058,192, 0
3059,205, 0
3060,170, 0
3061,167, 0
3062,159, 0
3063,163, 0
3064,176, 0
3065,152, 0
3066,144, 0
3067,133, 0
3068,110, 0
3069,115, 0
3070,111, 0
3071,126, 0
3072,132, 0
3073,139, 0
3074,141, 0
3075,147, 0
3076,145, 0
3077,144, 0
3078,157, 0
3079,179, 0
3080,166, 0
3081,154, 0
3082,164, 0
3083,156, 0
3084,151, 0
3085,143, 0
3086,130, 0
3087,120, 0
3088,136, 0
3089,129, 0
3090,125, 0
3091,128, 0
3092,119, 0
3093,107, 0
3094,107, 0
3095,88, 0
3096,68, 0
3097,51, 0
3098,56, 0
3099,51, 0
3100,72, 0
3101,95, 0
3102,106, 0
3103,108, 0
3104,108, 0
3105,107, 0
3106,104, 0
3107,96, 0
3108,95, 0
3109,93, 0
3110,95, 0
3111,93, 0
3112,99, 0
3113,102, 0
3114,102, 0
3115,113, 0
3116,122, 0
3117,128, 0
3118,152, 0
3119,157, 0
3120,159, 0
3121,166, 0
3122,160, 0
3123,155, 0
3124,165, 0
3125,174, 0
3126,158, 0
3127,120, 0
3128,115, 0
3129,111, 0
3130,102, 0
3131,139, 0
3132,158, 0
3133,180, 0
3134,176, 0
3135,185, 0
3136,182, 0
3137,189, 0
3138,196, 0
3139,187, 0
3140,179, 0
3141,172, 0
3142,165, 0
3143,158, 0
3144,150, 0
3145,157, 0
3146,149, 0
3147,136, 0
3148,135, 0
3149,132, 0
3150,121, 0
3151,112, 0
3152,102, 0
3153,95, 0
3154,103, 0
3155,99, 0
3156,92, 0
3157,76, 0
3158,63, 0
3159,56, 0
3160,61, 0
3161,85, 0
3162,100, 0
3163,119, 0
3164,115, 0
3165,115, 0
3166,110, 0
3167,104, 0
3168,104, 0
3169,89, 0
3170,107, 0
3171,97, 0
3172,95, 0
3173,92, 0
3174,85, 0
3175,89, 0
3176,91, 0
3177,90, 0
3178,105, 0
3179,120, 0
3180,133, 0
3181,137, 0
3182,143, 0
3183,142, 0
3184,152, 0
3185,165, 0
3186,160, 0
3187,132, 0
3188,127, 0
3189,117, 0
3190,120, 0
3191,144, 0
3192,164, 0
3193,191, 0
3194,210, 0
3195,218, 0
3196,216, 0
3197,217, 0
3198,206, 0
3199,195, 0
3200,195, 0
3201,183, 0
3202,168, 0
3203,161, 0
3204,157, 0
3205,152, 0
3206,155, 0
3207,150, 0
3208,139, 0
3209,148, 0
3210,143, 0
3211,142, 0
3212,127, 0
3213,116, 0
3214,95, 0
3215,93, 0
3216,89, 0
3217,72, 0
3218,53, 0
3219,32, 0
3220,29, 0
3221,52, 0
3222,75, 0
3223,103, 0
3224,121, 0
3225,121, 0
3226,124, 0
3227,127, 0
3228,128, 0
3229,145, 0
3230,133, 0
3231,131, 0
3232,138, 0
3233,127, 0
3234,127, 0
3235,138, 0
3236,130, 0
3237,132, 0
3238,130, 0
3239,127, 0
3240,139, 0
3241,139, 0
3242,145, 0
3243,149, 0
3244,153, 0
3245,152, 0
3246,155, 0
3247,150, 0
3248,126, 0
3249,105, 0
3250,99, 0
3251,94, 0
3252,97, 0
3253,130, 0
3254,137, 0
3255,169, 0
3256,173, 0
3257,171, 0
3258,177, 0
3259,170, 0
3260,160, 0
3261,159, 0
3262,157, 0
3263,155, 0
3264,164, 0
3265,148, 0
3266,150, 0
3267,154, 0
3268,151, 0
3269,155, 0
3270,157, 0
3271,150, 0
3272,149, 0
3273,133, 0
3274,138, 0
3275,132, 0
3276,126, 0
3277,113, 0
3278,89, 0
3279,58, 0
3280,44, 0
3281,38, 0
3282,36, 0
3283,54, 0
3284,85, 0
3285,95, 0
3286,95, 0
3287,89, 0
3288,93, 0
3289,95, 0
3290,96, 0
3291,102, 0
3292,102, 0
3293,108, 0
3294,116, 0
3295,115, 0
3296,118, 0
3297,119, 0
3298,121, 0
3299,124, 0
3300,119, 0
3301,128, 0
3302,128, 0
3303,124, 0
3304,141, 0
3305,139, 0
3306,137, 0
3307,142, 0
3308,133, 0
3309,120, 0
3310,102, 0
3311,110, 0
3312,115, 0
3313,125, 0
3314,169, 0
3315,173, 0
3316,180, 0
3317,183, 0
3318,190, 0
3319,191, 0
3320,185, 0
3321,179, 0
3322,166, 0
3323,172, 0
3324,166, 0
3325,161, 0
3326,159, 0
3327,164, 0
3328,161, 0
3329,157, 0
3330,153, 0
3331,148, 0
3332,144, 0
3333,141, 0
3334,152, 0
3335,134, 0
3336,132, 0
3337,126, 0
3338,119, 0
3339,99, 0
3340,71, 0
3341,51, 0
3342,47, 0
3343,51, 0
3344,71, 0
3345,89, 0
3346,94, 0
3347,96, 0
3348,96, 0
3349,103, 0
3350,101, 0
3351,105, 0
3352,97, 0
3353,102, 0
3354,95, 0
3355,117, 0
3356,104, 0
3357,100, 0
3358,128, 0
3359,117, 0
3360,110, 0
3361,131, 0
3362,131, 0
3363,133, 0
3364,133, 0
3365,139, 0
3366,143, 0
3367,152, 0
3368,158, 0
3369,149, 0
3370,126, 0
3371,105, 0
3372,101, 0
3373,105, 0
3374,121, 0
3375,157, 0
3376,172, 0
3377,182, 0
3378,183, 0
3379,188, 0
3380,181, 0
3381,175, 0
3382,174, 0
3383,179, 0
3384,170, 0
3385,170, 0
3386,165, 0
3387,161, 0
3388,164, 0
3389,158, 0
3390,158, 0
3391,155, 0
3392,130, 0
3393,139, 0
3394,139, 0
3395,150, 0
3396,137, 0
3397,131, 0
3398,121, 0
3399,115, 0
3400,92, 0
3401,65, 0
3402,52, 0
3403,57, 0
3404,64, 0
3405,87, 0
3406,108, 0
3407,116, 0
3408,108, 0
3409,108, 0
3410,107, 0
3411,110, 0
3412,100, 0
3413,105, 0
3414,96, 0
3415,103, 0
3416,107, 0
3417,115, 0
3418,115, 0
3419,131, 0
3420,118, 0
3421,124, 0
3422,128, 0
3423,133, 0
3424,137, 0
3425,133, 0
3426,143, 0
3427,148, 0
3428,148, 0
3429,141, 0
3430,149, 0
3431,134, 0
3432,109, 0
3433,115, 0
3434,112, 0
3435,127, 0
3436,144, 0
3437,177, 0
3438,185, 0
3439,197, 0
3440,200, 0
3441,183, 0
3442,183, 0
3443,183, 0
3444,176, 0
3445,173, 0
3446,176, 0
3447,185, 0
3448,164, 0
3449,167, 0
3450,166, 0
3451,167, 0
3452,156, 0
3453,141, 0
3454,154, 0
3455,141, 0
3456,142, 0
3457,139, 0
3458,119, 0
3459,129, 0
3460,120, 0
3461,101, 0
3462,75, 0
3463,61, 0
3464,57, 0
3465,69, 0
3466,89, 0
3467,108, 0
3468,112, 0
3469,103, 0
3470,108, 0
3471,108, 0
3472,104, 0
3473,110, 0
3474,103, 0
3475,103, 0
3476,107, 0
3477,108, 0
3478,121, 0
3479,115, 0
3480,130, 0
3481,115, 0
3482,121, 0
3483,117, 0
3484,122, 0
3485,126, 0
3486,118, 0
3487,127, 0
3488,130, 0
3489,138, 0
3490,138, 0
3491,136, 0
3492,113, 0
3493,97, 0
3494,93, 0
3495,106, 0
3496,118, 0
3497,139, 0
3498,156, 0
3499,167, 0
3500,181, 0
3501,180, 0
3502,183, 0
3503,170, 0
3504,166, 0
3505,165, 0
3506,168, 0
3507,170, 0
3508,154, 0
3509,164, 0
3510,161, 0
3511,152, 0
3512,155, 0
3513,157, 0
3514,152, 0
3515,152, 0
3516,153, 0
3517,152, 0
3518,151, 0
3519,145, 0
3520,130, 0
3521,132, 0
3522,108, 0
3523,81, 0
3524,64, 0
3525,75, 0
3526,64, 0
3527,91, 0
3528,124, 0
3529,122, 0
3530,121, 0
3531,124, 0
3532,122, 0
3533,117, 0
3534,106, 0
3535,111, 0
3536,95, 0
3537,78, 0
3538,97, 0
3539,102, 0
3540,106, 0
3541,111, 0
3542,99, 0
3543,101, 0
3544,97, 0
3545,107, 0
3546,120, 0
3547,124, 0
3548,129, 0
3549,128, 0
3550,131, 0
3551,133, 0
3552,128, 0
3553,107, 0
3554,95, 0
3555,89, 0
3556,102, 0
3557,116, 0
3558,148, 0
3559,159, 0
3560,173, 0
3561,180, 0
3562,184, 0
3563,179, 0
3564,176, 0
3565,177, 0
3566,171, 0
3567,175, 0
3568,181, 0
3569,183, 0
3570,180, 0
3571,172, 0
3572,174, 0
3573,175, 0
3574,168, 0
3575,164, 0
3576,165, 0
3577,165, 0
3578,159, 0
3579,144, 0
3580,150, 0
3581,149, 0
3582,137, 0
3583,111, 0
3584,93, 0
3585,78, 0
3586,76, 0
3587,80, 0
3588,101, 0
3589,127, 0
3590,109, 0
3591,128, 0
3592,113, 0
3593,108, 0
3594,115, 0
3595,110, 0
3596,102, 0
3597,106, 0
3598,103, 0
3599,100, 0
3600,103, 0
3601,109, 0
3602,103, 0
3603,104, 0
3604,106, 0
3605,106, 0
3606,110, 0
3607,112, 0
3608,113, 0
3609,120, 0
3610,122, 0
3611,115, 0
3612,124, 0
3613,113, 0
3614,101, 0
3615,89, 0
3616,88, 0
3617,96, 0
3618,111, 0
3619,140, 0
3620,156, 0
3621,164, 0
3622,174, 0
3623,176, 0
3624,173, 0
3625,174, 0
3626,179, 0
3627,177, 0
3628,182, 0
3629,183, 0
3630,170, 0
3631,174, 0
3632,176, 0
3633,176, 0
3634,169, 0
3635,168, 0
3636,170, 0
3637,173, 0
3638,171, 0
3639,159, 0
3640,175, 0
3641,159, 0
3642,153, 0
3643,151, 0
3644,124, 0
3645,101, 0
3646,85, 0
3647,86, 0
3648,89, 0
3649,112, 0
3650,127, 0
3651,126, 0
3652,119, 0
3653,118, 0
3654,115, 0
3655,112, 0
3656,107, 0
3657,102, 0
3658,104, 0
3659,108, 0
3660,95, 0
3661,100, 0
3662,109, 0
3663,90, 0
3664,96, 0
3665,96, 0
3666,101, 0
3667,105, 0
3668,107, 0
3669,101, 0
3670,113, 0
3671,121, 0
3672,125, 0
3673,129, 0
3674,116, 0
3675,91, 0
3676,83, 0
3677,86, 0
3678,95, 0
3679,115, 0
3680,143, 0
3681,145, 0
3682,165, 0
3683,166, 0
3684,170, 0
3685,161, 0
3686,172, 0
3687,173, 0
3688,164, 0
3689,172, 0
3690,166, 0
3691,168, 0
3692,176, 0
3693,177, 0
3694,179, 0
3695,177, 0
3696,170, 0
3697,163, 0
3698,159, 0
3699,163, 0
3700,156, 0
3701,161, 0
3702,154, 0
3703,149, 0
3704,140, 0
3705,121, 0
3706,96, 0
3707,85, 0
3708,87, 0
3709,88, 0
3710,113, 0
3711,121, 0
3712,121, 0
3713,116, 0
3714,113, 0
3715,107, 0
3716,108, 0
3717,104, 0
3718,113, 0
3719,95, 0
3720,99, 0
3721,95, 0
3722,101, 0
3723,97, 0
3724,94, 0
3725,94, 0
3726,99, 0
3727,97, 0
3728,103, 0
3729,106, 0
3730,111, 0
3731,111, 0
3732,109, 0
3733,117, 0
3734,128, 0
3735,112, 0
3736,92, 0
3737,85, 0
3738,76, 0
3739,92, 0
3740,117, 0
3741,142, 0
3742,157, 0
3743,180, 0
3744,173, 0
3745,176, 0
3746,173, 0
3747,172, 0
3748,168, 0
3749,170, 0
3750,169, 0
3751,164, 0
3752,164, 0
3753,167, 0
3754,164, 0
3755,163, 0
3756,166, 0
3757,157, 0
3758,159, 0
3759,164, 0
3760,173, 0
3761,156, 0
3762,152, 0
3763,147, 0
3764,147, 0
3765,133, 0
3766,108, 0
3767,85, 0
3768,70, 0
3769,72, 0
3770,89, 0
3771,109, 0
3772,108, 0
3773,132, 0
3774,109, 0
3775,121, 0
3776,94, 0
3777,100, 0
3778,105, 0
3779,99, 0
3780,95, 0
3781,99, 0
3782,100, 0
3783,103, 0
3784,102, 0
3785,108, 0
3786,110, 0
3787,108, 0
3788,106, 0
3789,109, 0
3790,108, 0
3791,106, 0
3792,115, 0
3793,118, 0
3794,117, 0
3795,125, 0
3796,108, 0
3797,89, 0
3798,85, 0
3799,84, 0
3800,101, 0
3801,123, 0
3802,147, 0
3803,159, 0
3804,170, 0
3805,175, 0
3806,171, 0
3807,172, 0
3808,172, 0
3809,169, 0
3810,175, 0
3811,176, 0
3812,172, 0
3813,176, 0
3814,169, 0
3815,170, 0
3816,164, 0
3817,160, 0
3818,155, 0
3819,158, 0
3820,160, 0
3821,144, 0
3822,153, 0
3823,153, 0
3824,147, 0
3825,140, 0
3826,133, 0
3827,100, 0
3828,76, 0
3829,72, 0
3830,76, 0
3831,81, 0
3832,116, 0
3833,127, 0
3834,124, 0
3835,127, 0
3836,121, 0
3837,123, 0
3838,140, 0
3839,110, 0
3840,104, 0
3841,105, 0
3842,101, 0
3843,103, 0
3844,103, 0
3845,102, 0
3846,92, 0
3847,96, 0
3848,100, 0
3849,102, 0
3850,108, 0
3851,112, 0
3852,121, 0
3853,124, 0
3854,132, 0
3855,129, 0
3856,136, 0
3857,118, 0
3858,93, 0
3859,85, 0
3860,95, 0
3861,91, 0
3862,121, 0
3863,157, 0
3864,172, 0
3865,176, 0
3866,183, 0
3867,164, 0
3868,179, 0
3869,177, 0
3870,170, 0
3871,159, 0
3872,172, 0
3873,159, 0
3874,160, 0
3875,168, 0
3876,172, 0
3877,168, 0
3878,160, 0
3879,159, 0
3880,159, 0
3881,158, 0
3882,159, 0
3883,152, 0
3884,154, 0
3885,149, 0
3886,142, 0
3887,128, 0
3888,102, 0
3889,73, 0
3890,65, 0
3891,63, 0
3892,75, 0
3893,95, 0
3894,102, 0
3895,94, 0
3896,117, 0
3897,95, 0
3898,96, 0
3899,99, 0
3900,96, 0
3901,120, 0
3902,103, 0
3903,102, 0
3904,102, 0
3905,102, 0
3906,96, 0
3907,91, 0
3908,101, 0
3909,95, 0
3910,101, 0
3911,115, 0
3912,105, 0
3913,113, 0
3914,118, 0
3915,111, 0
3916,133, 0
3917,122, 0
3918,96, 0
3919,92, 0
3920,65, 0
3921,80, 0
3922,92, 0
3923,115, 0
3924,138, 0
3925,155, 0
3926,172, 0
3927,179, 0
3928,183, 0
3929,190, 0
3930,192, 0
3931,199, 0
3932,200, 0
3933,204, 0
3934,192, 0
3935,189, 0
3936,183, 0
3937,172, 0
3938,181, 0
3939,182, 0
3940,170, 0
3941,173, 0
3942,172, 0
3943,165, 0
3944,160, 0
3945,159, 0
3946,138, 0
3947,139, 0
3948,125, 0
3949,93, 0
3950,75, 0
3951,72, 0
3952,77, 0
3953,83, 0
3954,105, 0
3955,112, 0
3956,102, 0
3957,105, 0
3958,101, 0
3959,101, 0
3960,101, 0
3961,101, 0
3962,106, 0
3963,107, 0
3964,109, 0
3965,110, 0
3966,109, 0
3967,112, 0
3968,95, 0
3969,95, 0
3970,93, 0
3971,89, 0
3972,97, 0
3973,102, 0
3974,100, 0
3975,115, 0
3976,103, 0
3977,126, 0
3978,129, 0
3979,109, 0
3980,88, 0
3981,67, 0
3982,73, 0
3983,79, 0
3984,101, 0
3985,130, 0
3986,137, 0
3987,160, 0
3988,170, 0
3989,176, 0
3990,170, 0
3991,181, 0
3992,187, 0
3993,196, 0
3994,202, 0
3995,199, 0
3996,200, 0
3997,199, 0
3998,196, 0
3999,196, 0
4000,185, 0
4001,176, 0
4002,179, 0
4003,172, 0
4004,170, 0
4005,160, 0
4006,163, 0
4007,148, 0
4008,137, 0
4009,132, 0
4010,100, 0
4011,108, 0
4012,77, 0
4013,81, 0
4014,84, 0
4015,108, 0
4016,106, 0
4017,103, 0
4018,102, 0
4019,96, 0
4020,97, 0
4021,103, 0
4022,106, 0
4023,107, 0
4024,110, 0
4025,99, 0
4026,90, 0
4027,100, 0
4028,95, 0
4029,94, 0
4030,101, 0
4031,103, 0
4032,123, 0
4033,118, 0
4034,113, 0
4035,113, 0
4036,113, 0
4037,102, 0
4038,136, 0
4039,117, 0
4040,123, 0
4041,83, 0
4042,69, 0
4043,77, 0
4044,93, 0
4045,121, 0
4046,145, 0
4047,160, 0
4048,169, 0
4049,165, 0
4050,164, 0
4051,171, 0
4052,170, 0
4053,164, 0
4054,176, 0
4055,170, 0
4056,165, 0
4057,170, 0
4058,164, 0
4059,170, 0
4060,175, 0
4061,170, 0
4062,160, 0
4063,167, 0
4064,164, 0
4065,164, 0
4066,167, 0
4067,159, 0
4068,161, 0
4069,152, 0
4070,132, 0
4071,103, 0
4072,89, 0
4073,85, 0
4074,83, 0
4075,99, 0
4076,121, 0
4077,137, 0
4078,131, 0
4079,119, 0
4080,102, 0
4081,111, 0
4082,108, 0
4083,100, 0
4084,122, 0
4085,109, 0
4086,96, 0
4087,96, 0
4088,90, 0
4089,91, 0
4090,90, 0
4091,91, 0
4092,91, 0
4093,119, 0
4094,101, 0
4095,102, 0
4096,108, 0
4097,106, 0
4098,105, 0
4099,121, 0
4100,111, 0
4101,91, 0
4102,77, 0
4103,81, 0
4104,84, 0
4105,101, 0
4106,126, 0
4107,152, 0
4108,167, 0
4109,170, 0
4110,175, 0
4111,170, 0
4112,177, 0
4113,167, 0
4114,169, 0
4115,160, 0
4116,170, 0
4117,189, 0
4118,183, 0
4119,184, 0
4120,185, 0
4121,184, 0
4122,181, 0
4123,180, 0
4124,183, 0
4125,180, 0
4126,177, 0
4127,176, 0
4128,174, 0
4129,165, 0
4130,158, 0
4131,131, 0
4132,111, 0
4133,93, 0
4134,92, 0
4135,95, 0
4136,110, 0
4137,137, 0
4138,139, 0
4139,132, 0
4140,127, 0
4141,121, 0
4142,133, 0
4143,102, 0
4144,107, 0
4145,100, 0
4146,106, 0
4147,99, 0
4148,100, 0
4149,89, 0
4150,93, 0
4151,83, 0
4152,92, 0
4153,89, 0
4154,115, 0
4155,92, 0
4156,111, 0
4157,102, 0
4158,99, 0
4159,104, 0
4160,106, 0
4161,107, 0
4162,87, 0
4163,93, 0
4164,67, 0
4165,77, 0
4166,92, 0
4167,119, 0
4168,148, 0
4169,151, 0
4170,163, 0
4171,158, 0
4172,166, 0
4173,165, 0
4174,158, 0
4175,171, 0
4176,179, 0
4177,176, 0
4178,183, 0
4179,177, 0
4180,181, 0
4181,185, 0
4182,186, 0
4183,180, 0
4184,179, 0
4185,180, 0
4186,183, 0
4187,176, 0
4188,176, 0
4189,181, 0
4190,173, 0
4191,170, 0
4192,132, 0
4193,127, 0
4194,95, 0
4195,99, 0
4196,104, 0
4197,116, 0
4198,145, 0
4199,133, 0
4200,129, 0
4201,119, 0
4202,116, 0
4203,107, 0
4204,108, 0
4205,100, 0
4206,92, 0
4207,93, 0
4208,88, 0
4209,89, 0
4210,83, 0
4211,85, 0
4212,86, 0
4213,79, 0
4214,79, 0
4215,81, 0
4216,78, 0
4217,85, 0
4218,86, 0
4219,90, 0
4220,95, 0
4221,96, 0
4222,92, 0
4223,77, 0
4224,54, 0
4225,60, 0
4226,64, 0
4227,80, 0
4228,110, 0
4229,134, 0
4230,145, 0
4231,154, 0
4232,152, 0
4233,158, 0
4234,159, 0
4235,163, 0
4236,169, 0
4237,171, 0
4238,173, 0
4239,176, 0
4240,174, 0
4241,177, 0
4242,185, 0
4243,181, 0
4244,180, 0
4245,182, 0
4246,183, 0
4247,183, 0
4248,183, 0
4249,183, 0
4250,182, 0
4251,168, 0
4252,161, 0
4253,147, 0
4254,119, 0
4255,101, 0
4256,97, 0
4257,103, 0
4258,120, 0
4259,139, 0
4260,137, 0
4261,133, 0
4262,129, 0
4263,122, 0
4264,120, 0
4265,111, 0
4266,108, 0
4267,102, 0
4268,97, 0
4269,93, 0
4270,92, 0
4271,74, 0
4272,74, 0
4273,78, 0
4274,86, 0
4275,83, 0
4276,100, 0
4277,93, 0
4278,89, 0
4279,94, 0
4280,95, 0
4281,97, 0
4282,105, 0
4283,102, 0
4284,76, 0
4285,63, 0
4286,63, 0
4287,78, 0
4288,92, 0
4289,121, 0
4290,139, 0
4291,154, 0
4292,163, 0
4293,163, 0
4294,163, 0
4295,165, 0
4296,159, 0
4297,161, 0
4298,168, 0
4299,166, 0
4300,164, 0
4301,175, 0
4302,171, 0
4303,154, 0
4304,166, 0
4305,174, 0
4306,174, 0
4307,175, 0
4308,172, 0
4309,175, 0
4310,173, 0
4311,171, 0
4312,170, 0
4313,160, 0
4314,144, 0
4315,116, 0
4316,97, 0
4317,89, 0
4318,92, 0
4319,113, 0
4320,145, 0
4321,129, 0
4322,123, 0
4323,121, 0
4324,123, 0
4325,121, 0
4326,115, 0
4327,108, 0
4328,105, 0
4329,105, 0
4330,99, 0
4331,95, 0
4332,92, 0
4333,80, 0
4334,89, 0
4335,92, 0
4336,91, 0
4337,96, 0
4338,95, 0
4339,95, 0
4340,102, 0
4341,105, 0
4342,108, 0
4343,119, 0
4344,110, 0
4345,87, 0
4346,79, 0
4347,76, 0
4348,83, 0
4349,95, 0
4350,131, 0
4351,148, 0
4352,161, 0
4353,170, 0
4354,184, 0
4355,170, 0
4356,167, 0
4357,168, 0
4358,170, 0
4359,170, 0
4360,179, 0
4361,175, 0
4362,176, 0
4363,176, 0
4364,183, 0
4365,166, 0
4366,171, 0
4367,168, 0
4368,173, 0
4369,174, 0
4370,181, 0
4371,169, 0
4372,173, 0
4373,157, 0
4374,150, 0
4375,131, 0
4376,97, 0
4377,85, 0
4378,83, 0
4379,83, 0
4380,109, 0
4381,125, 0
4382,117, 0
4383,109, 0
4384,117, 0
4385,110, 0
4386,92, 0
4387,97, 0
4388,100, 0
4389,96, 0
4390,96, 0
4391,99, 0
4392,94, 0
4393,95, 0
4394,80, 0
4395,92, 0
4396,96, 0
4397,95, 0
4398,97, 0
4399,104, 0
4400,104, 0
4401,115, 0
4402,111, 0
4403,120, 0
4404,121, 0
4405,115, 0
4406,83, 0
4407,76, 0
4408,79, 0
4409,94, 0
4410,110, 0
4411,121, 0
4412,148, 0
4413,169, 0
4414,170, 0
4415,183, 0
4416,176, 0
4417,168, 0
4418,168, 0
4419,174, 0
4420,174, 0
4421,167, 0
4422,179, 0
4423,176, 0
4424,181, 0
4425,177, 0
4426,183, 0
4427,167, 0
4428,165, 0
4429,165, 0
4430,164, 0
4431,164, 0
4432,157, 0
4433,152, 0
4434,150, 0
4435,141, 0
4436,117, 0
4437,93, 0
4438,91, 0
4439,83, 0
4440,86, 0
4441,108, 0
4442,133, 0
4443,123, 0
4444,115, 0
4445,115, 0
4446,113, 0
4447,96, 0
4448,115, 0
4449,99, 0
4450,131, 0
4451,99, 0
4452,113, 0
4453,112, 0
4454,115, 0
4455,115, 0
4456,115, 0
4457,112, 0
4458,111, 0
4459,101, 0
4460,115, 0
4461,113, 0
4462,125, 0
4463,120, 0
4464,128, 0
4465,129, 0
4466,119, 0
4467,89, 0
4468,86, 0
4469,86, 0
4470,93, 0
4471,111, 0
4472,139, 0
4473,160, 0
4474,169, 0
4475,169, 0
4476,177, 0
4477,172, 0
4478,172, 0
4479,174, 0
4480,180, 0
4481,175, 0
4482,175, 0
4483,173, 0
4484,172, 0
4485,184, 0
4486,158, 0
4487,155, 0
4488,164, 0
4489,159, 0
4490,161, 0
4491,160, 0
4492,160, 0
4493,170, 0
4494,161, 0
4495,142, 0
4496,138, 0
4497,109, 0
4498,94, 0
4499,77, 0
4500,81, 0
4501,94, 0
4502,106, 0
4503,126, 0
4504,116, 0
4505,109, 0
4506,115, 0
4507,112, 0
4508,109, 0
4509,108, 0
4510,107, 0
4511,102, 0
4512,102, 0
4513,122, 0
4514,107, 0
4515,102, 0
4516,103, 0
4517,103, 0
4518,105, 0
4519,105, 0
4520,106, 0
4521,106, 0
4522,119, 0
4523,111, 0
4524,121, 0
4525,121, 0
4526,128, 0
4527,118, 0
4528,89, 0
4529,87, 0
4530,92, 0
4531,94, 0
4532,117, 0
4533,151, 0
4534,160, 0
4535,171, 0
4536,176, 0
4537,180, 0
4538,179, 0
4539,172, 0
4540,172, 0
4541,183, 0
4542,180, 0
4543,182, 0
4544,189, 0
4545,175, 0
4546,185, 0
4547,174, 0
4548,170, 0
4549,166, 0
4550,170, 0
4551,171, 0
4552,163, 0
4553,165, 0
4554,159, 0
4555,159, 0
4556,145, 0
4557,129, 0
4558,109, 0
4559,89, 0
4560,76, 0
4561,75, 0
4562,85, 0
4563,100, 0
4564,122, 0
4565,115, 0
4566,115, 0
4567,116, 0
4568,122, 0
4569,105, 0
4570,107, 0
4571,99, 0
4572,95, 0
4573,100, 0
4574,108, 0
4575,97, 0
4576,97, 0
4577,97, 0
4578,95, 0
4579,110, 0
4580,103, 0
4581,102, 0
4582,111, 0
4583,113, 0
4584,118, 0
4585,123, 0
4586,127, 0
4587,124, 0
4588,118, 0
4589,88, 0
4590,86, 0
4591,83, 0
4592,101, 0
4593,108, 0
4594,144, 0
4595,163, 0
4596,170, 0
4597,171, 0
4598,170, 0
4599,176, 0
4600,172, 0
4601,173, 0
4602,189, 0
4603,173, 0
4604,177, 0
4605,168, 0
4606,175, 0
4607,170, 0
4608,166, 0
4609,170, 0
4610,161, 0
4611,158, 0
4612,165, 0
4613,160, 0
4614,164, 0
4615,156, 0
4616,157, 0
4617,152, 0
4618,138, 0
4619,108, 0
4620,89, 0
4621,80, 0
4622,83, 0
4623,89, 0
4624,135, 0
4625,127, 0
4626,123, 0
4627,113, 0
4628,118, 0
4629,122, 0
4630,119, 0
4631,108, 0
4632,105, 0
4633,96, 0
4634,106, 0
4635,100, 0
4636,102, 0
4637,103, 0
4638,104, 0
4639,92, 0
4640,104, 0
4641,102, 0
4642,92, 0
4643,109, 0
4644,109, 0
4645,109, 0
4646,112, 0
4647,121, 0
4648,124, 0
4649,102, 0
4650,86, 0
4651,70, 0
4652,86, 0
4653,87, 0
4654,124, 0
4655,127, 0
4656,161, 0
4657,159, 0
4658,172, 0
4659,171, 0
4660,167, 0
4661,172, 0
4662,171, 0
4663,173, 0
4664,176, 0
4665,170, 0
4666,160, 0
4667,176, 0
4668,172, 0
4669,158, 0
4670,170, 0
4671,163, 0
4672,163, 0
4673,168, 0
4674,166, 0
4675,160, 0
4676,160, 0
4677,139, 0
4678,152, 0
4679,139, 0
4680,106, 0
4681,95, 0
4682,76, 0
4683,78, 0
4684,94, 0
4685,108, 0
4686,126, 0
4687,115, 0
4688,103, 0
4689,116, 0
4690,95, 0
4691,101, 0
4692,97, 0
4693,95, 0
4694,91, 0
4695,95, 0
4696,109, 0
4697,101, 0
4698,95, 0
4699,95, 0
4700,95, 0
4701,99, 0
4702,104, 0
4703,102, 0
4704,102, 0
4705,106, 0
4706,105, 0
4707,112, 0
4708,112, 0
4709,115, 0
4710,97, 0
4711,80, 0
4712,76, 0
4713,87, 0
4714,95, 0
4715,121, 0
4716,152, 0
4717,161, 0
4718,176, 0
4719,174, 0
4720,170, 0
4721,167, 0
4722,169, 0
4723,161, 0
4724,171, 0
4725,171, 0
4726,172, 0
4727,183, 0
4728,169, 0
4729,168, 0
4730,170, 0
4731,167, 0
4732,166, 0
4733,163, 0
4734,169, 0
4735,164, 0
4736,147, 0
4737,156, 0
4738,144, 0
4739,145, 0
4740,133, 0
4741,105, 0
4742,83, 0
4743,70, 0
4744,77, 0
4745,92, 0
4746,115, 0
4747,119, 0
4748,112, 0
4749,112, 0
4750,111, 0
4751,99, 0
4752,103, 0
4753,103, 0
4754,100, 0
4755,126, 0
4756,104, 0
4757,101, 0
4758,93, 0
4759,108, 0
4760,110, 0
4761,109, 0
4762,109, 0
4763,111, 0
4764,103, 0
4765,110, 0
4766,111, 0
4767,121, 0
4768,124, 0
4769,125, 0
4770,120, 0
4771,109, 0
4772,86, 0
4773,81, 0
4774,92, 0
4775,92, 0
4776,121, 0
4777,134, 0
4778,161, 0
4779,165, 0
4780,173, 0
4781,170, 0
4782,168, 0
4783,172, 0
4784,180, 0
4785,192, 0
4786,199, 0
4787,196, 0
4788,191, 0
4789,176, 0
4790,171, 0
4791,154, 0
4792,161, 0
4793,154, 0
4794,154, 0
4795,159, 0
4796,164, 0
4797,157, 0
4798,152, 0
4799,159, 0
4800,139, 0
4801,125, 0
4802,94, 0
4803,75, 0
4804,69, 0
4805,62, 0
4806,83, 0
4807,124, 0
4808,110, 0
4809,115, 0
4810,107, 0
4811,108, 0
4812,106, 0
4813,103, 0
4814,102, 0
4815,100, 0
4816,97, 0
4817,101, 0
4818,99, 0
4819,97, 0
4820,102, 0
4821,96, 0
4822,108, 0
4823,105, 0
4824,105, 0
4825,108, 0
4826,121, 0
4827,115, 0
4828,124, 0
4829,128, 0
4830,130, 0
4831,132, 0
4832,113, 0
4833,100, 0
4834,88, 0
4835,99, 0
4836,103, 0
4837,135, 0
4838,157, 0
4839,172, 0
4840,182, 0
4841,184, 0
4842,182, 0
4843,179, 0
4844,182, 0
4845,185, 0
4846,182, 0
4847,174, 0
4848,168, 0
4849,183, 0
4850,161, 0
4851,170, 0
4852,167, 0
4853,164, 0
4854,159, 0
4855,159, 0
4856,161, 0
4857,159, 0
4858,153, 0
4859,170, 0
4860,144, 0
4861,139, 0
4862,127, 0
4863,88, 0
4864,59, 0
4865,70, 0
4866,80, 0
4867,86, 0
4868,104, 0
4869,115, 0
4870,112, 0
4871,109, 0
4872,104, 0
4873,103, 0
4874,101, 0
4875,102, 0
4876,102, 0
4877,103, 0
4878,108, 0
4879,113, 0
4880,112, 0
4881,120, 0
4882,118, 0
4883,117, 0
4884,118, 0
4885,115, 0
4886,123, 0
4887,127, 0
4888,145, 0
4889,133, 0
4890,135, 0
4891,139, 0
4892,128, 0
4893,121, 0
4894,95, 0
4895,99, 0
4896,111, 0
4897,115, 0
4898,144, 0
4899,166, 0
4900,175, 0
4901,182, 0
4902,182, 0
4903,182, 0
4904,176, 0
4905,179, 0
4906,172, 0
4907,176, 0
4908,176, 0
4909,169, 0
4910,156, 0
4911,169, 0
4912,163, 0
4913,169, 0
4914,164, 0
4915,158, 0
4916,153, 0
4917,158, 0
4918,152, 0
4919,145, 0
4920,145, 0
4921,135, 0
4922,144, 0
4923,117, 0
4924,75, 0
4925,63, 0
4926,63, 0
4927,76, 0
4928,95, 0
4929,106, 0
4930,115, 0
4931,105, 0
4932,94, 0
4933,106, 0
4934,106, 0
4935,106, 0
4936,102, 0
4937,99, 0
4938,102, 0
4939,104, 0
4940,95, 0
4941,95, 0
4942,104, 0
4943,103, 0
4944,106, 0
4945,116, 0
4946,113, 0
4947,122, 0
4948,126, 0
4949,123, 0
4950,136, 0
4951,133, 0
4952,130, 0
4953,136, 0
4954,115, 0
4955,93, 0
4956,96, 0
4957,103, 0
4958,115, 0
4959,139, 0
4960,160, 0
4961,173, 0
4962,183, 0
4963,183, 0
4964,176, 0
4965,177, 0
4966,182, 0
4967,172, 0
4968,177, 0
4969,177, 0
4970,159, 0
4971,167, 0
4972,176, 0
4973,154, 0
4974,158, 0
4975,161, 0
4976,166, 0
4977,157, 0
4978,155, 0
4979,154, 0
4980,144, 0
4981,136, 0
4982,137, 0
4983,130, 0
4984,108, 0
4985,83, 0
4986,68, 0
4987,70, 0
4988,58, 0
4989,76, 0
4990,105, 0
4991,111, 0
4992,102, 0
4993,105, 0
4994,103, 0
4995,102, 0
4996,106, 0
4997,100, 0
4998,96, 0
4999,99, 0
5000,101, 0
5001,99, 0
5002,96, 0
5003,105, 0
5004,95, 0
5005,106, 0
5006,108, 0
5007,107, 0
5008,112, 0
5009,125, 0
5010,142, 0
5011,128, 0
5012,139, 0
5013,133, 0
5014,127, 0
5015,108, 0
5016,94, 0
5017,94, 0
5018,107, 0
5019,103, 0
5020,138, 0
5021,145, 0
5022,170, 0
5023,177, 0
5024,170, 0
5025,176, 0
5026,175, 0
5027,170, 0
5028,177, 0
5029,171, 0
5030,176, 0
5031,150, 0
5032,168, 0
5033,167, 0
5034,153, 0
5035,170, 0
5036,164, 0
5037,159, 0
5038,159, 0
5039,157, 0
5040,156, 0
5041,148, 0
5042,143, 0
5043,139, 0
5044,133, 0
5045,120, 0
5046,86, 0
5047,74, 0
5048,69, 0
5049,68, 0
5050,86, 0
5051,110, 0
5052,111, 0
5053,108, 0
5054,111, 0
5055,103, 0
5056,107, 0
5057,106, 0
5058,102, 0
5059,89, 0
5060,100, 0
5061,106, 0
5062,115, 0
5063,107, 0
5064,104, 0
5065,102, 0
5066,89, 0
5067,110, 0
5068,111, 0
5069,117, 0
5070,130, 0
5071,121, 0
5072,145, 0
5073,138, 0
5074,139, 0
5075,128, 0
5076,112, 0
5077,89, 0
5078,92, 0
5079,108, 0
5080,116, 0
5081,147, 0
5082,165, 0
5083,170, 0
5084,170, 0
5085,184, 0
5086,180, 0
5087,176, 0
5088,176, 0
5089,176, 0
5090,177, 0
5091,176, 0
5092,171, 0
5093,174, 0
5094,172, 0
5095,169, 0
5096,167, 0
5097,152, 0
5098,155, 0
5099,155, 0
5100,158, 0
5101,145, 0
5102,147, 0
5103,145, 0
5104,137, 0
5105,128, 0
5106,119, 0
5107,77, 0
5108,64, 0
5109,75, 0
5110,70, 0
5111,89, 0
5112,106, 0
5113,105, 0
5114,102, 0
5115,101, 0
5116,102, 0
5117,106, 0
5118,102, 0
5119,102, 0
5120,97, 0
5121,101, 0
5122,104, 0
5123,103, 0
5124,110, 0
5125,99, 0
5126,102, 0
5127,107, 0
5128,112, 0
5129,121, 0
5130,120, 0
5131,127, 0
5132,124, 0
5133,127, 0
5134,132, 0
5135,133, 0
5136,133, 0
5137,108, 0
5138,85, 0
5139,92, 0
5140,122, 0
5141,117, 0
5142,150, 0
5143,168, 0
5144,165, 0
5145,192, 0
5146,168, 0
5147,174, 0
5148,172, 0
5149,168, 0
5150,171, 0
5151,175, 0
5152,175, 0
5153,175, 0
5154,183, 0
5155,179, 0
5156,176, 0
5157,171, 0
5158,164, 0
5159,155, 0
5160,159, 0
5161,152, 0
5162,150, 0
5163,147, 0
5164,142, 0
5165,136, 0
5166,127, 0
5167,105, 0
5168,83, 0
5169,55, 0
5170,70, 0
5171,70, 0
5172,89, 0
5173,111, 0
5174,108, 0
5175,106, 0
5176,110, 0
5177,101, 0
5178,101, 0
5179,105, 0
5180,101, 0
5181,103, 0
5182,103, 0
5183,104, 0
5184,111, 0
5185,126, 0
5186,109, 0
5187,109, 0
5188,110, 0
5189,113, 0
5190,116, 0
5191,121, 0
5192,118, 0
5193,117, 0
5194,125, 0
5195,131, 0
5196,128, 0
5197,127, 0
5198,97, 0
5199,84, 0
5200,94, 0
5201,109, 0
5202,124, 0
5203,155, 0
5204,173, 0
5205,182, 0
5206,174, 0
5207,189, 0
5208,175, 0
5209,179, 0
5210,175, 0
5211,169, 0
5212,172, 0
5213,170, 0
5214,165, 0
5215,166, 0
5216,170, 0
5217,159, 0
5218,164, 0
5219,152, 0
5220,150, 0
5221,149, 0
5222,154, 0
5223,144, 0
5224,140, 0
5225,135, 0
5226,133, 0
5227,133, 0
5228,107, 0
5229,81, 0
5230,72, 0
5231,72, 0
5232,74, 0
5233,89, 0
5234,110, 0
5235,108, 0
5236,107, 0
5237,111, 0
5238,111, 0
5239,117, 0
5240,110, 0
5241,96, 0
5242,122, 0
5243,108, 0
5244,110, 0
5245,113, 0
5246,131, 0
5247,110, 0
5248,102, 0
5249,116, 0
5250,111, 0
5251,115, 0
5252,121, 0
5253,125, 0
5254,120, 0
5255,127, 0
5256,128, 0
5257,132, 0
5258,123, 0
5259,100, 0
5260,89, 0
5261,100, 0
5262,100, 0
5263,120, 0
5264,148, 0
5265,170, 0
5266,176, 0
5267,182, 0
5268,185, 0
5269,189, 0
5270,199, 0
5271,195, 0
5272,191, 0
5273,186, 0
5274,175, 0
5275,159, 0
5276,152, 0
5277,149, 0
5278,147, 0
5279,147, 0
5280,143, 0
5281,148, 0
5282,154, 0
5283,155, 0
5284,148, 0
5285,138, 0
5286,138, 0
5287,135, 0
5288,133, 0
5289,102, 0
5290,81, 0
5291,63, 0
5292,61, 0
5293,70, 0
5294,90, 0
5295,106, 0
5296,109, 0
5297,108, 0
5298,108, 0
5299,112, 0
5300,113, 0
5301,102, 0
5302,97, 0
5303,99, 0
5304,106, 0
5305,126, 0
5306,101, 0
5307,103, 0
5308,102, 0
5309,100, 0
5310,97, 0
5311,107, 0
5312,110, 0
5313,119, 0
5314,123, 0
5315,129, 0
5316,122, 0
5317,133, 0
5318,137, 0
5319,127, 0
5320,99, 0
5321,93, 0
5322,95, 0
5323,104, 0
5324,122, 0
5325,134, 0
5326,167, 0
5327,172, 0
5328,189, 0
5329,175, 0
5330,180, 0
5331,183, 0
5332,176, 0
5333,176, 0
5334,183, 0
5335,180, 0
5336,183, 0
5337,173, 0
5338,172, 0
5339,170, 0
5340,168, 0
5341,164, 0
5342,158, 0
5343,145, 0
5344,142, 0
5345,147, 0
5346,139, 0
5347,137, 0
5348,134, 0
5349,120, 0
5350,106, 0
5351,75, 0
5352,73, 0
5353,74, 0
5354,88, 0
5355,103, 0
5356,112, 0
5357,109, 0
5358,102, 0
5359,108, 0
5360,102, 0
5361,99, 0
5362,104, 0
5363,97, 0
5364,97, 0
5365,107, 0
5366,104, 0
5367,127, 0
5368,110, 0
5369,111, 0
5370,110, 0
5371,113, 0
5372,115, 0
5373,118, 0
5374,119, 0
5375,117, 0
5376,118, 0
5377,126, 0
5378,127, 0
5379,137, 0
5380,121, 0
5381,100, 0
5382,87, 0
5383,89, 0
5384,102, 0
5385,122, 0
5386,151, 0
5387,164, 0
5388,173, 0
5389,181, 0
5390,186, 0
5391,170, 0
5392,180, 0
5393,188, 0
5394,184, 0
5395,184, 0
5396,189, 0
5397,183, 0
5398,181, 0
5399,181, 0
5400,180, 0
5401,168, 0
5402,166, 0
5403,158, 0
5404,155, 0
5405,155, 0
5406,152, 0
5407,145, 0
5408,141, 0
5409,136, 0
5410,119, 0
5411,79, 0
5412,71, 0
5413,57, 0
5414,54, 0
5415,64, 0
5416,92, 0
5417,102, 0
5418,96, 0
5419,92, 0
5420,87, 0
5421,92, 0
5422,89, 0
5423,81, 0
5424,83, 0
5425,89, 0
5426,79, 0
5427,87, 0
5428,89, 0
5429,100, 0
5430,100, 0
5431,89, 0
5432,92, 0
5433,95, 0
5434,102, 0
5435,111, 0
5436,108, 0
5437,106, 0
5438,131, 0
5439,123, 0
5440,133, 0
5441,115, 0
5442,96, 0
5443,91, 0
5444,95, 0
5445,109, 0
5446,132, 0
5447,158, 0
5448,179, 0
5449,189, 0
5450,192, 0
5451,196, 0
5452,195, 0
5453,183, 0
5454,197, 0
5455,197, 0
5456,202, 0
5457,191, 0
5458,192, 0
5459,190, 0
5460,185, 0
5461,183, 0
5462,173, 0
5463,167, 0
5464,164, 0
5465,156, 0
5466,158, 0
5467,149, 0
5468,147, 0
5469,138, 0
5470,139, 0
5471,125, 0
5472,101, 0
5473,75, 0
5474,64, 0
5475,65, 0
5476,76, 0
5477,95, 0
5478,111, 0
5479,108, 0
5480,117, 0
5481,102, 0
5482,102, 0
5483,86, 0
5484,90, 0
5485,89, 0
5486,92, 0
5487,95, 0
5488,100, 0
5489,95, 0
5490,92, 0
5491,101, 0
5492,102, 0
5493,101, 0
5494,110, 0
5495,117, 0
5496,120, 0
5497,125, 0
5498,139, 0
5499,133, 0
5500,137, 0
5501,137, 0
5502,129, 0
5503,128, 0
5504,128, 0
5505,145, 0
5506,142, 0
5507,158, 0
5508,171, 0
5509,181, 0
5510,190, 0
5511,184, 0
5512,197, 0
5513,189, 0
5514,188, 0
5515,193, 0
5516,198, 0
5517,197, 0
5518,189, 0
5519,192, 0
5520,180, 0
5521,182, 0
5522,176, 0
5523,169, 0
5524,166, 0
5525,160, 0
5526,157, 0
5527,159, 0
5528,152, 0
5529,145, 0
5530,141, 0
5531,129, 0
5532,121, 0
5533,106, 0
5534,86, 0
5535,70, 0
5536,71, 0
5537,72, 0
5538,76, 0
5539,88, 0
5540,88, 0
5541,93, 0
5542,78, 0
5543,69, 0
5544,80, 0
5545,73, 0
5546,78, 0
5547,83, 0
5548,88, 0
5549,90, 0
5550,91, 0
5551,106, 0
5552,105, 0
5553,105, 0
5554,110, 0
5555,120, 0
5556,126, 0
5557,123, 0
5558,129, 0
5559,134, 0
5560,138, 0
5561,151, 0
5562,139, 0
5563,129, 0
5564,115, 0
5565,103, 0
5566,93, 0
5567,116, 0
5568,141, 0
5569,166, 0
5570,185, 0
5571,190, 0
5572,190, 0
5573,206, 0
5574,188, 0
5575,181, 0
5576,180, 0
5577,174, 0
5578,170, 0
5579,171, 0
5580,170, 0
5581,158, 0
5582,163, 0
5583,161, 0
5584,150, 0
5585,145, 0
5586,138, 0
5587,136, 0
5588,140, 0
5589,133, 0
5590,143, 0
5591,126, 0
5592,115, 0
5593,96, 0
5594,70, 0
5595,51, 0
5596,43, 0
5597,52, 0
5598,69, 0
5599,91, 0
5600,108, 0
5601,112, 0
5602,93, 0
5603,108, 0
5604,122, 0
5605,106, 0
5606,104, 0
5607,101, 0
5608,108, 0
5609,111, 0
5610,118, 0
5611,119, 0
5612,130, 0
5613,140, 0
5614,157, 0
5615,156, 0
5616,154, 0
5617,148, 0
5618,135, 0
5619,129, 0
5620,130, 0
5621,125, 0
5622,142, 0
5623,129, 0
5624,121, 0
5625,113, 0
5626,108, 0
5627,108, 0
5628,131, 0
5629,158, 0
5630,176, 0
5631,189, 0
5632,196, 0
5633,197, 0
5634,204, 0
5635,187, 0
5636,183, 0
5637,179, 0
5638,180, 0
5639,182, 0
5640,177, 0
5641,176, 0
5642,161, 0
5643,161, 0
5644,156, 0
5645,158, 0
5646,144, 0
5647,144, 0
5648,142, 0
5649,157, 0
5650,143, 0
5651,143, 0
5652,141, 0
5653,133, 0
5654,118, 0
5655,91, 0
5656,71, 0
5657,60, 0
5658,69, 0
5659,78, 0
5660,89, 0
5661,103, 0
5662,92, 0
5663,90, 0
5664,92, 0
5665,92, 0
5666,86, 0
5667,84, 0
5668,75, 0
5669,74, 0
5670,81, 0
5671,77, 0
5672,71, 0
5673,90, 0
5674,94, 0
5675,95, 0
5676,112, 0
5677,107, 0
5678,112, 0
5679,122, 0
5680,128, 0
5681,123, 0
5682,139, 0
5683,136, 0
5684,143, 0
5685,131, 0
5686,108, 0
5687,118, 0
5688,109, 0
5689,130, 0
5690,156, 0
5691,179, 0
5692,192, 0
5693,213, 0
5694,197, 0
5695,202, 0
5696,200, 0
5697,196, 0
5698,202, 0
5699,201, 0
5700,195, 0
5701,206, 0
5702,189, 0
5703,185, 0
5704,176, 0
5705,166, 0
5706,158, 0
5707,161, 0
5708,168, 0
5709,153, 0
5710,156, 0
5711,148, 0
5712,135, 0
5713,132, 0
5714,121, 0
5715,102, 0
5716,72, 0
5717,53, 0
5718,44, 0
5719,51, 0
5720,64, 0
5721,85, 0
5722,88, 0
5723,84, 0
5724,79, 0
5725,79, 0
5726,85, 0
5727,77, 0
5728,76, 0
5729,78, 0
5730,79, 0
5731,88, 0
5732,89, 0
5733,88, 0
5734,94, 0
5735,97, 0
5736,100, 0
5737,102, 0
5738,117, 0
5739,119, 0
5740,135, 0
5741,127, 0
5742,132, 0
5743,125, 0
5744,150, 0
5745,157, 0
5746,131, 0
5747,105, 0
5748,111, 0
5749,124, 0
5750,137, 0
5751,155, 0
5752,177, 0
5753,187, 0
5754,187, 0
5755,189, 0
5756,189, 0
5757,185, 0
5758,183, 0
5759,187, 0
5760,179, 0
5761,182, 0
5762,183, 0
5763,166, 0
5764,166, 0
5765,166, 0
5766,142, 0
5767,156, 0
5768,151, 0
5769,139, 0
5770,148, 0
5771,164, 0
5772,139, 0
5773,129, 0
5774,124, 0
5775,112, 0
5776,100, 0
5777,77, 0
5778,56, 0
5779,57, 0
5780,70, 0
5781,78, 0
5782,102, 0
5783,107, 0
5784,103, 0
5785,104, 0
5786,102, 0
5787,107, 0
5788,104, 0
5789,108, 0
5790,113, 0
5791,115, 0
5792,120, 0
5793,116, 0
5794,122, 0
5795,122, 0
5796,125, 0
5797,117, 0
5798,142, 0
5799,138, 0
5800,137, 0
5801,147, 0
5802,145, 0
5803,150, 0
5804,156, 0
5805,155, 0
5806,157, 0
5807,136, 0
5808,113, 0
5809,125, 0
5810,133, 0
5811,141, 0
5812,168, 0
5813,189, 0
5814,200, 0
5815,204, 0
5816,200, 0
5817,200, 0
5818,192, 0
5819,204, 0
5820,192, 0
5821,184, 0
5822,183, 0
5823,195, 0
5824,183, 0
5825,182, 0
5826,182, 0
5827,167, 0
5828,167, 0
5829,157, 0
5830,145, 0
5831,154, 0
5832,164, 0
5833,145, 0
5834,139, 0
5835,130, 0
5836,117, 0
5837,93, 0
5838,77, 0
5839,59, 0
5840,55, 0
5841,68, 0
5842,73, 0
5843,68, 0
5844,59, 0
5845,64, 0
5846,57, 0
5847,59, 0
5848,61, 0
5849,57, 0
5850,76, 0
5851,67, 0
5852,70, 0
5853,73, 0
5854,77, 0
5855,81, 0
5856,86, 0
5857,85, 0
5858,92, 0
5859,109, 0
5860,103, 0
5861,105, 0
5862,122, 0
5863,124, 0
5864,127, 0
5865,133, 0
5866,139, 0
5867,148, 0
5868,133, 0
5869,126, 0
5870,135, 0
5871,143, 0
5872,153, 0
5873,170, 0
5874,176, 0
5875,186, 0
5876,189, 0
5877,190, 0
5878,190, 0
5879,187, 0
5880,200, 0
5881,201, 0
5882,189, 0
5883,202, 0
5884,206, 0
5885,201, 0
5886,203, 0
5887,189, 0
5888,168, 0
5889,158, 0
5890,138, 0
5891,123, 0
5892,131, 0
5893,129, 0
5894,127, 0
5895,120, 0
5896,119, 0
5897,108, 0
5898,97, 0
5899,76, 0
5900,67, 0
5901,57, 0
5902,68, 0
5903,62, 0
5904,81, 0
5905,67, 0
5906,71, 0
5907,68, 0
5908,70, 0
5909,70, 0
5910,70, 0
5911,65, 0
5912,63, 0
5913,74, 0
5914,76, 0
5915,83, 0
5916,86, 0
5917,90, 0
5918,92, 0
5919,95, 0
5920,115, 0
5921,111, 0
5922,115, 0
5923,115, 0
5924,125, 0
5925,127, 0
5926,140, 0
5927,142, 0
5928,150, 0
5929,126, 0
5930,141, 0
5931,140, 0
5932,139, 0
5933,152, 0
5934,169, 0
5935,181, 0
5936,192, 0
5937,197, 0
5938,204, 0
5939,200, 0
5940,202, 0
5941,189, 0
5942,206, 0
5943,189, 0
5944,190, 0
5945,198, 0
5946,183, 0
5947,184, 0
5948,186, 0
5949,175, 0
5950,171, 0
5951,164, 0
5952,159, 0
5953,145, 0
5954,152, 0
5955,144, 0
5956,137, 0
5957,128, 0
5958,121, 0
5959,105, 0
5960,96, 0
5961,77, 0
5962,79, 0
5963,73, 0
5964,70, 0
5965,87, 0
5966,72, 0
5967,65, 0
5968,74, 0
5969,79, 0
5970,76, 0
5971,77, 0
5972,80, 0
5973,68, 0
5974,76, 0
5975,81, 0
5976,81, 0
5977,83, 0
5978,88, 0
5979,92, 0
5980,101, 0
5981,105, 0
5982,113, 0
5983,113, 0
5984,124, 0
5985,125, 0
5986,132, 0
5987,141, 0
5988,142, 0
5989,144, 0
5990,126, 0
5991,103, 0
5992,103, 0
5993,115, 0
5994,134, 0
5995,168, 0
5996,172, 0
5997,191, 0
5998,198, 0
5999,201, 0
6000,197, 0
6001,171, 0
6002,187, 0
6003,187, 0
6004,180, 0
6005,182, 0
6006,180, 0
6007,175, 0
6008,180, 0
6009,184, 0
6010,186, 0
6011,187, 0
6012,188, 0
6013,171, 0
6014,160, 0
6015,140, 0
6016,120, 0
6017,109, 0
6018,107, 0
6019,96, 0
6020,84, 0
6021,56, 0
6022,42, 0
6023,51, 0
6024,63, 0
6025,80, 0
6026,119, 0
6027,102, 0
6028,94, 0
6029,96, 0
6030,100, 0
6031,97, 0
6032,96, 0
6033,99, 0
6034,99, 0
6035,104, 0
6036,115, 0
6037,112, 0
6038,120, 0
6039,119, 0
6040,121, 0
6041,122, 0
6042,111, 0
6043,133, 0
6044,122, 0
6045,150, 0
6046,145, 0
6047,145, 0
6048,158, 0
6049,159, 0
6050,155, 0
6051,145, 0
6052,122, 0
6053,128, 0
6054,133, 0
6055,142, 0
6056,164, 0
6057,183, 0
6058,200, 0
6059,199, 0
6060,203, 0
6061,191, 0
6062,195, 0
6063,190, 0
6064,176, 0
6065,174, 0
6066,170, 0
6067,170, 0
6068,166, 0
6069,169, 0
6070,163, 0
6071,153, 0
6072,150, 0
6073,148, 0
6074,142, 0
6075,140, 0
6076,134, 0
6077,126, 0
6078,120, 0
6079,117, 0
6080,97, 0
6081,70, 0
6082,56, 0
6083,39, 0
6084,53, 0
6085,50, 0
6086,60, 0
6087,85, 0
6088,93, 0
6089,97, 0
6090,89, 0
6091,89, 0
6092,94, 0
6093,92, 0
6094,94, 0
6095,95, 0
6096,102, 0
6097,107, 0
6098,122, 0
6099,116, 0
6100,118, 0
6101,128, 0
6102,135, 0
6103,130, 0
6104,119, 0
6105,136, 0
6106,144, 0
6107,145, 0
6108,150, 0
6109,158, 0
6110,180, 0
6111,145, 0
6112,135, 0
6113,121, 0
6114,117, 0
6115,130, 0
6116,143, 0
6117,171, 0
6118,192, 0
6119,189, 0
6120,190, 0
6121,201, 0
6122,196, 0
6123,186, 0
6124,183, 0
6125,172, 0
6126,173, 0
6127,175, 0
6128,175, 0
6129,166, 0
6130,164, 0
6131,161, 0
6132,152, 0
6133,139, 0
6134,142, 0
6135,139, 0
6136,138, 0
6137,128, 0
6138,123, 0
6139,125, 0
6140,112, 0
6141,101, 0
6142,75, 0
6143,48, 0
6144,44, 0
6145,36, 0
6146,53, 0
6147,73, 0
6148,92, 0
6149,91, 0
6150,88, 0
6151,84, 0
6152,93, 0
6153,96, 0
6154,102, 0
6155,97, 0
6156,105, 0
6157,102, 0
6158,108, 0
6159,106, 0
6160,112, 0
6161,111, 0
6162,115, 0
6163,121, 0
6164,128, 0
6165,131, 0
6166,133, 0
6167,152, 0
6168,152, 0
6169,157, 0
6170,171, 0
6171,164, 0
6172,159, 0
6173,137, 0
6174,115, 0
6175,122, 0
6176,128, 0
6177,148, 0
6178,173, 0
6179,192, 0
6180,190, 0
6181,195, 0
6182,190, 0
6183,187, 0
6184,183, 0
6185,177, 0
6186,184, 0
6187,169, 0
6188,174, 0
6189,173, 0
6190,168, 0
6191,161, 0
6192,170, 0
6193,151, 0
6194,143, 0
6195,139, 0
6196,138, 0
6197,128, 0
6198,127, 0
6199,116, 0
6200,113, 0
6201,111, 0
6202,95, 0
6203,65, 0
6204,51, 0
6205,31, 0
6206,40, 0
6207,46, 0
6208,70, 0
6209,91, 0
6210,89, 0
6211,87, 0
6212,88, 0
6213,88, 0
6214,88, 0
6215,88, 0
6216,94, 0
6217,95, 0
6218,103, 0
6219,109, 0
6220,115, 0
6221,109, 0
6222,115, 0
6223,119, 0
6224,131, 0
6225,127, 0
6226,132, 0
6227,140, 0
6228,141, 0
6229,153, 0
6230,156, 0
6231,158, 0
6232,164, 0
6233,151, 0
6234,123, 0
6235,119, 0
6236,142, 0
6237,139, 0
6238,158, 0
6239,186, 0
6240,202, 0
6241,199, 0
6242,206, 0
6243,196, 0
6244,183, 0
6245,171, 0
6246,184, 0
6247,180, 0
6248,202, 0
6249,210, 0
6250,192, 0
6251,180, 0
6252,163, 0
6253,156, 0
6254,137, 0
6255,122, 0
6256,128, 0
6257,130, 0
6258,125, 0
6259,122, 0
6260,118, 0
6261,112, 0
6262,102, 0
6263,90, 0
6264,68, 0
6265,46, 0
6266,30, 0
6267,35, 0
6268,46, 0
6269,63, 0
6270,89, 0
6271,86, 0
6272,90, 0
6273,87, 0
6274,88, 0
6275,84, 0
6276,92, 0
6277,92, 0
6278,92, 0
6279,91, 0
6280,105, 0
6281,108, 0
6282,113, 0
6283,117, 0
6284,123, 0
6285,133, 0
6286,131, 0
6287,139, 0
6288,142, 0
6289,150, 0
6290,153, 0
6291,157, 0
6292,164, 0
6293,166, 0
6294,152, 0
6295,129, 0
6296,121, 0
6297,131, 0
6298,126, 0
6299,154, 0
6300,193, 0
6301,197, 0
6302,198, 0
6303,203, 0
6304,202, 0
6305,189, 0
6306,164, 0
6307,189, 0
6308,179, 0
6309,192, 0
6310,180, 0
6311,177, 0
6312,174, 0
6313,169, 0
6314,157, 0
6315,155, 0
6316,151, 0
6317,144, 0
6318,141, 0
6319,149, 0
6320,126, 0
6321,120, 0
6322,115, 0
6323,107, 0
6324,91, 0
6325,70, 0
6326,40, 0
6327,36, 0
6328,43, 0
6329,46, 0
6330,75, 0
6331,110, 0
6332,87, 0
6333,87, 0
6334,86, 0
6335,90, 0
6336,91, 0
6337,91, 0
6338,95, 0
6339,104, 0
6340,122, 0
6341,127, 0
6342,131, 0
6343,125, 0
6344,118, 0
6345,124, 0
6346,110, 0
6347,110, 0
6348,117, 0
6349,132, 0
6350,138, 0
6351,142, 0
6352,151, 0
6353,164, 0
6354,161, 0
6355,139, 0
6356,126, 0
6357,113, 0
6358,131, 0
6359,122, 0
6360,154, 0
6361,170, 0
6362,189, 0
6363,197, 0
6364,196, 0
6365,191, 0
6366,189, 0
6367,183, 0
6368,189, 0
6369,182, 0
6370,181, 0
6371,173, 0
6372,170, 0
6373,168, 0
6374,163, 0
6375,158, 0
6376,149, 0
6377,139, 0
6378,138, 0
6379,148, 0
6380,131, 0
6381,121, 0
6382,117, 0
6383,107, 0
6384,105, 0
6385,88, 0
6386,61, 0
6387,43, 0
6388,31, 0
6389,32, 0
6390,52, 0
6391,76, 0
6392,86, 0
6393,89, 0
6394,86, 0
6395,90, 0
6396,92, 0
6397,94, 0
6398,97, 0
6399,101, 0
6400,106, 0
6401,110, 0
6402,108, 0
6403,108, 0
6404,110, 0
6405,105, 0
6406,124, 0
6407,120, 0
6408,138, 0
6409,141, 0
6410,148, 0
6411,148, 0
6412,153, 0
6413,158, 0
6414,145, 0
6415,159, 0
6416,133, 0
6417,125, 0
6418,122, 0
6419,128, 0
6420,134, 0
6421,158, 0
6422,185, 0
6423,188, 0
6424,201, 0
6425,201, 0
6426,200, 0
6427,186, 0
6428,182, 0
6429,183, 0
6430,183, 0
6431,177, 0
6432,172, 0
6433,176, 0
6434,170, 0
6435,160, 0
6436,159, 0
6437,153, 0
6438,145, 0
6439,140, 0
6440,135, 0
6441,136, 0
6442,124, 0
6443,106, 0
6444,110, 0
6445,108, 0
6446,92, 0
6447,60, 0
6448,41, 0
6449,35, 0
6450,48, 0
6451,63, 0
6452,75, 0
6453,89, 0
6454,86, 0
6455,84, 0
6456,87, 0
6457,88, 0
6458,89, 0
6459,91, 0
6460,96, 0
6461,97, 0
6462,101, 0
6463,105, 0
6464,111, 0
6465,100, 0
6466,118, 0
6467,119, 0
6468,116, 0
6469,126, 0
6470,141, 0
6471,143, 0
6472,153, 0
6473,159, 0
6474,160, 0
6475,151, 0
6476,160, 0
6477,145, 0
6478,130, 0
6479,121, 0
6480,127, 0
6481,132, 0
6482,157, 0
6483,183, 0
6484,188, 0
6485,197, 0
6486,202, 0
6487,189, 0
6488,198, 0
6489,196, 0
6490,193, 0
6491,198, 0
6492,196, 0
6493,183, 0
6494,183, 0
6495,177, 0
6496,174, 0
6497,167, 0
6498,158, 0
6499,152, 0
6500,158, 0
6501,142, 0
6502,148, 0
6503,130, 0
6504,124, 0
6505,121, 0
6506,108, 0
6507,112, 0
6508,67, 0
6509,42, 0
6510,38, 0
6511,48, 0
6512,57, 0
6513,73, 0
6514,76, 0
6515,70, 0
6516,71, 0
6517,68, 0
6518,81, 0
6519,73, 0
6520,76, 0
6521,74, 0
6522,74, 0
6523,83, 0
6524,83, 0
6525,88, 0
6526,86, 0
6527,86, 0
6528,101, 0
6529,102, 0
6530,108, 0
6531,120, 0
6532,126, 0
6533,151, 0
6534,139, 0
6535,145, 0
6536,153, 0
6537,157, 0
6538,145, 0
6539,122, 0
6540,123, 0
6541,132, 0
6542,160, 0
6543,179, 0
6544,202, 0
6545,214, 0
6546,220, 0
6547,213, 0
6548,220, 0
6549,215, 0
6550,207, 0
6551,206, 0
6552,210, 0
6553,198, 0
6554,202, 0
6555,198, 0
6556,191, 0
6557,183, 0
6558,185, 0
6559,172, 0
6560,164, 0
6561,160, 0
6562,159, 0
6563,153, 0
6564,141, 0
6565,127, 0
6566,124, 0
6567,116, 0
6568,96, 0
6569,63, 0
6570,35, 0
6571,40, 0
6572,37, 0
6573,52, 0
6574,77, 0
6575,75, 0
6576,70, 0
6577,71, 0
6578,71, 0
6579,72, 0
6580,73, 0
6581,72, 0
6582,75, 0
6583,80, 0
6584,87, 0
6585,84, 0
6586,92, 0
6587,94, 0
6588,109, 0
6589,107, 0
6590,115, 0
6591,122, 0
6592,131, 0
6593,143, 0
6594,142, 0
6595,152, 0
6596,155, 0
6597,158, 0
6598,160, 0
6599,154, 0
6600,151, 0
6601,164, 0
6602,160, 0
6603,168, 0
6604,186, 0
6605,196, 0
6606,211, 0
6607,215, 0
6608,208, 0
6609,207, 0
6610,200, 0
6611,202, 0
6612,202, 0
6613,200, 0
6614,207, 0
6615,195, 0
6616,186, 0
6617,181, 0
6618,176, 0
6619,170, 0
6620,159, 0
6621,155, 0
6622,142, 0
6623,150, 0
6624,144, 0
6625,128, 0
6626,124, 0
6627,131, 0
6628,108, 0
6629,89, 0
6630,65, 0
6631,54, 0
6632,44, 0
6633,48, 0
6634,55, 0
6635,63, 0
6636,69, 0
6637,51, 0
6638,51, 0
6639,51, 0
6640,56, 0
6641,58, 0
6642,57, 0
6643,64, 0
6644,70, 0
6645,67, 0
6646,76, 0
6647,104, 0
6648,85, 0
6649,90, 0
6650,95, 0
6651,91, 0
6652,121, 0
6653,118, 0
6654,123, 0
6655,131, 0
6656,139, 0
6657,132, 0
6658,158, 0
6659,152, 0
6660,150, 0
6661,138, 0
6662,151, 0
6663,145, 0
6664,170, 0
6665,171, 0
6666,187, 0
6667,193, 0
6668,202, 0
6669,207, 0
6670,217, 0
6671,207, 0
6672,218, 0
6673,223, 0
6674,224, 0
6675,222, 0
6676,196, 0
6677,174, 0
6678,171, 0
6679,151, 0
6680,152, 0
6681,143, 0
6682,142, 0
6683,150, 0
6684,143, 0
6685,133, 0
6686,133, 0
6687,133, 0
6688,116, 0
6689,109, 0
6690,88, 0
6691,61, 0
6692,48, 0
6693,41, 0
6694,48, 0
6695,64, 0
6696,63, 0
6697,58, 0
6698,59, 0
6699,58, 0
6700,61, 0
6701,60, 0
6702,62, 0
6703,59, 0
6704,70, 0
6705,72, 0
6706,76, 0
6707,84, 0
6708,88, 0
6709,88, 0
6710,95, 0
6711,100, 0
6712,111, 0
6713,122, 0
6714,126, 0
6715,130, 0
6716,140, 0
6717,144, 0
6718,148, 0
6719,152, 0
6720,156, 0
6721,143, 0
6722,142, 0
6723,154, 0
6724,151, 0
6725,157, 0
6726,183, 0
6727,189, 0
6728,203, 0
6729,203, 0
6730,204, 0
6731,200, 0
6732,202, 0
6733,198, 0
6734,200, 0
6735,197, 0
6736,197, 0
6737,184, 0
6738,183, 0
6739,182, 0
6740,189, 0
6741,166, 0
6742,159, 0
6743,152, 0
6744,153, 0
6745,144, 0
6746,147, 0
6747,132, 0
6748,128, 0
6749,118, 0
6750,111, 0
6751,92, 0
6752,73, 0
6753,58, 0
6754,58, 0
6755,53, 0
6756,68, 0
6757,74, 0
6758,69, 0
6759,65, 0
6760,56, 0
6761,65, 0
6762,62, 0
6763,63, 0
6764,65, 0
6765,70, 0
6766,75, 0
6767,76, 0
6768,86, 0
6769,85, 0
6770,85, 0
6771,101, 0
6772,107, 0
6773,111, 0
6774,121, 0
6775,127, 0
6776,132, 0
6777,140, 0
6778,151, 0
6779,153, 0
6780,164, 0
6781,163, 0
6782,163, 0
6783,151, 0
6784,156, 0
6785,158, 0
6786,166, 0
6787,183, 0
6788,192, 0
6789,198, 0
6790,206, 0
6791,206, 0
6792,203, 0
6793,201, 0
6794,197, 0
6795,197, 0
6796,200, 0
6797,187, 0
6798,193, 0
6799,182, 0
6800,177, 0
6801,188, 0
6802,170, 0
6803,176, 0
6804,152, 0
6805,155, 0
6806,145, 0
6807,140, 0
6808,137, 0
6809,129, 0
6810,119, 0
6811,104, 0
6812,89, 0
6813,69, 0
6814,58, 0
6815,54, 0
6816,55, 0
6817,67, 0
6818,67, 0
6819,54, 0
6820,53, 0
6821,53, 0
6822,71, 0
6823,60, 0
6824,63, 0
6825,69, 0
6826,76, 0
6827,80, 0
6828,84, 0
6829,91, 0
6830,80, 0
6831,92, 0
6832,102, 0
6833,103, 0
6834,111, 0
6835,123, 0
6836,125, 0
6837,134, 0
6838,144, 0
6839,149, 0
6840,159, 0
6841,157, 0
6842,153, 0
6843,145, 0
6844,149, 0
6845,150, 0
6846,161, 0
6847,175, 0
6848,196, 0
6849,207, 0
6850,224, 0
6851,229, 0
6852,230, 0
6853,223, 0
6854,200, 0
6855,204, 0
6856,204, 0
6857,192, 0
6858,185, 0
6859,202, 0
6860,197, 0
6861,188, 0
6862,183, 0
6863,175, 0
6864,165, 0
6865,155, 0
6866,158, 0
6867,145, 0
6868,139, 0
6869,133, 0
6870,127, 0
6871,104, 0
6872,100, 0
6873,58, 0
6874,44, 0
6875,25, 0
6876,20, 0
6877,25, 0
6878,51, 0
6879,63, 0
6880,70, 0
6881,64, 0
6882,63, 0
6883,67, 0
6884,72, 0
6885,65, 0
6886,65, 0
6887,76, 0
6888,80, 0
6889,76, 0
6890,88, 0
6891,89, 0
6892,94, 0
6893,99, 0
6894,102, 0
6895,115, 0
6896,116, 0
6897,129, 0
6898,136, 0
6899,143, 0
6900,150, 0
6901,155, 0
6902,164, 0
6903,163, 0
6904,151, 0
6905,130, 0
6906,138, 0
6907,160, 0
6908,175, 0
6909,198, 0
6910,203, 0
6911,211, 0
6912,218, 0
6913,208, 0
6914,217, 0
6915,210, 0
6916,198, 0
6917,202, 0
6918,187, 0
6919,176, 0
6920,186, 0
6921,189, 0
6922,181, 0
6923,189, 0
6924,166, 0
6925,159, 0
6926,139, 0
6927,151, 0
6928,144, 0
6929,136, 0
6930,137, 0
6931,110, 0
6932,105, 0
6933,85, 0
6934,63, 0
6935,39, 0
6936,26, 0
6937,30, 0
6938,41, 0
6939,55, 0
6940,64, 0
6941,60, 0
6942,60, 0
6943,52, 0
6944,60, 0
6945,57, 0
6946,54, 0
6947,65, 0
6948,76, 0
6949,75, 0
6950,77, 0
6951,91, 0
6952,79, 0
6953,95, 0
6954,102, 0
6955,110, 0
6956,117, 0
6957,124, 0
6958,134, 0
6959,139, 0
6960,151, 0
6961,152, 0
6962,161, 0
6963,172, 0
6964,164, 0
6965,157, 0
6966,152, 0
6967,152, 0
6968,154, 0
6969,173, 0
6970,186, 0
6971,202, 0
6972,214, 0
6973,211, 0
6974,216, 0
6975,211, 0
6976,204, 0
6977,202, 0
6978,199, 0
6979,180, 0
6980,184, 0
6981,185, 0
6982,176, 0
6983,205, 0
6984,181, 0
6985,170, 0
6986,157, 0
6987,153, 0
6988,143, 0
6989,139, 0
6990,134, 0
6991,126, 0
6992,117, 0
6993,108, 0
6994,99, 0
6995,76, 0
6996,58, 0
6997,48, 0
6998,44, 0
6999,53, 0
7000,62, 0
7001,63, 0
7002,65, 0
7003,54, 0
7004,52, 0
7005,51, 0
7006,73, 0
7007,59, 0
7008,63, 0
7009,67, 0
7010,74, 0
7011,81, 0
7012,87, 0
7013,77, 0
7014,95, 0
7015,100, 0
7016,108, 0
7017,119, 0
7018,135, 0
7019,135, 0
7020,143, 0
7021,149, 0
7022,152, 0
7023,164, 0
7024,170, 0
7025,145, 0
7026,155, 0
7027,152, 0
7028,157, 0
7029,164, 0
7030,174, 0
7031,188, 0
7032,213, 0
7033,200, 0
7034,210, 0
7035,199, 0
7036,211, 0
7037,207, 0
7038,216, 0
7039,219, 0
7040,223, 0
7041,206, 0
7042,208, 0
7043,189, 0
7044,179, 0
7045,168, 0
7046,150, 0
7047,133, 0
7048,139, 0
7049,131, 0
7050,132, 0
7051,133, 0
7052,126, 0
7053,121, 0
7054,108, 0
7055,88, 0
7056,76, 0
7057,57, 0
7058,47, 0
7059,46, 0
7060,51, 0
7061,60, 0
7062,65, 0
7063,58, 0
7064,65, 0
7065,55, 0
7066,57, 0
7067,83, 0
7068,58, 0
7069,63, 0
7070,74, 0
7071,75, 0
7072,84, 0
7073,85, 0
7074,77, 0
7075,108, 0
7076,102, 0
7077,102, 0
7078,90, 0
7079,109, 0
7080,119, 0
7081,127, 0
7082,137, 0
7083,152, 0
7084,163, 0
7085,174, 0
7086,182, 0
7087,151, 0
7088,159, 0
7089,163, 0
7090,165, 0
7091,184, 0
7092,210, 0
7093,204, 0
7094,221, 0
7095,216, 0
7096,222, 0
7097,215, 0
7098,208, 0
7099,224, 0
7100,203, 0
7101,197, 0
7102,187, 0
7103,187, 0
7104,185, 0
7105,183, 0
7106,172, 0
7107,159, 0
7108,153, 0
7109,151, 0
7110,148, 0
7111,139, 0
7112,133, 0
7113,126, 0
7114,115, 0
7115,115, 0
7116,102, 0
7117,78, 0
7118,59, 0
7119,44, 0
7120,48, 0
7121,52, 0
7122,62, 0
7123,60, 0
7124,45, 0
7125,41, 0
7126,40, 0
7127,55, 0
7128,83, 0
7129,68, 0
7130,73, 0
7131,79, 0
7132,80, 0
7133,87, 0
7134,90, 0
7135,87, 0
7136,108, 0
7137,100, 0
7138,108, 0
7139,118, 0
7140,137, 0
7141,133, 0
7142,143, 0
7143,140, 0
7144,145, 0
7145,155, 0
7146,168, 0
7147,165, 0
7148,163, 0
7149,141, 0
7150,158, 0
7151,170, 0
7152,180, 0
7153,193, 0
7154,211, 0
7155,238, 0
7156,197, 0
7157,204, 0
7158,199, 0
7159,197, 0
7160,202, 0
7161,201, 0
7162,196, 0
7163,189, 0
7164,188, 0
7165,184, 0
7166,181, 0
7167,172, 0
7168,163, 0
7169,158, 0
7170,152, 0
7171,145, 0
7172,141, 0
7173,139, 0
7174,127, 0
7175,119, 0
7176,115, 0
7177,96, 0
7178,75, 0
7179,53, 0
7180,45, 0
7181,42, 0
7182,45, 0
7183,56, 0
7184,62, 0
7185,53, 0
7186,50, 0
7187,52, 0
7188,51, 0
7189,44, 0
7190,54, 0
7191,61, 0
7192,71, 0
7193,69, 0
7194,83, 0
7195,79, 0
7196,89, 0
7197,87, 0
7198,108, 0
7199,101, 0
7200,106, 0
7201,121, 0
7202,127, 0
7203,136, 0
7204,139, 0
7205,151, 0
7206,152, 0
7207,151, 0
7208,149, 0
7209,157, 0
7210,149, 0
7211,152, 0
7212,164, 0
7213,180, 0
7214,192, 0
7215,220, 0
7216,212, 0
7217,211, 0
7218,211, 0
7219,202, 0
7220,207, 0
7221,212, 0
7222,182, 0
7223,203, 0
7224,201, 0
7225,197, 0
7226,185, 0
7227,182, 0
7228,169, 0
7229,159, 0
7230,157, 0
7231,144, 0
7232,144, 0
7233,138, 0
7234,135, 0
7235,139, 0
7236,120, 0
7237,118, 0
7238,110, 0
7239,102, 0
7240,87, 0
7241,88, 0
7242,61, 0
7243,50, 0
7244,43, 0
7245,42, 0
7246,38, 0
7247,41, 0
7248,48, 0
7249,57, 0
7250,60, 0
7251,59, 0
7252,63, 0
7253,63, 0
7254,70, 0
7255,70, 0
7256,78, 0
7257,84, 0
7258,94, 0
7259,102, 0
7260,113, 0
7261,122, 0
7262,125, 0
7263,135, 0
7264,133, 0
7265,152, 0
7266,158, 0
7267,157, 0
7268,164, 0
7269,156, 0
7270,145, 0
7271,153, 0
7272,159, 0
7273,169, 0
7274,179, 0
7275,198, 0
7276,204, 0
7277,210, 0
7278,223, 0
7279,211, 0
7280,206, 0
7281,207, 0
7282,208, 0
7283,207, 0
7284,201, 0
7285,196, 0
7286,190, 0
7287,181, 0
7288,179, 0
7289,170, 0
7290,153, 0
7291,152, 0
7292,157, 0
7293,145, 0
7294,144, 0
7295,138, 0
7296,123, 0
7297,111, 0
7298,96, 0
7299,92, 0
7300,76, 0
7301,51, 0
7302,46, 0
7303,38, 0
7304,55, 0
7305,63, 0
7306,55, 0
7307,48, 0
7308,50, 0
7309,52, 0
7310,63, 0
7311,63, 0
7312,63, 0
7313,63, 0
7314,73, 0
7315,73, 0
7316,79, 0
7317,80, 0
7318,86, 0
7319,96, 0
7320,88, 0
7321,113, 0
7322,113, 0
7323,124, 0
7324,131, 0
7325,143, 0
7326,151, 0
7327,155, 0
7328,163, 0
7329,164, 0
7330,158, 0
7331,135, 0
7332,157, 0
7333,169, 0
7334,170, 0
7335,183, 0
7336,200, 0
7337,205, 0
7338,203, 0
7339,202, 0
7340,215, 0
7341,205, 0
7342,207, 0
7343,206, 0
7344,203, 0
7345,200, 0
7346,198, 0
7347,197, 0
7348,186, 0
7349,171, 0
7350,174, 0
7351,168, 0
7352,160, 0
7353,156, 0
7354,148, 0
7355,147, 0
7356,138, 0
7357,127, 0
7358,122, 0
7359,110, 0
7360,92, 0
7361,69, 0
7362,58, 0
7363,53, 0
7364,44, 0
7365,48, 0
7366,70, 0
7367,61, 0
7368,54, 0
7369,52, 0
7370,57, 0
7371,58, 0
7372,51, 0
7373,57, 0
7374,64, 0
7375,69, 0
7376,75, 0
7377,75, 0
7378,80, 0
7379,81, 0
7380,93, 0
7381,96, 0
7382,101, 0
7383,120, 0
7384,108, 0
7385,127, 0
7386,138, 0
7387,149, 0
7388,148, 0
7389,152, 0
7390,158, 0
7391,148, 0
7392,149, 0
7393,145, 0
7394,154, 0
7395,167, 0
7396,189, 0
7397,196, 0
7398,211, 0
7399,229, 0
7400,215, 0
7401,211, 0
7402,207, 0
7403,211, 0
7404,207, 0
7405,207, 0
7406,204, 0
7407,198, 0
7408,190, 0
7409,186, 0
7410,184, 0
7411,172, 0
7412,160, 0
7413,159, 0
7414,160, 0
7415,154, 0
7416,149, 0
7417,138, 0
7418,132, 0
7419,119, 0
7420,108, 0
7421,96, 0
7422,67, 0
7423,52, 0
7424,63, 0
7425,50, 0
7426,51, 0
7427,63, 0
7428,64, 0
7429,51, 0
7430,51, 0
7431,45, 0
7432,55, 0
7433,52, 0
7434,56, 0
7435,50, 0
7436,63, 0
7437,74, 0
7438,76, 0
7439,79, 0
7440,81, 0
7441,93, 0
7442,102, 0
7443,119, 0
7444,108, 0
7445,123, 0
7446,127, 0
7447,132, 0
7448,152, 0
7449,145, 0
7450,153, 0
7451,152, 0
7452,149, 0
7453,145, 0
7454,141, 0
7455,143, 0
7456,155, 0
7457,160, 0
7458,190, 0
7459,204, 0
7460,214, 0
7461,215, 0
7462,208, 0
7463,207, 0
7464,208, 0
7465,207, 0
7466,203, 0
7467,200, 0
7468,195, 0
7469,191, 0
7470,187, 0
7471,184, 0
7472,183, 0
7473,158, 0
7474,164, 0
7475,163, 0
7476,156, 0
7477,154, 0
7478,131, 0
7479,132, 0
7480,128, 0
7481,120, 0
7482,102, 0
7483,79, 0
7484,61, 0
7485,62, 0
7486,48, 0
7487,57, 0
7488,70, 0
7489,70, 0
7490,59, 0
7491,58, 0
7492,70, 0
7493,57, 0
7494,59, 0
7495,61, 0
7496,63, 0
7497,70, 0
7498,70, 0
7499,73, 0
7500,71, 0
7501,85, 0
7502,80, 0
7503,93, 0
7504,104, 0
7505,115, 0
7506,100, 0
7507,122, 0
7508,128, 0
7509,135, 0
7510,143, 0
7511,145, 0
7512,144, 0
7513,136, 0
7514,138, 0
7515,140, 0
7516,135, 0
7517,157, 0
7518,179, 0
7519,195, 0
7520,189, 0
7521,220, 0
7522,213, 0
7523,202, 0
7524,206, 0
7525,202, 0
7526,213, 0
7527,203, 0
7528,205, 0
7529,205, 0
7530,204, 0
7531,212, 0
7532,197, 0
7533,196, 0
7534,186, 0
7535,182, 0
7536,189, 0
7537,171, 0
7538,165, 0
7539,154, 0
7540,145, 0
7541,139, 0
7542,126, 0
7543,118, 0
7544,97, 0
7545,83, 0
7546,76, 0
7547,77, 0
7548,84, 0
7549,87, 0
7550,83, 0
7551,68, 0
7552,67, 0
7553,68, 0
7554,64, 0
7555,57, 0
7556,63, 0
7557,60, 0
7558,67, 0
7559,76, 0
7560,80, 0
7561,92, 0
7562,94, 0
7563,97, 0
7564,80, 0
7565,90, 0
7566,80, 0
7567,84, 0
7568,89, 0
7569,96, 0
7570,111, 0
7571,122, 0
7572,133, 0
7573,130, 0
7574,122, 0
7575,116, 0
7576,129, 0
7577,137, 0
7578,145, 0
7579,161, 0
7580,184, 0
7581,196, 0
7582,199, 0
7583,201, 0
7584,196, 0
7585,191, 0
7586,195, 0
7587,196, 0
7588,202, 0
7589,198, 0
7590,195, 0
7591,199, 0
7592,188, 0
7593,193, 0
7594,184, 0
7595,175, 0
7596,169, 0
7597,164, 0
7598,170, 0
7599,145, 0
7600,141, 0
7601,148, 0
7602,142, 0
7603,125, 0
7604,106, 0
7605,78, 0
7606,58, 0
7607,63, 0
7608,63, 0
7609,67, 0
7610,79, 0
7611,63, 0
7612,56, 0
7613,57, 0
7614,57, 0
7615,63, 0
7616,60, 0
7617,56, 0
7618,59, 0
7619,60, 0
7620,68, 0
7621,70, 0
7622,73, 0
7623,73, 0
7624,78, 0
7625,79, 0
7626,79, 0
7627,93, 0
7628,102, 0
7629,104, 0
7630,109, 0
7631,118, 0
7632,127, 0
7633,132, 0
7634,124, 0
7635,113, 0
7636,117, 0
7637,127, 0
7638,138, 0
7639,145, 0
7640,170, 0
7641,183, 0
7642,187, 0
7643,210, 0
7644,208, 0
7645,208, 0
7646,203, 0
7647,189, 0
7648,204, 0
7649,205, 0
7650,205, 0
7651,200, 0
7652,196, 0
7653,196, 0
7654,196, 0
7655,184, 0
7656,182, 0
7657,181, 0
7658,170, 0
7659,184, 0
7660,167, 0
7661,147, 0
7662,145, 0
7663,137, 0
7664,129, 0
7665,110, 0
7666,90, 0
7667,80, 0
7668,71, 0
7669,77, 0
7670,93, 0
7671,87, 0
7672,76, 0
7673,69, 0
7674,68, 0
7675,63, 0
7676,58, 0
7677,56, 0
7678,63, 0
7679,64, 0
7680,67, 0
7681,70, 0
7682,67, 0
7683,65, 0
7684,70, 0
7685,70, 0
7686,77, 0
7687,79, 0
7688,91, 0
7689,101, 0
7690,108, 0
7691,127, 0
7692,115, 0
7693,135, 0
7694,136, 0
7695,127, 0
7696,117, 0
7697,126, 0
7698,130, 0
7699,131, 0
7700,152, 0
7701,170, 0
7702,186, 0
7703,189, 0
7704,196, 0
7705,203, 0
7706,221, 0
7707,200, 0
7708,203, 0
7709,199, 0
7710,207, 0
7711,204, 0
7712,201, 0
7713,214, 0
7714,189, 0
7715,192, 0
7716,190, 0
7717,179, 0
7718,202, 0
7719,179, 0
7720,196, 0
7721,165, 0
7722,157, 0
7723,148, 0
7724,137, 0
7725,121, 0
7726,110, 0
7727,83, 0
7728,83, 0
7729,70, 0
7730,69, 0
7731,83, 0
7732,79, 0
7733,69, 0
7734,68, 0
7735,78, 0
7736,69, 0
7737,69, 0
7738,67, 0
7739,68, 0
7740,63, 0
7741,63, 0
7742,67, 0
7743,67, 0
7744,76, 0
7745,70, 0
7746,83, 0
7747,92, 0
7748,92, 0
7749,103, 0
7750,103, 0
7751,103, 0
7752,113, 0
7753,121, 0
7754,127, 0
7755,129, 0
7756,126, 0
7757,115, 0
7758,115, 0
7759,129, 0
7760,152, 0
7761,154, 0
7762,176, 0
7763,201, 0
7764,210, 0
7765,206, 0
7766,202, 0
7767,204, 0
7768,204, 0
7769,204, 0
7770,215, 0
7771,223, 0
7772,223, 0
7773,223, 0
7774,218, 0
7775,196, 0
7776,177, 0
7777,164, 0
7778,160, 0
7779,156, 0
7780,160, 0
7781,167, 0
7782,164, 0
7783,159, 0
7784,152, 0
7785,145, 0
7786,141, 0
7787,111, 0
7788,91, 0
7789,83, 0
7790,76, 0
7791,78, 0
7792,86, 0
7793,85, 0
7794,70, 0
7795,63, 0
7796,63, 0
7797,57, 0
7798,65, 0
7799,53, 0
7800,72, 0
7801,59, 0
7802,69, 0
7803,74, 0
7804,75, 0
7805,73, 0
7806,77, 0
7807,78, 0
7808,88, 0
7809,91, 0
7810,96, 0
7811,110, 0
7812,106, 0
7813,115, 0
7814,121, 0
7815,125, 0
7816,129, 0
7817,128, 0
7818,121, 0
7819,119, 0
7820,129, 0
7821,131, 0
7822,150, 0
7823,172, 0
7824,172, 0
7825,206, 0
7826,200, 0
7827,199, 0
7828,196, 0
7829,202, 0
7830,200, 0
7831,202, 0
7832,204, 0
7833,202, 0
7834,183, 0
7835,199, 0
7836,200, 0
7837,193, 0
7838,192, 0
7839,183, 0
7840,189, 0
7841,169, 0
7842,175, 0
7843,164, 0
7844,150, 0
7845,145, 0
7846,131, 0
7847,121, 0
7848,105, 0
7849,84, 0
7850,88, 0
7851,70, 0
7852,76, 0
7853,73, 0
7854,77, 0
7855,72, 0
7856,56, 0
7857,67, 0
7858,68, 0
7859,61, 0
7860,59, 0
7861,63, 0
7862,63, 0
7863,64, 0
7864,63, 0
7865,76, 0
7866,68, 0
7867,63, 0
7868,73, 0
7869,83, 0
7870,88, 0
7871,95, 0
7872,92, 0
7873,104, 0
7874,113, 0
7875,121, 0
7876,125, 0
7877,133, 0
7878,127, 0
7879,123, 0
7880,127, 0
7881,139, 0
7882,137, 0
7883,159, 0
7884,183, 0
7885,192, 0
7886,198, 0
7887,205, 0
7888,204, 0
7889,208, 0
7890,210, 0
7891,208, 0
7892,207, 0
7893,206, 0
7894,202, 0
7895,197, 0
7896,198, 0
7897,198, 0
7898,193, 0
7899,190, 0
7900,183, 0
7901,179, 0
7902,180, 0
7903,171, 0
7904,164, 0
7905,159, 0
7906,145, 0
7907,136, 0
7908,125, 0
7909,104, 0
7910,83, 0
7911,76, 0
7912,70, 0
7913,70, 0
7914,84, 0
7915,83, 0
7916,69, 0
7917,59, 0
7918,68, 0
7919,70, 0
7920,58, 0
7921,61, 0
7922,57, 0
7923,62, 0
7924,69, 0
7925,64, 0
7926,69, 0
7927,73, 0
7928,76, 0
7929,83, 0
7930,75, 0
7931,91, 0
7932,94, 0
7933,95, 0
7934,100, 0
7935,128, 0
7936,128, 0
7937,133, 0
7938,141, 0
7939,135, 0
7940,133, 0
7941,127, 0
7942,135, 0
7943,139, 0
7944,153, 0
7945,176, 0
7946,184, 0
7947,198, 0
7948,204, 0
7949,204, 0
7950,201, 0
7951,199, 0
7952,197, 0
7953,198, 0
7954,204, 0
7955,213, 0
7956,185, 0
7957,208, 0
7958,203, 0
7959,199, 0
7960,202, 0
7961,186, 0
7962,186, 0
7963,181, 0
7964,170, 0
7965,167, 0
7966,152, 0
7967,147, 0
7968,138, 0
7969,128, 0
7970,104, 0
7971,85, 0
7972,84, 0
7973,76, 0
7974,67, 0
7975,96, 0
7976,81, 0
7977,64, 0
7978,57, 0
7979,62, 0
7980,59, 0
7981,55, 0
7982,57, 0
7983,57, 0
7984,60, 0
7985,63, 0
7986,61, 0
7987,63, 0
7988,76, 0
7989,71, 0
7990,81, 0
7991,83, 0
7992,80, 0
7993,92, 0
7994,102, 0
7995,117, 0
7996,109, 0
7997,129, 0
7998,126, 0
7999,132, 0
8000,127, 0
8001,121, 0
8002,127, 0
8003,133, 0
8004,139, 0
8005,154, 0
8006,174, 0
8007,186, 0
8008,200, 0
8009,200, 0
8010,201, 0
8011,198, 0
8012,204, 0
8013,205, 0
8014,202, 0
8015,207, 0
8016,207, 0
8017,198, 0
8018,200, 0
8019,202, 0
8020,191, 0
8021,191, 0
8022,179, 0
8023,175, 0
8024,175, 0
8025,170, 0
8026,158, 0
8027,151, 0
8028,140, 0
8029,133, 0
8030,118, 0
8031,97, 0
8032,93, 0
8033,80, 0
8034,94, 0
8035,74, 0
8036,89, 0
8037,85, 0
8038,71, 0
8039,70, 0
8040,63, 0
8041,52, 0
8042,57, 0
8043,57, 0
8044,55, 0
8045,55, 0
8046,65, 0
8047,63, 0
8048,67, 0
8049,69, 0
8050,69, 0
8051,69, 0
8052,81, 0
8053,80, 0
8054,94, 0
8055,100, 0
8056,103, 0
8057,121, 0
8058,136, 0
8059,127, 0
8060,142, 0
8061,149, 0
8062,121, 0
8063,121, 0
8064,132, 0
8065,139, 0
8066,152, 0
8067,179, 0
8068,189, 0
8069,191, 0
8070,204, 0
8071,202, 0
8072,220, 0
8073,199, 0
8074,201, 0
8075,203, 0
8076,216, 0
8077,212, 0
8078,203, 0
8079,207, 0
8080,199, 0
8081,191, 0
8082,189, 0
8083,171, 0
8084,183, 0
8085,180, 0
8086,176, 0
8087,165, 0
8088,158, 0
8089,147, 0
8090,140, 0
8091,124, 0
8092,97, 0
8093,75, 0
8094,80, 0
8095,79, 0
8096,85, 0
8097,90, 0
8098,83, 0
8099,64, 0
8100,64, 0
8101,68, 0
8102,63, 0
8103,62, 0
8104,54, 0
8105,54, 0
8106,60, 0
8107,61, 0
8108,63, 0
8109,70, 0
8110,72, 0
8111,72, 0
8112,85, 0
8113,83, 0
8114,83, 0
8115,96, 0
8116,102, 0
8117,109, 0
8118,128, 0
8119,120, 0
8120,124, 0
8121,129, 0
8122,127, 0
8123,122, 0
8124,128, 0
8125,135, 0
8126,151, 0
8127,165, 0
8128,183, 0
8129,188, 0
8130,189, 0
8131,201, 0
8132,190, 0
8133,196, 0
8134,208, 0
8135,204, 0
8136,203, 0
8137,207, 0
8138,201, 0
8139,207, 0
8140,204, 0
8141,202, 0
8142,199, 0
8143,196, 0
8144,201, 0
8145,207, 0
8146,203, 0
8147,200, 0
8148,176, 0
8149,159, 0
8150,139, 0
8151,121, 0
8152,112, 0
8153,85, 0
8154,71, 0
8155,76, 0
8156,78, 0
8157,79, 0
8158,89, 0
8159,89, 0
8160,75, 0
8161,68, 0
8162,69, 0
8163,63, 0
8164,55, 0
8165,61, 0
8166,64, 0
8167,58, 0
8168,63, 0
8169,63, 0
8170,72, 0
8171,75, 0
8172,70, 0
8173,78, 0
8174,87, 0
8175,85, 0
8176,97, 0
8177,103, 0
8178,123, 0
8179,121, 0
8180,127, 0
8181,128, 0
8182,134, 0
8183,125, 0
8184,117, 0
8185,124, 0
8186,127, 0
8187,132, 0
8188,152, 0
8189,161, 0
8190,183, 0
8191,203, 0
8192,220, 0
8193,196, 0
8194,215, 0
8195,202, 0
8196,200, 0
8197,204, 0
8198,207, 0
8199,191, 0
8200,204, 0
8201,204, 0
8202,202, 0
8203,191, 0
8204,183, 0
8205,183, 0
8206,183, 0
8207,185, 0
8208,165, 0
8209,164, 0
8210,158, 0
8211,145, 0
8212,137, 0
8213,127, 0
8214,103, 0
8215,79, 0
8216,83, 0
8217,81, 0
8218,85, 0
8219,72, 0
8220,83, 0
8221,72, 0
8222,74, 0
8223,73, 0
8224,76, 0
8225,73, 0
8226,55, 0
8227,65, 0
8228,60, 0
8229,52, 0
8230,59, 0
8231,63, 0
8232,64, 0
8233,69, 0
8234,76, 0
8235,81, 0
8236,87, 0
8237,117, 0
8238,103, 0
8239,109, 0
8240,119, 0
8241,127, 0
8242,128, 0
8243,132, 0
8244,122, 0
8245,125, 0
8246,127, 0
8247,132, 0
8248,142, 0
8249,160, 0
8250,184, 0
8251,202, 0
8252,204, 0
8253,204, 0
8254,200, 0
8255,202, 0
8256,207, 0
8257,204, 0
8258,206, 0
8259,207, 0
8260,204, 0
8261,204, 0
8262,197, 0
8263,202, 0
8264,204, 0
8265,189, 0
8266,186, 0
8267,186, 0
8268,183, 0
8269,173, 0
8270,164, 0
8271,158, 0
8272,149, 0
8273,135, 0
8274,141, 0
8275,102, 0
8276,89, 0
8277,92, 0
8278,81, 0
8279,76, 0
8280,83, 0
8281,70, 0
8282,60, 0
8283,59, 0
8284,55, 0
8285,58, 0
8286,55, 0
8287,53, 0
8288,63, 0
8289,55, 0
8290,54, 0
8291,61, 0
8292,68, 0
8293,71, 0
8294,75, 0
8295,77, 0
8296,86, 0
8297,90, 0
8298,96, 0
8299,106, 0
8300,112, 0
8301,108, 0
8302,119, 0
8303,122, 0
8304,123, 0
8305,115, 0
8306,108, 0
8307,118, 0
8308,127, 0
8309,136, 0
8310,163, 0
8311,173, 0
8312,187, 0
8313,184, 0
8314,196, 0
8315,195, 0
8316,197, 0
8317,199, 0
8318,202, 0
8319,202, 0
8320,201, 0
8321,203, 0
8322,198, 0
8323,199, 0
8324,189, 0
8325,192, 0
8326,185, 0
8327,176, 0
8328,189, 0
8329,176, 0
8330,169, 0
8331,158, 0
8332,155, 0
8333,145, 0
8334,127, 0
8335,136, 0
8336,92, 0
8337,85, 0
8338,76, 0
8339,72, 0
8340,78, 0
8341,89, 0
8342,76, 0
8343,70, 0
8344,64, 0
8345,58, 0
8346,60, 0
8347,61, 0
8348,62, 0
8349,58, 0
8350,65, 0
8351,69, 0
8352,68, 0
8353,69, 0
8354,75, 0
8355,74, 0
8356,79, 0
8357,87, 0
8358,94, 0
8359,99, 0
8360,105, 0
8361,103, 0
8362,120, 0
8363,127, 0
8364,132, 0
8365,133, 0
8366,123, 0
8367,120, 0
8368,128, 0
8369,138, 0
8370,148, 0
8371,165, 0
8372,184, 0
8373,193, 0
8374,205, 0
8375,203, 0
8376,211, 0
8377,218, 0
8378,185, 0
8379,206, 0
8380,186, 0
8381,211, 0
8382,208, 0
8383,204, 0
8384,208, 0
8385,201, 0
8386,196, 0
8387,189, 0
8388,185, 0
8389,187, 0
8390,188, 0
8391,168, 0
8392,167, 0
8393,153, 0
8394,139, 0
8395,121, 0
8396,124, 0
8397,96, 0
8398,90, 0
8399,83, 0
8400,77, 0
8401,99, 0
8402,84, 0
8403,74, 0
8404,67, 0
8405,75, 0
8406,61, 0
8407,63, 0
8408,64, 0
8409,55, 0
8410,54, 0
8411,62, 0
8412,61, 0
8413,57, 0
8414,62, 0
8415,68, 0
8416,74, 0
8417,76, 0
8418,84, 0
8419,91, 0
8420,95, 0
8421,106, 0
8422,106, 0
8423,112, 0
8424,124, 0
8425,126, 0
8426,126, 0
8427,121, 0
8428,126, 0
8429,128, 0
8430,140, 0
8431,152, 0
8432,170, 0
8433,185, 0
8434,196, 0
8435,215, 0
8436,202, 0
8437,201, 0
8438,214, 0
8439,196, 0
8440,199, 0
8441,200, 0
8442,201, 0
8443,201, 0
8444,199, 0
8445,204, 0
8446,200, 0
8447,190, 0
8448,184, 0
8449,183, 0
8450,190, 0
8451,184, 0
8452,164, 0
8453,164, 0
8454,155, 0
8455,142, 0
8456,145, 0
8457,120, 0
8458,90, 0
8459,87, 0
8460,94, 0
8461,96, 0
8462,105, 0
8463,106, 0
8464,88, 0
8465,70, 0
8466,54, 0
8467,47, 0
8468,41, 0
8469,41, 0
8470,45, 0
8471,53, 0
8472,57, 0
8473,63, 0
8474,63, 0
8475,57, 0
8476,78, 0
8477,77, 0
8478,78, 0
8479,84, 0
8480,97, 0
8481,100, 0
8482,103, 0
8483,119, 0
8484,122, 0
8485,125, 0
8486,132, 0
8487,125, 0
8488,118, 0
8489,113, 0
8490,121, 0
8491,115, 0
8492,140, 0
8493,164, 0
8494,176, 0
8495,189, 0
8496,198, 0
8497,201, 0
8498,201, 0
8499,199, 0
8500,203, 0
8501,205, 0
8502,186, 0
8503,203, 0
8504,200, 0
8505,203, 0
8506,205, 0
8507,200, 0
8508,192, 0
8509,185, 0
8510,189, 0
8511,184, 0
8512,179, 0
8513,171, 0
8514,160, 0
8515,157, 0
8516,133, 0
8517,139, 0
8518,117, 0
8519,100, 0
8520,83, 0
8521,79, 0
8522,70, 0
8523,81, 0
8524,85, 0
8525,76, 0
8526,73, 0
8527,81, 0
8528,71, 0
8529,64, 0
8530,63, 0
8531,63, 0
8532,63, 0
8533,67, 0
8534,72, 0
8535,57, 0
8536,71, 0
8537,63, 0
8538,74, 0
8539,71, 0
8540,80, 0
8541,90, 0
8542,96, 0
8543,102, 0
8544,107, 0
8545,110, 0
8546,109, 0
8547,127, 0
8548,126, 0
8549,115, 0
8550,116, 0
8551,117, 0
8552,118, 0
8553,139, 0
8554,164, 0
8555,187, 0
8556,187, 0
8557,189, 0
8558,197, 0
8559,197, 0
8560,218, 0
8561,199, 0
8562,202, 0
8563,202, 0
8564,202, 0
8565,202, 0
8566,197, 0
8567,203, 0
8568,202, 0
8569,196, 0
8570,189, 0
8571,183, 0
8572,183, 0
8573,177, 0
8574,164, 0
8575,161, 0
8576,154, 0
8577,149, 0
8578,138, 0
8579,107, 0
8580,84, 0
8581,68, 0
8582,64, 0
8583,73, 0
8584,89, 0
8585,92, 0
8586,85, 0
8587,79, 0
8588,74, 0
8589,76, 0
8590,70, 0
8591,64, 0
8592,65, 0
8593,70, 0
8594,70, 0
8595,77, 0
8596,70, 0
8597,63, 0
8598,73, 0
8599,71, 0
8600,85, 0
8601,90, 0
8602,97, 0
8603,102, 0
8604,108, 0
8605,117, 0
8606,119, 0
8607,125, 0
8608,128, 0
8609,107, 0
8610,109, 0
8611,90, 0
8612,108, 0
8613,121, 0
8614,143, 0
8615,159, 0
8616,189, 0
8617,192, 0
8618,204, 0
8619,204, 0
8620,211, 0
8621,202, 0
8622,206, 0
8623,205, 0
8624,214, 0
8625,207, 0
8626,204, 0
8627,204, 0
8628,207, 0
8629,185, 0
8630,189, 0
8631,179, 0
8632,184, 0
8633,187, 0
8634,181, 0
8635,170, 0
8636,166, 0
8637,157, 0
8638,158, 0
8639,142, 0
8640,123, 0
8641,102, 0
8642,86, 0
8643,84, 0
8644,87, 0
8645,96, 0
8646,92, 0
8647,74, 0
8648,69, 0
8649,70, 0
8650,63, 0
8651,55, 0
8652,72, 0
8653,73, 0
8654,63, 0
8655,67, 0
8656,70, 0
8657,60, 0
8658,70, 0
8659,63, 0
8660,55, 0
8661,59, 0
8662,71, 0
8663,77, 0
8664,91, 0
8665,97, 0
8666,103, 0
8667,110, 0
8668,121, 0
8669,137, 0
8670,120, 0
8671,109, 0
8672,115, 0
8673,119, 0
8674,138, 0
8675,144, 0
8676,161, 0
8677,184, 0
8678,187, 0
8679,201, 0
8680,197, 0
8681,195, 0
8682,192, 0
8683,191, 0
8684,193, 0
8685,201, 0
8686,197, 0
8687,198, 0
8688,204, 0
8689,198, 0
8690,199, 0
8691,189, 0
8692,187, 0
8693,190, 0
8694,200, 0
8695,207, 0
8696,205, 0
8697,196, 0
8698,174, 0
8699,156, 0
8700,121, 0
8701,91, 0
8702,70, 0
8703,58, 0
8704,61, 0
8705,70, 0
8706,81, 0
8707,83, 0
8708,76, 0
8709,64, 0
8710,65, 0
8711,70, 0
8712,70, 0
8713,60, 0
8714,63, 0
8715,63, 0
8716,64, 0
8717,62, 0
8718,73, 0
8719,61, 0
8720,73, 0
8721,75, 0
8722,85, 0
8723,85, 0
8724,90, 0
8725,94, 0
8726,99, 0
8727,103, 0
8728,111, 0
8729,121, 0
8730,138, 0
8731,123, 0
8732,115, 0
8733,116, 0
8734,128, 0
8735,139, 0
8736,152, 0
8737,170, 0
8738,188, 0
8739,196, 0
8740,206, 0
8741,198, 0
8742,214, 0
8743,196, 0
8744,207, 0
8745,204, 0
8746,196, 0
8747,207, 0
8748,201, 0
8749,202, 0
8750,204, 0
8751,193, 0
8752,186, 0
8753,187, 0
8754,189, 0
8755,186, 0
8756,193, 0
8757,170, 0
8758,160, 0
8759,154, 0
8760,151, 0
8761,130, 0
8762,112, 0
8763,93, 0
8764,91, 0
8765,95, 0
8766,89, 0
8767,92, 0
8768,89, 0
8769,81, 0
8770,73, 0
8771,70, 0
8772,72, 0
8773,71, 0
8774,77, 0
8775,63, 0
8776,71, 0
8777,70, 0
8778,69, 0
8779,65, 0
8780,62, 0
8781,75, 0
8782,75, 0
8783,79, 0
8784,89, 0
8785,91, 0
8786,108, 0
8787,96, 0
8788,110, 0
8789,121, 0
8790,126, 0
8791,126, 0
8792,108, 0
8793,94, 0
8794,93, 0
8795,94, 0
8796,108, 0
8797,136, 0
8798,159, 0
8799,188, 0
8800,190, 0
8801,189, 0
8802,191, 0
8803,188, 0
8804,186, 0
8805,196, 0
8806,191, 0
8807,188, 0
8808,189, 0
8809,193, 0
8810,193, 0
8811,198, 0
8812,183, 0
8813,176, 0
8814,176, 0
8815,175, 0
8816,170, 0
8817,174, 0
8818,164, 0
8819,159, 0
8820,155, 0
8821,144, 0
8822,124, 0
8823,93, 0
8824,77, 0
8825,57, 0
8826,65, 0
8827,81, 0
8828,101, 0
8829,109, 0
8830,108, 0
8831,99, 0
8832,103, 0
8833,99, 0
8834,88, 0
8835,89, 0
8836,87, 0
8837,92, 0
8838,95, 0
8839,94, 0
8840,90, 0
8841,94, 0
8842,95, 0
8843,101, 0
8844,107, 0
8845,107, 0
8846,112, 0
8847,118, 0
8848,125, 0
8849,123, 0
8850,128, 0
8851,135, 0
8852,133, 0
8853,104, 0
8854,110, 0
8855,97, 0
8856,130, 0
8857,125, 0
8858,143, 0
8859,163, 0
8860,185, 0
8861,188, 0
8862,189, 0
8863,191, 0
8864,189, 0
8865,192, 0
8866,176, 0
8867,188, 0
8868,170, 0
8869,183, 0
8870,183, 0
8871,181, 0
8872,195, 0
8873,189, 0
8874,169, 0
8875,170, 0
8876,165, 0
8877,143, 0
8878,158, 0
8879,154, 0
8880,149, 0
8881,152, 0
8882,136, 0
8883,116, 0
8884,83, 0
8885,84, 0
8886,57, 0
8887,54, 0
8888,74, 0
8889,93, 0
8890,102, 0
8891,95, 0
8892,83, 0
8893,90, 0
8894,89, 0
8895,89, 0
8896,83, 0
8897,84, 0
8898,84, 0
8899,93, 0
8900,91, 0
8901,90, 0
8902,101, 0
8903,94, 0
8904,95, 0
8905,96, 0
8906,107, 0
8907,110, 0
8908,113, 0
8909,120, 0
8910,123, 0
8911,127, 0
8912,136, 0
8913,121, 0
8914,112, 0
8915,88, 0
8916,105, 0
8917,104, 0
8918,122, 0
8919,144, 0
8920,177, 0
8921,190, 0
8922,193, 0
8923,195, 0
8924,192, 0
8925,184, 0
8926,179, 0
8927,183, 0
8928,183, 0
8929,175, 0
8930,176, 0
8931,170, 0
8932,170, 0
8933,176, 0
8934,172, 0
8935,164, 0
8936,172, 0
8937,159, 0
8938,149, 0
8939,158, 0
8940,150, 0
8941,140, 0
8942,139, 0
8943,131, 0
8944,108, 0
8945,78, 0
8946,57, 0
8947,70, 0
8948,67, 0
8949,83, 0
8950,94, 0
8951,100, 0
8952,96, 0
8953,99, 0
8954,100, 0
8955,92, 0
8956,94, 0
8957,113, 0
8958,88, 0
8959,89, 0
8960,89, 0
8961,103, 0
8962,86, 0
8963,89, 0
8964,103, 0
8965,91, 0
8966,95, 0
8967,104, 0
8968,104, 0
8969,112, 0
8970,121, 0
8971,115, 0
8972,125, 0
8973,132, 0
8974,130, 0
8975,108, 0
8976,107, 0
8977,90, 0
8978,103, 0
8979,119, 0
8980,166, 0
8981,169, 0
8982,183, 0
8983,195, 0
8984,196, 0
8985,197, 0
8986,196, 0
8987,196, 0
8988,202, 0
8989,195, 0
8990,196, 0
8991,192, 0
8992,190, 0
8993,189, 0
8994,181, 0
8995,181, 0
8996,168, 0
8997,169, 0
8998,189, 0
8999,163, 0
9000,166, 0
9001,160, 0
9002,152, 0
9003,148, 0
9004,139, 0
9005,115, 0
9006,83, 0
9007,48, 0
9008,64, 0
9009,71, 0
9010,76, 0
9011,96, 0
9012,96, 0
9013,93, 0
9014,94, 0
9015,92, 0
9016,89, 0
9017,80, 0
9018,84, 0
9019,87, 0
9020,84, 0
9021,90, 0
9022,95, 0
9023,92, 0
9024,97, 0
9025,102, 0
9026,103, 0
9027,107, 0
9028,109, 0
9029,108, 0
9030,108, 0
9031,116, 0
9032,127, 0
9033,127, 0
9034,125, 0
9035,139, 0
9036,107, 0
9037,96, 0
9038,94, 0
9039,102, 0
9040,116, 0
9041,142, 0
9042,165, 0
9043,187, 0
9044,188, 0
9045,192, 0
9046,190, 0
9047,182, 0
9048,183, 0
9049,188, 0
9050,191, 0
9051,189, 0
9052,188, 0
9053,187, 0
9054,186, 0
9055,184, 0
9056,179, 0
9057,170, 0
9058,170, 0
9059,168, 0
9060,170, 0
9061,169, 0
9062,159, 0
9063,145, 0
9064,139, 0
9065,130, 0
9066,105, 0
9067,79, 0
9068,54, 0
9069,57, 0
9070,62, 0
9071,77, 0
9072,97, 0
9073,106, 0
9074,96, 0
9075,90, 0
9076,95, 0
9077,95, 0
9078,92, 0
9079,88, 0
9080,90, 0
9081,84, 0
9082,94, 0
9083,79, 0
9084,80, 0
9085,88, 0
9086,102, 0
9087,96, 0
9088,102, 0
9089,107, 0
9090,109, 0
9091,116, 0
9092,120, 0
9093,119, 0
9094,135, 0
9095,139, 0
9096,121, 0
9097,125, 0
9098,116, 0
9099,120, 0
9100,136, 0
9101,159, 0
9102,177, 0
9103,188, 0
9104,184, 0
9105,179, 0
9106,177, 0
9107,180, 0
9108,173, 0
9109,167, 0
9110,185, 0
9111,176, 0
9112,183, 0
9113,182, 0
9114,183, 0
9115,179, 0
9116,183, 0
9117,167, 0
9118,161, 0
9119,168, 0
9120,163, 0
9121,164, 0
9122,158, 0
9123,152, 0
9124,141, 0
9125,144, 0
9126,127, 0
9127,102, 0
9128,74, 0
9129,57, 0
9130,61, 0
9131,69, 0
9132,83, 0
9133,100, 0
9134,100, 0
9135,100, 0
9136,94, 0
9137,95, 0
9138,86, 0
9139,89, 0
9140,91, 0
9141,88, 0
9142,89, 0
9143,91, 0
9144,90, 0
9145,89, 0
9146,94, 0
9147,88, 0
9148,96, 0
9149,121, 0
9150,100, 0
9151,108, 0
9152,120, 0
9153,123, 0
9154,125, 0
9155,127, 0
9156,133, 0
9157,126, 0
9158,107, 0
9159,95, 0
9160,108, 0
9161,111, 0
9162,127, 0
9163,151, 0
9164,176, 0
9165,187, 0
9166,186, 0
9167,192, 0
9168,193, 0
9169,189, 0
9170,196, 0
9171,191, 0
9172,190, 0
9173,191, 0
9174,193, 0
9175,183, 0
9176,189, 0
9177,189, 0
9178,176, 0
9179,176, 0
9180,171, 0
9181,164, 0
9182,164, 0
9183,163, 0
9184,154, 0
9185,136, 0
9186,143, 0
9187,129, 0
9188,108, 0
9189,75, 0
9190,67, 0
9191,60, 0
9192,68, 0
9193,73, 0
9194,92, 0
9195,91, 0
9196,84, 0
9197,83, 0
9198,89, 0
9199,84, 0
9200,87, 0
9201,79, 0
9202,81, 0
9203,83, 0
9204,83, 0
9205,88, 0
9206,84, 0
9207,90, 0
9208,87, 0
9209,95, 0
9210,105, 0
9211,112, 0
9212,113, 0
9213,123, 0
9214,127, 0
9215,145, 0
9216,135, 0
9217,131, 0
9218,123, 0
9219,117, 0
9220,103, 0
9221,106, 0
9222,124, 0
9223,140, 0
9224,167, 0
9225,189, 0
9226,195, 0
9227,199, 0
9228,206, 0
9229,197, 0
9230,199, 0
9231,200, 0
9232,191, 0
9233,193, 0
9234,189, 0
9235,193, 0
9236,196, 0
9237,190, 0
9238,196, 0
9239,182, 0
9240,180, 0
9241,175, 0
9242,168, 0
9243,177, 0
9244,161, 0
9245,152, 0
9246,147, 0
9247,136, 0
9248,125, 0
9249,95, 0
9250,69, 0
9251,46, 0
9252,48, 0
9253,59, 0
9254,73, 0
9255,74, 0
9256,92, 0
9257,85, 0
9258,88, 0
9259,81, 0
9260,81, 0
9261,79, 0
9262,81, 0
9263,78, 0
9264,85, 0
9265,89, 0
9266,96, 0
9267,95, 0
9268,96, 0
9269,84, 0
9270,110, 0
9271,105, 0
9272,109, 0
9273,101, 0
9274,126, 0
9275,127, 0
9276,149, 0
9277,136, 0
9278,138, 0
9279,121, 0
9280,113, 0
9281,110, 0
9282,106, 0
9283,122, 0
9284,139, 0
9285,170, 0
9286,191, 0
9287,196, 0
9288,199, 0
9289,200, 0
9290,193, 0
9291,191, 0
9292,197, 0
9293,196, 0
9294,199, 0
9295,199, 0
9296,192, 0
9297,189, 0
9298,191, 0
9299,182, 0
9300,176, 0
9301,171, 0
9302,168, 0
9303,161, 0
9304,169, 0
9305,158, 0
9306,147, 0
9307,145, 0
9308,135, 0
9309,120, 0
9310,87, 0
9311,76, 0
9312,53, 0
9313,51, 0
9314,57, 0
9315,87, 0
9316,87, 0
9317,92, 0
9318,83, 0
9319,78, 0
9320,83, 0
9321,85, 0
9322,76, 0
9323,83, 0
9324,73, 0
9325,84, 0
9326,87, 0
9327,85, 0
9328,86, 0
9329,89, 0
9330,90, 0
9331,89, 0
9332,107, 0
9333,121, 0
9334,124, 0
9335,127, 0
9336,128, 0
9337,134, 0
9338,139, 0
9339,137, 0
9340,120, 0
9341,106, 0
9342,102, 0
9343,99, 0
9344,110, 0
9345,124, 0
9346,164, 0
9347,176, 0
9348,191, 0
9349,196, 0
9350,197, 0
9351,188, 0
9352,193, 0
9353,199, 0
9354,197, 0
9355,214, 0
9356,173, 0
9357,196, 0
9358,170, 0
9359,189, 0
9360,187, 0
9361,176, 0
9362,174, 0
9363,165, 0
9364,165, 0
9365,157, 0
9366,152, 0
9367,145, 0
9368,139, 0
9369,139, 0
9370,121, 0
9371,97, 0
9372,70, 0
9373,56, 0
9374,53, 0
9375,56, 0
9376,87, 0
9377,109, 0
9378,92, 0
9379,80, 0
9380,77, 0
9381,89, 0
9382,85, 0
9383,88, 0
9384,90, 0
9385,87, 0
9386,89, 0
9387,89, 0
9388,87, 0
9389,89, 0
9390,91, 0
9391,88, 0
9392,95, 0
9393,102, 0
9394,105, 0
9395,106, 0
9396,112, 0
9397,118, 0
9398,127, 0
9399,127, 0
9400,130, 0
9401,111, 0
9402,92, 0
9403,89, 0
9404,94, 0
9405,119, 0
9406,134, 0
9407,160, 0
9408,179, 0
9409,186, 0
9410,193, 0
9411,196, 0
9412,190, 0
9413,183, 0
9414,193, 0
9415,207, 0
9416,199, 0
9417,191, 0
9418,198, 0
9419,186, 0
9420,175, 0
9421,179, 0
9422,171, 0
9423,173, 0
9424,165, 0
9425,165, 0
9426,159, 0
9427,163, 0
9428,152, 0
9429,143, 0
9430,137, 0
9431,125, 0
9432,92, 0
9433,65, 0
9434,48, 0
9435,57, 0
9436,67, 0
9437,95, 0
9438,93, 0
9439,93, 0
9440,90, 0
9441,92, 0
9442,90, 0
9443,84, 0
9444,92, 0
9445,87, 0
9446,84, 0
9447,89, 0
9448,89, 0
9449,84, 0
9450,92, 0
9451,91, 0
9452,86, 0
9453,100, 0
9454,105, 0
9455,115, 0
9456,121, 0
9457,127, 0
9458,125, 0
9459,124, 0
9460,125, 0
9461,136, 0
9462,120, 0
9463,102, 0
9464,95, 0
9465,96, 0
9466,102, 0
9467,130, 0
9468,161, 0
9469,183, 0
9470,190, 0
9471,198, 0
9472,195, 0
9473,192, 0
9474,184, 0
9475,191, 0
9476,204, 0
9477,195, 0
9478,176, 0
9479,177, 0
9480,191, 0
9481,188, 0
9482,176, 0
9483,174, 0
9484,167, 0
9485,166, 0
9486,165, 0
9487,164, 0
9488,159, 0
9489,148, 0
9490,145, 0
9491,131, 0
9492,119, 0
9493,89, 0
9494,58, 0
9495,56, 0
9496,57, 0
9497,65, 0
9498,83, 0
9499,101, 0
9500,92, 0
9501,89, 0
9502,89, 0
9503,88, 0
9504,85, 0
9505,84, 0
9506,86, 0
9507,87, 0
9508,89, 0
9509,92, 0
9510,102, 0
9511,106, 0
9512,105, 0
9513,102, 0
9514,108, 0
9515,108, 0
9516,109, 0
9517,113, 0
9518,112, 0
9519,115, 0
9520,133, 0
9521,124, 0
9522,122, 0
9523,112, 0
9524,101, 0
9525,97, 0
9526,109, 0
9527,116, 0
9528,129, 0
9529,171, 0
9530,172, 0
9531,190, 0
9532,201, 0
9533,196, 0
9534,191, 0
9535,207, 0
9536,196, 0
9537,198, 0
9538,189, 0
9539,199, 0
9540,177, 0
9541,187, 0
9542,192, 0
9543,183, 0
9544,183, 0
9545,179, 0
9546,171, 0
9547,167, 0
9548,164, 0
9549,155, 0
9550,151, 0
9551,152, 0
9552,141, 0
9553,119, 0
9554,88, 0
9555,60, 0
9556,55, 0
9557,56, 0
9558,70, 0
9559,90, 0
9560,100, 0
9561,92, 0
9562,86, 0
9563,92, 0
9564,90, 0
9565,89, 0
9566,84, 0
9567,76, 0
9568,87, 0
9569,86, 0
9570,92, 0
9571,90, 0
9572,95, 0
9573,89, 0
9574,95, 0
9575,102, 0
9576,108, 0
9577,111, 0
9578,115, 0
9579,121, 0
9580,125, 0
9581,132, 0
9582,137, 0
9583,139, 0
9584,125, 0
9585,105, 0
9586,95, 0
9587,100, 0
9588,106, 0
9589,134, 0
9590,156, 0
9591,174, 0
9592,186, 0
9593,189, 0
9594,177, 0
9595,189, 0
9596,195, 0
9597,202, 0
9598,204, 0
9599,202, 0
9600,203, 0
9601,196, 0
9602,192, 0
9603,191, 0
9604,188, 0
9605,176, 0
9606,170, 0
9607,170, 0
9608,172, 0
9609,172, 0
9610,166, 0
9611,158, 0
9612,164, 0
9613,159, 0
9614,138, 0
9615,95, 0
9616,62, 0
9617,47, 0
9618,45, 0
9619,55, 0
9620,78, 0
9621,84, 0
9622,80, 0
9623,86, 0
9624,77, 0
9625,90, 0
9626,87, 0
9627,91, 0
9628,85, 0
9629,97, 0
9630,89, 0
9631,92, 0
9632,91, 0
9633,91, 0
9634,93, 0
9635,108, 0
9636,94, 0
9637,110, 0
9638,115, 0
9639,108, 0
9640,116, 0
9641,127, 0
9642,129, 0
9643,127, 0
9644,133, 0
9645,117, 0
9646,102, 0
9647,99, 0
9648,113, 0
9649,112, 0
9650,155, 0
9651,165, 0
9652,188, 0
9653,202, 0
9654,196, 0
9655,190, 0
9656,188, 0
9657,191, 0
9658,193, 0
9659,191, 0
9660,189, 0
9661,200, 0
9662,184, 0
9663,187, 0
9664,183, 0
9665,176, 0
9666,167, 0
9667,170, 0
9668,169, 0
9669,181, 0
9670,165, 0
9671,158, 0
9672,149, 0
9673,156, 0
9674,134, 0
9675,121, 0
9676,83, 0
9677,60, 0
9678,54, 0
9679,57, 0
9680,75, 0
9681,108, 0
9682,90, 0
9683,92, 0
9684,89, 0
9685,90, 0
9686,88, 0
9687,89, 0
9688,91, 0
9689,90, 0
9690,95, 0
9691,88, 0
9692,87, 0
9693,89, 0
9694,83, 0
9695,85, 0
9696,79, 0
9697,88, 0
9698,96, 0
9699,102, 0
9700,107, 0
9701,115, 0
9702,117, 0
9703,121, 0
9704,125, 0
9705,121, 0
9706,106, 0
9707,92, 0
9708,92, 0
9709,106, 0
9710,108, 0
9711,158, 0
9712,171, 0
9713,172, 0
9714,198, 0
9715,202, 0
9716,197, 0
9717,197, 0
9718,199, 0
9719,196, 0
9720,195, 0
9721,189, 0
9722,192, 0
9723,186, 0
9724,190, 0
9725,183, 0
9726,176, 0
9727,176, 0
9728,164, 0
9729,163, 0
9730,163, 0
9731,142, 0
9732,144, 0
9733,128, 0
9734,133, 0
9735,130, 0
9736,106, 0
9737,79, 0
9738,52, 0
9739,57, 0
9740,53, 0
9741,71, 0
9742,95, 0
9743,95, 0
9744,85, 0
9745,93, 0
9746,81, 0
9747,89, 0
9748,86, 0
9749,81, 0
9750,92, 0
9751,87, 0
9752,84, 0
9753,89, 0
9754,80, 0
9755,101, 0
9756,87, 0
9757,95, 0
9758,108, 0
9759,124, 0
9760,105, 0
9761,111, 0
9762,115, 0
9763,119, 0
9764,124, 0
9765,125, 0
9766,132, 0
9767,109, 0
9768,90, 0
9769,93, 0
9770,107, 0
9771,127, 0
9772,166, 0
9773,179, 0
9774,199, 0
9775,198, 0
9776,197, 0
9777,196, 0
9778,197, 0
9779,198, 0
9780,192, 0
9781,188, 0
9782,186, 0
9783,196, 0
9784,183, 0
9785,196, 0
9786,192, 0
9787,184, 0
9788,180, 0
9789,176, 0
9790,182, 0
9791,177, 0
9792,172, 0
9793,160, 0
9794,158, 0
9795,148, 0
9796,140, 0
9797,123, 0
9798,83, 0
9799,70, 0
9800,74, 0
9801,73, 0
9802,92, 0
9803,120, 0
9804,100, 0
9805,94, 0
9806,91, 0
9807,95, 0
9808,84, 0
9809,83, 0
9810,86, 0
9811,83, 0
9812,86, 0
9813,83, 0
9814,86, 0
9815,71, 0
9816,83, 0
9817,95, 0
9818,108, 0
9819,129, 0
9820,118, 0
9821,104, 0
9822,126, 0
9823,118, 0
9824,122, 0
9825,132, 0
9826,133, 0
9827,129, 0
9828,108, 0
9829,92, 0
9830,96, 0
9831,100, 0
9832,127, 0
9833,152, 0
9834,172, 0
9835,196, 0
9836,195, 0
9837,195, 0
9838,198, 0
9839,190, 0
9840,196, 0
9841,182, 0
9842,189, 0
9843,191, 0
9844,190, 0
9845,191, 0
9846,191, 0
9847,188, 0
9848,183, 0
9849,180, 0
9850,183, 0
9851,177, 0
9852,169, 0
9853,166, 0
9854,158, 0
9855,145, 0
9856,139, 0
9857,121, 0
9858,109, 0
9859,83, 0
9860,62, 0
9861,61, 0
9862,60, 0
9863,84, 0
9864,95, 0
9865,97, 0
9866,89, 0
9867,91, 0
9868,89, 0
9869,83, 0
9870,83, 0
9871,83, 0
9872,80, 0
9873,86, 0
9874,88, 0
9875,85, 0
9876,87, 0
9877,92, 0
9878,95, 0
9879,97, 0
9880,108, 0
9881,111, 0
9882,104, 0
9883,131, 0
9884,117, 0
9885,124, 0
9886,133, 0
9887,138, 0
9888,135, 0
9889,111, 0
9890,95, 0
9891,102, 0
9892,105, 0
9893,128, 0
9894,155, 0
9895,168, 0
9896,192, 0
9897,199, 0
9898,202, 0
9899,195, 0
9900,195, 0
9901,188, 0
9902,188, 0
9903,192, 0
9904,196, 0
9905,189, 0
9906,185, 0
9907,183, 0
9908,165, 0
9909,184, 0
9910,181, 0
9911,181, 0
9912,179, 0
9913,174, 0
9914,159, 0
9915,158, 0
9916,150, 0
9917,145, 0
9918,134, 0
9919,104, 0
9920,76, 0
9921,63, 0
9922,56, 0
9923,62, 0
9924,80, 0
9925,100, 0
9926,92, 0
9927,89, 0
9928,81, 0
9929,100, 0
9930,83, 0
9931,84, 0
9932,76, 0
9933,83, 0
9934,79, 0
9935,97, 0
9936,83, 0
9937,92, 0
9938,84, 0
9939,93, 0
9940,95, 0
9941,95, 0
9942,96, 0
9943,109, 0
9944,119, 0
9945,125, 0
9946,128, 0
9947,127, 0
9948,137, 0
9949,125, 0
9950,102, 0
9951,89, 0
9952,94, 0
9953,103, 0
9954,115, 0
9955,143, 0
9956,168, 0
9957,183, 0
9958,183, 0
9959,184, 0
9960,183, 0
9961,186, 0
9962,186, 0
9963,186, 0
9964,183, 0
9965,177, 0
9966,191, 0
9967,183, 0
9968,185, 0
9969,183, 0
9970,182, 0
9971,173, 0
9972,169, 0
9973,167, 0
9974,167, 0
9975,166, 0
9976,161, 0
9977,160, 0
9978,144, 0
9979,135, 0
9980,110, 0
9981,74, 0
9982,54, 0
9983,57, 0
9984,64, 0
9985,85, 0
9986,99, 0
9987,92, 0
9988,89, 0
9989,63, 0
9990,71, 0
9991,83, 0
9992,78, 0
9993,83, 0
9994,85, 0
9995,89, 0
9996,87, 0
9997,92, 0
9998,91, 0
9999,86, 0
10000,94, 0
10001,92, 0
10002,97, 0
10003,115, 0
10004,107, 0
10005,106, 0
10006,115, 0
10007,118, 0
10008,124, 0
10009,127, 0
10010,124, 0
10011,104, 0
10012,92, 0
10013,95, 0
10014,105, 0
10015,125, 0
10016,154, 0
10017,179, 0
10018,183, 0
10019,198, 0
10020,180, 0
10021,190, 0
10022,196, 0
10023,195, 0
10024,191, 0
10025,192, 0
10026,196, 0
10027,197, 0
10028,192, 0
10029,192, 0
10030,176, 0
10031,161, 0
10032,170, 0
10033,165, 0
10034,169, 0
10035,151, 0
10036,158, 0
10037,154, 0
10038,145, 0
10039,135, 0
10040,129, 0
10041,96, 0
10042,70, 0
10043,60, 0
10044,59, 0
10045,63, 0
10046,88, 0
10047,106, 0
10048,95, 0
10049,95, 0
10050,92, 0
10051,96, 0
10052,87, 0
10053,73, 0
10054,81, 0
10055,109, 0
10056,86, 0
10057,88, 0
10058,89, 0
10059,83, 0
10060,90, 0
10061,92, 0
10062,93, 0
10063,99, 0
10064,108, 0
10065,108, 0
10066,108, 0
10067,119, 0
10068,124, 0
10069,128, 0
10070,133, 0
10071,123, 0
10072,107, 0
10073,102, 0
10074,100, 0
10075,104, 0
10076,138, 0
10077,158, 0
10078,174, 0
10079,188, 0
10080,195, 0
10081,196, 0
10082,183, 0
10083,195, 0
10084,196, 0
10085,201, 0
10086,195, 0
10087,193, 0
10088,198, 0
10089,189, 0
10090,198, 0
10091,185, 0
10092,183, 0
10093,167, 0
10094,167, 0
10095,176, 0
10096,170, 0
10097,164, 0
10098,156, 0
10099,160, 0
10100,144, 0
10101,133, 0
10102,102, 0
10103,65, 0
10104,63, 0
10105,64, 0
10106,71, 0
10107,87, 0
10108,102, 0
10109,95, 0
10110,94, 0
10111,76, 0
10112,67, 0
10113,67, 0
10114,67, 0
10115,65, 0
10116,76, 0
10117,75, 0
10118,88, 0
10119,89, 0
10120,90, 0
10121,89, 0
10122,106, 0
10123,113, 0
10124,122, 0
10125,133, 0
10126,128, 0
10127,120, 0
10128,112, 0
10129,111, 0
10130,108, 0
10131,116, 0
10132,101, 0
10133,103, 0
10134,107, 0
10135,111, 0
10136,125, 0
10137,147, 0
10138,158, 0
10139,183, 0
10140,197, 0
10141,202, 0
10142,198, 0
10143,204, 0
10144,195, 0
10145,192, 0
10146,191, 0
10147,196, 0
10148,189, 0
10149,195, 0
10150,196, 0
10151,185, 0
10152,189, 0
10153,185, 0
10154,172, 0
10155,170, 0
10156,176, 0
10157,171, 0
10158,165, 0
10159,155, 0
10160,150, 0
10161,141, 0
10162,133, 0
10163,95, 0
10164,70, 0
10165,53, 0
10166,57, 0
10167,60, 0
10168,83, 0
10169,94, 0
10170,88, 0
10171,87, 0
10172,89, 0
10173,84, 0
10174,89, 0
10175,78, 0
10176,76, 0
10177,95, 0
10178,88, 0
10179,87, 0
10180,88, 0
10181,88, 0
10182,89, 0
10183,95, 0
10184,93, 0
10185,99, 0
10186,106, 0
10187,108, 0
10188,115, 0
10189,116, 0
10190,121, 0
10191,127, 0
10192,139, 0
10193,124, 0
10194,103, 0
10195,99, 0
10196,102, 0
10197,115, 0
10198,138, 0
10199,158, 0
10200,181, 0
10201,196, 0
10202,191, 0
10203,183, 0
10204,193, 0
10205,190, 0
10206,197, 0
10207,196, 0
10208,197, 0
10209,199, 0
10210,193, 0
10211,196, 0
10212,174, 0
10213,172, 0
10214,156, 0
10215,163, 0
10216,175, 0
10217,167, 0
10218,159, 0
10219,159, 0
10220,152, 0
10221,145, 0
10222,140, 0
10223,130, 0
10224,91, 0
10225,76, 0
10226,63, 0
10227,55, 0
10228,74, 0
10229,88, 0
10230,100, 0
10231,92, 0
10232,91, 0
10233,97, 0
10234,85, 0
10235,90, 0
10236,95, 0
10237,80, 0
10238,89, 0
10239,84, 0
10240,96, 0
10241,84, 0
10242,78, 0
10243,89, 0
10244,93, 0
10245,97, 0
10246,99, 0
10247,107, 0
10248,112, 0
10249,116, 0
10250,115, 0
10251,124, 0
10252,133, 0
10253,134, 0
10254,121, 0
10255,95, 0
10256,95, 0
10257,117, 0
10258,131, 0
10259,138, 0
10260,166, 0
10261,185, 0
10262,196, 0
10263,191, 0
10264,196, 0
10265,196, 0
10266,193, 0
10267,190, 0
10268,185, 0
10269,195, 0
10270,192, 0
10271,191, 0
10272,192, 0
10273,183, 0
10274,185, 0
10275,172, 0
10276,165, 0
10277,177, 0
10278,176, 0
10279,166, 0
10280,164, 0
10281,145, 0
10282,143, 0
10283,139, 0
10284,123, 0
10285,90, 0
10286,65, 0
10287,55, 0
10288,53, 0
10289,70, 0
10290,90, 0
10291,97, 0
10292,91, 0
10293,89, 0
10294,83, 0
10295,76, 0
10296,87, 0
10297,87, 0
10298,78, 0
10299,90, 0
10300,88, 0
10301,91, 0
10302,91, 0
10303,89, 0
10304,93, 0
10305,91, 0
10306,93, 0
10307,116, 0
10308,115, 0
10309,113, 0
10310,115, 0
10311,126, 0
10312,126, 0
10313,133, 0
10314,136, 0
10315,121, 0
10316,100, 0
10317,102, 0
10318,111, 0
10319,111, 0
10320,147, 0
10321,170, 0
10322,185, 0
10323,196, 0
10324,196, 0
10325,203, 0
10326,185, 0
10327,190, 0
10328,196, 0
10329,199, 0
10330,197, 0
10331,193, 0
10332,187, 0
10333,193, 0
10334,187, 0
10335,187, 0
10336,181, 0
10337,170, 0
10338,176, 0
10339,170, 0
10340,161, 0
10341,161, 0
10342,155, 0
10343,143, 0
10344,139, 0
10345,123, 0
10346,92, 0
10347,63, 0
10348,52, 0
10349,59, 0
10350,75, 0
10351,92, 0
10352,99, 0
10353,89, 0
10354,88, 0
10355,86, 0
10356,88, 0
10357,86, 0
10358,78, 0
10359,80, 0
10360,84, 0
10361,83, 0
10362,86, 0
10363,90, 0
10364,86, 0
10365,95, 0
10366,106, 0
10367,108, 0
10368,104, 0
10369,105, 0
10370,110, 0
10371,112, 0
10372,120, 0
10373,124, 0
10374,135, 0
10375,139, 0
10376,112, 0
10377,102, 0
10378,104, 0
10379,104, 0
10380,119, 0
10381,145, 0
10382,169, 0
10383,185, 0
10384,198, 0
10385,197, 0
10386,204, 0
10387,201, 0
10388,197, 0
10389,192, 0
10390,202, 0
10391,188, 0
10392,191, 0
10393,196, 0
10394,184, 0
10395,196, 0
10396,176, 0
10397,170, 0
10398,164, 0
10399,170, 0
10400,173, 0
10401,166, 0
10402,164, 0
10403,147, 0
10404,147, 0
10405,139, 0
10406,115, 0
10407,86, 0
10408,69, 0
10409,61, 0
10410,69, 0
10411,77, 0
10412,95, 0
10413,95, 0
10414,92, 0
10415,86, 0
10416,84, 0
10417,88, 0
10418,77, 0
10419,83, 0
10420,85, 0
10421,83, 0
10422,86, 0
10423,86, 0
10424,92, 0
10425,89, 0
10426,96, 0
10427,102, 0
10428,110, 0
10429,118, 0
10430,108, 0
10431,104, 0
10432,130, 0
10433,132, 0
10434,129, 0
10435,136, 0
10436,132, 0
10437,110, 0
10438,100, 0
10439,92, 0
10440,101, 0
10441,113, 0
10442,142, 0
10443,165, 0
10444,183, 0
10445,188, 0
10446,202, 0
10447,176, 0
10448,185, 0
10449,183, 0
10450,196, 0
10451,204, 0
10452,199, 0
10453,204, 0
10454,203, 0
10455,187, 0
10456,197, 0
10457,188, 0
10458,172, 0
10459,170, 0
10460,179, 0
10461,163, 0
10462,163, 0
10463,159, 0
10464,157, 0
10465,150, 0
10466,137, 0
10467,118, 0
10468,76, 0
10469,61, 0
10470,54, 0
10471,55, 0
10472,72, 0
10473,88, 0
10474,87, 0
10475,93, 0
10476,83, 0
10477,80, 0
10478,85, 0
10479,84, 0
10480,90, 0
10481,91, 0
10482,108, 0
10483,109, 0
10484,107, 0
10485,95, 0
10486,83, 0
10487,76, 0
10488,74, 0
10489,83, 0
10490,97, 0
10491,95, 0
10492,103, 0
10493,105, 0
10494,102, 0
10495,111, 0
10496,130, 0
10497,124, 0
10498,89, 0
10499,92, 0
10500,92, 0
10501,105, 0
10502,121, 0
10503,145, 0
10504,171, 0
10505,189, 0
10506,214, 0
10507,201, 0
10508,185, 0
10509,191, 0
10510,190, 0
10511,196, 0
10512,197, 0
10513,196, 0
10514,186, 0
10515,195, 0
10516,195, 0
10517,176, 0
10518,186, 0
10519,173, 0
10520,175, 0
10521,167, 0
10522,164, 0
10523,158, 0
10524,154, 0
10525,156, 0
10526,140, 0
10527,132, 0
10528,113, 0
10529,71, 0
10530,60, 0
10531,57, 0
10532,58, 0
10533,72, 0
10534,95, 0
10535,90, 0
10536,90, 0
10537,85, 0
10538,84, 0
10539,87, 0
10540,83, 0
10541,76, 0
10542,74, 0
10543,76, 0
10544,83, 0
10545,84, 0
10546,71, 0
10547,87, 0
10548,92, 0
10549,102, 0
10550,99, 0
10551,102, 0
10552,106, 0
10553,127, 0
10554,122, 0
10555,122, 0
10556,126, 0
10557,133, 0
10558,132, 0
10559,112, 0
10560,102, 0
10561,100, 0
10562,102, 0
10563,123, 0
10564,152, 0
10565,172, 0
10566,180, 0
10567,189, 0
10568,199, 0
10569,186, 0
10570,189, 0
10571,183, 0
10572,202, 0
10573,196, 0
10574,197, 0
10575,196, 0
10576,197, 0
10577,196, 0
10578,186, 0
10579,183, 0
10580,181, 0
10581,165, 0
10582,173, 0
10583,164, 0
10584,157, 0
10585,161, 0
10586,156, 0
10587,145, 0
10588,133, 0
10589,115, 0
10590,60, 0
10591,46, 0
10592,51, 0
10593,67, 0
10594,78, 0
10595,91, 0
10596,97, 0
10597,89, 0
10598,88, 0
10599,87, 0
10600,87, 0
10601,77, 0
10602,95, 0
10603,83, 0
10604,89, 0
10605,83, 0
10606,86, 0
10607,86, 0
10608,90, 0
10609,93, 0
10610,97, 0
10611,97, 0
10612,106, 0
10613,108, 0
10614,123, 0
10615,116, 0
10616,125, 0
10617,130, 0
10618,138, 0
10619,133, 0
10620,116, 0
10621,97, 0
10622,104, 0
10623,111, 0
10624,123, 0
10625,152, 0
10626,172, 0
10627,191, 0
10628,193, 0
10629,190, 0
10630,192, 0
10631,189, 0
10632,176, 0
10633,197, 0
10634,189, 0
10635,195, 0
10636,192, 0
10637,190, 0
10638,188, 0
10639,191, 0
10640,183, 0
10641,176, 0
10642,175, 0
10643,165, 0
10644,170, 0
10645,160, 0
10646,164, 0
10647,151, 0
10648,145, 0
10649,138, 0
10650,119, 0
10651,85, 0
10652,58, 0
10653,57, 0
10654,58, 0
10655,78, 0
10656,91, 0
10657,95, 0
10658,89, 0
10659,86, 0
10660,88, 0
10661,80, 0
10662,81, 0
10663,77, 0
10664,83, 0
10665,83, 0
10666,83, 0
10667,84, 0
10668,85, 0
10669,89, 0
10670,92, 0
10671,96, 0
10672,100, 0
10673,101, 0
10674,110, 0
10675,107, 0
10676,126, 0
10677,126, 0
10678,139, 0
10679,135, 0
10680,124, 0
10681,100, 0
10682,87, 0
10683,81, 0
10684,96, 0
10685,111, 0
10686,152, 0
10687,169, 0
10688,181, 0
10689,196, 0
10690,196, 0
10691,192, 0
10692,190, 0
10693,195, 0
10694,192, 0
10695,192, 0
10696,191, 0
10697,195, 0
10698,196, 0
10699,188, 0
10700,193, 0
10701,181, 0
10702,166, 0
10703,158, 0
10704,164, 0
10705,164, 0
10706,158, 0
10707,134, 0
10708,145, 0
10709,139, 0
10710,127, 0
10711,99, 0
10712,81, 0
10713,70, 0
10714,51, 0
10715,59, 0
10716,73, 0
10717,94, 0
10718,92, 0
10719,87, 0
10720,89, 0
10721,85, 0
10722,83, 0
10723,85, 0
10724,70, 0
10725,73, 0
10726,75, 0
10727,75, 0
10728,79, 0
10729,81, 0
10730,89, 0
10731,91, 0
10732,102, 0
10733,95, 0
10734,117, 0
10735,121, 0
10736,138, 0
10737,125, 0
10738,131, 0
10739,134, 0
10740,140, 0
10741,129, 0
10742,108, 0
10743,95, 0
10744,94, 0
10745,99, 0
10746,121, 0
10747,153, 0
10748,174, 0
10749,184, 0
10750,190, 0
10751,191, 0
10752,191, 0
10753,192, 0
10754,192, 0
10755,190, 0
10756,192, 0
10757,189, 0
10758,187, 0
10759,188, 0
10760,192, 0
10761,186, 0
10762,180, 0
10763,177, 0
10764,174, 0
10765,172, 0
10766,171, 0
10767,167, 0
10768,159, 0
10769,151, 0
10770,142, 0
10771,125, 0
10772,107, 0
10773,70, 0
10774,64, 0
10775,63, 0
10776,63, 0
10777,83, 0
10778,96, 0
10779,91, 0
10780,90, 0
10781,89, 0
10782,86, 0
10783,87, 0
10784,79, 0
10785,85, 0
10786,87, 0
10787,88, 0
10788,80, 0
10789,84, 0
10790,86, 0
10791,78, 0
10792,86, 0
10793,95, 0
10794,96, 0
10795,104, 0
10796,108, 0
10797,115, 0
10798,123, 0
10799,130, 0
10800,134, 0
10801,134, 0
10802,116, 0
10803,107, 0
10804,93, 0
10805,97, 0
10806,111, 0
10807,127, 0
10808,152, 0
10809,173, 0
10810,185, 0
10811,185, 0
10812,196, 0
10813,189, 0
10814,193, 0
10815,189, 0
10816,189, 0
10817,191, 0
10818,193, 0
10819,197, 0
10820,190, 0
10821,191, 0
10822,195, 0
10823,183, 0
10824,192, 0
10825,167, 0
10826,174, 0
10827,170, 0
10828,170, 0
10829,154, 0
10830,150, 0
10831,149, 0
10832,132, 0
10833,108, 0
10834,79, 0
10835,58, 0
10836,56, 0
10837,63, 0
10838,84, 0
10839,93, 0
10840,91, 0
10841,85, 0
10842,86, 0
10843,89, 0
10844,84, 0
10845,77, 0
10846,90, 0
10847,88, 0
10848,122, 0
10849,95, 0
10850,87, 0
10851,99, 0
10852,95, 0
10853,89, 0
10854,94, 0
10855,92, 0
10856,102, 0
10857,104, 0
10858,110, 0
10859,115, 0
10860,120, 0
10861,122, 0
10862,121, 0
10863,121, 0
10864,102, 0
10865,90, 0
10866,97, 0
10867,104, 0
10868,129, 0
10869,161, 0
10870,184, 0
10871,177, 0
10872,198, 0
10873,199, 0
10874,180, 0
10875,186, 0
10876,192, 0
10877,192, 0
10878,199, 0
10879,196, 0
10880,183, 0
10881,204, 0
10882,199, 0
10883,188, 0
10884,179, 0
10885,185, 0
10886,174, 0
10887,183, 0
10888,170, 0
10889,152, 0
10890,155, 0
10891,148, 0
10892,142, 0
10893,125, 0
10894,95, 0
10895,58, 0
10896,52, 0
10897,57, 0
10898,67, 0
10899,95, 0
10900,106, 0
10901,102, 0
10902,99, 0
10903,92, 0
10904,93, 0
10905,92, 0
10906,86, 0
10907,88, 0
10908,80, 0
10909,84, 0
10910,92, 0
10911,86, 0
10912,89, 0
10913,91, 0
10914,89, 0
10915,101, 0
10916,102, 0
10917,118, 0
10918,117, 0
10919,123, 0
10920,135, 0
10921,131, 0
10922,136, 0
10923,136, 0
10924,130, 0
10925,104, 0
10926,92, 0
10927,100, 0
10928,107, 0
10929,135, 0
10930,171, 0
10931,183, 0
10932,189, 0
10933,193, 0
10934,189, 0
10935,187, 0
10936,191, 0
10937,187, 0
10938,200, 0
10939,193, 0
10940,193, 0
10941,181, 0
10942,191, 0
10943,189, 0
10944,186, 0
10945,174, 0
10946,170, 0
10947,170, 0
10948,170, 0
10949,158, 0
10950,158, 0
10951,152, 0
10952,147, 0
10953,139, 0
10954,124, 0
10955,97, 0
10956,75, 0
10957,58, 0
10958,61, 0
10959,64, 0
10960,91, 0
10961,95, 0
10962,94, 0
10963,90, 0
10964,91, 0
10965,89, 0
10966,80, 0
10967,72, 0
10968,83, 0
10969,85, 0
10970,88, 0
10971,99, 0
10972,91, 0
10973,90, 0
10974,89, 0
10975,93, 0
10976,96, 0
10977,99, 0
10978,107, 0
10979,113, 0
10980,116, 0
10981,117, 0
10982,126, 0
10983,127, 0
10984,133, 0
10985,123, 0
10986,108, 0
10987,93, 0
10988,99, 0
10989,108, 0
10990,137, 0
10991,170, 0
10992,192, 0
10993,193, 0
10994,185, 0
10995,196, 0
10996,180, 0
10997,197, 0
10998,193, 0
10999,199, 0
11000,202, 0
11001,200, 0
11002,182, 0
11003,187, 0
11004,184, 0
11005,183, 0
11006,158, 0
11007,177, 0
11008,159, 0
11009,163, 0
11010,164, 0
11011,158, 0
11012,152, 0
11013,142, 0
11014,137, 0
11015,121, 0
11016,100, 0
11017,62, 0
11018,58, 0
11019,73, 0
11020,69, 0
11021,92, 0
11022,104, 0
11023,85, 0
11024,94, 0
11025,92, 0
11026,91, 0
11027,79, 0
11028,92, 0
11029,95, 0
11030,97, 0
11031,89, 0
11032,89, 0
11033,81, 0
11034,87, 0
11035,86, 0
11036,92, 0
11037,99, 0
11038,103, 0
11039,103, 0
11040,115, 0
11041,121, 0
11042,111, 0
11043,126, 0
11044,131, 0
11045,125, 0
11046,118, 0
11047,99, 0
11048,94, 0
11049,104, 0
11050,125, 0
11051,141, 0
11052,167, 0
11053,202, 0
11054,186, 0
11055,172, 0
11056,196, 0
11057,190, 0
11058,193, 0
11059,190, 0
11060,192, 0
11061,192, 0
11062,192, 0
11063,195, 0
11064,188, 0
11065,189, 0
11066,191, 0
11067,189, 0
11068,173, 0
11069,165, 0
11070,170, 0
11071,166, 0
11072,159, 0
11073,149, 0
11074,145, 0
11075,136, 0
11076,127, 0
11077,84, 0
11078,70, 0
11079,63, 0
11080,60, 0
11081,77, 0
11082,96, 0
11083,99, 0
11084,79, 0
11085,89, 0
11086,90, 0
11087,89, 0
11088,89, 0
11089,92, 0
11090,74, 0
11091,79, 0
11092,83, 0
11093,80, 0
11094,84, 0
11095,91, 0
11096,91, 0
11097,95, 0
11098,93, 0
11099,103, 0
11100,106, 0
11101,111, 0
11102,112, 0
11103,119, 0
11104,127, 0
11105,130, 0
11106,131, 0
11107,113, 0
11108,95, 0
11109,96, 0
11110,104, 0
11111,117, 0
11112,139, 0
11113,167, 0
11114,176, 0
11115,191, 0
11116,201, 0
11117,192, 0
11118,191, 0
11119,196, 0
11120,193, 0
11121,201, 0
11122,189, 0
11123,181, 0
11124,188, 0
11125,183, 0
11126,183, 0
11127,180, 0
11128,173, 0
11129,161, 0
11130,169, 0
11131,165, 0
11132,163, 0
11133,157, 0
11134,152, 0
11135,139, 0
11136,137, 0
11137,118, 0
11138,95, 0
11139,65, 0
11140,59, 0
11141,51, 0
11142,68, 0
11143,97, 0
11144,104, 0
11145,90, 0
11146,115, 0
11147,92, 0
11148,90, 0
11149,88, 0
11150,85, 0
11151,85, 0
11152,84, 0
11153,85, 0
11154,102, 0
11155,90, 0
11156,88, 0
11157,94, 0
11158,95, 0
11159,103, 0
11160,108, 0
11161,111, 0
11162,118, 0
11163,117, 0
11164,131, 0
11165,130, 0
11166,130, 0
11167,133, 0
11168,120, 0
11169,94, 0
11170,95, 0
11171,103, 0
11172,109, 0
11173,141, 0
11174,166, 0
11175,180, 0
11176,198, 0
11177,191, 0
11178,189, 0
11179,183, 0
11180,189, 0
11181,186, 0
11182,190, 0
11183,191, 0
11184,189, 0
11185,184, 0
11186,183, 0
11187,183, 0
11188,187, 0
11189,177, 0
11190,167, 0
11191,164, 0
11192,169, 0
11193,166, 0
11194,155, 0
11195,158, 0
11196,148, 0
11197,135, 0
11198,119, 0
11199,85, 0
11200,58, 0
11201,55, 0
11202,56, 0
11203,83, 0
11204,107, 0
11205,105, 0
11206,101, 0
11207,95, 0
11208,93, 0
11209,88, 0
11210,94, 0
11211,87, 0
11212,85, 0
11213,91, 0
11214,90, 0
11215,92, 0
11216,83, 0
11217,96, 0
11218,93, 0
11219,100, 0
11220,99, 0
11221,102, 0
11222,106, 0
11223,103, 0
11224,112, 0
11225,120, 0
11226,128, 0
11227,127, 0
11228,129, 0
11229,111, 0
11230,86, 0
11231,86, 0
11232,107, 0
11233,121, 0
11234,137, 0
11235,165, 0
11236,184, 0
11237,179, 0
11238,186, 0
11239,188, 0
11240,183, 0
11241,202, 0
11242,192, 0
11243,189, 0
11244,190, 0
11245,182, 0
11246,175, 0
11247,182, 0
11248,180, 0
11249,176, 0
11250,177, 0
11251,170, 0
11252,168, 0
11253,171, 0
11254,164, 0
11255,158, 0
11256,152, 0
11257,143, 0
11258,139, 0
11259,119, 0
11260,89, 0
11261,69, 0
11262,64, 0
11263,69, 0
11264,79, 0
11265,102, 0
11266,102, 0
11267,96, 0
11268,102, 0
11269,95, 0
11270,93, 0
11271,95, 0
11272,89, 0
11273,87, 0
11274,92, 0
11275,92, 0
11276,92, 0
11277,97, 0
11278,100, 0
11279,92, 0
11280,99, 0
11281,101, 0
11282,100, 0
11283,113, 0
11284,108, 0
11285,121, 0
11286,118, 0
11287,131, 0
11288,127, 0
11289,126, 0
11290,101, 0
11291,94, 0
11292,84, 0
11293,99, 0
11294,109, 0
11295,145, 0
11296,164, 0
11297,179, 0
11298,189, 0
11299,188, 0
11300,189, 0
11301,187, 0
11302,195, 0
11303,183, 0
11304,190, 0
11305,188, 0
11306,184, 0
11307,185, 0
11308,186, 0
11309,183, 0
11310,180, 0
11311,173, 0
11312,166, 0
11313,170, 0
11314,168, 0
11315,158, 0
11316,158, 0
11317,159, 0
11318,144, 0
11319,133, 0
11320,126, 0
11321,85, 0
11322,70, 0
11323,63, 0
11324,63, 0
11325,74, 0
11326,103, 0
11327,108, 0
11328,99, 0
11329,107, 0
11330,100, 0
11331,92, 0
11332,89, 0
11333,94, 0
11334,92, 0
11335,92, 0
11336,92, 0
11337,90, 0
11338,93, 0
11339,95, 0
11340,93, 0
11341,95, 0
11342,101, 0
11343,106, 0
11344,116, 0
11345,119, 0
11346,111, 0
11347,129, 0
11348,126, 0
11349,136, 0
11350,134, 0
11351,133, 0
11352,101, 0
11353,100, 0
11354,107, 0
11355,116, 0
11356,151, 0
11357,169, 0
11358,187, 0
11359,189, 0
11360,186, 0
11361,183, 0
11362,183, 0
11363,179, 0
11364,177, 0
11365,184, 0
11366,198, 0
11367,183, 0
11368,172, 0
11369,181, 0
11370,173, 0
11371,183, 0
11372,182, 0
11373,172, 0
11374,176, 0
11375,166, 0
11376,164, 0
11377,153, 0
11378,149, 0
11379,128, 0
11380,132, 0
11381,100, 0
11382,78, 0
11383,59, 0
11384,58, 0
11385,59, 0
11386,74, 0
11387,99, 0
11388,107, 0
11389,95, 0
11390,95, 0
11391,93, 0
11392,93, 0
11393,91, 0
11394,89, 0
11395,88, 0
11396,91, 0
11397,89, 0
11398,89, 0
11399,92, 0
11400,95, 0
11401,96, 0
11402,96, 0
11403,103, 0
11404,108, 0
11405,106, 0
11406,113, 0
11407,115, 0
11408,120, 0
11409,127, 0
11410,127, 0
11411,138, 0
11412,115, 0
11413,95, 0
11414,100, 0
11415,106, 0
11416,124, 0
11417,149, 0
11418,176, 0
11419,180, 0
11420,185, 0
11421,195, 0
11422,180, 0
11423,186, 0
11424,185, 0
11425,187, 0
11426,192, 0
11427,189, 0
11428,189, 0
11429,184, 0
11430,186, 0
11431,164, 0
11432,161, 0
11433,158, 0
11434,149, 0
11435,169, 0
11436,168, 0
11437,163, 0
11438,159, 0
11439,152, 0
11440,145, 0
11441,136, 0
11442,116, 0
11443,81, 0
11444,70, 0
11445,56, 0
11446,57, 0
11447,84, 0
11448,97, 0
11449,94, 0
11450,92, 0
11451,94, 0
11452,90, 0
11453,92, 0
11454,88, 0
11455,86, 0
11456,83, 0
11457,89, 0
11458,92, 0
11459,86, 0
11460,88, 0
11461,91, 0
11462,91, 0
11463,92, 0
11464,95, 0
11465,102, 0
11466,108, 0
11467,113, 0
11468,121, 0
11469,127, 0
11470,133, 0
11471,136, 0
11472,136, 0
11473,102, 0
11474,102, 0
11475,102, 0
11476,109, 0
11477,123, 0
11478,158, 0
11479,176, 0
11480,180, 0
11481,196, 0
11482,189, 0
11483,184, 0
11484,199, 0
11485,192, 0
11486,192, 0
11487,191, 0
11488,189, 0
11489,189, 0
11490,188, 0
11491,188, 0
11492,182, 0
11493,188, 0
11494,176, 0
11495,168, 0
11496,171, 0
11497,167, 0
11498,159, 0
11499,154, 0
11500,147, 0
11501,142, 0
11502,128, 0
11503,108, 0
11504,76, 0
11505,57, 0
11506,57, 0
11507,65, 0
11508,89, 0
11509,102, 0
11510,97, 0
11511,94, 0
11512,95, 0
11513,91, 0
11514,101, 0
11515,92, 0
11516,89, 0
11517,91, 0
11518,89, 0
11519,89, 0
11520,85, 0
11521,76, 0
11522,88, 0
11523,87, 0
11524,93, 0
11525,97, 0
11526,103, 0
11527,96, 0
11528,115, 0
11529,123, 0
11530,127, 0
11531,133, 0
11532,139, 0
11533,131, 0
11534,100, 0
11535,95, 0
11536,95, 0
11537,109, 0
11538,127, 0
11539,158, 0
11540,185, 0
11541,183, 0
11542,191, 0
11543,189, 0
11544,189, 0
11545,185, 0
11546,191, 0
11547,185, 0
11548,189, 0
11549,187, 0
11550,185, 0
11551,183, 0
11552,175, 0
11553,180, 0
11554,175, 0
11555,155, 0
11556,166, 0
11557,164, 0
11558,159, 0
11559,156, 0
11560,155, 0
11561,144, 0
11562,139, 0
11563,126, 0
11564,97, 0
11565,63, 0
11566,58, 0
11567,57, 0
11568,63, 0
11569,77, 0
11570,97, 0
11571,92, 0
11572,91, 0
11573,92, 0
11574,89, 0
11575,89, 0
11576,86, 0
11577,88, 0
11578,86, 0
11579,91, 0
11580,89, 0
11581,92, 0
11582,86, 0
11583,90, 0
11584,94, 0
11585,102, 0
11586,102, 0
11587,107, 0
11588,106, 0
11589,109, 0
11590,119, 0
11591,129, 0
11592,132, 0
11593,139, 0
11594,133, 0
11595,105, 0
11596,97, 0
11597,104, 0
11598,109, 0
11599,127, 0
11600,152, 0
11601,176, 0
11602,195, 0
11603,207, 0
11604,196, 0
11605,182, 0
11606,183, 0
11607,193, 0
11608,186, 0
11609,190, 0
11610,189, 0
11611,187, 0
11612,183, 0
11613,186, 0
11614,184, 0
11615,170, 0
11616,163, 0
11617,161, 0
11618,165, 0
11619,148, 0
11620,157, 0
11621,152, 0
11622,144, 0
11623,148, 0
11624,128, 0
11625,97, 0
11626,73, 0
11627,58, 0
11628,58, 0
11629,61, 0
11630,85, 0
11631,94, 0
11632,93, 0
11633,92, 0
11634,95, 0
11635,92, 0
11636,87, 0
11637,86, 0
11638,86, 0
11639,83, 0
11640,89, 0
11641,89, 0
11642,89, 0
11643,94, 0
11644,96, 0
11645,121, 0
11646,111, 0
11647,107, 0
11648,112, 0
11649,116, 0
11650,121, 0
11651,126, 0
11652,132, 0
11653,127, 0
11654,140, 0
11655,123, 0
11656,100, 0
11657,89, 0
11658,96, 0
11659,102, 0
11660,127, 0
11661,156, 0
11662,176, 0
11663,182, 0
11664,189, 0
11665,189, 0
11666,187, 0
11667,189, 0
11668,189, 0
11669,200, 0
11670,190, 0
11671,189, 0
11672,193, 0
11673,188, 0
11674,184, 0
11675,189, 0
11676,183, 0
11677,170, 0
11678,167, 0
11679,166, 0
11680,163, 0
11681,159, 0
11682,154, 0
11683,147, 0
11684,130, 0
11685,123, 0
11686,93, 0
11687,89, 0
11688,63, 0
11689,61, 0
11690,69, 0
11691,95, 0
11692,101, 0
11693,92, 0
11694,89, 0
11695,89, 0
11696,92, 0
11697,88, 0
11698,85, 0
11699,89, 0
11700,91, 0
11701,84, 0
11702,94, 0
11703,89, 0
11704,95, 0
11705,119, 0
11706,97, 0
11707,102, 0
11708,101, 0
11709,107, 0
11710,106, 0
11711,118, 0
11712,127, 0
11713,130, 0
11714,139, 0
11715,136, 0
11716,127, 0
11717,101, 0
11718,96, 0
11719,106, 0
11720,113, 0
11721,134, 0
11722,157, 0
11723,183, 0
11724,188, 0
11725,184, 0
11726,184, 0
11727,186, 0
11728,177, 0
11729,190, 0
11730,189, 0
11731,191, 0
11732,195, 0
11733,188, 0
11734,183, 0
11735,182, 0
11736,189, 0
11737,169, 0
11738,164, 0
11739,161, 0
11740,163, 0
11741,164, 0
11742,158, 0
11743,148, 0
11744,133, 0
11745,139, 0
11746,122, 0
11747,92, 0
11748,71, 0
11749,52, 0
11750,76, 0
11751,72, 0
11752,93, 0
11753,101, 0
11754,103, 0
11755,95, 0
11756,89, 0
11757,91, 0
11758,83, 0
11759,87, 0
11760,83, 0
11761,84, 0
11762,79, 0
11763,90, 0
11764,90, 0
11765,85, 0
11766,92, 0
11767,95, 0
11768,102, 0
11769,101, 0
11770,109, 0
11771,101, 0
11772,113, 0
11773,121, 0
11774,121, 0
11775,121, 0
11776,131, 0
11777,109, 0
11778,91, 0
11779,87, 0
11780,102, 0
11781,108, 0
11782,134, 0
11783,164, 0
11784,182, 0
11785,196, 0
11786,199, 0
11787,204, 0
11788,196, 0
11789,189, 0
11790,200, 0
11791,192, 0
11792,204, 0
11793,188, 0
11794,186, 0
11795,195, 0
11796,189, 0
11797,183, 0
11798,183, 0
11799,175, 0
11800,167, 0
11801,170, 0
11802,167, 0
11803,159, 0
11804,138, 0
11805,145, 0
11806,139, 0
11807,122, 0
11808,89, 0
11809,63, 0
11810,44, 0
11811,57, 0
11812,70, 0
11813,84, 0
11814,95, 0
11815,99, 0
11816,80, 0
11817,81, 0
11818,81, 0
11819,80, 0
11820,76, 0
11821,77, 0
11822,78, 0
11823,75, 0
11824,94, 0
11825,89, 0
11826,85, 0
11827,87, 0
11828,89, 0
11829,91, 0
11830,104, 0
11831,102, 0
11832,112, 0
11833,115, 0
11834,132, 0
11835,130, 0
11836,138, 0
11837,133, 0
11838,129, 0
11839,113, 0
11840,104, 0
11841,111, 0
11842,115, 0
11843,145, 0
11844,170, 0
11845,195, 0
11846,201, 0
11847,197, 0
11848,199, 0
11849,186, 0
11850,195, 0
11851,190, 0
11852,189, 0
11853,197, 0
11854,197, 0
11855,199, 0
11856,200, 0
11857,200, 0
11858,180, 0
11859,179, 0
11860,176, 0
11861,174, 0
11862,168, 0
11863,169, 0
11864,160, 0
11865,151, 0
11866,152, 0
11867,133, 0
11868,115, 0
11869,85, 0
11870,70, 0
11871,57, 0
11872,52, 0
11873,65, 0
11874,89, 0
11875,91, 0
11876,80, 0
11877,80, 0
11878,84, 0
11879,76, 0
11880,89, 0
11881,79, 0
11882,83, 0
11883,88, 0
11884,75, 0
11885,88, 0
11886,84, 0
11887,96, 0
11888,91, 0
11889,89, 0
11890,115, 0
11891,108, 0
11892,104, 0
11893,117, 0
11894,117, 0
11895,127, 0
11896,128, 0
11897,136, 0
11898,138, 0
11899,126, 0
11900,95, 0
11901,92, 0
11902,108, 0
11903,116, 0
11904,141, 0
11905,172, 0
11906,189, 0
11907,201, 0
11908,202, 0
11909,202, 0
11910,212, 0
11911,191, 0
11912,204, 0
11913,207, 0
11914,204, 0
11915,201, 0
11916,200, 0
11917,191, 0
11918,191, 0
11919,195, 0
11920,182, 0
11921,175, 0
11922,183, 0
11923,185, 0
11924,169, 0
11925,158, 0
11926,152, 0
11927,148, 0
11928,135, 0
11929,118, 0
11930,89, 0
11931,63, 0
11932,57, 0
11933,65, 0
11934,79, 0
11935,90, 0
11936,91, 0
11937,70, 0
11938,80, 0
11939,88, 0
11940,86, 0
11941,79, 0
11942,80, 0
11943,75, 0
11944,80, 0
11945,83, 0
11946,83, 0
11947,85, 0
11948,83, 0
11949,83, 0
11950,77, 0
11951,100, 0
11952,96, 0
11953,115, 0
11954,119, 0
11955,125, 0
11956,127, 0
11957,133, 0
11958,139, 0
11959,139, 0
11960,112, 0
11961,111, 0
11962,124, 0
11963,117, 0
11964,132, 0
11965,148, 0
11966,179, 0
11967,195, 0
11968,203, 0
11969,199, 0
11970,205, 0
11971,197, 0
11972,191, 0
11973,204, 0
11974,197, 0
11975,196, 0
11976,196, 0
11977,190, 0
11978,188, 0
11979,195, 0
11980,190, 0
11981,175, 0
11982,173, 0
11983,172, 0
11984,183, 0
11985,166, 0
11986,158, 0
11987,149, 0
11988,142, 0
11989,137, 0
11990,113, 0
11991,83, 0
11992,59, 0
11993,62, 0
11994,70, 0
11995,75, 0
11996,95, 0
11997,107, 0
11998,108, 0
11999,94, 0
12000,91, 0
12001,87, 0
12002,102, 0
12003,74, 0
12004,81, 0
12005,83, 0
12006,86, 0
12007,91, 0
12008,86, 0
12009,86, 0
12010,87, 0
12011,79, 0
12012,92, 0
12013,102, 0
12014,100, 0
12015,108, 0
12016,115, 0
12017,125, 0
12018,129, 0
12019,139, 0
12020,147, 0
12021,125, 0
12022,108, 0
12023,104, 0
12024,111, 0
12025,125, 0
12026,143, 0
12027,171, 0
12028,186, 0
12029,196, 0
12030,199, 0
12031,195, 0
12032,190, 0
12033,170, 0
12034,185, 0
12035,182, 0
12036,179, 0
12037,182, 0
12038,183, 0
12039,183, 0
12040,183, 0
12041,183, 0
12042,170, 0
12043,165, 0
12044,175, 0
12045,159, 0
12046,171, 0
12047,154, 0
12048,145, 0
12049,141, 0
12050,139, 0
12051,111, 0
12052,81, 0
12053,56, 0
12054,51, 0
12055,55, 0
12056,73, 0
12057,89, 0
12058,95, 0
12059,95, 0
12060,89, 0
12061,91, 0
12062,106, 0
12063,73, 0
12064,75, 0
12065,100, 0
12066,80, 0
12067,88, 0
12068,85, 0
12069,85, 0
12070,92, 0
12071,89, 0
12072,95, 0
12073,95, 0
12074,101, 0
12075,105, 0
12076,115, 0
12077,116, 0
12078,120, 0
12079,127, 0
12080,132, 0
12081,131, 0
12082,110, 0
12083,101, 0
12084,92, 0
12085,85, 0
12086,104, 0
12087,139, 0
12088,166, 0
12089,183, 0
12090,187, 0
12091,189, 0
12092,192, 0
12093,184, 0
12094,190, 0
12095,198, 0
12096,197, 0
12097,198, 0
12098,196, 0
12099,191, 0
12100,190, 0
12101,183, 0
12102,176, 0
12103,168, 0
12104,167, 0
12105,160, 0
12106,166, 0
12107,154, 0
12108,158, 0
12109,148, 0
12110,141, 0
12111,132, 0
12112,115, 0
12113,86, 0
12114,64, 0
12115,57, 0
12116,63, 0
12117,80, 0
12118,86, 0
12119,99, 0
12120,95, 0
12121,86, 0
12122,92, 0
12123,120, 0
12124,101, 0
12125,88, 0
12126,95, 0
12127,96, 0
12128,95, 0
12129,93, 0
12130,94, 0
12131,89, 0
12132,93, 0
12133,87, 0
12134,107, 0
12135,108, 0
12136,115, 0
12137,119, 0
12138,127, 0
12139,126, 0
12140,129, 0
12141,133, 0
12142,128, 0
12143,99, 0
12144,97, 0
12145,95, 0
12146,102, 0
12147,116, 0
12148,142, 0
12149,170, 0
12150,186, 0
12151,193, 0
12152,192, 0
12153,197, 0
12154,195, 0
12155,187, 0
12156,190, 0
12157,186, 0
12158,193, 0
12159,190, 0
12160,190, 0
12161,197, 0
12162,193, 0
12163,201, 0
12164,182, 0
12165,173, 0
12166,171, 0
12167,164, 0
12168,164, 0
12169,158, 0
12170,145, 0
12171,135, 0
12172,132, 0
12173,109, 0
12174,77, 0
12175,57, 0
12176,53, 0
12177,63, 0
12178,76, 0
12179,92, 0
12180,97, 0
12181,88, 0
12182,92, 0
12183,89, 0
12184,81, 0
12185,83, 0
12186,80, 0
12187,84, 0
12188,83, 0
12189,76, 0
12190,86, 0
12191,84, 0
12192,86, 0
12193,89, 0
12194,92, 0
12195,109, 0
12196,106, 0
12197,112, 0
12198,116, 0
12199,115, 0
12200,125, 0
12201,131, 0
12202,134, 0
12203,123, 0
12204,103, 0
12205,89, 0
12206,102, 0
12207,119, 0
12208,125, 0
12209,145, 0
12210,173, 0
12211,186, 0
12212,189, 0
12213,196, 0
12214,183, 0
12215,195, 0
12216,191, 0
12217,189, 0
12218,188, 0
12219,199, 0
12220,199, 0
12221,183, 0
12222,175, 0
12223,186, 0
12224,177, 0
12225,169, 0
12226,161, 0
12227,160, 0
12228,164, 0
12229,161, 0
12230,164, 0
12231,161, 0
12232,140, 0
12233,133, 0
12234,105, 0
12235,86, 0
12236,58, 0
12237,55, 0
12238,63, 0
12239,83, 0
12240,107, 0
12241,95, 0
12242,92, 0
12243,102, 0
12244,88, 0
12245,87, 0
12246,83, 0
12247,83, 0
12248,83, 0
12249,75, 0
12250,86, 0
12251,90, 0
12252,88, 0
12253,89, 0
12254,89, 0
12255,90, 0
12256,95, 0
12257,101, 0
12258,106, 0
12259,109, 0
12260,117, 0
12261,115, 0
12262,124, 0
12263,137, 0
12264,120, 0
12265,105, 0
12266,95, 0
12267,101, 0
12268,106, 0
12269,126, 0
12270,147, 0
12271,174, 0
12272,186, 0
12273,191, 0
12274,197, 0
12275,196, 0
12276,206, 0
12277,174, 0
12278,198, 0
12279,200, 0
12280,198, 0
12281,199, 0
12282,196, 0
12283,190, 0
12284,192, 0
12285,183, 0
12286,172, 0
12287,170, 0
12288,167, 0
12289,167, 0
12290,169, 0
12291,164, 0
12292,159, 0
12293,145, 0
12294,136, 0
12295,108, 0
12296,78, 0
12297,57, 0
12298,55, 0
12299,59, 0
12300,86, 0
12301,96, 0
12302,90, 0
12303,85, 0
12304,89, 0
12305,89, 0
12306,91, 0
12307,91, 0
12308,92, 0
12309,88, 0
12310,89, 0
12311,91, 0
12312,88, 0
12313,84, 0
12314,92, 0
12315,91, 0
12316,91, 0
12317,102, 0
12318,101, 0
12319,108, 0
12320,107, 0
12321,120, 0
12322,121, 0
12323,134, 0
12324,133, 0
12325,123, 0
12326,105, 0
12327,92, 0
12328,91, 0
12329,105, 0
12330,132, 0
12331,155, 0
12332,180, 0
12333,189, 0
12334,189, 0
12335,192, 0
12336,197, 0
12337,196, 0
12338,195, 0
12339,191, 0
12340,193, 0
12341,195, 0
12342,190, 0
12343,199, 0
12344,189, 0
12345,183, 0
12346,177, 0
12347,170, 0
12348,175, 0
12349,168, 0
12350,170, 0
12351,161, 0
12352,155, 0
12353,148, 0
12354,138, 0
12355,121, 0
12356,101, 0
12357,72, 0
12358,57, 0
12359,58, 0
12360,75, 0
12361,81, 0
12362,86, 0
12363,93, 0
12364,77, 0
12365,77, 0
12366,78, 0
12367,85, 0
12368,83, 0
12369,84, 0
12370,83, 0
12371,84, 0
12372,92, 0
12373,88, 0
12374,89, 0
12375,95, 0
12376,93, 0
12377,106, 0
12378,97, 0
12379,99, 0
12380,108, 0
12381,105, 0
12382,113, 0
12383,122, 0
12384,131, 0
12385,133, 0
12386,131, 0
12387,108, 0
12388,104, 0
12389,115, 0
12390,101, 0
12391,135, 0
12392,164, 0
12393,183, 0
12394,199, 0
12395,198, 0
12396,198, 0
12397,195, 0
12398,195, 0
12399,191, 0
12400,188, 0
12401,197, 0
12402,195, 0
12403,193, 0
12404,185, 0
12405,190, 0
12406,189, 0
12407,183, 0
12408,187, 0
12409,174, 0
12410,175, 0
12411,169, 0
12412,164, 0
12413,154, 0
12414,148, 0
12415,142, 0
12416,130, 0
12417,101, 0
12418,75, 0
12419,64, 0
12420,61, 0
12421,85, 0
12422,91, 0
12423,96, 0
12424,92, 0
12425,89, 0
12426,90, 0
12427,90, 0
12428,85, 0
12429,80, 0
12430,88, 0
12431,70, 0
12432,87, 0
12433,88, 0
12434,89, 0
12435,89, 0
12436,90, 0
12437,95, 0
12438,95, 0
12439,102, 0
12440,109, 0
12441,97, 0
12442,125, 0
12443,125, 0
12444,119, 0
12445,131, 0
12446,135, 0
12447,129, 0
12448,107, 0
12449,104, 0
12450,111, 0
12451,124, 0
12452,139, 0
12453,166, 0
12454,183, 0
12455,191, 0
12456,201, 0
12457,201, 0
12458,201, 0
12459,191, 0
12460,197, 0
12461,195, 0
12462,196, 0
12463,196, 0
12464,189, 0
12465,202, 0
12466,195, 0
12467,187, 0
12468,180, 0
12469,173, 0
12470,175, 0
12471,165, 0
12472,163, 0
12473,158, 0
12474,145, 0
12475,142, 0
12476,139, 0
12477,127, 0
12478,97, 0
12479,69, 0
12480,57, 0
12481,58, 0
12482,58, 0
12483,93, 0
12484,102, 0
12485,92, 0
12486,89, 0
12487,110, 0
12488,99, 0
12489,84, 0
12490,89, 0
12491,92, 0
12492,91, 0
12493,91, 0
12494,90, 0
12495,83, 0
12496,86, 0
12497,92, 0
12498,89, 0
12499,102, 0
12500,102, 0
12501,107, 0
12502,121, 0
12503,108, 0
12504,103, 0
12505,120, 0
12506,121, 0
12507,130, 0
12508,121, 0
12509,104, 0
12510,108, 0
12511,102, 0
12512,120, 0
12513,133, 0
12514,165, 0
12515,187, 0
12516,189, 0
12517,195, 0
12518,198, 0
12519,195, 0
12520,180, 0
12521,196, 0
12522,198, 0
12523,196, 0
12524,187, 0
12525,174, 0
12526,179, 0
12527,188, 0
12528,183, 0
12529,176, 0
12530,170, 0
12531,170, 0
12532,164, 0
12533,161, 0
12534,156, 0
12535,145, 0
12536,138, 0
12537,134, 0
12538,119, 0
12539,89, 0
12540,68, 0
12541,52, 0
12542,55, 0
12543,68, 0
12544,89, 0
12545,101, 0
12546,91, 0
12547,102, 0
12548,97, 0
12549,90, 0
12550,84, 0
12551,89, 0
12552,88, 0
12553,85, 0
12554,86, 0
12555,89, 0
12556,97, 0
12557,90, 0
12558,92, 0
12559,96, 0
12560,97, 0
12561,103, 0
12562,104, 0
12563,104, 0
12564,121, 0
12565,120, 0
12566,126, 0
12567,132, 0
12568,134, 0
12569,119, 0
12570,108, 0
12571,90, 0
12572,112, 0
12573,119, 0
12574,133, 0
12575,167, 0
12576,200, 0
12577,190, 0
12578,189, 0
12579,193, 0
12580,189, 0
12581,187, 0
12582,204, 0
12583,198, 0
12584,211, 0
12585,187, 0
12586,176, 0
12587,190, 0
12588,203, 0
12589,180, 0
12590,177, 0
12591,189, 0
12592,160, 0
12593,163, 0
12594,161, 0
12595,159, 0
12596,149, 0
12597,142, 0
12598,133, 0
12599,127, 0
12600,102, 0
12601,63, 0
12602,56, 0
12603,59, 0
12604,64, 0
12605,95, 0
12606,104, 0
12607,92, 0
12608,90, 0
12609,83, 0
12610,87, 0
12611,85, 0
12612,80, 0
12613,79, 0
12614,83, 0
12615,86, 0
12616,86, 0
12617,83, 0
12618,85, 0
12619,93, 0
12620,106, 0
12621,110, 0
12622,99, 0
12623,109, 0
12624,121, 0
12625,115, 0
12626,121, 0
12627,130, 0
12628,138, 0
12629,132, 0
12630,120, 0
12631,101, 0
12632,95, 0
12633,99, 0
12634,122, 0
12635,134, 0
12636,166, 0
12637,190, 0
12638,186, 0
12639,197, 0
12640,196, 0
12641,191, 0
12642,198, 0
12643,189, 0
12644,202, 0
12645,196, 0
12646,188, 0
12647,189, 0
12648,186, 0
12649,188, 0
12650,185, 0
12651,181, 0
12652,176, 0
12653,174, 0
12654,174, 0
12655,164, 0
12656,158, 0
12657,147, 0
12658,132, 0
12659,135, 0
12660,118, 0
12661,90, 0
12662,67, 0
12663,57, 0
12664,57, 0
12665,72, 0
12666,91, 0
12667,100, 0
12668,89, 0
12669,101, 0
12670,84, 0
12671,81, 0
12672,85, 0
12673,87, 0
12674,86, 0
12675,84, 0
12676,84, 0
12677,86, 0
12678,83, 0
12679,86, 0
12680,95, 0
12681,93, 0
12682,104, 0
12683,108, 0
12684,111, 0
12685,116, 0
12686,121, 0
12687,125, 0
12688,128, 0
12689,133, 0
12690,138, 0
12691,121, 0
12692,99, 0
12693,96, 0
12694,105, 0
12695,108, 0
12696,145, 0
12697,167, 0
12698,202, 0
12699,198, 0
12700,200, 0
12701,196, 0
12702,195, 0
12703,187, 0
12704,189, 0
12705,193, 0
12706,183, 0
12707,182, 0
12708,176, 0
12709,186, 0
12710,196, 0
12711,181, 0
12712,169, 0
12713,169, 0
12714,157, 0
12715,163, 0
12716,164, 0
12717,152, 0
12718,148, 0
12719,142, 0
12720,152, 0
12721,110, 0
12722,94, 0
12723,70, 0
12724,71, 0
12725,67, 0
12726,78, 0
12727,97, 0
12728,95, 0
12729,92, 0
12730,86, 0
12731,83, 0
12732,73, 0
12733,97, 0
12734,81, 0
12735,83, 0
12736,79, 0
12737,85, 0
12738,83, 0
12739,88, 0
12740,89, 0
12741,95, 0
12742,104, 0
12743,94, 0
12744,106, 0
12745,107, 0
12746,110, 0
12747,115, 0
12748,123, 0
12749,127, 0
12750,144, 0
12751,136, 0
12752,113, 0
12753,103, 0
12754,101, 0
12755,107, 0
12756,116, 0
12757,148, 0
12758,183, 0
12759,187, 0
12760,193, 0
12761,196, 0
12762,196, 0
12763,188, 0
12764,191, 0
12765,214, 0
12766,190, 0
12767,191, 0
12768,199, 0
12769,189, 0
12770,192, 0
12771,206, 0
12772,181, 0
12773,183, 0
12774,173, 0
12775,168, 0
12776,172, 0
12777,166, 0
12778,158, 0
12779,164, 0
12780,139, 0
12781,136, 0
12782,117, 0
12783,89, 0
12784,58, 0
12785,59, 0
12786,63, 0
12787,74, 0
12788,87, 0
12789,97, 0
12790,89, 0
12791,92, 0
12792,85, 0
12793,74, 0
12794,80, 0
12795,79, 0
12796,83, 0
12797,80, 0
12798,88, 0
12799,85, 0
12800,85, 0
12801,89, 0
12802,89, 0
12803,92, 0
12804,92, 0
12805,104, 0
12806,108, 0
12807,109, 0
12808,120, 0
12809,129, 0
12810,132, 0
12811,140, 0
12812,137, 0
12813,117, 0
12814,104, 0
12815,108, 0
12816,111, 0
12817,120, 0
12818,138, 0
12819,175, 0
12820,190, 0
12821,186, 0
12822,196, 0
12823,202, 0
12824,195, 0
12825,193, 0
12826,197, 0
12827,196, 0
12828,193, 0
12829,196, 0
12830,190, 0
12831,192, 0
12832,189, 0
12833,182, 0
12834,175, 0
12835,167, 0
12836,170, 0
12837,165, 0
12838,160, 0
12839,152, 0
12840,163, 0
12841,140, 0
12842,154, 0
12843,112, 0
12844,80, 0
12845,62, 0
12846,63, 0
12847,58, 0
12848,74, 0
12849,96, 0
12850,103, 0
12851,92, 0
12852,91, 0
12853,83, 0
12854,92, 0
12855,87, 0
12856,86, 0
12857,83, 0
12858,85, 0
12859,84, 0
12860,90, 0
12861,90, 0
12862,95, 0
12863,92, 0
12864,100, 0
12865,104, 0
12866,103, 0
12867,108, 0
12868,111, 0
12869,103, 0
12870,123, 0
12871,131, 0
12872,135, 0
12873,133, 0
12874,109, 0
12875,95, 0
12876,106, 0
12877,102, 0
12878,116, 0
12879,156, 0
12880,167, 0
12881,179, 0
12882,176, 0
12883,200, 0
12884,190, 0
12885,189, 0
12886,190, 0
12887,200, 0
12888,190, 0
12889,186, 0
12890,189, 0
12891,190, 0
12892,199, 0
12893,189, 0
12894,191, 0
12895,186, 0
12896,176, 0
12897,174, 0
12898,174, 0
12899,166, 0
12900,151, 0
12901,152, 0
12902,147, 0
12903,132, 0
12904,127, 0
12905,77, 0
12906,63, 0
12907,60, 0
12908,57, 0
12909,70, 0
12910,93, 0
12911,97, 0
12912,89, 0
12913,93, 0
12914,89, 0
12915,84, 0
12916,86, 0
12917,86, 0
12918,83, 0
12919,89, 0
12920,91, 0
12921,100, 0
12922,89, 0
12923,92, 0
12924,90, 0
12925,108, 0
12926,100, 0
12927,92, 0
12928,95, 0
12929,110, 0
12930,118, 0
12931,121, 0
12932,131, 0
12933,133, 0
12934,127, 0
12935,109, 0
12936,99, 0
12937,92, 0
12938,102, 0
12939,122, 0
12940,143, 0
12941,158, 0
12942,175, 0
12943,188, 0
12944,183, 0
12945,186, 0
12946,186, 0
12947,187, 0
12948,183, 0
12949,189, 0
12950,188, 0
12951,180, 0
12952,183, 0
12953,181, 0
12954,180, 0
12955,176, 0
12956,170, 0
12957,168, 0
12958,166, 0
12959,168, 0
12960,158, 0
12961,158, 0
12962,164, 0
12963,145, 0
12964,136, 0
12965,117, 0
12966,80, 0
12967,69, 0
12968,84, 0
12969,55, 0
12970,86, 0
12971,103, 0
12972,96, 0
12973,97, 0
12974,86, 0
12975,84, 0
12976,92, 0
12977,91, 0
12978,88, 0
12979,87, 0
12980,92, 0
12981,94, 0
12982,95, 0
12983,95, 0
12984,106, 0
12985,95, 0
12986,121, 0
12987,107, 0
12988,103, 0
12989,108, 0
12990,111, 0
12991,106, 0
12992,122, 0
12993,126, 0
12994,127, 0
12995,126, 0
12996,106, 0
12997,86, 0
12998,93, 0
12999,105, 0
13000,118, 0
13001,145, 0
13002,176, 0
13003,187, 0
13004,195, 0
13005,193, 0
13006,188, 0
13007,189, 0
13008,185, 0
13009,187, 0
13010,191, 0
13011,191, 0
13012,186, 0
13013,189, 0
13014,185, 0
13015,190, 0
13016,183, 0
13017,161, 0
13018,183, 0
13019,172, 0
13020,167, 0
13021,161, 0
13022,159, 0
13023,144, 0
13024,138, 0
13025,127, 0
13026,102, 0
13027,100, 0
13028,62, 0
13029,54, 0
13030,68, 0
13031,90, 0
13032,102, 0
13033,106, 0
13034,106, 0
13035,118, 0
13036,103, 0
13037,91, 0
13038,99, 0
13039,92, 0
13040,95, 0
13041,92, 0
13042,96, 0
13043,92, 0
13044,95, 0
13045,91, 0
13046,99, 0
13047,121, 0
13048,103, 0
13049,89, 0
13050,112, 0
13051,118, 0
13052,121, 0
13053,125, 0
13054,127, 0
13055,136, 0
13056,128, 0
13057,108, 0
13058,100, 0
13059,97, 0
13060,105, 0
13061,123, 0
13062,152, 0
13063,168, 0
13064,182, 0
13065,186, 0
13066,182, 0
13067,189, 0
13068,183, 0
13069,188, 0
13070,187, 0
13071,183, 0
13072,189, 0
13073,189, 0
13074,183, 0
13075,185, 0
13076,181, 0
13077,177, 0
13078,169, 0
13079,169, 0
13080,163, 0
13081,163, 0
13082,156, 0
13083,157, 0
13084,142, 0
13085,141, 0
13086,129, 0
13087,101, 0
13088,85, 0
13089,63, 0
13090,67, 0
13091,63, 0
13092,88, 0
13093,100, 0
13094,104, 0
13095,95, 0
13096,97, 0
13097,92, 0
13098,92, 0
13099,89, 0
13100,89, 0
13101,87, 0
13102,92, 0
13103,90, 0
13104,99, 0
13105,93, 0
13106,100, 0
13107,95, 0
13108,99, 0
13109,104, 0
13110,104, 0
13111,115, 0
13112,115, 0
13113,121, 0
13114,127, 0
13115,129, 0
13116,134, 0
13117,124, 0
13118,104, 0
13119,92, 0
13120,100, 0
13121,108, 0
13122,122, 0
13123,154, 0
13124,153, 0
13125,183, 0
13126,183, 0
13127,184, 0
13128,205, 0
13129,187, 0
13130,189, 0
13131,188, 0
13132,185, 0
13133,179, 0
13134,183, 0
13135,183, 0
13136,195, 0
13137,182, 0
13138,180, 0
13139,155, 0
13140,170, 0
13141,171, 0
13142,163, 0
13143,159, 0
13144,151, 0
13145,151, 0
13146,139, 0
13147,131, 0
13148,122, 0
13149,99, 0
13150,69, 0
13151,62, 0
13152,74, 0
13153,97, 0
13154,107, 0
13155,105, 0
13156,102, 0
13157,100, 0
13158,97, 0
13159,100, 0
13160,89, 0
13161,92, 0
13162,92, 0
13163,92, 0
13164,95, 0
13165,91, 0
13166,85, 0
13167,92, 0
13168,100, 0
13169,99, 0
13170,96, 0
13171,106, 0
13172,109, 0
13173,110, 0
13174,120, 0
13175,129, 0
13176,130, 0
13177,138, 0
13178,127, 0
13179,106, 0
13180,102, 0
13181,102, 0
13182,119, 0
13183,132, 0
13184,161, 0
13185,176, 0
13186,172, 0
13187,187, 0
13188,183, 0
13189,190, 0
13190,188, 0
13191,195, 0
13192,185, 0
13193,190, 0
13194,192, 0
13195,189, 0
13196,183, 0
13197,191, 0
13198,182, 0
13199,173, 0
13200,169, 0
13201,163, 0
13202,164, 0
13203,161, 0
13204,158, 0
13205,158, 0
13206,149, 0
13207,157, 0
13208,137, 0
13209,99, 0
13210,75, 0
13211,70, 0
13212,62, 0
13213,83, 0
13214,99, 0
13215,105, 0
13216,100, 0
13217,97, 0
13218,91, 0
13219,100, 0
13220,90, 0
13221,85, 0
13222,70, 0
13223,85, 0
13224,83, 0
13225,79, 0
13226,90, 0
13227,102, 0
13228,99, 0
13229,105, 0
13230,109, 0
13231,103, 0
13232,119, 0
13233,116, 0
13234,116, 0
13235,125, 0
13236,122, 0
13237,129, 0
13238,137, 0
13239,119, 0
13240,92, 0
13241,90, 0
13242,97, 0
13243,102, 0
13244,128, 0
13245,158, 0
13246,175, 0
13247,175, 0
13248,192, 0
13249,189, 0
13250,180, 0
13251,182, 0
13252,180, 0
13253,182, 0
13254,183, 0
13255,183, 0
13256,179, 0
13257,188, 0
13258,183, 0
13259,191, 0
13260,165, 0
13261,151, 0
13262,164, 0
13263,164, 0
13264,163, 0
13265,152, 0
13266,149, 0
13267,144, 0
13268,141, 0
13269,127, 0
13270,96, 0
13271,75, 0
13272,70, 0
13273,65, 0
13274,75, 0
13275,94, 0
13276,102, 0
13277,105, 0
13278,112, 0
13279,100, 0
13280,99, 0
13281,95, 0
13282,93, 0
13283,93, 0
13284,93, 0
13285,92, 0
13286,89, 0
13287,95, 0
13288,89, 0
13289,95, 0
13290,97, 0
13291,97, 0
13292,107, 0
13293,112, 0
13294,113, 0
13295,113, 0
13296,121, 0
13297,127, 0
13298,132, 0
13299,133, 0
13300,120, 0
13301,105, 0
13302,79, 0
13303,97, 0
13304,119, 0
13305,127, 0
13306,150, 0
13307,156, 0
13308,187, 0
13309,183, 0
13310,185, 0
13311,183, 0
13312,183, 0
13313,183, 0
13314,186, 0
13315,188, 0
13316,179, 0
13317,185, 0
13318,188, 0
13319,184, 0
13320,187, 0
13321,184, 0
13322,172, 0
13323,190, 0
13324,170, 0
13325,176, 0
13326,159, 0
13327,153, 0
13328,148, 0
13329,139, 0
13330,122, 0
13331,90, 0
13332,70, 0
13333,62, 0
13334,63, 0
13335,70, 0
13336,89, 0
13337,94, 0
13338,89, 0
13339,89, 0
13340,92, 0
13341,89, 0
13342,92, 0
13343,95, 0
13344,94, 0
13345,95, 0
13346,88, 0
13347,95, 0
13348,95, 0
13349,99, 0
13350,107, 0
13351,106, 0
13352,97, 0
13353,101, 0
13354,103, 0
13355,112, 0
13356,111, 0
13357,123, 0
13358,123, 0
13359,128, 0
13360,133, 0
13361,115, 0
13362,83, 0
13363,89, 0
13364,92, 0
13365,92, 0
13366,126, 0
13367,153, 0
13368,169, 0
13369,184, 0
13370,185, 0
13371,184, 0
13372,183, 0
13373,182, 0
13374,173, 0
13375,188, 0
13376,183, 0
13377,184, 0
13378,188, 0
13379,175, 0
13380,183, 0
13381,183, 0
13382,171, 0
13383,170, 0
13384,170, 0
13385,167, 0
13386,159, 0
13387,158, 0
13388,149, 0
13389,144, 0
13390,134, 0
13391,122, 0
13392,89, 0
13393,70, 0
13394,59, 0
13395,70, 0
13396,80, 0
13397,99, 0
13398,107, 0
13399,101, 0
13400,100, 0
13401,93, 0
13402,107, 0
13403,108, 0
13404,110, 0
13405,95, 0
13406,92, 0
13407,92, 0
13408,86, 0
13409,95, 0
13410,89, 0
13411,94, 0
13412,102, 0
13413,91, 0
13414,113, 0
13415,112, 0
13416,113, 0
13417,105, 0
13418,133, 0
13419,125, 0
13420,131, 0
13421,135, 0
13422,123, 0
13423,97, 0
13424,90, 0
13425,93, 0
13426,109, 0
13427,135, 0
13428,154, 0
13429,174, 0
13430,184, 0
13431,183, 0
13432,183, 0
13433,181, 0
13434,183, 0
13435,182, 0
13436,183, 0
13437,183, 0
13438,183, 0
13439,182, 0
13440,187, 0
13441,176, 0
13442,192, 0
13443,173, 0
13444,164, 0
13445,164, 0
13446,169, 0
13447,172, 0
13448,164, 0
13449,155, 0
13450,144, 0
13451,145, 0
13452,126, 0
13453,92, 0
13454,70, 0
13455,57, 0
13456,65, 0
13457,76, 0
13458,95, 0
13459,101, 0
13460,90, 0
13461,95, 0
13462,91, 0
13463,93, 0
13464,105, 0
13465,95, 0
13466,103, 0
13467,94, 0
13468,91, 0
13469,101, 0
13470,104, 0
13471,97, 0
13472,100, 0
13473,102, 0
13474,95, 0
13475,115, 0
13476,109, 0
13477,108, 0
13478,112, 0
13479,117, 0
13480,120, 0
13481,127, 0
13482,129, 0
13483,106, 0
13484,92, 0
13485,95, 0
13486,96, 0
13487,109, 0
13488,138, 0
13489,159, 0
13490,173, 0
13491,186, 0
13492,195, 0
13493,181, 0
13494,199, 0
13495,190, 0
13496,189, 0
13497,196, 0
13498,183, 0
13499,188, 0
13500,185, 0
13501,185, 0
13502,177, 0
13503,185, 0
13504,171, 0
13505,167, 0
13506,171, 0
13507,170, 0
13508,163, 0
13509,165, 0
13510,159, 0
13511,147, 0
13512,140, 0
13513,121, 0
13514,91, 0
13515,85, 0
13516,69, 0
13517,67, 0
13518,87, 0
13519,105, 0
13520,108, 0
13521,103, 0
13522,115, 0
13523,95, 0
13524,97, 0
13525,102, 0
13526,89, 0
13527,91, 0
13528,112, 0
13529,91, 0
13530,97, 0
13531,106, 0
13532,92, 0
13533,96, 0
13534,101, 0
13535,102, 0
13536,105, 0
13537,107, 0
13538,112, 0
13539,125, 0
13540,133, 0
13541,124, 0
13542,131, 0
13543,142, 0
13544,104, 0
13545,94, 0
13546,90, 0
13547,95, 0
13548,107, 0
13549,139, 0
13550,158, 0
13551,182, 0
13552,177, 0
13553,179, 0
13554,183, 0
13555,188, 0
13556,184, 0
13557,195, 0
13558,190, 0
13559,186, 0
13560,195, 0
13561,185, 0
13562,183, 0
13563,183, 0
13564,176, 0
13565,160, 0
13566,164, 0
13567,164, 0
13568,163, 0
13569,158, 0
13570,155, 0
13571,150, 0
13572,139, 0
13573,133, 0
13574,111, 0
13575,83, 0
13576,67, 0
13577,58, 0
13578,69, 0
13579,84, 0
13580,102, 0
13581,106, 0
13582,102, 0
13583,101, 0
13584,95, 0
13585,97, 0
13586,97, 0
13587,95, 0
13588,96, 0
13589,102, 0
13590,90, 0
13591,96, 0
13592,93, 0
13593,94, 0
13594,95, 0
13595,101, 0
13596,103, 0
13597,109, 0
13598,107, 0
13599,111, 0
13600,107, 0
13601,125, 0
13602,130, 0
13603,133, 0
13604,129, 0
13605,110, 0
13606,100, 0
13607,97, 0
13608,101, 0
13609,120, 0
13610,145, 0
13611,167, 0
13612,184, 0
13613,189, 0
13614,189, 0
13615,191, 0
13616,187, 0
13617,189, 0
13618,185, 0
13619,186, 0
13620,184, 0
13621,182, 0
13622,183, 0
13623,181, 0
13624,183, 0
13625,180, 0
13626,166, 0
13627,164, 0
13628,171, 0
13629,165, 0
13630,157, 0
13631,156, 0
13632,152, 0
13633,142, 0
13634,139, 0
13635,117, 0
13636,83, 0
13637,83, 0
13638,72, 0
13639,59, 0
13640,85, 0
13641,96, 0
13642,99, 0
13643,102, 0
13644,96, 0
13645,94, 0
13646,95, 0
13647,95, 0
13648,88, 0
13649,89, 0
13650,70, 0
13651,92, 0
13652,89, 0
13653,80, 0
13654,85, 0
13655,93, 0
13656,101, 0
13657,104, 0
13658,95, 0
13659,115, 0
13660,117, 0
13661,109, 0
13662,126, 0
13663,129, 0
13664,139, 0
13665,132, 0
13666,106, 0
13667,101, 0
13668,102, 0
13669,104, 0
13670,123, 0
13671,141, 0
13672,163, 0
13673,175, 0
13674,183, 0
13675,180, 0
13676,182, 0
13677,186, 0
13678,189, 0
13679,189, 0
13680,189, 0
13681,192, 0
13682,192, 0
13683,189, 0
13684,183, 0
13685,185, 0
13686,181, 0
13687,168, 0
13688,170, 0
13689,167, 0
13690,161, 0
13691,158, 0
13692,158, 0
13693,145, 0
13694,144, 0
13695,137, 0
13696,115, 0
13697,87, 0
13698,72, 0
13699,58, 0
13700,67, 0
13701,89, 0
13702,104, 0
13703,105, 0
13704,96, 0
13705,100, 0
13706,92, 0
13707,95, 0
13708,92, 0
13709,89, 0
13710,93, 0
13711,90, 0
13712,92, 0
13713,87, 0
13714,95, 0
13715,99, 0
13716,94, 0
13717,95, 0
13718,102, 0
13719,106, 0
13720,113, 0
13721,100, 0
13722,122, 0
13723,121, 0
13724,115, 0
13725,133, 0
13726,131, 0
13727,113, 0
13728,108, 0
13729,97, 0
13730,113, 0
13731,130, 0
13732,151, 0
13733,170, 0
13734,182, 0
13735,184, 0
13736,183, 0
13737,188, 0
13738,183, 0
13739,184, 0
13740,184, 0
13741,183, 0
13742,188, 0
13743,183, 0
13744,187, 0
13745,185, 0
13746,186, 0
13747,177, 0
13748,171, 0
13749,171, 0
13750,167, 0
13751,169, 0
13752,159, 0
13753,155, 0
13754,148, 0
13755,145, 0
13756,129, 0
13757,102, 0
13758,76, 0
13759,63, 0
13760,60, 0
13761,60, 0
13762,86, 0
13763,99, 0
13764,102, 0
13765,89, 0
13766,94, 0
13767,91, 0
13768,94, 0
13769,93, 0
13770,83, 0
13771,92, 0
13772,91, 0
13773,85, 0
13774,91, 0
13775,87, 0
13776,90, 0
13777,93, 0
13778,96, 0
13779,100, 0
13780,105, 0
13781,110, 0
13782,113, 0
13783,97, 0
13784,121, 0
13785,128, 0
13786,134, 0
13787,128, 0
13788,99, 0
13789,92, 0
13790,96, 0
13791,95, 0
13792,117, 0
13793,145, 0
13794,167, 0
13795,182, 0
13796,186, 0
13797,185, 0
13798,183, 0
13799,197, 0
13800,183, 0
13801,191, 0
13802,186, 0
13803,189, 0
13804,183, 0
13805,183, 0
13806,185, 0
13807,183, 0
13808,179, 0
13809,183, 0
13810,171, 0
13811,169, 0
13812,171, 0
13813,175, 0
13814,157, 0
13815,151, 0
13816,144, 0
13817,121, 0
13818,108, 0
13819,84, 0
13820,69, 0
13821,73, 0
13822,72, 0
13823,96, 0
13824,106, 0
13825,95, 0
13826,92, 0
13827,101, 0
13828,100, 0
13829,100, 0
13830,94, 0
13831,92, 0
13832,88, 0
13833,93, 0
13834,95, 0
13835,96, 0
13836,97, 0
13837,97, 0
13838,97, 0
13839,102, 0
13840,102, 0
13841,110, 0
13842,111, 0
13843,120, 0
13844,120, 0
13845,127, 0
13846,129, 0
13847,130, 0
13848,127, 0
13849,103, 0
13850,95, 0
13851,96, 0
13852,97, 0
13853,123, 0
13854,154, 0
13855,165, 0
13856,200, 0
13857,196, 0
13858,187, 0
13859,185, 0
13860,180, 0
13861,192, 0
13862,186, 0
13863,189, 0
13864,183, 0
13865,184, 0
13866,183, 0
13867,184, 0
13868,177, 0
13869,176, 0
13870,171, 0
13871,168, 0
13872,164, 0
13873,164, 0
13874,159, 0
13875,137, 0
13876,145, 0
13877,140, 0
13878,134, 0
13879,104, 0
13880,73, 0
13881,62, 0
13882,60, 0
13883,76, 0
13884,92, 0
13885,102, 0
13886,103, 0
13887,99, 0
13888,96, 0
13889,99, 0
13890,92, 0
13891,92, 0
13892,92, 0
13893,87, 0
13894,96, 0
13895,92, 0
13896,103, 0
13897,93, 0
13898,93, 0
13899,94, 0
13900,95, 0
13901,107, 0
13902,105, 0
13903,108, 0
13904,108, 0
13905,122, 0
13906,121, 0
13907,125, 0
13908,133, 0
13909,121, 0
13910,100, 0
13911,92, 0
13912,94, 0
13913,108, 0
13914,120, 0
13915,150, 0
13916,168, 0
13917,176, 0
13918,181, 0
13919,187, 0
13920,182, 0
13921,180, 0
13922,164, 0
13923,183, 0
13924,187, 0
13925,182, 0
13926,186, 0
13927,183, 0
13928,183, 0
13929,183, 0
13930,176, 0
13931,166, 0
13932,157, 0
13933,169, 0
13934,166, 0
13935,158, 0
13936,154, 0
13937,148, 0
13938,145, 0
13939,132, 0
13940,105, 0
13941,74, 0
13942,68, 0
13943,70, 0
13944,73, 0
13945,97, 0
13946,111, 0
13947,102, 0
13948,103, 0
13949,104, 0
13950,102, 0
13951,92, 0
13952,95, 0
13953,95, 0
13954,93, 0
13955,102, 0
13956,109, 0
13957,108, 0
13958,117, 0
13959,113, 0
13960,92, 0
13961,90, 0
13962,83, 0
13963,83, 0
13964,88, 0
13965,91, 0
13966,101, 0
13967,116, 0
13968,125, 0
13969,135, 0
13970,129, 0
13971,108, 0
13972,96, 0
13973,94, 0
13974,104, 0
13975,118, 0
13976,147, 0
13977,167, 0
13978,189, 0
13979,200, 0
13980,184, 0
13981,170, 0
13982,183, 0
13983,186, 0
13984,188, 0
13985,191, 0
13986,189, 0
13987,182, 0
13988,187, 0
13989,189, 0
13990,183, 0
13991,170, 0
13992,165, 0
13993,168, 0
13994,164, 0
13995,164, 0
13996,179, 0
13997,152, 0
13998,151, 0
13999,141, 0
14000,130, 0
14001,105, 0
14002,81, 0
14003,63, 0
14004,71, 0
14005,81, 0
14006,105, 0
14007,107, 0
14008,103, 0
14009,100, 0
14010,101, 0
14011,100, 0
14012,95, 0
14013,97, 0
14014,100, 0
14015,101, 0
14016,93, 0
14017,96, 0
14018,74, 0
14019,95, 0
14020,95, 0
14021,86, 0
14022,102, 0
14023,106, 0
14024,108, 0
14025,108, 0
14026,126, 0
14027,121, 0
14028,127, 0
14029,127, 0
14030,141, 0
14031,116, 0
14032,92, 0
14033,91, 0
14034,91, 0
14035,106, 0
14036,127, 0
14037,156, 0
14038,186, 0
14039,183, 0
14040,175, 0
14041,187, 0
14042,185, 0
14043,170, 0
14044,182, 0
14045,181, 0
14046,189, 0
14047,185, 0
14048,183, 0
14049,181, 0
14050,183, 0
14051,185, 0
14052,175, 0
14053,154, 0
14054,180, 0
14055,164, 0
14056,183, 0
14057,159, 0
14058,154, 0
14059,150, 0
14060,128, 0
14061,124, 0
14062,103, 0
14063,77, 0
14064,62, 0
14065,69, 0
14066,92, 0
14067,96, 0
14068,109, 0
14069,106, 0
14070,97, 0
14071,104, 0
14072,99, 0
14073,96, 0
14074,92, 0
14075,90, 0
14076,95, 0
14077,94, 0
14078,93, 0
14079,92, 0
14080,95, 0
14081,97, 0
14082,95, 0
14083,103, 0
14084,104, 0
14085,109, 0
14086,113, 0
14087,113, 0
14088,107, 0
14089,124, 0
14090,128, 0
14091,130, 0
14092,117, 0
14093,100, 0
14094,80, 0
14095,95, 0
14096,108, 0
14097,128, 0
14098,159, 0
14099,175, 0
14100,183, 0
14101,186, 0
14102,188, 0
14103,182, 0
14104,186, 0
14105,187, 0
14106,183, 0
14107,183, 0
14108,186, 0
14109,183, 0
14110,186, 0
14111,189, 0
14112,177, 0
14113,174, 0
14114,172, 0
14115,164, 0
14116,170, 0
14117,164, 0
14118,175, 0
14119,139, 0
14120,152, 0
14121,141, 0
14122,129, 0
14123,101, 0
14124,76, 0
14125,70, 0
14126,68, 0
14127,77, 0
14128,78, 0
14129,106, 0
14130,97, 0
14131,99, 0
14132,99, 0
14133,99, 0
14134,95, 0
14135,93, 0
14136,92, 0
14137,102, 0
14138,96, 0
14139,89, 0
14140,83, 0
14141,93, 0
14142,94, 0
14143,107, 0
14144,108, 0
14145,115, 0
14146,109, 0
14147,122, 0
14148,113, 0
14149,116, 0
14150,129, 0
14151,130, 0
14152,126, 0
14153,107, 0
14154,94, 0
14155,92, 0
14156,97, 0
14157,108, 0
14158,129, 0
14159,153, 0
14160,177, 0
14161,171, 0
14162,189, 0
14163,192, 0
14164,187, 0
14165,204, 0
14166,189, 0
14167,191, 0
14168,187, 0
14169,190, 0
14170,177, 0
14171,182, 0
14172,185, 0
14173,175, 0
14174,173, 0
14175,171, 0
14176,165, 0
14177,161, 0
14178,160, 0
14179,159, 0
14180,147, 0
14181,150, 0
14182,134, 0
14183,124, 0
14184,96, 0
14185,73, 0
14186,68, 0
14187,67, 0
14188,77, 0
14189,89, 0
14190,108, 0
14191,102, 0
14192,88, 0
14193,97, 0
14194,95, 0
14195,95, 0
14196,92, 0
14197,88, 0
14198,89, 0
14199,92, 0
14200,89, 0
14201,92, 0
14202,99, 0
14203,94, 0
14204,97, 0
14205,95, 0
14206,97, 0
14207,106, 0
14208,111, 0
14209,124, 0
14210,103, 0
14211,124, 0
14212,124, 0
14213,142, 0
14214,99, 0
14215,92, 0
14216,85, 0
14217,108, 0
14218,110, 0
14219,133, 0
14220,160, 0
14221,166, 0
14222,176, 0
14223,191, 0
14224,183, 0
14225,191, 0
14226,191, 0
14227,188, 0
14228,191, 0
14229,184, 0
14230,190, 0
14231,183, 0
14232,186, 0
14233,184, 0
14234,182, 0
14235,174, 0
14236,183, 0
14237,159, 0
14238,165, 0
14239,157, 0
14240,163, 0
14241,151, 0
14242,149, 0
14243,134, 0
14244,111, 0
14245,93, 0
14246,68, 0
14247,72, 0
14248,70, 0
14249,83, 0
14250,103, 0
14251,99, 0
14252,97, 0
14253,95, 0
14254,92, 0
14255,90, 0
14256,83, 0
14257,89, 0
14258,92, 0
14259,80, 0
14260,92, 0
14261,99, 0
14262,89, 0
14263,96, 0
14264,95, 0
14265,99, 0
14266,102, 0
14267,104, 0
14268,107, 0
14269,105, 0
14270,118, 0
14271,116, 0
14272,127, 0
14273,126, 0
14274,125, 0
14275,106, 0
14276,90, 0
14277,93, 0
14278,101, 0
14279,109, 0
14280,132, 0
14281,164, 0
14282,183, 0
14283,193, 0
14284,193, 0
14285,181, 0
14286,185, 0
14287,196, 0
14288,191, 0
14289,187, 0
14290,189, 0
14291,183, 0
14292,186, 0
14293,184, 0
14294,183, 0
14295,169, 0
14296,176, 0
14297,174, 0
14298,170, 0
14299,170, 0
14300,167, 0
14301,151, 0
14302,158, 0
14303,150, 0
14304,141, 0
14305,126, 0
14306,95, 0
14307,76, 0
14308,76, 0
14309,73, 0
14310,84, 0
14311,104, 0
14312,108, 0
14313,101, 0
14314,100, 0
14315,95, 0
14316,90, 0
14317,92, 0
14318,90, 0
14319,100, 0
14320,88, 0
14321,83, 0
14322,97, 0
14323,88, 0
14324,93, 0
14325,92, 0
14326,93, 0
14327,102, 0
14328,104, 0
14329,108, 0
14330,111, 0
14331,118, 0
14332,119, 0
14333,126, 0
14334,125, 0
14335,126, 0
14336,108, 0
14337,89, 0
14338,91, 0
14339,100, 0
14340,110, 0
14341,139, 0
14342,161, 0
14343,176, 0
14344,185, 0
14345,195, 0
14346,188, 0
14347,205, 0
14348,190, 0
14349,189, 0
14350,179, 0
14351,183, 0
14352,180, 0
14353,185, 0
14354,189, 0
14355,197, 0
14356,183, 0
14357,185, 0
14358,181, 0
14359,195, 0
14360,175, 0
14361,186, 0
14362,163, 0
14363,141, 0
14364,127, 0
14365,116, 0
14366,112, 0
14367,71, 0
14368,57, 0
14369,54, 0
14370,62, 0
14371,78, 0
14372,108, 0
14373,103, 0
14374,102, 0
14375,101, 0
14376,102, 0
14377,99, 0
14378,100, 0
14379,95, 0
14380,94, 0
14381,95, 0
14382,92, 0
14383,89, 0
14384,89, 0
14385,92, 0
14386,90, 0
14387,102, 0
14388,90, 0
14389,96, 0
14390,101, 0
14391,107, 0
14392,112, 0
14393,116, 0
14394,129, 0
14395,151, 0
14396,123, 0
14397,113, 0
14398,91, 0
14399,90, 0
14400,101, 0
14401,108, 0
14402,141, 0
14403,168, 0
14404,179, 0
14405,187, 0
14406,192, 0
14407,185, 0
14408,183, 0
14409,192, 0
14410,187, 0
14411,186, 0
14412,187, 0
14413,184, 0
14414,187, 0
14415,181, 0
14416,177, 0
14417,161, 0
14418,172, 0
14419,158, 0
14420,168, 0
14421,167, 0
14422,165, 0
14423,156, 0
14424,151, 0
14425,145, 0
14426,141, 0
14427,121, 0
14428,83, 0
14429,74, 0
14430,65, 0
14431,65, 0
14432,87, 0
14433,101, 0
14434,102, 0
14435,105, 0
14436,85, 0
14437,95, 0
14438,95, 0
14439,84, 0
14440,91, 0
14441,83, 0
14442,92, 0
14443,93, 0
14444,101, 0
14445,91, 0
14446,100, 0
14447,97, 0
14448,99, 0
14449,102, 0
14450,105, 0
14451,112, 0
14452,117, 0
14453,127, 0
14454,126, 0
14455,129, 0
14456,124, 0
14457,134, 0
14458,115, 0
14459,92, 0
14460,93, 0
14461,112, 0
14462,118, 0
14463,144, 0
14464,168, 0
14465,183, 0
14466,185, 0
14467,185, 0
14468,184, 0
14469,187, 0
14470,199, 0
14471,184, 0
14472,189, 0
14473,189, 0
14474,182, 0
14475,185, 0
14476,185, 0
14477,182, 0
14478,180, 0
14479,182, 0
14480,169, 0
14481,167, 0
14482,168, 0
14483,164, 0
14484,160, 0
14485,156, 0
14486,148, 0
14487,137, 0
14488,119, 0
14489,89, 0
14490,71, 0
14491,67, 0
14492,73, 0
14493,92, 0
14494,105, 0
14495,109, 0
14496,103, 0
14497,108, 0
14498,105, 0
14499,95, 0
14500,95, 0
14501,92, 0
14502,89, 0
14503,95, 0
14504,95, 0
14505,94, 0
14506,91, 0
14507,95, 0
14508,108, 0
14509,102, 0
14510,105, 0
14511,106, 0
14512,117, 0
14513,118, 0
14514,108, 0
14515,125, 0
14516,130, 0
14517,130, 0
14518,125, 0
14519,96, 0
14520,88, 0
14521,76, 0
14522,96, 0
14523,113, 0
14524,144, 0
14525,168, 0
14526,181, 0
14527,183, 0
14528,186, 0
14529,184, 0
14530,187, 0
14531,189, 0
14532,186, 0
14533,189, 0
14534,188, 0
14535,185, 0
14536,189, 0
14537,188, 0
14538,192, 0
14539,193, 0
14540,171, 0
14541,164, 0
14542,163, 0
14543,155, 0
14544,154, 0
14545,149, 0
14546,151, 0
14547,144, 0
14548,137, 0
14549,113, 0
14550,77, 0
14551,75, 0
14552,78, 0
14553,80, 0
14554,90, 0
14555,124, 0
14556,103, 0
14557,110, 0
14558,91, 0
14559,94, 0
14560,90, 0
14561,96, 0
14562,92, 0
14563,90, 0
14564,95, 0
14565,87, 0
14566,92, 0
14567,92, 0
14568,91, 0
14569,95, 0
14570,103, 0
14571,95, 0
14572,99, 0
14573,105, 0
14574,105, 0
14575,109, 0
14576,126, 0
14577,127, 0
14578,121, 0
14579,127, 0
14580,106, 0
14581,92, 0
14582,92, 0
14583,103, 0
14584,107, 0
14585,164, 0
14586,166, 0
14587,170, 0
14588,177, 0
14589,176, 0
14590,181, 0
14591,181, 0
14592,192, 0
14593,182, 0
14594,190, 0
14595,184, 0
14596,187, 0
14597,177, 0
14598,183, 0
14599,170, 0
14600,167, 0
14601,165, 0
14602,161, 0
14603,184, 0
14604,166, 0
14605,168, 0
14606,159, 0
14607,155, 0
14608,142, 0
14609,141, 0
14610,122, 0
14611,95, 0
14612,76, 0
14613,73, 0
14614,86, 0
14615,103, 0
14616,115, 0
14617,113, 0
14618,101, 0
14619,95, 0
14620,95, 0
14621,94, 0
14622,92, 0
14623,89, 0
14624,92, 0
14625,100, 0
14626,89, 0
14627,91, 0
14628,96, 0
14629,93, 0
14630,92, 0
14631,102, 0
14632,104, 0
14633,108, 0
14634,103, 0
14635,110, 0
14636,123, 0
14637,112, 0
14638,127, 0
14639,126, 0
14640,121, 0
14641,95, 0
14642,92, 0
14643,92, 0
14644,100, 0
14645,121, 0
14646,145, 0
14647,171, 0
14648,180, 0
14649,183, 0
14650,184, 0
14651,181, 0
14652,169, 0
14653,187, 0
14654,181, 0
14655,188, 0
14656,170, 0
14657,179, 0
14658,181, 0
14659,181, 0
14660,166, 0
14661,177, 0
14662,164, 0
14663,165, 0
14664,187, 0
14665,155, 0
14666,181, 0
14667,160, 0
14668,150, 0
14669,139, 0
14670,133, 0
14671,102, 0
14672,77, 0
14673,67, 0
14674,70, 0
14675,63, 0
14676,94, 0
14677,108, 0
14678,105, 0
14679,105, 0
14680,102, 0
14681,99, 0
14682,97, 0
14683,97, 0
14684,92, 0
14685,91, 0
14686,94, 0
14687,92, 0
14688,94, 0
14689,88, 0
14690,87, 0
14691,95, 0
14692,102, 0
14693,100, 0
14694,102, 0
14695,108, 0
14696,112, 0
14697,115, 0
14698,125, 0
14699,130, 0
14700,129, 0
14701,123, 0
14702,94, 0
14703,84, 0
14704,89, 0
14705,106, 0
14706,121, 0
14707,148, 0
14708,161, 0
14709,177, 0
14710,183, 0
14711,185, 0
14712,183, 0
14713,188, 0
14714,186, 0
14715,183, 0
14716,186, 0
14717,183, 0
14718,181, 0
14719,180, 0
14720,183, 0
14721,175, 0
14722,175, 0
14723,164, 0
14724,170, 0
14725,189, 0
14726,166, 0
14727,166, 0
14728,154, 0
14729,138, 0
14730,142, 0
14731,131, 0
14732,106, 0
14733,73, 0
14734,60, 0
14735,70, 0
14736,76, 0
14737,95, 0
14738,103, 0
14739,103, 0
14740,101, 0
14741,108, 0
14742,97, 0
14743,91, 0
14744,89, 0
14745,94, 0
14746,95, 0
14747,93, 0
14748,97, 0
14749,95, 0
14750,93, 0
14751,87, 0
14752,78, 0
14753,93, 0
14754,108, 0
14755,112, 0
14756,116, 0
14757,117, 0
14758,126, 0
14759,128, 0
14760,133, 0
14761,130, 0
14762,116, 0
14763,96, 0
14764,99, 0
14765,93, 0
14766,108, 0
14767,124, 0
14768,151, 0
14769,170, 0
14770,176, 0
14771,186, 0
14772,183, 0
14773,200, 0
14774,182, 0
14775,183, 0
14776,183, 0
14777,184, 0
14778,183, 0
14779,179, 0
14780,183, 0
14781,180, 0
14782,179, 0
14783,169, 0
14784,169, 0
14785,165, 0
14786,177, 0
14787,165, 0
14788,179, 0
14789,152, 0
14790,143, 0
14791,136, 0
14792,118, 0
14793,95, 0
14794,67, 0
14795,60, 0
14796,64, 0
14797,76, 0
14798,95, 0
14799,100, 0
14800,95, 0
14801,108, 0
14802,102, 0
14803,101, 0
14804,95, 0
14805,94, 0
14806,89, 0
14807,90, 0
14808,92, 0
14809,94, 0
14810,97, 0
14811,90, 0
14812,91, 0
14813,100, 0
14814,105, 0
14815,97, 0
14816,103, 0
14817,112, 0
14818,116, 0
14819,119, 0
14820,122, 0
14821,117, 0
14822,115, 0
14823,111, 0
14824,92, 0
14825,101, 0
14826,97, 0
14827,105, 0
14828,127, 0
14829,149, 0
14830,169, 0
14831,183, 0
14832,187, 0
14833,183, 0
14834,184, 0
14835,170, 0
14836,183, 0
14837,186, 0
14838,186, 0
14839,187, 0
14840,184, 0
14841,183, 0
14842,183, 0
14843,183, 0
14844,171, 0
14845,165, 0
14846,158, 0
14847,171, 0
14848,164, 0
14849,158, 0
14850,155, 0
14851,142, 0
14852,143, 0
14853,129, 0
14854,100, 0
14855,75, 0
14856,73, 0
14857,68, 0
14858,76, 0
14859,99, 0
14860,109, 0
14861,100, 0
14862,103, 0
14863,101, 0
14864,107, 0
14865,95, 0
14866,92, 0
14867,96, 0
14868,97, 0
14869,85, 0
14870,95, 0
14871,95, 0
14872,90, 0
14873,100, 0
14874,94, 0
14875,94, 0
14876,97, 0
14877,99, 0
14878,110, 0
14879,118, 0
14880,123, 0
14881,121, 0
14882,128, 0
14883,137, 0
14884,113, 0
14885,99, 0
14886,96, 0
14887,100, 0
14888,111, 0
14889,130, 0
14890,152, 0
14891,159, 0
14892,183, 0
14893,185, 0
14894,179, 0
14895,176, 0
14896,181, 0
14897,176, 0
14898,177, 0
14899,182, 0
14900,181, 0
14901,182, 0
14902,173, 0
14903,175, 0
14904,182, 0
14905,175, 0
14906,165, 0
14907,166, 0
14908,164, 0
14909,157, 0
14910,158, 0
14911,144, 0
14912,130, 0
14913,142, 0
14914,121, 0
14915,91, 0
14916,64, 0
14917,60, 0
14918,58, 0
14919,74, 0
14920,95, 0
14921,103, 0
14922,92, 0
14923,102, 0
14924,102, 0
14925,102, 0
14926,103, 0
14927,95, 0
14928,95, 0
14929,95, 0
14930,96, 0
14931,104, 0
14932,102, 0
14933,106, 0
14934,103, 0
14935,107, 0
14936,109, 0
14937,102, 0
14938,112, 0
14939,117, 0
14940,127, 0
14941,131, 0
14942,132, 0
14943,132, 0
14944,136, 0
14945,117, 0
14946,94, 0
14947,92, 0
14948,97, 0
14949,109, 0
14950,133, 0
14951,155, 0
14952,176, 0
14953,180, 0
14954,186, 0
14955,183, 0
14956,183, 0
14957,177, 0
14958,182, 0
14959,187, 0
14960,182, 0
14961,190, 0
14962,186, 0
14963,184, 0
14964,182, 0
14965,183, 0
14966,171, 0
14967,167, 0
14968,175, 0
14969,158, 0
14970,166, 0
14971,163, 0
14972,150, 0
14973,148, 0
14974,144, 0
14975,128, 0
14976,102, 0
14977,75, 0
14978,65, 0
14979,65, 0
14980,85, 0
14981,103, 0
14982,105, 0
14983,91, 0
14984,102, 0
14985,93, 0
14986,102, 0
14987,97, 0
14988,90, 0
14989,89, 0
14990,92, 0
14991,89, 0
14992,97, 0
14993,95, 0
14994,89, 0
14995,104, 0
14996,95, 0
14997,100, 0
14998,103, 0
14999,110, 0
15000,121, 0
15001,115, 0
15002,121, 0
15003,118, 0
15004,127, 0
15005,128, 0
15006,113, 0
15007,88, 0
15008,89, 0
15009,108, 0
15010,107, 0
15011,131, 0
15012,158, 0
15013,159, 0
15014,181, 0
15015,184, 0
15016,175, 0
15017,180, 0
15018,185, 0
15019,188, 0
15020,189, 0
15021,183, 0
15022,184, 0
15023,181, 0
15024,179, 0
15025,180, 0
15026,179, 0
15027,169, 0
15028,166, 0
15029,170, 0
15030,168, 0
15031,164, 0
15032,159, 0
15033,145, 0
15034,140, 0
15035,139, 0
15036,121, 0
15037,95, 0
15038,75, 0
15039,67, 0
15040,75, 0
15041,80, 0
15042,97, 0
15043,105, 0
15044,100, 0
15045,101, 0
15046,106, 0
15047,102, 0
15048,101, 0
15049,101, 0
15050,102, 0
15051,100, 0
15052,99, 0
15053,95, 0
15054,94, 0
15055,102, 0
15056,97, 0
15057,89, 0
15058,95, 0
15059,108, 0
15060,111, 0
15061,109, 0
15062,119, 0
15063,121, 0
15064,126, 0
15065,133, 0
15066,129, 0
15067,110, 0
15068,95, 0
15069,108, 0
15070,96, 0
15071,118, 0
15072,139, 0
15073,149, 0
15074,164, 0
15075,181, 0
15076,184, 0
15077,187, 0
15078,187, 0
15079,168, 0
15080,186, 0
15081,202, 0
15082,182, 0
15083,187, 0
15084,190, 0
15085,176, 0
15086,181, 0
15087,177, 0
15088,170, 0
15089,164, 0
15090,170, 0
15091,164, 0
15092,154, 0
15093,155, 0
15094,151, 0
15095,126, 0
15096,135, 0
15097,115, 0
15098,90, 0
15099,69, 0
15100,63, 0
15101,70, 0
15102,84, 0
15103,107, 0
15104,109, 0
15105,109, 0
15106,108, 0
15107,104, 0
15108,104, 0
15109,81, 0
15110,87, 0
15111,97, 0
15112,95, 0
15113,93, 0
15114,96, 0
15115,96, 0
15116,96, 0
15117,101, 0
15118,92, 0
15119,101, 0
15120,108, 0
15121,112, 0
15122,115, 0
15123,115, 0
15124,120, 0
15125,126, 0
15126,128, 0
15127,128, 0
15128,108, 0
15129,100, 0
15130,83, 0
15131,95, 0
15132,111, 0
15133,134, 0
15134,158, 0
15135,176, 0
15136,181, 0
15137,164, 0
15138,189, 0
15139,183, 0
15140,183, 0
15141,181, 0
15142,196, 0
15143,200, 0
15144,183, 0
15145,176, 0
15146,180, 0
15147,183, 0
15148,180, 0
15149,168, 0
15150,166, 0
15151,170, 0
15152,170, 0
15153,168, 0
15154,159, 0
15155,153, 0
15156,147, 0
15157,140, 0
15158,121, 0
15159,94, 0
15160,74, 0
15161,68, 0
15162,79, 0
15163,106, 0
15164,106, 0
15165,111, 0
15166,110, 0
15167,105, 0
15168,107, 0
15169,111, 0
15170,95, 0
15171,95, 0
15172,95, 0
15173,85, 0
15174,101, 0
15175,106, 0
15176,93, 0
15177,95, 0
15178,102, 0
15179,97, 0
15180,102, 0
15181,105, 0
15182,110, 0
15183,111, 0
15184,121, 0
15185,121, 0
15186,125, 0
15187,132, 0
15188,127, 0
15189,102, 0
15190,93, 0
15191,89, 0
15192,92, 0
15193,117, 0
15194,145, 0
15195,158, 0
15196,181, 0
15197,181, 0
15198,183, 0
15199,183, 0
15200,181, 0
15201,179, 0
15202,187, 0
15203,175, 0
15204,181, 0
15205,184, 0
15206,176, 0
15207,177, 0
15208,179, 0
15209,171, 0
15210,158, 0
15211,159, 0
15212,152, 0
15213,151, 0
15214,151, 0
15215,153, 0
15216,151, 0
15217,148, 0
15218,137, 0
15219,115, 0
15220,90, 0
15221,74, 0
15222,68, 0
15223,84, 0
15224,90, 0
15225,102, 0
15226,108, 0
15227,105, 0
15228,102, 0
15229,101, 0
15230,107, 0
15231,92, 0
15232,111, 0
15233,94, 0
15234,92, 0
15235,95, 0
15236,95, 0
15237,93, 0
15238,97, 0
15239,94, 0
15240,85, 0
15241,90, 0
15242,102, 0
15243,104, 0
15244,115, 0
15245,121, 0
15246,115, 0
15247,124, 0
15248,128, 0
15249,122, 0
15250,101, 0
15251,97, 0
15252,89, 0
15253,104, 0
15254,120, 0
15255,140, 0
15256,167, 0
15257,184, 0
15258,183, 0
15259,188, 0
15260,183, 0
15261,173, 0
15262,182, 0
15263,186, 0
15264,196, 0
15265,181, 0
15266,185, 0
15267,179, 0
15268,177, 0
15269,173, 0
15270,173, 0
15271,167, 0
15272,169, 0
15273,164, 0
15274,159, 0
15275,166, 0
15276,158, 0
15277,155, 0
15278,150, 0
15279,129, 0
15280,115, 0
15281,91, 0
15282,68, 0
15283,69, 0
15284,81, 0
15285,102, 0
15286,110, 0
15287,113, 0
15288,94, 0
15289,105, 0
15290,105, 0
15291,105, 0
15292,86, 0
15293,97, 0
15294,92, 0
15295,96, 0
15296,97, 0
15297,94, 0
15298,95, 0
15299,99, 0
15300,99, 0
15301,101, 0
15302,111, 0
15303,106, 0
15304,107, 0
15305,111, 0
15306,118, 0
15307,108, 0
15308,126, 0
15309,130, 0
15310,121, 0
15311,100, 0
15312,103, 0
15313,96, 0
15314,123, 0
15315,151, 0
15316,157, 0
15317,175, 0
15318,182, 0
15319,171, 0
15320,163, 0
15321,160, 0
15322,158, 0
15323,166, 0
15324,176, 0
15325,176, 0
15326,179, 0
15327,183, 0
15328,177, 0
15329,183, 0
15330,180, 0
15331,174, 0
15332,170, 0
15333,164, 0
15334,160, 0
15335,159, 0
15336,158, 0
15337,153, 0
15338,150, 0
15339,149, 0
15340,131, 0
15341,100, 0
15342,86, 0
15343,64, 0
15344,67, 0
15345,79, 0
15346,89, 0
15347,100, 0
15348,92, 0
15349,88, 0
15350,95, 0
15351,99, 0
15352,96, 0
15353,94, 0
15354,96, 0
15355,85, 0
15356,95, 0
15357,104, 0
15358,94, 0
15359,91, 0
15360,94, 0
15361,104, 0
15362,105, 0
15363,109, 0
15364,111, 0
15365,115, 0
15366,121, 0
15367,118, 0
15368,118, 0
15369,127, 0
15370,138, 0
15371,120, 0
15372,102, 0
15373,95, 0
15374,89, 0
15375,108, 0
15376,115, 0
15377,148, 0
15378,177, 0
15379,192, 0
15380,191, 0
15381,195, 0
15382,186, 0
15383,177, 0
15384,184, 0
15385,183, 0
15386,177, 0
15387,182, 0
15388,183, 0
15389,176, 0
15390,183, 0
15391,180, 0
15392,177, 0
15393,171, 0
15394,174, 0
15395,172, 0
15396,163, 0
15397,170, 0
15398,166, 0
15399,156, 0
15400,119, 0
15401,134, 0
15402,104, 0
15403,81, 0
15404,63, 0
15405,70, 0
15406,83, 0
15407,109, 0
15408,109, 0
15409,102, 0
15410,95, 0
15411,96, 0
15412,101, 0
15413,96, 0
15414,97, 0
15415,95, 0
15416,95, 0
15417,95, 0
15418,120, 0
15419,90, 0
15420,89, 0
15421,106, 0
15422,93, 0
15423,96, 0
15424,103, 0
15425,113, 0
15426,108, 0
15427,116, 0
15428,116, 0
15429,117, 0
15430,127, 0
15431,127, 0
15432,119, 0
15433,96, 0
15434,95, 0
15435,86, 0
15436,99, 0
15437,108, 0
15438,141, 0
15439,160, 0
15440,180, 0
15441,180, 0
15442,188, 0
15443,184, 0
15444,182, 0
15445,185, 0
15446,188, 0
15447,182, 0
15448,191, 0
15449,193, 0
15450,180, 0
15451,188, 0
15452,183, 0
15453,176, 0
15454,168, 0
15455,158, 0
15456,169, 0
15457,175, 0
15458,161, 0
15459,150, 0
15460,152, 0
15461,147, 0
15462,134, 0
15463,107, 0
15464,86, 0
15465,57, 0
15466,70, 0
15467,76, 0
15468,92, 0
15469,106, 0
15470,97, 0
15471,100, 0
15472,104, 0
15473,101, 0
15474,93, 0
15475,91, 0
15476,92, 0
15477,85, 0
15478,97, 0
15479,101, 0
15480,94, 0
15481,91, 0
15482,93, 0
15483,102, 0
15484,100, 0
15485,106, 0
15486,106, 0
15487,102, 0
15488,117, 0
15489,120, 0
15490,124, 0
15491,138, 0
15492,133, 0
15493,117, 0
15494,103, 0
15495,89, 0
15496,94, 0
15497,105, 0
15498,117, 0
15499,155, 0
15500,170, 0
15501,183, 0
15502,185, 0
15503,183, 0
15504,177, 0
15505,177, 0
15506,183, 0
15507,183, 0
15508,182, 0
15509,189, 0
15510,190, 0
15511,175, 0
15512,172, 0
15513,181, 0
15514,175, 0
15515,170, 0
15516,170, 0
15517,157, 0
15518,164, 0
15519,163, 0
15520,150, 0
15521,145, 0
15522,138, 0
15523,122, 0
15524,94, 0
15525,63, 0
15526,53, 0
15527,56, 0
15528,74, 0
15529,90, 0
15530,95, 0
15531,100, 0
15532,93, 0
15533,103, 0
15534,100, 0
15535,93, 0
15536,94, 0
15537,94, 0
15538,89, 0
15539,94, 0
15540,100, 0
15541,97, 0
15542,99, 0
15543,99, 0
15544,102, 0
15545,120, 0
15546,118, 0
15547,129, 0
15548,109, 0
15549,142, 0
15550,127, 0
15551,129, 0
15552,153, 0
15553,135, 0
15554,126, 0
15555,107, 0
15556,92, 0
15557,94, 0
15558,112, 0
15559,134, 0
15560,152, 0
15561,187, 0
15562,195, 0
15563,191, 0
15564,193, 0
15565,184, 0
15566,184, 0
15567,183, 0
15568,183, 0
15569,170, 0
15570,186, 0
15571,181, 0
15572,196, 0
15573,182, 0
15574,170, 0
15575,163, 0
15576,158, 0
15577,165, 0
15578,163, 0
15579,163, 0
15580,161, 0
15581,173, 0
15582,151, 0
15583,142, 0
15584,133, 0
15585,104, 0
15586,85, 0
15587,64, 0
15588,71, 0
15589,88, 0
15590,107, 0
15591,121, 0
15592,112, 0
15593,102, 0
15594,92, 0
15595,104, 0
15596,101, 0
15597,101, 0
15598,97, 0
15599,93, 0
15600,95, 0
15601,91, 0
15602,79, 0
15603,95, 0
15604,96, 0
15605,99, 0
15606,109, 0
15607,109, 0
15608,112, 0
15609,111, 0
15610,117, 0
15611,121, 0
15612,115, 0
15613,126, 0
15614,128, 0
15615,115, 0
15616,96, 0
15617,88, 0
15618,96, 0
15619,116, 0
15620,128, 0
15621,152, 0
15622,167, 0
15623,173, 0
15624,182, 0
15625,183, 0
15626,175, 0
15627,168, 0
15628,176, 0
15629,179, 0
15630,181, 0
15631,184, 0
15632,179, 0
15633,174, 0
15634,175, 0
15635,174, 0
15636,165, 0
15637,165, 0
15638,166, 0
15639,163, 0
15640,166, 0
15641,145, 0
15642,148, 0
15643,150, 0
15644,152, 0
15645,133, 0
15646,103, 0
15647,84, 0
15648,73, 0
15649,76, 0
15650,84, 0
15651,106, 0
15652,123, 0
15653,110, 0
15654,113, 0
15655,106, 0
15656,107, 0
15657,100, 0
15658,104, 0
15659,101, 0
15660,99, 0
15661,103, 0
15662,102, 0
15663,102, 0
15664,100, 0
15665,97, 0
15666,99, 0
15667,106, 0
15668,106, 0
15669,119, 0
15670,110, 0
15671,115, 0
15672,130, 0
15673,119, 0
15674,126, 0
15675,128, 0
15676,113, 0
15677,92, 0
15678,86, 0
15679,92, 0
15680,107, 0
15681,129, 0
15682,151, 0
15683,167, 0
15684,172, 0
15685,175, 0
15686,176, 0
15687,170, 0
15688,174, 0
15689,181, 0
15690,187, 0
15691,175, 0
15692,185, 0
15693,177, 0
15694,173, 0
15695,180, 0
15696,175, 0
15697,165, 0
15698,164, 0
15699,159, 0
15700,160, 0
15701,163, 0
15702,158, 0
15703,152, 0
15704,152, 0
15705,139, 0
15706,129, 0
15707,91, 0
15708,88, 0
15709,67, 0
15710,70, 0
15711,84, 0
15712,105, 0
15713,110, 0
15714,108, 0
15715,110, 0
15716,90, 0
15717,108, 0
15718,102, 0
15719,90, 0
15720,97, 0
15721,104, 0
15722,102, 0
15723,99, 0
15724,96, 0
15725,102, 0
15726,101, 0
15727,104, 0
15728,102, 0
15729,107, 0
15730,102, 0
15731,115, 0
15732,113, 0
15733,119, 0
15734,129, 0
15735,127, 0
15736,131, 0
15737,111, 0
15738,90, 0
15739,86, 0
15740,95, 0
15741,104, 0
15742,128, 0
15743,153, 0
15744,170, 0
15745,172, 0
15746,177, 0
15747,179, 0
15748,173, 0
15749,176, 0
15750,176, 0
15751,190, 0
15752,196, 0
15753,183, 0
15754,175, 0
15755,183, 0
15756,188, 0
15757,180, 0
15758,156, 0
15759,166, 0
15760,163, 0
15761,164, 0
15762,159, 0
15763,159, 0
15764,156, 0
15765,152, 0
15766,143, 0
15767,123, 0
15768,96, 0
15769,77, 0
15770,71, 0
15771,75, 0
15772,89, 0
15773,103, 0
15774,106, 0
15775,108, 0
15776,108, 0
15777,92, 0
15778,99, 0
15779,101, 0
15780,90, 0
15781,95, 0
15782,95, 0
15783,97, 0
15784,96, 0
15785,94, 0
15786,96, 0
15787,95, 0
15788,96, 0
15789,104, 0
15790,108, 0
15791,111, 0
15792,116, 0
15793,115, 0
15794,107, 0
15795,127, 0
15796,129, 0
15797,127, 0
15798,104, 0
15799,89, 0
15800,83, 0
15801,90, 0
15802,102, 0
15803,124, 0
15804,155, 0
15805,167, 0
15806,179, 0
15807,183, 0
15808,182, 0
15809,176, 0
15810,180, 0
15811,179, 0
15812,176, 0
15813,172, 0
15814,183, 0
15815,176, 0
15816,175, 0
15817,174, 0
15818,201, 0
15819,173, 0
15820,170, 0
15821,170, 0
15822,175, 0
15823,169, 0
15824,166, 0
15825,159, 0
15826,165, 0
15827,147, 0
15828,128, 0
15829,102, 0
15830,83, 0
15831,76, 0
15832,75, 0
15833,87, 0
15834,115, 0
15835,108, 0
15836,102, 0
15837,103, 0
15838,108, 0
15839,90, 0
15840,92, 0
15841,89, 0
15842,96, 0
15843,96, 0
15844,99, 0
15845,93, 0
15846,105, 0
15847,100, 0
15848,108, 0
15849,103, 0
15850,109, 0
15851,107, 0
15852,100, 0
15853,108, 0
15854,115, 0
15855,120, 0
15856,124, 0
15857,131, 0
15858,129, 0
15859,124, 0
15860,89, 0
15861,87, 0
15862,102, 0
15863,103, 0
15864,133, 0
15865,153, 0
15866,174, 0
15867,176, 0
15868,182, 0
15869,176, 0
15870,176, 0
15871,176, 0
15872,181, 0
15873,183, 0
15874,176, 0
15875,184, 0
15876,183, 0
15877,202, 0
15878,182, 0
15879,161, 0
15880,155, 0
15881,159, 0
15882,165, 0
15883,169, 0
15884,165, 0
15885,155, 0
15886,152, 0
15887,157, 0
15888,140, 0
15889,113, 0
15890,92, 0
15891,73, 0
15892,72, 0
15893,85, 0
15894,89, 0
15895,112, 0
15896,108, 0
15897,111, 0
15898,119, 0
15899,101, 0
15900,104, 0
15901,92, 0
15902,85, 0
15903,90, 0
15904,90, 0
15905,92, 0
15906,89, 0
15907,97, 0
15908,93, 0
15909,92, 0
15910,93, 0
15911,95, 0
15912,89, 0
15913,92, 0
15914,110, 0
15915,111, 0
15916,110, 0
15917,116, 0
15918,126, 0
15919,124, 0
15920,106, 0
15921,92, 0
15922,81, 0
15923,100, 0
15924,108, 0
15925,139, 0
15926,163, 0
15927,174, 0
15928,181, 0
15929,183, 0
15930,179, 0
15931,181, 0
15932,183, 0
15933,187, 0
15934,189, 0
15935,193, 0
15936,196, 0
15937,191, 0
15938,193, 0
15939,179, 0
15940,176, 0
15941,177, 0
15942,168, 0
15943,164, 0
15944,158, 0
15945,160, 0
15946,153, 0
15947,137, 0
15948,143, 0
15949,134, 0
15950,115, 0
15951,83, 0
15952,65, 0
15953,71, 0
15954,77, 0
15955,97, 0
15956,112, 0
15957,115, 0
15958,110, 0
15959,106, 0
15960,109, 0
15961,106, 0
15962,102, 0
15963,100, 0
15964,100, 0
15965,97, 0
15966,97, 0
15967,90, 0
15968,104, 0
15969,94, 0
15970,94, 0
15971,93, 0
15972,95, 0
15973,87, 0
15974,100, 0
15975,107, 0
15976,110, 0
15977,113, 0
15978,119, 0
15979,129, 0
15980,120, 0
15981,101, 0
15982,81, 0
15983,85, 0
15984,90, 0
15985,105, 0
15986,148, 0
15987,154, 0
15988,170, 0
15989,179, 0
15990,185, 0
15991,189, 0
15992,176, 0
15993,183, 0
15994,175, 0
15995,179, 0
15996,183, 0
15997,182, 0
15998,183, 0
15999,179, 0
16000,169, 0
16001,180, 0
16002,167, 0
16003,161, 0
16004,161, 0
16005,160, 0
16006,157, 0
16007,151, 0
16008,140, 0
16009,135, 0
16010,127, 0
16011,110, 0
16012,77, 0
16013,76, 0
16014,75, 0
16015,74, 0
16016,97, 0
16017,119, 0
16018,109, 0
16019,108, 0
16020,115, 0
16021,104, 0
16022,102, 0
16023,103, 0
16024,100, 0
16025,106, 0
16026,108, 0
16027,115, 0
16028,118, 0
16029,108, 0
16030,106, 0
16031,102, 0
16032,122, 0
16033,99, 0
16034,107, 0
16035,102, 0
16036,103, 0
16037,119, 0
16038,108, 0
16039,125, 0
16040,128, 0
16041,131, 0
16042,104, 0
16043,92, 0
16044,101, 0
16045,100, 0
16046,116, 0
16047,156, 0
16048,175, 0
16049,175, 0
16050,183, 0
16051,183, 0
16052,176, 0
16053,183, 0
16054,184, 0
16055,183, 0
16056,185, 0
16057,183, 0
16058,182, 0
16059,182, 0
16060,179, 0
16061,176, 0
16062,170, 0
16063,170, 0
16064,159, 0
16065,165, 0
16066,164, 0
16067,159, 0
16068,159, 0
16069,154, 0
16070,151, 0
16071,136, 0
16072,112, 0
16073,83, 0
16074,71, 0
16075,78, 0
16076,69, 0
16077,101, 0
16078,116, 0
16079,115, 0
16080,108, 0
16081,106, 0
16082,93, 0
16083,99, 0
16084,104, 0
16085,96, 0
16086,104, 0
16087,101, 0
16088,96, 0
16089,95, 0
16090,89, 0
16091,96, 0
16092,95, 0
16093,108, 0
16094,104, 0
16095,104, 0
16096,108, 0
16097,115, 0
16098,110, 0
16099,121, 0
16100,121, 0
16101,127, 0
16102,120, 0
16103,96, 0
16104,85, 0
16105,86, 0
16106,105, 0
16107,116, 0
16108,130, 0
16109,164, 0
16110,174, 0
16111,175, 0
16112,180, 0
16113,170, 0
16114,197, 0
16115,163, 0
16116,175, 0
16117,183, 0
16118,180, 0
16119,177, 0
16120,180, 0
16121,179, 0
16122,187, 0
16123,174, 0
16124,164, 0
16125,163, 0
16126,164, 0
16127,165, 0
16128,158, 0
16129,152, 0
16130,147, 0
16131,139, 0
16132,139, 0
16133,113, 0
16134,87, 0
16135,69, 0
16136,69, 0
16137,76, 0
16138,99, 0
16139,108, 0
16140,107, 0
16141,104, 0
16142,117, 0
16143,100, 0
16144,89, 0
16145,97, 0
16146,92, 0
16147,93, 0
16148,94, 0
16149,93, 0
16150,93, 0
16151,99, 0
16152,95, 0
16153,99, 0
16154,91, 0
16155,97, 0
16156,108, 0
16157,110, 0
16158,115, 0
16159,116, 0
16160,126, 0
16161,125, 0
16162,136, 0
16163,124, 0
16164,104, 0
16165,92, 0
16166,95, 0
16167,109, 0
16168,120, 0
16169,140, 0
16170,172, 0
16171,182, 0
16172,183, 0
16173,183, 0
16174,174, 0
16175,190, 0
16176,180, 0
16177,183, 0
16178,180, 0
16179,183, 0
16180,183, 0
16181,183, 0
16182,184, 0
16183,183, 0
16184,179, 0
16185,170, 0
16186,167, 0
16187,168, 0
16188,164, 0
16189,163, 0
16190,160, 0
16191,145, 0
16192,151, 0
16193,137, 0
16194,115, 0
16195,83, 0
16196,76, 0
16197,75, 0
16198,92, 0
16199,107, 0
16200,128, 0
16201,105, 0
16202,118, 0
16203,111, 0
16204,101, 0
16205,94, 0
16206,101, 0
16207,95, 0
16208,95, 0
16209,96, 0
16210,94, 0
16211,100, 0
16212,100, 0
16213,96, 0
16214,100, 0
16215,104, 0
16216,101, 0
16217,108, 0
16218,111, 0
16219,118, 0
16220,121, 0
16221,125, 0
16222,124, 0
16223,127, 0
16224,119, 0
16225,92, 0
16226,85, 0
16227,90, 0
16228,99, 0
16229,121, 0
16230,141, 0
16231,160, 0
16232,171, 0
16233,180, 0
16234,176, 0
16235,166, 0
16236,175, 0
16237,164, 0
16238,158, 0
16239,157, 0
16240,157, 0
16241,159, 0
16242,158, 0
16243,170, 0
16244,189, 0
16245,202, 0
16246,198, 0
16247,193, 0
16248,180, 0
16249,167, 0
16250,155, 0
16251,150, 0
16252,140, 0
16253,140, 0
16254,134, 0
16255,112, 0
16256,76, 0
16257,69, 0
16258,75, 0
16259,83, 0
16260,108, 0
16261,121, 0
16262,115, 0
16263,109, 0
16264,112, 0
16265,102, 0
16266,115, 0
16267,102, 0
16268,99, 0
16269,102, 0
16270,102, 0
16271,95, 0
16272,100, 0
16273,96, 0
16274,101, 0
16275,105, 0
16276,97, 0
16277,108, 0
16278,117, 0
16279,109, 0
16280,125, 0
16281,127, 0
16282,136, 0
16283,133, 0
16284,140, 0
16285,133, 0
16286,112, 0
16287,105, 0
16288,108, 0
16289,121, 0
16290,137, 0
16291,158, 0
16292,180, 0
16293,187, 0
16294,188, 0
16295,198, 0
16296,191, 0
16297,192, 0
16298,188, 0
16299,179, 0
16300,184, 0
16301,177, 0
16302,180, 0
16303,172, 0
16304,176, 0
16305,174, 0
16306,173, 0
16307,167, 0
16308,169, 0
16309,170, 0
16310,165, 0
16311,159, 0
16312,150, 0
16313,138, 0
16314,139, 0
16315,130, 0
16316,92, 0
16317,76, 0
16318,76, 0
16319,65, 0
16320,85, 0
16321,112, 0
16322,122, 0
16323,115, 0
16324,109, 0
16325,102, 0
16326,88, 0
16327,100, 0
16328,96, 0
16329,94, 0
16330,96, 0
16331,93, 0
16332,89, 0
16333,92, 0
16334,92, 0
16335,89, 0
16336,94, 0
16337,92, 0
16338,89, 0
16339,116, 0
16340,109, 0
16341,102, 0
16342,116, 0
16343,115, 0
16344,112, 0
16345,122, 0
16346,100, 0
16347,90, 0
16348,76, 0
16349,86, 0
16350,94, 0
16351,122, 0
16352,148, 0
16353,164, 0
16354,176, 0
16355,193, 0
16356,177, 0
16357,190, 0
16358,179, 0
16359,177, 0
16360,181, 0
16361,177, 0
16362,176, 0
16363,179, 0
16364,177, 0
16365,173, 0
16366,173, 0
16367,169, 0
16368,164, 0
16369,167, 0
16370,165, 0
16371,160, 0
16372,158, 0
16373,153, 0
16374,144, 0
16375,144, 0
16376,127, 0
16377,94, 0
16378,85, 0
16379,63, 0
16380,72, 0
16381,79, 0
16382,104, 0
16383,106, 0
16384,104, 0
16385,91, 0
16386,108, 0
16387,100, 0
16388,97, 0
16389,87, 0
16390,100, 0
16391,94, 0
16392,92, 0
16393,93, 0
16394,95, 0
16395,97, 0
16396,94, 0
16397,100, 0
16398,96, 0
16399,99, 0
16400,104, 0
16401,110, 0
16402,103, 0
16403,127, 0
16404,119, 0
16405,122, 0
16406,126, 0
16407,107, 0
16408,85, 0
16409,93, 0
16410,99, 0
16411,105, 0
16412,130, 0
16413,154, 0
16414,165, 0
16415,181, 0
16416,181, 0
16417,176, 0
16418,187, 0
16419,176, 0
16420,171, 0
16421,179, 0
16422,176, 0
16423,175, 0
16424,173, 0
16425,176, 0
16426,167, 0
16427,176, 0
16428,168, 0
16429,175, 0
16430,163, 0
16431,161, 0
16432,164, 0
16433,158, 0
16434,154, 0
16435,145, 0
16436,144, 0
16437,133, 0
16438,102, 0
16439,87, 0
16440,74, 0
16441,71, 0
16442,89, 0
16443,105, 0
16444,118, 0
16445,112, 0
16446,109, 0
16447,90, 0
16448,102, 0
16449,97, 0
16450,93, 0
16451,95, 0
16452,94, 0
16453,94, 0
16454,101, 0
16455,109, 0
16456,95, 0
16457,107, 0
16458,96, 0
16459,102, 0
16460,99, 0
16461,103, 0
16462,108, 0
16463,105, 0
16464,110, 0
16465,116, 0
16466,130, 0
16467,127, 0
16468,105, 0
16469,89, 0
16470,84, 0
16471,89, 0
16472,96, 0
16473,125, 0
16474,149, 0
16475,169, 0
16476,189, 0
16477,189, 0
16478,185, 0
16479,184, 0
16480,188, 0
16481,187, 0
16482,191, 0
16483,183, 0
16484,184, 0
16485,190, 0
16486,183, 0
16487,180, 0
16488,180, 0
16489,172, 0
16490,166, 0
16491,166, 0
16492,171, 0
16493,167, 0
16494,163, 0
16495,156, 0
16496,148, 0
16497,150, 0
16498,128, 0
16499,97, 0
16500,70, 0
16501,70, 0
16502,71, 0
16503,88, 0
16504,109, 0
16505,115, 0
16506,109, 0
16507,107, 0
16508,115, 0
16509,106, 0
16510,111, 0
16511,92, 0
16512,106, 0
16513,102, 0
16514,100, 0
16515,102, 0
16516,102, 0
16517,96, 0
16518,96, 0
16519,102, 0
16520,100, 0
16521,102, 0
16522,108, 0
16523,109, 0
16524,115, 0
16525,116, 0
16526,116, 0
16527,123, 0
16528,122, 0
16529,101, 0
16530,88, 0
16531,86, 0
16532,96, 0
16533,102, 0
16534,134, 0
16535,153, 0
16536,173, 0
16537,183, 0
16538,180, 0
16539,179, 0
16540,180, 0
16541,174, 0
16542,177, 0
16543,177, 0
16544,181, 0
16545,179, 0
16546,183, 0
16547,172, 0
16548,186, 0
16549,181, 0
16550,169, 0
16551,168, 0
16552,167, 0
16553,164, 0
16554,158, 0
16555,160, 0
16556,154, 0
16557,148, 0
16558,147, 0
16559,124, 0
16560,92, 0
16561,69, 0
16562,62, 0
16563,63, 0
16564,86, 0
16565,107, 0
16566,106, 0
16567,115, 0
16568,110, 0
16569,108, 0
16570,105, 0
16571,105, 0
16572,93, 0
16573,99, 0
16574,102, 0
16575,107, 0
16576,102, 0
16577,105, 0
16578,100, 0
16579,103, 0
16580,110, 0
16581,103, 0
16582,97, 0
16583,110, 0
16584,108, 0
16585,118, 0
16586,121, 0
16587,120, 0
16588,132, 0
16589,133, 0
16590,107, 0
16591,91, 0
16592,88, 0
16593,84, 0
16594,107, 0
16595,134, 0
16596,152, 0
16597,171, 0
16598,182, 0
16599,183, 0
16600,183, 0
16601,184, 0
16602,183, 0
16603,183, 0
16604,183, 0
16605,190, 0
16606,190, 0
16607,176, 0
16608,189, 0
16609,189, 0
16610,189, 0
16611,175, 0
16612,169, 0
16613,180, 0
16614,169, 0
16615,166, 0
16616,164, 0
16617,155, 0
16618,152, 0
16619,145, 0
16620,116, 0
16621,96, 0
16622,76, 0
16623,71, 0
16624,83, 0
16625,108, 0
16626,115, 0
16627,120, 0
16628,113, 0
16629,116, 0
16630,100, 0
16631,102, 0
16632,92, 0
16633,99, 0
16634,99, 0
16635,93, 0
16636,78, 0
16637,91, 0
16638,88, 0
16639,94, 0
16640,92, 0
16641,96, 0
16642,99, 0
16643,96, 0
16644,101, 0
16645,107, 0
16646,110, 0
16647,117, 0
16648,122, 0
16649,133, 0
16650,127, 0
16651,104, 0
16652,89, 0
16653,94, 0
16654,95, 0
16655,112, 0
16656,136, 0
16657,170, 0
16658,174, 0
16659,176, 0
16660,175, 0
16661,184, 0
16662,191, 0
16663,186, 0
16664,184, 0
16665,173, 0
16666,183, 0
16667,183, 0
16668,183, 0
16669,183, 0
16670,184, 0
16671,167, 0
16672,171, 0
16673,167, 0
16674,167, 0
16675,164, 0
16676,158, 0
16677,159, 0
16678,152, 0
16679,152, 0
16680,142, 0
16681,115, 0
16682,85, 0
16683,76, 0
16684,73, 0
16685,69, 0
16686,115, 0
16687,113, 0
16688,110, 0
16689,109, 0
16690,107, 0
16691,103, 0
16692,120, 0
16693,97, 0
16694,95, 0
16695,96, 0
16696,92, 0
16697,93, 0
16698,93, 0
16699,95, 0
16700,99, 0
16701,100, 0
16702,92, 0
16703,100, 0
16704,103, 0
16705,103, 0
16706,105, 0
16707,121, 0
16708,123, 0
16709,126, 0
16710,128, 0
16711,121, 0
16712,93, 0
16713,80, 0
16714,84, 0
16715,90, 0
16716,107, 0
16717,148, 0
16718,158, 0
16719,169, 0
16720,183, 0
16721,180, 0
16722,181, 0
16723,177, 0
16724,172, 0
16725,181, 0
16726,184, 0
16727,175, 0
16728,170, 0
16729,180, 0
16730,182, 0
16731,179, 0
16732,176, 0
16733,167, 0
16734,164, 0
16735,169, 0
16736,164, 0
16737,164, 0
16738,158, 0
16739,149, 0
16740,144, 0
16741,143, 0
16742,117, 0
16743,94, 0
16744,74, 0
16745,64, 0
16746,79, 0
16747,96, 0
16748,115, 0
16749,105, 0
16750,121, 0
16751,105, 0
16752,103, 0
16753,109, 0
16754,102, 0
16755,93, 0
16756,99, 0
16757,93, 0
16758,95, 0
16759,92, 0
16760,93, 0
16761,90, 0
16762,91, 0
16763,95, 0
16764,96, 0
16765,100, 0
16766,102, 0
16767,102, 0
16768,106, 0
16769,113, 0
16770,116, 0
16771,120, 0
16772,100, 0
16773,88, 0
16774,71, 0
16775,85, 0
16776,92, 0
16777,105, 0
16778,138, 0
16779,170, 0
16780,175, 0
16781,181, 0
16782,183, 0
16783,175, 0
16784,174, 0
16785,175, 0
16786,176, 0
16787,183, 0
16788,180, 0
16789,187, 0
16790,195, 0
16791,185, 0
16792,197, 0
16793,199, 0
16794,184, 0
16795,191, 0
16796,183, 0
16797,179, 0
16798,170, 0
16799,163, 0
16800,158, 0
16801,148, 0
16802,137, 0
16803,110, 0
16804,75, 0
16805,64, 0
16806,72, 0
16807,68, 0
16808,84, 0
16809,108, 0
16810,106, 0
16811,113, 0
16812,106, 0
16813,102, 0
16814,105, 0
16815,99, 0
16816,92, 0
16817,93, 0
16818,92, 0
16819,92, 0
16820,92, 0
16821,92, 0
16822,94, 0
16823,96, 0
16824,95, 0
16825,94, 0
16826,101, 0
16827,100, 0
16828,128, 0
16829,110, 0
16830,113, 0
16831,120, 0
16832,128, 0
16833,116, 0
16834,97, 0
16835,87, 0
16836,90, 0
16837,97, 0
16838,109, 0
16839,142, 0
16840,163, 0
16841,175, 0
16842,186, 0
16843,180, 0
16844,177, 0
16845,176, 0
16846,179, 0
16847,181, 0
16848,183, 0
16849,179, 0
16850,177, 0
16851,170, 0
16852,176, 0
16853,181, 0
16854,174, 0
16855,164, 0
16856,169, 0
16857,171, 0
16858,170, 0
16859,156, 0
16860,166, 0
16861,156, 0
16862,151, 0
16863,142, 0
16864,116, 0
16865,92, 0
16866,71, 0
16867,75, 0
16868,73, 0
16869,97, 0
16870,112, 0
16871,115, 0
16872,125, 0
16873,104, 0
16874,106, 0
16875,96, 0
16876,94, 0
16877,90, 0
16878,90, 0
16879,89, 0
16880,86, 0
16881,74, 0
16882,79, 0
16883,75, 0
16884,77, 0
16885,72, 0
16886,75, 0
16887,80, 0
16888,89, 0
16889,87, 0
16890,92, 0
16891,105, 0
16892,106, 0
16893,113, 0
16894,102, 0
16895,78, 0
16896,72, 0
16897,83, 0
16898,91, 0
16899,112, 0
16900,145, 0
16901,164, 0
16902,179, 0
16903,190, 0
16904,198, 0
16905,195, 0
16906,196, 0
16907,195, 0
16908,199, 0
16909,203, 0
16910,185, 0
16911,207, 0
16912,205, 0
16913,208, 0
16914,214, 0
16915,211, 0
16916,195, 0
16917,196, 0
16918,190, 0
16919,192, 0
16920,184, 0
16921,181, 0
16922,180, 0
16923,175, 0
16924,163, 0
16925,152, 0
16926,126, 0
16927,108, 0
16928,104, 0
16929,92, 0
16930,110, 0
16931,123, 0
16932,104, 0
16933,108, 0
16934,110, 0
16935,103, 0
16936,123, 0
16937,101, 0
16938,102, 0
16939,119, 0
16940,115, 0
16941,109, 0
16942,102, 0
16943,110, 0
16944,94, 0
16945,89, 0
16946,88, 0
16947,89, 0
16948,99, 0
16949,99, 0
16950,96, 0
16951,101, 0
16952,108, 0
16953,115, 0
16954,127, 0
16955,112, 0
16956,95, 0
16957,89, 0
16958,101, 0
16959,100, 0
16960,121, 0
16961,145, 0
16962,156, 0
16963,169, 0
16964,163, 0
16965,164, 0
16966,168, 0
16967,166, 0
16968,153, 0
16969,157, 0
16970,152, 0
16971,141, 0
16972,142, 0
16973,148, 0
16974,150, 0
16975,168, 0
16976,186, 0
16977,195, 0
16978,202, 0
16979,189, 0
16980,167, 0
16981,139, 0
16982,140, 0
16983,133, 0
16984,121, 0
16985,113, 0
16986,85, 0
16987,62, 0
16988,57, 0
16989,70, 0
16990,91, 0
16991,121, 0
16992,141, 0
16993,125, 0
16994,127, 0
16995,127, 0
16996,123, 0
16997,120, 0
16998,117, 0
16999,111, 0
17000,106, 0
17001,94, 0
17002,92, 0
17003,93, 0
17004,93, 0
17005,97, 0
17006,100, 0
17007,92, 0
17008,91, 0
17009,92, 0
17010,104, 0
17011,109, 0
17012,109, 0
17013,108, 0
17014,117, 0
17015,109, 0
17016,95, 0
17017,80, 0
17018,73, 0
17019,80, 0
17020,89, 0
17021,113, 0
17022,139, 0
17023,159, 0
17024,175, 0
17025,191, 0
17026,186, 0
17027,186, 0
17028,175, 0
17029,170, 0
17030,166, 0
17031,168, 0
17032,176, 0
17033,190, 0
17034,189, 0
17035,190, 0
17036,174, 0
17037,163, 0
17038,158, 0
17039,159, 0
17040,164, 0
17041,164, 0
17042,158, 0
17043,151, 0
17044,144, 0
17045,144, 0
17046,139, 0
17047,110, 0
17048,85, 0
17049,71, 0
17050,90, 0
17051,100, 0
17052,128, 0
17053,157, 0
17054,164, 0
17055,148, 0
17056,135, 0
17057,117, 0
17058,95, 0
17059,93, 0
17060,70, 0
17061,63, 0
17062,60, 0
17063,63, 0
17064,85, 0
17065,93, 0
17066,111, 0
17067,129, 0
17068,131, 0
17069,144, 0
17070,144, 0
17071,129, 0
17072,119, 0
17073,117, 0
17074,116, 0
17075,113, 0
17076,121, 0
17077,96, 0
17078,74, 0
17079,71, 0
17080,76, 0
17081,92, 0
17082,117, 0
17083,152, 0
17084,180, 0
17085,196, 0
17086,204, 0
17087,199, 0
17088,189, 0
17089,195, 0
17090,184, 0
17091,183, 0
17092,183, 0
17093,179, 0
17094,174, 0
17095,181, 0
17096,183, 0
17097,183, 0
17098,171, 0
17099,172, 0
17100,169, 0
17101,169, 0
17102,172, 0
17103,142, 0
17104,155, 0
17105,152, 0
17106,149, 0
17107,131, 0
17108,103, 0
17109,80, 0
17110,79, 0
17111,77, 0
17112,67, 0
17113,99, 0
17114,106, 0
17115,107, 0
17116,101, 0
17117,106, 0
17118,105, 0
17119,93, 0
17120,108, 0
17121,91, 0
17122,94, 0
17123,109, 0
17124,90, 0
17125,92, 0
17126,88, 0
17127,91, 0
17128,103, 0
17129,127, 0
17130,135, 0
17131,154, 0
17132,152, 0
17133,160, 0
17134,153, 0
17135,151, 0
17136,160, 0
17137,132, 0
17138,101, 0
17139,70, 0
17140,55, 0
17141,54, 0
17142,58, 0
17143,85, 0
17144,129, 0
17145,149, 0
17146,158, 0
17147,161, 0
17148,159, 0
17149,150, 0
17150,139, 0
17151,152, 0
17152,151, 0
17153,159, 0
17154,169, 0
17155,169, 0
17156,173, 0
17157,184, 0
17158,189, 0
17159,187, 0
17160,192, 0
17161,168, 0
17162,170, 0
17163,160, 0
17164,156, 0
17165,145, 0
17166,141, 0
17167,128, 0
17168,102, 0
17169,81, 0
17170,51, 0
17171,55, 0
17172,81, 0
17173,101, 0
17174,135, 0
17175,135, 0
17176,121, 0
17177,112, 0
17178,107, 0
17179,105, 0
17180,104, 0
17181,95, 0
17182,106, 0
17183,105, 0
17184,108, 0
17185,104, 0
17186,92, 0
17187,89, 0
17188,83, 0
17189,79, 0
17190,92, 0
17191,87, 0
17192,96, 0
17193,115, 0
17194,105, 0
17195,121, 0
17196,128, 0
17197,130, 0
17198,133, 0
17199,121, 0
17200,109, 0
17201,111, 0
17202,119, 0
17203,124, 0
17204,136, 0
17205,165, 0
17206,191, 0
17207,214, 0
17208,220, 0
17209,223, 0
17210,210, 0
17211,191, 0
17212,176, 0
17213,157, 0
17214,148, 0
17215,147, 0
17216,137, 0
17217,132, 0
17218,140, 0
17219,142, 0
17220,150, 0
17221,180, 0
17222,210, 0
17223,227, 0
17224,228, 0
17225,174, 0
17226,173, 0
17227,152, 0
17228,132, 0
17229,131, 0
17230,109, 0
17231,79, 0
17232,63, 0
17233,74, 0
17234,87, 0
17235,102, 0
17236,111, 0
17237,109, 0
17238,112, 0
17239,116, 0
17240,123, 0
17241,122, 0
17242,123, 0
17243,106, 0
17244,90, 0
17245,86, 0
17246,61, 0
17247,59, 0
17248,76, 0
17249,76, 0
17250,110, 0
17251,129, 0
17252,139, 0
17253,135, 0
17254,119, 0
17255,105, 0
17256,106, 0
17257,118, 0
17258,131, 0
17259,131, 0
17260,145, 0
17261,130, 0
17262,129, 0
17263,141, 0
17264,141, 0
17265,144, 0
17266,156, 0
17267,171, 0
17268,159, 0
17269,151, 0
17270,135, 0
17271,121, 0
17272,133, 0
17273,133, 0
17274,142, 0
17275,149, 0
17276,148, 0
17277,139, 0
17278,145, 0
17279,151, 0
17280,151, 0
17281,150, 0
17282,143, 0
17283,140, 0
17284,140, 0
17285,138, 0
17286,121, 0
17287,121, 0
17288,123, 0
17289,108, 0
17290,102, 0
17291,78, 0
17292,59, 0
17293,59, 0
17294,76, 0
17295,85, 0
17296,101, 0
17297,105, 0
17298,102, 0
17299,93, 0
17300,92, 0
17301,95, 0
17302,101, 0
17303,95, 0
17304,101, 0
17305,106, 0
17306,116, 0
17307,108, 0
17308,111, 0
17309,112, 0
17310,99, 0
17311,109, 0
17312,65, 0
17313,43, 0
17314,43, 0
17315,57, 0
17316,75, 0
17317,95, 0
17318,115, 0
17319,136, 0
17320,158, 0
17321,159, 0
17322,147, 0
17323,133, 0
17324,142, 0
17325,128, 0
17326,122, 0
17327,125, 0
17328,116, 0
17329,117, 0
17330,138, 0
17331,176, 0
17332,186, 0
17333,187, 0
17334,188, 0
17335,202, 0
17336,240, 0
17337,272, 0
17338,286, 0
17339,309, 0
17340,314, 0
17341,305, 2
17342,278, 0
17343,223, 0
17344,159, 0
17345,113, 0
17346,81, 0
17347,30, 0
17348,15, 0
17349,8, 0
17350,27, 0
17351,60, 0
17352,101, 0
17353,149, 0
17354,220, 0
17355,239, 0
17356,243, 0
17357,253, 0
17358,229, 0
17359,206, 0
17360,207, 0
17361,202, 0
17362,189, 0
17363,159, 0
17364,124, 0
17365,89, 0
17366,76, 0
17367,72, 0
17368,76, 0
17369,96, 0
17370,102, 0
17371,92, 0
17372,118, 0
17373,124, 0
17374,145, 0
17375,135, 0
17376,137, 0
17377,127, 0
17378,132, 0
17379,139, 0
17380,140, 0
17381,137, 0
17382,108, 0
17383,71, 0
17384,31, 0
17385,21, 0
17386,20, 0
17387,51, 0
17388,83, 0
17389,121, 0
17390,143, 0
17391,171, 0
17392,187, 0
17393,201, 0
17394,203, 0
17395,208, 0
17396,211, 0
17397,207, 0
17398,189, 0
17399,170, 0
17400,164, 0
17401,154, 0
17402,150, 0
17403,141, 0
17404,155, 0
17405,195, 0
17406,220, 0
17407,228, 0
17408,205, 0
17409,191, 0
17410,159, 0
17411,145, 0
17412,152, 0
17413,123, 0
17414,121, 0
17415,137, 0
17416,150, 0
17417,160, 0
17418,170, 0
17419,135, 0
17420,95, 0
17421,73, 0
17422,48, 0
17423,22, 0
17424,2, 0
17425,0, 0
17426,0, 0
17427,0, 0
17428,0, 0
17429,9, 0
17430,44, 0
17431,65, 0
17432,76, 0
17433,93, 0
17434,103, 0
17435,113, 0
17436,127, 0
17437,124, 0
17438,108, 0
17439,96, 0
17440,80, 0
17441,64, 0
17442,53, 0
17443,29, 0
17444,17, 0
17445,24, 0
17446,43, 0
17447,55, 0
17448,91, 0
17449,123, 0
17450,145, 0
17451,137, 0
17452,143, 0
17453,137, 0
17454,132, 0
17455,143, 0
17456,136, 0
17457,122, 0
17458,125, 0
17459,115, 0
17460,130, 0
17461,153, 0
17462,171, 0
17463,187, 0
17464,219, 0
17465,236, 0
17466,257, 0
17467,276, 0
17468,270, 0
17469,259, 0
17470,266, 0
17471,251, 0
17472,228, 0
17473,191, 0
17474,127, 0
17475,70, 0
17476,44, 0
17477,4, 0
17478,11, 0
17479,53, 0
17480,89, 0
17481,109, 0
17482,150, 0
17483,171, 0
17484,154, 0
17485,135, 0
17486,76, 0
17487,30, 0
17488,14, 0
17489,18, 0
17490,29, 0
17491,45, 0
17492,76, 0
17493,102, 0
17494,138, 0
17495,160, 0
17496,166, 0
17497,160, 0
17498,153, 0
17499,149, 0
17500,159, 0
17501,187, 0
17502,196, 0
17503,213, 0
17504,196, 0
17505,177, 0
17506,168, 0
17507,164, 0
17508,148, 0
17509,152, 0
17510,145, 0
17511,141, 0
17512,144, 0
17513,145, 0
17514,128, 0
17515,129, 0
17516,130, 0
17517,135, 0
17518,160, 0
17519,177, 0
17520,197, 0
17521,221, 0
17522,246, 0
17523,244, 0
17524,224, 0
17525,196, 0
17526,159, 0
17527,141, 0
17528,153, 0
17529,152, 0
17530,176, 0
17531,215, 0
17532,223, 0
17533,230, 0
17534,232, 0
17535,190, 0
17536,179, 0
17537,173, 0
17538,175, 0
17539,171, 0
17540,148, 0
17541,92, 0
17542,41, 0
17543,0, 0
17544,0, 0
17545,0, 0
17546,0, 0
17547,0, 0
17548,4, 0
17549,8, 0
17550,24, 0
17551,38, 0
17552,80, 0
17553,107, 0
17554,123, 0
17555,121, 0
17556,97, 0
17557,70, 0
17558,70, 0
17559,51, 0
17560,38, 0
17561,25, 0
17562,22, 0
17563,12, 0
17564,6, 0
17565,0, 0
17566,5, 0
17567,0, 0
17568,0, 0
17569,7, 0
17570,62, 0
17571,121, 0
17572,163, 0
17573,183, 0
17574,142, 0
17575,75, 0
17576,17, 0
17577,0, 0
17578,0, 0
17579,10, 0
17580,97, 0
17581,201, 0
17582,277, 0
17583,316, 0
17584,316, 1
17585,304, 2
17586,277, 0
17587,239, 0
17588,220, 0
17589,232, 0
17590,232, 0
17591,232, 0
17592,215, 0
17593,177, 0
17594,126, 0
17595,61, 0
17596,6, 0
17597,0, 0
17598,25, 0
17599,61, 0
17600,38, 0
17601,18, 0
17602,15, 0
17603,13, 0
17604,40, 0
17605,91, 0
17606,136, 0
17607,153, 0
17608,115, 0
17609,34, 0
17610,23, 0
17611,107, 0
17612,157, 0
17613,190, 0
17614,210, 0
17615,240, 0
17616,323, 0
17617,405, 6
17618,488, 32
17619,551, 68
17620,589, 94
17621,607, 112
17622,605, 123
17623,566, 120
17624,465, 92
17625,361, 57
17626,274, 14
17627,248, 0
17628,276, 0
17629,301, 0
17630,312, 0
17631,311, 0
17632,276, 0
17633,237, 0
17634,244, 0
17635,227, 0
17636,220, 0
17637,218, 0
17638,196, 0
17639,183, 0
17640,167, 0
17641,154, 0
17642,140, 0
17643,151, 0
17644,168, 0
17645,183, 0
17646,204, 0
17647,234, 0
17648,254, 0
17649,302, 0
17650,321, 0
17651,336, 4
17652,340, 9
17653,351, 8
17654,343, 12
17655,329, 7
17656,238, 0
17657,104, 0
17658,6, 0
17659,11, 0
17660,44, 0
17661,26, 0
17662,1, 0
17663,0, 0
17664,0, 0
17665,1, 0
17666,13, 0
17667,5, 0
17668,7, 0
17669,0, 0
17670,1, 0
17671,25, 0
17672,65, 0
17673,84, 0
17674,76, 0
17675,59, 0
17676,56, 0
17677,76, 0
17678,111, 0
17679,159, 0
17680,188, 0
17681,202, 0
17682,145, 0
17683,100, 0
17684,19, 0
17685,0, 0
17686,0, 0
17687,14, 0
17688,28, 0
17689,7, 0
17690,41, 0
17691,131, 0
17692,203, 0
17693,207, 0
17694,177, 0
17695,168, 0
17696,190, 0
17697,235, 0
17698,281, 0
17699,300, 0
17700,330, 0
17701,370, 6
17702,409, 20
17703,430, 34
17704,427, 42
17705,379, 36
17706,300, 19
17707,212, 2
17708,107, 0
17709,15, 0
17710,20, 0
17711,109, 0
17712,218, 0
17713,318, 0
17714,361, 1
17715,367, 11
17716,360, 13
17717,346, 12
17718,337, 8
17719,355, 8
17720,355, 11
17721,311, 8
17722,283, 1
17723,270, 0
17724,244, 0
17725,232, 0
17726,207, 0
17727,200, 0
17728,171, 0
17729,200, 0
17730,237, 0
17731,268, 0
17732,263, 0
17733,237, 0
17734,223, 0
17735,219, 0
17736,207, 0
17737,207, 0
17738,198, 0
17739,163, 0
17740,115, 0
17741,76, 0
17742,48, 0
17743,37, 0
17744,37, 0
17745,41, 0
17746,53, 0
17747,72, 0
17748,76, 0
17749,97, 0
17750,105, 0
17751,99, 0
17752,73, 0
17753,37, 0
17754,2, 0
17755,0, 0
17756,0, 0
17757,0, 0
17758,1, 0
17759,0, 0
17760,0, 0
17761,4, 0
17762,25, 0
17763,43, 0
17764,46, 0
17765,46, 0
17766,50, 0
17767,31, 0
17768,31, 0
17769,10, 0
17770,4, 0
17771,2, 0
17772,21, 0
17773,36, 0
17774,31, 0
17775,28, 0
17776,43, 0
17777,48, 0
17778,58, 0
17779,57, 0
17780,72, 0
17781,71, 0
17782,85, 0
17783,105, 0
17784,125, 0
17785,130, 0
17786,163, 0
17787,171, 0
17788,179, 0
17789,173, 0
17790,187, 0
17791,157, 0
17792,144, 0
17793,120, 0
17794,91, 0
17795,80, 0
17796,112, 0
17797,139, 0
17798,164, 0
17799,181, 0
17800,204, 0
17801,223, 0
17802,219, 0
17803,203, 0
17804,183, 0
17805,158, 0
17806,164, 0
17807,187, 0
17808,199, 0
17809,224, 0
17810,242, 0
17811,230, 0
17812,269, 0
17813,283, 0
17814,313, 0
17815,322, 1
17816,315, 3
17817,319, 1
17818,306, 1
17819,282, 0
17820,270, 0
17821,213, 0
17822,176, 0
17823,145, 0
17824,120, 0
17825,95, 0
17826,83, 0
17827,63, 0
17828,43, 0
17829,34, 0
17830,6, 0
17831,0, 0
17832,2, 0
17833,1, 0
17834,38, 0
17835,105, 0
17836,135, 0
17837,159, 0
17838,168, 0
17839,133, 0
17840,99, 0
17841,87, 0
17842,90, 0
17843,109, 0
17844,121, 0
17845,91, 0
17846,53, 0
17847,26, 0
17848,15, 0
17849,12, 0
17850,31, 0
17851,57, 0
17852,104, 0
17853,159, 0
17854,193, 0
17855,216, 0
17856,214, 0
17857,197, 0
17858,165, 0
17859,126, 0
17860,97, 0
17861,76, 0
17862,65, 0
17863,55, 0
17864,57, 0
17865,61, 0
17866,75, 0
17867,86, 0
17868,92, 0
17869,60, 0
17870,23, 0
17871,26, 0
17872,6, 0
17873,19, 0
17874,29, 0
17875,44, 0
17876,63, 0
17877,92, 0
17878,133, 0
17879,159, 0
17880,166, 0
17881,176, 0
17882,164, 0
17883,152, 0
17884,155, 0
17885,175, 0
17886,180, 0
17887,166, 0
17888,199, 0
17889,192, 0
17890,176, 0
17891,149, 0
17892,126, 0
17893,109, 0
17894,90, 0
17895,89, 0
17896,88, 0
17897,84, 0
17898,74, 0
17899,73, 0
17900,79, 0
17901,122, 0
17902,170, 0
17903,207, 0
17904,240, 0
17905,276, 0
17906,258, 0
17907,223, 0
17908,241, 0
17909,239, 0
17910,217, 0
17911,143, 0
17912,57, 0
17913,0, 0
17914,2, 0
17915,2, 0
17916,0, 0
17917,0, 0
17918,0, 0
17919,2, 0
17920,51, 0
17921,129, 0
17922,223, 0
17923,275, 0
17924,271, 0
17925,229, 0
17926,170, 0
17927,122, 0
17928,92, 0
17929,74, 0
17930,37, 0
17931,5, 0
17932,6, 0
17933,12, 0
17934,55, 0
17935,97, 0
17936,151, 0
17937,202, 0
17938,256, 0
17939,287, 0
17940,317, 0
17941,330, 1
17942,342, 6
17943,306, 5
17944,269, 0
17945,220, 0
17946,153, 0
17947,77, 0
17948,10, 0
17949,9, 0
17950,19, 0
17951,38, 0
17952,30, 0
17953,8, 0
17954,0, 0
17955,35, 0
17956,52, 0
17957,83, 0
17958,141, 0
17959,191, 0
17960,201, 0
17961,182, 0
17962,163, 0
17963,157, 0
17964,142, 0
17965,130, 0
17966,110, 0
17967,71, 0
17968,19, 0
17969,0, 0
17970,9, 0
17971,100, 0
17972,223, 0
17973,332, 0
17974,416, 9
17975,447, 26
17976,444, 37
17977,425, 41
17978,402, 35
17979,379, 26
17980,342, 15
17981,298, 6
17982,245, 0
17983,200, 0
17984,204, 0
17985,197, 0
17986,180, 0
17987,183, 0
17988,229, 0
17989,316, 0
17990,359, 1
17991,342, 6
17992,305, 4
17993,244, 0
17994,134, 0
17995,20, 0
17996,0, 0
17997,1, 0
17998,70, 0
17999,176, 0
18000,258, 0
18001,311, 0
18002,325, 0
18003,312, 0
18004,287, 0
18005,238, 0
18006,173, 0
18007,126, 0
18008,59, 0
18009,11, 0
18010,4, 0
18011,51, 0
18012,96, 0
18013,126, 0
18014,139, 0
18015,111, 0
18016,44, 0
18017,5, 0
18018,57, 0
18019,58, 0
18020,14, 0
18021,12, 0
18022,102, 0
18023,180, 0
18024,195, 0
18025,169, 0
18026,109, 0
18027,51, 0
18028,5, 0
18029,0, 0
18030,0, 0
18031,0, 0
18032,14, 0
18033,17, 0
18034,15, 0
18035,13, 0
18036,25, 0
18037,46, 0
18038,43, 0
18039,25, 0
18040,6, 0
18041,24, 0
18042,70, 0
18043,151, 0
18044,237, 0
18045,309, 0
18046,354, 0
18047,370, 6
18048,359, 12
18049,318, 5
18050,294, 0
18051,280, 0
18052,260, 0
18053,266, 0
18054,279, 0
18055,341, 0
18056,427, 12
18057,513, 44
18058,567, 81
18059,594, 103
18060,600, 118
18061,614, 129
18062,630, 136
18063,608, 139
18064,531, 123
18065,434, 92
18066,374, 56
18067,348, 30
18068,362, 23
18069,403, 25
18070,423, 39
18071,438, 44
18072,421, 47
18073,385, 39
18074,382, 29
18075,379, 26
18076,379, 25
18077,355, 23
18078,317, 12
18079,246, 2
18080,176, 0
18081,137, 0
18082,94, 0
18083,44, 0
18084,9, 0
18085,18, 0
18086,52, 0
18087,121, 0
18088,126, 0
18089,108, 0
18090,68, 0
18091,31, 0
18092,0, 0
18093,0, 0
18094,0, 0
18095,0, 0
18096,0, 0
18097,0, 0
18098,0, 0
18099,0, 0
18100,12, 0
18101,15, 0
18102,19, 0
18103,19, 0
18104,65, 0
18105,122, 0
18106,177, 0
18107,189, 0
18108,150, 0
18109,85, 0
18110,19, 0
18111,0, 0
18112,24, 0
18113,27, 0
18114,19, 0
18115,28, 0
18116,53, 0
18117,95, 0
18118,134, 0
18119,155, 0
18120,148, 0
18121,104, 0
18122,55, 0
18123,20, 0
18124,8, 0
18125,31, 0
18126,50, 0
18127,71, 0
18128,59, 0
18129,65, 0
18130,74, 0
18131,79, 0
18132,92, 0
18133,95, 0
18134,92, 0
18135,77, 0
18136,63, 0
18137,60, 0
18138,78, 0
18139,76, 0
18140,63, 0
18141,67, 0
18142,59, 0
18143,34, 0
18144,6, 0
18145,0, 0
18146,1, 0
18147,13, 0
18148,8, 0
18149,0, 0
18150,2, 0
18151,28, 0
18152,57, 0
18153,80, 0
18154,91, 0
18155,105, 0
18156,120, 0
18157,148, 0
18158,192, 0
18159,224, 0
18160,238, 0
18161,237, 0
18162,219, 0
18163,216, 0
18164,191, 0
18165,199, 0
18166,201, 0
18167,220, 0
18168,251, 0
18169,306, 0
18170,282, 0
18171,295, 0
18172,260, 0
18173,197, 0
18174,116, 0
18175,84, 0
18176,89, 0
18177,125, 0
18178,181, 0
18179,242, 0
18180,262, 0
18181,279, 0
18182,277, 0
18183,280, 0
18184,276, 0
18185,257, 0
18186,211, 0
18187,161, 0
18188,121, 0
18189,91, 0
18190,85, 0
18191,80, 0
18192,84, 0
18193,89, 0
18194,90, 0
18195,85, 0
18196,92, 0
18197,96, 0
18198,95, 0
18199,102, 0
18200,102, 0
18201,117, 0
18202,139, 0
18203,121, 0
18204,88, 0
18205,58, 0
18206,29, 0
18207,15, 0
18208,15, 0
18209,47, 0
18210,85, 0
18211,96, 0
18212,115, 0
18213,107, 0
18214,112, 0
18215,105, 0
18216,93, 0
18217,94, 0
18218,81, 0
18219,70, 0
18220,74, 0
18221,89, 0
18222,93, 0
18223,102, 0
18224,110, 0
18225,125, 0
18226,131, 0
18227,123, 0
18228,117, 0
18229,120, 0
18230,147, 0
18231,142, 0
18232,164, 0
18233,183, 0
18234,171, 0
18235,150, 0
18236,148, 0
18237,171, 0
18238,203, 0
18239,210, 0
18240,202, 0
18241,174, 0
18242,149, 0
18243,134, 0
18244,116, 0
18245,112, 0
18246,104, 0
18247,97, 0
18248,94, 0
18249,95, 0
18250,94, 0
18251,130, 0
18252,170, 0
18253,226, 0
18254,248, 0
18255,242, 0
18256,216, 0
18257,199, 0
18258,196, 0
18259,159, 0
18260,137, 0
18261,111, 0
18262,94, 0
18263,75, 0
18264,60, 0
18265,46, 0
18266,35, 0
18267,27, 0
18268,34, 0
18269,77, 0
18270,134, 0
18271,165, 0
18272,163, 0
18273,139, 0
18274,119, 0
18275,106, 0
18276,105, 0
18277,106, 0
18278,117, 0
18279,108, 0
18280,94, 0
18281,83, 0
18282,70, 0
18283,75, 0
18284,101, 0
18285,127, 0
18286,122, 0
18287,121, 0
18288,103, 0
18289,95, 0
18290,74, 0
18291,65, 0
18292,25, 0
18293,23, 0
18294,37, 0
18295,36, 0
18296,20, 0
18297,20, 0
18298,39, 0
18299,81, 0
18300,125, 0
18301,156, 0
18302,157, 0
18303,171, 0
18304,189, 0
18305,211, 0
18306,214, 0
18307,199, 0
18308,169, 0
18309,179, 0
18310,220, 0
18311,276, 0
18312,300, 0
18313,290, 0
18314,276, 0
18315,275, 0
18316,253, 0
18317,223, 0
18318,219, 0
18319,261, 0
18320,291, 0
18321,329, 0
18322,361, 5
18323,346, 9
18324,317, 6
18325,251, 0
18326,131, 0
18327,12, 0
18328,100, 0
18329,170, 0
18330,147, 0
18331,25, 0
18332,65, 0
18333,155, 0
18334,205, 0
18335,266, 0
18336,312, 0
18337,314, 0
18338,274, 0
18339,221, 0
18340,174, 0
18341,130, 0
18342,90, 0
18343,102, 0
18344,92, 0
18345,83, 0
18346,69, 0
18347,57, 0
18348,38, 0
18349,31, 0
18350,51, 0
18351,95, 0
18352,142, 0
18353,195, 0
18354,222, 0
18355,236, 0
18356,223, 0
18357,189, 0
18358,148, 0
18359,108, 0
18360,84, 0
18361,57, 0
18362,53, 0
18363,88, 0
18364,120, 0
18365,108, 0
18366,84, 0
18367,71, 0
18368,97, 0
18369,150, 0
18370,161, 0
18371,134, 0
18372,143, 0
18373,169, 0
18374,198, 0
18375,214, 0
18376,224, 0
18377,234, 0
18378,263, 0
18379,286, 0
18380,273, 0
18381,274, 0
18382,231, 0
18383,171, 0
18384,109, 0
18385,42, 0
18386,0, 0
18387,6, 0
18388,2, 0
18389,3, 0
18390,60, 0
18391,102, 0
18392,125, 0
18393,119, 0
18394,109, 0
18395,70, 0
18396,38, 0
18397,25, 0
18398,37, 0
18399,63, 0
18400,94, 0
18401,127, 0
18402,133, 0
18403,133, 0
18404,137, 0
18405,153, 0
18406,182, 0
18407,205, 0
18408,228, 0
18409,237, 0
18410,227, 0
18411,199, 0
18412,180, 0
18413,180, 0
18414,158, 0
18415,182, 0
18416,191, 0
18417,196, 0
18418,191, 0
18419,174, 0
18420,159, 0
18421,161, 0
18422,161, 0
18423,199, 0
18424,228, 0
18425,259, 0
18426,267, 0
18427,268, 0
18428,232, 0
18429,195, 0
18430,182, 0
18431,200, 0
18432,205, 0
18433,219, 0
18434,207, 0
18435,183, 0
18436,171, 0
18437,165, 0
18438,156, 0
18439,132, 0
18440,93, 0
18441,61, 0
18442,32, 0
18443,28, 0
18444,26, 0
18445,44, 0
18446,54, 0
18447,50, 0
18448,25, 0
18449,43, 0
18450,4, 0
18451,10, 0
18452,23, 0
18453,50, 0
18454,59, 0
18455,69, 0
18456,101, 0
18457,139, 0
18458,171, 0
18459,165, 0
18460,144, 0
18461,107, 0
18462,54, 0
18463,24, 0
18464,21, 0
18465,30, 0
18466,36, 0
18467,37, 0
18468,47, 0
18469,58, 0
18470,80, 0
18471,92, 0
18472,102, 0
18473,113, 0
18474,89, 0
18475,67, 0
18476,70, 0
18477,77, 0
18478,72, 0
18479,77, 0
18480,89, 0
18481,99, 0
18482,119, 0
18483,121, 0
18484,108, 0
18485,139, 0
18486,145, 0
18487,164, 0
18488,181, 0
18489,170, 0
18490,169, 0
18491,164, 0
18492,155, 0
18493,140, 0
18494,132, 0
18495,119, 0
18496,57, 0
18497,37, 0
18498,39, 0
18499,70, 0
18500,132, 0
18501,199, 0
18502,236, 0
18503,257, 0
18504,270, 0
18505,259, 0
18506,247, 0
18507,249, 0
18508,232, 0
18509,195, 0
18510,158, 0
18511,120, 0
18512,104, 0
18513,102, 0
18514,83, 0
18515,85, 0
18516,73, 0
18517,76, 0
18518,74, 0
18519,72, 0
18520,68, 0
18521,72, 0
18522,80, 0
18523,110, 0
18524,106, 0
18525,121, 0
18526,129, 0
18527,108, 0
18528,123, 0
18529,132, 0
18530,148, 0
18531,183, 0
18532,197, 0
18533,205, 0
18534,203, 0
18535,181, 0
18536,130, 0
18537,95, 0
18538,71, 0
18539,41, 0
18540,35, 0
18541,42, 0
18542,50, 0
18543,79, 0
18544,105, 0
18545,139, 0
18546,170, 0
18547,173, 0
18548,174, 0
18549,201, 0
18550,185, 0
18551,183, 0
18552,190, 0
18553,202, 0
18554,199, 0
18555,205, 0
18556,193, 0
18557,169, 0
18558,145, 0
18559,135, 0
18560,128, 0
18561,121, 0
18562,145, 0
18563,117, 0
18564,109, 0
18565,116, 0
18566,87, 0
18567,108, 0
18568,131, 0
18569,134, 0
18570,145, 0
18571,144, 0
18572,120, 0
18573,86, 0
18574,58, 0
18575,53, 0
18576,56, 0
18577,58, 0
18578,80, 0
18579,95, 0
18580,126, 0
18581,130, 0
18582,145, 0
18583,155, 0
18584,158, 0
18585,164, 0
18586,118, 0
18587,86, 0
18588,59, 0
18589,62, 0
18590,72, 0
18591,89, 0
18592,90, 0
18593,78, 0
18594,53, 0
18595,28, 0
18596,17, 0
18597,41, 0
18598,111, 0
18599,183, 0
18600,232, 0
18601,263, 0
18602,269, 0
18603,257, 0
18604,210, 0
18605,198, 0
18606,158, 0
18607,154, 0
18608,86, 0
18609,26, 0
18610,0, 0
18611,0, 0
18612,3, 0
18613,19, 0
18614,57, 0
18615,102, 0
18616,152, 0
18617,189, 0
18618,207, 0
18619,244, 0
18620,274, 0
18621,292, 0
18622,300, 0
18623,298, 0
18624,286, 0
18625,268, 0
18626,244, 0
18627,216, 0
18628,183, 0
18629,160, 0
18630,102, 0
18631,65, 0
18632,52, 0
18633,50, 0
18634,63, 0
18635,62, 0
18636,70, 0
18637,56, 0
18638,41, 0
18639,34, 0
18640,62, 0
18641,108, 0
18642,167, 0
18643,238, 0
18644,256, 0
18645,224, 0
18646,175, 0
18647,95, 0
18648,22, 0
18649,0, 0
18650,0, 0
18651,7, 0
18652,59, 0
18653,115, 0
18654,152, 0
18655,181, 0
18656,176, 0
18657,152, 0
18658,127, 0
18659,119, 0
18660,123, 0
18661,115, 0
18662,115, 0
18663,119, 0
18664,165, 0
18665,170, 0
18666,212, 0
18667,231, 0
18668,244, 0
18669,234, 0
18670,218, 0
18671,223, 0
18672,207, 0
18673,189, 0
18674,187, 0
18675,175, 0
18676,168, 0
18677,160, 0
18678,164, 0
18679,183, 0
18680,204, 0
18681,188, 0
18682,165, 0
18683,159, 0
18684,159, 0
18685,166, 0
18686,159, 0
18687,160, 0
18688,159, 0
18689,183, 0
18690,182, 0
18691,159, 0
18692,112, 0
18693,94, 0
18694,105, 0
18695,118, 0
18696,115, 0
18697,113, 0
18698,106, 0
18699,99, 0
18700,106, 0
18701,91, 0
18702,81, 0
18703,68, 0
18704,48, 0
18705,31, 0
18706,6, 0
18707,0, 0
18708,3, 0
18709,21, 0
18710,6, 0
18711,1, 0
18712,6, 0
18713,60, 0
18714,110, 0
18715,171, 0
18716,239, 0
18717,305, 0
18718,341, 0
18719,337, 2
18720,318, 1
18721,281, 0
18722,238, 0
18723,208, 0
18724,195, 0
18725,181, 0
18726,164, 0
18727,155, 0
18728,145, 0
18729,130, 0
18730,94, 0
18731,61, 0
18732,31, 0
18733,18, 0
18734,25, 0
18735,55, 0
18736,83, 0
18737,131, 0
18738,127, 0
18739,127, 0
18740,102, 0
18741,85, 0
18742,69, 0
18743,67, 0
18744,92, 0
18745,132, 0
18746,159, 0
18747,190, 0
18748,190, 0
18749,140, 0
18750,96, 0
18751,75, 0
18752,78, 0
18753,92, 0
18754,90, 0
18755,81, 0
18756,76, 0
18757,91, 0
18758,109, 0
18759,115, 0
18760,109, 0
18761,108, 0
18762,112, 0
18763,113, 0
18764,108, 0
18765,107, 0
18766,116, 0
18767,125, 0
18768,135, 0
18769,143, 0
18770,135, 0
18771,125, 0
18772,110, 0
18773,102, 0
18774,111, 0
18775,120, 0
18776,125, 0
18777,150, 0
18778,135, 0
18779,137, 0
18780,123, 0
18781,121, 0
18782,107, 0
18783,57, 0
18784,15, 0
18785,1, 0
18786,2, 0
18787,31, 0
18788,84, 0
18789,152, 0
18790,204, 0
18791,240, 0
18792,247, 0
18793,253, 0
18794,251, 0
18795,242, 0
18796,248, 0
18797,241, 0
18798,233, 0
18799,212, 0
18800,188, 0
18801,181, 0
18802,176, 0
18803,139, 0
18804,77, 0
18805,24, 0
18806,6, 0
18807,0, 0
18808,12, 0
18809,81, 0
18810,172, 0
18811,244, 0
18812,238, 0
18813,211, 0
18814,106, 0
18815,42, 0
18816,2, 0
18817,0, 0
18818,0, 0
18819,0, 0
18820,4, 0
18821,8, 0
18822,25, 0
18823,62, 0
18824,101, 0
18825,109, 0
18826,112, 0
18827,112, 0
18828,139, 0
18829,166, 0
18830,182, 0
18831,181, 0
18832,175, 0
18833,168, 0
18834,150, 0
18835,131, 0
18836,115, 0
18837,120, 0
18838,158, 0
18839,177, 0
18840,191, 0
18841,204, 0
18842,201, 0
18843,184, 0
18844,163, 0
18845,133, 0
18846,130, 0
18847,137, 0
18848,153, 0
18849,183, 0
18850,213, 0
18851,226, 0
18852,223, 0
18853,223, 0
18854,239, 0
18855,217, 0
18856,206, 0
18857,188, 0
18858,176, 0
18859,161, 0
18860,152, 0
18861,142, 0
18862,141, 0
18863,179, 0
18864,158, 0
18865,141, 0
18866,139, 0
18867,121, 0
18868,102, 0
18869,89, 0
18870,76, 0
18871,59, 0
18872,44, 0
18873,51, 0
18874,59, 0
18875,63, 0
18876,63, 0
18877,69, 0
18878,70, 0
18879,81, 0
18880,99, 0
18881,95, 0
18882,83, 0
18883,65, 0
18884,34, 0
18885,34, 0
18886,46, 0
18887,74, 0
18888,108, 0
18889,138, 0
18890,139, 0
18891,163, 0
18892,191, 0
18893,187, 0
18894,167, 0
18895,142, 0
18896,122, 0
18897,116, 0
18898,127, 0
18899,151, 0
18900,183, 0
18901,211, 0
18902,212, 0
18903,181, 0
18904,168, 0
18905,112, 0
18906,96, 0
18907,70, 0
18908,57, 0
18909,70, 0
18910,86, 0
18911,109, 0
18912,123, 0
18913,147, 0
18914,172, 0
18915,174, 0
18916,187, 0
18917,189, 0
18918,192, 0
18919,196, 0
18920,211, 0
18921,214, 0
18922,211, 0
18923,201, 0
18924,174, 0
18925,160, 0
18926,139, 0
18927,126, 0
18928,113, 0
18929,106, 0
18930,111, 0
18931,120, 0
18932,127, 0
18933,137, 0
18934,137, 0
18935,133, 0
18936,125, 0
18937,134, 0
18938,124, 0
18939,120, 0
18940,102, 0
18941,85, 0
18942,60, 0
18943,55, 0
18944,51, 0
18945,58, 0
18946,56, 0
18947,50, 0
18948,44, 0
18949,40, 0
18950,23, 0
18951,9, 0
18952,0, 0
18953,12, 0
18954,48, 0
18955,92, 0
18956,131, 0
18957,183, 0
18958,205, 0
18959,206, 0
18960,206, 0
18961,214, 0
18962,215, 0
18963,215, 0
18964,236, 0
18965,207, 0
18966,164, 0
18967,127, 0
18968,110, 0
18969,129, 0
18970,154, 0
18971,195, 0
18972,213, 0
18973,215, 0
18974,223, 0
18975,217, 0
18976,207, 0
18977,182, 0
18978,145, 0
18979,111, 0
18980,83, 0
18981,79, 0
18982,117, 0
18983,153, 0
18984,202, 0
18985,263, 0
18986,300, 0
18987,311, 0
18988,300, 0
18989,245, 0
18990,196, 0
18991,144, 0
18992,92, 0
18993,40, 0
18994,4, 0
18995,0, 0
18996,0, 0
18997,0, 0
18998,23, 0
18999,63, 0
19000,88, 0
19001,116, 0
19002,136, 0
19003,137, 0
19004,135, 0
19005,143, 0
19006,132, 0
19007,132, 0
19008,135, 0
19009,147, 0
19010,161, 0
19011,190, 0
19012,196, 0
19013,198, 0
19014,196, 0
19015,176, 0
19016,159, 0
19017,153, 0
19018,132, 0
19019,117, 0
19020,95, 0
19021,89, 0
19022,86, 0
19023,89, 0
19024,100, 0
19025,91, 0
19026,91, 0
19027,71, 0
19028,57, 0
19029,71, 0
19030,93, 0
19031,130, 0
19032,164, 0
19033,190, 0
19034,204, 0
19035,202, 0
19036,190, 0
19037,169, 0
19038,160, 0
19039,164, 0
19040,154, 0
19041,180, 0
19042,175, 0
19043,169, 0
19044,170, 0
19045,183, 0
19046,170, 0
19047,164, 0
19048,164, 0
19049,142, 0
19050,111, 0
19051,97, 0
19052,90, 0
19053,83, 0
19054,92, 0
19055,96, 0
19056,102, 0
19057,83, 0
19058,53, 0
19059,52, 0
19060,54, 0
19061,46, 0
19062,58, 0
19063,69, 0
19064,54, 0
19065,43, 0
19066,53, 0
19067,60, 0
19068,76, 0
19069,85, 0
19070,103, 0
19071,111, 0
19072,121, 0
19073,101, 0
19074,113, 0
19075,115, 0
19076,108, 0
19077,107, 0
19078,108, 0
19079,102, 0
19080,109, 0
19081,131, 0
19082,133, 0
19083,156, 0
19084,171, 0
19085,188, 0
19086,189, 0
19087,170, 0
19088,141, 0
19089,121, 0
19090,133, 0
19091,128, 0
19092,128, 0
19093,161, 0
19094,164, 0
19095,157, 0
19096,157, 0
19097,160, 0
19098,157, 0
19099,177, 0
19100,202, 0
19101,202, 0
19102,189, 0
19103,168, 0
19104,159, 0
19105,153, 0
19106,135, 0
19107,121, 0
19108,107, 0
19109,106, 0
19110,116, 0
19111,140, 0
19112,166, 0
19113,182, 0
19114,187, 0
19115,180, 0
19116,168, 0
19117,156, 0
19118,129, 0
19119,92, 0
19120,59, 0
19121,25, 0
19122,13, 0
19123,31, 0
19124,56, 0
19125,92, 0
19126,155, 0
19127,181, 0
19128,188, 0
19129,183, 0
19130,168, 0
19131,143, 0
19132,121, 0
19133,99, 0
19134,85, 0
19135,69, 0
19136,39, 0
19137,19, 0
19138,14, 0
19139,19, 0
19140,36, 0
19141,41, 0
19142,64, 0
19143,108, 0
19144,159, 0
19145,208, 0
19146,240, 0
19147,261, 0
19148,244, 0
19149,204, 0
19150,174, 0
19151,155, 0
19152,140, 0
19153,141, 0
19154,156, 0
19155,170, 0
19156,173, 0
19157,174, 0
19158,158, 0
19159,137, 0
19160,118, 0
19161,87, 0
19162,65, 0
19163,45, 0
19164,63, 0
19165,93, 0
19166,144, 0
19167,187, 0
19168,226, 0
19169,219, 0
19170,196, 0
19171,164, 0
19172,154, 0
19173,149, 0
19174,149, 0
19175,157, 0
19176,155, 0
19177,149, 0
19178,140, 0
19179,103, 0
19180,78, 0
19181,61, 0
19182,38, 0
19183,64, 0
19184,89, 0
19185,112, 0
19186,116, 0
19187,118, 0
19188,103, 0
19189,105, 0
19190,104, 0
19191,94, 0
19192,85, 0
19193,74, 0
19194,65, 0
19195,67, 0
19196,62, 0
19197,73, 0
19198,79, 0
19199,103, 0
19200,127, 0
19201,145, 0
19202,156, 0
19203,164, 0
19204,179, 0
19205,183, 0
19206,191, 0
19207,188, 0
19208,191, 0
19209,183, 0
19210,170, 0
19211,169, 0
19212,170, 0
19213,174, 0
19214,182, 0
19215,197, 0
19216,204, 0
19217,189, 0
19218,183, 0
19219,143, 0
19220,152, 0
19221,151, 0
19222,148, 0
19223,151, 0
19224,164, 0
19225,159, 0
19226,153, 0
19227,164, 0
19228,163, 0
19229,155, 0
19230,145, 0
19231,143, 0
19232,131, 0
19233,132, 0
19234,131, 0
19235,118, 0
19236,125, 0
19237,121, 0
19238,111, 0
19239,113, 0
19240,90, 0
19241,63, 0
19242,59, 0
19243,56, 0
19244,64, 0
19245,92, 0
19246,100, 0
19247,97, 0
19248,102, 0
19249,92, 0
19250,73, 0
19251,63, 0
19252,63, 0
19253,62, 0
19254,68, 0
19255,87, 0
19256,95, 0
19257,117, 0
19258,127, 0
19259,135, 0
19260,134, 0
19261,133, 0
19262,113, 0
19263,128, 0
19264,132, 0
19265,130, 0
19266,139, 0
19267,151, 0
19268,152, 0
19269,161, 0
19270,140, 0
19271,109, 0
19272,104, 0
19273,108, 0
19274,111, 0
19275,132, 0
19276,158, 0
19277,183, 0
19278,186, 0
19279,195, 0
19280,198, 0
19281,190, 0
19282,191, 0
19283,187, 0
19284,219, 0
19285,195, 0
19286,185, 0
19287,171, 0
19288,165, 0
19289,158, 0
19290,152, 0
19291,147, 0
19292,139, 0
19293,140, 0
19294,127, 0
19295,138, 0
19296,131, 0
19297,127, 0
19298,120, 0
19299,108, 0
19300,108, 0
19301,74, 0
19302,44, 0
19303,43, 0
19304,44, 0
19305,81, 0
19306,91, 0
19307,95, 0
19308,99, 0
19309,108, 0
19310,110, 0
19311,112, 0
19312,109, 0
19313,110, 0
19314,106, 0
19315,108, 0
19316,116, 0
19317,119, 0
19318,126, 0
19319,130, 0
19320,132, 0
19321,139, 0
19322,138, 0
19323,137, 0
19324,145, 0
19325,141, 0
19326,140, 0
19327,140, 0
19328,151, 0
19329,154, 0
19330,149, 0
19331,128, 0
19332,102, 0
19333,107, 0
19334,112, 0
19335,117, 0
19336,135, 0
19337,169, 0
19338,166, 0
19339,174, 0
19340,188, 0
19341,191, 0
19342,179, 0
19343,191, 0
19344,187, 0
19345,190, 0
19346,187, 0
19347,173, 0
19348,165, 0
19349,158, 0
19350,152, 0
19351,149, 0
19352,141, 0
19353,133, 0
19354,131, 0
19355,133, 0
19356,125, 0
19357,124, 0
19358,115, 0
19359,118, 0
19360,117, 0
19361,103, 0
19362,76, 0
19363,56, 0
19364,72, 0
19365,48, 0
19366,65, 0
19367,85, 0
19368,89, 0
19369,80, 0
19370,94, 0
19371,97, 0
19372,105, 0
19373,104, 0
19374,100, 0
19375,99, 0
19376,102, 0
19377,104, 0
19378,102, 0
19379,118, 0
19380,108, 0
19381,111, 0
19382,120, 0
19383,126, 0
19384,122, 0
19385,136, 0
19386,141, 0
19387,127, 0
19388,145, 0
19389,141, 0
19390,147, 0
19391,142, 0
19392,123, 0
19393,102, 0
19394,109, 0
19395,116, 0
19396,126, 0
19397,153, 0
19398,181, 0
19399,189, 0
19400,200, 0
19401,195, 0
19402,189, 0
19403,182, 0
19404,172, 0
19405,157, 0
19406,175, 0
19407,176, 0
19408,176, 0
19409,169, 0
19410,181, 0
19411,169, 0
19412,167, 0
19413,155, 0
19414,139, 0
19415,117, 0
19416,128, 0
19417,122, 0
19418,129, 0
19419,127, 0
19420,125, 0
19421,125, 0
19422,111, 0
19423,81, 0
19424,57, 0
19425,53, 0
19426,57, 0
19427,50, 0
19428,69, 0
19429,71, 0
19430,74, 0
19431,92, 0
19432,106, 0
19433,112, 0
19434,115, 0
19435,108, 0
19436,97, 0
19437,76, 0
19438,57, 0
19439,54, 0
19440,58, 0
19441,73, 0
19442,95, 0
19443,133, 0
19444,159, 0
19445,182, 0
19446,189, 0
19447,184, 0
19448,167, 0
19449,165, 0
19450,151, 0
19451,139, 0
19452,137, 0
19453,125, 0
19454,115, 0
19455,110, 0
19456,108, 0
19457,121, 0
19458,151, 0
19459,181, 0
19460,201, 0
19461,204, 0
19462,208, 0
19463,218, 0
19464,196, 0
19465,180, 0
19466,188, 0
19467,192, 0
19468,189, 0
19469,183, 0
19470,183, 0
19471,196, 0
19472,173, 0
19473,171, 0
19474,158, 0
19475,144, 0
19476,134, 0
19477,142, 0
19478,134, 0
19479,135, 0
19480,134, 0
19481,127, 0
19482,122, 0
19483,96, 0
19484,71, 0
19485,52, 0
19486,52, 0
19487,47, 0
19488,68, 0
19489,95, 0
19490,91, 0
19491,91, 0
19492,93, 0
19493,93, 0
19494,92, 0
19495,94, 0
19496,94, 0
19497,94, 0
19498,96, 0
19499,97, 0
19500,105, 0
19501,102, 0
19502,102, 0
19503,106, 0
19504,110, 0
19505,107, 0
19506,100, 0
19507,104, 0
19508,118, 0
19509,112, 0
19510,127, 0
19511,139, 0
19512,160, 0
19513,150, 0
19514,129, 0
19515,111, 0
19516,109, 0
19517,115, 0
19518,124, 0
19519,152, 0
19520,168, 0
19521,180, 0
19522,183, 0
19523,182, 0
19524,181, 0
19525,169, 0
19526,157, 0
19527,135, 0
19528,135, 0
19529,127, 0
19530,134, 0
19531,153, 0
19532,173, 0
19533,190, 0
19534,199, 0
19535,195, 0
19536,182, 0
19537,180, 0
19538,176, 0
19539,161, 0
19540,158, 0
19541,150, 0
19542,136, 0
19543,133, 0
19544,101, 0
19545,62, 0
19546,51, 0
19547,48, 0
19548,71, 0
19549,80, 0
19550,100, 0
19551,97, 0
19552,106, 0
19553,112, 0
19554,112, 0
19555,111, 0
19556,108, 0
19557,92, 0
19558,87, 0
19559,86, 0
19560,79, 0
19561,83, 0
19562,95, 0
19563,102, 0
19564,115, 0
19565,126, 0
19566,121, 0
19567,133, 0
19568,133, 0
19569,133, 0
19570,142, 0
19571,145, 0
19572,150, 0
19573,155, 0
19574,149, 0
19575,119, 0
19576,112, 0
19577,110, 0
19578,109, 0
19579,126, 0
19580,148, 0
19581,165, 0
19582,181, 0
19583,185, 0
19584,183, 0
19585,188, 0
19586,183, 0
19587,186, 0
19588,188, 0
19589,188, 0
19590,189, 0
19591,185, 0
19592,189, 0
19593,187, 0
19594,183, 0
19595,186, 0
19596,192, 0
19597,174, 0
19598,173, 0
19599,164, 0
19600,153, 0
19601,144, 0
19602,131, 0
19603,117, 0
19604,113, 0
19605,95, 0
19606,74, 0
19607,57, 0
19608,64, 0
19609,76, 0
19610,104, 0
19611,105, 0
19612,99, 0
19613,95, 0
19614,92, 0
19615,89, 0
19616,97, 0
19617,100, 0
19618,96, 0
19619,101, 0
19620,109, 0
19621,105, 0
19622,108, 0
19623,107, 0
19624,104, 0
19625,107, 0
19626,105, 0
19627,101, 0
19628,102, 0
19629,101, 0
19630,104, 0
19631,113, 0
19632,123, 0
19633,127, 0
19634,139, 0
19635,139, 0
19636,120, 0
19637,108, 0
19638,108, 0
19639,106, 0
19640,128, 0
19641,152, 0
19642,156, 0
19643,179, 0
19644,181, 0
19645,175, 0
19646,176, 0
19647,181, 0
19648,176, 0
19649,176, 0
19650,185, 0
19651,175, 0
19652,179, 0
19653,179, 0
19654,188, 0
19655,171, 0
19656,175, 0
19657,155, 0
19658,156, 0
19659,170, 0
19660,158, 0
19661,158, 0
19662,167, 0
19663,144, 0
19664,136, 0
19665,134, 0
19666,95, 0
19667,75, 0
19668,65, 0
19669,68, 0
19670,64, 0
19671,83, 0
19672,85, 0
19673,87, 0
19674,88, 0
19675,89, 0
19676,97, 0
19677,96, 0
19678,102, 0
19679,99, 0
19680,113, 0
19681,105, 0
19682,106, 0
19683,102, 0
19684,96, 0
19685,99, 0
19686,104, 0
19687,109, 0
19688,104, 0
19689,109, 0
19690,119, 0
19691,115, 0
19692,128, 0
19693,130, 0
19694,144, 0
19695,143, 0
19696,138, 0
19697,113, 0
19698,94, 0
19699,95, 0
19700,106, 0
19701,128, 0
19702,150, 0
19703,169, 0
19704,186, 0
19705,189, 0
19706,190, 0
19707,184, 0
19708,189, 0
19709,189, 0
19710,192, 0
19711,180, 0
19712,188, 0
19713,186, 0
19714,195, 0
19715,185, 0
19716,188, 0
19717,183, 0
19718,170, 0
19719,175, 0
19720,181, 0
19721,171, 0
19722,158, 0
19723,177, 0
19724,152, 0
19725,148, 0
19726,140, 0
19727,111, 0
19728,88, 0
19729,77, 0
19730,73, 0
19731,69, 0
19732,85, 0
19733,92, 0
19734,99, 0
19735,92, 0
19736,92, 0
19737,97, 0
19738,106, 0
19739,103, 0
19740,102, 0
19741,101, 0
19742,103, 0
19743,110, 0
19744,102, 0
19745,99, 0
19746,87, 0
19747,92, 0
19748,95, 0
19749,95, 0
19750,106, 0
19751,109, 0
19752,108, 0
19753,110, 0
19754,115, 0
19755,115, 0
19756,118, 0
19757,113, 0
19758,94, 0
19759,85, 0
19760,89, 0
19761,89, 0
19762,121, 0
19763,137, 0
19764,159, 0
19765,179, 0
19766,183, 0
19767,174, 0
19768,176, 0
19769,180, 0
19770,179, 0
19771,183, 0
19772,183, 0
19773,181, 0
19774,183, 0
19775,182, 0
19776,180, 0
19777,181, 0
19778,175, 0
19779,145, 0
19780,155, 0
19781,168, 0
19782,154, 0
19783,160, 0
19784,179, 0
19785,145, 0
19786,141, 0
19787,141, 0
19788,108, 0
19789,91, 0
19790,85, 0
19791,85, 0
19792,91, 0
19793,115, 0
19794,128, 0
19795,124, 0
19796,130, 0
19797,127, 0
19798,118, 0
19799,121, 0
19800,108, 0
19801,95, 0
19802,99, 0
19803,99, 0
19804,96, 0
19805,99, 0
19806,81, 0
19807,80, 0
19808,87, 0
19809,94, 0
19810,85, 0
19811,100, 0
19812,101, 0
19813,100, 0
19814,102, 0
19815,99, 0
19816,108, 0
19817,115, 0
19818,108, 0
19819,92, 0
19820,85, 0
19821,89, 0
19822,108, 0
19823,129, 0
19824,153, 0
19825,158, 0
19826,180, 0
19827,181, 0
19828,184, 0
19829,177, 0
19830,173, 0
19831,180, 0
19832,182, 0
19833,179, 0
19834,175, 0
19835,176, 0
19836,176, 0
19837,181, 0
19838,182, 0
19839,173, 0
19840,156, 0
19841,174, 0
19842,170, 0
19843,159, 0
19844,171, 0
19845,171, 0
19846,161, 0
19847,171, 0
19848,151, 0
19849,123, 0
19850,103, 0
19851,92, 0
19852,88, 0
19853,100, 0
19854,115, 0
19855,126, 0
19856,122, 0
19857,121, 0
19858,113, 0
19859,113, 0
19860,111, 0
19861,92, 0
19862,95, 0
19863,92, 0
19864,88, 0
19865,108, 0
19866,91, 0
19867,87, 0
19868,76, 0
19869,72, 0
19870,83, 0
19871,87, 0
19872,87, 0
19873,85, 0
19874,94, 0
19875,100, 0
19876,95, 0
19877,104, 0
19878,131, 0
19879,97, 0
19880,84, 0
19881,70, 0
19882,70, 0
19883,83, 0
19884,108, 0
19885,129, 0
19886,154, 0
19887,170, 0
19888,169, 0
19889,170, 0
19890,170, 0
19891,169, 0
19892,176, 0
19893,180, 0
19894,187, 0
19895,183, 0
19896,189, 0
19897,184, 0
19898,185, 0
19899,185, 0
19900,176, 0
19901,155, 0
19902,173, 0
19903,172, 0
19904,173, 0
19905,166, 0
19906,165, 0
19907,155, 0
19908,155, 0
19909,148, 0
19910,116, 0
19911,93, 0
19912,80, 0
19913,87, 0
19914,84, 0
19915,115, 0
19916,121, 0
19917,110, 0
19918,118, 0
19919,107, 0
19920,104, 0
19921,90, 0
19922,95, 0
19923,89, 0
19924,92, 0
19925,91, 0
19926,94, 0
19927,92, 0
19928,99, 0
19929,90, 0
19930,92, 0
19931,83, 0
19932,93, 0
19933,93, 0
19934,92, 0
19935,94, 0
19936,102, 0
19937,101, 0
19938,103, 0
19939,111, 0
19940,92, 0
19941,77, 0
19942,71, 0
19943,76, 0
19944,83, 0
19945,108, 0
19946,130, 0
19947,157, 0
19948,168, 0
19949,164, 0
19950,164, 0
19951,174, 0
19952,161, 0
19953,160, 0
19954,176, 0
19955,176, 0
19956,176, 0
19957,176, 0
19958,176, 0
19959,173, 0
19960,177, 0
19961,169, 0
19962,167, 0
19963,170, 0
19964,172, 0
19965,170, 0
19966,170, 0
19967,167, 0
19968,158, 0
19969,170, 0
19970,145, 0
19971,115, 0
19972,89, 0
19973,78, 0
19974,83, 0
19975,86, 0
19976,108, 0
19977,113, 0
19978,116, 0
19979,121, 0
19980,112, 0
19981,116, 0
19982,110, 0
19983,103, 0
19984,116, 0
19985,102, 0
19986,103, 0
19987,101, 0
19988,102, 0
19989,89, 0
19990,99, 0
19991,96, 0
19992,95, 0
19993,97, 0
19994,104, 0
19995,99, 0
19996,110, 0
19997,116, 0
19998,110, 0
19999,113, 0
20000,121, 0
20001,102, 0
20002,85, 0
20003,91, 0
20004,79, 0
20005,104, 0
20006,125, 0
20007,140, 0
20008,169, 0
20009,154, 0
20010,176, 0
20011,170, 0
20012,175, 0
20013,180, 0
20014,183, 0
20015,176, 0
20016,173, 0
20017,182, 0
20018,184, 0
20019,183, 0
20020,177, 0
20021,183, 0
20022,174, 0
20023,171, 0
20024,169, 0
20025,161, 0
20026,168, 0
20027,183, 0
20028,160, 0
20029,158, 0
20030,148, 0
20031,136, 0
20032,105, 0
20033,91, 0
20034,80, 0
20035,89, 0
20036,97, 0
20037,132, 0
20038,130, 0
20039,121, 0
20040,119, 0
20041,112, 0
20042,112, 0
20043,108, 0
20044,104, 0
20045,108, 0
20046,101, 0
20047,115, 0
20048,97, 0
20049,94, 0
20050,92, 0
20051,100, 0
20052,108, 0
20053,100, 0
20054,102, 0
20055,103, 0
20056,103, 0
20057,102, 0
20058,115, 0
20059,121, 0
20060,129, 0
20061,115, 0
20062,104, 0
20063,92, 0
20064,79, 0
20065,100, 0
20066,105, 0
20067,139, 0
20068,152, 0
20069,164, 0
20070,173, 0
20071,175, 0
20072,183, 0
20073,179, 0
20074,180, 0
20075,177, 0
20076,183, 0
20077,181, 0
20078,181, 0
20079,186, 0
20080,176, 0
20081,183, 0
20082,207, 0
20083,176, 0
20084,171, 0
20085,176, 0
20086,168, 0
20087,165, 0
20088,155, 0
20089,159, 0
20090,158, 0
20091,157, 0
20092,139, 0
20093,108, 0
20094,89, 0
20095,81, 0
20096,79, 0
20097,97, 0
20098,123, 0
20099,123, 0
20100,115, 0
20101,111, 0
20102,115, 0
20103,111, 0
20104,100, 0
20105,97, 0
20106,105, 0
20107,96, 0
20108,103, 0
20109,95, 0
20110,99, 0
20111,100, 0
20112,101, 0
20113,99, 0
20114,109, 0
20115,101, 0
20116,92, 0
20117,92, 0
20118,93, 0
20119,79, 0
20120,89, 0
20121,84, 0
20122,80, 0
20123,51, 0
20124,30, 0
20125,32, 0
20126,45, 0
20127,68, 0
20128,106, 0
20129,151, 0
20130,204, 0
20131,223, 0
20132,244, 0
20133,251, 0
20134,252, 0
20135,237, 0
20136,247, 0
20137,236, 0
20138,222, 0
20139,221, 0
20140,204, 0
20141,173, 0
20142,183, 0
20143,164, 0
20144,149, 0
20145,152, 0
20146,160, 0
20147,166, 0
20148,174, 0
20149,181, 0
20150,176, 0
20151,183, 0
20152,180, 0
20153,164, 0
20154,142, 0
20155,127, 0
20156,97, 0
20157,99, 0
20158,107, 0
20159,121, 0
20160,133, 0
20161,115, 0
20162,105, 0
20163,111, 0
20164,95, 0
20165,81, 0
20166,83, 0
20167,76, 0
20168,70, 0
20169,68, 0
20170,71, 0
20171,59, 0
20172,62, 0
20173,68, 0
20174,50, 0
20175,60, 0
20176,72, 0
20177,76, 0
20178,92, 0
20179,104, 0
20180,92, 0
20181,70, 0
20182,59, 0
20183,48, 0
20184,39, 0
20185,53, 0
20186,70, 0
20187,97, 0
20188,121, 0
20189,143, 0
20190,160, 0
20191,166, 0
20192,173, 0
20193,190, 0
20194,180, 0
20195,188, 0
20196,203, 0
20197,203, 0
20198,204, 0
20199,204, 0
20200,202, 0
20201,184, 0
20202,183, 0
20203,188, 0
20204,183, 0
20205,183, 0
20206,188, 0
20207,207, 0
20208,238, 0
20209,255, 0
20210,239, 0
20211,235, 0
20212,232, 0
20213,210, 0
20214,170, 0
20215,116, 0
20216,83, 0
20217,77, 0
20218,84, 0
20219,115, 0
20220,138, 0
20221,150, 0
20222,131, 0
20223,139, 0
20224,123, 0
20225,95, 0
20226,60, 0
20227,32, 0
20228,3, 0
20229,0, 0
20230,0, 0
20231,0, 0
20232,0, 0
20233,14, 0
20234,31, 0
20235,54, 0
20236,81, 0
20237,115, 0
20238,156, 0
20239,195, 0
20240,217, 0
20241,203, 0
20242,184, 0
20243,164, 0
20244,137, 0
20245,105, 0
20246,76, 0
20247,83, 0
20248,108, 0
20249,147, 0
20250,197, 0
20251,238, 0
20252,267, 0
20253,227, 0
20254,196, 0
20255,158, 0
20256,136, 0
20257,139, 0
20258,141, 0
20259,145, 0
20260,136, 0
20261,122, 0
20262,95, 0
20263,80, 0
20264,92, 0
20265,72, 0
20266,76, 0
20267,70, 0
20268,76, 0
20269,71, 0
20270,78, 0
20271,70, 0
20272,79, 0
20273,93, 0
20274,94, 0
20275,100, 0
20276,94, 0
20277,94, 0
20278,93, 0
20279,90, 0
20280,89, 0
20281,103, 0
20282,104, 0
20283,124, 0
20284,133, 0
20285,163, 0
20286,153, 0
20287,177, 0
20288,202, 0
20289,224, 0
20290,232, 0
20291,242, 0
20292,232, 0
20293,232, 0
20294,216, 0
20295,199, 0
20296,179, 0
20297,131, 0
20298,89, 0
20299,44, 0
20300,25, 0
20301,10, 0
20302,6, 0
20303,7, 0
20304,31, 0
20305,60, 0
20306,70, 0
20307,56, 0
20308,61, 0
20309,58, 0
20310,48, 0
20311,59, 0
20312,70, 0
20313,101, 0
20314,112, 0
20315,141, 0
20316,154, 0
20317,173, 0
20318,195, 0
20319,207, 0
20320,234, 0
20321,255, 0
20322,261, 0
20323,244, 0
20324,226, 0
20325,208, 0
20326,188, 0
20327,166, 0
20328,152, 0
20329,141, 0
20330,147, 0
20331,173, 0
20332,187, 0
20333,207, 0
20334,228, 0
20335,230, 0
20336,210, 0
20337,173, 0
20338,139, 0
20339,121, 0
20340,109, 0
20341,115, 0
20342,127, 0
20343,130, 0
20344,123, 0
20345,121, 0
20346,120, 0
20347,111, 0
20348,117, 0
20349,115, 0
20350,116, 0
20351,107, 0
20352,92, 0
20353,73, 0
20354,50, 0
20355,28, 0
20356,19, 0
20357,17, 0
20358,25, 0
20359,38, 0
20360,50, 0
20361,63, 0
20362,65, 0
20363,63, 0
20364,77, 0
20365,83, 0
20366,80, 0
20367,57, 0
20368,67, 0
20369,71, 0
20370,99, 0
20371,121, 0
20372,144, 0
20373,161, 0
20374,176, 0
20375,174, 0
20376,181, 0
20377,182, 0
20378,183, 0
20379,187, 0
20380,188, 0
20381,183, 0
20382,184, 0
20383,203, 0
20384,220, 0
20385,240, 0
20386,255, 0
20387,256, 0
20388,257, 0
20389,251, 0
20390,238, 0
20391,238, 0
20392,219, 0
20393,203, 0
20394,164, 0
20395,132, 0
20396,87, 0
20397,57, 0
20398,24, 0
20399,19, 0
20400,40, 0
20401,89, 0
20402,116, 0
20403,137, 0
20404,139, 0
20405,89, 0
20406,58, 0
20407,40, 0
20408,29, 0
20409,36, 0
20410,65, 0
20411,102, 0
20412,133, 0
20413,141, 0
20414,127, 0
20415,127, 0
20416,127, 0
20417,123, 0
20418,121, 0
20419,122, 0
20420,116, 0
20421,108, 0
20422,100, 0
20423,83, 0
20424,89, 0
20425,89, 0
20426,103, 0
20427,95, 0
20428,92, 0
20429,88, 0
20430,90, 0
20431,118, 0
20432,143, 0
20433,176, 0
20434,190, 0
20435,186, 0
20436,173, 0
20437,176, 0
20438,170, 0
20439,170, 0
20440,170, 0
20441,155, 0
20442,143, 0
20443,135, 0
20444,136, 0
20445,139, 0
20446,169, 0
20447,180, 0
20448,181, 0
20449,159, 0
20450,145, 0
20451,129, 0
20452,133, 0
20453,132, 0
20454,140, 0
20455,139, 0
20456,126, 0
20457,100, 0
20458,62, 0
20459,39, 0
20460,42, 0
20461,78, 0
20462,108, 0
20463,147, 0
20464,170, 0
20465,165, 0
20466,186, 0
20467,201, 0
20468,214, 0
20469,211, 0
20470,185, 0
20471,165, 0
20472,130, 0
20473,108, 0
20474,89, 0
20475,71, 0
20476,70, 0
20477,81, 0
20478,110, 0
20479,138, 0
20480,152, 0
20481,157, 0
20482,169, 0
20483,170, 0
20484,167, 0
20485,164, 0
20486,138, 0
20487,127, 0
20488,102, 0
20489,52, 0
20490,6, 0
20491,0, 0
20492,3, 0
20493,23, 0
20494,83, 0
20495,144, 0
20496,192, 0
20497,208, 0
20498,227, 0
20499,207, 0
20500,202, 0
20501,174, 0
20502,159, 0
20503,150, 0
20504,144, 0
20505,137, 0
20506,143, 0
20507,148, 0
20508,150, 0
20509,160, 0
20510,170, 0
20511,161, 0
20512,150, 0
20513,145, 0
20514,135, 0
20515,133, 0
20516,142, 0
20517,169, 0
20518,173, 0
20519,163, 0
20520,145, 0
20521,134, 0
20522,150, 0
20523,167, 0
20524,195, 0
20525,206, 0
20526,183, 0
20527,153, 0
20528,152, 0
20529,115, 0
20530,58, 0
20531,12, 0
20532,4, 0
20533,0, 0
20534,0, 0
20535,0, 0
20536,17, 0
20537,25, 0
20538,13, 0
20539,6, 0
20540,9, 0
20541,56, 0
20542,80, 0
20543,104, 0
20544,126, 0
20545,158, 0
20546,193, 0
20547,231, 0
20548,247, 0
20549,246, 0
20550,234, 0
20551,232, 0
20552,253, 0
20553,285, 0
20554,325, 0
20555,343, 2
20556,305, 4
20557,241, 0
20558,164, 0
20559,120, 0
20560,99, 0
20561,103, 0
20562,123, 0
20563,138, 0
20564,158, 0
20565,183, 0
20566,200, 0
20567,208, 0
20568,210, 0
20569,186, 0
20570,160, 0
20571,140, 0
20572,92, 0
20573,38, 0
20574,1, 0
20575,0, 0
20576,0, 0
20577,34, 0
20578,69, 0
20579,83, 0
20580,58, 0
20581,68, 0
20582,89, 0
20583,125, 0
20584,149, 0
20585,187, 0
20586,207, 0
20587,208, 0
20588,207, 0
20589,199, 0
20590,196, 0
20591,185, 0
20592,170, 0
20593,149, 0
20594,117, 0
20595,95, 0
20596,62, 0
20597,51, 0
20598,44, 0
20599,52, 0
20600,57, 0
20601,79, 0
20602,101, 0
20603,115, 0
20604,133, 0
20605,139, 0
20606,135, 0
20607,137, 0
20608,140, 0
20609,145, 0
20610,138, 0
20611,134, 0
20612,111, 0
20613,120, 0
20614,110, 0
20615,116, 0
20616,132, 0
20617,135, 0
20618,96, 0
20619,70, 0
20620,61, 0
20621,81, 0
20622,116, 0
20623,129, 0
20624,183, 0
20625,218, 0
20626,246, 0
20627,256, 0
20628,254, 0
20629,244, 0
20630,223, 0
20631,220, 0
20632,221, 0
20633,217, 0
20634,223, 0
20635,243, 0
20636,214, 0
20637,186, 0
20638,154, 0
20639,105, 0
20640,61, 0
20641,11, 0
20642,1, 0
20643,0, 0
20644,0, 0
20645,0, 0
20646,3, 0
20647,36, 0
20648,45, 0
20649,59, 0
20650,88, 0
20651,96, 0
20652,115, 0
20653,133, 0
20654,150, 0
20655,159, 0
20656,169, 0
20657,168, 0
20658,169, 0
20659,177, 0
20660,177, 0
20661,156, 0
20662,150, 0
20663,132, 0
20664,108, 0
20665,89, 0
20666,67, 0
20667,53, 0
20668,63, 0
20669,84, 0
20670,107, 0
20671,89, 0
20672,92, 0
20673,89, 0
20674,83, 0
20675,91, 0
20676,102, 0
20677,133, 0
20678,161, 0
20679,135, 0
20680,145, 0
20681,158, 0
20682,153, 0
20683,149, 0
20684,139, 0
20685,121, 0
20686,106, 0
20687,104, 0
20688,93, 0
20689,101, 0
20690,121, 0
20691,136, 0
20692,163, 0
20693,201, 0
20694,233, 0
20695,268, 0
20696,306, 0
20697,322, 1
20698,322, 0
20699,310, 1
20700,268, 0
20701,183, 0
20702,152, 0
20703,70, 0
20704,30, 0
20705,31, 0
20706,55, 0
20707,119, 0
20708,176, 0
20709,201, 0
20710,221, 0
20711,214, 0
20712,170, 0
20713,119, 0
20714,56, 0
20715,10, 0
20716,0, 0
20717,0, 0
20718,0, 0
20719,0, 0
20720,0, 0
20721,31, 0
20722,75, 0
20723,95, 0
20724,121, 0
20725,128, 0
20726,137, 0
20727,144, 0
20728,148, 0
20729,131, 0
20730,116, 0
20731,91, 0
20732,64, 0
20733,38, 0
20734,37, 0
20735,40, 0
20736,44, 0
20737,56, 0
20738,103, 0
20739,137, 0
20740,175, 0
20741,217, 0
20742,238, 0
20743,232, 0
20744,283, 0
20745,306, 0
20746,279, 0
20747,251, 0
20748,214, 0
20749,167, 0
20750,140, 0
20751,129, 0
20752,126, 0
20753,145, 0
20754,176, 0
20755,215, 0
20756,223, 0
20757,247, 0
20758,238, 0
20759,220, 0
20760,169, 0
20761,158, 0
20762,115, 0
20763,50, 0
20764,3, 0
20765,0, 0
20766,6, 0
20767,11, 0
20768,0, 0
20769,22, 0
20770,37, 0
20771,51, 0
20772,80, 0
20773,130, 0
20774,190, 0
20775,242, 0
20776,249, 0
20777,248, 0
20778,226, 0
20779,211, 0
20780,198, 0
20781,192, 0
20782,173, 0
20783,147, 0
20784,110, 0
20785,65, 0
20786,34, 0
20787,20, 0
20788,26, 0
20789,46, 0
20790,92, 0
20791,131, 0
20792,154, 0
20793,168, 0
20794,175, 0
20795,187, 0
20796,202, 0
20797,218, 0
20798,251, 0
20799,262, 0
20800,244, 0
20801,176, 0
20802,119, 0
20803,60, 0
20804,29, 0
20805,17, 0
20806,37, 0
20807,76, 0
20808,115, 0
20809,151, 0
20810,150, 0
20811,145, 0
20812,152, 0
20813,163, 0
20814,197, 0
20815,214, 0
20816,211, 0
20817,202, 0
20818,181, 0
20819,153, 0
20820,133, 0
20821,120, 0
20822,134, 0
20823,119, 0
20824,101, 0
20825,85, 0
20826,81, 0
20827,95, 0
20828,101, 0
20829,101, 0
20830,77, 0
20831,42, 0
20832,41, 0
20833,63, 0
20834,85, 0
20835,131, 0
20836,136, 0
20837,159, 0
20838,155, 0
20839,133, 0
20840,77, 0
20841,37, 0
20842,14, 0
20843,10, 0
20844,15, 0
20845,21, 0
20846,35, 0
20847,81, 0
20848,129, 0
20849,185, 0
20850,205, 0
20851,188, 0
20852,145, 0
20853,95, 0
20854,56, 0
20855,37, 0
20856,25, 0
20857,31, 0
20858,25, 0
20859,23, 0
20860,25, 0
20861,44, 0
20862,63, 0
20863,102, 0
20864,147, 0
20865,188, 0
20866,239, 0
20867,297, 0
20868,352, 3
20869,382, 15
20870,357, 19
20871,325, 10
20872,300, 5
20873,264, 0
20874,242, 0
20875,226, 0
20876,189, 0
20877,169, 0
20878,133, 0
20879,128, 0
20880,129, 0
20881,158, 0
20882,181, 0
20883,182, 0
20884,166, 0
20885,152, 0
20886,165, 0
20887,202, 0
20888,218, 0
20889,244, 0
20890,269, 0
20891,267, 0
20892,235, 0
20893,187, 0
20894,154, 0
20895,132, 0
20896,110, 0
20897,55, 0
20898,3, 0
20899,30, 0
20900,83, 0
20901,119, 0
20902,111, 0
20903,57, 0
20904,2, 0
20905,37, 0
20906,85, 0
20907,138, 0
20908,176, 0
20909,204, 0
20910,222, 0
20911,202, 0
20912,160, 0
20913,115, 0
20914,51, 0
20915,0, 0
20916,13, 0
20917,9, 0
20918,2, 0
20919,37, 0
20920,107, 0
20921,143, 0
20922,140, 0
20923,110, 0
20924,86, 0
20925,63, 0
20926,58, 0
20927,70, 0
20928,91, 0
20929,131, 0
20930,171, 0
20931,239, 0
20932,286, 0
20933,313, 0
20934,304, 0
20935,273, 0
20936,223, 0
20937,172, 0
20938,140, 0
20939,147, 0
20940,164, 0
20941,186, 0
20942,205, 0
20943,217, 0
20944,206, 0
20945,183, 0
20946,133, 0
20947,92, 0
20948,77, 0
20949,80, 0
20950,106, 0
20951,145, 0
20952,179, 0
20953,184, 0
20954,202, 0
20955,191, 0
20956,192, 0
20957,163, 0
20958,110, 0
20959,56, 0
20960,14, 0
20961,12, 0
20962,25, 0
20963,38, 0
20964,47, 0
20965,46, 0
20966,61, 0
20967,71, 0
20968,88, 0
20969,103, 0
20970,131, 0
20971,116, 0
20972,117, 0
20973,108, 0
20974,113, 0
20975,129, 0
20976,143, 0
20977,157, 0
20978,161, 0
20979,202, 0
20980,266, 0
20981,279, 0
20982,271, 0
20983,241, 0
20984,183, 0
20985,112, 0
20986,17, 0
20987,22, 0
20988,52, 0
20989,51, 0
20990,15, 0
20991,9, 0
20992,25, 0
20993,121, 0
20994,240, 0
20995,346, 0
20996,396, 11
20997,410, 27
20998,403, 31
20999,391, 31
21000,373, 26
21001,363, 20
21002,362, 19
21003,354, 14
21004,331, 9
21005,318, 6
21006,228, 0
21007,145, 0
21008,118, 0
21009,127, 0
21010,172, 0
21011,218, 0
21012,238, 0
21013,189, 0
21014,100, 0
21015,32, 0
21016,1, 0
21017,34, 0
21018,74, 0
21019,127, 0
21020,164, 0
21021,185, 0
21022,164, 0
21023,125, 0
21024,63, 0
21025,12, 0
21026,0, 0
21027,7, 0
21028,45, 0
21029,73, 0
21030,87, 0
21031,87, 0
21032,52, 0
21033,10, 0
21034,0, 0
21035,8, 0
21036,20, 0
21037,35, 0
21038,41, 0
21039,4, 0
21040,53, 0
21041,183, 0
21042,337, 0
21043,427, 12
21044,480, 42
21045,488, 60
21046,473, 63
21047,469, 63
21048,427, 62
21049,364, 41
21050,312, 19
21051,222, 0
21052,189, 0
21053,159, 0
21054,109, 0
21055,70, 0
21056,19, 0
21057,0, 0
21058,25, 0
21059,86, 0
21060,128, 0
21061,135, 0
21062,159, 0
21063,174, 0
21064,163, 0
21065,161, 0
21066,140, 0
21067,64, 0
21068,3, 0
21069,63, 0
21070,105, 0
21071,90, 0
21072,45, 0
21073,10, 0
21074,0, 0
21075,36, 0
21076,108, 0
21077,173, 0
21078,237, 0
21079,257, 0
21080,254, 0
21081,215, 0
21082,216, 0
21083,196, 0
21084,164, 0
21085,111, 0
21086,43, 0
21087,0, 0
21088,52, 0
21089,92, 0
21090,140, 0
21091,161, 0
21092,191, 0
21093,201, 0
21094,216, 0
21095,235, 0
21096,228, 0
21097,205, 0
21098,169, 0
21099,95, 0
21100,13, 0
21101,116, 0
21102,267, 0
21103,415, 5
21104,499, 40
21105,524, 68
21106,500, 76
21107,482, 76
21108,485, 74
21109,463, 71
21110,484, 70
21111,515, 76
21112,556, 91
21113,582, 107
21114,582, 118
21115,574, 121
21116,554, 118
21117,497, 100
21118,467, 89
21119,345, 55
21120,198, 9
21121,117, 0
21122,76, 0
21123,11, 0
21124,11, 0
21125,2, 0
21126,2, 0
21127,84, 0
21128,154, 0
21129,214, 0
21130,281, 0
21131,349, 0
21132,402, 8
21133,444, 31
21134,450, 43
21135,427, 44
21136,424, 42
21137,411, 38
21138,373, 26
21139,314, 12
21140,270, 0
21141,220, 0
21142,150, 0
21143,69, 0
21144,22, 0
21145,32, 0
21146,74, 0
21147,102, 0
21148,107, 0
21149,115, 0
21150,122, 0
21151,106, 0
21152,43, 0
21153,0, 0
21154,0, 0
21155,14, 0
21156,89, 0
21157,135, 0
21158,78, 0
21159,12, 0
21160,83, 0
21161,120, 0
21162,57, 0
21163,20, 0
21164,172, 0
21165,327, 0
21166,391, 3
21167,408, 19
21168,398, 28
21169,377, 23
21170,338, 18
21171,300, 9
21172,282, 1
21173,249, 0
21174,219, 0
21175,214, 0
21176,226, 0
21177,230, 0
21178,230, 0
21179,229, 0
21180,238, 0
21181,267, 0
21182,294, 0
21183,296, 0
21184,238, 0
21185,202, 0
21186,191, 0
21187,155, 0
21188,110, 0
21189,19, 0
21190,31, 0
21191,105, 0
21192,134, 0
21193,118, 0
21194,68, 0
21195,8, 0
21196,0, 0
21197,0, 0
21198,0, 0
21199,0, 0
21200,0, 0
21201,9, 0
21202,12, 0
21203,55, 0
21204,111, 0
21205,172, 0
21206,200, 0
21207,222, 0
21208,204, 0
21209,181, 0
21210,158, 0
21211,163, 0
21212,153, 0
21213,111, 0
21214,71, 0
21215,39, 0
21216,32, 0
21217,39, 0
21218,45, 0
21219,35, 0
21220,28, 0
21221,32, 0
21222,61, 0
21223,92, 0
21224,116, 0
21225,138, 0
21226,130, 0
21227,110, 0
21228,83, 0
21229,55, 0
21230,46, 0
21231,19, 0
21232,12, 0
21233,13, 0
21234,18, 0
21235,15, 0
21236,22, 0
21237,15, 0
21238,24, 0
21239,53, 0
21240,94, 0
21241,120, 0
21242,158, 0
21243,182, 0
21244,176, 0
21245,139, 0
21246,81, 0
21247,20, 0
21248,0, 0
21249,0, 0
21250,10, 0
21251,30, 0
21252,41, 0
21253,47, 0
21254,51, 0
21255,47, 0
21256,38, 0
21257,7, 0
21258,0, 0
21259,0, 0
21260,31, 0
21261,62, 0
21262,92, 0
21263,76, 0
21264,63, 0
21265,42, 0
21266,65, 0
21267,102, 0
21268,149, 0
21269,201, 0
21270,226, 0
21271,200, 0
21272,164, 0
21273,170, 0
21274,191, 0
21275,235, 0
21276,245, 0
21277,244, 0
21278,220, 0
21279,193, 0
21280,151, 0
21281,95, 0
21282,67, 0
21283,71, 0
21284,89, 0
21285,121, 0
21286,150, 0
21287,163, 0
21288,199, 0
21289,224, 0
21290,248, 0
21291,257, 0
21292,240, 0
21293,220, 0
21294,197, 0
21295,183, 0
21296,154, 0
21297,140, 0
21298,130, 0
21299,124, 0
21300,148, 0
21301,176, 0
21302,152, 0
21303,145, 0
21304,122, 0
21305,105, 0
21306,92, 0
21307,70, 0
21308,63, 0
21309,74, 0
21310,105, 0
21311,92, 0
21312,110, 0
21313,127, 0
21314,133, 0
21315,115, 0
21316,106, 0
21317,78, 0
21318,47, 0
21319,29, 0
21320,48, 0
21321,80, 0
21322,136, 0
21323,188, 0
21324,213, 0
21325,234, 0
21326,238, 0
21327,238, 0
21328,244, 0
21329,228, 0
21330,214, 0
21331,168, 0
21332,117, 0
21333,89, 0
21334,115, 0
21335,132, 0
21336,160, 0
21337,158, 0
21338,141, 0
21339,126, 0
21340,52, 0
21341,1, 0
21342,23, 0
21343,45, 0
21344,27, 0
21345,0, 0
21346,54, 0
21347,163, 0
21348,264, 0
21349,363, 0
21350,372, 6
21351,359, 12
21352,331, 9
21353,290, 5
21354,266, 0
21355,263, 0
21356,227, 0
21357,192, 0
21358,158, 0
21359,109, 0
21360,79, 0
21361,94, 0
21362,129, 0
21363,149, 0
21364,163, 0
21365,136, 0
21366,87, 0
21367,51, 0
21368,36, 0
21369,46, 0
21370,52, 0
21371,45, 0
21372,12, 0
21373,0, 0
21374,31, 0
21375,63, 0
21376,55, 0
21377,20, 0
21378,5, 0
21379,3, 0
21380,0, 0
21381,0, 0
21382,0, 0
21383,7, 0
21384,107, 0
21385,251, 0
21386,371, 0
21387,400, 11
21388,369, 15
21389,344, 12
21390,323, 6
21391,306, 1
21392,267, 0
21393,214, 0
21394,184, 0
21395,221, 0
21396,297, 0
21397,372, 0
21398,402, 14
21399,338, 17
21400,193, 0
21401,72, 0
21402,6, 0
21403,2, 0
21404,27, 0
21405,107, 0
21406,196, 0
21407,249, 0
21408,229, 0
21409,150, 0
21410,36, 0
21411,61, 0
21412,164, 0
21413,186, 0
21414,138, 0
21415,64, 0
21416,1, 0
21417,14, 0
21418,31, 0
21419,3, 0
21420,25, 0
21421,94, 0
21422,109, 0
21423,110, 0
21424,63, 0
21425,22, 0
21426,3, 0
21427,78, 0
21428,147, 0
21429,174, 0
21430,204, 0
21431,237, 0
21432,236, 0
21433,187, 0
21434,169, 0
21435,212, 0
21436,274, 0
21437,322, 0
21438,375, 4
21439,381, 14
21440,324, 11
21441,223, 0
21442,100, 0
21443,87, 0
21444,164, 0
21445,271, 0
21446,340, 0
21447,368, 2
21448,365, 11
21449,319, 6
21450,183, 0
21451,32, 0
21452,0, 0
21453,0, 0
21454,51, 0
21455,152, 0
21456,230, 0
21457,226, 0
21458,251, 0
21459,241, 0
21460,218, 0
21461,206, 0
21462,215, 0
21463,220, 0
21464,189, 0
21465,123, 0
21466,62, 0
21467,96, 0
21468,218, 0
21469,352, 0
21470,481, 25
21471,567, 64
21472,613, 102
21473,604, 122
21474,559, 117
21475,507, 102
21476,480, 88
21477,462, 75
21478,435, 64
21479,377, 44
21480,329, 21
21481,267, 4
21482,247, 0
21483,257, 0
21484,268, 0
21485,272, 0
21486,236, 0
21487,139, 0
21488,21, 0
21489,64, 0
21490,136, 0
21491,160, 0
21492,121, 0
21493,90, 0
21494,29, 0
21495,0, 0
21496,20, 0
21497,55, 0
21498,96, 0
21499,119, 0
21500,127, 0
21501,133, 0
21502,151, 0
21503,148, 0
21504,136, 0
21505,133, 0
21506,81, 0
21507,23, 0
21508,0, 0
21509,1, 0
21510,11, 0
21511,93, 0
21512,166, 0
21513,185, 0
21514,147, 0
21515,97, 0
21516,60, 0
21517,58, 0
21518,74, 0
21519,131, 0
21520,184, 0
21521,193, 0
21522,187, 0
21523,144, 0
21524,95, 0
21525,69, 0
21526,74, 0
21527,86, 0
21528,110, 0
21529,170, 0
21530,198, 0
21531,220, 0
21532,223, 0
21533,206, 0
21534,205, 0
21535,215, 0
21536,251, 0
21537,282, 0
21538,281, 0
21539,276, 0
21540,253, 0
21541,224, 0
21542,186, 0
21543,148, 0
21544,102, 0
21545,40, 0
21546,3, 0
21547,0, 0
21548,3, 0
21549,0, 0
21550,0, 0
21551,0, 0
21552,0, 0
21553,0, 0
21554,0, 0
21555,38, 0
21556,95, 0
21557,127, 0
21558,122, 0
21559,52, 0
21560,5, 0
21561,81, 0
21562,144, 0
21563,180, 0
21564,129, 0
21565,50, 0
21566,7, 0
21567,4, 0
21568,22, 0
21569,92, 0
21570,147, 0
21571,176, 0
21572,155, 0
21573,96, 0
21574,43, 0
21575,17, 0
21576,21, 0
21577,50, 0
21578,38, 0
21579,37, 0
21580,39, 0
21581,57, 0
21582,85, 0
21583,120, 0
21584,135, 0
21585,104, 0
21586,96, 0
21587,67, 0
21588,63, 0
21589,81, 0
21590,113, 0
21591,155, 0
21592,207, 0
21593,236, 0
21594,232, 0
21595,204, 0
21596,166, 0
21597,109, 0
21598,79, 0
21599,76, 0
21600,97, 0
21601,145, 0
21602,172, 0
21603,190, 0
21604,212, 0
21605,233, 0
21606,240, 0
21607,233, 0
21608,236, 0
21609,237, 0
21610,256, 0
21611,269, 0
21612,241, 0
21613,216, 0
21614,166, 0
21615,92, 0
21616,21, 0
21617,0, 0
21618,0, 0
21619,0, 0
21620,0, 0
21621,0, 0
21622,0, 0
21623,4, 0
21624,0, 0
21625,5, 0
21626,53, 0
21627,116, 0
21628,154, 0
21629,186, 0
21630,215, 0
21631,206, 0
21632,221, 0
21633,211, 0
21634,204, 0
21635,191, 0
21636,154, 0
21637,115, 0
21638,95, 0
21639,83, 0
21640,100, 0
21641,121, 0
21642,143, 0
21643,153, 0
21644,163, 0
21645,154, 0
21646,118, 0
21647,89, 0
21648,83, 0
21649,95, 0
21650,154, 0
21651,208, 0
21652,234, 0
21653,260, 0
21654,268, 0
21655,270, 0
21656,275, 0
21657,253, 0
21658,248, 0
21659,226, 0
21660,270, 0
21661,270, 0
21662,284, 0
21663,266, 0
21664,211, 0
21665,152, 0
21666,86, 0
21667,38, 0
21668,28, 0
21669,32, 0
21670,46, 0
21671,68, 0
21672,76, 0
21673,83, 0
21674,115, 0
21675,147, 0
21676,167, 0
21677,158, 0
21678,142, 0
21679,122, 0
21680,123, 0
21681,139, 0
21682,158, 0
21683,160, 0
21684,137, 0
21685,115, 0
21686,118, 0
21687,119, 0
21688,116, 0
21689,79, 0
21690,25, 0
21691,9, 0
21692,21, 0
21693,5, 0
21694,0, 0
21695,9, 0
21696,65, 0
21697,153, 0
21698,230, 0
21699,231, 0
21700,214, 0
21701,159, 0
21702,115, 0
21703,97, 0
21704,107, 0
21705,110, 0
21706,96, 0
21707,59, 0
21708,46, 0
21709,43, 0
21710,46, 0
21711,68, 0
21712,103, 0
21713,152, 0
21714,180, 0
21715,176, 0
21716,181, 0
21717,185, 0
21718,189, 0
21719,189, 0
21720,199, 0
21721,205, 0
21722,212, 0
21723,234, 0
21724,254, 0
21725,269, 0
21726,284, 0
21727,279, 0
21728,256, 0
21729,215, 0
21730,180, 0
21731,149, 0
21732,167, 0
21733,164, 0
21734,126, 0
21735,59, 0
21736,5, 0
21737,1, 0
21738,36, 0
21739,108, 0
21740,182, 0
21741,223, 0
21742,244, 0
21743,244, 0
21744,235, 0
21745,217, 0
21746,202, 0
21747,203, 0
21748,189, 0
21749,163, 0
21750,122, 0
21751,36, 0
21752,26, 0
21753,144, 0
21754,248, 0
21755,313, 0
21756,312, 0
21757,248, 0
21758,152, 0
21759,40, 0
21760,11, 0
21761,95, 0
21762,197, 0
21763,283, 0
21764,289, 0
21765,294, 0
21766,310, 0
21767,298, 0
21768,283, 0
21769,280, 0
21770,280, 0
21771,261, 0
21772,211, 0
21773,155, 0
21774,141, 0
21775,183, 0
21776,204, 0
21777,215, 0
21778,202, 0
21779,168, 0
21780,168, 0
21781,156, 0
21782,145, 0
21783,115, 0
21784,86, 0
21785,38, 0
21786,8, 0
21787,29, 0
21788,76, 0
21789,127, 0
21790,161, 0
21791,159, 0
21792,130, 0
21793,95, 0
21794,70, 0
21795,72, 0
21796,109, 0
21797,117, 0
21798,104, 0
21799,74, 0
21800,54, 0
21801,64, 0
21802,102, 0
21803,152, 0
21804,192, 0
21805,204, 0
21806,207, 0
21807,227, 0
21808,277, 0
21809,302, 0
21810,322, 0
21811,329, 0
21812,338, 2
21813,354, 5
21814,368, 9
21815,346, 6
21816,311, 6
21817,337, 1
21818,331, 2
21819,347, 5
21820,361, 6
21821,376, 12
21822,377, 17
21823,368, 17
21824,348, 13
21825,312, 6
21826,278, 1
21827,266, 0
21828,262, 0
21829,249, 0
21830,248, 0
21831,247, 0
21832,246, 0
21833,206, 0
21834,196, 0
21835,176, 0
21836,139, 0
21837,117, 0
21838,100, 0
21839,118, 0
21840,102, 0
21841,111, 0
21842,79, 0
21843,46, 0
21844,10, 0
21845,0, 0
21846,0, 0
21847,0, 0
21848,5, 0
21849,0, 0
21850,0, 0
21851,0, 0
21852,0, 0
21853,0, 0
21854,0, 0
21855,0, 0
21856,8, 0
21857,62, 0
21858,124, 0
21859,132, 0
21860,143, 0
21861,127, 0
21862,90, 0
21863,38, 0
21864,9, 0
21865,3, 0
21866,27, 0
21867,32, 0
21868,12, 0
21869,0, 0
21870,0, 0
21871,1, 0
21872,21, 0
21873,57, 0
21874,92, 0
21875,127, 0
21876,145, 0
21877,134, 0
21878,145, 0
21879,161, 0
21880,184, 0
21881,198, 0
21882,215, 0
21883,205, 0
21884,188, 0
21885,150, 0
21886,115, 0
21887,99, 0
21888,80, 0
21889,65, 0
21890,41, 0
21891,14, 0
21892,10, 0
21893,15, 0
21894,44, 0
21895,92, 0
21896,144, 0
21897,201, 0
21898,226, 0
21899,239, 0
21900,226, 0
21901,201, 0
21902,185, 0
21903,173, 0
21904,161, 0
21905,147, 0
21906,131, 0
21907,122, 0
21908,129, 0
21909,141, 0
21910,152, 0
21911,136, 0
21912,121, 0
21913,94, 0
21914,80, 0
21915,81, 0
21916,89, 0
21917,108, 0
21918,128, 0
21919,141, 0
21920,151, 0
21921,133, 0
21922,124, 0
21923,89, 0
21924,58, 0
21925,40, 0
21926,26, 0
21927,8, 0
21928,11, 0
21929,39, 0
21930,61, 0
21931,76, 0
21932,69, 0
21933,40, 0
21934,9, 0
21935,0, 0
21936,0, 0
21937,0, 0
21938,35, 0
21939,99, 0
21940,136, 0
21941,149, 0
21942,138, 0
21943,129, 0
21944,108, 0
21945,108, 0
21946,139, 0
21947,170, 0
21948,193, 0
21949,193, 0
21950,170, 0
21951,138, 0
21952,122, 0
21953,119, 0
21954,147, 0
21955,186, 0
21956,237, 0
21957,262, 0
21958,276, 0
21959,262, 0
21960,287, 0
21961,268, 0
21962,235, 0
21963,183, 0
21964,150, 0
21965,142, 0
21966,156, 0
21967,174, 0
21968,199, 0
21969,223, 0
21970,226, 0
21971,203, 0
21972,164, 0
21973,164, 0
21974,184, 0
21975,206, 0
21976,192, 0
21977,167, 0
21978,139, 0
21979,136, 0
21980,121, 0
21981,109, 0
21982,70, 0
21983,52, 0
21984,37, 0
21985,10, 0
21986,1, 0
21987,0, 0
21988,0, 0
21989,11, 0
21990,57, 0
21991,100, 0
21992,121, 0
21993,115, 0
21994,95, 0
21995,81, 0
21996,87, 0
21997,106, 0
21998,133, 0
21999,139, 0
22000,125, 0
22001,147, 0
22002,170, 0
22003,223, 0
22004,253, 0
22005,263, 0
22006,247, 0
22007,203, 0
22008,184, 0
22009,212, 0
22010,252, 0
22011,259, 0
22012,227, 0
22013,188, 0
22014,173, 0
22015,176, 0
22016,223, 0
22017,244, 0
22018,236, 0
22019,186, 0
22020,139, 0
22021,94, 0
22022,56, 0
22023,42, 0
22024,28, 0
22025,23, 0
22026,31, 0
22027,74, 0
22028,141, 0
22029,223, 0
22030,274, 0
22031,283, 0
22032,263, 0
22033,237, 0
22034,191, 0
22035,154, 0
22036,123, 0
22037,102, 0
22038,88, 0
22039,75, 0
22040,57, 0
22041,27, 0
22042,0, 0
22043,10, 0
22044,25, 0
22045,12, 0
22046,0, 0
22047,2, 0
22048,22, 0
22049,27, 0
22050,44, 0
22051,71, 0
22052,102, 0
22053,117, 0
22054,127, 0
22055,127, 0
22056,131, 0
22057,127, 0
22058,134, 0
22059,139, 0
22060,128, 0
22061,109, 0
22062,100, 0
22063,77, 0
22064,72, 0
22065,91, 0
22066,122, 0
22067,166, 0
22068,199, 0
22069,213, 0
22070,211, 0
22071,186, 0
22072,151, 0
22073,111, 0
22074,100, 0
22075,110, 0
22076,133, 0
22077,163, 0
22078,191, 0
22079,204, 0
22080,224, 0
22081,226, 0
22082,213, 0
22083,197, 0
22084,181, 0
22085,176, 0
22086,176, 0
22087,176, 0
22088,189, 0
22089,196, 0
22090,198, 0
22091,195, 0
22092,174, 0
22093,152, 0
22094,121, 0
22095,108, 0
22096,97, 0
22097,86, 0
22098,65, 0
22099,43, 0
22100,29, 0
22101,26, 0
22102,31, 0
22103,44, 0
22104,52, 0
22105,71, 0
22106,87, 0
22107,113, 0
22108,158, 0
22109,193, 0
22110,196, 0
22111,185, 0
22112,154, 0
22113,124, 0
22114,76, 0
22115,44, 0
22116,52, 0
22117,76, 0
22118,87, 0
22119,99, 0
22120,118, 0
22121,137, 0
22122,179, 0
22123,185, 0
22124,176, 0
22125,157, 0
22126,154, 0
22127,158, 0
22128,145, 0
22129,121, 0
22130,73, 0
22131,75, 0
22132,92, 0
22133,87, 0
22134,103, 0
22135,95, 0
22136,103, 0
22137,108, 0
22138,141, 0
22139,183, 0
22140,226, 0
22141,261, 0
22142,269, 0
22143,271, 0
22144,244, 0
22145,211, 0
22146,195, 0
22147,189, 0
22148,183, 0
22149,170, 0
22150,132, 0
22151,95, 0
22152,75, 0
22153,83, 0
22154,108, 0
22155,153, 0
22156,193, 0
22157,196, 0
22158,200, 0
22159,192, 0
22160,187, 0
22161,183, 0
22162,183, 0
22163,164, 0
22164,119, 0
22165,67, 0
22166,24, 0
22167,24, 0
22168,38, 0
22169,93, 0
22170,120, 0
22171,139, 0
22172,149, 0
22173,152, 0
22174,144, 0
22175,125, 0
22176,84, 0
22177,56, 0
22178,26, 0
22179,1, 0
22180,6, 0
22181,50, 0
22182,97, 0
22183,149, 0
22184,190, 0
22185,220, 0
22186,229, 0
22187,227, 0
22188,226, 0
22189,211, 0
22190,183, 0
22191,141, 0
22192,132, 0
22193,108, 0
22194,51, 0
22195,4, 0
22196,0, 0
22197,0, 0
22198,3, 0
22199,42, 0
22200,86, 0
22201,131, 0
22202,159, 0
22203,198, 0
22204,220, 0
22205,232, 0
22206,219, 0
22207,184, 0
22208,142, 0
22209,90, 0
22210,63, 0
22211,92, 0
22212,156, 0
22213,238, 0
22214,286, 0
22215,313, 0
22216,304, 0
22217,292, 0
22218,265, 0
22219,191, 0
22220,139, 0
22221,94, 0
22222,81, 0
22223,63, 0
22224,69, 0
22225,56, 0
22226,56, 0
22227,70, 0
22228,79, 0
22229,95, 0
22230,118, 0
22231,120, 0
22232,109, 0
22233,96, 0
22234,86, 0
22235,76, 0
22236,86, 0
22237,106, 0
22238,129, 0
22239,144, 0
22240,119, 0
22241,102, 0
22242,76, 0
22243,86, 0
22244,78, 0
22245,73, 0
22246,61, 0
22247,57, 0
22248,57, 0
22249,67, 0
22250,99, 0
22251,124, 0
22252,167, 0
22253,196, 0
22254,205, 0
22255,183, 0
22256,148, 0
22257,134, 0
22258,132, 0
22259,144, 0
22260,167, 0
22261,184, 0
22262,196, 0
22263,196, 0
22264,196, 0
22265,184, 0
22266,164, 0
22267,156, 0
22268,158, 0
22269,164, 0
22270,192, 0
22271,193, 0
22272,184, 0
22273,173, 0
22274,183, 0
22275,189, 0
22276,202, 0
22277,218, 0
22278,199, 0
22279,155, 0
22280,118, 0
22281,76, 0
22282,61, 0
22283,55, 0
22284,68, 0
22285,80, 0
22286,70, 0
22287,41, 0
22288,23, 0
22289,7, 0
22290,0, 0
22291,8, 0
22292,14, 0
22293,35, 0
22294,79, 0
22295,113, 0
22296,120, 0
22297,117, 0
22298,103, 0
22299,121, 0
22300,112, 0
22301,139, 0
22302,151, 0
22303,143, 0
22304,132, 0
22305,111, 0
22306,107, 0
22307,110, 0
22308,110, 0
22309,135, 0
22310,149, 0
22311,173, 0
22312,189, 0
22313,202, 0
22314,204, 0
22315,197, 0
22316,157, 0
22317,140, 0
22318,128, 0
22319,125, 0
22320,132, 0
22321,147, 0
22322,158, 0
22323,160, 0
22324,168, 0
22325,173, 0
22326,175, 0
22327,177, 0
22328,177, 0
22329,170, 0
22330,174, 0
22331,169, 0
22332,160, 0
22333,150, 0
22334,143, 0
22335,139, 0
22336,135, 0
22337,129, 0
22338,131, 0
22339,137, 0
22340,168, 0
22341,144, 0
22342,133, 0
22343,130, 0
22344,120, 0
22345,115, 0
22346,101, 0
22347,76, 0
22348,58, 0
22349,46, 0
22350,51, 0
22351,88, 0
22352,90, 0
22353,88, 0
22354,76, 0
22355,70, 0
22356,70, 0
22357,76, 0
22358,67, 0
22359,67, 0
22360,78, 0
22361,65, 0
22362,59, 0
22363,64, 0
22364,71, 0
22365,85, 0
22366,88, 0
22367,103, 0
22368,124, 0
22369,140, 0
22370,140, 0
22371,152, 0
22372,142, 0
22373,147, 0
22374,152, 0
22375,167, 0
22376,157, 0
22377,143, 0
22378,150, 0
22379,123, 0
22380,121, 0
22381,133, 0
22382,158, 0
22383,180, 0
22384,199, 0
22385,212, 0
22386,220, 0
22387,219, 0
22388,227, 0
22389,226, 0
22390,218, 0
22391,214, 0
22392,206, 0
22393,196, 0
22394,189, 0
22395,190, 0
22396,192, 0
22397,169, 0
22398,164, 0
22399,141, 0
22400,141, 0
22401,127, 0
22402,115, 0
22403,115, 0
22404,103, 0
22405,95, 0
22406,86, 0
22407,75, 0
22408,45, 0
22409,27, 0
22410,30, 0
22411,40, 0
22412,73, 0
22413,104, 0
22414,111, 0
22415,112, 0
22416,102, 0
22417,88, 0
22418,81, 0
22419,74, 0
22420,86, 0
22421,74, 0
22422,85, 0
22423,102, 0
22424,104, 0
22425,128, 0
22426,127, 0
22427,128, 0
22428,134, 0
22429,131, 0
22430,131, 0
22431,132, 0
22432,135, 0
22433,140, 0
22434,151, 0
22435,152, 0
22436,158, 0
22437,187, 0
22438,176, 0
22439,135, 0
22440,145, 0
22441,143, 0
22442,151, 0
22443,164, 0
22444,187, 0
22445,200, 0
22446,193, 0
22447,189, 0
22448,185, 0
22449,183, 0
22450,183, 0
22451,186, 0
22452,176, 0
22453,168, 0
22454,157, 0
22455,131, 0
22456,141, 0
22457,139, 0
22458,139, 0
22459,158, 0
22460,148, 0
22461,154, 0
22462,155, 0
22463,145, 0
22464,140, 0
22465,128, 0
22466,116, 0
22467,103, 0
22468,92, 0
22469,63, 0
22470,63, 0
22471,63, 0
22472,64, 0
22473,78, 0
22474,88, 0
22475,79, 0
22476,79, 0
22477,76, 0
22478,67, 0
22479,63, 0
22480,57, 0
22481,57, 0
22482,53, 0
22483,62, 0
22484,85, 0
22485,88, 0
22486,121, 0
22487,124, 0
22488,109, 0
22489,115, 0
22490,111, 0
22491,107, 0
22492,108, 0
22493,97, 0
22494,94, 0
22495,104, 0
22496,117, 0
22497,152, 0
22498,164, 0
22499,157, 0
22500,180, 0
22501,176, 0
22502,185, 0
22503,196, 0
22504,215, 0
22505,223, 0
22506,224, 0
22507,223, 0
22508,223, 0
22509,183, 0
22510,164, 0
22511,140, 0
22512,131, 0
22513,134, 0
22514,172, 0
22515,181, 0
22516,206, 0
22517,221, 0
22518,223, 0
22519,217, 0
22520,203, 0
22521,185, 0
22522,183, 0
22523,151, 0
22524,109, 0
22525,64, 0
22526,45, 0
22527,44, 0
22528,72, 0
22529,96, 0
22530,111, 0
22531,131, 0
22532,119, 0
22533,103, 0
22534,131, 0
22535,100, 0
22536,87, 0
22537,77, 0
22538,79, 0
22539,77, 0
22540,83, 0
22541,90, 0
22542,94, 0
22543,88, 0
22544,87, 0
22545,90, 0
22546,95, 0
22547,110, 0
22548,115, 0
22549,106, 0
22550,112, 0
22551,97, 0
22552,94, 0
22553,99, 0
22554,122, 0
22555,126, 0
22556,153, 0
22557,153, 0
22558,152, 0
22559,133, 0
22560,102, 0
22561,85, 0
22562,81, 0
22563,100, 0
22564,130, 0
22565,179, 0
22566,213, 0
22567,211, 0
22568,211, 0
22569,211, 0
22570,207, 0
22571,199, 0
22572,196, 0
22573,187, 0
22574,176, 0
22575,143, 0
22576,121, 0
22577,107, 0
22578,89, 0
22579,95, 0
22580,108, 0
22581,133, 0
22582,164, 0
22583,195, 0
22584,212, 0
22585,207, 0
22586,192, 0
22587,186, 0
22588,157, 0
22589,144, 0
22590,125, 0
22591,93, 0
22592,61, 0
22593,62, 0
22594,48, 0
22595,64, 0
22596,80, 0
22597,62, 0
22598,64, 0
22599,70, 0
22600,71, 0
22601,65, 0
22602,67, 0
22603,63, 0
22604,56, 0
22605,60, 0
22606,63, 0
22607,70, 0
22608,85, 0
22609,100, 0
22610,99, 0
22611,111, 0
22612,115, 0
22613,125, 0
22614,132, 0
22615,121, 0
22616,138, 0
22617,152, 0
22618,138, 0
22619,140, 0
22620,95, 0
22621,48, 0
22622,19, 0
22623,21, 0
22624,42, 0
22625,76, 0
22626,156, 0
22627,226, 0
22628,278, 0
22629,330, 0
22630,340, 2
22631,319, 6
22632,295, 1
22633,269, 0
22634,236, 0
22635,204, 0
22636,187, 0
22637,158, 0
22638,174, 0
22639,167, 0
22640,157, 0
22641,172, 0
22642,159, 0
22643,163, 0
22644,163, 0
22645,166, 0
22646,168, 0
22647,155, 0
22648,152, 0
22649,136, 0
22650,117, 0
22651,85, 0
22652,55, 0
22653,40, 0
22654,38, 0
22655,37, 0
22656,71, 0
22657,86, 0
22658,86, 0
22659,72, 0
22660,83, 0
22661,83, 0
22662,91, 0
22663,89, 0
22664,85, 0
22665,95, 0
22666,92, 0
22667,88, 0
22668,89, 0
22669,91, 0
22670,89, 0
22671,94, 0
22672,93, 0
22673,83, 0
22674,90, 0
22675,101, 0
22676,92, 0
22677,116, 0
22678,148, 0
22679,163, 0
22680,184, 0
22681,168, 0
22682,121, 0
22683,107, 0
22684,110, 0
22685,121, 0
22686,139, 0
22687,173, 0
22688,189, 0
22689,192, 0
22690,176, 0
22691,169, 0
22692,153, 0
22693,161, 0
22694,192, 0
22695,211, 0
22696,237, 0
22697,247, 0
22698,204, 0
22699,176, 0
22700,166, 0
22701,153, 0
22702,149, 0
22703,149, 0
22704,151, 0
22705,143, 0
22706,135, 0
22707,130, 0
22708,129, 0
22709,126, 0
22710,115, 0
22711,103, 0
22712,89, 0
22713,79, 0
22714,69, 0
22715,73, 0
22716,80, 0
22717,93, 0
22718,102, 0
22719,86, 0
22720,89, 0
22721,93, 0
22722,87, 0
22723,89, 0
22724,86, 0
22725,92, 0
22726,87, 0
22727,89, 0
22728,88, 0
22729,95, 0
22730,108, 0
22731,99, 0
22732,110, 0
22733,121, 0
22734,127, 0
22735,131, 0
22736,138, 0
22737,138, 0
22738,139, 0
22739,142, 0
22740,132, 0
22741,142, 0
22742,133, 0
22743,121, 0
22744,106, 0
22745,116, 0
22746,112, 0
22747,134, 0
22748,161, 0
22749,174, 0
22750,183, 0
22751,186, 0
22752,173, 0
22753,179, 0
22754,187, 0
22755,198, 0
22756,187, 0
22757,204, 0
22758,196, 0
22759,189, 0
22760,195, 0
22761,186, 0
22762,174, 0
22763,173, 0
22764,158, 0
22765,152, 0
22766,158, 0
22767,156, 0
22768,138, 0
22769,144, 0
22770,136, 0
22771,123, 0
22772,117, 0
22773,89, 0
22774,52, 0
22775,52, 0
22776,46, 0
22777,50, 0
22778,83, 0
22779,108, 0
22780,81, 0
22781,83, 0
22782,95, 0
22783,88, 0
22784,93, 0
22785,86, 0
22786,97, 0
22787,92, 0
22788,95, 0
22789,94, 0
22790,97, 0
22791,99, 0
22792,96, 0
22793,101, 0
22794,104, 0
22795,110, 0
22796,121, 0
22797,129, 0
22798,137, 0
22799,124, 0
22800,135, 0
22801,144, 0
22802,139, 0
22803,133, 0
22804,109, 0
22805,94, 0
22806,109, 0
22807,116, 0
22808,151, 0
22809,182, 0
22810,188, 0
22811,195, 0
22812,197, 0
22813,191, 0
22814,189, 0
22815,187, 0
22816,170, 0
22817,180, 0
22818,176, 0
22819,173, 0
22820,164, 0
22821,175, 0
22822,167, 0
22823,161, 0
22824,159, 0
22825,157, 0
22826,153, 0
22827,163, 0
22828,144, 0
22829,145, 0
22830,158, 0
22831,138, 0
22832,134, 0
22833,124, 0
22834,95, 0
22835,62, 0
22836,58, 0
22837,62, 0
22838,68, 0
22839,90, 0
22840,100, 0
22841,90, 0
22842,83, 0
22843,89, 0
22844,78, 0
22845,67, 0
22846,71, 0
22847,64, 0
22848,79, 0
22849,83, 0
22850,100, 0
22851,116, 0
22852,123, 0
22853,124, 0
22854,127, 0
22855,124, 0
22856,123, 0
22857,122, 0
22858,129, 0
22859,125, 0
22860,130, 0
22861,144, 0
22862,147, 0
22863,152, 0
22864,137, 0
22865,97, 0
22866,88, 0
22867,83, 0
22868,92, 0
22869,113, 0
22870,149, 0
22871,168, 0
22872,183, 0
22873,205, 0
22874,210, 0
22875,204, 0
22876,204, 0
22877,196, 0
22878,196, 0
22879,190, 0
22880,184, 0
22881,183, 0
22882,182, 0
22883,172, 0
22884,176, 0
22885,159, 0
22886,155, 0
22887,159, 0
22888,160, 0
22889,145, 0
22890,145, 0
22891,139, 0
22892,129, 0
22893,124, 0
22894,112, 0
22895,75, 0
22896,40, 0
22897,31, 0
22898,29, 0
22899,60, 0
22900,78, 0
22901,95, 0
22902,94, 0
22903,101, 0
22904,105, 0
22905,106, 0
22906,110, 0
22907,113, 0
22908,102, 0
22909,106, 0
22910,103, 0
22911,92, 0
22912,92, 0
22913,85, 0
22914,83, 0
22915,89, 0
22916,100, 0
22917,115, 0
22918,136, 0
22919,148, 0
22920,141, 0
22921,156, 0
22922,148, 0
22923,142, 0
22924,139, 0
22925,121, 0
22926,101, 0
22927,108, 0
22928,125, 0
22929,141, 0
22930,166, 0
22931,186, 0
22932,190, 0
22933,202, 0
22934,202, 0
22935,203, 0
22936,197, 0
22937,192, 0
22938,189, 0
22939,187, 0
22940,189, 0
22941,176, 0
22942,177, 0
22943,182, 0
22944,169, 0
22945,165, 0
22946,170, 0
22947,155, 0
22948,153, 0
22949,157, 0
22950,144, 0
22951,155, 0
22952,133, 0
22953,126, 0
22954,121, 0
22955,104, 0
22956,76, 0
22957,61, 0
22958,53, 0
22959,60, 0
22960,72, 0
22961,89, 0
22962,96, 0
22963,85, 0
22964,89, 0
22965,90, 0
22966,85, 0
22967,86, 0
22968,84, 0
22969,81, 0
22970,85, 0
22971,88, 0
22972,88, 0
22973,105, 0
22974,92, 0
22975,93, 0
22976,92, 0
22977,97, 0
22978,92, 0
22979,110, 0
22980,117, 0
22981,117, 0
22982,123, 0
22983,133, 0
22984,131, 0
22985,135, 0
22986,126, 0
22987,96, 0
22988,105, 0
22989,99, 0
22990,109, 0
22991,136, 0
22992,166, 0
22993,176, 0
22994,186, 0
22995,184, 0
22996,179, 0
22997,186, 0
22998,185, 0
22999,183, 0
23000,183, 0
23001,185, 0
23002,179, 0
23003,184, 0
23004,179, 0
23005,180, 0
23006,182, 0
23007,182, 0
23008,164, 0
23009,163, 0
23010,152, 0
23011,157, 0
23012,151, 0
23013,151, 0
23014,134, 0
23015,124, 0
23016,115, 0
23017,83, 0
23018,64, 0
23019,62, 0
23020,58, 0
23021,89, 0
23022,89, 0
23023,97, 0
23024,92, 0
23025,92, 0
23026,89, 0
23027,92, 0
23028,90, 0
23029,94, 0
23030,94, 0
23031,94, 0
23032,101, 0
23033,95, 0
23034,104, 0
23035,108, 0
23036,105, 0
23037,111, 0
23038,125, 0
23039,118, 0
23040,119, 0
23041,124, 0
23042,122, 0
23043,133, 0
23044,148, 0
23045,140, 0
23046,141, 0
23047,124, 0
23048,102, 0
23049,96, 0
23050,95, 0
23051,108, 0
23052,133, 0
23053,163, 0
23054,181, 0
23055,184, 0
23056,185, 0
23057,172, 0
23058,168, 0
23059,152, 0
23060,173, 0
23061,196, 0
23062,204, 0
23063,201, 0
23064,204, 0
23065,198, 0
23066,196, 0
23067,183, 0
23068,161, 0
23069,141, 0
23070,128, 0
23071,135, 0
23072,129, 0
23073,145, 0
23074,131, 0
23075,153, 0
23076,159, 0
23077,142, 0
23078,118, 0
23079,93, 0
23080,80, 0
23081,72, 0
23082,83, 0
23083,105, 0
23084,100, 0
23085,94, 0
23086,100, 0
23087,96, 0
23088,94, 0
23089,92, 0
23090,96, 0
23091,89, 0
23092,87, 0
23093,87, 0
23094,101, 0
23095,89, 0
23096,92, 0
23097,99, 0
23098,95, 0
23099,104, 0
23100,104, 0
23101,110, 0
23102,113, 0
23103,115, 0
23104,123, 0
23105,125, 0
23106,132, 0
23107,127, 0
23108,109, 0
23109,92, 0
23110,92, 0
23111,94, 0
23112,108, 0
23113,138, 0
23114,161, 0
23115,176, 0
23116,171, 0
23117,191, 0
23118,189, 0
23119,191, 0
23120,196, 0
23121,189, 0
23122,198, 0
23123,195, 0
23124,187, 0
23125,182, 0
23126,189, 0
23127,185, 0
23128,189, 0
23129,183, 0
23130,171, 0
23131,179, 0
23132,176, 0
23133,174, 0
23134,171, 0
23135,159, 0
23136,159, 0
23137,160, 0
23138,131, 0
23139,109, 0
23140,84, 0
23141,76, 0
23142,78, 0
23143,91, 0
23144,108, 0
23145,107, 0
23146,95, 0
23147,95, 0
23148,100, 0
23149,85, 0
23150,91, 0
23151,89, 0
23152,89, 0
23153,77, 0
23154,85, 0
23155,85, 0
23156,87, 0
23157,77, 0
23158,76, 0
23159,79, 0
23160,80, 0
23161,80, 0
23162,86, 0
23163,85, 0
23164,88, 0
23165,89, 0
23166,100, 0
23167,102, 0
23168,103, 0
23169,81, 0
23170,71, 0
23171,67, 0
23172,73, 0
23173,91, 0
23174,123, 0
23175,143, 0
23176,158, 0
23177,177, 0
23178,174, 0
23179,183, 0
23180,180, 0
23181,186, 0
23182,185, 0
23183,184, 0
23184,183, 0
23185,177, 0
23186,185, 0
23187,180, 0
23188,189, 0
23189,197, 0
23190,199, 0
23191,186, 0
23192,204, 0
23193,195, 0
23194,204, 0
23195,203, 0
23196,182, 0
23197,174, 0
23198,164, 0
23199,147, 0
23200,108, 0
23201,89, 0
23202,87, 0
23203,78, 0
23204,92, 0
23205,115, 0
23206,110, 0
23207,115, 0
23208,108, 0
23209,100, 0
23210,95, 0
23211,88, 0
23212,91, 0
23213,87, 0
23214,92, 0
23215,93, 0
23216,90, 0
23217,74, 0
23218,81, 0
23219,90, 0
23220,97, 0
23221,85, 0
23222,89, 0
23223,95, 0
23224,92, 0
23225,92, 0
23226,95, 0
23227,100, 0
23228,116, 0
23229,102, 0
23230,83, 0
23231,71, 0
23232,80, 0
23233,74, 0
23234,101, 0
23235,126, 0
23236,150, 0
23237,164, 0
23238,169, 0
23239,181, 0
23240,179, 0
23241,182, 0
23242,185, 0
23243,183, 0
23244,189, 0
23245,189, 0
23246,188, 0
23247,170, 0
23248,175, 0
23249,164, 0
23250,157, 0
23251,144, 0
23252,143, 0
23253,157, 0
23254,169, 0
23255,183, 0
23256,205, 0
23257,201, 0
23258,189, 0
23259,163, 0
23260,132, 0
23261,101, 0
23262,89, 0
23263,80, 0
23264,86, 0
23265,103, 0
23266,116, 0
23267,107, 0
23268,88, 0
23269,106, 0
23270,102, 0
23271,100, 0
23272,100, 0
23273,94, 0
23274,89, 0
23275,96, 0
23276,92, 0
23277,89, 0
23278,89, 0
23279,90, 0
23280,93, 0
23281,97, 0
23282,92, 0
23283,95, 0
23284,99, 0
23285,102, 0
23286,105, 0
23287,105, 0
23288,113, 0
23289,126, 0
23290,117, 0
23291,92, 0
23292,83, 0
23293,84, 0
23294,93, 0
23295,109, 0
23296,135, 0
23297,156, 0
23298,176, 0
23299,196, 0
23300,180, 0
23301,177, 0
23302,183, 0
23303,185, 0
23304,184, 0
23305,190, 0
23306,189, 0
23307,189, 0
23308,166, 0
23309,186, 0
23310,195, 0
23311,195, 0
23312,182, 0
23313,176, 0
23314,177, 0
23315,176, 0
23316,172, 0
23317,170, 0
23318,163, 0
23319,158, 0
23320,150, 0
23321,125, 0
23322,97, 0
23323,76, 0
23324,76, 0
23325,77, 0
23326,101, 0
23327,115, 0
23328,103, 0
23329,116, 0
23330,113, 0
23331,103, 0
23332,100, 0
23333,85, 0
23334,90, 0
23335,92, 0
23336,90, 0
23337,89, 0
23338,90, 0
23339,89, 0
23340,91, 0
23341,96, 0
23342,100, 0
23343,96, 0
23344,102, 0
23345,96, 0
23346,108, 0
23347,113, 0
23348,110, 0
23349,120, 0
23350,130, 0
23351,116, 0
23352,92, 0
23353,84, 0
23354,91, 0
23355,94, 0
23356,116, 0
23357,142, 0
23358,160, 0
23359,176, 0
23360,185, 0
23361,183, 0
23362,179, 0
23363,185, 0
23364,185, 0
23365,188, 0
23366,186, 0
23367,186, 0
23368,186, 0
23369,169, 0
23370,180, 0
23371,182, 0
23372,180, 0
23373,176, 0
23374,182, 0
23375,179, 0
23376,179, 0
23377,167, 0
23378,171, 0
23379,154, 0
23380,151, 0
23381,141, 0
23382,113, 0
23383,86, 0
23384,74, 0
23385,57, 0
23386,77, 0
23387,102, 0
23388,111, 0
23389,110, 0
23390,119, 0
23391,94, 0
23392,105, 0
23393,102, 0
23394,85, 0
23395,76, 0
23396,69, 0
23397,74, 0
23398,76, 0
23399,72, 0
23400,87, 0
23401,93, 0
23402,97, 0
23403,110, 0
23404,116, 0
23405,129, 0
23406,127, 0
23407,124, 0
23408,127, 0
23409,121, 0
23410,127, 0
23411,134, 0
23412,121, 0
23413,112, 0
23414,89, 0
23415,94, 0
23416,113, 0
23417,135, 0
23418,152, 0
23419,165, 0
23420,183, 0
23421,176, 0
23422,181, 0
23423,180, 0
23424,176, 0
23425,180, 0
23426,208, 0
23427,189, 0
23428,197, 0
23429,196, 0
23430,182, 0
23431,181, 0
23432,176, 0
23433,159, 0
23434,179, 0
23435,169, 0
23436,164, 0
23437,157, 0
23438,158, 0
23439,155, 0
23440,143, 0
23441,141, 0
23442,125, 0
23443,107, 0
23444,87, 0
23445,72, 0
23446,70, 0
23447,76, 0
23448,100, 0
23449,113, 0
23450,106, 0
23451,97, 0
23452,100, 0
23453,91, 0
23454,99, 0
23455,87, 0
23456,90, 0
23457,95, 0
23458,112, 0
23459,96, 0
23460,103, 0
23461,92, 0
23462,102, 0
23463,121, 0
23464,113, 0
23465,115, 0
23466,121, 0
23467,121, 0
23468,127, 0
23469,129, 0
23470,123, 0
23471,108, 0
23472,105, 0
23473,83, 0
23474,58, 0
23475,55, 0
23476,75, 0
23477,85, 0
23478,127, 0
23479,159, 0
23480,176, 0
23481,192, 0
23482,199, 0
23483,196, 0
23484,193, 0
23485,179, 0
23486,179, 0
23487,185, 0
23488,172, 0
23489,166, 0
23490,167, 0
23491,159, 0
23492,164, 0
23493,164, 0
23494,161, 0
23495,153, 0
23496,160, 0
23497,164, 0
23498,163, 0
23499,168, 0
23500,159, 0
23501,158, 0
23502,170, 0
23503,159, 0
23504,147, 0
23505,109, 0
23506,89, 0
23507,70, 0
23508,70, 0
23509,88, 0
23510,89, 0
23511,95, 0
23512,84, 0
23513,92, 0
23514,84, 0
23515,91, 0
23516,79, 0
23517,81, 0
23518,87, 0
23519,95, 0
23520,96, 0
23521,101, 0
23522,105, 0
23523,102, 0
23524,96, 0
23525,90, 0
23526,94, 0
23527,87, 0
23528,99, 0
23529,115, 0
23530,128, 0
23531,136, 0
23532,133, 0
23533,144, 0
23534,130, 0
23535,117, 0
23536,107, 0
23537,113, 0
23538,136, 0
23539,150, 0
23540,165, 0
23541,180, 0
23542,170, 0
23543,140, 0
23544,119, 0
23545,107, 0
23546,115, 0
23547,140, 0
23548,165, 0
23549,204, 0
23550,237, 0
23551,257, 0
23552,256, 0
23553,246, 0
23554,231, 0
23555,211, 0
23556,200, 0
23557,198, 0
23558,196, 0
23559,191, 0
23560,187, 0
23561,164, 0
23562,133, 0
23563,109, 0
23564,93, 0
23565,77, 0
23566,67, 0
23567,63, 0
23568,72, 0
23569,78, 0
23570,108, 0
23571,130, 0
23572,120, 0
23573,124, 0
23574,113, 0
23575,104, 0
23576,89, 0
23577,67, 0
23578,53, 0
23579,30, 0
23580,19, 0
23581,4, 0
23582,0, 0
23583,0, 0
23584,15, 0
23585,7, 0
23586,29, 0
23587,63, 0
23588,100, 0
23589,152, 0
23590,193, 0
23591,217, 0
23592,233, 0
23593,234, 0
23594,210, 0
23595,176, 0
23596,124, 0
23597,111, 0
23598,94, 0
23599,102, 0
23600,147, 0
23601,189, 0
23602,274, 0
23603,300, 0
23604,296, 0
23605,277, 0
23606,242, 0
23607,214, 0
23608,199, 0
23609,183, 0
23610,171, 0
23611,159, 0
23612,152, 0
23613,141, 0
23614,151, 0
23615,167, 0
23616,176, 0
23617,190, 0
23618,189, 0
23619,170, 0
23620,159, 0
23621,144, 0
23622,133, 0
23623,121, 0
23624,109, 0
23625,81, 0
23626,61, 0
23627,34, 0
23628,44, 0
23629,76, 0
23630,106, 0
23631,122, 0
23632,111, 0
23633,74, 0
23634,58, 0
23635,47, 0
23636,48, 0
23637,52, 0
23638,79, 0
23639,63, 0
23640,57, 0
23641,68, 0
23642,73, 0
23643,83, 0
23644,89, 0
23645,97, 0
23646,100, 0
23647,102, 0
23648,115, 0
23649,122, 0
23650,124, 0
23651,119, 0
23652,109, 0
23653,100, 0
23654,92, 0
23655,81, 0
23656,65, 0
23657,62, 0
23658,71, 0
23659,99, 0
23660,121, 0
23661,136, 0
23662,139, 0
23663,150, 0
23664,148, 0
23665,155, 0
23666,159, 0
23667,165, 0
23668,195, 0
23669,245, 0
23670,281, 0
23671,300, 0
23672,299, 0
23673,275, 0
23674,259, 0
23675,257, 0
23676,259, 0
23677,224, 0
23678,206, 0
23679,184, 0
23680,171, 0
23681,159, 0
23682,145, 0
23683,161, 0
23684,184, 0
23685,203, 0
23686,190, 0
23687,139, 0
23688,94, 0
23689,40, 0
23690,12, 0
23691,6, 0
23692,34, 0
23693,50, 0
23694,42, 0
23695,31, 0
23696,39, 0
23697,38, 0
23698,42, 0
23699,84, 0
23700,77, 0
23701,86, 0
23702,87, 0
23703,83, 0
23704,57, 0
23705,47, 0
23706,44, 0
23707,43, 0
23708,45, 0
23709,51, 0
23710,40, 0
23711,43, 0
23712,40, 0
23713,40, 0
23714,59, 0
23715,100, 0
23716,138, 0
23717,155, 0
23718,161, 0
23719,164, 0
23720,149, 0
23721,138, 0
23722,139, 0
23723,152, 0
23724,161, 0
23725,153, 0
23726,154, 0
23727,156, 0
23728,160, 0
23729,176, 0
23730,215, 0
23731,221, 0
23732,211, 0
23733,224, 0
23734,222, 0
23735,216, 0
23736,226, 0
23737,220, 0
23738,207, 0
23739,199, 0
23740,185, 0
23741,181, 0
23742,180, 0
23743,179, 0
23744,158, 0
23745,148, 0
23746,132, 0
23747,149, 0
23748,117, 0
23749,85, 0
23750,76, 0
23751,61, 0
23752,63, 0
23753,78, 0
23754,80, 0
23755,81, 0
23756,83, 0
23757,101, 0
23758,123, 0
23759,141, 0
23760,145, 0
23761,142, 0
23762,132, 0
23763,115, 0
23764,80, 0
23765,52, 0
23766,31, 0
23767,12, 0
23768,15, 0
23769,8, 0
23770,28, 0
23771,55, 0
23772,96, 0
23773,124, 0
23774,145, 0
23775,165, 0
23776,183, 0
23777,186, 0
23778,183, 0
23779,165, 0
23780,136, 0
23781,127, 0
23782,121, 0
23783,119, 0
23784,127, 0
23785,127, 0
23786,121, 0
23787,118, 0
23788,125, 0
23789,128, 0
23790,145, 0
23791,158, 0
23792,168, 0
23793,181, 0
23794,198, 0
23795,211, 0
23796,212, 0
23797,232, 0
23798,241, 0
23799,256, 0
23800,264, 0
23801,257, 0
23802,242, 0
23803,204, 0
23804,183, 0
23805,150, 0
23806,135, 0
23807,125, 0
23808,58, 0
23809,50, 0
23810,12, 0
23811,6, 0
23812,6, 0
23813,25, 0
23814,57, 0
23815,83, 0
23816,93, 0
23817,105, 0
23818,139, 0
23819,172, 0
23820,182, 0
23821,163, 0
23822,133, 0
23823,102, 0
23824,77, 0
23825,61, 0
23826,43, 0
23827,43, 0
23828,55, 0
23829,39, 0
23830,56, 0
23831,77, 0
23832,100, 0
23833,122, 0
23834,136, 0
23835,133, 0
23836,133, 0
23837,140, 0
23838,131, 0
23839,110, 0
23840,92, 0
23841,79, 0
23842,76, 0
23843,90, 0
23844,119, 0
23845,154, 0
23846,201, 0
23847,220, 0
23848,238, 0
23849,246, 0
23850,227, 0
23851,219, 0
23852,221, 0
23853,236, 0
23854,265, 0
23855,300, 0
23856,307, 0
23857,309, 0
23858,318, 1
23859,305, 2
23860,266, 0
23861,227, 0
23862,180, 0
23863,137, 0
23864,89, 0
23865,55, 0
23866,19, 0
23867,2, 0
23868,0, 0
23869,0, 0
23870,0, 0
23871,0, 0
23872,0, 0
23873,12, 0
23874,57, 0
23875,95, 0
23876,125, 0
23877,142, 0
23878,153, 0
23879,164, 0
23880,149, 0
23881,124, 0
23882,99, 0
23883,86, 0
23884,79, 0
23885,81, 0
23886,67, 0
23887,63, 0
23888,59, 0
23889,60, 0
23890,55, 0
23891,55, 0
23892,58, 0
23893,55, 0
23894,76, 0
23895,95, 0
23896,108, 0
23897,131, 0
23898,138, 0
23899,126, 0
23900,102, 0
23901,79, 0
23902,73, 0
23903,78, 0
23904,111, 0
23905,118, 0
23906,136, 0
23907,141, 0
23908,144, 0
23909,163, 0
23910,181, 0
23911,204, 0
23912,227, 0
23913,238, 0
23914,223, 0
23915,220, 0
23916,220, 0
23917,207, 0
23918,198, 0
23919,204, 0
23920,227, 0
23921,221, 0
23922,217, 0
23923,207, 0
23924,207, 0
23925,197, 0
23926,187, 0
23927,185, 0
23928,187, 0
23929,161, 0
23930,176, 0
23931,172, 0
23932,128, 0
23933,125, 0
23934,92, 0
23935,54, 0
23936,39, 0
23937,30, 0
23938,32, 0
23939,55, 0
23940,76, 0
23941,87, 0
23942,93, 0
23943,118, 0
23944,118, 0
23945,99, 0
23946,75, 0
23947,64, 0
23948,64, 0
23949,85, 0
23950,90, 0
23951,125, 0
23952,149, 0
23953,170, 0
23954,149, 0
23955,131, 0
23956,121, 0
23957,112, 0
23958,120, 0
23959,121, 0
23960,121, 0
23961,102, 0
23962,92, 0
23963,107, 0
23964,138, 0
23965,156, 0
23966,172, 0
23967,190, 0
23968,180, 0
23969,165, 0
23970,159, 0
23971,157, 0
23972,152, 0
23973,152, 0
23974,145, 0
23975,143, 0
23976,130, 0
23977,133, 0
23978,125, 0
23979,128, 0
23980,139, 0
23981,145, 0
23982,152, 0
23983,158, 0
23984,164, 0
23985,169, 0
23986,164, 0
23987,145, 0
23988,121, 0
23989,100, 0
23990,48, 0
23991,18, 0
23992,0, 0
23993,0, 0
23994,0, 0
23995,14, 0
23996,76, 0
23997,135, 0
23998,158, 0
23999,173, 0
24000,183, 0
24001,190, 0
24002,173, 0
24003,158, 0
24004,165, 0
24005,193, 0
24006,231, 0
24007,235, 0
24008,238, 0
24009,228, 0
24010,221, 0
24011,185, 0
24012,142, 0
24013,113, 0
24014,108, 0
24015,88, 0
24016,75, 0
24017,59, 0
24018,53, 0
24019,15, 0
24020,10, 0
24021,19, 0
24022,10, 0
24023,13, 0
24024,44, 0
24025,85, 0
24026,135, 0
24027,189, 0
24028,216, 0
24029,216, 0
24030,189, 0
24031,164, 0
24032,155, 0
24033,161, 0
24034,185, 0
24035,189, 0
24036,192, 0
24037,181, 0
24038,159, 0
24039,143, 0
24040,125, 0
24041,144, 0
24042,171, 0
24043,214, 0
24044,258, 0
24045,300, 0
24046,342, 1
24047,348, 6
24048,349, 9
24049,330, 9
24050,267, 2
24051,190, 0
24052,103, 0
24053,19, 0
24054,6, 0
24055,0, 0
24056,0, 0
24057,0, 0
24058,5, 0
24059,3, 0
24060,10, 0
24061,10, 0
24062,23, 0
24063,6, 0
24064,1, 0
24065,0, 0
24066,0, 0
24067,12, 0
24068,41, 0
24069,42, 0
24070,45, 0
24071,72, 0
24072,83, 0
24073,97, 0
24074,104, 0
24075,135, 0
24076,149, 0
24077,167, 0
24078,177, 0
24079,179, 0
24080,187, 0
24081,189, 0
24082,182, 0
24083,166, 0
24084,147, 0
24085,133, 0
24086,113, 0
24087,113, 0
24088,125, 0
24089,137, 0
24090,168, 0
24091,196, 0
24092,241, 0
24093,268, 0
24094,286, 0
24095,254, 0
24096,226, 0
24097,202, 0
24098,200, 0
24099,177, 0
24100,199, 0
24101,189, 0
24102,179, 0
24103,158, 0
24104,145, 0
24105,139, 0
24106,141, 0
24107,127, 0
24108,97, 0
24109,59, 0
24110,51, 0
24111,84, 0
24112,135, 0
24113,172, 0
24114,187, 0
24115,186, 0
24116,189, 0
24117,180, 0
24118,179, 0
24119,168, 0
24120,133, 0
24121,71, 0
24122,13, 0
24123,3, 0
24124,60, 0
24125,83, 0
24126,89, 0
24127,72, 0
24128,24, 0
24129,0, 0
24130,47, 0
24131,137, 0
24132,231, 0
24133,291, 0
24134,330, 0
24135,300, 0
24136,252, 0
24137,200, 0
24138,171, 0
24139,184, 0
24140,237, 0
24141,330, 0
24142,420, 7
24143,447, 31
24144,369, 30
24145,228, 7
24146,63, 0
24147,44, 0
24148,174, 0
24149,204, 0
24150,176, 0
24151,105, 0
24152,72, 0
24153,46, 0
24154,31, 0
24155,6, 0
24156,12, 0
24157,65, 0
24158,104, 0
24159,159, 0
24160,226, 0
24161,299, 0
24162,359, 2
24163,416, 21
24164,411, 30
24165,362, 30
24166,257, 9
24167,136, 0
24168,39, 0
24169,0, 0
24170,0, 0
24171,0, 0
24172,2, 0
24173,19, 0
24174,72, 0
24175,151, 0
24176,240, 0
24177,313, 0
24178,352, 0
24179,368, 6
24180,375, 12
24181,352, 12
24182,343, 8
24183,337, 7
24184,343, 5
24185,336, 6
24186,318, 2
24187,270, 0
24188,211, 0
24189,167, 0
24190,116, 0
24191,76, 0
24192,44, 0
24193,47, 0
24194,71, 0
24195,97, 0
24196,108, 0
24197,94, 0
24198,87, 0
24199,80, 0
24200,100, 0
24201,127, 0
24202,123, 0
24203,105, 0
24204,76, 0
24205,38, 0
24206,29, 0
24207,40, 0
24208,62, 0
24209,71, 0
24210,76, 0
24211,60, 0
24212,40, 0
24213,45, 0
24214,63, 0
24215,85, 0
24216,95, 0
24217,100, 0
24218,95, 0
24219,81, 0
24220,64, 0
24221,61, 0
24222,89, 0
24223,133, 0
24224,187, 0
24225,238, 0
24226,234, 0
24227,211, 0
24228,157, 0
24229,99, 0
24230,51, 0
24231,52, 0
24232,102, 0
24233,164, 0
24234,207, 0
24235,215, 0
24236,203, 0
24237,204, 0
24238,203, 0
24239,189, 0
24240,150, 0
24241,95, 0
24242,44, 0
24243,21, 0
24244,25, 0
24245,28, 0
24246,44, 0
24247,47, 0
24248,58, 0
24249,77, 0
24250,95, 0
24251,93, 0
24252,74, 0
24253,50, 0
24254,41, 0
24255,63, 0
24256,86, 0
24257,103, 0
24258,113, 0
24259,131, 0
24260,156, 0
24261,188, 0
24262,216, 0
24263,241, 0
24264,257, 0
24265,244, 0
24266,221, 0
24267,214, 0
24268,199, 0
24269,183, 0
24270,177, 0
24271,177, 0
24272,181, 0
24273,189, 0
24274,195, 0
24275,177, 0
24276,196, 0
24277,242, 0
24278,282, 0
24279,294, 0
24280,314, 0
24281,347, 3
24282,348, 8
24283,317, 6
24284,270, 0
24285,186, 0
24286,92, 0
24287,29, 0
24288,9, 0
24289,4, 0
24290,9, 0
24291,22, 0
24292,32, 0
24293,45, 0
24294,37, 0
24295,18, 0
24296,0, 0
24297,0, 0
24298,0, 0
24299,9, 0
24300,39, 0
24301,78, 0
24302,101, 0
24303,95, 0
24304,93, 0
24305,90, 0
24306,99, 0
24307,100, 0
24308,69, 0
24309,10, 0
24310,3, 0
24311,38, 0
24312,38, 0
24313,11, 0
24314,9, 0
24315,19, 0
24316,87, 0
24317,164, 0
24318,243, 0
24319,307, 0
24320,353, 2
24321,370, 7
24322,376, 12
24323,379, 15
24324,371, 19
24325,348, 12
24326,294, 5
24327,213, 0
24328,159, 0
24329,117, 0
24330,92, 0
24331,93, 0
24332,154, 0
24333,172, 0
24334,198, 0
24335,192, 0
24336,173, 0
24337,151, 0
24338,133, 0
24339,108, 0
24340,81, 0
24341,53, 0
24342,30, 0
24343,7, 0
24344,12, 0
24345,44, 0
24346,86, 0
24347,106, 0
24348,107, 0
24349,104, 0
24350,109, 0
24351,134, 0
24352,122, 0
24353,77, 0
24354,28, 0
24355,0, 0
24356,2, 0
24357,2, 0
24358,0, 0
24359,24, 0
24360,76, 0
24361,95, 0
24362,103, 0
24363,72, 0
24364,40, 0
24365,25, 0
24366,44, 0
24367,76, 0
24368,121, 0
24369,170, 0
24370,229, 0
24371,284, 0
24372,326, 0
24373,330, 0
24374,325, 0
24375,293, 0
24376,258, 0
24377,214, 0
24378,187, 0
24379,158, 0
24380,123, 0
24381,56, 0
24382,0, 0
24383,22, 0
24384,60, 0
24385,75, 0
24386,63, 0
24387,47, 0
24388,36, 0
24389,19, 0
24390,3, 0
24391,9, 0
24392,95, 0
24393,174, 0
24394,195, 0
24395,190, 0
24396,170, 0
24397,210, 0
24398,234, 0
24399,244, 0
24400,224, 0
24401,189, 0
24402,164, 0
24403,159, 0
24404,138, 0
24405,143, 0
24406,171, 0
24407,214, 0
24408,277, 0
24409,309, 0
24410,317, 0
24411,300, 0
24412,269, 0
24413,264, 0
24414,238, 0
24415,287, 0
24416,325, 0
24417,318, 0
24418,301, 1
24419,253, 0
24420,208, 0
24421,179, 0
24422,174, 0
24423,198, 0
24424,174, 0
24425,151, 0
24426,121, 0
24427,80, 0
24428,46, 0
24429,29, 0
24430,6, 0
24431,0, 0
24432,0, 0
24433,0, 0
24434,13, 0
24435,45, 0
24436,32, 0
24437,20, 0
24438,92, 0
24439,112, 0
24440,116, 0
24441,115, 0
24442,86, 0
24443,35, 0
24444,1, 0
24445,1, 0
24446,3, 0
24447,4, 0
24448,51, 0
24449,105, 0
24450,161, 0
24451,218, 0
24452,234, 0
24453,243, 0
24454,274, 0
24455,248, 0
24456,272, 0
24457,244, 0
24458,300, 0
24459,306, 0
24460,280, 0
24461,249, 0
24462,216, 0
24463,163, 0
24464,76, 0
24465,14, 0
24466,0, 0
24467,0, 0
24468,0, 0
24469,20, 0
24470,38, 0
24471,6, 0
24472,10, 0
24473,65, 0
24474,142, 0
24475,205, 0
24476,252, 0
24477,274, 0
24478,241, 0
24479,175, 0
24480,101, 0
24481,53, 0
24482,51, 0
24483,95, 0
24484,184, 0
24485,241, 0
24486,249, 0
24487,263, 0
24488,248, 0
24489,214, 0
24490,191, 0
24491,176, 0
24492,216, 0
24493,263, 0
24494,317, 0
24495,365, 0
24496,383, 6
24497,365, 12
24498,316, 6
24499,270, 0
24500,237, 0
24501,233, 0
24502,240, 0
24503,243, 0
24504,233, 0
24505,234, 0
24506,230, 0
24507,210, 0
24508,199, 0
24509,152, 0
24510,91, 0
24511,46, 0
24512,8, 0
24513,0, 0
24514,9, 0
24515,59, 0
24516,130, 0
24517,177, 0
24518,211, 0
24519,232, 0
24520,231, 0
24521,204, 0
24522,170, 0
24523,120, 0
24524,75, 0
24525,48, 0
24526,42, 0
24527,61, 0
24528,84, 0
24529,95, 0
24530,89, 0
24531,77, 0
24532,78, 0
24533,61, 0
24534,12, 0
24535,8, 0
24536,68, 0
24537,95, 0
24538,103, 0
24539,53, 0
24540,21, 0
24541,8, 0
24542,1, 0
24543,6, 0
24544,72, 0
24545,145, 0
24546,197, 0
24547,207, 0
24548,227, 0
24549,223, 0
24550,220, 0
24551,203, 0
24552,196, 0
24553,184, 0
24554,141, 0
24555,79, 0
24556,34, 0
24557,15, 0
24558,15, 0
24559,57, 0
24560,102, 0
24561,125, 0
24562,106, 0
24563,58, 0
24564,25, 0
24565,42, 0
24566,132, 0
24567,242, 0
24568,346, 0
24569,420, 12
24570,449, 32
24571,456, 46
24572,453, 46
24573,402, 42
24574,340, 25
24575,301, 9
24576,260, 0
24577,196, 0
24578,121, 0
24579,63, 0
24580,34, 0
24581,32, 0
24582,51, 0
24583,71, 0
24584,85, 0
24585,101, 0
24586,149, 0
24587,193, 0
24588,215, 0
24589,201, 0
24590,145, 0
24591,130, 0
24592,97, 0
24593,90, 0
24594,69, 0
24595,51, 0
24596,51, 0
24597,62, 0
24598,62, 0
24599,63, 0
24600,34, 0
24601,0, 0
24602,19, 0
24603,30, 0
24604,46, 0
24605,28, 0
24606,18, 0
24607,1, 0
24608,0, 0
24609,0, 0
24610,0, 0
24611,0, 0
24612,0, 0
24613,0, 0
24614,2, 0
24615,21, 0
24616,24, 0
24617,0, 0
24618,43, 0
24619,131, 0
24620,188, 0
24621,205, 0
24622,182, 0
24623,172, 0
24624,145, 0
24625,115, 0
24626,104, 0
24627,124, 0
24628,196, 0
24629,267, 0
24630,318, 0
24631,294, 0
24632,235, 0
24633,189, 0
24634,174, 0
24635,172, 0
24636,183, 0
24637,211, 0
24638,259, 0
24639,290, 0
24640,284, 0
24641,254, 0
24642,221, 0
24643,214, 0
24644,224, 0
24645,226, 0
24646,218, 0
24647,215, 0
24648,216, 0
24649,167, 0
24650,176, 0
24651,161, 0
24652,145, 0
24653,133, 0
24654,102, 0
24655,67, 0
24656,77, 0
24657,99, 0
24658,99, 0
24659,70, 0
24660,52, 0
24661,43, 0
24662,34, 0
24663,60, 0
24664,113, 0
24665,159, 0
24666,197, 0
24667,207, 0
24668,210, 0
24669,206, 0
24670,189, 0
24671,210, 0
24672,221, 0
24673,190, 0
24674,177, 0
24675,158, 0
24676,125, 0
24677,91, 0
24678,76, 0
24679,60, 0
24680,57, 0
24681,69, 0
24682,102, 0
24683,110, 0
24684,103, 0
24685,58, 0
24686,21, 0
24687,11, 0
24688,46, 0
24689,89, 0
24690,142, 0
24691,171, 0
24692,161, 0
24693,139, 0
24694,142, 0
24695,155, 0
24696,181, 0
24697,195, 0
24698,180, 0
24699,153, 0
24700,134, 0
24701,145, 0
24702,164, 0
24703,201, 0
24704,214, 0
24705,218, 0
24706,241, 0
24707,245, 0
24708,239, 0
24709,208, 0
24710,181, 0
24711,113, 0
24712,102, 0
24713,75, 0
24714,72, 0
24715,62, 0
24716,21, 0
24717,2, 0
24718,39, 0
24719,73, 0
24720,84, 0
24721,75, 0
24722,56, 0
24723,51, 0
24724,24, 0
24725,0, 0
24726,12, 0
24727,58, 0
24728,108, 0
24729,129, 0
24730,126, 0
24731,97, 0
24732,105, 0
24733,108, 0
24734,108, 0
24735,90, 0
24736,94, 0
24737,97, 0
24738,134, 0
24739,171, 0
24740,169, 0
24741,135, 0
24742,65, 0
24743,3, 0
24744,31, 0
24745,9, 0
24746,20, 0
24747,92, 0
24748,147, 0
24749,195, 0
24750,278, 0
24751,361, 0
24752,444, 19
24753,396, 29
24754,348, 21
24755,347, 13
24756,319, 7
24757,317, 4
24758,332, 3
24759,364, 8
24760,381, 17
24761,374, 21
24762,354, 17
24763,337, 13
24764,330, 6
24765,326, 6
24766,327, 6
24767,326, 5
24768,295, 3
24769,232, 0
24770,121, 0
24771,31, 0
24772,35, 0
24773,115, 0
24774,210, 0
24775,274, 0
24776,292, 0
24777,238, 0
24778,172, 0
24779,115, 0
24780,103, 0
24781,111, 0
24782,127, 0
24783,108, 0
24784,77, 0
24785,60, 0
24786,38, 0
24787,6, 0
24788,0, 0
24789,0, 0
24790,0, 0
24791,2, 0
24792,35, 0
24793,92, 0
24794,124, 0
24795,139, 0
24796,139, 0
24797,149, 0
24798,148, 0
24799,152, 0
24800,139, 0
24801,103, 0
24802,64, 0
24803,26, 0
24804,0, 0
24805,0, 0
24806,1, 0
24807,6, 0
24808,6, 0
24809,0, 0
24810,0, 0
24811,0, 0
24812,2, 0
24813,0, 0
24814,5, 0
24815,27, 0
24816,54, 0
24817,92, 0
24818,139, 0
24819,192, 0
24820,191, 0
24821,189, 0
24822,177, 0
24823,166, 0
24824,116, 0
24825,58, 0
24826,2, 0
24827,0, 0
24828,6, 0
24829,40, 0
24830,102, 0
24831,170, 0
24832,200, 0
24833,198, 0
24834,155, 0
24835,157, 0
24836,183, 0
24837,237, 0
24838,284, 0
24839,310, 0
24840,298, 0
24841,300, 0
24842,295, 0
24843,300, 0
24844,263, 0
24845,230, 0
24846,193, 0
24847,161, 0
24848,133, 0
24849,108, 0
24850,85, 0
24851,59, 0
24852,63, 0
24853,81, 0
24854,137, 0
24855,197, 0
24856,202, 0
24857,175, 0
24858,122, 0
24859,61, 0
24860,40, 0
24861,12, 0
24862,42, 0
24863,89, 0
24864,113, 0
24865,134, 0
24866,133, 0
24867,134, 0
24868,109, 0
24869,81, 0
24870,39, 0
24871,6, 0
24872,0, 0
24873,0, 0
24874,14, 0
24875,0, 0
24876,12, 0
24877,70, 0
24878,118, 0
24879,196, 0
24880,270, 0
24881,338, 0
24882,409, 8
24883,416, 27
24884,394, 30
24885,331, 19
24886,251, 4
24887,176, 0
24888,138, 0
24889,152, 0
24890,218, 0
24891,306, 0
24892,343, 1
24893,348, 7
24894,300, 4
24895,252, 0
24896,190, 0
24897,141, 0
24898,115, 0
24899,95, 0
24900,108, 0
24901,128, 0
24902,155, 0
24903,176, 0
24904,183, 0
24905,158, 0
24906,121, 0
24907,51, 0
24908,35, 0
24909,44, 0
24910,83, 0
24911,26, 0
24912,0, 0
24913,19, 0
24914,44, 0
24915,24, 0
24916,2, 0
24917,50, 0
24918,73, 0
24919,55, 0
24920,7, 0
24921,69, 0
24922,108, 0
24923,113, 0
24924,96, 0
24925,99, 0
24926,115, 0
24927,108, 0
24928,138, 0
24929,141, 0
24930,81, 0
24931,11, 0
24932,80, 0
24933,197, 0
24934,263, 0
24935,278, 0
24936,248, 0
24937,248, 0
24938,246, 0
24939,265, 0
24940,277, 0
24941,328, 0
24942,382, 7
24943,432, 24
24944,485, 47
24945,524, 68
24946,532, 83
24947,521, 87
24948,508, 89
24949,494, 84
24950,424, 70
24951,334, 39
24952,247, 8
24953,170, 0
24954,113, 0
24955,80, 0
24956,83, 0
24957,111, 0
24958,147, 0
24959,183, 0
24960,187, 0
24961,173, 0
24962,157, 0
24963,143, 0
24964,145, 0
24965,152, 0
24966,145, 0
24967,138, 0
24968,133, 0
24969,142, 0
24970,122, 0
24971,117, 0
24972,94, 0
24973,47, 0
24974,19, 0
24975,48, 0
24976,88, 0
24977,130, 0
24978,142, 0
24979,135, 0
24980,145, 0
24981,139, 0
24982,138, 0
24983,139, 0
24984,139, 0
24985,140, 0
24986,145, 0
24987,147, 0
24988,152, 0
24989,167, 0
24990,147, 0
24991,135, 0
24992,115, 0
24993,92, 0
24994,91, 0
24995,96, 0
24996,101, 0
24997,91, 0
24998,86, 0
24999,87, 0
25000,88, 0
25001,83, 0
25002,86, 0
25003,99, 0
25004,102, 0
25005,90, 0
25006,99, 0
25007,99, 0
25008,89, 0
25009,72, 0
25010,72, 0
25011,79, 0
25012,89, 0
25013,102, 0
25014,113, 0
25015,111, 0
25016,85, 0
25017,51, 0
25018,4, 0
25019,0, 0
25020,0, 0
25021,0, 0
25022,11, 0
25023,51, 0
25024,102, 0
25025,145, 0
25026,196, 0
25027,210, 0
25028,196, 0
25029,143, 0
25030,110, 0
25031,88, 0
25032,100, 0
25033,124, 0
25034,144, 0
25035,163, 0
25036,172, 0
25037,176, 0
25038,174, 0
25039,145, 0
25040,121, 0
25041,57, 0
25042,17, 0
25043,0, 0
25044,0, 0
25045,5, 0
25046,73, 0
25047,154, 0
25048,220, 0
25049,257, 0
25050,255, 0
25051,214, 0
25052,172, 0
25053,139, 0
25054,106, 0
25055,83, 0
25056,88, 0
25057,87, 0
25058,107, 0
25059,133, 0
25060,152, 0
25061,181, 0
25062,204, 0
25063,232, 0
25064,232, 0
25065,197, 0
25066,128, 0
25067,89, 0
25068,75, 0
25069,92, 0
25070,137, 0
25071,169, 0
25072,213, 0
25073,224, 0
25074,199, 0
25075,145, 0
25076,89, 0
25077,56, 0
25078,76, 0
25079,115, 0
25080,149, 0
25081,140, 0
25082,111, 0
25083,70, 0
25084,23, 0
25085,0, 0
25086,0, 0
25087,3, 0
25088,37, 0
25089,72, 0
25090,38, 0
25091,3, 0
25092,45, 0
25093,163, 0
25094,263, 0
25095,359, 0
25096,391, 6
25097,352, 14
25098,291, 6
25099,214, 0
25100,147, 0
25101,94, 0
25102,54, 0
25103,17, 0
25104,2, 0
25105,0, 0
25106,0, 0
25107,0, 0
25108,0, 0
25109,11, 0
25110,63, 0
25111,121, 0
25112,181, 0
25113,221, 0
25114,252, 0
25115,278, 0
25116,325, 0
25117,373, 4
25118,380, 12
25119,355, 17
25120,339, 12
25121,324, 6
25122,295, 2
25123,276, 0
25124,265, 0
25125,249, 0
25126,230, 0
25127,205, 0
25128,183, 0
25129,184, 0
25130,208, 0
25131,226, 0
25132,236, 0
25133,235, 0
25134,230, 0
25135,222, 0
25136,193, 0
25137,164, 0
25138,115, 0
25139,89, 0
25140,54, 0
25141,35, 0
25142,34, 0
25143,83, 0
25144,141, 0
25145,174, 0
25146,131, 0
25147,51, 0
25148,21, 0
25149,124, 0
25150,174, 0
25151,147, 0
25152,70, 0
25153,6, 0
25154,12, 0
25155,46, 0
25156,73, 0
25157,91, 0
25158,109, 0
25159,119, 0
25160,122, 0
25161,95, 0
25162,78, 0
25163,65, 0
25164,51, 0
25165,45, 0
25166,43, 0
25167,25, 0
25168,24, 0
25169,19, 0
25170,18, 0
25171,50, 0
25172,101, 0
25173,141, 0
25174,187, 0
25175,207, 0
25176,187, 0
25177,183, 0
25178,151, 0
25179,128, 0
25180,156, 0
25181,235, 0
25182,302, 0
25183,348, 0
25184,377, 10
25185,399, 20
25186,419, 30
25187,420, 38
25188,405, 38
25189,368, 28
25190,291, 12
25191,216, 0
25192,153, 0
25193,111, 0
25194,88, 0
25195,78, 0
25196,78, 0
25197,76, 0
25198,86, 0
25199,57, 0
25200,52, 0
25201,61, 0
25202,90, 0
25203,118, 0
25204,134, 0
25205,144, 0
25206,121, 0
25207,74, 0
25208,21, 0
25209,0, 0
25210,1, 0
25211,0, 0
25212,0, 0
25213,8, 0
25214,67, 0
25215,133, 0
25216,192, 0
25217,226, 0
25218,257, 0
25219,262, 0
25220,253, 0
25221,228, 0
25222,186, 0
25223,131, 0
25224,83, 0
25225,64, 0
25226,50, 0
25227,18, 0
25228,3, 0
25229,1, 0
25230,5, 0
25231,14, 0
25232,57, 0
25233,106, 0
25234,155, 0
25235,180, 0
25236,181, 0
25237,152, 0
25238,127, 0
25239,101, 0
25240,81, 0
25241,69, 0
25242,76, 0
25243,111, 0
25244,166, 0
25245,229, 0
25246,311, 0
25247,352, 2
25248,364, 7
25249,346, 9
25250,322, 6
25251,266, 0
25252,211, 0
25253,137, 0
25254,83, 0
25255,60, 0
25256,71, 0
25257,104, 0
25258,160, 0
25259,260, 0
25260,332, 0
25261,368, 6
25262,370, 14
25263,346, 14
25264,265, 2
25265,183, 0
25266,115, 0
25267,102, 0
25268,90, 0
25269,85, 0
25270,53, 0
25271,3, 0
25272,14, 0
25273,44, 0
25274,31, 0
25275,0, 0
25276,44, 0
25277,101, 0
25278,131, 0
25279,158, 0
25280,164, 0
25281,158, 0
25282,152, 0
25283,145, 0
25284,139, 0
25285,123, 0
25286,101, 0
25287,94, 0
25288,83, 0
25289,92, 0
25290,99, 0
25291,103, 0
25292,83, 0
25293,78, 0
25294,44, 0
25295,29, 0
25296,25, 0
25297,26, 0
25298,38, 0
25299,70, 0
25300,76, 0
25301,86, 0
25302,83, 0
25303,97, 0
25304,113, 0
25305,121, 0
25306,145, 0
25307,172, 0
25308,198, 0
25309,218, 0
25310,231, 0
25311,238, 0
25312,223, 0
25313,230, 0
25314,206, 0
25315,186, 0
25316,165, 0
25317,149, 0
25318,140, 0
25319,127, 0
25320,104, 0
25321,47, 0
25322,28, 0
25323,14, 0
25324,52, 0
25325,106, 0
25326,164, 0
25327,213, 0
25328,228, 0
25329,226, 0
25330,216, 0
25331,184, 0
25332,139, 0
25333,88, 0
25334,56, 0
25335,17, 0
25336,9, 0
25337,0, 0
25338,12, 0
25339,38, 0
25340,83, 0
25341,79, 0
25342,86, 0
25343,92, 0
25344,119, 0
25345,134, 0
25346,131, 0
25347,97, 0
25348,89, 0
25349,103, 0
25350,126, 0
25351,142, 0
25352,147, 0
25353,153, 0
25354,138, 0
25355,133, 0
25356,145, 0
25357,122, 0
25358,153, 0
25359,191, 0
25360,223, 0
25361,220, 0
25362,170, 0
25363,108, 0
25364,70, 0
25365,46, 0
25366,25, 0
25367,30, 0
25368,53, 0
25369,81, 0
25370,96, 0
25371,108, 0
25372,127, 0
25373,145, 0
25374,181, 0
25375,234, 0
25376,310, 0
25377,348, 2
25378,355, 8
25379,318, 5
25380,284, 1
25381,270, 0
25382,251, 0
25383,226, 0
25384,198, 0
25385,166, 0
25386,173, 0
25387,165, 0
25388,152, 0
25389,123, 0
25390,96, 0
25391,84, 0
25392,61, 0
25393,27, 0
25394,6, 0
25395,6, 0
25396,13, 0
25397,38, 0
25398,72, 0
25399,89, 0
25400,85, 0
25401,80, 0
25402,70, 0
25403,60, 0
25404,54, 0
25405,50, 0
25406,50, 0
25407,54, 0
25408,68, 0
25409,84, 0
25410,96, 0
25411,106, 0
25412,115, 0
25413,111, 0
25414,100, 0
25415,109, 0
25416,120, 0
25417,138, 0
25418,158, 0
25419,164, 0
25420,164, 0
25421,170, 0
25422,170, 0
25423,170, 0
25424,143, 0
25425,132, 0
25426,118, 0
25427,87, 0
25428,89, 0
25429,91, 0
25430,112, 0
25431,152, 0
25432,179, 0
25433,200, 0
25434,189, 0
25435,183, 0
25436,165, 0
25437,159, 0
25438,159, 0
25439,158, 0
25440,159, 0
25441,152, 0
25442,159, 0
25443,165, 0
25444,159, 0
25445,133, 0
25446,70, 0
25447,31, 0
25448,4, 0
25449,0, 0
25450,1, 0
25451,19, 0
25452,32, 0
25453,52, 0
25454,54, 0
25455,60, 0
25456,76, 0
25457,102, 0
25458,142, 0
25459,184, 0
25460,210, 0
25461,204, 0
25462,193, 0
25463,159, 0
25464,122, 0
25465,101, 0
25466,93, 0
25467,100, 0
25468,112, 0
25469,118, 0
25470,122, 0
25471,132, 0
25472,183, 0
25473,213, 0
25474,231, 0
25475,239, 0
25476,230, 0
25477,212, 0
25478,189, 0
25479,153, 0
25480,148, 0
25481,139, 0
25482,143, 0
25483,154, 0
25484,142, 0
25485,129, 0
25486,107, 0
25487,125, 0
25488,120, 0
25489,139, 0
25490,156, 0
25491,157, 0
25492,166, 0
25493,179, 0
25494,183, 0
25495,196, 0
25496,196, 0
25497,189, 0
25498,190, 0
25499,190, 0
25500,183, 0
25501,171, 0
25502,151, 0
25503,152, 0
25504,149, 0
25505,145, 0
25506,133, 0
25507,147, 0
25508,154, 0
25509,147, 0
25510,155, 0
25511,145, 0
25512,124, 0
25513,102, 0
25514,79, 0
25515,31, 0
25516,9, 0
25517,9, 0
25518,31, 0
25519,79, 0
25520,111, 0
25521,124, 0
25522,109, 0
25523,100, 0
25524,76, 0
25525,56, 0
25526,58, 0
25527,47, 0
25528,79, 0
25529,81, 0
25530,89, 0
25531,86, 0
25532,93, 0
25533,90, 0
25534,84, 0
25535,79, 0
25536,72, 0
25537,68, 0
25538,61, 0
25539,64, 0
25540,87, 0
25541,92, 0
25542,122, 0
25543,132, 0
25544,133, 0
25545,107, 0
25546,90, 0
25547,102, 0
25548,120, 0
25549,133, 0
25550,159, 0
25551,179, 0
25552,199, 0
25553,219, 0
25554,233, 0
25555,239, 0
25556,260, 0
25557,253, 0
25558,224, 0
25559,204, 0
25560,183, 0
25561,170, 0
25562,163, 0
25563,176, 0
25564,183, 0
25565,175, 0
25566,154, 0
25567,124, 0
25568,108, 0
25569,75, 0
25570,52, 0
25571,50, 0
25572,53, 0
25573,79, 0
25574,112, 0
25575,133, 0
25576,127, 0
25577,124, 0
25578,131, 0
25579,123, 0
25580,128, 0
25581,135, 0
25582,131, 0
25583,117, 0
25584,110, 0
25585,104, 0
25586,101, 0
25587,96, 0
25588,121, 0
25589,109, 0
25590,126, 0
25591,118, 0
25592,128, 0
25593,131, 0
25594,123, 0
25595,117, 0
25596,125, 0
25597,123, 0
25598,122, 0
25599,127, 0
25600,128, 0
25601,132, 0
25602,126, 0
25603,141, 0
25604,153, 0
25605,151, 0
25606,134, 0
25607,121, 0
25608,120, 0
25609,119, 0
25610,121, 0
25611,143, 0
25612,164, 0
25613,172, 0
25614,175, 0
25615,176, 0
25616,172, 0
25617,171, 0
25618,158, 0
25619,131, 0
25620,116, 0
25621,111, 0
25622,116, 0
25623,129, 0
25624,145, 0
25625,169, 0
25626,160, 0
25627,152, 0
25628,144, 0
25629,152, 0
25630,167, 0
25631,182, 0
25632,203, 0
25633,204, 0
25634,203, 0
25635,179, 0
25636,139, 0
25637,84, 0
25638,70, 0
25639,63, 0
25640,78, 0
25641,76, 0
25642,88, 0
25643,92, 0
25644,93, 0
25645,92, 0
25646,95, 0
25647,100, 0
25648,100, 0
25649,107, 0
25650,101, 0
25651,95, 0
25652,78, 0
25653,61, 0
25654,55, 0
25655,51, 0
25656,58, 0
25657,86, 0
25658,102, 0
25659,122, 0
25660,152, 0
25661,158, 0
25662,159, 0
25663,166, 0
25664,167, 0
25665,161, 0
25666,157, 0
25667,133, 0
25668,100, 0
25669,92, 0
25670,101, 0
25671,119, 0
25672,151, 0
25673,161, 0
25674,186, 0
25675,220, 0
25676,238, 0
25677,238, 0
25678,232, 0
25679,215, 0
25680,201, 0
25681,188, 0
25682,181, 0
25683,163, 0
25684,164, 0
25685,158, 0
25686,164, 0
25687,151, 0
25688,143, 0
25689,122, 0
25690,129, 0
25691,122, 0
25692,135, 0
25693,124, 0
25694,120, 0
25695,105, 0
25696,115, 0
25697,83, 0
25698,50, 0
25699,38, 0
25700,45, 0
25701,55, 0
25702,80, 0
25703,92, 0
25704,95, 0
25705,89, 0
25706,96, 0
25707,94, 0
25708,102, 0
25709,92, 0
25710,80, 0
25711,89, 0
25712,96, 0
25713,97, 0
25714,132, 0
25715,127, 0
25716,135, 0
25717,123, 0
25718,130, 0
25719,131, 0
25720,127, 0
25721,131, 0
25722,125, 0
25723,128, 0
25724,137, 0
25725,145, 0
25726,152, 0
25727,145, 0
25728,125, 0
25729,115, 0
25730,129, 0
25731,143, 0
25732,159, 0
25733,188, 0
25734,183, 0
25735,183, 0
25736,189, 0
25737,184, 0
25738,184, 0
25739,191, 0
25740,184, 0
25741,170, 0
25742,164, 0
25743,153, 0
25744,137, 0
25745,145, 0
25746,132, 0
25747,125, 0
25748,130, 0
25749,134, 0
25750,115, 0
25751,110, 0
25752,107, 0
25753,89, 0
25754,102, 0
25755,115, 0
25756,120, 0
25757,115, 0
25758,111, 0
25759,80, 0
25760,68, 0
25761,75, 0
25762,79, 0
25763,96, 0
25764,108, 0
25765,92, 0
25766,104, 0
25767,106, 0
25768,102, 0
25769,102, 0
25770,104, 0
25771,95, 0
25772,107, 0
25773,109, 0
25774,109, 0
25775,121, 0
25776,119, 0
25777,122, 0
25778,127, 0
25779,129, 0
25780,127, 0
25781,133, 0
25782,145, 0
25783,143, 0
25784,142, 0
25785,138, 0
25786,128, 0
25787,127, 0
25788,110, 0
25789,91, 0
25790,89, 0
25791,102, 0
25792,115, 0
25793,133, 0
25794,196, 0
25795,213, 0
25796,226, 0
25797,226, 0
25798,226, 0
25799,213, 0
25800,203, 0
25801,177, 0
25802,168, 0
25803,132, 0
25804,112, 0
25805,116, 0
25806,124, 0
25807,156, 0
25808,167, 0
25809,186, 0
25810,188, 0
25811,193, 0
25812,180, 0
25813,173, 0
25814,161, 0
25815,152, 0
25816,133, 0
25817,115, 0
25818,106, 0
25819,70, 0
25820,42, 0
25821,32, 0
25822,38, 0
25823,44, 0
25824,62, 0
25825,93, 0
25826,83, 0
25827,86, 0
25828,90, 0
25829,89, 0
25830,101, 0
25831,102, 0
25832,101, 0
25833,101, 0
25834,107, 0
25835,108, 0
25836,127, 0
25837,116, 0
25838,119, 0
25839,122, 0
25840,129, 0
25841,130, 0
25842,136, 0
25843,149, 0
25844,157, 0
25845,173, 0
25846,188, 0
25847,196, 0
25848,200, 0
25849,170, 0
25850,156, 0
25851,117, 0
25852,123, 0
25853,102, 0
25854,115, 0
25855,131, 0
25856,150, 0
25857,159, 0
25858,170, 0
25859,179, 0
25860,190, 0
25861,199, 0
25862,203, 0
25863,187, 0
25864,188, 0
25865,183, 0
25866,165, 0
25867,158, 0
25868,140, 0
25869,135, 0
25870,128, 0
25871,124, 0
25872,127, 0
25873,115, 0
25874,115, 0
25875,112, 0
25876,131, 0
25877,108, 0
25878,102, 0
25879,97, 0
25880,76, 0
25881,52, 0
25882,45, 0
25883,52, 0
25884,52, 0
25885,69, 0
25886,87, 0
25887,99, 0
25888,91, 0
25889,92, 0
25890,86, 0
25891,87, 0
25892,85, 0
25893,81, 0
25894,83, 0
25895,87, 0
25896,89, 0
25897,89, 0
25898,95, 0
25899,101, 0
25900,100, 0
25901,116, 0
25902,112, 0
25903,122, 0
25904,128, 0
25905,130, 0
25906,123, 0
25907,136, 0
25908,137, 0
25909,144, 0
25910,153, 0
25911,139, 0
25912,123, 0
25913,135, 0
25914,143, 0
25915,158, 0
25916,185, 0
25917,191, 0
25918,193, 0
25919,192, 0
25920,185, 0
25921,188, 0
25922,189, 0
25923,191, 0
25924,196, 0
25925,197, 0
25926,187, 0
25927,177, 0
25928,168, 0
25929,158, 0
25930,150, 0
25931,140, 0
25932,137, 0
25933,131, 0
25934,138, 0
25935,135, 0
25936,127, 0
25937,129, 0
25938,124, 0
25939,111, 0
25940,105, 0
25941,75, 0
25942,50, 0
25943,43, 0
25944,35, 0
25945,46, 0
25946,83, 0
25947,83, 0
25948,91, 0
25949,75, 0
25950,76, 0
25951,70, 0
25952,76, 0
25953,78, 0
25954,83, 0
25955,89, 0
25956,106, 0
25957,113, 0
25958,113, 0
25959,119, 0
25960,111, 0
25961,115, 0
25962,136, 0
25963,126, 0
25964,138, 0
25965,144, 0
25966,145, 0
25967,153, 0
25968,157, 0
25969,152, 0
25970,157, 0
25971,133, 0
25972,97, 0
25973,85, 0
25974,103, 0
25975,121, 0
25976,148, 0
25977,184, 0
25978,208, 0
25979,217, 0
25980,229, 0
25981,203, 0
25982,199, 0
25983,189, 0
25984,184, 0
25985,175, 0
25986,172, 0
25987,181, 0
25988,173, 0
25989,171, 0
25990,171, 0
25991,172, 0
25992,163, 0
25993,152, 0
25994,144, 0
25995,148, 0
25996,137, 0
25997,130, 0
25998,128, 0
25999,121, 0
26000,115, 0
26001,103, 0
26002,77, 0
26003,51, 0
26004,44, 0
26005,51, 0
26006,58, 0
26007,85, 0
26008,92, 0
26009,103, 0
26010,92, 0
26011,88, 0
26012,89, 0
26013,89, 0
26014,88, 0
26015,91, 0
26016,94, 0
26017,95, 0
26018,91, 0
26019,102, 0
26020,102, 0
26021,99, 0
26022,103, 0
26023,103, 0
26024,112, 0
26025,139, 0
26026,132, 0
26027,137, 0
26028,144, 0
26029,148, 0
26030,144, 0
26031,139, 0
26032,126, 0
26033,107, 0
26034,93, 0
26035,97, 0
26036,127, 0
26037,149, 0
26038,181, 0
26039,206, 0
26040,207, 0
26041,208, 0
26042,202, 0
26043,204, 0
26044,189, 0
26045,165, 0
26046,183, 0
26047,181, 0
26048,170, 0
26049,167, 0
26050,166, 0
26051,160, 0
26052,161, 0
26053,143, 0
26054,127, 0
26055,108, 0
26056,107, 0
26057,93, 0
26058,95, 0
26059,104, 0
26060,113, 0
26061,121, 0
26062,109, 0
26063,77, 0
26064,60, 0
26065,70, 0
26066,87, 0
26067,103, 0
26068,141, 0
26069,139, 0
26070,124, 0
26071,113, 0
26072,102, 0
26073,101, 0
26074,97, 0
26075,95, 0
26076,96, 0
26077,95, 0
26078,101, 0
26079,101, 0
26080,104, 0
26081,102, 0
26082,100, 0
26083,104, 0
26084,100, 0
26085,102, 0
26086,106, 0
26087,112, 0
26088,133, 0
26089,140, 0
26090,152, 0
26091,173, 0
26092,176, 0
26093,151, 0
26094,125, 0
26095,107, 0
26096,103, 0
26097,106, 0
26098,129, 0
26099,141, 0
26100,151, 0
26101,175, 0
26102,182, 0
26103,198, 0
26104,206, 0
26105,207, 0
26106,208, 0
26107,220, 0
26108,210, 0
26109,212, 0
26110,212, 0
26111,199, 0
26112,192, 0
26113,183, 0
26114,170, 0
26115,158, 0
26116,152, 0
26117,154, 0
26118,139, 0
26119,139, 0
26120,137, 0
26121,115, 0
26122,96, 0
26123,86, 0
26124,69, 0
26125,58, 0
26126,63, 0
26127,76, 0
26128,93, 0
26129,113, 0
26130,118, 0
26131,104, 0
26132,95, 0
26133,94, 0
26134,89, 0
26135,89, 0
26136,89, 0
26137,90, 0
26138,106, 0
26139,92, 0
26140,95, 0
26141,100, 0
26142,97, 0
26143,101, 0
26144,102, 0
26145,102, 0
26146,108, 0
26147,116, 0
26148,122, 0
26149,139, 0
26150,124, 0
26151,135, 0
26152,135, 0
26153,138, 0
26154,119, 0
26155,105, 0
26156,100, 0
26157,106, 0
26158,121, 0
26159,145, 0
26160,167, 0
26161,182, 0
26162,192, 0
26163,188, 0
26164,190, 0
26165,164, 0
26166,184, 0
26167,192, 0
26168,183, 0
26169,195, 0
26170,190, 0
26171,188, 0
26172,188, 0
26173,182, 0
26174,174, 0
26175,172, 0
26176,159, 0
26177,158, 0
26178,158, 0
26179,151, 0
26180,147, 0
26181,139, 0
26182,131, 0
26183,128, 0
26184,110, 0
26185,81, 0
26186,64, 0
26187,63, 0
26188,65, 0
26189,76, 0
26190,95, 0
26191,101, 0
26192,95, 0
26193,91, 0
26194,95, 0
26195,92, 0
26196,94, 0
26197,89, 0
26198,92, 0
26199,91, 0
26200,92, 0
26201,93, 0
26202,95, 0
26203,92, 0
26204,92, 0
26205,95, 0
26206,105, 0
26207,113, 0
26208,124, 0
26209,134, 0
26210,139, 0
26211,127, 0
26212,131, 0
26213,132, 0
26214,139, 0
26215,121, 0
26216,97, 0
26217,104, 0
26218,116, 0
26219,123, 0
26220,145, 0
26221,172, 0
26222,185, 0
26223,189, 0
26224,193, 0
26225,187, 0
26226,189, 0
26227,184, 0
26228,182, 0
26229,174, 0
26230,183, 0
26231,176, 0
26232,181, 0
26233,176, 0
26234,180, 0
26235,173, 0
26236,170, 0
26237,164, 0
26238,157, 0
26239,158, 0
26240,154, 0
26241,164, 0
26242,141, 0
26243,138, 0
26244,133, 0
26245,109, 0
26246,88, 0
26247,64, 0
26248,53, 0
26249,54, 0
26250,76, 0
26251,100, 0
26252,104, 0
26253,95, 0
26254,95, 0
26255,94, 0
26256,101, 0
26257,95, 0
26258,94, 0
26259,92, 0
26260,95, 0
26261,97, 0
26262,89, 0
26263,94, 0
26264,95, 0
26265,99, 0
26266,89, 0
26267,99, 0
26268,102, 0
26269,105, 0
26270,106, 0
26271,121, 0
26272,117, 0
26273,125, 0
26274,127, 0
26275,130, 0
26276,109, 0
26277,95, 0
26278,99, 0
26279,102, 0
26280,115, 0
26281,138, 0
26282,160, 0
26283,180, 0
26284,170, 0
26285,191, 0
26286,187, 0
26287,191, 0
26288,187, 0
26289,201, 0
26290,188, 0
26291,190, 0
26292,187, 0
26293,186, 0
26294,186, 0
26295,185, 0
26296,189, 0
26297,176, 0
26298,154, 0
26299,168, 0
26300,158, 0
26301,159, 0
26302,144, 0
26303,133, 0
26304,128, 0
26305,147, 0
26306,104, 0
26307,70, 0
26308,59, 0
26309,58, 0
26310,69, 0
26311,88, 0
26312,110, 0
26313,117, 0
26314,117, 0
26315,110, 0
26316,108, 0
26317,104, 0
26318,97, 0
26319,91, 0
26320,88, 0
26321,80, 0
26322,83, 0
26323,83, 0
26324,89, 0
26325,95, 0
26326,109, 0
26327,102, 0
26328,90, 0
26329,102, 0
26330,103, 0
26331,106, 0
26332,108, 0
26333,119, 0
26334,120, 0
26335,127, 0
26336,129, 0
26337,105, 0
26338,96, 0
26339,102, 0
26340,121, 0
26341,132, 0
26342,154, 0
26343,180, 0
26344,185, 0
26345,205, 0
26346,204, 0
26347,200, 0
26348,176, 0
26349,191, 0
26350,197, 0
26351,204, 0
26352,190, 0
26353,176, 0
26354,165, 0
26355,141, 0
26356,139, 0
26357,136, 0
26358,144, 0
26359,134, 0
26360,144, 0
26361,150, 0
26362,150, 0
26363,176, 0
26364,176, 0
26365,175, 0
26366,150, 0
26367,130, 0
26368,100, 0
26369,83, 0
26370,76, 0
26371,84, 0
26372,102, 0
26373,119, 0
26374,118, 0
26375,109, 0
26376,109, 0
26377,108, 0
26378,99, 0
26379,92, 0
26380,87, 0
26381,80, 0
26382,81, 0
26383,84, 0
26384,83, 0
26385,91, 0
26386,95, 0
26387,108, 0
26388,103, 0
26389,95, 0
26390,96, 0
26391,97, 0
26392,100, 0
26393,106, 0
26394,109, 0
26395,108, 0
26396,110, 0
26397,110, 0
26398,90, 0
26399,90, 0
26400,101, 0
26401,131, 0
26402,145, 0
26403,166, 0
26404,196, 0
26405,214, 0
26406,218, 0
26407,214, 0
26408,197, 0
26409,183, 0
26410,191, 0
26411,171, 0
26412,171, 0
26413,165, 0
26414,172, 0
26415,156, 0
26416,154, 0
26417,159, 0
26418,152, 0
26419,145, 0
26420,139, 0
26421,132, 0
26422,133, 0
26423,133, 0
26424,127, 0
26425,131, 0
26426,145, 0
26427,139, 0
26428,134, 0
26429,109, 0
26430,96, 0
26431,88, 0
26432,106, 0
26433,125, 0
26434,134, 0
26435,134, 0
26436,108, 0
26437,109, 0
26438,112, 0
26439,108, 0
26440,99, 0
26441,102, 0
26442,94, 0
26443,95, 0
26444,92, 0
26445,83, 0
26446,83, 0
26447,88, 0
26448,105, 0
26449,95, 0
26450,116, 0
26451,101, 0
26452,97, 0
26453,103, 0
26454,104, 0
26455,117, 0
26456,124, 0
26457,131, 0
26458,126, 0
26459,118, 0
26460,108, 0
26461,130, 0
26462,163, 0
26463,196, 0
26464,211, 0
26465,221, 0
26466,212, 0
26467,187, 0
26468,182, 0
26469,169, 0
26470,160, 0
26471,150, 0
26472,138, 0
26473,117, 0
26474,134, 0
26475,151, 0
26476,142, 0
26477,136, 0
26478,148, 0
26479,152, 0
26480,155, 0
26481,161, 0
26482,164, 0
26483,174, 0
26484,159, 0
26485,155, 0
26486,160, 0
26487,158, 0
26488,158, 0
26489,151, 0
26490,127, 0
26491,109, 0
26492,60, 0
26493,51, 0
26494,58, 0
26495,81, 0
26496,93, 0
26497,105, 0
26498,112, 0
26499,101, 0
26500,87, 0
26501,69, 0
26502,55, 0
26503,57, 0
26504,67, 0
26505,78, 0
26506,83, 0
26507,94, 0
26508,99, 0
26509,72, 0
26510,72, 0
26511,108, 0
26512,91, 0
26513,96, 0
26514,105, 0
26515,118, 0
26516,117, 0
26517,127, 0
26518,136, 0
26519,128, 0
26520,109, 0
26521,105, 0
26522,108, 0
26523,115, 0
26524,141, 0
26525,157, 0
26526,158, 0
26527,149, 0
26528,128, 0
26529,149, 0
26530,149, 0
26531,138, 0
26532,179, 0
26533,187, 0
26534,199, 0
26535,204, 0
26536,206, 0
26537,204, 0
26538,221, 0
26539,228, 0
26540,222, 0
26541,221, 0
26542,204, 0
26543,191, 0
26544,203, 0
26545,208, 0
26546,214, 0
26547,236, 0
26548,230, 0
26549,223, 0
26550,186, 0
26551,145, 0
26552,111, 0
26553,92, 0
26554,70, 0
26555,61, 0
26556,56, 0
26557,38, 0
26558,28, 0
26559,37, 0
26560,27, 0
26561,15, 0
26562,10, 0
26563,19, 0
26564,31, 0
26565,51, 0
26566,71, 0
26567,67, 0
26568,59, 0
26569,62, 0
26570,69, 0
26571,105, 0
26572,126, 0
26573,140, 0
26574,151, 0
26575,137, 0
26576,128, 0
26577,125, 0
26578,122, 0
26579,120, 0
26580,92, 0
26581,65, 0
26582,68, 0
26583,76, 0
26584,97, 0
26585,123, 0
26586,137, 0
26587,140, 0
26588,145, 0
26589,164, 0
26590,196, 0
26591,230, 0
26592,238, 0
26593,223, 0
26594,195, 0
26595,157, 0
26596,145, 0
26597,140, 0
26598,140, 0
26599,154, 0
26600,156, 0
26601,163, 0
26602,177, 0
26603,191, 0
26604,196, 0
26605,198, 0
26606,189, 0
26607,189, 0
26608,171, 0
26609,155, 0
26610,129, 0
26611,117, 0
26612,63, 0
26613,51, 0
26614,57, 0
26615,83, 0
26616,120, 0
26617,154, 0
26618,166, 0
26619,176, 0
26620,192, 0
26621,195, 0
26622,193, 0
26623,183, 0
26624,159, 0
26625,132, 0
26626,99, 0
26627,79, 0
26628,61, 0
26629,52, 0
26630,57, 0
26631,44, 0
26632,32, 0
26633,37, 0
26634,41, 0
26635,37, 0
26636,41, 0
26637,38, 0
26638,36, 0
26639,64, 0
26640,61, 0
26641,56, 0
26642,43, 0
26643,56, 0
26644,83, 0
26645,99, 0
26646,128, 0
26647,152, 0
26648,166, 0
26649,172, 0
26650,177, 0
26651,179, 0
26652,175, 0
26653,157, 0
26654,169, 0
26655,165, 0
26656,159, 0
26657,151, 0
26658,167, 0
26659,167, 0
26660,183, 0
26661,201, 0
26662,204, 0
26663,216, 0
26664,241, 0
26665,228, 0
26666,232, 0
26667,221, 0
26668,206, 0
26669,200, 0
26670,188, 0
26671,158, 0
26672,127, 0
26673,108, 0
26674,91, 0
26675,105, 0
26676,121, 0
26677,145, 0
26678,163, 0
26679,154, 0
26680,139, 0
26681,148, 0
26682,150, 0
26683,150, 0
26684,133, 0
26685,119, 0
26686,93, 0
26687,89, 0
26688,81, 0
26689,83, 0
26690,77, 0
26691,92, 0
26692,115, 0
26693,132, 0
26694,145, 0
26695,143, 0
26696,133, 0
26697,115, 0
26698,88, 0
26699,69, 0
26700,68, 0
26701,50, 0
26702,25, 0
26703,0, 0
26704,0, 0
26705,2, 0
26706,0, 0
26707,22, 0
26708,69, 0
26709,126, 0
26710,139, 0
26711,155, 0
26712,167, 0
26713,174, 0
26714,179, 0
26715,199, 0
26716,204, 0
26717,207, 0
26718,207, 0
26719,189, 0
26720,170, 0
26721,168, 0
26722,168, 0
26723,176, 0
26724,193, 0
26725,202, 0
26726,203, 0
26727,185, 0
26728,157, 0
26729,143, 0
26730,152, 0
26731,172, 0
26732,182, 0
26733,181, 0
26734,164, 0
26735,153, 0
26736,139, 0
26737,139, 0
26738,155, 0
26739,168, 0
26740,154, 0
26741,139, 0
26742,130, 0
26743,102, 0
26744,92, 0
26745,77, 0
26746,69, 0
26747,70, 0
26748,86, 0
26749,103, 0
26750,112, 0
26751,118, 0
26752,107, 0
26753,89, 0
26754,68, 0
26755,64, 0
26756,65, 0
26757,85, 0
26758,96, 0
26759,92, 0
26760,65, 0
26761,45, 0
26762,32, 0
26763,6, 0
26764,0, 0
26765,0, 0
26766,14, 0
26767,41, 0
26768,62, 0
26769,112, 0
26770,155, 0
26771,175, 0
26772,189, 0
26773,199, 0
26774,216, 0
26775,208, 0
26776,210, 0
26777,204, 0
26778,210, 0
26779,207, 0
26780,206, 0
26781,204, 0
26782,202, 0
26783,199, 0
26784,193, 0
26785,196, 0
26786,215, 0
26787,195, 0
26788,183, 0
26789,176, 0
26790,164, 0
26791,166, 0
26792,168, 0
26793,158, 0
26794,138, 0
26795,115, 0
26796,95, 0
26797,91, 0
26798,100, 0
26799,116, 0
26800,113, 0
26801,107, 0
26802,95, 0
26803,95, 0
26804,102, 0
26805,80, 0
26806,80, 0
26807,75, 0
26808,61, 0
26809,63, 0
26810,57, 0
26811,56, 0
26812,61, 0
26813,71, 0
26814,78, 0
26815,96, 0
26816,102, 0
26817,112, 0
26818,128, 0
26819,142, 0
26820,151, 0
26821,158, 0
26822,170, 0
26823,168, 0
26824,149, 0
26825,127, 0
26826,124, 0
26827,111, 0
26828,145, 0
26829,151, 0
26830,206, 0
26831,217, 0
26832,219, 0
26833,207, 0
26834,202, 0
26835,203, 0
26836,188, 0
26837,183, 0
26838,158, 0
26839,141, 0
26840,136, 0
26841,145, 0
26842,156, 0
26843,183, 0
26844,203, 0
26845,200, 0
26846,193, 0
26847,185, 0
26848,168, 0
26849,138, 0
26850,118, 0
26851,83, 0
26852,62, 0
26853,50, 0
26854,11, 0
26855,8, 0
26856,21, 0
26857,44, 0
26858,72, 0
26859,92, 0
26860,122, 0
26861,142, 0
26862,138, 0
26863,139, 0
26864,135, 0
26865,122, 0
26866,104, 0
26867,84, 0
26868,90, 0
26869,87, 0
26870,87, 0
26871,83, 0
26872,78, 0
26873,76, 0
26874,63, 0
26875,55, 0
26876,57, 0
26877,63, 0
26878,69, 0
26879,90, 0
26880,102, 0
26881,115, 0
26882,138, 0
26883,164, 0
26884,201, 0
26885,184, 0
26886,164, 0
26887,140, 0
26888,126, 0
26889,128, 0
26890,138, 0
26891,164, 0
26892,173, 0
26893,188, 0
26894,196, 0
26895,188, 0
26896,192, 0
26897,172, 0
26898,188, 0
26899,190, 0
26900,180, 0
26901,169, 0
26902,152, 0
26903,156, 0
26904,154, 0
26905,151, 0
26906,156, 0
26907,185, 0
26908,229, 0
26909,268, 0
26910,324, 0
26911,314, 1
26912,311, 0
26913,277, 0
26914,232, 0
26915,179, 0
26916,93, 0
26917,31, 0
26918,5, 0
26919,0, 0
26920,0, 0
26921,0, 0
26922,0, 0
26923,0, 0
26924,0, 0
26925,27, 0
26926,68, 0
26927,108, 0
26928,133, 0
26929,130, 0
26930,131, 0
26931,135, 0
26932,126, 0
26933,112, 0
26934,105, 0
26935,100, 0
26936,101, 0
26937,103, 0
26938,107, 0
26939,102, 0
26940,96, 0
26941,90, 0
26942,83, 0
26943,83, 0
26944,91, 0
26945,95, 0
26946,76, 0
26947,65, 0
26948,67, 0
26949,78, 0
26950,106, 0
26951,123, 0
26952,149, 0
26953,166, 0
26954,171, 0
26955,186, 0
26956,171, 0
26957,170, 0
26958,163, 0
26959,170, 0
26960,170, 0
26961,170, 0
26962,182, 0
26963,174, 0
26964,170, 0
26965,200, 0
26966,198, 0
26967,207, 0
26968,214, 0
26969,229, 0
26970,237, 0
26971,240, 0
26972,232, 0
26973,233, 0
26974,220, 0
26975,189, 0
26976,154, 0
26977,110, 0
26978,70, 0
26979,43, 0
26980,11, 0
26981,0, 0
26982,0, 0
26983,8, 0
26984,42, 0
26985,76, 0
26986,90, 0
26987,60, 0
26988,56, 0
26989,63, 0
26990,57, 0
26991,51, 0
26992,34, 0
26993,15, 0
26994,0, 0
26995,0, 0
26996,3, 0
26997,52, 0
26998,104, 0
26999,138, 0
27000,185, 0
27001,221, 0
27002,231, 0
27003,251, 0
27004,257, 0
27005,246, 0
27006,228, 0
27007,187, 0
27008,157, 0
27009,138, 0
27010,108, 0
27011,96, 0
27012,88, 0
27013,97, 0
27014,97, 0
27015,89, 0
27016,95, 0
27017,105, 0
27018,145, 0
27019,195, 0
27020,236, 0
27021,257, 0
27022,280, 0
27023,310, 0
27024,330, 1
27025,341, 5
27026,337, 7
27027,306, 3
27028,265, 0
27029,226, 0
27030,188, 0
27031,159, 0
27032,143, 0
27033,118, 0
27034,99, 0
27035,119, 0
27036,86, 0
27037,70, 0
27038,46, 0
27039,24, 0
27040,29, 0
27041,57, 0
27042,76, 0
27043,112, 0
27044,127, 0
27045,106, 0
27046,102, 0
27047,86, 0
27048,65, 0
27049,63, 0
27050,63, 0
27051,63, 0
27052,73, 0
27053,74, 0
27054,58, 0
27055,44, 0
27056,35, 0
27057,27, 0
27058,43, 0
27059,51, 0
27060,68, 0
27061,79, 0
27062,112, 0
27063,127, 0
27064,133, 0
27065,133, 0
27066,125, 0
27067,119, 0
27068,84, 0
27069,71, 0
27070,65, 0
27071,83, 0
27072,97, 0
27073,138, 0
27074,184, 0
27075,214, 0
27076,229, 0
27077,233, 0
27078,220, 0
27079,202, 0
27080,193, 0
27081,189, 0
27082,166, 0
27083,159, 0
27084,159, 0
27085,147, 0
27086,148, 0
27087,150, 0
27088,157, 0
27089,171, 0
27090,164, 0
27091,154, 0
27092,158, 0
27093,138, 0
27094,116, 0
27095,122, 0
27096,132, 0
27097,152, 0
27098,158, 0
27099,133, 0
27100,112, 0
27101,67, 0
27102,46, 0
27103,70, 0
27104,99, 0
27105,104, 0
27106,93, 0
27107,92, 0
27108,91, 0
27109,87, 0
27110,70, 0
27111,73, 0
27112,46, 0
27113,54, 0
27114,78, 0
27115,78, 0
27116,85, 0
27117,88, 0
27118,93, 0
27119,99, 0
27120,99, 0
27121,120, 0
27122,128, 0
27123,130, 0
27124,130, 0
27125,125, 0
27126,110, 0
27127,95, 0
27128,83, 0
27129,61, 0
27130,64, 0
27131,121, 0
27132,165, 0
27133,238, 0
27134,287, 0
27135,317, 0
27136,289, 0
27137,231, 0
27138,163, 0
27139,102, 0
27140,70, 0
27141,69, 0
27142,87, 0
27143,97, 0
27144,133, 0
27145,154, 0
27146,167, 0
27147,191, 0
27148,193, 0
27149,200, 0
27150,213, 0
27151,228, 0
27152,232, 0
27153,236, 0
27154,226, 0
27155,195, 0
27156,183, 0
27157,138, 0
27158,92, 0
27159,25, 0
27160,0, 0
27161,0, 0
27162,6, 0
27163,7, 0
27164,58, 0
27165,54, 0
27166,57, 0
27167,42, 0
27168,75, 0
27169,110, 0
27170,140, 0
27171,127, 0
27172,92, 0
27173,24, 0
27174,1, 0
27175,11, 0
27176,45, 0
27177,102, 0
27178,151, 0
27179,175, 0
27180,175, 0
27181,159, 0
27182,133, 0
27183,128, 0
27184,165, 0
27185,231, 0
27186,297, 0
27187,330, 0
27188,337, 1
27189,297, 0
27190,211, 0
27191,95, 0
27192,9, 0
27193,13, 0
27194,44, 0
27195,15, 0
27196,0, 0
27197,15, 0
27198,52, 0
27199,81, 0
27200,121, 0
27201,151, 0
27202,175, 0
27203,202, 0
27204,220, 0
27205,229, 0
27206,241, 0
27207,257, 0
27208,258, 0
27209,247, 0
27210,223, 0
27211,204, 0
27212,167, 0
27213,150, 0
27214,140, 0
27215,131, 0
27216,128, 0
27217,120, 0
27218,106, 0
27219,94, 0
27220,59, 0
27221,19, 0
27222,3, 0
27223,0, 0
27224,0, 0
27225,0, 0
27226,1, 0
27227,1, 0
27228,0, 0
27229,0, 0
27230,0, 0
27231,0, 0
27232,7, 0
27233,24, 0
27234,44, 0
27235,57, 0
27236,46, 0
27237,38, 0
27238,17, 0
27239,2, 0
27240,11, 0
27241,65, 0
27242,102, 0
27243,108, 0
27244,105, 0
27245,70, 0
27246,32, 0
27247,1, 0
27248,38, 0
27249,131, 0
27250,199, 0
27251,200, 0
27252,164, 0
27253,121, 0
27254,40, 0
27255,0, 0
27256,3, 0
27257,7, 0
27258,0, 0
27259,25, 0
27260,95, 0
27261,164, 0
27262,228, 0
27263,252, 0
27264,263, 0
27265,270, 0
27266,334, 0
27267,355, 4
27268,355, 10
27269,307, 6
27270,267, 1
27271,190, 0
27272,161, 0
27273,172, 0
27274,258, 0
27275,398, 3
27276,542, 42
27277,671, 99
27278,782, 157
27279,846, 204
27280,853, 235
27281,793, 236
27282,694, 214
27283,594, 176
27284,496, 130
27285,447, 90
27286,447, 70
27287,517, 71
27288,521, 79
27289,515, 81
27290,526, 86
27291,533, 88
27292,513, 89
27293,441, 69
27294,332, 38
27295,214, 6
27296,123, 0
27297,99, 0
27298,111, 0
27299,122, 0
27300,138, 0
27301,156, 0
27302,158, 0
27303,152, 0
27304,139, 0
27305,135, 0
27306,135, 0
27307,139, 0
27308,152, 0
27309,147, 0
27310,109, 0
27311,21, 0
27312,20, 0
27313,44, 0
27314,17, 0
27315,0, 0
27316,42, 0
27317,88, 0
27318,94, 0
27319,85, 0
27320,64, 0
27321,47, 0
27322,44, 0
27323,18, 0
27324,3, 0
27325,0, 0
27326,0, 0
27327,0, 0
27328,0, 0
27329,18, 0
27330,25, 0
27331,21, 0
27332,0, 0
27333,83, 0
27334,141, 0
27335,164, 0
27336,150, 0
27337,109, 0
27338,64, 0
27339,6, 0
27340,73, 0
27341,161, 0
27342,160, 0
27343,81, 0
27344,3, 0
27345,6, 0
27346,26, 0
27347,11, 0
27348,0, 0
27349,5, 0
27350,11, 0
27351,6, 0
27352,0, 0
27353,0, 0
27354,0, 0
27355,8, 0
27356,10, 0
27357,31, 0
27358,70, 0
27359,127, 0
27360,152, 0
27361,152, 0
27362,110, 0
27363,70, 0
27364,44, 0
27365,48, 0
27366,76, 0
27367,81, 0
27368,70, 0
27369,25, 0
27370,17, 0
27371,37, 0
27372,62, 0
27373,84, 0
27374,124, 0
27375,154, 0
27376,142, 0
27377,111, 0
27378,100, 0
27379,85, 0
27380,70, 0
27381,68, 0
27382,77, 0
27383,77, 0
27384,80, 0
27385,126, 0
27386,183, 0
27387,228, 0
27388,273, 0
27389,292, 0
27390,300, 0
27391,299, 0
27392,312, 0
27393,276, 0
27394,251, 0
27395,232, 0
27396,224, 0
27397,244, 0
27398,290, 0
27399,337, 0
27400,359, 6
27401,340, 8
27402,292, 2
27403,226, 0
27404,167, 0
27405,141, 0
27406,111, 0
27407,93, 0
27408,93, 0
27409,83, 0
27410,57, 0
27411,38, 0
27412,20, 0
27413,6, 0
27414,0, 0
27415,0, 0
27416,4, 0
27417,19, 0
27418,38, 0
27419,83, 0
27420,124, 0
27421,158, 0
27422,170, 0
27423,176, 0
27424,188, 0
27425,185, 0
27426,190, 0
27427,200, 0
27428,193, 0
27429,206, 0
27430,193, 0
27431,213, 0
27432,213, 0
27433,195, 0
27434,149, 0
27435,90, 0
27436,63, 0
27437,38, 0
27438,64, 0
27439,99, 0
27440,143, 0
27441,133, 0
27442,122, 0
27443,124, 0
27444,143, 0
27445,161, 0
27446,181, 0
27447,161, 0
27448,139, 0
27449,103, 0
27450,103, 0
27451,115, 0
27452,154, 0
27453,202, 0
27454,227, 0
27455,286, 0
27456,292, 0
27457,307, 0
27458,302, 0
27459,268, 0
27460,242, 0
27461,213, 0
27462,229, 0
27463,218, 0
27464,172, 0
27465,105, 0
27466,26, 0
27467,3, 0
27468,47, 0
27469,63, 0
27470,53, 0
27471,17, 0
27472,0, 0
27473,2, 0
27474,0, 0
27475,25, 0
27476,44, 0
27477,51, 0
27478,6, 0
27479,11, 0
27480,91, 0
27481,171, 0
27482,227, 0
27483,305, 0
27484,327, 0
27485,333, 0
27486,267, 0
27487,190, 0
27488,164, 0
27489,159, 0
27490,190, 0
27491,202, 0
27492,163, 0
27493,92, 0
27494,11, 0
27495,95, 0
27496,188, 0
27497,183, 0
27498,119, 0
27499,14, 0
27500,53, 0
27501,158, 0
27502,271, 0
27503,372, 0
27504,403, 15
27505,388, 25
27506,332, 15
27507,268, 4
27508,230, 0
27509,270, 0
27510,365, 2
27511,476, 27
27512,512, 62
27513,481, 74
27514,380, 57
27515,276, 21
27516,188, 0
27517,127, 0
27518,55, 0
27519,2, 0
27520,0, 0
27521,0, 0
27522,36, 0
27523,115, 0
27524,138, 0
27525,113, 0
27526,21, 0
27527,61, 0
27528,217, 0
27529,354, 0
27530,384, 6
27531,275, 6
27532,54, 0
27533,149, 0
27534,323, 0
27535,403, 4
27536,413, 21
27537,367, 24
27538,278, 7
27539,170, 0
27540,57, 0
27541,6, 0
27542,0, 0
27543,0, 0
27544,2, 0
27545,48, 0
27546,100, 0
27547,108, 0
27548,95, 0
27549,92, 0
27550,120, 0
27551,147, 0
27552,143, 0
27553,85, 0
27554,75, 0
27555,84, 0
27556,112, 0
27557,128, 0
27558,97, 0
27559,54, 0
27560,29, 0
27561,45, 0
27562,68, 0
27563,118, 0
27564,117, 0
27565,58, 0
27566,0, 0
27567,5, 0
27568,1, 0
27569,60, 0
27570,94, 0
27571,100, 0
27572,70, 0
27573,24, 0
27574,29, 0
27575,100, 0
27576,214, 0
27577,329, 0
27578,415, 9
27579,490, 39
27580,548, 71
27581,573, 95
27582,538, 102
27583,461, 87
27584,379, 57
27585,337, 29
27586,325, 12
27587,312, 4
27588,294, 3
27589,264, 0
27590,245, 0
27591,270, 0
27592,289, 0
27593,312, 0
27594,327, 0
27595,329, 2
27596,322, 0
27597,325, 0
27598,305, 0
27599,306, 0
27600,291, 0
27601,227, 0
27602,202, 0
27603,181, 0
27604,163, 0
27605,136, 0
27606,123, 0
27607,105, 0
27608,100, 0
27609,123, 0
27610,145, 0
27611,151, 0
27612,135, 0
27613,119, 0
27614,120, 0
27615,125, 0
27616,108, 0
27617,65, 0
27618,44, 0
27619,7, 0
27620,0, 0
27621,0, 0
27622,24, 0
27623,64, 0
27624,111, 0
27625,134, 0
27626,92, 0
27627,39, 0
27628,19, 0
27629,60, 0
27630,72, 0
27631,83, 0
27632,67, 0
27633,51, 0
27634,29, 0
27635,34, 0
27636,21, 0
27637,4, 0
27638,0, 0
27639,0, 0
27640,0, 0
27641,0, 0
27642,8, 0
27643,41, 0
27644,75, 0
27645,115, 0
27646,128, 0
27647,132, 0
27648,108, 0
27649,83, 0
27650,70, 0
27651,73, 0
27652,63, 0
27653,32, 0
27654,6, 0
27655,78, 0
27656,175, 0
27657,206, 0
27658,164, 0
27659,51, 0
27660,5, 0
27661,24, 0
27662,3, 0
27663,56, 0
27664,169, 0
27665,257, 0
27666,295, 0
27667,300, 0
27668,267, 0
27669,249, 0
27670,244, 0
27671,251, 0
27672,286, 0
27673,323, 0
27674,330, 0
27675,341, 3
27676,317, 1
27677,297, 0
27678,270, 0
27679,244, 0
27680,168, 0
27681,94, 0
27682,84, 0
27683,101, 0
27684,169, 0
27685,204, 0
27686,206, 0
27687,226, 0
27688,244, 0
27689,289, 0
27690,326, 0
27691,331, 2
27692,289, 2
27693,224, 0
27694,143, 0
27695,92, 0
27696,110, 0
27697,183, 0
27698,245, 0
27699,286, 0
27700,284, 0
27701,257, 0
27702,257, 0
27703,276, 0
27704,314, 0
27705,333, 2
27706,342, 3
27707,300, 2
27708,247, 0
27709,211, 0
27710,187, 0
27711,157, 0
27712,149, 0
27713,133, 0
27714,92, 0
27715,38, 0
27716,2, 0
27717,0, 0
27718,15, 0
27719,22, 0
27720,38, 0
27721,38, 0
27722,19, 0
27723,0, 0
27724,31, 0
27725,108, 0
27726,163, 0
27727,180, 0
27728,174, 0
27729,170, 0
27730,169, 0
27731,171, 0
27732,158, 0
27733,134, 0
27734,76, 0
27735,10, 0
27736,9, 0
27737,39, 0
27738,57, 0
27739,75, 0
27740,75, 0
27741,51, 0
27742,9, 0
27743,43, 0
27744,79, 0
27745,93, 0
27746,28, 0
27747,8, 0
27748,55, 0
27749,56, 0
27750,9, 0
27751,41, 0
27752,145, 0
27753,184, 0
27754,152, 0
27755,89, 0
27756,39, 0
27757,53, 0
27758,116, 0
27759,182, 0
27760,187, 0
27761,130, 0
27762,65, 0
27763,63, 0
27764,92, 0
27765,143, 0
27766,211, 0
27767,293, 0
27768,355, 0
27769,354, 3
27770,326, 2
27771,256, 0
27772,154, 0
27773,60, 0
27774,17, 0
27775,92, 0
27776,79, 0
27777,15, 0
27778,112, 0
27779,282, 0
27780,402, 1
27781,467, 25
27782,452, 39
27783,400, 38
27784,359, 25
27785,348, 12
27786,337, 8
27787,300, 2
27788,265, 0
27789,246, 0
27790,236, 0
27791,275, 0
27792,338, 0
27793,368, 6
27794,379, 13
27795,365, 13
27796,354, 17
27797,319, 6
27798,222, 0
27799,62, 0
27800,30, 0
27801,63, 0
27802,28, 0
27803,17, 0
27804,89, 0
27805,116, 0
27806,109, 0
27807,116, 0
27808,176, 0
27809,257, 0
27810,307, 0
27811,300, 0
27812,228, 0
27813,155, 0
27814,84, 0
27815,55, 0
27816,42, 0
27817,25, 0
27818,6, 0
27819,5, 0
27820,78, 0
27821,183, 0
27822,269, 0
27823,265, 0
27824,172, 0
27825,38, 0
27826,14, 0
27827,64, 0
27828,47, 0
27829,3, 0
27830,10, 0
27831,0, 0
27832,0, 0
27833,25, 0
27834,68, 0
27835,102, 0
27836,128, 0
27837,168, 0
27838,199, 0
27839,221, 0
27840,213, 0
27841,217, 0
27842,232, 0
27843,238, 0
27844,202, 0
27845,115, 0
27846,51, 0
27847,44, 0
27848,105, 0
27849,197, 0
27850,274, 0
27851,296, 0
27852,260, 0
27853,176, 0
27854,95, 0
27855,72, 0
27856,124, 0
27857,189, 0
27858,270, 0
27859,289, 0
27860,258, 0
27861,228, 0
27862,238, 0
27863,261, 0
27864,324, 0
27865,409, 6
27866,452, 34
27867,457, 47
27868,425, 47
27869,409, 45
27870,396, 39
27871,370, 30
27872,375, 25
27873,409, 30
27874,415, 34
27875,365, 32
27876,328, 17
27877,295, 6
27878,254, 0
27879,211, 0
27880,150, 0
27881,85, 0
27882,19, 0
27883,0, 0
27884,2, 0
27885,57, 0
27886,112, 0
27887,132, 0
27888,109, 0
27889,50, 0
27890,9, 0
27891,42, 0
27892,9, 0
27893,79, 0
27894,179, 0
27895,227, 0
27896,204, 0
27897,132, 0
27898,45, 0
27899,0, 0
27900,5, 0
27901,38, 0
27902,51, 0
27903,31, 0
27904,1, 0
27905,0, 0
27906,0, 0
27907,0, 0
27908,69, 0
27909,177, 0
27910,267, 0
27911,302, 0
27912,251, 0
27913,137, 0
27914,29, 0
27915,12, 0
27916,76, 0
27917,136, 0
27918,202, 0
27919,222, 0
27920,217, 0
27921,188, 0
27922,168, 0
27923,181, 0
27924,220, 0
27925,251, 0
27926,271, 0
27927,298, 0
27928,310, 0
27929,293, 0
27930,279, 0
27931,251, 0
27932,223, 0
27933,208, 0
27934,206, 0
27935,215, 0
27936,200, 0
27937,211, 0
27938,226, 0
27939,220, 0
27940,170, 0
27941,136, 0
27942,109, 0
27943,116, 0
27944,95, 0
27945,108, 0
27946,159, 0
27947,189, 0
27948,202, 0
27949,199, 0
27950,190, 0
27951,125, 0
27952,42, 0
27953,3, 0
27954,17, 0
27955,2, 0
27956,19, 0
27957,45, 0
27958,57, 0
27959,87, 0
27960,121, 0
27961,169, 0
27962,198, 0
27963,227, 0
27964,242, 0
27965,220, 0
27966,197, 0
27967,161, 0
27968,127, 0
27969,83, 0
27970,32, 0
27971,1, 0
27972,4, 0
27973,15, 0
27974,38, 0
27975,60, 0
27976,62, 0
27977,68, 0
27978,78, 0
27979,70, 0
27980,42, 0
27981,51, 0
27982,134, 0
27983,217, 0
27984,263, 0
27985,214, 0
27986,110, 0
27987,17, 0
27988,52, 0
27989,192, 0
27990,285, 0
27991,300, 0
27992,265, 0
27993,223, 0
27994,208, 0
27995,267, 0
27996,346, 0
27997,337, 6
27998,254, 1
27999,126, 0
28000,9, 0
28001,0, 0
28002,2, 0
28003,0, 0
28004,32, 0
28005,95, 0
28006,226, 0
28007,382, 0
28008,497, 29
28009,540, 67
28010,535, 86
28011,473, 85
28012,343, 53
28013,221, 10
28014,135, 0
28015,94, 0
28016,138, 0
28017,217, 0
28018,298, 0
28019,351, 0
28020,373, 7
28021,398, 18
28022,431, 27
28023,457, 43
28024,466, 52
28025,476, 56
28026,465, 57
28027,425, 51
28028,387, 38
28029,351, 21
28030,317, 6
28031,299, 2
28032,289, 0
28033,300, 0
28034,301, 0
28035,299, 0
28036,299, 0
28037,280, 0
28038,264, 0
28039,251, 0
28040,235, 0
28041,215, 0
28042,185, 0
28043,152, 0
28044,130, 0
28045,115, 0
28046,115, 0
28047,126, 0
28048,153, 0
28049,167, 0
28050,182, 0
28051,176, 0
28052,169, 0
28053,148, 0
28054,111, 0
28055,65, 0
28056,13, 0
28057,0, 0
28058,0, 0
28059,6, 0
28060,2, 0
28061,12, 0
28062,24, 0
28063,76, 0
28064,110, 0
28065,149, 0
28066,171, 0
28067,164, 0
28068,130, 0
28069,50, 0
28070,0, 0
28071,10, 0
28072,46, 0
28073,47, 0
28074,38, 0
28075,10, 0
28076,1, 0
28077,0, 0
28078,0, 0
28079,0, 0
28080,17, 0
28081,47, 0
28082,63, 0
28083,62, 0
28084,38, 0
28085,22, 0
28086,5, 0
28087,0, 0
28088,0, 0
28089,0, 0
28090,2, 0
28091,35, 0
28092,93, 0
28093,145, 0
28094,164, 0
28095,156, 0
28096,118, 0
28097,96, 0
28098,65, 0
28099,46, 0
28100,48, 0
28101,61, 0
28102,72, 0
28103,56, 0
28104,44, 0
28105,51, 0
28106,59, 0
28107,87, 0
28108,135, 0
28109,197, 0
28110,251, 0
28111,289, 0
28112,312, 0
28113,307, 1
28114,278, 0
28115,210, 0
28116,129, 0
28117,58, 0
28118,18, 0
28119,0, 0
28120,0, 0
28121,0, 0
28122,21, 0
28123,88, 0
28124,147, 0
28125,156, 0
28126,190, 0
28127,165, 0
28128,139, 0
28129,95, 0
28130,75, 0
28131,64, 0
28132,59, 0
28133,76, 0
28134,103, 0
28135,94, 0
28136,109, 0
28137,152, 0
28138,207, 0
28139,258, 0
28140,264, 0
28141,235, 0
28142,176, 0
28143,126, 0
28144,72, 0
28145,63, 0
28146,57, 0
28147,57, 0
28148,77, 0
28149,63, 0
28150,58, 0
28151,56, 0
28152,75, 0
28153,96, 0
28154,104, 0
28155,101, 0
28156,125, 0
28157,152, 0
28158,170, 0
28159,164, 0
28160,141, 0
28161,105, 0
28162,94, 0
28163,108, 0
28164,109, 0
28165,105, 0
28166,130, 0
28167,191, 0
28168,279, 0
28169,375, 0
28170,487, 29
28171,541, 63
28172,549, 89
28173,512, 91
28174,477, 80
28175,464, 73
28176,439, 62
28177,361, 44
28178,271, 13
28179,156, 0
28180,95, 0
28181,103, 0
28182,140, 0
28183,170, 0
28184,199, 0
28185,236, 0
28186,267, 0
28187,205, 0
28188,125, 0
28189,51, 0
28190,6, 0
28191,0, 0
28192,18, 0
28193,13, 0
28194,0, 0
28195,11, 0
28196,67, 0
28197,85, 0
28198,46, 0
28199,2, 0
28200,31, 0
28201,11, 0
28202,0, 0
28203,0, 0
28204,2, 0
28205,0, 0
28206,2, 0
28207,25, 0
28208,37, 0
28209,12, 0
28210,0, 0
28211,18, 0
28212,118, 0
28213,215, 0
28214,264, 0
28215,274, 0
28216,253, 0
28217,202, 0
28218,134, 0
28219,55, 0
28220,36, 0
28221,63, 0
28222,116, 0
28223,170, 0
28224,244, 0
28225,300, 0
28226,326, 0
28227,367, 4
28228,338, 7
28229,344, 6
28230,378, 12
28231,402, 25
28232,403, 31
28233,385, 30
28234,336, 19
28235,264, 5
28236,175, 0
28237,102, 0
28238,28, 0
28239,0, 0
28240,0, 0
28241,19, 0
28242,89, 0
28243,133, 0
28244,144, 0
28245,121, 0
28246,68, 0
28247,25, 0
28248,26, 0
28249,88, 0
28250,184, 0
28251,258, 0
28252,260, 0
28253,196, 0
28254,121, 0
28255,55, 0
28256,14, 0
28257,21, 0
28258,48, 0
28259,54, 0
28260,63, 0
28261,47, 0
28262,18, 0
28263,6, 0
28264,38, 0
28265,76, 0
28266,129, 0
28267,174, 0
28268,200, 0
28269,217, 0
28270,183, 0
28271,138, 0
28272,88, 0
28273,54, 0
28274,59, 0
28275,91, 0
28276,115, 0
28277,136, 0
28278,152, 0
28279,187, 0
28280,244, 0
28281,286, 0
28282,282, 0
28283,238, 0
28284,191, 0
28285,161, 0
28286,115, 0
28287,76, 0
28288,43, 0
28289,11, 0
28290,1, 0
28291,0, 0
28292,13, 0
28293,51, 0
28294,95, 0
28295,144, 0
28296,170, 0
28297,204, 0
28298,244, 0
28299,294, 0
28300,351, 0
28301,333, 3
28302,300, 4
28303,236, 0
28304,152, 0
28305,57, 0
28306,12, 0
28307,6, 0
28308,47, 0
28309,101, 0
28310,132, 0
28311,134, 0
28312,151, 0
28313,153, 0
28314,148, 0
28315,117, 0
28316,71, 0
28317,31, 0
28318,17, 0
28319,25, 0
28320,38, 0
28321,57, 0
28322,87, 0
28323,91, 0
28324,83, 0
28325,72, 0
28326,70, 0
28327,83, 0
28328,101, 0
28329,117, 0
28330,127, 0
28331,140, 0
28332,151, 0
28333,148, 0
28334,108, 0
28335,61, 0
28336,30, 0
28337,31, 0
28338,53, 0
28339,102, 0
28340,137, 0
28341,148, 0
28342,158, 0
28343,148, 0
28344,137, 0
28345,119, 0
28346,118, 0
28347,87, 0
28348,76, 0
28349,89, 0
28350,102, 0
28351,128, 0
28352,169, 0
28353,201, 0
28354,221, 0
28355,238, 0
28356,239, 0
28357,280, 0
28358,273, 0
28359,275, 0
28360,272, 0
28361,267, 0
28362,232, 0
28363,184, 0
28364,135, 0
28365,102, 0
28366,95, 0
28367,100, 0
28368,97, 0
28369,95, 0
28370,95, 0
28371,83, 0
28372,73, 0
28373,70, 0
28374,83, 0
28375,87, 0
28376,71, 0
28377,30, 0
28378,0, 0
28379,12, 0
28380,44, 0
28381,70, 0
28382,85, 0
28383,67, 0
28384,37, 0
28385,3, 0
28386,52, 0
28387,108, 0
28388,153, 0
28389,172, 0
28390,169, 0
28391,157, 0
28392,138, 0
28393,101, 0
28394,103, 0
28395,122, 0
28396,159, 0
28397,212, 0
28398,257, 0
28399,286, 0
28400,300, 0
28401,286, 0
28402,261, 0
28403,224, 0
28404,188, 0
28405,139, 0
28406,101, 0
28407,58, 0
28408,0, 0
28409,5, 0
28410,0, 0
28411,31, 0
28412,113, 0
28413,226, 0
28414,342, 0
28415,383, 8
28416,340, 11
28417,258, 1
28418,218, 0
28419,216, 0
28420,292, 0
28421,368, 0
28422,416, 22
28423,383, 25
28424,312, 13
28425,232, 0
28426,152, 0
28427,101, 0
28428,59, 0
28429,43, 0
28430,44, 0
28431,43, 0
28432,44, 0
28433,80, 0
28434,131, 0
28435,184, 0
28436,213, 0
28437,211, 0
28438,171, 0
28439,99, 0
28440,19, 0
28441,0, 0
28442,38, 0
28443,12, 0
28444,0, 0
28445,0, 0
28446,23, 0
28447,70, 0
28448,106, 0
28449,139, 0
28450,148, 0
28451,135, 0
28452,117, 0
28453,95, 0
28454,78, 0
28455,64, 0
28456,63, 0
28457,60, 0
28458,74, 0
28459,100, 0
28460,159, 0
28461,220, 0
28462,245, 0
28463,226, 0
28464,167, 0
28465,108, 0
28466,88, 0
28467,96, 0
28468,140, 0
28469,183, 0
28470,198, 0
28471,174, 0
28472,124, 0
28473,68, 0
28474,22, 0
28475,0, 0
28476,0, 0
28477,39, 0
28478,103, 0
28479,174, 0
28480,184, 0
28481,164, 0
28482,143, 0
28483,169, 0
28484,220, 0
28485,261, 0
28486,282, 0
28487,308, 0
28488,304, 0
28489,266, 0
28490,202, 0
28491,139, 0
28492,83, 0
28493,51, 0
28494,61, 0
28495,68, 0
28496,85, 0
28497,138, 0
28498,185, 0
28499,219, 0
28500,190, 0
28501,136, 0
28502,79, 0
28503,35, 0
28504,19, 0
28505,20, 0
28506,25, 0
28507,51, 0
28508,91, 0
28509,144, 0
28510,203, 0
28511,252, 0
28512,300, 0
28513,338, 0
28514,365, 3
28515,361, 6
28516,336, 6
28517,270, 0
28518,202, 0
28519,136, 0
28520,80, 0
28521,63, 0
28522,42, 0
28523,55, 0
28524,78, 0
28525,100, 0
28526,106, 0
28527,79, 0
28528,63, 0
28529,64, 0
28530,74, 0
28531,86, 0
28532,90, 0
28533,73, 0
28534,60, 0
28535,61, 0
28536,74, 0
28537,106, 0
28538,148, 0
28539,201, 0
28540,196, 0
28541,205, 0
28542,205, 0
28543,202, 0
28544,226, 0
28545,213, 0
28546,218, 0
28547,216, 0
28548,205, 0
28549,181, 0
28550,145, 0
28551,121, 0
28552,84, 0
28553,79, 0
28554,89, 0
28555,79, 0
28556,70, 0
28557,68, 0
28558,60, 0
28559,51, 0
28560,32, 0
28561,6, 0
28562,2, 0
28563,3, 0
28564,25, 0
28565,12, 0
28566,60, 0
28567,62, 0
28568,78, 0
28569,95, 0
28570,112, 0
28571,130, 0
28572,125, 0
28573,108, 0
28574,78, 0
28575,56, 0
28576,32, 0
28577,13, 0
28578,12, 0
28579,24, 0
28580,38, 0
28581,54, 0
28582,76, 0
28583,101, 0
28584,142, 0
28585,177, 0
28586,183, 0
28587,211, 0
28588,228, 0
28589,236, 0
28590,215, 0
28591,189, 0
28592,199, 0
28593,197, 0
28594,195, 0
28595,190, 0
28596,228, 0
28597,202, 0
28598,240, 0
28599,238, 0
28600,214, 0
28601,188, 0
28602,144, 0
28603,100, 0
28604,70, 0
28605,70, 0
28606,69, 0
28607,84, 0
28608,89, 0
28609,96, 0
28610,124, 0
28611,135, 0
28612,128, 0
28613,123, 0
28614,121, 0
28615,133, 0
28616,129, 0
28617,138, 0
28618,129, 0
28619,123, 0
28620,107, 0
28621,89, 0
28622,54, 0
28623,29, 0
28624,43, 0
28625,21, 0
28626,30, 0
28627,31, 0
28628,18, 0
28629,4, 0
28630,4, 0
28631,14, 0
28632,40, 0
28633,63, 0
28634,92, 0
28635,110, 0
28636,120, 0
28637,143, 0
28638,143, 0
28639,152, 0
28640,152, 0
28641,159, 0
28642,159, 0
28643,159, 0
28644,165, 0
28645,173, 0
28646,189, 0
28647,183, 0
28648,205, 0
28649,221, 0
28650,220, 0
28651,202, 0
28652,164, 0
28653,135, 0
28654,127, 0
28655,150, 0
28656,160, 0
28657,205, 0
28658,238, 0
28659,239, 0
28660,223, 0
28661,193, 0
28662,179, 0
28663,170, 0
28664,160, 0
28665,154, 0
28666,132, 0
28667,130, 0
28668,159, 0
28669,160, 0
28670,191, 0
28671,223, 0
28672,238, 0
28673,236, 0
28674,223, 0
28675,210, 0
28676,183, 0
28677,150, 0
28678,117, 0
28679,84, 0
28680,70, 0
28681,56, 0
28682,54, 0
28683,40, 0
28684,31, 0
28685,25, 0
28686,30, 0
28687,39, 0
28688,48, 0
28689,31, 0
28690,19, 0
28691,19, 0
28692,24, 0
28693,48, 0
28694,86, 0
28695,131, 0
28696,161, 0
28697,172, 0
28698,143, 0
28699,116, 0
28700,90, 0
28701,78, 0
28702,67, 0
28703,76, 0
28704,90, 0
28705,109, 0
28706,133, 0
28707,139, 0
28708,142, 0
28709,152, 0
28710,167, 0
28711,176, 0
28712,168, 0
28713,135, 0
28714,108, 0
28715,70, 0
28716,56, 0
28717,73, 0
28718,113, 0
28719,169, 0
28720,214, 0
28721,269, 0
28722,300, 0
28723,306, 0
28724,300, 0
28725,280, 0
28726,252, 0
28727,230, 0
28728,204, 0
28729,184, 0
28730,170, 0
28731,169, 0
28732,170, 0
28733,169, 0
28734,153, 0
28735,143, 0
28736,129, 0
28737,129, 0
28738,126, 0
28739,111, 0
28740,95, 0
28741,71, 0
28742,44, 0
28743,7, 0
28744,0, 0
28745,0, 0
28746,0, 0
28747,9, 0
28748,51, 0
28749,85, 0
28750,92, 0
28751,89, 0
28752,85, 0
28753,76, 0
28754,74, 0
28755,80, 0
28756,101, 0
28757,131, 0
28758,138, 0
28759,174, 0
28760,176, 0
28761,175, 0
28762,163, 0
28763,136, 0
28764,123, 0
28765,102, 0
28766,95, 0
28767,92, 0
28768,85, 0
28769,95, 0
28770,134, 0
28771,155, 0
28772,152, 0
28773,143, 0
28774,110, 0
28775,102, 0
28776,117, 0
28777,145, 0
28778,184, 0
28779,223, 0
28780,257, 0
28781,270, 0
28782,268, 0
28783,254, 0
28784,234, 0
28785,223, 0
28786,198, 0
28787,175, 0
28788,168, 0
28789,160, 0
28790,135, 0
28791,121, 0
28792,102, 0
28793,80, 0
28794,80, 0
28795,92, 0
28796,115, 0
28797,152, 0
28798,179, 0
28799,220, 0
28800,183, 0
28801,183, 0
28802,160, 0
28803,116, 0
28804,62, 0
28805,21, 0
28806,4, 0
28807,12, 0
28808,28, 0
28809,45, 0
28810,70, 0
28811,75, 0
28812,93, 0
28813,102, 0
28814,123, 0
28815,121, 0
28816,122, 0
28817,125, 0
28818,137, 0
28819,152, 0
28820,133, 0
28821,122, 0
28822,139, 0
28823,132, 0
28824,118, 0
28825,91, 0
28826,73, 0
28827,59, 0
28828,54, 0
28829,62, 0
28830,89, 0
28831,109, 0
28832,147, 0
28833,185, 0
28834,217, 0
28835,220, 0
28836,214, 0
28837,196, 0
28838,181, 0
28839,172, 0
28840,171, 0
28841,175, 0
28842,183, 0
28843,159, 0
28844,141, 0
28845,133, 0
28846,130, 0
28847,132, 0
28848,136, 0
28849,148, 0
28850,164, 0
28851,176, 0
28852,175, 0
28853,189, 0
28854,175, 0
28855,158, 0
28856,136, 0
28857,123, 0
28858,89, 0
28859,59, 0
28860,47, 0
28861,23, 0
28862,24, 0
28863,40, 0
28864,57, 0
28865,75, 0
28866,87, 0
28867,110, 0
28868,121, 0
28869,127, 0
28870,133, 0
28871,133, 0
28872,112, 0
28873,102, 0
28874,104, 0
28875,122, 0
28876,142, 0
28877,164, 0
28878,177, 0
28879,159, 0
28880,149, 0
28881,113, 0
28882,63, 0
28883,48, 0
28884,52, 0
28885,67, 0
28886,87, 0
28887,89, 0
28888,95, 0
28889,112, 0
28890,137, 0
28891,140, 0
28892,121, 0
28893,91, 0
28894,70, 0
28895,62, 0
28896,64, 0
28897,86, 0
28898,116, 0
28899,154, 0
28900,187, 0
28901,236, 0
28902,263, 0
28903,281, 0
28904,302, 0
28905,300, 0
28906,286, 0
28907,244, 0
28908,200, 0
28909,171, 0
28910,159, 0
28911,159, 0
28912,158, 0
28913,172, 0
28914,189, 0
28915,193, 0
28916,165, 0
28917,167, 0
28918,133, 0
28919,123, 0
28920,118, 0
28921,118, 0
28922,117, 0
28923,119, 0
28924,113, 0
28925,94, 0
28926,60, 0
28927,29, 0
28928,20, 0
28929,26, 0
28930,31, 0
28931,60, 0
28932,74, 0
28933,59, 0
28934,41, 0
28935,19, 0
28936,12, 0
28937,25, 0
28938,57, 0
28939,87, 0
28940,121, 0
28941,141, 0
28942,150, 0
28943,139, 0
28944,142, 0
28945,133, 0
28946,122, 0
28947,116, 0
28948,117, 0
28949,119, 0
28950,128, 0
28951,145, 0
28952,140, 0
28953,157, 0
28954,164, 0
28955,176, 0
28956,163, 0
28957,140, 0
28958,132, 0
28959,140, 0
28960,140, 0
28961,156, 0
28962,179, 0
28963,189, 0
28964,198, 0
28965,197, 0
28966,199, 0
28967,196, 0
28968,193, 0
28969,210, 0
28970,190, 0
28971,180, 0
28972,170, 0
28973,158, 0
28974,152, 0
28975,149, 0
28976,143, 0
28977,145, 0
28978,135, 0
28979,132, 0
28980,130, 0
28981,132, 0
28982,136, 0
28983,121, 0
28984,107, 0
28985,94, 0
28986,72, 0
28987,41, 0
28988,17, 0
28989,10, 0
28990,21, 0
28991,35, 0
28992,79, 0
28993,104, 0
28994,108, 0
28995,116, 0
28996,119, 0
28997,117, 0
28998,121, 0
28999,108, 0
29000,106, 0
29001,108, 0
29002,113, 0
29003,111, 0
29004,110, 0
29005,113, 0
29006,120, 0
29007,122, 0
29008,128, 0
29009,128, 0
29010,139, 0
29011,145, 0
29012,152, 0
29013,156, 0
29014,164, 0
29015,165, 0
29016,164, 0
29017,140, 0
29018,127, 0
29019,119, 0
29020,126, 0
29021,128, 0
29022,145, 0
29023,174, 0
29024,211, 0
29025,190, 0
29026,195, 0
29027,195, 0
29028,189, 0
29029,183, 0
29030,191, 0
29031,170, 0
29032,168, 0
29033,164, 0
29034,152, 0
29035,145, 0
29036,141, 0
29037,139, 0
29038,133, 0
29039,125, 0
29040,124, 0
29041,115, 0
29042,117, 0
29043,113, 0
29044,121, 0
29045,97, 0
29046,94, 0
29047,79, 0
29048,54, 0
29049,29, 0
29050,27, 0
29051,34, 0
29052,51, 0
29053,94, 0
29054,95, 0
29055,100, 0
29056,93, 0
29057,112, 0
29058,104, 0
29059,110, 0
29060,102, 0
29061,99, 0
29062,102, 0
29063,92, 0
29064,96, 0
29065,109, 0
29066,106, 0
29067,113, 0
29068,121, 0
29069,136, 0
29070,143, 0
29071,145, 0
29072,147, 0
29073,148, 0
29074,151, 0
29075,159, 0
29076,164, 0
29077,172, 0
29078,159, 0
29079,147, 0
29080,144, 0
29081,170, 0
29082,152, 0
29083,160, 0
29084,183, 0
29085,199, 0
29086,204, 0
29087,204, 0
29088,208, 0
29089,206, 0
29090,210, 0
29091,201, 0
29092,191, 0
29093,184, 0
29094,174, 0
29095,175, 0
29096,158, 0
29097,158, 0
29098,152, 0
29099,148, 0
29100,147, 0
29101,132, 0
29102,133, 0
29103,127, 0
29104,118, 0
29105,119, 0
29106,111, 0
29107,94, 0
29108,81, 0
29109,55, 0
29110,30, 0
29111,20, 0
29112,25, 0
29113,37, 0
29114,70, 0
29115,81, 0
29116,77, 0
29117,70, 0
29118,74, 0
29119,73, 0
29120,71, 0
29121,77, 0
29122,86, 0
29123,83, 0
29124,92, 0
29125,112, 0
29126,104, 0
29127,125, 0
29128,127, 0
29129,127, 0
29130,140, 0
29131,139, 0
29132,148, 0
29133,149, 0
29134,141, 0
29135,149, 0
29136,155, 0
29137,155, 0
29138,155, 0
29139,141, 0
29140,121, 0
29141,122, 0
29142,139, 0
29143,152, 0
29144,168, 0
29145,192, 0
29146,199, 0
29147,192, 0
29148,195, 0
29149,188, 0
29150,176, 0
29151,174, 0
29152,165, 0
29153,181, 0
29154,170, 0
29155,159, 0
29156,176, 0
29157,163, 0
29158,179, 0
29159,168, 0
29160,161, 0
29161,155, 0
29162,142, 0
29163,140, 0
29164,129, 0
29165,115, 0
29166,121, 0
29167,100, 0
29168,84, 0
29169,68, 0
29170,36, 0
29171,12, 0
29172,9, 0
29173,14, 0
29174,32, 0
29175,54, 0
29176,70, 0
29177,58, 0
29178,79, 0
29179,88, 0
29180,91, 0
29181,94, 0
29182,101, 0
29183,107, 0
29184,117, 0
29185,124, 0
29186,136, 0
29187,127, 0
29188,134, 0
29189,139, 0
29190,147, 0
29191,154, 0
29192,152, 0
29193,158, 0
29194,163, 0
29195,158, 0
29196,159, 0
29197,167, 0
29198,163, 0
29199,164, 0
29200,152, 0
29201,128, 0
29202,112, 0
29203,115, 0
29204,129, 0
29205,157, 0
29206,189, 0
29207,221, 0
29208,220, 0
29209,226, 0
29210,223, 0
29211,227, 0
29212,222, 0
29213,211, 0
29214,195, 0
29215,197, 0
29216,173, 0
29217,172, 0
29218,165, 0
29219,150, 0
29220,131, 0
29221,133, 0
29222,133, 0
29223,133, 0
29224,130, 0
29225,124, 0
29226,113, 0
29227,102, 0
29228,94, 0
29229,85, 0
29230,68, 0
29231,35, 0
29232,13, 0
29233,20, 0
29234,22, 0
29235,40, 0
29236,55, 0
29237,67, 0
29238,63, 0
29239,58, 0
29240,79, 0
29241,81, 0
29242,86, 0
29243,92, 0
29244,95, 0
29245,100, 0
29246,102, 0
29247,111, 0
29248,106, 0
29249,113, 0
29250,121, 0
29251,133, 0
29252,138, 0
29253,134, 0
29254,132, 0
29255,133, 0
29256,139, 0
29257,142, 0
29258,157, 0
29259,157, 0
29260,153, 0
29261,158, 0
29262,133, 0
29263,127, 0
29264,139, 0
29265,140, 0
29266,167, 0
29267,190, 0
29268,196, 0
29269,200, 0
29270,205, 0
29271,204, 0
29272,191, 0
29273,191, 0
29274,184, 0
29275,180, 0
29276,181, 0
29277,177, 0
29278,168, 0
29279,159, 0
29280,145, 0
29281,122, 0
29282,116, 0
29283,112, 0
29284,121, 0
29285,119, 0
29286,127, 0
29287,127, 0
29288,126, 0
29289,126, 0
29290,121, 0
29291,108, 0
29292,74, 0
29293,46, 0
29294,38, 0
29295,39, 0
29296,55, 0
29297,73, 0
29298,76, 0
29299,71, 0
29300,64, 0
29301,57, 0
29302,44, 0
29303,29, 0
29304,23, 0
29305,24, 0
29306,39, 0
29307,63, 0
29308,108, 0
29309,136, 0
29310,163, 0
29311,157, 0
29312,163, 0
29313,153, 0
29314,152, 0
29315,158, 0
29316,177, 0
29317,169, 0
29318,176, 0
29319,173, 0
29320,172, 0
29321,183, 0
29322,139, 0
29323,112, 0
29324,121, 0
29325,113, 0
29326,127, 0
29327,159, 0
29328,193, 0
29329,223, 0
29330,242, 0
29331,256, 0
29332,246, 0
29333,233, 0
29334,216, 0
29335,206, 0
29336,198, 0
29337,193, 0
29338,188, 0
29339,197, 0
29340,175, 0
29341,161, 0
29342,163, 0
29343,149, 0
29344,139, 0
29345,133, 0
29346,139, 0
29347,129, 0
29348,122, 0
29349,117, 0
29350,105, 0
29351,93, 0
29352,78, 0
29353,40, 0
29354,25, 0
29355,25, 0
29356,30, 0
29357,47, 0
29358,70, 0
29359,69, 0
29360,56, 0
29361,38, 0
29362,26, 0
29363,18, 0
29364,18, 0
29365,41, 0
29366,57, 0
29367,84, 0
29368,102, 0
29369,122, 0
29370,115, 0
29371,131, 0
29372,122, 0
29373,133, 0
29374,152, 0
29375,154, 0
29376,163, 0
29377,165, 0
29378,173, 0
29379,180, 0
29380,185, 0
29381,175, 0
29382,171, 0
29383,158, 0
29384,145, 0
29385,133, 0
29386,134, 0
29387,143, 0
29388,164, 0
29389,186, 0
29390,184, 0
29391,188, 0
29392,190, 0
29393,185, 0
29394,183, 0
29395,198, 0
29396,191, 0
29397,202, 0
29398,199, 0
29399,182, 0
29400,183, 0
29401,170, 0
29402,170, 0
29403,153, 0
29404,145, 0
29405,139, 0
29406,143, 0
29407,133, 0
29408,129, 0
29409,109, 0
29410,115, 0
29411,102, 0
29412,92, 0
29413,77, 0
29414,42, 0
29415,28, 0
29416,32, 0
29417,35, 0
29418,44, 0
29419,70, 0
29420,72, 0
29421,63, 0
29422,69, 0
29423,78, 0
29424,76, 0
29425,76, 0
29426,94, 0
29427,90, 0
29428,101, 0
29429,104, 0
29430,106, 0
29431,108, 0
29432,108, 0
29433,109, 0
29434,125, 0
29435,124, 0
29436,129, 0
29437,138, 0
29438,134, 0
29439,141, 0
29440,152, 0
29441,156, 0
29442,156, 0
29443,158, 0
29444,136, 0
29445,123, 0
29446,125, 0
29447,137, 0
29448,143, 0
29449,164, 0
29450,188, 0
29451,193, 0
29452,197, 0
29453,202, 0
29454,204, 0
29455,197, 0
29456,190, 0
29457,186, 0
29458,183, 0
29459,182, 0
29460,181, 0
29461,173, 0
29462,171, 0
29463,159, 0
29464,150, 0
29465,130, 0
29466,138, 0
29467,136, 0
29468,138, 0
29469,136, 0
29470,140, 0
29471,128, 0
29472,115, 0
29473,104, 0
29474,83, 0
29475,53, 0
29476,31, 0
29477,28, 0
29478,37, 0
29479,60, 0
29480,78, 0
29481,76, 0
29482,80, 0
29483,77, 0
29484,85, 0
29485,79, 0
29486,85, 0
29487,84, 0
29488,86, 0
29489,92, 0
29490,97, 0
29491,96, 0
29492,102, 0
29493,112, 0
29494,111, 0
29495,131, 0
29496,127, 0
29497,127, 0
29498,139, 0
29499,132, 0
29500,121, 0
29501,142, 0
29502,148, 0
29503,152, 0
29504,154, 0
29505,136, 0
29506,121, 0
29507,134, 0
29508,131, 0
29509,152, 0
29510,185, 0
29511,202, 0
29512,213, 0
29513,220, 0
29514,222, 0
29515,212, 0
29516,217, 0
29517,208, 0
29518,200, 0
29519,197, 0
29520,190, 0
29521,183, 0
29522,179, 0
29523,177, 0
29524,176, 0
29525,172, 0
29526,159, 0
29527,152, 0
29528,152, 0
29529,150, 0
29530,139, 0
29531,133, 0
29532,124, 0
29533,110, 0
29534,107, 0
29535,69, 0
29536,48, 0
29537,27, 0
29538,37, 0
29539,42, 0
29540,64, 0
29541,83, 0
29542,77, 0
29543,91, 0
29544,88, 0
29545,83, 0
29546,90, 0
29547,90, 0
29548,90, 0
29549,92, 0
29550,96, 0
29551,99, 0
29552,102, 0
29553,102, 0
29554,115, 0
29555,97, 0
29556,110, 0
29557,129, 0
29558,133, 0
29559,129, 0
29560,144, 0
29561,143, 0
29562,149, 0
29563,158, 0
29564,156, 0
29565,149, 0
29566,129, 0
29567,117, 0
29568,125, 0
29569,126, 0
29570,145, 0
29571,170, 0
29572,189, 0
29573,193, 0
29574,200, 0
29575,198, 0
29576,196, 0
29577,190, 0
29578,179, 0
29579,190, 0
29580,184, 0
29581,187, 0
29582,183, 0
29583,180, 0
29584,176, 0
29585,168, 0
29586,159, 0
29587,163, 0
29588,153, 0
29589,152, 0
29590,147, 0
29591,139, 0
29592,139, 0
29593,127, 0
29594,129, 0
29595,106, 0
29596,91, 0
29597,43, 0
29598,36, 0
29599,32, 0
29600,46, 0
29601,71, 0
29602,92, 0
29603,89, 0
29604,88, 0
29605,87, 0
29606,89, 0
29607,88, 0
29608,91, 0
29609,87, 0
29610,91, 0
29611,99, 0
29612,107, 0
29613,95, 0
29614,99, 0
29615,104, 0
29616,95, 0
29617,119, 0
29618,121, 0
29619,127, 0
29620,128, 0
29621,136, 0
29622,144, 0
29623,150, 0
29624,154, 0
29625,152, 0
29626,152, 0
29627,126, 0
29628,110, 0
29629,117, 0
29630,126, 0
29631,144, 0
29632,174, 0
29633,190, 0
29634,191, 0
29635,198, 0
29636,197, 0
29637,191, 0
29638,196, 0
29639,190, 0
29640,191, 0
29641,192, 0
29642,188, 0
29643,185, 0
29644,180, 0
29645,187, 0
29646,170, 0
29647,164, 0
29648,157, 0
29649,142, 0
29650,150, 0
29651,145, 0
29652,137, 0
29653,125, 0
29654,124, 0
29655,135, 0
29656,92, 0
29657,65, 0
29658,50, 0
29659,36, 0
29660,53, 0
29661,46, 0
29662,74, 0
29663,89, 0
29664,86, 0
29665,84, 0
29666,76, 0
29667,83, 0
29668,89, 0
29669,84, 0
29670,86, 0
29671,88, 0
29672,94, 0
29673,93, 0
29674,85, 0
29675,96, 0
29676,106, 0
29677,106, 0
29678,109, 0
29679,95, 0
29680,121, 0
29681,127, 0
29682,126, 0
29683,133, 0
29684,133, 0
29685,133, 0
29686,137, 0
29687,126, 0
29688,123, 0
29689,99, 0
29690,115, 0
29691,121, 0
29692,151, 0
29693,181, 0
29694,205, 0
29695,217, 0
29696,215, 0
29697,208, 0
29698,204, 0
29699,196, 0
29700,189, 0
29701,180, 0
29702,174, 0
29703,160, 0
29704,184, 0
29705,151, 0
29706,145, 0
29707,145, 0
29708,140, 0
29709,141, 0
29710,143, 0
29711,148, 0
29712,147, 0
29713,145, 0
29714,134, 0
29715,139, 0
29716,157, 0
29717,133, 0
29718,101, 0
29719,67, 0
29720,60, 0
29721,59, 0
29722,70, 0
29723,81, 0
29724,92, 0
29725,78, 0
29726,79, 0
29727,80, 0
29728,81, 0
29729,86, 0
29730,95, 0
29731,88, 0
29732,92, 0
29733,94, 0
29734,95, 0
29735,94, 0
29736,96, 0
29737,95, 0
29738,115, 0
29739,101, 0
29740,108, 0
29741,133, 0
29742,130, 0
29743,131, 0
29744,139, 0
29745,145, 0
29746,149, 0
29747,153, 0
29748,134, 0
29749,115, 0
29750,118, 0
29751,118, 0
29752,132, 0
29753,147, 0
29754,170, 0
29755,184, 0
29756,190, 0
29757,192, 0
29758,176, 0
29759,185, 0
29760,176, 0
29761,173, 0
29762,167, 0
29763,157, 0
29764,142, 0
29765,143, 0
29766,142, 0
29767,144, 0
29768,158, 0
29769,168, 0
29770,169, 0
29771,181, 0
29772,176, 0
29773,152, 0
29774,152, 0
29775,132, 0
29776,117, 0
29777,108, 0
29778,83, 0
29779,63, 0
29780,72, 0
29781,68, 0
29782,71, 0
29783,70, 0
29784,100, 0
29785,123, 0
29786,121, 0
29787,113, 0
29788,106, 0
29789,92, 0
29790,78, 0
29791,48, 0
29792,8, 0
29793,0, 0
29794,0, 0
29795,9, 0
29796,27, 0
29797,59, 0
29798,95, 0
29799,141, 0
29800,175, 0
29801,202, 0
29802,202, 0
29803,214, 0
29804,217, 0
29805,217, 0
29806,223, 0
29807,215, 0
29808,195, 0
29809,165, 0
29810,130, 0
29811,121, 0
29812,120, 0
29813,133, 0
29814,145, 0
29815,170, 0
29816,184, 0
29817,188, 0
29818,192, 0
29819,189, 0
29820,193, 0
29821,210, 0
29822,201, 0
29823,213, 0
29824,196, 0
29825,181, 0
29826,185, 0
29827,176, 0
29828,154, 0
29829,139, 0
29830,118, 0
29831,108, 0
29832,112, 0
29833,121, 0
29834,126, 0
29835,123, 0
29836,112, 0
29837,106, 0
29838,108, 0
29839,95, 0
29840,64, 0
29841,44, 0
29842,45, 0
29843,58, 0
29844,63, 0
29845,90, 0
29846,104, 0
29847,105, 0
29848,123, 0
29849,111, 0
29850,108, 0
29851,95, 0
29852,67, 0
29853,41, 0
29854,9, 0
29855,0, 0
29856,7, 0
29857,40, 0
29858,81, 0
29859,123, 0
29860,164, 0
29861,190, 0
29862,214, 0
29863,251, 0
29864,264, 0
29865,253, 0
29866,218, 0
29867,170, 0
29868,123, 0
29869,85, 0
29870,36, 0
29871,9, 0
29872,14, 0
29873,15, 0
29874,48, 0
29875,101, 0
29876,156, 0
29877,198, 0
29878,207, 0
29879,211, 0
29880,203, 0
29881,201, 0
29882,214, 0
29883,206, 0
29884,214, 0
29885,183, 0
29886,159, 0
29887,133, 0
29888,126, 0
29889,122, 0
29890,116, 0
29891,126, 0
29892,129, 0
29893,128, 0
29894,129, 0
29895,128, 0
29896,124, 0
29897,111, 0
29898,105, 0
29899,101, 0
29900,94, 0
29901,68, 0
29902,51, 0
29903,56, 0
29904,63, 0
29905,89, 0
29906,122, 0
29907,136, 0
29908,135, 0
29909,135, 0
29910,120, 0
29911,96, 0
29912,107, 0
29913,120, 0
29914,115, 0
29915,107, 0
29916,116, 0
29917,133, 0
29918,141, 0
29919,147, 0
29920,140, 0
29921,126, 0
29922,97, 0
29923,92, 0
29924,70, 0
29925,83, 0
29926,93, 0
29927,115, 0
29928,121, 0
29929,133, 0
29930,129, 0
29931,110, 0
29932,87, 0
29933,90, 0
29934,105, 0
29935,121, 0
29936,163, 0
29937,198, 0
29938,226, 0
29939,255, 0
29940,263, 0
29941,256, 0
29942,254, 0
29943,230, 0
29944,226, 0
29945,232, 0
29946,196, 0
29947,189, 0
29948,152, 0
29949,133, 0
29950,115, 0
29951,96, 0
29952,65, 0
29953,59, 0
29954,69, 0
29955,79, 0
29956,102, 0
29957,115, 0
29958,136, 0
29959,163, 0
29960,186, 0
29961,187, 0
29962,163, 0
29963,139, 0
29964,128, 0
29965,118, 0
29966,108, 0
29967,107, 0
29968,93, 0
29969,73, 0
29970,79, 0
29971,90, 0
29972,108, 0
29973,130, 0
29974,123, 0
29975,99, 0
29976,72, 0
29977,51, 0
29978,48, 0
29979,45, 0
29980,61, 0
29981,77, 0
29982,90, 0
29983,115, 0
29984,118, 0
29985,108, 0
29986,111, 0
29987,94, 0
29988,106, 0
29989,132, 0
29990,158, 0
29991,161, 0
29992,136, 0
29993,119, 0
29994,115, 0
29995,159, 0
29996,180, 0
29997,222, 0
29998,278, 0
29999,281, 0
30000,294, 0
30001,280, 0
30002,263, 0
30003,238, 0
30004,226, 0
30005,206, 0
30006,191, 0
30007,172, 0
30008,158, 0
30009,156, 0
30010,154, 0
30011,157, 0
30012,158, 0
30013,151, 0
30014,149, 0
30015,152, 0
30016,139, 0
30017,137, 0
30018,107, 0
30019,65, 0
30020,25, 0
30021,0, 0
30022,5, 0
30023,41, 0
30024,60, 0
30025,31, 0
30026,0, 0
30027,44, 0
30028,127, 0
30029,184, 0
30030,216, 0
30031,236, 0
30032,203, 0
30033,172, 0
30034,131, 0
30035,105, 0
30036,89, 0
30037,85, 0
30038,83, 0
30039,87, 0
30040,90, 0
30041,91, 0
30042,95, 0
30043,86, 0
30044,72, 0
30045,65, 0
30046,74, 0
30047,83, 0
30048,92, 0
30049,97, 0
30050,92, 0
30051,105, 0
30052,117, 0
30053,108, 0
30054,89, 0
30055,70, 0
30056,55, 0
30057,75, 0
30058,102, 0
30059,122, 0
30060,110, 0
30061,100, 0
30062,102, 0
30063,108, 0
30064,117, 0
30065,108, 0
30066,135, 0
30067,157, 0
30068,183, 0
30069,189, 0
30070,197, 0
30071,216, 0
30072,239, 0
30073,238, 0
30074,232, 0
30075,227, 0
30076,220, 0
30077,241, 0
30078,244, 0
30079,251, 0
30080,253, 0
30081,233, 0
30082,203, 0
30083,153, 0
30084,92, 0
30085,65, 0
30086,59, 0
30087,56, 0
30088,71, 0
30089,76, 0
30090,62, 0
30091,38, 0
30092,31, 0
30093,31, 0
30094,55, 0
30095,80, 0
30096,106, 0
30097,145, 0
30098,174, 0
30099,200, 0
30100,214, 0
30101,213, 0
30102,198, 0
30103,176, 0
30104,142, 0
30105,108, 0
30106,95, 0
30107,86, 0
30108,103, 0
30109,128, 0
30110,154, 0
30111,184, 0
30112,198, 0
30113,183, 0
30114,141, 0
30115,95, 0
30116,63, 0
30117,34, 0
30118,32, 0
30119,57, 0
30120,101, 0
30121,159, 0
30122,211, 0
30123,235, 0
30124,223, 0
30125,196, 0
30126,156, 0
30127,142, 0
30128,138, 0
30129,157, 0
30130,196, 0
30131,210, 0
30132,200, 0
30133,183, 0
30134,142, 0
30135,102, 0
30136,92, 0
30137,92, 0
30138,111, 0
30139,133, 0
30140,161, 0
30141,187, 0
30142,216, 0
30143,220, 0
30144,186, 0
30145,134, 0
30146,60, 0
30147,12, 0
30148,1, 0
30149,28, 0
30150,72, 0
30151,99, 0
30152,107, 0
30153,93, 0
30154,120, 0
30155,145, 0
30156,132, 0
30157,68, 0
30158,5, 0
30159,37, 0
30160,50, 0
30161,25, 0
30162,12, 0
30163,120, 0
30164,176, 0
30165,201, 0
30166,207, 0
30167,214, 0
30168,197, 0
30169,181, 0
30170,145, 0
30171,104, 0
30172,83, 0
30173,76, 0
30174,57, 0
30175,36, 0
30176,39, 0
30177,61, 0
30178,78, 0
30179,150, 0
30180,173, 0
30181,222, 0
30182,246, 0
30183,255, 0
30184,257, 0
30185,231, 0
30186,208, 0
30187,188, 0
30188,181, 0
30189,170, 0
30190,152, 0
30191,152, 0
30192,167, 0
30193,197, 0
30194,218, 0
30195,237, 0
30196,259, 0
30197,293, 0
30198,307, 0
30199,300, 0
30200,282, 0
30201,233, 0
30202,170, 0
30203,128, 0
30204,133, 0
30205,83, 0
30206,50, 0
30207,52, 0
30208,47, 0
30209,44, 0
30210,83, 0
30211,106, 0
30212,101, 0
30213,45, 0
30214,3, 0
30215,0, 0
30216,0, 0
30217,23, 0
30218,76, 0
30219,119, 0
30220,141, 0
30221,115, 0
30222,70, 0
30223,19, 0
30224,8, 0
30225,7, 0
30226,0, 0
30227,0, 0
30228,0, 0
30229,57, 0
30230,127, 0
30231,211, 0
30232,266, 0
30233,300, 0
30234,326, 0
30235,282, 0
30236,223, 0
30237,153, 0
30238,99, 0
30239,77, 0
30240,68, 0
30241,89, 0
30242,102, 0
30243,127, 0
30244,135, 0
30245,109, 0
30246,83, 0
30247,52, 0
30248,43, 0
30249,55, 0
30250,76, 0
30251,102, 0
30252,142, 0
30253,174, 0
30254,198, 0
30255,205, 0
30256,186, 0
30257,151, 0
30258,124, 0
30259,127, 0
30260,175, 0
30261,231, 0
30262,221, 0
30263,139, 0
30264,73, 0
30265,10, 0
30266,0, 0
30267,14, 0
30268,29, 0
30269,42, 0
30270,12, 0
30271,0, 0
30272,0, 0
30273,10, 0
30274,25, 0
30275,59, 0
30276,121, 0
30277,215, 0
30278,312, 0
30279,409, 4
30280,434, 22
30281,403, 30
30282,318, 15
30283,223, 0
30284,147, 0
30285,91, 0
30286,69, 0
30287,43, 0
30288,77, 0
30289,148, 0
30290,221, 0
30291,269, 0
30292,307, 0
30293,300, 0
30294,299, 0
30295,264, 0
30296,214, 0
30297,176, 0
30298,131, 0
30299,99, 0
30300,119, 0
30301,155, 0
30302,169, 0
30303,189, 0
30304,197, 0
30305,207, 0
30306,224, 0
30307,263, 0
30308,305, 0
30309,342, 2
30310,381, 10
30311,388, 24
30312,407, 30
30313,409, 36
30314,384, 31
30315,327, 21
30316,272, 5
30317,214, 0
30318,166, 0
30319,91, 0
30320,6, 0
30321,104, 0
30322,198, 0
30323,268, 0
30324,257, 0
30325,210, 0
30326,143, 0
30327,70, 0
30328,19, 0
30329,0, 0
30330,0, 0
30331,11, 0
30332,47, 0
30333,83, 0
30334,133, 0
30335,196, 0
30336,246, 0
30337,248, 0
30338,211, 0
30339,159, 0
30340,123, 0
30341,94, 0
30342,41, 0
30343,1, 0
30344,2, 0
30345,27, 0
30346,26, 0
30347,0, 0
30348,35, 0
30349,141, 0
30350,221, 0
30351,270, 0
30352,267, 0
30353,226, 0
30354,152, 0
30355,56, 0
30356,1, 0
30357,39, 0
30358,69, 0
30359,46, 0
30360,9, 0
30361,0, 0
30362,0, 0
30363,0, 0
30364,27, 0
30365,121, 0
30366,208, 0
30367,276, 0
30368,317, 0
30369,319, 1
30370,332, 2
30371,328, 5
30372,318, 5
30373,316, 1
30374,334, 5
30375,351, 9
30376,322, 6
30377,285, 1
30378,242, 0
30379,233, 0
30380,244, 0
30381,282, 0
30382,323, 0
30383,360, 5
30384,371, 12
30385,324, 11
30386,206, 1
30387,58, 0
30388,1, 0
30389,25, 0
30390,5, 0
30391,14, 0
30392,81, 0
30393,149, 0
30394,179, 0
30395,152, 0
30396,89, 0
30397,43, 0
30398,52, 0
30399,85, 0
30400,137, 0
30401,180, 0
30402,202, 0
30403,213, 0
30404,204, 0
30405,181, 0
30406,176, 0
30407,223, 0
30408,287, 0
30409,325, 0
30410,317, 0
30411,268, 0
30412,207, 0
30413,170, 0
30414,126, 0
30415,81, 0
30416,73, 0
30417,51, 0
30418,70, 0
30419,86, 0
30420,103, 0
30421,115, 0
30422,123, 0
30423,120, 0
30424,101, 0
30425,79, 0
30426,71, 0
30427,71, 0
30428,70, 0
30429,37, 0
30430,12, 0
30431,23, 0
30432,51, 0
30433,84, 0
30434,105, 0
30435,110, 0
30436,92, 0
30437,83, 0
30438,84, 0
30439,68, 0
30440,54, 0
30441,57, 0
30442,43, 0
30443,35, 0
30444,27, 0
30445,36, 0
30446,67, 0
30447,78, 0
30448,78, 0
30449,32, 0
30450,3, 0
30451,6, 0
30452,59, 0
30453,124, 0
30454,195, 0
30455,207, 0
30456,181, 0
30457,161, 0
30458,171, 0
30459,198, 0
30460,220, 0
30461,244, 0
30462,254, 0
30463,286, 0
30464,318, 0
30465,310, 0
30466,261, 0
30467,159, 0
30468,32, 0
30469,30, 0
30470,77, 0
30471,38, 0
30472,5, 0
30473,87, 0
30474,156, 0
30475,190, 0
30476,238, 0
30477,262, 0
30478,294, 0
30479,298, 0
30480,226, 0
30481,176, 0
30482,155, 0
30483,131, 0
30484,108, 0
30485,90, 0
30486,91, 0
30487,104, 0
30488,105, 0
30489,99, 0
30490,84, 0
30491,89, 0
30492,116, 0
30493,125, 0
30494,129, 0
30495,135, 0
30496,147, 0
30497,126, 0
30498,121, 0
30499,107, 0
30500,89, 0
30501,76, 0
30502,61, 0
30503,63, 0
30504,79, 0
30505,81, 0
30506,99, 0
30507,138, 0
30508,188, 0
30509,200, 0
30510,191, 0
30511,170, 0
30512,186, 0
30513,196, 0
30514,204, 0
30515,204, 0
30516,251, 0
30517,249, 0
30518,192, 0
30519,140, 0
30520,102, 0
30521,63, 0
30522,31, 0
30523,9, 0
30524,2, 0
30525,5, 0
30526,0, 0
30527,0, 0
30528,44, 0
30529,102, 0
30530,158, 0
30531,204, 0
30532,229, 0
30533,204, 0
30534,143, 0
30535,101, 0
30536,30, 0
30537,2, 0
30538,9, 0
30539,27, 0
30540,86, 0
30541,138, 0
30542,180, 0
30543,174, 0
30544,165, 0
30545,206, 0
30546,312, 0
30547,396, 5
30548,466, 28
30549,475, 50
30550,401, 46
30551,275, 19
30552,150, 0
30553,63, 0
30554,9, 0
30555,25, 0
30556,88, 0
30557,110, 0
30558,78, 0
30559,12, 0
30560,22, 0
30561,108, 0
30562,237, 0
30563,387, 2
30564,499, 31
30565,563, 72
30566,576, 95
30567,540, 102
30568,469, 89
30569,408, 67
30570,348, 38
30571,276, 11
30572,200, 0
30573,95, 0
30574,8, 0
30575,71, 0
30576,166, 0
30577,277, 0
30578,343, 0
30579,347, 1
30580,269, 0
30581,183, 0
30582,128, 0
30583,78, 0
30584,14, 0
30585,18, 0
30586,110, 0
30587,189, 0
30588,238, 0
30589,263, 0
30590,264, 0
30591,218, 0
30592,204, 0
30593,196, 0
30594,212, 0
30595,240, 0
30596,256, 0
30597,257, 0
30598,241, 0
30599,262, 0
30600,270, 0
30601,244, 0
30602,181, 0
30603,138, 0
30604,126, 0
30605,142, 0
30606,185, 0
30607,202, 0
30608,184, 0
30609,171, 0
30610,161, 0
30611,182, 0
30612,188, 0
30613,220, 0
30614,240, 0
30615,273, 0
30616,318, 0
30617,353, 3
30618,344, 9
30619,307, 6
30620,276, 0
30621,214, 0
30622,181, 0
30623,156, 0
30624,140, 0
30625,128, 0
30626,115, 0
30627,102, 0
30628,84, 0
30629,62, 0
30630,51, 0
30631,32, 0
30632,24, 0
30633,36, 0
30634,58, 0
30635,86, 0
30636,103, 0
30637,109, 0
30638,83, 0
30639,19, 0
30640,0, 0
30641,0, 0
30642,2, 0
30643,27, 0
30644,60, 0
30645,77, 0
30646,91, 0
30647,127, 0
30648,159, 0
30649,184, 0
30650,183, 0
30651,137, 0
30652,81, 0
30653,29, 0
30654,0, 0
30655,2, 0
30656,10, 0
30657,19, 0
30658,0, 0
30659,25, 0
30660,61, 0
30661,102, 0
30662,100, 0
30663,89, 0
30664,80, 0
30665,69, 0
30666,73, 0
30667,91, 0
30668,140, 0
30669,206, 0
30670,255, 0
30671,290, 0
30672,314, 0
30673,300, 0
30674,265, 0
30675,232, 0
30676,196, 0
30677,179, 0
30678,171, 0
30679,160, 0
30680,174, 0
30681,151, 0
30682,199, 0
30683,230, 0
30684,270, 0
30685,279, 0
30686,257, 0
30687,204, 0
30688,139, 0
30689,78, 0
30690,39, 0
30691,19, 0
30692,12, 0
30693,3, 0
30694,3, 0
30695,6, 0
30696,19, 0
30697,52, 0
30698,80, 0
30699,115, 0
30700,104, 0
30701,83, 0
30702,69, 0
30703,80, 0
30704,135, 0
30705,189, 0
30706,195, 0
30707,188, 0
30708,150, 0
30709,111, 0
30710,89, 0
30711,100, 0
30712,115, 0
30713,123, 0
30714,159, 0
30715,189, 0
30716,170, 0
30717,168, 0
30718,127, 0
30719,91, 0
30720,61, 0
30721,53, 0
30722,27, 0
30723,3, 0
30724,0, 0
30725,0, 0
30726,2, 0
30727,73, 0
30728,153, 0
30729,183, 0
30730,199, 0
30731,201, 0
30732,193, 0
30733,188, 0
30734,170, 0
30735,156, 0
30736,138, 0
30737,113, 0
30738,90, 0
30739,94, 0
30740,123, 0
30741,140, 0
30742,158, 0
30743,143, 0
30744,132, 0
30745,123, 0
30746,86, 0
30747,39, 0
30748,1, 0
30749,0, 0
30750,25, 0
30751,122, 0
30752,213, 0
30753,243, 0
30754,221, 0
30755,191, 0
30756,193, 0
30757,192, 0
30758,200, 0
30759,196, 0
30760,175, 0
30761,171, 0
30762,214, 0
30763,278, 0
30764,313, 0
30765,308, 0
30766,229, 0
30767,138, 0
30768,61, 0
30769,6, 0
30770,44, 0
30771,109, 0
30772,166, 0
30773,166, 0
30774,93, 0
30775,8, 0
30776,31, 0
30777,53, 0
30778,72, 0
30779,122, 0
30780,169, 0
30781,216, 0
30782,248, 0
30783,300, 0
30784,348, 0
30785,400, 9
30786,425, 27
30787,411, 32
30788,355, 26
30789,290, 8
30790,240, 0
30791,223, 0
30792,200, 0
30793,164, 0
30794,133, 0
30795,180, 0
30796,230, 0
30797,292, 0
30798,274, 0
30799,193, 0
30800,104, 0
30801,44, 0
30802,48, 0
30803,29, 0
30804,8, 0
30805,0, 0
30806,0, 0
30807,0, 0
30808,22, 0
30809,68, 0
30810,89, 0
30811,44, 0
30812,11, 0
30813,92, 0
30814,149, 0
30815,176, 0
30816,199, 0
30817,182, 0
30818,164, 0
30819,175, 0
30820,206, 0
30821,236, 0
30822,232, 0
30823,202, 0
30824,176, 0
30825,174, 0
30826,185, 0
30827,220, 0
30828,243, 0
30829,280, 0
30830,284, 0
30831,256, 0
30832,212, 0
30833,150, 0
30834,85, 0
30835,36, 0
30836,5, 0
30837,3, 0
30838,17, 0
30839,68, 0
30840,130, 0
30841,189, 0
30842,218, 0
30843,240, 0
30844,245, 0
30845,222, 0
30846,191, 0
30847,176, 0
30848,179, 0
30849,196, 0
30850,192, 0
30851,193, 0
30852,183, 0
30853,173, 0
30854,159, 0
30855,153, 0
30856,164, 0
30857,183, 0
30858,189, 0
30859,184, 0
30860,184, 0
30861,188, 0
30862,191, 0
30863,170, 0
30864,115, 0
30865,38, 0
30866,0, 0
30867,0, 0
30868,18, 0
30869,62, 0
30870,81, 0
30871,86, 0
30872,70, 0
30873,42, 0
30874,11, 0
30875,0, 0
30876,6, 0
30877,13, 0
30878,10, 0
30879,0, 0
30880,0, 0
30881,15, 0
30882,13, 0
30883,5, 0
30884,1, 0
30885,30, 0
30886,57, 0
30887,46, 0
30888,1, 0
30889,23, 0
30890,53, 0
30891,12, 0
30892,14, 0
30893,56, 0
30894,44, 0
30895,18, 0
30896,0, 0
30897,0, 0
30898,19, 0
30899,81, 0
30900,175, 0
30901,272, 0
30902,339, 0
30903,326, 2
30904,279, 0
30905,242, 0
30906,251, 0
30907,318, 0
30908,413, 8
30909,463, 35
30910,472, 51
30911,434, 55
30912,361, 39
30913,278, 12
30914,231, 0
30915,234, 0
30916,294, 0
30917,362, 2
30918,427, 19
30919,457, 41
30920,462, 54
30921,384, 48
30922,263, 15
30923,153, 0
30924,93, 0
30925,51, 0
30926,17, 0
30927,19, 0
30928,92, 0
30929,219, 0
30930,306, 0
30931,339, 0
30932,311, 2
30933,259, 0
30934,176, 0
30935,91, 0
30936,23, 0
30937,12, 0
30938,34, 0
30939,58, 0
30940,67, 0
30941,38, 0
30942,0, 0
30943,0, 0
30944,0, 0
30945,30, 0
30946,65, 0
30947,74, 0
30948,72, 0
30949,77, 0
30950,104, 0
30951,112, 0
30952,142, 0
30953,176, 0
30954,212, 0
30955,195, 0
30956,166, 0
30957,108, 0
30958,83, 0
30959,92, 0
30960,155, 0
30961,206, 0
30962,256, 0
30963,265, 0
30964,239, 0
30965,171, 0
30966,122, 0
30967,86, 0
30968,72, 0
30969,73, 0
30970,69, 0
30971,71, 0
30972,93, 0
30973,123, 0
30974,177, 0
30975,270, 0
30976,370, 1
30977,450, 22
30978,487, 50
30979,485, 63
30980,451, 63
30981,388, 50
30982,301, 25
30983,196, 0
30984,73, 0
30985,0, 0
30986,35, 0
30987,44, 0
30988,11, 0
30989,7, 0
30990,71, 0
30991,139, 0
30992,196, 0
30993,237, 0
30994,257, 0
30995,264, 0
30996,271, 0
30997,220, 0
30998,204, 0
30999,188, 0
31000,183, 0
31001,159, 0
31002,154, 0
31003,148, 0
31004,132, 0
31005,121, 0
31006,115, 0
31007,91, 0
31008,89, 0
31009,76, 0
31010,78, 0
31011,70, 0
31012,67, 0
31013,63, 0
31014,74, 0
31015,78, 0
31016,83, 0
31017,77, 0
31018,5, 0
31019,25, 0
31020,89, 0
31021,125, 0
31022,145, 0
31023,139, 0
31024,92, 0
31025,15, 0
31026,47, 0
31027,107, 0
31028,143, 0
31029,164, 0
31030,211, 0
31031,216, 0
31032,202, 0
31033,183, 0
31034,157, 0
31035,152, 0
31036,161, 0
31037,183, 0
31038,213, 0
31039,203, 0
31040,183, 0
31041,164, 0
31042,170, 0
31043,170, 0
31044,149, 0
31045,121, 0
31046,87, 0
31047,100, 0
31048,121, 0
31049,138, 0
31050,139, 0
31051,112, 0
31052,74, 0
31053,63, 0
31054,86, 0
31055,93, 0
31056,68, 0
31057,11, 0
31058,0, 0
31059,5, 0
31060,3, 0
31061,0, 0
31062,3, 0
31063,0, 0
31064,0, 0
31065,12, 0
31066,42, 0
31067,50, 0
31068,27, 0
31069,2, 0
31070,0, 0
31071,0, 0
31072,0, 0
31073,6, 0
31074,69, 0
31075,170, 0
31076,287, 0
31077,354, 0
31078,384, 5
31079,364, 12
31080,332, 6
31081,299, 1
31082,293, 0
31083,276, 0
31084,236, 0
31085,164, 0
31086,45, 0
31087,0, 0
31088,3, 0
31089,23, 0
31090,78, 0
31091,124, 0
31092,139, 0
31093,144, 0
31094,153, 0
31095,138, 0
31096,115, 0
31097,87, 0
31098,28, 0
31099,2, 0
31100,0, 0
31101,0, 0
31102,4, 0
31103,57, 0
31104,143, 0
31105,215, 0
31106,263, 0
31107,253, 0
31108,244, 0
31109,232, 0
31110,218, 0
31111,207, 0
31112,206, 0
31113,206, 0
31114,222, 0
31115,221, 0
31116,202, 0
31117,158, 0
31118,84, 0
31119,30, 0
31120,2, 0
31121,17, 0
31122,44, 0
31123,70, 0
31124,121, 0
31125,145, 0
31126,141, 0
31127,101, 0
31128,27, 0
31129,48, 0
31130,151, 0
31131,135, 0
31132,24, 0
31133,117, 0
31134,248, 0
31135,318, 0
31136,349, 0
31137,361, 5
31138,353, 6
31139,376, 11
31140,403, 19
31141,414, 25
31142,420, 32
31143,393, 32
31144,354, 23
31145,301, 6
31146,236, 0
31147,175, 0
31148,115, 0
31149,57, 0
31150,10, 0
31151,0, 0
31152,0, 0
31153,19, 0
31154,52, 0
31155,101, 0
31156,158, 0
31157,200, 0
31158,244, 0
31159,257, 0
31160,235, 0
31161,196, 0
31162,161, 0
31163,148, 0
31164,133, 0
31165,126, 0
31166,128, 0
31167,130, 0
31168,129, 0
31169,148, 0
31170,170, 0
31171,205, 0
31172,220, 0
31173,229, 0
31174,213, 0
31175,159, 0
31176,102, 0
31177,59, 0
31178,36, 0
31179,27, 0
31180,11, 0
31181,0, 0
31182,0, 0
31183,1, 0
31184,8, 0
31185,17, 0
31186,53, 0
31187,102, 0
31188,106, 0
31189,63, 0
31190,7, 0
31191,102, 0
31192,206, 0
31193,262, 0
31194,282, 0
31195,271, 0
31196,271, 0
31197,263, 0
31198,230, 0
31199,199, 0
31200,169, 0
31201,126, 0
31202,85, 0
31203,90, 0
31204,108, 0
31205,127, 0
31206,140, 0
31207,152, 0
31208,171, 0
31209,207, 0
31210,227, 0
31211,253, 0
31212,245, 0
31213,216, 0
31214,167, 0
31215,147, 0
31216,160, 0
31217,149, 0
31218,118, 0
31219,92, 0
31220,89, 0
31221,96, 0
31222,99, 0
31223,83, 0
31224,59, 0
31225,21, 0
31226,1, 0
31227,0, 0
31228,40, 0
31229,107, 0
31230,147, 0
31231,153, 0
31232,191, 0
31233,251, 0
31234,258, 0
31235,238, 0
31236,202, 0
31237,176, 0
31238,181, 0
31239,196, 0
31240,167, 0
31241,127, 0
31242,94, 0
31243,64, 0
31244,38, 0
31245,38, 0
31246,74, 0
31247,121, 0
31248,173, 0
31249,210, 0
31250,200, 0
31251,118, 0
31252,42, 0
31253,0, 0
31254,0, 0
31255,0, 0
31256,0, 0
31257,0, 0
31258,6, 0
31259,46, 0
31260,77, 0
31261,70, 0
31262,45, 0
31263,20, 0
31264,2, 0
31265,0, 0
31266,0, 0
31267,7, 0
31268,93, 0
31269,202, 0
31270,294, 0
31271,325, 0
31272,342, 2
31273,322, 1
31274,318, 0
31275,289, 0
31276,268, 0
31277,274, 0
31278,306, 0
31279,328, 0
31280,321, 4
31281,268, 0
31282,223, 0
31283,183, 0
31284,182, 0
31285,197, 0
31286,199, 0
31287,158, 0
31288,102, 0
31289,72, 0
31290,80, 0
31291,122, 0
31292,181, 0
31293,257, 0
31294,360, 0
31295,425, 21
31296,446, 38
31297,414, 45
31298,361, 34
31299,292, 11
31300,200, 0
31301,108, 0
31302,14, 0
31303,0, 0
31304,0, 0
31305,0, 0
31306,1, 0
31307,35, 0
31308,71, 0
31309,102, 0
31310,145, 0
31311,150, 0
31312,119, 0
31313,76, 0
31314,57, 0
31315,79, 0
31316,105, 0
31317,113, 0
31318,102, 0
31319,102, 0
31320,102, 0
31321,102, 0
31322,103, 0
31323,106, 0
31324,101, 0
31325,102, 0
31326,102, 0
31327,134, 0
31328,192, 0
31329,247, 0
31330,266, 0
31331,240, 0
31332,164, 0
31333,127, 0
31334,139, 0
31335,149, 0
31336,121, 0
31337,83, 0
31338,29, 0
31339,1, 0
31340,0, 0
31341,1, 0
31342,22, 0
31343,58, 0
31344,101, 0
31345,148, 0
31346,184, 0
31347,187, 0
31348,160, 0
31349,143, 0
31350,144, 0
31351,161, 0
31352,181, 0
31353,185, 0
31354,164, 0
31355,164, 0
31356,148, 0
31357,120, 0
31358,118, 0
31359,138, 0
31360,150, 0
31361,179, 0
31362,175, 0
31363,134, 0
31364,63, 0
31365,5, 0
31366,27, 0
31367,65, 0
31368,44, 0
31369,12, 0
31370,11, 0
31371,21, 0
31372,34, 0
31373,5, 0
31374,25, 0
31375,88, 0
31376,143, 0
31377,206, 0
31378,237, 0
31379,237, 0
31380,186, 0
31381,95, 0
31382,50, 0
31383,21, 0
31384,25, 0
31385,70, 0
31386,113, 0
31387,155, 0
31388,154, 0
31389,152, 0
31390,139, 0
31391,138, 0
31392,137, 0
31393,148, 0
31394,118, 0
31395,144, 0
31396,128, 0
31397,133, 0
31398,161, 0
31399,167, 0
31400,183, 0
31401,190, 0
31402,207, 0
31403,204, 0
31404,213, 0
31405,226, 0
31406,226, 0
31407,236, 0
31408,228, 0
31409,204, 0
31410,175, 0
31411,158, 0
31412,141, 0
31413,121, 0
31414,101, 0
31415,76, 0
31416,63, 0
31417,61, 0
31418,63, 0
31419,79, 0
31420,87, 0
31421,83, 0
31422,83, 0
31423,48, 0
31424,7, 0
31425,0, 0
31426,6, 0
31427,19, 0
31428,54, 0
31429,62, 0
31430,83, 0
31431,101, 0
31432,133, 0
31433,136, 0
31434,134, 0
31435,127, 0
31436,97, 0
31437,106, 0
31438,99, 0
31439,102, 0
31440,119, 0
31441,83, 0
31442,44, 0
31443,50, 0
31444,32, 0
31445,46, 0
31446,87, 0
31447,125, 0
31448,135, 0
31449,133, 0
31450,131, 0
31451,138, 0
31452,196, 0
31453,258, 0
31454,300, 0
31455,294, 0
31456,251, 0
31457,180, 0
31458,122, 0
31459,137, 0
31460,195, 0
31461,269, 0
31462,338, 0
31463,376, 8
31464,368, 15
31465,361, 13
31466,318, 7
31467,261, 0
31468,193, 0
31469,132, 0
31470,92, 0
31471,74, 0
31472,40, 0
31473,13, 0
31474,11, 0
31475,47, 0
31476,127, 0
31477,202, 0
31478,241, 0
31479,282, 0
31480,278, 0
31481,262, 0
31482,214, 0
31483,183, 0
31484,145, 0
31485,108, 0
31486,58, 0
31487,12, 0
31488,1, 0
31489,19, 0
31490,4, 0
31491,10, 0
31492,83, 0
31493,164, 0
31494,193, 0
31495,201, 0
31496,197, 0
31497,161, 0
31498,148, 0
31499,129, 0
31500,115, 0
31501,104, 0
31502,97, 0
31503,65, 0
31504,51, 0
31505,53, 0
31506,76, 0
31507,101, 0
31508,125, 0
31509,129, 0
31510,96, 0
31511,72, 0
31512,23, 0
31513,17, 0
31514,1, 0
31515,76, 0
31516,132, 0
31517,102, 0
31518,38, 0
31519,0, 0
31520,40, 0
31521,65, 0
31522,100, 0
31523,196, 0
31524,317, 0
31525,409, 8
31526,476, 36
31527,469, 53
31528,436, 56
31529,387, 43
31530,344, 24
31531,316, 12
31532,312, 4
31533,317, 1
31534,302, 1
31535,265, 0
31536,210, 0
31537,198, 0
31538,187, 0
31539,196, 0
31540,126, 0
31541,34, 0
31542,14, 0
31543,52, 0
31544,12, 0
31545,0, 0
31546,0, 0
31547,27, 0
31548,63, 0
31549,54, 0
31550,13, 0
31551,26, 0
31552,58, 0
31553,46, 0
31554,28, 0
31555,34, 0
31556,78, 0
31557,126, 0
31558,144, 0
31559,99, 0
31560,61, 0
31561,44, 0
31562,83, 0
31563,161, 0
31564,255, 0
31565,300, 0
31566,296, 0
31567,262, 0
31568,263, 0
31569,261, 0
31570,235, 0
31571,227, 0
31572,220, 0
31573,227, 0
31574,244, 0
31575,232, 0
31576,173, 0
31577,126, 0
31578,103, 0
31579,78, 0
31580,75, 0
31581,83, 0
31582,107, 0
31583,159, 0
31584,231, 0
31585,306, 0
31586,383, 5
31587,446, 27
31588,462, 44
31589,438, 51
31590,398, 44
31591,334, 27
31592,272, 7
31593,213, 0
31594,158, 0
31595,126, 0
31596,117, 0
31597,127, 0
31598,138, 0
31599,158, 0
31600,129, 0
31601,96, 0
31602,95, 0
31603,99, 0
31604,92, 0
31605,65, 0
31606,20, 0
31607,0, 0
31608,0, 0
31609,3, 0
31610,35, 0
31611,60, 0
31612,57, 0
31613,55, 0
31614,68, 0
31615,92, 0
31616,93, 0
31617,91, 0
31618,75, 0
31619,60, 0
31620,47, 0
31621,43, 0
31622,31, 0
31623,30, 0
31624,41, 0
31625,60, 0
31626,89, 0
31627,110, 0
31628,127, 0
31629,139, 0
31630,130, 0
31631,111, 0
31632,104, 0
31633,111, 0
31634,115, 0
31635,132, 0
31636,131, 0
31637,112, 0
31638,88, 0
31639,47, 0
31640,28, 0
31641,30, 0
31642,54, 0
31643,83, 0
31644,127, 0
31645,175, 0
31646,217, 0
31647,251, 0
31648,255, 0
31649,249, 0
31650,218, 0
31651,201, 0
31652,187, 0
31653,181, 0
31654,170, 0
31655,139, 0
31656,96, 0
31657,65, 0
31658,57, 0
31659,81, 0
31660,88, 0
31661,86, 0
31662,45, 0
31663,15, 0
31664,25, 0
31665,79, 0
31666,141, 0
31667,151, 0
31668,143, 0
31669,139, 0
31670,135, 0
31671,138, 0
31672,141, 0
31673,179, 0
31674,176, 0
31675,172, 0
31676,170, 0
31677,148, 0
31678,125, 0
31679,88, 0
31680,20, 0
31681,0, 0
31682,0, 0
31683,1, 0
31684,29, 0
31685,76, 0
31686,125, 0
31687,170, 0
31688,181, 0
31689,164, 0
31690,155, 0
31691,160, 0
31692,171, 0
31693,164, 0
31694,151, 0
31695,134, 0
31696,133, 0
31697,130, 0
31698,115, 0
31699,108, 0
31700,133, 0
31701,156, 0
31702,176, 0
31703,223, 0
31704,245, 0
31705,276, 0
31706,311, 0
31707,343, 2
31708,361, 7
31709,334, 8
31710,304, 5
31711,260, 0
31712,186, 0
31713,121, 0
31714,88, 0
31715,95, 0
31716,131, 0
31717,172, 0
31718,193, 0
31719,179, 0
31720,148, 0
31721,108, 0
31722,89, 0
31723,70, 0
31724,64, 0
31725,76, 0
31726,89, 0
31727,88, 0
31728,46, 0
31729,13, 0
31730,5, 0
31731,0, 0
31732,0, 0
31733,25, 0
31734,28, 0
31735,7, 0
31736,0, 0
31737,0, 0
31738,0, 0
31739,7, 0
31740,39, 0
31741,63, 0
31742,99, 0
31743,124, 0
31744,129, 0
31745,84, 0
31746,70, 0
31747,62, 0
31748,60, 0
31749,71, 0
31750,89, 0
31751,121, 0
31752,174, 0
31753,223, 0
31754,282, 0
31755,302, 0
31756,305, 0
31757,300, 0
31758,271, 0
31759,232, 0
31760,215, 0
31761,202, 0
31762,175, 0
31763,160, 0
31764,127, 0
31765,99, 0
31766,73, 0
31767,65, 0
31768,83, 0
31769,108, 0
31770,122, 0
31771,121, 0
31772,128, 0
31773,152, 0
31774,170, 0
31775,216, 0
31776,245, 0
31777,247, 0
31778,233, 0
31779,223, 0
31780,216, 0
31781,220, 0
31782,226, 0
31783,235, 0
31784,222, 0
31785,171, 0
31786,108, 0
31787,31, 0
31788,1, 0
31789,51, 0
31790,56, 0
31791,29, 0
31792,0, 0
31793,43, 0
31794,119, 0
31795,148, 0
31796,133, 0
31797,87, 0
31798,68, 0
31799,69, 0
31800,96, 0
31801,137, 0
31802,173, 0
31803,191, 0
31804,186, 0
31805,173, 0
31806,157, 0
31807,135, 0
31808,130, 0
31809,115, 0
31810,108, 0
31811,96, 0
31812,97, 0
31813,96, 0
31814,90, 0
31815,60, 0
31816,40, 0
31817,18, 0
31818,11, 0
31819,0, 0
31820,6, 0
31821,57, 0
31822,130, 0
31823,207, 0
31824,271, 0
31825,306, 0
31826,291, 0
31827,251, 0
31828,221, 0
31829,170, 0
31830,145, 0
31831,129, 0
31832,127, 0
31833,142, 0
31834,145, 0
31835,137, 0
31836,102, 0
31837,74, 0
31838,44, 0
31839,38, 0
31840,48, 0
31841,76, 0
31842,115, 0
31843,157, 0
31844,204, 0
31845,262, 0
31846,306, 0
31847,344, 0
31848,372, 10
31849,393, 19
31850,385, 24
31851,344, 17
31852,280, 6
31853,179, 0
31854,65, 0
31855,20, 0
31856,6, 0
31857,19, 0
31858,52, 0
31859,94, 0
31860,124, 0
31861,132, 0
31862,121, 0
31863,94, 0
31864,77, 0
31865,71, 0
31866,57, 0
31867,75, 0
31868,91, 0
31869,105, 0
31870,121, 0
31871,150, 0
31872,174, 0
31873,200, 0
31874,191, 0
31875,158, 0
31876,121, 0
31877,86, 0
31878,67, 0
31879,88, 0
31880,101, 0
31881,88, 0
31882,93, 0
31883,115, 0
31884,115, 0
31885,112, 0
31886,120, 0
31887,138, 0
31888,137, 0
31889,129, 0
31890,124, 0
31891,126, 0
31892,142, 0
31893,158, 0
31894,182, 0
31895,191, 0
31896,181, 0
31897,156, 0
31898,117, 0
31899,89, 0
31900,63, 0
31901,57, 0
31902,73, 0
31903,90, 0
31904,96, 0
31905,97, 0
31906,100, 0
31907,102, 0
31908,121, 0
31909,140, 0
31910,143, 0
31911,118, 0
31912,81, 0
31913,44, 0
31914,22, 0
31915,43, 0
31916,81, 0
31917,130, 0
31918,150, 0
31919,139, 0
31920,119, 0
31921,97, 0
31922,77, 0
31923,68, 0
31924,61, 0
31925,64, 0
31926,68, 0
31927,71, 0
31928,81, 0
31929,102, 0
31930,113, 0
31931,120, 0
31932,123, 0
31933,128, 0
31934,129, 0
31935,121, 0
31936,115, 0
31937,119, 0
31938,133, 0
31939,175, 0
31940,179, 0
31941,180, 0
31942,176, 0
31943,150, 0
31944,144, 0
31945,141, 0
31946,155, 0
31947,172, 0
31948,163, 0
31949,159, 0
31950,153, 0
31951,130, 0
31952,105, 0
31953,93, 0
31954,101, 0
31955,133, 0
31956,182, 0
31957,234, 0
31958,260, 0
31959,263, 0
31960,238, 0
31961,220, 0
31962,200, 0
31963,183, 0
31964,172, 0
31965,161, 0
31966,139, 0
31967,119, 0
31968,101, 0
31969,69, 0
31970,32, 0
31971,2, 0
31972,0, 0
31973,10, 0
31974,0, 0
31975,5, 0
31976,61, 0
31977,121, 0
31978,152, 0
31979,127, 0
31980,116, 0
31981,90, 0
31982,63, 0
31983,48, 0
31984,47, 0
31985,58, 0
31986,70, 0
31987,80, 0
31988,95, 0
31989,104, 0
31990,125, 0
31991,140, 0
31992,160, 0
31993,185, 0
31994,183, 0
31995,184, 0
31996,190, 0
31997,189, 0
31998,207, 0
31999,195, 0
32000,201, 0
32001,214, 0
32002,204, 0
32003,205, 0
32004,203, 0
32005,199, 0
32006,197, 0
32007,207, 0
32008,239, 0
32009,257, 0
32010,267, 0
32011,258, 0
32012,226, 0
32013,189, 0
32014,164, 0
32015,141, 0
32016,120, 0
32017,94, 0
32018,92, 0
32019,100, 0
32020,125, 0
32021,135, 0
32022,138, 0
32023,122, 0
32024,127, 0
32025,142, 0
32026,170, 0
32027,174, 0
32028,172, 0
32029,154, 0
32030,127, 0
32031,83, 0
32032,19, 0
32033,0, 0
32034,3, 0
32035,3, 0
32036,3, 0
32037,5, 0
32038,4, 0
32039,48, 0
32040,89, 0
32041,128, 0
32042,153, 0
32043,163, 0
32044,168, 0
32045,167, 0
32046,138, 0
32047,116, 0
32048,106, 0
32049,110, 0
32050,133, 0
32051,150, 0
32052,181, 0
32053,187, 0
32054,203, 0
32055,202, 0
32056,187, 0
32057,164, 0
32058,141, 0
32059,127, 0
32060,123, 0
32061,131, 0
32062,167, 0
32063,167, 0
32064,173, 0
32065,172, 0
32066,169, 0
32067,191, 0
32068,214, 0
32069,223, 0
32070,226, 0
32071,226, 0
32072,236, 0
32073,213, 0
32074,197, 0
32075,177, 0
32076,151, 0
32077,128, 0
32078,121, 0
32079,139, 0
32080,167, 0
32081,202, 0
32082,222, 0
32083,226, 0
32084,202, 0
32085,160, 0
32086,119, 0
32087,89, 0
32088,69, 0
32089,35, 0
32090,9, 0
32091,1, 0
32092,6, 0
32093,7, 0
32094,4, 0
32095,15, 0
32096,58, 0
32097,124, 0
32098,184, 0
32099,227, 0
32100,223, 0
32101,190, 0
32102,160, 0
32103,148, 0
32104,100, 0
32105,69, 0
32106,48, 0
32107,32, 0
32108,27, 0
32109,38, 0
32110,46, 0
32111,63, 0
32112,83, 0
32113,102, 0
32114,134, 0
32115,155, 0
32116,165, 0
32117,141, 0
32118,145, 0
32119,136, 0
32120,149, 0
32121,137, 0
32122,149, 0
32123,152, 0
32124,135, 0
32125,120, 0
32126,111, 0
32127,124, 0
32128,127, 0
32129,144, 0
32130,155, 0
32131,151, 0
32132,139, 0
32133,142, 0
32134,137, 0
32135,138, 0
32136,158, 0
32137,165, 0
32138,176, 0
32139,177, 0
32140,167, 0
32141,156, 0
32142,158, 0
32143,152, 0
32144,149, 0
32145,138, 0
32146,147, 0
32147,134, 0
32148,122, 0
32149,106, 0
32150,95, 0
32151,73, 0
32152,68, 0
32153,75, 0
32154,73, 0
32155,67, 0
32156,52, 0
32157,40, 0
32158,31, 0
32159,39, 0
32160,53, 0
32161,53, 0
32162,45, 0
32163,63, 0
32164,45, 0
32165,39, 0
32166,47, 0
32167,70, 0
32168,95, 0
32169,113, 0
32170,134, 0
32171,139, 0
32172,106, 0
32173,121, 0
32174,118, 0
32175,143, 0
32176,147, 0
32177,147, 0
32178,143, 0
32179,143, 0
32180,149, 0
32181,152, 0
32182,169, 0
32183,191, 0
32184,206, 0
32185,198, 0
32186,189, 0
32187,173, 0
32188,165, 0
32189,164, 0
32190,185, 0
32191,197, 0
32192,202, 0
32193,210, 0
32194,204, 0
32195,195, 0
32196,183, 0
32197,182, 0
32198,183, 0
32199,179, 0
32200,167, 0
32201,161, 0
32202,154, 0
32203,152, 0
32204,159, 0
32205,165, 0
32206,170, 0
32207,182, 0
32208,161, 0
32209,179, 0
32210,160, 0
32211,135, 0
32212,119, 0
32213,92, 0
32214,57, 0
32215,42, 0
32216,20, 0
32217,12, 0
32218,18, 0
32219,26, 0
32220,48, 0
32221,70, 0
32222,79, 0
32223,76, 0
32224,83, 0
32225,73, 0
32226,75, 0
32227,68, 0
32228,71, 0
32229,78, 0
32230,88, 0
32231,103, 0
32232,118, 0
32233,138, 0
32234,147, 0
32235,145, 0
32236,169, 0
32237,149, 0
32238,142, 0
32239,139, 0
32240,148, 0
32241,139, 0
32242,153, 0
32243,166, 0
32244,168, 0
32245,158, 0
32246,137, 0
32247,116, 0
32248,95, 0
32249,99, 0
32250,97, 0
32251,119, 0
32252,138, 0
32253,157, 0
32254,163, 0
32255,183, 0
32256,183, 0
32257,184, 0
32258,199, 0
32259,213, 0
32260,220, 0
32261,217, 0
32262,207, 0
32263,193, 0
32264,183, 0
32265,170, 0
32266,161, 0
32267,142, 0
32268,138, 0
32269,142, 0
32270,155, 0
32271,154, 0
32272,127, 0
32273,138, 0
32274,120, 0
32275,106, 0
32276,76, 0
32277,45, 0
32278,29, 0
32279,28, 0
32280,50, 0
32281,74, 0
32282,106, 0
32283,102, 0
32284,92, 0
32285,88, 0
32286,91, 0
32287,85, 0
32288,81, 0
32289,83, 0
32290,95, 0
32291,104, 0
32292,109, 0
32293,142, 0
32294,133, 0
32295,133, 0
32296,127, 0
32297,123, 0
32298,129, 0
32299,129, 0
32300,133, 0
32301,140, 0
32302,137, 0
32303,155, 0
32304,159, 0
32305,168, 0
32306,172, 0
32307,148, 0
32308,128, 0
32309,142, 0
32310,143, 0
32311,151, 0
32312,170, 0
32313,183, 0
32314,184, 0
32315,198, 0
32316,195, 0
32317,196, 0
32318,204, 0
32319,204, 0
32320,207, 0
32321,202, 0
32322,196, 0
32323,184, 0
32324,165, 0
32325,159, 0
32326,149, 0
32327,138, 0
32328,138, 0
32329,143, 0
32330,120, 0
32331,131, 0
32332,135, 0
32333,117, 0
32334,125, 0
32335,120, 0
32336,102, 0
32337,70, 0
32338,26, 0
32339,2, 0
32340,0, 0
32341,5, 0
32342,25, 0
32343,61, 0
32344,80, 0
32345,92, 0
32346,99, 0
32347,113, 0
32348,93, 0
32349,80, 0
32350,84, 0
32351,81, 0
32352,92, 0
32353,99, 0
32354,100, 0
32355,102, 0
32356,113, 0
32357,133, 0
32358,145, 0
32359,144, 0
32360,163, 0
32361,154, 0
32362,157, 0
32363,157, 0
32364,164, 0
32365,177, 0
32366,176, 0
32367,174, 0
32368,149, 0
32369,127, 0
32370,126, 0
32371,136, 0
32372,151, 0
32373,173, 0
32374,192, 0
32375,200, 0
32376,198, 0
32377,202, 0
32378,189, 0
32379,184, 0
32380,183, 0
32381,184, 0
32382,165, 0
32383,152, 0
32384,145, 0
32385,123, 0
32386,116, 0
32387,117, 0
32388,106, 0
32389,131, 0
32390,158, 0
32391,143, 0
32392,157, 0
32393,138, 0
32394,115, 0
32395,102, 0
32396,79, 0
32397,57, 0
32398,34, 0
32399,17, 0
32400,13, 0
32401,26, 0
32402,63, 0
32403,89, 0
32404,121, 0
32405,130, 0
32406,120, 0
32407,108, 0
32408,104, 0
32409,104, 0
32410,99, 0
32411,107, 0
32412,103, 0
32413,115, 0
32414,120, 0
32415,145, 0
32416,147, 0
32417,139, 0
32418,131, 0
32419,125, 0
32420,133, 0
32421,130, 0
32422,134, 0
32423,133, 0
32424,138, 0
32425,143, 0
32426,152, 0
32427,171, 0
32428,181, 0
32429,158, 0
32430,158, 0
32431,156, 0
32432,158, 0
32433,174, 0
32434,196, 0
32435,214, 0
32436,222, 0
32437,219, 0
32438,213, 0
32439,205, 0
32440,207, 0
32441,202, 0
32442,195, 0
32443,181, 0
32444,152, 0
32445,121, 0
32446,81, 0
32447,73, 0
32448,69, 0
32449,81, 0
32450,108, 0
32451,136, 0
32452,169, 0
32453,189, 0
32454,199, 0
32455,165, 0
32456,150, 0
32457,126, 0
32458,102, 0
32459,77, 0
32460,51, 0
32461,28, 0
32462,12, 0
32463,2, 0
32464,7, 0
32465,27, 0
32466,53, 0
32467,59, 0
32468,83, 0
32469,93, 0
32470,102, 0
32471,123, 0
32472,133, 0
32473,133, 0
32474,135, 0
32475,130, 0
32476,116, 0
32477,117, 0
32478,121, 0
32479,108, 0
32480,133, 0
32481,133, 0
32482,147, 0
32483,140, 0
32484,149, 0
32485,159, 0
32486,159, 0
32487,160, 0
32488,152, 0
32489,134, 0
32490,104, 0
32491,73, 0
32492,67, 0
32493,63, 0
32494,88, 0
32495,134, 0
32496,183, 0
32497,220, 0
32498,235, 0
32499,260, 0
32500,258, 0
32501,253, 0
32502,241, 0
32503,223, 0
32504,201, 0
32505,189, 0
32506,176, 0
32507,179, 0
32508,184, 0
32509,170, 0
32510,158, 0
32511,152, 0
32512,140, 0
32513,132, 0
32514,137, 0
32515,127, 0
32516,119, 0
32517,113, 0
32518,95, 0
32519,80, 0
32520,58, 0
32521,35, 0
32522,25, 0
32523,30, 0
32524,40, 0
32525,56, 0
32526,70, 0
32527,71, 0
32528,76, 0
32529,70, 0
32530,76, 0
32531,76, 0
32532,85, 0
32533,93, 0
32534,97, 0
32535,104, 0
32536,106, 0
32537,100, 0
32538,120, 0
32539,118, 0
32540,128, 0
32541,156, 0
32542,140, 0
32543,139, 0
32544,152, 0
32545,150, 0
32546,151, 0
32547,159, 0
32548,161, 0
32549,175, 0
32550,158, 0
32551,137, 0
32552,132, 0
32553,133, 0
32554,138, 0
32555,141, 0
32556,159, 0
32557,170, 0
32558,174, 0
32559,175, 0
32560,183, 0
32561,184, 0
32562,199, 0
32563,213, 0
32564,207, 0
32565,218, 0
32566,216, 0
32567,201, 0
32568,189, 0
32569,185, 0
32570,173, 0
32571,156, 0
32572,156, 0
32573,134, 0
32574,129, 0
32575,116, 0
32576,100, 0
32577,91, 0
32578,107, 0
32579,101, 0
32580,93, 0
32581,87, 0
32582,68, 0
32583,55, 0
32584,51, 0
32585,53, 0
32586,70, 0
32587,79, 0
32588,76, 0
32589,75, 0
32590,71, 0
32591,83, 0
32592,77, 0
32593,85, 0
32594,86, 0
32595,89, 0
32596,94, 0
32597,113, 0
32598,101, 0
32599,112, 0
32600,122, 0
32601,121, 0
32602,126, 0
32603,136, 0
32604,135, 0
32605,143, 0
32606,145, 0
32607,156, 0
32608,165, 0
32609,171, 0
32610,170, 0
32611,157, 0
32612,144, 0
32613,137, 0
32614,140, 0
32615,151, 0
32616,172, 0
32617,198, 0
32618,203, 0
32619,217, 0
32620,204, 0
32621,210, 0
32622,198, 0
32623,197, 0
32624,183, 0
32625,190, 0
32626,173, 0
32627,182, 0
32628,183, 0
32629,171, 0
32630,170, 0
32631,163, 0
32632,153, 0
32633,129, 0
32634,132, 0
32635,130, 0
32636,128, 0
32637,118, 0
32638,102, 0
32639,92, 0
32640,95, 0
32641,76, 0
32642,52, 0
32643,29, 0
32644,24, 0
32645,29, 0
32646,41, 0
32647,58, 0
32648,75, 0
32649,62, 0
32650,70, 0
32651,81, 0
32652,70, 0
32653,85, 0
32654,95, 0
32655,101, 0
32656,100, 0
32657,110, 0
32658,115, 0
32659,108, 0
32660,121, 0
32661,120, 0
32662,125, 0
32663,128, 0
32664,137, 0
32665,136, 0
32666,147, 0
32667,154, 0
32668,151, 0
32669,163, 0
32670,167, 0
32671,159, 0
32672,151, 0
32673,126, 0
32674,121, 0
32675,130, 0
32676,139, 0
32677,148, 0
32678,172, 0
32679,187, 0
32680,189, 0
32681,198, 0
32682,210, 0
32683,202, 0
32684,201, 0
32685,172, 0
32686,193, 0
32687,185, 0
32688,189, 0
32689,164, 0
32690,168, 0
32691,152, 0
32692,150, 0
32693,142, 0
32694,135, 0
32695,127, 0
32696,125, 0
32697,121, 0
32698,123, 0
32699,105, 0
32700,99, 0
32701,109, 0
32702,83, 0
32703,63, 0
32704,46, 0
32705,42, 0
32706,50, 0
32707,63, 0
32708,81, 0
32709,91, 0
32710,71, 0
32711,83, 0
32712,88, 0
32713,93, 0
32714,92, 0
32715,90, 0
32716,94, 0
32717,94, 0
32718,103, 0
32719,110, 0
32720,110, 0
32721,121, 0
32722,125, 0
32723,133, 0
32724,142, 0
32725,144, 0
32726,144, 0
32727,151, 0
32728,152, 0
32729,154, 0
32730,157, 0
32731,157, 0
32732,152, 0
32733,142, 0
32734,123, 0
32735,119, 0
32736,129, 0
32737,130, 0
32738,144, 0
32739,171, 0
32740,189, 0
32741,190, 0
32742,190, 0
32743,189, 0
32744,183, 0
32745,181, 0
32746,180, 0
32747,179, 0
32748,164, 0
32749,172, 0
32750,157, 0
32751,154, 0
32752,155, 0
32753,143, 0
32754,161, 0
32755,133, 0
32756,135, 0
32757,128, 0
32758,117, 0
32759,101, 0
32760,103, 0
32761,105, 0
32762,91, 0
32763,87, 0
32764,55, 0
32765,37, 0
32766,38, 0
32767,40, 0
32768,54, 0
32769,75, 0
32770,89, 0
32771,76, 0
32772,79, 0
32773,96, 0
32774,96, 0
32775,96, 0
32776,103, 0
32777,89, 0
32778,97, 0
32779,110, 0
32780,113, 0
32781,121, 0
32782,121, 0
32783,124, 0
32784,134, 0
32785,133, 0
32786,140, 0
32787,145, 0
32788,147, 0
32789,149, 0
32790,155, 0
32791,159, 0
32792,158, 0
32793,165, 0
32794,145, 0
32795,126, 0
32796,134, 0
32797,131, 0
32798,139, 0
32799,159, 0
32800,183, 0
32801,196, 0
32802,195, 0
32803,196, 0
32804,187, 0
32805,176, 0
32806,177, 0
32807,171, 0
32808,177, 0
32809,166, 0
32810,183, 0
32811,158, 0
32812,153, 0
32813,152, 0
32814,152, 0
32815,145, 0
32816,150, 0
32817,148, 0
32818,143, 0
32819,143, 0
32820,134, 0
32821,124, 0
32822,124, 0
32823,110, 0
32824,99, 0
32825,52, 0
32826,38, 0
32827,38, 0
32828,38, 0
32829,56, 0
32830,80, 0
32831,83, 0
32832,85, 0
32833,89, 0
32834,94, 0
32835,86, 0
32836,99, 0
32837,104, 0
32838,112, 0
32839,118, 0
32840,127, 0
32841,130, 0
32842,135, 0
32843,135, 0
32844,139, 0
32845,136, 0
32846,149, 0
32847,145, 0
32848,152, 0
32849,145, 0
32850,137, 0
32851,152, 0
32852,165, 0
32853,165, 0
32854,158, 0
32855,153, 0
32856,129, 0
32857,122, 0
32858,149, 0
32859,142, 0
32860,160, 0
32861,179, 0
32862,189, 0
32863,192, 0
32864,189, 0
32865,193, 0
32866,179, 0
32867,185, 0
32868,186, 0
32869,183, 0
32870,174, 0
32871,173, 0
32872,171, 0
32873,164, 0
32874,166, 0
32875,158, 0
32876,147, 0
32877,142, 0
32878,137, 0
32879,135, 0
32880,127, 0
32881,120, 0
32882,113, 0
32883,115, 0
32884,111, 0
32885,81, 0
32886,57, 0
32887,39, 0
32888,39, 0
32889,39, 0
32890,60, 0
32891,84, 0
32892,89, 0
32893,87, 0
32894,91, 0
32895,89, 0
32896,92, 0
32897,108, 0
32898,93, 0
32899,92, 0
32900,95, 0
32901,96, 0
32902,96, 0
32903,99, 0
32904,100, 0
32905,115, 0
32906,108, 0
32907,126, 0
32908,134, 0
32909,142, 0
32910,150, 0
32911,154, 0
32912,153, 0
32913,140, 0
32914,161, 0
32915,159, 0
32916,134, 0
32917,117, 0
32918,118, 0
32919,132, 0
32920,140, 0
32921,165, 0
32922,182, 0
32923,196, 0
32924,193, 0
32925,196, 0
32926,197, 0
32927,195, 0
32928,187, 0
32929,180, 0
32930,183, 0
32931,189, 0
32932,186, 0
32933,170, 0
32934,167, 0
32935,163, 0
32936,151, 0
32937,147, 0
32938,141, 0
32939,139, 0
32940,150, 0
32941,133, 0
32942,137, 0
32943,122, 0
32944,118, 0
32945,103, 0
32946,89, 0
32947,44, 0
32948,26, 0
32949,30, 0
32950,40, 0
32951,64, 0
32952,94, 0
32953,109, 0
32954,115, 0
32955,120, 0
32956,126, 0
32957,121, 0
32958,117, 0
32959,121, 0
32960,108, 0
32961,108, 0
32962,117, 0
32963,111, 0
32964,108, 0
32965,109, 0
32966,115, 0
32967,121, 0
32968,125, 0
32969,128, 0
32970,133, 0
32971,139, 0
32972,133, 0
32973,145, 0
32974,133, 0
32975,149, 0
32976,151, 0
32977,134, 0
32978,121, 0
32979,120, 0
32980,122, 0
32981,127, 0
32982,159, 0
32983,173, 0
32984,189, 0
32985,191, 0
32986,187, 0
32987,183, 0
32988,173, 0
32989,181, 0
32990,177, 0
32991,160, 0
32992,165, 0
32993,164, 0
32994,158, 0
32995,158, 0
32996,152, 0
32997,145, 0
32998,134, 0
32999,133, 0
33000,133, 0
33001,131, 0
33002,125, 0
33003,117, 0
33004,123, 0
33005,105, 0
33006,91, 0
33007,73, 0
33008,51, 0
33009,40, 0
33010,32, 0
33011,41, 0
33012,63, 0
33013,89, 0
33014,83, 0
33015,75, 0
33016,76, 0
33017,73, 0
33018,75, 0
33019,81, 0
33020,87, 0
33021,92, 0
33022,93, 0
33023,81, 0
33024,65, 0
33025,55, 0
33026,51, 0
33027,53, 0
33028,73, 0
33029,96, 0
33030,139, 0
33031,189, 0
33032,185, 0
33033,190, 0
33034,181, 0
33035,183, 0
33036,184, 0
33037,172, 0
33038,145, 0
33039,126, 0
33040,124, 0
33041,129, 0
33042,136, 0
33043,150, 0
33044,165, 0
33045,183, 0
33046,169, 0
33047,170, 0
33048,167, 0
33049,163, 0
33050,185, 0
33051,187, 0
33052,195, 0
33053,210, 0
33054,204, 0
33055,199, 0
33056,195, 0
33057,189, 0
33058,172, 0
33059,168, 0
33060,161, 0
33061,158, 0
33062,145, 0
33063,137, 0
33064,125, 0
33065,120, 0
33066,111, 0
33067,95, 0
33068,79, 0
33069,53, 0
33070,45, 0
33071,44, 0
33072,56, 0
33073,75, 0
33074,91, 0
33075,81, 0
33076,79, 0
33077,72, 0
33078,71, 0
33079,65, 0
33080,75, 0
33081,85, 0
33082,92, 0
33083,107, 0
33084,121, 0
33085,128, 0
33086,134, 0
33087,134, 0
33088,147, 0
33089,133, 0
33090,127, 0
33091,127, 0
33092,133, 0
33093,134, 0
33094,142, 0
33095,153, 0
33096,145, 0
33097,161, 0
33098,160, 0
33099,138, 0
33100,121, 0
33101,120, 0
33102,125, 0
33103,142, 0
33104,159, 0
33105,176, 0
33106,180, 0
33107,173, 0
33108,152, 0
33109,134, 0
33110,139, 0
33111,137, 0
33112,141, 0
33113,159, 0
33114,163, 0
33115,183, 0
33116,189, 0
33117,191, 0
33118,183, 0
33119,169, 0
33120,158, 0
33121,152, 0
33122,145, 0
33123,141, 0
33124,138, 0
33125,118, 0
33126,119, 0
33127,118, 0
33128,117, 0
33129,88, 0
33130,87, 0
33131,104, 0
33132,116, 0
33133,137, 0
33134,158, 0
33135,156, 0
33136,127, 0
33137,135, 0
33138,128, 0
33139,121, 0
33140,115, 0
33141,93, 0
33142,95, 0
33143,93, 0
33144,88, 0
33145,85, 0
33146,81, 0
33147,71, 0
33148,63, 0
33149,70, 0
33150,97, 0
33151,101, 0
33152,105, 0
33153,107, 0
33154,115, 0
33155,139, 0
33156,133, 0
33157,143, 0
33158,155, 0
33159,138, 0
33160,120, 0
33161,106, 0
33162,112, 0
33163,128, 0
33164,157, 0
33165,172, 0
33166,176, 0
33167,166, 0
33168,154, 0
33169,145, 0
33170,142, 0
33171,135, 0
33172,134, 0
33173,140, 0
33174,152, 0
33175,185, 0
33176,208, 0
33177,231, 0
33178,263, 0
33179,271, 0
33180,263, 0
33181,254, 0
33182,238, 0
33183,239, 0
33184,234, 0
33185,219, 0
33186,199, 0
33187,169, 0
33188,131, 0
33189,110, 0
33190,59, 0
33191,24, 0
33192,25, 0
33193,35, 0
33194,57, 0
33195,88, 0
33196,108, 0
33197,115, 0
33198,108, 0
33199,100, 0
33200,92, 0
33201,91, 0
33202,83, 0
33203,88, 0
33204,74, 0
33205,59, 0
33206,47, 0
33207,57, 0
33208,65, 0
33209,63, 0
33210,87, 0
33211,95, 0
33212,99, 0
33213,118, 0
33214,96, 0
33215,95, 0
33216,92, 0
33217,83, 0
33218,75, 0
33219,73, 0
33220,74, 0
33221,78, 0
33222,99, 0
33223,122, 0
33224,149, 0
33225,169, 0
33226,195, 0
33227,196, 0
33228,184, 0
33229,179, 0
33230,161, 0
33231,155, 0
33232,160, 0
33233,152, 0
33234,157, 0
33235,154, 0
33236,158, 0
33237,163, 0
33238,149, 0
33239,172, 0
33240,161, 0
33241,150, 0
33242,149, 0
33243,154, 0
33244,153, 0
33245,135, 0
33246,130, 0
33247,113, 0
33248,113, 0
33249,124, 0
33250,108, 0
33251,79, 0
33252,55, 0
33253,56, 0
33254,78, 0
33255,101, 0
33256,141, 0
33257,156, 0
33258,152, 0
33259,153, 0
33260,160, 0
33261,168, 0
33262,149, 0
33263,138, 0
33264,108, 0
33265,95, 0
33266,80, 0
33267,64, 0
33268,48, 0
33269,52, 0
33270,63, 0
33271,85, 0
33272,102, 0
33273,121, 0
33274,127, 0
33275,111, 0
33276,93, 0
33277,73, 0
33278,70, 0
33279,68, 0
33280,74, 0
33281,79, 0
33282,77, 0
33283,86, 0
33284,99, 0
33285,123, 0
33286,154, 0
33287,171, 0
33288,200, 0
33289,187, 0
33290,193, 0
33291,189, 0
33292,170, 0
33293,171, 0
33294,175, 0
33295,191, 0
33296,210, 0
33297,210, 0
33298,205, 0
33299,193, 0
33300,185, 0
33301,185, 0
33302,152, 0
33303,125, 0
33304,105, 0
33305,118, 0
33306,108, 0
33307,121, 0
33308,128, 0
33309,142, 0
33310,143, 0
33311,140, 0
33312,109, 0
33313,91, 0
33314,77, 0
33315,76, 0
33316,76, 0
33317,95, 0
33318,113, 0
33319,126, 0
33320,149, 0
33321,167, 0
33322,186, 0
33323,190, 0
33324,190, 0
33325,183, 0
33326,179, 0
33327,160, 0
33328,145, 0
33329,159, 0
33330,154, 0
33331,140, 0
33332,133, 0
33333,121, 0
33334,91, 0
33335,79, 0
33336,67, 0
33337,64, 0
33338,93, 0
33339,142, 0
33340,202, 0
33341,239, 0
33342,245, 0
33343,226, 0
33344,218, 0
33345,207, 0
33346,191, 0
33347,175, 0
33348,153, 0
33349,124, 0
33350,80, 0
33351,41, 0
33352,23, 0
33353,17, 0
33354,26, 0
33355,46, 0
33356,83, 0
33357,116, 0
33358,152, 0
33359,177, 0
33360,192, 0
33361,196, 0
33362,184, 0
33363,170, 0
33364,147, 0
33365,142, 0
33366,135, 0
33367,127, 0
33368,120, 0
33369,107, 0
33370,125, 0
33371,115, 0
33372,112, 0
33373,89, 0
33374,70, 0
33375,64, 0
33376,77, 0
33377,88, 0
33378,102, 0
33379,94, 0
33380,67, 0
33381,44, 0
33382,12, 0
33383,0, 0
33384,0, 0
33385,13, 0
33386,42, 0
33387,75, 0
33388,100, 0
33389,110, 0
33390,121, 0
33391,133, 0
33392,145, 0
33393,159, 0
33394,171, 0
33395,190, 0
33396,186, 0
33397,188, 0
33398,193, 0
33399,180, 0
33400,195, 0
33401,186, 0
33402,176, 0
33403,145, 0
33404,111, 0
33405,107, 0
33406,103, 0
33407,129, 0
33408,165, 0
33409,189, 0
33410,227, 0
33411,202, 0
33412,198, 0
33413,185, 0
33414,166, 0
33415,147, 0
33416,120, 0
33417,87, 0
33418,63, 0
33419,59, 0
33420,69, 0
33421,75, 0
33422,90, 0
33423,99, 0
33424,115, 0
33425,136, 0
33426,166, 0
33427,202, 0
33428,207, 0
33429,233, 0
33430,231, 0
33431,278, 0
33432,292, 0
33433,285, 0
33434,231, 0
33435,185, 0
33436,151, 0
33437,112, 0
33438,121, 0
33439,105, 0
33440,83, 0
33441,60, 0
33442,58, 0
33443,58, 0
33444,59, 0
33445,73, 0
33446,88, 0
33447,127, 0
33448,176, 0
33449,214, 0
33450,235, 0
33451,238, 0
33452,223, 0
33453,204, 0
33454,188, 0
33455,164, 0
33456,150, 0
33457,125, 0
33458,93, 0
33459,68, 0
33460,44, 0
33461,25, 0
33462,13, 0
33463,11, 0
33464,1, 0
33465,0, 0
33466,1, 0
33467,6, 0
33468,5, 0
33469,31, 0
33470,48, 0
33471,68, 0
33472,94, 0
33473,121, 0
33474,144, 0
33475,173, 0
33476,197, 0
33477,220, 0
33478,237, 0
33479,232, 0
33480,211, 0
33481,199, 0
33482,193, 0
33483,195, 0
33484,188, 0
33485,171, 0
33486,144, 0
33487,133, 0
33488,134, 0
33489,139, 0
33490,143, 0
33491,130, 0
33492,128, 0
33493,119, 0
33494,95, 0
33495,63, 0
33496,58, 0
33497,63, 0
33498,87, 0
33499,115, 0
33500,139, 0
33501,141, 0
33502,119, 0
33503,119, 0
33504,112, 0
33505,113, 0
33506,93, 0
33507,86, 0
33508,76, 0
33509,63, 0
33510,60, 0
33511,73, 0
33512,87, 0
33513,124, 0
33514,147, 0
33515,164, 0
33516,160, 0
33517,151, 0
33518,130, 0
33519,111, 0
33520,104, 0
33521,103, 0
33522,103, 0
33523,95, 0
33524,85, 0
33525,65, 0
33526,54, 0
33527,62, 0
33528,85, 0
33529,102, 0
33530,154, 0
33531,199, 0
33532,244, 0
33533,274, 0
33534,282, 0
33535,265, 0
33536,248, 0
33537,208, 0
33538,170, 0
33539,133, 0
33540,96, 0
33541,73, 0
33542,68, 0
33543,80, 0
33544,105, 0
33545,152, 0
33546,202, 0
33547,223, 0
33548,232, 0
33549,217, 0
33550,176, 0
33551,144, 0
33552,115, 0
33553,121, 0
33554,131, 0
33555,92, 0
33556,51, 0
33557,31, 0
33558,31, 0
33559,41, 0
33560,69, 0
33561,107, 0
33562,125, 0
33563,159, 0
33564,177, 0
33565,195, 0
33566,192, 0
33567,171, 0
33568,139, 0
33569,113, 0
33570,86, 0
33571,72, 0
33572,70, 0
33573,57, 0
33574,68, 0
33575,60, 0
33576,63, 0
33577,65, 0
33578,76, 0
33579,83, 0
33580,89, 0
33581,110, 0
33582,139, 0
33583,154, 0
33584,185, 0
33585,193, 0
33586,177, 0
33587,170, 0
33588,159, 0
33589,154, 0
33590,143, 0
33591,137, 0
33592,115, 0
33593,102, 0
33594,92, 0
33595,85, 0
33596,112, 0
33597,125, 0
33598,138, 0
33599,165, 0
33600,189, 0
33601,197, 0
33602,197, 0
33603,193, 0
33604,197, 0
33605,205, 0
33606,203, 0
33607,202, 0
33608,184, 0
33609,205, 0
33610,244, 0
33611,289, 0
33612,327, 0
33613,345, 2
33614,314, 5
33615,294, 3
33616,212, 0
33617,104, 0
33618,31, 0
33619,0, 0
33620,0, 0
33621,4, 0
33622,25, 0
33623,28, 0
33624,23, 0
33625,31, 0
33626,41, 0
33627,47, 0
33628,46, 0
33629,45, 0
33630,39, 0
33631,26, 0
33632,4, 0
33633,0, 0
33634,0, 0
33635,0, 0
33636,0, 0
33637,3, 0
33638,25, 0
33639,89, 0
33640,130, 0
33641,165, 0
33642,186, 0
33643,184, 0
33644,176, 0
33645,145, 0
33646,89, 0
33647,29, 0
33648,0, 0
33649,0, 0
33650,4, 0
33651,97, 0
33652,221, 0
33653,323, 0
33654,398, 7
33655,383, 23
33656,381, 26
33657,325, 18
33658,262, 2
33659,220, 0
33660,228, 0
33661,265, 0
33662,321, 0
33663,365, 5
33664,398, 18
33665,407, 29
33666,398, 32
33667,348, 24
33668,270, 7
33669,202, 0
33670,157, 0
33671,113, 0
33672,105, 0
33673,126, 0
33674,148, 0
33675,153, 0
33676,152, 0
33677,92, 0
33678,25, 0
33679,0, 0
33680,13, 0
33681,39, 0
33682,41, 0
33683,60, 0
33684,77, 0
33685,69, 0
33686,8, 0
33687,7, 0
33688,25, 0
33689,53, 0
33690,72, 0
33691,76, 0
33692,74, 0
33693,84, 0
33694,110, 0
33695,152, 0
33696,212, 0
33697,244, 0
33698,260, 0
33699,254, 0
33700,245, 0
33701,204, 0
33702,165, 0
33703,113, 0
33704,62, 0
33705,63, 0
33706,107, 0
33707,144, 0
33708,163, 0
33709,160, 0
33710,136, 0
33711,96, 0
33712,79, 0
33713,95, 0
33714,110, 0
33715,120, 0
33716,112, 0
33717,71, 0
33718,69, 0
33719,95, 0
33720,112, 0
33721,118, 0
33722,94, 0
33723,57, 0
33724,25, 0
33725,20, 0
33726,30, 0
33727,57, 0
33728,121, 0
33729,170, 0
33730,265, 0
33731,355, 0
33732,407, 14
33733,424, 31
33734,394, 35
33735,344, 25
33736,299, 8
33737,254, 0
33738,169, 0
33739,99, 0
33740,57, 0
33741,6, 0
33742,0, 0
33743,0, 0
33744,6, 0
33745,29, 0
33746,36, 0
33747,25, 0
33748,10, 0
33749,7, 0
33750,0, 0
33751,2, 0
33752,38, 0
33753,59, 0
33754,65, 0
33755,54, 0
33756,52, 0
33757,93, 0
33758,167, 0
33759,251, 0
33760,299, 0
33761,348, 0
33762,355, 6
33763,339, 6
33764,313, 3
33765,276, 0
33766,230, 0
33767,183, 0
33768,191, 0
33769,176, 0
33770,180, 0
33771,154, 0
33772,158, 0
33773,159, 0
33774,165, 0
33775,159, 0
33776,148, 0
33777,144, 0
33778,133, 0
33779,135, 0
33780,145, 0
33781,154, 0
33782,145, 0
33783,152, 0
33784,133, 0
33785,117, 0
33786,103, 0
33787,102, 0
33788,105, 0
33789,71, 0
33790,38, 0
33791,12, 0
33792,0, 0
33793,3, 0
33794,28, 0
33795,60, 0
33796,80, 0
33797,105, 0
33798,92, 0
33799,42, 0
33800,5, 0
33801,0, 0
33802,0, 0
33803,25, 0
33804,83, 0
33805,112, 0
33806,115, 0
33807,92, 0
33808,86, 0
33809,78, 0
33810,103, 0
33811,134, 0
33812,153, 0
33813,167, 0
33814,165, 0
33815,160, 0
33816,154, 0
33817,148, 0
33818,150, 0
33819,159, 0
33820,150, 0
33821,133, 0
33822,111, 0
33823,88, 0
33824,69, 0
33825,62, 0
33826,60, 0
33827,67, 0
33828,57, 0
33829,70, 0
33830,64, 0
33831,94, 0
33832,139, 0
33833,171, 0
33834,202, 0
33835,217, 0
33836,242, 0
33837,251, 0
33838,249, 0
33839,245, 0
33840,257, 0
33841,263, 0
33842,294, 0
33843,317, 0
33844,323, 1
33845,325, 2
33846,300, 3
33847,272, 0
33848,223, 0
33849,164, 0
33850,111, 0
33851,70, 0
33852,44, 0
33853,20, 0
33854,6, 0
33855,10, 0
33856,35, 0
33857,76, 0
33858,121, 0
33859,148, 0
33860,121, 0
33861,94, 0
33862,54, 0
33863,15, 0
33864,6, 0
33865,32, 0
33866,61, 0
33867,64, 0
33868,59, 0
33869,60, 0
33870,70, 0
33871,83, 0
33872,87, 0
33873,100, 0
33874,113, 0
33875,119, 0
33876,136, 0
33877,133, 0
33878,120, 0
33879,102, 0
33880,97, 0
33881,92, 0
33882,121, 0
33883,176, 0
33884,244, 0
33885,294, 0
33886,312, 0
33887,280, 0
33888,227, 0
33889,189, 0
33890,155, 0
33891,138, 0
33892,133, 0
33893,155, 0
33894,189, 0
33895,210, 0
33896,213, 0
33897,221, 0
33898,200, 0
33899,170, 0
33900,127, 0
33901,106, 0
33902,136, 0
33903,181, 0
33904,213, 0
33905,196, 0
33906,157, 0
33907,123, 0
33908,70, 0
33909,28, 0
33910,1, 0
33911,9, 0
33912,54, 0
33913,115, 0
33914,150, 0
33915,166, 0
33916,145, 0
33917,76, 0
33918,19, 0
33919,139, 0
33920,267, 0
33921,302, 0
33922,317, 0
33923,261, 0
33924,208, 0
33925,172, 0
33926,133, 0
33927,108, 0
33928,79, 0
33929,86, 0
33930,115, 0
33931,168, 0
33932,220, 0
33933,264, 0
33934,282, 0
33935,274, 0
33936,231, 0
33937,204, 0
33938,189, 0
33939,193, 0
33940,199, 0
33941,246, 0
33942,304, 0
33943,349, 0
33944,355, 6
33945,330, 6
33946,287, 0
33947,236, 0
33948,167, 0
33949,91, 0
33950,45, 0
33951,3, 0
33952,0, 0
33953,0, 0
33954,0, 0
33955,0, 0
33956,0, 0
33957,0, 0
33958,7, 0
33959,25, 0
33960,29, 0
33961,37, 0
33962,61, 0
33963,92, 0
33964,132, 0
33965,150, 0
33966,183, 0
33967,184, 0
33968,197, 0
33969,195, 0
33970,186, 0
33971,196, 0
33972,177, 0
33973,179, 0
33974,176, 0
33975,175, 0
33976,169, 0
33977,139, 0
33978,94, 0
33979,65, 0
33980,70, 0
33981,86, 0
33982,92, 0
33983,107, 0
33984,124, 0
33985,153, 0
33986,166, 0
33987,164, 0
33988,153, 0
33989,132, 0
33990,126, 0
33991,129, 0
33992,137, 0
33993,109, 0
33994,90, 0
33995,70, 0
33996,52, 0
33997,23, 0
33998,17, 0
33999,25, 0
34000,76, 0
34001,141, 0
34002,192, 0
34003,221, 0
34004,228, 0
34005,237, 0
34006,251, 0
34007,253, 0
34008,236, 0
34009,202, 0
34010,173, 0
34011,142, 0
34012,115, 0
34013,115, 0
34014,102, 0
34015,95, 0
34016,63, 0
34017,54, 0
34018,56, 0
34019,75, 0
34020,110, 0
34021,128, 0
34022,139, 0
34023,150, 0
34024,159, 0
34025,176, 0
34026,204, 0
34027,223, 0
34028,248, 0
34029,251, 0
34030,257, 0
34031,229, 0
34032,229, 0
34033,213, 0
34034,200, 0
34035,188, 0
34036,169, 0
34037,142, 0
34038,104, 0
34039,55, 0
34040,21, 0
34041,4, 0
34042,2, 0
34043,46, 0
34044,62, 0
34045,83, 0
34046,84, 0
34047,70, 0
34048,24, 0
34049,1, 0
34050,50, 0
34051,104, 0
34052,137, 0
34053,203, 0
34054,253, 0
34055,313, 0
34056,329, 0
34057,309, 0
34058,270, 0
34059,203, 0
34060,132, 0
34061,89, 0
34062,56, 0
34063,32, 0
34064,35, 0
34065,46, 0
34066,85, 0
34067,122, 0
34068,145, 0
34069,157, 0
34070,159, 0
34071,187, 0
34072,223, 0
34073,214, 0
34074,183, 0
34075,122, 0
34076,57, 0
34077,2, 0
34078,0, 0
34079,21, 0
34080,67, 0
34081,95, 0
34082,106, 0
34083,95, 0
34084,101, 0
34085,137, 0
34086,171, 0
34087,189, 0
34088,159, 0
34089,95, 0
34090,17, 0
34091,0, 0
34092,34, 0
34093,127, 0
34094,203, 0
34095,254, 0
34096,263, 0
34097,244, 0
34098,218, 0
34099,187, 0
34100,150, 0
34101,110, 0
34102,74, 0
34103,38, 0
34104,10, 0
34105,51, 0
34106,121, 0
34107,159, 0
34108,168, 0
34109,134, 0
34110,61, 0
34111,1, 0
34112,0, 0
34113,0, 0
34114,0, 0
34115,0, 0
34116,9, 0
34117,15, 0
34118,10, 0
34119,0, 0
34120,0, 0
34121,8, 0
34122,48, 0
34123,94, 0
34124,192, 0
34125,305, 0
34126,409, 3
34127,481, 34
34128,502, 58
34129,483, 67
34130,458, 62
34131,400, 50
34132,328, 23
34133,224, 3
34134,116, 0
34135,9, 0
34136,11, 0
34137,19, 0
34138,2, 0
34139,76, 0
34140,195, 0
34141,292, 0
34142,348, 0
34143,357, 6
34144,267, 4
34145,204, 0
34146,139, 0
34147,118, 0
34148,96, 0
34149,83, 0
34150,85, 0
34151,116, 0
34152,176, 0
34153,239, 0
34154,289, 0
34155,322, 0
34156,326, 2
34157,308, 3
34158,285, 0
34159,297, 0
34160,317, 0
34161,334, 1
34162,332, 3
34163,312, 3
34164,244, 0
34165,176, 0
34166,128, 0
34167,124, 0
34168,138, 0
34169,154, 0
34170,159, 0
34171,145, 0
34172,121, 0
34173,100, 0
34174,88, 0
34175,63, 0
34176,54, 0
34177,76, 0
34178,104, 0
34179,136, 0
34180,154, 0
34181,168, 0
34182,171, 0
34183,172, 0
34184,163, 0
34185,141, 0
34186,97, 0
34187,40, 0
34188,14, 0
34189,0, 0
34190,4, 0
34191,11, 0
34192,23, 0
34193,60, 0
34194,69, 0
34195,62, 0
34196,57, 0
34197,81, 0
34198,100, 0
34199,110, 0
34200,100, 0
34201,75, 0
34202,39, 0
34203,14, 0
34204,14, 0
34205,26, 0
34206,47, 0
34207,83, 0
34208,106, 0
34209,113, 0
34210,152, 0
34211,176, 0
34212,201, 0
34213,202, 0
34214,188, 0
34215,163, 0
34216,139, 0
34217,136, 0
34218,140, 0
34219,103, 0
34220,78, 0
34221,54, 0
34222,38, 0
34223,64, 0
34224,99, 0
34225,89, 0
34226,23, 0
34227,0, 0
34228,0, 0
34229,0, 0
34230,19, 0
34231,0, 0
34232,12, 0
34233,57, 0
34234,77, 0
34235,72, 0
34236,23, 0
34237,7, 0
34238,89, 0
34239,169, 0
34240,208, 0
34241,211, 0
34242,144, 0
34243,113, 0
34244,92, 0
34245,89, 0
34246,117, 0
34247,152, 0
34248,183, 0
34249,205, 0
34250,200, 0
34251,157, 0
34252,115, 0
34253,92, 0
34254,100, 0
34255,108, 0
34256,104, 0
34257,94, 0
34258,89, 0
34259,63, 0
34260,52, 0
34261,60, 0
34262,68, 0
34263,97, 0
34264,120, 0
34265,169, 0
34266,208, 0
34267,249, 0
34268,268, 0
34269,261, 0
34270,281, 0
34271,262, 0
34272,277, 0
34273,296, 0
34274,317, 0
34275,325, 1
34276,316, 1
34277,304, 0
34278,296, 0
34279,291, 0
34280,283, 0
34281,264, 0
34282,230, 0
34283,182, 0
34284,112, 0
34285,45, 0
34286,9, 0
34287,0, 0
34288,0, 0
34289,0, 0
34290,31, 0
34291,78, 0
34292,99, 0
34293,86, 0
34294,51, 0
34295,26, 0
34296,9, 0
34297,6, 0
34298,13, 0
34299,22, 0
34300,36, 0
34301,21, 0
34302,39, 0
34303,55, 0
34304,80, 0
34305,91, 0
34306,129, 0
34307,124, 0
34308,141, 0
34309,155, 0
34310,158, 0
34311,173, 0
34312,189, 0
34313,206, 0
34314,221, 0
34315,228, 0
34316,204, 0
34317,180, 0
34318,151, 0
34319,113, 0
34320,86, 0
34321,71, 0
34322,87, 0
34323,115, 0
34324,126, 0
34325,138, 0
34326,137, 0
34327,138, 0
34328,115, 0
34329,147, 0
34330,167, 0
34331,181, 0
34332,189, 0
34333,215, 0
34334,239, 0
34335,278, 0
34336,308, 0
34337,300, 0
34338,274, 0
34339,231, 0
34340,189, 0
34341,158, 0
34342,139, 0
34343,142, 0
34344,143, 0
34345,123, 0
34346,104, 0
34347,76, 0
34348,44, 0
34349,6, 0
34350,0, 0
34351,0, 0
34352,2, 0
34353,0, 0
34354,6, 0
34355,43, 0
34356,88, 0
34357,124, 0
34358,143, 0
34359,145, 0
34360,137, 0
34361,116, 0
34362,117, 0
34363,131, 0
34364,132, 0
34365,130, 0
34366,137, 0
34367,141, 0
34368,180, 0
34369,166, 0
34370,141, 0
34371,86, 0
34372,57, 0
34373,42, 0
34374,53, 0
34375,76, 0
34376,113, 0
34377,159, 0
34378,204, 0
34379,254, 0
34380,311, 0
34381,308, 0
34382,308, 1
34383,324, 1
34384,354, 5
34385,359, 10
34386,343, 10
34387,300, 4
34388,239, 0
34389,207, 0
34390,202, 0
34391,213, 0
34392,190, 0
34393,170, 0
34394,124, 0
34395,102, 0
34396,70, 0
34397,70, 0
34398,95, 0
34399,169, 0
34400,249, 0
34401,305, 0
34402,278, 0
34403,196, 0
34404,93, 0
34405,14, 0
34406,0, 0
34407,0, 0
34408,12, 0
34409,14, 0
34410,71, 0
34411,148, 0
34412,240, 0
34413,294, 0
34414,341, 0
34415,326, 0
34416,299, 0
34417,242, 0
34418,174, 0
34419,139, 0
34420,138, 0
34421,93, 0
34422,14, 0
34423,12, 0
34424,41, 0
34425,38, 0
34426,25, 0
34427,13, 0
34428,0, 0
34429,1, 0
34430,32, 0
34431,53, 0
34432,38, 0
34433,38, 0
34434,42, 0
34435,86, 0
34436,149, 0
34437,201, 0
34438,213, 0
34439,195, 0
34440,156, 0
34441,128, 0
34442,118, 0
34443,123, 0
34444,181, 0
34445,182, 0
34446,202, 0
34447,236, 0
34448,282, 0
34449,322, 0
34450,353, 6
34451,385, 15
34452,373, 21
34453,329, 15
34454,281, 6
34455,238, 0
34456,213, 0
34457,201, 0
34458,188, 0
34459,174, 0
34460,168, 0
34461,151, 0
34462,133, 0
34463,116, 0
34464,90, 0
34465,93, 0
34466,113, 0
34467,112, 0
34468,113, 0
34469,79, 0
34470,38, 0
34471,12, 0
34472,12, 0
34473,84, 0
34474,105, 0
34475,108, 0
34476,70, 0
34477,14, 0
34478,11, 0
34479,63, 0
34480,92, 0
34481,120, 0
34482,129, 0
34483,120, 0
34484,105, 0
34485,94, 0
34486,44, 0
34487,2, 0
34488,0, 0
34489,17, 0
34490,23, 0
34491,38, 0
34492,67, 0
34493,56, 0
34494,20, 0
34495,0, 0
34496,43, 0
34497,96, 0
34498,158, 0
34499,202, 0
34500,263, 0
34501,313, 0
34502,367, 2
34503,371, 11
34504,353, 13
34505,329, 6
34506,325, 5
34507,333, 4
34508,345, 5
34509,329, 6
34510,261, 1
34511,206, 0
34512,115, 0
34513,18, 0
34514,22, 0
34515,44, 0
34516,23, 0
34517,1, 0
34518,43, 0
34519,115, 0
34520,203, 0
34521,287, 0
34522,359, 1
34523,389, 12
34524,396, 24
34525,376, 24
34526,364, 19
34527,372, 19
34528,368, 21
34529,357, 19
34530,321, 9
34531,270, 0
34532,193, 0
34533,112, 0
34534,24, 0
34535,4, 0
34536,0, 0
34537,20, 0
34538,19, 0
34539,2, 0
34540,0, 0
34541,7, 0
34542,34, 0
34543,44, 0
34544,35, 0
34545,55, 0
34546,70, 0
34547,99, 0
34548,101, 0
34549,130, 0
34550,135, 0
34551,121, 0
34552,113, 0
34553,106, 0
34554,115, 0
34555,115, 0
34556,127, 0
34557,133, 0
34558,136, 0
34559,142, 0
34560,151, 0
34561,150, 0
34562,155, 0
34563,174, 0
34564,159, 0
34565,139, 0
34566,107, 0
34567,119, 0
34568,164, 0
34569,230, 0
34570,256, 0
34571,238, 0
34572,184, 0
34573,117, 0
34574,88, 0
34575,86, 0
34576,91, 0
34577,92, 0
34578,86, 0
34579,86, 0
34580,77, 0
34581,76, 0
34582,100, 0
34583,121, 0
34584,149, 0
34585,166, 0
34586,176, 0
34587,212, 0
34588,231, 0
34589,229, 0
34590,204, 0
34591,151, 0
34592,96, 0
34593,50, 0
34594,4, 0
34595,0, 0
34596,1, 0
34597,0, 0
34598,0, 0
34599,12, 0
34600,46, 0
34601,85, 0
34602,116, 0
34603,145, 0
34604,164, 0
34605,140, 0
34606,77, 0
34607,32, 0
34608,6, 0
34609,0, 0
34610,0, 0
34611,0, 0
34612,3, 0
34613,3, 0
34614,0, 0
34615,5, 0
34616,52, 0
34617,111, 0
34618,167, 0
34619,227, 0
34620,287, 0
34621,318, 0
34622,280, 0
34623,270, 0
34624,234, 0
34625,164, 0
34626,126, 0
34627,134, 0
34628,185, 0
34629,264, 0
34630,330, 0
34631,377, 6
34632,373, 15
34633,313, 9
34634,220, 0
34635,126, 0
34636,107, 0
34637,145, 0
34638,208, 0
34639,268, 0
34640,312, 0
34641,342, 2
34642,360, 8
34643,354, 13
34644,377, 19
34645,371, 24
34646,345, 14
34647,295, 6
34648,287, 0
34649,251, 0
34650,222, 0
34651,207, 0
34652,191, 0
34653,175, 0
34654,192, 0
34655,207, 0
34656,207, 0
34657,231, 0
34658,233, 0
34659,210, 0
34660,182, 0
34661,138, 0
34662,96, 0
34663,70, 0
34664,91, 0
34665,130, 0
34666,133, 0
34667,127, 0
34668,92, 0
34669,47, 0
34670,57, 0
34671,86, 0
34672,151, 0
34673,205, 0
34674,229, 0
34675,235, 0
34676,233, 0
34677,247, 0
34678,257, 0
34679,268, 0
34680,226, 0
34681,183, 0
34682,120, 0
34683,67, 0
34684,31, 0
34685,63, 0
34686,108, 0
34687,155, 0
34688,219, 0
34689,253, 0
34690,278, 0
34691,283, 0
34692,268, 0
34693,235, 0
34694,183, 0
34695,149, 0
34696,118, 0
34697,100, 0
34698,101, 0
34699,131, 0
34700,199, 0
34701,259, 0
34702,300, 0
34703,316, 0
34704,318, 1
34705,286, 0
34706,271, 0
34707,259, 0
34708,241, 0
34709,181, 0
34710,120, 0
34711,79, 0
34712,25, 0
34713,2, 0
34714,0, 0
34715,0, 0
34716,20, 0
34717,45, 0
34718,84, 0
34719,102, 0
34720,94, 0
34721,102, 0
34722,117, 0
34723,100, 0
34724,95, 0
34725,76, 0
34726,35, 0
34727,5, 0
34728,1, 0
34729,19, 0
34730,0, 0
34731,4, 0
34732,3, 0
34733,22, 0
34734,45, 0
34735,38, 0
34736,37, 0
34737,32, 0
34738,17, 0
34739,11, 0
34740,24, 0
34741,20, 0
34742,37, 0
34743,40, 0
34744,32, 0
34745,43, 0
34746,55, 0
34747,73, 0
34748,110, 0
34749,121, 0
34750,139, 0
34751,139, 0
34752,145, 0
34753,152, 0
34754,158, 0
34755,183, 0
34756,188, 0
34757,197, 0
34758,170, 0
34759,150, 0
34760,122, 0
34761,76, 0
34762,37, 0
34763,0, 0
34764,0, 0
34765,0, 0
34766,0, 0
34767,9, 0
34768,25, 0
34769,92, 0
34770,159, 0
34771,188, 0
34772,221, 0
34773,223, 0
34774,186, 0
34775,117, 0
34776,57, 0
34777,13, 0
34778,0, 0
34779,1, 0
34780,21, 0
34781,57, 0
34782,119, 0
34783,152, 0
34784,169, 0
34785,185, 0
34786,188, 0
34787,186, 0
34788,179, 0
34789,160, 0
34790,106, 0
34791,75, 0
34792,67, 0
34793,57, 0
34794,51, 0
34795,80, 0
34796,112, 0
34797,154, 0
34798,189, 0
34799,199, 0
34800,197, 0
34801,166, 0
34802,120, 0
34803,99, 0
34804,70, 0
34805,70, 0
34806,91, 0
34807,132, 0
34808,164, 0
34809,197, 0
34810,223, 0
34811,211, 0
34812,192, 0
34813,188, 0
34814,187, 0
34815,186, 0
34816,198, 0
34817,207, 0
34818,227, 0
34819,251, 0
34820,248, 0
34821,230, 0
34822,207, 0
34823,189, 0
34824,183, 0
34825,183, 0
34826,177, 0
34827,161, 0
34828,168, 0
34829,169, 0
34830,189, 0
34831,193, 0
34832,207, 0
34833,196, 0
34834,163, 0
34835,103, 0
34836,48, 0
34837,18, 0
34838,7, 0
34839,7, 0
34840,19, 0
34841,17, 0
34842,0, 0
34843,0, 0
34844,0, 0
34845,0, 0
34846,14, 0
34847,43, 0
34848,70, 0
34849,101, 0
34850,133, 0
34851,160, 0
34852,167, 0
34853,171, 0
34854,142, 0
34855,150, 0
34856,145, 0
34857,143, 0
34858,145, 0
34859,157, 0
34860,149, 0
34861,169, 0
34862,169, 0
34863,163, 0
34864,153, 0
34865,127, 0
34866,106, 0
34867,103, 0
34868,128, 0
34869,156, 0
34870,201, 0
34871,239, 0
34872,271, 0
34873,282, 0
34874,270, 0
34875,248, 0
34876,221, 0
34877,205, 0
34878,185, 0
34879,174, 0
34880,200, 0
34881,219, 0
34882,226, 0
34883,214, 0
34884,182, 0
34885,154, 0
34886,141, 0
34887,145, 0
34888,159, 0
34889,170, 0
34890,157, 0
34891,151, 0
34892,91, 0
34893,57, 0
34894,26, 0
34895,0, 0
34896,0, 0
34897,0, 0
34898,0, 0
34899,4, 0
34900,50, 0
34901,83, 0
34902,76, 0
34903,38, 0
34904,12, 0
34905,0, 0
34906,1, 0
34907,25, 0
34908,70, 0
34909,102, 0
34910,145, 0
34911,181, 0
34912,202, 0
34913,200, 0
34914,184, 0
34915,156, 0
34916,109, 0
34917,90, 0
34918,60, 0
34919,53, 0
34920,75, 0
34921,115, 0
34922,151, 0
34923,181, 0
34924,190, 0
34925,216, 0
34926,205, 0
34927,170, 0
34928,164, 0
34929,169, 0
34930,188, 0
34931,227, 0
34932,238, 0
34933,234, 0
34934,234, 0
34935,232, 0
34936,205, 0
34937,198, 0
34938,183, 0
34939,157, 0
34940,150, 0
34941,137, 0
34942,121, 0
34943,113, 0
34944,116, 0
34945,121, 0
34946,133, 0
34947,145, 0
34948,148, 0
34949,144, 0
34950,160, 0
34951,166, 0
34952,168, 0
34953,172, 0
34954,121, 0
34955,37, 0
34956,3, 0
34957,51, 0
34958,77, 0
34959,58, 0
34960,12, 0
34961,0, 0
34962,25, 0
34963,60, 0
34964,84, 0
34965,131, 0
34966,136, 0
34967,122, 0
34968,88, 0
34969,40, 0
34970,12, 0
34971,17, 0
34972,63, 0
34973,138, 0
34974,241, 0
34975,327, 0
34976,355, 1
34977,342, 4
34978,287, 1
34979,223, 0
34980,193, 0
34981,197, 0
34982,214, 0
34983,238, 0
34984,263, 0
34985,274, 0
34986,258, 0
34987,213, 0
34988,148, 0
34989,104, 0
34990,131, 0
34991,170, 0
34992,223, 0
34993,230, 0
34994,186, 0
34995,139, 0
34996,93, 0
34997,60, 0
34998,63, 0
34999,79, 0
35000,76, 0
35001,78, 0
35002,76, 0
35003,60, 0
35004,63, 0
35005,102, 0
35006,83, 0
35007,95, 0
35008,102, 0
35009,107, 0
35010,133, 0
35011,152, 0
35012,165, 0
35013,164, 0
35014,152, 0
35015,142, 0
35016,147, 0
35017,151, 0
35018,132, 0
35019,126, 0
35020,122, 0
35021,118, 0
35022,101, 0
35023,76, 0
35024,20, 0
35025,0, 0
35026,0, 0
35027,0, 0
35028,21, 0
35029,115, 0
35030,177, 0
35031,199, 0
35032,167, 0
35033,121, 0
35034,92, 0
35035,97, 0
35036,123, 0
35037,155, 0
35038,168, 0
35039,136, 0
35040,68, 0
35041,17, 0
35042,4, 0
35043,14, 0
35044,64, 0
35045,120, 0
35046,170, 0
35047,204, 0
35048,201, 0
35049,193, 0
35050,166, 0
35051,133, 0
35052,126, 0
35053,136, 0
35054,153, 0
35055,179, 0
35056,212, 0
35057,243, 0
35058,254, 0
35059,249, 0
35060,227, 0
35061,187, 0
35062,133, 0
35063,97, 0
35064,85, 0
35065,92, 0
35066,97, 0
35067,135, 0
35068,165, 0
35069,191, 0
35070,202, 0
35071,236, 0
35072,270, 0
35073,271, 0
35074,256, 0
35075,236, 0
35076,204, 0
35077,183, 0
35078,163, 0
35079,142, 0
35080,126, 0
35081,131, 0
35082,131, 0
35083,139, 0
35084,125, 0
35085,76, 0
35086,14, 0
35087,0, 0
35088,0, 0
35089,3, 0
35090,0, 0
35091,31, 0
35092,70, 0
35093,119, 0
35094,155, 0
35095,183, 0
35096,197, 0
35097,207, 0
35098,198, 0
35099,190, 0
35100,185, 0
35101,177, 0
35102,182, 0
35103,187, 0
35104,207, 0
35105,212, 0
35106,234, 0
35107,251, 0
35108,214, 0
35109,187, 0
35110,135, 0
35111,89, 0
35112,73, 0
35113,68, 0
35114,88, 0
35115,113, 0
35116,150, 0
35117,176, 0
35118,196, 0
35119,214, 0
35120,211, 0
35121,197, 0
35122,176, 0
35123,149, 0
35124,120, 0
35125,76, 0
35126,60, 0
35127,56, 0
35128,70, 0
35129,120, 0
35130,136, 0
35131,169, 0
35132,185, 0
35133,170, 0
35134,127, 0
35135,74, 0
35136,32, 0
35137,11, 0
35138,4, 0
35139,0, 0
35140,0, 0
35141,0, 0
35142,21, 0
35143,47, 0
35144,68, 0
35145,63, 0
35146,29, 0
35147,26, 0
35148,11, 0
35149,6, 0
35150,15, 0
35151,44, 0
35152,76, 0
35153,115, 0
35154,139, 0
35155,152, 0
35156,152, 0
35157,156, 0
35158,137, 0
35159,122, 0
35160,95, 0
35161,46, 0
35162,23, 0
35163,26, 0
35164,63, 0
35165,108, 0
35166,153, 0
35167,186, 0
35168,196, 0
35169,193, 0
35170,151, 0
35171,133, 0
35172,135, 0
35173,150, 0
35174,174, 0
35175,221, 0
35176,259, 0
35177,286, 0
35178,290, 0
35179,246, 0
35180,255, 0
35181,245, 0
35182,246, 0
35183,251, 0
35184,241, 0
35185,226, 0
35186,187, 0
35187,183, 0
35188,145, 0
35189,115, 0
35190,95, 0
35191,94, 0
35192,101, 0
35193,117, 0
35194,126, 0
35195,126, 0
35196,122, 0
35197,106, 0
35198,94, 0
35199,93, 0
35200,59, 0
35201,44, 0
35202,36, 0
35203,56, 0
35204,59, 0
35205,81, 0
35206,76, 0
35207,60, 0
35208,46, 0
35209,38, 0
35210,42, 0
35211,8, 0
35212,19, 0
35213,44, 0
35214,87, 0
35215,97, 0
35216,95, 0
35217,91, 0
35218,90, 0
35219,89, 0
35220,83, 0
35221,89, 0
35222,102, 0
35223,135, 0
35224,158, 0
35225,183, 0
35226,202, 0
35227,227, 0
35228,240, 0
35229,230, 0
35230,199, 0
35231,138, 0
35232,121, 0
35233,108, 0
35234,105, 0
35235,117, 0
35236,158, 0
35237,203, 0
35238,242, 0
35239,263, 0
35240,262, 0
35241,248, 0
35242,235, 0
35243,227, 0
35244,220, 0
35245,205, 0
35246,201, 0
35247,199, 0
35248,188, 0
35249,197, 0
35250,195, 0
35251,188, 0
35252,183, 0
35253,172, 0
35254,160, 0
35255,152, 0
35256,139, 0
35257,113, 0
35258,104, 0
35259,102, 0
35260,79, 0
35261,51, 0
35262,19, 0
35263,4, 0
35264,7, 0
35265,18, 0
35266,45, 0
35267,57, 0
35268,46, 0
35269,47, 0
35270,35, 0
35271,52, 0
35272,39, 0
35273,38, 0
35274,38, 0
35275,48, 0
35276,64, 0
35277,85, 0
35278,106, 0
35279,129, 0
35280,141, 0
35281,142, 0
35282,158, 0
35283,148, 0
35284,158, 0
35285,154, 0
35286,154, 0
35287,145, 0
35288,135, 0
35289,133, 0
35290,139, 0
35291,119, 0
35292,111, 0
35293,122, 0
35294,124, 0
35295,147, 0
35296,176, 0
35297,204, 0
35298,214, 0
35299,210, 0
35300,218, 0
35301,214, 0
35302,203, 0
35303,183, 0
35304,154, 0
35305,145, 0
35306,135, 0
35307,130, 0
35308,127, 0
35309,136, 0
35310,150, 0
35311,158, 0
35312,143, 0
35313,113, 0
35314,87, 0
35315,62, 0
35316,63, 0
35317,78, 0
35318,96, 0
35319,117, 0
35320,141, 0
35321,140, 0
35322,123, 0
35323,108, 0
35324,102, 0
35325,93, 0
35326,95, 0
35327,106, 0
35328,111, 0
35329,121, 0
35330,135, 0
35331,132, 0
35332,133, 0
35333,137, 0
35334,134, 0
35335,130, 0
35336,115, 0
35337,101, 0
35338,79, 0
35339,51, 0
35340,60, 0
35341,64, 0
35342,83, 0
35343,90, 0
35344,101, 0
35345,123, 0
35346,139, 0
35347,160, 0
35348,174, 0
35349,173, 0
35350,182, 0
35351,182, 0
35352,160, 0
35353,142, 0
35354,132, 0
35355,116, 0
35356,118, 0
35357,126, 0
35358,138, 0
35359,130, 0
35360,148, 0
35361,136, 0
35362,156, 0
35363,171, 0
35364,200, 0
35365,238, 0
35366,230, 0
35367,224, 0
35368,206, 0
35369,202, 0
35370,192, 0
35371,183, 0
35372,158, 0
35373,137, 0
35374,129, 0
35375,121, 0
35376,123, 0
35377,127, 0
35378,139, 0
35379,135, 0
35380,141, 0
35381,125, 0
35382,117, 0
35383,81, 0
35384,56, 0
35385,57, 0
35386,72, 0
35387,83, 0
35388,92, 0
35389,96, 0
35390,101, 0
35391,102, 0
35392,108, 0
35393,108, 0
35394,122, 0
35395,131, 0
35396,132, 0
35397,137, 0
35398,134, 0
35399,141, 0
35400,139, 0
35401,141, 0
35402,136, 0
35403,139, 0
35404,133, 0
35405,118, 0
35406,111, 0
35407,94, 0
35408,115, 0
35409,104, 0
35410,124, 0
35411,154, 0
35412,164, 0
35413,145, 0
35414,109, 0
35415,83, 0
35416,73, 0
35417,85, 0
35418,104, 0
35419,129, 0
35420,142, 0
35421,147, 0
35422,139, 0
35423,138, 0
35424,133, 0
35425,152, 0
35426,176, 0
35427,195, 0
35428,204, 0
35429,221, 0
35430,238, 0
35431,240, 0
35432,226, 0
35433,198, 0
35434,164, 0
35435,132, 0
35436,115, 0
35437,96, 0
35438,89, 0
35439,86, 0
35440,60, 0
35441,75, 0
35442,118, 0
35443,155, 0
35444,150, 0
35445,167, 0
35446,174, 0
35447,151, 0
35448,132, 0
35449,121, 0
35450,104, 0
35451,97, 0
35452,90, 0
35453,94, 0
35454,79, 0
35455,65, 0
35456,64, 0
35457,67, 0
35458,74, 0
35459,89, 0
35460,116, 0
35461,141, 0
35462,159, 0
35463,175, 0
35464,187, 0
35465,196, 0
35466,195, 0
35467,171, 0
35468,157, 0
35469,141, 0
35470,133, 0
35471,132, 0
35472,139, 0
35473,144, 0
35474,131, 0
35475,132, 0
35476,121, 0
35477,108, 0
35478,88, 0
35479,99, 0
35480,108, 0
35481,120, 0
35482,139, 0
35483,150, 0
35484,183, 0
35485,237, 0
35486,226, 0
35487,216, 0
35488,185, 0
35489,180, 0
35490,158, 0
35491,143, 0
35492,152, 0
35493,160, 0
35494,156, 0
35495,136, 0
35496,113, 0
35497,90, 0
35498,76, 0
35499,71, 0
35500,72, 0
35501,92, 0
35502,108, 0
35503,129, 0
35504,133, 0
35505,122, 0
35506,107, 0
35507,103, 0
35508,101, 0
35509,122, 0
35510,136, 0
35511,127, 0
35512,103, 0
35513,77, 0
35514,58, 0
35515,51, 0
35516,41, 0
35517,25, 0
35518,21, 0
35519,30, 0
35520,51, 0
35521,75, 0
35522,93, 0
35523,127, 0
35524,141, 0
35525,153, 0
35526,164, 0
35527,141, 0
35528,136, 0
35529,139, 0
35530,133, 0
35531,121, 0
35532,108, 0
35533,111, 0
35534,133, 0
35535,133, 0
35536,140, 0
35537,149, 0
35538,157, 0
35539,169, 0
35540,190, 0
35541,204, 0
35542,220, 0
35543,234, 0
35544,230, 0
35545,217, 0
35546,191, 0
35547,184, 0
35548,166, 0
35549,154, 0
35550,144, 0
35551,142, 0
35552,138, 0
35553,130, 0
35554,125, 0
35555,121, 0
35556,112, 0
35557,124, 0
35558,132, 0
35559,134, 0
35560,139, 0
35561,138, 0
35562,133, 0
35563,125, 0
35564,136, 0
35565,102, 0
35566,65, 0
35567,46, 0
35568,39, 0
35569,38, 0
35570,74, 0
35571,94, 0
35572,97, 0
35573,96, 0
35574,94, 0
35575,92, 0
35576,94, 0
35577,89, 0
35578,88, 0
35579,88, 0
35580,95, 0
35581,101, 0
35582,120, 0
35583,104, 0
35584,121, 0
35585,135, 0
35586,129, 0
35587,138, 0
35588,156, 0
35589,158, 0
35590,159, 0
35591,161, 0
35592,165, 0
35593,164, 0
35594,164, 0
35595,163, 0
35596,136, 0
35597,121, 0
35598,129, 0
35599,124, 0
35600,151, 0
35601,173, 0
35602,197, 0
35603,210, 0
35604,207, 0
35605,203, 0
35606,201, 0
35607,185, 0
35608,198, 0
35609,197, 0
35610,181, 0
35611,174, 0
35612,176, 0
35613,171, 0
35614,153, 0
35615,161, 0
35616,160, 0
35617,143, 0
35618,142, 0
35619,136, 0
35620,127, 0
35621,125, 0
35622,111, 0
35623,127, 0
35624,106, 0
35625,106, 0
35626,81, 0
35627,53, 0
35628,39, 0
35629,25, 0
35630,31, 0
35631,53, 0
35632,76, 0
35633,87, 0
35634,93, 0
35635,90, 0
35636,91, 0
35637,92, 0
35638,86, 0
35639,89, 0
35640,93, 0
35641,90, 0
35642,99, 0
35643,104, 0
35644,105, 0
35645,116, 0
35646,123, 0
35647,133, 0
35648,142, 0
35649,128, 0
35650,139, 0
35651,139, 0
35652,140, 0
35653,140, 0
35654,147, 0
35655,156, 0
35656,156, 0
35657,138, 0
35658,127, 0
35659,133, 0
35660,149, 0
35661,156, 0
35662,176, 0
35663,186, 0
35664,204, 0
35665,196, 0
35666,198, 0
35667,193, 0
35668,196, 0
35669,189, 0
35670,189, 0
35671,184, 0
35672,183, 0
35673,179, 0
35674,173, 0
35675,174, 0
35676,172, 0
35677,148, 0
35678,149, 0
35679,143, 0
35680,134, 0
35681,126, 0
35682,124, 0
35683,97, 0
35684,92, 0
35685,92, 0
35686,89, 0
35687,53, 0
35688,32, 0
35689,31, 0
35690,40, 0
35691,63, 0
35692,91, 0
35693,102, 0
35694,97, 0
35695,90, 0
35696,83, 0
35697,76, 0
35698,68, 0
35699,65, 0
35700,76, 0
35701,95, 0
35702,101, 0
35703,104, 0
35704,115, 0
35705,113, 0
35706,109, 0
35707,116, 0
35708,112, 0
35709,110, 0
35710,118, 0
35711,119, 0
35712,121, 0
35713,139, 0
35714,157, 0
35715,182, 0
35716,183, 0
35717,183, 0
35718,153, 0
35719,142, 0
35720,136, 0
35721,145, 0
35722,161, 0
35723,180, 0
35724,197, 0
35725,204, 0
35726,203, 0
35727,201, 0
35728,207, 0
35729,211, 0
35730,202, 0
35731,215, 0
35732,202, 0
35733,213, 0
35734,196, 0
35735,161, 0
35736,167, 0
35737,169, 0
35738,157, 0
35739,144, 0
35740,148, 0
35741,140, 0
35742,129, 0
35743,116, 0
35744,122, 0
35745,111, 0
35746,100, 0
35747,99, 0
35748,72, 0
35749,50, 0
35750,30, 0
35751,28, 0
35752,35, 0
35753,56, 0
35754,75, 0
35755,74, 0
35756,70, 0
35757,72, 0
35758,74, 0
35759,77, 0
35760,76, 0
35761,83, 0
35762,95, 0
35763,94, 0
35764,83, 0
35765,93, 0
35766,95, 0
35767,104, 0
35768,108, 0
35769,115, 0
35770,121, 0
35771,133, 0
35772,134, 0
35773,154, 0
35774,158, 0
35775,160, 0
35776,173, 0
35777,169, 0
35778,171, 0
35779,154, 0
35780,145, 0
35781,143, 0
35782,148, 0
35783,167, 0
35784,184, 0
35785,202, 0
35786,213, 0
35787,207, 0
35788,202, 0
35789,192, 0
35790,189, 0
35791,180, 0
35792,189, 0
35793,181, 0
35794,169, 0
35795,176, 0
35796,165, 0
35797,159, 0
35798,160, 0
35799,152, 0
35800,170, 0
35801,155, 0
35802,145, 0
35803,145, 0
35804,125, 0
35805,128, 0
35806,124, 0
35807,121, 0
35808,109, 0
35809,75, 0
35810,58, 0
35811,41, 0
35812,38, 0
35813,39, 0
35814,62, 0
35815,70, 0
35816,73, 0
35817,68, 0
35818,80, 0
35819,76, 0
35820,79, 0
35821,83, 0
35822,85, 0
35823,92, 0
35824,94, 0
35825,102, 0
35826,111, 0
35827,112, 0
35828,124, 0
35829,127, 0
35830,124, 0
35831,128, 0
35832,139, 0
35833,140, 0
35834,138, 0
35835,153, 0
35836,152, 0
35837,156, 0
35838,164, 0
35839,158, 0
35840,129, 0
35841,108, 0
35842,118, 0
35843,133, 0
35844,154, 0
35845,176, 0
35846,204, 0
35847,210, 0
35848,211, 0
35849,207, 0
35850,200, 0
35851,200, 0
35852,198, 0
35853,187, 0
35854,186, 0
35855,177, 0
35856,164, 0
35857,150, 0
35858,133, 0
35859,128, 0
35860,133, 0
35861,97, 0
35862,96, 0
35863,123, 0
35864,134, 0
35865,147, 0
35866,153, 0
35867,143, 0
35868,133, 0
35869,116, 0
35870,83, 0
35871,50, 0
35872,25, 0
35873,11, 0
35874,1, 0
35875,0, 0
35876,1, 0
35877,0, 0
35878,5, 0
35879,31, 0
35880,77, 0
35881,115, 0
35882,139, 0
35883,160, 0
35884,155, 0
35885,150, 0
35886,147, 0
35887,148, 0
35888,136, 0
35889,139, 0
35890,145, 0
35891,151, 0
35892,149, 0
35893,151, 0
35894,145, 0
35895,153, 0
35896,154, 0
35897,153, 0
35898,157, 0
35899,161, 0
35900,156, 0
35901,135, 0
35902,139, 0
35903,143, 0
35904,152, 0
35905,167, 0
35906,196, 0
35907,205, 0
35908,202, 0
35909,193, 0
35910,188, 0
35911,174, 0
35912,154, 0
35913,151, 0
35914,153, 0
35915,157, 0
35916,171, 0
35917,176, 0
35918,170, 0
35919,166, 0
35920,169, 0
35921,166, 0
35922,158, 0
35923,170, 0
35924,168, 0
35925,139, 0
35926,135, 0
35927,97, 0
35928,76, 0
35929,76, 0
35930,78, 0
35931,67, 0
35932,63, 0
35933,55, 0
35934,47, 0
35935,51, 0
35936,83, 0
35937,104, 0
35938,115, 0
35939,121, 0
35940,125, 0
35941,118, 0
35942,109, 0
35943,115, 0
35944,99, 0
35945,103, 0
35946,99, 0
35947,113, 0
35948,103, 0
35949,107, 0
35950,116, 0
35951,120, 0
35952,126, 0
35953,129, 0
35954,143, 0
35955,133, 0
35956,134, 0
35957,142, 0
35958,141, 0
35959,154, 0
35960,158, 0
35961,151, 0
35962,118, 0
35963,111, 0
35964,92, 0
35965,125, 0
35966,145, 0
35967,170, 0
35968,185, 0
35969,190, 0
35970,195, 0
35971,193, 0
35972,189, 0
35973,183, 0
35974,180, 0
35975,180, 0
35976,176, 0
35977,177, 0
35978,170, 0
35979,160, 0
35980,163, 0
35981,158, 0
35982,147, 0
35983,155, 0
35984,126, 0
35985,135, 0
35986,133, 0
35987,130, 0
35988,115, 0
35989,113, 0
35990,103, 0
35991,88, 0
35992,62, 0
35993,35, 0
35994,31, 0
35995,29, 0
35996,40, 0
35997,68, 0
35998,68, 0
35999,75, 0
36000,70, 0
36001,70, 0
36002,81, 0
36003,83, 0
36004,81, 0
36005,85, 0
36006,89, 0
36007,86, 0
36008,100, 0
36009,100, 0
36010,95, 0
36011,104, 0
36012,108, 0
36013,107, 0
36014,121, 0
36015,124, 0
36016,128, 0
36017,141, 0
36018,145, 0
36019,140, 0
36020,151, 0
36021,159, 0
36022,137, 0
36023,122, 0
36024,116, 0
36025,122, 0
36026,133, 0
36027,152, 0
36028,164, 0
36029,200, 0
36030,200, 0
36031,198, 0
36032,213, 0
36033,195, 0
36034,172, 0
36035,192, 0
36036,189, 0
36037,180, 0
36038,183, 0
36039,183, 0
36040,181, 0
36041,181, 0
36042,176, 0
36043,166, 0
36044,159, 0
36045,157, 0
36046,157, 0
36047,154, 0
36048,142, 0
36049,139, 0
36050,131, 0
36051,122, 0
36052,100, 0
36053,76, 0
36054,54, 0
36055,47, 0
36056,45, 0
36057,57, 0
36058,80, 0
36059,90, 0
36060,92, 0
36061,92, 0
36062,89, 0
36063,91, 0
36064,86, 0
36065,86, 0
36066,88, 0
36067,93, 0
36068,87, 0
36069,97, 0
36070,94, 0
36071,102, 0
36072,103, 0
36073,107, 0
36074,127, 0
36075,122, 0
36076,127, 0
36077,133, 0
36078,134, 0
36079,140, 0
36080,148, 0
36081,150, 0
36082,158, 0
36083,135, 0
36084,134, 0
36085,120, 0
36086,110, 0
36087,135, 0
36088,157, 0
36089,181, 0
36090,196, 0
36091,201, 0
36092,196, 0
36093,200, 0
36094,196, 0
36095,197, 0
36096,192, 0
36097,204, 0
36098,188, 0
36099,195, 0
36100,185, 0
36101,183, 0
36102,175, 0
36103,158, 0
36104,164, 0
36105,157, 0
36106,155, 0
36107,150, 0
36108,150, 0
36109,141, 0
36110,128, 0
36111,124, 0
36112,117, 0
36113,103, 0
36114,70, 0
36115,52, 0
36116,38, 0
36117,47, 0
36118,58, 0
36119,76, 0
36120,79, 0
36121,80, 0
36122,70, 0
36123,75, 0
36124,83, 0
36125,76, 0
36126,83, 0
36127,83, 0
36128,83, 0
36129,85, 0
36130,89, 0
36131,94, 0
36132,100, 0
36133,112, 0
36134,108, 0
36135,128, 0
36136,133, 0
36137,143, 0
36138,142, 0
36139,145, 0
36140,156, 0
36141,154, 0
36142,157, 0
36143,160, 0
36144,141, 0
36145,134, 0
36146,123, 0
36147,127, 0
36148,139, 0
36149,177, 0
36150,187, 0
36151,198, 0
36152,207, 0
36153,203, 0
36154,208, 0
36155,196, 0
36156,200, 0
36157,196, 0
36158,193, 0
36159,204, 0
36160,187, 0
36161,183, 0
36162,182, 0
36163,183, 0
36164,182, 0
36165,172, 0
36166,168, 0
36167,169, 0
36168,157, 0
36169,145, 0
36170,147, 0
36171,133, 0
36172,124, 0
36173,121, 0
36174,102, 0
36175,70, 0
36176,51, 0
36177,43, 0
36178,41, 0
36179,57, 0
36180,76, 0
36181,83, 0
36182,84, 0
36183,79, 0
36184,77, 0
36185,81, 0
36186,80, 0
36187,78, 0
36188,76, 0
36189,89, 0
36190,83, 0
36191,91, 0
36192,91, 0
36193,93, 0
36194,92, 0
36195,93, 0
36196,101, 0
36197,100, 0
36198,106, 0
36199,104, 0
36200,119, 0
36201,127, 0
36202,133, 0
36203,125, 0
36204,138, 0
36205,128, 0
36206,103, 0
36207,97, 0
36208,120, 0
36209,125, 0
36210,149, 0
36211,169, 0
36212,183, 0
36213,197, 0
36214,204, 0
36215,200, 0
36216,193, 0
36217,189, 0
36218,193, 0
36219,191, 0
36220,197, 0
36221,183, 0
36222,185, 0
36223,167, 0
36224,183, 0
36225,183, 0
36226,173, 0
36227,168, 0
36228,167, 0
36229,164, 0
36230,173, 0
36231,145, 0
36232,140, 0
36233,133, 0
36234,128, 0
36235,106, 0
36236,76, 0
36237,57, 0
36238,45, 0
36239,52, 0
36240,69, 0
36241,84, 0
36242,90, 0
36243,83, 0
36244,80, 0
36245,83, 0
36246,84, 0
36247,78, 0
36248,85, 0
36249,86, 0
36250,91, 0
36251,92, 0
36252,94, 0
36253,93, 0
36254,99, 0
36255,103, 0
36256,111, 0
36257,108, 0
36258,115, 0
36259,125, 0
36260,111, 0
36261,127, 0
36262,133, 0
36263,138, 0
36264,142, 0
36265,144, 0
36266,118, 0
36267,108, 0
36268,104, 0
36269,119, 0
36270,115, 0
36271,148, 0
36272,175, 0
36273,189, 0
36274,198, 0
36275,196, 0
36276,192, 0
36277,190, 0
36278,183, 0
36279,196, 0
36280,192, 0
36281,206, 0
36282,189, 0
36283,188, 0
36284,179, 0
36285,181, 0
36286,170, 0
36287,166, 0
36288,159, 0
36289,144, 0
36290,157, 0
36291,152, 0
36292,149, 0
36293,143, 0
36294,133, 0
36295,125, 0
36296,105, 0
36297,84, 0
36298,58, 0
36299,60, 0
36300,76, 0
36301,74, 0
36302,95, 0
36303,90, 0
36304,92, 0
36305,92, 0
36306,89, 0
36307,89, 0
36308,88, 0
36309,88, 0
36310,89, 0
36311,91, 0
36312,89, 0
36313,89, 0
36314,88, 0
36315,93, 0
36316,85, 0
36317,95, 0
36318,107, 0
36319,113, 0
36320,117, 0
36321,109, 0
36322,127, 0
36323,127, 0
36324,123, 0
36325,140, 0
36326,135, 0
36327,116, 0
36328,102, 0
36329,102, 0
36330,115, 0
36331,125, 0
36332,150, 0
36333,173, 0
36334,186, 0
36335,195, 0
36336,193, 0
36337,198, 0
36338,191, 0
36339,189, 0
36340,195, 0
36341,204, 0
36342,190, 0
36343,185, 0
36344,201, 0
36345,186, 0
36346,183, 0
36347,180, 0
36348,174, 0
36349,168, 0
36350,170, 0
36351,164, 0
36352,164, 0
36353,157, 0
36354,159, 0
36355,135, 0
36356,133, 0
36357,108, 0
36358,80, 0
36359,63, 0
36360,59, 0
36361,72, 0
36362,84, 0
36363,102, 0
36364,100, 0
36365,107, 0
36366,93, 0
36367,92, 0
36368,92, 0
36369,89, 0
36370,89, 0
36371,83, 0
36372,89, 0
36373,95, 0
36374,89, 0
36375,87, 0
36376,91, 0
36377,91, 0
36378,93, 0
36379,95, 0
36380,102, 0
36381,103, 0
36382,111, 0
36383,115, 0
36384,121, 0
36385,125, 0
36386,132, 0
36387,127, 0
36388,112, 0
36389,93, 0
36390,92, 0
36391,102, 0
36392,118, 0
36393,139, 0
36394,164, 0
36395,177, 0
36396,187, 0
36397,188, 0
36398,187, 0
36399,187, 0
36400,183, 0
36401,192, 0
36402,196, 0
36403,176, 0
36404,200, 0
36405,197, 0
36406,196, 0
36407,196, 0
36408,196, 0
36409,185, 0
36410,186, 0
36411,183, 0
36412,193, 0
36413,172, 0
36414,167, 0
36415,158, 0
36416,150, 0
36417,145, 0
36418,124, 0
36419,95, 0
36420,75, 0
36421,87, 0
36422,77, 0
36423,94, 0
36424,101, 0
36425,101, 0
36426,89, 0
36427,101, 0
36428,95, 0
36429,92, 0
36430,79, 0
36431,86, 0
36432,72, 0
36433,80, 0
36434,76, 0
36435,79, 0
36436,78, 0
36437,83, 0
36438,84, 0
36439,85, 0
36440,89, 0
36441,99, 0
36442,100, 0
36443,94, 0
36444,97, 0
36445,109, 0
36446,118, 0
36447,125, 0
36448,118, 0
36449,95, 0
36450,87, 0
36451,84, 0
36452,93, 0
36453,106, 0
36454,131, 0
36455,164, 0
36456,159, 0
36457,184, 0
36458,193, 0
36459,185, 0
36460,179, 0
36461,185, 0
36462,183, 0
36463,186, 0
36464,180, 0
36465,177, 0
36466,184, 0
36467,183, 0
36468,190, 0
36469,186, 0
36470,172, 0
36471,170, 0
36472,166, 0
36473,172, 0
36474,168, 0
36475,164, 0
36476,158, 0
36477,147, 0
36478,141, 0
36479,108, 0
36480,77, 0
36481,56, 0
36482,63, 0
36483,62, 0
36484,89, 0
36485,95, 0
36486,95, 0
36487,96, 0
36488,92, 0
36489,92, 0
36490,92, 0
36491,79, 0
36492,78, 0
36493,74, 0
36494,67, 0
36495,59, 0
36496,75, 0
36497,72, 0
36498,74, 0
36499,81, 0
36500,89, 0
36501,95, 0
36502,93, 0
36503,109, 0
36504,100, 0
36505,110, 0
36506,125, 0
36507,127, 0
36508,134, 0
36509,127, 0
36510,112, 0
36511,101, 0
36512,115, 0
36513,110, 0
36514,135, 0
36515,164, 0
36516,192, 0
36517,195, 0
36518,218, 0
36519,177, 0
36520,199, 0
36521,185, 0
36522,196, 0
36523,198, 0
36524,199, 0
36525,191, 0
36526,191, 0
36527,196, 0
36528,190, 0
36529,187, 0
36530,185, 0
36531,181, 0
36532,159, 0
36533,177, 0
36534,180, 0
36535,165, 0
36536,163, 0
36537,157, 0
36538,147, 0
36539,138, 0
36540,116, 0
36541,89, 0
36542,74, 0
36543,63, 0
36544,70, 0
36545,94, 0
36546,107, 0
36547,92, 0
36548,95, 0
36549,86, 0
36550,77, 0
36551,76, 0
36552,64, 0
36553,69, 0
36554,71, 0
36555,75, 0
36556,62, 0
36557,78, 0
36558,80, 0
36559,76, 0
36560,83, 0
36561,90, 0
36562,89, 0
36563,83, 0
36564,95, 0
36565,99, 0
36566,109, 0
36567,110, 0
36568,108, 0
36569,125, 0
36570,115, 0
36571,96, 0
36572,83, 0
36573,94, 0
36574,102, 0
36575,121, 0
36576,154, 0
36577,172, 0
36578,184, 0
36579,192, 0
36580,183, 0
36581,196, 0
36582,196, 0
36583,197, 0
36584,204, 0
36585,198, 0
36586,204, 0
36587,201, 0
36588,198, 0
36589,201, 0
36590,191, 0
36591,183, 0
36592,181, 0
36593,177, 0
36594,176, 0
36595,168, 0
36596,159, 0
36597,155, 0
36598,149, 0
36599,144, 0
36600,127, 0
36601,106, 0
36602,81, 0
36603,65, 0
36604,75, 0
36605,58, 0
36606,80, 0
36607,100, 0
36608,97, 0
36609,95, 0
36610,101, 0
36611,102, 0
36612,104, 0
36613,103, 0
36614,103, 0
36615,104, 0
36616,92, 0
36617,74, 0
36618,85, 0
36619,85, 0
36620,90, 0
36621,112, 0
36622,107, 0
36623,107, 0
36624,116, 0
36625,108, 0
36626,102, 0
36627,105, 0
36628,118, 0
36629,122, 0
36630,125, 0
36631,123, 0
36632,100, 0
36633,91, 0
36634,95, 0
36635,104, 0
36636,123, 0
36637,147, 0
36638,169, 0
36639,177, 0
36640,189, 0
36641,189, 0
36642,189, 0
36643,200, 0
36644,199, 0
36645,197, 0
36646,201, 0
36647,195, 0
36648,201, 0
36649,192, 0
36650,192, 0
36651,189, 0
36652,189, 0
36653,202, 0
36654,183, 0
36655,183, 0
36656,180, 0
36657,175, 0
36658,159, 0
36659,145, 0
36660,135, 0
36661,133, 0
36662,102, 0
36663,68, 0
36664,63, 0
36665,67, 0
36666,67, 0
36667,92, 0
36668,101, 0
36669,101, 0
36670,99, 0
36671,101, 0
36672,94, 0
36673,81, 0
36674,69, 0
36675,56, 0
36676,48, 0
36677,56, 0
36678,52, 0
36679,63, 0
36680,60, 0
36681,54, 0
36682,53, 0
36683,58, 0
36684,76, 0
36685,87, 0
36686,110, 0
36687,112, 0
36688,129, 0
36689,141, 0
36690,153, 0
36691,155, 0
36692,139, 0
36693,133, 0
36694,137, 0
36695,145, 0
36696,148, 0
36697,153, 0
36698,170, 0
36699,169, 0
36700,164, 0
36701,176, 0
36702,189, 0
36703,196, 0
36704,216, 0
36705,221, 0
36706,223, 0
36707,223, 0
36708,214, 0
36709,201, 0
36710,199, 0
36711,196, 0
36712,196, 0
36713,177, 0
36714,176, 0
36715,177, 0
36716,175, 0
36717,172, 0
36718,160, 0
36719,157, 0
36720,145, 0
36721,144, 0
36722,139, 0
36723,105, 0
36724,87, 0
36725,91, 0
36726,102, 0
36727,105, 0
36728,118, 0
36729,120, 0
36730,90, 0
36731,77, 0
36732,71, 0
36733,58, 0
36734,59, 0
36735,65, 0
36736,62, 0
36737,70, 0
36738,76, 0
36739,83, 0
36740,70, 0
36741,57, 0
36742,64, 0
36743,87, 0
36744,81, 0
36745,90, 0
36746,102, 0
36747,116, 0
36748,108, 0
36749,127, 0
36750,137, 0
36751,139, 0
36752,142, 0
36753,130, 0
36754,115, 0
36755,95, 0
36756,96, 0
36757,113, 0
36758,132, 0
36759,159, 0
36760,177, 0
36761,180, 0
36762,177, 0
36763,188, 0
36764,172, 0
36765,185, 0
36766,183, 0
36767,183, 0
36768,184, 0
36769,183, 0
36770,188, 0
36771,183, 0
36772,172, 0
36773,173, 0
36774,166, 0
36775,161, 0
36776,168, 0
36777,171, 0
36778,175, 0
36779,168, 0
36780,164, 0
36781,157, 0
36782,140, 0
36783,121, 0
36784,84, 0
36785,58, 0
36786,57, 0
36787,55, 0
36788,76, 0
36789,104, 0
36790,110, 0
36791,101, 0
36792,95, 0
36793,95, 0
36794,88, 0
36795,84, 0
36796,79, 0
36797,81, 0
36798,72, 0
36799,70, 0
36800,57, 0
36801,60, 0
36802,70, 0
36803,101, 0
36804,105, 0
36805,117, 0
36806,103, 0
36807,112, 0
36808,108, 0
36809,108, 0
36810,106, 0
36811,125, 0
36812,129, 0
36813,137, 0
36814,108, 0
36815,77, 0
36816,69, 0
36817,91, 0
36818,92, 0
36819,118, 0
36820,152, 0
36821,170, 0
36822,159, 0
36823,183, 0
36824,186, 0
36825,189, 0
36826,189, 0
36827,198, 0
36828,192, 0
36829,207, 0
36830,195, 0
36831,205, 0
36832,204, 0
36833,202, 0
36834,205, 0
36835,204, 0
36836,203, 0
36837,208, 0
36838,206, 0
36839,201, 0
36840,192, 0
36841,186, 0
36842,168, 0
36843,150, 0
36844,133, 0
36845,92, 0
36846,70, 0
36847,63, 0
36848,57, 0
36849,76, 0
36850,101, 0
36851,106, 0
36852,102, 0
36853,104, 0
36854,113, 0
36855,121, 0
36856,128, 0
36857,134, 0
36858,115, 0
36859,108, 0
36860,106, 0
36861,100, 0
36862,83, 0
36863,86, 0
36864,76, 0
36865,89, 0
36866,88, 0
36867,77, 0
36868,84, 0
36869,92, 0
36870,107, 0
36871,136, 0
36872,151, 0
36873,164, 0
36874,167, 0
36875,142, 0
36876,99, 0
36877,91, 0
36878,73, 0
36879,90, 0
36880,108, 0
36881,133, 0
36882,152, 0
36883,157, 0
36884,160, 0
36885,150, 0
36886,160, 0
36887,158, 0
36888,156, 0
36889,167, 0
36890,175, 0
36891,168, 0
36892,170, 0
36893,184, 0
36894,196, 0
36895,214, 0
36896,227, 0
36897,220, 0
36898,212, 0
36899,198, 0
36900,188, 0
36901,182, 0
36902,172, 0
36903,155, 0
36904,143, 0
36905,123, 0
36906,86, 0
36907,65, 0
36908,61, 0
36909,74, 0
36910,84, 0
36911,115, 0
36912,116, 0
36913,102, 0
36914,94, 0
36915,94, 0
36916,119, 0
36917,123, 0
36918,119, 0
36919,108, 0
36920,99, 0
36921,107, 0
36922,108, 0
36923,110, 0
36924,94, 0
36925,79, 0
36926,56, 0
36927,42, 0
36928,42, 0
36929,67, 0
36930,54, 0
36931,61, 0
36932,78, 0
36933,88, 0
36934,86, 0
36935,96, 0
36936,86, 0
36937,74, 0
36938,78, 0
36939,89, 0
36940,104, 0
36941,128, 0
36942,148, 0
36943,167, 0
36944,204, 0
36945,207, 0
36946,215, 0
36947,218, 0
36948,221, 0
36949,232, 0
36950,232, 0
36951,229, 0
36952,216, 0
36953,208, 0
36954,204, 0
36955,204, 0
36956,206, 0
36957,198, 0
36958,187, 0
36959,153, 0
36960,140, 0
36961,121, 0
36962,104, 0
36963,96, 0
36964,101, 0
36965,133, 0
36966,151, 0
36967,145, 0
36968,120, 0
36969,91, 0
36970,73, 0
36971,63, 0
36972,92, 0
36973,115, 0
36974,150, 0
36975,191, 0
36976,204, 0
36977,214, 0
36978,211, 0
36979,204, 0
36980,174, 0
36981,139, 0
36982,92, 0
36983,40, 0
36984,5, 0
36985,0, 0
36986,0, 0
36987,2, 0
36988,15, 0
36989,31, 0
36990,46, 0
36991,72, 0
36992,64, 0
36993,77, 0
36994,108, 0
36995,95, 0
36996,103, 0
36997,83, 0
36998,55, 0
36999,39, 0
37000,42, 0
37001,40, 0
37002,77, 0
37003,115, 0
37004,145, 0
37005,158, 0
37006,170, 0
37007,171, 0
37008,166, 0
37009,176, 0
37010,195, 0
37011,184, 0
37012,180, 0
37013,181, 0
37014,186, 0
37015,189, 0
37016,190, 0
37017,199, 0
37018,183, 0
37019,173, 0
37020,160, 0
37021,161, 0
37022,152, 0
37023,149, 0
37024,144, 0
37025,139, 0
37026,145, 0
37027,126, 0
37028,86, 0
37029,74, 0
37030,42, 0
37031,43, 0
37032,51, 0
37033,65, 0
37034,73, 0
37035,76, 0
37036,89, 0
37037,87, 0
37038,118, 0
37039,137, 0
37040,173, 0
37041,220, 0
37042,249, 0
37043,281, 0
37044,240, 0
37045,211, 0
37046,176, 0
37047,147, 0
37048,125, 0
37049,93, 0
37050,71, 0
37051,60, 0
37052,65, 0
37053,79, 0
37054,95, 0
37055,110, 0
37056,132, 0
37057,142, 0
37058,119, 0
37059,90, 0
37060,95, 0
37061,78, 0
37062,75, 0
37063,81, 0
37064,89, 0
37065,73, 0
37066,92, 0
37067,115, 0
37068,134, 0
37069,158, 0
37070,171, 0
37071,175, 0
37072,190, 0
37073,187, 0
37074,174, 0
37075,163, 0
37076,156, 0
37077,149, 0
37078,137, 0
37079,140, 0
37080,136, 0
37081,144, 0
37082,147, 0
37083,150, 0
37084,153, 0
37085,152, 0
37086,142, 0
37087,138, 0
37088,112, 0
37089,97, 0
37090,92, 0
37091,92, 0
37092,92, 0
37093,109, 0
37094,123, 0
37095,117, 0
37096,120, 0
37097,115, 0
37098,103, 0
37099,102, 0
37100,101, 0
37101,108, 0
37102,129, 0
37103,120, 0
37104,117, 0
37105,126, 0
37106,129, 0
37107,128, 0
37108,135, 0
37109,154, 0
37110,161, 0
37111,172, 0
37112,183, 0
37113,183, 0
37114,171, 0
37115,157, 0
37116,117, 0
37117,97, 0
37118,55, 0
37119,11, 0
37120,0, 0
37121,1, 0
37122,30, 0
37123,67, 0
37124,116, 0
37125,149, 0
37126,170, 0
37127,175, 0
37128,177, 0
37129,164, 0
37130,168, 0
37131,170, 0
37132,166, 0
37133,157, 0
37134,145, 0
37135,139, 0
37136,148, 0
37137,154, 0
37138,152, 0
37139,147, 0
37140,145, 0
37141,137, 0
37142,149, 0
37143,150, 0
37144,158, 0
37145,176, 0
37146,183, 0
37147,185, 0
37148,183, 0
37149,164, 0
37150,121, 0
37151,85, 0
37152,58, 0
37153,57, 0
37154,69, 0
37155,75, 0
37156,45, 0
37157,5, 0
37158,0, 0
37159,0, 0
37160,5, 0
37161,32, 0
37162,73, 0
37163,118, 0
37164,154, 0
37165,167, 0
37166,187, 0
37167,190, 0
37168,205, 0
37169,226, 0
37170,224, 0
37171,226, 0
37172,261, 0
37173,284, 0
37174,291, 0
37175,309, 0
37176,302, 0
37177,282, 0
37178,244, 0
37179,202, 0
37180,152, 0
37181,99, 0
37182,78, 0
37183,57, 0
37184,58, 0
37185,65, 0
37186,87, 0
37187,95, 0
37188,106, 0
37189,101, 0
37190,116, 0
37191,137, 0
37192,154, 0
37193,180, 0
37194,212, 0
37195,226, 0
37196,231, 0
37197,226, 0
37198,219, 0
37199,216, 0
37200,207, 0
37201,197, 0
37202,191, 0
37203,170, 0
37204,163, 0
37205,151, 0
37206,154, 0
37207,169, 0
37208,195, 0
37209,215, 0
37210,214, 0
37211,190, 0
37212,181, 0
37213,155, 0
37214,131, 0
37215,118, 0
37216,96, 0
37217,53, 0
37218,10, 0
37219,0, 0
37220,3, 0
37221,17, 0
37222,0, 0
37223,1, 0
37224,29, 0
37225,83, 0
37226,131, 0
37227,177, 0
37228,203, 0
37229,189, 0
37230,159, 0
37231,96, 0
37232,67, 0
37233,48, 0
37234,67, 0
37235,79, 0
37236,70, 0
37237,51, 0
37238,50, 0
37239,91, 0
37240,117, 0
37241,111, 0
37242,109, 0
37243,105, 0
37244,102, 0
37245,102, 0
37246,128, 0
37247,127, 0
37248,110, 0
37249,75, 0
37250,63, 0
37251,78, 0
37252,108, 0
37253,132, 0
37254,138, 0
37255,147, 0
37256,156, 0
37257,177, 0
37258,195, 0
37259,207, 0
37260,191, 0
37261,183, 0
37262,196, 0
37263,216, 0
37264,257, 0
37265,286, 0
37266,310, 0
37267,332, 0
37268,326, 4
37269,300, 1
37270,246, 0
37271,159, 0
37272,73, 0
37273,37, 0
37274,32, 0
37275,61, 0
37276,123, 0
37277,181, 0
37278,196, 0
37279,183, 0
37280,159, 0
37281,131, 0
37282,97, 0
37283,65, 0
37284,34, 0
37285,17, 0
37286,4, 0
37287,0, 0
37288,2, 0
37289,10, 0
37290,8, 0
37291,11, 0
37292,3, 0
37293,2, 0
37294,70, 0
37295,140, 0
37296,189, 0
37297,187, 0
37298,164, 0
37299,127, 0
37300,60, 0
37301,1, 0
37302,31, 0
37303,121, 0
37304,163, 0
37305,180, 0
37306,181, 0
37307,182, 0
37308,172, 0
37309,191, 0
37310,251, 0
37311,322, 0
37312,381, 6
37313,405, 20
37314,434, 32
37315,468, 50
37316,478, 58
37317,529, 80
37318,577, 95
37319,625, 121
37320,638, 134
37321,617, 142
37322,519, 125
37323,388, 80
37324,274, 30
37325,188, 0
37326,132, 0
37327,92, 0
37328,89, 0
37329,92, 0
37330,87, 0
37331,63, 0
37332,19, 0
37333,0, 0
37334,19, 0
37335,40, 0
37336,50, 0
37337,42, 0
37338,78, 0
37339,88, 0
37340,83, 0
37341,57, 0
37342,17, 0
37343,1, 0
37344,37, 0
37345,76, 0
37346,136, 0
37347,193, 0
37348,226, 0
37349,234, 0
37350,183, 0
37351,158, 0
37352,147, 0
37353,174, 0
37354,223, 0
37355,257, 0
37356,251, 0
37357,220, 0
37358,174, 0
37359,135, 0
37360,92, 0
37361,62, 0
37362,25, 0
37363,0, 0
37364,3, 0
37365,10, 0
37366,19, 0
37367,13, 0
37368,1, 0
37369,0, 0
37370,10, 0
37371,28, 0
37372,52, 0
37373,83, 0
37374,130, 0
37375,158, 0
37376,157, 0
37377,154, 0
37378,159, 0
37379,206, 0
37380,261, 0
37381,306, 0
37382,311, 0
37383,290, 0
37384,274, 0
37385,286, 0
37386,264, 0
37387,275, 0
37388,269, 0
37389,239, 0
37390,202, 0
37391,154, 0
37392,106, 0
37393,53, 0
37394,26, 0
37395,24, 0
37396,28, 0
37397,31, 0
37398,61, 0
37399,115, 0
37400,170, 0
37401,238, 0
37402,264, 0
37403,261, 0
37404,235, 0
37405,184, 0
37406,145, 0
37407,108, 0
37408,103, 0
37409,100, 0
37410,93, 0
37411,96, 0
37412,97, 0
37413,89, 0
37414,65, 0
37415,23, 0
37416,3, 0
37417,62, 0
37418,107, 0
37419,112, 0
37420,94, 0
37421,59, 0
37422,27, 0
37423,10, 0
37424,24, 0
37425,63, 0
37426,88, 0
37427,77, 0
37428,27, 0
37429,25, 0
37430,123, 0
37431,199, 0
37432,247, 0
37433,270, 0
37434,271, 0
37435,292, 0
37436,329, 1
37437,398, 9
37438,456, 32
37439,499, 55
37440,531, 77
37441,521, 88
37442,469, 79
37443,368, 57
37444,243, 14
37445,102, 0
37446,6, 0
37447,38, 0
37448,32, 0
37449,28, 0
37450,124, 0
37451,183, 0
37452,169, 0
37453,86, 0
37454,9, 0
37455,110, 0
37456,233, 0
37457,346, 0
37458,402, 7
37459,384, 19
37460,322, 10
37461,235, 0
37462,112, 0
37463,11, 0
37464,89, 0
37465,212, 0
37466,311, 0
37467,342, 0
37468,286, 0
37469,170, 0
37470,71, 0
37471,65, 0
37472,142, 0
37473,233, 0
37474,298, 0
37475,373, 0
37476,435, 19
37477,452, 35
37478,393, 37
37479,318, 17
37480,260, 0
37481,189, 0
37482,159, 0
37483,142, 0
37484,123, 0
37485,120, 0
37486,126, 0
37487,123, 0
37488,106, 0
37489,108, 0
37490,145, 0
37491,202, 0
37492,266, 0
37493,290, 0
37494,270, 0
37495,157, 0
37496,48, 0
37497,0, 0
37498,7, 0
37499,112, 0
37500,245, 0
37501,361, 0
37502,404, 12
37503,407, 26
37504,427, 36
37505,463, 46
37506,476, 57
37507,413, 51
37508,327, 25
37509,294, 6
37510,253, 0
37511,248, 0
37512,246, 0
37513,233, 0
37514,208, 0
37515,179, 0
37516,157, 0
37517,149, 0
37518,140, 0
37519,188, 0
37520,270, 0
37521,379, 0
37522,461, 25
37523,512, 51
37524,475, 62
37525,416, 50
37526,323, 24
37527,255, 2
37528,212, 0
37529,217, 0
37530,202, 0
37531,170, 0
37532,96, 0
37533,6, 0
37534,64, 0
37535,164, 0
37536,203, 0
37537,176, 0
37538,90, 0
37539,8, 0
37540,105, 0
37541,226, 0
37542,293, 0
37543,375, 2
37544,377, 13
37545,317, 6
37546,264, 0
37547,222, 0
37548,199, 0
37549,159, 0
37550,116, 0
37551,99, 0
37552,123, 0
37553,184, 0
37554,248, 0
37555,295, 0
37556,308, 0
37557,319, 1
37558,370, 6
37559,403, 19
37560,382, 27
37561,334, 18
37562,270, 5
37563,253, 0
37564,263, 0
37565,305, 0
37566,342, 1
37567,372, 8
37568,330, 11
37569,255, 2
37570,148, 0
37571,28, 0
37572,30, 0
37573,110, 0
37574,181, 0
37575,277, 0
37576,385, 3
37577,461, 25
37578,481, 47
37579,425, 50
37580,324, 26
37581,177, 1
37582,99, 0
37583,80, 0
37584,120, 0
37585,167, 0
37586,223, 0
37587,243, 0
37588,238, 0
37589,169, 0
37590,72, 0
37591,12, 0
37592,89, 0
37593,167, 0
37594,221, 0
37595,267, 0
37596,337, 0
37597,388, 4
37598,398, 20
37599,390, 22
37600,384, 20
37601,391, 22
37602,391, 25
37603,363, 22
37604,310, 12
37605,263, 0
37606,220, 0
37607,183, 0
37608,147, 0
37609,106, 0
37610,73, 0
37611,80, 0
37612,115, 0
37613,150, 0
37614,176, 0
37615,192, 0
37616,214, 0
37617,196, 0
37618,179, 0
37619,183, 0
37620,182, 0
37621,182, 0
37622,213, 0
37623,169, 0
37624,132, 0
37625,69, 0
37626,9, 0
37627,6, 0
37628,79, 0
37629,131, 0
37630,125, 0
37631,78, 0
37632,30, 0
37633,2, 0
37634,0, 0
37635,14, 0
37636,6, 0
37637,0, 0
37638,4, 0
37639,23, 0
37640,11, 0
37641,1, 0
37642,1, 0
37643,19, 0
37644,38, 0
37645,8, 0
37646,19, 0
37647,104, 0
37648,176, 0
37649,222, 0
37650,204, 0
37651,157, 0
37652,85, 0
37653,36, 0
37654,12, 0
37655,32, 0
37656,83, 0
37657,107, 0
37658,95, 0
37659,31, 0
37660,11, 0
37661,90, 0
37662,156, 0
37663,188, 0
37664,153, 0
37665,79, 0
37666,6, 0
37667,0, 0
37668,19, 0
37669,80, 0
37670,197, 0
37671,343, 0
37672,507, 25
37673,598, 75
37674,561, 101
37675,457, 87
37676,365, 56
37677,332, 25
37678,338, 13
37679,287, 4
37680,204, 0
37681,134, 0
37682,51, 0
37683,11, 0
37684,0, 0
37685,0, 0
37686,0, 0
37687,8, 0
37688,51, 0
37689,78, 0
37690,61, 0
37691,54, 0
37692,31, 0
37693,6, 0
37694,1, 0
37695,46, 0
37696,88, 0
37697,101, 0
37698,123, 0
37699,111, 0
37700,52, 0
37701,26, 0
37702,183, 0
37703,321, 0
37704,403, 3
37705,419, 21
37706,427, 34
37707,444, 42
37708,431, 42
37709,416, 37
37710,390, 31
37711,375, 22
37712,388, 21
37713,456, 31
37714,533, 58
37715,569, 89
37716,585, 103
37717,527, 99
37718,451, 81
37719,395, 52
37720,382, 35
37721,415, 31
37722,466, 41
37723,497, 57
37724,468, 62
37725,382, 47
37726,297, 17
37727,245, 0
37728,233, 0
37729,285, 0
37730,325, 0
37731,365, 3
37732,417, 20
37733,462, 37
37734,446, 50
37735,380, 38
37736,281, 13
37737,196, 0
37738,145, 0
37739,86, 0
37740,14, 0
37741,19, 0
37742,63, 0
37743,41, 0
37744,2, 0
37745,83, 0
37746,157, 0
37747,207, 0
37748,242, 0
37749,277, 0
37750,283, 0
37751,265, 0
37752,238, 0
37753,255, 0
37754,230, 0
37755,177, 0
37756,99, 0
37757,14, 0
37758,25, 0
37759,108, 0
37760,135, 0
37761,134, 0
37762,70, 0
37763,12, 0
37764,1, 0
37765,1, 0
37766,5, 0
37767,51, 0
37768,76, 0
37769,68, 0
37770,76, 0
37771,163, 0
37772,271, 0
37773,348, 0
37774,368, 4
37775,373, 11
37776,363, 13
37777,337, 9
37778,287, 2
37779,195, 0
37780,105, 0
37781,58, 0
37782,38, 0
37783,71, 0
37784,119, 0
37785,149, 0
37786,133, 0
37787,122, 0
37788,116, 0
37789,121, 0
37790,164, 0
37791,200, 0
37792,208, 0
37793,171, 0
37794,152, 0
37795,149, 0
37796,133, 0
37797,115, 0
37798,128, 0
37799,164, 0
37800,199, 0
37801,226, 0
37802,226, 0
37803,186, 0
37804,124, 0
37805,52, 0
37806,3, 0
37807,0, 0
37808,0, 0
37809,28, 0
37810,76, 0
37811,99, 0
37812,105, 0
37813,89, 0
37814,92, 0
37815,123, 0
37816,152, 0
37817,147, 0
37818,99, 0
37819,18, 0
37820,1, 0
37821,31, 0
37822,36, 0
37823,42, 0
37824,45, 0
37825,47, 0
37826,55, 0
37827,68, 0
37828,83, 0
37829,85, 0
37830,83, 0
37831,87, 0
37832,76, 0
37833,63, 0
37834,19, 0
37835,0, 0
37836,0, 0
37837,0, 0
37838,7, 0
37839,30, 0
37840,32, 0
37841,36, 0
37842,0, 0
37843,10, 0
37844,51, 0
37845,78, 0
37846,80, 0
37847,85, 0
37848,89, 0
37849,102, 0
37850,108, 0
37851,115, 0
37852,108, 0
37853,112, 0
37854,108, 0
37855,119, 0
37856,120, 0
37857,123, 0
37858,152, 0
37859,184, 0
37860,174, 0
37861,128, 0
37862,108, 0
37863,126, 0
37864,193, 0
37865,271, 0
37866,373, 1
37867,470, 30
37868,553, 64
37869,594, 94
37870,575, 112
37871,512, 103
37872,410, 74
37873,309, 38
37874,183, 4
37875,153, 0
37876,133, 0
37877,139, 0
37878,160, 0
37879,139, 0
37880,103, 0
37881,36, 0
37882,0, 0
37883,20, 0
37884,12, 0
37885,3, 0
37886,0, 0
37887,0, 0
37888,0, 0
37889,0, 0
37890,3, 0
37891,0, 0
37892,0, 0
37893,19, 0
37894,71, 0
37895,120, 0
37896,171, 0
37897,191, 0
37898,221, 0
37899,262, 0
37900,282, 0
37901,319, 0
37902,296, 0
37903,244, 0
37904,188, 0
37905,176, 0
37906,172, 0
37907,183, 0
37908,214, 0
37909,199, 0
37910,167, 0
37911,107, 0
37912,31, 0
37913,11, 0
37914,1, 0
37915,0, 0
37916,11, 0
37917,62, 0
37918,96, 0
37919,89, 0
37920,63, 0
37921,62, 0
37922,92, 0
37923,172, 0
37924,257, 0
37925,324, 0
37926,371, 5
37927,363, 12
37928,297, 8
37929,210, 0
37930,154, 0
37931,136, 0
37932,151, 0
37933,176, 0
37934,207, 0
37935,226, 0
37936,215, 0
37937,157, 0
37938,83, 0
37939,23, 0
37940,1, 0
37941,0, 0
37942,6, 0
37943,19, 0
37944,5, 0
37945,0, 0
37946,12, 0
37947,68, 0
37948,91, 0
37949,63, 0
37950,9, 0
37951,0, 0
37952,0, 0
37953,0, 0
37954,10, 0
37955,44, 0
37956,81, 0
37957,81, 0
37958,43, 0
37959,2, 0
37960,8, 0
37961,54, 0
37962,86, 0
37963,105, 0
37964,109, 0
37965,53, 0
37966,12, 0
37967,101, 0
37968,175, 0
37969,188, 0
37970,157, 0
37971,99, 0
37972,53, 0
37973,61, 0
37974,140, 0
37975,276, 0
37976,423, 4
37977,533, 42
37978,564, 79
37979,533, 92
37980,444, 78
37981,379, 54
37982,371, 32
37983,394, 30
37984,434, 36
37985,480, 56
37986,464, 62
37987,402, 53
37988,298, 24
37989,182, 1
37990,72, 0
37991,8, 0
37992,3, 0
37993,83, 0
37994,238, 0
37995,398, 1
37996,503, 36
37997,515, 62
37998,430, 61
37999,365, 43
38000,368, 25
38001,418, 30
38002,453, 44
38003,404, 43
38004,338, 25
38005,284, 7
38006,240, 0
38007,224, 0
38008,203, 0
38009,189, 0
38010,173, 0
38011,184, 0
38012,207, 0
38013,213, 0
38014,176, 0
38015,104, 0
38016,31, 0
38017,0, 0
38018,11, 0
38019,36, 0
38020,14, 0
38021,30, 0
38022,120, 0
38023,153, 0
38024,185, 0
38025,138, 0
38026,105, 0
38027,35, 0
38028,8, 0
38029,22, 0
38030,96, 0
38031,161, 0
38032,139, 0
38033,71, 0
38034,2, 0
38035,3, 0
38036,4, 0
38037,0, 0
38038,17, 0
38039,71, 0
38040,160, 0
38041,205, 0
38042,238, 0
38043,226, 0
38044,185, 0
38045,137, 0
38046,118, 0
38047,93, 0
38048,96, 0
38049,94, 0
38050,118, 0
38051,143, 0
38052,160, 0
38053,159, 0
38054,139, 0
38055,102, 0
38056,65, 0
38057,38, 0
38058,3, 0
38059,0, 0
38060,0, 0
38061,14, 0
38062,51, 0
38063,70, 0
38064,75, 0
38065,56, 0
38066,26, 0
38067,0, 0
38068,0, 0
38069,0, 0
38070,0, 0
38071,0, 0
38072,5, 0
38073,51, 0
38074,127, 0
38075,170, 0
38076,161, 0
38077,106, 0
38078,38, 0
38079,3, 0
38080,12, 0
38081,38, 0
38082,61, 0
38083,67, 0
38084,39, 0
38085,21, 0
38086,9, 0
38087,50, 0
38088,71, 0
38089,92, 0
38090,102, 0
38091,117, 0
38092,127, 0
38093,111, 0
38094,76, 0
38095,52, 0
38096,42, 0
38097,34, 0
38098,34, 0
38099,37, 0
38100,4, 0
38101,0, 0
38102,1, 0
38103,28, 0
38104,107, 0
38105,183, 0
38106,252, 0
38107,305, 0
38108,327, 0
38109,326, 2
38110,296, 1
38111,271, 0
38112,252, 0
38113,235, 0
38114,214, 0
38115,206, 0
38116,204, 0
38117,206, 0
38118,190, 0
38119,182, 0
38120,173, 0
38121,173, 0
38122,152, 0
38123,87, 0
38124,35, 0
38125,9, 0
38126,19, 0
38127,76, 0
38128,135, 0
38129,214, 0
38130,268, 0
38131,276, 0
38132,248, 0
38133,238, 0
38134,195, 0
38135,151, 0
38136,104, 0
38137,86, 0
38138,52, 0
38139,41, 0
38140,25, 0
38141,3, 0
38142,0, 0
38143,0, 0
38144,0, 0
38145,9, 0
38146,56, 0
38147,94, 0
38148,145, 0
38149,175, 0
38150,183, 0
38151,191, 0
38152,206, 0
38153,214, 0
38154,218, 0
38155,191, 0
38156,156, 0
38157,136, 0
38158,118, 0
38159,109, 0
38160,127, 0
38161,145, 0
38162,158, 0
38163,161, 0
38164,170, 0
38165,171, 0
38166,176, 0
38167,193, 0
38168,204, 0
38169,219, 0
38170,230, 0
38171,199, 0
38172,159, 0
38173,132, 0
38174,115, 0
38175,127, 0
38176,160, 0
38177,170, 0
38178,142, 0
38179,87, 0
38180,28, 0
38181,26, 0
38182,50, 0
38183,84, 0
38184,132, 0
38185,153, 0
38186,133, 0
38187,72, 0
38188,26, 0
38189,2, 0
38190,18, 0
38191,39, 0
38192,63, 0
38193,90, 0
38194,118, 0
38195,147, 0
38196,169, 0
38197,206, 0
38198,214, 0
38199,201, 0
38200,170, 0
38201,128, 0
38202,91, 0
38203,58, 0
38204,59, 0
38205,72, 0
38206,137, 0
38207,202, 0
38208,239, 0
38209,226, 0
38210,147, 0
38211,110, 0
38212,133, 0
38213,136, 0
38214,101, 0
38215,25, 0
38216,0, 0
38217,0, 0
38218,0, 0
38219,15, 0
38220,121, 0
38221,277, 0
38222,372, 0
38223,444, 20
38224,468, 42
38225,439, 50
38226,379, 39
38227,305, 21
38228,228, 1
38229,170, 0
38230,160, 0
38231,188, 0
38232,222, 0
38233,247, 0
38234,274, 0
38235,253, 0
38236,216, 0
38237,184, 0
38238,165, 0
38239,139, 0
38240,121, 0
38241,97, 0
38242,63, 0
38243,47, 0
38244,39, 0
38245,48, 0
38246,53, 0
38247,58, 0
38248,83, 0
38249,125, 0
38250,149, 0
38251,185, 0
38252,183, 0
38253,161, 0
38254,127, 0
38255,99, 0
38256,76, 0
38257,34, 0
38258,29, 0
38259,37, 0
38260,46, 0
38261,61, 0
38262,61, 0
38263,59, 0
38264,61, 0
38265,71, 0
38266,67, 0
38267,44, 0
38268,12, 0
38269,3, 0
38270,0, 0
38271,10, 0
38272,41, 0
38273,63, 0
38274,107, 0
38275,99, 0
38276,38, 0
38277,2, 0
38278,27, 0
38279,38, 0
38280,21, 0
38281,3, 0
38282,28, 0
38283,69, 0
38284,92, 0
38285,90, 0
38286,84, 0
38287,85, 0
38288,102, 0
38289,110, 0
38290,110, 0
38291,122, 0
38292,119, 0
38293,110, 0
38294,104, 0
38295,120, 0
38296,147, 0
38297,184, 0
38298,226, 0
38299,245, 0
38300,232, 0
38301,232, 0
38302,259, 0
38303,301, 0
38304,355, 2
38305,369, 7
38306,336, 10
38307,255, 1
38308,166, 0
38309,100, 0
38310,74, 0
38311,65, 0
38312,83, 0
38313,120, 0
38314,144, 0
38315,191, 0
38316,218, 0
38317,237, 0
38318,252, 0
38319,252, 0
38320,242, 0
38321,238, 0
38322,240, 0
38323,223, 0
38324,196, 0
38325,198, 0
38326,226, 0
38327,255, 0
38328,276, 0
38329,286, 0
38330,273, 0
38331,259, 0
38332,237, 0
38333,223, 0
38334,232, 0
38335,244, 0
38336,246, 0
38337,244, 0
38338,214, 0
38339,159, 0
38340,127, 0
38341,112, 0
38342,109, 0
38343,136, 0
38344,158, 0
38345,173, 0
38346,186, 0
38347,202, 0
38348,191, 0
38349,190, 0
38350,183, 0
38351,185, 0
38352,207, 0
38353,213, 0
38354,204, 0
38355,170, 0
38356,166, 0
38357,139, 0
38358,135, 0
38359,164, 0
38360,189, 0
38361,231, 0
38362,252, 0
38363,232, 0
38364,176, 0
38365,109, 0
38366,59, 0
38367,20, 0
38368,0, 0
38369,0, 0
38370,0, 0
38371,0, 0
38372,1, 0
38373,22, 0
38374,46, 0
38375,67, 0
38376,88, 0
38377,87, 0
38378,71, 0
38379,40, 0
38380,5, 0
38381,0, 0
38382,0, 0
38383,19, 0
38384,41, 0
38385,36, 0
38386,39, 0
38387,8, 0
38388,0, 0
38389,0, 0
38390,3, 0
38391,0, 0
38392,11, 0
38393,39, 0
38394,63, 0
38395,102, 0
38396,127, 0
38397,141, 0
38398,137, 0
38399,131, 0
38400,151, 0
38401,164, 0
38402,136, 0
38403,102, 0
38404,83, 0
38405,92, 0
38406,126, 0
38407,148, 0
38408,185, 0
38409,184, 0
38410,187, 0
38411,176, 0
38412,168, 0
38413,173, 0
38414,167, 0
38415,166, 0
38416,129, 0
38417,102, 0
38418,95, 0
38419,104, 0
38420,111, 0
38421,103, 0
38422,83, 0
38423,51, 0
38424,23, 0
38425,13, 0
38426,41, 0
38427,93, 0
38428,137, 0
38429,159, 0
38430,170, 0
38431,172, 0
38432,164, 0
38433,153, 0
38434,139, 0
38435,100, 0
38436,34, 0
38437,6, 0
38438,0, 0
38439,0, 0
38440,8, 0
38441,40, 0
38442,46, 0
38443,74, 0
38444,96, 0
38445,117, 0
38446,117, 0
38447,145, 0
38448,159, 0
38449,171, 0
38450,175, 0
38451,183, 0
38452,189, 0
38453,196, 0
38454,203, 0
38455,220, 0
38456,254, 0
38457,260, 0
38458,273, 0
38459,235, 0
38460,202, 0
38461,185, 0
38462,181, 0
38463,179, 0
38464,198, 0
38465,215, 0
38466,236, 0
38467,251, 0
38468,257, 0
38469,249, 0
38470,244, 0
38471,238, 0
38472,210, 0
38473,216, 0
38474,182, 0
38475,158, 0
38476,160, 0
38477,133, 0
38478,133, 0
38479,133, 0
38480,133, 0
38481,137, 0
38482,117, 0
38483,99, 0
38484,78, 0
38485,61, 0
38486,58, 0
38487,67, 0
38488,73, 0
38489,69, 0
38490,40, 0
38491,12, 0
38492,0, 0
38493,0, 0
38494,0, 0
38495,20, 0
38496,51, 0
38497,76, 0
38498,100, 0
38499,116, 0
38500,110, 0
38501,95, 0
38502,92, 0
38503,107, 0
38504,125, 0
38505,169, 0
38506,159, 0
38507,158, 0
38508,160, 0
38509,161, 0
38510,168, 0
38511,193, 0
38512,188, 0
38513,167, 0
38514,181, 0
38515,158, 0
38516,158, 0
38517,154, 0
38518,142, 0
38519,135, 0
38520,113, 0
38521,77, 0
38522,64, 0
38523,86, 0
38524,79, 0
38525,138, 0
38526,185, 0
38527,241, 0
38528,276, 0
38529,286, 0
38530,267, 0
38531,253, 0
38532,244, 0
38533,237, 0
38534,232, 0
38535,207, 0
38536,175, 0
38537,139, 0
38538,118, 0
38539,90, 0
38540,86, 0
38541,83, 0
38542,78, 0
38543,59, 0
38544,40, 0
38545,20, 0
38546,7, 0
38547,14, 0
38548,34, 0
38549,67, 0
38550,85, 0
38551,83, 0
38552,70, 0
38553,63, 0
38554,68, 0
38555,89, 0
38556,105, 0
38557,95, 0
38558,86, 0
38559,58, 0
38560,76, 0
38561,79, 0
38562,108, 0
38563,112, 0
38564,132, 0
38565,150, 0
38566,151, 0
38567,145, 0
38568,132, 0
38569,116, 0
38570,95, 0
38571,90, 0
38572,101, 0
38573,108, 0
38574,128, 0
38575,144, 0
38576,158, 0
38577,164, 0
38578,166, 0
38579,170, 0
38580,169, 0
38581,144, 0
38582,110, 0
38583,109, 0
38584,125, 0
38585,130, 0
38586,161, 0
38587,190, 0
38588,214, 0
38589,220, 0
38590,213, 0
38591,214, 0
38592,203, 0
38593,191, 0
38594,176, 0
38595,155, 0
38596,139, 0
38597,131, 0
38598,113, 0
38599,111, 0
38600,131, 0
38601,142, 0
38602,144, 0
38603,145, 0
38604,141, 0
38605,165, 0
38606,193, 0
38607,187, 0
38608,190, 0
38609,158, 0
38610,117, 0
38611,65, 0
38612,25, 0
38613,0, 0
38614,0, 0
38615,0, 0
38616,0, 0
38617,0, 0
38618,19, 0
38619,73, 0
38620,127, 0
38621,183, 0
38622,207, 0
38623,233, 0
38624,230, 0
38625,186, 0
38626,156, 0
38627,132, 0
38628,109, 0
38629,87, 0
38630,76, 0
38631,80, 0
38632,99, 0
38633,115, 0
38634,133, 0
38635,152, 0
38636,160, 0
38637,158, 0
38638,159, 0
38639,151, 0
38640,143, 0
38641,111, 0
38642,64, 0
38643,41, 0
38644,48, 0
38645,102, 0
38646,140, 0
38647,205, 0
38648,226, 0
38649,244, 0
38650,244, 0
38651,248, 0
38652,240, 0
38653,211, 0
38654,158, 0
38655,151, 0
38656,150, 0
38657,175, 0
38658,190, 0
38659,172, 0
38660,145, 0
38661,115, 0
38662,80, 0
38663,74, 0
38664,48, 0
38665,28, 0
38666,19, 0
38667,15, 0
38668,7, 0
38669,11, 0
38670,46, 0
38671,96, 0
38672,141, 0
38673,125, 0
38674,95, 0
38675,76, 0
38676,62, 0
38677,76, 0
38678,115, 0
38679,139, 0
38680,135, 0
38681,110, 0
38682,95, 0
38683,83, 0
38684,65, 0
38685,52, 0
38686,63, 0
38687,75, 0
38688,70, 0
38689,57, 0
38690,57, 0
38691,63, 0
38692,69, 0
38693,83, 0
38694,117, 0
38695,150, 0
38696,170, 0
38697,173, 0
38698,183, 0
38699,190, 0
38700,202, 0
38701,216, 0
38702,214, 0
38703,216, 0
38704,218, 0
38705,218, 0
38706,214, 0
38707,206, 0
38708,208, 0
38709,202, 0
38710,213, 0
38711,212, 0
38712,226, 0
38713,233, 0
38714,243, 0
38715,238, 0
38716,228, 0
38717,205, 0
38718,172, 0
38719,142, 0
38720,116, 0
38721,100, 0
38722,103, 0
38723,118, 0
38724,128, 0
38725,135, 0
38726,152, 0
38727,143, 0
38728,121, 0
38729,95, 0
38730,76, 0
38731,68, 0
38732,76, 0
38733,81, 0
38734,63, 0
38735,55, 0
38736,68, 0
38737,62, 0
38738,94, 0
38739,126, 0
38740,137, 0
38741,123, 0
38742,133, 0
38743,113, 0
38744,105, 0
38745,92, 0
38746,93, 0
38747,95, 0
38748,107, 0
38749,130, 0
38750,148, 0
38751,147, 0
38752,152, 0
38753,134, 0
38754,125, 0
38755,121, 0
38756,139, 0
38757,163, 0
38758,176, 0
38759,176, 0
38760,176, 0
38761,170, 0
38762,183, 0
38763,183, 0
38764,179, 0
38765,163, 0
38766,163, 0
38767,131, 0
38768,129, 0
38769,144, 0
38770,155, 0
38771,166, 0
38772,176, 0
38773,182, 0
38774,179, 0
38775,170, 0
38776,160, 0
38777,164, 0
38778,158, 0
38779,154, 0
38780,156, 0
38781,159, 0
38782,160, 0
38783,173, 0
38784,157, 0
38785,140, 0
38786,119, 0
38787,104, 0
38788,91, 0
38789,86, 0
38790,76, 0
38791,68, 0
38792,75, 0
38793,73, 0
38794,36, 0
38795,17, 0
38796,1, 0
38797,0, 0
38798,18, 0
38799,41, 0
38800,76, 0
38801,83, 0
38802,89, 0
38803,88, 0
38804,78, 0
38805,88, 0
38806,76, 0
38807,64, 0
38808,70, 0
38809,69, 0
38810,73, 0
38811,87, 0
38812,99, 0
38813,125, 0
38814,139, 0
38815,145, 0
38816,144, 0
38817,154, 0
38818,155, 0
38819,159, 0
38820,171, 0
38821,177, 0
38822,190, 0
38823,186, 0
38824,172, 0
38825,145, 0
38826,122, 0
38827,113, 0
38828,117, 0
38829,148, 0
38830,158, 0
38831,169, 0
38832,171, 0
38833,168, 0
38834,170, 0
38835,177, 0
38836,172, 0
38837,204, 0
38838,228, 0
38839,244, 0
38840,208, 0
38841,215, 0
38842,183, 0
38843,158, 0
38844,139, 0
38845,123, 0
38846,121, 0
38847,115, 0
38848,101, 0
38849,89, 0
38850,89, 0
38851,87, 0
38852,97, 0
38853,110, 0
38854,117, 0
38855,115, 0
38856,88, 0
38857,61, 0
38858,54, 0
38859,61, 0
38860,87, 0
38861,102, 0
38862,119, 0
38863,96, 0
38864,95, 0
38865,105, 0
38866,109, 0
38867,109, 0
38868,119, 0
38869,126, 0
38870,133, 0
38871,145, 0
38872,142, 0
38873,133, 0
38874,129, 0
38875,128, 0
38876,122, 0
38877,120, 0
38878,139, 0
38879,139, 0
38880,143, 0
38881,165, 0
38882,169, 0
38883,185, 0
38884,188, 0
38885,167, 0
38886,154, 0
38887,141, 0
38888,139, 0
38889,144, 0
38890,161, 0
38891,183, 0
38892,202, 0
38893,204, 0
38894,203, 0
38895,198, 0
38896,198, 0
38897,193, 0
38898,188, 0
38899,176, 0
38900,172, 0
38901,158, 0
38902,158, 0
38903,145, 0
38904,135, 0
38905,118, 0
38906,120, 0
38907,108, 0
38908,108, 0
38909,115, 0
38910,124, 0
38911,147, 0
38912,142, 0
38913,129, 0
38914,110, 0
38915,111, 0
38916,87, 0
38917,48, 0
38918,36, 0
38919,45, 0
38920,51, 0
38921,62, 0
38922,83, 0
38923,76, 0
38924,72, 0
38925,69, 0
38926,71, 0
38927,64, 0
38928,56, 0
38929,61, 0
38930,63, 0
38931,61, 0
38932,81, 0
38933,85, 0
38934,86, 0
38935,103, 0
38936,119, 0
38937,118, 0
38938,133, 0
38939,142, 0
38940,138, 0
38941,132, 0
38942,135, 0
38943,145, 0
38944,163, 0
38945,176, 0
38946,167, 0
38947,152, 0
38948,139, 0
38949,127, 0
38950,133, 0
38951,157, 0
38952,176, 0
38953,193, 0
38954,206, 0
38955,197, 0
38956,176, 0
38957,168, 0
38958,168, 0
38959,158, 0
38960,164, 0
38961,174, 0
38962,186, 0
38963,195, 0
38964,189, 0
38965,184, 0
38966,181, 0
38967,161, 0
38968,144, 0
38969,141, 0
38970,133, 0
38971,124, 0
38972,108, 0
38973,93, 0
38974,92, 0
38975,107, 0
38976,88, 0
38977,54, 0
38978,29, 0
38979,12, 0
38980,4, 0
38981,13, 0
38982,29, 0
38983,44, 0
38984,56, 0
38985,65, 0
38986,76, 0
38987,88, 0
38988,99, 0
38989,99, 0
38990,115, 0
38991,127, 0
38992,136, 0
38993,142, 0
38994,137, 0
38995,135, 0
38996,126, 0
38997,133, 0
38998,126, 0
38999,133, 0
39000,137, 0
39001,145, 0
39002,159, 0
39003,175, 0
39004,196, 0
39005,203, 0
39006,218, 0
39007,211, 0
39008,185, 0
39009,171, 0
39010,159, 0
39011,149, 0
39012,156, 0
39013,170, 0
39014,176, 0
39015,176, 0
39016,173, 0
39017,170, 0
39018,156, 0
39019,151, 0
39020,145, 0
39021,144, 0
39022,145, 0
39023,147, 0
39024,150, 0
39025,177, 0
39026,183, 0
39027,199, 0
39028,198, 0
39029,180, 0
39030,170, 0
39031,158, 0
39032,143, 0
39033,137, 0
39034,127, 0
39035,115, 0
39036,108, 0
39037,93, 0
39038,61, 0
39039,37, 0
39040,31, 0
39041,41, 0
39042,29, 0
39043,45, 0
39044,44, 0
39045,32, 0
39046,27, 0
39047,22, 0
39048,26, 0
39049,28, 0
39050,70, 0
39051,63, 0
39052,89, 0
39053,105, 0
39054,109, 0
39055,106, 0
39056,76, 0
39057,70, 0
39058,71, 0
39059,85, 0
39060,91, 0
39061,99, 0
39062,117, 0
39063,143, 0
39064,168, 0
39065,170, 0
39066,190, 0
39067,192, 0
39068,170, 0
39069,142, 0
39070,145, 0
39071,157, 0
39072,189, 0
39073,231, 0
39074,251, 0
39075,270, 0
39076,251, 0
39077,244, 0
39078,226, 0
39079,214, 0
39080,187, 0
39081,180, 0
39082,158, 0
39083,145, 0
39084,127, 0
39085,133, 0
39086,138, 0
39087,165, 0
39088,188, 0
39089,196, 0
39090,196, 0
39091,180, 0
39092,180, 0
39093,179, 0
39094,164, 0
39095,160, 0
39096,157, 0
39097,151, 0
39098,135, 0
39099,86, 0
39100,63, 0
39101,45, 0
39102,41, 0
39103,63, 0
39104,67, 0
39105,72, 0
39106,64, 0
39107,58, 0
39108,60, 0
39109,60, 0
39110,59, 0
39111,73, 0
39112,69, 0
39113,78, 0
39114,81, 0
39115,92, 0
39116,96, 0
39117,106, 0
39118,101, 0
39119,116, 0
39120,116, 0
39121,125, 0
39122,131, 0
39123,139, 0
39124,145, 0
39125,147, 0
39126,153, 0
39127,158, 0
39128,163, 0
39129,143, 0
39130,127, 0
39131,126, 0
39132,137, 0
39133,136, 0
39134,158, 0
39135,188, 0
39136,206, 0
39137,208, 0
39138,207, 0
39139,214, 0
39140,205, 0
39141,218, 0
39142,196, 0
39143,195, 0
39144,196, 0
39145,186, 0
39146,190, 0
39147,176, 0
39148,173, 0
39149,171, 0
39150,161, 0
39151,153, 0
39152,152, 0
39153,147, 0
39154,139, 0
39155,139, 0
39156,125, 0
39157,118, 0
39158,103, 0
39159,76, 0
39160,31, 0
39161,6, 0
39162,1, 0
39163,2, 0
39164,19, 0
39165,59, 0
39166,83, 0
39167,95, 0
39168,103, 0
39169,105, 0
39170,102, 0
39171,95, 0
39172,105, 0
39173,86, 0
39174,87, 0
39175,108, 0
39176,99, 0
39177,107, 0
39178,107, 0
39179,106, 0
39180,122, 0
39181,132, 0
39182,126, 0
39183,135, 0
39184,143, 0
39185,145, 0
39186,163, 0
39187,167, 0
39188,174, 0
39189,180, 0
39190,165, 0
39191,148, 0
39192,141, 0
39193,138, 0
39194,147, 0
39195,179, 0
39196,186, 0
39197,187, 0
39198,214, 0
39199,218, 0
39200,214, 0
39201,210, 0
39202,204, 0
39203,210, 0
39204,207, 0
39205,187, 0
39206,190, 0
39207,190, 0
39208,183, 0
39209,179, 0
39210,173, 0
39211,163, 0
39212,153, 0
39213,150, 0
39214,141, 0
39215,145, 0
39216,138, 0
39217,117, 0
39218,116, 0
39219,110, 0
39220,90, 0
39221,58, 0
39222,36, 0
39223,22, 0
39224,24, 0
39225,41, 0
39226,63, 0
39227,70, 0
39228,72, 0
39229,65, 0
39230,71, 0
39231,69, 0
39232,73, 0
39233,76, 0
39234,76, 0
39235,81, 0
39236,88, 0
39237,89, 0
39238,97, 0
39239,118, 0
39240,106, 0
39241,119, 0
39242,123, 0
39243,134, 0
39244,140, 0
39245,140, 0
39246,150, 0
39247,153, 0
39248,163, 0
39249,163, 0
39250,166, 0
39251,158, 0
39252,132, 0
39253,136, 0
39254,142, 0
39255,150, 0
39256,182, 0
39257,193, 0
39258,214, 0
39259,220, 0
39260,214, 0
39261,214, 0
39262,205, 0
39263,204, 0
39264,197, 0
39265,207, 0
39266,197, 0
39267,196, 0
39268,188, 0
39269,183, 0
39270,181, 0
39271,176, 0
39272,163, 0
39273,150, 0
39274,148, 0
39275,139, 0
39276,124, 0
39277,129, 0
39278,116, 0
39279,118, 0
39280,118, 0
39281,92, 0
39282,59, 0
39283,41, 0
39284,29, 0
39285,46, 0
39286,55, 0
39287,69, 0
39288,72, 0
39289,67, 0
39290,63, 0
39291,60, 0
39292,61, 0
39293,59, 0
39294,63, 0
39295,78, 0
39296,91, 0
39297,81, 0
39298,86, 0
39299,83, 0
39300,85, 0
39301,93, 0
39302,100, 0
39303,105, 0
39304,117, 0
39305,129, 0
39306,137, 0
39307,143, 0
39308,142, 0
39309,140, 0
39310,152, 0
39311,155, 0
39312,137, 0
39313,123, 0
39314,115, 0
39315,124, 0
39316,138, 0
39317,158, 0
39318,181, 0
39319,193, 0
39320,200, 0
39321,202, 0
39322,189, 0
39323,204, 0
39324,203, 0
39325,202, 0
39326,196, 0
39327,195, 0
39328,183, 0
39329,174, 0
39330,161, 0
39331,164, 0
39332,158, 0
39333,152, 0
39334,147, 0
39335,147, 0
39336,138, 0
39337,136, 0
39338,126, 0
39339,125, 0
39340,133, 0
39341,106, 0
39342,88, 0
39343,56, 0
39344,39, 0
39345,31, 0
39346,35, 0
39347,54, 0
39348,74, 0
39349,72, 0
39350,74, 0
39351,80, 0
39352,73, 0
39353,83, 0
39354,83, 0
39355,74, 0
39356,86, 0
39357,95, 0
39358,92, 0
39359,95, 0
39360,92, 0
39361,96, 0
39362,107, 0
39363,108, 0
39364,120, 0
39365,124, 0
39366,132, 0
39367,124, 0
39368,131, 0
39369,145, 0
39370,144, 0
39371,151, 0
39372,152, 0
39373,133, 0
39374,123, 0
39375,116, 0
39376,123, 0
39377,139, 0
39378,156, 0
39379,201, 0
39380,205, 0
39381,197, 0
39382,204, 0
39383,207, 0
39384,204, 0
39385,202, 0
39386,214, 0
39387,212, 0
39388,206, 0
39389,202, 0
39390,189, 0
39391,183, 0
39392,173, 0
39393,169, 0
39394,151, 0
39395,152, 0
39396,150, 0
39397,143, 0
39398,136, 0
39399,129, 0
39400,120, 0
39401,111, 0
39402,109, 0
39403,83, 0
39404,51, 0
39405,38, 0
39406,32, 0
39407,70, 0
39408,75, 0
39409,90, 0
39410,95, 0
39411,89, 0
39412,72, 0
39413,83, 0
39414,84, 0
39415,79, 0
39416,83, 0
39417,86, 0
39418,76, 0
39419,87, 0
39420,95, 0
39421,102, 0
39422,119, 0
39423,111, 0
39424,113, 0
39425,115, 0
39426,129, 0
39427,126, 0
39428,121, 0
39429,129, 0
39430,137, 0
39431,141, 0
39432,156, 0
39433,152, 0
39434,137, 0
39435,121, 0
39436,135, 0
39437,134, 0
39438,148, 0
39439,168, 0
39440,192, 0
39441,176, 0
39442,202, 0
39443,198, 0
39444,202, 0
39445,196, 0
39446,191, 0
39447,191, 0
39448,192, 0
39449,186, 0
39450,181, 0
39451,183, 0
39452,174, 0
39453,173, 0
39454,167, 0
39455,153, 0
39456,152, 0
39457,148, 0
39458,143, 0
39459,145, 0
39460,129, 0
39461,122, 0
39462,100, 0
39463,88, 0
39464,79, 0
39465,53, 0
39466,45, 0
39467,48, 0
39468,50, 0
39469,70, 0
39470,83, 0
39471,74, 0
39472,79, 0
39473,71, 0
39474,73, 0
39475,68, 0
39476,71, 0
39477,76, 0
39478,83, 0
39479,89, 0
39480,100, 0
39481,101, 0
39482,92, 0
39483,92, 0
39484,102, 0
39485,102, 0
39486,108, 0
39487,118, 0
39488,119, 0
39489,124, 0
39490,132, 0
39491,138, 0
39492,139, 0
39493,145, 0
39494,132, 0
39495,125, 0
39496,115, 0
39497,111, 0
39498,120, 0
39499,133, 0
39500,163, 0
39501,186, 0
39502,192, 0
39503,223, 0
39504,181, 0
39505,193, 0
39506,201, 0
39507,198, 0
39508,207, 0
39509,204, 0
39510,185, 0
39511,196, 0
39512,187, 0
39513,180, 0
39514,188, 0
39515,164, 0
39516,158, 0
39517,152, 0
39518,151, 0
39519,144, 0
39520,150, 0
39521,144, 0
39522,139, 0
39523,129, 0
39524,124, 0
39525,96, 0
39526,69, 0
39527,45, 0
39528,47, 0
39529,44, 0
39530,59, 0
39531,74, 0
39532,89, 0
39533,70, 0
39534,77, 0
39535,76, 0
39536,77, 0
39537,76, 0
39538,87, 0
39539,92, 0
39540,96, 0
39541,111, 0
39542,117, 0
39543,110, 0
39544,110, 0
39545,101, 0
39546,105, 0
39547,109, 0
39548,113, 0
39549,115, 0
39550,124, 0
39551,129, 0
39552,128, 0
39553,132, 0
39554,141, 0
39555,138, 0
39556,115, 0
39557,110, 0
39558,108, 0
39559,124, 0
39560,136, 0
39561,159, 0
39562,176, 0
39563,176, 0
39564,186, 0
39565,189, 0
39566,191, 0
39567,187, 0
39568,191, 0
39569,188, 0
39570,196, 0
39571,185, 0
39572,197, 0
39573,188, 0
39574,180, 0
39575,189, 0
39576,175, 0
39577,168, 0
39578,166, 0
39579,166, 0
39580,156, 0
39581,165, 0
39582,158, 0
39583,148, 0
39584,137, 0
39585,137, 0
39586,108, 0
39587,81, 0
39588,63, 0
39589,63, 0
39590,70, 0
39591,83, 0
39592,100, 0
39593,99, 0
39594,91, 0
39595,90, 0
39596,92, 0
39597,79, 0
39598,89, 0
39599,91, 0
39600,81, 0
39601,86, 0
39602,92, 0
39603,88, 0
39604,91, 0
39605,91, 0
39606,93, 0
39607,94, 0
39608,93, 0
39609,102, 0
39610,105, 0
39611,107, 0
39612,109, 0
39613,115, 0
39614,144, 0
39615,118, 0
39616,122, 0
39617,102, 0
39618,95, 0
39619,96, 0
39620,111, 0
39621,131, 0
39622,156, 0
39623,184, 0
39624,182, 0
39625,161, 0
39626,173, 0
39627,166, 0
39628,176, 0
39629,190, 0
39630,196, 0
39631,202, 0
39632,204, 0
39633,192, 0
39634,196, 0
39635,196, 0
39636,193, 0
39637,177, 0
39638,182, 0
39639,179, 0
39640,176, 0
39641,174, 0
39642,171, 0
39643,165, 0
39644,158, 0
39645,159, 0
39646,145, 0
39647,122, 0
39648,90, 0
39649,72, 0
39650,70, 0
39651,76, 0
39652,89, 0
39653,95, 0
39654,95, 0
39655,120, 0
39656,91, 0
39657,90, 0
39658,87, 0
39659,85, 0
39660,77, 0
39661,80, 0
39662,72, 0
39663,77, 0
39664,83, 0
39665,76, 0
39666,83, 0
39667,88, 0
39668,81, 0
39669,83, 0
39670,89, 0
39671,92, 0
39672,92, 0
39673,90, 0
39674,83, 0
39675,99, 0
39676,87, 0
39677,69, 0
39678,60, 0
39679,67, 0
39680,75, 0
39681,95, 0
39682,107, 0
39683,140, 0
39684,159, 0
39685,167, 0
39686,177, 0
39687,193, 0
39688,206, 0
39689,234, 0
39690,260, 0
39691,276, 0
39692,274, 0
39693,263, 0
39694,235, 0
39695,215, 0
39696,187, 0
39697,181, 0
39698,174, 0
39699,183, 0
39700,181, 0
39701,176, 0
39702,183, 0
39703,170, 0
39704,163, 0
39705,166, 0
39706,159, 0
39707,156, 0
39708,127, 0
39709,92, 0
39710,83, 0
39711,63, 0
39712,76, 0
39713,90, 0
39714,106, 0
39715,112, 0
39716,132, 0
39717,121, 0
39718,112, 0
39719,96, 0
39720,86, 0
39721,76, 0
39722,71, 0
39723,67, 0
39724,69, 0
39725,63, 0
39726,71, 0
39727,69, 0
39728,81, 0
39729,83, 0
39730,84, 0
39731,89, 0
39732,101, 0
39733,108, 0
39734,117, 0
39735,136, 0
39736,139, 0
39737,143, 0
39738,131, 0
39739,107, 0
39740,86, 0
39741,92, 0
39742,89, 0
39743,107, 0
39744,139, 0
39745,173, 0
39746,171, 0
39747,199, 0
39748,202, 0
39749,186, 0
39750,192, 0
39751,192, 0
39752,201, 0
39753,199, 0
39754,191, 0
39755,185, 0
39756,171, 0
39757,164, 0
39758,154, 0
39759,148, 0
39760,141, 0
39761,152, 0
39762,163, 0
39763,163, 0
39764,164, 0
39765,158, 0
39766,145, 0
39767,139, 0
39768,131, 0
39769,116, 0
39770,106, 0
39771,113, 0
39772,119, 0
39773,125, 0
39774,134, 0
39775,135, 0
39776,129, 0
39777,131, 0
39778,113, 0
39779,96, 0
39780,77, 0
39781,46, 0
39782,21, 0
39783,12, 0
39784,10, 0
39785,18, 0
39786,27, 0
39787,44, 0
39788,56, 0
39789,60, 0
39790,45, 0
39791,21, 0
39792,2, 0
39793,0, 0
39794,0, 0
39795,28, 0
39796,70, 0
39797,122, 0
39798,161, 0
39799,193, 0
39800,207, 0
39801,232, 0
39802,257, 0
39803,263, 0
39804,278, 0
39805,297, 0
39806,294, 0
39807,279, 0
39808,257, 0
39809,233, 0
39810,198, 0
39811,202, 0
39812,196, 0
39813,188, 0
39814,191, 0
39815,203, 0
39816,196, 0
39817,244, 0
39818,274, 0
39819,286, 0
39820,268, 0
39821,276, 0
39822,249, 0
39823,238, 0
39824,211, 0
39825,180, 0
39826,136, 0
39827,88, 0
39828,46, 0
39829,3, 0
39830,5, 0
39831,37, 0
39832,38, 0
39833,37, 0
39834,19, 0
39835,0, 0
39836,0, 0
39837,21, 0
39838,67, 0
39839,83, 0
39840,92, 0
39841,89, 0
39842,73, 0
39843,46, 0
39844,26, 0
39845,25, 0
39846,28, 0
39847,34, 0
39848,39, 0
39849,61, 0
39850,47, 0
39851,53, 0
39852,61, 0
39853,76, 0
39854,79, 0
39855,84, 0
39856,95, 0
39857,115, 0
39858,139, 0
39859,165, 0
39860,172, 0
39861,164, 0
39862,175, 0
39863,202, 0
39864,214, 0
39865,240, 0
39866,260, 0
39867,265, 0
39868,263, 0
39869,252, 0
39870,237, 0
39871,226, 0
39872,204, 0
39873,186, 0
39874,190, 0
39875,192, 0
39876,200, 0
39877,215, 0
39878,220, 0
39879,226, 0
39880,226, 0
39881,216, 0
39882,206, 0
39883,192, 0
39884,199, 0
39885,199, 0
39886,186, 0
39887,164, 0
39888,142, 0
39889,104, 0
39890,69, 0
39891,18, 0
39892,0, 0
39893,0, 0
39894,0, 0
39895,7, 0
39896,43, 0
39897,47, 0
39898,15, 0
39899,9, 0
39900,27, 0
39901,32, 0
39902,23, 0
39903,26, 0
39904,30, 0
39905,42, 0
39906,63, 0
39907,62, 0
39908,68, 0
39909,63, 0
39910,52, 0
39911,55, 0
39912,54, 0
39913,56, 0
39914,61, 0
39915,59, 0
39916,44, 0
39917,38, 0
39918,40, 0
39919,63, 0
39920,104, 0
39921,155, 0
39922,156, 0
39923,189, 0
39924,205, 0
39925,207, 0
39926,220, 0
39927,221, 0
39928,216, 0
39929,216, 0
39930,197, 0
39931,189, 0
39932,186, 0
39933,200, 0
39934,219, 0
39935,227, 0
39936,220, 0
39937,199, 0
39938,200, 0
39939,188, 0
39940,164, 0
39941,132, 0
39942,121, 0
39943,139, 0
39944,180, 0
39945,248, 0
39946,330, 0
39947,391, 8
39948,425, 25
39949,427, 38
39950,405, 41
39951,374, 31
39952,312, 14
39953,254, 1
39954,197, 0
39955,161, 0
39956,134, 0
39957,135, 0
39958,124, 0
39959,131, 0
39960,144, 0
39961,152, 0
39962,148, 0
39963,175, 0
39964,223, 0
39965,240, 0
39966,231, 0
39967,191, 0
39968,127, 0
39969,69, 0
39970,12, 0
39971,0, 0
39972,10, 0
39973,6, 0
39974,3, 0
39975,0, 0
39976,0, 0
39977,18, 0
39978,43, 0
39979,73, 0
39980,99, 0
39981,123, 0
39982,129, 0
39983,106, 0
39984,99, 0
39985,127, 0
39986,164, 0
39987,220, 0
39988,285, 0
39989,308, 0
39990,314, 0
39991,291, 0
39992,248, 0
39993,214, 0
39994,141, 0
39995,78, 0
39996,37, 0
39997,26, 0
39998,7, 0
39999,0, 0
40000,0, 0
40001,12, 0
40002,47, 0
40003,83, 0
40004,139, 0
40005,193, 0
40006,257, 0
40007,312, 0
40008,317, 0
40009,257, 0
40010,159, 0
40011,67, 0
40012,10, 0
40013,0, 0
40014,0, 0
40015,4, 0
40016,5, 0
40017,9, 0
40018,17, 0
40019,9, 0
40020,0, 0
40021,0, 0
40022,0, 0
40023,0, 0
40024,0, 0
40025,1, 0
40026,0, 0
40027,0, 0
40028,32, 0
40029,113, 0
40030,191, 0
40031,262, 0
40032,294, 0
40033,309, 0
40034,295, 0
40035,264, 0
40036,221, 0
40037,208, 0
40038,168, 0
40039,115, 0
40040,51, 0
40041,15, 0
40042,1, 0
40043,11, 0
40044,85, 0
40045,143, 0
40046,188, 0
40047,214, 0
40048,181, 0
40049,93, 0
40050,9, 0
40051,83, 0
40052,204, 0
40053,323, 0
40054,418, 6
40055,514, 44
40056,570, 83
40057,644, 110
40058,683, 143
40059,665, 157
40060,594, 149
40061,482, 121
40062,332, 64
40063,192, 12
40064,108, 0
40065,55, 0
40066,45, 0
40067,32, 0
40068,56, 0
40069,92, 0
40070,127, 0
40071,142, 0
40072,121, 0
40073,76, 0
40074,17, 0
40075,5, 0
40076,0, 0
40077,4, 0
40078,12, 0
40079,4, 0
40080,5, 0
40081,37, 0
40082,99, 0
40083,121, 0
40084,134, 0
40085,155, 0
40086,167, 0
40087,156, 0
40088,128, 0
40089,92, 0
40090,69, 0
40091,58, 0
40092,89, 0
40093,90, 0
40094,111, 0
40095,135, 0
40096,155, 0
40097,187, 0
40098,202, 0
40099,204, 0
40100,222, 0
40101,204, 0
40102,137, 0
40103,51, 0
40104,9, 0
40105,63, 0
40106,27, 0
40107,25, 0
40108,142, 0
40109,259, 0
40110,304, 0
40111,266, 0
40112,172, 0
40113,64, 0
40114,0, 0
40115,8, 0
40116,0, 0
40117,51, 0
40118,148, 0
40119,248, 0
40120,309, 0
40121,362, 2
40122,390, 14
40123,389, 22
40124,355, 23
40125,325, 11
40126,296, 3
40127,257, 0
40128,217, 0
40129,176, 0
40130,150, 0
40131,125, 0
40132,100, 0
40133,69, 0
40134,25, 0
40135,0, 0
40136,7, 0
40137,0, 0
40138,4, 0
40139,34, 0
40140,68, 0
40141,58, 0
40142,31, 0
40143,27, 0
40144,31, 0
40145,45, 0
40146,63, 0
40147,63, 0
40148,67, 0
40149,74, 0
40150,73, 0
40151,76, 0
40152,120, 0
40153,179, 0
40154,228, 0
40155,246, 0
40156,298, 0
40157,248, 0
40158,236, 0
40159,188, 0
40160,140, 0
40161,121, 0
40162,99, 0
40163,92, 0
40164,107, 0
40165,111, 0
40166,127, 0
40167,172, 0
40168,216, 0
40169,240, 0
40170,271, 0
40171,247, 0
40172,176, 0
40173,93, 0
40174,22, 0
40175,4, 0
40176,7, 0
40177,58, 0
40178,95, 0
40179,129, 0
40180,184, 0
40181,227, 0
40182,272, 0
40183,282, 0
40184,240, 0
40185,169, 0
40186,123, 0
40187,95, 0
40188,97, 0
40189,86, 0
40190,78, 0
40191,69, 0
40192,62, 0
40193,73, 0
40194,102, 0
40195,127, 0
40196,132, 0
40197,158, 0
40198,138, 0
40199,91, 0
40200,63, 0
40201,44, 0
40202,26, 0
40203,10, 0
40204,21, 0
40205,39, 0
40206,55, 0
40207,75, 0
40208,102, 0
40209,138, 0
40210,186, 0
40211,202, 0
40212,220, 0
40213,226, 0
40214,224, 0
40215,198, 0
40216,154, 0
40217,152, 0
40218,125, 0
40219,90, 0
40220,54, 0
40221,31, 0
40222,29, 0
40223,20, 0
40224,6, 0
40225,0, 0
40226,0, 0
40227,5, 0
40228,44, 0
40229,102, 0
40230,161, 0
40231,249, 0
40232,307, 0
40233,343, 0
40234,339, 5
40235,328, 6
40236,272, 1
40237,257, 0
40238,223, 0
40239,177, 0
40240,158, 0
40241,157, 0
40242,176, 0
40243,197, 0
40244,203, 0
40245,182, 0
40246,166, 0
40247,144, 0
40248,148, 0
40249,155, 0
40250,160, 0
40251,158, 0
40252,145, 0
40253,118, 0
40254,83, 0
40255,74, 0
40256,60, 0
40257,22, 0
40258,0, 0
40259,0, 0
40260,0, 0
40261,0, 0
40262,2, 0
40263,10, 0
40264,42, 0
40265,100, 0
40266,139, 0
40267,158, 0
40268,159, 0
40269,152, 0
40270,158, 0
40271,157, 0
40272,145, 0
40273,144, 0
40274,179, 0
40275,200, 0
40276,217, 0
40277,213, 0
40278,188, 0
40279,141, 0
40280,99, 0
40281,118, 0
40282,148, 0
40283,177, 0
40284,202, 0
40285,234, 0
40286,287, 0
40287,300, 0
40288,282, 0
40289,238, 0
40290,166, 0
40291,78, 0
40292,18, 0
40293,0, 0
40294,0, 0
40295,4, 0
40296,35, 0
40297,52, 0
40298,18, 0
40299,0, 0
40300,0, 0
40301,0, 0
40302,6, 0
40303,55, 0
40304,102, 0
40305,138, 0
40306,151, 0
40307,148, 0
40308,137, 0
40309,132, 0
40310,129, 0
40311,111, 0
40312,93, 0
40313,99, 0
40314,128, 0
40315,166, 0
40316,161, 0
40317,123, 0
40318,61, 0
40319,28, 0
40320,14, 0
40321,6, 0
40322,8, 0
40323,14, 0
40324,17, 0
40325,18, 0
40326,20, 0
40327,72, 0
40328,161, 0
40329,279, 0
40330,361, 0
40331,379, 7
40332,324, 6
40333,220, 0
40334,85, 0
40335,5, 0
40336,0, 0
40337,26, 0
40338,129, 0
40339,226, 0
40340,232, 0
40341,170, 0
40342,85, 0
40343,47, 0
40344,51, 0
40345,89, 0
40346,142, 0
40347,160, 0
40348,184, 0
40349,180, 0
40350,183, 0
40351,182, 0
40352,226, 0
40353,308, 0
40354,348, 1
40355,368, 7
40356,379, 14
40357,381, 20
40358,359, 17
40359,324, 10
40360,325, 5
40361,337, 5
40362,369, 13
40363,391, 21
40364,398, 29
40365,373, 27
40366,311, 13
40367,223, 2
40368,132, 0
40369,46, 0
40370,0, 0
40371,37, 0
40372,99, 0
40373,138, 0
40374,133, 0
40375,84, 0
40376,12, 0
40377,20, 0
40378,83, 0
40379,106, 0
40380,138, 0
40381,133, 0
40382,103, 0
40383,92, 0
40384,81, 0
40385,12, 0
40386,0, 0
40387,0, 0
40388,36, 0
40389,96, 0
40390,189, 0
40391,278, 0
40392,327, 0
40393,359, 2
40394,340, 6
40395,300, 1
40396,240, 0
40397,182, 0
40398,142, 0
40399,115, 0
40400,89, 0
40401,56, 0
40402,12, 0
40403,0, 0
40404,6, 0
40405,57, 0
40406,122, 0
40407,201, 0
40408,249, 0
40409,248, 0
40410,254, 0
40411,261, 0
40412,264, 0
40413,294, 0
40414,315, 0
40415,322, 0
40416,287, 0
40417,244, 0
40418,197, 0
40419,145, 0
40420,73, 0
40421,8, 0
40422,1, 0
40423,10, 0
40424,35, 0
40425,69, 0
40426,109, 0
40427,158, 0
40428,220, 0
40429,269, 0
40430,266, 0
40431,189, 0
40432,58, 0
40433,58, 0
40434,220, 0
40435,346, 0
40436,420, 14
40437,420, 29
40438,373, 31
40439,273, 10
40440,160, 0
40441,89, 0
40442,106, 0
40443,166, 0
40444,275, 0
40445,382, 0
40446,481, 25
40447,540, 59
40448,530, 79
40449,464, 76
40450,369, 47
40451,271, 11
40452,150, 0
40453,38, 0
40454,6, 0
40455,51, 0
40456,63, 0
40457,64, 0
40458,53, 0
40459,38, 0
40460,17, 0
40461,0, 0
40462,59, 0
40463,176, 0
40464,234, 0
40465,251, 0
40466,223, 0
40467,221, 0
40468,256, 0
40469,279, 0
40470,282, 0
40471,276, 0
40472,269, 0
40473,246, 0
40474,205, 0
40475,171, 0
40476,145, 0
40477,133, 0
40478,160, 0
40479,196, 0
40480,195, 0
40481,160, 0
40482,108, 0
40483,108, 0
40484,168, 0
40485,257, 0
40486,323, 0
40487,376, 4
40488,354, 12
40489,327, 11
40490,271, 2
40491,220, 0
40492,207, 0
40493,224, 0
40494,287, 0
40495,289, 0
40496,213, 0
40497,79, 0
40498,19, 0
40499,148, 0
40500,276, 0
40501,359, 0
40502,356, 9
40503,284, 3
40504,189, 0
40505,76, 0
40506,27, 0
40507,35, 0
40508,80, 0
40509,128, 0
40510,152, 0
40511,130, 0
40512,81, 0
40513,25, 0
40514,0, 0
40515,1, 0
40516,0, 0
40517,0, 0
40518,1, 0
40519,3, 0
40520,12, 0
40521,81, 0
40522,208, 0
40523,342, 0
40524,396, 6
40525,343, 12
40526,238, 2
40527,144, 0
40528,123, 0
40529,164, 0
40530,186, 0
40531,219, 0
40532,240, 0
40533,252, 0
40534,270, 0
40535,323, 0
40536,418, 10
40537,497, 44
40538,508, 63
40539,444, 65
40540,323, 38
40541,189, 4
40542,58, 0
40543,1, 0
40544,67, 0
40545,169, 0
40546,236, 0
40547,251, 0
40548,220, 0
40549,211, 0
40550,181, 0
40551,147, 0
40552,86, 0
40553,14, 0
40554,0, 0
40555,13, 0
40556,6, 0
40557,6, 0
40558,53, 0
40559,65, 0
40560,14, 0
40561,77, 0
40562,174, 0
40563,220, 0
40564,183, 0
40565,103, 0
40566,11, 0
40567,41, 0
40568,108, 0
40569,158, 0
40570,189, 0
40571,216, 0
40572,232, 0
40573,248, 0
40574,295, 0
40575,355, 0
40576,370, 7
40577,363, 12
40578,314, 6
40579,284, 0
40580,289, 0
40581,318, 0
40582,337, 0
40583,328, 3
40584,332, 2
40585,377, 7
40586,453, 25
40587,526, 57
40588,562, 79
40589,576, 99
40590,588, 109
40591,614, 120
40592,668, 135
40593,714, 156
40594,754, 179
40595,750, 192
40596,738, 196
40597,700, 196
40598,665, 183
40599,599, 156
40600,533, 130
40601,524, 106
40602,570, 106
40603,668, 127
40604,756, 164
40605,780, 197
40606,684, 196
40607,539, 158
40608,389, 99
40609,241, 34
40610,144, 0
40611,65, 0
40612,6, 0
40613,29, 0
40614,40, 0
40615,9, 0
40616,143, 0
40617,346, 0
40618,483, 20
40619,490, 48
40620,433, 57
40621,331, 31
40622,216, 4
40623,125, 0
40624,93, 0
40625,90, 0
40626,95, 0
40627,103, 0
40628,94, 0
40629,52, 0
40630,2, 0
40631,42, 0
40632,95, 0
40633,125, 0
40634,135, 0
40635,152, 0
40636,133, 0
40637,106, 0
40638,67, 0
40639,37, 0
40640,12, 0
40641,0, 0
40642,0, 0
40643,0, 0
40644,4, 0
40645,27, 0
40646,34, 0
40647,20, 0
40648,1, 0
40649,4, 0
40650,76, 0
40651,159, 0
40652,230, 0
40653,261, 0
40654,235, 0
40655,207, 0
40656,132, 0
40657,41, 0
40658,6, 0
40659,0, 0
40660,2, 0
40661,3, 0
40662,0, 0
40663,0, 0
40664,0, 0
40665,0, 0
40666,0, 0
40667,0, 0
40668,9, 0
40669,22, 0
40670,27, 0
40671,36, 0
40672,10, 0
40673,0, 0
40674,32, 0
40675,69, 0
40676,112, 0
40677,136, 0
40678,152, 0
40679,125, 0
40680,70, 0
40681,63, 0
40682,34, 0
40683,2, 0
40684,25, 0
40685,63, 0
40686,54, 0
40687,13, 0
40688,6, 0
40689,37, 0
40690,35, 0
40691,41, 0
40692,43, 0
40693,20, 0
40694,6, 0
40695,84, 0
40696,176, 0
40697,161, 0
40698,101, 0
40699,14, 0
40700,142, 0
40701,226, 0
40702,213, 0
40703,115, 0
40704,86, 0
40705,151, 0
40706,217, 0
40707,234, 0
40708,220, 0
40709,223, 0
40710,254, 0
40711,238, 0
40712,218, 0
40713,219, 0
40714,232, 0
40715,290, 0
40716,341, 0
40717,399, 11
40718,444, 25
40719,468, 44
40720,484, 57
40721,481, 65
40722,447, 62
40723,391, 51
40724,345, 29
40725,300, 11
40726,274, 0
40727,263, 0
40728,260, 0
40729,263, 0
40730,261, 0
40731,251, 0
40732,210, 0
40733,120, 0
40734,11, 0
40735,0, 0
40736,6, 0
40737,92, 0
40738,244, 0
40739,359, 0
40740,402, 15
40741,326, 13
40742,212, 1
40743,104, 0
40744,34, 0
40745,9, 0
40746,35, 0
40747,45, 0
40748,41, 0
40749,39, 0
40750,51, 0
40751,65, 0
40752,108, 0
40753,153, 0
40754,216, 0
40755,226, 0
40756,183, 0
40757,95, 0
40758,8, 0
40759,48, 0
40760,104, 0
40761,139, 0
40762,132, 0
40763,119, 0
40764,105, 0
40765,38, 0
40766,3, 0
40767,61, 0
40768,150, 0
40769,190, 0
40770,208, 0
40771,226, 0
40772,286, 0
40773,342, 0
40774,342, 1
40775,309, 1
40776,260, 0
40777,166, 0
40778,105, 0
40779,65, 0
40780,95, 0
40781,145, 0
40782,189, 0
40783,231, 0
40784,263, 0
40785,297, 0
40786,299, 0
40787,323, 0
40788,322, 1
40789,275, 1
40790,214, 0
40791,159, 0
40792,110, 0
40793,93, 0
40794,95, 0
40795,141, 0
40796,202, 0
40797,255, 0
40798,262, 0
40799,219, 0
40800,154, 0
40801,95, 0
40802,51, 0
40803,21, 0
40804,1, 0
40805,0, 0
40806,6, 0
40807,48, 0
40808,76, 0
40809,68, 0
40810,42, 0
40811,10, 0
40812,0, 0
40813,0, 0
40814,0, 0
40815,8, 0
40816,22, 0
40817,101, 0
40818,187, 0
40819,256, 0
40820,268, 0
40821,254, 0
40822,248, 0
40823,235, 0
40824,221, 0
40825,165, 0
40826,109, 0
40827,92, 0
40828,131, 0
40829,181, 0
40830,212, 0
40831,201, 0
40832,197, 0
40833,143, 0
40834,115, 0
40835,92, 0
40836,87, 0
40837,103, 0
40838,133, 0
40839,181, 0
40840,182, 0
40841,186, 0
40842,134, 0
40843,60, 0
40844,3, 0
40845,0, 0
40846,12, 0
40847,0, 0
40848,20, 0
40849,110, 0
40850,214, 0
40851,278, 0
40852,279, 0
40853,212, 0
40854,127, 0
40855,48, 0
40856,0, 0
40857,18, 0
40858,87, 0
40859,137, 0
40860,159, 0
40861,157, 0
40862,137, 0
40863,96, 0
40864,39, 0
40865,8, 0
40866,0, 0
40867,0, 0
40868,18, 0
40869,30, 0
40870,1, 0
40871,36, 0
40872,117, 0
40873,157, 0
40874,173, 0
40875,181, 0
40876,199, 0
40877,217, 0
40878,238, 0
40879,204, 0
40880,153, 0
40881,117, 0
40882,123, 0
40883,154, 0
40884,185, 0
40885,285, 0
40886,338, 0
40887,413, 8
40888,496, 35
40889,590, 75
40890,629, 106
40891,613, 127
40892,582, 125
40893,548, 113
40894,533, 102
40895,470, 88
40896,373, 57
40897,292, 19
40898,255, 0
40899,220, 0
40900,240, 0
40901,247, 0
40902,244, 0
40903,257, 0
40904,308, 0
40905,368, 2
40906,395, 18
40907,388, 21
40908,360, 19
40909,322, 11
40910,302, 6
40911,317, 2
40912,316, 0
40913,341, 6
40914,380, 12
40915,413, 26
40916,411, 34
40917,371, 29
40918,293, 11
40919,220, 0
40920,183, 0
40921,158, 0
40922,102, 0
40923,37, 0
40924,10, 0
40925,69, 0
40926,119, 0
40927,145, 0
40928,145, 0
40929,69, 0
40930,15, 0
40931,127, 0
40932,229, 0
40933,276, 0
40934,263, 0
40935,204, 0
40936,128, 0
40937,63, 0
40938,9, 0
40939,10, 0
40940,70, 0
40941,92, 0
40942,78, 0
40943,51, 0
40944,7, 0
40945,0, 0
40946,0, 0
40947,2, 0
40948,18, 0
40949,14, 0
40950,0, 0
40951,51, 0
40952,145, 0
40953,227, 0
40954,292, 0
40955,337, 0
40956,354, 3
40957,321, 4
40958,268, 0
40959,207, 0
40960,152, 0
40961,81, 0
40962,23, 0
40963,0, 0
40964,0, 0
40965,0, 0
40966,1, 0
40967,27, 0
40968,23, 0
40969,40, 0
40970,94, 0
40971,164, 0
40972,223, 0
40973,265, 0
40974,318, 0
40975,318, 1
40976,285, 0
40977,192, 0
40978,88, 0
40979,41, 0
40980,62, 0
40981,133, 0
40982,204, 0
40983,242, 0
40984,235, 0
40985,196, 0
40986,110, 0
40987,19, 0
40988,102, 0
40989,173, 0
40990,181, 0
40991,136, 0
40992,70, 0
40993,4, 0
40994,69, 0
40995,150, 0
40996,198, 0
40997,170, 0
40998,115, 0
40999,54, 0
41000,30, 0
41001,31, 0
41002,69, 0
41003,78, 0
41004,27, 0
41005,29, 0
41006,111, 0
41007,142, 0
41008,108, 0
41009,22, 0
41010,140, 0
41011,324, 0
41012,449, 10
41013,522, 51
41014,524, 70
41015,484, 75
41016,379, 51
41017,257, 14
41018,164, 0
41019,120, 0
41020,133, 0
41021,167, 0
41022,192, 0
41023,187, 0
41024,204, 0
41025,223, 0
41026,263, 0
41027,282, 0
41028,245, 0
41029,221, 0
41030,197, 0
41031,191, 0
41032,164, 0
41033,151, 0
41034,102, 0
41035,47, 0
41036,44, 0
41037,27, 0
41038,25, 0
41039,24, 0
41040,51, 0
41041,72, 0
41042,104, 0
41043,132, 0
41044,139, 0
41045,151, 0
41046,179, 0
41047,180, 0
41048,157, 0
41049,89, 0
41050,7, 0
41051,51, 0
41052,121, 0
41053,132, 0
41054,129, 0
41055,85, 0
41056,36, 0
41057,2, 0
41058,0, 0
41059,0, 0
41060,51, 0
41061,171, 0
41062,280, 0
41063,328, 0
41064,316, 0
41065,286, 0
41066,272, 0
41067,249, 0
41068,188, 0
41069,121, 0
41070,60, 0
41071,44, 0
41072,68, 0
41073,92, 0
41074,95, 0
41075,119, 0
41076,135, 0
41077,149, 0
41078,145, 0
41079,125, 0
41080,130, 0
41081,125, 0
41082,153, 0
41083,158, 0
41084,171, 0
41085,159, 0
41086,135, 0
41087,99, 0
41088,60, 0
41089,27, 0
41090,42, 0
41091,91, 0
41092,168, 0
41093,248, 0
41094,338, 0
41095,378, 7
41096,348, 17
41097,243, 4
41098,130, 0
41099,43, 0
41100,7, 0
41101,5, 0
41102,57, 0
41103,153, 0
41104,232, 0
41105,242, 0
41106,203, 0
41107,182, 0
41108,132, 0
41109,104, 0
41110,112, 0
41111,158, 0
41112,184, 0
41113,204, 0
41114,195, 0
41115,192, 0
41116,181, 0
41117,170, 0
41118,174, 0
41119,169, 0
41120,176, 0
41121,132, 0
41122,92, 0
41123,54, 0
41124,25, 0
41125,4, 0
41126,0, 0
41127,1, 0
41128,0, 0
41129,0, 0
41130,10, 0
41131,19, 0
41132,8, 0
41133,0, 0
41134,0, 0
41135,0, 0
41136,13, 0
41137,45, 0
41138,76, 0
41139,89, 0
41140,133, 0
41141,164, 0
41142,167, 0
41143,163, 0
41144,149, 0
41145,152, 0
41146,183, 0
41147,210, 0
41148,246, 0
41149,261, 0
41150,267, 0
41151,229, 0
41152,177, 0
41153,153, 0
41154,129, 0
41155,135, 0
41156,118, 0
41157,121, 0
41158,133, 0
41159,145, 0
41160,133, 0
41161,108, 0
41162,86, 0
41163,70, 0
41164,76, 0
41165,81, 0
41166,83, 0
41167,93, 0
41168,121, 0
41169,156, 0
41170,196, 0
41171,232, 0
41172,235, 0
41173,238, 0
41174,212, 0
41175,202, 0
41176,208, 0
41177,236, 0
41178,244, 0
41179,272, 0
41180,279, 0
41181,279, 0
41182,257, 0
41183,218, 0
41184,175, 0
41185,145, 0
41186,131, 0
41187,92, 0
41188,86, 0
41189,53, 0
41190,13, 0
41191,0, 0
41192,6, 0
41193,18, 0
41194,10, 0
41195,0, 0
41196,36, 0
41197,64, 0
41198,91, 0
41199,76, 0
41200,21, 0
41201,61, 0
41202,212, 0
41203,314, 0
41204,355, 0
41205,348, 7
41206,331, 5
41207,332, 5
41208,345, 7
41209,361, 11
41210,345, 9
41211,293, 4
41212,244, 0
41213,244, 0
41214,285, 0
41215,348, 0
41216,380, 12
41217,379, 22
41218,373, 24
41219,351, 18
41220,284, 6
41221,214, 0
41222,155, 0
41223,106, 0
41224,62, 0
41225,45, 0
41226,58, 0
41227,89, 0
41228,116, 0
41229,123, 0
41230,81, 0
41231,47, 0
41232,80, 0
41233,176, 0
41234,268, 0
41235,314, 0
41236,300, 0
41237,245, 0
41238,143, 0
41239,75, 0
41240,40, 0
41241,22, 0
41242,0, 0
41243,0, 0
41244,0, 0
41245,3, 0
41246,14, 0
41247,11, 0
41248,0, 0
41249,19, 0
41250,78, 0
41251,140, 0
41252,214, 0
41253,251, 0
41254,271, 0
41255,232, 0
41256,165, 0
41257,102, 0
41258,76, 0
41259,115, 0
41260,145, 0
41261,164, 0
41262,165, 0
41263,158, 0
41264,145, 0
41265,131, 0
41266,100, 0
41267,99, 0
41268,108, 0
41269,134, 0
41270,169, 0
41271,192, 0
41272,189, 0
41273,175, 0
41274,158, 0
41275,145, 0
41276,121, 0
41277,126, 0
41278,121, 0
41279,110, 0
41280,115, 0
41281,97, 0
41282,79, 0
41283,87, 0
41284,70, 0
41285,57, 0
41286,57, 0
41287,37, 0
41288,30, 0
41289,3, 0
41290,0, 0
41291,12, 0
41292,58, 0
41293,90, 0
41294,99, 0
41295,20, 0
41296,4, 0
41297,60, 0
41298,120, 0
41299,152, 0
41300,133, 0
41301,100, 0
41302,78, 0
41303,52, 0
41304,38, 0
41305,31, 0
41306,42, 0
41307,76, 0
41308,102, 0
41309,127, 0
41310,144, 0
41311,145, 0
41312,121, 0
41313,109, 0
41314,101, 0
41315,99, 0
41316,104, 0
41317,124, 0
41318,159, 0
41319,170, 0
41320,206, 0
41321,211, 0
41322,204, 0
41323,191, 0
41324,186, 0
41325,193, 0
41326,207, 0
41327,207, 0
41328,213, 0
41329,214, 0
41330,208, 0
41331,200, 0
41332,198, 0
41333,183, 0
41334,181, 0
41335,184, 0
41336,174, 0
41337,158, 0
41338,136, 0
41339,121, 0
41340,133, 0
41341,189, 0
41342,218, 0
41343,228, 0
41344,241, 0
41345,226, 0
41346,210, 0
41347,212, 0
41348,198, 0
41349,170, 0
41350,145, 0
41351,117, 0
41352,94, 0
41353,42, 0
41354,18, 0
41355,9, 0
41356,18, 0
41357,31, 0
41358,61, 0
41359,92, 0
41360,118, 0
41361,145, 0
41362,173, 0
41363,186, 0
41364,168, 0
41365,150, 0
41366,137, 0
41367,136, 0
41368,144, 0
41369,145, 0
41370,125, 0
41371,123, 0
41372,101, 0
41373,86, 0
41374,92, 0
41375,97, 0
41376,101, 0
41377,126, 0
41378,135, 0
41379,132, 0
41380,137, 0
41381,105, 0
41382,83, 0
41383,70, 0
41384,48, 0
41385,52, 0
41386,84, 0
41387,105, 0
41388,133, 0
41389,183, 0
41390,210, 0
41391,226, 0
41392,232, 0
41393,224, 0
41394,197, 0
41395,173, 0
41396,176, 0
41397,190, 0
41398,208, 0
41399,222, 0
41400,193, 0
41401,187, 0
41402,204, 0
41403,206, 0
41404,197, 0
41405,206, 0
41406,205, 0
41407,199, 0
41408,188, 0
41409,159, 0
41410,120, 0
41411,84, 0
41412,93, 0
41413,137, 0
41414,131, 0
41415,126, 0
41416,102, 0
41417,71, 0
41418,44, 0
41419,50, 0
41420,71, 0
41421,64, 0
41422,68, 0
41423,71, 0
41424,80, 0
41425,78, 0
41426,84, 0
41427,89, 0
41428,86, 0
41429,73, 0
41430,56, 0
41431,37, 0
41432,51, 0
41433,75, 0
41434,100, 0
41435,118, 0
41436,155, 0
41437,169, 0
41438,211, 0
41439,228, 0
41440,207, 0
41441,184, 0
41442,167, 0
41443,152, 0
41444,140, 0
41445,148, 0
41446,131, 0
41447,147, 0
41448,161, 0
41449,183, 0
41450,207, 0
41451,214, 0
41452,207, 0
41453,189, 0
41454,172, 0
41455,119, 0
41456,100, 0
41457,105, 0
41458,133, 0
41459,145, 0
41460,183, 0
41461,210, 0
41462,207, 0
41463,181, 0
41464,117, 0
41465,51, 0
41466,19, 0
41467,4, 0
41468,1, 0
41469,19, 0
41470,52, 0
41471,123, 0
41472,184, 0
41473,207, 0
41474,173, 0
41475,159, 0
41476,141, 0
41477,129, 0
41478,101, 0
41479,69, 0
41480,36, 0
41481,12, 0
41482,6, 0
41483,27, 0
41484,53, 0
41485,80, 0
41486,80, 0
41487,85, 0
41488,67, 0
41489,45, 0
41490,37, 0
41491,37, 0
41492,36, 0
41493,63, 0
41494,94, 0
41495,141, 0
41496,174, 0
41497,196, 0
41498,189, 0
41499,191, 0
41500,207, 0
41501,240, 0
41502,298, 0
41503,334, 0
41504,330, 2
41505,275, 1
41506,219, 0
41507,195, 0
41508,213, 0
41509,232, 0
41510,223, 0
41511,196, 0
41512,152, 0
41513,99, 0
41514,57, 0
41515,53, 0
41516,53, 0
41517,70, 0
41518,99, 0
41519,112, 0
41520,145, 0
41521,158, 0
41522,163, 0
41523,163, 0
41524,166, 0
41525,152, 0
41526,137, 0
41527,144, 0
41528,158, 0
41529,176, 0
41530,197, 0
41531,198, 0
41532,170, 0
41533,136, 0
41534,108, 0
41535,89, 0
41536,90, 0
41537,52, 0
41538,4, 0
41539,0, 0
41540,0, 0
41541,20, 0
41542,63, 0
41543,81, 0
41544,96, 0
41545,102, 0
41546,106, 0
41547,108, 0
41548,123, 0
41549,121, 0
41550,124, 0
41551,133, 0
41552,139, 0
41553,130, 0
41554,117, 0
41555,115, 0
41556,131, 0
41557,149, 0
41558,148, 0
41559,134, 0
41560,120, 0
41561,101, 0
41562,90, 0
41563,75, 0
41564,60, 0
41565,53, 0
41566,43, 0
41567,37, 0
41568,31, 0
41569,50, 0
41570,91, 0
41571,159, 0
41572,232, 0
41573,259, 0
41574,236, 0
41575,196, 0
41576,163, 0
41577,144, 0
41578,144, 0
41579,173, 0
41580,210, 0
41581,251, 0
41582,289, 0
41583,295, 0
41584,282, 0
41585,218, 0
41586,155, 0
41587,102, 0
41588,76, 0
41589,38, 0
41590,12, 0
41591,3, 0
41592,17, 0
41593,37, 0
41594,77, 0
41595,96, 0
41596,128, 0
41597,128, 0
41598,127, 0
41599,137, 0
41600,157, 0
41601,176, 0
41602,189, 0
41603,192, 0
41604,167, 0
41605,155, 0
41606,133, 0
41607,115, 0
41608,100, 0
41609,95, 0
41610,97, 0
41611,104, 0
41612,108, 0
41613,115, 0
41614,113, 0
41615,104, 0
41616,95, 0
41617,92, 0
41618,101, 0
41619,101, 0
41620,108, 0
41621,124, 0
41622,136, 0
41623,138, 0
41624,145, 0
41625,159, 0
41626,172, 0
41627,174, 0
41628,171, 0
41629,176, 0
41630,177, 0
41631,193, 0
41632,208, 0
41633,221, 0
41634,234, 0
41635,239, 0
41636,244, 0
41637,223, 0
41638,207, 0
41639,196, 0
41640,183, 0
41641,159, 0
41642,139, 0
41643,127, 0
41644,125, 0
41645,116, 0
41646,115, 0
41647,101, 0
41648,96, 0
41649,97, 0
41650,101, 0
41651,105, 0
41652,100, 0
41653,71, 0
41654,57, 0
41655,31, 0
41656,30, 0
41657,25, 0
41658,0, 0
41659,0, 0
41660,0, 0
41661,5, 0
41662,22, 0
41663,54, 0
41664,81, 0
41665,108, 0
41666,143, 0
41667,160, 0
41668,154, 0
41669,138, 0
41670,121, 0
41671,113, 0
41672,116, 0
41673,129, 0
41674,133, 0
41675,141, 0
41676,156, 0
41677,156, 0
41678,158, 0
41679,164, 0
41680,159, 0
41681,161, 0
41682,177, 0
41683,175, 0
41684,168, 0
41685,161, 0
41686,163, 0
41687,154, 0
41688,130, 0
41689,93, 0
41690,77, 0
41691,90, 0
41692,102, 0
41693,152, 0
41694,195, 0
41695,224, 0
41696,229, 0
41697,235, 0
41698,221, 0
41699,216, 0
41700,202, 0
41701,196, 0
41702,195, 0
41703,192, 0
41704,189, 0
41705,181, 0
41706,170, 0
41707,164, 0
41708,147, 0
41709,129, 0
41710,132, 0
41711,125, 0
41712,130, 0
41713,116, 0
41714,112, 0
41715,111, 0
41716,108, 0
41717,99, 0
41718,90, 0
41719,59, 0
41720,31, 0
41721,19, 0
41722,21, 0
41723,25, 0
41724,44, 0
41725,44, 0
41726,40, 0
41727,26, 0
41728,21, 0
41729,26, 0
41730,44, 0
41731,74, 0
41732,94, 0
41733,93, 0
41734,94, 0
41735,104, 0
41736,107, 0
41737,120, 0
41738,127, 0
41739,133, 0
41740,150, 0
41741,160, 0
41742,159, 0
41743,166, 0
41744,159, 0
41745,154, 0
41746,160, 0
41747,164, 0
41748,170, 0
41749,142, 0
41750,122, 0
41751,117, 0
41752,139, 0
41753,149, 0
41754,168, 0
41755,196, 0
41756,217, 0
41757,220, 0
41758,220, 0
41759,204, 0
41760,190, 0
41761,174, 0
41762,171, 0
41763,167, 0
41764,164, 0
41765,159, 0
41766,164, 0
41767,180, 0
41768,169, 0
41769,168, 0
41770,160, 0
41771,163, 0
41772,147, 0
41773,130, 0
41774,102, 0
41775,63, 0
41776,37, 0
41777,17, 0
41778,0, 0
41779,0, 0
41780,0, 0
41781,11, 0
41782,53, 0
41783,81, 0
41784,108, 0
41785,129, 0
41786,126, 0
41787,116, 0
41788,108, 0
41789,134, 0
41790,122, 0
41791,145, 0
41792,143, 0
41793,152, 0
41794,155, 0
41795,158, 0
41796,153, 0
41797,158, 0
41798,154, 0
41799,142, 0
41800,121, 0
41801,103, 0
41802,107, 0
41803,105, 0
41804,104, 0
41805,110, 0
41806,127, 0
41807,144, 0
41808,154, 0
41809,164, 0
41810,167, 0
41811,148, 0
41812,147, 0
41813,140, 0
41814,151, 0
41815,176, 0
41816,197, 0
41817,210, 0
41818,212, 0
41819,219, 0
41820,206, 0
41821,216, 0
41822,195, 0
41823,201, 0
41824,196, 0
41825,196, 0
41826,193, 0
41827,204, 0
41828,187, 0
41829,187, 0
41830,170, 0
41831,152, 0
41832,134, 0
41833,107, 0
41834,89, 0
41835,68, 0
41836,64, 0
41837,89, 0
41838,115, 0
41839,137, 0
41840,115, 0
41841,83, 0
41842,51, 0
41843,28, 0
41844,22, 0
41845,39, 0
41846,62, 0
41847,76, 0
41848,89, 0
41849,90, 0
41850,102, 0
41851,84, 0
41852,94, 0
41853,85, 0
41854,68, 0
41855,39, 0
41856,19, 0
41857,7, 0
41858,12, 0
41859,43, 0
41860,55, 0
41861,91, 0
41862,125, 0
41863,161, 0
41864,189, 0
41865,206, 0
41866,203, 0
41867,189, 0
41868,163, 0
41869,137, 0
41870,113, 0
41871,101, 0
41872,83, 0
41873,102, 0
41874,149, 0
41875,187, 0
41876,214, 0
41877,242, 0
41878,263, 0
41879,254, 0
41880,220, 0
41881,189, 0
41882,172, 0
41883,158, 0
41884,175, 0
41885,212, 0
41886,220, 0
41887,205, 0
41888,183, 0
41889,152, 0
41890,139, 0
41891,151, 0
41892,157, 0
41893,188, 0
41894,204, 0
41895,226, 0
41896,196, 0
41897,183, 0
41898,176, 0
41899,169, 0
41900,157, 0
41901,129, 0
41902,81, 0
41903,46, 0
41904,38, 0
41905,44, 0
41906,61, 0
41907,81, 0
41908,91, 0
41909,85, 0
41910,88, 0
41911,83, 0
41912,83, 0
41913,74, 0
41914,81, 0
41915,86, 0
41916,88, 0
41917,89, 0
41918,84, 0
41919,80, 0
41920,86, 0
41921,95, 0
41922,112, 0
41923,116, 0
41924,125, 0
41925,140, 0
41926,134, 0
41927,152, 0
41928,155, 0
41929,155, 0
41930,158, 0
41931,153, 0
41932,134, 0
41933,123, 0
41934,111, 0
41935,115, 0
41936,110, 0
41937,132, 0
41938,156, 0
41939,158, 0
41940,171, 0
41941,183, 0
41942,196, 0
41943,208, 0
41944,213, 0
41945,212, 0
41946,207, 0
41947,200, 0
41948,191, 0
41949,171, 0
41950,175, 0
41951,170, 0
41952,157, 0
41953,156, 0
41954,176, 0
41955,152, 0
41956,142, 0
41957,133, 0
41958,116, 0
41959,107, 0
41960,100, 0
41961,95, 0
41962,80, 0
41963,51, 0
41964,42, 0
41965,35, 0
41966,44, 0
41967,57, 0
41968,68, 0
41969,62, 0
41970,67, 0
41971,70, 0
41972,78, 0
41973,87, 0
41974,92, 0
41975,91, 0
41976,90, 0
41977,97, 0
41978,95, 0
41979,102, 0
41980,96, 0
41981,99, 0
41982,109, 0
41983,109, 0
41984,121, 0
41985,126, 0
41986,128, 0
41987,135, 0
41988,139, 0
41989,141, 0
41990,140, 0
41991,142, 0
41992,123, 0
41993,106, 0
41994,104, 0
41995,108, 0
41996,111, 0
41997,137, 0
41998,169, 0
41999,183, 0
42000,191, 0
42001,193, 0
42002,187, 0
42003,188, 0
42004,203, 0
42005,196, 0
42006,212, 0
42007,223, 0
42008,219, 0
42009,198, 0
42010,203, 0
42011,191, 0
42012,175, 0
42013,170, 0
42014,161, 0
42015,154, 0
42016,152, 0
42017,147, 0
42018,145, 0
42019,139, 0
42020,130, 0
42021,123, 0
42022,122, 0
42023,83, 0
42024,59, 0
42025,53, 0
42026,55, 0
42027,63, 0
42028,80, 0
42029,91, 0
42030,86, 0
42031,85, 0
42032,95, 0
42033,88, 0
42034,88, 0
42035,88, 0
42036,92, 0
42037,96, 0
42038,97, 0
42039,96, 0
42040,95, 0
42041,89, 0
42042,87, 0
42043,92, 0
42044,95, 0
42045,105, 0
42046,117, 0
42047,127, 0
42048,127, 0
42049,138, 0
42050,139, 0
42051,140, 0
42052,144, 0
42053,133, 0
42054,109, 0
42055,106, 0
42056,110, 0
42057,121, 0
42058,130, 0
42059,158, 0
42060,176, 0
42061,184, 0
42062,183, 0
42063,189, 0
42064,189, 0
42065,184, 0
42066,187, 0
42067,189, 0
42068,188, 0
42069,182, 0
42070,182, 0
42071,183, 0
42072,188, 0
42073,180, 0
42074,164, 0
42075,170, 0
42076,166, 0
42077,167, 0
42078,161, 0
42079,152, 0
42080,145, 0
42081,136, 0
42082,128, 0
42083,123, 0
42084,86, 0
42085,58, 0
42086,45, 0
42087,42, 0
42088,62, 0
42089,83, 0
42090,88, 0
42091,83, 0
42092,81, 0
42093,76, 0
42094,83, 0
42095,79, 0
42096,81, 0
42097,81, 0
42098,84, 0
42099,89, 0
42100,100, 0
42101,96, 0
42102,95, 0
42103,100, 0
42104,105, 0
42105,99, 0
42106,125, 0
42107,127, 0
42108,134, 0
42109,140, 0
42110,147, 0
42111,145, 0
42112,144, 0
42113,145, 0
42114,130, 0
42115,116, 0
42116,118, 0
42117,125, 0
42118,121, 0
42119,158, 0
42120,182, 0
42121,197, 0
42122,203, 0
42123,213, 0
42124,212, 0
42125,207, 0
42126,215, 0
42127,202, 0
42128,202, 0
42129,199, 0
42130,184, 0
42131,175, 0
42132,159, 0
42133,154, 0
42134,150, 0
42135,141, 0
42136,148, 0
42137,158, 0
42138,151, 0
42139,139, 0
42140,129, 0
42141,115, 0
42142,93, 0
42143,61, 0
42144,64, 0
42145,46, 0
42146,46, 0
42147,67, 0
42148,75, 0
42149,89, 0
42150,113, 0
42151,102, 0
42152,102, 0
42153,102, 0
42154,95, 0
42155,95, 0
42156,96, 0
42157,84, 0
42158,86, 0
42159,89, 0
42160,93, 0
42161,91, 0
42162,85, 0
42163,85, 0
42164,83, 0
42165,95, 0
42166,103, 0
42167,109, 0
42168,128, 0
42169,128, 0
42170,135, 0
42171,136, 0
42172,140, 0
42173,139, 0
42174,145, 0
42175,137, 0
42176,115, 0
42177,122, 0
42178,127, 0
42179,138, 0
42180,164, 0
42181,189, 0
42182,189, 0
42183,198, 0
42184,196, 0
42185,183, 0
42186,182, 0
42187,176, 0
42188,174, 0
42189,184, 0
42190,202, 0
42191,201, 0
42192,203, 0
42193,192, 0
42194,183, 0
42195,167, 0
42196,161, 0
42197,153, 0
42198,150, 0
42199,152, 0
42200,139, 0
42201,137, 0
42202,133, 0
42203,111, 0
42204,96, 0
42205,83, 0
42206,30, 0
42207,18, 0
42208,10, 0
42209,31, 0
42210,45, 0
42211,104, 0
42212,108, 0
42213,96, 0
42214,108, 0
42215,95, 0
42216,94, 0
42217,85, 0
42218,88, 0
42219,83, 0
42220,84, 0
42221,91, 0
42222,81, 0
42223,95, 0
42224,97, 0
42225,103, 0
42226,112, 0
42227,112, 0
42228,104, 0
42229,129, 0
42230,129, 0
42231,129, 0
42232,143, 0
42233,139, 0
42234,158, 0
42235,152, 0
42236,138, 0
42237,118, 0
42238,113, 0
42239,126, 0
42240,115, 0
42241,150, 0
42242,185, 0
42243,208, 0
42244,219, 0
42245,220, 0
42246,220, 0
42247,217, 0
42248,205, 0
42249,202, 0
42250,196, 0
42251,181, 0
42252,144, 0
42253,151, 0
42254,140, 0
42255,139, 0
42256,150, 0
42257,167, 0
42258,188, 0
42259,200, 0
42260,203, 0
42261,184, 0
42262,164, 0
42263,142, 0
42264,134, 0
42265,126, 0
42266,103, 0
42267,67, 0
42268,55, 0
42269,59, 0
42270,45, 0
42271,58, 0
42272,88, 0
42273,89, 0
42274,84, 0
42275,81, 0
42276,80, 0
42277,83, 0
42278,79, 0
42279,80, 0
42280,81, 0
42281,88, 0
42282,83, 0
42283,92, 0
42284,95, 0
42285,93, 0
42286,102, 0
42287,108, 0
42288,113, 0
42289,112, 0
42290,120, 0
42291,125, 0
42292,127, 0
42293,133, 0
42294,137, 0
42295,139, 0
42296,139, 0
42297,123, 0
42298,106, 0
42299,110, 0
42300,115, 0
42301,123, 0
42302,154, 0
42303,170, 0
42304,186, 0
42305,196, 0
42306,202, 0
42307,193, 0
42308,198, 0
42309,193, 0
42310,192, 0
42311,190, 0
42312,182, 0
42313,204, 0
42314,187, 0
42315,182, 0
42316,179, 0
42317,179, 0
42318,164, 0
42319,158, 0
42320,164, 0
42321,161, 0
42322,159, 0
42323,153, 0
42324,152, 0
42325,147, 0
42326,138, 0
42327,133, 0
42328,102, 0
42329,79, 0
42330,72, 0
42331,92, 0
42332,95, 0
42333,99, 0
42334,99, 0
42335,90, 0
42336,93, 0
42337,78, 0
42338,85, 0
42339,76, 0
42340,70, 0
42341,76, 0
42342,80, 0
42343,84, 0
42344,83, 0
42345,76, 0
42346,76, 0
42347,79, 0
42348,84, 0
42349,88, 0
42350,95, 0
42351,103, 0
42352,106, 0
42353,130, 0
42354,149, 0
42355,157, 0
42356,161, 0
42357,164, 0
42358,139, 0
42359,121, 0
42360,121, 0
42361,115, 0
42362,123, 0
42363,147, 0
42364,169, 0
42365,183, 0
42366,195, 0
42367,196, 0
42368,183, 0
42369,189, 0
42370,191, 0
42371,184, 0
42372,185, 0
42373,182, 0
42374,181, 0
42375,180, 0
42376,183, 0
42377,180, 0
42378,180, 0
42379,180, 0
42380,164, 0
42381,170, 0
42382,164, 0
42383,159, 0
42384,158, 0
42385,148, 0
42386,133, 0
42387,121, 0
42388,92, 0
42389,69, 0
42390,38, 0
42391,32, 0
42392,39, 0
42393,69, 0
42394,95, 0
42395,97, 0
42396,104, 0
42397,107, 0
42398,103, 0
42399,100, 0
42400,87, 0
42401,80, 0
42402,83, 0
42403,81, 0
42404,79, 0
42405,80, 0
42406,72, 0
42407,73, 0
42408,71, 0
42409,70, 0
42410,72, 0
42411,95, 0
42412,107, 0
42413,115, 0
42414,128, 0
42415,138, 0
42416,139, 0
42417,141, 0
42418,144, 0
42419,121, 0
42420,102, 0
42421,97, 0
42422,101, 0
42423,121, 0
42424,157, 0
42425,180, 0
42426,204, 0
42427,201, 0
42428,203, 0
42429,204, 0
42430,207, 0
42431,207, 0
42432,212, 0
42433,207, 0
42434,175, 0
42435,196, 0
42436,205, 0
42437,189, 0
42438,197, 0
42439,207, 0
42440,183, 0
42441,166, 0
42442,169, 0
42443,160, 0
42444,153, 0
42445,145, 0
42446,139, 0
42447,132, 0
42448,134, 0
42449,115, 0
42450,77, 0
42451,70, 0
42452,57, 0
42453,64, 0
42454,81, 0
42455,95, 0
42456,101, 0
42457,100, 0
42458,99, 0
42459,93, 0
42460,96, 0
42461,90, 0
42462,89, 0
42463,86, 0
42464,79, 0
42465,72, 0
42466,80, 0
42467,83, 0
42468,81, 0
42469,95, 0
42470,85, 0
42471,87, 0
42472,93, 0
42473,95, 0
42474,110, 0
42475,107, 0
42476,102, 0
42477,119, 0
42478,115, 0
42479,121, 0
42480,89, 0
42481,84, 0
42482,75, 0
42483,72, 0
42484,91, 0
42485,122, 0
42486,130, 0
42487,158, 0
42488,170, 0
42489,168, 0
42490,182, 0
42491,196, 0
42492,182, 0
42493,204, 0
42494,219, 0
42495,207, 0
42496,213, 0
42497,216, 0
42498,205, 0
42499,208, 0
42500,213, 0
42501,189, 0
42502,207, 0
42503,192, 0
42504,187, 0
42505,191, 0
42506,195, 0
42507,183, 0
42508,182, 0
42509,172, 0
42510,131, 0
42511,90, 0
42512,70, 0
42513,52, 0
42514,57, 0
42515,67, 0
42516,77, 0
42517,77, 0
42518,78, 0
42519,80, 0
42520,87, 0
42521,89, 0
42522,87, 0
42523,86, 0
42524,84, 0
42525,87, 0
42526,81, 0
42527,69, 0
42528,61, 0
42529,53, 0
42530,65, 0
42531,83, 0
42532,104, 0
42533,127, 0
42534,148, 0
42535,173, 0
42536,197, 0
42537,197, 0
42538,216, 0
42539,216, 0
42540,200, 0
42541,166, 0
42542,140, 0
42543,136, 0
42544,126, 0
42545,117, 0
42546,128, 0
42547,132, 0
42548,137, 0
42549,136, 0
42550,127, 0
42551,111, 0
42552,97, 0
42553,106, 0
42554,121, 0
42555,139, 0
42556,133, 0
42557,167, 0
42558,177, 0
42559,179, 0
42560,191, 0
42561,192, 0
42562,169, 0
42563,158, 0
42564,147, 0
42565,134, 0
42566,142, 0
42567,159, 0
42568,166, 0
42569,181, 0
42570,196, 0
42571,167, 0
42572,134, 0
42573,108, 0
42574,86, 0
42575,65, 0
42576,83, 0
42577,78, 0
42578,73, 0
42579,63, 0
42580,57, 0
42581,56, 0
42582,48, 0
42583,38, 0
42584,24, 0
42585,25, 0
42586,12, 0
42587,22, 0
42588,39, 0
42589,44, 0
42590,63, 0
42591,90, 0
42592,131, 0
42593,159, 0
42594,175, 0
42595,173, 0
42596,184, 0
42597,182, 0
42598,173, 0
42599,158, 0
42600,147, 0
42601,132, 0
42602,105, 0
42603,97, 0
42604,86, 0
42605,94, 0
42606,108, 0
42607,139, 0
42608,163, 0
42609,134, 0
42610,131, 0
42611,111, 0
42612,116, 0
42613,138, 0
42614,158, 0
42615,203, 0
42616,215, 0
42617,229, 0
42618,251, 0
42619,268, 0
42620,284, 0
42621,301, 0
42622,300, 0
42623,260, 0
42624,237, 0
42625,231, 0
42626,223, 0
42627,217, 0
42628,208, 0
42629,201, 0
42630,192, 0
42631,180, 0
42632,150, 0
42633,105, 0
42634,76, 0
42635,63, 0
42636,58, 0
42637,73, 0
42638,78, 0
42639,75, 0
42640,89, 0
42641,92, 0
42642,121, 0
42643,136, 0
42644,130, 0
42645,117, 0
42646,104, 0
42647,94, 0
42648,84, 0
42649,74, 0
42650,72, 0
42651,59, 0
42652,60, 0
42653,61, 0
42654,44, 0
42655,39, 0
42656,30, 0
42657,31, 0
42658,40, 0
42659,51, 0
42660,61, 0
42661,77, 0
42662,74, 0
42663,56, 0
42664,60, 0
42665,68, 0
42666,104, 0
42667,130, 0
42668,170, 0
42669,204, 0
42670,214, 0
42671,217, 0
42672,208, 0
42673,189, 0
42674,174, 0
42675,158, 0
42676,145, 0
42677,125, 0
42678,118, 0
42679,132, 0
42680,142, 0
42681,166, 0
42682,196, 0
42683,208, 0
42684,207, 0
42685,221, 0
42686,214, 0
42687,197, 0
42688,193, 0
42689,185, 0
42690,170, 0
42691,148, 0
42692,149, 0
42693,112, 0
42694,89, 0
42695,74, 0
42696,71, 0
42697,75, 0
42698,92, 0
42699,102, 0
42700,83, 0
42701,88, 0
42702,84, 0
42703,80, 0
42704,79, 0
42705,76, 0
42706,78, 0
42707,92, 0
42708,91, 0
42709,101, 0
42710,104, 0
42711,112, 0
42712,126, 0
42713,121, 0
42714,119, 0
42715,117, 0
42716,115, 0
42717,124, 0
42718,134, 0
42719,123, 0
42720,121, 0
42721,129, 0
42722,127, 0
42723,94, 0
42724,53, 0
42725,30, 0
42726,24, 0
42727,40, 0
42728,71, 0
42729,112, 0
42730,149, 0
42731,192, 0
42732,220, 0
42733,227, 0
42734,223, 0
42735,227, 0
42736,218, 0
42737,218, 0
42738,200, 0
42739,183, 0
42740,170, 0
42741,150, 0
42742,140, 0
42743,141, 0
42744,130, 0
42745,135, 0
42746,147, 0
42747,166, 0
42748,185, 0
42749,215, 0
42750,223, 0
42751,241, 0
42752,242, 0
42753,234, 0
42754,232, 0
42755,223, 0
42756,226, 0
42757,210, 0
42758,166, 0
42759,115, 0
42760,67, 0
42761,18, 0
42762,1, 0
42763,0, 0
42764,0, 0
42765,0, 0
42766,0, 0
42767,0, 0
42768,0, 0
42769,1, 0
42770,18, 0
42771,44, 0
42772,72, 0
42773,88, 0
42774,102, 0
42775,116, 0
42776,119, 0
42777,131, 0
42778,139, 0
42779,142, 0
42780,126, 0
42781,108, 0
42782,105, 0
42783,101, 0
42784,76, 0
42785,64, 0
42786,62, 0
42787,68, 0
42788,89, 0
42789,108, 0
42790,144, 0
42791,177, 0
42792,183, 0
42793,189, 0
42794,198, 0
42795,185, 0
42796,196, 0
42797,193, 0
42798,201, 0
42799,183, 0
42800,185, 0
42801,185, 0
42802,189, 0
42803,196, 0
42804,215, 0
42805,206, 0
42806,214, 0
42807,223, 0
42808,220, 0
42809,219, 0
42810,206, 0
42811,192, 0
42812,184, 0
42813,168, 0
42814,122, 0
42815,87, 0
42816,64, 0
42817,68, 0
42818,61, 0
42819,73, 0
42820,104, 0
42821,109, 0
42822,94, 0
42823,94, 0
42824,96, 0
42825,96, 0
42826,97, 0
42827,93, 0
42828,93, 0
42829,84, 0
42830,87, 0
42831,83, 0
42832,63, 0
42833,62, 0
42834,68, 0
42835,81, 0
42836,85, 0
42837,95, 0
42838,107, 0
42839,105, 0
42840,107, 0
42841,112, 0
42842,123, 0
42843,137, 0
42844,138, 0
42845,123, 0
42846,97, 0
42847,81, 0
42848,76, 0
42849,96, 0
42850,115, 0
42851,148, 0
42852,177, 0
42853,182, 0
42854,166, 0
42855,159, 0
42856,156, 0
42857,165, 0
42858,176, 0
42859,191, 0
42860,193, 0
42861,203, 0
42862,218, 0
42863,244, 0
42864,270, 0
42865,281, 0
42866,286, 0
42867,279, 0
42868,280, 0
42869,265, 0
42870,249, 0
42871,229, 0
42872,210, 0
42873,193, 0
42874,170, 0
42875,140, 0
42876,104, 0
42877,38, 0
42878,1, 0
42879,0, 0
42880,0, 0
42881,6, 0
42882,26, 0
42883,17, 0
42884,12, 0
42885,21, 0
42886,23, 0
42887,31, 0
42888,48, 0
42889,73, 0
42890,75, 0
42891,88, 0
42892,99, 0
42893,105, 0
42894,145, 0
42895,161, 0
42896,159, 0
42897,158, 0
42898,139, 0
42899,117, 0
42900,96, 0
42901,90, 0
42902,73, 0
42903,72, 0
42904,65, 0
42905,55, 0
42906,31, 0
42907,17, 0
42908,31, 0
42909,59, 0
42910,86, 0
42911,139, 0
42912,190, 0
42913,246, 0
42914,283, 0
42915,306, 0
42916,297, 0
42917,271, 0
42918,248, 0
42919,238, 0
42920,223, 0
42921,238, 0
42922,244, 0
42923,256, 0
42924,267, 0
42925,282, 0
42926,279, 0
42927,251, 0
42928,235, 0
42929,207, 0
42930,190, 0
42931,181, 0
42932,175, 0
42933,152, 0
42934,124, 0
42935,99, 0
42936,63, 0
42937,38, 0
42938,4, 0
42939,5, 0
42940,8, 0
42941,23, 0
42942,32, 0
42943,28, 0
42944,9, 0
42945,17, 0
42946,9, 0
42947,14, 0
42948,29, 0
42949,63, 0
42950,87, 0
42951,92, 0
42952,104, 0
42953,85, 0
42954,92, 0
42955,89, 0
42956,76, 0
42957,70, 0
42958,81, 0
42959,96, 0
42960,115, 0
42961,133, 0
42962,129, 0
42963,113, 0
42964,108, 0
42965,116, 0
42966,92, 0
42967,79, 0
42968,89, 0
42969,124, 0
42970,182, 0
42971,196, 0
42972,205, 0
42973,211, 0
42974,198, 0
42975,192, 0
42976,191, 0
42977,192, 0
42978,195, 0
42979,188, 0
42980,187, 0
42981,179, 0
42982,204, 0
42983,204, 0
42984,220, 0
42985,244, 0
42986,236, 0
42987,211, 0
42988,177, 0
42989,147, 0
42990,108, 0
42991,81, 0
42992,72, 0
42993,64, 0
42994,64, 0
42995,63, 0
42996,70, 0
42997,63, 0
42998,58, 0
42999,50, 0
43000,47, 0
43001,57, 0
43002,55, 0
43003,73, 0
43004,72, 0
43005,88, 0
43006,93, 0
43007,81, 0
43008,73, 0
43009,76, 0
43010,71, 0
43011,64, 0
43012,65, 0
43013,72, 0
43014,70, 0
43015,75, 0
43016,70, 0
43017,76, 0
43018,102, 0
43019,127, 0
43020,155, 0
43021,159, 0
43022,163, 0
43023,158, 0
43024,145, 0
43025,145, 0
43026,143, 0
43027,154, 0
43028,176, 0
43029,195, 0
43030,207, 0
43031,220, 0
43032,240, 0
43033,278, 0
43034,302, 0
43035,291, 0
43036,262, 0
43037,242, 0
43038,221, 0
43039,170, 0
43040,137, 0
43041,107, 0
43042,85, 0
43043,101, 0
43044,122, 0
43045,138, 0
43046,151, 0
43047,164, 0
43048,174, 0
43049,184, 0
43050,184, 0
43051,196, 0
43052,189, 0
43053,183, 0
43054,170, 0
43055,196, 0
43056,232, 0
43057,262, 0
43058,278, 0
43059,227, 0
43060,166, 0
43061,87, 0
43062,24, 0
43063,5, 0
43064,0, 0
43065,1, 0
43066,1, 0
43067,6, 0
43068,31, 0
43069,30, 0
43070,25, 0
43071,32, 0
43072,44, 0
43073,60, 0
43074,60, 0
43075,58, 0
43076,58, 0
43077,70, 0
43078,89, 0
43079,94, 0
43080,110, 0
43081,123, 0
43082,145, 0
43083,158, 0
43084,152, 0
43085,149, 0
43086,131, 0
43087,93, 0
43088,45, 0
43089,2, 0
43090,0, 0
43091,0, 0
43092,44, 0
43093,95, 0
43094,157, 0
43095,191, 0
43096,212, 0
43097,207, 0
43098,200, 0
43099,197, 0
43100,177, 0
43101,202, 0
43102,202, 0
43103,190, 0
43104,180, 0
43105,183, 0
43106,176, 0
43107,183, 0
43108,204, 0
43109,192, 0
43110,230, 0
43111,246, 0
43112,246, 0
43113,244, 0
43114,236, 0
43115,226, 0
43116,240, 0
43117,244, 0
43118,252, 0
43119,219, 0
43120,132, 0
43121,60, 0
43122,21, 0
43123,10, 0
43124,19, 0
43125,48, 0
43126,39, 0
43127,4, 0
43128,0, 0
43129,0, 0
43130,0, 0
43131,15, 0
43132,31, 0
43133,56, 0
43134,72, 0
43135,63, 0
43136,55, 0
43137,55, 0
43138,38, 0
43139,14, 0
43140,14, 0
43141,7, 0
43142,15, 0
43143,31, 0
43144,63, 0
43145,77, 0
43146,92, 0
43147,112, 0
43148,121, 0
43149,134, 0
43150,144, 0
43151,144, 0
43152,136, 0
43153,136, 0
43154,131, 0
43155,152, 0
43156,185, 0
43157,195, 0
43158,184, 0
43159,174, 0
43160,158, 0
43161,173, 0
43162,169, 0
43163,180, 0
43164,174, 0
43165,185, 0
43166,170, 0
43167,170, 0
43168,183, 0
43169,192, 0
43170,223, 0
43171,270, 0
43172,312, 0
43173,346, 2
43174,342, 5
43175,312, 5
43176,278, 0
43177,256, 0
43178,234, 0
43179,200, 0
43180,155, 0
43181,109, 0
43182,69, 0
43183,59, 0
43184,55, 0
43185,52, 0
43186,68, 0
43187,61, 0
43188,70, 0
43189,115, 0
43190,154, 0
43191,169, 0
43192,145, 0
43193,115, 0
43194,81, 0
43195,63, 0
43196,40, 0
43197,14, 0
43198,1, 0
43199,0, 0
43200,0, 0
43201,14, 0
43202,56, 0
43203,89, 0
43204,108, 0
43205,129, 0
43206,140, 0
43207,145, 0
43208,163, 0
43209,160, 0
43210,158, 0
43211,149, 0
43212,151, 0
43213,150, 0
43214,157, 0
43215,176, 0
43216,212, 0
43217,244, 0
43218,241, 0
43219,221, 0
43220,205, 0
43221,168, 0
43222,137, 0
43223,133, 0
43224,119, 0
43225,106, 0
43226,112, 0
43227,113, 0
43228,122, 0
43229,131, 0
43230,136, 0
43231,141, 0
43232,154, 0
43233,161, 0
43234,173, 0
43235,183, 0
43236,189, 0
43237,187, 0
43238,196, 0
43239,200, 0
43240,204, 0
43241,191, 0
43242,165, 0
43243,147, 0
43244,160, 0
43245,144, 0
43246,152, 0
43247,158, 0
43248,153, 0
43249,153, 0
43250,179, 0
43251,202, 0
43252,207, 0
43253,205, 0
43254,183, 0
43255,152, 0
43256,109, 0
43257,48, 0
43258,1, 0
43259,0, 0
43260,0, 0
43261,0, 0
43262,0, 0
43263,0, 0
43264,6, 0
43265,8, 0
43266,4, 0
43267,0, 0
43268,10, 0
43269,31, 0
43270,47, 0
43271,79, 0
43272,130, 0
43273,192, 0
43274,263, 0
43275,326, 0
43276,348, 2
43277,371, 6
43278,328, 6
43279,270, 2
43280,216, 0
43281,171, 0
43282,148, 0
43283,144, 0
43284,141, 0
43285,121, 0
43286,96, 0
43287,81, 0
43288,56, 0
43289,44, 0
43290,42, 0
43291,51, 0
43292,78, 0
43293,93, 0
43294,115, 0
43295,115, 0
43296,142, 0
43297,163, 0
43298,188, 0
43299,195, 0
43300,167, 0
43301,137, 0
43302,108, 0
43303,74, 0
43304,43, 0
43305,61, 0
43306,81, 0
43307,116, 0
43308,168, 0
43309,183, 0
43310,195, 0
43311,207, 0
43312,199, 0
43313,165, 0
43314,136, 0
43315,83, 0
43316,48, 0
43317,31, 0
43318,9, 0
43319,0, 0
43320,0, 0
43321,0, 0
43322,0, 0
43323,9, 0
43324,43, 0
43325,60, 0
43326,83, 0
43327,126, 0
43328,136, 0
43329,148, 0
43330,155, 0
43331,158, 0
43332,173, 0
43333,171, 0
43334,180, 0
43335,183, 0
43336,165, 0
43337,145, 0
43338,143, 0
43339,141, 0
43340,129, 0
43341,124, 0
43342,136, 0
43343,139, 0
43344,144, 0
43345,164, 0
43346,159, 0
43347,152, 0
43348,140, 0
43349,106, 0
43350,60, 0
43351,24, 0
43352,3, 0
43353,19, 0
43354,42, 0
43355,60, 0
43356,96, 0
43357,148, 0
43358,170, 0
43359,167, 0
43360,216, 0
43361,215, 0
43362,202, 0
43363,176, 0
43364,145, 0
43365,126, 0
43366,118, 0
43367,95, 0
43368,92, 0
43369,77, 0
43370,72, 0
43371,97, 0
43372,141, 0
43373,159, 0
43374,152, 0
43375,128, 0
43376,108, 0
43377,102, 0
43378,93, 0
43379,83, 0
43380,76, 0
43381,77, 0
43382,79, 0
43383,80, 0
43384,72, 0
43385,89, 0
43386,108, 0
43387,149, 0
43388,187, 0
43389,219, 0
43390,266, 0
43391,298, 0
43392,295, 0
43393,280, 0
43394,259, 0
43395,234, 0
43396,257, 0
43397,260, 0
43398,262, 0
43399,276, 0
43400,284, 0
43401,274, 0
43402,253, 0
43403,230, 0
43404,186, 0
43405,152, 0
43406,139, 0
43407,155, 0
43408,188, 0
43409,216, 0
43410,240, 0
43411,263, 0
43412,280, 0
43413,256, 0
43414,237, 0
43415,207, 0
43416,177, 0
43417,176, 0
43418,176, 0
43419,145, 0
43420,123, 0
43421,120, 0
43422,132, 0
43423,137, 0
43424,111, 0
43425,76, 0
43426,63, 0
43427,101, 0
43428,117, 0
43429,135, 0
43430,134, 0
43431,152, 0
43432,173, 0
43433,196, 0
43434,157, 0
43435,89, 0
43436,11, 0
43437,38, 0
43438,133, 0
43439,138, 0
43440,151, 0
43441,145, 0
43442,132, 0
43443,102, 0
43444,86, 0
43445,44, 0
43446,22, 0
43447,10, 0
43448,0, 0
43449,0, 0
43450,0, 0
43451,0, 0
43452,0, 0
43453,20, 0
43454,51, 0
43455,71, 0
43456,133, 0
43457,223, 0
43458,273, 0
43459,267, 0
43460,261, 0
43461,244, 0
43462,231, 0
43463,217, 0
43464,206, 0
43465,228, 0
43466,263, 0
43467,315, 0
43468,338, 0
43469,325, 3
43470,290, 0
43471,251, 0
43472,235, 0
43473,246, 0
43474,252, 0
43475,302, 0
43476,338, 0
43477,340, 5
43478,321, 5
43479,300, 2
43480,249, 0
43481,205, 0
43482,133, 0
43483,38, 0
43484,7, 0
43485,85, 0
43486,125, 0
43487,124, 0
43488,58, 0
43489,2, 0
43490,71, 0
43491,187, 0
43492,253, 0
43493,286, 0
43494,305, 0
43495,298, 0
43496,267, 0
43497,259, 0
43498,256, 0
43499,278, 0
43500,293, 0
43501,269, 0
43502,220, 0
43503,181, 0
43504,131, 0
43505,113, 0
43506,77, 0
43507,27, 0
43508,3, 0
43509,1, 0
43510,0, 0
43511,8, 0
43512,12, 0
43513,12, 0
43514,15, 0
43515,6, 0
43516,11, 0
43517,38, 0
43518,73, 0
43519,115, 0
43520,171, 0
43521,238, 0
43522,281, 0
43523,323, 0
43524,324, 1
43525,296, 0
43526,243, 0
43527,195, 0
43528,172, 0
43529,132, 0
43530,93, 0
43531,68, 0
43532,86, 0
43533,112, 0
43534,184, 0
43535,242, 0
43536,275, 0
43537,275, 0
43538,245, 0
43539,196, 0
43540,122, 0
43541,48, 0
43542,27, 0
43543,32, 0
43544,26, 0
43545,25, 0
43546,11, 0
43547,0, 0
43548,0, 0
43549,8, 0
43550,18, 0
43551,72, 0
43552,121, 0
43553,133, 0
43554,143, 0
43555,141, 0
43556,123, 0
43557,110, 0
43558,92, 0
43559,65, 0
43560,83, 0
43561,90, 0
43562,102, 0
43563,118, 0
43564,140, 0
43565,156, 0
43566,190, 0
43567,185, 0
43568,139, 0
43569,101, 0
43570,72, 0
43571,12, 0
43572,0, 0
43573,0, 0
43574,0, 0
43575,34, 0
43576,90, 0
43577,133, 0
43578,175, 0
43579,196, 0
43580,207, 0
43581,201, 0
43582,181, 0
43583,125, 0
43584,103, 0
43585,85, 0
43586,63, 0
43587,52, 0
43588,38, 0
43589,64, 0
43590,132, 0
43591,200, 0
43592,241, 0
43593,259, 0
43594,259, 0
43595,218, 0
43596,159, 0
43597,83, 0
43598,11, 0
43599,1, 0
43600,18, 0
43601,26, 0
43602,0, 0
43603,19, 0
43604,46, 0
43605,47, 0
43606,29, 0
43607,6, 0
43608,24, 0
43609,103, 0
43610,189, 0
43611,274, 0
43612,356, 0
43613,406, 9
43614,405, 23
43615,359, 20
43616,294, 9
43617,208, 0
43618,137, 0
43619,110, 0
43620,89, 0
43621,76, 0
43622,50, 0
43623,57, 0
43624,74, 0
43625,77, 0
43626,69, 0
43627,73, 0
43628,120, 0
43629,195, 0
43630,279, 0
43631,326, 0
43632,348, 0
43633,354, 4
43634,309, 3
43635,213, 0
43636,97, 0
43637,25, 0
43638,14, 0
43639,57, 0
43640,93, 0
43641,133, 0
43642,173, 0
43643,174, 0
43644,124, 0
43645,47, 0
43646,0, 0
43647,0, 0
43648,19, 0
43649,76, 0
43650,196, 0
43651,298, 0
43652,377, 1
43653,385, 17
43654,361, 19
43655,289, 9
43656,172, 0
43657,53, 0
43658,3, 0
43659,48, 0
43660,73, 0
43661,46, 0
43662,23, 0
43663,1, 0
43664,0, 0
43665,0, 0
43666,12, 0
43667,64, 0
43668,121, 0
43669,170, 0
43670,207, 0
43671,192, 0
43672,127, 0
43673,46, 0
43674,8, 0
43675,76, 0
43676,134, 0
43677,176, 0
43678,190, 0
43679,173, 0
43680,115, 0
43681,41, 0
43682,0, 0
43683,2, 0
43684,5, 0
43685,13, 0
43686,18, 0
43687,8, 0
43688,6, 0
43689,10, 0
43690,40, 0
43691,118, 0
43692,226, 0
43693,326, 0
43694,410, 6
43695,452, 27
43696,470, 45
43697,500, 57
43698,514, 70
43699,519, 83
43700,509, 81
43701,502, 83
43702,505, 79
43703,536, 86
43704,568, 99
43705,576, 107
43706,548, 109
43707,497, 97
43708,427, 72
43709,360, 44
43710,323, 23
43711,305, 6
43712,266, 0
43713,229, 0
43714,175, 0
43715,177, 0
43716,249, 0
43717,367, 0
43718,476, 25
43719,551, 64
43720,538, 86
43721,447, 81
43722,342, 47
43723,231, 11
43724,145, 0
43725,92, 0
43726,53, 0
43727,31, 0
43728,15, 0
43729,0, 0
43730,6, 0
43731,39, 0
43732,73, 0
43733,83, 0
43734,38, 0
43735,0, 0
43736,13, 0
43737,64, 0
43738,83, 0
43739,57, 0
43740,20, 0
43741,2, 0
43742,45, 0
43743,101, 0
43744,117, 0
43745,79, 0
43746,42, 0
43747,25, 0
43748,29, 0
43749,25, 0
43750,3, 0
43751,17, 0
43752,75, 0
43753,105, 0
43754,112, 0
43755,134, 0
43756,158, 0
43757,181, 0
43758,191, 0
43759,159, 0
43760,115, 0
43761,67, 0
43762,25, 0
43763,4, 0
43764,0, 0
43765,8, 0
43766,0, 0
43767,0, 0
43768,24, 0
43769,81, 0
43770,124, 0
43771,151, 0
43772,176, 0
43773,214, 0
43774,244, 0
43775,247, 0
43776,227, 0
43777,206, 0
43778,192, 0
43779,176, 0
43780,135, 0
43781,93, 0
43782,64, 0
43783,54, 0
43784,85, 0
43785,127, 0
43786,165, 0
43787,170, 0
43788,151, 0
43789,119, 0
43790,64, 0
43791,15, 0
43792,0, 0
43793,0, 0
43794,0, 0
43795,60, 0
43796,132, 0
43797,175, 0
43798,195, 0
43799,200, 0
43800,202, 0
43801,208, 0
43802,192, 0
43803,169, 0
43804,139, 0
43805,120, 0
43806,99, 0
43807,89, 0
43808,92, 0
43809,72, 0
43810,57, 0
43811,44, 0
43812,63, 0
43813,83, 0
43814,90, 0
43815,81, 0
43816,65, 0
43817,57, 0
43818,79, 0
43819,92, 0
43820,74, 0
43821,28, 0
43822,7, 0
43823,51, 0
43824,113, 0
43825,193, 0
43826,256, 0
43827,278, 0
43828,281, 0
43829,291, 0
43830,301, 0
43831,340, 1
43832,380, 12
43833,374, 20
43834,356, 19
43835,304, 9
43836,248, 0
43837,212, 0
43838,179, 0
43839,157, 0
43840,145, 0
43841,124, 0
43842,96, 0
43843,86, 0
43844,86, 0
43845,94, 0
43846,96, 0
43847,111, 0
43848,126, 0
43849,134, 0
43850,133, 0
43851,121, 0
43852,113, 0
43853,116, 0
43854,84, 0
43855,55, 0
43856,34, 0
43857,0, 0
43858,12, 0
43859,40, 0
43860,44, 0
43861,28, 0
43862,0, 0
43863,35, 0
43864,111, 0
43865,177, 0
43866,214, 0
43867,204, 0
43868,204, 0
43869,184, 0
43870,159, 0
43871,145, 0
43872,144, 0
43873,154, 0
43874,164, 0
43875,161, 0
43876,168, 0
43877,166, 0
43878,147, 0
43879,110, 0
43880,80, 0
43881,38, 0
43882,37, 0
43883,53, 0
43884,93, 0
43885,130, 0
43886,189, 0
43887,267, 0
43888,330, 0
43889,370, 5
43890,379, 17
43891,349, 14
43892,314, 9
43893,272, 0
43894,223, 0
43895,182, 0
43896,158, 0
43897,145, 0
43898,150, 0
43899,157, 0
43900,154, 0
43901,148, 0
43902,119, 0
43903,86, 0
43904,70, 0
43905,65, 0
43906,65, 0
43907,71, 0
43908,32, 0
43909,21, 0
43910,19, 0
43911,3, 0
43912,12, 0
43913,64, 0
43914,88, 0
43915,72, 0
43916,52, 0
43917,86, 0
43918,150, 0
43919,174, 0
43920,150, 0
43921,117, 0
43922,94, 0
43923,57, 0
43924,11, 0
43925,175, 0
43926,373, 0
43927,493, 24
43928,494, 54
43929,408, 48
43930,306, 22
43931,202, 1
43932,128, 0
43933,62, 0
43934,12, 0
43935,0, 0
43936,11, 0
43937,57, 0
43938,108, 0
43939,142, 0
43940,183, 0
43941,204, 0
43942,232, 0
43943,270, 0
43944,302, 0
43945,312, 0
43946,294, 0
43947,270, 0
43948,234, 0
43949,191, 0
43950,153, 0
43951,101, 0
43952,77, 0
43953,100, 0
43954,164, 0
43955,258, 0
43956,342, 1
43957,368, 9
43958,359, 12
43959,318, 8
43960,299, 2
43961,301, 0
43962,275, 0
43963,220, 0
43964,189, 0
43965,229, 0
43966,282, 0
43967,330, 0
43968,396, 9
43969,415, 24
43970,437, 34
43971,430, 42
43972,382, 38
43973,305, 17
43974,213, 0
43975,145, 0
43976,102, 0
43977,97, 0
43978,135, 0
43979,188, 0
43980,237, 0
43981,261, 0
43982,274, 0
43983,263, 0
43984,232, 0
43985,195, 0
43986,153, 0
43987,95, 0
43988,25, 0
43989,0, 0
43990,0, 0
43991,9, 0
43992,119, 0
43993,230, 0
43994,263, 0
43995,245, 0
43996,252, 0
43997,229, 0
43998,127, 0
43999,27, 0
44000,6, 0
44001,43, 0
44002,19, 0
44003,41, 0
44004,232, 0
44005,414, 2
44006,476, 29
44007,420, 44
44008,380, 38
44009,337, 22
44010,324, 8
44011,345, 6
44012,389, 11
44013,385, 20
44014,368, 22
44015,333, 12
44016,290, 5
44017,220, 0
44018,65, 0
44019,32, 0
44020,105, 0
44021,79, 0
44022,12, 0
44023,0, 0
44024,0, 0
44025,0, 0
44026,0, 0
44027,0, 0
44028,4, 0
44029,44, 0
44030,104, 0
44031,168, 0
44032,170, 0
44033,133, 0
44034,90, 0
44035,35, 0
44036,4, 0
44037,0, 0
44038,0, 0
44039,12, 0
44040,7, 0
44041,1, 0
44042,0, 0
44043,0, 0
44044,5, 0
44045,0, 0
44046,0, 0
44047,2, 0
44048,1, 0
44049,7, 0
44050,47, 0
44051,88, 0
44052,90, 0
44053,83, 0
44054,76, 0
44055,63, 0
44056,54, 0
44057,46, 0
44058,43, 0
44059,47, 0
44060,23, 0
44061,6, 0
44062,0, 0
44063,0, 0
44064,13, 0
44065,24, 0
44066,14, 0
44067,12, 0
44068,45, 0
44069,78, 0
44070,87, 0
44071,76, 0
44072,67, 0
44073,71, 0
44074,73, 0
44075,70, 0
44076,67, 0
44077,64, 0
44078,58, 0
44079,52, 0
44080,63, 0
44081,123, 0
44082,175, 0
44083,221, 0
44084,243, 0
44085,229, 0
44086,215, 0
44087,190, 0
44088,156, 0
44089,118, 0
44090,80, 0
44091,55, 0
44092,40, 0
44093,31, 0
44094,1, 0
44095,7, 0
44096,12, 0
44097,7, 0
44098,0, 0
44099,0, 0
44100,11, 0
44101,0, 0
44102,0, 0
44103,0, 0
44104,0, 0
44105,18, 0
44106,63, 0
44107,104, 0
44108,132, 0
44109,147, 0
44110,160, 0
44111,179, 0
44112,190, 0
44113,223, 0
44114,251, 0
44115,261, 0
44116,253, 0
44117,220, 0
44118,176, 0
44119,150, 0
44120,149, 0
44121,160, 0
44122,195, 0
44123,208, 0
44124,201, 0
44125,170, 0
44126,145, 0
44127,145, 0
44128,179, 0
44129,195, 0
44130,228, 0
44131,222, 0
44132,212, 0
44133,199, 0
44134,202, 0
44135,207, 0
44136,202, 0
44137,183, 0
44138,152, 0
44139,99, 0
44140,56, 0
44141,35, 0
44142,44, 0
44143,88, 0
44144,145, 0
44145,181, 0
44146,200, 0
44147,219, 0
44148,230, 0
44149,221, 0
44150,201, 0
44151,172, 0
44152,130, 0
44153,95, 0
44154,62, 0
44155,18, 0
44156,0, 0
44157,0, 0
44158,0, 0
44159,5, 0
44160,39, 0
44161,76, 0
44162,92, 0
44163,111, 0
44164,133, 0
44165,137, 0
44166,133, 0
44167,123, 0
44168,135, 0
44169,154, 0
44170,167, 0
44171,177, 0
44172,167, 0
44173,202, 0
44174,215, 0
44175,245, 0
44176,267, 0
44177,276, 0
44178,259, 0
44179,223, 0
44180,181, 0
44181,148, 0
44182,115, 0
44183,103, 0
44184,84, 0
44185,32, 0
44186,0, 0
44187,0, 0
44188,7, 0
44189,70, 0
44190,152, 0
44191,221, 0
44192,257, 0
44193,266, 0
44194,275, 0
44195,281, 0
44196,282, 0
44197,270, 0
44198,252, 0
44199,223, 0
44200,200, 0
44201,182, 0
44202,164, 0
44203,150, 0
44204,154, 0
44205,176, 0
44206,193, 0
44207,183, 0
44208,202, 0
44209,198, 0
44210,192, 0
44211,177, 0
44212,145, 0
44213,138, 0
44214,153, 0
44215,158, 0
44216,184, 0
44217,207, 0
44218,228, 0
44219,224, 0
44220,208, 0
44221,205, 0
44222,184, 0
44223,144, 0
44224,88, 0
44225,26, 0
44226,14, 0
44227,6, 0
44228,24, 0
44229,54, 0
44230,60, 0
44231,57, 0
44232,43, 0
44233,25, 0
44234,2, 0
44235,0, 0
44236,12, 0
44237,45, 0
44238,76, 0
44239,92, 0
44240,108, 0
44241,132, 0
44242,139, 0
44243,149, 0
44244,166, 0
44245,170, 0
44246,157, 0
44247,124, 0
44248,126, 0
44249,134, 0
44250,133, 0
44251,143, 0
44252,166, 0
44253,196, 0
44254,205, 0
44255,191, 0
44256,170, 0
44257,173, 0
44258,183, 0
44259,204, 0
44260,202, 0
44261,189, 0
44262,153, 0
44263,109, 0
44264,71, 0
44265,64, 0
44266,101, 0
44267,156, 0
44268,213, 0
44269,254, 0
44270,274, 0
44271,217, 0
44272,159, 0
44273,70, 0
44274,25, 0
44275,24, 0
44276,31, 0
44277,55, 0
44278,95, 0
44279,139, 0
44280,154, 0
44281,153, 0
44282,142, 0
44283,135, 0
44284,102, 0
44285,64, 0
44286,44, 0
44287,87, 0
44288,134, 0
44289,184, 0
44290,202, 0
44291,168, 0
44292,94, 0
44293,25, 0
44294,0, 0
44295,0, 0
44296,0, 0
44297,0, 0
44298,0, 0
44299,0, 0
44300,0, 0
44301,19, 0
44302,59, 0
44303,118, 0
44304,189, 0
44305,257, 0
44306,304, 0
44307,311, 0
44308,282, 0
44309,240, 0
44310,241, 0
44311,241, 0
44312,219, 0
44313,195, 0
44314,165, 0
44315,181, 0
44316,244, 0
44317,330, 0
44318,371, 4
44319,361, 12
44320,304, 8
44321,204, 0
44322,86, 0
44323,12, 0
44324,0, 0
44325,0, 0
44326,0, 0
44327,5, 0
44328,0, 0
44329,0, 0
44330,4, 0
44331,42, 0
44332,78, 0
44333,94, 0
44334,56, 0
44335,5, 0
44336,5, 0
44337,47, 0
44338,110, 0
44339,165, 0
44340,190, 0
44341,184, 0
44342,160, 0
44343,142, 0
44344,135, 0
44345,120, 0
44346,141, 0
44347,182, 0
44348,281, 0
44349,361, 0
44350,424, 12
44351,477, 38
44352,481, 53
44353,467, 55
44354,463, 53
44355,466, 57
44356,440, 52
44357,436, 48
44358,478, 52
44359,517, 67
44360,505, 75
44361,461, 70
44362,404, 51
44363,365, 31
44364,327, 15
44365,302, 6
44366,283, 0
44367,282, 0
44368,223, 0
44369,170, 0
44370,120, 0
44371,76, 0
44372,60, 0
44373,58, 0
44374,51, 0
44375,60, 0
44376,27, 0
44377,1, 0
44378,5, 0
44379,25, 0
44380,52, 0
44381,79, 0
44382,127, 0
44383,151, 0
44384,173, 0
44385,172, 0
44386,133, 0
44387,51, 0
44388,2, 0
44389,64, 0
44390,127, 0
44391,149, 0
44392,136, 0
44393,116, 0
44394,112, 0
44395,140, 0
44396,207, 0
44397,261, 0
44398,294, 0
44399,263, 0
44400,237, 0
44401,202, 0
44402,161, 0
44403,104, 0
44404,74, 0
44405,89, 0
44406,100, 0
44407,125, 0
44408,112, 0
44409,120, 0
44410,101, 0
44411,105, 0
44412,106, 0
44413,117, 0
44414,133, 0
44415,141, 0
44416,142, 0
44417,159, 0
44418,196, 0
44419,190, 0
44420,189, 0
44421,202, 0
44422,226, 0
44423,231, 0
44424,251, 0
44425,244, 0
44426,219, 0
44427,205, 0
44428,168, 0
44429,156, 0
44430,131, 0
44431,96, 0
44432,63, 0
44433,65, 0
44434,30, 0
44435,20, 0
44436,15, 0
44437,1, 0
44438,0, 0
44439,0, 0
44440,0, 0
44441,6, 0
44442,39, 0
44443,81, 0
44444,108, 0
44445,91, 0
44446,56, 0
44447,18, 0
44448,12, 0
44449,23, 0
44450,40, 0
44451,77, 0
44452,127, 0
44453,144, 0
44454,144, 0
44455,124, 0
44456,97, 0
44457,92, 0
44458,88, 0
44459,68, 0
44460,70, 0
44461,52, 0
44462,46, 0
44463,36, 0
44464,36, 0
44465,36, 0
44466,52, 0
44467,53, 0
44468,51, 0
44469,42, 0
44470,64, 0
44471,54, 0
44472,85, 0
44473,83, 0
44474,71, 0
44475,44, 0
44476,23, 0
44477,6, 0
44478,0, 0
44479,0, 0
44480,5, 0
44481,38, 0
44482,93, 0
44483,154, 0
44484,206, 0
44485,230, 0
44486,220, 0
44487,198, 0
44488,166, 0
44489,125, 0
44490,110, 0
44491,127, 0
44492,131, 0
44493,139, 0
44494,183, 0
44495,204, 0
44496,242, 0
44497,263, 0
44498,255, 0
44499,243, 0
44500,227, 0
44501,216, 0
44502,196, 0
44503,193, 0
44504,179, 0
44505,158, 0
44506,123, 0
44507,43, 0
44508,0, 0
44509,0, 0
44510,0, 0
44511,0, 0
44512,10, 0
44513,52, 0
44514,92, 0
44515,145, 0
44516,189, 0
44517,240, 0
44518,278, 0
44519,276, 0
44520,253, 0
44521,193, 0
44522,151, 0
44523,137, 0
44524,152, 0
44525,170, 0
44526,186, 0
44527,165, 0
44528,139, 0
44529,94, 0
44530,69, 0
44531,57, 0
44532,56, 0
44533,79, 0
44534,112, 0
44535,140, 0
44536,169, 0
44537,195, 0
44538,215, 0
44539,227, 0
44540,202, 0
44541,179, 0
44542,147, 0
44543,121, 0
44544,85, 0
44545,70, 0
44546,44, 0
44547,35, 0
44548,57, 0
44549,83, 0
44550,84, 0
44551,95, 0
44552,113, 0
44553,121, 0
44554,142, 0
44555,180, 0
44556,211, 0
44557,216, 0
44558,176, 0
44559,105, 0
44560,46, 0
44561,45, 0
44562,77, 0
44563,123, 0
44564,133, 0
44565,89, 0
44566,74, 0
44567,101, 0
44568,126, 0
44569,121, 0
44570,95, 0
44571,70, 0
44572,95, 0
44573,177, 0
44574,240, 0
44575,261, 0
44576,252, 0
44577,210, 0
44578,181, 0
44579,158, 0
44580,115, 0
44581,62, 0
44582,7, 0
44583,6, 0
44584,24, 0
44585,22, 0
44586,2, 0
44587,59, 0
44588,117, 0
44589,137, 0
44590,137, 0
44591,126, 0
44592,104, 0
44593,86, 0
44594,99, 0
44595,107, 0
44596,120, 0
44597,134, 0
44598,133, 0
44599,132, 0
44600,141, 0
44601,183, 0
44602,238, 0
44603,300, 0
44604,333, 0
44605,330, 1
44606,306, 1
44607,290, 0
44608,276, 0
44609,268, 0
44610,246, 0
44611,219, 0
44612,175, 0
44613,145, 0
44614,122, 0
44615,157, 0
44616,165, 0
44617,182, 0
44618,198, 0
44619,196, 0
44620,173, 0
44621,167, 0
44622,183, 0
44623,214, 0
44624,220, 0
44625,199, 0
44626,159, 0
44627,136, 0
44628,142, 0
44629,158, 0
44630,171, 0
44631,177, 0
44632,160, 0
44633,141, 0
44634,139, 0
44635,133, 0
44636,126, 0
44637,113, 0
44638,70, 0
44639,13, 0
44640,0, 0
44641,6, 0
44642,19, 0
44643,12, 0
44644,0, 0
44645,6, 0
44646,60, 0
44647,118, 0
44648,152, 0
44649,156, 0
44650,139, 0
44651,137, 0
44652,137, 0
44653,140, 0
44654,166, 0
44655,171, 0
44656,176, 0
44657,174, 0
44658,183, 0
44659,170, 0
44660,147, 0
44661,122, 0
44662,115, 0
44663,125, 0
44664,118, 0
44665,121, 0
44666,148, 0
44667,198, 0
44668,241, 0
44669,247, 0
44670,238, 0
44671,217, 0
44672,179, 0
44673,142, 0
44674,119, 0
44675,99, 0
44676,115, 0
44677,157, 0
44678,189, 0
44679,226, 0
44680,222, 0
44681,191, 0
44682,148, 0
44683,136, 0
44684,143, 0
44685,160, 0
44686,163, 0
44687,189, 0
44688,204, 0
44689,219, 0
44690,207, 0
44691,204, 0
44692,198, 0
44693,128, 0
44694,76, 0
44695,36, 0
44696,4, 0
44697,4, 0
44698,26, 0
44699,56, 0
44700,105, 0
44701,159, 0
44702,182, 0
44703,167, 0
44704,144, 0
44705,102, 0
44706,67, 0
44707,32, 0
44708,6, 0
44709,0, 0
44710,0, 0
44711,0, 0
44712,4, 0
44713,0, 0
44714,42, 0
44715,103, 0
44716,176, 0
44717,241, 0
44718,293, 0
44719,325, 0
44720,328, 0
44721,301, 0
44722,252, 0
44723,180, 0
44724,106, 0
44725,53, 0
44726,30, 0
44727,28, 0
44728,34, 0
44729,40, 0
44730,48, 0
44731,68, 0
44732,99, 0
44733,118, 0
44734,113, 0
44735,96, 0
44736,78, 0
44737,88, 0
44738,117, 0
44739,121, 0
44740,152, 0
44741,163, 0
44742,171, 0
44743,184, 0
44744,191, 0
44745,187, 0
44746,158, 0
44747,139, 0
44748,106, 0
44749,97, 0
44750,116, 0
44751,139, 0
44752,180, 0
44753,208, 0
44754,208, 0
44755,207, 0
44756,196, 0
44757,184, 0
44758,168, 0
44759,151, 0
44760,129, 0
44761,148, 0
44762,161, 0
44763,176, 0
44764,187, 0
44765,164, 0
44766,134, 0
44767,115, 0
44768,99, 0
44769,78, 0
44770,68, 0
44771,50, 0
44772,39, 0
44773,50, 0
44774,70, 0
44775,92, 0
44776,111, 0
44777,128, 0
44778,152, 0
44779,163, 0
44780,181, 0
44781,183, 0
44782,164, 0
44783,139, 0
44784,126, 0
44785,89, 0
44786,100, 0
44787,102, 0
44788,126, 0
44789,143, 0
44790,182, 0
44791,153, 0
44792,158, 0
44793,151, 0
44794,120, 0
44795,92, 0
44796,62, 0
44797,57, 0
44798,64, 0
44799,71, 0
44800,99, 0
44801,130, 0
44802,151, 0
44803,150, 0
44804,144, 0
44805,133, 0
44806,127, 0
44807,137, 0
44808,163, 0
44809,181, 0
44810,206, 0
44811,214, 0
44812,207, 0
44813,196, 0
44814,172, 0
44815,140, 0
44816,126, 0
44817,121, 0
44818,125, 0
44819,134, 0
44820,138, 0
44821,133, 0
44822,133, 0
44823,123, 0
44824,106, 0
44825,92, 0
44826,47, 0
44827,31, 0
44828,31, 0
44829,30, 0
44830,64, 0
44831,89, 0
44832,91, 0
44833,94, 0
44834,96, 0
44835,83, 0
44836,58, 0
44837,38, 0
44838,19, 0
44839,3, 0
44840,8, 0
44841,32, 0
44842,62, 0
44843,83, 0
44844,95, 0
44845,95, 0
44846,109, 0
44847,115, 0
44848,142, 0
44849,161, 0
44850,171, 0
44851,172, 0
44852,158, 0
44853,144, 0
44854,132, 0
44855,123, 0
44856,113, 0
44857,102, 0
44858,97, 0
44859,92, 0
44860,99, 0
44861,135, 0
44862,195, 0
44863,236, 0
44864,278, 0
44865,310, 0
44866,324, 1
44867,296, 1
44868,292, 0
44869,259, 0
44870,234, 0
44871,203, 0
44872,176, 0
44873,139, 0
44874,119, 0
44875,90, 0
44876,63, 0
44877,69, 0
44878,89, 0
44879,121, 0
44880,150, 0
44881,166, 0
44882,172, 0
44883,163, 0
44884,134, 0
44885,76, 0
44886,20, 0
44887,14, 0
44888,40, 0
44889,84, 0
44890,101, 0
44891,121, 0
44892,139, 0
44893,138, 0
44894,133, 0
44895,101, 0
44896,78, 0
44897,68, 0
44898,58, 0
44899,61, 0
44900,83, 0
44901,94, 0
44902,95, 0
44903,92, 0
44904,101, 0
44905,115, 0
44906,126, 0
44907,144, 0
44908,142, 0
44909,133, 0
44910,90, 0
44911,94, 0
44912,50, 0
44913,40, 0
44914,60, 0
44915,75, 0
44916,111, 0
44917,152, 0
44918,200, 0
44919,263, 0
44920,296, 0
44921,301, 0
44922,282, 0
44923,245, 0
44924,223, 0
44925,218, 0
44926,222, 0
44927,215, 0
44928,211, 0
44929,195, 0
44930,189, 0
44931,196, 0
44932,207, 0
44933,189, 0
44934,152, 0
44935,155, 0
44936,152, 0
44937,149, 0
44938,157, 0
44939,152, 0
44940,151, 0
44941,119, 0
44942,83, 0
44943,69, 0
44944,76, 0
44945,84, 0
44946,81, 0
44947,44, 0
44948,2, 0
44949,0, 0
44950,0, 0
44951,0, 0
44952,0, 0
44953,1, 0
44954,14, 0
44955,25, 0
44956,36, 0
44957,5, 0
44958,3, 0
44959,21, 0
44960,63, 0
44961,102, 0
44962,143, 0
44963,179, 0
44964,196, 0
44965,183, 0
44966,152, 0
44967,123, 0
44968,102, 0
44969,115, 0
44970,152, 0
44971,179, 0
44972,185, 0
44973,176, 0
44974,164, 0
44975,171, 0
44976,185, 0
44977,188, 0
44978,173, 0
44979,156, 0
44980,155, 0
44981,145, 0
44982,144, 0
44983,164, 0
44984,183, 0
44985,203, 0
44986,211, 0
44987,207, 0
44988,189, 0
44989,192, 0
44990,198, 0
44991,220, 0
44992,249, 0
44993,264, 0
44994,261, 0
44995,248, 0
44996,230, 0
44997,210, 0
44998,176, 0
44999,139, 0
45000,126, 0
45001,102, 0
45002,99, 0
45003,102, 0
45004,108, 0
45005,108, 0
45006,104, 0
45007,95, 0
45008,63, 0
45009,12, 0
45010,0, 0
45011,0, 0
45012,0, 0
45013,19, 0
45014,63, 0
45015,70, 0
45016,90, 0
45017,109, 0
45018,108, 0
45019,110, 0
45020,115, 0
45021,113, 0
45022,120, 0
45023,128, 0
45024,129, 0
45025,139, 0
45026,155, 0
45027,168, 0
45028,183, 0
45029,154, 0
45030,139, 0
45031,128, 0
45032,129, 0
45033,138, 0
45034,155, 0
45035,148, 0
45036,160, 0
45037,170, 0
45038,172, 0
45039,169, 0
45040,164, 0
45041,159, 0
45042,155, 0
45043,163, 0
45044,187, 0
45045,199, 0
45046,202, 0
45047,192, 0
45048,189, 0
45049,170, 0
45050,156, 0
45051,141, 0
45052,129, 0
45053,126, 0
45054,129, 0
45055,124, 0
45056,138, 0
45057,150, 0
45058,164, 0
45059,168, 0
45060,170, 0
45061,168, 0
45062,145, 0
45063,111, 0
45064,91, 0
45065,94, 0
45066,83, 0
45067,70, 0
45068,68, 0
45069,44, 0
45070,15, 0
45071,12, 0
45072,20, 0
45073,30, 0
45074,60, 0
45075,63, 0
45076,48, 0
45077,48, 0
45078,57, 0
45079,57, 0
45080,62, 0
45081,63, 0
45082,88, 0
45083,85, 0
45084,92, 0
45085,76, 0
45086,64, 0
45087,64, 0
45088,63, 0
45089,75, 0
45090,89, 0
45091,113, 0
45092,137, 0
45093,140, 0
45094,152, 0
45095,147, 0
45096,161, 0
45097,184, 0
45098,189, 0
45099,188, 0
45100,170, 0
45101,165, 0
45102,165, 0
45103,164, 0
45104,189, 0
45105,231, 0
45106,246, 0
45107,257, 0
45108,262, 0
45109,258, 0
45110,255, 0
45111,257, 0
45112,258, 0
45113,253, 0
45114,263, 0
45115,220, 0
45116,193, 0
45117,183, 0
45118,163, 0
45119,150, 0
45120,139, 0
45121,133, 0
45122,136, 0
45123,139, 0
45124,125, 0
45125,137, 0
45126,134, 0
45127,126, 0
45128,115, 0
45129,99, 0
45130,54, 0
45131,21, 0
45132,17, 0
45133,12, 0
45134,14, 0
45135,39, 0
45136,51, 0
45137,55, 0
45138,61, 0
45139,65, 0
45140,70, 0
45141,71, 0
45142,75, 0
45143,116, 0
45144,107, 0
45145,107, 0
45146,108, 0
45147,107, 0
45148,96, 0
45149,95, 0
45150,85, 0
45151,93, 0
45152,97, 0
45153,115, 0
45154,110, 0
45155,118, 0
45156,138, 0
45157,139, 0
45158,137, 0
45159,139, 0
45160,125, 0
45161,100, 0
45162,105, 0
45163,116, 0
45164,127, 0
45165,155, 0
45166,183, 0
45167,196, 0
45168,206, 0
45169,212, 0
45170,208, 0
45171,205, 0
45172,186, 0
45173,202, 0
45174,205, 0
45175,217, 0
45176,210, 0
45177,204, 0
45178,197, 0
45179,169, 0
45180,145, 0
45181,120, 0
45182,105, 0
45183,105, 0
45184,113, 0
45185,116, 0
45186,125, 0
45187,127, 0
45188,135, 0
45189,154, 0
45190,148, 0
45191,119, 0
45192,77, 0
45193,53, 0
45194,37, 0
45195,47, 0
45196,78, 0
45197,83, 0
45198,76, 0
45199,87, 0
45200,71, 0
45201,42, 0
45202,22, 0
45203,2, 0
45204,0, 0
45205,2, 0
45206,15, 0
45207,48, 0
45208,89, 0
45209,141, 0
45210,182, 0
45211,198, 0
45212,204, 0
45213,195, 0
45214,172, 0
45215,164, 0
45216,175, 0
45217,193, 0
45218,200, 0
45219,193, 0
45220,184, 0
45221,144, 0
45222,116, 0
45223,116, 0
45224,89, 0
45225,89, 0
45226,104, 0
45227,133, 0
45228,150, 0
45229,155, 0
45230,186, 0
45231,168, 0
45232,163, 0
45233,159, 0
45234,165, 0
45235,183, 0
45236,186, 0
45237,183, 0
45238,193, 0
45239,184, 0
45240,182, 0
45241,184, 0
45242,163, 0
45243,138, 0
45244,160, 0
45245,140, 0
45246,149, 0
45247,147, 0
45248,152, 0
45249,151, 0
45250,140, 0
45251,121, 0
45252,88, 0
45253,52, 0
45254,41, 0
45255,31, 0
45256,47, 0
45257,68, 0
45258,76, 0
45259,84, 0
45260,95, 0
45261,100, 0
45262,92, 0
45263,80, 0
45264,60, 0
45265,52, 0
45266,37, 0
45267,20, 0
45268,29, 0
45269,51, 0
45270,77, 0
45271,120, 0
45272,159, 0
45273,183, 0
45274,190, 0
45275,189, 0
45276,176, 0
45277,159, 0
45278,155, 0
45279,145, 0
45280,144, 0
45281,159, 0
45282,127, 0
45283,95, 0
45284,85, 0
45285,88, 0
45286,93, 0
45287,143, 0
45288,184, 0
45289,239, 0
45290,248, 0
45291,238, 0
45292,217, 0
45293,203, 0
45294,186, 0
45295,168, 0
45296,177, 0
45297,180, 0
45298,185, 0
45299,189, 0
45300,191, 0
45301,182, 0
45302,186, 0
45303,185, 0
45304,159, 0
45305,170, 0
45306,169, 0
45307,143, 0
45308,131, 0
45309,108, 0
45310,99, 0
45311,99, 0
45312,83, 0
45313,69, 0
45314,35, 0
45315,36, 0
45316,34, 0
45317,51, 0
45318,77, 0
45319,70, 0
45320,68, 0
45321,74, 0
45322,76, 0
45323,70, 0
45324,64, 0
45325,77, 0
45326,57, 0
45327,70, 0
45328,92, 0
45329,92, 0
45330,102, 0
45331,108, 0
45332,119, 0
45333,126, 0
45334,116, 0
45335,119, 0
45336,121, 0
45337,119, 0
45338,119, 0
45339,138, 0
45340,148, 0
45341,156, 0
45342,164, 0
45343,141, 0
45344,133, 0
45345,143, 0
45346,137, 0
45347,138, 0
45348,158, 0
45349,180, 0
45350,218, 0
45351,228, 0
45352,224, 0
45353,202, 0
45354,227, 0
45355,222, 0
45356,220, 0
45357,221, 0
45358,219, 0
45359,204, 0
45360,193, 0
45361,160, 0
45362,151, 0
45363,143, 0
45364,132, 0
45365,108, 0
45366,112, 0
45367,108, 0
45368,95, 0
45369,88, 0
45370,81, 0
45371,71, 0
45372,73, 0
45373,69, 0
45374,41, 0
45375,21, 0
45376,21, 0
45377,46, 0
45378,69, 0
45379,108, 0
45380,118, 0
45381,124, 0
45382,134, 0
45383,111, 0
45384,79, 0
45385,46, 0
45386,15, 0
45387,14, 0
45388,15, 0
45389,44, 0
45390,67, 0
45391,90, 0
45392,124, 0
45393,150, 0
45394,186, 0
45395,202, 0
45396,204, 0
45397,185, 0
45398,170, 0
45399,159, 0
45400,158, 0
45401,164, 0
45402,183, 0
45403,221, 0
45404,210, 0
45405,193, 0
45406,176, 0
45407,144, 0
45408,150, 0
45409,129, 0
45410,121, 0
45411,145, 0
45412,124, 0
45413,141, 0
45414,158, 0
45415,170, 0
45416,184, 0
45417,189, 0
45418,202, 0
45419,195, 0
45420,205, 0
45421,207, 0
45422,187, 0
45423,171, 0
45424,159, 0
45425,145, 0
45426,140, 0
45427,143, 0
45428,137, 0
45429,135, 0
45430,152, 0
45431,159, 0
45432,163, 0
45433,173, 0
45434,148, 0
45435,102, 0
45436,77, 0
45437,52, 0
45438,32, 0
45439,41, 0
45440,58, 0
45441,60, 0
45442,70, 0
45443,84, 0
45444,74, 0
45445,76, 0
45446,90, 0
45447,90, 0
45448,93, 0
45449,113, 0
45450,109, 0
45451,123, 0
45452,108, 0
45453,86, 0
45454,71, 0
45455,58, 0
45456,47, 0
45457,59, 0
45458,78, 0
45459,111, 0
45460,147, 0
45461,157, 0
45462,165, 0
45463,169, 0
45464,168, 0
45465,139, 0
45466,115, 0
45467,103, 0
45468,109, 0
45469,126, 0
45470,171, 0
45471,197, 0
45472,239, 0
45473,232, 0
45474,236, 0
45475,232, 0
45476,227, 0
45477,216, 0
45478,206, 0
45479,201, 0
45480,181, 0
45481,164, 0
45482,154, 0
45483,151, 0
45484,158, 0
45485,174, 0
45486,160, 0
45487,159, 0
45488,167, 0
45489,144, 0
45490,138, 0
45491,139, 0
45492,122, 0
45493,111, 0
45494,102, 0
45495,76, 0
45496,39, 0
45497,31, 0
45498,30, 0
45499,35, 0
45500,76, 0
45501,95, 0
45502,90, 0
45503,78, 0
45504,84, 0
45505,78, 0
45506,73, 0
45507,73, 0
45508,76, 0
45509,90, 0
45510,103, 0
45511,122, 0
45512,126, 0
45513,115, 0
45514,100, 0
45515,106, 0
45516,97, 0
45517,83, 0
45518,95, 0
45519,111, 0
45520,119, 0
45521,140, 0
45522,163, 0
45523,163, 0
45524,202, 0
45525,176, 0
45526,149, 0
45527,128, 0
45528,123, 0
45529,111, 0
45530,122, 0
45531,151, 0
45532,170, 0
45533,183, 0
45534,189, 0
45535,185, 0
45536,187, 0
45537,190, 0
45538,196, 0
45539,193, 0
45540,197, 0
45541,184, 0
45542,183, 0
45543,176, 0
45544,176, 0
45545,169, 0
45546,183, 0
45547,171, 0
45548,164, 0
45549,168, 0
45550,152, 0
45551,152, 0
45552,156, 0
45553,135, 0
45554,120, 0
45555,110, 0
45556,79, 0
45557,52, 0
45558,42, 0
45559,37, 0
45560,28, 0
45561,60, 0
45562,75, 0
45563,70, 0
45564,72, 0
45565,76, 0
45566,63, 0
45567,76, 0
45568,73, 0
45569,63, 0
45570,79, 0
45571,80, 0
45572,78, 0
45573,89, 0
45574,91, 0
45575,90, 0
45576,95, 0
45577,109, 0
45578,120, 0
45579,128, 0
45580,128, 0
45581,133, 0
45582,132, 0
45583,124, 0
45584,121, 0
45585,133, 0
45586,133, 0
45587,119, 0
45588,117, 0
45589,127, 0
45590,131, 0
45591,152, 0
45592,171, 0
45593,183, 0
45594,198, 0
45595,192, 0
45596,195, 0
45597,193, 0
45598,188, 0
45599,189, 0
45600,193, 0
45601,196, 0
45602,170, 0
45603,183, 0
45604,190, 0
45605,186, 0
45606,182, 0
45607,186, 0
45608,172, 0
45609,170, 0
45610,183, 0
45611,156, 0
45612,152, 0
45613,152, 0
45614,141, 0
45615,133, 0
45616,123, 0
45617,89, 0
45618,65, 0
45619,57, 0
45620,45, 0
45621,62, 0
45622,79, 0
45623,87, 0
45624,86, 0
45625,90, 0
45626,87, 0
45627,89, 0
45628,83, 0
45629,83, 0
45630,86, 0
45631,92, 0
45632,92, 0
45633,92, 0
45634,110, 0
45635,97, 0
45636,102, 0
45637,103, 0
45638,101, 0
45639,117, 0
45640,123, 0
45641,125, 0
45642,123, 0
45643,134, 0
45644,136, 0
45645,139, 0
45646,152, 0
45647,138, 0
45648,119, 0
45649,112, 0
45650,119, 0
45651,127, 0
45652,143, 0
45653,171, 0
45654,186, 0
45655,206, 0
45656,203, 0
45657,195, 0
45658,189, 0
45659,189, 0
45660,189, 0
45661,191, 0
45662,190, 0
45663,187, 0
45664,196, 0
45665,184, 0
45666,179, 0
45667,170, 0
45668,164, 0
45669,159, 0
45670,163, 0
45671,164, 0
45672,161, 0
45673,163, 0
45674,153, 0
45675,139, 0
45676,133, 0
45677,112, 0
45678,78, 0
45679,46, 0
45680,38, 0
45681,44, 0
45682,52, 0
45683,76, 0
45684,96, 0
45685,87, 0
45686,108, 0
45687,89, 0
45688,91, 0
45689,96, 0
45690,96, 0
45691,89, 0
45692,95, 0
45693,95, 0
45694,90, 0
45695,85, 0
45696,85, 0
45697,86, 0
45698,91, 0
45699,86, 0
45700,103, 0
45701,115, 0
45702,102, 0
45703,119, 0
45704,120, 0
45705,121, 0
45706,121, 0
45707,125, 0
45708,112, 0
45709,96, 0
45710,92, 0
45711,111, 0
45712,127, 0
45713,152, 0
45714,170, 0
45715,181, 0
45716,196, 0
45717,197, 0
45718,200, 0
45719,203, 0
45720,223, 0
45721,198, 0
45722,193, 0
45723,193, 0
45724,193, 0
45725,187, 0
45726,180, 0
45727,170, 0
45728,176, 0
45729,157, 0
45730,139, 0
45731,152, 0
45732,159, 0
45733,150, 0
45734,145, 0
45735,148, 0
45736,137, 0
45737,139, 0
45738,122, 0
45739,80, 0
45740,47, 0
45741,39, 0
45742,39, 0
45743,45, 0
45744,75, 0
45745,92, 0
45746,95, 0
45747,117, 0
45748,126, 0
45749,117, 0
45750,107, 0
45751,95, 0
45752,93, 0
45753,87, 0
45754,87, 0
45755,101, 0
45756,90, 0
45757,93, 0
45758,90, 0
45759,103, 0
45760,110, 0
45761,119, 0
45762,125, 0
45763,121, 0
45764,121, 0
45765,128, 0
45766,130, 0
45767,137, 0
45768,152, 0
45769,133, 0
45770,108, 0
45771,100, 0
45772,99, 0
45773,102, 0
45774,130, 0
45775,176, 0
45776,183, 0
45777,220, 0
45778,219, 0
45779,211, 0
45780,212, 0
45781,202, 0
45782,191, 0
45783,202, 0
45784,191, 0
45785,188, 0
45786,188, 0
45787,183, 0
45788,183, 0
45789,186, 0
45790,176, 0
45791,164, 0
45792,164, 0
45793,159, 0
45794,154, 0
45795,152, 0
45796,147, 0
45797,137, 0
45798,127, 0
45799,107, 0
45800,88, 0
45801,67, 0
45802,45, 0
45803,58, 0
45804,48, 0
45805,79, 0
45806,80, 0
45807,70, 0
45808,81, 0
45809,76, 0
45810,76, 0
45811,80, 0
45812,76, 0
45813,76, 0
45814,80, 0
45815,88, 0
45816,86, 0
45817,91, 0
45818,92, 0
45819,99, 0
45820,100, 0
45821,103, 0
45822,105, 0
45823,115, 0
45824,120, 0
45825,123, 0
45826,129, 0
45827,136, 0
45828,144, 0
45829,153, 0
45830,133, 0
45831,132, 0
45832,102, 0
45833,108, 0
45834,117, 0
45835,148, 0
45836,170, 0
45837,189, 0
45838,202, 0
45839,202, 0
45840,201, 0
45841,197, 0
45842,193, 0
45843,193, 0
45844,203, 0
45845,198, 0
45846,192, 0
45847,191, 0
45848,191, 0
45849,192, 0
45850,171, 0
45851,173, 0
45852,175, 0
45853,176, 0
45854,173, 0
45855,165, 0
45856,164, 0
45857,155, 0
45858,150, 0
45859,145, 0
45860,122, 0
45861,93, 0
45862,70, 0
45863,56, 0
45864,57, 0
45865,80, 0
45866,94, 0
45867,95, 0
45868,87, 0
45869,76, 0
45870,58, 0
45871,42, 0
45872,30, 0
45873,38, 0
45874,28, 0
45875,50, 0
45876,72, 0
45877,92, 0
45878,108, 0
45879,115, 0
45880,112, 0
45881,113, 0
45882,120, 0
45883,127, 0
45884,115, 0
45885,120, 0
45886,139, 0
45887,126, 0
45888,128, 0
45889,134, 0
45890,131, 0
45891,113, 0
45892,101, 0
45893,94, 0
45894,102, 0
45895,116, 0
45896,131, 0
45897,147, 0
45898,168, 0
45899,189, 0
45900,183, 0
45901,185, 0
45902,191, 0
45903,187, 0
45904,196, 0
45905,207, 0
45906,202, 0
45907,204, 0
45908,199, 0
45909,187, 0
45910,207, 0
45911,174, 0
45912,169, 0
45913,158, 0
45914,155, 0
45915,155, 0
45916,155, 0
45917,152, 0
45918,143, 0
45919,141, 0
45920,138, 0
45921,119, 0
45922,91, 0
45923,65, 0
45924,57, 0
45925,75, 0
45926,83, 0
45927,109, 0
45928,116, 0
45929,106, 0
45930,110, 0
45931,108, 0
45932,101, 0
45933,102, 0
45934,85, 0
45935,93, 0
45936,88, 0
45937,96, 0
45938,86, 0
45939,78, 0
45940,79, 0
45941,85, 0
45942,103, 0
45943,93, 0
45944,95, 0
45945,103, 0
45946,109, 0
45947,102, 0
45948,125, 0
45949,130, 0
45950,130, 0
45951,118, 0
45952,112, 0
45953,92, 0
45954,88, 0
45955,99, 0
45956,115, 0
45957,142, 0
45958,164, 0
45959,189, 0
45960,195, 0
45961,196, 0
45962,190, 0
45963,183, 0
45964,183, 0
45965,183, 0
45966,190, 0
45967,183, 0
45968,183, 0
45969,174, 0
45970,168, 0
45971,173, 0
45972,180, 0
45973,181, 0
45974,196, 0
45975,203, 0
45976,196, 0
45977,195, 0
45978,183, 0
45979,169, 0
45980,150, 0
45981,144, 0
45982,119, 0
45983,92, 0
45984,70, 0
45985,69, 0
45986,70, 0
45987,80, 0
45988,96, 0
45989,102, 0
45990,90, 0
45991,92, 0
45992,88, 0
45993,85, 0
45994,92, 0
45995,73, 0
45996,78, 0
45997,76, 0
45998,86, 0
45999,76, 0
46000,78, 0
46001,74, 0
46002,76, 0
46003,76, 0
46004,78, 0
46005,89, 0
46006,95, 0
46007,108, 0
46008,89, 0
46009,102, 0
46010,101, 0
46011,109, 0
46012,106, 0
46013,89, 0
46014,75, 0
46015,75, 0
46016,84, 0
46017,90, 0
46018,112, 0
46019,148, 0
46020,163, 0
46021,174, 0
46022,177, 0
46023,180, 0
46024,183, 0
46025,193, 0
46026,204, 0
46027,189, 0
46028,204, 0
46029,207, 0
46030,207, 0
46031,205, 0
46032,214, 0
46033,215, 0
46034,206, 0
46035,203, 0
46036,198, 0
46037,180, 0
46038,170, 0
46039,159, 0
46040,159, 0
46041,164, 0
46042,158, 0
46043,143, 0
46044,118, 0
46045,97, 0
46046,92, 0
46047,93, 0
46048,104, 0
46049,118, 0
46050,117, 0
46051,105, 0
46052,106, 0
46053,107, 0
46054,99, 0
46055,90, 0
46056,79, 0
46057,79, 0
46058,81, 0
46059,83, 0
46060,77, 0
46061,79, 0
46062,59, 0
46063,61, 0
46064,63, 0
46065,55, 0
46066,54, 0
46067,44, 0
46068,52, 0
46069,48, 0
46070,77, 0
46071,83, 0
46072,107, 0
46073,124, 0
46074,112, 0
46075,102, 0
46076,72, 0
46077,70, 0
46078,76, 0
46079,100, 0
46080,149, 0
46081,189, 0
46082,238, 0
46083,263, 0
46084,287, 0
46085,276, 0
46086,257, 0
46087,240, 0
46088,226, 0
46089,228, 0
46090,252, 0
46091,245, 0
46092,241, 0
46093,231, 0
46094,203, 0
46095,174, 0
46096,167, 0
46097,160, 0
46098,159, 0
46099,170, 0
46100,164, 0
46101,153, 0
46102,151, 0
46103,143, 0
46104,115, 0
46105,91, 0
46106,72, 0
46107,71, 0
46108,68, 0
46109,80, 0
46110,100, 0
46111,91, 0
46112,83, 0
46113,86, 0
46114,95, 0
46115,99, 0
46116,107, 0
46117,123, 0
46118,120, 0
46119,116, 0
46120,106, 0
46121,87, 0
46122,89, 0
46123,70, 0
46124,94, 0
46125,121, 0
46126,132, 0
46127,131, 0
46128,132, 0
46129,132, 0
46130,137, 0
46131,145, 0
46132,147, 0
46133,125, 0
46134,83, 0
46135,28, 0
46136,0, 0
46137,0, 0
46138,0, 0
46139,11, 0
46140,53, 0
46141,90, 0
46142,125, 0
46143,149, 0
46144,169, 0
46145,200, 0
46146,219, 0
46147,242, 0
46148,257, 0
46149,259, 0
46150,251, 0
46151,251, 0
46152,232, 0
46153,215, 0
46154,203, 0
46155,204, 0
46156,184, 0
46157,171, 0
46158,158, 0
46159,145, 0
46160,159, 0
46161,175, 0
46162,192, 0
46163,205, 0
46164,202, 0
46165,172, 0
46166,142, 0
46167,122, 0
46168,108, 0
46169,120, 0
46170,133, 0
46171,159, 0
46172,135, 0
46173,115, 0
46174,104, 0
46175,105, 0
46176,102, 0
46177,86, 0
46178,57, 0
46179,11, 0
46180,0, 0
46181,0, 0
46182,0, 0
46183,0, 0
46184,14, 0
46185,50, 0
46186,51, 0
46187,68, 0
46188,63, 0
46189,58, 0
46190,46, 0
46191,36, 0
46192,31, 0
46193,32, 0
46194,42, 0
46195,38, 0
46196,31, 0
46197,25, 0
46198,38, 0
46199,63, 0
46200,87, 0
46201,121, 0
46202,158, 0
46203,199, 0
46204,232, 0
46205,245, 0
46206,252, 0
46207,266, 0
46208,269, 0
46209,263, 0
46210,247, 0
46211,237, 0
46212,223, 0
46213,207, 0
46214,198, 0
46215,191, 0
46216,184, 0
46217,179, 0
46218,174, 0
46219,183, 0
46220,193, 0
46221,202, 0
46222,190, 0
46223,187, 0
46224,207, 0
46225,199, 0
46226,188, 0
46227,156, 0
46228,159, 0
46229,152, 0
46230,159, 0
46231,173, 0
46232,164, 0
46233,137, 0
46234,105, 0
46235,94, 0
46236,76, 0
46237,53, 0
46238,23, 0
46239,0, 0
46240,0, 0
46241,4, 0
46242,21, 0
46243,43, 0
46244,63, 0
46245,70, 0
46246,74, 0
46247,76, 0
46248,75, 0
46249,60, 0
46250,63, 0
46251,69, 0
46252,72, 0
46253,76, 0
46254,89, 0
46255,96, 0
46256,112, 0
46257,94, 0
46258,105, 0
46259,127, 0
46260,158, 0
46261,190, 0
46262,230, 0
46263,251, 0
46264,238, 0
46265,211, 0
46266,200, 0
46267,181, 0
46268,174, 0
46269,175, 0
46270,174, 0
46271,191, 0
46272,218, 0
46273,231, 0
46274,246, 0
46275,246, 0
46276,236, 0
46277,230, 0
46278,212, 0
46279,206, 0
46280,215, 0
46281,212, 0
46282,212, 0
46283,190, 0
46284,167, 0
46285,172, 0
46286,149, 0
46287,131, 0
46288,95, 0
46289,81, 0
46290,74, 0
46291,62, 0
46292,75, 0
46293,100, 0
46294,94, 0
46295,96, 0
46296,94, 0
46297,78, 0
46298,59, 0
46299,44, 0
46300,38, 0
46301,36, 0
46302,44, 0
46303,56, 0
46304,59, 0
46305,65, 0
46306,83, 0
46307,85, 0
46308,95, 0
46309,103, 0
46310,115, 0
46311,116, 0
46312,122, 0
46313,104, 0
46314,108, 0
46315,127, 0
46316,135, 0
46317,139, 0
46318,110, 0
46319,96, 0
46320,93, 0
46321,105, 0
46322,106, 0
46323,119, 0
46324,134, 0
46325,143, 0
46326,145, 0
46327,165, 0
46328,165, 0
46329,168, 0
46330,211, 0
46331,182, 0
46332,212, 0
46333,218, 0
46334,219, 0
46335,214, 0
46336,213, 0
46337,204, 0
46338,186, 0
46339,173, 0
46340,158, 0
46341,145, 0
46342,145, 0
46343,132, 0
46344,111, 0
46345,102, 0
46346,79, 0
46347,41, 0
46348,4, 0
46349,0, 0
46350,0, 0
46351,13, 0
46352,35, 0
46353,89, 0
46354,124, 0
46355,115, 0
46356,92, 0
46357,79, 0
46358,69, 0
46359,55, 0
46360,74, 0
46361,92, 0
46362,117, 0
46363,133, 0
46364,132, 0
46365,93, 0
46366,68, 0
46367,61, 0
46368,74, 0
46369,118, 0
46370,149, 0
46371,170, 0
46372,183, 0
46373,183, 0
46374,170, 0
46375,183, 0
46376,205, 0
46377,190, 0
46378,155, 0
46379,92, 0
46380,32, 0
46381,37, 0
46382,79, 0
46383,135, 0
46384,233, 0
46385,306, 0
46386,349, 1
46387,375, 10
46388,398, 19
46389,368, 22
46390,343, 15
46391,311, 6
46392,240, 0
46393,164, 0
46394,119, 0
46395,85, 0
46396,57, 0
46397,54, 0
46398,62, 0
46399,81, 0
46400,95, 0
46401,102, 0
46402,97, 0
46403,78, 0
46404,51, 0
46405,41, 0
46406,70, 0
46407,87, 0
46408,88, 0
46409,64, 0
46410,37, 0
46411,29, 0
46412,46, 0
46413,57, 0
46414,90, 0
46415,127, 0
46416,130, 0
46417,142, 0
46418,167, 0
46419,167, 0
46420,158, 0
46421,129, 0
46422,101, 0
46423,86, 0
46424,70, 0
46425,69, 0
46426,47, 0
46427,50, 0
46428,67, 0
46429,106, 0
46430,171, 0
46431,214, 0
46432,239, 0
46433,238, 0
46434,213, 0
46435,158, 0
46436,104, 0
46437,77, 0
46438,61, 0
46439,26, 0
46440,12, 0
46441,17, 0
46442,59, 0
46443,78, 0
46444,116, 0
46445,183, 0
46446,226, 0
46447,232, 0
46448,204, 0
46449,157, 0
46450,102, 0
46451,39, 0
46452,2, 0
46453,4, 0
46454,51, 0
46455,129, 0
46456,187, 0
46457,237, 0
46458,276, 0
46459,300, 0
46460,318, 0
46461,331, 1
46462,332, 5
46463,329, 5
46464,312, 2
46465,289, 1
46466,276, 0
46467,252, 0
46468,189, 0
46469,108, 0
46470,26, 0
46471,0, 0
46472,32, 0
46473,105, 0
46474,163, 0
46475,218, 0
46476,240, 0
46477,231, 0
46478,195, 0
46479,157, 0
46480,120, 0
46481,70, 0
46482,19, 0
46483,0, 0
46484,0, 0
46485,0, 0
46486,2, 0
46487,3, 0
46488,0, 0
46489,0, 0
46490,0, 0
46491,0, 0
46492,0, 0
46493,0, 0
46494,21, 0
46495,46, 0
46496,55, 0
46497,27, 0
46498,1, 0
46499,25, 0
46500,100, 0
46501,145, 0
46502,163, 0
46503,169, 0
46504,191, 0
46505,191, 0
46506,221, 0
46507,235, 0
46508,207, 0
46509,214, 0
46510,207, 0
46511,232, 0
46512,257, 0
46513,261, 0
46514,256, 0
46515,246, 0
46516,232, 0
46517,218, 0
46518,197, 0
46519,183, 0
46520,143, 0
46521,106, 0
46522,77, 0
46523,39, 0
46524,19, 0
46525,1, 0
46526,0, 0
46527,31, 0
46528,102, 0
46529,168, 0
46530,195, 0
46531,205, 0
46532,201, 0
46533,223, 0
46534,263, 0
46535,311, 0
46536,356, 2
46537,337, 6
46538,290, 2
46539,234, 0
46540,190, 0
46541,128, 0
46542,91, 0
46543,37, 0
46544,3, 0
46545,2, 0
46546,11, 0
46547,7, 0
46548,0, 0
46549,1, 0
46550,28, 0
46551,85, 0
46552,145, 0
46553,199, 0
46554,226, 0
46555,237, 0
46556,218, 0
46557,210, 0
46558,224, 0
46559,237, 0
46560,242, 0
46561,233, 0
46562,213, 0
46563,166, 0
46564,183, 0
46565,189, 0
46566,174, 0
46567,183, 0
46568,164, 0
46569,145, 0
46570,134, 0
46571,125, 0
46572,90, 0
46573,69, 0
46574,34, 0
46575,23, 0
46576,24, 0
46577,22, 0
46578,12, 0
46579,25, 0
46580,57, 0
46581,95, 0
46582,159, 0
46583,201, 0
46584,238, 0
46585,257, 0
46586,282, 0
46587,274, 0
46588,273, 0
46589,264, 0
46590,229, 0
46591,186, 0
46592,122, 0
46593,40, 0
46594,1, 0
46595,2, 0
46596,14, 0
46597,13, 0
46598,1, 0
46599,0, 0
46600,3, 0
46601,51, 0
46602,102, 0
46603,124, 0
46604,130, 0
46605,86, 0
46606,58, 0
46607,38, 0
46608,32, 0
46609,28, 0
46610,31, 0
46611,44, 0
46612,78, 0
46613,121, 0
46614,161, 0
46615,192, 0
46616,208, 0
46617,207, 0
46618,207, 0
46619,201, 0
46620,165, 0
46621,152, 0
46622,83, 0
46623,18, 0
46624,0, 0
46625,21, 0
46626,61, 0
46627,112, 0
46628,168, 0
46629,202, 0
46630,234, 0
46631,270, 0
46632,294, 0
46633,305, 0
46634,300, 0
46635,261, 0
46636,211, 0
46637,170, 0
46638,122, 0
46639,93, 0
46640,83, 0
46641,87, 0
46642,94, 0
46643,143, 0
46644,190, 0
46645,256, 0
46646,312, 0
46647,361, 3
46648,373, 13
46649,369, 15
46650,329, 15
46651,279, 2
46652,218, 0
46653,136, 0
46654,75, 0
46655,40, 0
46656,47, 0
46657,65, 0
46658,103, 0
46659,128, 0
46660,118, 0
46661,111, 0
46662,127, 0
46663,145, 0
46664,156, 0
46665,145, 0
46666,95, 0
46667,90, 0
46668,56, 0
46669,37, 0
46670,44, 0
46671,83, 0
46672,127, 0
46673,189, 0
46674,242, 0
46675,257, 0
46676,243, 0
46677,200, 0
46678,141, 0
46679,64, 0
46680,5, 0
46681,12, 0
46682,39, 0
46683,39, 0
46684,8, 0
46685,37, 0
46686,94, 0
46687,139, 0
46688,189, 0
46689,213, 0
46690,214, 0
46691,195, 0
46692,189, 0
46693,161, 0
46694,142, 0
46695,124, 0
46696,116, 0
46697,118, 0
46698,129, 0
46699,115, 0
46700,89, 0
46701,83, 0
46702,77, 0
46703,78, 0
46704,90, 0
46705,124, 0
46706,164, 0
46707,200, 0
46708,207, 0
46709,196, 0
46710,161, 0
46711,117, 0
46712,76, 0
46713,55, 0
46714,29, 0
46715,20, 0
46716,22, 0
46717,26, 0
46718,26, 0
46719,31, 0
46720,42, 0
46721,61, 0
46722,105, 0
46723,137, 0
46724,151, 0
46725,129, 0
46726,107, 0
46727,76, 0
46728,83, 0
46729,72, 0
46730,84, 0
46731,87, 0
46732,93, 0
46733,51, 0
46734,58, 0
46735,74, 0
46736,76, 0
46737,102, 0
46738,122, 0
46739,136, 0
46740,151, 0
46741,147, 0
46742,118, 0
46743,83, 0
46744,53, 0
46745,70, 0
46746,67, 0
46747,111, 0
46748,157, 0
46749,217, 0
46750,242, 0
46751,243, 0
46752,239, 0
46753,214, 0
46754,197, 0
46755,187, 0
46756,191, 0
46757,214, 0
46758,236, 0
46759,271, 0
46760,300, 0
46761,304, 0
46762,308, 0
46763,305, 1
46764,294, 0
46765,286, 0
46766,263, 0
46767,226, 0
46768,159, 0
46769,107, 0
46770,70, 0
46771,59, 0
46772,56, 0
46773,57, 0
46774,63, 0
46775,51, 0
46776,62, 0
46777,76, 0
46778,102, 0
46779,127, 0
46780,152, 0
46781,140, 0
46782,102, 0
46783,56, 0
46784,9, 0
46785,4, 0
46786,6, 0
46787,27, 0
46788,69, 0
46789,144, 0
46790,206, 0
46791,230, 0
46792,271, 0
46793,237, 0
46794,186, 0
46795,113, 0
46796,41, 0
46797,0, 0
46798,0, 0
46799,0, 0
46800,17, 0
46801,29, 0
46802,73, 0
46803,108, 0
46804,152, 0
46805,167, 0
46806,151, 0
46807,140, 0
46808,120, 0
46809,115, 0
46810,153, 0
46811,176, 0
46812,151, 0
46813,92, 0
46814,40, 0
46815,0, 0
46816,0, 0
46817,1, 0
46818,18, 0
46819,81, 0
46820,127, 0
46821,158, 0
46822,181, 0
46823,219, 0
46824,276, 0
46825,360, 0
46826,430, 18
46827,510, 47
46828,555, 77
46829,573, 96
46830,588, 110
46831,540, 115
46832,455, 92
46833,338, 51
46834,226, 7
46835,126, 0
46836,24, 0
46837,19, 0
46838,72, 0
46839,89, 0
46840,70, 0
46841,10, 0
46842,0, 0
46843,0, 0
46844,9, 0
46845,21, 0
46846,53, 0
46847,92, 0
46848,118, 0
46849,133, 0
46850,131, 0
46851,90, 0
46852,27, 0
46853,0, 0
46854,6, 0
46855,1, 0
46856,9, 0
46857,79, 0
46858,156, 0
46859,166, 0
46860,164, 0
46861,199, 0
46862,184, 0
46863,204, 0
46864,167, 0
46865,119, 0
46866,70, 0
46867,69, 0
46868,104, 0
46869,135, 0
46870,139, 0
46871,171, 0
46872,207, 0
46873,224, 0
46874,196, 0
46875,158, 0
46876,123, 0
46877,112, 0
46878,147, 0
46879,165, 0
46880,168, 0
46881,132, 0
46882,99, 0
46883,76, 0
46884,63, 0
46885,73, 0
46886,94, 0
46887,112, 0
46888,138, 0
46889,143, 0
46890,124, 0
46891,80, 0
46892,42, 0
46893,21, 0
46894,15, 0
46895,12, 0
46896,12, 0
46897,15, 0
46898,31, 0
46899,59, 0
46900,83, 0
46901,120, 0
46902,128, 0
46903,93, 0
46904,32, 0
46905,18, 0
46906,1, 0
46907,29, 0
46908,86, 0
46909,144, 0
46910,172, 0
46911,189, 0
46912,197, 0
46913,206, 0
46914,231, 0
46915,255, 0
46916,238, 0
46917,220, 0
46918,183, 0
46919,156, 0
46920,93, 0
46921,95, 0
46922,138, 0
46923,161, 0
46924,215, 0
46925,260, 0
46926,270, 0
46927,254, 0
46928,242, 0
46929,246, 0
46930,270, 0
46931,257, 0
46932,262, 0
46933,280, 0
46934,274, 0
46935,261, 0
46936,235, 0
46937,210, 0
46938,207, 0
46939,219, 0
46940,254, 0
46941,308, 0
46942,312, 0
46943,316, 0
46944,262, 0
46945,182, 0
46946,127, 0
46947,87, 0
46948,48, 0
46949,7, 0
46950,6, 0
46951,0, 0
46952,21, 0
46953,28, 0
46954,44, 0
46955,60, 0
46956,70, 0
46957,62, 0
46958,44, 0
46959,6, 0
46960,0, 0
46961,22, 0
46962,95, 0
46963,173, 0
46964,211, 0
46965,232, 0
46966,202, 0
46967,152, 0
46968,124, 0
46969,134, 0
46970,106, 0
46971,144, 0
46972,145, 0
46973,155, 0
46974,132, 0
46975,130, 0
46976,128, 0
46977,130, 0
46978,132, 0
46979,97, 0
46980,69, 0
46981,24, 0
46982,0, 0
46983,31, 0
46984,1, 0
46985,18, 0
46986,108, 0
46987,195, 0
46988,220, 0
46989,232, 0
46990,195, 0
46991,175, 0
46992,158, 0
46993,152, 0
46994,141, 0
46995,143, 0
46996,176, 0
46997,196, 0
46998,221, 0
46999,246, 0
47000,271, 0
47001,287, 0
47002,294, 0
47003,283, 0
47004,285, 0
47005,301, 0
47006,332, 2
47007,351, 7
47008,327, 7
47009,277, 1
47010,207, 0
47011,165, 0
47012,145, 0
47013,138, 0
47014,130, 0
47015,97, 0
47016,56, 0
47017,22, 0
47018,6, 0
47019,0, 0
47020,0, 0
47021,22, 0
47022,57, 0
47023,122, 0
47024,161, 0
47025,145, 0
47026,177, 0
47027,189, 0
47028,222, 0
47029,211, 0
47030,207, 0
47031,183, 0
47032,151, 0
47033,106, 0
47034,80, 0
47035,48, 0
47036,14, 0
47037,0, 0
47038,4, 0
47039,4, 0
47040,0, 0
47041,8, 0
47042,67, 0
47043,121, 0
47044,158, 0
47045,159, 0
47046,141, 0
47047,140, 0
47048,156, 0
47049,156, 0
47050,145, 0
47051,148, 0
47052,174, 0
47053,226, 0
47054,269, 0
47055,277, 0
47056,235, 0
47057,184, 0
47058,145, 0
47059,116, 0
47060,113, 0
47061,91, 0
47062,94, 0
47063,102, 0
47064,94, 0
47065,83, 0
47066,58, 0
47067,70, 0
47068,89, 0
47069,121, 0
47070,139, 0
47071,135, 0
47072,134, 0
47073,126, 0
47074,95, 0
47075,74, 0
47076,53, 0
47077,73, 0
47078,63, 0
47079,38, 0
47080,3, 0
47081,0, 0
47082,19, 0
47083,61, 0
47084,115, 0
47085,108, 0
47086,74, 0
47087,20, 0
47088,0, 0
47089,0, 0
47090,6, 0
47091,79, 0
47092,193, 0
47093,274, 0
47094,296, 0
47095,300, 0
47096,286, 0
47097,260, 0
47098,234, 0
47099,230, 0
47100,207, 0
47101,187, 0
47102,189, 0
47103,176, 0
47104,180, 0
47105,164, 0
47106,127, 0
47107,89, 0
47108,88, 0
47109,140, 0
47110,164, 0
47111,180, 0
47112,171, 0
47113,130, 0
47114,102, 0
47115,83, 0
47116,79, 0
47117,86, 0
47118,83, 0
47119,40, 0
47120,1, 0
47121,6, 0
47122,1, 0
47123,6, 0
47124,67, 0
47125,123, 0
47126,183, 0
47127,214, 0
47128,214, 0
47129,204, 0
47130,214, 0
47131,252, 0
47132,298, 0
47133,327, 0
47134,306, 1
47135,256, 0
47136,181, 0
47137,85, 0
47138,26, 0
47139,0, 0
47140,20, 0
47141,34, 0
47142,14, 0
47143,0, 0
47144,9, 0
47145,34, 0
47146,57, 0
47147,70, 0
47148,75, 0
47149,120, 0
47150,119, 0
47151,106, 0
47152,71, 0
47153,51, 0
47154,42, 0
47155,42, 0
47156,48, 0
47157,40, 0
47158,36, 0
47159,42, 0
47160,62, 0
47161,70, 0
47162,83, 0
47163,105, 0
47164,152, 0
47165,215, 0
47166,272, 0
47167,318, 0
47168,345, 0
47169,365, 8
47170,338, 9
47171,289, 2
47172,270, 0
47173,232, 0
47174,189, 0
47175,151, 0
47176,131, 0
47177,108, 0
47178,123, 0
47179,129, 0
47180,161, 0
47181,171, 0
47182,183, 0
47183,176, 0
47184,173, 0
47185,152, 0
47186,113, 0
47187,120, 0
47188,133, 0
47189,179, 0
47190,202, 0
47191,205, 0
47192,161, 0
47193,101, 0
47194,50, 0
47195,2, 0
47196,0, 0
47197,6, 0
47198,0, 0
47199,0, 0
47200,0, 0
47201,0, 0
47202,20, 0
47203,24, 0
47204,13, 0
47205,0, 0
47206,29, 0
47207,80, 0
47208,97, 0
47209,92, 0
47210,80, 0
47211,74, 0
47212,73, 0
47213,75, 0
47214,94, 0
47215,122, 0
47216,136, 0
47217,160, 0
47218,180, 0
47219,221, 0
47220,272, 0
47221,294, 0
47222,292, 0
47223,294, 0
47224,297, 0
47225,286, 0
47226,267, 0
47227,244, 0
47228,227, 0
47229,239, 0
47230,272, 0
47231,287, 0
47232,249, 0
47233,232, 0
47234,214, 0
47235,208, 0
47236,239, 0
47237,286, 0
47238,337, 0
47239,379, 8
47240,411, 25
47241,425, 37
47242,421, 42
47243,387, 36
47244,327, 22
47245,249, 4
47246,160, 0
47247,70, 0
47248,7, 0
47249,0, 0
47250,0, 0
47251,9, 0
47252,75, 0
47253,143, 0
47254,193, 0
47255,222, 0
47256,220, 0
47257,223, 0
47258,192, 0
47259,161, 0
47260,120, 0
47261,54, 0
47262,1, 0
47263,59, 0
47264,118, 0
47265,151, 0
47266,168, 0
47267,143, 0
47268,128, 0
47269,63, 0
47270,6, 0
47271,65, 0
47272,139, 0
47273,183, 0
47274,165, 0
47275,115, 0
47276,34, 0
47277,0, 0
47278,25, 0
47279,54, 0
47280,13, 0
47281,19, 0
47282,110, 0
47283,198, 0
47284,227, 0
47285,290, 0
47286,317, 0
47287,328, 0
47288,323, 0
47289,293, 0
47290,267, 0
47291,249, 0
47292,231, 0
47293,244, 0
47294,242, 0
47295,244, 0
47296,237, 0
47297,260, 0
47298,238, 0
47299,218, 0
47300,195, 0
47301,151, 0
47302,111, 0
47303,100, 0
47304,122, 0
47305,163, 0
47306,205, 0
47307,223, 0
47308,207, 0
47309,204, 0
47310,192, 0
47311,184, 0
47312,188, 0
47313,173, 0
47314,139, 0
47315,108, 0
47316,81, 0
47317,95, 0
47318,124, 0
47319,132, 0
47320,131, 0
47321,108, 0
47322,65, 0
47323,20, 0
47324,2, 0
47325,0, 0
47326,0, 0
47327,6, 0
47328,84, 0
47329,129, 0
47330,126, 0
47331,84, 0
47332,31, 0
47333,0, 0
47334,15, 0
47335,26, 0
47336,3, 0
47337,19, 0
47338,76, 0
47339,79, 0
47340,67, 0
47341,72, 0
47342,133, 0
47343,232, 0
47344,310, 0
47345,369, 1
47346,347, 6
47347,275, 2
47348,220, 0
47349,187, 0
47350,183, 0
47351,208, 0
47352,222, 0
47353,174, 0
47354,144, 0
47355,102, 0
47356,76, 0
47357,89, 0
47358,159, 0
47359,238, 0
47360,312, 0
47361,349, 1
47362,360, 8
47363,356, 13
47364,318, 6
47365,281, 0
47366,231, 0
47367,188, 0
47368,131, 0
47369,79, 0
47370,24, 0
47371,1, 0
47372,13, 0
47373,58, 0
47374,90, 0
47375,107, 0
47376,115, 0
47377,118, 0
47378,132, 0
47379,141, 0
47380,105, 0
47381,84, 0
47382,35, 0
47383,5, 0
47384,74, 0
47385,158, 0
47386,202, 0
47387,176, 0
47388,89, 0
47389,0, 0
47390,31, 0
47391,35, 0
47392,6, 0
47393,13, 0
47394,77, 0
47395,135, 0
47396,196, 0
47397,255, 0
47398,271, 0
47399,270, 0
47400,247, 0
47401,196, 0
47402,169, 0
47403,148, 0
47404,127, 0
47405,108, 0
47406,140, 0
47407,202, 0
47408,258, 0
47409,277, 0
47410,264, 0
47411,222, 0
47412,208, 0
47413,186, 0
47414,142, 0
47415,110, 0
47416,84, 0
47417,85, 0
47418,134, 0
47419,223, 0
47420,327, 0
47421,399, 6
47422,439, 26
47423,433, 41
47424,395, 38
47425,334, 23
47426,251, 3
47427,179, 0
47428,92, 0
47429,26, 0
47430,0, 0
47431,0, 0
47432,6, 0
47433,0, 0
47434,0, 0
47435,2, 0
47436,36, 0
47437,63, 0
47438,69, 0
47439,58, 0
47440,46, 0
47441,6, 0
47442,0, 0
47443,0, 0
47444,10, 0
47445,93, 0
47446,181, 0
47447,238, 0
47448,243, 0
47449,173, 0
47450,44, 0
47451,35, 0
47452,139, 0
47453,213, 0
47454,238, 0
47455,245, 0
47456,217, 0
47457,187, 0
47458,176, 0
47459,193, 0
47460,218, 0
47461,263, 0
47462,313, 0
47463,333, 0
47464,348, 2
47465,337, 4
47466,316, 2
47467,257, 0
47468,214, 0
47469,150, 0
47470,107, 0
47471,89, 0
47472,79, 0
47473,80, 0
47474,44, 0
47475,2, 0
47476,20, 0
47477,38, 0
47478,22, 0
47479,3, 0
47480,27, 0
47481,118, 0
47482,198, 0
47483,263, 0
47484,323, 0
47485,349, 4
47486,360, 8
47487,316, 5
47488,263, 0
47489,204, 0
47490,174, 0
47491,158, 0
47492,133, 0
47493,110, 0
47494,124, 0
47495,176, 0
47496,198, 0
47497,222, 0
47498,224, 0
47499,218, 0
47500,220, 0
47501,227, 0
47502,236, 0
47503,289, 0
47504,255, 0
47505,206, 0
47506,108, 0
47507,19, 0
47508,1, 0
47509,11, 0
47510,0, 0
47511,0, 0
47512,12, 0
47513,14, 0
47514,19, 0
47515,31, 0
47516,38, 0
47517,26, 0
47518,35, 0
47519,56, 0
47520,83, 0
47521,132, 0
47522,192, 0
47523,245, 0
47524,318, 0
47525,360, 1
47526,373, 7
47527,374, 12
47528,371, 15
47529,318, 9
47530,262, 0
47531,217, 0
47532,185, 0
47533,169, 0
47534,189, 0
47535,223, 0
47536,256, 0
47537,299, 0
47538,291, 0
47539,271, 0
47540,253, 0
47541,260, 0
47542,254, 0
47543,314, 0
47544,312, 0
47545,310, 0
47546,281, 0
47547,256, 0
47548,223, 0
47549,218, 0
47550,202, 0
47551,188, 0
47552,167, 0
47553,118, 0
47554,77, 0
47555,53, 0
47556,28, 0
47557,3, 0
47558,0, 0
47559,0, 0
47560,0, 0
47561,1, 0
47562,5, 0
47563,11, 0
47564,31, 0
47565,44, 0
47566,24, 0
47567,2, 0
47568,0, 0
47569,0, 0
47570,0, 0
47571,0, 0
47572,0, 0
47573,1, 0
47574,22, 0
47575,48, 0
47576,63, 0
47577,86, 0
47578,76, 0
47579,71, 0
47580,57, 0
47581,50, 0
47582,27, 0
47583,0, 0
47584,11, 0
47585,76, 0
47586,127, 0
47587,169, 0
47588,196, 0
47589,206, 0
47590,222, 0
47591,222, 0
47592,207, 0
47593,175, 0
47594,133, 0
47595,121, 0
47596,109, 0
47597,111, 0
47598,128, 0
47599,143, 0
47600,155, 0
47601,188, 0
47602,211, 0
47603,203, 0
47604,220, 0
47605,193, 0
47606,176, 0
47607,164, 0
47608,165, 0
47609,179, 0
47610,207, 0
47611,215, 0
47612,237, 0
47613,235, 0
47614,212, 0
47615,175, 0
47616,145, 0
47617,127, 0
47618,108, 0
47619,117, 0
47620,136, 0
47621,155, 0
47622,184, 0
47623,189, 0
47624,159, 0
47625,150, 0
47626,139, 0
47627,81, 0
47628,15, 0
47629,0, 0
47630,0, 0
47631,0, 0
47632,0, 0
47633,0, 0
47634,1, 0
47635,12, 0
47636,38, 0
47637,67, 0
47638,102, 0
47639,107, 0
47640,123, 0
47641,137, 0
47642,133, 0
47643,147, 0
47644,161, 0
47645,158, 0
47646,164, 0
47647,167, 0
47648,148, 0
47649,133, 0
47650,113, 0
47651,104, 0
47652,120, 0
47653,145, 0
47654,173, 0
47655,213, 0
47656,223, 0
47657,200, 0
47658,169, 0
47659,159, 0
47660,157, 0
47661,168, 0
47662,159, 0
47663,154, 0
47664,152, 0
47665,153, 0
47666,158, 0
47667,174, 0
47668,183, 0
47669,197, 0
47670,205, 0
47671,222, 0
47672,226, 0
47673,235, 0
47674,233, 0
47675,220, 0
47676,173, 0
47677,191, 0
47678,173, 0
47679,150, 0
47680,140, 0
47681,133, 0
47682,124, 0
47683,131, 0
47684,126, 0
47685,106, 0
47686,108, 0
47687,102, 0
47688,92, 0
47689,90, 0
47690,101, 0
47691,110, 0
47692,127, 0
47693,140, 0
47694,140, 0
47695,142, 0
47696,121, 0
47697,110, 0
47698,102, 0
47699,99, 0
47700,84, 0
47701,87, 0
47702,72, 0
47703,62, 0
47704,59, 0
47705,76, 0
47706,94, 0
47707,134, 0
47708,143, 0
47709,125, 0
47710,108, 0
47711,83, 0
47712,46, 0
47713,29, 0
47714,21, 0
47715,15, 0
47716,35, 0
47717,54, 0
47718,60, 0
47719,96, 0
47720,115, 0
47721,153, 0
47722,183, 0
47723,190, 0
47724,226, 0
47725,247, 0
47726,252, 0
47727,229, 0
47728,192, 0
47729,163, 0
47730,133, 0
47731,130, 0
47732,168, 0
47733,202, 0
47734,233, 0
47735,267, 0
47736,263, 0
47737,266, 0
47738,256, 0
47739,224, 0
47740,186, 0
47741,175, 0
47742,102, 0
47743,61, 0
47744,69, 0
47745,91, 0
47746,110, 0
47747,138, 0
47748,129, 0
47749,95, 0
47750,52, 0
47751,22, 0
47752,27, 0
47753,35, 0
47754,81, 0
47755,103, 0
47756,109, 0
47757,122, 0
47758,130, 0
47759,123, 0
47760,109, 0
47761,95, 0
47762,88, 0
47763,75, 0
47764,91, 0
47765,102, 0
47766,127, 0
47767,145, 0
47768,147, 0
47769,145, 0
47770,131, 0
47771,106, 0
47772,71, 0
47773,44, 0
47774,31, 0
47775,15, 0
47776,4, 0
47777,10, 0
47778,18, 0
47779,7, 0
47780,10, 0
47781,30, 0
47782,67, 0
47783,121, 0
47784,204, 0
47785,263, 0
47786,305, 0
47787,311, 0
47788,331, 0
47789,349, 4
47790,369, 10
47791,384, 19
47792,400, 25
47793,408, 28
47794,380, 29
47795,333, 18
47796,297, 6
47797,257, 0
47798,237, 0
47799,232, 0
47800,213, 0
47801,182, 0
47802,166, 0
47803,139, 0
47804,129, 0
47805,133, 0
47806,133, 0
47807,144, 0
47808,153, 0
47809,139, 0
47810,107, 0
47811,79, 0
47812,25, 0
47813,0, 0
47814,24, 0
47815,67, 0
47816,77, 0
47817,57, 0
47818,12, 0
47819,19, 0
47820,85, 0
47821,137, 0
47822,169, 0
47823,176, 0
47824,165, 0
47825,155, 0
47826,135, 0
47827,124, 0
47828,117, 0
47829,127, 0
47830,127, 0
47831,109, 0
47832,83, 0
47833,53, 0
47834,41, 0
47835,71, 0
47836,99, 0
47837,129, 0
47838,147, 0
47839,152, 0
47840,124, 0
47841,102, 0
47842,89, 0
47843,109, 0
47844,106, 0
47845,122, 0
47846,156, 0
47847,198, 0
47848,234, 0
47849,248, 0
47850,239, 0
47851,199, 0
47852,151, 0
47853,135, 0
47854,132, 0
47855,115, 0
47856,92, 0
47857,59, 0
47858,25, 0
47859,18, 0
47860,46, 0
47861,83, 0
47862,136, 0
47863,192, 0
47864,204, 0
47865,197, 0
47866,189, 0
47867,189, 0
47868,186, 0
47869,187, 0
47870,167, 0
47871,134, 0
47872,97, 0
47873,76, 0
47874,53, 0
47875,37, 0
47876,31, 0
47877,30, 0
47878,21, 0
47879,19, 0
47880,3, 0
47881,0, 0
47882,1, 0
47883,7, 0
47884,0, 0
47885,0, 0
47886,25, 0
47887,57, 0
47888,60, 0
47889,47, 0
47890,51, 0
47891,59, 0
47892,96, 0
47893,138, 0
47894,165, 0
47895,204, 0
47896,249, 0
47897,267, 0
47898,260, 0
47899,235, 0
47900,197, 0
47901,180, 0
47902,145, 0
47903,153, 0
47904,154, 0
47905,123, 0
47906,111, 0
47907,140, 0
47908,231, 0
47909,337, 0
47910,402, 6
47911,431, 30
47912,399, 34
47913,343, 25
47914,272, 6
47915,211, 0
47916,161, 0
47917,167, 0
47918,204, 0
47919,257, 0
47920,300, 0
47921,363, 4
47922,388, 14
47923,373, 25
47924,341, 15
47925,274, 3
47926,236, 0
47927,202, 0
47928,180, 0
47929,187, 0
47930,187, 0
47931,164, 0
47932,108, 0
47933,65, 0
47934,1, 0
47935,0, 0
47936,4, 0
47937,0, 0
47938,0, 0
47939,0, 0
47940,0, 0
47941,14, 0
47942,57, 0
47943,70, 0
47944,91, 0
47945,87, 0
47946,72, 0
47947,63, 0
47948,42, 0
47949,19, 0
47950,6, 0
47951,0, 0
47952,1, 0
47953,19, 0
47954,45, 0
47955,74, 0
47956,85, 0
47957,83, 0
47958,56, 0
47959,28, 0
47960,1, 0
47961,0, 0
47962,3, 0
47963,42, 0
47964,101, 0
47965,160, 0
47966,163, 0
47967,198, 0
47968,214, 0
47969,229, 0
47970,261, 0
47971,256, 0
47972,222, 0
47973,189, 0
47974,171, 0
47975,159, 0
47976,176, 0
47977,179, 0
47978,187, 0
47979,176, 0
47980,153, 0
47981,135, 0
47982,102, 0
47983,89, 0
47984,84, 0
47985,99, 0
47986,57, 0
47987,51, 0
47988,52, 0
47989,58, 0
47990,77, 0
47991,99, 0
47992,119, 0
47993,134, 0
47994,151, 0
47995,157, 0
47996,158, 0
47997,145, 0
47998,139, 0
47999,116, 0
48000,87, 0
