Mostres_ESP32,Valor1_mV, Valor2_mV
1,79, 0
2,76, 0
3,113, 0
4,160, 0
5,195, 0
6,181, 0
7,154, 0
8,116, 0
9,83, 0
10,73, 0
11,89, 0
12,124, 0
13,177, 0
14,186, 0
15,134, 0
16,67, 0
17,13, 0
18,1, 0
19,42, 0
20,137, 0
21,229, 0
22,309, 0
23,393, 7
24,432, 27
25,393, 36
26,312, 18
27,211, 0
28,108, 0
29,38, 0
30,1, 0
31,0, 0
32,12, 0
33,1, 0
34,5, 0
35,54, 0
36,80, 0
37,80, 0
38,60, 0
39,46, 0
40,25, 0
41,47, 0
42,89, 0
43,131, 0
44,127, 0
45,88, 0
46,48, 0
47,57, 0
48,91, 0
49,135, 0
50,139, 0
51,100, 0
52,43, 0
53,12, 0
54,0, 0
55,5, 0
56,15, 0
57,31, 0
58,57, 0
59,115, 0
60,188, 0
61,228, 0
62,232, 0
63,269, 0
64,286, 0
65,294, 0
66,312, 0
67,330, 0
68,345, 4
69,365, 9
70,361, 13
71,313, 11
72,243, 0
73,133, 0
74,44, 0
75,4, 0
76,1, 0
77,0, 0
78,5, 0
79,23, 0
80,70, 0
81,135, 0
82,183, 0
83,183, 0
84,212, 0
85,236, 0
86,226, 0
87,224, 0
88,170, 0
89,116, 0
90,74, 0
91,21, 0
92,3, 0
93,62, 0
94,109, 0
95,118, 0
96,58, 0
97,6, 0
98,78, 0
99,176, 0
100,233, 0
101,305, 0
102,363, 0
103,396, 12
104,404, 23
105,384, 23
106,338, 15
107,273, 2
108,214, 0
109,193, 0
110,174, 0
111,149, 0
112,123, 0
113,110, 0
114,122, 0
115,139, 0
116,172, 0
117,142, 0
118,125, 0
119,93, 0
120,90, 0
121,119, 0
122,131, 0
123,123, 0
124,127, 0
125,137, 0
126,167, 0
127,211, 0
128,213, 0
129,233, 0
130,242, 0
131,218, 0
132,167, 0
133,115, 0
134,85, 0
135,65, 0
136,69, 0
137,75, 0
138,87, 0
139,106, 0
140,129, 0
141,165, 0
142,213, 0
143,212, 0
144,189, 0
145,134, 0
146,74, 0
147,9, 0
148,44, 0
149,107, 0
150,137, 0
151,108, 0
152,81, 0
153,64, 0
154,57, 0
155,26, 0
156,3, 0
157,0, 0
158,0, 0
159,13, 0
160,51, 0
161,89, 0
162,168, 0
163,244, 0
164,300, 0
165,294, 0
166,276, 0
167,238, 0
168,197, 0
169,189, 0
170,205, 0
171,216, 0
172,210, 0
173,189, 0
174,136, 0
175,92, 0
176,71, 0
177,84, 0
178,102, 0
179,139, 0
180,171, 0
181,193, 0
182,229, 0
183,283, 0
184,351, 1
185,420, 17
186,421, 32
187,387, 31
188,318, 15
189,257, 3
190,205, 0
191,183, 0
192,169, 0
193,120, 0
194,51, 0
195,30, 0
196,50, 0
197,90, 0
198,121, 0
199,128, 0
200,95, 0
201,36, 0
202,2, 0
203,0, 0
204,0, 0
205,0, 0
206,0, 0
207,0, 0
208,0, 0
209,3, 0
210,12, 0
211,0, 0
212,0, 0
213,15, 0
214,21, 0
215,31, 0
216,55, 0
217,92, 0
218,142, 0
219,198, 0
220,219, 0
221,197, 0
222,119, 0
223,22, 0
224,0, 0
225,0, 0
226,2, 0
227,24, 0
228,50, 0
229,67, 0
230,107, 0
231,184, 0
232,244, 0
233,306, 0
234,349, 0
235,338, 4
236,282, 0
237,189, 0
238,108, 0
239,44, 0
240,57, 0
241,92, 0
242,152, 0
243,257, 0
244,316, 0
245,338, 2
246,316, 1
247,267, 0
248,215, 0
249,181, 0
250,150, 0
251,148, 0
252,99, 0
253,67, 0
254,78, 0
255,101, 0
256,113, 0
257,99, 0
258,84, 0
259,47, 0
260,19, 0
261,0, 0
262,0, 0
263,4, 0
264,62, 0
265,155, 0
266,179, 0
267,217, 0
268,237, 0
269,286, 0
270,347, 0
271,332, 2
272,327, 3
273,315, 3
274,294, 0
275,259, 0
276,223, 0
277,203, 0
278,205, 0
279,239, 0
280,306, 0
281,324, 0
282,310, 0
283,287, 0
284,270, 0
285,242, 0
286,215, 0
287,203, 0
288,214, 0
289,244, 0
290,276, 0
291,297, 0
292,322, 0
293,321, 0
294,300, 0
295,290, 0
296,270, 0
297,240, 0
298,202, 0
299,159, 0
300,109, 0
301,67, 0
302,25, 0
303,17, 0
304,50, 0
305,72, 0
306,97, 0
307,111, 0
308,119, 0
309,121, 0
310,142, 0
311,171, 0
312,176, 0
313,121, 0
314,36, 0
315,0, 0
316,39, 0
317,97, 0
318,125, 0
319,109, 0
320,80, 0
321,31, 0
322,0, 0
323,0, 0
324,0, 0
325,0, 0
326,13, 0
327,31, 0
328,67, 0
329,63, 0
330,9, 0
331,36, 0
332,139, 0
333,244, 0
334,248, 0
335,210, 0
336,124, 0
337,63, 0
338,19, 0
339,1, 0
340,0, 0
341,0, 0
342,0, 0
343,0, 0
344,4, 0
345,55, 0
346,121, 0
347,176, 0
348,204, 0
349,245, 0
350,241, 0
351,227, 0
352,218, 0
353,241, 0
354,287, 0
355,322, 0
356,349, 2
357,359, 6
358,348, 6
359,326, 6
360,300, 1
361,269, 0
362,257, 0
363,248, 0
364,258, 0
365,287, 0
366,244, 0
367,207, 0
368,191, 0
369,176, 0
370,168, 0
371,127, 0
372,93, 0
373,61, 0
374,76, 0
375,36, 0
376,4, 0
377,14, 0
378,60, 0
379,57, 0
380,25, 0
381,0, 0
382,6, 0
383,44, 0
384,91, 0
385,137, 0
386,188, 0
387,166, 0
388,136, 0
389,108, 0
390,67, 0
391,42, 0
392,26, 0
393,35, 0
394,54, 0
395,88, 0
396,140, 0
397,197, 0
398,230, 0
399,228, 0
400,227, 0
401,220, 0
402,206, 0
403,177, 0
404,152, 0
405,132, 0
406,121, 0
407,130, 0
408,138, 0
409,141, 0
410,175, 0
411,236, 0
412,313, 0
413,374, 2
414,371, 10
415,328, 7
416,269, 0
417,203, 0
418,136, 0
419,90, 0
420,39, 0
421,6, 0
422,11, 0
423,19, 0
424,25, 0
425,21, 0
426,29, 0
427,0, 0
428,0, 0
429,3, 0
430,37, 0
431,68, 0
432,100, 0
433,102, 0
434,129, 0
435,131, 0
436,155, 0
437,157, 0
438,152, 0
439,145, 0
440,152, 0
441,164, 0
442,140, 0
443,105, 0
444,64, 0
445,30, 0
446,21, 0
447,5, 0
448,0, 0
449,0, 0
450,4, 0
451,39, 0
452,74, 0
453,100, 0
454,130, 0
455,184, 0
456,200, 0
457,176, 0
458,115, 0
459,70, 0
460,46, 0
461,55, 0
462,100, 0
463,157, 0
464,184, 0
465,203, 0
466,198, 0
467,189, 0
468,175, 0
469,159, 0
470,133, 0
471,116, 0
472,97, 0
473,97, 0
474,100, 0
475,99, 0
476,89, 0
477,62, 0
478,60, 0
479,51, 0
480,0, 0
481,10, 0
482,32, 0
483,30, 0
484,11, 0
485,0, 0
486,46, 0
487,95, 0
488,101, 0
489,173, 0
490,284, 0
491,405, 5
492,495, 39
493,545, 70
494,523, 86
495,438, 76
496,330, 39
497,239, 6
498,215, 0
499,229, 0
500,263, 0
501,246, 0
502,215, 0
503,135, 0
504,44, 0
505,0, 0
506,0, 0
507,3, 0
508,48, 0
509,70, 0
510,76, 0
511,41, 0
512,12, 0
513,39, 0
514,75, 0
515,72, 0
516,22, 0
517,3, 0
518,34, 0
519,74, 0
520,102, 0
521,122, 0
522,127, 0
523,180, 0
524,237, 0
525,326, 0
526,364, 2
527,362, 7
528,338, 6
529,300, 1
530,246, 0
531,174, 0
532,115, 0
533,99, 0
534,108, 0
535,105, 0
536,80, 0
537,71, 0
538,93, 0
539,139, 0
540,185, 0
541,263, 0
542,338, 0
543,378, 6
544,405, 19
545,402, 24
546,355, 21
547,295, 5
548,211, 0
549,117, 0
550,56, 0
551,38, 0
552,50, 0
553,22, 0
554,0, 0
555,54, 0
556,110, 0
557,158, 0
558,180, 0
559,151, 0
560,106, 0
561,65, 0
562,25, 0
563,1, 0
564,0, 0
565,7, 0
566,44, 0
567,68, 0
568,71, 0
569,76, 0
570,84, 0
571,70, 0
572,92, 0
573,97, 0
574,135, 0
575,175, 0
576,221, 0
577,300, 0
578,391, 4
579,468, 31
580,509, 59
581,490, 72
582,415, 61
583,342, 35
584,312, 12
585,314, 2
586,306, 1
587,296, 0
588,282, 0
589,276, 0
590,300, 0
591,347, 1
592,368, 7
593,348, 11
594,299, 2
595,248, 0
596,232, 0
597,249, 0
598,223, 0
599,211, 0
600,183, 0
601,145, 0
602,127, 0
603,115, 0
604,119, 0
605,136, 0
606,175, 0
607,192, 0
608,219, 0
609,234, 0
610,207, 0
611,182, 0
612,170, 0
613,165, 0
614,159, 0
615,163, 0
616,168, 0
617,134, 0
618,104, 0
619,88, 0
620,54, 0
621,4, 0
622,0, 0
623,22, 0
624,51, 0
625,65, 0
626,56, 0
627,70, 0
628,24, 0
629,2, 0
630,0, 0
631,0, 0
632,6, 0
633,32, 0
634,81, 0
635,129, 0
636,169, 0
637,172, 0
638,176, 0
639,159, 0
640,149, 0
641,129, 0
642,107, 0
643,95, 0
644,89, 0
645,104, 0
646,130, 0
647,130, 0
648,123, 0
649,140, 0
650,167, 0
651,191, 0
652,221, 0
653,226, 0
654,199, 0
655,192, 0
656,171, 0
657,138, 0
658,96, 0
659,44, 0
660,5, 0
661,14, 0
662,37, 0
663,53, 0
664,65, 0
665,74, 0
666,104, 0
667,127, 0
668,152, 0
669,165, 0
670,163, 0
671,84, 0
672,25, 0
673,0, 0
674,1, 0
675,0, 0
676,8, 0
677,65, 0
678,85, 0
679,96, 0
680,72, 0
681,53, 0
682,52, 0
683,89, 0
684,148, 0
685,210, 0
686,263, 0
687,292, 0
688,308, 0
689,309, 0
690,337, 0
691,338, 6
692,282, 2
693,201, 0
694,123, 0
695,46, 0
696,4, 0
697,12, 0
698,38, 0
699,44, 0
700,6, 0
701,0, 0
702,14, 0
703,46, 0
704,89, 0
705,103, 0
706,151, 0
707,197, 0
708,221, 0
709,229, 0
710,229, 0
711,196, 0
712,161, 0
713,147, 0
714,149, 0
715,160, 0
716,196, 0
717,247, 0
718,276, 0
719,309, 0
720,272, 0
721,246, 0
722,214, 0
723,207, 0
724,223, 0
725,243, 0
726,283, 0
727,321, 0
728,325, 0
729,302, 0
730,302, 0
731,272, 0
732,216, 0
733,183, 0
734,183, 0
735,174, 0
736,145, 0
737,115, 0
738,78, 0
739,58, 0
740,51, 0
741,9, 0
742,0, 0
743,0, 0
744,0, 0
745,0, 0
746,2, 0
747,4, 0
748,20, 0
749,0, 0
750,19, 0
751,63, 0
752,85, 0
753,59, 0
754,56, 0
755,53, 0
756,41, 0
757,64, 0
758,89, 0
759,117, 0
760,126, 0
761,119, 0
762,93, 0
763,45, 0
764,6, 0
765,6, 0
766,0, 0
767,15, 0
768,32, 0
769,38, 0
770,40, 0
771,46, 0
772,44, 0
773,36, 0
774,38, 0
775,46, 0
776,61, 0
777,96, 0
778,130, 0
779,142, 0
780,139, 0
781,83, 0
782,45, 0
783,51, 0
784,51, 0
785,76, 0
786,115, 0
787,166, 0
788,218, 0
789,262, 0
790,264, 0
791,279, 0
792,261, 0
793,208, 0
794,186, 0
795,190, 0
796,227, 0
797,271, 0
798,324, 0
799,343, 1
800,338, 4
801,294, 1
802,267, 0
803,223, 0
804,176, 0
805,153, 0
806,149, 0
807,158, 0
808,165, 0
809,176, 0
810,154, 0
811,147, 0
812,147, 0
813,139, 0
814,139, 0
815,152, 0
816,164, 0
817,183, 0
818,201, 0
819,214, 0
820,222, 0
821,204, 0
822,156, 0
823,92, 0
824,36, 0
825,12, 0
826,13, 0
827,18, 0
828,39, 0
829,54, 0
830,51, 0
831,40, 0
832,7, 0
833,0, 0
834,4, 0
835,19, 0
836,51, 0
837,86, 0
838,123, 0
839,174, 0
840,220, 0
841,263, 0
842,258, 0
843,275, 0
844,297, 0
845,325, 0
846,326, 0
847,297, 0
848,236, 0
849,175, 0
850,119, 0
851,83, 0
852,91, 0
853,90, 0
854,52, 0
855,62, 0
856,73, 0
857,62, 0
858,50, 0
859,38, 0
860,36, 0
861,41, 0
862,46, 0
863,63, 0
864,89, 0
865,135, 0
866,171, 0
867,184, 0
868,183, 0
869,172, 0
870,159, 0
871,145, 0
872,144, 0
873,163, 0
874,175, 0
875,133, 0
876,91, 0
877,65, 0
878,7, 0
879,0, 0
880,0, 0
881,10, 0
882,58, 0
883,86, 0
884,80, 0
885,36, 0
886,2, 0
887,7, 0
888,11, 0
889,63, 0
890,119, 0
891,155, 0
892,164, 0
893,152, 0
894,129, 0
895,117, 0
896,116, 0
897,116, 0
898,108, 0
899,110, 0
900,121, 0
901,155, 0
902,174, 0
903,189, 0
904,212, 0
905,214, 0
906,202, 0
907,203, 0
908,210, 0
909,251, 0
910,270, 0
911,293, 0
912,314, 0
913,312, 0
914,269, 0
915,188, 0
916,134, 0
917,108, 0
918,102, 0
919,100, 0
920,95, 0
921,83, 0
922,89, 0
923,78, 0
924,97, 0
925,115, 0
926,125, 0
927,148, 0
928,183, 0
929,205, 0
930,220, 0
931,223, 0
932,217, 0
933,202, 0
934,199, 0
935,185, 0
936,154, 0
937,122, 0
938,85, 0
939,62, 0
940,70, 0
941,75, 0
942,72, 0
943,57, 0
944,27, 0
945,3, 0
946,0, 0
947,1, 0
948,20, 0
949,60, 0
950,89, 0
951,110, 0
952,130, 0
953,152, 0
954,165, 0
955,170, 0
956,161, 0
957,165, 0
958,164, 0
959,158, 0
960,152, 0
961,160, 0
962,164, 0
963,165, 0
964,135, 0
965,122, 0
966,122, 0
967,140, 0
968,183, 0
969,211, 0
970,214, 0
971,175, 0
972,159, 0
973,138, 0
974,154, 0
975,117, 0
976,101, 0
977,127, 0
978,161, 0
979,183, 0
980,199, 0
981,183, 0
982,159, 0
983,123, 0
984,129, 0
985,121, 0
986,110, 0
987,110, 0
988,128, 0
989,133, 0
990,119, 0
991,108, 0
992,89, 0
993,76, 0
994,70, 0
995,70, 0
996,62, 0
997,32, 0
998,24, 0
999,45, 0
1000,71, 0
1001,111, 0
1002,137, 0
1003,138, 0
1004,123, 0
1005,103, 0
1006,80, 0
1007,60, 0
1008,72, 0
1009,99, 0
1010,120, 0
1011,163, 0
1012,171, 0
1013,175, 0
1014,184, 0
1015,183, 0
1016,181, 0
1017,185, 0
1018,180, 0
1019,167, 0
1020,165, 0
1021,165, 0
1022,175, 0
1023,197, 0
1024,202, 0
1025,202, 0
1026,201, 0
1027,221, 0
1028,223, 0
1029,234, 0
1030,242, 0
1031,257, 0
1032,214, 0
1033,203, 0
1034,167, 0
1035,127, 0
1036,80, 0
1037,68, 0
1038,85, 0
1039,133, 0
1040,157, 0
1041,161, 0
1042,149, 0
1043,138, 0
1044,107, 0
1045,101, 0
1046,108, 0
1047,116, 0
1048,121, 0
1049,102, 0
1050,70, 0
1051,31, 0
1052,0, 0
1053,0, 0
1054,0, 0
1055,31, 0
1056,72, 0
1057,67, 0
1058,13, 0
1059,2, 0
1060,2, 0
1061,5, 0
1062,3, 0
1063,5, 0
1064,56, 0
1065,115, 0
1066,167, 0
1067,186, 0
1068,177, 0
1069,172, 0
1070,157, 0
1071,159, 0
1072,189, 0
1073,176, 0
1074,143, 0
1075,120, 0
1076,102, 0
1077,106, 0
1078,145, 0
1079,183, 0
1080,204, 0
1081,218, 0
1082,226, 0
1083,223, 0
1084,238, 0
1085,249, 0
1086,245, 0
1087,242, 0
1088,236, 0
1089,238, 0
1090,249, 0
1091,258, 0
1092,255, 0
1093,257, 0
1094,265, 0
1095,271, 0
1096,257, 0
1097,207, 0
1098,152, 0
1099,109, 0
1100,111, 0
1101,101, 0
1102,102, 0
1103,90, 0
1104,72, 0
1105,27, 0
1106,0, 0
1107,31, 0
1108,99, 0
1109,116, 0
1110,121, 0
1111,63, 0
1112,3, 0
1113,25, 0
1114,79, 0
1115,106, 0
1116,136, 0
1117,125, 0
1118,119, 0
1119,123, 0
1120,133, 0
1121,151, 0
1122,161, 0
1123,160, 0
1124,163, 0
1125,156, 0
1126,140, 0
1127,137, 0
1128,130, 0
1129,92, 0
1130,51, 0
1131,10, 0
1132,2, 0
1133,36, 0
1134,92, 0
1135,87, 0
1136,109, 0
1137,97, 0
1138,106, 0
1139,128, 0
1140,161, 0
1141,196, 0
1142,218, 0
1143,219, 0
1144,208, 0
1145,203, 0
1146,158, 0
1147,110, 0
1148,86, 0
1149,64, 0
1150,58, 0
1151,89, 0
1152,116, 0
1153,128, 0
1154,145, 0
1155,149, 0
1156,143, 0
1157,136, 0
1158,97, 0
1159,45, 0
1160,51, 0
1161,102, 0
1162,159, 0
1163,220, 0
1164,264, 0
1165,292, 0
1166,330, 0
1167,377, 6
1168,427, 24
1169,461, 46
1170,455, 53
1171,432, 52
1172,434, 52
1173,450, 51
1174,451, 57
1175,420, 52
1176,351, 36
1177,277, 13
1178,240, 0
1179,199, 0
1180,147, 0
1181,129, 0
1182,130, 0
1183,131, 0
1184,141, 0
1185,134, 0
1186,101, 0
1187,52, 0
1188,6, 0
1189,0, 0
1190,1, 0
1191,0, 0
1192,0, 0
1193,21, 0
1194,64, 0
1195,91, 0
1196,77, 0
1197,72, 0
1198,87, 0
1199,73, 0
1200,84, 0
1201,90, 0
1202,79, 0
1203,76, 0
1204,65, 0
1205,86, 0
1206,133, 0
1207,171, 0
1208,183, 0
1209,202, 0
1210,206, 0
1211,193, 0
1212,168, 0
1213,117, 0
1214,58, 0
1215,13, 0
1216,1, 0
1217,3, 0
1218,25, 0
1219,15, 0
1220,6, 0
1221,25, 0
1222,38, 0
1223,44, 0
1224,41, 0
1225,35, 0
1226,22, 0
1227,10, 0
1228,25, 0
1229,60, 0
1230,104, 0
1231,147, 0
1232,171, 0
1233,184, 0
1234,183, 0
1235,158, 0
1236,125, 0
1237,74, 0
1238,39, 0
1239,19, 0
1240,0, 0
1241,0, 0
1242,0, 0
1243,0, 0
1244,6, 0
1245,26, 0
1246,54, 0
1247,86, 0
1248,119, 0
1249,145, 0
1250,158, 0
1251,151, 0
1252,152, 0
1253,156, 0
1254,172, 0
1255,213, 0
1256,220, 0
1257,213, 0
1258,205, 0
1259,192, 0
1260,191, 0
1261,206, 0
1262,230, 0
1263,262, 0
1264,289, 0
1265,298, 0
1266,299, 0
1267,280, 0
1268,263, 0
1269,220, 0
1270,191, 0
1271,156, 0
1272,138, 0
1273,148, 0
1274,167, 0
1275,188, 0
1276,196, 0
1277,227, 0
1278,249, 0
1279,268, 0
1280,243, 0
1281,215, 0
1282,196, 0
1283,186, 0
1284,164, 0
1285,131, 0
1286,89, 0
1287,46, 0
1288,25, 0
1289,6, 0
1290,0, 0
1291,0, 0
1292,0, 0
1293,0, 0
1294,0, 0
1295,10, 0
1296,29, 0
1297,42, 0
1298,52, 0
1299,57, 0
1300,60, 0
1301,79, 0
1302,60, 0
1303,40, 0
1304,30, 0
1305,25, 0
1306,19, 0
1307,19, 0
1308,19, 0
1309,22, 0
1310,38, 0
1311,30, 0
1312,25, 0
1313,37, 0
1314,63, 0
1315,93, 0
1316,128, 0
1317,129, 0
1318,124, 0
1319,140, 0
1320,164, 0
1321,207, 0
1322,252, 0
1323,265, 0
1324,270, 0
1325,259, 0
1326,234, 0
1327,196, 0
1328,167, 0
1329,144, 0
1330,139, 0
1331,152, 0
1332,163, 0
1333,177, 0
1334,202, 0
1335,213, 0
1336,218, 0
1337,212, 0
1338,214, 0
1339,223, 0
1340,221, 0
1341,184, 0
1342,145, 0
1343,130, 0
1344,122, 0
1345,119, 0
1346,129, 0
1347,131, 0
1348,152, 0
1349,142, 0
1350,138, 0
1351,127, 0
1352,102, 0
1353,78, 0
1354,63, 0
1355,63, 0
1356,79, 0
1357,89, 0
1358,109, 0
1359,115, 0
1360,123, 0
1361,108, 0
1362,106, 0
1363,38, 0
1364,10, 0
1365,2, 0
1366,2, 0
1367,12, 0
1368,31, 0
1369,34, 0
1370,42, 0
1371,60, 0
1372,74, 0
1373,67, 0
1374,83, 0
1375,76, 0
1376,116, 0
1377,143, 0
1378,152, 0
1379,130, 0
1380,127, 0
1381,135, 0
1382,164, 0
1383,191, 0
1384,198, 0
1385,214, 0
1386,244, 0
1387,251, 0
1388,254, 0
1389,266, 0
1390,243, 0
1391,217, 0
1392,199, 0
1393,180, 0
1394,160, 0
1395,152, 0
1396,154, 0
1397,196, 0
1398,231, 0
1399,260, 0
1400,269, 0
1401,260, 0
1402,230, 0
1403,210, 0
1404,210, 0
1405,210, 0
1406,196, 0
1407,186, 0
1408,160, 0
1409,121, 0
1410,102, 0
1411,96, 0
1412,105, 0
1413,115, 0
1414,112, 0
1415,102, 0
1416,91, 0
1417,94, 0
1418,76, 0
1419,60, 0
1420,38, 0
1421,52, 0
1422,46, 0
1423,45, 0
1424,24, 0
1425,43, 0
1426,63, 0
1427,79, 0
1428,73, 0
1429,47, 0
1430,14, 0
1431,2, 0
1432,0, 0
1433,1, 0
1434,21, 0
1435,68, 0
1436,89, 0
1437,123, 0
1438,117, 0
1439,99, 0
1440,96, 0
1441,127, 0
1442,158, 0
1443,198, 0
1444,236, 0
1445,254, 0
1446,244, 0
1447,230, 0
1448,219, 0
1449,227, 0
1450,244, 0
1451,262, 0
1452,257, 0
1453,263, 0
1454,252, 0
1455,237, 0
1456,230, 0
1457,213, 0
1458,185, 0
1459,183, 0
1460,183, 0
1461,198, 0
1462,171, 0
1463,159, 0
1464,135, 0
1465,130, 0
1466,144, 0
1467,143, 0
1468,138, 0
1469,133, 0
1470,122, 0
1471,121, 0
1472,118, 0
1473,113, 0
1474,102, 0
1475,92, 0
1476,84, 0
1477,79, 0
1478,76, 0
1479,65, 0
1480,51, 0
1481,55, 0
1482,57, 0
1483,48, 0
1484,26, 0
1485,4, 0
1486,0, 0
1487,0, 0
1488,12, 0
1489,20, 0
1490,36, 0
1491,30, 0
1492,31, 0
1493,41, 0
1494,23, 0
1495,28, 0
1496,44, 0
1497,59, 0
1498,113, 0
1499,152, 0
1500,176, 0
1501,160, 0
1502,167, 0
1503,168, 0
1504,164, 0
1505,163, 0
1506,149, 0
1507,137, 0
1508,149, 0
1509,147, 0
1510,170, 0
1511,211, 0
1512,215, 0
1513,230, 0
1514,223, 0
1515,223, 0
1516,208, 0
1517,208, 0
1518,192, 0
1519,189, 0
1520,183, 0
1521,188, 0
1522,195, 0
1523,190, 0
1524,202, 0
1525,220, 0
1526,252, 0
1527,249, 0
1528,266, 0
1529,258, 0
1530,234, 0
1531,216, 0
1532,182, 0
1533,148, 0
1534,102, 0
1535,69, 0
1536,54, 0
1537,48, 0
1538,55, 0
1539,61, 0
1540,56, 0
1541,44, 0
1542,53, 0
1543,62, 0
1544,69, 0
1545,83, 0
1546,43, 0
1547,35, 0
1548,20, 0
1549,7, 0
1550,0, 0
1551,0, 0
1552,0, 0
1553,0, 0
1554,0, 0
1555,0, 0
1556,0, 0
1557,4, 0
1558,50, 0
1559,120, 0
1560,177, 0
1561,204, 0
1562,219, 0
1563,214, 0
1564,212, 0
1565,219, 0
1566,223, 0
1567,227, 0
1568,237, 0
1569,256, 0
1570,256, 0
1571,261, 0
1572,263, 0
1573,251, 0
1574,244, 0
1575,238, 0
1576,226, 0
1577,219, 0
1578,217, 0
1579,220, 0
1580,214, 0
1581,214, 0
1582,205, 0
1583,204, 0
1584,179, 0
1585,150, 0
1586,113, 0
1587,124, 0
1588,118, 0
1589,108, 0
1590,121, 0
1591,117, 0
1592,107, 0
1593,118, 0
1594,116, 0
1595,88, 0
1596,78, 0
1597,75, 0
1598,61, 0
1599,68, 0
1600,55, 0
1601,51, 0
1602,37, 0
1603,31, 0
1604,34, 0
1605,35, 0
1606,30, 0
1607,22, 0
1608,47, 0
1609,62, 0
1610,44, 0
1611,43, 0
1612,48, 0
1613,51, 0
1614,53, 0
1615,45, 0
1616,35, 0
1617,19, 0
1618,23, 0
1619,43, 0
1620,99, 0
1621,150, 0
1622,167, 0
1623,175, 0
1624,196, 0
1625,188, 0
1626,207, 0
1627,200, 0
1628,200, 0
1629,200, 0
1630,203, 0
1631,210, 0
1632,214, 0
1633,237, 0
1634,229, 0
1635,229, 0
1636,236, 0
1637,224, 0
1638,201, 0
1639,210, 0
1640,214, 0
1641,210, 0
1642,180, 0
1643,179, 0
1644,176, 0
1645,137, 0
1646,89, 0
1647,58, 0
1648,74, 0
1649,80, 0
1650,110, 0
1651,139, 0
1652,152, 0
1653,201, 0
1654,200, 0
1655,199, 0
1656,167, 0
1657,130, 0
1658,68, 0
1659,39, 0
1660,26, 0
1661,27, 0
1662,25, 0
1663,51, 0
1664,55, 0
1665,90, 0
1666,95, 0
1667,79, 0
1668,80, 0
1669,92, 0
1670,96, 0
1671,88, 0
1672,75, 0
1673,60, 0
1674,44, 0
1675,38, 0
1676,54, 0
1677,42, 0
1678,47, 0
1679,61, 0
1680,93, 0
1681,137, 0
1682,174, 0
1683,182, 0
1684,188, 0
1685,196, 0
1686,202, 0
1687,213, 0
1688,219, 0
1689,214, 0
1690,211, 0
1691,220, 0
1692,222, 0
1693,223, 0
1694,229, 0
1695,210, 0
1696,195, 0
1697,207, 0
1698,193, 0
1699,202, 0
1700,191, 0
1701,205, 0
1702,199, 0
1703,203, 0
1704,199, 0
1705,202, 0
1706,171, 0
1707,132, 0
1708,124, 0
1709,126, 0
1710,116, 0
1711,115, 0
1712,125, 0
1713,120, 0
1714,127, 0
1715,128, 0
1716,113, 0
1717,99, 0
1718,84, 0
1719,81, 0
1720,71, 0
1721,64, 0
1722,71, 0
1723,43, 0
1724,25, 0
1725,28, 0
1726,37, 0
1727,42, 0
1728,32, 0
1729,26, 0
1730,38, 0
1731,52, 0
1732,63, 0
1733,75, 0
1734,74, 0
1735,70, 0
1736,59, 0
1737,41, 0
1738,23, 0
1739,31, 0
1740,29, 0
1741,59, 0
1742,118, 0
1743,163, 0
1744,171, 0
1745,190, 0
1746,200, 0
1747,211, 0
1748,202, 0
1749,210, 0
1750,205, 0
1751,200, 0
1752,188, 0
1753,181, 0
1754,182, 0
1755,177, 0
1756,191, 0
1757,190, 0
1758,216, 0
1759,224, 0
1760,231, 0
1761,242, 0
1762,242, 0
1763,233, 0
1764,220, 0
1765,211, 0
1766,214, 0
1767,177, 0
1768,144, 0
1769,122, 0
1770,121, 0
1771,122, 0
1772,132, 0
1773,130, 0
1774,140, 0
1775,144, 0
1776,144, 0
1777,129, 0
1778,120, 0
1779,97, 0
1780,81, 0
1781,76, 0
1782,89, 0
1783,70, 0
1784,63, 0
1785,60, 0
1786,46, 0
1787,52, 0
1788,58, 0
1789,46, 0
1790,37, 0
1791,46, 0
1792,47, 0
1793,55, 0
1794,75, 0
1795,42, 0
1796,18, 0
1797,2, 0
1798,0, 0
1799,0, 0
1800,23, 0
1801,67, 0
1802,103, 0
1803,161, 0
1804,182, 0
1805,172, 0
1806,176, 0
1807,165, 0
1808,176, 0
1809,188, 0
1810,207, 0
1811,204, 0
1812,210, 0
1813,216, 0
1814,206, 0
1815,213, 0
1816,218, 0
1817,216, 0
1818,206, 0
1819,226, 0
1820,220, 0
1821,199, 0
1822,210, 0
1823,208, 0
1824,204, 0
1825,197, 0
1826,201, 0
1827,202, 0
1828,170, 0
1829,143, 0
1830,121, 0
1831,139, 0
1832,139, 0
1833,145, 0
1834,153, 0
1835,164, 0
1836,152, 0
1837,135, 0
1838,115, 0
1839,89, 0
1840,105, 0
1841,113, 0
1842,109, 0
1843,115, 0
1844,103, 0
1845,92, 0
1846,73, 0
1847,64, 0
1848,71, 0
1849,64, 0
1850,44, 0
1851,41, 0
1852,41, 0
1853,53, 0
1854,57, 0
1855,55, 0
1856,51, 0
1857,44, 0
1858,37, 0
1859,30, 0
1860,19, 0
1861,38, 0
1862,38, 0
1863,63, 0
1864,121, 0
1865,144, 0
1866,149, 0
1867,160, 0
1868,170, 0
1869,185, 0
1870,197, 0
1871,192, 0
1872,197, 0
1873,201, 0
1874,213, 0
1875,224, 0
1876,240, 0
1877,235, 0
1878,219, 0
1879,213, 0
1880,215, 0
1881,189, 0
1882,198, 0
1883,206, 0
1884,211, 0
1885,214, 0
1886,213, 0
1887,213, 0
1888,222, 0
1889,183, 0
1890,139, 0
1891,125, 0
1892,129, 0
1893,126, 0
1894,127, 0
1895,136, 0
1896,134, 0
1897,131, 0
1898,127, 0
1899,115, 0
1900,108, 0
1901,113, 0
1902,93, 0
1903,89, 0
1904,73, 0
1905,51, 0
1906,30, 0
1907,15, 0
1908,30, 0
1909,44, 0
1910,45, 0
1911,40, 0
1912,44, 0
1913,54, 0
1914,65, 0
1915,64, 0
1916,63, 0
1917,63, 0
1918,58, 0
1919,64, 0
1920,53, 0
1921,51, 0
1922,50, 0
1923,57, 0
1924,81, 0
1925,131, 0
1926,152, 0
1927,139, 0
1928,152, 0
1929,157, 0
1930,167, 0
1931,176, 0
1932,195, 0
1933,192, 0
1934,197, 0
1935,202, 0
1936,212, 0
1937,232, 0
1938,213, 0
1939,215, 0
1940,199, 0
1941,224, 0
1942,213, 0
1943,199, 0
1944,204, 0
1945,196, 0
1946,198, 0
1947,202, 0
1948,202, 0
1949,214, 0
1950,170, 0
1951,134, 0
1952,125, 0
1953,125, 0
1954,126, 0
1955,130, 0
1956,139, 0
1957,141, 0
1958,147, 0
1959,140, 0
1960,130, 0
1961,107, 0
1962,90, 0
1963,90, 0
1964,88, 0
1965,70, 0
1966,75, 0
1967,61, 0
1968,51, 0
1969,55, 0
1970,58, 0
1971,56, 0
1972,38, 0
1973,31, 0
1974,38, 0
1975,69, 0
1976,57, 0
1977,57, 0
1978,46, 0
1979,52, 0
1980,48, 0
1981,44, 0
1982,38, 0
1983,44, 0
1984,55, 0
1985,89, 0
1986,152, 0
1987,159, 0
1988,172, 0
1989,167, 0
1990,169, 0
1991,175, 0
1992,184, 0
1993,187, 0
1994,187, 0
1995,191, 0
1996,200, 0
1997,203, 0
1998,215, 0
1999,231, 0
2000,210, 0
2001,202, 0
2002,203, 0
2003,208, 0
2004,206, 0
2005,204, 0
2006,202, 0
2007,201, 0
2008,201, 0
2009,203, 0
2010,207, 0
2011,159, 0
2012,127, 0
2013,117, 0
2014,120, 0
2015,127, 0
2016,132, 0
2017,135, 0
2018,139, 0
2019,143, 0
2020,147, 0
2021,143, 0
2022,127, 0
2023,104, 0
2024,96, 0
2025,91, 0
2026,74, 0
2027,81, 0
2028,71, 0
2029,51, 0
2030,68, 0
2031,68, 0
2032,61, 0
2033,44, 0
2034,38, 0
2035,56, 0
2036,53, 0
2037,56, 0
2038,60, 0
2039,63, 0
2040,57, 0
2041,55, 0
2042,36, 0
2043,24, 0
2044,27, 0
2045,42, 0
2046,76, 0
2047,116, 0
2048,142, 0
2049,152, 0
2050,156, 0
2051,168, 0
2052,176, 0
2053,186, 0
2054,184, 0
2055,176, 0
2056,191, 0
2057,191, 0
2058,193, 0
2059,219, 0
2060,220, 0
2061,226, 0
2062,232, 0
2063,228, 0
2064,216, 0
2065,220, 0
2066,212, 0
2067,211, 0
2068,220, 0
2069,210, 0
2070,210, 0
2071,210, 0
2072,165, 0
2073,125, 0
2074,121, 0
2075,135, 0
2076,124, 0
2077,139, 0
2078,147, 0
2079,152, 0
2080,153, 0
2081,166, 0
2082,137, 0
2083,126, 0
2084,107, 0
2085,97, 0
2086,89, 0
2087,76, 0
2088,76, 0
2089,68, 0
2090,56, 0
2091,64, 0
2092,59, 0
2093,51, 0
2094,38, 0
2095,26, 0
2096,35, 0
2097,43, 0
2098,46, 0
2099,47, 0
2100,44, 0
2101,40, 0
2102,31, 0
2103,19, 0
2104,19, 0
2105,21, 0
2106,34, 0
2107,70, 0
2108,128, 0
2109,145, 0
2110,150, 0
2111,152, 0
2112,165, 0
2113,170, 0
2114,176, 0
2115,183, 0
2116,182, 0
2117,196, 0
2118,202, 0
2119,207, 0
2120,219, 0
2121,232, 0
2122,218, 0
2123,227, 0
2124,220, 0
2125,223, 0
2126,228, 0
2127,228, 0
2128,221, 0
2129,221, 0
2130,226, 0
2131,226, 0
2132,229, 0
2133,185, 0
2134,151, 0
2135,154, 0
2136,144, 0
2137,158, 0
2138,181, 0
2139,184, 0
2140,187, 0
2141,183, 0
2142,172, 0
2143,158, 0
2144,136, 0
2145,113, 0
2146,97, 0
2147,89, 0
2148,81, 0
2149,65, 0
2150,52, 0
2151,38, 0
2152,38, 0
2153,54, 0
2154,23, 0
2155,6, 0
2156,4, 0
2157,5, 0
2158,12, 0
2159,18, 0
2160,17, 0
2161,11, 0
2162,4, 0
2163,3, 0
2164,3, 0
2165,0, 0
2166,1, 0
2167,7, 0
2168,44, 0
2169,97, 0
2170,120, 0
2171,123, 0
2172,136, 0
2173,144, 0
2174,157, 0
2175,170, 0
2176,177, 0
2177,183, 0
2178,196, 0
2179,202, 0
2180,205, 0
2181,231, 0
2182,217, 0
2183,224, 0
2184,223, 0
2185,226, 0
2186,231, 0
2187,236, 0
2188,232, 0
2189,219, 0
2190,226, 0
2191,207, 0
2192,212, 0
2193,207, 0
2194,170, 0
2195,136, 0
2196,133, 0
2197,147, 0
2198,154, 0
2199,170, 0
2200,158, 0
2201,166, 0
2202,161, 0
2203,158, 0
2204,145, 0
2205,130, 0
2206,113, 0
2207,110, 0
2208,111, 0
2209,103, 0
2210,97, 0
2211,83, 0
2212,74, 0
2213,70, 0
2214,69, 0
2215,44, 0
2216,25, 0
2217,19, 0
2218,13, 0
2219,24, 0
2220,27, 0
2221,22, 0
2222,27, 0
2223,26, 0
2224,19, 0
2225,5, 0
2226,0, 0
2227,4, 0
2228,12, 0
2229,60, 0
2230,102, 0
2231,121, 0
2232,139, 0
2233,149, 0
2234,157, 0
2235,173, 0
2236,183, 0
2237,184, 0
2238,188, 0
2239,202, 0
2240,215, 0
2241,227, 0
2242,254, 0
2243,253, 0
2244,256, 0
2245,263, 0
2246,261, 0
2247,251, 0
2248,251, 0
2249,234, 0
2250,230, 0
2251,221, 0
2252,216, 0
2253,219, 0
2254,204, 0
2255,170, 0
2256,142, 0
2257,133, 0
2258,138, 0
2259,152, 0
2260,170, 0
2261,160, 0
2262,175, 0
2263,170, 0
2264,160, 0
2265,140, 0
2266,133, 0
2267,117, 0
2268,111, 0
2269,101, 0
2270,101, 0
2271,85, 0
2272,62, 0
2273,39, 0
2274,37, 0
2275,22, 0
2276,2, 0
2277,1, 0
2278,7, 0
2279,17, 0
2280,30, 0
2281,35, 0
2282,60, 0
2283,43, 0
2284,51, 0
2285,48, 0
2286,45, 0
2287,41, 0
2288,40, 0
2289,53, 0
2290,99, 0
2291,129, 0
2292,140, 0
2293,169, 0
2294,158, 0
2295,174, 0
2296,185, 0
2297,197, 0
2298,204, 0
2299,190, 0
2300,208, 0
2301,213, 0
2302,222, 0
2303,240, 0
2304,242, 0
2305,240, 0
2306,257, 0
2307,251, 0
2308,244, 0
2309,245, 0
2310,241, 0
2311,235, 0
2312,236, 0
2313,237, 0
2314,227, 0
2315,199, 0
2316,139, 0
2317,105, 0
2318,89, 0
2319,74, 0
2320,89, 0
2321,108, 0
2322,118, 0
2323,140, 0
2324,176, 0
2325,206, 0
2326,219, 0
2327,214, 0
2328,206, 0
2329,189, 0
2330,140, 0
2331,89, 0
2332,54, 0
2333,18, 0
2334,7, 0
2335,25, 0
2336,34, 0
2337,19, 0
2338,19, 0
2339,29, 0
2340,43, 0
2341,59, 0
2342,65, 0
2343,61, 0
2344,46, 0
2345,30, 0
2346,8, 0
2347,0, 0
2348,0, 0
2349,1, 0
2350,0, 0
2351,42, 0
2352,129, 0
2353,204, 0
2354,257, 0
2355,244, 0
2356,285, 0
2357,282, 0
2358,251, 0
2359,220, 0
2360,182, 0
2361,139, 0
2362,119, 0
2363,111, 0
2364,130, 0
2365,124, 0
2366,126, 0
2367,134, 0
2368,141, 0
2369,168, 0
2370,184, 0
2371,186, 0
2372,199, 0
2373,205, 0
2374,204, 0
2375,196, 0
2376,161, 0
2377,134, 0
2378,133, 0
2379,156, 0
2380,179, 0
2381,196, 0
2382,219, 0
2383,202, 0
2384,213, 0
2385,201, 0
2386,164, 0
2387,128, 0
2388,88, 0
2389,69, 0
2390,69, 0
2391,67, 0
2392,68, 0
2393,63, 0
2394,54, 0
2395,53, 0
2396,68, 0
2397,76, 0
2398,81, 0
2399,77, 0
2400,89, 0
2401,97, 0
2402,102, 0
2403,120, 0
2404,122, 0
2405,120, 0
2406,115, 0
2407,100, 0
2408,88, 0
2409,88, 0
2410,99, 0
2411,116, 0
2412,160, 0
2413,176, 0
2414,196, 0
2415,182, 0
2416,182, 0
2417,184, 0
2418,188, 0
2419,183, 0
2420,164, 0
2421,135, 0
2422,92, 0
2423,48, 0
2424,8, 0
2425,0, 0
2426,0, 0
2427,4, 0
2428,20, 0
2429,54, 0
2430,101, 0
2431,138, 0
2432,159, 0
2433,186, 0
2434,207, 0
2435,244, 0
2436,290, 0
2437,289, 0
2438,253, 0
2439,227, 0
2440,251, 0
2441,276, 0
2442,297, 0
2443,296, 0
2444,286, 0
2445,264, 0
2446,237, 0
2447,220, 0
2448,192, 0
2449,166, 0
2450,138, 0
2451,105, 0
2452,75, 0
2453,35, 0
2454,12, 0
2455,1, 0
2456,0, 0
2457,0, 0
2458,0, 0
2459,0, 0
2460,0, 0
2461,0, 0
2462,0, 0
2463,4, 0
2464,22, 0
2465,22, 0
2466,18, 0
2467,6, 0
2468,3, 0
2469,6, 0
2470,28, 0
2471,65, 0
2472,105, 0
2473,163, 0
2474,191, 0
2475,220, 0
2476,212, 0
2477,201, 0
2478,189, 0
2479,179, 0
2480,160, 0
2481,151, 0
2482,158, 0
2483,165, 0
2484,183, 0
2485,189, 0
2486,189, 0
2487,172, 0
2488,188, 0
2489,207, 0
2490,213, 0
2491,214, 0
2492,196, 0
2493,157, 0
2494,127, 0
2495,103, 0
2496,95, 0
2497,101, 0
2498,85, 0
2499,57, 0
2500,58, 0
2501,90, 0
2502,95, 0
2503,109, 0
2504,143, 0
2505,157, 0
2506,181, 0
2507,189, 0
2508,188, 0
2509,183, 0
2510,170, 0
2511,164, 0
2512,159, 0
2513,157, 0
2514,141, 0
2515,127, 0
2516,99, 0
2517,84, 0
2518,72, 0
2519,75, 0
2520,53, 0
2521,45, 0
2522,65, 0
2523,83, 0
2524,97, 0
2525,93, 0
2526,107, 0
2527,93, 0
2528,77, 0
2529,61, 0
2530,63, 0
2531,58, 0
2532,54, 0
2533,76, 0
2534,116, 0
2535,142, 0
2536,149, 0
2537,144, 0
2538,139, 0
2539,133, 0
2540,132, 0
2541,130, 0
2542,122, 0
2543,134, 0
2544,139, 0
2545,155, 0
2546,172, 0
2547,172, 0
2548,159, 0
2549,152, 0
2550,145, 0
2551,142, 0
2552,149, 0
2553,164, 0
2554,180, 0
2555,202, 0
2556,207, 0
2557,205, 0
2558,196, 0
2559,168, 0
2560,141, 0
2561,151, 0
2562,184, 0
2563,218, 0
2564,217, 0
2565,224, 0
2566,217, 0
2567,199, 0
2568,183, 0
2569,160, 0
2570,152, 0
2571,131, 0
2572,124, 0
2573,139, 0
2574,131, 0
2575,143, 0
2576,158, 0
2577,157, 0
2578,137, 0
2579,110, 0
2580,65, 0
2581,22, 0
2582,6, 0
2583,3, 0
2584,47, 0
2585,72, 0
2586,90, 0
2587,117, 0
2588,108, 0
2589,127, 0
2590,115, 0
2591,109, 0
2592,91, 0
2593,64, 0
2594,46, 0
2595,60, 0
2596,65, 0
2597,101, 0
2598,122, 0
2599,133, 0
2600,115, 0
2601,74, 0
2602,36, 0
2603,24, 0
2604,24, 0
2605,35, 0
2606,65, 0
2607,125, 0
2608,171, 0
2609,207, 0
2610,257, 0
2611,275, 0
2612,282, 0
2613,280, 0
2614,246, 0
2615,207, 0
2616,196, 0
2617,181, 0
2618,172, 0
2619,182, 0
2620,160, 0
2621,133, 0
2622,124, 0
2623,103, 0
2624,117, 0
2625,147, 0
2626,185, 0
2627,202, 0
2628,208, 0
2629,206, 0
2630,196, 0
2631,159, 0
2632,134, 0
2633,127, 0
2634,132, 0
2635,138, 0
2636,110, 0
2637,103, 0
2638,95, 0
2639,108, 0
2640,102, 0
2641,74, 0
2642,26, 0
2643,6, 0
2644,8, 0
2645,41, 0
2646,48, 0
2647,56, 0
2648,41, 0
2649,24, 0
2650,15, 0
2651,6, 0
2652,0, 0
2653,0, 0
2654,4, 0
2655,50, 0
2656,111, 0
2657,148, 0
2658,168, 0
2659,166, 0
2660,191, 0
2661,221, 0
2662,247, 0
2663,279, 0
2664,282, 0
2665,284, 0
2666,265, 0
2667,224, 0
2668,192, 0
2669,145, 0
2670,95, 0
2671,57, 0
2672,57, 0
2673,91, 0
2674,139, 0
2675,164, 0
2676,173, 0
2677,190, 0
2678,189, 0
2679,189, 0
2680,186, 0
2681,169, 0
2682,176, 0
2683,166, 0
2684,171, 0
2685,180, 0
2686,179, 0
2687,201, 0
2688,201, 0
2689,192, 0
2690,183, 0
2691,187, 0
2692,197, 0
2693,224, 0
2694,267, 0
2695,294, 0
2696,311, 0
2697,300, 0
2698,306, 0
2699,286, 0
2700,228, 0
2701,115, 0
2702,14, 0
2703,70, 0
2704,149, 0
2705,163, 0
2706,134, 0
2707,84, 0
2708,51, 0
2709,25, 0
2710,0, 0
2711,0, 0
2712,0, 0
2713,0, 0
2714,2, 0
2715,15, 0
2716,9, 0
2717,0, 0
2718,7, 0
2719,38, 0
2720,69, 0
2721,105, 0
2722,147, 0
2723,213, 0
2724,272, 0
2725,312, 0
2726,346, 0
2727,356, 4
2728,319, 6
2729,268, 0
2730,214, 0
2731,132, 0
2732,94, 0
2733,77, 0
2734,64, 0
2735,51, 0
2736,45, 0
2737,75, 0
2738,44, 0
2739,38, 0
2740,46, 0
2741,81, 0
2742,121, 0
2743,195, 0
2744,239, 0
2745,276, 0
2746,312, 0
2747,345, 2
2748,373, 10
2749,391, 17
2750,368, 19
2751,338, 12
2752,313, 6
2753,272, 0
2754,219, 0
2755,179, 0
2756,126, 0
2757,84, 0
2758,58, 0
2759,56, 0
2760,81, 0
2761,119, 0
2762,141, 0
2763,107, 0
2764,59, 0
2765,38, 0
2766,29, 0
2767,2, 0
2768,12, 0
2769,70, 0
2770,81, 0
2771,56, 0
2772,19, 0
2773,0, 0
2774,20, 0
2775,88, 0
2776,165, 0
2777,251, 0
2778,324, 0
2779,353, 1
2780,345, 6
2781,325, 3
2782,296, 0
2783,249, 0
2784,199, 0
2785,147, 0
2786,110, 0
2787,95, 0
2788,89, 0
2789,124, 0
2790,183, 0
2791,224, 0
2792,263, 0
2793,313, 0
2794,332, 0
2795,352, 2
2796,341, 6
2797,297, 1
2798,242, 0
2799,152, 0
2800,46, 0
2801,0, 0
2802,8, 0
2803,29, 0
2804,5, 0
2805,25, 0
2806,110, 0
2807,191, 0
2808,282, 0
2809,328, 0
2810,325, 0
2811,299, 0
2812,272, 0
2813,244, 0
2814,202, 0
2815,155, 0
2816,122, 0
2817,102, 0
2818,76, 0
2819,51, 0
2820,24, 0
2821,11, 0
2822,0, 0
2823,0, 0
2824,0, 0
2825,0, 0
2826,0, 0
2827,38, 0
2828,83, 0
2829,107, 0
2830,95, 0
2831,62, 0
2832,31, 0
2833,29, 0
2834,3, 0
2835,11, 0
2836,31, 0
2837,60, 0
2838,90, 0
2839,102, 0
2840,89, 0
2841,79, 0
2842,93, 0
2843,112, 0
2844,131, 0
2845,134, 0
2846,134, 0
2847,139, 0
2848,148, 0
2849,174, 0
2850,203, 0
2851,253, 0
2852,280, 0
2853,297, 0
2854,267, 0
2855,189, 0
2856,134, 0
2857,117, 0
2858,153, 0
2859,214, 0
2860,282, 0
2861,307, 0
2862,307, 0
2863,277, 0
2864,221, 0
2865,182, 0
2866,176, 0
2867,189, 0
2868,193, 0
2869,192, 0
2870,170, 0
2871,148, 0
2872,121, 0
2873,95, 0
2874,87, 0
2875,76, 0
2876,76, 0
2877,87, 0
2878,104, 0
2879,127, 0
2880,155, 0
2881,167, 0
2882,195, 0
2883,208, 0
2884,198, 0
2885,158, 0
2886,100, 0
2887,48, 0
2888,19, 0
2889,7, 0
2890,7, 0
2891,10, 0
2892,26, 0
2893,38, 0
2894,32, 0
2895,27, 0
2896,38, 0
2897,51, 0
2898,54, 0
2899,64, 0
2900,65, 0
2901,70, 0
2902,111, 0
2903,202, 0
2904,300, 0
2905,367, 0
2906,359, 6
2907,302, 5
2908,240, 0
2909,175, 0
2910,116, 0
2911,81, 0
2912,70, 0
2913,75, 0
2914,70, 0
2915,28, 0
2916,14, 0
2917,75, 0
2918,103, 0
2919,99, 0
2920,51, 0
2921,0, 0
2922,57, 0
2923,145, 0
2924,205, 0
2925,186, 0
2926,164, 0
2927,138, 0
2928,107, 0
2929,91, 0
2930,70, 0
2931,71, 0
2932,84, 0
2933,123, 0
2934,187, 0
2935,239, 0
2936,258, 0
2937,263, 0
2938,295, 0
2939,318, 0
2940,317, 3
2941,284, 0
2942,214, 0
2943,133, 0
2944,108, 0
2945,108, 0
2946,99, 0
2947,94, 0
2948,83, 0
2949,51, 0
2950,18, 0
2951,1, 0
2952,15, 0
2953,0, 0
2954,0, 0
2955,12, 0
2956,13, 0
2957,6, 0
2958,0, 0
2959,0, 0
2960,6, 0
2961,14, 0
2962,35, 0
2963,71, 0
2964,145, 0
2965,218, 0
2966,233, 0
2967,192, 0
2968,121, 0
2969,40, 0
2970,0, 0
2971,2, 0
2972,2, 0
2973,46, 0
2974,83, 0
2975,85, 0
2976,115, 0
2977,176, 0
2978,279, 0
2979,339, 0
2980,322, 0
2981,212, 0
2982,81, 0
2983,5, 0
2984,0, 0
2985,2, 0
2986,58, 0
2987,192, 0
2988,295, 0
2989,348, 0
2990,352, 4
2991,310, 2
2992,238, 0
2993,127, 0
2994,17, 0
2995,96, 0
2996,184, 0
2997,240, 0
2998,270, 0
2999,270, 0
3000,202, 0
3001,85, 0
3002,19, 0
3003,88, 0
3004,92, 0
3005,70, 0
3006,59, 0
3007,103, 0
3008,149, 0
3009,216, 0
3010,298, 0
3011,361, 1
3012,408, 19
3013,409, 32
3014,404, 35
3015,402, 34
3016,389, 30
3017,371, 25
3018,346, 19
3019,315, 8
3020,305, 0
3021,345, 3
3022,353, 7
3023,341, 9
3024,329, 6
3025,367, 6
3026,446, 25
3027,499, 51
3028,484, 62
3029,457, 64
3030,411, 53
3031,349, 31
3032,285, 6
3033,276, 0
3034,267, 0
3035,231, 0
3036,168, 0
3037,113, 0
3038,70, 0
3039,54, 0
3040,56, 0
3041,57, 0
3042,67, 0
3043,26, 0
3044,1, 0
3045,35, 0
3046,30, 0
3047,2, 0
3048,39, 0
3049,121, 0
3050,173, 0
3051,199, 0
3052,195, 0
3053,131, 0
3054,74, 0
3055,29, 0
3056,19, 0
3057,25, 0
3058,32, 0
3059,61, 0
3060,87, 0
3061,116, 0
3062,130, 0
3063,170, 0
3064,202, 0
3065,214, 0
3066,218, 0
3067,193, 0
3068,155, 0
3069,104, 0
3070,32, 0
3071,3, 0
3072,21, 0
3073,6, 0
3074,12, 0
3075,94, 0
3076,158, 0
3077,148, 0
3078,113, 0
3079,81, 0
3080,102, 0
3081,142, 0
3082,221, 0
3083,301, 0
3084,370, 0
3085,431, 18
3086,500, 42
3087,547, 70
3088,540, 85
3089,455, 78
3090,330, 40
3091,196, 5
3092,94, 0
3093,63, 0
3094,83, 0
3095,108, 0
3096,132, 0
3097,182, 0
3098,204, 0
3099,185, 0
3100,156, 0
3101,148, 0
3102,179, 0
3103,257, 0
3104,323, 0
3105,380, 4
3106,418, 19
3107,404, 28
3108,341, 17
3109,262, 2
3110,247, 0
3111,224, 0
3112,230, 0
3113,233, 0
3114,220, 0
3115,175, 0
3116,126, 0
3117,88, 0
3118,58, 0
3119,38, 0
3120,8, 0
3121,1, 0
3122,35, 0
3123,92, 0
3124,134, 0
3125,158, 0
3126,136, 0
3127,62, 0
3128,7, 0
3129,0, 0
3130,0, 0
3131,43, 0
3132,100, 0
3133,140, 0
3134,159, 0
3135,134, 0
3136,95, 0
3137,61, 0
3138,69, 0
3139,81, 0
3140,145, 0
3141,196, 0
3142,197, 0
3143,137, 0
3144,62, 0
3145,7, 0
3146,41, 0
3147,93, 0
3148,144, 0
3149,188, 0
3150,213, 0
3151,219, 0
3152,223, 0
3153,207, 0
3154,218, 0
3155,207, 0
3156,186, 0
3157,152, 0
3158,127, 0
3159,137, 0
3160,176, 0
3161,214, 0
3162,248, 0
3163,262, 0
3164,264, 0
3165,261, 0
3166,278, 0
3167,294, 0
3168,280, 0
3169,260, 0
3170,251, 0
3171,218, 0
3172,166, 0
3173,138, 0
3174,147, 0
3175,183, 0
3176,210, 0
3177,164, 0
3178,58, 0
3179,26, 0
3180,154, 0
3181,202, 0
3182,152, 0
3183,51, 0
3184,6, 0
3185,47, 0
3186,71, 0
3187,117, 0
3188,115, 0
3189,136, 0
3190,154, 0
3191,182, 0
3192,220, 0
3193,278, 0
3194,318, 0
3195,323, 1
3196,294, 2
3197,233, 0
3198,153, 0
3199,53, 0
3200,5, 0
3201,59, 0
3202,112, 0
3203,122, 0
3204,38, 0
3205,30, 0
3206,121, 0
3207,152, 0
3208,167, 0
3209,175, 0
3210,192, 0
3211,219, 0
3212,276, 0
3213,378, 2
3214,464, 25
3215,508, 52
3216,487, 64
3217,421, 58
3218,361, 35
3219,337, 14
3220,347, 7
3221,373, 12
3222,381, 15
3223,374, 19
3224,356, 17
3225,339, 12
3226,311, 4
3227,273, 0
3228,238, 0
3229,158, 0
3230,117, 0
3231,115, 0
3232,129, 0
3233,149, 0
3234,167, 0
3235,173, 0
3236,133, 0
3237,70, 0
3238,29, 0
3239,0, 0
3240,1, 0
3241,23, 0
3242,22, 0
3243,14, 0
3244,138, 0
3245,255, 0
3246,313, 0
3247,331, 0
3248,334, 1
3249,413, 14
3250,415, 29
3251,361, 25
3252,271, 7
3253,116, 0
3254,12, 0
3255,79, 0
3256,144, 0
3257,165, 0
3258,179, 0
3259,132, 0
3260,35, 0
3261,19, 0
3262,102, 0
3263,151, 0
3264,168, 0
3265,186, 0
3266,176, 0
3267,188, 0
3268,181, 0
3269,163, 0
3270,166, 0
3271,188, 0
3272,221, 0
3273,233, 0
3274,256, 0
3275,251, 0
3276,273, 0
3277,337, 0
3278,373, 5
3279,395, 14
3280,406, 24
3281,362, 19
3282,289, 6
3283,204, 0
3284,116, 0
3285,74, 0
3286,91, 0
3287,104, 0
3288,106, 0
3289,92, 0
3290,26, 0
3291,2, 0
3292,44, 0
3293,29, 0
3294,6, 0
3295,8, 0
3296,54, 0
3297,69, 0
3298,64, 0
3299,25, 0
3300,0, 0
3301,19, 0
3302,1, 0
3303,18, 0
3304,21, 0
3305,24, 0
3306,0, 0
3307,17, 0
3308,64, 0
3309,117, 0
3310,156, 0
3311,155, 0
3312,133, 0
3313,62, 0
3314,23, 0
3315,2, 0
3316,0, 0
3317,0, 0
3318,6, 0
3319,6, 0
3320,11, 0
3321,1, 0
3322,0, 0
3323,0, 0
3324,0, 0
3325,41, 0
3326,123, 0
3327,190, 0
3328,246, 0
3329,285, 0
3330,292, 0
3331,246, 0
3332,169, 0
3333,56, 0
3334,2, 0
3335,0, 0
3336,41, 0
3337,108, 0
3338,142, 0
3339,123, 0
3340,71, 0
3341,63, 0
3342,87, 0
3343,122, 0
3344,159, 0
3345,165, 0
3346,165, 0
3347,173, 0
3348,170, 0
3349,133, 0
3350,45, 0
3351,43, 0
3352,176, 0
3353,217, 0
3354,150, 0
3355,51, 0
3356,11, 0
3357,121, 0
3358,286, 0
3359,444, 8
3360,515, 48
3361,512, 70
3362,465, 71
3363,415, 58
3364,417, 44
3365,430, 44
3366,415, 44
3367,344, 31
3368,226, 6
3369,115, 0
3370,69, 0
3371,72, 0
3372,107, 0
3373,141, 0
3374,176, 0
3375,183, 0
3376,189, 0
3377,174, 0
3378,126, 0
3379,70, 0
3380,25, 0
3381,11, 0
3382,11, 0
3383,5, 0
3384,0, 0
3385,14, 0
3386,2, 0
3387,86, 0
3388,238, 0
3389,391, 1
3390,481, 26
3391,510, 52
3392,502, 70
3393,488, 69
3394,457, 63
3395,419, 52
3396,381, 36
3397,387, 27
3398,409, 26
3399,445, 38
3400,423, 38
3401,344, 28
3402,196, 1
3403,71, 0
3404,47, 0
3405,83, 0
3406,141, 0
3407,226, 0
3408,308, 0
3409,373, 1
3410,399, 14
3411,398, 25
3412,332, 14
3413,255, 2
3414,221, 0
3415,192, 0
3416,159, 0
3417,149, 0
3418,132, 0
3419,96, 0
3420,35, 0
3421,0, 0
3422,0, 0
3423,36, 0
3424,115, 0
3425,183, 0
3426,210, 0
3427,200, 0
3428,170, 0
3429,149, 0
3430,127, 0
3431,137, 0
3432,95, 0
3433,46, 0
3434,22, 0
3435,0, 0
3436,7, 0
3437,23, 0
3438,11, 0
3439,0, 0
3440,0, 0
3441,0, 0
3442,1, 0
3443,6, 0
3444,3, 0
3445,0, 0
3446,0, 0
3447,6, 0
3448,32, 0
3449,38, 0
3450,36, 0
3451,42, 0
3452,62, 0
3453,96, 0
3454,108, 0
3455,106, 0
3456,81, 0
3457,56, 0
3458,27, 0
3459,20, 0
3460,50, 0
3461,97, 0
3462,126, 0
3463,137, 0
3464,132, 0
3465,118, 0
3466,84, 0
3467,27, 0
3468,1, 0
3469,2, 0
3470,18, 0
3471,48, 0
3472,62, 0
3473,19, 0
3474,0, 0
3475,2, 0
3476,3, 0
3477,0, 0
3478,19, 0
3479,62, 0
3480,91, 0
3481,105, 0
3482,109, 0
3483,120, 0
3484,116, 0
3485,90, 0
3486,58, 0
3487,35, 0
3488,19, 0
3489,24, 0
3490,69, 0
3491,79, 0
3492,95, 0
3493,89, 0
3494,52, 0
3495,70, 0
3496,97, 0
3497,122, 0
3498,110, 0
3499,63, 0
3500,12, 0
3501,2, 0
3502,44, 0
3503,60, 0
3504,65, 0
3505,67, 0
3506,52, 0
3507,43, 0
3508,41, 0
3509,70, 0
3510,87, 0
3511,110, 0
3512,125, 0
3513,139, 0
3514,152, 0
3515,127, 0
3516,138, 0
3517,159, 0
3518,210, 0
3519,280, 0
3520,334, 0
3521,373, 1
3522,361, 11
3523,340, 7
3524,300, 2
3525,266, 0
3526,234, 0
3527,217, 0
3528,206, 0
3529,214, 0
3530,224, 0
3531,229, 0
3532,227, 0
3533,213, 0
3534,170, 0
3535,171, 0
3536,191, 0
3537,189, 0
3538,147, 0
3539,108, 0
3540,93, 0
3541,132, 0
3542,174, 0
3543,202, 0
3544,206, 0
3545,207, 0
3546,202, 0
3547,202, 0
3548,181, 0
3549,141, 0
3550,96, 0
3551,67, 0
3552,50, 0
3553,51, 0
3554,51, 0
3555,37, 0
3556,34, 0
3557,53, 0
3558,74, 0
3559,102, 0
3560,133, 0
3561,144, 0
3562,163, 0
3563,164, 0
3564,126, 0
3565,77, 0
3566,42, 0
3567,28, 0
3568,46, 0
3569,97, 0
3570,145, 0
3571,137, 0
3572,112, 0
3573,115, 0
3574,122, 0
3575,127, 0
3576,138, 0
3577,189, 0
3578,258, 0
3579,297, 0
3580,291, 0
3581,267, 0
3582,243, 0
3583,185, 0
3584,148, 0
3585,102, 0
3586,68, 0
3587,68, 0
3588,115, 0
3589,187, 0
3590,212, 0
3591,223, 0
3592,226, 0
3593,232, 0
3594,214, 0
3595,152, 0
3596,115, 0
3597,115, 0
3598,143, 0
3599,189, 0
3600,240, 0
3601,285, 0
3602,325, 0
3603,346, 3
3604,329, 7
3605,286, 3
3606,226, 0
3607,174, 0
3608,127, 0
3609,104, 0
3610,84, 0
3611,68, 0
3612,80, 0
3613,92, 0
3614,117, 0
3615,119, 0
3616,90, 0
3617,79, 0
3618,71, 0
3619,69, 0
3620,52, 0
3621,25, 0
3622,0, 0
3623,3, 0
3624,31, 0
3625,55, 0
3626,74, 0
3627,80, 0
3628,55, 0
3629,10, 0
3630,15, 0
3631,76, 0
3632,104, 0
3633,113, 0
3634,108, 0
3635,117, 0
3636,176, 0
3637,256, 0
3638,326, 0
3639,348, 0
3640,342, 3
3641,329, 1
3642,324, 0
3643,347, 4
3644,344, 4
3645,325, 2
3646,269, 0
3647,195, 0
3648,107, 0
3649,24, 0
3650,0, 0
3651,2, 0
3652,14, 0
3653,25, 0
3654,6, 0
3655,8, 0
3656,29, 0
3657,25, 0
3658,0, 0
3659,29, 0
3660,104, 0
3661,161, 0
3662,206, 0
3663,224, 0
3664,218, 0
3665,187, 0
3666,102, 0
3667,19, 0
3668,18, 0
3669,28, 0
3670,3, 0
3671,14, 0
3672,89, 0
3673,133, 0
3674,158, 0
3675,204, 0
3676,262, 0
3677,308, 0
3678,351, 0
3679,322, 4
3680,278, 1
3681,251, 0
3682,217, 0
3683,127, 0
3684,18, 0
3685,101, 0
3686,203, 0
3687,286, 0
3688,295, 0
3689,263, 0
3690,163, 0
3691,32, 0
3692,65, 0
3693,176, 0
3694,218, 0
3695,223, 0
3696,170, 0
3697,147, 0
3698,147, 0
3699,200, 0
3700,274, 0
3701,324, 0
3702,337, 0
3703,356, 3
3704,368, 7
3705,346, 10
3706,290, 4
3707,229, 0
3708,195, 0
3709,210, 0
3710,282, 0
3711,357, 0
3712,442, 19
3713,512, 50
3714,548, 76
3715,576, 93
3716,573, 102
3717,547, 105
3718,521, 99
3719,499, 91
3720,491, 83
3721,463, 75
3722,434, 65
3723,386, 48
3724,326, 25
3725,245, 4
3726,134, 0
3727,57, 0
3728,2, 0
3729,29, 0
3730,34, 0
3731,32, 0
3732,21, 0
3733,0, 0
3734,8, 0
3735,46, 0
3736,76, 0
3737,68, 0
3738,43, 0
3739,22, 0
3740,1, 0
3741,0, 0
3742,0, 0
3743,0, 0
3744,0, 0
3745,4, 0
3746,1, 0
3747,0, 0
3748,26, 0
3749,43, 0
3750,108, 0
3751,183, 0
3752,256, 0
3753,257, 0
3754,239, 0
3755,244, 0
3756,300, 0
3757,325, 0
3758,333, 0
3759,318, 1
3760,285, 0
3761,232, 0
3762,180, 0
3763,132, 0
3764,127, 0
3765,172, 0
3766,231, 0
3767,271, 0
3768,276, 0
3769,277, 0
3770,247, 0
3771,208, 0
3772,152, 0
3773,97, 0
3774,36, 0
3775,12, 0
3776,12, 0
3777,9, 0
3778,6, 0
3779,1, 0
3780,30, 0
3781,75, 0
3782,103, 0
3783,117, 0
3784,97, 0
3785,78, 0
3786,63, 0
3787,74, 0
3788,88, 0
3789,109, 0
3790,148, 0
3791,110, 0
3792,83, 0
3793,42, 0
3794,6, 0
3795,0, 0
3796,0, 0
3797,0, 0
3798,0, 0
3799,6, 0
3800,2, 0
3801,0, 0
3802,0, 0
3803,0, 0
3804,0, 0
3805,0, 0
3806,24, 0
3807,70, 0
3808,96, 0
3809,79, 0
3810,19, 0
3811,0, 0
3812,12, 0
3813,0, 0
3814,13, 0
3815,59, 0
3816,99, 0
3817,130, 0
3818,152, 0
3819,183, 0
3820,220, 0
3821,222, 0
3822,196, 0
3823,183, 0
3824,173, 0
3825,196, 0
3826,234, 0
3827,251, 0
3828,265, 0
3829,260, 0
3830,244, 0
3831,234, 0
3832,230, 0
3833,206, 0
3834,192, 0
3835,214, 0
3836,233, 0
3837,258, 0
3838,236, 0
3839,168, 0
3840,89, 0
3841,52, 0
3842,6, 0
3843,2, 0
3844,0, 0
3845,19, 0
3846,12, 0
3847,0, 0
3848,2, 0
3849,20, 0
3850,47, 0
3851,92, 0
3852,152, 0
3853,207, 0
3854,236, 0
3855,234, 0
3856,214, 0
3857,204, 0
3858,226, 0
3859,208, 0
3860,170, 0
3861,133, 0
3862,102, 0
3863,92, 0
3864,89, 0
3865,80, 0
3866,62, 0
3867,81, 0
3868,72, 0
3869,63, 0
3870,34, 0
3871,28, 0
3872,46, 0
3873,85, 0
3874,127, 0
3875,154, 0
3876,138, 0
3877,92, 0
3878,59, 0
3879,18, 0
3880,0, 0
3881,0, 0
3882,0, 0
3883,5, 0
3884,8, 0
3885,0, 0
3886,24, 0
3887,110, 0
3888,200, 0
3889,262, 0
3890,313, 0
3891,325, 0
3892,369, 6
3893,360, 12
3894,377, 13
3895,384, 22
3896,405, 28
3897,395, 26
3898,379, 26
3899,330, 14
3900,280, 4
3901,244, 0
3902,226, 0
3903,207, 0
3904,187, 0
3905,171, 0
3906,151, 0
3907,130, 0
3908,102, 0
3909,90, 0
3910,89, 0
3911,91, 0
3912,89, 0
3913,127, 0
3914,143, 0
3915,140, 0
3916,129, 0
3917,108, 0
3918,100, 0
3919,89, 0
3920,88, 0
3921,74, 0
3922,60, 0
3923,40, 0
3924,7, 0
3925,0, 0
3926,0, 0
3927,0, 0
3928,0, 0
3929,0, 0
3930,0, 0
3931,1, 0
3932,10, 0
3933,14, 0
3934,44, 0
3935,122, 0
3936,193, 0
3937,205, 0
3938,182, 0
3939,148, 0
3940,94, 0
3941,67, 0
3942,71, 0
3943,94, 0
3944,159, 0
3945,223, 0
3946,271, 0
3947,294, 0
3948,300, 0
3949,284, 0
3950,257, 0
3951,235, 0
3952,261, 0
3953,290, 0
3954,351, 0
3955,349, 6
3956,318, 6
3957,261, 0
3958,159, 0
3959,70, 0
3960,10, 0
3961,0, 0
3962,10, 0
3963,61, 0
3964,118, 0
3965,158, 0
3966,198, 0
3967,215, 0
3968,214, 0
3969,200, 0
3970,179, 0
3971,151, 0
3972,92, 0
3973,25, 0
3974,0, 0
3975,5, 0
3976,52, 0
3977,102, 0
3978,140, 0
3979,134, 0
3980,96, 0
3981,43, 0
3982,0, 0
3983,40, 0
3984,80, 0
3985,83, 0
3986,65, 0
3987,24, 0
3988,1, 0
3989,31, 0
3990,78, 0
3991,111, 0
3992,61, 0
3993,8, 0
3994,89, 0
3995,176, 0
3996,244, 0
3997,277, 0
3998,286, 0
3999,270, 0
4000,244, 0
4001,206, 0
4002,196, 0
4003,198, 0
4004,226, 0
4005,251, 0
4006,237, 0
4007,183, 0
4008,120, 0
4009,73, 0
4010,17, 0
4011,0, 0
4012,0, 0
4013,0, 0
4014,0, 0
4015,54, 0
4016,149, 0
4017,231, 0
4018,280, 0
4019,312, 0
4020,338, 1
4021,331, 3
4022,298, 1
4023,289, 0
4024,283, 0
4025,290, 0
4026,309, 0
4027,306, 0
4028,305, 0
4029,300, 0
4030,297, 0
4031,294, 0
4032,306, 0
4033,306, 0
4034,276, 0
4035,247, 0
4036,185, 0
4037,145, 0
4038,152, 0
4039,159, 0
4040,143, 0
4041,134, 0
4042,90, 0
4043,55, 0
4044,44, 0
4045,41, 0
4046,43, 0
4047,51, 0
4048,65, 0
4049,107, 0
4050,164, 0
4051,201, 0
4052,188, 0
4053,142, 0
4054,125, 0
4055,141, 0
4056,164, 0
4057,196, 0
4058,210, 0
4059,220, 0
4060,238, 0
4061,267, 0
4062,289, 0
4063,297, 0
4064,263, 0
4065,228, 0
4066,244, 0
4067,276, 0
4068,286, 0
4069,271, 0
4070,240, 0
4071,175, 0
4072,150, 0
4073,139, 0
4074,131, 0
4075,169, 0
4076,202, 0
4077,207, 0
4078,206, 0
4079,177, 0
4080,167, 0
4081,156, 0
4082,115, 0
4083,73, 0
4084,64, 0
4085,60, 0
4086,42, 0
4087,35, 0
4088,52, 0
4089,77, 0
4090,100, 0
4091,121, 0
4092,101, 0
4093,64, 0
4094,32, 0
4095,10, 0
4096,12, 0
4097,1, 0
4098,0, 0
4099,0, 0
4100,6, 0
4101,20, 0
4102,28, 0
4103,22, 0
4104,2, 0
4105,0, 0
4106,2, 0
4107,10, 0
4108,12, 0
4109,1, 0
4110,0, 0
4111,19, 0
4112,41, 0
4113,55, 0
4114,69, 0
4115,29, 0
4116,21, 0
4117,2, 0
4118,50, 0
4119,102, 0
4120,123, 0
4121,158, 0
4122,203, 0
4123,235, 0
4124,258, 0
4125,262, 0
4126,260, 0
4127,261, 0
4128,256, 0
4129,231, 0
4130,221, 0
4131,208, 0
4132,199, 0
4133,201, 0
4134,196, 0
4135,183, 0
4136,170, 0
4137,180, 0
4138,159, 0
4139,167, 0
4140,181, 0
4141,193, 0
4142,195, 0
4143,158, 0
4144,97, 0
4145,92, 0
4146,113, 0
4147,142, 0
4148,155, 0
4149,141, 0
4150,134, 0
4151,105, 0
4152,78, 0
4153,30, 0
4154,6, 0
4155,0, 0
4156,1, 0
4157,2, 0
4158,17, 0
4159,44, 0
4160,57, 0
4161,93, 0
4162,94, 0
4163,103, 0
4164,95, 0
4165,59, 0
4166,34, 0
4167,25, 0
4168,39, 0
4169,30, 0
4170,38, 0
4171,39, 0
4172,54, 0
4173,95, 0
4174,143, 0
4175,184, 0
4176,206, 0
4177,213, 0
4178,220, 0
4179,258, 0
4180,272, 0
4181,259, 0
4182,251, 0
4183,236, 0
4184,239, 0
4185,244, 0
4186,244, 0
4187,238, 0
4188,247, 0
4189,268, 0
4190,286, 0
4191,289, 0
4192,276, 0
4193,233, 0
4194,218, 0
4195,200, 0
4196,189, 0
4197,191, 0
4198,189, 0
4199,176, 0
4200,184, 0
4201,189, 0
4202,196, 0
4203,200, 0
4204,167, 0
4205,112, 0
4206,85, 0
4207,73, 0
4208,76, 0
4209,88, 0
4210,101, 0
4211,108, 0
4212,113, 0
4213,109, 0
4214,102, 0
4215,92, 0
4216,86, 0
4217,81, 0
4218,64, 0
4219,58, 0
4220,38, 0
4221,11, 0
4222,0, 0
4223,0, 0
4224,6, 0
4225,24, 0
4226,34, 0
4227,44, 0
4228,70, 0
4229,86, 0
4230,92, 0
4231,86, 0
4232,70, 0
4233,55, 0
4234,50, 0
4235,43, 0
4236,29, 0
4237,37, 0
4238,54, 0
4239,97, 0
4240,151, 0
4241,174, 0
4242,175, 0
4243,168, 0
4244,165, 0
4245,160, 0
4246,160, 0
4247,156, 0
4248,158, 0
4249,181, 0
4250,217, 0
4251,241, 0
4252,263, 0
4253,286, 0
4254,258, 0
4255,244, 0
4256,224, 0
4257,200, 0
4258,185, 0
4259,183, 0
4260,171, 0
4261,159, 0
4262,160, 0
4263,158, 0
4264,164, 0
4265,148, 0
4266,136, 0
4267,119, 0
4268,108, 0
4269,83, 0
4270,69, 0
4271,76, 0
4272,80, 0
4273,104, 0
4274,138, 0
4275,133, 0
4276,127, 0
4277,104, 0
4278,93, 0
4279,89, 0
4280,103, 0
4281,78, 0
4282,74, 0
4283,75, 0
4284,94, 0
4285,138, 0
4286,108, 0
4287,89, 0
4288,80, 0
4289,86, 0
4290,79, 0
4291,69, 0
4292,51, 0
4293,30, 0
4294,19, 0
4295,15, 0
4296,12, 0
4297,21, 0
4298,45, 0
4299,73, 0
4300,112, 0
4301,152, 0
4302,158, 0
4303,144, 0
4304,131, 0
4305,125, 0
4306,127, 0
4307,141, 0
4308,168, 0
4309,198, 0
4310,244, 0
4311,251, 0
4312,251, 0
4313,254, 0
4314,244, 0
4315,216, 0
4316,210, 0
4317,206, 0
4318,217, 0
4319,226, 0
4320,242, 0
4321,244, 0
4322,231, 0
4323,210, 0
4324,159, 0
4325,115, 0
4326,55, 0
4327,45, 0
4328,83, 0
4329,142, 0
4330,183, 0
4331,197, 0
4332,208, 0
4333,212, 0
4334,204, 0
4335,201, 0
4336,159, 0
4337,120, 0
4338,89, 0
4339,67, 0
4340,65, 0
4341,63, 0
4342,57, 0
4343,58, 0
4344,62, 0
4345,76, 0
4346,80, 0
4347,87, 0
4348,67, 0
4349,40, 0
4350,15, 0
4351,2, 0
4352,7, 0
4353,24, 0
4354,32, 0
4355,50, 0
4356,79, 0
4357,109, 0
4358,123, 0
4359,127, 0
4360,127, 0
4361,152, 0
4362,182, 0
4363,196, 0
4364,190, 0
4365,189, 0
4366,185, 0
4367,183, 0
4368,202, 0
4369,191, 0
4370,181, 0
4371,159, 0
4372,163, 0
4373,159, 0
4374,156, 0
4375,125, 0
4376,73, 0
4377,46, 0
4378,40, 0
4379,70, 0
4380,129, 0
4381,179, 0
4382,232, 0
4383,254, 0
4384,269, 0
4385,258, 0
4386,237, 0
4387,193, 0
4388,158, 0
4389,155, 0
4390,183, 0
4391,193, 0
4392,184, 0
4393,177, 0
4394,159, 0
4395,128, 0
4396,125, 0
4397,103, 0
4398,74, 0
4399,57, 0
4400,38, 0
4401,23, 0
4402,32, 0
4403,50, 0
4404,48, 0
4405,76, 0
4406,87, 0
4407,90, 0
4408,58, 0
4409,14, 0
4410,1, 0
4411,6, 0
4412,21, 0
4413,52, 0
4414,85, 0
4415,108, 0
4416,123, 0
4417,139, 0
4418,136, 0
4419,113, 0
4420,99, 0
4421,95, 0
4422,125, 0
4423,171, 0
4424,201, 0
4425,201, 0
4426,198, 0
4427,191, 0
4428,185, 0
4429,171, 0
4430,155, 0
4431,144, 0
4432,140, 0
4433,142, 0
4434,145, 0
4435,169, 0
4436,183, 0
4437,183, 0
4438,180, 0
4439,171, 0
4440,177, 0
4441,207, 0
4442,214, 0
4443,223, 0
4444,226, 0
4445,215, 0
4446,214, 0
4447,196, 0
4448,142, 0
4449,89, 0
4450,74, 0
4451,78, 0
4452,81, 0
4453,102, 0
4454,124, 0
4455,142, 0
4456,161, 0
4457,160, 0
4458,142, 0
4459,109, 0
4460,89, 0
4461,74, 0
4462,48, 0
4463,39, 0
4464,27, 0
4465,27, 0
4466,47, 0
4467,78, 0
4468,106, 0
4469,97, 0
4470,79, 0
4471,64, 0
4472,68, 0
4473,83, 0
4474,86, 0
4475,94, 0
4476,93, 0
4477,89, 0
4478,79, 0
4479,45, 0
4480,29, 0
4481,32, 0
4482,42, 0
4483,76, 0
4484,120, 0
4485,139, 0
4486,149, 0
4487,161, 0
4488,176, 0
4489,192, 0
4490,196, 0
4491,196, 0
4492,202, 0
4493,200, 0
4494,189, 0
4495,164, 0
4496,173, 0
4497,170, 0
4498,168, 0
4499,183, 0
4500,186, 0
4501,189, 0
4502,202, 0
4503,205, 0
4504,186, 0
4505,176, 0
4506,181, 0
4507,188, 0
4508,202, 0
4509,174, 0
4510,138, 0
4511,159, 0
4512,164, 0
4513,157, 0
4514,157, 0
4515,160, 0
4516,141, 0
4517,149, 0
4518,136, 0
4519,127, 0
4520,117, 0
4521,108, 0
4522,97, 0
4523,92, 0
4524,89, 0
4525,64, 0
4526,51, 0
4527,43, 0
4528,54, 0
4529,63, 0
4530,51, 0
4531,30, 0
4532,24, 0
4533,39, 0
4534,55, 0
4535,62, 0
4536,75, 0
4537,90, 0
4538,97, 0
4539,102, 0
4540,105, 0
4541,94, 0
4542,102, 0
4543,106, 0
4544,126, 0
4545,166, 0
4546,174, 0
4547,164, 0
4548,171, 0
4549,179, 0
4550,177, 0
4551,189, 0
4552,187, 0
4553,193, 0
4554,181, 0
4555,191, 0
4556,187, 0
4557,217, 0
4558,212, 0
4559,219, 0
4560,224, 0
4561,219, 0
4562,218, 0
4563,204, 0
4564,202, 0
4565,182, 0
4566,183, 0
4567,187, 0
4568,204, 0
4569,204, 0
4570,185, 0
4571,148, 0
4572,150, 0
4573,147, 0
4574,137, 0
4575,136, 0
4576,151, 0
4577,147, 0
4578,138, 0
4579,128, 0
4580,116, 0
4581,101, 0
4582,86, 0
4583,75, 0
4584,70, 0
4585,65, 0
4586,51, 0
4587,37, 0
4588,38, 0
4589,51, 0
4590,62, 0
4591,60, 0
4592,57, 0
4593,44, 0
4594,51, 0
4595,44, 0
4596,38, 0
4597,38, 0
4598,34, 0
4599,57, 0
4600,60, 0
4601,59, 0
4602,55, 0
4603,61, 0
4604,83, 0
4605,138, 0
4606,190, 0
4607,212, 0
4608,214, 0
4609,213, 0
4610,213, 0
4611,204, 0
4612,207, 0
4613,196, 0
4614,193, 0
4615,200, 0
4616,198, 0
4617,204, 0
4618,217, 0
4619,212, 0
4620,206, 0
4621,211, 0
4622,196, 0
4623,202, 0
4624,197, 0
4625,197, 0
4626,197, 0
4627,196, 0
4628,198, 0
4629,200, 0
4630,187, 0
4631,148, 0
4632,123, 0
4633,120, 0
4634,115, 0
4635,117, 0
4636,135, 0
4637,157, 0
4638,138, 0
4639,127, 0
4640,121, 0
4641,103, 0
4642,105, 0
4643,89, 0
4644,85, 0
4645,76, 0
4646,81, 0
4647,73, 0
4648,70, 0
4649,60, 0
4650,75, 0
4651,70, 0
4652,51, 0
4653,32, 0
4654,40, 0
4655,43, 0
4656,44, 0
4657,50, 0
4658,45, 0
4659,38, 0
4660,34, 0
4661,44, 0
4662,19, 0
4663,17, 0
4664,26, 0
4665,45, 0
4666,86, 0
4667,133, 0
4668,149, 0
4669,154, 0
4670,160, 0
4671,163, 0
4672,167, 0
4673,181, 0
4674,176, 0
4675,190, 0
4676,187, 0
4677,189, 0
4678,195, 0
4679,215, 0
4680,214, 0
4681,211, 0
4682,224, 0
4683,218, 0
4684,232, 0
4685,230, 0
4686,227, 0
4687,235, 0
4688,236, 0
4689,218, 0
4690,224, 0
4691,207, 0
4692,163, 0
4693,124, 0
4694,137, 0
4695,129, 0
4696,143, 0
4697,159, 0
4698,154, 0
4699,149, 0
4700,149, 0
4701,139, 0
4702,112, 0
4703,95, 0
4704,90, 0
4705,76, 0
4706,76, 0
4707,69, 0
4708,62, 0
4709,51, 0
4710,52, 0
4711,68, 0
4712,73, 0
4713,58, 0
4714,53, 0
4715,50, 0
4716,60, 0
4717,61, 0
4718,60, 0
4719,63, 0
4720,53, 0
4721,67, 0
4722,53, 0
4723,40, 0
4724,34, 0
4725,35, 0
4726,51, 0
4727,93, 0
4728,139, 0
4729,152, 0
4730,137, 0
4731,153, 0
4732,138, 0
4733,155, 0
4734,163, 0
4735,159, 0
4736,170, 0
4737,180, 0
4738,188, 0
4739,183, 0
4740,207, 0
4741,205, 0
4742,211, 0
4743,214, 0
4744,219, 0
4745,226, 0
4746,219, 0
4747,212, 0
4748,201, 0
4749,208, 0
4750,197, 0
4751,199, 0
4752,165, 0
4753,142, 0
4754,115, 0
4755,117, 0
4756,129, 0
4757,126, 0
4758,135, 0
4759,138, 0
4760,141, 0
4761,137, 0
4762,134, 0
4763,123, 0
4764,107, 0
4765,100, 0
4766,92, 0
4767,83, 0
4768,78, 0
4769,67, 0
4770,51, 0
4771,52, 0
4772,57, 0
4773,60, 0
4774,43, 0
4775,26, 0
4776,28, 0
4777,41, 0
4778,48, 0
4779,53, 0
4780,61, 0
4781,57, 0
4782,41, 0
4783,35, 0
4784,15, 0
4785,13, 0
4786,27, 0
4787,52, 0
4788,94, 0
4789,145, 0
4790,141, 0
4791,149, 0
4792,164, 0
4793,169, 0
4794,179, 0
4795,183, 0
4796,180, 0
4797,186, 0
4798,187, 0
4799,204, 0
4800,213, 0
4801,223, 0
4802,227, 0
4803,223, 0
4804,217, 0
4805,213, 0
4806,219, 0
4807,211, 0
4808,202, 0
4809,205, 0
4810,202, 0
4811,200, 0
4812,207, 0
4813,190, 0
4814,143, 0
4815,128, 0
4816,132, 0
4817,118, 0
4818,133, 0
4819,141, 0
4820,145, 0
4821,134, 0
4822,139, 0
4823,127, 0
4824,113, 0
4825,100, 0
4826,106, 0
4827,94, 0
4828,90, 0
4829,87, 0
4830,81, 0
4831,68, 0
4832,69, 0
4833,70, 0
4834,71, 0
4835,46, 0
4836,38, 0
4837,43, 0
4838,51, 0
4839,58, 0
4840,63, 0
4841,70, 0
4842,60, 0
4843,51, 0
4844,48, 0
4845,24, 0
4846,8, 0
4847,5, 0
4848,28, 0
4849,90, 0
4850,140, 0
4851,159, 0
4852,177, 0
4853,184, 0
4854,187, 0
4855,189, 0
4856,190, 0
4857,183, 0
4858,187, 0
4859,187, 0
4860,199, 0
4861,206, 0
4862,223, 0
4863,215, 0
4864,211, 0
4865,212, 0
4866,207, 0
4867,197, 0
4868,204, 0
4869,193, 0
4870,204, 0
4871,185, 0
4872,184, 0
4873,175, 0
4874,164, 0
4875,149, 0
4876,135, 0
4877,156, 0
4878,159, 0
4879,150, 0
4880,158, 0
4881,154, 0
4882,147, 0
4883,144, 0
4884,132, 0
4885,123, 0
4886,109, 0
4887,101, 0
4888,97, 0
4889,89, 0
4890,85, 0
4891,94, 0
4892,65, 0
4893,70, 0
4894,73, 0
4895,63, 0
4896,39, 0
4897,30, 0
4898,32, 0
4899,43, 0
4900,51, 0
4901,64, 0
4902,51, 0
4903,54, 0
4904,45, 0
4905,38, 0
4906,25, 0
4907,21, 0
4908,34, 0
4909,58, 0
4910,109, 0
4911,142, 0
4912,152, 0
4913,145, 0
4914,158, 0
4915,164, 0
4916,177, 0
4917,185, 0
4918,171, 0
4919,186, 0
4920,189, 0
4921,202, 0
4922,211, 0
4923,219, 0
4924,207, 0
4925,212, 0
4926,215, 0
4927,215, 0
4928,213, 0
4929,204, 0
4930,214, 0
4931,196, 0
4932,190, 0
4933,203, 0
4934,206, 0
4935,175, 0
4936,150, 0
4937,118, 0
4938,127, 0
4939,129, 0
4940,134, 0
4941,145, 0
4942,152, 0
4943,159, 0
4944,161, 0
4945,144, 0
4946,128, 0
4947,113, 0
4948,104, 0
4949,96, 0
4950,95, 0
4951,93, 0
4952,73, 0
4953,71, 0
4954,70, 0
4955,77, 0
4956,63, 0
4957,42, 0
4958,41, 0
4959,45, 0
4960,51, 0
4961,58, 0
4962,63, 0
4963,62, 0
4964,59, 0
4965,47, 0
4966,37, 0
4967,20, 0
4968,26, 0
4969,31, 0
4970,58, 0
4971,107, 0
4972,140, 0
4973,139, 0
4974,135, 0
4975,122, 0
4976,116, 0
4977,131, 0
4978,148, 0
4979,168, 0
4980,200, 0
4981,233, 0
4982,252, 0
4983,254, 0
4984,257, 0
4985,232, 0
4986,229, 0
4987,215, 0
4988,213, 0
4989,223, 0
4990,218, 0
4991,216, 0
4992,211, 0
4993,220, 0
4994,220, 0
4995,219, 0
4996,189, 0
4997,163, 0
4998,141, 0
4999,149, 0
5000,147, 0
5001,154, 0
5002,156, 0
5003,156, 0
5004,159, 0
5005,159, 0
5006,158, 0
5007,128, 0
5008,118, 0
5009,106, 0
5010,101, 0
5011,99, 0
5012,93, 0
5013,90, 0
5014,72, 0
5015,76, 0
5016,79, 0
5017,71, 0
5018,51, 0
5019,37, 0
5020,38, 0
5021,40, 0
5022,44, 0
5023,48, 0
5024,43, 0
5025,39, 0
5026,22, 0
5027,18, 0
5028,1, 0
5029,0, 0
5030,8, 0
5031,34, 0
5032,84, 0
5033,121, 0
5034,130, 0
5035,128, 0
5036,159, 0
5037,159, 0
5038,173, 0
5039,185, 0
5040,171, 0
5041,175, 0
5042,199, 0
5043,201, 0
5044,216, 0
5045,228, 0
5046,219, 0
5047,219, 0
5048,217, 0
5049,205, 0
5050,221, 0
5051,229, 0
5052,210, 0
5053,213, 0
5054,206, 0
5055,206, 0
5056,207, 0
5057,196, 0
5058,130, 0
5059,135, 0
5060,138, 0
5061,140, 0
5062,147, 0
5063,152, 0
5064,155, 0
5065,151, 0
5066,148, 0
5067,138, 0
5068,121, 0
5069,107, 0
5070,83, 0
5071,90, 0
5072,83, 0
5073,77, 0
5074,63, 0
5075,46, 0
5076,53, 0
5077,58, 0
5078,54, 0
5079,34, 0
5080,28, 0
5081,31, 0
5082,38, 0
5083,44, 0
5084,45, 0
5085,41, 0
5086,38, 0
5087,27, 0
5088,20, 0
5089,6, 0
5090,9, 0
5091,19, 0
5092,55, 0
5093,99, 0
5094,129, 0
5095,133, 0
5096,133, 0
5097,152, 0
5098,155, 0
5099,169, 0
5100,173, 0
5101,168, 0
5102,188, 0
5103,201, 0
5104,205, 0
5105,224, 0
5106,239, 0
5107,222, 0
5108,222, 0
5109,229, 0
5110,217, 0
5111,214, 0
5112,237, 0
5113,219, 0
5114,222, 0
5115,224, 0
5116,210, 0
5117,220, 0
5118,180, 0
5119,160, 0
5120,151, 0
5121,153, 0
5122,143, 0
5123,145, 0
5124,158, 0
5125,161, 0
5126,169, 0
5127,169, 0
5128,158, 0
5129,137, 0
5130,143, 0
5131,108, 0
5132,107, 0
5133,100, 0
5134,92, 0
5135,78, 0
5136,68, 0
5137,70, 0
5138,76, 0
5139,57, 0
5140,41, 0
5141,31, 0
5142,38, 0
5143,45, 0
5144,51, 0
5145,41, 0
5146,41, 0
5147,35, 0
5148,35, 0
5149,26, 0
5150,17, 0
5151,23, 0
5152,37, 0
5153,76, 0
5154,129, 0
5155,151, 0
5156,155, 0
5157,166, 0
5158,176, 0
5159,183, 0
5160,186, 0
5161,176, 0
5162,159, 0
5163,164, 0
5164,171, 0
5165,172, 0
5166,191, 0
5167,212, 0
5168,207, 0
5169,220, 0
5170,223, 0
5171,214, 0
5172,220, 0
5173,215, 0
5174,203, 0
5175,190, 0
5176,203, 0
5177,205, 0
5178,193, 0
5179,159, 0
5180,120, 0
5181,115, 0
5182,117, 0
5183,123, 0
5184,136, 0
5185,145, 0
5186,140, 0
5187,134, 0
5188,108, 0
5189,96, 0
5190,83, 0
5191,76, 0
5192,73, 0
5193,79, 0
5194,87, 0
5195,95, 0
5196,102, 0
5197,132, 0
5198,166, 0
5199,199, 0
5200,195, 0
5201,176, 0
5202,159, 0
5203,150, 0
5204,150, 0
5205,156, 0
5206,152, 0
5207,145, 0
5208,108, 0
5209,68, 0
5210,36, 0
5211,6, 0
5212,0, 0
5213,0, 0
5214,0, 0
5215,21, 0
5216,32, 0
5217,39, 0
5218,47, 0
5219,62, 0
5220,76, 0
5221,107, 0
5222,132, 0
5223,158, 0
5224,190, 0
5225,206, 0
5226,220, 0
5227,240, 0
5228,214, 0
5229,197, 0
5230,191, 0
5231,192, 0
5232,184, 0
5233,184, 0
5234,173, 0
5235,166, 0
5236,158, 0
5237,157, 0
5238,145, 0
5239,148, 0
5240,118, 0
5241,87, 0
5242,102, 0
5243,106, 0
5244,108, 0
5245,120, 0
5246,119, 0
5247,115, 0
5248,122, 0
5249,122, 0
5250,126, 0
5251,121, 0
5252,117, 0
5253,121, 0
5254,112, 0
5255,96, 0
5256,79, 0
5257,58, 0
5258,43, 0
5259,54, 0
5260,70, 0
5261,78, 0
5262,80, 0
5263,105, 0
5264,149, 0
5265,182, 0
5266,198, 0
5267,196, 0
5268,176, 0
5269,153, 0
5270,128, 0
5271,97, 0
5272,65, 0
5273,45, 0
5274,29, 0
5275,46, 0
5276,83, 0
5277,106, 0
5278,120, 0
5279,129, 0
5280,135, 0
5281,152, 0
5282,155, 0
5283,156, 0
5284,149, 0
5285,151, 0
5286,160, 0
5287,175, 0
5288,201, 0
5289,207, 0
5290,187, 0
5291,185, 0
5292,154, 0
5293,157, 0
5294,148, 0
5295,137, 0
5296,152, 0
5297,152, 0
5298,167, 0
5299,192, 0
5300,199, 0
5301,185, 0
5302,160, 0
5303,161, 0
5304,161, 0
5305,163, 0
5306,149, 0
5307,144, 0
5308,135, 0
5309,121, 0
5310,97, 0
5311,75, 0
5312,47, 0
5313,44, 0
5314,53, 0
5315,76, 0
5316,94, 0
5317,115, 0
5318,115, 0
5319,116, 0
5320,134, 0
5321,145, 0
5322,126, 0
5323,116, 0
5324,103, 0
5325,85, 0
5326,87, 0
5327,86, 0
5328,85, 0
5329,80, 0
5330,73, 0
5331,65, 0
5332,43, 0
5333,40, 0
5334,38, 0
5335,45, 0
5336,83, 0
5337,125, 0
5338,142, 0
5339,156, 0
5340,165, 0
5341,176, 0
5342,184, 0
5343,187, 0
5344,202, 0
5345,214, 0
5346,214, 0
5347,202, 0
5348,189, 0
5349,190, 0
5350,182, 0
5351,175, 0
5352,170, 0
5353,168, 0
5354,172, 0
5355,169, 0
5356,166, 0
5357,150, 0
5358,145, 0
5359,145, 0
5360,152, 0
5361,177, 0
5362,149, 0
5363,137, 0
5364,144, 0
5365,145, 0
5366,151, 0
5367,159, 0
5368,168, 0
5369,166, 0
5370,159, 0
5371,133, 0
5372,95, 0
5373,74, 0
5374,62, 0
5375,55, 0
5376,64, 0
5377,70, 0
5378,74, 0
5379,90, 0
5380,103, 0
5381,141, 0
5382,170, 0
5383,191, 0
5384,195, 0
5385,196, 0
5386,169, 0
5387,174, 0
5388,155, 0
5389,121, 0
5390,86, 0
5391,63, 0
5392,44, 0
5393,21, 0
5394,20, 0
5395,0, 0
5396,0, 0
5397,10, 0
5398,51, 0
5399,76, 0
5400,93, 0
5401,110, 0
5402,130, 0
5403,144, 0
5404,149, 0
5405,142, 0
5406,145, 0
5407,154, 0
5408,152, 0
5409,152, 0
5410,156, 0
5411,142, 0
5412,150, 0
5413,172, 0
5414,204, 0
5415,258, 0
5416,301, 0
5417,348, 0
5418,338, 4
5419,318, 4
5420,289, 0
5421,241, 0
5422,193, 0
5423,124, 0
5424,89, 0
5425,74, 0
5426,81, 0
5427,77, 0
5428,83, 0
5429,91, 0
5430,102, 0
5431,111, 0
5432,109, 0
5433,88, 0
5434,61, 0
5435,48, 0
5436,29, 0
5437,25, 0
5438,31, 0
5439,61, 0
5440,76, 0
5441,103, 0
5442,135, 0
5443,152, 0
5444,129, 0
5445,79, 0
5446,40, 0
5447,3, 0
5448,0, 0
5449,6, 0
5450,50, 0
5451,93, 0
5452,123, 0
5453,128, 0
5454,135, 0
5455,149, 0
5456,154, 0
5457,183, 0
5458,218, 0
5459,226, 0
5460,207, 0
5461,174, 0
5462,151, 0
5463,126, 0
5464,108, 0
5465,97, 0
5466,107, 0
5467,132, 0
5468,170, 0
5469,246, 0
5470,294, 0
5471,332, 0
5472,321, 1
5473,298, 0
5474,269, 0
5475,204, 0
5476,164, 0
5477,135, 0
5478,123, 0
5479,127, 0
5480,144, 0
5481,149, 0
5482,151, 0
5483,117, 0
5484,79, 0
5485,50, 0
5486,62, 0
5487,77, 0
5488,97, 0
5489,137, 0
5490,157, 0
5491,189, 0
5492,183, 0
5493,157, 0
5494,129, 0
5495,102, 0
5496,92, 0
5497,87, 0
5498,102, 0
5499,84, 0
5500,87, 0
5501,73, 0
5502,46, 0
5503,38, 0
5504,24, 0
5505,11, 0
5506,6, 0
5507,15, 0
5508,25, 0
5509,35, 0
5510,38, 0
5511,43, 0
5512,48, 0
5513,63, 0
5514,85, 0
5515,115, 0
5516,122, 0
5517,129, 0
5518,132, 0
5519,155, 0
5520,188, 0
5521,239, 0
5522,270, 0
5523,291, 0
5524,285, 0
5525,247, 0
5526,189, 0
5527,155, 0
5528,124, 0
5529,102, 0
5530,73, 0
5531,76, 0
5532,109, 0
5533,133, 0
5534,151, 0
5535,170, 0
5536,188, 0
5537,211, 0
5538,214, 0
5539,213, 0
5540,208, 0
5541,211, 0
5542,217, 0
5543,223, 0
5544,201, 0
5545,154, 0
5546,167, 0
5547,192, 0
5548,192, 0
5549,188, 0
5550,164, 0
5551,126, 0
5552,100, 0
5553,99, 0
5554,90, 0
5555,86, 0
5556,86, 0
5557,88, 0
5558,95, 0
5559,104, 0
5560,99, 0
5561,86, 0
5562,61, 0
5563,43, 0
5564,47, 0
5565,55, 0
5566,65, 0
5567,46, 0
5568,37, 0
5569,35, 0
5570,27, 0
5571,19, 0
5572,50, 0
5573,86, 0
5574,111, 0
5575,120, 0
5576,101, 0
5577,95, 0
5578,89, 0
5579,117, 0
5580,164, 0
5581,200, 0
5582,208, 0
5583,197, 0
5584,176, 0
5585,148, 0
5586,106, 0
5587,58, 0
5588,25, 0
5589,32, 0
5590,69, 0
5591,97, 0
5592,126, 0
5593,141, 0
5594,151, 0
5595,165, 0
5596,171, 0
5597,191, 0
5598,160, 0
5599,149, 0
5600,140, 0
5601,155, 0
5602,183, 0
5603,222, 0
5604,269, 0
5605,261, 0
5606,234, 0
5607,213, 0
5608,211, 0
5609,216, 0
5610,232, 0
5611,238, 0
5612,232, 0
5613,214, 0
5614,176, 0
5615,122, 0
5616,89, 0
5617,68, 0
5618,86, 0
5619,116, 0
5620,130, 0
5621,124, 0
5622,105, 0
5623,102, 0
5624,140, 0
5625,165, 0
5626,177, 0
5627,156, 0
5628,141, 0
5629,124, 0
5630,87, 0
5631,38, 0
5632,0, 0
5633,12, 0
5634,29, 0
5635,13, 0
5636,0, 0
5637,0, 0
5638,10, 0
5639,34, 0
5640,69, 0
5641,134, 0
5642,171, 0
5643,191, 0
5644,195, 0
5645,175, 0
5646,152, 0
5647,128, 0
5648,70, 0
5649,24, 0
5650,0, 0
5651,12, 0
5652,61, 0
5653,120, 0
5654,221, 0
5655,309, 0
5656,409, 5
5657,465, 29
5658,484, 51
5659,483, 63
5660,439, 56
5661,356, 36
5662,257, 10
5663,186, 0
5664,143, 0
5665,111, 0
5666,68, 0
5667,30, 0
5668,19, 0
5669,19, 0
5670,17, 0
5671,50, 0
5672,70, 0
5673,80, 0
5674,85, 0
5675,63, 0
5676,72, 0
5677,73, 0
5678,45, 0
5679,31, 0
5680,26, 0
5681,21, 0
5682,28, 0
5683,40, 0
5684,35, 0
5685,39, 0
5686,47, 0
5687,48, 0
5688,22, 0
5689,13, 0
5690,6, 0
5691,17, 0
5692,37, 0
5693,43, 0
5694,44, 0
5695,51, 0
5696,47, 0
5697,40, 0
5698,20, 0
5699,14, 0
5700,12, 0
5701,13, 0
5702,26, 0
5703,20, 0
5704,14, 0
5705,6, 0
5706,6, 0
5707,12, 0
5708,38, 0
5709,90, 0
5710,142, 0
5711,202, 0
5712,270, 0
5713,301, 0
5714,328, 0
5715,332, 2
5716,315, 0
5717,290, 0
5718,257, 0
5719,219, 0
5720,197, 0
5721,197, 0
5722,161, 0
5723,154, 0
5724,167, 0
5725,200, 0
5726,222, 0
5727,216, 0
5728,183, 0
5729,206, 0
5730,218, 0
5731,223, 0
5732,214, 0
5733,202, 0
5734,193, 0
5735,198, 0
5736,215, 0
5737,232, 0
5738,264, 0
5739,281, 0
5740,272, 0
5741,246, 0
5742,226, 0
5743,190, 0
5744,183, 0
5745,173, 0
5746,171, 0
5747,153, 0
5748,108, 0
5749,72, 0
5750,53, 0
5751,35, 0
5752,14, 0
5753,1, 0
5754,0, 0
5755,4, 0
5756,35, 0
5757,85, 0
5758,102, 0
5759,89, 0
5760,38, 0
5761,0, 0
5762,7, 0
5763,0, 0
5764,1, 0
5765,25, 0
5766,75, 0
5767,148, 0
5768,233, 0
5769,296, 0
5770,316, 0
5771,314, 0
5772,300, 0
5773,282, 0
5774,253, 0
5775,244, 0
5776,221, 0
5777,217, 0
5778,226, 0
5779,243, 0
5780,230, 0
5781,197, 0
5782,189, 0
5783,153, 0
5784,150, 0
5785,155, 0
5786,176, 0
5787,188, 0
5788,151, 0
5789,70, 0
5790,11, 0
5791,21, 0
5792,47, 0
5793,31, 0
5794,0, 0
5795,35, 0
5796,115, 0
5797,166, 0
5798,221, 0
5799,263, 0
5800,307, 0
5801,337, 0
5802,330, 0
5803,282, 0
5804,227, 0
5805,172, 0
5806,106, 0
5807,63, 0
5808,21, 0
5809,0, 0
5810,20, 0
5811,35, 0
5812,3, 0
5813,51, 0
5814,139, 0
5815,195, 0
5816,191, 0
5817,150, 0
5818,70, 0
5819,31, 0
5820,0, 0
5821,1, 0
5822,3, 0
5823,0, 0
5824,17, 0
5825,20, 0
5826,6, 0
5827,0, 0
5828,5, 0
5829,36, 0
5830,48, 0
5831,80, 0
5832,108, 0
5833,157, 0
5834,204, 0
5835,235, 0
5836,270, 0
5837,272, 0
5838,264, 0
5839,268, 0
5840,244, 0
5841,243, 0
5842,248, 0
5843,233, 0
5844,239, 0
5845,263, 0
5846,251, 0
5847,227, 0
5848,212, 0
5849,188, 0
5850,184, 0
5851,219, 0
5852,243, 0
5853,276, 0
5854,300, 0
5855,270, 0
5856,241, 0
5857,221, 0
5858,195, 0
5859,156, 0
5860,118, 0
5861,54, 0
5862,7, 0
5863,3, 0
5864,2, 0
5865,7, 0
5866,65, 0
5867,113, 0
5868,145, 0
5869,157, 0
5870,130, 0
5871,86, 0
5872,64, 0
5873,57, 0
5874,72, 0
5875,96, 0
5876,127, 0
5877,128, 0
5878,102, 0
5879,53, 0
5880,5, 0
5881,4, 0
5882,46, 0
5883,48, 0
5884,8, 0
5885,27, 0
5886,121, 0
5887,198, 0
5888,238, 0
5889,247, 0
5890,226, 0
5891,179, 0
5892,170, 0
5893,152, 0
5894,156, 0
5895,196, 0
5896,268, 0
5897,332, 0
5898,373, 3
5899,384, 12
5900,346, 9
5901,262, 1
5902,177, 0
5903,72, 0
5904,40, 0
5905,28, 0
5906,63, 0
5907,107, 0
5908,164, 0
5909,189, 0
5910,173, 0
5911,149, 0
5912,115, 0
5913,90, 0
5914,57, 0
5915,38, 0
5916,41, 0
5917,70, 0
5918,116, 0
5919,145, 0
5920,155, 0
5921,112, 0
5922,84, 0
5923,64, 0
5924,44, 0
5925,59, 0
5926,58, 0
5927,84, 0
5928,115, 0
5929,159, 0
5930,197, 0
5931,232, 0
5932,173, 0
5933,122, 0
5934,74, 0
5935,17, 0
5936,0, 0
5937,0, 0
5938,19, 0
5939,29, 0
5940,41, 0
5941,57, 0
5942,32, 0
5943,1, 0
5944,55, 0
5945,159, 0
5946,252, 0
5947,297, 0
5948,284, 0
5949,238, 0
5950,190, 0
5951,163, 0
5952,148, 0
5953,149, 0
5954,170, 0
5955,206, 0
5956,260, 0
5957,300, 0
5958,342, 1
5959,353, 4
5960,317, 3
5961,254, 0
5962,150, 0
5963,69, 0
5964,20, 0
5965,32, 0
5966,61, 0
5967,72, 0
5968,67, 0
5969,47, 0
5970,22, 0
5971,0, 0
5972,37, 0
5973,76, 0
5974,88, 0
5975,77, 0
5976,6, 0
5977,18, 0
5978,100, 0
5979,197, 0
5980,311, 0
5981,399, 6
5982,424, 26
5983,406, 34
5984,379, 34
5985,326, 19
5986,243, 2
5987,165, 0
5988,65, 0
5989,3, 0
5990,55, 0
5991,96, 0
5992,107, 0
5993,77, 0
5994,31, 0
5995,4, 0
5996,75, 0
5997,159, 0
5998,197, 0
5999,191, 0
6000,166, 0
6001,113, 0
6002,57, 0
6003,35, 0
6004,40, 0
6005,67, 0
6006,102, 0
6007,101, 0
6008,64, 0
6009,24, 0
6010,0, 0
6011,0, 0
6012,34, 0
6013,105, 0
6014,168, 0
6015,222, 0
6016,231, 0
6017,237, 0
6018,251, 0
6019,246, 0
6020,245, 0
6021,232, 0
6022,232, 0
6023,203, 0
6024,219, 0
6025,195, 0
6026,230, 0
6027,239, 0
6028,273, 0
6029,328, 0
6030,372, 4
6031,378, 17
6032,355, 17
6033,330, 8
6034,330, 6
6035,342, 5
6036,351, 6
6037,338, 7
6038,330, 6
6039,338, 6
6040,329, 7
6041,313, 4
6042,275, 0
6043,183, 0
6044,69, 0
6045,27, 0
6046,24, 0
6047,6, 0
6048,12, 0
6049,55, 0
6050,127, 0
6051,189, 0
6052,202, 0
6053,165, 0
6054,108, 0
6055,70, 0
6056,56, 0
6057,83, 0
6058,135, 0
6059,177, 0
6060,185, 0
6061,137, 0
6062,60, 0
6063,1, 0
6064,26, 0
6065,63, 0
6066,57, 0
6067,8, 0
6068,57, 0
6069,148, 0
6070,183, 0
6071,177, 0
6072,153, 0
6073,166, 0
6074,205, 0
6075,246, 0
6076,256, 0
6077,245, 0
6078,230, 0
6079,172, 0
6080,92, 0
6081,17, 0
6082,0, 0
6083,6, 0
6084,9, 0
6085,38, 0
6086,50, 0
6087,71, 0
6088,57, 0
6089,17, 0
6090,0, 0
6091,0, 0
6092,41, 0
6093,109, 0
6094,153, 0
6095,180, 0
6096,181, 0
6097,159, 0
6098,144, 0
6099,121, 0
6100,90, 0
6101,88, 0
6102,119, 0
6103,159, 0
6104,164, 0
6105,133, 0
6106,96, 0
6107,85, 0
6108,101, 0
6109,137, 0
6110,123, 0
6111,111, 0
6112,147, 0
6113,181, 0
6114,188, 0
6115,200, 0
6116,201, 0
6117,210, 0
6118,230, 0
6119,240, 0
6120,224, 0
6121,187, 0
6122,145, 0
6123,87, 0
6124,70, 0
6125,99, 0
6126,132, 0
6127,176, 0
6128,244, 0
6129,235, 0
6130,272, 0
6131,257, 0
6132,231, 0
6133,212, 0
6134,198, 0
6135,174, 0
6136,135, 0
6137,97, 0
6138,83, 0
6139,102, 0
6140,145, 0
6141,205, 0
6142,257, 0
6143,287, 0
6144,301, 0
6145,289, 0
6146,263, 0
6147,201, 0
6148,152, 0
6149,89, 0
6150,57, 0
6151,83, 0
6152,108, 0
6153,106, 0
6154,69, 0
6155,56, 0
6156,60, 0
6157,77, 0
6158,70, 0
6159,31, 0
6160,0, 0
6161,0, 0
6162,0, 0
6163,6, 0
6164,50, 0
6165,86, 0
6166,117, 0
6167,166, 0
6168,198, 0
6169,214, 0
6170,177, 0
6171,99, 0
6172,12, 0
6173,7, 0
6174,70, 0
6175,127, 0
6176,154, 0
6177,145, 0
6178,105, 0
6179,39, 0
6180,0, 0
6181,37, 0
6182,93, 0
6183,141, 0
6184,159, 0
6185,167, 0
6186,158, 0
6187,138, 0
6188,121, 0
6189,102, 0
6190,35, 0
6191,1, 0
6192,0, 0
6193,12, 0
6194,70, 0
6195,127, 0
6196,170, 0
6197,201, 0
6198,231, 0
6199,236, 0
6200,251, 0
6201,263, 0
6202,277, 0
6203,255, 0
6204,228, 0
6205,196, 0
6206,198, 0
6207,183, 0
6208,158, 0
6209,108, 0
6210,108, 0
6211,116, 0
6212,126, 0
6213,122, 0
6214,58, 0
6215,0, 0
6216,6, 0
6217,3, 0
6218,19, 0
6219,1, 0
6220,0, 0
6221,0, 0
6222,20, 0
6223,57, 0
6224,92, 0
6225,111, 0
6226,130, 0
6227,119, 0
6228,85, 0
6229,39, 0
6230,8, 0
6231,0, 0
6232,0, 0
6233,5, 0
6234,13, 0
6235,31, 0
6236,40, 0
6237,6, 0
6238,76, 0
6239,153, 0
6240,184, 0
6241,192, 0
6242,191, 0
6243,208, 0
6244,238, 0
6245,242, 0
6246,224, 0
6247,207, 0
6248,184, 0
6249,189, 0
6250,219, 0
6251,234, 0
6252,269, 0
6253,306, 0
6254,337, 1
6255,338, 2
6256,313, 2
6257,275, 0
6258,274, 0
6259,308, 0
6260,365, 2
6261,410, 17
6262,432, 29
6263,466, 45
6264,512, 60
6265,535, 77
6266,562, 90
6267,551, 99
6268,529, 95
6269,512, 89
6270,509, 83
6271,488, 79
6272,464, 70
6273,411, 58
6274,337, 31
6275,224, 2
6276,143, 0
6277,145, 0
6278,195, 0
6279,263, 0
6280,275, 0
6281,220, 0
6282,156, 0
6283,106, 0
6284,30, 0
6285,6, 0
6286,44, 0
6287,48, 0
6288,7, 0
6289,92, 0
6290,229, 0
6291,348, 0
6292,403, 10
6293,413, 27
6294,439, 40
6295,487, 55
6296,512, 70
6297,505, 79
6298,481, 77
6299,413, 63
6300,330, 34
6301,244, 6
6302,174, 0
6303,159, 0
6304,163, 0
6305,143, 0
6306,123, 0
6307,122, 0
6308,138, 0
6309,148, 0
6310,164, 0
6311,164, 0
6312,144, 0
6313,111, 0
6314,94, 0
6315,85, 0
6316,91, 0
6317,86, 0
6318,70, 0
6319,35, 0
6320,6, 0
6321,0, 0
6322,0, 0
6323,5, 0
6324,18, 0
6325,24, 0
6326,6, 0
6327,2, 0
6328,44, 0
6329,127, 0
6330,187, 0
6331,221, 0
6332,221, 0
6333,206, 0
6334,218, 0
6335,181, 0
6336,124, 0
6337,47, 0
6338,3, 0
6339,2, 0
6340,29, 0
6341,71, 0
6342,109, 0
6343,128, 0
6344,89, 0
6345,45, 0
6346,2, 0
6347,17, 0
6348,19, 0
6349,0, 0
6350,0, 0
6351,21, 0
6352,31, 0
6353,43, 0
6354,53, 0
6355,61, 0
6356,71, 0
6357,117, 0
6358,134, 0
6359,81, 0
6360,6, 0
6361,20, 0
6362,68, 0
6363,53, 0
6364,18, 0
6365,2, 0
6366,0, 0
6367,0, 0
6368,34, 0
6369,132, 0
6370,212, 0
6371,249, 0
6372,208, 0
6373,103, 0
6374,12, 0
6375,111, 0
6376,222, 0
6377,306, 0
6378,364, 1
6379,420, 14
6380,444, 35
6381,481, 48
6382,469, 60
6383,470, 61
6384,433, 51
6385,387, 40
6386,306, 17
6387,227, 0
6388,164, 0
6389,131, 0
6390,116, 0
6391,144, 0
6392,173, 0
6393,193, 0
6394,203, 0
6395,223, 0
6396,241, 0
6397,207, 0
6398,158, 0
6399,139, 0
6400,133, 0
6401,143, 0
6402,188, 0
6403,245, 0
6404,266, 0
6405,285, 0
6406,277, 0
6407,274, 0
6408,257, 0
6409,214, 0
6410,133, 0
6411,65, 0
6412,30, 0
6413,22, 0
6414,39, 0
6415,31, 0
6416,40, 0
6417,43, 0
6418,18, 0
6419,0, 0
6420,0, 0
6421,19, 0
6422,58, 0
6423,113, 0
6424,138, 0
6425,151, 0
6426,139, 0
6427,93, 0
6428,55, 0
6429,22, 0
6430,19, 0
6431,38, 0
6432,85, 0
6433,141, 0
6434,170, 0
6435,185, 0
6436,189, 0
6437,193, 0
6438,190, 0
6439,176, 0
6440,145, 0
6441,126, 0
6442,137, 0
6443,168, 0
6444,211, 0
6445,251, 0
6446,276, 0
6447,262, 0
6448,235, 0
6449,214, 0
6450,202, 0
6451,198, 0
6452,202, 0
6453,206, 0
6454,207, 0
6455,220, 0
6456,258, 0
6457,300, 0
6458,291, 0
6459,235, 0
6460,182, 0
6461,139, 0
6462,122, 0
6463,123, 0
6464,156, 0
6465,130, 0
6466,159, 0
6467,167, 0
6468,181, 0
6469,179, 0
6470,149, 0
6471,120, 0
6472,83, 0
6473,68, 0
6474,70, 0
6475,72, 0
6476,51, 0
6477,44, 0
6478,55, 0
6479,25, 0
6480,3, 0
6481,0, 0
6482,18, 0
6483,2, 0
6484,0, 0
6485,0, 0
6486,0, 0
6487,0, 0
6488,0, 0
6489,0, 0
6490,0, 0
6491,1, 0
6492,17, 0
6493,65, 0
6494,131, 0
6495,182, 0
6496,202, 0
6497,206, 0
6498,196, 0
6499,198, 0
6500,196, 0
6501,196, 0
6502,190, 0
6503,183, 0
6504,164, 0
6505,140, 0
6506,102, 0
6507,115, 0
6508,132, 0
6509,160, 0
6510,166, 0
6511,177, 0
6512,184, 0
6513,202, 0
6514,248, 0
6515,302, 0
6516,346, 0
6517,347, 4
6518,293, 2
6519,155, 0
6520,35, 0
6521,0, 0
6522,7, 0
6523,48, 0
6524,104, 0
6525,161, 0
6526,201, 0
6527,220, 0
6528,206, 0
6529,176, 0
6530,135, 0
6531,89, 0
6532,68, 0
6533,59, 0
6534,67, 0
6535,77, 0
6536,78, 0
6537,79, 0
6538,85, 0
6539,106, 0
6540,127, 0
6541,135, 0
6542,152, 0
6543,175, 0
6544,184, 0
6545,202, 0
6546,197, 0
6547,176, 0
6548,144, 0
6549,119, 0
6550,109, 0
6551,91, 0
6552,81, 0
6553,89, 0
6554,115, 0
6555,173, 0
6556,208, 0
6557,220, 0
6558,230, 0
6559,214, 0
6560,205, 0
6561,160, 0
6562,111, 0
6563,102, 0
6564,95, 0
6565,113, 0
6566,166, 0
6567,200, 0
6568,242, 0
6569,274, 0
6570,272, 0
6571,263, 0
6572,232, 0
6573,183, 0
6574,122, 0
6575,74, 0
6576,55, 0
6577,61, 0
6578,105, 0
6579,139, 0
6580,90, 0
6581,6, 0
6582,62, 0
6583,121, 0
6584,156, 0
6585,133, 0
6586,54, 0
6587,38, 0
6588,159, 0
6589,247, 0
6590,260, 0
6591,224, 0
6592,161, 0
6593,108, 0
6594,57, 0
6595,38, 0
6596,57, 0
6597,87, 0
6598,84, 0
6599,90, 0
6600,87, 0
6601,87, 0
6602,69, 0
6603,73, 0
6604,72, 0
6605,72, 0
6606,63, 0
6607,77, 0
6608,94, 0
6609,83, 0
6610,34, 0
6611,0, 0
6612,0, 0
6613,0, 0
6614,2, 0
6615,50, 0
6616,92, 0
6617,102, 0
6618,107, 0
6619,127, 0
6620,182, 0
6621,254, 0
6622,295, 0
6623,314, 0
6624,339, 0
6625,361, 4
6626,420, 19
6627,466, 38
6628,507, 56
6629,485, 67
6630,462, 63
6631,411, 50
6632,343, 29
6633,274, 5
6634,211, 0
6635,159, 0
6636,151, 0
6637,153, 0
6638,156, 0
6639,170, 0
6640,181, 0
6641,157, 0
6642,125, 0
6643,100, 0
6644,74, 0
6645,54, 0
6646,83, 0
6647,112, 0
6648,104, 0
6649,68, 0
6650,3, 0
6651,0, 0
6652,0, 0
6653,25, 0
6654,71, 0
6655,143, 0
6656,200, 0
6657,230, 0
6658,242, 0
6659,232, 0
6660,233, 0
6661,223, 0
6662,187, 0
6663,128, 0
6664,86, 0
6665,67, 0
6666,68, 0
6667,83, 0
6668,94, 0
6669,123, 0
6670,145, 0
6671,147, 0
6672,145, 0
6673,123, 0
6674,97, 0
6675,57, 0
6676,60, 0
6677,65, 0
6678,51, 0
6679,37, 0
6680,36, 0
6681,59, 0
6682,101, 0
6683,145, 0
6684,189, 0
6685,213, 0
6686,248, 0
6687,281, 0
6688,300, 0
6689,308, 0
6690,276, 0
6691,234, 0
6692,197, 0
6693,154, 0
6694,132, 0
6695,127, 0
6696,125, 0
6697,119, 0
6698,95, 0
6699,73, 0
6700,63, 0
6701,74, 0
6702,57, 0
6703,69, 0
6704,90, 0
6705,100, 0
6706,115, 0
6707,110, 0
6708,133, 0
6709,147, 0
6710,177, 0
6711,185, 0
6712,173, 0
6713,139, 0
6714,100, 0
6715,76, 0
6716,74, 0
6717,80, 0
6718,87, 0
6719,59, 0
6720,32, 0
6721,18, 0
6722,5, 0
6723,0, 0
6724,0, 0
6725,0, 0
6726,0, 0
6727,0, 0
6728,1, 0
6729,0, 0
6730,0, 0
6731,10, 0
6732,24, 0
6733,18, 0
6734,8, 0
6735,0, 0
6736,0, 0
6737,38, 0
6738,126, 0
6739,163, 0
6740,188, 0
6741,196, 0
6742,186, 0
6743,189, 0
6744,200, 0
6745,204, 0
6746,196, 0
6747,219, 0
6748,204, 0
6749,218, 0
6750,218, 0
6751,199, 0
6752,173, 0
6753,156, 0
6754,139, 0
6755,137, 0
6756,145, 0
6757,152, 0
6758,165, 0
6759,167, 0
6760,169, 0
6761,170, 0
6762,159, 0
6763,133, 0
6764,131, 0
6765,170, 0
6766,196, 0
6767,207, 0
6768,200, 0
6769,183, 0
6770,179, 0
6771,158, 0
6772,122, 0
6773,93, 0
6774,70, 0
6775,54, 0
6776,53, 0
6777,46, 0
6778,40, 0
6779,38, 0
6780,24, 0
6781,6, 0
6782,0, 0
6783,0, 0
6784,0, 0
6785,4, 0
6786,24, 0
6787,73, 0
6788,117, 0
6789,182, 0
6790,228, 0
6791,244, 0
6792,221, 0
6793,189, 0
6794,153, 0
6795,132, 0
6796,139, 0
6797,161, 0
6798,215, 0
6799,244, 0
6800,251, 0
6801,221, 0
6802,192, 0
6803,153, 0
6804,135, 0
6805,147, 0
6806,183, 0
6807,220, 0
6808,244, 0
6809,257, 0
6810,252, 0
6811,245, 0
6812,252, 0
6813,243, 0
6814,228, 0
6815,224, 0
6816,239, 0
6817,226, 0
6818,202, 0
6819,153, 0
6820,134, 0
6821,125, 0
6822,103, 0
6823,97, 0
6824,53, 0
6825,53, 0
6826,59, 0
6827,110, 0
6828,130, 0
6829,142, 0
6830,165, 0
6831,169, 0
6832,164, 0
6833,130, 0
6834,116, 0
6835,74, 0
6836,8, 0
6837,0, 0
6838,0, 0
6839,13, 0
6840,40, 0
6841,28, 0
6842,34, 0
6843,72, 0
6844,86, 0
6845,89, 0
6846,92, 0
6847,113, 0
6848,121, 0
6849,102, 0
6850,72, 0
6851,47, 0
6852,30, 0
6853,6, 0
6854,0, 0
6855,0, 0
6856,2, 0
6857,41, 0
6858,104, 0
6859,163, 0
6860,223, 0
6861,260, 0
6862,272, 0
6863,285, 0
6864,292, 0
6865,283, 0
6866,252, 0
6867,223, 0
6868,213, 0
6869,215, 0
6870,210, 0
6871,202, 0
6872,218, 0
6873,203, 0
6874,182, 0
6875,139, 0
6876,95, 0
6877,90, 0
6878,91, 0
6879,128, 0
6880,164, 0
6881,220, 0
6882,260, 0
6883,279, 0
6884,297, 0
6885,260, 0
6886,242, 0
6887,244, 0
6888,240, 0
6889,223, 0
6890,206, 0
6891,176, 0
6892,121, 0
6893,89, 0
6894,31, 0
6895,2, 0
6896,1, 0
6897,12, 0
6898,12, 0
6899,11, 0
6900,0, 0
6901,5, 0
6902,48, 0
6903,104, 0
6904,169, 0
6905,216, 0
6906,218, 0
6907,212, 0
6908,218, 0
6909,206, 0
6910,183, 0
6911,147, 0
6912,102, 0
6913,56, 0
6914,29, 0
6915,23, 0
6916,26, 0
6917,44, 0
6918,53, 0
6919,85, 0
6920,147, 0
6921,176, 0
6922,204, 0
6923,187, 0
6924,183, 0
6925,155, 0
6926,126, 0
6927,121, 0
6928,102, 0
6929,92, 0
6930,99, 0
6931,111, 0
6932,129, 0
6933,147, 0
6934,160, 0
6935,179, 0
6936,198, 0
6937,187, 0
6938,189, 0
6939,187, 0
6940,179, 0
6941,139, 0
6942,99, 0
6943,72, 0
6944,69, 0
6945,76, 0
6946,65, 0
6947,76, 0
6948,115, 0
6949,152, 0
6950,164, 0
6951,159, 0
6952,127, 0
6953,99, 0
6954,81, 0
6955,63, 0
6956,54, 0
6957,55, 0
6958,70, 0
6959,94, 0
6960,116, 0
6961,148, 0
6962,104, 0
6963,90, 0
6964,86, 0
6965,102, 0
6966,133, 0
6967,134, 0
6968,135, 0
6969,153, 0
6970,176, 0
6971,208, 0
6972,206, 0
6973,190, 0
6974,174, 0
6975,163, 0
6976,128, 0
6977,101, 0
6978,76, 0
6979,45, 0
6980,31, 0
6981,65, 0
6982,99, 0
6983,121, 0
6984,167, 0
6985,182, 0
6986,166, 0
6987,133, 0
6988,123, 0
6989,88, 0
6990,59, 0
6991,61, 0
6992,80, 0
6993,124, 0
6994,158, 0
6995,170, 0
6996,166, 0
6997,145, 0
6998,139, 0
6999,126, 0
7000,134, 0
7001,172, 0
7002,203, 0
7003,246, 0
7004,248, 0
7005,257, 0
7006,219, 0
7007,155, 0
7008,127, 0
7009,101, 0
7010,115, 0
7011,121, 0
7012,121, 0
7013,124, 0
7014,100, 0
7015,106, 0
7016,90, 0
7017,93, 0
7018,111, 0
7019,142, 0
7020,184, 0
7021,228, 0
7022,264, 0
7023,258, 0
7024,263, 0
7025,242, 0
7026,231, 0
7027,200, 0
7028,155, 0
7029,110, 0
7030,91, 0
7031,86, 0
7032,83, 0
7033,83, 0
7034,60, 0
7035,37, 0
7036,3, 0
7037,0, 0
7038,0, 0
7039,5, 0
7040,0, 0
7041,14, 0
7042,95, 0
7043,156, 0
7044,181, 0
7045,183, 0
7046,200, 0
7047,183, 0
7048,202, 0
7049,191, 0
7050,179, 0
7051,166, 0
7052,151, 0
7053,124, 0
7054,123, 0
7055,149, 0
7056,158, 0
7057,179, 0
7058,207, 0
7059,208, 0
7060,226, 0
7061,236, 0
7062,232, 0
7063,223, 0
7064,217, 0
7065,240, 0
7066,247, 0
7067,265, 0
7068,214, 0
7069,166, 0
7070,134, 0
7071,108, 0
7072,118, 0
7073,128, 0
7074,150, 0
7075,159, 0
7076,143, 0
7077,106, 0
7078,57, 0
7079,8, 0
7080,0, 0
7081,0, 0
7082,0, 0
7083,0, 0
7084,2, 0
7085,12, 0
7086,64, 0
7087,90, 0
7088,125, 0
7089,115, 0
7090,102, 0
7091,81, 0
7092,63, 0
7093,34, 0
7094,10, 0
7095,5, 0
7096,14, 0
7097,46, 0
7098,57, 0
7099,79, 0
7100,104, 0
7101,115, 0
7102,140, 0
7103,180, 0
7104,183, 0
7105,164, 0
7106,135, 0
7107,119, 0
7108,128, 0
7109,139, 0
7110,121, 0
7111,109, 0
7112,109, 0
7113,112, 0
7114,124, 0
7115,158, 0
7116,226, 0
7117,245, 0
7118,272, 0
7119,280, 0
7120,259, 0
7121,255, 0
7122,248, 0
7123,236, 0
7124,216, 0
7125,211, 0
7126,203, 0
7127,221, 0
7128,204, 0
7129,163, 0
7130,152, 0
7131,137, 0
7132,153, 0
7133,187, 0
7134,189, 0
7135,192, 0
7136,200, 0
7137,198, 0
7138,172, 0
7139,160, 0
7140,137, 0
7141,104, 0
7142,83, 0
7143,67, 0
7144,51, 0
7145,36, 0
7146,10, 0
7147,0, 0
7148,0, 0
7149,1, 0
7150,0, 0
7151,5, 0
7152,0, 0
7153,0, 0
7154,17, 0
7155,59, 0
7156,70, 0
7157,73, 0
7158,69, 0
7159,43, 0
7160,34, 0
7161,38, 0
7162,61, 0
7163,76, 0
7164,120, 0
7165,144, 0
7166,139, 0
7167,140, 0
7168,137, 0
7169,145, 0
7170,170, 0
7171,196, 0
7172,207, 0
7173,223, 0
7174,244, 0
7175,243, 0
7176,258, 0
7177,251, 0
7178,238, 0
7179,220, 0
7180,226, 0
7181,240, 0
7182,243, 0
7183,267, 0
7184,240, 0
7185,202, 0
7186,180, 0
7187,164, 0
7188,159, 0
7189,145, 0
7190,116, 0
7191,99, 0
7192,95, 0
7193,83, 0
7194,61, 0
7195,58, 0
7196,42, 0
7197,47, 0
7198,51, 0
7199,60, 0
7200,76, 0
7201,96, 0
7202,125, 0
7203,139, 0
7204,135, 0
7205,133, 0
7206,145, 0
7207,148, 0
7208,131, 0
7209,126, 0
7210,113, 0
7211,71, 0
7212,50, 0
7213,57, 0
7214,48, 0
7215,24, 0
7216,3, 0
7217,0, 0
7218,0, 0
7219,0, 0
7220,0, 0
7221,0, 0
7222,0, 0
7223,11, 0
7224,51, 0
7225,131, 0
7226,190, 0
7227,179, 0
7228,179, 0
7229,150, 0
7230,158, 0
7231,180, 0
7232,205, 0
7233,226, 0
7234,264, 0
7235,315, 0
7236,339, 0
7237,340, 2
7238,325, 1
7239,270, 0
7240,231, 0
7241,202, 0
7242,188, 0
7243,202, 0
7244,217, 0
7245,223, 0
7246,221, 0
7247,183, 0
7248,142, 0
7249,148, 0
7250,131, 0
7251,115, 0
7252,144, 0
7253,130, 0
7254,108, 0
7255,109, 0
7256,135, 0
7257,148, 0
7258,173, 0
7259,183, 0
7260,181, 0
7261,170, 0
7262,140, 0
7263,112, 0
7264,88, 0
7265,63, 0
7266,63, 0
7267,69, 0
7268,61, 0
7269,65, 0
7270,69, 0
7271,75, 0
7272,51, 0
7273,40, 0
7274,48, 0
7275,57, 0
7276,79, 0
7277,81, 0
7278,73, 0
7279,48, 0
7280,41, 0
7281,18, 0
7282,0, 0
7283,0, 0
7284,0, 0
7285,31, 0
7286,105, 0
7287,148, 0
7288,147, 0
7289,122, 0
7290,89, 0
7291,70, 0
7292,59, 0
7293,81, 0
7294,109, 0
7295,156, 0
7296,196, 0
7297,213, 0
7298,224, 0
7299,217, 0
7300,184, 0
7301,171, 0
7302,170, 0
7303,183, 0
7304,205, 0
7305,223, 0
7306,242, 0
7307,270, 0
7308,308, 0
7309,318, 0
7310,326, 1
7311,286, 0
7312,237, 0
7313,190, 0
7314,166, 0
7315,129, 0
7316,110, 0
7317,95, 0
7318,87, 0
7319,93, 0
7320,112, 0
7321,127, 0
7322,121, 0
7323,128, 0
7324,116, 0
7325,100, 0
7326,90, 0
7327,71, 0
7328,51, 0
7329,40, 0
7330,36, 0
7331,38, 0
7332,12, 0
7333,0, 0
7334,0, 0
7335,0, 0
7336,0, 0
7337,3, 0
7338,31, 0
7339,57, 0
7340,62, 0
7341,89, 0
7342,70, 0
7343,57, 0
7344,57, 0
7345,54, 0
7346,81, 0
7347,117, 0
7348,170, 0
7349,195, 0
7350,199, 0
7351,226, 0
7352,242, 0
7353,242, 0
7354,238, 0
7355,236, 0
7356,213, 0
7357,203, 0
7358,204, 0
7359,201, 0
7360,214, 0
7361,217, 0
7362,217, 0
7363,219, 0
7364,214, 0
7365,212, 0
7366,219, 0
7367,207, 0
7368,198, 0
7369,203, 0
7370,193, 0
7371,196, 0
7372,164, 0
7373,138, 0
7374,130, 0
7375,139, 0
7376,148, 0
7377,158, 0
7378,155, 0
7379,158, 0
7380,168, 0
7381,180, 0
7382,181, 0
7383,177, 0
7384,160, 0
7385,142, 0
7386,107, 0
7387,81, 0
7388,51, 0
7389,27, 0
7390,15, 0
7391,15, 0
7392,28, 0
7393,22, 0
7394,6, 0
7395,6, 0
7396,18, 0
7397,29, 0
7398,40, 0
7399,39, 0
7400,31, 0
7401,17, 0
7402,10, 0
7403,10, 0
7404,24, 0
7405,53, 0
7406,85, 0
7407,124, 0
7408,183, 0
7409,205, 0
7410,193, 0
7411,192, 0
7412,177, 0
7413,161, 0
7414,170, 0
7415,172, 0
7416,176, 0
7417,184, 0
7418,189, 0
7419,204, 0
7420,214, 0
7421,227, 0
7422,205, 0
7423,213, 0
7424,212, 0
7425,204, 0
7426,205, 0
7427,206, 0
7428,207, 0
7429,234, 0
7430,221, 0
7431,223, 0
7432,217, 0
7433,174, 0
7434,139, 0
7435,111, 0
7436,139, 0
7437,144, 0
7438,158, 0
7439,183, 0
7440,187, 0
7441,185, 0
7442,176, 0
7443,148, 0
7444,101, 0
7445,85, 0
7446,60, 0
7447,53, 0
7448,52, 0
7449,44, 0
7450,41, 0
7451,45, 0
7452,65, 0
7453,86, 0
7454,75, 0
7455,39, 0
7456,31, 0
7457,25, 0
7458,12, 0
7459,6, 0
7460,2, 0
7461,0, 0
7462,0, 0
7463,8, 0
7464,19, 0
7465,12, 0
7466,0, 0
7467,0, 0
7468,46, 0
7469,111, 0
7470,175, 0
7471,196, 0
7472,206, 0
7473,228, 0
7474,219, 0
7475,238, 0
7476,233, 0
7477,220, 0
7478,217, 0
7479,214, 0
7480,208, 0
7481,216, 0
7482,214, 0
7483,210, 0
7484,210, 0
7485,208, 0
7486,206, 0
7487,214, 0
7488,217, 0
7489,223, 0
7490,235, 0
7491,251, 0
7492,247, 0
7493,244, 0
7494,201, 0
7495,161, 0
7496,157, 0
7497,161, 0
7498,149, 0
7499,159, 0
7500,152, 0
7501,153, 0
7502,153, 0
7503,145, 0
7504,125, 0
7505,121, 0
7506,107, 0
7507,92, 0
7508,92, 0
7509,88, 0
7510,71, 0
7511,52, 0
7512,38, 0
7513,30, 0
7514,25, 0
7515,20, 0
7516,7, 0
7517,35, 0
7518,31, 0
7519,46, 0
7520,65, 0
7521,64, 0
7522,59, 0
7523,62, 0
7524,55, 0
7525,45, 0
7526,25, 0
7527,24, 0
7528,31, 0
7529,65, 0
7530,103, 0
7531,129, 0
7532,135, 0
7533,135, 0
7534,163, 0
7535,183, 0
7536,212, 0
7537,222, 0
7538,214, 0
7539,207, 0
7540,183, 0
7541,167, 0
7542,167, 0
7543,161, 0
7544,195, 0
7545,223, 0
7546,238, 0
7547,257, 0
7548,258, 0
7549,254, 0
7550,237, 0
7551,235, 0
7552,223, 0
7553,216, 0
7554,220, 0
7555,150, 0
7556,121, 0
7557,103, 0
7558,94, 0
7559,88, 0
7560,100, 0
7561,112, 0
7562,140, 0
7563,161, 0
7564,163, 0
7565,161, 0
7566,127, 0
7567,107, 0
7568,83, 0
7569,72, 0
7570,58, 0
7571,40, 0
7572,28, 0
7573,34, 0
7574,57, 0
7575,92, 0
7576,101, 0
7577,88, 0
7578,67, 0
7579,57, 0
7580,47, 0
7581,52, 0
7582,50, 0
7583,37, 0
7584,46, 0
7585,38, 0
7586,19, 0
7587,0, 0
7588,2, 0
7589,14, 0
7590,58, 0
7591,104, 0
7592,134, 0
7593,141, 0
7594,139, 0
7595,145, 0
7596,158, 0
7597,181, 0
7598,197, 0
7599,206, 0
7600,223, 0
7601,227, 0
7602,232, 0
7603,238, 0
7604,232, 0
7605,212, 0
7606,238, 0
7607,223, 0
7608,213, 0
7609,221, 0
7610,229, 0
7611,214, 0
7612,213, 0
7613,202, 0
7614,191, 0
7615,183, 0
7616,144, 0
7617,127, 0
7618,143, 0
7619,145, 0
7620,147, 0
7621,153, 0
7622,143, 0
7623,148, 0
7624,150, 0
7625,147, 0
7626,139, 0
7627,133, 0
7628,120, 0
7629,92, 0
7630,90, 0
7631,70, 0
7632,62, 0
7633,51, 0
7634,41, 0
7635,32, 0
7636,51, 0
7637,32, 0
7638,24, 0
7639,39, 0
7640,56, 0
7641,58, 0
7642,65, 0
7643,54, 0
7644,55, 0
7645,68, 0
7646,31, 0
7647,7, 0
7648,0, 0
7649,0, 0
7650,5, 0
7651,52, 0
7652,103, 0
7653,136, 0
7654,150, 0
7655,170, 0
7656,179, 0
7657,172, 0
7658,175, 0
7659,164, 0
7660,152, 0
7661,159, 0
7662,164, 0
7663,173, 0
7664,204, 0
7665,217, 0
7666,223, 0
7667,253, 0
7668,261, 0
7669,265, 0
7670,257, 0
7671,239, 0
7672,224, 0
7673,220, 0
7674,213, 0
7675,215, 0
7676,201, 0
7677,159, 0
7678,129, 0
7679,129, 0
7680,132, 0
7681,131, 0
7682,141, 0
7683,142, 0
7684,151, 0
7685,154, 0
7686,151, 0
7687,138, 0
7688,121, 0
7689,105, 0
7690,93, 0
7691,86, 0
7692,78, 0
7693,70, 0
7694,56, 0
7695,51, 0
7696,53, 0
7697,71, 0
7698,55, 0
7699,36, 0
7700,40, 0
7701,34, 0
7702,39, 0
7703,50, 0
7704,47, 0
7705,37, 0
7706,32, 0
7707,38, 0
7708,22, 0
7709,23, 0
7710,31, 0
7711,51, 0
7712,94, 0
7713,126, 0
7714,153, 0
7715,154, 0
7716,160, 0
7717,166, 0
7718,159, 0
7719,184, 0
7720,186, 0
7721,185, 0
7722,192, 0
7723,202, 0
7724,204, 0
7725,216, 0
7726,205, 0
7727,205, 0
7728,211, 0
7729,217, 0
7730,217, 0
7731,220, 0
7732,216, 0
7733,214, 0
7734,221, 0
7735,217, 0
7736,226, 0
7737,211, 0
7738,159, 0
7739,133, 0
7740,136, 0
7741,136, 0
7742,133, 0
7743,133, 0
7744,144, 0
7745,151, 0
7746,154, 0
7747,161, 0
7748,139, 0
7749,108, 0
7750,101, 0
7751,85, 0
7752,83, 0
7753,76, 0
7754,70, 0
7755,64, 0
7756,63, 0
7757,76, 0
7758,77, 0
7759,63, 0
7760,43, 0
7761,38, 0
7762,43, 0
7763,28, 0
7764,30, 0
7765,43, 0
7766,48, 0
7767,61, 0
7768,65, 0
7769,48, 0
7770,30, 0
7771,38, 0
7772,42, 0
7773,91, 0
7774,129, 0
7775,144, 0
7776,149, 0
7777,157, 0
7778,165, 0
7779,163, 0
7780,189, 0
7781,183, 0
7782,183, 0
7783,181, 0
7784,186, 0
7785,184, 0
7786,207, 0
7787,214, 0
7788,232, 0
7789,235, 0
7790,219, 0
7791,228, 0
7792,226, 0
7793,215, 0
7794,208, 0
7795,216, 0
7796,210, 0
7797,214, 0
7798,202, 0
7799,157, 0
7800,129, 0
7801,133, 0
7802,139, 0
7803,141, 0
7804,148, 0
7805,155, 0
7806,151, 0
7807,152, 0
7808,145, 0
7809,131, 0
7810,118, 0
7811,102, 0
7812,95, 0
7813,88, 0
7814,83, 0
7815,74, 0
7816,64, 0
7817,62, 0
7818,63, 0
7819,65, 0
7820,51, 0
7821,32, 0
7822,34, 0
7823,30, 0
7824,38, 0
7825,48, 0
7826,43, 0
7827,39, 0
7828,31, 0
7829,24, 0
7830,8, 0
7831,15, 0
7832,11, 0
7833,21, 0
7834,75, 0
7835,118, 0
7836,137, 0
7837,141, 0
7838,147, 0
7839,156, 0
7840,174, 0
7841,173, 0
7842,177, 0
7843,183, 0
7844,185, 0
7845,213, 0
7846,220, 0
7847,241, 0
7848,234, 0
7849,229, 0
7850,240, 0
7851,231, 0
7852,232, 0
7853,230, 0
7854,237, 0
7855,238, 0
7856,237, 0
7857,236, 0
7858,227, 0
7859,212, 0
7860,169, 0
7861,142, 0
7862,149, 0
7863,151, 0
7864,134, 0
7865,160, 0
7866,160, 0
7867,161, 0
7868,158, 0
7869,158, 0
7870,139, 0
7871,129, 0
7872,117, 0
7873,109, 0
7874,101, 0
7875,89, 0
7876,100, 0
7877,69, 0
7878,65, 0
7879,58, 0
7880,57, 0
7881,38, 0
7882,19, 0
7883,21, 0
7884,27, 0
7885,25, 0
7886,34, 0
7887,28, 0
7888,29, 0
7889,27, 0
7890,29, 0
7891,10, 0
7892,18, 0
7893,18, 0
7894,31, 0
7895,81, 0
7896,118, 0
7897,135, 0
7898,137, 0
7899,139, 0
7900,143, 0
7901,164, 0
7902,170, 0
7903,176, 0
7904,184, 0
7905,185, 0
7906,212, 0
7907,220, 0
7908,241, 0
7909,236, 0
7910,246, 0
7911,235, 0
7912,229, 0
7913,238, 0
7914,236, 0
7915,231, 0
7916,226, 0
7917,223, 0
7918,223, 0
7919,227, 0
7920,204, 0
7921,158, 0
7922,136, 0
7923,138, 0
7924,134, 0
7925,140, 0
7926,148, 0
7927,147, 0
7928,145, 0
7929,140, 0
7930,141, 0
7931,120, 0
7932,102, 0
7933,89, 0
7934,76, 0
7935,70, 0
7936,63, 0
7937,51, 0
7938,42, 0
7939,36, 0
7940,46, 0
7941,50, 0
7942,30, 0
7943,20, 0
7944,12, 0
7945,19, 0
7946,29, 0
7947,32, 0
7948,32, 0
7949,34, 0
7950,34, 0
7951,27, 0
7952,14, 0
7953,11, 0
7954,17, 0
7955,28, 0
7956,84, 0
7957,122, 0
7958,141, 0
7959,153, 0
7960,165, 0
7961,165, 0
7962,187, 0
7963,203, 0
7964,210, 0
7965,216, 0
7966,213, 0
7967,208, 0
7968,202, 0
7969,219, 0
7970,220, 0
7971,223, 0
7972,214, 0
7973,207, 0
7974,220, 0
7975,227, 0
7976,223, 0
7977,223, 0
7978,227, 0
7979,224, 0
7980,233, 0
7981,207, 0
7982,172, 0
7983,166, 0
7984,154, 0
7985,153, 0
7986,152, 0
7987,158, 0
7988,165, 0
7989,166, 0
7990,163, 0
7991,147, 0
7992,134, 0
7993,123, 0
7994,103, 0
7995,102, 0
7996,88, 0
7997,77, 0
7998,68, 0
7999,45, 0
8000,48, 0
8001,50, 0
8002,51, 0
8003,26, 0
8004,13, 0
8005,20, 0
8006,18, 0
8007,24, 0
8008,25, 0
8009,25, 0
8010,21, 0
8011,14, 0
8012,6, 0
8013,12, 0
8014,0, 0
8015,6, 0
8016,24, 0
8017,81, 0
8018,118, 0
8019,132, 0
8020,133, 0
8021,144, 0
8022,145, 0
8023,164, 0
8024,174, 0
8025,175, 0
8026,187, 0
8027,188, 0
8028,196, 0
8029,217, 0
8030,226, 0
8031,230, 0
8032,228, 0
8033,234, 0
8034,217, 0
8035,223, 0
8036,239, 0
8037,223, 0
8038,223, 0
8039,226, 0
8040,222, 0
8041,226, 0
8042,201, 0
8043,164, 0
8044,156, 0
8045,161, 0
8046,149, 0
8047,152, 0
8048,169, 0
8049,171, 0
8050,181, 0
8051,170, 0
8052,161, 0
8053,145, 0
8054,125, 0
8055,109, 0
8056,101, 0
8057,111, 0
8058,78, 0
8059,89, 0
8060,51, 0
8061,51, 0
8062,52, 0
8063,47, 0
8064,26, 0
8065,19, 0
8066,18, 0
8067,24, 0
8068,30, 0
8069,30, 0
8070,25, 0
8071,24, 0
8072,36, 0
8073,14, 0
8074,0, 0
8075,0, 0
8076,2, 0
8077,23, 0
8078,78, 0
8079,121, 0
8080,144, 0
8081,145, 0
8082,156, 0
8083,164, 0
8084,168, 0
8085,182, 0
8086,179, 0
8087,187, 0
8088,195, 0
8089,207, 0
8090,212, 0
8091,232, 0
8092,217, 0
8093,204, 0
8094,226, 0
8095,218, 0
8096,228, 0
8097,228, 0
8098,223, 0
8099,227, 0
8100,219, 0
8101,220, 0
8102,228, 0
8103,200, 0
8104,159, 0
8105,145, 0
8106,139, 0
8107,141, 0
8108,155, 0
8109,155, 0
8110,167, 0
8111,163, 0
8112,157, 0
8113,145, 0
8114,134, 0
8115,110, 0
8116,102, 0
8117,94, 0
8118,87, 0
8119,78, 0
8120,69, 0
8121,53, 0
8122,52, 0
8123,58, 0
8124,55, 0
8125,28, 0
8126,21, 0
8127,27, 0
8128,44, 0
8129,48, 0
8130,45, 0
8131,45, 0
8132,40, 0
8133,30, 0
8134,19, 0
8135,2, 0
8136,1, 0
8137,12, 0
8138,41, 0
8139,94, 0
8140,126, 0
8141,132, 0
8142,142, 0
8143,153, 0
8144,164, 0
8145,172, 0
8146,179, 0
8147,180, 0
8148,185, 0
8149,196, 0
8150,204, 0
8151,215, 0
8152,223, 0
8153,214, 0
8154,214, 0
8155,226, 0
8156,214, 0
8157,220, 0
8158,223, 0
8159,214, 0
8160,214, 0
8161,220, 0
8162,216, 0
8163,220, 0
8164,188, 0
8165,158, 0
8166,140, 0
8167,142, 0
8168,145, 0
8169,150, 0
8170,164, 0
8171,168, 0
8172,182, 0
8173,184, 0
8174,169, 0
8175,155, 0
8176,145, 0
8177,139, 0
8178,108, 0
8179,95, 0
8180,89, 0
8181,95, 0
8182,70, 0
8183,67, 0
8184,60, 0
8185,44, 0
8186,18, 0
8187,8, 0
8188,5, 0
8189,12, 0
8190,9, 0
8191,17, 0
8192,24, 0
8193,31, 0
8194,35, 0
8195,25, 0
8196,24, 0
8197,23, 0
8198,31, 0
8199,89, 0
8200,129, 0
8201,165, 0
8202,183, 0
8203,192, 0
8204,198, 0
8205,213, 0
8206,214, 0
8207,222, 0
8208,211, 0
8209,210, 0
8210,210, 0
8211,219, 0
8212,221, 0
8213,218, 0
8214,218, 0
8215,218, 0
8216,218, 0
8217,215, 0
8218,213, 0
8219,208, 0
8220,200, 0
8221,196, 0
8222,188, 0
8223,192, 0
8224,193, 0
8225,161, 0
8226,132, 0
8227,121, 0
8228,115, 0
8229,128, 0
8230,140, 0
8231,155, 0
8232,148, 0
8233,145, 0
8234,141, 0
8235,134, 0
8236,115, 0
8237,95, 0
8238,94, 0
8239,88, 0
8240,89, 0
8241,86, 0
8242,89, 0
8243,57, 0
8244,69, 0
8245,76, 0
8246,61, 0
8247,40, 0
8248,30, 0
8249,34, 0
8250,38, 0
8251,59, 0
8252,62, 0
8253,72, 0
8254,63, 0
8255,61, 0
8256,47, 0
8257,21, 0
8258,19, 0
8259,38, 0
8260,67, 0
8261,115, 0
8262,155, 0
8263,150, 0
8264,147, 0
8265,159, 0
8266,161, 0
8267,176, 0
8268,195, 0
8269,203, 0
8270,211, 0
8271,206, 0
8272,207, 0
8273,207, 0
8274,200, 0
8275,187, 0
8276,185, 0
8277,184, 0
8278,189, 0
8279,216, 0
8280,214, 0
8281,214, 0
8282,228, 0
8283,238, 0
8284,248, 0
8285,254, 0
8286,206, 0
8287,160, 0
8288,153, 0
8289,130, 0
8290,124, 0
8291,127, 0
8292,154, 0
8293,137, 0
8294,133, 0
8295,132, 0
8296,130, 0
8297,110, 0
8298,118, 0
8299,129, 0
8300,123, 0
8301,106, 0
8302,95, 0
8303,71, 0
8304,50, 0
8305,48, 0
8306,48, 0
8307,34, 0
8308,17, 0
8309,18, 0
8310,20, 0
8311,21, 0
8312,29, 0
8313,28, 0
8314,36, 0
8315,40, 0
8316,40, 0
8317,34, 0
8318,22, 0
8319,23, 0
8320,45, 0
8321,101, 0
8322,160, 0
8323,189, 0
8324,197, 0
8325,173, 0
8326,165, 0
8327,163, 0
8328,155, 0
8329,141, 0
8330,139, 0
8331,158, 0
8332,164, 0
8333,183, 0
8334,211, 0
8335,214, 0
8336,220, 0
8337,205, 0
8338,200, 0
8339,192, 0
8340,190, 0
8341,192, 0
8342,183, 0
8343,183, 0
8344,181, 0
8345,188, 0
8346,189, 0
8347,159, 0
8348,138, 0
8349,132, 0
8350,133, 0
8351,130, 0
8352,129, 0
8353,129, 0
8354,127, 0
8355,127, 0
8356,121, 0
8357,118, 0
8358,92, 0
8359,83, 0
8360,83, 0
8361,101, 0
8362,100, 0
8363,109, 0
8364,100, 0
8365,85, 0
8366,95, 0
8367,90, 0
8368,58, 0
8369,20, 0
8370,22, 0
8371,28, 0
8372,52, 0
8373,73, 0
8374,86, 0
8375,88, 0
8376,96, 0
8377,94, 0
8378,90, 0
8379,90, 0
8380,89, 0
8381,89, 0
8382,128, 0
8383,131, 0
8384,147, 0
8385,139, 0
8386,145, 0
8387,168, 0
8388,206, 0
8389,237, 0
8390,257, 0
8391,270, 0
8392,264, 0
8393,297, 0
8394,274, 0
8395,280, 0
8396,258, 0
8397,238, 0
8398,212, 0
8399,172, 0
8400,145, 0
8401,127, 0
8402,100, 0
8403,109, 0
8404,121, 0
8405,133, 0
8406,154, 0
8407,159, 0
8408,121, 0
8409,84, 0
8410,87, 0
8411,92, 0
8412,95, 0
8413,106, 0
8414,108, 0
8415,117, 0
8416,121, 0
8417,119, 0
8418,107, 0
8419,86, 0
8420,57, 0
8421,44, 0
8422,29, 0
8423,29, 0
8424,22, 0
8425,25, 0
8426,35, 0
8427,61, 0
8428,80, 0
8429,93, 0
8430,115, 0
8431,138, 0
8432,168, 0
8433,174, 0
8434,179, 0
8435,158, 0
8436,128, 0
8437,116, 0
8438,89, 0
8439,69, 0
8440,35, 0
8441,15, 0
8442,0, 0
8443,18, 0
8444,44, 0
8445,72, 0
8446,76, 0
8447,92, 0
8448,112, 0
8449,138, 0
8450,148, 0
8451,152, 0
8452,158, 0
8453,158, 0
8454,180, 0
8455,188, 0
8456,210, 0
8457,207, 0
8458,211, 0
8459,208, 0
8460,192, 0
8461,203, 0
8462,203, 0
8463,210, 0
8464,199, 0
8465,176, 0
8466,180, 0
8467,183, 0
8468,173, 0
8469,121, 0
8470,97, 0
8471,89, 0
8472,125, 0
8473,136, 0
8474,163, 0
8475,183, 0
8476,214, 0
8477,251, 0
8478,240, 0
8479,232, 0
8480,210, 0
8481,193, 0
8482,153, 0
8483,121, 0
8484,81, 0
8485,31, 0
8486,0, 0
8487,9, 0
8488,14, 0
8489,12, 0
8490,21, 0
8491,18, 0
8492,3, 0
8493,6, 0
8494,41, 0
8495,92, 0
8496,143, 0
8497,187, 0
8498,221, 0
8499,228, 0
8500,211, 0
8501,193, 0
8502,164, 0
8503,161, 0
8504,187, 0
8505,202, 0
8506,214, 0
8507,196, 0
8508,180, 0
8509,159, 0
8510,139, 0
8511,128, 0
8512,123, 0
8513,136, 0
8514,134, 0
8515,142, 0
8516,133, 0
8517,129, 0
8518,108, 0
8519,108, 0
8520,96, 0
8521,97, 0
8522,93, 0
8523,92, 0
8524,86, 0
8525,84, 0
8526,63, 0
8527,70, 0
8528,63, 0
8529,72, 0
8530,42, 0
8531,43, 0
8532,48, 0
8533,68, 0
8534,99, 0
8535,116, 0
8536,152, 0
8537,196, 0
8538,222, 0
8539,210, 0
8540,242, 0
8541,251, 0
8542,270, 0
8543,291, 0
8544,297, 0
8545,295, 0
8546,290, 0
8547,253, 0
8548,207, 0
8549,181, 0
8550,137, 0
8551,78, 0
8552,44, 0
8553,8, 0
8554,7, 0
8555,0, 0
8556,8, 0
8557,4, 0
8558,21, 0
8559,25, 0
8560,7, 0
8561,1, 0
8562,0, 0
8563,10, 0
8564,65, 0
8565,147, 0
8566,230, 0
8567,281, 0
8568,313, 0
8569,319, 0
8570,325, 0
8571,323, 1
8572,318, 0
8573,309, 0
8574,287, 0
8575,259, 0
8576,254, 0
8577,228, 0
8578,212, 0
8579,175, 0
8580,176, 0
8581,191, 0
8582,199, 0
8583,202, 0
8584,179, 0
8585,142, 0
8586,109, 0
8587,89, 0
8588,108, 0
8589,137, 0
8590,129, 0
8591,107, 0
8592,93, 0
8593,85, 0
8594,97, 0
8595,71, 0
8596,100, 0
8597,93, 0
8598,104, 0
8599,115, 0
8600,115, 0
8601,108, 0
8602,85, 0
8603,58, 0
8604,47, 0
8605,36, 0
8606,36, 0
8607,42, 0
8608,21, 0
8609,24, 0
8610,38, 0
8611,57, 0
8612,68, 0
8613,96, 0
8614,104, 0
8615,128, 0
8616,163, 0
8617,208, 0
8618,229, 0
8619,223, 0
8620,164, 0
8621,108, 0
8622,22, 0
8623,19, 0
8624,46, 0
8625,42, 0
8626,2, 0
8627,23, 0
8628,81, 0
8629,149, 0
8630,217, 0
8631,284, 0
8632,312, 0
8633,306, 0
8634,279, 0
8635,264, 0
8636,255, 0
8637,245, 0
8638,243, 0
8639,228, 0
8640,205, 0
8641,184, 0
8642,160, 0
8643,139, 0
8644,102, 0
8645,76, 0
8646,9, 0
8647,0, 0
8648,0, 0
8649,12, 0
8650,1, 0
8651,0, 0
8652,6, 0
8653,57, 0
8654,113, 0
8655,131, 0
8656,139, 0
8657,133, 0
8658,123, 0
8659,104, 0
8660,84, 0
8661,76, 0
8662,89, 0
8663,133, 0
8664,176, 0
8665,211, 0
8666,179, 0
8667,137, 0
8668,110, 0
8669,91, 0
8670,113, 0
8671,171, 0
8672,248, 0
8673,305, 0
8674,338, 1
8675,330, 6
8676,318, 6
8677,283, 0
8678,247, 0
8679,192, 0
8680,177, 0
8681,121, 0
8682,68, 0
8683,30, 0
8684,7, 0
8685,13, 0
8686,57, 0
8687,147, 0
8688,201, 0
8689,204, 0
8690,184, 0
8691,153, 0
8692,134, 0
8693,135, 0
8694,145, 0
8695,161, 0
8696,198, 0
8697,242, 0
8698,282, 0
8699,269, 0
8700,263, 0
8701,191, 0
8702,127, 0
8703,53, 0
8704,12, 0
8705,0, 0
8706,19, 0
8707,67, 0
8708,118, 0
8709,139, 0
8710,167, 0
8711,166, 0
8712,130, 0
8713,63, 0
8714,24, 0
8715,12, 0
8716,27, 0
8717,50, 0
8718,77, 0
8719,102, 0
8720,137, 0
8721,170, 0
8722,180, 0
8723,154, 0
8724,141, 0
8725,165, 0
8726,226, 0
8727,268, 0
8728,280, 0
8729,278, 0
8730,257, 0
8731,210, 0
8732,181, 0
8733,89, 0
8734,12, 0
8735,99, 0
8736,156, 0
8737,158, 0
8738,151, 0
8739,115, 0
8740,53, 0
8741,9, 0
8742,43, 0
8743,87, 0
8744,92, 0
8745,79, 0
8746,92, 0
8747,142, 0
8748,230, 0
8749,295, 0
8750,324, 0
8751,348, 2
8752,389, 12
8753,424, 26
8754,427, 34
8755,402, 32
8756,368, 25
8757,343, 12
8758,332, 7
8759,317, 2
8760,293, 0
8761,247, 0
8762,180, 0
8763,147, 0
8764,127, 0
8765,110, 0
8766,101, 0
8767,102, 0
8768,134, 0
8769,214, 0
8770,286, 0
8771,337, 0
8772,378, 6
8773,385, 17
8774,367, 18
8775,297, 6
8776,226, 0
8777,165, 0
8778,123, 0
8779,84, 0
8780,60, 0
8781,63, 0
8782,87, 0
8783,112, 0
8784,124, 0
8785,123, 0
8786,127, 0
8787,137, 0
8788,156, 0
8789,188, 0
8790,202, 0
8791,191, 0
8792,173, 0
8793,150, 0
8794,90, 0
8795,35, 0
8796,12, 0
8797,0, 0
8798,0, 0
8799,24, 0
8800,47, 0
8801,78, 0
8802,64, 0
8803,79, 0
8804,90, 0
8805,107, 0
8806,108, 0
8807,89, 0
8808,32, 0
8809,15, 0
8810,117, 0
8811,196, 0
8812,228, 0
8813,258, 0
8814,244, 0
8815,233, 0
8816,211, 0
8817,199, 0
8818,181, 0
8819,152, 0
8820,106, 0
8821,70, 0
8822,47, 0
8823,57, 0
8824,70, 0
8825,92, 0
8826,111, 0
8827,147, 0
8828,220, 0
8829,280, 0
8830,327, 0
8831,348, 2
8832,324, 1
8833,316, 1
8834,290, 0
8835,281, 0
8836,270, 0
8837,284, 0
8838,276, 0
8839,245, 0
8840,211, 0
8841,156, 0
8842,76, 0
8843,9, 0
8844,19, 0
8845,81, 0
8846,115, 0
8847,106, 0
8848,54, 0
8849,5, 0
8850,10, 0
8851,56, 0
8852,78, 0
8853,115, 0
8854,119, 0
8855,99, 0
8856,71, 0
8857,77, 0
8858,94, 0
8859,120, 0
8860,150, 0
8861,157, 0
8862,138, 0
8863,90, 0
8864,10, 0
8865,12, 0
8866,54, 0
8867,59, 0
8868,27, 0
8869,0, 0
8870,41, 0
8871,71, 0
8872,56, 0
8873,46, 0
8874,64, 0
8875,115, 0
8876,151, 0
8877,202, 0
8878,256, 0
8879,332, 0
8880,404, 6
8881,468, 31
8882,444, 44
8883,405, 41
8884,333, 24
8885,293, 6
8886,278, 0
8887,268, 0
8888,277, 0
8889,304, 0
8890,322, 0
8891,327, 1
8892,306, 1
8893,232, 0
8894,153, 0
8895,38, 0
8896,6, 0
8897,55, 0
8898,122, 0
8899,129, 0
8900,108, 0
8901,57, 0
8902,6, 0
8903,21, 0
8904,93, 0
8905,173, 0
8906,206, 0
8907,199, 0
8908,184, 0
8909,199, 0
8910,223, 0
8911,257, 0
8912,263, 0
8913,249, 0
8914,253, 0
8915,255, 0
8916,216, 0
8917,156, 0
8918,108, 0
8919,64, 0
8920,19, 0
8921,6, 0
8922,15, 0
8923,5, 0
8924,1, 0
8925,0, 0
8926,19, 0
8927,63, 0
8928,91, 0
8929,76, 0
8930,10, 0
8931,91, 0
8932,164, 0
8933,176, 0
8934,133, 0
8935,123, 0
8936,131, 0
8937,181, 0
8938,245, 0
8939,276, 0
8940,274, 0
8941,251, 0
8942,187, 0
8943,120, 0
8944,37, 0
8945,0, 0
8946,25, 0
8947,36, 0
8948,21, 0
8949,1, 0
8950,55, 0
8951,124, 0
8952,180, 0
8953,213, 0
8954,218, 0
8955,196, 0
8956,142, 0
8957,122, 0
8958,148, 0
8959,207, 0
8960,238, 0
8961,213, 0
8962,145, 0
8963,63, 0
8964,20, 0
8965,10, 0
8966,23, 0
8967,53, 0
8968,70, 0
8969,83, 0
8970,90, 0
8971,55, 0
8972,10, 0
8973,19, 0
8974,102, 0
8975,101, 0
8976,90, 0
8977,32, 0
8978,0, 0
8979,0, 0
8980,7, 0
8981,22, 0
8982,26, 0
8983,12, 0
8984,15, 0
8985,31, 0
8986,70, 0
8987,102, 0
8988,140, 0
8989,189, 0
8990,263, 0
8991,331, 0
8992,404, 9
8993,461, 34
8994,497, 52
8995,525, 71
8996,576, 89
8997,619, 107
8998,635, 127
8999,629, 137
9000,574, 128
9001,512, 106
9002,417, 76
9003,343, 39
9004,308, 12
9005,278, 0
9006,241, 0
9007,245, 0
9008,306, 0
9009,361, 1
9010,413, 18
9011,476, 38
9012,493, 56
9013,473, 62
9014,456, 59
9015,424, 50
9016,391, 43
9017,307, 19
9018,228, 1
9019,154, 0
9020,108, 0
9021,72, 0
9022,53, 0
9023,58, 0
9024,67, 0
9025,52, 0
9026,22, 0
9027,3, 0
9028,0, 0
9029,0, 0
9030,19, 0
9031,64, 0
9032,119, 0
9033,169, 0
9034,210, 0
9035,205, 0
9036,154, 0
9037,108, 0
9038,62, 0
9039,10, 0
9040,1, 0
9041,13, 0
9042,20, 0
9043,40, 0
9044,38, 0
9045,25, 0
9046,2, 0
9047,31, 0
9048,52, 0
9049,31, 0
9050,0, 0
9051,15, 0
9052,79, 0
9053,185, 0
9054,247, 0
9055,269, 0
9056,238, 0
9057,229, 0
9058,214, 0
9059,234, 0
9060,262, 0
9061,263, 0
9062,253, 0
9063,227, 0
9064,226, 0
9065,263, 0
9066,297, 0
9067,274, 0
9068,234, 0
9069,165, 0
9070,135, 0
9071,133, 0
9072,133, 0
9073,128, 0
9074,118, 0
9075,103, 0
9076,95, 0
9077,72, 0
9078,8, 0
9079,19, 0
9080,63, 0
9081,73, 0
9082,61, 0
9083,35, 0
9084,6, 0
9085,1, 0
9086,53, 0
9087,119, 0
9088,179, 0
9089,201, 0
9090,198, 0
9091,186, 0
9092,150, 0
9093,130, 0
9094,148, 0
9095,154, 0
9096,139, 0
9097,110, 0
9098,106, 0
9099,124, 0
9100,191, 0
9101,231, 0
9102,246, 0
9103,249, 0
9104,246, 0
9105,223, 0
9106,212, 0
9107,189, 0
9108,167, 0
9109,164, 0
9110,158, 0
9111,139, 0
9112,105, 0
9113,77, 0
9114,75, 0
9115,57, 0
9116,26, 0
9117,31, 0
9118,90, 0
9119,171, 0
9120,223, 0
9121,232, 0
9122,204, 0
9123,136, 0
9124,89, 0
9125,58, 0
9126,59, 0
9127,76, 0
9128,115, 0
9129,165, 0
9130,224, 0
9131,277, 0
9132,294, 0
9133,273, 0
9134,237, 0
9135,219, 0
9136,232, 0
9137,249, 0
9138,230, 0
9139,174, 0
9140,135, 0
9141,127, 0
9142,131, 0
9143,142, 0
9144,170, 0
9145,191, 0
9146,230, 0
9147,259, 0
9148,259, 0
9149,254, 0
9150,216, 0
9151,196, 0
9152,180, 0
9153,155, 0
9154,118, 0
9155,92, 0
9156,25, 0
9157,0, 0
9158,0, 0
9159,19, 0
9160,59, 0
9161,95, 0
9162,102, 0
9163,70, 0
9164,19, 0
9165,0, 0
9166,12, 0
9167,89, 0
9168,197, 0
9169,263, 0
9170,302, 0
9171,282, 0
9172,227, 0
9173,174, 0
9174,170, 0
9175,184, 0
9176,223, 0
9177,241, 0
9178,230, 0
9179,215, 0
9180,191, 0
9181,172, 0
9182,151, 0
9183,111, 0
9184,73, 0
9185,51, 0
9186,39, 0
9187,67, 0
9188,110, 0
9189,164, 0
9190,221, 0
9191,266, 0
9192,323, 0
9193,373, 6
9194,389, 17
9195,372, 19
9196,306, 9
9197,235, 0
9198,139, 0
9199,25, 0
9200,40, 0
9201,100, 0
9202,100, 0
9203,73, 0
9204,47, 0
9205,11, 0
9206,0, 0
9207,26, 0
9208,92, 0
9209,173, 0
9210,238, 0
9211,249, 0
9212,221, 0
9213,181, 0
9214,133, 0
9215,89, 0
9216,51, 0
9217,6, 0
9218,22, 0
9219,69, 0
9220,83, 0
9221,68, 0
9222,21, 0
9223,7, 0
9224,74, 0
9225,142, 0
9226,167, 0
9227,148, 0
9228,140, 0
9229,121, 0
9230,142, 0
9231,179, 0
9232,190, 0
9233,202, 0
9234,204, 0
9235,203, 0
9236,196, 0
9237,170, 0
9238,108, 0
9239,63, 0
9240,42, 0
9241,50, 0
9242,57, 0
9243,62, 0
9244,62, 0
9245,56, 0
9246,46, 0
9247,44, 0
9248,57, 0
9249,96, 0
9250,118, 0
9251,78, 0
9252,6, 0
9253,69, 0
9254,139, 0
9255,177, 0
9256,176, 0
9257,100, 0
9258,19, 0
9259,158, 0
9260,326, 0
9261,450, 10
9262,545, 52
9263,585, 89
9264,546, 97
9265,432, 79
9266,309, 39
9267,207, 5
9268,136, 0
9269,78, 0
9270,38, 0
9271,19, 0
9272,1, 0
9273,0, 0
9274,3, 0
9275,27, 0
9276,87, 0
9277,200, 0
9278,306, 0
9279,395, 4
9280,444, 30
9281,438, 42
9282,340, 28
9283,222, 5
9284,134, 0
9285,89, 0
9286,54, 0
9287,10, 0
9288,0, 0
9289,0, 0
9290,0, 0
9291,6, 0
9292,1, 0
9293,37, 0
9294,144, 0
9295,226, 0
9296,256, 0
9297,236, 0
9298,196, 0
9299,134, 0
9300,97, 0
9301,120, 0
9302,127, 0
9303,121, 0
9304,80, 0
9305,52, 0
9306,45, 0
9307,64, 0
9308,115, 0
9309,181, 0
9310,259, 0
9311,339, 0
9312,402, 7
9313,403, 24
9314,361, 23
9315,289, 6
9316,222, 0
9317,165, 0
9318,127, 0
9319,109, 0
9320,121, 0
9321,145, 0
9322,139, 0
9323,133, 0
9324,126, 0
9325,150, 0
9326,193, 0
9327,246, 0
9328,276, 0
9329,332, 0
9330,374, 7
9331,411, 21
9332,433, 35
9333,441, 44
9334,446, 51
9335,441, 54
9336,415, 48
9337,380, 39
9338,354, 25
9339,331, 15
9340,341, 10
9341,369, 15
9342,385, 22
9343,304, 11
9344,243, 0
9345,199, 0
9346,176, 0
9347,163, 0
9348,145, 0
9349,120, 0
9350,90, 0
9351,47, 0
9352,19, 0
9353,9, 0
9354,8, 0
9355,25, 0
9356,63, 0
9357,119, 0
9358,158, 0
9359,154, 0
9360,126, 0
9361,89, 0
9362,73, 0
9363,47, 0
9364,3, 0
9365,0, 0
9366,14, 0
9367,60, 0
9368,108, 0
9369,135, 0
9370,133, 0
9371,121, 0
9372,109, 0
9373,125, 0
9374,158, 0
9375,190, 0
9376,221, 0
9377,200, 0
9378,154, 0
9379,133, 0
9380,94, 0
9381,36, 0
9382,2, 0
9383,0, 0
9384,10, 0
9385,79, 0
9386,134, 0
9387,149, 0
9388,139, 0
9389,86, 0
9390,26, 0
9391,0, 0
9392,13, 0
9393,34, 0
9394,30, 0
9395,10, 0
9396,0, 0
9397,12, 0
9398,41, 0
9399,62, 0
9400,59, 0
9401,39, 0
9402,13, 0
9403,7, 0
9404,0, 0
9405,0, 0
9406,8, 0
9407,19, 0
9408,13, 0
9409,0, 0
9410,55, 0
9411,129, 0
9412,169, 0
9413,182, 0
9414,191, 0
9415,130, 0
9416,61, 0
9417,3, 0
9418,51, 0
9419,163, 0
9420,216, 0
9421,224, 0
9422,222, 0
9423,211, 0
9424,180, 0
9425,170, 0
9426,174, 0
9427,207, 0
9428,254, 0
9429,267, 0
9430,276, 0
9431,277, 0
9432,281, 0
9433,289, 0
9434,286, 0
9435,273, 0
9436,257, 0
9437,247, 0
9438,282, 0
9439,330, 0
9440,367, 4
9441,384, 15
9442,382, 19
9443,325, 13
9444,264, 0
9445,238, 0
9446,214, 0
9447,183, 0
9448,187, 0
9449,161, 0
9450,159, 0
9451,183, 0
9452,191, 0
9453,191, 0
9454,152, 0
9455,97, 0
9456,46, 0
9457,23, 0
9458,15, 0
9459,26, 0
9460,42, 0
9461,13, 0
9462,7, 0
9463,12, 0
9464,11, 0
9465,27, 0
9466,50, 0
9467,46, 0
9468,68, 0
9469,119, 0
9470,164, 0
9471,175, 0
9472,133, 0
9473,81, 0
9474,34, 0
9475,40, 0
9476,86, 0
9477,134, 0
9478,166, 0
9479,210, 0
9480,196, 0
9481,159, 0
9482,88, 0
9483,17, 0
9484,6, 0
9485,41, 0
9486,30, 0
9487,5, 0
9488,84, 0
9489,174, 0
9490,212, 0
9491,190, 0
9492,139, 0
9493,115, 0
9494,135, 0
9495,176, 0
9496,217, 0
9497,232, 0
9498,233, 0
9499,246, 0
9500,257, 0
9501,223, 0
9502,247, 0
9503,251, 0
9504,217, 0
9505,217, 0
9506,222, 0
9507,196, 0
9508,186, 0
9509,183, 0
9510,159, 0
9511,159, 0
9512,121, 0
9513,85, 0
9514,48, 0
9515,25, 0
9516,57, 0
9517,126, 0
9518,176, 0
9519,202, 0
9520,199, 0
9521,205, 0
9522,226, 0
9523,253, 0
9524,245, 0
9525,206, 0
9526,111, 0
9527,26, 0
9528,15, 0
9529,81, 0
9530,121, 0
9531,158, 0
9532,170, 0
9533,150, 0
9534,103, 0
9535,53, 0
9536,14, 0
9537,0, 0
9538,5, 0
9539,41, 0
9540,124, 0
9541,195, 0
9542,210, 0
9543,152, 0
9544,50, 0
9545,0, 0
9546,28, 0
9547,119, 0
9548,202, 0
9549,270, 0
9550,257, 0
9551,229, 0
9552,202, 0
9553,196, 0
9554,232, 0
9555,278, 0
9556,324, 0
9557,342, 1
9558,394, 7
9559,465, 31
9560,533, 60
9561,518, 74
9562,469, 74
9563,425, 58
9564,384, 40
9565,327, 22
9566,283, 4
9567,287, 0
9568,285, 0
9569,290, 0
9570,308, 0
9571,321, 0
9572,316, 0
9573,310, 1
9574,289, 0
9575,271, 0
9576,181, 0
9577,108, 0
9578,60, 0
9579,32, 0
9580,8, 0
9581,0, 0
9582,6, 0
9583,0, 0
9584,12, 0
9585,24, 0
9586,4, 0
9587,37, 0
9588,110, 0
9589,152, 0
9590,143, 0
9591,101, 0
9592,53, 0
9593,8, 0
9594,5, 0
9595,59, 0
9596,108, 0
9597,126, 0
9598,144, 0
9599,150, 0
9600,145, 0
9601,165, 0
9602,170, 0
9603,155, 0
9604,149, 0
9605,157, 0
9606,174, 0
9607,185, 0
9608,182, 0
9609,166, 0
9610,152, 0
9611,149, 0
9612,190, 0
9613,252, 0
9614,293, 0
9615,324, 0
9616,330, 0
9617,318, 2
9618,294, 0
9619,261, 0
9620,222, 0
9621,152, 0
9622,104, 0
9623,83, 0
9624,89, 0
9625,95, 0
9626,60, 0
9627,26, 0
9628,17, 0
9629,45, 0
9630,108, 0
9631,158, 0
9632,176, 0
9633,181, 0
9634,181, 0
9635,189, 0
9636,179, 0
9637,175, 0
9638,154, 0
9639,127, 0
9640,92, 0
9641,51, 0
9642,25, 0
9643,5, 0
9644,0, 0
9645,0, 0
9646,0, 0
9647,1, 0
9648,0, 0
9649,0, 0
9650,2, 0
9651,13, 0
9652,31, 0
9653,29, 0
9654,22, 0
9655,7, 0
9656,0, 0
9657,5, 0
9658,34, 0
9659,75, 0
9660,102, 0
9661,115, 0
9662,128, 0
9663,109, 0
9664,90, 0
9665,88, 0
9666,103, 0
9667,139, 0
9668,160, 0
9669,176, 0
9670,169, 0
9671,159, 0
9672,154, 0
9673,159, 0
9674,180, 0
9675,214, 0
9676,223, 0
9677,242, 0
9678,248, 0
9679,253, 0
9680,263, 0
9681,268, 0
9682,290, 0
9683,293, 0
9684,270, 0
9685,267, 0
9686,255, 0
9687,202, 0
9688,152, 0
9689,139, 0
9690,149, 0
9691,171, 0
9692,188, 0
9693,189, 0
9694,152, 0
9695,83, 0
9696,6, 0
9697,15, 0
9698,71, 0
9699,86, 0
9700,52, 0
9701,5, 0
9702,55, 0
9703,141, 0
9704,186, 0
9705,179, 0
9706,143, 0
9707,128, 0
9708,119, 0
9709,106, 0
9710,105, 0
9711,92, 0
9712,51, 0
9713,38, 0
9714,41, 0
9715,60, 0
9716,57, 0
9717,58, 0
9718,61, 0
9719,67, 0
9720,68, 0
9721,92, 0
9722,138, 0
9723,191, 0
9724,229, 0
9725,251, 0
9726,268, 0
9727,261, 0
9728,287, 0
9729,262, 0
9730,212, 0
9731,155, 0
9732,123, 0
9733,129, 0
9734,152, 0
9735,196, 0
9736,205, 0
9737,231, 0
9738,227, 0
9739,205, 0
9740,203, 0
9741,204, 0
9742,207, 0
9743,204, 0
9744,202, 0
9745,173, 0
9746,153, 0
9747,140, 0
9748,83, 0
9749,39, 0
9750,27, 0
9751,39, 0
9752,43, 0
9753,28, 0
9754,0, 0
9755,24, 0
9756,47, 0
9757,44, 0
9758,10, 0
9759,19, 0
9760,133, 0
9761,242, 0
9762,334, 0
9763,379, 9
9764,372, 18
9765,321, 11
9766,255, 0
9767,214, 0
9768,204, 0
9769,195, 0
9770,180, 0
9771,173, 0
9772,168, 0
9773,168, 0
9774,151, 0
9775,120, 0
9776,93, 0
9777,58, 0
9778,52, 0
9779,31, 0
9780,11, 0
9781,2, 0
9782,3, 0
9783,27, 0
9784,76, 0
9785,109, 0
9786,128, 0
9787,127, 0
9788,133, 0
9789,135, 0
9790,174, 0
9791,204, 0
9792,232, 0
9793,223, 0
9794,217, 0
9795,202, 0
9796,201, 0
9797,172, 0
9798,163, 0
9799,147, 0
9800,159, 0
9801,163, 0
9802,173, 0
9803,223, 0
9804,272, 0
9805,263, 0
9806,239, 0
9807,222, 0
9808,213, 0
9809,186, 0
9810,172, 0
9811,186, 0
9812,155, 0
9813,135, 0
9814,113, 0
9815,91, 0
9816,70, 0
9817,63, 0
9818,61, 0
9819,57, 0
9820,38, 0
9821,27, 0
9822,46, 0
9823,69, 0
9824,77, 0
9825,88, 0
9826,102, 0
9827,103, 0
9828,123, 0
9829,135, 0
9830,124, 0
9831,99, 0
9832,88, 0
9833,63, 0
9834,31, 0
9835,8, 0
9836,0, 0
9837,14, 0
9838,31, 0
9839,69, 0
9840,95, 0
9841,115, 0
9842,105, 0
9843,104, 0
9844,136, 0
9845,171, 0
9846,197, 0
9847,203, 0
9848,203, 0
9849,204, 0
9850,204, 0
9851,217, 0
9852,222, 0
9853,217, 0
9854,202, 0
9855,177, 0
9856,158, 0
9857,158, 0
9858,138, 0
9859,106, 0
9860,83, 0
9861,57, 0
9862,53, 0
9863,63, 0
9864,76, 0
9865,100, 0
9866,113, 0
9867,113, 0
9868,123, 0
9869,95, 0
9870,44, 0
9871,5, 0
9872,0, 0
9873,0, 0
9874,0, 0
9875,0, 0
9876,0, 0
9877,0, 0
9878,5, 0
9879,17, 0
9880,40, 0
9881,27, 0
9882,25, 0
9883,22, 0
9884,31, 0
9885,44, 0
9886,59, 0
9887,63, 0
9888,58, 0
9889,69, 0
9890,78, 0
9891,54, 0
9892,19, 0
9893,23, 0
9894,51, 0
9895,115, 0
9896,195, 0
9897,270, 0
9898,321, 0
9899,333, 1
9900,340, 4
9901,313, 2
9902,270, 0
9903,287, 0
9904,309, 0
9905,386, 6
9906,432, 22
9907,450, 38
9908,427, 41
9909,388, 35
9910,337, 19
9911,289, 6
9912,266, 0
9913,270, 0
9914,294, 0
9915,296, 0
9916,282, 0
9917,251, 0
9918,234, 0
9919,234, 0
9920,211, 0
9921,147, 0
9922,80, 0
9923,34, 0
9924,57, 0
9925,94, 0
9926,144, 0
9927,197, 0
9928,237, 0
9929,243, 0
9930,215, 0
9931,142, 0
9932,83, 0
9933,69, 0
9934,73, 0
9935,91, 0
9936,108, 0
9937,132, 0
9938,150, 0
9939,155, 0
9940,127, 0
9941,105, 0
9942,70, 0
9943,42, 0
9944,9, 0
9945,0, 0
9946,0, 0
9947,0, 0
9948,0, 0
9949,0, 0
9950,6, 0
9951,7, 0
9952,0, 0
9953,1, 0
9954,0, 0
9955,0, 0
9956,5, 0
9957,18, 0
9958,23, 0
9959,14, 0
9960,3, 0
9961,0, 0
9962,0, 0
9963,2, 0
9964,0, 0
9965,4, 0
9966,60, 0
9967,149, 0
9968,202, 0
9969,217, 0
9970,213, 0
9971,189, 0
9972,168, 0
9973,158, 0
9974,139, 0
9975,141, 0
9976,125, 0
9977,130, 0
9978,131, 0
9979,152, 0
9980,145, 0
9981,149, 0
9982,158, 0
9983,173, 0
9984,202, 0
9985,219, 0
9986,244, 0
9987,248, 0
9988,242, 0
9989,240, 0
9990,233, 0
9991,221, 0
9992,172, 0
9993,134, 0
9994,109, 0
9995,93, 0
9996,83, 0
9997,87, 0
9998,111, 0
9999,139, 0
10000,149, 0
10001,139, 0
10002,113, 0
10003,97, 0
10004,89, 0
10005,110, 0
10006,108, 0
10007,104, 0
10008,86, 0
10009,87, 0
10010,83, 0
10011,112, 0
10012,128, 0
10013,103, 0
10014,74, 0
10015,39, 0
10016,27, 0
10017,22, 0
10018,32, 0
10019,59, 0
10020,89, 0
10021,116, 0
10022,127, 0
10023,112, 0
10024,86, 0
10025,58, 0
10026,50, 0
10027,91, 0
10028,136, 0
10029,169, 0
10030,175, 0
10031,177, 0
10032,183, 0
10033,182, 0
10034,190, 0
10035,183, 0
10036,170, 0
10037,180, 0
10038,186, 0
10039,197, 0
10040,231, 0
10041,238, 0
10042,242, 0
10043,243, 0
10044,218, 0
10045,204, 0
10046,173, 0
10047,145, 0
10048,130, 0
10049,134, 0
10050,152, 0
10051,180, 0
10052,181, 0
10053,142, 0
10054,128, 0
10055,156, 0
10056,179, 0
10057,189, 0
10058,181, 0
10059,158, 0
10060,140, 0
10061,111, 0
10062,122, 0
10063,99, 0
10064,76, 0
10065,57, 0
10066,19, 0
10067,19, 0
10068,14, 0
10069,25, 0
10070,31, 0
10071,32, 0
10072,47, 0
10073,59, 0
10074,53, 0
10075,47, 0
10076,52, 0
10077,70, 0
10078,84, 0
10079,94, 0
10080,109, 0
10081,115, 0
10082,121, 0
10083,125, 0
10084,127, 0
10085,100, 0
10086,111, 0
10087,108, 0
10088,142, 0
10089,150, 0
10090,153, 0
10091,132, 0
10092,123, 0
10093,127, 0
10094,157, 0
10095,196, 0
10096,216, 0
10097,222, 0
10098,220, 0
10099,211, 0
10100,201, 0
10101,196, 0
10102,167, 0
10103,137, 0
10104,134, 0
10105,139, 0
10106,153, 0
10107,176, 0
10108,204, 0
10109,236, 0
10110,262, 0
10111,263, 0
10112,266, 0
10113,257, 0
10114,200, 0
10115,168, 0
10116,155, 0
10117,161, 0
10118,137, 0
10119,142, 0
10120,135, 0
10121,131, 0
10122,128, 0
10123,112, 0
10124,115, 0
10125,121, 0
10126,121, 0
10127,113, 0
10128,101, 0
10129,87, 0
10130,68, 0
10131,51, 0
10132,44, 0
10133,52, 0
10134,40, 0
10135,11, 0
10136,0, 0
10137,0, 0
10138,1, 0
10139,25, 0
10140,54, 0
10141,63, 0
10142,80, 0
10143,85, 0
10144,95, 0
10145,90, 0
10146,86, 0
10147,86, 0
10148,79, 0
10149,105, 0
10150,133, 0
10151,134, 0
10152,129, 0
10153,127, 0
10154,116, 0
10155,137, 0
10156,154, 0
10157,147, 0
10158,126, 0
10159,108, 0
10160,106, 0
10161,123, 0
10162,166, 0
10163,201, 0
10164,201, 0
10165,189, 0
10166,186, 0
10167,206, 0
10168,211, 0
10169,211, 0
10170,221, 0
10171,215, 0
10172,214, 0
10173,220, 0
10174,206, 0
10175,158, 0
10176,140, 0
10177,129, 0
10178,133, 0
10179,132, 0
10180,156, 0
10181,161, 0
10182,170, 0
10183,182, 0
10184,165, 0
10185,150, 0
10186,149, 0
10187,145, 0
10188,141, 0
10189,150, 0
10190,137, 0
10191,132, 0
10192,115, 0
10193,108, 0
10194,92, 0
10195,64, 0
10196,44, 0
10197,34, 0
10198,34, 0
10199,35, 0
10200,34, 0
10201,55, 0
10202,53, 0
10203,47, 0
10204,38, 0
10205,34, 0
10206,17, 0
10207,14, 0
10208,23, 0
10209,34, 0
10210,78, 0
10211,113, 0
10212,133, 0
10213,151, 0
10214,169, 0
10215,186, 0
10216,208, 0
10217,223, 0
10218,235, 0
10219,247, 0
10220,242, 0
10221,232, 0
10222,226, 0
10223,218, 0
10224,206, 0
10225,188, 0
10226,197, 0
10227,211, 0
10228,234, 0
10229,230, 0
10230,222, 0
10231,229, 0
10232,217, 0
10233,210, 0
10234,204, 0
10235,183, 0
10236,135, 0
10237,113, 0
10238,121, 0
10239,115, 0
10240,122, 0
10241,130, 0
10242,130, 0
10243,125, 0
10244,133, 0
10245,139, 0
10246,139, 0
10247,155, 0
10248,154, 0
10249,138, 0
10250,121, 0
10251,83, 0
10252,57, 0
10253,38, 0
10254,35, 0
10255,52, 0
10256,61, 0
10257,63, 0
10258,63, 0
10259,68, 0
10260,65, 0
10261,51, 0
10262,50, 0
10263,47, 0
10264,42, 0
10265,47, 0
10266,38, 0
10267,17, 0
10268,8, 0
10269,19, 0
10270,31, 0
10271,88, 0
10272,112, 0
10273,113, 0
10274,109, 0
10275,106, 0
10276,115, 0
10277,130, 0
10278,153, 0
10279,160, 0
10280,181, 0
10281,206, 0
10282,223, 0
10283,266, 0
10284,275, 0
10285,261, 0
10286,242, 0
10287,238, 0
10288,228, 0
10289,222, 0
10290,213, 0
10291,207, 0
10292,201, 0
10293,202, 0
10294,204, 0
10295,213, 0
10296,182, 0
10297,125, 0
10298,75, 0
10299,54, 0
10300,38, 0
10301,59, 0
10302,96, 0
10303,136, 0
10304,172, 0
10305,200, 0
10306,197, 0
10307,207, 0
10308,212, 0
10309,201, 0
10310,176, 0
10311,148, 0
10312,113, 0
10313,92, 0
10314,76, 0
10315,73, 0
10316,72, 0
10317,55, 0
10318,39, 0
10319,44, 0
10320,37, 0
10321,36, 0
10322,38, 0
10323,43, 0
10324,31, 0
10325,20, 0
10326,6, 0
10327,0, 0
10328,0, 0
10329,0, 0
10330,0, 0
10331,3, 0
10332,55, 0
10333,115, 0
10334,143, 0
10335,183, 0
10336,202, 0
10337,215, 0
10338,240, 0
10339,251, 0
10340,244, 0
10341,241, 0
10342,259, 0
10343,248, 0
10344,245, 0
10345,255, 0
10346,234, 0
10347,214, 0
10348,207, 0
10349,196, 0
10350,200, 0
10351,208, 0
10352,207, 0
10353,224, 0
10354,229, 0
10355,228, 0
10356,242, 0
10357,218, 0
10358,191, 0
10359,170, 0
10360,170, 0
10361,171, 0
10362,165, 0
10363,161, 0
10364,134, 0
10365,139, 0
10366,128, 0
10367,107, 0
10368,92, 0
10369,76, 0
10370,67, 0
10371,63, 0
10372,63, 0
10373,51, 0
10374,39, 0
10375,29, 0
10376,17, 0
10377,10, 0
10378,12, 0
10379,24, 0
10380,40, 0
10381,71, 0
10382,75, 0
10383,68, 0
10384,74, 0
10385,65, 0
10386,50, 0
10387,50, 0
10388,32, 0
10389,25, 0
10390,25, 0
10391,25, 0
10392,41, 0
10393,92, 0
10394,106, 0
10395,111, 0
10396,103, 0
10397,106, 0
10398,120, 0
10399,142, 0
10400,180, 0
10401,199, 0
10402,215, 0
10403,229, 0
10404,226, 0
10405,235, 0
10406,248, 0
10407,230, 0
10408,211, 0
10409,204, 0
10410,189, 0
10411,185, 0
10412,216, 0
10413,221, 0
10414,220, 0
10415,230, 0
10416,203, 0
10417,202, 0
10418,170, 0
10419,130, 0
10420,118, 0
10421,108, 0
10422,125, 0
10423,115, 0
10424,137, 0
10425,139, 0
10426,142, 0
10427,135, 0
10428,139, 0
10429,113, 0
10430,118, 0
10431,124, 0
10432,123, 0
10433,125, 0
10434,113, 0
10435,102, 0
10436,76, 0
10437,76, 0
10438,70, 0
10439,58, 0
10440,41, 0
10441,39, 0
10442,52, 0
10443,59, 0
10444,64, 0
10445,75, 0
10446,60, 0
10447,54, 0
10448,41, 0
10449,25, 0
10450,11, 0
10451,17, 0
10452,28, 0
10453,58, 0
10454,121, 0
10455,157, 0
10456,172, 0
10457,179, 0
10458,177, 0
10459,184, 0
10460,189, 0
10461,189, 0
10462,163, 0
10463,166, 0
10464,168, 0
10465,159, 0
10466,196, 0
10467,214, 0
10468,218, 0
10469,208, 0
10470,219, 0
10471,223, 0
10472,214, 0
10473,213, 0
10474,202, 0
10475,202, 0
10476,204, 0
10477,204, 0
10478,212, 0
10479,185, 0
10480,144, 0
10481,139, 0
10482,138, 0
10483,144, 0
10484,134, 0
10485,143, 0
10486,151, 0
10487,152, 0
10488,148, 0
10489,127, 0
10490,115, 0
10491,95, 0
10492,83, 0
10493,71, 0
10494,60, 0
10495,51, 0
10496,42, 0
10497,41, 0
10498,83, 0
10499,86, 0
10500,87, 0
10501,85, 0
10502,75, 0
10503,60, 0
10504,52, 0
10505,45, 0
10506,65, 0
10507,46, 0
10508,48, 0
10509,42, 0
10510,44, 0
10511,34, 0
10512,28, 0
10513,32, 0
10514,53, 0
10515,111, 0
10516,150, 0
10517,158, 0
10518,164, 0
10519,176, 0
10520,163, 0
10521,186, 0
10522,196, 0
10523,195, 0
10524,196, 0
10525,202, 0
10526,201, 0
10527,226, 0
10528,226, 0
10529,204, 0
10530,198, 0
10531,216, 0
10532,208, 0
10533,216, 0
10534,207, 0
10535,202, 0
10536,200, 0
10537,215, 0
10538,193, 0
10539,196, 0
10540,169, 0
10541,125, 0
10542,121, 0
10543,120, 0
10544,121, 0
10545,132, 0
10546,149, 0
10547,164, 0
10548,154, 0
10549,152, 0
10550,141, 0
10551,115, 0
10552,122, 0
10553,106, 0
10554,83, 0
10555,74, 0
10556,75, 0
10557,68, 0
10558,77, 0
10559,79, 0
10560,74, 0
10561,54, 0
10562,38, 0
10563,30, 0
10564,31, 0
10565,25, 0
10566,28, 0
10567,44, 0
10568,47, 0
10569,43, 0
10570,37, 0
10571,34, 0
10572,29, 0
10573,30, 0
10574,51, 0
10575,75, 0
10576,118, 0
10577,138, 0
10578,136, 0
10579,124, 0
10580,135, 0
10581,135, 0
10582,165, 0
10583,174, 0
10584,171, 0
10585,176, 0
10586,189, 0
10587,183, 0
10588,212, 0
10589,220, 0
10590,214, 0
10591,213, 0
10592,206, 0
10593,206, 0
10594,218, 0
10595,214, 0
10596,205, 0
10597,203, 0
10598,196, 0
10599,197, 0
10600,210, 0
10601,165, 0
10602,141, 0
10603,128, 0
10604,132, 0
10605,127, 0
10606,140, 0
10607,145, 0
10608,139, 0
10609,151, 0
10610,150, 0
10611,154, 0
10612,128, 0
10613,121, 0
10614,113, 0
10615,107, 0
10616,95, 0
10617,87, 0
10618,79, 0
10619,67, 0
10620,70, 0
10621,68, 0
10622,50, 0
10623,40, 0
10624,44, 0
10625,46, 0
10626,47, 0
10627,63, 0
10628,63, 0
10629,55, 0
10630,47, 0
10631,51, 0
10632,41, 0
10633,27, 0
10634,25, 0
10635,27, 0
10636,70, 0
10637,107, 0
10638,136, 0
10639,140, 0
10640,135, 0
10641,145, 0
10642,159, 0
10643,172, 0
10644,191, 0
10645,197, 0
10646,199, 0
10647,207, 0
10648,207, 0
10649,228, 0
10650,238, 0
10651,232, 0
10652,217, 0
10653,223, 0
10654,223, 0
10655,238, 0
10656,238, 0
10657,234, 0
10658,240, 0
10659,238, 0
10660,234, 0
10661,224, 0
10662,188, 0
10663,152, 0
10664,148, 0
10665,135, 0
10666,133, 0
10667,160, 0
10668,168, 0
10669,180, 0
10670,165, 0
10671,158, 0
10672,158, 0
10673,133, 0
10674,121, 0
10675,108, 0
10676,103, 0
10677,92, 0
10678,79, 0
10679,71, 0
10680,67, 0
10681,57, 0
10682,55, 0
10683,37, 0
10684,27, 0
10685,20, 0
10686,31, 0
10687,31, 0
10688,36, 0
10689,36, 0
10690,34, 0
10691,35, 0
10692,31, 0
10693,13, 0
10694,7, 0
10695,13, 0
10696,18, 0
10697,57, 0
10698,103, 0
10699,133, 0
10700,139, 0
10701,141, 0
10702,164, 0
10703,164, 0
10704,180, 0
10705,170, 0
10706,183, 0
10707,189, 0
10708,196, 0
10709,196, 0
10710,223, 0
10711,226, 0
10712,214, 0
10713,219, 0
10714,232, 0
10715,230, 0
10716,237, 0
10717,234, 0
10718,222, 0
10719,229, 0
10720,231, 0
10721,232, 0
10722,236, 0
10723,197, 0
10724,167, 0
10725,159, 0
10726,170, 0
10727,153, 0
10728,177, 0
10729,183, 0
10730,196, 0
10731,188, 0
10732,165, 0
10733,159, 0
10734,131, 0
10735,113, 0
10736,92, 0
10737,83, 0
10738,74, 0
10739,58, 0
10740,51, 0
10741,38, 0
10742,42, 0
10743,31, 0
10744,25, 0
10745,5, 0
10746,5, 0
10747,9, 0
10748,5, 0
10749,11, 0
10750,6, 0
10751,6, 0
10752,9, 0
10753,10, 0
10754,0, 0
10755,2, 0
10756,0, 0
10757,11, 0
10758,52, 0
10759,101, 0
10760,129, 0
10761,136, 0
10762,159, 0
10763,155, 0
10764,168, 0
10765,190, 0
10766,200, 0
10767,196, 0
10768,200, 0
10769,204, 0
10770,207, 0
10771,262, 0
10772,239, 0
10773,238, 0
10774,223, 0
10775,226, 0
10776,233, 0
10777,233, 0
10778,233, 0
10779,233, 0
10780,232, 0
10781,232, 0
10782,241, 0
10783,236, 0
10784,193, 0
10785,154, 0
10786,144, 0
10787,134, 0
10788,133, 0
10789,154, 0
10790,157, 0
10791,155, 0
10792,158, 0
10793,149, 0
10794,133, 0
10795,125, 0
10796,107, 0
10797,95, 0
10798,92, 0
10799,71, 0
10800,63, 0
10801,59, 0
10802,48, 0
10803,50, 0
10804,42, 0
10805,35, 0
10806,15, 0
10807,24, 0
10808,22, 0
10809,28, 0
10810,25, 0
10811,24, 0
10812,23, 0
10813,24, 0
10814,15, 0
10815,4, 0
10816,0, 0
10817,2, 0
10818,6, 0
10819,50, 0
10820,99, 0
10821,119, 0
10822,127, 0
10823,138, 0
10824,144, 0
10825,158, 0
10826,174, 0
10827,182, 0
10828,183, 0
10829,182, 0
10830,196, 0
10831,205, 0
10832,233, 0
10833,232, 0
10834,227, 0
10835,226, 0
10836,226, 0
10837,235, 0
10838,239, 0
10839,237, 0
10840,229, 0
10841,228, 0
10842,231, 0
10843,232, 0
10844,222, 0
10845,179, 0
10846,147, 0
10847,143, 0
10848,152, 0
10849,147, 0
10850,159, 0
10851,169, 0
10852,165, 0
10853,170, 0
10854,158, 0
10855,147, 0
10856,132, 0
10857,119, 0
10858,105, 0
10859,95, 0
10860,84, 0
10861,74, 0
10862,68, 0
10863,57, 0
10864,57, 0
10865,44, 0
10866,43, 0
10867,23, 0
10868,28, 0
10869,38, 0
10870,29, 0
10871,32, 0
10872,37, 0
10873,46, 0
10874,27, 0
10875,21, 0
10876,6, 0
10877,0, 0
10878,3, 0
10879,11, 0
10880,69, 0
10881,99, 0
10882,127, 0
10883,137, 0
10884,142, 0
10885,152, 0
10886,164, 0
10887,198, 0
10888,188, 0
10889,184, 0
10890,193, 0
10891,196, 0
10892,206, 0
10893,223, 0
10894,223, 0
10895,216, 0
10896,213, 0
10897,226, 0
10898,228, 0
10899,232, 0
10900,232, 0
10901,220, 0
10902,231, 0
10903,223, 0
10904,227, 0
10905,220, 0
10906,183, 0
10907,154, 0
10908,145, 0
10909,145, 0
10910,144, 0
10911,161, 0
10912,159, 0
10913,158, 0
10914,158, 0
10915,156, 0
10916,141, 0
10917,129, 0
10918,117, 0
10919,110, 0
10920,102, 0
10921,89, 0
10922,79, 0
10923,79, 0
10924,58, 0
10925,70, 0
10926,60, 0
10927,44, 0
10928,44, 0
10929,45, 0
10930,44, 0
10931,54, 0
10932,57, 0
10933,52, 0
10934,63, 0
10935,50, 0
10936,38, 0
10937,25, 0
10938,7, 0
10939,8, 0
10940,23, 0
10941,76, 0
10942,121, 0
10943,144, 0
10944,134, 0
10945,149, 0
10946,153, 0
10947,176, 0
10948,183, 0
10949,179, 0
10950,184, 0
10951,195, 0
10952,202, 0
10953,206, 0
10954,227, 0
10955,220, 0
10956,214, 0
10957,214, 0
10958,207, 0
10959,211, 0
10960,205, 0
10961,210, 0
10962,196, 0
10963,213, 0
10964,207, 0
10965,211, 0
10966,220, 0
10967,158, 0
10968,138, 0
10969,127, 0
10970,139, 0
10971,137, 0
10972,158, 0
10973,159, 0
10974,158, 0
10975,160, 0
10976,151, 0
10977,158, 0
10978,125, 0
10979,108, 0
10980,104, 0
10981,100, 0
10982,96, 0
10983,86, 0
10984,70, 0
10985,78, 0
10986,70, 0
10987,69, 0
10988,60, 0
10989,44, 0
10990,42, 0
10991,47, 0
10992,51, 0
10993,58, 0
10994,63, 0
10995,54, 0
10996,48, 0
10997,38, 0
10998,24, 0
10999,14, 0
11000,35, 0
11001,29, 0
11002,87, 0
11003,127, 0
11004,137, 0
11005,145, 0
11006,159, 0
11007,155, 0
11008,170, 0
11009,176, 0
11010,181, 0
11011,168, 0
11012,172, 0
11013,176, 0
11014,185, 0
11015,200, 0
11016,196, 0
11017,196, 0
11018,190, 0
11019,185, 0
11020,186, 0
11021,189, 0
11022,183, 0
11023,175, 0
11024,189, 0
11025,185, 0
11026,196, 0
11027,184, 0
11028,152, 0
11029,125, 0
11030,129, 0
11031,131, 0
11032,142, 0
11033,152, 0
11034,154, 0
11035,160, 0
11036,160, 0
11037,155, 0
11038,140, 0
11039,133, 0
11040,125, 0
11041,127, 0
11042,115, 0
11043,102, 0
11044,95, 0
11045,87, 0
11046,83, 0
11047,89, 0
11048,87, 0
11049,67, 0
11050,63, 0
11051,63, 0
11052,69, 0
11053,77, 0
11054,81, 0
11055,80, 0
11056,78, 0
11057,63, 0
11058,63, 0
11059,40, 0
11060,37, 0
11061,38, 0
11062,57, 0
11063,104, 0
11064,144, 0
11065,143, 0
11066,158, 0
11067,170, 0
11068,158, 0
11069,168, 0
11070,196, 0
11071,179, 0
11072,169, 0
11073,170, 0
11074,177, 0
11075,183, 0
11076,197, 0
11077,190, 0
11078,170, 0
11079,169, 0
11080,173, 0
11081,183, 0
11082,176, 0
11083,168, 0
11084,159, 0
11085,159, 0
11086,159, 0
11087,164, 0
11088,153, 0
11089,106, 0
11090,84, 0
11091,84, 0
11092,97, 0
11093,100, 0
11094,115, 0
11095,120, 0
11096,128, 0
11097,130, 0
11098,120, 0
11099,111, 0
11100,103, 0
11101,93, 0
11102,92, 0
11103,86, 0
11104,79, 0
11105,85, 0
11106,86, 0
11107,92, 0
11108,103, 0
11109,108, 0
11110,90, 0
11111,99, 0
11112,122, 0
11113,140, 0
11114,148, 0
11115,148, 0
11116,132, 0
11117,126, 0
11118,111, 0
11119,96, 0
11120,81, 0
11121,80, 0
11122,74, 0
11123,87, 0
11124,139, 0
11125,186, 0
11126,202, 0
11127,192, 0
11128,184, 0
11129,184, 0
11130,189, 0
11131,177, 0
11132,177, 0
11133,164, 0
11134,155, 0
11135,154, 0
11136,164, 0
11137,180, 0
11138,182, 0
11139,168, 0
11140,173, 0
11141,170, 0
11142,168, 0
11143,158, 0
11144,145, 0
11145,151, 0
11146,145, 0
11147,145, 0
11148,155, 0
11149,140, 0
11150,104, 0
11151,86, 0
11152,88, 0
11153,102, 0
11154,112, 0
11155,124, 0
11156,129, 0
11157,133, 0
11158,136, 0
11159,132, 0
11160,115, 0
11161,109, 0
11162,104, 0
11163,102, 0
11164,104, 0
11165,109, 0
11166,110, 0
11167,104, 0
11168,101, 0
11169,132, 0
11170,100, 0
11171,79, 0
11172,69, 0
11173,69, 0
11174,76, 0
11175,94, 0
11176,83, 0
11177,81, 0
11178,79, 0
11179,75, 0
11180,63, 0
11181,51, 0
11182,56, 0
11183,61, 0
11184,89, 0
11185,142, 0
11186,173, 0
11187,187, 0
11188,190, 0
11189,170, 0
11190,165, 0
11191,172, 0
11192,170, 0
11193,176, 0
11194,180, 0
11195,189, 0
11196,204, 0
11197,220, 0
11198,231, 0
11199,233, 0
11200,215, 0
11201,202, 0
11202,198, 0
11203,188, 0
11204,175, 0
11205,168, 0
11206,148, 0
11207,139, 0
11208,126, 0
11209,129, 0
11210,97, 0
11211,46, 0
11212,31, 0
11213,39, 0
11214,51, 0
11215,87, 0
11216,104, 0
11217,127, 0
11218,151, 0
11219,165, 0
11220,170, 0
11221,164, 0
11222,158, 0
11223,152, 0
11224,148, 0
11225,137, 0
11226,133, 0
11227,123, 0
11228,104, 0
11229,95, 0
11230,89, 0
11231,48, 0
11232,41, 0
11233,45, 0
11234,56, 0
11235,80, 0
11236,99, 0
11237,106, 0
11238,107, 0
11239,106, 0
11240,105, 0
11241,92, 0
11242,73, 0
11243,58, 0
11244,65, 0
11245,89, 0
11246,134, 0
11247,158, 0
11248,154, 0
11249,169, 0
11250,166, 0
11251,175, 0
11252,186, 0
11253,181, 0
11254,165, 0
11255,159, 0
11256,159, 0
11257,154, 0
11258,161, 0
11259,164, 0
11260,163, 0
11261,160, 0
11262,159, 0
11263,149, 0
11264,171, 0
11265,175, 0
11266,172, 0
11267,185, 0
11268,205, 0
11269,207, 0
11270,214, 0
11271,181, 0
11272,135, 0
11273,113, 0
11274,115, 0
11275,129, 0
11276,165, 0
11277,191, 0
11278,197, 0
11279,183, 0
11280,160, 0
11281,138, 0
11282,115, 0
11283,88, 0
11284,58, 0
11285,44, 0
11286,38, 0
11287,38, 0
11288,53, 0
11289,59, 0
11290,75, 0
11291,111, 0
11292,106, 0
11293,83, 0
11294,77, 0
11295,72, 0
11296,62, 0
11297,57, 0
11298,40, 0
11299,31, 0
11300,20, 0
11301,8, 0
11302,0, 0
11303,0, 0
11304,0, 0
11305,19, 0
11306,55, 0
11307,133, 0
11308,188, 0
11309,222, 0
11310,238, 0
11311,248, 0
11312,257, 0
11313,248, 0
11314,231, 0
11315,204, 0
11316,183, 0
11317,172, 0
11318,158, 0
11319,158, 0
11320,133, 0
11321,96, 0
11322,62, 0
11323,44, 0
11324,41, 0
11325,71, 0
11326,91, 0
11327,109, 0
11328,168, 0
11329,207, 0
11330,212, 0
11331,251, 0
11332,201, 0
11333,149, 0
11334,142, 0
11335,112, 0
11336,85, 0
11337,77, 0
11338,78, 0
11339,81, 0
11340,83, 0
11341,84, 0
11342,90, 0
11343,83, 0
11344,81, 0
11345,84, 0
11346,103, 0
11347,123, 0
11348,147, 0
11349,165, 0
11350,176, 0
11351,192, 0
11352,203, 0
11353,195, 0
11354,169, 0
11355,177, 0
11356,196, 0
11357,210, 0
11358,214, 0
11359,208, 0
11360,182, 0
11361,164, 0
11362,152, 0
11363,137, 0
11364,135, 0
11365,116, 0
11366,108, 0
11367,101, 0
11368,125, 0
11369,135, 0
11370,139, 0
11371,145, 0
11372,153, 0
11373,159, 0
11374,171, 0
11375,169, 0
11376,160, 0
11377,153, 0
11378,148, 0
11379,133, 0
11380,140, 0
11381,133, 0
11382,108, 0
11383,100, 0
11384,101, 0
11385,101, 0
11386,110, 0
11387,119, 0
11388,130, 0
11389,145, 0
11390,147, 0
11391,152, 0
11392,160, 0
11393,85, 0
11394,14, 0
11395,3, 0
11396,0, 0
11397,1, 0
11398,31, 0
11399,69, 0
11400,100, 0
11401,127, 0
11402,139, 0
11403,129, 0
11404,123, 0
11405,130, 0
11406,159, 0
11407,208, 0
11408,248, 0
11409,277, 0
11410,289, 0
11411,273, 0
11412,286, 0
11413,302, 0
11414,257, 0
11415,217, 0
11416,127, 0
11417,58, 0
11418,15, 0
11419,1, 0
11420,0, 0
11421,9, 0
11422,35, 0
11423,57, 0
11424,60, 0
11425,64, 0
11426,83, 0
11427,102, 0
11428,126, 0
11429,185, 0
11430,212, 0
11431,204, 0
11432,200, 0
11433,164, 0
11434,141, 0
11435,116, 0
11436,96, 0
11437,89, 0
11438,79, 0
11439,90, 0
11440,94, 0
11441,133, 0
11442,165, 0
11443,191, 0
11444,207, 0
11445,211, 0
11446,203, 0
11447,196, 0
11448,187, 0
11449,175, 0
11450,166, 0
11451,153, 0
11452,157, 0
11453,143, 0
11454,86, 0
11455,63, 0
11456,70, 0
11457,97, 0
11458,124, 0
11459,149, 0
11460,183, 0
11461,186, 0
11462,200, 0
11463,198, 0
11464,191, 0
11465,159, 0
11466,135, 0
11467,108, 0
11468,90, 0
11469,70, 0
11470,61, 0
11471,54, 0
11472,31, 0
11473,43, 0
11474,58, 0
11475,67, 0
11476,86, 0
11477,87, 0
11478,96, 0
11479,126, 0
11480,133, 0
11481,135, 0
11482,138, 0
11483,112, 0
11484,97, 0
11485,61, 0
11486,25, 0
11487,1, 0
11488,0, 0
11489,5, 0
11490,38, 0
11491,68, 0
11492,87, 0
11493,96, 0
11494,118, 0
11495,155, 0
11496,176, 0
11497,159, 0
11498,169, 0
11499,160, 0
11500,155, 0
11501,163, 0
11502,163, 0
11503,160, 0
11504,159, 0
11505,158, 0
11506,156, 0
11507,148, 0
11508,151, 0
11509,154, 0
11510,149, 0
11511,182, 0
11512,200, 0
11513,218, 0
11514,232, 0
11515,220, 0
11516,191, 0
11517,192, 0
11518,188, 0
11519,201, 0
11520,226, 0
11521,243, 0
11522,231, 0
11523,205, 0
11524,175, 0
11525,137, 0
11526,108, 0
11527,65, 0
11528,63, 0
11529,64, 0
11530,71, 0
11531,83, 0
11532,90, 0
11533,85, 0
11534,102, 0
11535,93, 0
11536,59, 0
11537,36, 0
11538,43, 0
11539,80, 0
11540,128, 0
11541,151, 0
11542,157, 0
11543,142, 0
11544,117, 0
11545,61, 0
11546,14, 0
11547,0, 0
11548,0, 0
11549,6, 0
11550,18, 0
11551,89, 0
11552,145, 0
11553,164, 0
11554,153, 0
11555,150, 0
11556,180, 0
11557,192, 0
11558,196, 0
11559,183, 0
11560,164, 0
11561,135, 0
11562,115, 0
11563,109, 0
11564,123, 0
11565,140, 0
11566,157, 0
11567,189, 0
11568,220, 0
11569,229, 0
11570,220, 0
11571,205, 0
11572,189, 0
11573,185, 0
11574,196, 0
11575,195, 0
11576,158, 0
11577,125, 0
11578,113, 0
11579,118, 0
11580,131, 0
11581,152, 0
11582,175, 0
11583,183, 0
11584,183, 0
11585,193, 0
11586,184, 0
11587,159, 0
11588,129, 0
11589,128, 0
11590,124, 0
11591,126, 0
11592,141, 0
11593,144, 0
11594,128, 0
11595,136, 0
11596,159, 0
11597,137, 0
11598,134, 0
11599,128, 0
11600,123, 0
11601,116, 0
11602,97, 0
11603,65, 0
11604,46, 0
11605,32, 0
11606,15, 0
11607,13, 0
11608,17, 0
11609,26, 0
11610,56, 0
11611,104, 0
11612,138, 0
11613,159, 0
11614,129, 0
11615,121, 0
11616,124, 0
11617,135, 0
11618,128, 0
11619,101, 0
11620,92, 0
11621,83, 0
11622,79, 0
11623,94, 0
11624,117, 0
11625,140, 0
11626,164, 0
11627,171, 0
11628,183, 0
11629,186, 0
11630,203, 0
11631,207, 0
11632,218, 0
11633,199, 0
11634,182, 0
11635,176, 0
11636,181, 0
11637,177, 0
11638,189, 0
11639,204, 0
11640,208, 0
11641,208, 0
11642,207, 0
11643,206, 0
11644,202, 0
11645,202, 0
11646,189, 0
11647,153, 0
11648,137, 0
11649,112, 0
11650,105, 0
11651,91, 0
11652,60, 0
11653,28, 0
11654,3, 0
11655,0, 0
11656,17, 0
11657,62, 0
11658,54, 0
11659,62, 0
11660,52, 0
11661,51, 0
11662,52, 0
11663,46, 0
11664,47, 0
11665,55, 0
11666,61, 0
11667,79, 0
11668,90, 0
11669,85, 0
11670,83, 0
11671,89, 0
11672,132, 0
11673,163, 0
11674,187, 0
11675,191, 0
11676,175, 0
11677,176, 0
11678,172, 0
11679,176, 0
11680,164, 0
11681,159, 0
11682,180, 0
11683,188, 0
11684,195, 0
11685,192, 0
11686,187, 0
11687,176, 0
11688,187, 0
11689,182, 0
11690,175, 0
11691,136, 0
11692,83, 0
11693,27, 0
11694,1, 0
11695,0, 0
11696,0, 0
11697,2, 0
11698,2, 0
11699,19, 0
11700,58, 0
11701,104, 0
11702,153, 0
11703,181, 0
11704,170, 0
11705,156, 0
11706,127, 0
11707,126, 0
11708,112, 0
11709,110, 0
11710,119, 0
11711,138, 0
11712,145, 0
11713,167, 0
11714,196, 0
11715,212, 0
11716,240, 0
11717,259, 0
11718,227, 0
11719,185, 0
11720,160, 0
11721,115, 0
11722,90, 0
11723,83, 0
11724,79, 0
11725,92, 0
11726,108, 0
11727,130, 0
11728,139, 0
11729,140, 0
11730,133, 0
11731,137, 0
11732,141, 0
11733,179, 0
11734,218, 0
11735,223, 0
11736,232, 0
11737,238, 0
11738,251, 0
11739,249, 0
11740,240, 0
11741,211, 0
11742,164, 0
11743,115, 0
11744,89, 0
11745,76, 0
11746,84, 0
11747,79, 0
11748,76, 0
11749,50, 0
11750,36, 0
11751,26, 0
11752,29, 0
11753,9, 0
11754,4, 0
11755,5, 0
11756,32, 0
11757,91, 0
11758,141, 0
11759,167, 0
11760,184, 0
11761,200, 0
11762,223, 0
11763,249, 0
11764,263, 0
11765,258, 0
11766,238, 0
11767,203, 0
11768,149, 0
11769,117, 0
11770,130, 0
11771,121, 0
11772,159, 0
11773,181, 0
11774,186, 0
11775,185, 0
11776,177, 0
11777,167, 0
11778,192, 0
11779,203, 0
11780,226, 0
11781,244, 0
11782,256, 0
11783,259, 0
11784,251, 0
11785,223, 0
11786,193, 0
11787,155, 0
11788,111, 0
11789,61, 0
11790,20, 0
11791,0, 0
11792,12, 0
11793,17, 0
11794,1, 0
11795,3, 0
11796,6, 0
11797,0, 0
11798,0, 0
11799,4, 0
11800,31, 0
11801,57, 0
11802,95, 0
11803,118, 0
11804,133, 0
11805,140, 0
11806,137, 0
11807,128, 0
11808,91, 0
11809,24, 0
11810,0, 0
11811,18, 0
11812,38, 0
11813,69, 0
11814,36, 0
11815,2, 0
11816,12, 0
11817,72, 0
11818,109, 0
11819,92, 0
11820,92, 0
11821,122, 0
11822,202, 0
11823,283, 0
11824,337, 0
11825,357, 5
11826,351, 6
11827,344, 9
11828,331, 7
11829,330, 6
11830,310, 1
11831,277, 0
11832,243, 0
11833,247, 0
11834,186, 0
11835,190, 0
11836,183, 0
11837,159, 0
11838,172, 0
11839,214, 0
11840,212, 0
11841,189, 0
11842,141, 0
11843,95, 0
11844,58, 0
11845,28, 0
11846,1, 0
11847,0, 0
11848,0, 0
11849,0, 0
11850,2, 0
11851,8, 0
11852,29, 0
11853,83, 0
11854,119, 0
11855,164, 0
11856,210, 0
11857,236, 0
11858,263, 0
11859,295, 0
11860,318, 0
11861,338, 0
11862,351, 6
11863,339, 6
11864,294, 1
11865,266, 0
11866,239, 0
11867,201, 0
11868,175, 0
11869,145, 0
11870,140, 0
11871,184, 0
11872,219, 0
11873,257, 0
11874,298, 0
11875,338, 0
11876,361, 6
11877,348, 7
11878,300, 3
11879,247, 0
11880,153, 0
11881,59, 0
11882,2, 0
11883,0, 0
11884,0, 0
11885,1, 0
11886,6, 0
11887,29, 0
11888,57, 0
11889,78, 0
11890,43, 0
11891,24, 0
11892,19, 0
11893,13, 0
11894,10, 0
11895,4, 0
11896,0, 0
11897,0, 0
11898,0, 0
11899,0, 0
11900,0, 0
11901,1, 0
11902,1, 0
11903,0, 0
11904,6, 0
11905,19, 0
11906,13, 0
11907,9, 0
11908,21, 0
11909,42, 0
11910,71, 0
11911,64, 0
11912,74, 0
11913,61, 0
11914,50, 0
11915,61, 0
11916,107, 0
11917,153, 0
11918,189, 0
11919,204, 0
11920,214, 0
11921,236, 0
11922,244, 0
11923,234, 0
11924,217, 0
11925,180, 0
11926,152, 0
11927,122, 0
11928,96, 0
11929,102, 0
11930,115, 0
11931,137, 0
11932,157, 0
11933,174, 0
11934,181, 0
11935,193, 0
11936,205, 0
11937,206, 0
11938,173, 0
11939,136, 0
11940,127, 0
11941,113, 0
11942,116, 0
11943,100, 0
11944,116, 0
11945,111, 0
11946,139, 0
11947,164, 0
11948,187, 0
11949,204, 0
11950,226, 0
11951,234, 0
11952,218, 0
11953,213, 0
11954,192, 0
11955,161, 0
11956,95, 0
11957,46, 0
11958,18, 0
11959,11, 0
11960,31, 0
11961,60, 0
11962,59, 0
11963,106, 0
11964,180, 0
11965,228, 0
11966,223, 0
11967,167, 0
11968,77, 0
11969,7, 0
11970,14, 0
11971,59, 0
11972,44, 0
11973,19, 0
11974,1, 0
11975,46, 0
11976,109, 0
11977,200, 0
11978,234, 0
11979,221, 0
11980,177, 0
11981,138, 0
11982,103, 0
11983,85, 0
11984,84, 0
11985,104, 0
11986,111, 0
11987,117, 0
11988,135, 0
11989,165, 0
11990,202, 0
11991,269, 0
11992,357, 0
11993,441, 15
11994,469, 38
11995,453, 47
11996,414, 42
11997,375, 35
11998,331, 19
11999,273, 3
12000,224, 0
12001,196, 0
12002,164, 0
12003,128, 0
12004,126, 0
12005,183, 0
12006,220, 0
12007,263, 0
12008,277, 0
12009,252, 0
12010,202, 0
12011,153, 0
12012,93, 0
12013,27, 0
12014,0, 0
12015,12, 0
12016,41, 0
12017,47, 0
12018,35, 0
12019,8, 0
12020,0, 0
12021,13, 0
12022,41, 0
12023,68, 0
12024,96, 0
12025,155, 0
12026,182, 0
12027,182, 0
12028,174, 0
12029,164, 0
12030,165, 0
12031,145, 0
12032,63, 0
12033,12, 0
12034,21, 0
12035,45, 0
12036,26, 0
12037,1, 0
12038,57, 0
12039,154, 0
12040,198, 0
12041,189, 0
12042,198, 0
12043,198, 0
12044,182, 0
12045,142, 0
12046,83, 0
12047,28, 0
12048,24, 0
12049,56, 0
12050,120, 0
12051,170, 0
12052,204, 0
12053,229, 0
12054,254, 0
12055,273, 0
12056,268, 0
12057,227, 0
12058,165, 0
12059,100, 0
12060,55, 0
12061,32, 0
12062,51, 0
12063,0, 0
12064,2, 0
12065,7, 0
12066,0, 0
12067,3, 0
12068,29, 0
12069,77, 0
12070,102, 0
12071,118, 0
12072,136, 0
12073,128, 0
12074,103, 0
12075,92, 0
12076,86, 0
12077,69, 0
12078,37, 0
12079,31, 0
12080,37, 0
12081,58, 0
12082,108, 0
12083,170, 0
12084,207, 0
12085,198, 0
12086,160, 0
12087,103, 0
12088,61, 0
12089,63, 0
12090,119, 0
12091,205, 0
12092,287, 0
12093,337, 0
12094,354, 3
12095,359, 6
12096,369, 8
12097,361, 13
12098,363, 11
12099,341, 12
12100,331, 7
12101,308, 1
12102,273, 0
12103,228, 0
12104,160, 0
12105,89, 0
12106,19, 0
12107,3, 0
12108,0, 0
12109,0, 0
12110,0, 0
12111,0, 0
12112,1, 0
12113,15, 0
12114,70, 0
12115,116, 0
12116,143, 0
12117,161, 0
12118,170, 0
12119,183, 0
12120,171, 0
12121,160, 0
12122,151, 0
12123,129, 0
12124,62, 0
12125,17, 0
12126,3, 0
12127,58, 0
12128,135, 0
12129,160, 0
12130,142, 0
12131,113, 0
12132,54, 0
12133,38, 0
12134,228, 0
12135,408, 6
12136,517, 38
12137,512, 67
12138,420, 59
12139,234, 19
12140,139, 0
12141,42, 0
12142,0, 0
12143,0, 0
12144,0, 0
12145,5, 0
12146,6, 0
12147,5, 0
12148,0, 0
12149,0, 0
12150,0, 0
12151,0, 0
12152,18, 0
12153,77, 0
12154,88, 0
12155,40, 0
12156,19, 0
12157,131, 0
12158,186, 0
12159,186, 0
12160,176, 0
12161,182, 0
12162,183, 0
12163,197, 0
12164,246, 0
12165,294, 0
12166,364, 0
12167,420, 14
12168,457, 34
12169,478, 51
12170,512, 64
12171,517, 71
12172,548, 85
12173,576, 96
12174,576, 108
12175,553, 106
12176,517, 95
12177,518, 91
12178,540, 91
12179,588, 103
12180,632, 119
12181,649, 137
12182,643, 144
12183,586, 139
12184,500, 113
12185,355, 65
12186,215, 12
12187,107, 0
12188,83, 0
12189,95, 0
12190,122, 0
12191,150, 0
12192,148, 0
12193,132, 0
12194,102, 0
12195,76, 0
12196,46, 0
12197,38, 0
12198,62, 0
12199,62, 0
12200,39, 0
12201,1, 0
12202,37, 0
12203,91, 0
12204,86, 0
12205,78, 0
12206,92, 0
12207,124, 0
12208,135, 0
12209,139, 0
12210,143, 0
12211,161, 0
12212,196, 0
12213,235, 0
12214,242, 0
12215,242, 0
12216,218, 0
12217,208, 0
12218,182, 0
12219,154, 0
12220,108, 0
12221,39, 0
12222,1, 0
12223,0, 0
12224,7, 0
12225,42, 0
12226,83, 0
12227,111, 0
12228,135, 0
12229,148, 0
12230,157, 0
12231,183, 0
12232,204, 0
12233,218, 0
12234,236, 0
12235,257, 0
12236,287, 0
12237,309, 0
12238,317, 0
12239,324, 0
12240,310, 0
12241,306, 0
12242,314, 0
12243,321, 1
12244,312, 0
12245,286, 0
12246,200, 0
12247,127, 0
12248,51, 0
12249,7, 0
12250,0, 0
12251,0, 0
12252,25, 0
12253,60, 0
12254,110, 0
12255,172, 0
12256,234, 0
12257,275, 0
12258,283, 0
12259,270, 0
12260,273, 0
12261,256, 0
12262,219, 0
12263,159, 0
12264,89, 0
12265,51, 0
12266,2, 0
12267,62, 0
12268,171, 0
12269,256, 0
12270,261, 0
12271,171, 0
12272,41, 0
12273,29, 0
12274,95, 0
12275,102, 0
12276,70, 0
12277,51, 0
12278,81, 0
12279,156, 0
12280,204, 0
12281,237, 0
12282,254, 0
12283,294, 0
12284,319, 0
12285,326, 0
12286,313, 0
12287,301, 0
12288,270, 0
12289,226, 0
12290,147, 0
12291,76, 0
12292,51, 0
12293,8, 0
12294,27, 0
12295,79, 0
12296,101, 0
12297,108, 0
12298,108, 0
12299,132, 0
12300,152, 0
12301,182, 0
12302,189, 0
12303,147, 0
12304,109, 0
12305,84, 0
12306,67, 0
12307,76, 0
12308,112, 0
12309,154, 0
12310,210, 0
12311,203, 0
12312,213, 0
12313,232, 0
12314,257, 0
12315,254, 0
12316,266, 0
12317,289, 0
12318,324, 1
12319,355, 4
12320,365, 13
12321,351, 12
12322,327, 10
12323,304, 4
12324,252, 0
12325,207, 0
12326,206, 0
12327,217, 0
12328,212, 0
12329,177, 0
12330,128, 0
12331,76, 0
12332,30, 0
12333,22, 0
12334,60, 0
12335,125, 0
12336,176, 0
12337,167, 0
12338,102, 0
12339,20, 0
12340,7, 0
12341,0, 0
12342,5, 0
12343,35, 0
12344,57, 0
12345,44, 0
12346,41, 0
12347,83, 0
12348,164, 0
12349,226, 0
12350,271, 0
12351,302, 0
12352,346, 0
12353,391, 10
12354,415, 23
12355,423, 32
12356,423, 36
12357,411, 35
12358,383, 31
12359,338, 15
12360,276, 3
12361,226, 0
12362,133, 0
12363,17, 0
12364,26, 0
12365,61, 0
12366,31, 0
12367,6, 0
12368,1, 0
12369,14, 0
12370,57, 0
12371,105, 0
12372,156, 0
12373,151, 0
12374,103, 0
12375,38, 0
12376,3, 0
12377,46, 0
12378,90, 0
12379,102, 0
12380,93, 0
12381,83, 0
12382,38, 0
12383,17, 0
12384,31, 0
12385,76, 0
12386,116, 0
12387,137, 0
12388,103, 0
12389,47, 0
12390,26, 0
12391,25, 0
12392,12, 0
12393,8, 0
12394,71, 0
12395,133, 0
12396,127, 0
12397,91, 0
12398,21, 0
12399,29, 0
12400,126, 0
12401,210, 0
12402,263, 0
12403,315, 0
12404,351, 1
12405,376, 8
12406,362, 12
12407,312, 4
12408,262, 0
12409,240, 0
12410,287, 0
12411,339, 0
12412,381, 5
12413,395, 18
12414,427, 28
12415,452, 38
12416,457, 48
12417,417, 44
12418,359, 28
12419,326, 13
12420,322, 5
12421,305, 0
12422,287, 0
12423,275, 0
12424,279, 0
12425,245, 0
12426,214, 0
12427,197, 0
12428,205, 0
12429,165, 0
12430,126, 0
12431,85, 0
12432,65, 0
12433,121, 0
12434,216, 0
12435,316, 0
12436,361, 2
12437,336, 7
12438,236, 0
12439,133, 0
12440,56, 0
12441,5, 0
12442,0, 0
12443,0, 0
12444,0, 0
12445,0, 0
12446,4, 0
12447,27, 0
12448,19, 0
12449,0, 0
12450,0, 0
12451,12, 0
12452,0, 0
12453,0, 0
12454,2, 0
12455,0, 0
12456,0, 0
12457,0, 0
12458,0, 0
12459,6, 0
12460,26, 0
12461,41, 0
12462,57, 0
12463,69, 0
12464,25, 0
12465,0, 0
12466,44, 0
12467,88, 0
12468,125, 0
12469,160, 0
12470,177, 0
12471,164, 0
12472,125, 0
12473,94, 0
12474,108, 0
12475,185, 0
12476,294, 0
12477,376, 2
12478,426, 19
12479,411, 27
12480,353, 22
12481,283, 4
12482,243, 0
12483,257, 0
12484,300, 0
12485,342, 0
12486,348, 6
12487,348, 7
12488,341, 8
12489,306, 5
12490,251, 0
12491,214, 0
12492,226, 0
12493,263, 0
12494,282, 0
12495,283, 0
12496,219, 0
12497,156, 0
12498,90, 0
12499,53, 0
12500,58, 0
12501,79, 0
12502,116, 0
12503,133, 0
12504,125, 0
12505,107, 0
12506,89, 0
12507,76, 0
12508,63, 0
12509,53, 0
12510,35, 0
12511,6, 0
12512,8, 0
12513,8, 0
12514,40, 0
12515,52, 0
12516,8, 0
12517,14, 0
12518,63, 0
12519,85, 0
12520,70, 0
12521,44, 0
12522,30, 0
12523,37, 0
12524,23, 0
12525,22, 0
12526,2, 0
12527,27, 0
12528,84, 0
12529,121, 0
12530,133, 0
12531,119, 0
12532,120, 0
12533,119, 0
12534,101, 0
12535,87, 0
12536,64, 0
12537,50, 0
12538,72, 0
12539,122, 0
12540,180, 0
12541,207, 0
12542,208, 0
12543,206, 0
12544,205, 0
12545,214, 0
12546,227, 0
12547,253, 0
12548,282, 0
12549,311, 0
12550,314, 0
12551,277, 0
12552,239, 0
12553,224, 0
12554,193, 0
12555,149, 0
12556,108, 0
12557,69, 0
12558,48, 0
12559,41, 0
12560,38, 0
12561,15, 0
12562,0, 0
12563,28, 0
12564,76, 0
12565,105, 0
12566,134, 0
12567,150, 0
12568,135, 0
12569,76, 0
12570,8, 0
12571,67, 0
12572,137, 0
12573,181, 0
12574,197, 0
12575,190, 0
12576,196, 0
12577,202, 0
12578,214, 0
12579,223, 0
12580,217, 0
12581,205, 0
12582,152, 0
12583,71, 0
12584,17, 0
12585,0, 0
12586,3, 0
12587,37, 0
12588,75, 0
12589,95, 0
12590,124, 0
12591,145, 0
12592,133, 0
12593,109, 0
12594,75, 0
12595,62, 0
12596,108, 0
12597,151, 0
12598,220, 0
12599,265, 0
12600,282, 0
12601,256, 0
12602,273, 0
12603,284, 0
12604,284, 0
12605,267, 0
12606,252, 0
12607,240, 0
12608,244, 0
12609,270, 0
12610,308, 0
12611,329, 0
12612,325, 1
12613,329, 0
12614,371, 6
12615,398, 20
12616,391, 24
12617,316, 17
12618,277, 2
12619,220, 0
12620,172, 0
12621,148, 0
12622,115, 0
12623,92, 0
12624,83, 0
12625,101, 0
12626,137, 0
12627,190, 0
12628,249, 0
12629,295, 0
12630,311, 0
12631,306, 0
12632,261, 0
12633,215, 0
12634,176, 0
12635,160, 0
12636,124, 0
12637,104, 0
12638,79, 0
12639,70, 0
12640,50, 0
12641,35, 0
12642,10, 0
12643,0, 0
12644,0, 0
12645,6, 0
12646,0, 0
12647,17, 0
12648,41, 0
12649,42, 0
12650,43, 0
12651,38, 0
12652,53, 0
12653,80, 0
12654,116, 0
12655,154, 0
12656,173, 0
12657,170, 0
12658,142, 0
12659,83, 0
12660,25, 0
12661,0, 0
12662,0, 0
12663,0, 0
12664,6, 0
12665,38, 0
12666,70, 0
12667,105, 0
12668,148, 0
12669,201, 0
12670,243, 0
12671,233, 0
12672,212, 0
12673,141, 0
12674,100, 0
12675,70, 0
12676,46, 0
12677,11, 0
12678,0, 0
12679,4, 0
12680,17, 0
12681,36, 0
12682,74, 0
12683,92, 0
12684,69, 0
12685,31, 0
12686,19, 0
12687,51, 0
12688,111, 0
12689,189, 0
12690,214, 0
12691,213, 0
12692,196, 0
12693,170, 0
12694,149, 0
12695,163, 0
12696,181, 0
12697,202, 0
12698,204, 0
12699,153, 0
12700,80, 0
12701,6, 0
12702,1, 0
12703,0, 0
12704,20, 0
12705,73, 0
12706,115, 0
12707,149, 0
12708,195, 0
12709,207, 0
12710,191, 0
12711,176, 0
12712,160, 0
12713,161, 0
12714,186, 0
12715,217, 0
12716,261, 0
12717,282, 0
12718,272, 0
12719,294, 0
12720,329, 0
12721,323, 2
12722,280, 0
12723,149, 0
12724,19, 0
12725,19, 0
12726,101, 0
12727,220, 0
12728,318, 0
12729,356, 2
12730,378, 9
12731,379, 15
12732,374, 19
12733,368, 19
12734,345, 13
12735,327, 7
12736,307, 1
12737,292, 0
12738,278, 0
12739,277, 0
12740,257, 0
12741,257, 0
12742,207, 0
12743,145, 0
12744,62, 0
12745,6, 0
12746,0, 0
12747,0, 0
12748,0, 0
12749,0, 0
12750,0, 0
12751,32, 0
12752,102, 0
12753,159, 0
12754,176, 0
12755,139, 0
12756,76, 0
12757,8, 0
12758,9, 0
12759,55, 0
12760,73, 0
12761,59, 0
12762,36, 0
12763,0, 0
12764,21, 0
12765,52, 0
12766,44, 0
12767,29, 0
12768,0, 0
12769,0, 0
12770,0, 0
12771,0, 0
12772,3, 0
12773,19, 0
12774,28, 0
12775,60, 0
12776,132, 0
12777,189, 0
12778,256, 0
12779,275, 0
12780,273, 0
12781,286, 0
12782,268, 0
12783,270, 0
12784,223, 0
12785,184, 0
12786,134, 0
12787,112, 0
12788,127, 0
12789,170, 0
12790,197, 0
12791,214, 0
12792,211, 0
12793,198, 0
12794,152, 0
12795,93, 0
12796,91, 0
12797,108, 0
12798,126, 0
12799,133, 0
12800,134, 0
12801,121, 0
12802,110, 0
12803,104, 0
12804,116, 0
12805,138, 0
12806,158, 0
12807,180, 0
12808,164, 0
12809,148, 0
12810,122, 0
12811,131, 0
12812,133, 0
12813,139, 0
12814,152, 0
12815,159, 0
12816,147, 0
12817,131, 0
12818,113, 0
12819,107, 0
12820,90, 0
12821,80, 0
12822,71, 0
12823,78, 0
12824,92, 0
12825,91, 0
12826,86, 0
12827,88, 0
12828,110, 0
12829,145, 0
12830,207, 0
12831,248, 0
12832,244, 0
12833,254, 0
12834,256, 0
12835,251, 0
12836,240, 0
12837,222, 0
12838,200, 0
12839,160, 0
12840,142, 0
12841,154, 0
12842,164, 0
12843,170, 0
12844,167, 0
12845,158, 0
12846,183, 0
12847,196, 0
12848,196, 0
12849,183, 0
12850,176, 0
12851,161, 0
12852,149, 0
12853,126, 0
12854,137, 0
12855,108, 0
12856,60, 0
12857,53, 0
12858,50, 0
12859,65, 0
12860,83, 0
12861,102, 0
12862,118, 0
12863,130, 0
12864,126, 0
12865,109, 0
12866,85, 0
12867,62, 0
12868,51, 0
12869,38, 0
12870,25, 0
12871,10, 0
12872,0, 0
12873,0, 0
12874,0, 0
12875,0, 0
12876,0, 0
12877,0, 0
12878,0, 0
12879,2, 0
12880,21, 0
12881,12, 0
12882,5, 0
12883,0, 0
12884,0, 0
12885,0, 0
12886,6, 0
12887,24, 0
12888,51, 0
12889,97, 0
12890,137, 0
12891,190, 0
12892,228, 0
12893,205, 0
12894,217, 0
12895,234, 0
12896,240, 0
12897,242, 0
12898,245, 0
12899,232, 0
12900,217, 0
12901,229, 0
12902,229, 0
12903,232, 0
12904,251, 0
12905,240, 0
12906,243, 0
12907,229, 0
12908,217, 0
12909,204, 0
12910,182, 0
12911,161, 0
12912,164, 0
12913,147, 0
12914,132, 0
12915,109, 0
12916,86, 0
12917,61, 0
12918,77, 0
12919,113, 0
12920,139, 0
12921,134, 0
12922,124, 0
12923,106, 0
12924,81, 0
12925,41, 0
12926,6, 0
12927,0, 0
12928,0, 0
12929,10, 0
12930,35, 0
12931,44, 0
12932,52, 0
12933,68, 0
12934,75, 0
12935,81, 0
12936,63, 0
12937,17, 0
12938,0, 0
12939,20, 0
12940,72, 0
12941,115, 0
12942,127, 0
12943,91, 0
12944,19, 0
12945,0, 0
12946,3, 0
12947,0, 0
12948,28, 0
12949,112, 0
12950,205, 0
12951,263, 0
12952,301, 0
12953,270, 0
12954,220, 0
12955,153, 0
12956,94, 0
12957,72, 0
12958,79, 0
12959,120, 0
12960,158, 0
12961,195, 0
12962,228, 0
12963,239, 0
12964,283, 0
12965,318, 0
12966,328, 1
12967,331, 0
12968,310, 2
12969,291, 0
12970,248, 0
12971,202, 0
12972,131, 0
12973,76, 0
12974,50, 0
12975,17, 0
12976,6, 0
12977,0, 0
12978,4, 0
12979,0, 0
12980,2, 0
12981,74, 0
12982,155, 0
12983,204, 0
12984,242, 0
12985,286, 0
12986,313, 0
12987,319, 0
12988,306, 0
12989,270, 0
12990,257, 0
12991,251, 0
12992,271, 0
12993,256, 0
12994,268, 0
12995,257, 0
12996,227, 0
12997,223, 0
12998,177, 0
12999,134, 0
13000,136, 0
13001,170, 0
13002,220, 0
13003,261, 0
13004,264, 0
13005,227, 0
13006,154, 0
13007,103, 0
13008,89, 0
13009,92, 0
13010,104, 0
13011,106, 0
13012,116, 0
13013,136, 0
13014,150, 0
13015,128, 0
13016,96, 0
13017,85, 0
13018,105, 0
13019,148, 0
13020,184, 0
13021,215, 0
13022,203, 0
13023,174, 0
13024,150, 0
13025,131, 0
13026,137, 0
13027,156, 0
13028,176, 0
13029,193, 0
13030,191, 0
13031,177, 0
13032,156, 0
13033,122, 0
13034,104, 0
13035,93, 0
13036,69, 0
13037,60, 0
13038,35, 0
13039,13, 0
13040,31, 0
13041,58, 0
13042,64, 0
13043,96, 0
13044,99, 0
13045,108, 0
13046,96, 0
13047,100, 0
13048,106, 0
13049,99, 0
13050,88, 0
13051,85, 0
13052,78, 0
13053,75, 0
13054,37, 0
13055,31, 0
13056,23, 0
13057,25, 0
13058,32, 0
13059,31, 0
13060,31, 0
13061,38, 0
13062,32, 0
13063,52, 0
13064,43, 0
13065,39, 0
13066,30, 0
13067,25, 0
13068,25, 0
13069,18, 0
13070,11, 0
13071,6, 0
13072,17, 0
13073,51, 0
13074,100, 0
13075,122, 0
13076,139, 0
13077,151, 0
13078,164, 0
13079,179, 0
13080,190, 0
13081,190, 0
13082,176, 0
13083,190, 0
13084,197, 0
13085,221, 0
13086,231, 0
13087,230, 0
13088,218, 0
13089,203, 0
13090,184, 0
13091,171, 0
13092,170, 0
13093,184, 0
13094,188, 0
13095,187, 0
13096,169, 0
13097,167, 0
13098,161, 0
13099,137, 0
13100,116, 0
13101,116, 0
13102,133, 0
13103,143, 0
13104,152, 0
13105,150, 0
13106,145, 0
13107,137, 0
13108,130, 0
13109,123, 0
13110,100, 0
13111,78, 0
13112,64, 0
13113,59, 0
13114,46, 0
13115,48, 0
13116,43, 0
13117,38, 0
13118,46, 0
13119,70, 0
13120,88, 0
13121,84, 0
13122,90, 0
13123,108, 0
13124,108, 0
13125,117, 0
13126,108, 0
13127,104, 0
13128,123, 0
13129,130, 0
13130,129, 0
13131,110, 0
13132,93, 0
13133,99, 0
13134,115, 0
13135,148, 0
13136,139, 0
13137,141, 0
13138,141, 0
13139,138, 0
13140,182, 0
13141,179, 0
13142,183, 0
13143,189, 0
13144,208, 0
13145,217, 0
13146,226, 0
13147,244, 0
13148,256, 0
13149,259, 0
13150,263, 0
13151,259, 0
13152,242, 0
13153,242, 0
13154,220, 0
13155,203, 0
13156,200, 0
13157,186, 0
13158,189, 0
13159,190, 0
13160,158, 0
13161,159, 0
13162,149, 0
13163,167, 0
13164,172, 0
13165,184, 0
13166,184, 0
13167,169, 0
13168,157, 0
13169,136, 0
13170,90, 0
13171,68, 0
13172,36, 0
13173,26, 0
13174,41, 0
13175,65, 0
13176,63, 0
13177,73, 0
13178,75, 0
13179,81, 0
13180,85, 0
13181,57, 0
13182,35, 0
13183,25, 0
13184,25, 0
13185,32, 0
13186,41, 0
13187,63, 0
13188,69, 0
13189,70, 0
13190,48, 0
13191,28, 0
13192,20, 0
13193,34, 0
13194,64, 0
13195,107, 0
13196,172, 0
13197,202, 0
13198,203, 0
13199,203, 0
13200,187, 0
13201,192, 0
13202,210, 0
13203,214, 0
13204,215, 0
13205,224, 0
13206,221, 0
13207,229, 0
13208,240, 0
13209,223, 0
13210,192, 0
13211,200, 0
13212,187, 0
13213,180, 0
13214,155, 0
13215,160, 0
13216,164, 0
13217,173, 0
13218,160, 0
13219,159, 0
13220,145, 0
13221,94, 0
13222,63, 0
13223,44, 0
13224,67, 0
13225,69, 0
13226,95, 0
13227,124, 0
13228,110, 0
13229,102, 0
13230,83, 0
13231,45, 0
13232,24, 0
13233,12, 0
13234,46, 0
13235,95, 0
13236,126, 0
13237,140, 0
13238,143, 0
13239,145, 0
13240,145, 0
13241,134, 0
13242,89, 0
13243,52, 0
13244,50, 0
13245,56, 0
13246,85, 0
13247,93, 0
13248,110, 0
13249,116, 0
13250,103, 0
13251,85, 0
13252,53, 0
13253,25, 0
13254,18, 0
13255,48, 0
13256,104, 0
13257,129, 0
13258,127, 0
13259,134, 0
13260,119, 0
13261,141, 0
13262,166, 0
13263,183, 0
13264,192, 0
13265,198, 0
13266,203, 0
13267,218, 0
13268,236, 0
13269,260, 0
13270,263, 0
13271,264, 0
13272,263, 0
13273,223, 0
13274,204, 0
13275,197, 0
13276,159, 0
13277,142, 0
13278,135, 0
13279,141, 0
13280,165, 0
13281,188, 0
13282,188, 0
13283,185, 0
13284,200, 0
13285,205, 0
13286,163, 0
13287,198, 0
13288,202, 0
13289,207, 0
13290,196, 0
13291,159, 0
13292,117, 0
13293,64, 0
13294,8, 0
13295,10, 0
13296,57, 0
13297,73, 0
13298,46, 0
13299,5, 0
13300,17, 0
13301,79, 0
13302,132, 0
13303,159, 0
13304,165, 0
13305,182, 0
13306,183, 0
13307,183, 0
13308,164, 0
13309,152, 0
13310,139, 0
13311,148, 0
13312,137, 0
13313,92, 0
13314,46, 0
13315,21, 0
13316,8, 0
13317,37, 0
13318,58, 0
13319,64, 0
13320,65, 0
13321,93, 0
13322,132, 0
13323,171, 0
13324,211, 0
13325,215, 0
13326,197, 0
13327,171, 0
13328,152, 0
13329,167, 0
13330,205, 0
13331,222, 0
13332,223, 0
13333,235, 0
13334,201, 0
13335,187, 0
13336,196, 0
13337,184, 0
13338,201, 0
13339,227, 0
13340,231, 0
13341,263, 0
13342,255, 0
13343,207, 0
13344,188, 0
13345,152, 0
13346,121, 0
13347,110, 0
13348,94, 0
13349,90, 0
13350,91, 0
13351,91, 0
13352,83, 0
13353,89, 0
13354,92, 0
13355,99, 0
13356,101, 0
13357,100, 0
13358,89, 0
13359,73, 0
13360,54, 0
13361,21, 0
13362,23, 0
13363,32, 0
13364,10, 0
13365,5, 0
13366,18, 0
13367,46, 0
13368,80, 0
13369,104, 0
13370,92, 0
13371,68, 0
13372,59, 0
13373,38, 0
13374,7, 0
13375,1, 0
13376,3, 0
13377,15, 0
13378,60, 0
13379,92, 0
13380,125, 0
13381,155, 0
13382,158, 0
13383,165, 0
13384,189, 0
13385,199, 0
13386,218, 0
13387,235, 0
13388,244, 0
13389,247, 0
13390,258, 0
13391,267, 0
13392,248, 0
13393,235, 0
13394,257, 0
13395,223, 0
13396,214, 0
13397,214, 0
13398,202, 0
13399,198, 0
13400,190, 0
13401,201, 0
13402,203, 0
13403,199, 0
13404,165, 0
13405,133, 0
13406,127, 0
13407,132, 0
13408,110, 0
13409,124, 0
13410,134, 0
13411,159, 0
13412,163, 0
13413,158, 0
13414,144, 0
13415,133, 0
13416,115, 0
13417,85, 0
13418,92, 0
13419,80, 0
13420,74, 0
13421,76, 0
13422,67, 0
13423,75, 0
13424,74, 0
13425,39, 0
13426,20, 0
13427,25, 0
13428,26, 0
13429,36, 0
13430,45, 0
13431,46, 0
13432,45, 0
13433,36, 0
13434,26, 0
13435,18, 0
13436,15, 0
13437,23, 0
13438,38, 0
13439,89, 0
13440,107, 0
13441,144, 0
13442,145, 0
13443,149, 0
13444,154, 0
13445,173, 0
13446,177, 0
13447,179, 0
13448,180, 0
13449,183, 0
13450,189, 0
13451,198, 0
13452,206, 0
13453,197, 0
13454,195, 0
13455,198, 0
13456,192, 0
13457,193, 0
13458,196, 0
13459,192, 0
13460,190, 0
13461,202, 0
13462,181, 0
13463,193, 0
13464,188, 0
13465,150, 0
13466,134, 0
13467,140, 0
13468,154, 0
13469,124, 0
13470,143, 0
13471,139, 0
13472,139, 0
13473,140, 0
13474,132, 0
13475,120, 0
13476,96, 0
13477,86, 0
13478,87, 0
13479,79, 0
13480,79, 0
13481,73, 0
13482,67, 0
13483,57, 0
13484,61, 0
13485,70, 0
13486,51, 0
13487,42, 0
13488,45, 0
13489,44, 0
13490,58, 0
13491,61, 0
13492,64, 0
13493,55, 0
13494,51, 0
13495,45, 0
13496,37, 0
13497,25, 0
13498,28, 0
13499,42, 0
13500,100, 0
13501,127, 0
13502,152, 0
13503,160, 0
13504,169, 0
13505,168, 0
13506,186, 0
13507,197, 0
13508,192, 0
13509,191, 0
13510,189, 0
13511,189, 0
13512,202, 0
13513,216, 0
13514,211, 0
13515,206, 0
13516,207, 0
13517,202, 0
13518,206, 0
13519,208, 0
13520,210, 0
13521,203, 0
13522,219, 0
13523,197, 0
13524,204, 0
13525,181, 0
13526,139, 0
13527,108, 0
13528,118, 0
13529,106, 0
13530,116, 0
13531,134, 0
13532,140, 0
13533,147, 0
13534,148, 0
13535,128, 0
13536,128, 0
13537,116, 0
13538,105, 0
13539,107, 0
13540,116, 0
13541,101, 0
13542,97, 0
13543,86, 0
13544,73, 0
13545,91, 0
13546,89, 0
13547,64, 0
13548,59, 0
13549,59, 0
13550,67, 0
13551,73, 0
13552,77, 0
13553,76, 0
13554,88, 0
13555,58, 0
13556,55, 0
13557,41, 0
13558,32, 0
13559,38, 0
13560,61, 0
13561,130, 0
13562,141, 0
13563,159, 0
13564,158, 0
13565,149, 0
13566,158, 0
13567,172, 0
13568,182, 0
13569,180, 0
13570,182, 0
13571,185, 0
13572,193, 0
13573,207, 0
13574,214, 0
13575,202, 0
13576,208, 0
13577,216, 0
13578,204, 0
13579,214, 0
13580,208, 0
13581,206, 0
13582,197, 0
13583,193, 0
13584,189, 0
13585,200, 0
13586,171, 0
13587,131, 0
13588,113, 0
13589,99, 0
13590,102, 0
13591,108, 0
13592,132, 0
13593,145, 0
13594,159, 0
13595,169, 0
13596,159, 0
13597,159, 0
13598,138, 0
13599,120, 0
13600,111, 0
13601,109, 0
13602,94, 0
13603,83, 0
13604,81, 0
13605,65, 0
13606,75, 0
13607,75, 0
13608,55, 0
13609,51, 0
13610,61, 0
13611,61, 0
13612,72, 0
13613,70, 0
13614,63, 0
13615,75, 0
13616,73, 0
13617,62, 0
13618,45, 0
13619,38, 0
13620,46, 0
13621,70, 0
13622,141, 0
13623,143, 0
13624,164, 0
13625,163, 0
13626,163, 0
13627,166, 0
13628,176, 0
13629,176, 0
13630,173, 0
13631,183, 0
13632,190, 0
13633,189, 0
13634,204, 0
13635,211, 0
13636,206, 0
13637,210, 0
13638,214, 0
13639,205, 0
13640,202, 0
13641,201, 0
13642,189, 0
13643,187, 0
13644,188, 0
13645,186, 0
13646,195, 0
13647,167, 0
13648,131, 0
13649,127, 0
13650,134, 0
13651,140, 0
13652,144, 0
13653,154, 0
13654,153, 0
13655,163, 0
13656,158, 0
13657,139, 0
13658,147, 0
13659,127, 0
13660,113, 0
13661,102, 0
13662,109, 0
13663,94, 0
13664,90, 0
13665,84, 0
13666,74, 0
13667,81, 0
13668,81, 0
13669,76, 0
13670,42, 0
13671,57, 0
13672,57, 0
13673,58, 0
13674,50, 0
13675,36, 0
13676,31, 0
13677,28, 0
13678,13, 0
13679,19, 0
13680,22, 0
13681,55, 0
13682,94, 0
13683,144, 0
13684,172, 0
13685,176, 0
13686,170, 0
13687,164, 0
13688,160, 0
13689,166, 0
13690,166, 0
13691,159, 0
13692,152, 0
13693,143, 0
13694,138, 0
13695,145, 0
13696,164, 0
13697,174, 0
13698,206, 0
13699,224, 0
13700,240, 0
13701,248, 0
13702,232, 0
13703,217, 0
13704,199, 0
13705,192, 0
13706,192, 0
13707,207, 0
13708,197, 0
13709,171, 0
13710,166, 0
13711,165, 0
13712,164, 0
13713,166, 0
13714,168, 0
13715,160, 0
13716,157, 0
13717,153, 0
13718,145, 0
13719,129, 0
13720,108, 0
13721,104, 0
13722,96, 0
13723,85, 0
13724,79, 0
13725,86, 0
13726,69, 0
13727,80, 0
13728,77, 0
13729,67, 0
13730,38, 0
13731,35, 0
13732,48, 0
13733,42, 0
13734,55, 0
13735,57, 0
13736,60, 0
13737,72, 0
13738,59, 0
13739,38, 0
13740,28, 0
13741,29, 0
13742,34, 0
13743,55, 0
13744,109, 0
13745,136, 0
13746,142, 0
13747,152, 0
13748,152, 0
13749,174, 0
13750,176, 0
13751,189, 0
13752,183, 0
13753,186, 0
13754,183, 0
13755,185, 0
13756,202, 0
13757,203, 0
13758,198, 0
13759,193, 0
13760,199, 0
13761,202, 0
13762,203, 0
13763,199, 0
13764,197, 0
13765,190, 0
13766,193, 0
13767,192, 0
13768,195, 0
13769,164, 0
13770,129, 0
13771,117, 0
13772,111, 0
13773,109, 0
13774,127, 0
13775,132, 0
13776,140, 0
13777,147, 0
13778,129, 0
13779,117, 0
13780,123, 0
13781,120, 0
13782,96, 0
13783,83, 0
13784,91, 0
13785,76, 0
13786,73, 0
13787,58, 0
13788,67, 0
13789,72, 0
13790,59, 0
13791,42, 0
13792,46, 0
13793,44, 0
13794,57, 0
13795,59, 0
13796,54, 0
13797,51, 0
13798,52, 0
13799,56, 0
13800,40, 0
13801,30, 0
13802,37, 0
13803,34, 0
13804,64, 0
13805,121, 0
13806,139, 0
13807,152, 0
13808,152, 0
13809,155, 0
13810,170, 0
13811,183, 0
13812,185, 0
13813,185, 0
13814,188, 0
13815,192, 0
13816,197, 0
13817,214, 0
13818,202, 0
13819,204, 0
13820,204, 0
13821,204, 0
13822,207, 0
13823,215, 0
13824,213, 0
13825,202, 0
13826,202, 0
13827,191, 0
13828,196, 0
13829,205, 0
13830,168, 0
13831,132, 0
13832,125, 0
13833,116, 0
13834,132, 0
13835,135, 0
13836,147, 0
13837,139, 0
13838,150, 0
13839,158, 0
13840,138, 0
13841,133, 0
13842,121, 0
13843,107, 0
13844,93, 0
13845,93, 0
13846,88, 0
13847,76, 0
13848,74, 0
13849,73, 0
13850,81, 0
13851,58, 0
13852,41, 0
13853,46, 0
13854,50, 0
13855,56, 0
13856,60, 0
13857,63, 0
13858,52, 0
13859,50, 0
13860,53, 0
13861,28, 0
13862,25, 0
13863,27, 0
13864,31, 0
13865,70, 0
13866,121, 0
13867,147, 0
13868,150, 0
13869,152, 0
13870,151, 0
13871,159, 0
13872,174, 0
13873,183, 0
13874,176, 0
13875,183, 0
13876,187, 0
13877,195, 0
13878,205, 0
13879,213, 0
13880,204, 0
13881,217, 0
13882,207, 0
13883,204, 0
13884,212, 0
13885,207, 0
13886,199, 0
13887,204, 0
13888,204, 0
13889,201, 0
13890,202, 0
13891,168, 0
13892,129, 0
13893,131, 0
13894,133, 0
13895,129, 0
13896,145, 0
13897,151, 0
13898,152, 0
13899,158, 0
13900,159, 0
13901,138, 0
13902,125, 0
13903,113, 0
13904,111, 0
13905,102, 0
13906,90, 0
13907,84, 0
13908,79, 0
13909,63, 0
13910,73, 0
13911,67, 0
13912,59, 0
13913,50, 0
13914,43, 0
13915,44, 0
13916,51, 0
13917,55, 0
13918,52, 0
13919,47, 0
13920,51, 0
13921,50, 0
13922,36, 0
13923,27, 0
13924,31, 0
13925,40, 0
13926,74, 0
13927,120, 0
13928,145, 0
13929,151, 0
13930,153, 0
13931,156, 0
13932,170, 0
13933,177, 0
13934,183, 0
13935,183, 0
13936,189, 0
13937,183, 0
13938,200, 0
13939,212, 0
13940,228, 0
13941,206, 0
13942,196, 0
13943,191, 0
13944,204, 0
13945,208, 0
13946,203, 0
13947,204, 0
13948,201, 0
13949,199, 0
13950,199, 0
13951,196, 0
13952,157, 0
13953,133, 0
13954,127, 0
13955,127, 0
13956,124, 0
13957,142, 0
13958,149, 0
13959,154, 0
13960,150, 0
13961,159, 0
13962,140, 0
13963,137, 0
13964,117, 0
13965,107, 0
13966,112, 0
13967,92, 0
13968,92, 0
13969,90, 0
13970,77, 0
13971,74, 0
13972,84, 0
13973,65, 0
13974,46, 0
13975,60, 0
13976,57, 0
13977,65, 0
13978,74, 0
13979,85, 0
13980,71, 0
13981,62, 0
13982,60, 0
13983,52, 0
13984,26, 0
13985,52, 0
13986,40, 0
13987,76, 0
13988,122, 0
13989,141, 0
13990,139, 0
13991,158, 0
13992,156, 0
13993,163, 0
13994,173, 0
13995,176, 0
13996,175, 0
13997,171, 0
13998,189, 0
13999,188, 0
14000,205, 0
14001,197, 0
14002,196, 0
14003,189, 0
14004,193, 0
14005,198, 0
14006,205, 0
14007,200, 0
14008,211, 0
14009,181, 0
14010,195, 0
14011,193, 0
14012,187, 0
14013,150, 0
14014,130, 0
14015,111, 0
14016,125, 0
14017,127, 0
14018,141, 0
14019,144, 0
14020,149, 0
14021,152, 0
14022,143, 0
14023,138, 0
14024,129, 0
14025,116, 0
14026,113, 0
14027,113, 0
14028,97, 0
14029,94, 0
14030,87, 0
14031,81, 0
14032,92, 0
14033,87, 0
14034,80, 0
14035,78, 0
14036,80, 0
14037,83, 0
14038,85, 0
14039,83, 0
14040,80, 0
14041,78, 0
14042,78, 0
14043,70, 0
14044,62, 0
14045,44, 0
14046,46, 0
14047,58, 0
14048,103, 0
14049,145, 0
14050,161, 0
14051,159, 0
14052,165, 0
14053,165, 0
14054,195, 0
14055,183, 0
14056,181, 0
14057,164, 0
14058,174, 0
14059,163, 0
14060,186, 0
14061,196, 0
14062,186, 0
14063,191, 0
14064,189, 0
14065,200, 0
14066,198, 0
14067,186, 0
14068,190, 0
14069,210, 0
14070,189, 0
14071,183, 0
14072,189, 0
14073,181, 0
14074,144, 0
14075,108, 0
14076,100, 0
14077,103, 0
14078,113, 0
14079,128, 0
14080,136, 0
14081,137, 0
14082,140, 0
14083,128, 0
14084,130, 0
14085,113, 0
14086,109, 0
14087,103, 0
14088,115, 0
14089,93, 0
14090,93, 0
14091,87, 0
14092,84, 0
14093,94, 0
14094,91, 0
14095,76, 0
14096,63, 0
14097,83, 0
14098,87, 0
14099,84, 0
14100,89, 0
14101,85, 0
14102,86, 0
14103,83, 0
14104,75, 0
14105,62, 0
14106,43, 0
14107,41, 0
14108,57, 0
14109,102, 0
14110,139, 0
14111,159, 0
14112,153, 0
14113,156, 0
14114,151, 0
14115,164, 0
14116,180, 0
14117,170, 0
14118,167, 0
14119,168, 0
14120,172, 0
14121,182, 0
14122,190, 0
14123,196, 0
14124,183, 0
14125,177, 0
14126,172, 0
14127,171, 0
14128,173, 0
14129,167, 0
14130,166, 0
14131,167, 0
14132,160, 0
14133,165, 0
14134,159, 0
14135,122, 0
14136,95, 0
14137,89, 0
14138,97, 0
14139,104, 0
14140,117, 0
14141,123, 0
14142,133, 0
14143,139, 0
14144,133, 0
14145,135, 0
14146,115, 0
14147,103, 0
14148,105, 0
14149,99, 0
14150,92, 0
14151,95, 0
14152,81, 0
14153,78, 0
14154,90, 0
14155,95, 0
14156,89, 0
14157,73, 0
14158,72, 0
14159,78, 0
14160,89, 0
14161,95, 0
14162,92, 0
14163,90, 0
14164,92, 0
14165,88, 0
14166,69, 0
14167,64, 0
14168,53, 0
14169,70, 0
14170,119, 0
14171,152, 0
14172,171, 0
14173,170, 0
14174,166, 0
14175,167, 0
14176,184, 0
14177,170, 0
14178,176, 0
14179,176, 0
14180,179, 0
14181,180, 0
14182,188, 0
14183,190, 0
14184,177, 0
14185,171, 0
14186,175, 0
14187,164, 0
14188,161, 0
14189,183, 0
14190,153, 0
14191,150, 0
14192,151, 0
14193,150, 0
14194,159, 0
14195,149, 0
14196,115, 0
14197,78, 0
14198,85, 0
14199,95, 0
14200,100, 0
14201,112, 0
14202,128, 0
14203,135, 0
14204,139, 0
14205,136, 0
14206,133, 0
14207,113, 0
14208,108, 0
14209,105, 0
14210,93, 0
14211,117, 0
14212,99, 0
14213,89, 0
14214,94, 0
14215,108, 0
14216,112, 0
14217,99, 0
14218,87, 0
14219,79, 0
14220,77, 0
14221,81, 0
14222,81, 0
14223,91, 0
14224,95, 0
14225,105, 0
14226,100, 0
14227,94, 0
14228,102, 0
14229,115, 0
14230,131, 0
14231,176, 0
14232,208, 0
14233,217, 0
14234,197, 0
14235,176, 0
14236,155, 0
14237,140, 0
14238,145, 0
14239,141, 0
14240,150, 0
14241,159, 0
14242,168, 0
14243,196, 0
14244,177, 0
14245,165, 0
14246,158, 0
14247,151, 0
14248,143, 0
14249,147, 0
14250,149, 0
14251,144, 0
14252,151, 0
14253,140, 0
14254,150, 0
14255,158, 0
14256,140, 0
14257,95, 0
14258,70, 0
14259,56, 0
14260,48, 0
14261,39, 0
14262,46, 0
14263,73, 0
14264,111, 0
14265,131, 0
14266,159, 0
14267,176, 0
14268,207, 0
14269,213, 0
14270,213, 0
14271,207, 0
14272,191, 0
14273,170, 0
14274,139, 0
14275,115, 0
14276,115, 0
14277,112, 0
14278,102, 0
14279,86, 0
14280,102, 0
14281,80, 0
14282,71, 0
14283,83, 0
14284,102, 0
14285,108, 0
14286,113, 0
14287,115, 0
14288,102, 0
14289,80, 0
14290,71, 0
14291,80, 0
14292,108, 0
14293,123, 0
14294,127, 0
14295,120, 0
14296,118, 0
14297,126, 0
14298,134, 0
14299,137, 0
14300,139, 0
14301,147, 0
14302,163, 0
14303,170, 0
14304,184, 0
14305,196, 0
14306,179, 0
14307,172, 0
14308,174, 0
14309,173, 0
14310,155, 0
14311,153, 0
14312,127, 0
14313,140, 0
14314,113, 0
14315,115, 0
14316,116, 0
14317,89, 0
14318,51, 0
14319,38, 0
14320,39, 0
14321,43, 0
14322,57, 0
14323,76, 0
14324,92, 0
14325,113, 0
14326,133, 0
14327,149, 0
14328,176, 0
14329,181, 0
14330,201, 0
14331,199, 0
14332,211, 0
14333,214, 0
14334,183, 0
14335,151, 0
14336,127, 0
14337,103, 0
14338,76, 0
14339,44, 0
14340,35, 0
14341,50, 0
14342,86, 0
14343,112, 0
14344,147, 0
14345,133, 0
14346,133, 0
14347,115, 0
14348,95, 0
14349,70, 0
14350,61, 0
14351,63, 0
14352,89, 0
14353,136, 0
14354,158, 0
14355,157, 0
14356,149, 0
14357,149, 0
14358,168, 0
14359,164, 0
14360,183, 0
14361,169, 0
14362,173, 0
14363,155, 0
14364,153, 0
14365,171, 0
14366,186, 0
14367,184, 0
14368,179, 0
14369,165, 0
14370,163, 0
14371,177, 0
14372,230, 0
14373,232, 0
14374,251, 0
14375,265, 0
14376,270, 0
14377,265, 0
14378,237, 0
14379,189, 0
14380,144, 0
14381,127, 0
14382,99, 0
14383,104, 0
14384,103, 0
14385,100, 0
14386,99, 0
14387,96, 0
14388,101, 0
14389,89, 0
14390,76, 0
14391,56, 0
14392,45, 0
14393,30, 0
14394,12, 0
14395,2, 0
14396,0, 0
14397,8, 0
14398,19, 0
14399,32, 0
14400,44, 0
14401,52, 0
14402,70, 0
14403,94, 0
14404,112, 0
14405,136, 0
14406,143, 0
14407,137, 0
14408,137, 0
14409,121, 0
14410,95, 0
14411,86, 0
14412,88, 0
14413,127, 0
14414,183, 0
14415,204, 0
14416,205, 0
14417,188, 0
14418,202, 0
14419,200, 0
14420,224, 0
14421,243, 0
14422,232, 0
14423,241, 0
14424,252, 0
14425,233, 0
14426,231, 0
14427,214, 0
14428,185, 0
14429,164, 0
14430,145, 0
14431,139, 0
14432,132, 0
14433,118, 0
14434,101, 0
14435,81, 0
14436,81, 0
14437,83, 0
14438,91, 0
14439,79, 0
14440,67, 0
14441,76, 0
14442,101, 0
14443,121, 0
14444,136, 0
14445,148, 0
14446,175, 0
14447,176, 0
14448,155, 0
14449,132, 0
14450,103, 0
14451,79, 0
14452,65, 0
14453,51, 0
14454,46, 0
14455,38, 0
14456,39, 0
14457,31, 0
14458,52, 0
14459,77, 0
14460,97, 0
14461,103, 0
14462,121, 0
14463,139, 0
14464,159, 0
14465,164, 0
14466,175, 0
14467,138, 0
14468,129, 0
14469,102, 0
14470,78, 0
14471,63, 0
14472,64, 0
14473,83, 0
14474,122, 0
14475,153, 0
14476,163, 0
14477,149, 0
14478,128, 0
14479,92, 0
14480,77, 0
14481,90, 0
14482,102, 0
14483,125, 0
14484,149, 0
14485,160, 0
14486,159, 0
14487,167, 0
14488,127, 0
14489,135, 0
14490,145, 0
14491,171, 0
14492,185, 0
14493,186, 0
14494,189, 0
14495,189, 0
14496,177, 0
14497,181, 0
14498,183, 0
14499,191, 0
14500,170, 0
14501,154, 0
14502,154, 0
14503,149, 0
14504,153, 0
14505,141, 0
14506,132, 0
14507,117, 0
14508,106, 0
14509,108, 0
14510,95, 0
14511,83, 0
14512,73, 0
14513,89, 0
14514,99, 0
14515,119, 0
14516,133, 0
14517,150, 0
14518,134, 0
14519,127, 0
14520,125, 0
14521,107, 0
14522,95, 0
14523,100, 0
14524,78, 0
14525,68, 0
14526,57, 0
14527,50, 0
14528,32, 0
14529,31, 0
14530,25, 0
14531,31, 0
14532,55, 0
14533,78, 0
14534,99, 0
14535,115, 0
14536,127, 0
14537,132, 0
14538,134, 0
14539,137, 0
14540,161, 0
14541,185, 0
14542,201, 0
14543,198, 0
14544,187, 0
14545,182, 0
14546,198, 0
14547,216, 0
14548,223, 0
14549,236, 0
14550,211, 0
14551,201, 0
14552,191, 0
14553,179, 0
14554,176, 0
14555,167, 0
14556,174, 0
14557,179, 0
14558,191, 0
14559,202, 0
14560,208, 0
14561,174, 0
14562,138, 0
14563,121, 0
14564,111, 0
14565,115, 0
14566,111, 0
14567,115, 0
14568,118, 0
14569,113, 0
14570,115, 0
14571,145, 0
14572,145, 0
14573,148, 0
14574,139, 0
14575,140, 0
14576,141, 0
14577,139, 0
14578,132, 0
14579,115, 0
14580,102, 0
14581,70, 0
14582,45, 0
14583,6, 0
14584,0, 0
14585,6, 0
14586,30, 0
14587,58, 0
14588,101, 0
14589,122, 0
14590,135, 0
14591,141, 0
14592,132, 0
14593,103, 0
14594,95, 0
14595,89, 0
14596,108, 0
14597,156, 0
14598,196, 0
14599,210, 0
14600,212, 0
14601,214, 0
14602,216, 0
14603,210, 0
14604,200, 0
14605,184, 0
14606,160, 0
14607,165, 0
14608,155, 0
14609,131, 0
14610,107, 0
14611,71, 0
14612,86, 0
14613,113, 0
14614,135, 0
14615,144, 0
14616,147, 0
14617,140, 0
14618,135, 0
14619,126, 0
14620,133, 0
14621,133, 0
14622,105, 0
14623,92, 0
14624,100, 0
14625,128, 0
14626,152, 0
14627,156, 0
14628,159, 0
14629,158, 0
14630,140, 0
14631,100, 0
14632,91, 0
14633,76, 0
14634,72, 0
14635,71, 0
14636,62, 0
14637,68, 0
14638,72, 0
14639,88, 0
14640,96, 0
14641,134, 0
14642,153, 0
14643,166, 0
14644,158, 0
14645,156, 0
14646,142, 0
14647,140, 0
14648,125, 0
14649,97, 0
14650,108, 0
14651,92, 0
14652,101, 0
14653,100, 0
14654,89, 0
14655,87, 0
14656,89, 0
14657,121, 0
14658,167, 0
14659,188, 0
14660,182, 0
14661,159, 0
14662,144, 0
14663,127, 0
14664,118, 0
14665,123, 0
14666,117, 0
14667,129, 0
14668,150, 0
14669,161, 0
14670,164, 0
14671,159, 0
14672,134, 0
14673,117, 0
14674,103, 0
14675,86, 0
14676,77, 0
14677,70, 0
14678,67, 0
14679,69, 0
14680,84, 0
14681,107, 0
14682,129, 0
14683,118, 0
14684,105, 0
14685,117, 0
14686,123, 0
14687,123, 0
14688,120, 0
14689,127, 0
14690,144, 0
14691,149, 0
14692,160, 0
14693,166, 0
14694,150, 0
14695,152, 0
14696,154, 0
14697,158, 0
14698,159, 0
14699,159, 0
14700,145, 0
14701,125, 0
14702,123, 0
14703,123, 0
14704,108, 0
14705,89, 0
14706,89, 0
14707,85, 0
14708,102, 0
14709,118, 0
14710,131, 0
14711,158, 0
14712,134, 0
14713,137, 0
14714,120, 0
14715,106, 0
14716,86, 0
14717,95, 0
14718,126, 0
14719,167, 0
14720,192, 0
14721,190, 0
14722,172, 0
14723,183, 0
14724,176, 0
14725,170, 0
14726,185, 0
14727,155, 0
14728,143, 0
14729,154, 0
14730,144, 0
14731,147, 0
14732,149, 0
14733,140, 0
14734,143, 0
14735,139, 0
14736,145, 0
14737,166, 0
14738,196, 0
14739,210, 0
14740,204, 0
14741,190, 0
14742,183, 0
14743,168, 0
14744,119, 0
14745,69, 0
14746,45, 0
14747,10, 0
14748,9, 0
14749,1, 0
14750,3, 0
14751,5, 0
14752,36, 0
14753,77, 0
14754,120, 0
14755,152, 0
14756,159, 0
14757,164, 0
14758,175, 0
14759,179, 0
14760,198, 0
14761,223, 0
14762,251, 0
14763,285, 0
14764,296, 0
14765,266, 0
14766,213, 0
14767,171, 0
14768,138, 0
14769,107, 0
14770,89, 0
14771,59, 0
14772,56, 0
14773,62, 0
14774,65, 0
14775,59, 0
14776,63, 0
14777,89, 0
14778,123, 0
14779,182, 0
14780,249, 0
14781,298, 0
14782,311, 0
14783,315, 0
14784,326, 1
14785,322, 0
14786,327, 1
14787,326, 2
14788,301, 0
14789,264, 0
14790,217, 0
14791,139, 0
14792,67, 0
14793,2, 0
14794,11, 0
14795,19, 0
14796,15, 0
14797,8, 0
14798,0, 0
14799,0, 0
14800,34, 0
14801,95, 0
14802,144, 0
14803,173, 0
14804,180, 0
14805,154, 0
14806,133, 0
14807,124, 0
14808,117, 0
14809,99, 0
14810,89, 0
14811,91, 0
14812,76, 0
14813,61, 0
14814,51, 0
14815,35, 0
14816,14, 0
14817,9, 0
14818,19, 0
14819,41, 0
14820,56, 0
14821,74, 0
14822,57, 0
14823,53, 0
14824,31, 0
14825,15, 0
14826,7, 0
14827,12, 0
14828,25, 0
14829,45, 0
14830,75, 0
14831,109, 0
14832,134, 0
14833,174, 0
14834,171, 0
14835,148, 0
14836,115, 0
14837,92, 0
14838,113, 0
14839,145, 0
14840,219, 0
14841,282, 0
14842,324, 0
14843,322, 0
14844,342, 3
14845,363, 6
14846,367, 10
14847,336, 7
14848,279, 1
14849,224, 0
14850,185, 0
14851,167, 0
14852,158, 0
14853,166, 0
14854,176, 0
14855,164, 0
14856,149, 0
14857,140, 0
14858,151, 0
14859,154, 0
14860,152, 0
14861,121, 0
14862,74, 0
14863,31, 0
14864,23, 0
14865,25, 0
14866,13, 0
14867,11, 0
14868,21, 0
14869,31, 0
14870,31, 0
14871,45, 0
14872,68, 0
14873,87, 0
14874,101, 0
14875,95, 0
14876,70, 0
14877,31, 0
14878,20, 0
14879,31, 0
14880,41, 0
14881,81, 0
14882,108, 0
14883,124, 0
14884,143, 0
14885,176, 0
14886,172, 0
14887,154, 0
14888,138, 0
14889,121, 0
14890,95, 0
14891,56, 0
14892,19, 0
14893,5, 0
14894,12, 0
14895,32, 0
14896,52, 0
14897,74, 0
14898,62, 0
14899,67, 0
14900,46, 0
14901,83, 0
14902,95, 0
14903,128, 0
14904,152, 0
14905,185, 0
14906,202, 0
14907,177, 0
14908,156, 0
14909,153, 0
14910,175, 0
14911,218, 0
14912,247, 0
14913,246, 0
14914,234, 0
14915,210, 0
14916,191, 0
14917,198, 0
14918,174, 0
14919,159, 0
14920,163, 0
14921,180, 0
14922,198, 0
14923,207, 0
14924,224, 0
14925,275, 0
14926,291, 0
14927,255, 0
14928,263, 0
14929,264, 0
14930,299, 0
14931,339, 0
14932,379, 8
14933,411, 22
14934,406, 28
14935,391, 29
14936,375, 28
14937,333, 19
14938,254, 3
14939,158, 0
14940,67, 0
14941,8, 0
14942,8, 0
14943,8, 0
14944,42, 0
14945,41, 0
14946,10, 0
14947,0, 0
14948,0, 0
14949,0, 0
14950,0, 0
14951,9, 0
14952,21, 0
14953,25, 0
14954,18, 0
14955,2, 0
14956,0, 0
14957,1, 0
14958,12, 0
14959,12, 0
14960,3, 0
14961,0, 0
14962,44, 0
14963,102, 0
14964,159, 0
14965,196, 0
14966,215, 0
14967,208, 0
14968,177, 0
14969,133, 0
14970,135, 0
14971,125, 0
14972,140, 0
14973,175, 0
14974,202, 0
14975,207, 0
14976,202, 0
14977,193, 0
14978,208, 0
14979,202, 0
14980,182, 0
14981,145, 0
14982,102, 0
14983,60, 0
14984,55, 0
14985,79, 0
14986,113, 0
14987,126, 0
14988,139, 0
14989,183, 0
14990,220, 0
14991,242, 0
14992,244, 0
14993,230, 0
14994,217, 0
14995,189, 0
14996,167, 0
14997,140, 0
14998,127, 0
14999,113, 0
15000,116, 0
15001,105, 0
15002,91, 0
15003,93, 0
15004,106, 0
15005,95, 0
15006,110, 0
15007,119, 0
15008,116, 0
15009,90, 0
15010,73, 0
15011,71, 0
15012,85, 0
15013,105, 0
15014,112, 0
15015,103, 0
15016,97, 0
15017,61, 0
15018,40, 0
15019,24, 0
15020,0, 0
15021,0, 0
15022,0, 0
15023,26, 0
15024,71, 0
15025,92, 0
15026,87, 0
15027,91, 0
15028,89, 0
15029,80, 0
15030,63, 0
15031,57, 0
15032,68, 0
15033,91, 0
15034,128, 0
15035,151, 0
15036,152, 0
15037,168, 0
15038,174, 0
15039,195, 0
15040,200, 0
15041,190, 0
15042,180, 0
15043,163, 0
15044,147, 0
15045,138, 0
15046,142, 0
15047,170, 0
15048,189, 0
15049,170, 0
15050,188, 0
15051,189, 0
15052,211, 0
15053,231, 0
15054,267, 0
15055,299, 0
15056,304, 0
15057,293, 0
15058,270, 0
15059,227, 0
15060,176, 0
15061,129, 0
15062,95, 0
15063,80, 0
15064,75, 0
15065,101, 0
15066,110, 0
15067,127, 0
15068,144, 0
15069,139, 0
15070,112, 0
15071,95, 0
15072,106, 0
15073,131, 0
15074,155, 0
15075,142, 0
15076,131, 0
15077,106, 0
15078,76, 0
15079,54, 0
15080,30, 0
15081,20, 0
15082,35, 0
15083,70, 0
15084,138, 0
15085,181, 0
15086,228, 0
15087,233, 0
15088,245, 0
15089,226, 0
15090,216, 0
15091,216, 0
15092,233, 0
15093,246, 0
15094,272, 0
15095,309, 0
15096,313, 0
15097,340, 1
15098,314, 1
15099,271, 0
15100,238, 0
15101,196, 0
15102,164, 0
15103,138, 0
15104,115, 0
15105,89, 0
15106,77, 0
15107,79, 0
15108,88, 0
15109,70, 0
15110,27, 0
15111,3, 0
15112,0, 0
15113,5, 0
15114,35, 0
15115,61, 0
15116,63, 0
15117,31, 0
15118,0, 0
15119,0, 0
15120,0, 0
15121,0, 0
15122,0, 0
15123,18, 0
15124,57, 0
15125,73, 0
15126,86, 0
15127,89, 0
15128,104, 0
15129,120, 0
15130,120, 0
15131,99, 0
15132,83, 0
15133,71, 0
15134,55, 0
15135,44, 0
15136,38, 0
15137,36, 0
15138,35, 0
15139,30, 0
15140,32, 0
15141,38, 0
15142,51, 0
15143,75, 0
15144,108, 0
15145,183, 0
15146,214, 0
15147,227, 0
15148,263, 0
15149,306, 0
15150,363, 2
15151,368, 6
15152,370, 11
15153,321, 5
15154,307, 0
15155,312, 0
15156,328, 0
15157,325, 2
15158,342, 3
15159,323, 0
15160,284, 0
15161,266, 0
15162,236, 0
15163,216, 0
15164,204, 0
15165,205, 0
15166,186, 0
15167,154, 0
15168,132, 0
15169,88, 0
15170,55, 0
15171,13, 0
15172,14, 0
15173,62, 0
15174,106, 0
15175,132, 0
15176,154, 0
15177,158, 0
15178,155, 0
15179,139, 0
15180,139, 0
15181,130, 0
15182,121, 0
15183,111, 0
15184,93, 0
15185,73, 0
15186,55, 0
15187,65, 0
15188,63, 0
15189,77, 0
15190,102, 0
15191,107, 0
15192,84, 0
15193,45, 0
15194,7, 0
15195,0, 0
15196,0, 0
15197,0, 0
15198,19, 0
15199,52, 0
15200,57, 0
15201,50, 0
15202,29, 0
15203,31, 0
15204,45, 0
15205,65, 0
15206,78, 0
15207,57, 0
15208,18, 0
15209,0, 0
15210,21, 0
15211,92, 0
15212,169, 0
15213,221, 0
15214,261, 0
15215,296, 0
15216,324, 0
15217,318, 0
15218,277, 0
15219,238, 0
15220,198, 0
15221,138, 0
15222,102, 0
15223,73, 0
15224,43, 0
15225,31, 0
15226,38, 0
15227,63, 0
15228,112, 0
15229,171, 0
15230,214, 0
15231,204, 0
15232,186, 0
15233,189, 0
15234,204, 0
15235,234, 0
15236,286, 0
15237,329, 0
15238,369, 5
15239,367, 12
15240,330, 9
15241,267, 1
15242,197, 0
15243,123, 0
15244,69, 0
15245,31, 0
15246,9, 0
15247,6, 0
15248,5, 0
15249,0, 0
15250,0, 0
15251,0, 0
15252,0, 0
15253,0, 0
15254,1, 0
15255,0, 0
15256,6, 0
15257,11, 0
15258,6, 0
15259,0, 0
15260,0, 0
15261,0, 0
15262,11, 0
15263,8, 0
15264,5, 0
15265,0, 0
15266,13, 0
15267,89, 0
15268,167, 0
15269,223, 0
15270,263, 0
15271,275, 0
15272,274, 0
15273,276, 0
15274,278, 0
15275,276, 0
15276,261, 0
15277,230, 0
15278,204, 0
15279,203, 0
15280,261, 0
15281,325, 0
15282,351, 1
15283,357, 8
15284,316, 4
15285,266, 0
15286,189, 0
15287,92, 0
15288,32, 0
15289,0, 0
15290,0, 0
15291,0, 0
15292,12, 0
15293,63, 0
15294,105, 0
15295,141, 0
15296,127, 0
15297,87, 0
15298,47, 0
15299,32, 0
15300,13, 0
15301,23, 0
15302,36, 0
15303,42, 0
15304,38, 0
15305,32, 0
15306,34, 0
15307,10, 0
15308,0, 0
15309,38, 0
15310,83, 0
15311,101, 0
15312,65, 0
15313,45, 0
15314,5, 0
15315,22, 0
15316,102, 0
15317,176, 0
15318,220, 0
15319,207, 0
15320,147, 0
15321,71, 0
15322,3, 0
15323,58, 0
15324,110, 0
15325,139, 0
15326,141, 0
15327,106, 0
15328,10, 0
15329,70, 0
15330,164, 0
15331,215, 0
15332,302, 0
15333,348, 0
15334,370, 6
15335,375, 12
15336,403, 18
15337,394, 24
15338,415, 25
15339,433, 32
15340,444, 43
15341,426, 40
15342,387, 31
15343,359, 24
15344,338, 17
15345,290, 2
15346,238, 0
15347,184, 0
15348,141, 0
15349,106, 0
15350,72, 0
15351,83, 0
15352,107, 0
15353,130, 0
15354,152, 0
15355,159, 0
15356,163, 0
15357,173, 0
15358,217, 0
15359,291, 0
15360,362, 0
15361,387, 13
15362,368, 19
15363,310, 7
15364,262, 0
15365,228, 0
15366,224, 0
15367,220, 0
15368,207, 0
15369,144, 0
15370,76, 0
15371,19, 0
15372,0, 0
15373,45, 0
15374,127, 0
15375,197, 0
15376,249, 0
15377,278, 0
15378,300, 0
15379,293, 0
15380,229, 0
15381,123, 0
15382,18, 0
15383,31, 0
15384,100, 0
15385,139, 0
15386,161, 0
15387,163, 0
15388,157, 0
15389,116, 0
15390,57, 0
15391,2, 0
15392,5, 0
15393,65, 0
15394,124, 0
15395,179, 0
15396,232, 0
15397,280, 0
15398,308, 0
15399,330, 0
15400,334, 0
15401,317, 1
15402,279, 0
15403,239, 0
15404,204, 0
15405,198, 0
15406,217, 0
15407,237, 0
15408,245, 0
15409,238, 0
15410,266, 0
15411,271, 0
15412,293, 0
15413,306, 0
15414,254, 0
15415,211, 0
15416,215, 0
15417,243, 0
15418,233, 0
15419,187, 0
15420,128, 0
15421,85, 0
15422,88, 0
15423,95, 0
15424,103, 0
15425,117, 0
15426,139, 0
15427,184, 0
15428,251, 0
15429,310, 0
15430,337, 0
15431,296, 1
15432,199, 0
15433,116, 0
15434,55, 0
15435,25, 0
15436,8, 0
15437,1, 0
15438,7, 0
15439,44, 0
15440,77, 0
15441,61, 0
15442,8, 0
15443,21, 0
15444,86, 0
15445,121, 0
15446,103, 0
15447,104, 0
15448,102, 0
15449,121, 0
15450,145, 0
15451,137, 0
15452,127, 0
15453,115, 0
15454,106, 0
15455,121, 0
15456,135, 0
15457,136, 0
15458,176, 0
15459,166, 0
15460,169, 0
15461,148, 0
15462,108, 0
15463,72, 0
15464,28, 0
15465,1, 0
15466,7, 0
15467,53, 0
15468,157, 0
15469,268, 0
15470,348, 0
15471,395, 8
15472,409, 23
15473,357, 19
15474,277, 6
15475,164, 0
15476,109, 0
15477,37, 0
15478,6, 0
15479,0, 0
15480,0, 0
15481,7, 0
15482,12, 0
15483,1, 0
15484,0, 0
15485,5, 0
15486,38, 0
15487,69, 0
15488,79, 0
15489,54, 0
15490,19, 0
15491,0, 0
15492,1, 0
15493,14, 0
15494,26, 0
15495,24, 0
15496,7, 0
15497,10, 0
15498,50, 0
15499,108, 0
15500,188, 0
15501,265, 0
15502,339, 0
15503,361, 4
15504,337, 6
15505,263, 0
15506,176, 0
15507,118, 0
15508,93, 0
15509,121, 0
15510,188, 0
15511,269, 0
15512,324, 0
15513,338, 1
15514,306, 0
15515,251, 0
15516,201, 0
15517,189, 0
15518,201, 0
15519,229, 0
15520,249, 0
15521,238, 0
15522,204, 0
15523,151, 0
15524,90, 0
15525,78, 0
15526,128, 0
15527,210, 0
15528,285, 0
15529,346, 0
15530,361, 4
15531,326, 5
15532,273, 0
15533,241, 0
15534,228, 0
15535,220, 0
15536,165, 0
15537,122, 0
15538,133, 0
15539,168, 0
15540,176, 0
15541,111, 0
15542,43, 0
15543,27, 0
15544,58, 0
15545,63, 0
15546,48, 0
15547,6, 0
15548,0, 0
15549,2, 0
15550,60, 0
15551,132, 0
15552,147, 0
15553,86, 0
15554,25, 0
15555,2, 0
15556,45, 0
15557,79, 0
15558,112, 0
15559,132, 0
15560,95, 0
15561,15, 0
15562,90, 0
15563,196, 0
15564,257, 0
15565,284, 0
15566,294, 0
15567,270, 0
15568,228, 0
15569,213, 0
15570,223, 0
15571,261, 0
15572,306, 0
15573,300, 0
15574,244, 0
15575,198, 0
15576,193, 0
15577,170, 0
15578,164, 0
15579,168, 0
15580,138, 0
15581,83, 0
15582,25, 0
15583,4, 0
15584,0, 0
15585,10, 0
15586,2, 0
15587,0, 0
15588,2, 0
15589,85, 0
15590,228, 0
15591,307, 0
15592,270, 0
15593,184, 0
15594,76, 0
15595,3, 0
15596,18, 0
15597,68, 0
15598,79, 0
15599,44, 0
15600,1, 0
15601,38, 0
15602,133, 0
15603,192, 0
15604,204, 0
15605,143, 0
15606,27, 0
15607,46, 0
15608,92, 0
15609,27, 0
15610,25, 0
15611,108, 0
15612,153, 0
15613,126, 0
15614,57, 0
15615,3, 0
15616,0, 0
15617,0, 0
15618,0, 0
15619,0, 0
15620,0, 0
15621,2, 0
15622,34, 0
15623,50, 0
15624,37, 0
15625,12, 0
15626,0, 0
15627,5, 0
15628,3, 0
15629,0, 0
15630,3, 0
15631,30, 0
15632,85, 0
15633,117, 0
15634,105, 0
15635,76, 0
15636,87, 0
15637,139, 0
15638,204, 0
15639,227, 0
15640,176, 0
15641,123, 0
15642,128, 0
15643,199, 0
15644,297, 0
15645,382, 0
15646,433, 20
15647,440, 32
15648,406, 34
15649,345, 24
15650,297, 6
15651,283, 0
15652,282, 0
15653,284, 0
15654,284, 0
15655,264, 0
15656,251, 0
15657,223, 0
15658,174, 0
15659,138, 0
15660,142, 0
15661,173, 0
15662,226, 0
15663,258, 0
15664,312, 0
15665,326, 0
15666,325, 3
15667,337, 6
15668,360, 9
15669,387, 20
15670,378, 22
15671,345, 20
15672,318, 11
15673,292, 1
15674,244, 0
15675,202, 0
15676,222, 0
15677,289, 0
15678,341, 0
15679,344, 6
15680,319, 6
15681,299, 1
15682,277, 0
15683,257, 0
15684,202, 0
15685,145, 0
15686,79, 0
15687,48, 0
15688,22, 0
15689,1, 0
15690,0, 0
15691,24, 0
15692,97, 0
15693,204, 0
15694,302, 0
15695,377, 2
15696,388, 11
15697,398, 19
15698,408, 23
15699,447, 34
15700,438, 45
15701,391, 38
15702,325, 19
15703,251, 2
15704,182, 0
15705,149, 0
15706,143, 0
15707,119, 0
15708,70, 0
15709,19, 0
15710,65, 0
15711,169, 0
15712,218, 0
15713,204, 0
15714,140, 0
15715,36, 0
15716,27, 0
15717,123, 0
15718,196, 0
15719,211, 0
15720,222, 0
15721,219, 0
15722,219, 0
15723,189, 0
15724,183, 0
15725,161, 0
15726,130, 0
15727,101, 0
15728,76, 0
15729,55, 0
15730,44, 0
15731,32, 0
15732,20, 0
15733,6, 0
15734,0, 0
15735,0, 0
15736,0, 0
15737,1, 0
15738,2, 0
15739,6, 0
15740,26, 0
15741,65, 0
15742,95, 0
15743,90, 0
15744,43, 0
15745,7, 0
15746,14, 0
15747,42, 0
15748,58, 0
15749,76, 0
15750,83, 0
15751,107, 0
15752,131, 0
15753,127, 0
15754,59, 0
15755,3, 0
15756,65, 0
15757,104, 0
15758,137, 0
15759,131, 0
15760,139, 0
15761,135, 0
15762,133, 0
15763,133, 0
15764,152, 0
15765,176, 0
15766,195, 0
15767,206, 0
15768,204, 0
15769,204, 0
15770,218, 0
15771,196, 0
15772,189, 0
15773,176, 0
15774,182, 0
15775,179, 0
15776,183, 0
15777,181, 0
15778,184, 0
15779,164, 0
15780,137, 0
15781,123, 0
15782,138, 0
15783,152, 0
15784,159, 0
15785,165, 0
15786,171, 0
15787,195, 0
15788,214, 0
15789,244, 0
15790,204, 0
15791,145, 0
15792,78, 0
15793,46, 0
15794,43, 0
15795,44, 0
15796,55, 0
15797,74, 0
15798,115, 0
15799,142, 0
15800,159, 0
15801,116, 0
15802,56, 0
15803,31, 0
15804,50, 0
15805,87, 0
15806,94, 0
15807,89, 0
15808,93, 0
15809,95, 0
15810,117, 0
15811,132, 0
15812,159, 0
15813,189, 0
15814,205, 0
15815,223, 0
15816,200, 0
15817,149, 0
15818,105, 0
15819,99, 0
15820,130, 0
15821,163, 0
15822,196, 0
15823,197, 0
15824,190, 0
15825,181, 0
15826,159, 0
15827,165, 0
15828,202, 0
15829,227, 0
15830,240, 0
15831,234, 0
15832,204, 0
15833,196, 0
15834,185, 0
15835,205, 0
15836,223, 0
15837,242, 0
15838,252, 0
15839,260, 0
15840,228, 0
15841,179, 0
15842,145, 0
15843,145, 0
15844,134, 0
15845,138, 0
15846,138, 0
15847,157, 0
15848,159, 0
15849,151, 0
15850,143, 0
15851,119, 0
15852,107, 0
15853,101, 0
15854,92, 0
15855,91, 0
15856,73, 0
15857,62, 0
15858,44, 0
15859,51, 0
15860,62, 0
15861,59, 0
15862,28, 0
15863,24, 0
15864,18, 0
15865,0, 0
15866,0, 0
15867,0, 0
15868,7, 0
15869,35, 0
15870,38, 0
15871,31, 0
15872,14, 0
15873,12, 0
15874,24, 0
15875,44, 0
15876,105, 0
15877,165, 0
15878,205, 0
15879,186, 0
15880,164, 0
15881,164, 0
15882,170, 0
15883,177, 0
15884,184, 0
15885,192, 0
15886,193, 0
15887,214, 0
15888,251, 0
15889,270, 0
15890,293, 0
15891,338, 0
15892,423, 12
15893,468, 32
15894,473, 51
15895,416, 45
15896,329, 25
15897,254, 5
15898,205, 0
15899,223, 0
15900,255, 0
15901,260, 0
15902,221, 0
15903,182, 0
15904,186, 0
15905,214, 0
15906,229, 0
15907,193, 0
15908,150, 0
15909,103, 0
15910,97, 0
15911,99, 0
15912,76, 0
15913,36, 0
15914,36, 0
15915,57, 0
15916,92, 0
15917,118, 0
15918,120, 0
15919,89, 0
15920,101, 0
15921,128, 0
15922,107, 0
15923,63, 0
15924,6, 0
15925,31, 0
15926,90, 0
15927,130, 0
15928,159, 0
15929,152, 0
15930,157, 0
15931,126, 0
15932,54, 0
15933,8, 0
15934,99, 0
15935,185, 0
15936,252, 0
15937,328, 0
15938,369, 3
15939,370, 9
15940,338, 7
15941,284, 1
15942,237, 0
15943,201, 0
15944,163, 0
15945,116, 0
15946,67, 0
15947,54, 0
15948,96, 0
15949,182, 0
15950,270, 0
15951,325, 0
15952,296, 0
15953,283, 0
15954,271, 0
15955,271, 0
15956,292, 0
15957,302, 0
15958,281, 0
15959,244, 0
15960,188, 0
15961,154, 0
15962,123, 0
15963,94, 0
15964,86, 0
15965,109, 0
15966,138, 0
15967,149, 0
15968,126, 0
15969,92, 0
15970,84, 0
15971,64, 0
15972,23, 0
15973,6, 0
15974,6, 0
15975,19, 0
15976,41, 0
15977,56, 0
15978,64, 0
15979,44, 0
15980,6, 0
15981,1, 0
15982,18, 0
15983,4, 0
15984,7, 0
15985,57, 0
15986,84, 0
15987,115, 0
15988,152, 0
15989,164, 0
15990,136, 0
15991,88, 0
15992,38, 0
15993,4, 0
15994,0, 0
15995,0, 0
15996,0, 0
15997,10, 0
15998,75, 0
15999,135, 0
16000,185, 0
16001,219, 0
16002,240, 0
16003,237, 0
16004,206, 0
16005,185, 0
16006,189, 0
16007,227, 0
16008,251, 0
16009,255, 0
16010,258, 0
16011,245, 0
16012,206, 0
16013,138, 0
16014,115, 0
16015,107, 0
16016,109, 0
16017,133, 0
16018,170, 0
16019,205, 0
16020,220, 0
16021,183, 0
16022,158, 0
16023,120, 0
16024,71, 0
16025,31, 0
16026,8, 0
16027,0, 0
16028,6, 0
16029,30, 0
16030,57, 0
16031,81, 0
16032,113, 0
16033,108, 0
16034,135, 0
16035,158, 0
16036,160, 0
16037,159, 0
16038,138, 0
16039,104, 0
16040,62, 0
16041,9, 0
16042,0, 0
16043,0, 0
16044,0, 0
16045,0, 0
16046,2, 0
16047,7, 0
16048,12, 0
16049,47, 0
16050,102, 0
16051,150, 0
16052,173, 0
16053,164, 0
16054,111, 0
16055,71, 0
16056,62, 0
16057,78, 0
16058,92, 0
16059,112, 0
16060,107, 0
16061,139, 0
16062,179, 0
16063,229, 0
16064,287, 0
16065,338, 0
16066,373, 5
16067,399, 14
16068,402, 22
16069,405, 27
16070,411, 29
16071,444, 35
16072,460, 44
16073,466, 52
16074,447, 55
16075,449, 54
16076,437, 50
16077,400, 40
16078,362, 25
16079,294, 7
16080,230, 0
16081,182, 0
16082,145, 0
16083,136, 0
16084,132, 0
16085,133, 0
16086,159, 0
16087,185, 0
16088,191, 0
16089,200, 0
16090,205, 0
16091,200, 0
16092,226, 0
16093,210, 0
16094,197, 0
16095,150, 0
16096,92, 0
16097,44, 0
16098,35, 0
16099,36, 0
16100,53, 0
16101,62, 0
16102,65, 0
16103,83, 0
16104,88, 0
16105,65, 0
16106,25, 0
16107,0, 0
16108,1, 0
16109,0, 0
16110,6, 0
16111,23, 0
16112,35, 0
16113,52, 0
16114,71, 0
16115,65, 0
16116,64, 0
16117,63, 0
16118,63, 0
16119,47, 0
16120,12, 0
16121,0, 0
16122,24, 0
16123,56, 0
16124,89, 0
16125,136, 0
16126,168, 0
16127,184, 0
16128,183, 0
16129,175, 0
16130,164, 0
16131,155, 0
16132,139, 0
16133,126, 0
16134,100, 0
16135,110, 0
16136,133, 0
16137,142, 0
16138,147, 0
16139,157, 0
16140,153, 0
16141,188, 0
16142,226, 0
16143,251, 0
16144,254, 0
16145,203, 0
16146,141, 0
16147,95, 0
16148,100, 0
16149,108, 0
16150,117, 0
16151,131, 0
16152,130, 0
16153,139, 0
16154,113, 0
16155,79, 0
16156,41, 0
16157,43, 0
16158,75, 0
16159,102, 0
16160,101, 0
16161,97, 0
16162,97, 0
16163,64, 0
16164,40, 0
16165,43, 0
16166,43, 0
16167,46, 0
16168,56, 0
16169,70, 0
16170,83, 0
16171,89, 0
16172,92, 0
16173,103, 0
16174,118, 0
16175,128, 0
16176,92, 0
16177,63, 0
16178,48, 0
16179,61, 0
16180,83, 0
16181,122, 0
16182,133, 0
16183,149, 0
16184,177, 0
16185,197, 0
16186,207, 0
16187,186, 0
16188,165, 0
16189,170, 0
16190,183, 0
16191,193, 0
16192,193, 0
16193,196, 0
16194,192, 0
16195,186, 0
16196,213, 0
16197,254, 0
16198,275, 0
16199,300, 0
16200,295, 0
16201,274, 0
16202,264, 0
16203,253, 0
16204,202, 0
16205,189, 0
16206,123, 0
16207,97, 0
16208,95, 0
16209,118, 0
16210,142, 0
16211,167, 0
16212,186, 0
16213,176, 0
16214,161, 0
16215,138, 0
16216,108, 0
16217,81, 0
16218,62, 0
16219,53, 0
16220,83, 0
16221,77, 0
16222,83, 0
16223,76, 0
16224,52, 0
16225,65, 0
16226,47, 0
16227,24, 0
16228,0, 0
16229,13, 0
16230,52, 0
16231,73, 0
16232,65, 0
16233,23, 0
16234,2, 0
16235,18, 0
16236,83, 0
16237,108, 0
16238,123, 0
16239,151, 0
16240,177, 0
16241,214, 0
16242,263, 0
16243,270, 0
16244,243, 0
16245,223, 0
16246,175, 0
16247,163, 0
16248,183, 0
16249,215, 0
16250,279, 0
16251,325, 0
16252,347, 1
16253,336, 0
16254,289, 0
16255,242, 0
16256,212, 0
16257,202, 0
16258,165, 0
16259,126, 0
16260,94, 0
16261,68, 0
16262,70, 0
16263,102, 0
16264,164, 0
16265,232, 0
16266,282, 0
16267,259, 0
16268,216, 0
16269,176, 0
16270,132, 0
16271,105, 0
16272,84, 0
16273,70, 0
16274,62, 0
16275,76, 0
16276,102, 0
16277,125, 0
16278,142, 0
16279,133, 0
16280,87, 0
16281,55, 0
16282,25, 0
16283,48, 0
16284,78, 0
16285,102, 0
16286,137, 0
16287,152, 0
16288,165, 0
16289,183, 0
16290,175, 0
16291,165, 0
16292,144, 0
16293,132, 0
16294,106, 0
16295,70, 0
16296,46, 0
16297,32, 0
16298,19, 0
16299,28, 0
16300,52, 0
16301,88, 0
16302,152, 0
16303,215, 0
16304,234, 0
16305,244, 0
16306,195, 0
16307,176, 0
16308,159, 0
16309,139, 0
16310,121, 0
16311,106, 0
16312,120, 0
16313,142, 0
16314,164, 0
16315,197, 0
16316,219, 0
16317,230, 0
16318,244, 0
16319,267, 0
16320,274, 0
16321,291, 0
16322,292, 0
16323,273, 0
16324,237, 0
16325,176, 0
16326,132, 0
16327,113, 0
16328,89, 0
16329,85, 0
16330,103, 0
16331,109, 0
16332,102, 0
16333,112, 0
16334,101, 0
16335,94, 0
16336,93, 0
16337,90, 0
16338,85, 0
16339,78, 0
16340,77, 0
16341,40, 0
16342,38, 0
16343,29, 0
16344,25, 0
16345,5, 0
16346,0, 0
16347,8, 0
16348,11, 0
16349,17, 0
16350,10, 0
16351,10, 0
16352,11, 0
16353,17, 0
16354,25, 0
16355,39, 0
16356,53, 0
16357,74, 0
16358,72, 0
16359,46, 0
16360,8, 0
16361,0, 0
16362,5, 0
16363,37, 0
16364,92, 0
16365,131, 0
16366,167, 0
16367,152, 0
16368,153, 0
16369,170, 0
16370,176, 0
16371,188, 0
16372,192, 0
16373,206, 0
16374,227, 0
16375,254, 0
16376,260, 0
16377,268, 0
16378,246, 0
16379,224, 0
16380,223, 0
16381,220, 0
16382,214, 0
16383,204, 0
16384,176, 0
16385,148, 0
16386,130, 0
16387,137, 0
16388,138, 0
16389,108, 0
16390,96, 0
16391,104, 0
16392,115, 0
16393,104, 0
16394,100, 0
16395,105, 0
16396,93, 0
16397,74, 0
16398,76, 0
16399,61, 0
16400,52, 0
16401,69, 0
16402,106, 0
16403,123, 0
16404,145, 0
16405,157, 0
16406,165, 0
16407,171, 0
16408,181, 0
16409,172, 0
16410,139, 0
16411,97, 0
16412,79, 0
16413,60, 0
16414,44, 0
16415,53, 0
16416,73, 0
16417,99, 0
16418,132, 0
16419,130, 0
16420,111, 0
16421,115, 0
16422,108, 0
16423,89, 0
16424,84, 0
16425,101, 0
16426,108, 0
16427,108, 0
16428,115, 0
16429,102, 0
16430,92, 0
16431,76, 0
16432,40, 0
16433,40, 0
16434,76, 0
16435,108, 0
16436,136, 0
16437,123, 0
16438,103, 0
16439,102, 0
16440,155, 0
16441,217, 0
16442,310, 0
16443,375, 1
16444,432, 20
16445,486, 40
16446,516, 62
16447,518, 76
16448,494, 75
16449,435, 67
16450,342, 37
16451,269, 6
16452,223, 0
16453,201, 0
16454,189, 0
16455,188, 0
16456,152, 0
16457,121, 0
16458,93, 0
16459,51, 0
16460,6, 0
16461,0, 0
16462,0, 0
16463,31, 0
16464,67, 0
16465,110, 0
16466,143, 0
16467,124, 0
16468,106, 0
16469,89, 0
16470,80, 0
16471,52, 0
16472,34, 0
16473,54, 0
16474,95, 0
16475,135, 0
16476,152, 0
16477,143, 0
16478,134, 0
16479,121, 0
16480,81, 0
16481,4, 0
16482,25, 0
16483,25, 0
16484,0, 0
16485,12, 0
16486,31, 0
16487,44, 0
16488,59, 0
16489,81, 0
16490,105, 0
16491,145, 0
16492,169, 0
16493,159, 0
16494,179, 0
16495,179, 0
16496,170, 0
16497,164, 0
16498,150, 0
16499,133, 0
16500,126, 0
16501,126, 0
16502,148, 0
16503,176, 0
16504,197, 0
16505,210, 0
16506,196, 0
16507,192, 0
16508,185, 0
16509,201, 0
16510,210, 0
16511,186, 0
16512,179, 0
16513,182, 0
16514,182, 0
16515,168, 0
16516,163, 0
16517,158, 0
16518,145, 0
16519,149, 0
16520,133, 0
16521,116, 0
16522,108, 0
16523,95, 0
16524,92, 0
16525,95, 0
16526,90, 0
16527,71, 0
16528,57, 0
16529,26, 0
16530,26, 0
16531,46, 0
16532,63, 0
16533,57, 0
16534,41, 0
16535,34, 0
16536,38, 0
16537,36, 0
16538,35, 0
16539,40, 0
16540,39, 0
16541,30, 0
16542,13, 0
16543,12, 0
16544,19, 0
16545,37, 0
16546,88, 0
16547,127, 0
16548,143, 0
16549,154, 0
16550,148, 0
16551,153, 0
16552,167, 0
16553,174, 0
16554,164, 0
16555,180, 0
16556,189, 0
16557,187, 0
16558,214, 0
16559,206, 0
16560,218, 0
16561,198, 0
16562,210, 0
16563,221, 0
16564,223, 0
16565,217, 0
16566,207, 0
16567,195, 0
16568,203, 0
16569,202, 0
16570,201, 0
16571,189, 0
16572,147, 0
16573,133, 0
16574,135, 0
16575,128, 0
16576,145, 0
16577,148, 0
16578,142, 0
16579,152, 0
16580,158, 0
16581,141, 0
16582,133, 0
16583,117, 0
16584,112, 0
16585,117, 0
16586,115, 0
16587,108, 0
16588,104, 0
16589,87, 0
16590,72, 0
16591,76, 0
16592,70, 0
16593,46, 0
16594,44, 0
16595,47, 0
16596,55, 0
16597,57, 0
16598,58, 0
16599,47, 0
16600,44, 0
16601,44, 0
16602,47, 0
16603,26, 0
16604,29, 0
16605,35, 0
16606,45, 0
16607,92, 0
16608,127, 0
16609,140, 0
16610,149, 0
16611,152, 0
16612,150, 0
16613,159, 0
16614,150, 0
16615,159, 0
16616,158, 0
16617,172, 0
16618,184, 0
16619,193, 0
16620,207, 0
16621,210, 0
16622,204, 0
16623,204, 0
16624,202, 0
16625,193, 0
16626,195, 0
16627,188, 0
16628,173, 0
16629,202, 0
16630,197, 0
16631,219, 0
16632,208, 0
16633,173, 0
16634,145, 0
16635,141, 0
16636,133, 0
16637,126, 0
16638,136, 0
16639,132, 0
16640,144, 0
16641,150, 0
16642,143, 0
16643,135, 0
16644,125, 0
16645,116, 0
16646,110, 0
16647,108, 0
16648,95, 0
16649,86, 0
16650,76, 0
16651,72, 0
16652,77, 0
16653,77, 0
16654,44, 0
16655,25, 0
16656,14, 0
16657,22, 0
16658,31, 0
16659,60, 0
16660,64, 0
16661,84, 0
16662,86, 0
16663,72, 0
16664,47, 0
16665,40, 0
16666,37, 0
16667,43, 0
16668,85, 0
16669,136, 0
16670,154, 0
16671,170, 0
16672,164, 0
16673,164, 0
16674,172, 0
16675,187, 0
16676,179, 0
16677,182, 0
16678,182, 0
16679,200, 0
16680,229, 0
16681,219, 0
16682,233, 0
16683,214, 0
16684,211, 0
16685,210, 0
16686,207, 0
16687,204, 0
16688,191, 0
16689,183, 0
16690,180, 0
16691,179, 0
16692,189, 0
16693,183, 0
16694,154, 0
16695,152, 0
16696,158, 0
16697,160, 0
16698,164, 0
16699,166, 0
16700,166, 0
16701,166, 0
16702,155, 0
16703,135, 0
16704,135, 0
16705,125, 0
16706,112, 0
16707,107, 0
16708,109, 0
16709,95, 0
16710,86, 0
16711,69, 0
16712,60, 0
16713,58, 0
16714,57, 0
16715,44, 0
16716,31, 0
16717,31, 0
16718,36, 0
16719,47, 0
16720,48, 0
16721,52, 0
16722,56, 0
16723,46, 0
16724,44, 0
16725,26, 0
16726,18, 0
16727,15, 0
16728,25, 0
16729,81, 0
16730,110, 0
16731,130, 0
16732,141, 0
16733,150, 0
16734,159, 0
16735,174, 0
16736,181, 0
16737,173, 0
16738,193, 0
16739,183, 0
16740,183, 0
16741,177, 0
16742,189, 0
16743,189, 0
16744,207, 0
16745,234, 0
16746,239, 0
16747,257, 0
16748,257, 0
16749,233, 0
16750,202, 0
16751,183, 0
16752,158, 0
16753,172, 0
16754,175, 0
16755,154, 0
16756,158, 0
16757,159, 0
16758,172, 0
16759,182, 0
16760,189, 0
16761,175, 0
16762,171, 0
16763,180, 0
16764,147, 0
16765,140, 0
16766,144, 0
16767,134, 0
16768,133, 0
16769,129, 0
16770,117, 0
16771,102, 0
16772,69, 0
16773,48, 0
16774,55, 0
16775,57, 0
16776,38, 0
16777,34, 0
16778,27, 0
16779,29, 0
16780,39, 0
16781,41, 0
16782,42, 0
16783,34, 0
16784,21, 0
16785,14, 0
16786,0, 0
16787,0, 0
16788,7, 0
16789,1, 0
16790,51, 0
16791,103, 0
16792,138, 0
16793,157, 0
16794,161, 0
16795,164, 0
16796,168, 0
16797,165, 0
16798,176, 0
16799,190, 0
16800,205, 0
16801,203, 0
16802,217, 0
16803,228, 0
16804,226, 0
16805,224, 0
16806,223, 0
16807,202, 0
16808,208, 0
16809,214, 0
16810,227, 0
16811,228, 0
16812,229, 0
16813,223, 0
16814,234, 0
16815,203, 0
16816,158, 0
16817,151, 0
16818,142, 0
16819,136, 0
16820,149, 0
16821,148, 0
16822,139, 0
16823,133, 0
16824,129, 0
16825,122, 0
16826,123, 0
16827,108, 0
16828,100, 0
16829,106, 0
16830,113, 0
16831,105, 0
16832,95, 0
16833,60, 0
16834,42, 0
16835,38, 0
16836,31, 0
16837,10, 0
16838,9, 0
16839,14, 0
16840,19, 0
16841,30, 0
16842,44, 0
16843,59, 0
16844,70, 0
16845,70, 0
16846,51, 0
16847,19, 0
16848,13, 0
16849,29, 0
16850,43, 0
16851,92, 0
16852,121, 0
16853,127, 0
16854,158, 0
16855,175, 0
16856,176, 0
16857,177, 0
16858,190, 0
16859,183, 0
16860,176, 0
16861,192, 0
16862,224, 0
16863,216, 0
16864,235, 0
16865,237, 0
16866,226, 0
16867,232, 0
16868,240, 0
16869,257, 0
16870,262, 0
16871,251, 0
16872,244, 0
16873,239, 0
16874,233, 0
16875,229, 0
16876,202, 0
16877,164, 0
16878,154, 0
16879,157, 0
16880,163, 0
16881,159, 0
16882,167, 0
16883,169, 0
16884,179, 0
16885,175, 0
16886,155, 0
16887,139, 0
16888,121, 0
16889,108, 0
16890,103, 0
16891,102, 0
16892,92, 0
16893,78, 0
16894,68, 0
16895,56, 0
16896,55, 0
16897,46, 0
16898,29, 0
16899,19, 0
16900,18, 0
16901,20, 0
16902,24, 0
16903,20, 0
16904,13, 0
16905,9, 0
16906,3, 0
16907,0, 0
16908,0, 0
16909,0, 0
16910,0, 0
16911,10, 0
16912,58, 0
16913,86, 0
16914,94, 0
16915,101, 0
16916,109, 0
16917,132, 0
16918,152, 0
16919,157, 0
16920,164, 0
16921,173, 0
16922,171, 0
16923,188, 0
16924,210, 0
16925,220, 0
16926,227, 0
16927,232, 0
16928,229, 0
16929,229, 0
16930,232, 0
16931,237, 0
16932,227, 0
16933,234, 0
16934,232, 0
16935,231, 0
16936,221, 0
16937,199, 0
16938,165, 0
16939,155, 0
16940,163, 0
16941,160, 0
16942,168, 0
16943,177, 0
16944,185, 0
16945,183, 0
16946,176, 0
16947,163, 0
16948,145, 0
16949,139, 0
16950,130, 0
16951,122, 0
16952,115, 0
16953,95, 0
16954,90, 0
16955,71, 0
16956,63, 0
16957,59, 0
16958,50, 0
16959,26, 0
16960,18, 0
16961,14, 0
16962,12, 0
16963,26, 0
16964,19, 0
16965,19, 0
16966,21, 0
16967,19, 0
16968,6, 0
16969,0, 0
16970,0, 0
16971,6, 0
16972,29, 0
16973,92, 0
16974,111, 0
16975,143, 0
16976,152, 0
16977,149, 0
16978,152, 0
16979,161, 0
16980,165, 0
16981,174, 0
16982,184, 0
16983,185, 0
16984,219, 0
16985,222, 0
16986,233, 0
16987,220, 0
16988,228, 0
16989,240, 0
16990,238, 0
16991,246, 0
16992,247, 0
16993,246, 0
16994,253, 0
16995,248, 0
16996,241, 0
16997,244, 0
16998,214, 0
16999,177, 0
17000,165, 0
17001,157, 0
17002,155, 0
17003,159, 0
17004,170, 0
17005,164, 0
17006,169, 0
17007,159, 0
17008,147, 0
17009,136, 0
17010,119, 0
17011,100, 0
17012,101, 0
17013,93, 0
17014,78, 0
17015,78, 0
17016,61, 0
17017,56, 0
17018,69, 0
17019,48, 0
17020,25, 0
17021,14, 0
17022,31, 0
17023,24, 0
17024,32, 0
17025,25, 0
17026,20, 0
17027,23, 0
17028,24, 0
17029,12, 0
17030,0, 0
17031,0, 0
17032,6, 0
17033,31, 0
17034,92, 0
17035,116, 0
17036,127, 0
17037,133, 0
17038,142, 0
17039,160, 0
17040,174, 0
17041,177, 0
17042,179, 0
17043,182, 0
17044,176, 0
17045,191, 0
17046,202, 0
17047,220, 0
17048,231, 0
17049,220, 0
17050,240, 0
17051,238, 0
17052,232, 0
17053,226, 0
17054,219, 0
17055,230, 0
17056,230, 0
17057,231, 0
17058,237, 0
17059,206, 0
17060,177, 0
17061,155, 0
17062,179, 0
17063,171, 0
17064,185, 0
17065,184, 0
17066,187, 0
17067,195, 0
17068,181, 0
17069,142, 0
17070,136, 0
17071,127, 0
17072,111, 0
17073,105, 0
17074,100, 0
17075,97, 0
17076,76, 0
17077,67, 0
17078,61, 0
17079,53, 0
17080,43, 0
17081,20, 0
17082,12, 0
17083,19, 0
17084,19, 0
17085,19, 0
17086,17, 0
17087,18, 0
17088,12, 0
17089,5, 0
17090,0, 0
17091,0, 0
17092,0, 0
17093,0, 0
17094,40, 0
17095,78, 0
17096,89, 0
17097,111, 0
17098,119, 0
17099,128, 0
17100,142, 0
17101,159, 0
17102,160, 0
17103,169, 0
17104,179, 0
17105,189, 0
17106,204, 0
17107,214, 0
17108,217, 0
17109,224, 0
17110,226, 0
17111,223, 0
17112,232, 0
17113,233, 0
17114,232, 0
17115,234, 0
17116,233, 0
17117,227, 0
17118,248, 0
17119,238, 0
17120,200, 0
17121,155, 0
17122,164, 0
17123,166, 0
17124,167, 0
17125,182, 0
17126,184, 0
17127,190, 0
17128,187, 0
17129,181, 0
17130,159, 0
17131,145, 0
17132,130, 0
17133,116, 0
17134,109, 0
17135,97, 0
17136,84, 0
17137,78, 0
17138,67, 0
17139,70, 0
17140,63, 0
17141,53, 0
17142,31, 0
17143,22, 0
17144,22, 0
17145,22, 0
17146,26, 0
17147,30, 0
17148,30, 0
17149,17, 0
17150,9, 0
17151,0, 0
17152,0, 0
17153,0, 0
17154,0, 0
17155,34, 0
17156,78, 0
17157,88, 0
17158,132, 0
17159,122, 0
17160,128, 0
17161,139, 0
17162,152, 0
17163,157, 0
17164,157, 0
17165,175, 0
17166,180, 0
17167,201, 0
17168,214, 0
17169,220, 0
17170,226, 0
17171,231, 0
17172,223, 0
17173,222, 0
17174,226, 0
17175,223, 0
17176,218, 0
17177,229, 0
17178,204, 0
17179,216, 0
17180,223, 0
17181,187, 0
17182,154, 0
17183,140, 0
17184,149, 0
17185,148, 0
17186,167, 0
17187,170, 0
17188,176, 0
17189,176, 0
17190,164, 0
17191,147, 0
17192,136, 0
17193,121, 0
17194,109, 0
17195,102, 0
17196,91, 0
17197,77, 0
17198,68, 0
17199,53, 0
17200,53, 0
17201,63, 0
17202,35, 0
17203,21, 0
17204,24, 0
17205,26, 0
17206,25, 0
17207,28, 0
17208,25, 0
17209,27, 0
17210,21, 0
17211,18, 0
17212,1, 0
17213,0, 0
17214,0, 0
17215,8, 0
17216,38, 0
17217,83, 0
17218,103, 0
17219,111, 0
17220,125, 0
17221,133, 0
17222,145, 0
17223,158, 0
17224,163, 0
17225,164, 0
17226,180, 0
17227,185, 0
17228,187, 0
17229,216, 0
17230,215, 0
17231,211, 0
17232,226, 0
17233,214, 0
17234,219, 0
17235,224, 0
17236,220, 0
17237,222, 0
17238,227, 0
17239,220, 0
17240,229, 0
17241,208, 0
17242,202, 0
17243,166, 0
17244,154, 0
17245,165, 0
17246,167, 0
17247,185, 0
17248,192, 0
17249,202, 0
17250,201, 0
17251,186, 0
17252,176, 0
17253,154, 0
17254,139, 0
17255,130, 0
17256,119, 0
17257,104, 0
17258,102, 0
17259,87, 0
17260,78, 0
17261,81, 0
17262,84, 0
17263,60, 0
17264,47, 0
17265,44, 0
17266,47, 0
17267,47, 0
17268,57, 0
17269,54, 0
17270,50, 0
17271,45, 0
17272,31, 0
17273,15, 0
17274,8, 0
17275,7, 0
17276,15, 0
17277,68, 0
17278,102, 0
17279,131, 0
17280,135, 0
17281,136, 0
17282,138, 0
17283,152, 0
17284,156, 0
17285,157, 0
17286,159, 0
17287,170, 0
17288,179, 0
17289,187, 0
17290,210, 0
17291,203, 0
17292,207, 0
17293,208, 0
17294,208, 0
17295,214, 0
17296,214, 0
17297,211, 0
17298,207, 0
17299,210, 0
17300,210, 0
17301,212, 0
17302,211, 0
17303,166, 0
17304,142, 0
17305,133, 0
17306,145, 0
17307,147, 0
17308,165, 0
17309,172, 0
17310,179, 0
17311,181, 0
17312,168, 0
17313,156, 0
17314,145, 0
17315,133, 0
17316,126, 0
17317,115, 0
17318,111, 0
17319,102, 0
17320,102, 0
17321,79, 0
17322,83, 0
17323,89, 0
17324,64, 0
17325,50, 0
17326,50, 0
17327,40, 0
17328,54, 0
17329,57, 0
17330,57, 0
17331,58, 0
17332,57, 0
17333,44, 0
17334,19, 0
17335,5, 0
17336,9, 0
17337,18, 0
17338,68, 0
17339,107, 0
17340,108, 0
17341,121, 0
17342,135, 0
17343,151, 0
17344,172, 0
17345,181, 0
17346,186, 0
17347,197, 0
17348,199, 0
17349,198, 0
17350,202, 0
17351,206, 0
17352,202, 0
17353,200, 0
17354,204, 0
17355,197, 0
17356,193, 0
17357,200, 0
17358,189, 0
17359,193, 0
17360,184, 0
17361,183, 0
17362,187, 0
17363,171, 0
17364,142, 0
17365,108, 0
17366,116, 0
17367,115, 0
17368,127, 0
17369,145, 0
17370,159, 0
17371,170, 0
17372,187, 0
17373,180, 0
17374,175, 0
17375,155, 0
17376,134, 0
17377,121, 0
17378,109, 0
17379,95, 0
17380,92, 0
17381,80, 0
17382,81, 0
17383,89, 0
17384,97, 0
17385,70, 0
17386,57, 0
17387,60, 0
17388,64, 0
17389,75, 0
17390,73, 0
17391,64, 0
17392,63, 0
17393,60, 0
17394,46, 0
17395,25, 0
17396,19, 0
17397,27, 0
17398,35, 0
17399,85, 0
17400,115, 0
17401,132, 0
17402,142, 0
17403,125, 0
17404,136, 0
17405,139, 0
17406,150, 0
17407,149, 0
17408,159, 0
17409,165, 0
17410,167, 0
17411,183, 0
17412,189, 0
17413,181, 0
17414,170, 0
17415,176, 0
17416,173, 0
17417,175, 0
17418,179, 0
17419,170, 0
17420,171, 0
17421,173, 0
17422,183, 0
17423,183, 0
17424,177, 0
17425,150, 0
17426,126, 0
17427,123, 0
17428,133, 0
17429,138, 0
17430,149, 0
17431,153, 0
17432,150, 0
17433,170, 0
17434,160, 0
17435,145, 0
17436,138, 0
17437,124, 0
17438,121, 0
17439,127, 0
17440,107, 0
17441,99, 0
17442,89, 0
17443,81, 0
17444,89, 0
17445,99, 0
17446,69, 0
17447,70, 0
17448,71, 0
17449,86, 0
17450,94, 0
17451,95, 0
17452,93, 0
17453,86, 0
17454,84, 0
17455,69, 0
17456,54, 0
17457,40, 0
17458,42, 0
17459,64, 0
17460,115, 0
17461,145, 0
17462,166, 0
17463,159, 0
17464,159, 0
17465,160, 0
17466,158, 0
17467,155, 0
17468,152, 0
17469,149, 0
17470,153, 0
17471,180, 0
17472,170, 0
17473,175, 0
17474,165, 0
17475,182, 0
17476,164, 0
17477,164, 0
17478,161, 0
17479,170, 0
17480,169, 0
17481,161, 0
17482,159, 0
17483,159, 0
17484,183, 0
17485,141, 0
17486,110, 0
17487,99, 0
17488,99, 0
17489,94, 0
17490,108, 0
17491,127, 0
17492,148, 0
17493,158, 0
17494,174, 0
17495,176, 0
17496,158, 0
17497,154, 0
17498,139, 0
17499,133, 0
17500,121, 0
17501,121, 0
17502,108, 0
17503,102, 0
17504,102, 0
17505,105, 0
17506,116, 0
17507,96, 0
17508,77, 0
17509,89, 0
17510,102, 0
17511,118, 0
17512,131, 0
17513,135, 0
17514,130, 0
17515,135, 0
17516,129, 0
17517,115, 0
17518,104, 0
17519,100, 0
17520,96, 0
17521,113, 0
17522,123, 0
17523,121, 0
17524,121, 0
17525,130, 0
17526,136, 0
17527,153, 0
17528,152, 0
17529,145, 0
17530,142, 0
17531,143, 0
17532,150, 0
17533,158, 0
17534,155, 0
17535,145, 0
17536,133, 0
17537,124, 0
17538,129, 0
17539,125, 0
17540,148, 0
17541,160, 0
17542,169, 0
17543,176, 0
17544,179, 0
17545,183, 0
17546,161, 0
17547,108, 0
17548,78, 0
17549,70, 0
17550,63, 0
17551,77, 0
17552,100, 0
17553,121, 0
17554,144, 0
17555,165, 0
17556,177, 0
17557,166, 0
17558,137, 0
17559,127, 0
17560,115, 0
17561,105, 0
17562,95, 0
17563,97, 0
17564,92, 0
17565,100, 0
17566,110, 0
17567,119, 0
17568,117, 0
17569,110, 0
17570,111, 0
17571,128, 0
17572,135, 0
17573,135, 0
17574,129, 0
17575,124, 0
17576,100, 0
17577,72, 0
17578,51, 0
17579,46, 0
17580,54, 0
17581,56, 0
17582,110, 0
17583,141, 0
17584,155, 0
17585,163, 0
17586,164, 0
17587,171, 0
17588,173, 0
17589,179, 0
17590,170, 0
17591,170, 0
17592,173, 0
17593,170, 0
17594,180, 0
17595,179, 0
17596,172, 0
17597,164, 0
17598,158, 0
17599,143, 0
17600,140, 0
17601,139, 0
17602,137, 0
17603,134, 0
17604,130, 0
17605,134, 0
17606,139, 0
17607,116, 0
17608,75, 0
17609,52, 0
17610,55, 0
17611,76, 0
17612,95, 0
17613,110, 0
17614,129, 0
17615,150, 0
17616,169, 0
17617,181, 0
17618,183, 0
17619,192, 0
17620,204, 0
17621,213, 0
17622,210, 0
17623,208, 0
17624,211, 0
17625,183, 0
17626,185, 0
17627,158, 0
17628,150, 0
17629,112, 0
17630,91, 0
17631,88, 0
17632,88, 0
17633,86, 0
17634,83, 0
17635,64, 0
17636,68, 0
17637,47, 0
17638,31, 0
17639,7, 0
17640,0, 0
17641,2, 0
17642,21, 0
17643,88, 0
17644,115, 0
17645,131, 0
17646,141, 0
17647,150, 0
17648,165, 0
17649,186, 0
17650,195, 0
17651,202, 0
17652,196, 0
17653,180, 0
17654,170, 0
17655,145, 0
17656,132, 0
17657,108, 0
17658,122, 0
17659,122, 0
17660,131, 0
17661,141, 0
17662,153, 0
17663,158, 0
17664,158, 0
17665,159, 0
17666,164, 0
17667,167, 0
17668,140, 0
17669,105, 0
17670,90, 0
17671,84, 0
17672,95, 0
17673,122, 0
17674,145, 0
17675,160, 0
17676,166, 0
17677,143, 0
17678,147, 0
17679,129, 0
17680,123, 0
17681,122, 0
17682,115, 0
17683,107, 0
17684,104, 0
17685,112, 0
17686,102, 0
17687,104, 0
17688,100, 0
17689,85, 0
17690,67, 0
17691,59, 0
17692,76, 0
17693,74, 0
17694,95, 0
17695,102, 0
17696,121, 0
17697,139, 0
17698,149, 0
17699,139, 0
17700,117, 0
17701,110, 0
17702,101, 0
17703,117, 0
17704,167, 0
17705,192, 0
17706,204, 0
17707,200, 0
17708,185, 0
17709,170, 0
17710,164, 0
17711,158, 0
17712,152, 0
17713,149, 0
17714,150, 0
17715,149, 0
17716,145, 0
17717,149, 0
17718,145, 0
17719,145, 0
17720,133, 0
17721,157, 0
17722,141, 0
17723,157, 0
17724,158, 0
17725,144, 0
17726,139, 0
17727,135, 0
17728,149, 0
17729,117, 0
17730,95, 0
17731,97, 0
17732,116, 0
17733,148, 0
17734,186, 0
17735,218, 0
17736,216, 0
17737,193, 0
17738,160, 0
17739,128, 0
17740,97, 0
17741,68, 0
17742,63, 0
17743,78, 0
17744,97, 0
17745,108, 0
17746,121, 0
17747,122, 0
17748,116, 0
17749,118, 0
17750,87, 0
17751,67, 0
17752,55, 0
17753,69, 0
17754,81, 0
17755,94, 0
17756,108, 0
17757,127, 0
17758,140, 0
17759,132, 0
17760,106, 0
17761,96, 0
17762,84, 0
17763,89, 0
17764,113, 0
17765,164, 0
17766,191, 0
17767,183, 0
17768,188, 0
17769,181, 0
17770,163, 0
17771,156, 0
17772,167, 0
17773,189, 0
17774,206, 0
17775,216, 0
17776,196, 0
17777,183, 0
17778,138, 0
17779,97, 0
17780,104, 0
17781,102, 0
17782,95, 0
17783,95, 0
17784,86, 0
17785,81, 0
17786,70, 0
17787,57, 0
17788,50, 0
17789,59, 0
17790,55, 0
17791,39, 0
17792,51, 0
17793,88, 0
17794,112, 0
17795,151, 0
17796,180, 0
17797,181, 0
17798,193, 0
17799,152, 0
17800,115, 0
17801,76, 0
17802,69, 0
17803,56, 0
17804,77, 0
17805,94, 0
17806,115, 0
17807,125, 0
17808,124, 0
17809,138, 0
17810,145, 0
17811,131, 0
17812,108, 0
17813,102, 0
17814,105, 0
17815,135, 0
17816,153, 0
17817,166, 0
17818,164, 0
17819,180, 0
17820,173, 0
17821,136, 0
17822,129, 0
17823,119, 0
17824,113, 0
17825,121, 0
17826,137, 0
17827,153, 0
17828,143, 0
17829,131, 0
17830,127, 0
17831,128, 0
17832,125, 0
17833,115, 0
17834,110, 0
17835,120, 0
17836,145, 0
17837,182, 0
17838,211, 0
17839,220, 0
17840,237, 0
17841,219, 0
17842,222, 0
17843,198, 0
17844,185, 0
17845,161, 0
17846,133, 0
17847,101, 0
17848,73, 0
17849,63, 0
17850,51, 0
17851,32, 0
17852,24, 0
17853,35, 0
17854,71, 0
17855,104, 0
17856,145, 0
17857,189, 0
17858,200, 0
17859,215, 0
17860,220, 0
17861,220, 0
17862,206, 0
17863,182, 0
17864,149, 0
17865,106, 0
17866,69, 0
17867,41, 0
17868,13, 0
17869,18, 0
17870,59, 0
17871,136, 0
17872,169, 0
17873,204, 0
17874,226, 0
17875,241, 0
17876,241, 0
17877,240, 0
17878,197, 0
17879,165, 0
17880,108, 0
17881,48, 0
17882,3, 0
17883,0, 0
17884,0, 0
17885,1, 0
17886,52, 0
17887,115, 0
17888,139, 0
17889,140, 0
17890,139, 0
17891,135, 0
17892,151, 0
17893,153, 0
17894,159, 0
17895,170, 0
17896,180, 0
17897,193, 0
17898,204, 0
17899,201, 0
17900,185, 0
17901,164, 0
17902,145, 0
17903,133, 0
17904,133, 0
17905,101, 0
17906,93, 0
17907,84, 0
17908,84, 0
17909,87, 0
17910,92, 0
17911,101, 0
17912,75, 0
17913,57, 0
17914,70, 0
17915,80, 0
17916,90, 0
17917,89, 0
17918,87, 0
17919,73, 0
17920,70, 0
17921,65, 0
17922,61, 0
17923,63, 0
17924,51, 0
17925,76, 0
17926,92, 0
17927,93, 0
17928,116, 0
17929,119, 0
17930,128, 0
17931,147, 0
17932,154, 0
17933,139, 0
17934,127, 0
17935,101, 0
17936,81, 0
17937,76, 0
17938,77, 0
17939,83, 0
17940,72, 0
17941,68, 0
17942,58, 0
17943,73, 0
17944,84, 0
17945,89, 0
17946,122, 0
17947,148, 0
17948,169, 0
17949,205, 0
17950,204, 0
17951,214, 0
17952,181, 0
17953,165, 0
17954,133, 0
17955,122, 0
17956,117, 0
17957,110, 0
17958,108, 0
17959,101, 0
17960,133, 0
17961,156, 0
17962,200, 0
17963,237, 0
17964,278, 0
17965,313, 0
17966,292, 0
17967,258, 0
17968,255, 0
17969,242, 0
17970,238, 0
17971,248, 0
17972,243, 0
17973,202, 0
17974,160, 0
17975,139, 0
17976,121, 0
17977,103, 0
17978,107, 0
17979,110, 0
17980,128, 0
17981,144, 0
17982,149, 0
17983,139, 0
17984,142, 0
17985,109, 0
17986,131, 0
17987,158, 0
17988,161, 0
17989,166, 0
17990,139, 0
17991,127, 0
17992,132, 0
17993,131, 0
17994,99, 0
17995,78, 0
17996,51, 0
17997,42, 0
17998,38, 0
17999,38, 0
18000,43, 0
18001,54, 0
18002,63, 0
18003,83, 0
18004,93, 0
18005,119, 0
18006,149, 0
18007,182, 0
18008,227, 0
18009,263, 0
18010,262, 0
18011,245, 0
18012,214, 0
18013,193, 0
18014,172, 0
18015,157, 0
18016,125, 0
18017,89, 0
18018,84, 0
18019,110, 0
18020,145, 0
18021,174, 0
18022,183, 0
18023,147, 0
18024,116, 0
18025,38, 0
18026,2, 0
18027,0, 0
18028,0, 0
18029,0, 0
18030,20, 0
18031,48, 0
18032,92, 0
18033,134, 0
18034,149, 0
18035,167, 0
18036,197, 0
18037,218, 0
18038,236, 0
18039,238, 0
18040,220, 0
18041,170, 0
18042,99, 0
18043,25, 0
18044,1, 0
18045,9, 0
18046,2, 0
18047,15, 0
18048,13, 0
18049,14, 0
18050,28, 0
18051,51, 0
18052,75, 0
18053,108, 0
18054,127, 0
18055,125, 0
18056,141, 0
18057,183, 0
18058,242, 0
18059,282, 0
18060,281, 0
18061,241, 0
18062,188, 0
18063,127, 0
18064,80, 0
18065,64, 0
18066,78, 0
18067,105, 0
18068,145, 0
18069,179, 0
18070,226, 0
18071,233, 0
18072,222, 0
18073,227, 0
18074,200, 0
18075,155, 0
18076,108, 0
18077,75, 0
18078,59, 0
18079,62, 0
18080,74, 0
18081,81, 0
18082,86, 0
18083,103, 0
18084,130, 0
18085,166, 0
18086,204, 0
18087,232, 0
18088,251, 0
18089,264, 0
18090,254, 0
18091,226, 0
18092,196, 0
18093,164, 0
18094,120, 0
18095,84, 0
18096,34, 0
18097,14, 0
18098,0, 0
18099,0, 0
18100,10, 0
18101,1, 0
18102,17, 0
18103,86, 0
18104,140, 0
18105,198, 0
18106,258, 0
18107,295, 0
18108,331, 1
18109,361, 8
18110,394, 19
18111,423, 31
18112,427, 40
18113,414, 42
18114,403, 39
18115,354, 27
18116,286, 10
18117,211, 0
18118,144, 0
18119,70, 0
18120,12, 0
18121,0, 0
18122,0, 0
18123,0, 0
18124,0, 0
18125,0, 0
18126,12, 0
18127,46, 0
18128,56, 0
18129,58, 0
18130,25, 0
18131,12, 0
18132,0, 0
18133,6, 0
18134,25, 0
18135,55, 0
18136,72, 0
18137,94, 0
18138,108, 0
18139,120, 0
18140,127, 0
18141,159, 0
18142,185, 0
18143,195, 0
18144,183, 0
18145,166, 0
18146,151, 0
18147,156, 0
18148,164, 0
18149,168, 0
18150,168, 0
18151,158, 0
18152,143, 0
18153,138, 0
18154,145, 0
18155,119, 0
18156,79, 0
18157,45, 0
18158,27, 0
18159,32, 0
18160,37, 0
18161,50, 0
18162,67, 0
18163,81, 0
18164,101, 0
18165,144, 0
18166,183, 0
18167,219, 0
18168,192, 0
18169,161, 0
18170,108, 0
18171,70, 0
18172,38, 0
18173,19, 0
18174,38, 0
18175,90, 0
18176,152, 0
18177,181, 0
18178,173, 0
18179,157, 0
18180,164, 0
18181,195, 0
18182,238, 0
18183,251, 0
18184,218, 0
18185,145, 0
18186,50, 0
18187,3, 0
18188,32, 0
18189,27, 0
18190,3, 0
18191,31, 0
18192,120, 0
18193,188, 0
18194,233, 0
18195,266, 0
18196,281, 0
18197,274, 0
18198,263, 0
18199,242, 0
18200,185, 0
18201,137, 0
18202,99, 0
18203,84, 0
18204,92, 0
18205,125, 0
18206,174, 0
18207,244, 0
18208,258, 0
18209,289, 0
18210,289, 0
18211,281, 0
18212,272, 0
18213,244, 0
18214,208, 0
18215,176, 0
18216,151, 0
18217,119, 0
18218,94, 0
18219,89, 0
18220,86, 0
18221,128, 0
18222,219, 0
18223,316, 0
18224,375, 5
18225,371, 13
18226,276, 5
18227,151, 0
18228,47, 0
18229,3, 0
18230,1, 0
18231,19, 0
18232,69, 0
18233,129, 0
18234,160, 0
18235,167, 0
18236,170, 0
18237,148, 0
18238,118, 0
18239,81, 0
18240,59, 0
18241,18, 0
18242,0, 0
18243,0, 0
18244,0, 0
18245,3, 0
18246,36, 0
18247,80, 0
18248,83, 0
18249,60, 0
18250,8, 0
18251,0, 0
18252,4, 0
18253,7, 0
18254,27, 0
18255,4, 0
18256,25, 0
18257,89, 0
18258,158, 0
18259,204, 0
18260,207, 0
18261,171, 0
18262,99, 0
18263,10, 0
18264,57, 0
18265,128, 0
18266,139, 0
18267,81, 0
18268,12, 0
18269,95, 0
18270,156, 0
18271,234, 0
18272,311, 0
18273,389, 5
18274,481, 31
18275,559, 67
18276,605, 96
18277,587, 112
18278,518, 104
18279,417, 76
18280,294, 34
18281,164, 1
18282,73, 0
18283,47, 0
18284,65, 0
18285,87, 0
18286,83, 0
18287,59, 0
18288,39, 0
18289,56, 0
18290,110, 0
18291,168, 0
18292,188, 0
18293,171, 0
18294,104, 0
18295,14, 0
18296,29, 0
18297,125, 0
18298,202, 0
18299,251, 0
18300,245, 0
18301,171, 0
18302,61, 0
18303,11, 0
18304,60, 0
18305,81, 0
18306,83, 0
18307,44, 0
18308,4, 0
18309,0, 0
18310,0, 0
18311,73, 0
18312,181, 0
18313,278, 0
18314,348, 0
18315,433, 18
18316,510, 44
18317,588, 79
18318,648, 110
18319,658, 138
18320,661, 144
18321,613, 141
18322,566, 127
18323,562, 117
18324,568, 112
18325,561, 106
18326,515, 96
18327,427, 76
18328,420, 52
18329,415, 44
18330,410, 37
18331,361, 28
18332,257, 6
18333,128, 0
18334,25, 0
18335,5, 0
18336,50, 0
18337,141, 0
18338,158, 0
18339,116, 0
18340,76, 0
18341,46, 0
18342,81, 0
18343,109, 0
18344,123, 0
18345,145, 0
18346,190, 0
18347,214, 0
18348,193, 0
18349,137, 0
18350,58, 0
18351,6, 0
18352,41, 0
18353,151, 0
18354,229, 0
18355,220, 0
18356,172, 0
18357,109, 0
18358,58, 0
18359,20, 0
18360,1, 0
18361,11, 0
18362,91, 0
18363,204, 0
18364,263, 0
18365,268, 0
18366,259, 0
18367,226, 0
18368,181, 0
18369,101, 0
18370,13, 0
18371,24, 0
18372,76, 0
18373,92, 0
18374,53, 0
18375,12, 0
18376,0, 0
18377,0, 0
18378,0, 0
18379,20, 0
18380,40, 0
18381,71, 0
18382,83, 0
18383,92, 0
18384,95, 0
18385,121, 0
18386,153, 0
18387,184, 0
18388,166, 0
18389,189, 0
18390,223, 0
18391,283, 0
18392,310, 0
18393,304, 0
18394,287, 0
18395,276, 0
18396,291, 0
18397,330, 0
18398,371, 6
18399,352, 11
18400,299, 6
18401,243, 0
18402,189, 0
18403,149, 0
18404,104, 0
18405,88, 0
18406,90, 0
18407,111, 0
18408,144, 0
18409,186, 0
18410,223, 0
18411,238, 0
18412,230, 0
18413,204, 0
18414,157, 0
18415,130, 0
18416,106, 0
18417,95, 0
18418,108, 0
18419,129, 0
18420,106, 0
18421,45, 0
18422,3, 0
18423,7, 0
18424,5, 0
18425,23, 0
18426,19, 0
18427,30, 0
18428,19, 0
18429,0, 0
18430,0, 0
18431,0, 0
18432,0, 0
18433,0, 0
18434,15, 0
18435,73, 0
18436,121, 0
18437,154, 0
18438,172, 0
18439,170, 0
18440,152, 0
18441,116, 0
18442,95, 0
18443,83, 0
18444,55, 0
18445,29, 0
18446,9, 0
18447,3, 0
18448,18, 0
18449,53, 0
18450,108, 0
18451,156, 0
18452,175, 0
18453,176, 0
18454,164, 0
18455,111, 0
18456,80, 0
18457,73, 0
18458,80, 0
18459,106, 0
18460,102, 0
18461,99, 0
18462,104, 0
18463,110, 0
18464,121, 0
18465,130, 0
18466,181, 0
18467,185, 0
18468,160, 0
18469,148, 0
18470,136, 0
18471,108, 0
18472,94, 0
18473,77, 0
18474,91, 0
18475,121, 0
18476,153, 0
18477,186, 0
18478,208, 0
18479,245, 0
18480,269, 0
18481,252, 0
18482,224, 0
18483,210, 0
18484,204, 0
18485,196, 0
18486,197, 0
18487,159, 0
18488,123, 0
18489,63, 0
18490,8, 0
18491,5, 0
18492,52, 0
18493,77, 0
18494,45, 0
18495,8, 0
18496,89, 0
18497,170, 0
18498,193, 0
18499,183, 0
18500,183, 0
18501,189, 0
18502,185, 0
18503,185, 0
18504,189, 0
18505,201, 0
18506,219, 0
18507,236, 0
18508,238, 0
18509,265, 0
18510,310, 0
18511,317, 0
18512,319, 0
18513,310, 0
18514,253, 0
18515,198, 0
18516,158, 0
18517,152, 0
18518,157, 0
18519,170, 0
18520,181, 0
18521,172, 0
18522,121, 0
18523,92, 0
18524,69, 0
18525,74, 0
18526,123, 0
18527,176, 0
18528,199, 0
18529,192, 0
18530,183, 0
18531,159, 0
18532,144, 0
18533,127, 0
18534,117, 0
18535,92, 0
18536,41, 0
18537,9, 0
18538,4, 0
18539,19, 0
18540,11, 0
18541,0, 0
18542,0, 0
18543,0, 0
18544,2, 0
18545,25, 0
18546,87, 0
18547,128, 0
18548,151, 0
18549,166, 0
18550,143, 0
18551,108, 0
18552,81, 0
18553,45, 0
18554,31, 0
18555,9, 0
18556,27, 0
18557,80, 0
18558,110, 0
18559,127, 0
18560,118, 0
18561,115, 0
18562,128, 0
18563,147, 0
18564,157, 0
18565,156, 0
18566,167, 0
18567,183, 0
18568,193, 0
18569,215, 0
18570,235, 0
18571,254, 0
18572,306, 0
18573,294, 0
18574,296, 0
18575,273, 0
18576,251, 0
18577,184, 0
18578,110, 0
18579,72, 0
18580,86, 0
18581,110, 0
18582,128, 0
18583,145, 0
18584,182, 0
18585,223, 0
18586,251, 0
18587,247, 0
18588,207, 0
18589,122, 0
18590,42, 0
18591,23, 0
18592,55, 0
18593,78, 0
18594,102, 0
18595,145, 0
18596,210, 0
18597,273, 0
18598,317, 0
18599,324, 0
18600,305, 0
18601,263, 0
18602,232, 0
18603,189, 0
18604,153, 0
18605,135, 0
18606,109, 0
18607,71, 0
18608,11, 0
18609,48, 0
18610,139, 0
18611,173, 0
18612,191, 0
18613,179, 0
18614,141, 0
18615,92, 0
18616,32, 0
18617,0, 0
18618,14, 0
18619,39, 0
18620,53, 0
18621,85, 0
18622,134, 0
18623,196, 0
18624,227, 0
18625,237, 0
18626,185, 0
18627,159, 0
18628,160, 0
18629,143, 0
18630,139, 0
18631,153, 0
18632,140, 0
18633,140, 0
18634,158, 0
18635,177, 0
18636,193, 0
18637,204, 0
18638,186, 0
18639,158, 0
18640,145, 0
18641,147, 0
18642,160, 0
18643,138, 0
18644,130, 0
18645,115, 0
18646,134, 0
18647,130, 0
18648,148, 0
18649,187, 0
18650,217, 0
18651,214, 0
18652,183, 0
18653,147, 0
18654,131, 0
18655,173, 0
18656,244, 0
18657,300, 0
18658,325, 0
18659,329, 3
18660,316, 1
18661,308, 0
18662,301, 1
18663,260, 0
18664,207, 0
18665,132, 0
18666,68, 0
18667,37, 0
18668,24, 0
18669,5, 0
18670,4, 0
18671,65, 0
18672,124, 0
18673,173, 0
18674,262, 0
18675,346, 0
18676,356, 6
18677,262, 1
18678,59, 0
18679,117, 0
18680,247, 0
18681,287, 0
18682,226, 0
18683,179, 0
18684,102, 0
18685,134, 0
18686,239, 0
18687,336, 0
18688,394, 6
18689,420, 21
18690,420, 30
18691,395, 28
18692,330, 15
18693,238, 1
18694,160, 0
18695,122, 0
18696,120, 0
18697,142, 0
18698,183, 0
18699,235, 0
18700,278, 0
18701,280, 0
18702,257, 0
18703,212, 0
18704,153, 0
18705,153, 0
18706,201, 0
18707,247, 0
18708,276, 0
18709,318, 0
18710,331, 2
18711,332, 1
18712,311, 0
18713,282, 0
18714,247, 0
18715,181, 0
18716,155, 0
18717,159, 0
18718,182, 0
18719,198, 0
18720,181, 0
18721,137, 0
18722,77, 0
18723,51, 0
18724,42, 0
18725,24, 0
18726,23, 0
18727,18, 0
18728,11, 0
18729,3, 0
18730,0, 0
18731,1, 0
18732,32, 0
18733,76, 0
18734,111, 0
18735,105, 0
18736,63, 0
18737,5, 0
18738,0, 0
18739,12, 0
18740,52, 0
18741,54, 0
18742,53, 0
18743,52, 0
18744,89, 0
18745,150, 0
18746,183, 0
18747,173, 0
18748,168, 0
18749,193, 0
18750,205, 0
18751,228, 0
18752,237, 0
18753,237, 0
18754,237, 0
18755,247, 0
18756,265, 0
18757,274, 0
18758,258, 0
18759,228, 0
18760,199, 0
18761,192, 0
18762,183, 0
18763,183, 0
18764,163, 0
18765,128, 0
18766,121, 0
18767,163, 0
18768,185, 0
18769,218, 0
18770,244, 0
18771,282, 0
18772,287, 0
18773,253, 0
18774,183, 0
18775,101, 0
18776,12, 0
18777,2, 0
18778,3, 0
18779,0, 0
18780,3, 0
18781,38, 0
18782,46, 0
18783,27, 0
18784,5, 0
18785,0, 0
18786,12, 0
18787,4, 0
18788,8, 0
18789,53, 0
18790,62, 0
18791,22, 0
18792,0, 0
18793,2, 0
18794,24, 0
18795,70, 0
18796,115, 0
18797,138, 0
18798,139, 0
18799,139, 0
18800,148, 0
18801,149, 0
18802,133, 0
18803,95, 0
18804,89, 0
18805,115, 0
18806,101, 0
18807,85, 0
18808,51, 0
18809,8, 0
18810,0, 0
18811,0, 0
18812,0, 0
18813,60, 0
18814,139, 0
18815,245, 0
18816,315, 0
18817,368, 1
18818,375, 9
18819,368, 12
18820,331, 8
18821,287, 0
18822,241, 0
18823,197, 0
18824,168, 0
18825,142, 0
18826,101, 0
18827,61, 0
18828,27, 0
18829,12, 0
18830,10, 0
18831,55, 0
18832,121, 0
18833,171, 0
18834,205, 0
18835,223, 0
18836,235, 0
18837,176, 0
18838,147, 0
18839,104, 0
18840,63, 0
18841,76, 0
18842,89, 0
18843,104, 0
18844,115, 0
18845,136, 0
18846,123, 0
18847,119, 0
18848,96, 0
18849,59, 0
18850,25, 0
18851,37, 0
18852,34, 0
18853,19, 0
18854,3, 0
18855,0, 0
18856,13, 0
18857,47, 0
18858,88, 0
18859,107, 0
18860,128, 0
18861,111, 0
18862,123, 0
18863,140, 0
18864,169, 0
18865,183, 0
18866,155, 0
18867,97, 0
18868,10, 0
18869,79, 0
18870,208, 0
18871,312, 0
18872,403, 4
18873,488, 31
18874,545, 63
18875,514, 75
18876,457, 69
18877,468, 63
18878,464, 61
18879,460, 59
18880,442, 56
18881,426, 44
18882,403, 40
18883,364, 28
18884,305, 10
18885,231, 1
18886,140, 0
18887,72, 0
18888,100, 0
18889,121, 0
18890,132, 0
18891,139, 0
18892,173, 0
18893,229, 0
18894,238, 0
18895,216, 0
18896,189, 0
18897,168, 0
18898,163, 0
18899,170, 0
18900,173, 0
18901,92, 0
18902,10, 0
18903,4, 0
18904,0, 0
18905,20, 0
18906,75, 0
18907,122, 0
18908,106, 0
18909,89, 0
18910,28, 0
18911,0, 0
18912,0, 0
18913,0, 0
18914,12, 0
18915,58, 0
18916,70, 0
18917,51, 0
18918,30, 0
18919,2, 0
18920,6, 0
18921,6, 0
18922,3, 0
18923,68, 0
18924,115, 0
18925,168, 0
18926,242, 0
18927,325, 0
18928,380, 3
18929,414, 17
18930,427, 27
18931,411, 34
18932,391, 35
18933,347, 21
18934,286, 3
18935,214, 0
18936,166, 0
18937,148, 0
18938,148, 0
18939,156, 0
18940,204, 0
18941,237, 0
18942,244, 0
18943,246, 0
18944,258, 0
18945,283, 0
18946,298, 0
18947,277, 0
18948,234, 0
18949,252, 0
18950,290, 0
18951,340, 0
18952,354, 5
18953,339, 7
18954,315, 6
18955,262, 0
18956,216, 0
18957,208, 0
18958,232, 0
18959,220, 0
18960,210, 0
18961,192, 0
18962,145, 0
18963,70, 0
18964,3, 0
18965,50, 0
18966,73, 0
18967,74, 0
18968,45, 0
18969,24, 0
18970,0, 0
18971,2, 0
18972,21, 0
18973,44, 0
18974,46, 0
18975,51, 0
18976,69, 0
18977,92, 0
18978,103, 0
18979,75, 0
18980,19, 0
18981,2, 0
18982,22, 0
18983,6, 0
18984,23, 0
18985,109, 0
18986,214, 0
18987,305, 0
18988,340, 0
18989,305, 0
18990,292, 0
18991,254, 0
18992,223, 0
18993,204, 0
18994,207, 0
18995,231, 0
18996,253, 0
18997,275, 0
18998,257, 0
18999,237, 0
19000,180, 0
19001,163, 0
19002,131, 0
19003,119, 0
19004,122, 0
19005,126, 0
19006,152, 0
19007,183, 0
19008,177, 0
19009,139, 0
19010,92, 0
19011,40, 0
19012,25, 0
19013,37, 0
19014,76, 0
19015,116, 0
19016,131, 0
19017,132, 0
19018,112, 0
19019,86, 0
19020,56, 0
19021,7, 0
19022,4, 0
19023,27, 0
19024,19, 0
19025,5, 0
19026,0, 0
19027,0, 0
19028,0, 0
19029,5, 0
19030,0, 0
19031,0, 0
19032,50, 0
19033,104, 0
19034,108, 0
19035,57, 0
19036,27, 0
19037,25, 0
19038,4, 0
19039,0, 0
19040,24, 0
19041,56, 0
19042,41, 0
19043,12, 0
19044,9, 0
19045,68, 0
19046,126, 0
19047,163, 0
19048,206, 0
19049,238, 0
19050,248, 0
19051,256, 0
19052,230, 0
19053,223, 0
19054,234, 0
19055,272, 0
19056,291, 0
19057,317, 0
19058,304, 0
19059,290, 0
19060,262, 0
19061,237, 0
19062,188, 0
19063,105, 0
19064,13, 0
19065,36, 0
19066,73, 0
19067,68, 0
19068,12, 0
19069,35, 0
19070,133, 0
19071,218, 0
19072,287, 0
19073,337, 0
19074,368, 4
19075,372, 12
19076,337, 12
19077,292, 3
19078,251, 0
19079,232, 0
19080,224, 0
19081,245, 0
19082,263, 0
19083,280, 0
19084,282, 0
19085,245, 0
19086,224, 0
19087,190, 0
19088,180, 0
19089,182, 0
19090,164, 0
19091,128, 0
19092,110, 0
19093,92, 0
19094,99, 0
19095,102, 0
19096,80, 0
19097,54, 0
19098,29, 0
19099,9, 0
19100,0, 0
19101,0, 0
19102,0, 0
19103,0, 0
19104,22, 0
19105,102, 0
19106,180, 0
19107,211, 0
19108,226, 0
19109,226, 0
19110,202, 0
19111,167, 0
19112,127, 0
19113,102, 0
19114,84, 0
19115,93, 0
19116,144, 0
19117,193, 0
19118,232, 0
19119,237, 0
19120,237, 0
19121,208, 0
19122,184, 0
19123,177, 0
19124,167, 0
19125,149, 0
19126,118, 0
19127,110, 0
19128,119, 0
19129,159, 0
19130,165, 0
19131,131, 0
19132,105, 0
19133,112, 0
19134,156, 0
19135,201, 0
19136,248, 0
19137,267, 0
19138,253, 0
19139,195, 0
19140,129, 0
19141,73, 0
19142,42, 0
19143,54, 0
19144,65, 0
19145,45, 0
19146,7, 0
19147,0, 0
19148,10, 0
19149,1, 0
19150,13, 0
19151,96, 0
19152,149, 0
19153,196, 0
19154,214, 0
19155,222, 0
19156,191, 0
19157,125, 0
19158,46, 0
19159,5, 0
19160,0, 0
19161,3, 0
19162,0, 0
19163,0, 0
19164,0, 0
19165,0, 0
19166,28, 0
19167,59, 0
19168,71, 0
19169,106, 0
19170,151, 0
19171,189, 0
19172,172, 0
19173,110, 0
19174,15, 0
19175,31, 0
19176,50, 0
19177,26, 0
19178,2, 0
19179,70, 0
19180,120, 0
19181,160, 0
19182,172, 0
19183,143, 0
19184,112, 0
19185,108, 0
19186,141, 0
19187,197, 0
19188,253, 0
19189,349, 0
19190,430, 13
19191,481, 39
19192,512, 59
19193,502, 71
19194,475, 72
19195,410, 60
19196,322, 29
19197,234, 2
19198,152, 0
19199,101, 0
19200,64, 0
19201,51, 0
19202,36, 0
19203,52, 0
19204,72, 0
19205,87, 0
19206,102, 0
19207,141, 0
19208,177, 0
19209,229, 0
19210,262, 0
19211,257, 0
19212,214, 0
19213,127, 0
19214,48, 0
19215,1, 0
19216,0, 0
19217,0, 0
19218,3, 0
19219,58, 0
19220,120, 0
19221,136, 0
19222,106, 0
19223,74, 0
19224,38, 0
19225,20, 0
19226,34, 0
19227,69, 0
19228,118, 0
19229,156, 0
19230,180, 0
19231,165, 0
19232,176, 0
19233,137, 0
19234,103, 0
19235,85, 0
19236,86, 0
19237,124, 0
19238,181, 0
19239,236, 0
19240,268, 0
19241,244, 0
19242,196, 0
19243,134, 0
19244,83, 0
19245,59, 0
19246,63, 0
19247,83, 0
19248,117, 0
19249,145, 0
19250,160, 0
19251,170, 0
19252,133, 0
19253,100, 0
19254,107, 0
19255,167, 0
19256,235, 0
19257,310, 0
19258,332, 0
19259,329, 1
19260,300, 0
19261,244, 0
19262,171, 0
19263,92, 0
19264,36, 0
19265,19, 0
19266,34, 0
19267,57, 0
19268,58, 0
19269,34, 0
19270,1, 0
19271,3, 0
19272,14, 0
19273,5, 0
19274,0, 0
19275,13, 0
19276,37, 0
19277,6, 0
19278,11, 0
19279,83, 0
19280,144, 0
19281,183, 0
19282,187, 0
19283,176, 0
19284,137, 0
19285,59, 0
19286,20, 0
19287,169, 0
19288,326, 0
19289,403, 7
19290,452, 27
19291,442, 38
19292,402, 39
19293,367, 25
19294,313, 7
19295,262, 1
19296,235, 0
19297,226, 0
19298,266, 0
19299,279, 0
19300,261, 0
19301,239, 0
19302,223, 0
19303,239, 0
19304,270, 0
19305,302, 0
19306,333, 0
19307,334, 2
19308,331, 2
19309,324, 0
19310,321, 2
19311,300, 0
19312,263, 0
19313,202, 0
19314,136, 0
19315,138, 0
19316,168, 0
19317,238, 0
19318,312, 0
19319,359, 3
19320,367, 11
19321,330, 8
19322,263, 1
19323,232, 0
19324,218, 0
19325,176, 0
19326,152, 0
19327,152, 0
19328,154, 0
19329,150, 0
19330,105, 0
19331,39, 0
19332,7, 0
19333,0, 0
19334,0, 0
19335,7, 0
19336,0, 0
19337,11, 0
19338,42, 0
19339,51, 0
19340,51, 0
19341,51, 0
19342,38, 0
19343,10, 0
19344,1, 0
19345,3, 0
19346,20, 0
19347,32, 0
19348,50, 0
19349,38, 0
19350,6, 0
19351,0, 0
19352,27, 0
19353,73, 0
19354,101, 0
19355,113, 0
19356,133, 0
19357,150, 0
19358,176, 0
19359,197, 0
19360,200, 0
19361,214, 0
19362,196, 0
19363,163, 0
19364,152, 0
19365,139, 0
19366,138, 0
19367,131, 0
19368,120, 0
19369,116, 0
19370,120, 0
19371,137, 0
19372,170, 0
19373,191, 0
19374,169, 0
19375,153, 0
19376,136, 0
19377,131, 0
19378,106, 0
19379,89, 0
19380,76, 0
19381,69, 0
19382,71, 0
19383,81, 0
19384,92, 0
19385,86, 0
19386,83, 0
19387,76, 0
19388,76, 0
19389,81, 0
19390,70, 0
19391,55, 0
19392,31, 0
19393,22, 0
19394,23, 0
19395,4, 0
19396,0, 0
19397,0, 0
19398,6, 0
19399,0, 0
19400,7, 0
19401,23, 0
19402,38, 0
19403,51, 0
19404,46, 0
19405,45, 0
19406,55, 0
19407,60, 0
19408,71, 0
19409,91, 0
19410,103, 0
19411,115, 0
19412,118, 0
19413,127, 0
19414,151, 0
19415,164, 0
19416,159, 0
19417,169, 0
19418,161, 0
19419,184, 0
19420,204, 0
19421,211, 0
19422,230, 0
19423,206, 0
19424,212, 0
19425,208, 0
19426,195, 0
19427,192, 0
19428,202, 0
19429,215, 0
19430,222, 0
19431,230, 0
19432,244, 0
19433,234, 0
19434,233, 0
19435,189, 0
19436,150, 0
19437,163, 0
19438,165, 0
19439,201, 0
19440,201, 0
19441,215, 0
19442,202, 0
19443,193, 0
19444,169, 0
19445,130, 0
19446,96, 0
19447,95, 0
19448,99, 0
19449,115, 0
19450,108, 0
19451,115, 0
19452,111, 0
19453,99, 0
19454,111, 0
19455,100, 0
19456,95, 0
19457,90, 0
19458,106, 0
19459,123, 0
19460,123, 0
19461,109, 0
19462,75, 0
19463,48, 0
19464,29, 0
19465,29, 0
19466,24, 0
19467,11, 0
19468,6, 0
19469,10, 0
19470,47, 0
19471,103, 0
19472,132, 0
19473,133, 0
19474,109, 0
19475,107, 0
19476,95, 0
19477,89, 0
19478,91, 0
19479,104, 0
19480,128, 0
19481,151, 0
19482,164, 0
19483,170, 0
19484,159, 0
19485,155, 0
19486,152, 0
19487,154, 0
19488,164, 0
19489,214, 0
19490,276, 0
19491,328, 0
19492,352, 3
19493,342, 7
19494,321, 3
19495,294, 1
19496,276, 0
19497,241, 0
19498,237, 0
19499,244, 0
19500,200, 0
19501,168, 0
19502,135, 0
19503,108, 0
19504,81, 0
19505,39, 0
19506,4, 0
19507,6, 0
19508,57, 0
19509,106, 0
19510,128, 0
19511,129, 0
19512,121, 0
19513,123, 0
19514,126, 0
19515,153, 0
19516,169, 0
19517,158, 0
19518,141, 0
19519,125, 0
19520,119, 0
19521,95, 0
19522,84, 0
19523,74, 0
19524,39, 0
19525,29, 0
19526,14, 0
19527,0, 0
19528,8, 0
19529,0, 0
19530,12, 0
19531,79, 0
19532,152, 0
19533,176, 0
19534,156, 0
19535,135, 0
19536,102, 0
19537,96, 0
19538,97, 0
19539,99, 0
19540,102, 0
19541,109, 0
19542,122, 0
19543,135, 0
19544,150, 0
19545,164, 0
19546,170, 0
19547,200, 0
19548,223, 0
19549,246, 0
19550,272, 0
19551,290, 0
19552,300, 0
19553,296, 0
19554,272, 0
19555,241, 0
19556,223, 0
19557,196, 0
19558,127, 0
19559,133, 0
19560,109, 0
19561,100, 0
19562,111, 0
19563,134, 0
19564,154, 0
19565,189, 0
19566,207, 0
19567,191, 0
19568,167, 0
19569,112, 0
19570,59, 0
19571,8, 0
19572,2, 0
19573,22, 0
19574,45, 0
19575,46, 0
19576,10, 0
19577,6, 0
19578,56, 0
19579,111, 0
19580,169, 0
19581,171, 0
19582,164, 0
19583,139, 0
19584,102, 0
19585,75, 0
19586,59, 0
19587,55, 0
19588,51, 0
19589,52, 0
19590,61, 0
19591,79, 0
19592,129, 0
19593,186, 0
19594,196, 0
19595,186, 0
19596,186, 0
19597,189, 0
19598,212, 0
19599,228, 0
19600,241, 0
19601,244, 0
19602,239, 0
19603,220, 0
19604,199, 0
19605,183, 0
19606,154, 0
19607,133, 0
19608,134, 0
19609,158, 0
19610,197, 0
19611,233, 0
19612,248, 0
19613,254, 0
19614,264, 0
19615,248, 0
19616,244, 0
19617,237, 0
19618,200, 0
19619,156, 0
19620,133, 0
19621,102, 0
19622,80, 0
19623,83, 0
19624,101, 0
19625,121, 0
19626,149, 0
19627,148, 0
19628,131, 0
19629,87, 0
19630,38, 0
19631,17, 0
19632,0, 0
19633,0, 0
19634,6, 0
19635,52, 0
19636,110, 0
19637,170, 0
19638,204, 0
19639,198, 0
19640,176, 0
19641,158, 0
19642,134, 0
19643,113, 0
19644,93, 0
19645,56, 0
19646,14, 0
19647,1, 0
19648,1, 0
19649,2, 0
19650,0, 0
19651,6, 0
19652,53, 0
19653,117, 0
19654,193, 0
19655,214, 0
19656,223, 0
19657,214, 0
19658,224, 0
19659,215, 0
19660,229, 0
19661,236, 0
19662,224, 0
19663,213, 0
19664,197, 0
19665,181, 0
19666,172, 0
19667,154, 0
19668,141, 0
19669,149, 0
19670,145, 0
19671,144, 0
19672,155, 0
19673,149, 0
19674,137, 0
19675,132, 0
19676,133, 0
19677,149, 0
19678,130, 0
19679,84, 0
19680,70, 0
19681,63, 0
19682,64, 0
19683,62, 0
19684,70, 0
19685,86, 0
19686,102, 0
19687,117, 0
19688,123, 0
19689,141, 0
19690,144, 0
19691,163, 0
19692,202, 0
19693,244, 0
19694,255, 0
19695,244, 0
19696,201, 0
19697,164, 0
19698,150, 0
19699,121, 0
19700,89, 0
19701,67, 0
19702,51, 0
19703,52, 0
19704,62, 0
19705,60, 0
19706,55, 0
19707,67, 0
19708,45, 0
19709,51, 0
19710,48, 0
19711,47, 0
19712,45, 0
19713,59, 0
19714,100, 0
19715,135, 0
19716,160, 0
19717,169, 0
19718,171, 0
19719,145, 0
19720,133, 0
19721,104, 0
19722,85, 0
19723,92, 0
19724,122, 0
19725,159, 0
19726,196, 0
19727,226, 0
19728,219, 0
19729,204, 0
19730,200, 0
19731,196, 0
19732,192, 0
19733,191, 0
19734,196, 0
19735,199, 0
19736,203, 0
19737,204, 0
19738,201, 0
19739,188, 0
19740,152, 0
19741,139, 0
19742,136, 0
19743,135, 0
19744,141, 0
19745,150, 0
19746,152, 0
19747,159, 0
19748,159, 0
19749,152, 0
19750,135, 0
19751,127, 0
19752,105, 0
19753,90, 0
19754,83, 0
19755,83, 0
19756,78, 0
19757,83, 0
19758,67, 0
19759,74, 0
19760,69, 0
19761,55, 0
19762,44, 0
19763,42, 0
19764,43, 0
19765,43, 0
19766,46, 0
19767,32, 0
19768,20, 0
19769,9, 0
19770,1, 0
19771,0, 0
19772,8, 0
19773,23, 0
19774,52, 0
19775,86, 0
19776,100, 0
19777,103, 0
19778,92, 0
19779,88, 0
19780,77, 0
19781,84, 0
19782,91, 0
19783,108, 0
19784,130, 0
19785,154, 0
19786,179, 0
19787,219, 0
19788,262, 0
19789,274, 0
19790,282, 0
19791,260, 0
19792,226, 0
19793,217, 0
19794,202, 0
19795,206, 0
19796,213, 0
19797,230, 0
19798,234, 0
19799,242, 0
19800,210, 0
19801,165, 0
19802,130, 0
19803,142, 0
19804,154, 0
19805,168, 0
19806,187, 0
19807,201, 0
19808,211, 0
19809,206, 0
19810,181, 0
19811,142, 0
19812,106, 0
19813,80, 0
19814,86, 0
19815,95, 0
19816,116, 0
19817,123, 0
19818,121, 0
19819,125, 0
19820,127, 0
19821,111, 0
19822,81, 0
19823,46, 0
19824,34, 0
19825,38, 0
19826,44, 0
19827,55, 0
19828,67, 0
19829,51, 0
19830,25, 0
19831,4, 0
19832,0, 0
19833,1, 0
19834,0, 0
19835,4, 0
19836,48, 0
19837,93, 0
19838,124, 0
19839,135, 0
19840,126, 0
19841,117, 0
19842,108, 0
19843,112, 0
19844,110, 0
19845,111, 0
19846,115, 0
19847,123, 0
19848,139, 0
19849,170, 0
19850,198, 0
19851,229, 0
19852,241, 0
19853,238, 0
19854,248, 0
19855,239, 0
19856,240, 0
19857,251, 0
19858,263, 0
19859,261, 0
19860,262, 0
19861,227, 0
19862,189, 0
19863,161, 0
19864,152, 0
19865,149, 0
19866,154, 0
19867,157, 0
19868,151, 0
19869,144, 0
19870,136, 0
19871,139, 0
19872,137, 0
19873,133, 0
19874,120, 0
19875,105, 0
19876,99, 0
19877,87, 0
19878,73, 0
19879,47, 0
19880,27, 0
19881,32, 0
19882,40, 0
19883,51, 0
19884,43, 0
19885,64, 0
19886,67, 0
19887,73, 0
19888,77, 0
19889,90, 0
19890,70, 0
19891,80, 0
19892,67, 0
19893,50, 0
19894,42, 0
19895,40, 0
19896,50, 0
19897,91, 0
19898,99, 0
19899,104, 0
19900,102, 0
19901,106, 0
19902,115, 0
19903,133, 0
19904,152, 0
19905,159, 0
19906,174, 0
19907,184, 0
19908,181, 0
19909,183, 0
19910,179, 0
19911,159, 0
19912,170, 0
19913,176, 0
19914,183, 0
19915,191, 0
19916,211, 0
19917,216, 0
19918,210, 0
19919,214, 0
19920,207, 0
19921,219, 0
19922,202, 0
19923,169, 0
19924,170, 0
19925,163, 0
19926,153, 0
19927,139, 0
19928,137, 0
19929,132, 0
19930,134, 0
19931,133, 0
19932,132, 0
19933,96, 0
19934,79, 0
19935,57, 0
19936,32, 0
19937,45, 0
19938,52, 0
19939,62, 0
19940,76, 0
19941,106, 0
19942,115, 0
19943,122, 0
19944,89, 0
19945,72, 0
19946,48, 0
19947,39, 0
19948,38, 0
19949,43, 0
19950,37, 0
19951,34, 0
19952,47, 0
19953,51, 0
19954,47, 0
19955,65, 0
19956,83, 0
19957,100, 0
19958,137, 0
19959,150, 0
19960,149, 0
19961,143, 0
19962,134, 0
19963,125, 0
19964,143, 0
19965,145, 0
19966,147, 0
19967,158, 0
19968,173, 0
19969,184, 0
19970,200, 0
19971,212, 0
19972,202, 0
19973,211, 0
19974,212, 0
19975,205, 0
19976,204, 0
19977,217, 0
19978,219, 0
19979,214, 0
19980,220, 0
19981,214, 0
19982,216, 0
19983,183, 0
19984,140, 0
19985,116, 0
19986,119, 0
19987,127, 0
19988,133, 0
19989,151, 0
19990,160, 0
19991,176, 0
19992,179, 0
19993,171, 0
19994,156, 0
19995,135, 0
19996,121, 0
19997,115, 0
19998,110, 0
19999,95, 0
20000,95, 0
20001,81, 0
20002,74, 0
20003,74, 0
20004,70, 0
20005,54, 0
20006,41, 0
20007,50, 0
20008,43, 0
20009,46, 0
20010,44, 0
20011,48, 0
20012,31, 0
20013,40, 0
20014,31, 0
20015,11, 0
20016,9, 0
20017,13, 0
20018,47, 0
20019,85, 0
20020,113, 0
20021,119, 0
20022,132, 0
20023,143, 0
20024,165, 0
20025,190, 0
20026,204, 0
20027,204, 0
20028,213, 0
20029,214, 0
20030,219, 0
20031,223, 0
20032,226, 0
20033,207, 0
20034,213, 0
20035,214, 0
20036,214, 0
20037,220, 0
20038,220, 0
20039,220, 0
20040,226, 0
20041,232, 0
20042,238, 0
20043,238, 0
20044,203, 0
20045,148, 0
20046,119, 0
20047,108, 0
20048,112, 0
20049,115, 0
20050,127, 0
20051,111, 0
20052,101, 0
20053,92, 0
20054,81, 0
20055,59, 0
20056,70, 0
20057,80, 0
20058,121, 0
20059,115, 0
20060,113, 0
20061,142, 0
20062,139, 0
20063,127, 0
20064,127, 0
20065,107, 0
20066,83, 0
20067,60, 0
20068,57, 0
20069,57, 0
20070,59, 0
20071,61, 0
20072,44, 0
20073,46, 0
20074,39, 0
20075,37, 0
20076,22, 0
20077,22, 0
20078,28, 0
20079,50, 0
20080,96, 0
20081,115, 0
20082,125, 0
20083,121, 0
20084,131, 0
20085,121, 0
20086,139, 0
20087,148, 0
20088,142, 0
20089,148, 0
20090,159, 0
20091,171, 0
20092,191, 0
20093,206, 0
20094,190, 0
20095,196, 0
20096,208, 0
20097,204, 0
20098,195, 0
20099,218, 0
20100,216, 0
20101,215, 0
20102,218, 0
20103,224, 0
20104,238, 0
20105,210, 0
20106,184, 0
20107,165, 0
20108,169, 0
20109,158, 0
20110,171, 0
20111,170, 0
20112,170, 0
20113,174, 0
20114,173, 0
20115,154, 0
20116,152, 0
20117,133, 0
20118,131, 0
20119,121, 0
20120,101, 0
20121,90, 0
20122,95, 0
20123,90, 0
20124,91, 0
20125,80, 0
20126,71, 0
20127,51, 0
20128,50, 0
20129,45, 0
20130,51, 0
20131,57, 0
20132,51, 0
20133,47, 0
20134,48, 0
20135,50, 0
20136,23, 0
20137,9, 0
20138,7, 0
20139,6, 0
20140,34, 0
20141,87, 0
20142,115, 0
20143,119, 0
20144,129, 0
20145,136, 0
20146,139, 0
20147,152, 0
20148,155, 0
20149,157, 0
20150,165, 0
20151,176, 0
20152,182, 0
20153,196, 0
20154,206, 0
20155,204, 0
20156,217, 0
20157,214, 0
20158,230, 0
20159,218, 0
20160,226, 0
20161,215, 0
20162,212, 0
20163,208, 0
20164,205, 0
20165,208, 0
20166,176, 0
20167,145, 0
20168,151, 0
20169,147, 0
20170,159, 0
20171,163, 0
20172,184, 0
20173,182, 0
20174,181, 0
20175,165, 0
20176,150, 0
20177,135, 0
20178,121, 0
20179,108, 0
20180,108, 0
20181,84, 0
20182,83, 0
20183,84, 0
20184,86, 0
20185,74, 0
20186,83, 0
20187,76, 0
20188,63, 0
20189,54, 0
20190,52, 0
20191,54, 0
20192,53, 0
20193,48, 0
20194,37, 0
20195,24, 0
20196,20, 0
20197,27, 0
20198,0, 0
20199,1, 0
20200,6, 0
20201,37, 0
20202,85, 0
20203,107, 0
20204,115, 0
20205,122, 0
20206,143, 0
20207,126, 0
20208,151, 0
20209,159, 0
20210,167, 0
20211,180, 0
20212,185, 0
20213,185, 0
20214,204, 0
20215,202, 0
20216,203, 0
20217,210, 0
20218,211, 0
20219,219, 0
20220,222, 0
20221,221, 0
20222,191, 0
20223,220, 0
20224,220, 0
20225,228, 0
20226,220, 0
20227,190, 0
20228,152, 0
20229,136, 0
20230,152, 0
20231,150, 0
20232,163, 0
20233,177, 0
20234,186, 0
20235,182, 0
20236,180, 0
20237,165, 0
20238,143, 0
20239,131, 0
20240,118, 0
20241,119, 0
20242,110, 0
20243,95, 0
20244,80, 0
20245,70, 0
20246,73, 0
20247,73, 0
20248,62, 0
20249,39, 0
20250,31, 0
20251,37, 0
20252,31, 0
20253,44, 0
20254,34, 0
20255,28, 0
20256,23, 0
20257,34, 0
20258,6, 0
20259,0, 0
20260,2, 0
20261,5, 0
20262,50, 0
20263,86, 0
20264,106, 0
20265,115, 0
20266,124, 0
20267,135, 0
20268,139, 0
20269,153, 0
20270,142, 0
20271,166, 0
20272,165, 0
20273,166, 0
20274,174, 0
20275,189, 0
20276,198, 0
20277,200, 0
20278,214, 0
20279,230, 0
20280,223, 0
20281,223, 0
20282,238, 0
20283,239, 0
20284,241, 0
20285,240, 0
20286,244, 0
20287,236, 0
20288,197, 0
20289,153, 0
20290,137, 0
20291,141, 0
20292,145, 0
20293,173, 0
20294,198, 0
20295,214, 0
20296,224, 0
20297,212, 0
20298,180, 0
20299,158, 0
20300,137, 0
20301,124, 0
20302,118, 0
20303,111, 0
20304,92, 0
20305,92, 0
20306,92, 0
20307,93, 0
20308,94, 0
20309,78, 0
20310,59, 0
20311,46, 0
20312,44, 0
20313,38, 0
20314,42, 0
20315,29, 0
20316,23, 0
20317,21, 0
20318,13, 0
20319,0, 0
20320,0, 0
20321,0, 0
20322,0, 0
20323,21, 0
20324,70, 0
20325,83, 0
20326,90, 0
20327,105, 0
20328,115, 0
20329,126, 0
20330,143, 0
20331,138, 0
20332,156, 0
20333,171, 0
20334,180, 0
20335,187, 0
20336,208, 0
20337,202, 0
20338,219, 0
20339,213, 0
20340,215, 0
20341,204, 0
20342,220, 0
20343,222, 0
20344,214, 0
20345,224, 0
20346,222, 0
20347,226, 0
20348,228, 0
20349,188, 0
20350,156, 0
20351,166, 0
20352,164, 0
20353,164, 0
20354,175, 0
20355,187, 0
20356,182, 0
20357,187, 0
20358,176, 0
20359,169, 0
20360,145, 0
20361,133, 0
20362,134, 0
20363,102, 0
20364,107, 0
20365,90, 0
20366,85, 0
20367,76, 0
20368,76, 0
20369,73, 0
20370,50, 0
20371,39, 0
20372,26, 0
20373,35, 0
20374,44, 0
20375,26, 0
20376,45, 0
20377,23, 0
20378,25, 0
20379,13, 0
20380,0, 0
20381,0, 0
20382,0, 0
20383,0, 0
20384,36, 0
20385,85, 0
20386,96, 0
20387,107, 0
20388,123, 0
20389,132, 0
20390,156, 0
20391,157, 0
20392,153, 0
20393,164, 0
20394,176, 0
20395,169, 0
20396,174, 0
20397,188, 0
20398,196, 0
20399,206, 0
20400,220, 0
20401,229, 0
20402,232, 0
20403,236, 0
20404,224, 0
20405,223, 0
20406,233, 0
20407,220, 0
20408,227, 0
20409,223, 0
20410,189, 0
20411,159, 0
20412,159, 0
20413,158, 0
20414,159, 0
20415,173, 0
20416,187, 0
20417,188, 0
20418,191, 0
20419,183, 0
20420,168, 0
20421,154, 0
20422,152, 0
20423,138, 0
20424,137, 0
20425,109, 0
20426,96, 0
20427,92, 0
20428,83, 0
20429,75, 0
20430,77, 0
20431,58, 0
20432,44, 0
20433,31, 0
20434,35, 0
20435,41, 0
20436,44, 0
20437,42, 0
20438,34, 0
20439,31, 0
20440,20, 0
20441,5, 0
20442,0, 0
20443,1, 0
20444,6, 0
20445,56, 0
20446,87, 0
20447,103, 0
20448,110, 0
20449,121, 0
20450,134, 0
20451,145, 0
20452,152, 0
20453,153, 0
20454,156, 0
20455,165, 0
20456,183, 0
20457,185, 0
20458,204, 0
20459,202, 0
20460,203, 0
20461,211, 0
20462,205, 0
20463,230, 0
20464,212, 0
20465,218, 0
20466,213, 0
20467,223, 0
20468,220, 0
20469,213, 0
20470,218, 0
20471,183, 0
20472,155, 0
20473,153, 0
20474,153, 0
20475,161, 0
20476,172, 0
20477,183, 0
20478,183, 0
20479,180, 0
20480,175, 0
20481,163, 0
20482,152, 0
20483,135, 0
20484,123, 0
20485,121, 0
20486,116, 0
20487,100, 0
20488,92, 0
20489,86, 0
20490,87, 0
20491,83, 0
20492,62, 0
20493,42, 0
20494,39, 0
20495,45, 0
20496,51, 0
20497,46, 0
20498,42, 0
20499,40, 0
20500,38, 0
20501,25, 0
20502,6, 0
20503,1, 0
20504,6, 0
20505,22, 0
20506,65, 0
20507,97, 0
20508,102, 0
20509,115, 0
20510,126, 0
20511,125, 0
20512,140, 0
20513,145, 0
20514,135, 0
20515,151, 0
20516,163, 0
20517,164, 0
20518,183, 0
20519,188, 0
20520,186, 0
20521,201, 0
20522,196, 0
20523,202, 0
20524,204, 0
20525,188, 0
20526,203, 0
20527,206, 0
20528,212, 0
20529,206, 0
20530,212, 0
20531,199, 0
20532,160, 0
20533,154, 0
20534,135, 0
20535,148, 0
20536,152, 0
20537,158, 0
20538,173, 0
20539,171, 0
20540,159, 0
20541,163, 0
20542,151, 0
20543,137, 0
20544,127, 0
20545,127, 0
20546,121, 0
20547,117, 0
20548,102, 0
20549,104, 0
20550,92, 0
20551,96, 0
20552,91, 0
20553,75, 0
20554,59, 0
20555,63, 0
20556,64, 0
20557,81, 0
20558,72, 0
20559,61, 0
20560,51, 0
20561,44, 0
20562,31, 0
20563,12, 0
20564,6, 0
20565,17, 0
20566,29, 0
20567,83, 0
20568,108, 0
20569,112, 0
20570,115, 0
20571,119, 0
20572,121, 0
20573,132, 0
20574,142, 0
20575,141, 0
20576,152, 0
20577,153, 0
20578,161, 0
20579,167, 0
20580,183, 0
20581,183, 0
20582,183, 0
20583,183, 0
20584,183, 0
20585,192, 0
20586,190, 0
20587,189, 0
20588,189, 0
20589,188, 0
20590,186, 0
20591,198, 0
20592,183, 0
20593,154, 0
20594,121, 0
20595,138, 0
20596,133, 0
20597,133, 0
20598,155, 0
20599,161, 0
20600,170, 0
20601,173, 0
20602,170, 0
20603,152, 0
20604,143, 0
20605,132, 0
20606,128, 0
20607,116, 0
20608,115, 0
20609,106, 0
20610,92, 0
20611,97, 0
20612,101, 0
20613,100, 0
20614,85, 0
20615,73, 0
20616,83, 0
20617,83, 0
20618,97, 0
20619,97, 0
20620,94, 0
20621,92, 0
20622,88, 0
20623,91, 0
20624,54, 0
20625,48, 0
20626,41, 0
20627,46, 0
20628,97, 0
20629,125, 0
20630,129, 0
20631,132, 0
20632,133, 0
20633,122, 0
20634,142, 0
20635,145, 0
20636,139, 0
20637,152, 0
20638,139, 0
20639,172, 0
20640,158, 0
20641,163, 0
20642,160, 0
20643,160, 0
20644,164, 0
20645,171, 0
20646,169, 0
20647,172, 0
20648,175, 0
20649,171, 0
20650,173, 0
20651,173, 0
20652,176, 0
20653,156, 0
20654,121, 0
20655,108, 0
20656,101, 0
20657,107, 0
20658,115, 0
20659,135, 0
20660,140, 0
20661,152, 0
20662,145, 0
20663,153, 0
20664,145, 0
20665,135, 0
20666,127, 0
20667,133, 0
20668,127, 0
20669,111, 0
20670,112, 0
20671,105, 0
20672,103, 0
20673,115, 0
20674,117, 0
20675,104, 0
20676,91, 0
20677,101, 0
20678,105, 0
20679,103, 0
20680,102, 0
20681,100, 0
20682,97, 0
20683,92, 0
20684,87, 0
20685,54, 0
20686,63, 0
20687,60, 0
20688,75, 0
20689,112, 0
20690,134, 0
20691,137, 0
20692,133, 0
20693,120, 0
20694,136, 0
20695,134, 0
20696,142, 0
20697,145, 0
20698,168, 0
20699,157, 0
20700,189, 0
20701,181, 0
20702,188, 0
20703,187, 0
20704,171, 0
20705,171, 0
20706,160, 0
20707,159, 0
20708,159, 0
20709,159, 0
20710,158, 0
20711,167, 0
20712,152, 0
20713,156, 0
20714,141, 0
20715,100, 0
20716,84, 0
20717,102, 0
20718,101, 0
20719,118, 0
20720,134, 0
20721,152, 0
20722,160, 0
20723,159, 0
20724,152, 0
20725,144, 0
20726,136, 0
20727,124, 0
20728,125, 0
20729,118, 0
20730,115, 0
20731,116, 0
20732,105, 0
20733,108, 0
20734,116, 0
20735,125, 0
20736,97, 0
20737,102, 0
20738,93, 0
20739,115, 0
20740,130, 0
20741,110, 0
20742,126, 0
20743,111, 0
20744,96, 0
20745,79, 0
20746,60, 0
20747,55, 0
20748,51, 0
20749,69, 0
20750,109, 0
20751,129, 0
20752,137, 0
20753,128, 0
20754,133, 0
20755,128, 0
20756,143, 0
20757,149, 0
20758,145, 0
20759,153, 0
20760,159, 0
20761,164, 0
20762,168, 0
20763,172, 0
20764,159, 0
20765,159, 0
20766,158, 0
20767,153, 0
20768,159, 0
20769,159, 0
20770,154, 0
20771,159, 0
20772,159, 0
20773,164, 0
20774,176, 0
20775,159, 0
20776,130, 0
20777,133, 0
20778,136, 0
20779,135, 0
20780,150, 0
20781,153, 0
20782,158, 0
20783,160, 0
20784,159, 0
20785,160, 0
20786,141, 0
20787,125, 0
20788,117, 0
20789,116, 0
20790,113, 0
20791,108, 0
20792,103, 0
20793,102, 0
20794,102, 0
20795,94, 0
20796,83, 0
20797,67, 0
20798,53, 0
20799,48, 0
20800,57, 0
20801,70, 0
20802,106, 0
20803,111, 0
20804,126, 0
20805,130, 0
20806,109, 0
20807,87, 0
20808,89, 0
20809,95, 0
20810,127, 0
20811,183, 0
20812,208, 0
20813,205, 0
20814,187, 0
20815,165, 0
20816,172, 0
20817,157, 0
20818,155, 0
20819,160, 0
20820,149, 0
20821,145, 0
20822,137, 0
20823,139, 0
20824,127, 0
20825,104, 0
20826,104, 0
20827,109, 0
20828,113, 0
20829,127, 0
20830,151, 0
20831,160, 0
20832,176, 0
20833,192, 0
20834,207, 0
20835,208, 0
20836,184, 0
20837,143, 0
20838,133, 0
20839,106, 0
20840,104, 0
20841,108, 0
20842,120, 0
20843,120, 0
20844,127, 0
20845,133, 0
20846,131, 0
20847,133, 0
20848,117, 0
20849,113, 0
20850,106, 0
20851,105, 0
20852,115, 0
20853,131, 0
20854,109, 0
20855,138, 0
20856,156, 0
20857,158, 0
20858,149, 0
20859,139, 0
20860,137, 0
20861,122, 0
20862,132, 0
20863,121, 0
20864,108, 0
20865,95, 0
20866,89, 0
20867,73, 0
20868,54, 0
20869,43, 0
20870,36, 0
20871,44, 0
20872,74, 0
20873,78, 0
20874,76, 0
20875,70, 0
20876,83, 0
20877,92, 0
20878,109, 0
20879,118, 0
20880,132, 0
20881,140, 0
20882,159, 0
20883,165, 0
20884,191, 0
20885,201, 0
20886,202, 0
20887,202, 0
20888,206, 0
20889,202, 0
20890,214, 0
20891,204, 0
20892,176, 0
20893,159, 0
20894,136, 0
20895,122, 0
20896,121, 0
20897,83, 0
20898,60, 0
20899,72, 0
20900,77, 0
20901,101, 0
20902,144, 0
20903,183, 0
20904,189, 0
20905,193, 0
20906,175, 0
20907,159, 0
20908,143, 0
20909,135, 0
20910,140, 0
20911,159, 0
20912,179, 0
20913,191, 0
20914,217, 0
20915,237, 0
20916,243, 0
20917,263, 0
20918,254, 0
20919,238, 0
20920,241, 0
20921,270, 0
20922,264, 0
20923,232, 0
20924,159, 0
20925,108, 0
20926,57, 0
20927,30, 0
20928,25, 0
20929,0, 0
20930,0, 0
20931,0, 0
20932,4, 0
20933,52, 0
20934,91, 0
20935,120, 0
20936,135, 0
20937,142, 0
20938,145, 0
20939,163, 0
20940,133, 0
20941,120, 0
20942,107, 0
20943,91, 0
20944,86, 0
20945,81, 0
20946,81, 0
20947,81, 0
20948,99, 0
20949,97, 0
20950,102, 0
20951,108, 0
20952,102, 0
20953,95, 0
20954,78, 0
20955,89, 0
20956,76, 0
20957,63, 0
20958,21, 0
20959,0, 0
20960,0, 0
20961,7, 0
20962,4, 0
20963,48, 0
20964,97, 0
20965,144, 0
20966,185, 0
20967,214, 0
20968,241, 0
20969,238, 0
20970,226, 0
20971,213, 0
20972,211, 0
20973,202, 0
20974,204, 0
20975,216, 0
20976,212, 0
20977,210, 0
20978,230, 0
20979,231, 0
20980,218, 0
20981,233, 0
20982,246, 0
20983,257, 0
20984,253, 0
20985,237, 0
20986,213, 0
20987,188, 0
20988,153, 0
20989,93, 0
20990,23, 0
20991,0, 0
20992,27, 0
20993,41, 0
20994,3, 0
20995,1, 0
20996,13, 0
20997,35, 0
20998,68, 0
20999,96, 0
21000,108, 0
21001,103, 0
21002,99, 0
21003,107, 0
21004,94, 0
21005,92, 0
21006,89, 0
21007,62, 0
21008,26, 0
21009,9, 0
21010,2, 0
21011,12, 0
21012,40, 0
21013,68, 0
21014,93, 0
21015,132, 0
21016,161, 0
21017,196, 0
21018,230, 0
21019,220, 0
21020,205, 0
21021,191, 0
21022,179, 0
21023,164, 0
21024,164, 0
21025,185, 0
21026,187, 0
21027,201, 0
21028,204, 0
21029,205, 0
21030,197, 0
21031,188, 0
21032,183, 0
21033,207, 0
21034,237, 0
21035,248, 0
21036,266, 0
21037,270, 0
21038,269, 0
21039,286, 0
21040,257, 0
21041,215, 0
21042,180, 0
21043,152, 0
21044,129, 0
21045,108, 0
21046,89, 0
21047,57, 0
21048,43, 0
21049,10, 0
21050,0, 0
21051,0, 0
21052,0, 0
21053,0, 0
21054,0, 0
21055,8, 0
21056,25, 0
21057,38, 0
21058,46, 0
21059,63, 0
21060,84, 0
21061,94, 0
21062,106, 0
21063,104, 0
21064,122, 0
21065,128, 0
21066,125, 0
21067,139, 0
21068,145, 0
21069,157, 0
21070,183, 0
21071,199, 0
21072,212, 0
21073,214, 0
21074,212, 0
21075,212, 0
21076,199, 0
21077,185, 0
21078,183, 0
21079,167, 0
21080,118, 0
21081,69, 0
21082,44, 0
21083,24, 0
21084,32, 0
21085,58, 0
21086,83, 0
21087,106, 0
21088,126, 0
21089,133, 0
21090,139, 0
21091,141, 0
21092,134, 0
21093,133, 0
21094,133, 0
21095,122, 0
21096,129, 0
21097,128, 0
21098,133, 0
21099,134, 0
21100,130, 0
21101,101, 0
21102,103, 0
21103,90, 0
21104,102, 0
21105,116, 0
21106,135, 0
21107,140, 0
21108,156, 0
21109,160, 0
21110,138, 0
21111,101, 0
21112,62, 0
21113,47, 0
21114,42, 0
21115,90, 0
21116,144, 0
21117,188, 0
21118,224, 0
21119,257, 0
21120,305, 0
21121,355, 0
21122,377, 7
21123,330, 10
21124,296, 3
21125,223, 0
21126,144, 0
21127,73, 0
21128,42, 0
21129,24, 0
21130,21, 0
21131,19, 0
21132,24, 0
21133,41, 0
21134,79, 0
21135,118, 0
21136,131, 0
21137,112, 0
21138,102, 0
21139,72, 0
21140,58, 0
21141,37, 0
21142,17, 0
21143,21, 0
21144,35, 0
21145,54, 0
21146,81, 0
21147,89, 0
21148,115, 0
21149,159, 0
21150,202, 0
21151,232, 0
21152,249, 0
21153,247, 0
21154,240, 0
21155,226, 0
21156,230, 0
21157,240, 0
21158,253, 0
21159,229, 0
21160,244, 0
21161,221, 0
21162,176, 0
21163,169, 0
21164,171, 0
21165,204, 0
21166,207, 0
21167,212, 0
21168,222, 0
21169,208, 0
21170,201, 0
21171,159, 0
21172,127, 0
21173,94, 0
21174,72, 0
21175,46, 0
21176,50, 0
21177,44, 0
21178,21, 0
21179,0, 0
21180,0, 0
21181,0, 0
21182,0, 0
21183,8, 0
21184,3, 0
21185,20, 0
21186,44, 0
21187,60, 0
21188,64, 0
21189,78, 0
21190,88, 0
21191,95, 0
21192,103, 0
21193,104, 0
21194,106, 0
21195,108, 0
21196,95, 0
21197,94, 0
21198,74, 0
21199,75, 0
21200,95, 0
21201,108, 0
21202,86, 0
21203,63, 0
21204,60, 0
21205,86, 0
21206,112, 0
21207,166, 0
21208,212, 0
21209,260, 0
21210,263, 0
21211,271, 0
21212,257, 0
21213,226, 0
21214,202, 0
21215,161, 0
21216,140, 0
21217,119, 0
21218,105, 0
21219,80, 0
21220,78, 0
21221,76, 0
21222,90, 0
21223,83, 0
21224,60, 0
21225,76, 0
21226,77, 0
21227,85, 0
21228,91, 0
21229,104, 0
21230,109, 0
21231,122, 0
21232,115, 0
21233,92, 0
21234,89, 0
21235,83, 0
21236,108, 0
21237,161, 0
21238,189, 0
21239,184, 0
21240,170, 0
21241,137, 0
21242,127, 0
21243,132, 0
21244,151, 0
21245,144, 0
21246,142, 0
21247,126, 0
21248,127, 0
21249,115, 0
21250,115, 0
21251,139, 0
21252,145, 0
21253,142, 0
21254,118, 0
21255,84, 0
21256,73, 0
21257,89, 0
21258,128, 0
21259,167, 0
21260,204, 0
21261,232, 0
21262,235, 0
21263,219, 0
21264,235, 0
21265,292, 0
21266,342, 0
21267,389, 12
21268,447, 28
21269,462, 44
21270,488, 60
21271,494, 71
21272,473, 74
21273,402, 57
21274,302, 26
21275,187, 1
21276,111, 0
21277,40, 0
21278,0, 0
21279,7, 0
21280,45, 0
21281,65, 0
21282,56, 0
21283,31, 0
21284,7, 0
21285,0, 0
21286,6, 0
21287,40, 0
21288,68, 0
21289,74, 0
21290,70, 0
21291,57, 0
21292,37, 0
21293,19, 0
21294,2, 0
21295,0, 0
21296,6, 0
21297,23, 0
21298,75, 0
21299,106, 0
21300,109, 0
21301,107, 0
21302,108, 0
21303,119, 0
21304,118, 0
21305,134, 0
21306,106, 0
21307,96, 0
21308,95, 0
21309,90, 0
21310,102, 0
21311,125, 0
21312,148, 0
21313,176, 0
21314,222, 0
21315,255, 0
21316,272, 0
21317,282, 0
21318,270, 0
21319,276, 0
21320,261, 0
21321,257, 0
21322,252, 0
21323,216, 0
21324,148, 0
21325,97, 0
21326,64, 0
21327,26, 0
21328,0, 0
21329,11, 0
21330,10, 0
21331,20, 0
21332,25, 0
21333,29, 0
21334,13, 0
21335,8, 0
21336,22, 0
21337,58, 0
21338,102, 0
21339,124, 0
21340,134, 0
21341,127, 0
21342,122, 0
21343,138, 0
21344,145, 0
21345,161, 0
21346,158, 0
21347,175, 0
21348,196, 0
21349,227, 0
21350,238, 0
21351,220, 0
21352,188, 0
21353,135, 0
21354,84, 0
21355,12, 0
21356,3, 0
21357,29, 0
21358,34, 0
21359,8, 0
21360,7, 0
21361,57, 0
21362,107, 0
21363,160, 0
21364,201, 0
21365,220, 0
21366,221, 0
21367,220, 0
21368,232, 0
21369,230, 0
21370,207, 0
21371,190, 0
21372,190, 0
21373,217, 0
21374,251, 0
21375,264, 0
21376,284, 0
21377,300, 0
21378,305, 0
21379,310, 0
21380,311, 0
21381,296, 0
21382,263, 0
21383,216, 0
21384,154, 0
21385,80, 0
21386,65, 0
21387,73, 0
21388,83, 0
21389,88, 0
21390,80, 0
21391,87, 0
21392,83, 0
21393,80, 0
21394,79, 0
21395,90, 0
21396,108, 0
21397,132, 0
21398,143, 0
21399,134, 0
21400,121, 0
21401,96, 0
21402,76, 0
21403,42, 0
21404,53, 0
21405,51, 0
21406,27, 0
21407,41, 0
21408,68, 0
21409,105, 0
21410,128, 0
21411,141, 0
21412,134, 0
21413,112, 0
21414,81, 0
21415,50, 0
21416,8, 0
21417,0, 0
21418,0, 0
21419,6, 0
21420,64, 0
21421,107, 0
21422,115, 0
21423,115, 0
21424,108, 0
21425,123, 0
21426,140, 0
21427,170, 0
21428,159, 0
21429,189, 0
21430,202, 0
21431,217, 0
21432,243, 0
21433,270, 0
21434,272, 0
21435,271, 0
21436,264, 0
21437,257, 0
21438,244, 0
21439,234, 0
21440,220, 0
21441,206, 0
21442,170, 0
21443,149, 0
21444,107, 0
21445,71, 0
21446,38, 0
21447,51, 0
21448,78, 0
21449,107, 0
21450,130, 0
21451,159, 0
21452,186, 0
21453,204, 0
21454,224, 0
21455,223, 0
21456,245, 0
21457,258, 0
21458,280, 0
21459,286, 0
21460,278, 0
21461,215, 0
21462,127, 0
21463,14, 0
21464,38, 0
21465,79, 0
21466,102, 0
21467,116, 0
21468,108, 0
21469,90, 0
21470,81, 0
21471,69, 0
21472,39, 0
21473,2, 0
21474,0, 0
21475,3, 0
21476,0, 0
21477,13, 0
21478,72, 0
21479,137, 0
21480,196, 0
21481,244, 0
21482,258, 0
21483,247, 0
21484,224, 0
21485,226, 0
21486,247, 0
21487,259, 0
21488,247, 0
21489,218, 0
21490,174, 0
21491,131, 0
21492,115, 0
21493,106, 0
21494,120, 0
21495,96, 0
21496,52, 0
21497,22, 0
21498,0, 0
21499,0, 0
21500,11, 0
21501,47, 0
21502,109, 0
21503,163, 0
21504,244, 0
21505,300, 0
21506,293, 0
21507,258, 0
21508,257, 0
21509,255, 0
21510,248, 0
21511,244, 0
21512,261, 0
21513,284, 0
21514,309, 0
21515,342, 2
21516,319, 3
21517,280, 0
21518,238, 0
21519,205, 0
21520,176, 0
21521,158, 0
21522,157, 0
21523,197, 0
21524,207, 0
21525,229, 0
21526,210, 0
21527,155, 0
21528,70, 0
21529,2, 0
21530,38, 0
21531,93, 0
21532,122, 0
21533,132, 0
21534,128, 0
21535,103, 0
21536,81, 0
21537,67, 0
21538,59, 0
21539,36, 0
21540,5, 0
21541,5, 0
21542,57, 0
21543,134, 0
21544,229, 0
21545,313, 0
21546,391, 6
21547,457, 28
21548,495, 51
21549,488, 57
21550,480, 65
21551,445, 57
21552,394, 43
21553,357, 27
21554,326, 12
21555,282, 1
21556,251, 0
21557,249, 0
21558,253, 0
21559,220, 0
21560,190, 0
21561,145, 0
21562,121, 0
21563,72, 0
21564,86, 0
21565,68, 0
21566,47, 0
21567,20, 0
21568,1, 0
21569,8, 0
21570,38, 0
21571,76, 0
21572,116, 0
21573,145, 0
21574,153, 0
21575,131, 0
21576,120, 0
21577,111, 0
21578,103, 0
21579,100, 0
21580,58, 0
21581,37, 0
21582,17, 0
21583,7, 0
21584,23, 0
21585,55, 0
21586,102, 0
21587,147, 0
21588,167, 0
21589,139, 0
21590,107, 0
21591,70, 0
21592,59, 0
21593,39, 0
21594,27, 0
21595,21, 0
21596,27, 0
21597,35, 0
21598,56, 0
21599,86, 0
21600,105, 0
21601,108, 0
21602,121, 0
21603,147, 0
21604,152, 0
21605,159, 0
21606,159, 0
21607,176, 0
21608,196, 0
21609,205, 0
21610,163, 0
21611,115, 0
21612,83, 0
21613,72, 0
21614,106, 0
21615,153, 0
21616,199, 0
21617,239, 0
21618,264, 0
21619,287, 0
21620,304, 0
21621,305, 0
21622,277, 0
21623,253, 0
21624,219, 0
21625,189, 0
21626,180, 0
21627,155, 0
21628,111, 0
21629,78, 0
21630,52, 0
21631,28, 0
21632,3, 0
21633,0, 0
21634,6, 0
21635,1, 0
21636,0, 0
21637,13, 0
21638,52, 0
21639,47, 0
21640,50, 0
21641,76, 0
21642,102, 0
21643,117, 0
21644,117, 0
21645,89, 0
21646,41, 0
21647,3, 0
21648,4, 0
21649,35, 0
21650,27, 0
21651,0, 0
21652,42, 0
21653,67, 0
21654,51, 0
21655,14, 0
21656,0, 0
21657,15, 0
21658,53, 0
21659,92, 0
21660,128, 0
21661,139, 0
21662,161, 0
21663,197, 0
21664,222, 0
21665,218, 0
21666,220, 0
21667,223, 0
21668,236, 0
21669,263, 0
21670,269, 0
21671,252, 0
21672,220, 0
21673,186, 0
21674,164, 0
21675,167, 0
21676,196, 0
21677,232, 0
21678,264, 0
21679,283, 0
21680,263, 0
21681,206, 0
21682,135, 0
21683,70, 0
21684,38, 0
21685,53, 0
21686,102, 0
21687,164, 0
21688,200, 0
21689,207, 0
21690,218, 0
21691,233, 0
21692,248, 0
21693,256, 0
21694,253, 0
21695,249, 0
21696,220, 0
21697,172, 0
21698,102, 0
21699,48, 0
21700,1, 0
21701,0, 0
21702,5, 0
21703,0, 0
21704,0, 0
21705,13, 0
21706,13, 0
21707,2, 0
21708,0, 0
21709,18, 0
21710,67, 0
21711,141, 0
21712,129, 0
21713,126, 0
21714,131, 0
21715,135, 0
21716,129, 0
21717,121, 0
21718,104, 0
21719,79, 0
21720,69, 0
21721,55, 0
21722,31, 0
21723,17, 0
21724,24, 0
21725,36, 0
21726,41, 0
21727,39, 0
21728,31, 0
21729,70, 0
21730,134, 0
21731,202, 0
21732,268, 0
21733,326, 0
21734,369, 3
21735,379, 9
21736,368, 17
21737,330, 9
21738,275, 0
21739,220, 0
21740,204, 0
21741,202, 0
21742,232, 0
21743,242, 0
21744,218, 0
21745,183, 0
21746,143, 0
21747,130, 0
21748,128, 0
21749,133, 0
21750,115, 0
21751,115, 0
21752,155, 0
21753,173, 0
21754,161, 0
21755,145, 0
21756,164, 0
21757,223, 0
21758,301, 0
21759,394, 5
21760,438, 26
21761,420, 41
21762,380, 35
21763,331, 22
21764,306, 7
21765,280, 1
21766,237, 0
21767,183, 0
21768,106, 0
21769,57, 0
21770,20, 0
21771,0, 0
21772,6, 0
21773,37, 0
21774,72, 0
21775,71, 0
21776,21, 0
21777,3, 0
21778,34, 0
21779,70, 0
21780,55, 0
21781,46, 0
21782,25, 0
21783,13, 0
21784,18, 0
21785,35, 0
21786,93, 0
21787,148, 0
21788,215, 0
21789,204, 0
21790,208, 0
21791,170, 0
21792,131, 0
21793,93, 0
21794,63, 0
21795,70, 0
21796,89, 0
21797,112, 0
21798,145, 0
21799,180, 0
21800,207, 0
21801,253, 0
21802,290, 0
21803,314, 0
21804,313, 0
21805,283, 0
21806,240, 0
21807,191, 0
21808,149, 0
21809,112, 0
21810,80, 0
21811,38, 0
21812,25, 0
21813,32, 0
21814,44, 0
21815,51, 0
21816,70, 0
21817,81, 0
21818,95, 0
21819,78, 0
21820,52, 0
21821,4, 0
21822,0, 0
21823,2, 0
21824,1, 0
21825,0, 0
21826,17, 0
21827,77, 0
21828,99, 0
21829,88, 0
21830,95, 0
21831,133, 0
21832,152, 0
21833,159, 0
21834,145, 0
21835,121, 0
21836,120, 0
21837,102, 0
21838,96, 0
21839,115, 0
21840,151, 0
21841,183, 0
21842,148, 0
21843,68, 0
21844,2, 0
21845,0, 0
21846,17, 0
21847,79, 0
21848,136, 0
21849,183, 0
21850,157, 0
21851,121, 0
21852,55, 0
21853,24, 0
21854,55, 0
21855,159, 0
21856,280, 0
21857,379, 1
21858,406, 12
21859,361, 14
21860,282, 3
21861,214, 0
21862,192, 0
21863,208, 0
21864,257, 0
21865,278, 0
21866,268, 0
21867,236, 0
21868,207, 0
21869,168, 0
21870,165, 0
21871,147, 0
21872,83, 0
21873,7, 0
21874,0, 0
21875,0, 0
21876,0, 0
21877,18, 0
21878,36, 0
21879,59, 0
21880,61, 0
21881,59, 0
21882,47, 0
21883,42, 0
21884,18, 0
21885,11, 0
21886,13, 0
21887,29, 0
21888,83, 0
21889,145, 0
21890,202, 0
21891,204, 0
21892,173, 0
21893,104, 0
21894,54, 0
21895,38, 0
21896,59, 0
21897,76, 0
21898,59, 0
21899,40, 0
21900,51, 0
21901,121, 0
21902,222, 0
21903,302, 0
21904,274, 0
21905,201, 0
21906,110, 0
21907,25, 0
21908,0, 0
21909,2, 0
21910,3, 0
21911,48, 0
21912,92, 0
21913,90, 0
21914,65, 0
21915,34, 0
21916,0, 0
21917,27, 0
21918,106, 0
21919,132, 0
21920,93, 0
21921,19, 0
21922,35, 0
21923,124, 0
21924,196, 0
21925,237, 0
21926,231, 0
21927,203, 0
21928,195, 0
21929,203, 0
21930,217, 0
21931,216, 0
21932,197, 0
21933,167, 0
21934,172, 0
21935,223, 0
21936,264, 0
21937,278, 0
21938,245, 0
21939,214, 0
21940,201, 0
21941,192, 0
21942,235, 0
21943,227, 0
21944,255, 0
21945,294, 0
21946,319, 0
21947,363, 4
21948,369, 12
21949,307, 9
21950,213, 0
21951,177, 0
21952,198, 0
21953,212, 0
21954,189, 0
21955,169, 0
21956,164, 0
21957,158, 0
21958,155, 0
21959,117, 0
21960,54, 0
21961,4, 0
21962,4, 0
21963,36, 0
21964,88, 0
21965,135, 0
21966,147, 0
21967,122, 0
21968,7, 0
21969,92, 0
21970,192, 0
21971,309, 0
21972,381, 4
21973,463, 25
21974,504, 52
21975,533, 71
21976,537, 83
21977,483, 78
21978,453, 65
21979,385, 46
21980,338, 24
21981,315, 7
21982,310, 2
21983,322, 0
21984,318, 0
21985,321, 1
21986,300, 0
21987,302, 0
21988,268, 0
21989,251, 0
21990,233, 0
21991,212, 0
21992,198, 0
21993,192, 0
21994,165, 0
21995,139, 0
21996,125, 0
21997,134, 0
21998,134, 0
21999,147, 0
22000,197, 0
22001,223, 0
22002,241, 0
22003,220, 0
22004,212, 0
22005,183, 0
22006,150, 0
22007,129, 0
22008,87, 0
22009,41, 0
22010,7, 0
22011,0, 0
22012,2, 0
22013,2, 0
22014,0, 0
22015,0, 0
22016,0, 0
22017,0, 0
22018,1, 0
22019,3, 0
22020,0, 0
22021,0, 0
22022,0, 0
22023,0, 0
22024,1, 0
22025,19, 0
22026,46, 0
22027,70, 0
22028,55, 0
22029,34, 0
22030,35, 0
22031,21, 0
22032,26, 0
22033,3, 0
22034,11, 0
22035,56, 0
22036,73, 0
22037,94, 0
22038,106, 0
22039,101, 0
22040,73, 0
22041,45, 0
22042,31, 0
22043,37, 0
22044,52, 0
22045,88, 0
22046,143, 0
22047,202, 0
22048,236, 0
22049,238, 0
22050,231, 0
22051,218, 0
22052,205, 0
22053,217, 0
22054,216, 0
22055,191, 0
22056,188, 0
22057,202, 0
22058,222, 0
22059,243, 0
22060,251, 0
22061,247, 0
22062,233, 0
22063,204, 0
22064,156, 0
22065,108, 0
22066,85, 0
22067,76, 0
22068,85, 0
22069,77, 0
22070,67, 0
22071,53, 0
22072,19, 0
22073,0, 0
22074,0, 0
22075,20, 0
22076,69, 0
22077,93, 0
22078,95, 0
22079,70, 0
22080,10, 0
22081,19, 0
22082,85, 0
22083,154, 0
22084,201, 0
22085,227, 0
22086,228, 0
22087,202, 0
22088,155, 0
22089,152, 0
22090,164, 0
22091,189, 0
22092,183, 0
22093,189, 0
22094,183, 0
22095,176, 0
22096,140, 0
22097,78, 0
22098,22, 0
22099,8, 0
22100,48, 0
22101,130, 0
22102,221, 0
22103,315, 0
22104,381, 2
22105,437, 21
22106,436, 36
22107,413, 38
22108,379, 30
22109,336, 15
22110,300, 4
22111,256, 0
22112,251, 0
22113,252, 0
22114,296, 0
22115,274, 0
22116,207, 0
22117,145, 0
22118,85, 0
22119,57, 0
22120,56, 0
22121,70, 0
22122,91, 0
22123,73, 0
22124,31, 0
22125,15, 0
22126,21, 0
22127,9, 0
22128,42, 0
22129,102, 0
22130,155, 0
22131,164, 0
22132,150, 0
22133,75, 0
22134,6, 0
22135,24, 0
22136,100, 0
22137,164, 0
22138,204, 0
22139,232, 0
22140,249, 0
22141,239, 0
22142,231, 0
22143,180, 0
22144,119, 0
22145,39, 0
22146,6, 0
22147,69, 0
22148,113, 0
22149,144, 0
22150,192, 0
22151,270, 0
22152,348, 0
22153,373, 7
22154,362, 12
22155,338, 7
22156,322, 2
22157,294, 0
22158,257, 0
22159,237, 0
22160,309, 0
22161,420, 6
22162,487, 38
22163,499, 60
22164,517, 70
22165,549, 84
22166,573, 94
22167,530, 95
22168,410, 72
22169,248, 25
22170,96, 0
22171,30, 0
22172,25, 0
22173,5, 0
22174,2, 0
22175,43, 0
22176,105, 0
22177,122, 0
22178,52, 0
22179,29, 0
22180,176, 0
22181,283, 0
22182,329, 0
22183,337, 3
22184,304, 2
22185,266, 0
22186,200, 0
22187,156, 0
22188,94, 0
22189,34, 0
22190,14, 0
22191,53, 0
22192,139, 0
22193,182, 0
22194,141, 0
22195,76, 0
22196,12, 0
22197,1, 0
22198,6, 0
22199,0, 0
22200,38, 0
22201,106, 0
22202,204, 0
22203,269, 0
22204,326, 0
22205,336, 2
22206,325, 3
22207,295, 0
22208,299, 0
22209,282, 0
22210,290, 0
22211,300, 0
22212,323, 0
22213,355, 0
22214,334, 3
22215,300, 0
22216,281, 0
22217,257, 0
22218,223, 0
22219,221, 0
22220,233, 0
22221,236, 0
22222,236, 0
22223,197, 0
22224,125, 0
22225,44, 0
22226,4, 0
22227,48, 0
22228,93, 0
22229,70, 0
22230,44, 0
22231,34, 0
22232,25, 0
22233,3, 0
22234,17, 0
22235,88, 0
22236,150, 0
22237,185, 0
22238,224, 0
22239,287, 0
22240,323, 0
22241,338, 1
22242,309, 1
22243,281, 0
22244,257, 0
22245,254, 0
22246,245, 0
22247,244, 0
22248,233, 0
22249,184, 0
22250,124, 0
22251,57, 0
22252,3, 0
22253,0, 0
22254,0, 0
22255,0, 0
22256,41, 0
22257,141, 0
22258,231, 0
22259,285, 0
22260,280, 0
22261,259, 0
22262,220, 0
22263,161, 0
22264,107, 0
22265,102, 0
22266,131, 0
22267,157, 0
22268,157, 0
22269,136, 0
22270,109, 0
22271,102, 0
22272,127, 0
22273,133, 0
22274,159, 0
22275,127, 0
22276,119, 0
22277,93, 0
22278,68, 0
22279,61, 0
22280,75, 0
22281,104, 0
22282,119, 0
22283,126, 0
22284,139, 0
22285,142, 0
22286,140, 0
22287,126, 0
22288,102, 0
22289,71, 0
22290,57, 0
22291,60, 0
22292,74, 0
22293,51, 0
22294,12, 0
22295,0, 0
22296,4, 0
22297,12, 0
22298,30, 0
22299,25, 0
22300,1, 0
22301,40, 0
22302,85, 0
22303,85, 0
22304,35, 0
22305,0, 0
22306,5, 0
22307,38, 0
22308,47, 0
22309,57, 0
22310,26, 0
22311,3, 0
22312,56, 0
22313,107, 0
22314,136, 0
22315,145, 0
22316,119, 0
22317,99, 0
22318,83, 0
22319,44, 0
22320,26, 0
22321,14, 0
22322,8, 0
22323,0, 0
22324,0, 0
22325,0, 0
22326,0, 0
22327,0, 0
22328,0, 0
22329,0, 0
22330,12, 0
22331,23, 0
22332,44, 0
22333,52, 0
22334,85, 0
22335,112, 0
22336,144, 0
22337,159, 0
22338,170, 0
22339,173, 0
22340,183, 0
22341,196, 0
22342,247, 0
22343,278, 0
22344,298, 0
22345,296, 0
22346,277, 0
22347,248, 0
22348,232, 0
22349,226, 0
22350,245, 0
22351,266, 0
22352,265, 0
22353,244, 0
22354,230, 0
22355,202, 0
22356,185, 0
22357,183, 0
22358,207, 0
22359,203, 0
22360,189, 0
22361,171, 0
22362,151, 0
22363,141, 0
22364,155, 0
22365,196, 0
22366,222, 0
22367,238, 0
22368,226, 0
22369,196, 0
22370,154, 0
22371,102, 0
22372,59, 0
22373,44, 0
22374,28, 0
22375,32, 0
22376,59, 0
22377,83, 0
22378,107, 0
22379,138, 0
22380,125, 0
22381,101, 0
22382,73, 0
22383,45, 0
22384,6, 0
22385,0, 0
22386,0, 0
22387,4, 0
22388,53, 0
22389,116, 0
22390,156, 0
22391,170, 0
22392,152, 0
22393,128, 0
22394,108, 0
22395,132, 0
22396,145, 0
22397,158, 0
22398,169, 0
22399,183, 0
22400,202, 0
22401,223, 0
22402,244, 0
22403,251, 0
22404,249, 0
22405,248, 0
22406,244, 0
22407,238, 0
22408,248, 0
22409,255, 0
22410,256, 0
22411,252, 0
22412,231, 0
22413,220, 0
22414,198, 0
22415,191, 0
22416,183, 0
22417,165, 0
22418,161, 0
22419,152, 0
22420,113, 0
22421,84, 0
22422,102, 0
22423,131, 0
22424,183, 0
22425,214, 0
22426,244, 0
22427,248, 0
22428,238, 0
22429,208, 0
22430,179, 0
22431,141, 0
22432,117, 0
22433,127, 0
22434,154, 0
22435,168, 0
22436,177, 0
22437,175, 0
22438,156, 0
22439,139, 0
22440,134, 0
22441,107, 0
22442,103, 0
22443,77, 0
22444,63, 0
22445,55, 0
22446,47, 0
22447,30, 0
22448,37, 0
22449,0, 0
22450,8, 0
22451,40, 0
22452,70, 0
22453,83, 0
22454,80, 0
22455,28, 0
22456,11, 0
22457,85, 0
22458,136, 0
22459,152, 0
22460,158, 0
22461,182, 0
22462,202, 0
22463,210, 0
22464,193, 0
22465,160, 0
22466,157, 0
22467,192, 0
22468,251, 0
22469,277, 0
22470,253, 0
22471,214, 0
22472,206, 0
22473,197, 0
22474,206, 0
22475,217, 0
22476,241, 0
22477,283, 0
22478,317, 0
22479,330, 0
22480,325, 1
22481,230, 0
22482,133, 0
22483,70, 0
22484,32, 0
22485,23, 0
22486,21, 0
22487,27, 0
22488,52, 0
22489,106, 0
22490,177, 0
22491,234, 0
22492,281, 0
22493,276, 0
22494,242, 0
22495,214, 0
22496,182, 0
22497,164, 0
22498,142, 0
22499,133, 0
22500,121, 0
22501,99, 0
22502,70, 0
22503,18, 0
22504,3, 0
22505,44, 0
22506,55, 0
22507,57, 0
22508,36, 0
22509,4, 0
22510,0, 0
22511,0, 0
22512,0, 0
22513,3, 0
22514,0, 0
22515,0, 0
22516,0, 0
22517,23, 0
22518,51, 0
22519,75, 0
22520,92, 0
22521,106, 0
22522,128, 0
22523,165, 0
22524,212, 0
22525,267, 0
22526,292, 0
22527,298, 0
22528,308, 0
22529,314, 0
22530,318, 0
22531,295, 0
22532,266, 0
22533,208, 0
22534,123, 0
22535,20, 0
22536,41, 0
22537,108, 0
22538,93, 0
22539,15, 0
22540,112, 0
22541,268, 0
22542,361, 1
22543,409, 13
22544,414, 26
22545,352, 24
22546,286, 6
22547,222, 0
22548,211, 0
22549,241, 0
22550,263, 0
22551,234, 0
22552,183, 0
22553,153, 0
22554,110, 0
22555,93, 0
22556,75, 0
22557,44, 0
22558,36, 0
22559,47, 0
22560,83, 0
22561,117, 0
22562,145, 0
22563,149, 0
22564,150, 0
22565,137, 0
22566,136, 0
22567,136, 0
22568,137, 0
22569,130, 0
22570,113, 0
22571,73, 0
22572,31, 0
22573,3, 0
22574,0, 0
22575,0, 0
22576,1, 0
22577,45, 0
22578,108, 0
22579,137, 0
22580,136, 0
22581,126, 0
22582,124, 0
22583,137, 0
22584,172, 0
22585,211, 0
22586,244, 0
22587,293, 0
22588,317, 0
22589,325, 0
22590,307, 0
22591,278, 0
22592,226, 0
22593,211, 0
22594,189, 0
22595,169, 0
22596,152, 0
22597,167, 0
22598,167, 0
22599,158, 0
22600,149, 0
22601,139, 0
22602,131, 0
22603,63, 0
22604,17, 0
22605,0, 0
22606,0, 0
22607,2, 0
22608,0, 0
22609,42, 0
22610,63, 0
22611,93, 0
22612,90, 0
22613,126, 0
22614,150, 0
22615,158, 0
22616,155, 0
22617,152, 0
22618,149, 0
22619,145, 0
22620,136, 0
22621,145, 0
22622,185, 0
22623,247, 0
22624,290, 0
22625,325, 0
22626,326, 2
22627,307, 2
22628,293, 0
22629,267, 0
22630,193, 0
22631,136, 0
22632,78, 0
22633,44, 0
22634,7, 0
22635,2, 0
22636,19, 0
22637,59, 0
22638,127, 0
22639,152, 0
22640,138, 0
22641,104, 0
22642,81, 0
22643,87, 0
22644,118, 0
22645,135, 0
22646,136, 0
22647,124, 0
22648,111, 0
22649,127, 0
22650,136, 0
22651,167, 0
22652,201, 0
22653,202, 0
22654,183, 0
22655,128, 0
22656,88, 0
22657,74, 0
22658,117, 0
22659,129, 0
22660,170, 0
22661,191, 0
22662,217, 0
22663,216, 0
22664,179, 0
22665,132, 0
22666,121, 0
22667,124, 0
22668,131, 0
22669,139, 0
22670,129, 0
22671,110, 0
22672,122, 0
22673,112, 0
22674,107, 0
22675,88, 0
22676,60, 0
22677,46, 0
22678,27, 0
22679,9, 0
22680,4, 0
22681,0, 0
22682,0, 0
22683,0, 0
22684,6, 0
22685,31, 0
22686,51, 0
22687,76, 0
22688,90, 0
22689,95, 0
22690,92, 0
22691,85, 0
22692,94, 0
22693,90, 0
22694,97, 0
22695,94, 0
22696,111, 0
22697,123, 0
22698,135, 0
22699,160, 0
22700,184, 0
22701,179, 0
22702,167, 0
22703,139, 0
22704,117, 0
22705,89, 0
22706,87, 0
22707,80, 0
22708,102, 0
22709,133, 0
22710,151, 0
22711,173, 0
22712,196, 0
22713,175, 0
22714,176, 0
22715,198, 0
22716,214, 0
22717,226, 0
22718,221, 0
22719,198, 0
22720,165, 0
22721,113, 0
22722,74, 0
22723,65, 0
22724,71, 0
22725,60, 0
22726,64, 0
22727,72, 0
22728,119, 0
22729,155, 0
22730,200, 0
22731,221, 0
22732,215, 0
22733,226, 0
22734,215, 0
22735,187, 0
22736,171, 0
22737,142, 0
22738,115, 0
22739,92, 0
22740,87, 0
22741,89, 0
22742,107, 0
22743,127, 0
22744,140, 0
22745,148, 0
22746,141, 0
22747,120, 0
22748,116, 0
22749,119, 0
22750,125, 0
22751,127, 0
22752,129, 0
22753,102, 0
22754,75, 0
22755,28, 0
22756,2, 0
22757,0, 0
22758,0, 0
22759,4, 0
22760,56, 0
22761,101, 0
22762,118, 0
22763,101, 0
22764,107, 0
22765,115, 0
22766,127, 0
22767,135, 0
22768,137, 0
22769,138, 0
22770,127, 0
22771,140, 0
22772,145, 0
22773,175, 0
22774,169, 0
22775,156, 0
22776,164, 0
22777,168, 0
22778,182, 0
22779,196, 0
22780,196, 0
22781,183, 0
22782,165, 0
22783,176, 0
22784,180, 0
22785,180, 0
22786,155, 0
22787,154, 0
22788,169, 0
22789,189, 0
22790,191, 0
22791,195, 0
22792,176, 0
22793,154, 0
22794,133, 0
22795,131, 0
22796,138, 0
22797,152, 0
22798,160, 0
22799,164, 0
22800,152, 0
22801,129, 0
22802,128, 0
22803,110, 0
22804,94, 0
22805,94, 0
22806,76, 0
22807,36, 0
22808,12, 0
22809,5, 0
22810,12, 0
22811,11, 0
22812,13, 0
22813,11, 0
22814,1, 0
22815,0, 0
22816,8, 0
22817,44, 0
22818,44, 0
22819,8, 0
22820,5, 0
22821,92, 0
22822,164, 0
22823,196, 0
22824,158, 0
22825,138, 0
22826,137, 0
22827,147, 0
22828,180, 0
22829,207, 0
22830,228, 0
22831,230, 0
22832,233, 0
22833,258, 0
22834,253, 0
22835,251, 0
22836,215, 0
22837,196, 0
22838,161, 0
22839,156, 0
22840,159, 0
22841,180, 0
22842,207, 0
22843,239, 0
22844,267, 0
22845,285, 0
22846,277, 0
22847,244, 0
22848,236, 0
22849,253, 0
22850,267, 0
22851,270, 0
22852,245, 0
22853,213, 0
22854,211, 0
22855,172, 0
22856,164, 0
22857,153, 0
22858,149, 0
22859,140, 0
22860,135, 0
22861,108, 0
22862,77, 0
22863,57, 0
22864,31, 0
22865,19, 0
22866,23, 0
22867,25, 0
22868,5, 0
22869,6, 0
22870,15, 0
22871,27, 0
22872,39, 0
22873,50, 0
22874,50, 0
22875,48, 0
22876,36, 0
22877,18, 0
22878,1, 0
22879,0, 0
22880,0, 0
22881,7, 0
22882,51, 0
22883,85, 0
22884,108, 0
22885,113, 0
22886,124, 0
22887,112, 0
22888,95, 0
22889,86, 0
22890,90, 0
22891,105, 0
22892,138, 0
22893,184, 0
22894,199, 0
22895,207, 0
22896,208, 0
22897,208, 0
22898,226, 0
22899,252, 0
22900,270, 0
22901,265, 0
22902,257, 0
22903,240, 0
22904,252, 0
22905,259, 0
22906,271, 0
22907,252, 0
22908,204, 0
22909,160, 0
22910,135, 0
22911,150, 0
22912,175, 0
22913,205, 0
22914,220, 0
22915,202, 0
22916,187, 0
22917,151, 0
22918,96, 0
22919,74, 0
22920,38, 0
22921,29, 0
22922,24, 0
22923,38, 0
22924,63, 0
22925,89, 0
22926,124, 0
22927,158, 0
22928,176, 0
22929,176, 0
22930,171, 0
22931,159, 0
22932,134, 0
22933,104, 0
22934,68, 0
22935,22, 0
22936,0, 0
22937,0, 0
22938,3, 0
22939,25, 0
22940,37, 0
22941,45, 0
22942,9, 0
22943,10, 0
22944,76, 0
22945,133, 0
22946,201, 0
22947,246, 0
22948,263, 0
22949,255, 0
22950,231, 0
22951,197, 0
22952,158, 0
22953,145, 0
22954,155, 0
22955,158, 0
22956,176, 0
22957,206, 0
22958,228, 0
22959,247, 0
22960,252, 0
22961,256, 0
22962,246, 0
22963,238, 0
22964,207, 0
22965,171, 0
22966,138, 0
22967,116, 0
22968,96, 0
22969,92, 0
22970,103, 0
22971,138, 0
22972,174, 0
22973,210, 0
22974,254, 0
22975,284, 0
22976,276, 0
22977,257, 0
22978,233, 0
22979,199, 0
22980,165, 0
22981,125, 0
22982,100, 0
22983,75, 0
22984,89, 0
22985,87, 0
22986,100, 0
22987,119, 0
22988,138, 0
22989,129, 0
22990,102, 0
22991,75, 0
22992,57, 0
22993,51, 0
22994,12, 0
22995,2, 0
22996,0, 0
22997,0, 0
22998,0, 0
22999,0, 0
23000,0, 0
23001,6, 0
23002,41, 0
23003,62, 0
23004,121, 0
23005,145, 0
23006,147, 0
23007,139, 0
23008,125, 0
23009,124, 0
23010,127, 0
23011,133, 0
23012,140, 0
23013,152, 0
23014,183, 0
23015,187, 0
23016,214, 0
23017,255, 0
23018,245, 0
23019,256, 0
23020,257, 0
23021,242, 0
23022,229, 0
23023,226, 0
23024,210, 0
23025,223, 0
23026,217, 0
23027,204, 0
23028,218, 0
23029,201, 0
23030,158, 0
23031,133, 0
23032,132, 0
23033,159, 0
23034,184, 0
23035,222, 0
23036,241, 0
23037,231, 0
23038,211, 0
23039,186, 0
23040,155, 0
23041,136, 0
23042,121, 0
23043,97, 0
23044,71, 0
23045,50, 0
23046,36, 0
23047,31, 0
23048,32, 0
23049,51, 0
23050,65, 0
23051,51, 0
23052,39, 0
23053,55, 0
23054,36, 0
23055,34, 0
23056,29, 0
23057,25, 0
23058,32, 0
23059,23, 0
23060,9, 0
23061,0, 0
23062,0, 0
23063,0, 0
23064,3, 0
23065,46, 0
23066,85, 0
23067,104, 0
23068,121, 0
23069,132, 0
23070,137, 0
23071,147, 0
23072,152, 0
23073,150, 0
23074,163, 0
23075,190, 0
23076,206, 0
23077,212, 0
23078,218, 0
23079,202, 0
23080,195, 0
23081,206, 0
23082,220, 0
23083,245, 0
23084,260, 0
23085,265, 0
23086,272, 0
23087,276, 0
23088,276, 0
23089,279, 0
23090,252, 0
23091,206, 0
23092,176, 0
23093,170, 0
23094,167, 0
23095,148, 0
23096,138, 0
23097,104, 0
23098,77, 0
23099,77, 0
23100,80, 0
23101,95, 0
23102,119, 0
23103,140, 0
23104,160, 0
23105,159, 0
23106,145, 0
23107,138, 0
23108,119, 0
23109,101, 0
23110,94, 0
23111,75, 0
23112,41, 0
23113,21, 0
23114,24, 0
23115,39, 0
23116,45, 0
23117,51, 0
23118,46, 0
23119,25, 0
23120,2, 0
23121,0, 0
23122,1, 0
23123,0, 0
23124,14, 0
23125,6, 0
23126,64, 0
23127,96, 0
23128,118, 0
23129,119, 0
23130,124, 0
23131,119, 0
23132,123, 0
23133,123, 0
23134,112, 0
23135,118, 0
23136,133, 0
23137,145, 0
23138,159, 0
23139,184, 0
23140,196, 0
23141,227, 0
23142,239, 0
23143,277, 0
23144,306, 0
23145,301, 0
23146,285, 0
23147,271, 0
23148,257, 0
23149,247, 0
23150,244, 0
23151,201, 0
23152,154, 0
23153,127, 0
23154,115, 0
23155,107, 0
23156,127, 0
23157,154, 0
23158,176, 0
23159,197, 0
23160,204, 0
23161,196, 0
23162,166, 0
23163,139, 0
23164,130, 0
23165,128, 0
23166,133, 0
23167,116, 0
23168,119, 0
23169,92, 0
23170,76, 0
23171,62, 0
23172,47, 0
23173,22, 0
23174,15, 0
23175,19, 0
23176,34, 0
23177,45, 0
23178,57, 0
23179,45, 0
23180,37, 0
23181,30, 0
23182,15, 0
23183,8, 0
23184,15, 0
23185,25, 0
23186,51, 0
23187,97, 0
23188,118, 0
23189,126, 0
23190,134, 0
23191,143, 0
23192,148, 0
23193,155, 0
23194,159, 0
23195,152, 0
23196,158, 0
23197,173, 0
23198,171, 0
23199,196, 0
23200,196, 0
23201,185, 0
23202,176, 0
23203,184, 0
23204,179, 0
23205,183, 0
23206,203, 0
23207,211, 0
23208,220, 0
23209,216, 0
23210,214, 0
23211,231, 0
23212,190, 0
23213,158, 0
23214,154, 0
23215,167, 0
23216,156, 0
23217,144, 0
23218,129, 0
23219,116, 0
23220,133, 0
23221,135, 0
23222,130, 0
23223,122, 0
23224,131, 0
23225,143, 0
23226,155, 0
23227,153, 0
23228,139, 0
23229,118, 0
23230,96, 0
23231,77, 0
23232,78, 0
23233,59, 0
23234,34, 0
23235,24, 0
23236,31, 0
23237,36, 0
23238,36, 0
23239,38, 0
23240,37, 0
23241,40, 0
23242,27, 0
23243,6, 0
23244,0, 0
23245,0, 0
23246,9, 0
23247,26, 0
23248,83, 0
23249,115, 0
23250,118, 0
23251,118, 0
23252,128, 0
23253,121, 0
23254,137, 0
23255,149, 0
23256,149, 0
23257,158, 0
23258,176, 0
23259,183, 0
23260,204, 0
23261,219, 0
23262,223, 0
23263,223, 0
23264,237, 0
23265,226, 0
23266,236, 0
23267,229, 0
23268,228, 0
23269,223, 0
23270,220, 0
23271,224, 0
23272,227, 0
23273,200, 0
23274,175, 0
23275,168, 0
23276,175, 0
23277,177, 0
23278,182, 0
23279,189, 0
23280,184, 0
23281,173, 0
23282,182, 0
23283,157, 0
23284,150, 0
23285,139, 0
23286,121, 0
23287,108, 0
23288,96, 0
23289,85, 0
23290,70, 0
23291,57, 0
23292,75, 0
23293,75, 0
23294,72, 0
23295,61, 0
23296,52, 0
23297,50, 0
23298,44, 0
23299,31, 0
23300,15, 0
23301,6, 0
23302,0, 0
23303,0, 0
23304,0, 0
23305,0, 0
23306,1, 0
23307,21, 0
23308,44, 0
23309,84, 0
23310,95, 0
23311,100, 0
23312,105, 0
23313,93, 0
23314,95, 0
23315,110, 0
23316,121, 0
23317,131, 0
23318,151, 0
23319,180, 0
23320,191, 0
23321,223, 0
23322,246, 0
23323,252, 0
23324,249, 0
23325,239, 0
23326,235, 0
23327,235, 0
23328,232, 0
23329,235, 0
23330,220, 0
23331,207, 0
23332,204, 0
23333,202, 0
23334,170, 0
23335,148, 0
23336,131, 0
23337,147, 0
23338,150, 0
23339,159, 0
23340,167, 0
23341,182, 0
23342,172, 0
23343,165, 0
23344,150, 0
23345,133, 0
23346,118, 0
23347,102, 0
23348,95, 0
23349,90, 0
23350,80, 0
23351,62, 0
23352,61, 0
23353,76, 0
23354,60, 0
23355,60, 0
23356,32, 0
23357,24, 0
23358,22, 0
23359,22, 0
23360,24, 0
23361,32, 0
23362,30, 0
23363,20, 0
23364,12, 0
23365,0, 0
23366,0, 0
23367,0, 0
23368,0, 0
23369,24, 0
23370,59, 0
23371,78, 0
23372,91, 0
23373,110, 0
23374,110, 0
23375,133, 0
23376,145, 0
23377,155, 0
23378,158, 0
23379,179, 0
23380,183, 0
23381,196, 0
23382,207, 0
23383,217, 0
23384,222, 0
23385,253, 0
23386,236, 0
23387,231, 0
23388,241, 0
23389,244, 0
23390,249, 0
23391,243, 0
23392,240, 0
23393,226, 0
23394,232, 0
23395,208, 0
23396,183, 0
23397,173, 0
23398,177, 0
23399,176, 0
23400,187, 0
23401,201, 0
23402,206, 0
23403,201, 0
23404,188, 0
23405,177, 0
23406,159, 0
23407,145, 0
23408,132, 0
23409,130, 0
23410,115, 0
23411,108, 0
23412,88, 0
23413,76, 0
23414,70, 0
23415,67, 0
23416,65, 0
23417,51, 0
23418,36, 0
23419,31, 0
23420,35, 0
23421,37, 0
23422,36, 0
23423,26, 0
23424,11, 0
23425,19, 0
23426,0, 0
23427,0, 0
23428,0, 0
23429,4, 0
23430,37, 0
23431,89, 0
23432,103, 0
23433,110, 0
23434,120, 0
23435,136, 0
23436,132, 0
23437,127, 0
23438,152, 0
23439,158, 0
23440,172, 0
23441,184, 0
23442,191, 0
23443,214, 0
23444,214, 0
23445,214, 0
23446,219, 0
23447,221, 0
23448,228, 0
23449,237, 0
23450,240, 0
23451,238, 0
23452,239, 0
23453,246, 0
23454,229, 0
23455,239, 0
23456,212, 0
23457,182, 0
23458,174, 0
23459,182, 0
23460,176, 0
23461,189, 0
23462,191, 0
23463,204, 0
23464,204, 0
23465,196, 0
23466,183, 0
23467,163, 0
23468,139, 0
23469,131, 0
23470,116, 0
23471,106, 0
23472,97, 0
23473,74, 0
23474,64, 0
23475,57, 0
23476,53, 0
23477,38, 0
23478,25, 0
23479,21, 0
23480,22, 0
23481,23, 0
23482,27, 0
23483,26, 0
23484,20, 0
23485,17, 0
23486,9, 0
23487,1, 0
23488,0, 0
23489,3, 0
23490,12, 0
23491,54, 0
23492,89, 0
23493,121, 0
23494,111, 0
23495,125, 0
23496,127, 0
23497,143, 0
23498,152, 0
23499,157, 0
23500,165, 0
23501,174, 0
23502,195, 0
23503,204, 0
23504,239, 0
23505,244, 0
23506,232, 0
23507,244, 0
23508,249, 0
23509,245, 0
23510,249, 0
23511,253, 0
23512,257, 0
23513,247, 0
23514,242, 0
23515,232, 0
23516,223, 0
23517,166, 0
23518,157, 0
23519,152, 0
23520,161, 0
23521,161, 0
23522,184, 0
23523,196, 0
23524,207, 0
23525,193, 0
23526,190, 0
23527,169, 0
23528,152, 0
23529,139, 0
23530,127, 0
23531,119, 0
23532,101, 0
23533,89, 0
23534,67, 0
23535,69, 0
23536,75, 0
23537,70, 0
23538,65, 0
23539,42, 0
23540,34, 0
23541,42, 0
23542,44, 0
23543,35, 0
23544,37, 0
23545,37, 0
23546,18, 0
23547,19, 0
23548,3, 0
23549,12, 0
23550,0, 0
23551,5, 0
23552,45, 0
23553,89, 0
23554,117, 0
23555,108, 0
23556,115, 0
23557,115, 0
23558,134, 0
23559,141, 0
23560,144, 0
23561,145, 0
23562,158, 0
23563,168, 0
23564,185, 0
23565,201, 0
23566,205, 0
23567,214, 0
23568,223, 0
23569,224, 0
23570,218, 0
23571,234, 0
23572,238, 0
23573,230, 0
23574,237, 0
23575,240, 0
23576,235, 0
23577,218, 0
23578,173, 0
23579,164, 0
23580,159, 0
23581,164, 0
23582,174, 0
23583,181, 0
23584,195, 0
23585,192, 0
23586,189, 0
23587,187, 0
23588,165, 0
23589,152, 0
23590,139, 0
23591,139, 0
23592,135, 0
23593,134, 0
23594,118, 0
23595,95, 0
23596,88, 0
23597,71, 0
23598,74, 0
23599,53, 0
23600,31, 0
23601,18, 0
23602,14, 0
23603,15, 0
23604,14, 0
23605,21, 0
23606,28, 0
23607,31, 0
23608,30, 0
23609,8, 0
23610,0, 0
23611,2, 0
23612,13, 0
23613,57, 0
23614,100, 0
23615,118, 0
23616,115, 0
23617,123, 0
23618,129, 0
23619,139, 0
23620,148, 0
23621,151, 0
23622,153, 0
23623,159, 0
23624,170, 0
23625,191, 0
23626,185, 0
23627,200, 0
23628,200, 0
23629,207, 0
23630,204, 0
23631,210, 0
23632,215, 0
23633,214, 0
23634,207, 0
23635,219, 0
23636,223, 0
23637,223, 0
23638,218, 0
23639,164, 0
23640,159, 0
23641,161, 0
23642,170, 0
23643,172, 0
23644,186, 0
23645,185, 0
23646,189, 0
23647,180, 0
23648,172, 0
23649,156, 0
23650,142, 0
23651,127, 0
23652,119, 0
23653,102, 0
23654,115, 0
23655,96, 0
23656,85, 0
23657,76, 0
23658,73, 0
23659,73, 0
23660,53, 0
23661,44, 0
23662,32, 0
23663,43, 0
23664,43, 0
23665,40, 0
23666,40, 0
23667,32, 0
23668,24, 0
23669,12, 0
23670,4, 0
23671,0, 0
23672,0, 0
23673,9, 0
23674,50, 0
23675,92, 0
23676,99, 0
23677,106, 0
23678,118, 0
23679,118, 0
23680,121, 0
23681,133, 0
23682,138, 0
23683,139, 0
23684,152, 0
23685,156, 0
23686,166, 0
23687,183, 0
23688,189, 0
23689,174, 0
23690,210, 0
23691,213, 0
23692,205, 0
23693,211, 0
23694,217, 0
23695,206, 0
23696,216, 0
23697,221, 0
23698,218, 0
23699,224, 0
23700,183, 0
23701,148, 0
23702,140, 0
23703,157, 0
23704,155, 0
23705,176, 0
23706,169, 0
23707,183, 0
23708,176, 0
23709,165, 0
23710,141, 0
23711,122, 0
23712,127, 0
23713,121, 0
23714,113, 0
23715,102, 0
23716,102, 0
23717,96, 0
23718,99, 0
23719,109, 0
23720,90, 0
23721,76, 0
23722,69, 0
23723,61, 0
23724,55, 0
23725,51, 0
23726,48, 0
23727,53, 0
23728,43, 0
23729,39, 0
23730,29, 0
23731,6, 0
23732,1, 0
23733,2, 0
23734,6, 0
23735,48, 0
23736,83, 0
23737,92, 0
23738,76, 0
23739,83, 0
23740,99, 0
23741,115, 0
23742,129, 0
23743,140, 0
23744,156, 0
23745,170, 0
23746,188, 0
23747,202, 0
23748,217, 0
23749,217, 0
23750,231, 0
23751,230, 0
23752,215, 0
23753,213, 0
23754,204, 0
23755,216, 0
23756,206, 0
23757,214, 0
23758,212, 0
23759,208, 0
23760,190, 0
23761,158, 0
23762,139, 0
23763,139, 0
23764,150, 0
23765,161, 0
23766,176, 0
23767,183, 0
23768,190, 0
23769,182, 0
23770,182, 0
23771,151, 0
23772,149, 0
23773,136, 0
23774,129, 0
23775,122, 0
23776,110, 0
23777,104, 0
23778,92, 0
23779,92, 0
23780,88, 0
23781,86, 0
23782,71, 0
23783,55, 0
23784,47, 0
23785,60, 0
23786,68, 0
23787,63, 0
23788,54, 0
23789,52, 0
23790,43, 0
23791,28, 0
23792,8, 0
23793,4, 0
23794,9, 0
23795,26, 0
23796,75, 0
23797,101, 0
23798,112, 0
23799,116, 0
23800,124, 0
23801,127, 0
23802,139, 0
23803,142, 0
23804,144, 0
23805,147, 0
23806,150, 0
23807,159, 0
23808,165, 0
23809,185, 0
23810,181, 0
23811,183, 0
23812,199, 0
23813,184, 0
23814,189, 0
23815,191, 0
23816,195, 0
23817,189, 0
23818,196, 0
23819,199, 0
23820,199, 0
23821,160, 0
23822,138, 0
23823,126, 0
23824,127, 0
23825,133, 0
23826,138, 0
23827,155, 0
23828,152, 0
23829,169, 0
23830,165, 0
23831,142, 0
23832,138, 0
23833,130, 0
23834,129, 0
23835,130, 0
23836,133, 0
23837,128, 0
23838,121, 0
23839,104, 0
23840,104, 0
23841,110, 0
23842,102, 0
23843,92, 0
23844,84, 0
23845,86, 0
23846,93, 0
23847,90, 0
23848,86, 0
23849,87, 0
23850,77, 0
23851,73, 0
23852,60, 0
23853,40, 0
23854,31, 0
23855,37, 0
23856,50, 0
23857,95, 0
23858,133, 0
23859,126, 0
23860,127, 0
23861,131, 0
23862,133, 0
23863,139, 0
23864,151, 0
23865,142, 0
23866,149, 0
23867,151, 0
23868,154, 0
23869,158, 0
23870,161, 0
23871,155, 0
23872,147, 0
23873,156, 0
23874,147, 0
23875,154, 0
23876,160, 0
23877,166, 0
23878,179, 0
23879,186, 0
23880,197, 0
23881,204, 0
23882,191, 0
23883,142, 0
23884,140, 0
23885,141, 0
23886,151, 0
23887,167, 0
23888,189, 0
23889,196, 0
23890,207, 0
23891,204, 0
23892,204, 0
23893,184, 0
23894,157, 0
23895,145, 0
23896,131, 0
23897,113, 0
23898,93, 0
23899,72, 0
23900,51, 0
23901,45, 0
23902,45, 0
23903,64, 0
23904,55, 0
23905,59, 0
23906,73, 0
23907,70, 0
23908,77, 0
23909,78, 0
23910,89, 0
23911,95, 0
23912,96, 0
23913,89, 0
23914,79, 0
23915,60, 0
23916,58, 0
23917,63, 0
23918,115, 0
23919,128, 0
23920,139, 0
23921,132, 0
23922,144, 0
23923,145, 0
23924,158, 0
23925,153, 0
23926,142, 0
23927,151, 0
23928,139, 0
23929,134, 0
23930,133, 0
23931,129, 0
23932,110, 0
23933,95, 0
23934,113, 0
23935,108, 0
23936,115, 0
23937,145, 0
23938,151, 0
23939,181, 0
23940,193, 0
23941,207, 0
23942,215, 0
23943,196, 0
23944,160, 0
23945,152, 0
23946,157, 0
23947,155, 0
23948,167, 0
23949,164, 0
23950,183, 0
23951,191, 0
23952,193, 0
23953,185, 0
23954,165, 0
23955,155, 0
23956,143, 0
23957,152, 0
23958,137, 0
23959,124, 0
23960,125, 0
23961,113, 0
23962,121, 0
23963,128, 0
23964,120, 0
23965,110, 0
23966,95, 0
23967,109, 0
23968,119, 0
23969,108, 0
23970,93, 0
23971,79, 0
23972,70, 0
23973,69, 0
23974,63, 0
23975,53, 0
23976,63, 0
23977,63, 0
23978,75, 0
23979,117, 0
23980,129, 0
23981,126, 0
23982,123, 0
23983,126, 0
23984,127, 0
23985,132, 0
23986,127, 0
23987,127, 0
23988,136, 0
23989,143, 0
23990,140, 0
23991,151, 0
23992,160, 0
23993,164, 0
23994,170, 0
23995,166, 0
23996,170, 0
23997,167, 0
23998,165, 0
23999,158, 0
24000,160, 0
24001,159, 0
24002,160, 0
24003,160, 0
24004,139, 0
24005,103, 0
24006,96, 0
24007,102, 0
24008,103, 0
24009,125, 0
24010,139, 0
24011,151, 0
24012,158, 0
24013,152, 0
24014,149, 0
24015,131, 0
24016,132, 0
24017,127, 0
24018,122, 0
24019,121, 0
24020,115, 0
24021,118, 0
24022,115, 0
24023,123, 0
24024,124, 0
24025,127, 0
24026,120, 0
24027,109, 0
24028,117, 0
24029,124, 0
24030,122, 0
24031,121, 0
24032,109, 0
24033,104, 0
24034,102, 0
24035,78, 0
24036,58, 0
24037,56, 0
24038,70, 0
24039,89, 0
24040,134, 0
24041,152, 0
24042,145, 0
24043,138, 0
24044,145, 0
24045,144, 0
24046,148, 0
24047,148, 0
24048,142, 0
24049,145, 0
24050,149, 0
24051,155, 0
24052,159, 0
24053,161, 0
24054,155, 0
24055,141, 0
24056,157, 0
24057,153, 0
24058,138, 0
24059,150, 0
24060,148, 0
24061,160, 0
24062,142, 0
24063,155, 0
24064,166, 0
24065,131, 0
24066,96, 0
24067,94, 0
24068,95, 0
24069,99, 0
24070,121, 0
24071,129, 0
24072,123, 0
24073,127, 0
24074,116, 0
24075,109, 0
24076,108, 0
24077,106, 0
24078,123, 0
24079,152, 0
24080,166, 0
24081,175, 0
24082,173, 0
24083,154, 0
24084,149, 0
24085,131, 0
24086,134, 0
24087,120, 0
24088,113, 0
24089,123, 0
24090,126, 0
24091,129, 0
24092,127, 0
24093,125, 0
24094,121, 0
24095,110, 0
24096,94, 0
24097,71, 0
24098,68, 0
24099,61, 0
24100,79, 0
24101,126, 0
24102,145, 0
24103,152, 0
24104,157, 0
24105,175, 0
24106,185, 0
24107,184, 0
24108,174, 0
24109,152, 0
24110,135, 0
24111,134, 0
24112,130, 0
24113,130, 0
24114,139, 0
24115,124, 0
24116,131, 0
24117,127, 0
24118,123, 0
24119,127, 0
24120,130, 0
24121,132, 0
24122,139, 0
24123,149, 0
24124,159, 0
24125,169, 0
24126,151, 0
24127,127, 0
24128,117, 0
24129,127, 0
24130,127, 0
24131,141, 0
24132,159, 0
24133,160, 0
24134,171, 0
24135,158, 0
24136,151, 0
24137,152, 0
24138,127, 0
24139,132, 0
24140,138, 0
24141,132, 0
24142,149, 0
24143,145, 0
24144,136, 0
24145,139, 0
24146,139, 0
24147,127, 0
24148,105, 0
24149,102, 0
24150,108, 0
24151,109, 0
24152,118, 0
24153,111, 0
24154,117, 0
24155,118, 0
24156,118, 0
24157,89, 0
24158,74, 0
24159,93, 0
24160,83, 0
24161,110, 0
24162,157, 0
24163,172, 0
24164,164, 0
24165,164, 0
24166,161, 0
24167,161, 0
24168,168, 0
24169,170, 0
24170,169, 0
24171,176, 0
24172,172, 0
24173,167, 0
24174,171, 0
24175,158, 0
24176,145, 0
24177,127, 0
24178,110, 0
24179,88, 0
24180,96, 0
24181,102, 0
24182,115, 0
24183,138, 0
24184,153, 0
24185,158, 0
24186,161, 0
24187,121, 0
24188,91, 0
24189,71, 0
24190,89, 0
24191,76, 0
24192,86, 0
24193,95, 0
24194,97, 0
24195,115, 0
24196,121, 0
24197,112, 0
24198,126, 0
24199,125, 0
24200,132, 0
24201,138, 0
24202,149, 0
24203,158, 0
24204,156, 0
24205,143, 0
24206,132, 0
24207,119, 0
24208,100, 0
24209,85, 0
24210,87, 0
24211,99, 0
24212,102, 0
24213,108, 0
24214,99, 0
24215,89, 0
24216,95, 0
24217,92, 0
24218,70, 0
24219,63, 0
24220,76, 0
24221,77, 0
24222,102, 0
24223,142, 0
24224,134, 0
24225,136, 0
24226,130, 0
24227,127, 0
24228,129, 0
24229,130, 0
24230,129, 0
24231,113, 0
24232,97, 0
24233,90, 0
24234,89, 0
24235,89, 0
24236,106, 0
24237,137, 0
24238,131, 0
24239,150, 0
24240,176, 0
24241,204, 0
24242,224, 0
24243,217, 0
24244,216, 0
24245,210, 0
24246,192, 0
24247,174, 0
24248,123, 0
24249,91, 0
24250,91, 0
24251,108, 0
24252,127, 0
24253,165, 0
24254,193, 0
24255,240, 0
24256,233, 0
24257,207, 0
24258,173, 0
24259,131, 0
24260,118, 0
24261,103, 0
24262,120, 0
24263,132, 0
24264,145, 0
24265,145, 0
24266,157, 0
24267,147, 0
24268,151, 0
24269,139, 0
24270,118, 0
24271,96, 0
24272,89, 0
24273,68, 0
24274,52, 0
24275,38, 0
24276,31, 0
24277,27, 0
24278,18, 0
24279,8, 0
24280,6, 0
24281,9, 0
24282,13, 0
24283,65, 0
24284,138, 0
24285,163, 0
24286,176, 0
24287,193, 0
24288,183, 0
24289,181, 0
24290,175, 0
24291,156, 0
24292,131, 0
24293,120, 0
24294,119, 0
24295,112, 0
24296,120, 0
24297,129, 0
24298,124, 0
24299,150, 0
24300,153, 0
24301,176, 0
24302,191, 0
24303,185, 0
24304,177, 0
24305,159, 0
24306,132, 0
24307,118, 0
24308,73, 0
24309,22, 0
24310,0, 0
24311,19, 0
24312,34, 0
24313,60, 0
24314,86, 0
24315,124, 0
24316,150, 0
24317,182, 0
24318,201, 0
24319,223, 0
24320,219, 0
24321,230, 0
24322,223, 0
24323,226, 0
24324,206, 0
24325,196, 0
24326,176, 0
24327,152, 0
24328,139, 0
24329,133, 0
24330,118, 0
24331,110, 0
24332,134, 0
24333,127, 0
24334,136, 0
24335,153, 0
24336,158, 0
24337,156, 0
24338,142, 0
24339,133, 0
24340,111, 0
24341,96, 0
24342,106, 0
24343,113, 0
24344,152, 0
24345,176, 0
24346,160, 0
24347,148, 0
24348,147, 0
24349,154, 0
24350,159, 0
24351,161, 0
24352,149, 0
24353,131, 0
24354,115, 0
24355,101, 0
24356,103, 0
24357,121, 0
24358,137, 0
24359,145, 0
24360,158, 0
24361,152, 0
24362,144, 0
24363,131, 0
24364,105, 0
24365,86, 0
24366,70, 0
24367,69, 0
24368,77, 0
24369,95, 0
24370,72, 0
24371,96, 0
24372,133, 0
24373,163, 0
24374,182, 0
24375,193, 0
24376,177, 0
24377,158, 0
24378,124, 0
24379,97, 0
24380,87, 0
24381,74, 0
24382,75, 0
24383,83, 0
24384,108, 0
24385,130, 0
24386,148, 0
24387,165, 0
24388,169, 0
24389,160, 0
24390,157, 0
24391,133, 0
24392,121, 0
24393,152, 0
24394,144, 0
24395,149, 0
24396,145, 0
24397,136, 0
24398,121, 0
24399,125, 0
24400,110, 0
24401,78, 0
24402,51, 0
24403,30, 0
24404,23, 0
24405,56, 0
24406,89, 0
24407,102, 0
24408,105, 0
24409,108, 0
24410,129, 0
24411,159, 0
24412,183, 0
24413,183, 0
24414,187, 0
24415,196, 0
24416,184, 0
24417,161, 0
24418,135, 0
24419,99, 0
24420,70, 0
24421,60, 0
24422,68, 0
24423,90, 0
24424,108, 0
24425,121, 0
24426,111, 0
24427,108, 0
24428,111, 0
24429,109, 0
24430,121, 0
24431,88, 0
24432,71, 0
24433,81, 0
24434,92, 0
24435,108, 0
24436,150, 0
24437,185, 0
24438,193, 0
24439,201, 0
24440,201, 0
24441,196, 0
24442,207, 0
24443,200, 0
24444,189, 0
24445,187, 0
24446,157, 0
24447,137, 0
24448,118, 0
24449,103, 0
24450,102, 0
24451,97, 0
24452,83, 0
24453,75, 0
24454,71, 0
24455,76, 0
24456,60, 0
24457,67, 0
24458,80, 0
24459,79, 0
24460,94, 0
24461,96, 0
24462,99, 0
24463,118, 0
24464,126, 0
24465,152, 0
24466,197, 0
24467,214, 0
24468,205, 0
24469,204, 0
24470,201, 0
24471,222, 0
24472,249, 0
24473,254, 0
24474,215, 0
24475,167, 0
24476,130, 0
24477,111, 0
24478,83, 0
24479,84, 0
24480,80, 0
24481,76, 0
24482,96, 0
24483,103, 0
24484,127, 0
24485,134, 0
24486,145, 0
24487,105, 0
24488,89, 0
24489,78, 0
24490,78, 0
24491,83, 0
24492,43, 0
24493,34, 0
24494,31, 0
24495,52, 0
24496,79, 0
24497,134, 0
24498,172, 0
24499,198, 0
24500,202, 0
24501,183, 0
24502,152, 0
24503,145, 0
24504,181, 0
24505,214, 0
24506,244, 0
24507,232, 0
24508,239, 0
24509,198, 0
24510,165, 0
24511,151, 0
24512,133, 0
24513,103, 0
24514,89, 0
24515,95, 0
24516,121, 0
24517,141, 0
24518,139, 0
24519,142, 0
24520,167, 0
24521,191, 0
24522,198, 0
24523,189, 0
24524,136, 0
24525,89, 0
24526,77, 0
24527,128, 0
24528,191, 0
24529,228, 0
24530,263, 0
24531,243, 0
24532,215, 0
24533,166, 0
24534,102, 0
24535,54, 0
24536,18, 0
24537,4, 0
24538,6, 0
24539,0, 0
24540,0, 0
24541,0, 0
24542,1, 0
24543,4, 0
24544,0, 0
24545,8, 0
24546,50, 0
24547,113, 0
24548,186, 0
24549,230, 0
24550,242, 0
24551,253, 0
24552,235, 0
24553,173, 0
24554,133, 0
24555,124, 0
24556,118, 0
24557,115, 0
24558,124, 0
24559,127, 0
24560,136, 0
24561,132, 0
24562,145, 0
24563,147, 0
24564,160, 0
24565,173, 0
24566,191, 0
24567,204, 0
24568,214, 0
24569,232, 0
24570,223, 0
24571,241, 0
24572,205, 0
24573,185, 0
24574,124, 0
24575,76, 0
24576,29, 0
24577,2, 0
24578,0, 0
24579,0, 0
24580,0, 0
24581,0, 0
24582,2, 0
24583,5, 0
24584,9, 0
24585,4, 0
24586,3, 0
24587,4, 0
24588,40, 0
24589,96, 0
24590,163, 0
24591,218, 0
24592,292, 0
24593,338, 0
24594,368, 4
24595,377, 12
24596,371, 14
24597,327, 8
24598,255, 1
24599,163, 0
24600,76, 0
24601,9, 0
24602,2, 0
24603,6, 0
24604,0, 0
24605,12, 0
24606,58, 0
24607,104, 0
24608,133, 0
24609,143, 0
24610,139, 0
24611,134, 0
24612,123, 0
24613,122, 0
24614,126, 0
24615,145, 0
24616,168, 0
24617,172, 0
24618,170, 0
24619,175, 0
24620,155, 0
24621,143, 0
24622,149, 0
24623,175, 0
24624,235, 0
24625,244, 0
24626,257, 0
24627,240, 0
24628,182, 0
24629,97, 0
24630,31, 0
24631,0, 0
24632,0, 0
24633,4, 0
24634,10, 0
24635,30, 0
24636,79, 0
24637,116, 0
24638,132, 0
24639,108, 0
24640,69, 0
24641,51, 0
24642,1, 0
24643,0, 0
24644,0, 0
24645,0, 0
24646,32, 0
24647,108, 0
24648,183, 0
24649,248, 0
24650,264, 0
24651,205, 0
24652,106, 0
24653,31, 0
24654,29, 0
24655,95, 0
24656,159, 0
24657,198, 0
24658,218, 0
24659,243, 0
24660,264, 0
24661,284, 0
24662,277, 0
24663,241, 0
24664,202, 0
24665,189, 0
24666,188, 0
24667,175, 0
24668,167, 0
24669,188, 0
24670,218, 0
24671,238, 0
24672,244, 0
24673,216, 0
24674,189, 0
24675,157, 0
24676,160, 0
24677,189, 0
24678,183, 0
24679,189, 0
24680,168, 0
24681,169, 0
24682,187, 0
24683,196, 0
24684,207, 0
24685,219, 0
24686,246, 0
24687,268, 0
24688,242, 0
24689,226, 0
24690,202, 0
24691,183, 0
24692,176, 0
24693,168, 0
24694,150, 0
24695,102, 0
24696,22, 0
24697,0, 0
24698,0, 0
24699,4, 0
24700,23, 0
24701,19, 0
24702,11, 0
24703,0, 0
24704,0, 0
24705,1, 0
24706,1, 0
24707,26, 0
24708,95, 0
24709,177, 0
24710,270, 0
24711,330, 0
24712,325, 0
24713,270, 0
24714,206, 0
24715,151, 0
24716,103, 0
24717,59, 0
24718,37, 0
24719,31, 0
24720,44, 0
24721,57, 0
24722,89, 0
24723,111, 0
24724,121, 0
24725,127, 0
24726,141, 0
24727,152, 0
24728,155, 0
24729,159, 0
24730,152, 0
24731,135, 0
24732,115, 0
24733,100, 0
24734,79, 0
24735,34, 0
24736,4, 0
24737,6, 0
24738,0, 0
24739,41, 0
24740,102, 0
24741,151, 0
24742,151, 0
24743,156, 0
24744,171, 0
24745,204, 0
24746,227, 0
24747,217, 0
24748,189, 0
24749,151, 0
24750,127, 0
24751,121, 0
24752,123, 0
24753,127, 0
24754,127, 0
24755,102, 0
24756,64, 0
24757,34, 0
24758,42, 0
24759,58, 0
24760,95, 0
24761,130, 0
24762,165, 0
24763,214, 0
24764,252, 0
24765,318, 0
24766,312, 0
24767,273, 0
24768,202, 0
24769,127, 0
24770,54, 0
24771,10, 0
24772,4, 0
24773,38, 0
24774,64, 0
24775,76, 0
24776,56, 0
24777,20, 0
24778,0, 0
24779,40, 0
24780,120, 0
24781,189, 0
24782,223, 0
24783,241, 0
24784,176, 0
24785,86, 0
24786,6, 0
24787,0, 0
24788,34, 0
24789,154, 0
24790,268, 0
24791,337, 0
24792,385, 6
24793,408, 19
24794,414, 28
24795,379, 26
24796,282, 8
24797,189, 0
24798,160, 0
24799,165, 0
24800,183, 0
24801,193, 0
24802,158, 0
24803,94, 0
24804,19, 0
24805,34, 0
24806,124, 0
24807,180, 0
24808,181, 0
24809,118, 0
24810,34, 0
24811,1, 0
24812,29, 0
24813,45, 0
24814,36, 0
24815,25, 0
24816,27, 0
24817,13, 0
24818,28, 0
24819,108, 0
24820,170, 0
24821,221, 0
24822,270, 0
24823,330, 0
24824,370, 3
24825,383, 12
24826,396, 21
24827,373, 23
24828,361, 20
24829,359, 15
24830,322, 9
24831,282, 0
24832,251, 0
24833,168, 0
24834,76, 0
24835,44, 0
24836,44, 0
24837,71, 0
24838,102, 0
24839,199, 0
24840,289, 0
24841,337, 0
24842,325, 0
24843,286, 0
24844,221, 0
24845,139, 0
24846,85, 0
24847,65, 0
24848,99, 0
24849,160, 0
24850,208, 0
24851,249, 0
24852,282, 0
24853,319, 0
24854,354, 1
24855,365, 9
24856,345, 9
24857,272, 1
24858,204, 0
24859,183, 0
24860,169, 0
24861,147, 0
24862,134, 0
24863,160, 0
24864,189, 0
24865,204, 0
24866,186, 0
24867,159, 0
24868,165, 0
24869,181, 0
24870,192, 0
24871,183, 0
24872,125, 0
24873,51, 0
24874,3, 0
24875,56, 0
24876,121, 0
24877,176, 0
24878,226, 0
24879,292, 0
24880,355, 2
24881,410, 20
24882,440, 38
24883,424, 44
24884,365, 35
24885,304, 15
24886,236, 0
24887,202, 0
24888,188, 0
24889,197, 0
24890,215, 0
24891,244, 0
24892,251, 0
24893,224, 0
24894,176, 0
24895,120, 0
24896,28, 0
24897,9, 0
24898,79, 0
24899,154, 0
24900,218, 0
24901,294, 0
24902,399, 3
24903,526, 36
24904,598, 76
24905,638, 109
24906,645, 130
24907,625, 135
24908,601, 134
24909,592, 130
24910,585, 125
24911,567, 117
24912,518, 102
24913,478, 85
24914,442, 69
24915,450, 58
24916,460, 56
24917,488, 63
24918,516, 72
24919,526, 83
24920,470, 77
24921,373, 55
24922,246, 14
24923,84, 0
24924,19, 0
24925,95, 0
24926,97, 0
24927,25, 0
24928,35, 0
24929,152, 0
24930,238, 0
24931,277, 0
24932,266, 0
24933,246, 0
24934,256, 0
24935,326, 0
24936,369, 6
24937,419, 22
24938,440, 38
24939,426, 46
24940,391, 41
24941,343, 26
24942,287, 10
24943,230, 0
24944,152, 0
24945,102, 0
24946,13, 0
24947,2, 0
24948,29, 0
24949,59, 0
24950,81, 0
24951,53, 0
24952,3, 0
24953,126, 0
24954,312, 0
24955,442, 6
24956,490, 40
24957,455, 53
24958,371, 39
24959,292, 12
24960,191, 0
24961,78, 0
24962,4, 0
24963,40, 0
24964,48, 0
24965,17, 0
24966,38, 0
24967,139, 0
24968,274, 0
24969,354, 0
24970,415, 12
24971,409, 26
24972,378, 23
24973,349, 18
24974,344, 9
24975,348, 9
24976,371, 11
24977,385, 20
24978,383, 22
24979,326, 17
24980,235, 1
24981,95, 0
24982,26, 0
24983,171, 0
24984,244, 0
24985,239, 0
24986,170, 0
24987,76, 0
24988,8, 0
24989,0, 0
24990,7, 0
24991,0, 0
24992,29, 0
24993,91, 0
24994,85, 0
24995,11, 0
24996,23, 0
24997,72, 0
24998,117, 0
24999,119, 0
25000,50, 0
25001,14, 0
25002,101, 0
25003,159, 0
25004,170, 0
25005,170, 0
25006,176, 0
25007,172, 0
25008,169, 0
25009,177, 0
25010,192, 0
25011,179, 0
25012,148, 0
25013,97, 0
25014,19, 0
25015,55, 0
25016,168, 0
25017,268, 0
25018,331, 0
25019,371, 2
25020,355, 8
25021,312, 6
25022,257, 0
25023,239, 0
25024,253, 0
25025,282, 0
25026,316, 0
25027,336, 0
25028,342, 1
25029,309, 1
25030,268, 0
25031,202, 0
25032,122, 0
25033,57, 0
25034,1, 0
25035,36, 0
25036,83, 0
25037,51, 0
25038,20, 0
25039,125, 0
25040,188, 0
25041,213, 0
25042,226, 0
25043,223, 0
25044,187, 0
25045,139, 0
25046,73, 0
25047,10, 0
25048,0, 0
25049,0, 0
25050,5, 0
25051,14, 0
25052,36, 0
25053,89, 0
25054,139, 0
25055,153, 0
25056,159, 0
25057,152, 0
25058,134, 0
25059,167, 0
25060,176, 0
25061,140, 0
25062,84, 0
25063,25, 0
25064,0, 0
25065,0, 0
25066,9, 0
25067,44, 0
25068,107, 0
25069,134, 0
25070,128, 0
25071,110, 0
25072,99, 0
25073,115, 0
25074,154, 0
25075,228, 0
25076,300, 0
25077,326, 0
25078,281, 0
25079,205, 0
25080,174, 0
25081,196, 0
25082,279, 0
25083,382, 1
25084,479, 26
25085,526, 56
25086,576, 85
25087,588, 103
25088,555, 104
25089,482, 92
25090,427, 65
25091,409, 46
25092,415, 40
25093,418, 38
25094,399, 36
25095,342, 23
25096,265, 3
25097,167, 0
25098,83, 0
25099,31, 0
25100,4, 0
25101,6, 0
25102,0, 0
25103,0, 0
25104,0, 0
25105,0, 0
25106,0, 0
25107,0, 0
25108,14, 0
25109,25, 0
25110,14, 0
25111,0, 0
25112,0, 0
25113,0, 0
25114,1, 0
25115,13, 0
25116,12, 0
25117,120, 0
25118,227, 0
25119,282, 0
25120,295, 0
25121,243, 0
25122,205, 0
25123,145, 0
25124,89, 0
25125,29, 0
25126,0, 0
25127,41, 0
25128,74, 0
25129,11, 0
25130,0, 0
25131,19, 0
25132,2, 0
25133,0, 0
25134,0, 0
25135,22, 0
25136,76, 0
25137,125, 0
25138,145, 0
25139,135, 0
25140,126, 0
25141,132, 0
25142,149, 0
25143,124, 0
25144,75, 0
25145,25, 0
25146,25, 0
25147,59, 0
25148,133, 0
25149,182, 0
25150,187, 0
25151,207, 0
25152,283, 0
25153,353, 0
25154,407, 10
25155,424, 26
25156,403, 31
25157,326, 18
25158,196, 0
25159,92, 0
25160,55, 0
25161,77, 0
25162,76, 0
25163,79, 0
25164,73, 0
25165,107, 0
25166,135, 0
25167,177, 0
25168,233, 0
25169,263, 0
25170,268, 0
25171,253, 0
25172,215, 0
25173,140, 0
25174,63, 0
25175,43, 0
25176,79, 0
25177,144, 0
25178,196, 0
25179,244, 0
25180,252, 0
25181,274, 0
25182,233, 0
25183,183, 0
25184,156, 0
25185,142, 0
25186,144, 0
25187,127, 0
25188,122, 0
25189,119, 0
25190,137, 0
25191,135, 0
25192,136, 0
25193,61, 0
25194,6, 0
25195,15, 0
25196,62, 0
25197,57, 0
25198,20, 0
25199,0, 0
25200,6, 0
25201,35, 0
25202,76, 0
25203,122, 0
25204,148, 0
25205,155, 0
25206,159, 0
25207,177, 0
25208,196, 0
25209,217, 0
25210,226, 0
25211,231, 0
25212,219, 0
25213,212, 0
25214,214, 0
25215,230, 0
25216,251, 0
25217,264, 0
25218,277, 0
25219,286, 0
25220,317, 0
25221,326, 0
25222,322, 1
25223,257, 0
25224,226, 0
25225,205, 0
25226,196, 0
25227,190, 0
25228,166, 0
25229,144, 0
25230,111, 0
25231,69, 0
25232,13, 0
25233,0, 0
25234,0, 0
25235,0, 0
25236,25, 0
25237,62, 0
25238,90, 0
25239,108, 0
25240,89, 0
25241,100, 0
25242,92, 0
25243,90, 0
25244,54, 0
25245,22, 0
25246,0, 0
25247,8, 0
25248,44, 0
25249,68, 0
25250,63, 0
25251,45, 0
25252,27, 0
25253,27, 0
25254,0, 0
25255,0, 0
25256,6, 0
25257,34, 0
25258,70, 0
25259,74, 0
25260,54, 0
25261,25, 0
25262,12, 0
25263,27, 0
25264,54, 0
25265,76, 0
25266,100, 0
25267,121, 0
25268,150, 0
25269,180, 0
25270,202, 0
25271,213, 0
25272,203, 0
25273,196, 0
25274,214, 0
25275,251, 0
25276,287, 0
25277,277, 0
25278,207, 0
25279,105, 0
25280,9, 0
25281,21, 0
25282,55, 0
25283,64, 0
25284,77, 0
25285,25, 0
25286,25, 0
25287,142, 0
25288,262, 0
25289,342, 0
25290,385, 7
25291,398, 21
25292,373, 23
25293,349, 17
25294,341, 9
25295,326, 8
25296,308, 3
25297,294, 0
25298,273, 0
25299,284, 0
25300,304, 0
25301,290, 0
25302,292, 0
25303,270, 0
25304,212, 0
25305,122, 0
25306,62, 0
25307,38, 0
25308,58, 0
25309,105, 0
25310,115, 0
25311,95, 0
25312,80, 0
25313,73, 0
25314,51, 0
25315,25, 0
25316,17, 0
25317,45, 0
25318,109, 0
25319,185, 0
25320,236, 0
25321,251, 0
25322,251, 0
25323,263, 0
25324,290, 0
25325,308, 0
25326,260, 0
25327,235, 0
25328,243, 0
25329,247, 0
25330,274, 0
25331,276, 0
25332,220, 0
25333,157, 0
25334,83, 0
25335,35, 0
25336,31, 0
25337,59, 0
25338,84, 0
25339,115, 0
25340,136, 0
25341,135, 0
25342,80, 0
25343,15, 0
25344,0, 0
25345,0, 0
25346,39, 0
25347,92, 0
25348,139, 0
25349,125, 0
25350,91, 0
25351,56, 0
25352,48, 0
25353,47, 0
25354,44, 0
25355,55, 0
25356,90, 0
25357,124, 0
25358,144, 0
25359,123, 0
25360,83, 0
25361,58, 0
25362,36, 0
25363,31, 0
25364,25, 0
25365,8, 0
25366,18, 0
25367,25, 0
25368,47, 0
25369,10, 0
25370,0, 0
25371,40, 0
25372,102, 0
25373,183, 0
25374,226, 0
25375,222, 0
25376,166, 0
25377,115, 0
25378,53, 0
25379,8, 0
25380,0, 0
25381,0, 0
25382,6, 0
25383,53, 0
25384,118, 0
25385,159, 0
25386,190, 0
25387,220, 0
25388,242, 0
25389,257, 0
25390,263, 0
25391,259, 0
25392,240, 0
25393,217, 0
25394,182, 0
25395,140, 0
25396,81, 0
25397,41, 0
25398,62, 0
25399,104, 0
25400,177, 0
25401,268, 0
25402,364, 0
25403,427, 15
25404,446, 34
25405,391, 37
25406,294, 12
25407,203, 0
25408,182, 0
25409,179, 0
25410,214, 0
25411,232, 0
25412,242, 0
25413,221, 0
25414,167, 0
25415,128, 0
25416,132, 0
25417,153, 0
25418,158, 0
25419,159, 0
25420,134, 0
25421,127, 0
25422,115, 0
25423,99, 0
25424,68, 0
25425,40, 0
25426,4, 0
25427,0, 0
25428,0, 0
25429,2, 0
25430,38, 0
25431,81, 0
25432,69, 0
25433,11, 0
25434,19, 0
25435,110, 0
25436,181, 0
25437,214, 0
25438,204, 0
25439,147, 0
25440,76, 0
25441,13, 0
25442,0, 0
25443,0, 0
25444,24, 0
25445,77, 0
25446,150, 0
25447,207, 0
25448,260, 0
25449,315, 0
25450,341, 2
25451,348, 4
25452,341, 5
25453,348, 6
25454,355, 7
25455,361, 10
25456,357, 7
25457,348, 8
25458,330, 5
25459,322, 3
25460,295, 0
25461,256, 0
25462,222, 0
25463,200, 0
25464,214, 0
25465,247, 0
25466,251, 0
25467,222, 0
25468,198, 0
25469,199, 0
25470,221, 0
25471,233, 0
25472,230, 0
25473,196, 0
25474,170, 0
25475,105, 0
25476,58, 0
25477,43, 0
25478,40, 0
25479,44, 0
25480,52, 0
25481,63, 0
25482,76, 0
25483,73, 0
25484,38, 0
25485,36, 0
25486,79, 0
25487,115, 0
25488,129, 0
25489,110, 0
25490,81, 0
25491,63, 0
25492,62, 0
25493,43, 0
25494,10, 0
25495,6, 0
25496,54, 0
25497,76, 0
25498,46, 0
25499,4, 0
25500,19, 0
25501,85, 0
25502,132, 0
25503,141, 0
25504,129, 0
25505,130, 0
25506,152, 0
25507,177, 0
25508,196, 0
25509,190, 0
25510,169, 0
25511,145, 0
25512,132, 0
25513,139, 0
25514,152, 0
25515,143, 0
25516,136, 0
25517,139, 0
25518,151, 0
25519,175, 0
25520,190, 0
25521,207, 0
25522,226, 0
25523,243, 0
25524,255, 0
25525,257, 0
25526,258, 0
25527,242, 0
25528,238, 0
25529,252, 0
25530,290, 0
25531,286, 0
25532,287, 0
25533,265, 0
25534,244, 0
25535,228, 0
25536,196, 0
25537,168, 0
25538,128, 0
25539,99, 0
25540,105, 0
25541,109, 0
25542,95, 0
25543,58, 0
25544,38, 0
25545,15, 0
25546,37, 0
25547,53, 0
25548,57, 0
25549,63, 0
25550,80, 0
25551,91, 0
25552,91, 0
25553,80, 0
25554,58, 0
25555,51, 0
25556,38, 0
25557,8, 0
25558,0, 0
25559,17, 0
25560,38, 0
25561,22, 0
25562,0, 0
25563,25, 0
25564,83, 0
25565,91, 0
25566,116, 0
25567,138, 0
25568,164, 0
25569,189, 0
25570,160, 0
25571,141, 0
25572,117, 0
25573,121, 0
25574,152, 0
25575,183, 0
25576,193, 0
25577,204, 0
25578,211, 0
25579,204, 0
25580,199, 0
25581,203, 0
25582,193, 0
25583,196, 0
25584,172, 0
25585,117, 0
25586,54, 0
25587,0, 0
25588,39, 0
25589,111, 0
25590,133, 0
25591,118, 0
25592,90, 0
25593,28, 0
25594,11, 0
25595,79, 0
25596,197, 0
25597,294, 0
25598,402, 5
25599,456, 30
25600,465, 50
25601,454, 55
25602,410, 51
25603,340, 32
25604,249, 6
25605,188, 0
25606,138, 0
25607,183, 0
25608,218, 0
25609,244, 0
25610,266, 0
25611,292, 0
25612,280, 0
25613,238, 0
25614,189, 0
25615,176, 0
25616,169, 0
25617,156, 0
25618,127, 0
25619,101, 0
25620,89, 0
25621,77, 0
25622,91, 0
25623,127, 0
25624,171, 0
25625,168, 0
25626,120, 0
25627,65, 0
25628,55, 0
25629,77, 0
25630,127, 0
25631,168, 0
25632,197, 0
25633,201, 0
25634,214, 0
25635,215, 0
25636,232, 0
25637,239, 0
25638,238, 0
25639,212, 0
25640,182, 0
25641,124, 0
25642,75, 0
25643,44, 0
25644,51, 0
25645,76, 0
25646,99, 0
25647,143, 0
25648,183, 0
25649,202, 0
25650,215, 0
25651,238, 0
25652,247, 0
25653,253, 0
25654,251, 0
25655,249, 0
25656,246, 0
25657,238, 0
25658,201, 0
25659,169, 0
25660,117, 0
25661,58, 0
25662,11, 0
25663,0, 0
25664,0, 0
25665,18, 0
25666,40, 0
25667,53, 0
25668,76, 0
25669,91, 0
25670,76, 0
25671,41, 0
25672,11, 0
25673,0, 0
25674,0, 0
25675,6, 0
25676,25, 0
25677,47, 0
25678,63, 0
25679,52, 0
25680,43, 0
25681,31, 0
25682,25, 0
25683,30, 0
25684,44, 0
25685,69, 0
25686,64, 0
25687,55, 0
25688,41, 0
25689,51, 0
25690,61, 0
25691,94, 0
25692,121, 0
25693,183, 0
25694,229, 0
25695,259, 0
25696,266, 0
25697,252, 0
25698,232, 0
25699,224, 0
25700,223, 0
25701,263, 0
25702,296, 0
25703,312, 0
25704,304, 0
25705,273, 0
25706,233, 0
25707,206, 0
25708,200, 0
25709,179, 0
25710,127, 0
25711,83, 0
25712,52, 0
25713,37, 0
25714,31, 0
25715,31, 0
25716,19, 0
25717,23, 0
25718,20, 0
25719,5, 0
25720,7, 0
25721,73, 0
25722,117, 0
25723,92, 0
25724,20, 0
25725,2, 0
25726,51, 0
25727,102, 0
25728,151, 0
25729,164, 0
25730,145, 0
25731,65, 0
25732,8, 0
25733,1, 0
25734,12, 0
25735,60, 0
25736,102, 0
25737,132, 0
25738,139, 0
25739,174, 0
25740,212, 0
25741,226, 0
25742,217, 0
25743,191, 0
25744,183, 0
25745,200, 0
25746,223, 0
25747,214, 0
25748,191, 0
25749,165, 0
25750,141, 0
25751,108, 0
25752,115, 0
25753,137, 0
25754,170, 0
25755,189, 0
25756,161, 0
25757,122, 0
25758,101, 0
25759,100, 0
25760,126, 0
25761,130, 0
25762,112, 0
25763,103, 0
25764,127, 0
25765,165, 0
25766,239, 0
25767,287, 0
25768,333, 0
25769,372, 4
25770,384, 11
25771,334, 7
25772,299, 4
25773,256, 0
25774,229, 0
25775,215, 0
25776,204, 0
25777,193, 0
25778,185, 0
25779,173, 0
25780,147, 0
25781,133, 0
25782,130, 0
25783,135, 0
25784,164, 0
25785,183, 0
25786,165, 0
25787,148, 0
25788,108, 0
25789,91, 0
25790,125, 0
25791,187, 0
25792,244, 0
25793,281, 0
25794,294, 0
25795,276, 0
25796,254, 0
25797,236, 0
25798,235, 0
25799,226, 0
25800,235, 0
25801,219, 0
25802,196, 0
25803,166, 0
25804,158, 0
25805,173, 0
25806,221, 0
25807,253, 0
25808,243, 0
25809,200, 0
25810,130, 0
25811,92, 0
25812,74, 0
25813,53, 0
25814,63, 0
25815,99, 0
25816,151, 0
25817,183, 0
25818,183, 0
25819,155, 0
25820,124, 0
25821,65, 0
25822,15, 0
25823,0, 0
25824,0, 0
25825,0, 0
25826,41, 0
25827,115, 0
25828,170, 0
25829,196, 0
25830,185, 0
25831,159, 0
25832,83, 0
25833,29, 0
25834,0, 0
25835,1, 0
25836,15, 0
25837,13, 0
25838,0, 0
25839,0, 0
25840,6, 0
25841,30, 0
25842,44, 0
25843,55, 0
25844,27, 0
25845,0, 0
25846,0, 0
25847,0, 0
25848,0, 0
25849,0, 0
25850,20, 0
25851,46, 0
25852,51, 0
25853,31, 0
25854,27, 0
25855,25, 0
25856,10, 0
25857,0, 0
25858,0, 0
25859,0, 0
25860,0, 0
25861,0, 0
25862,0, 0
25863,0, 0
25864,0, 0
25865,0, 0
25866,0, 0
25867,5, 0
25868,26, 0
25869,50, 0
25870,38, 0
25871,54, 0
25872,102, 0
25873,170, 0
25874,233, 0
25875,278, 0
25876,289, 0
25877,299, 0
25878,304, 0
25879,310, 0
25880,300, 0
25881,255, 0
25882,203, 0
25883,171, 0
25884,171, 0
25885,183, 0
25886,200, 0
25887,221, 0
25888,228, 0
25889,236, 0
25890,244, 0
25891,252, 0
25892,266, 0
25893,255, 0
25894,245, 0
25895,251, 0
25896,261, 0
25897,251, 0
25898,243, 0
25899,214, 0
25900,177, 0
25901,144, 0
25902,119, 0
25903,92, 0
25904,85, 0
25905,92, 0
25906,107, 0
25907,113, 0
25908,100, 0
25909,93, 0
25910,76, 0
25911,51, 0
25912,50, 0
25913,62, 0
25914,60, 0
25915,59, 0
25916,65, 0
25917,87, 0
25918,95, 0
25919,92, 0
25920,72, 0
25921,63, 0
25922,32, 0
25923,3, 0
25924,0, 0
25925,0, 0
25926,5, 0
25927,35, 0
25928,85, 0
25929,115, 0
25930,111, 0
25931,102, 0
25932,106, 0
25933,129, 0
25934,152, 0
25935,167, 0
25936,175, 0
25937,173, 0
25938,176, 0
25939,181, 0
25940,189, 0
25941,210, 0
25942,222, 0
25943,235, 0
25944,251, 0
25945,234, 0
25946,232, 0
25947,223, 0
25948,197, 0
25949,176, 0
25950,169, 0
25951,180, 0
25952,214, 0
25953,221, 0
25954,204, 0
25955,188, 0
25956,181, 0
25957,170, 0
25958,151, 0
25959,151, 0
25960,145, 0
25961,148, 0
25962,141, 0
25963,126, 0
25964,112, 0
25965,96, 0
25966,76, 0
25967,73, 0
25968,56, 0
25969,63, 0
25970,73, 0
25971,75, 0
25972,64, 0
25973,59, 0
25974,48, 0
25975,17, 0
25976,11, 0
25977,27, 0
25978,68, 0
25979,102, 0
25980,99, 0
25981,81, 0
25982,61, 0
25983,32, 0
25984,7, 0
25985,0, 0
25986,0, 0
25987,0, 0
25988,0, 0
25989,8, 0
25990,35, 0
25991,57, 0
25992,85, 0
25993,127, 0
25994,176, 0
25995,224, 0
25996,270, 0
25997,305, 0
25998,308, 0
25999,315, 0
26000,309, 0
26001,289, 0
26002,268, 0
26003,244, 0
26004,227, 0
26005,231, 0
26006,233, 0
26007,236, 0
26008,255, 0
26009,252, 0
26010,252, 0
26011,246, 0
26012,236, 0
26013,238, 0
26014,220, 0
26015,171, 0
26016,130, 0
26017,94, 0
26018,83, 0
26019,95, 0
26020,127, 0
26021,136, 0
26022,147, 0
26023,147, 0
26024,147, 0
26025,138, 0
26026,123, 0
26027,108, 0
26028,99, 0
26029,95, 0
26030,76, 0
26031,73, 0
26032,64, 0
26033,63, 0
26034,74, 0
26035,77, 0
26036,58, 0
26037,44, 0
26038,32, 0
26039,35, 0
26040,39, 0
26041,48, 0
26042,40, 0
26043,54, 0
26044,45, 0
26045,29, 0
26046,30, 0
26047,0, 0
26048,10, 0
26049,27, 0
26050,72, 0
26051,102, 0
26052,119, 0
26053,131, 0
26054,164, 0
26055,187, 0
26056,214, 0
26057,232, 0
26058,239, 0
26059,213, 0
26060,196, 0
26061,170, 0
26062,164, 0
26063,188, 0
26064,208, 0
26065,240, 0
26066,257, 0
26067,245, 0
26068,259, 0
26069,217, 0
26070,204, 0
26071,187, 0
26072,197, 0
26073,190, 0
26074,196, 0
26075,182, 0
26076,149, 0
26077,132, 0
26078,128, 0
26079,120, 0
26080,132, 0
26081,155, 0
26082,157, 0
26083,156, 0
26084,149, 0
26085,134, 0
26086,121, 0
26087,90, 0
26088,68, 0
26089,72, 0
26090,79, 0
26091,95, 0
26092,88, 0
26093,112, 0
26094,84, 0
26095,110, 0
26096,89, 0
26097,71, 0
26098,52, 0
26099,60, 0
26100,43, 0
26101,41, 0
26102,26, 0
26103,11, 0
26104,21, 0
26105,9, 0
26106,6, 0
26107,2, 0
26108,0, 0
26109,0, 0
26110,0, 0
26111,3, 0
26112,31, 0
26113,73, 0
26114,105, 0
26115,154, 0
26116,183, 0
26117,210, 0
26118,219, 0
26119,220, 0
26120,211, 0
26121,204, 0
26122,195, 0
26123,183, 0
26124,169, 0
26125,160, 0
26126,165, 0
26127,192, 0
26128,232, 0
26129,276, 0
26130,311, 0
26131,312, 0
26132,304, 0
26133,274, 0
26134,264, 0
26135,283, 0
26136,246, 0
26137,223, 0
26138,215, 0
26139,226, 0
26140,214, 0
26141,202, 0
26142,205, 0
26143,201, 0
26144,203, 0
26145,202, 0
26146,208, 0
26147,183, 0
26148,155, 0
26149,136, 0
26150,105, 0
26151,69, 0
26152,25, 0
26153,13, 0
26154,9, 0
26155,6, 0
26156,11, 0
26157,4, 0
26158,3, 0
26159,0, 0
26160,0, 0
26161,3, 0
26162,44, 0
26163,87, 0
26164,111, 0
26165,145, 0
26166,161, 0
26167,166, 0
26168,107, 0
26169,34, 0
26170,9, 0
26171,15, 0
26172,3, 0
26173,1, 0
26174,39, 0
26175,96, 0
26176,128, 0
26177,166, 0
26178,181, 0
26179,190, 0
26180,186, 0
26181,176, 0
26182,165, 0
26183,143, 0
26184,138, 0
26185,159, 0
26186,176, 0
26187,207, 0
26188,227, 0
26189,241, 0
26190,224, 0
26191,256, 0
26192,240, 0
26193,252, 0
26194,253, 0
26195,259, 0
26196,254, 0
26197,219, 0
26198,174, 0
26199,147, 0
26200,141, 0
26201,127, 0
26202,124, 0
26203,141, 0
26204,145, 0
26205,170, 0
26206,176, 0
26207,172, 0
26208,152, 0
26209,138, 0
26210,125, 0
26211,122, 0
26212,115, 0
26213,105, 0
26214,112, 0
26215,87, 0
26216,78, 0
26217,80, 0
26218,63, 0
26219,39, 0
26220,35, 0
26221,43, 0
26222,56, 0
26223,71, 0
26224,81, 0
26225,77, 0
26226,68, 0
26227,48, 0
26228,32, 0
26229,0, 0
26230,0, 0
26231,0, 0
26232,0, 0
26233,43, 0
26234,80, 0
26235,107, 0
26236,136, 0
26237,154, 0
26238,180, 0
26239,192, 0
26240,197, 0
26241,192, 0
26242,171, 0
26243,165, 0
26244,153, 0
26245,155, 0
26246,167, 0
26247,163, 0
26248,160, 0
26249,159, 0
26250,159, 0
26251,180, 0
26252,204, 0
26253,227, 0
26254,238, 0
26255,260, 0
26256,252, 0
26257,258, 0
26258,228, 0
26259,196, 0
26260,173, 0
26261,158, 0
26262,149, 0
26263,140, 0
26264,152, 0
26265,158, 0
26266,165, 0
26267,164, 0
26268,159, 0
26269,145, 0
26270,122, 0
26271,107, 0
26272,87, 0
26273,93, 0
26274,85, 0
26275,83, 0
26276,70, 0
26277,70, 0
26278,76, 0
26279,73, 0
26280,59, 0
26281,44, 0
26282,43, 0
26283,48, 0
26284,51, 0
26285,44, 0
26286,43, 0
26287,34, 0
26288,32, 0
26289,44, 0
26290,23, 0
26291,18, 0
26292,23, 0
26293,52, 0
26294,102, 0
26295,132, 0
26296,133, 0
26297,143, 0
26298,149, 0
26299,154, 0
26300,153, 0
26301,158, 0
26302,151, 0
26303,151, 0
26304,161, 0
26305,170, 0
26306,184, 0
26307,195, 0
26308,193, 0
26309,202, 0
26310,205, 0
26311,179, 0
26312,190, 0
26313,204, 0
26314,197, 0
26315,197, 0
26316,202, 0
26317,202, 0
26318,207, 0
26319,190, 0
26320,159, 0
26321,138, 0
26322,143, 0
26323,115, 0
26324,97, 0
26325,85, 0
26326,67, 0
26327,70, 0
26328,102, 0
26329,127, 0
26330,159, 0
26331,185, 0
26332,198, 0
26333,210, 0
26334,169, 0
26335,145, 0
26336,126, 0
26337,102, 0
26338,94, 0
26339,87, 0
26340,79, 0
26341,63, 0
26342,60, 0
26343,70, 0
26344,76, 0
26345,78, 0
26346,80, 0
26347,84, 0
26348,71, 0
26349,57, 0
26350,38, 0
26351,25, 0
26352,27, 0
26353,20, 0
26354,46, 0
26355,77, 0
26356,111, 0
26357,115, 0
26358,116, 0
26359,127, 0
26360,139, 0
26361,147, 0
26362,159, 0
26363,158, 0
26364,167, 0
26365,179, 0
26366,183, 0
26367,191, 0
26368,200, 0
26369,197, 0
26370,195, 0
26371,206, 0
26372,197, 0
26373,196, 0
26374,198, 0
26375,201, 0
26376,196, 0
26377,206, 0
26378,202, 0
26379,192, 0
26380,164, 0
26381,135, 0
26382,128, 0
26383,142, 0
26384,157, 0
26385,173, 0
26386,183, 0
26387,185, 0
26388,179, 0
26389,166, 0
26390,161, 0
26391,150, 0
26392,137, 0
26393,133, 0
26394,117, 0
26395,115, 0
26396,92, 0
26397,84, 0
26398,95, 0
26399,78, 0
26400,99, 0
26401,72, 0
26402,48, 0
26403,41, 0
26404,46, 0
26405,45, 0
26406,51, 0
26407,51, 0
26408,50, 0
26409,37, 0
26410,31, 0
26411,15, 0
26412,7, 0
26413,9, 0
26414,26, 0
26415,44, 0
26416,95, 0
26417,122, 0
26418,122, 0
26419,117, 0
26420,130, 0
26421,133, 0
26422,139, 0
26423,139, 0
26424,142, 0
26425,145, 0
26426,145, 0
26427,158, 0
26428,169, 0
26429,196, 0
26430,196, 0
26431,205, 0
26432,213, 0
26433,177, 0
26434,219, 0
26435,215, 0
26436,205, 0
26437,203, 0
26438,214, 0
26439,214, 0
26440,220, 0
26441,184, 0
26442,153, 0
26443,139, 0
26444,136, 0
26445,139, 0
26446,151, 0
26447,167, 0
26448,177, 0
26449,176, 0
26450,188, 0
26451,176, 0
26452,170, 0
26453,161, 0
26454,149, 0
26455,155, 0
26456,139, 0
26457,118, 0
26458,89, 0
26459,69, 0
26460,68, 0
26461,86, 0
26462,70, 0
26463,46, 0
26464,39, 0
26465,36, 0
26466,37, 0
26467,47, 0
26468,60, 0
26469,41, 0
26470,30, 0
26471,24, 0
26472,37, 0
26473,7, 0
26474,6, 0
26475,11, 0
26476,40, 0
26477,83, 0
26478,101, 0
26479,103, 0
26480,113, 0
26481,120, 0
26482,127, 0
26483,148, 0
26484,151, 0
26485,139, 0
26486,148, 0
26487,156, 0
26488,167, 0
26489,188, 0
26490,200, 0
26491,202, 0
26492,206, 0
26493,202, 0
26494,189, 0
26495,184, 0
26496,170, 0
26497,166, 0
26498,199, 0
26499,214, 0
26500,223, 0
26501,220, 0
26502,205, 0
26503,191, 0
26504,182, 0
26505,189, 0
26506,183, 0
26507,196, 0
26508,218, 0
26509,220, 0
26510,214, 0
26511,215, 0
26512,196, 0
26513,158, 0
26514,127, 0
26515,116, 0
26516,96, 0
26517,89, 0
26518,80, 0
26519,78, 0
26520,63, 0
26521,78, 0
26522,107, 0
26523,100, 0
26524,77, 0
26525,67, 0
26526,65, 0
26527,51, 0
26528,38, 0
26529,31, 0
26530,19, 0
26531,6, 0
26532,4, 0
26533,0, 0
26534,12, 0
26535,11, 0
26536,22, 0
26537,48, 0
26538,90, 0
26539,108, 0
26540,116, 0
26541,121, 0
26542,132, 0
26543,136, 0
26544,145, 0
26545,148, 0
26546,143, 0
26547,159, 0
26548,159, 0
26549,172, 0
26550,198, 0
26551,215, 0
26552,217, 0
26553,219, 0
26554,223, 0
26555,223, 0
26556,232, 0
26557,215, 0
26558,204, 0
26559,203, 0
26560,205, 0
26561,212, 0
26562,220, 0
26563,197, 0
26564,175, 0
26565,168, 0
26566,171, 0
26567,159, 0
26568,168, 0
26569,159, 0
26570,147, 0
26571,137, 0
26572,139, 0
26573,133, 0
26574,133, 0
26575,132, 0
26576,134, 0
26577,127, 0
26578,112, 0
26579,100, 0
26580,85, 0
26581,72, 0
26582,70, 0
26583,67, 0
26584,53, 0
26585,31, 0
26586,23, 0
26587,18, 0
26588,3, 0
26589,1, 0
26590,0, 0
26591,0, 0
26592,1, 0
26593,18, 0
26594,20, 0
26595,11, 0
26596,13, 0
26597,19, 0
26598,37, 0
26599,89, 0
26600,93, 0
26601,101, 0
26602,103, 0
26603,113, 0
26604,128, 0
26605,143, 0
26606,151, 0
26607,154, 0
26608,168, 0
26609,176, 0
26610,185, 0
26611,203, 0
26612,207, 0
26613,211, 0
26614,221, 0
26615,221, 0
26616,226, 0
26617,235, 0
26618,230, 0
26619,229, 0
26620,227, 0
26621,237, 0
26622,239, 0
26623,233, 0
26624,207, 0
26625,175, 0
26626,161, 0
26627,170, 0
26628,170, 0
26629,177, 0
26630,191, 0
26631,193, 0
26632,183, 0
26633,186, 0
26634,174, 0
26635,169, 0
26636,137, 0
26637,108, 0
26638,112, 0
26639,127, 0
26640,103, 0
26641,92, 0
26642,78, 0
26643,77, 0
26644,83, 0
26645,64, 0
26646,43, 0
26647,35, 0
26648,38, 0
26649,37, 0
26650,38, 0
26651,36, 0
26652,25, 0
26653,15, 0
26654,7, 0
26655,4, 0
26656,0, 0
26657,0, 0
26658,4, 0
26659,38, 0
26660,94, 0
26661,116, 0
26662,118, 0
26663,125, 0
26664,133, 0
26665,138, 0
26666,142, 0
26667,145, 0
26668,144, 0
26669,159, 0
26670,174, 0
26671,188, 0
26672,203, 0
26673,214, 0
26674,205, 0
26675,220, 0
26676,218, 0
26677,219, 0
26678,221, 0
26679,223, 0
26680,232, 0
26681,244, 0
26682,244, 0
26683,242, 0
26684,238, 0
26685,203, 0
26686,170, 0
26687,163, 0
26688,170, 0
26689,183, 0
26690,184, 0
26691,185, 0
26692,196, 0
26693,188, 0
26694,186, 0
26695,171, 0
26696,158, 0
26697,139, 0
26698,136, 0
26699,128, 0
26700,123, 0
26701,108, 0
26702,90, 0
26703,87, 0
26704,81, 0
26705,75, 0
26706,62, 0
26707,44, 0
26708,38, 0
26709,44, 0
26710,50, 0
26711,38, 0
26712,38, 0
26713,30, 0
26714,25, 0
26715,19, 0
26716,2, 0
26717,0, 0
26718,0, 0
26719,2, 0
26720,35, 0
26721,80, 0
26722,96, 0
26723,104, 0
26724,113, 0
26725,123, 0
26726,140, 0
26727,152, 0
26728,174, 0
26729,158, 0
26730,180, 0
26731,181, 0
26732,183, 0
26733,204, 0
26734,207, 0
26735,201, 0
26736,208, 0
26737,214, 0
26738,222, 0
26739,218, 0
26740,220, 0
26741,217, 0
26742,226, 0
26743,229, 0
26744,235, 0
26745,232, 0
26746,191, 0
26747,170, 0
26748,159, 0
26749,163, 0
26750,167, 0
26751,185, 0
26752,192, 0
26753,202, 0
26754,202, 0
26755,191, 0
26756,176, 0
26757,177, 0
26758,148, 0
26759,132, 0
26760,124, 0
26761,126, 0
26762,112, 0
26763,97, 0
26764,92, 0
26765,84, 0
26766,83, 0
26767,62, 0
26768,48, 0
26769,46, 0
26770,47, 0
26771,57, 0
26772,65, 0
26773,63, 0
26774,56, 0
26775,55, 0
26776,34, 0
26777,18, 0
26778,4, 0
26779,4, 0
26780,14, 0
26781,47, 0
26782,96, 0
26783,111, 0
26784,115, 0
26785,124, 0
26786,123, 0
26787,138, 0
26788,155, 0
26789,154, 0
26790,139, 0
26791,164, 0
26792,167, 0
26793,179, 0
26794,192, 0
26795,196, 0
26796,195, 0
26797,200, 0
26798,197, 0
26799,193, 0
26800,201, 0
26801,207, 0
26802,207, 0
26803,211, 0
26804,216, 0
26805,216, 0
26806,214, 0
26807,171, 0
26808,158, 0
26809,147, 0
26810,147, 0
26811,145, 0
26812,172, 0
26813,176, 0
26814,186, 0
26815,179, 0
26816,175, 0
26817,163, 0
26818,147, 0
26819,139, 0
26820,128, 0
26821,118, 0
26822,112, 0
26823,101, 0
26824,85, 0
26825,81, 0
26826,83, 0
26827,86, 0
26828,68, 0
26829,47, 0
26830,44, 0
26831,57, 0
26832,51, 0
26833,44, 0
26834,48, 0
26835,35, 0
26836,26, 0
26837,18, 0
26838,0, 0
26839,0, 0
26840,0, 0
26841,2, 0
26842,46, 0
26843,93, 0
26844,109, 0
26845,116, 0
26846,129, 0
26847,154, 0
26848,136, 0
26849,154, 0
26850,152, 0
26851,147, 0
26852,163, 0
26853,171, 0
26854,176, 0
26855,189, 0
26856,196, 0
26857,196, 0
26858,204, 0
26859,187, 0
26860,199, 0
26861,205, 0
26862,207, 0
26863,203, 0
26864,208, 0
26865,208, 0
26866,213, 0
26867,204, 0
26868,176, 0
26869,148, 0
26870,150, 0
26871,159, 0
26872,159, 0
26873,175, 0
26874,184, 0
26875,193, 0
26876,182, 0
26877,176, 0
26878,164, 0
26879,147, 0
26880,134, 0
26881,127, 0
26882,113, 0
26883,113, 0
26884,106, 0
26885,115, 0
26886,85, 0
26887,93, 0
26888,93, 0
26889,76, 0
26890,60, 0
26891,55, 0
26892,55, 0
26893,57, 0
26894,71, 0
26895,52, 0
26896,65, 0
26897,65, 0
26898,39, 0
26899,23, 0
26900,5, 0
26901,6, 0
26902,25, 0
26903,56, 0
26904,100, 0
26905,110, 0
26906,113, 0
26907,109, 0
26908,138, 0
26909,133, 0
26910,143, 0
26911,166, 0
26912,152, 0
26913,154, 0
26914,164, 0
26915,168, 0
26916,184, 0
26917,183, 0
26918,183, 0
26919,186, 0
26920,207, 0
26921,184, 0
26922,193, 0
26923,192, 0
26924,185, 0
26925,188, 0
26926,200, 0
26927,199, 0
26928,192, 0
26929,148, 0
26930,129, 0
26931,133, 0
26932,138, 0
26933,133, 0
26934,164, 0
26935,155, 0
26936,172, 0
26937,170, 0
26938,172, 0
26939,152, 0
26940,144, 0
26941,132, 0
26942,129, 0
26943,129, 0
26944,125, 0
26945,115, 0
26946,96, 0
26947,99, 0
26948,96, 0
26949,93, 0
26950,70, 0
26951,63, 0
26952,67, 0
26953,73, 0
26954,83, 0
26955,71, 0
26956,70, 0
26957,57, 0
26958,76, 0
26959,43, 0
26960,26, 0
26961,12, 0
26962,18, 0
26963,31, 0
26964,77, 0
26965,110, 0
26966,116, 0
26967,105, 0
26968,121, 0
26969,125, 0
26970,129, 0
26971,134, 0
26972,135, 0
26973,133, 0
26974,135, 0
26975,155, 0
26976,163, 0
26977,181, 0
26978,167, 0
26979,176, 0
26980,180, 0
26981,176, 0
26982,176, 0
26983,175, 0
26984,176, 0
26985,177, 0
26986,183, 0
26987,183, 0
26988,184, 0
26989,170, 0
26990,140, 0
26991,109, 0
26992,120, 0
26993,124, 0
26994,125, 0
26995,168, 0
26996,149, 0
26997,172, 0
26998,176, 0
26999,160, 0
27000,150, 0
27001,139, 0
27002,133, 0
27003,129, 0
27004,127, 0
27005,130, 0
27006,133, 0
27007,112, 0
27008,116, 0
27009,120, 0
27010,119, 0
27011,99, 0
27012,88, 0
27013,92, 0
27014,87, 0
27015,96, 0
27016,108, 0
27017,99, 0
27018,106, 0
27019,89, 0
27020,89, 0
27021,55, 0
27022,43, 0
27023,48, 0
27024,59, 0
27025,105, 0
27026,139, 0
27027,137, 0
27028,127, 0
27029,140, 0
27030,147, 0
27031,139, 0
27032,142, 0
27033,139, 0
27034,143, 0
27035,147, 0
27036,137, 0
27037,124, 0
27038,126, 0
27039,112, 0
27040,110, 0
27041,125, 0
27042,142, 0
27043,176, 0
27044,202, 0
27045,202, 0
27046,198, 0
27047,185, 0
27048,176, 0
27049,167, 0
27050,150, 0
27051,123, 0
27052,96, 0
27053,110, 0
27054,117, 0
27055,126, 0
27056,144, 0
27057,149, 0
27058,159, 0
27059,158, 0
27060,152, 0
27061,149, 0
27062,136, 0
27063,133, 0
27064,129, 0
27065,132, 0
27066,124, 0
27067,121, 0
27068,108, 0
27069,111, 0
27070,118, 0
27071,124, 0
27072,113, 0
27073,101, 0
27074,104, 0
27075,106, 0
27076,110, 0
27077,113, 0
27078,112, 0
27079,123, 0
27080,102, 0
27081,94, 0
27082,72, 0
27083,70, 0
27084,73, 0
27085,85, 0
27086,132, 0
27087,152, 0
27088,151, 0
27089,152, 0
27090,147, 0
27091,150, 0
27092,151, 0
27093,151, 0
27094,140, 0
27095,141, 0
27096,149, 0
27097,145, 0
27098,158, 0
27099,164, 0
27100,152, 0
27101,157, 0
27102,159, 0
27103,154, 0
27104,145, 0
27105,154, 0
27106,151, 0
27107,149, 0
27108,158, 0
27109,155, 0
27110,155, 0
27111,136, 0
27112,96, 0
27113,89, 0
27114,96, 0
27115,107, 0
27116,111, 0
27117,134, 0
27118,142, 0
27119,151, 0
27120,153, 0
27121,159, 0
27122,147, 0
27123,143, 0
27124,132, 0
27125,133, 0
27126,124, 0
27127,128, 0
27128,142, 0
27129,126, 0
27130,133, 0
27131,139, 0
27132,133, 0
27133,110, 0
27134,100, 0
27135,107, 0
27136,112, 0
27137,115, 0
27138,117, 0
27139,119, 0
27140,125, 0
27141,102, 0
27142,92, 0
27143,68, 0
27144,59, 0
27145,63, 0
27146,81, 0
27147,130, 0
27148,144, 0
27149,131, 0
27150,142, 0
27151,133, 0
27152,127, 0
27153,130, 0
27154,125, 0
27155,139, 0
27156,134, 0
27157,153, 0
27158,164, 0
27159,172, 0
27160,170, 0
27161,158, 0
27162,155, 0
27163,153, 0
27164,148, 0
27165,152, 0
27166,148, 0
27167,145, 0
27168,136, 0
27169,133, 0
27170,139, 0
27171,142, 0
27172,119, 0
27173,88, 0
27174,83, 0
27175,92, 0
27176,102, 0
27177,122, 0
27178,142, 0
27179,135, 0
27180,147, 0
27181,156, 0
27182,148, 0
27183,141, 0
27184,138, 0
27185,131, 0
27186,134, 0
27187,136, 0
27188,134, 0
27189,133, 0
27190,128, 0
27191,128, 0
27192,136, 0
27193,129, 0
27194,112, 0
27195,107, 0
27196,108, 0
27197,115, 0
27198,116, 0
27199,119, 0
27200,123, 0
27201,118, 0
27202,109, 0
27203,92, 0
27204,88, 0
27205,75, 0
27206,73, 0
27207,81, 0
27208,115, 0
27209,124, 0
27210,126, 0
27211,119, 0
27212,124, 0
27213,122, 0
27214,136, 0
27215,142, 0
27216,145, 0
27217,152, 0
27218,154, 0
27219,170, 0
27220,180, 0
27221,182, 0
27222,160, 0
27223,156, 0
27224,157, 0
27225,159, 0
27226,164, 0
27227,166, 0
27228,149, 0
27229,155, 0
27230,156, 0
27231,158, 0
27232,160, 0
27233,129, 0
27234,102, 0
27235,86, 0
27236,83, 0
27237,96, 0
27238,117, 0
27239,118, 0
27240,133, 0
27241,151, 0
27242,151, 0
27243,151, 0
27244,152, 0
27245,143, 0
27246,147, 0
27247,158, 0
27248,159, 0
27249,154, 0
27250,149, 0
27251,138, 0
27252,137, 0
27253,139, 0
27254,132, 0
27255,107, 0
27256,106, 0
27257,115, 0
27258,117, 0
27259,124, 0
27260,120, 0
27261,111, 0
27262,109, 0
27263,103, 0
27264,73, 0
27265,67, 0
27266,62, 0
27267,69, 0
27268,89, 0
27269,133, 0
27270,150, 0
27271,145, 0
27272,147, 0
27273,144, 0
27274,139, 0
27275,145, 0
27276,145, 0
27277,133, 0
27278,136, 0
27279,139, 0
27280,139, 0
27281,143, 0
27282,151, 0
27283,139, 0
27284,141, 0
27285,137, 0
27286,126, 0
27287,106, 0
27288,124, 0
27289,124, 0
27290,158, 0
27291,163, 0
27292,183, 0
27293,197, 0
27294,183, 0
27295,130, 0
27296,130, 0
27297,126, 0
27298,145, 0
27299,140, 0
27300,156, 0
27301,164, 0
27302,164, 0
27303,154, 0
27304,147, 0
27305,116, 0
27306,93, 0
27307,99, 0
27308,99, 0
27309,100, 0
27310,106, 0
27311,115, 0
27312,101, 0
27313,117, 0
27314,133, 0
27315,126, 0
27316,122, 0
27317,128, 0
27318,159, 0
27319,174, 0
27320,175, 0
27321,167, 0
27322,152, 0
27323,157, 0
27324,134, 0
27325,106, 0
27326,99, 0
27327,102, 0
27328,89, 0
27329,95, 0
27330,127, 0
27331,135, 0
27332,123, 0
27333,121, 0
27334,122, 0
27335,123, 0
27336,104, 0
27337,115, 0
27338,115, 0
27339,108, 0
27340,111, 0
27341,113, 0
27342,128, 0
27343,134, 0
27344,133, 0
27345,134, 0
27346,138, 0
27347,141, 0
27348,134, 0
27349,153, 0
27350,152, 0
27351,159, 0
27352,152, 0
27353,150, 0
27354,125, 0
27355,92, 0
27356,58, 0
27357,40, 0
27358,37, 0
27359,57, 0
27360,71, 0
27361,106, 0
27362,148, 0
27363,188, 0
27364,219, 0
27365,243, 0
27366,238, 0
27367,220, 0
27368,196, 0
27369,179, 0
27370,158, 0
27371,156, 0
27372,170, 0
27373,135, 0
27374,133, 0
27375,132, 0
27376,108, 0
27377,83, 0
27378,76, 0
27379,86, 0
27380,91, 0
27381,104, 0
27382,120, 0
27383,130, 0
27384,134, 0
27385,128, 0
27386,97, 0
27387,65, 0
27388,63, 0
27389,60, 0
27390,108, 0
27391,165, 0
27392,210, 0
27393,215, 0
27394,207, 0
27395,181, 0
27396,163, 0
27397,153, 0
27398,163, 0
27399,170, 0
27400,191, 0
27401,204, 0
27402,198, 0
27403,202, 0
27404,176, 0
27405,157, 0
27406,142, 0
27407,108, 0
27408,89, 0
27409,70, 0
27410,63, 0
27411,70, 0
27412,79, 0
27413,110, 0
27414,122, 0
27415,121, 0
27416,112, 0
27417,95, 0
27418,94, 0
27419,108, 0
27420,110, 0
27421,125, 0
27422,127, 0
27423,124, 0
27424,122, 0
27425,115, 0
27426,108, 0
27427,106, 0
27428,105, 0
27429,117, 0
27430,108, 0
27431,118, 0
27432,122, 0
27433,127, 0
27434,147, 0
27435,148, 0
27436,154, 0
27437,147, 0
27438,115, 0
27439,115, 0
27440,121, 0
27441,105, 0
27442,117, 0
27443,99, 0
27444,75, 0
27445,57, 0
27446,31, 0
27447,31, 0
27448,24, 0
27449,31, 0
27450,39, 0
27451,80, 0
27452,141, 0
27453,173, 0
27454,176, 0
27455,186, 0
27456,199, 0
27457,223, 0
27458,219, 0
27459,233, 0
27460,243, 0
27461,256, 0
27462,275, 0
27463,293, 0
27464,287, 0
27465,270, 0
27466,227, 0
27467,199, 0
27468,183, 0
27469,136, 0
27470,101, 0
27471,74, 0
27472,63, 0
27473,50, 0
27474,53, 0
27475,41, 0
27476,40, 0
27477,6, 0
27478,0, 0
27479,0, 0
27480,1, 0
27481,20, 0
27482,54, 0
27483,84, 0
27484,115, 0
27485,131, 0
27486,143, 0
27487,145, 0
27488,152, 0
27489,154, 0
27490,170, 0
27491,163, 0
27492,164, 0
27493,151, 0
27494,127, 0
27495,112, 0
27496,107, 0
27497,113, 0
27498,115, 0
27499,116, 0
27500,131, 0
27501,121, 0
27502,115, 0
27503,102, 0
27504,92, 0
27505,86, 0
27506,90, 0
27507,104, 0
27508,90, 0
27509,83, 0
27510,89, 0
27511,78, 0
27512,100, 0
27513,127, 0
27514,130, 0
27515,128, 0
27516,128, 0
27517,128, 0
27518,137, 0
27519,139, 0
27520,170, 0
27521,183, 0
27522,196, 0
27523,218, 0
27524,226, 0
27525,230, 0
27526,234, 0
27527,220, 0
27528,223, 0
27529,232, 0
27530,208, 0
27531,179, 0
27532,152, 0
27533,139, 0
27534,120, 0
27535,109, 0
27536,93, 0
27537,64, 0
27538,6, 0
27539,0, 0
27540,0, 0
27541,0, 0
27542,0, 0
27543,12, 0
27544,64, 0
27545,108, 0
27546,133, 0
27547,127, 0
27548,112, 0
27549,90, 0
27550,52, 0
27551,28, 0
27552,19, 0
27553,25, 0
27554,80, 0
27555,176, 0
27556,263, 0
27557,331, 0
27558,330, 0
27559,294, 1
27560,235, 0
27561,206, 0
27562,169, 0
27563,156, 0
27564,152, 0
27565,158, 0
27566,172, 0
27567,172, 0
27568,152, 0
27569,116, 0
27570,80, 0
27571,57, 0
27572,51, 0
27573,84, 0
27574,124, 0
27575,130, 0
27576,123, 0
27577,117, 0
27578,133, 0
27579,139, 0
27580,153, 0
27581,151, 0
27582,145, 0
27583,145, 0
27584,139, 0
27585,137, 0
27586,143, 0
27587,145, 0
27588,152, 0
27589,166, 0
27590,176, 0
27591,179, 0
27592,179, 0
27593,179, 0
27594,189, 0
27595,202, 0
27596,210, 0
27597,218, 0
27598,193, 0
27599,159, 0
27600,154, 0
27601,151, 0
27602,135, 0
27603,128, 0
27604,133, 0
27605,134, 0
27606,129, 0
27607,108, 0
27608,95, 0
27609,102, 0
27610,107, 0
27611,110, 0
27612,118, 0
27613,127, 0
27614,130, 0
27615,133, 0
27616,112, 0
27617,88, 0
27618,74, 0
27619,80, 0
27620,73, 0
27621,51, 0
27622,67, 0
27623,83, 0
27624,106, 0
27625,132, 0
27626,131, 0
27627,136, 0
27628,126, 0
27629,99, 0
27630,63, 0
27631,28, 0
27632,30, 0
27633,48, 0
27634,90, 0
27635,139, 0
27636,163, 0
27637,170, 0
27638,191, 0
27639,205, 0
27640,204, 0
27641,181, 0
27642,140, 0
27643,108, 0
27644,100, 0
27645,105, 0
27646,120, 0
27647,139, 0
27648,138, 0
27649,142, 0
27650,140, 0
27651,161, 0
27652,187, 0
27653,227, 0
27654,251, 0
27655,246, 0
27656,256, 0
27657,238, 0
27658,246, 0
27659,216, 0
27660,119, 0
27661,47, 0
27662,15, 0
27663,11, 0
27664,28, 0
27665,65, 0
27666,90, 0
27667,104, 0
27668,116, 0
27669,139, 0
27670,161, 0
27671,182, 0
27672,192, 0
27673,208, 0
27674,231, 0
27675,210, 0
27676,163, 0
27677,118, 0
27678,117, 0
27679,137, 0
27680,167, 0
27681,129, 0
27682,85, 0
27683,53, 0
27684,6, 0
27685,0, 0
27686,5, 0
27687,26, 0
27688,31, 0
27689,27, 0
27690,11, 0
27691,1, 0
27692,12, 0
27693,63, 0
27694,127, 0
27695,202, 0
27696,242, 0
27697,231, 0
27698,188, 0
27699,151, 0
27700,108, 0
27701,90, 0
27702,105, 0
27703,133, 0
27704,143, 0
27705,187, 0
27706,211, 0
27707,254, 0
27708,268, 0
27709,252, 0
27710,221, 0
27711,202, 0
27712,174, 0
27713,160, 0
27714,132, 0
27715,105, 0
27716,88, 0
27717,64, 0
27718,76, 0
27719,118, 0
27720,153, 0
27721,140, 0
27722,102, 0
27723,72, 0
27724,25, 0
27725,0, 0
27726,1, 0
27727,12, 0
27728,2, 0
27729,0, 0
27730,19, 0
27731,60, 0
27732,95, 0
27733,145, 0
27734,185, 0
27735,186, 0
27736,158, 0
27737,112, 0
27738,58, 0
27739,27, 0
27740,44, 0
27741,87, 0
27742,151, 0
27743,183, 0
27744,230, 0
27745,268, 0
27746,298, 0
27747,314, 0
27748,322, 0
27749,301, 0
27750,300, 0
27751,286, 0
27752,255, 0
27753,208, 0
27754,166, 0
27755,142, 0
27756,152, 0
27757,189, 0
27758,223, 0
27759,238, 0
27760,249, 0
27761,252, 0
27762,257, 0
27763,200, 0
27764,170, 0
27765,129, 0
27766,81, 0
27767,31, 0
27768,6, 0
27769,9, 0
27770,20, 0
27771,28, 0
27772,50, 0
27773,31, 0
27774,9, 0
27775,0, 0
27776,0, 0
27777,0, 0
27778,2, 0
27779,2, 0
27780,0, 0
27781,0, 0
27782,0, 0
27783,0, 0
27784,0, 0
27785,2, 0
27786,3, 0
27787,2, 0
27788,85, 0
27789,229, 0
27790,334, 0
27791,420, 9
27792,446, 32
27793,411, 40
27794,353, 30
27795,244, 6
27796,102, 0
27797,7, 0
27798,34, 0
27799,28, 0
27800,7, 0
27801,110, 0
27802,238, 0
27803,354, 0
27804,416, 14
27805,439, 35
27806,435, 45
27807,398, 41
27808,319, 23
27809,239, 2
27810,210, 0
27811,213, 0
27812,233, 0
27813,219, 0
27814,158, 0
27815,102, 0
27816,67, 0
27817,95, 0
27818,128, 0
27819,139, 0
27820,130, 0
27821,70, 0
27822,44, 0
27823,65, 0
27824,143, 0
27825,198, 0
27826,239, 0
27827,259, 0
27828,253, 0
27829,252, 0
27830,239, 0
27831,204, 0
27832,168, 0
27833,131, 0
27834,104, 0
27835,76, 0
27836,56, 0
27837,36, 0
27838,12, 0
27839,0, 0
27840,0, 0
27841,6, 0
27842,6, 0
27843,0, 0
27844,1, 0
27845,19, 0
27846,29, 0
27847,24, 0
27848,11, 0
27849,7, 0
27850,0, 0
27851,29, 0
27852,106, 0
27853,187, 0
27854,246, 0
27855,338, 0
27856,377, 4
27857,381, 18
27858,355, 20
27859,308, 9
27860,248, 0
27861,196, 0
27862,185, 0
27863,182, 0
27864,136, 0
27865,96, 0
27866,64, 0
27867,24, 0
27868,4, 0
27869,0, 0
27870,0, 0
27871,0, 0
27872,0, 0
27873,3, 0
27874,12, 0
27875,12, 0
27876,4, 0
27877,4, 0
27878,51, 0
27879,83, 0
27880,61, 0
27881,73, 0
27882,97, 0
27883,172, 0
27884,227, 0
27885,226, 0
27886,190, 0
27887,169, 0
27888,173, 0
27889,202, 0
27890,214, 0
27891,214, 0
27892,198, 0
27893,202, 0
27894,218, 0
27895,224, 0
27896,235, 0
27897,231, 0
27898,231, 0
27899,205, 0
27900,207, 0
27901,214, 0
27902,208, 0
27903,204, 0
27904,204, 0
27905,249, 0
27906,319, 0
27907,388, 5
27908,440, 28
27909,468, 46
27910,427, 50
27911,338, 32
27912,243, 6
27913,158, 0
27914,127, 0
27915,130, 0
27916,163, 0
27917,172, 0
27918,120, 0
27919,18, 0
27920,46, 0
27921,133, 0
27922,181, 0
27923,207, 0
27924,217, 0
27925,232, 0
27926,203, 0
27927,139, 0
27928,57, 0
27929,3, 0
27930,54, 0
27931,158, 0
27932,259, 0
27933,312, 0
27934,286, 0
27935,226, 0
27936,134, 0
27937,73, 0
27938,81, 0
27939,141, 0
27940,191, 0
27941,215, 0
27942,235, 0
27943,264, 0
27944,297, 0
27945,323, 0
27946,314, 0
27947,286, 0
27948,260, 0
27949,232, 0
27950,211, 0
27951,185, 0
27952,163, 0
27953,112, 0
27954,35, 0
27955,8, 0
27956,63, 0
27957,109, 0
27958,145, 0
27959,116, 0
27960,38, 0
27961,6, 0
27962,63, 0
27963,107, 0
27964,108, 0
27965,95, 0
27966,53, 0
27967,48, 0
27968,62, 0
27969,100, 0
27970,132, 0
27971,170, 0
27972,196, 0
27973,204, 0
27974,173, 0
27975,121, 0
27976,65, 0
27977,34, 0
27978,23, 0
27979,13, 0
27980,11, 0
27981,18, 0
27982,26, 0
27983,54, 0
27984,95, 0
27985,123, 0
27986,144, 0
27987,164, 0
27988,188, 0
27989,203, 0
27990,208, 0
27991,199, 0
27992,189, 0
27993,196, 0
27994,204, 0
27995,207, 0
27996,182, 0
27997,148, 0
27998,104, 0
27999,108, 0
28000,157, 0
28001,191, 0
28002,221, 0
28003,217, 0
28004,180, 0
28005,170, 0
28006,183, 0
28007,206, 0
28008,238, 0
28009,269, 0
28010,269, 0
28011,266, 0
28012,270, 0
28013,300, 0
28014,305, 0
28015,294, 0
28016,289, 0
28017,285, 0
28018,302, 0
28019,281, 0
28020,238, 0
28021,187, 0
28022,161, 0
28023,180, 0
28024,237, 0
28025,273, 0
28026,280, 0
28027,294, 0
28028,342, 1
28029,376, 9
28030,373, 19
28031,348, 15
28032,319, 7
28033,321, 4
28034,296, 2
28035,234, 0
28036,159, 0
28037,68, 0
28038,39, 0
28039,75, 0
28040,161, 0
28041,215, 0
28042,282, 0
28043,267, 0
28044,228, 0
28045,157, 0
28046,59, 0
28047,2, 0
28048,0, 0
28049,0, 0
28050,2, 0
28051,23, 0
28052,72, 0
28053,120, 0
28054,137, 0
28055,134, 0
28056,126, 0
28057,127, 0
28058,151, 0
28059,153, 0
28060,150, 0
28061,119, 0
28062,99, 0
28063,74, 0
28064,61, 0
28065,58, 0
28066,17, 0
28067,25, 0
28068,96, 0
28069,125, 0
28070,131, 0
28071,129, 0
28072,142, 0
28073,155, 0
28074,190, 0
28075,207, 0
28076,221, 0
28077,216, 0
28078,200, 0
28079,160, 0
28080,118, 0
28081,89, 0
28082,71, 0
28083,101, 0
28084,149, 0
28085,202, 0
28086,206, 0
28087,212, 0
28088,213, 0
28089,229, 0
28090,257, 0
28091,286, 0
28092,318, 0
28093,296, 0
28094,263, 0
28095,197, 0
28096,154, 0
28097,88, 0
28098,89, 0
28099,89, 0
28100,111, 0
28101,115, 0
28102,89, 0
28103,88, 0
28104,119, 0
28105,158, 0
28106,142, 0
28107,76, 0
28108,36, 0
28109,67, 0
28110,134, 0
28111,208, 0
28112,255, 0
28113,290, 0
28114,282, 0
28115,266, 0
28116,242, 0
28117,202, 0
28118,149, 0
28119,116, 0
28120,122, 0
28121,171, 0
28122,228, 0
28123,207, 0
28124,130, 0
28125,44, 0
28126,19, 0
28127,19, 0
28128,17, 0
28129,18, 0
28130,72, 0
28131,135, 0
28132,184, 0
28133,191, 0
28134,176, 0
28135,159, 0
28136,150, 0
28137,156, 0
28138,155, 0
28139,180, 0
28140,183, 0
28141,190, 0
28142,186, 0
28143,196, 0
28144,183, 0
28145,185, 0
28146,158, 0
28147,96, 0
28148,51, 0
28149,56, 0
28150,59, 0
28151,57, 0
28152,77, 0
28153,130, 0
28154,181, 0
28155,257, 0
28156,330, 0
28157,367, 4
28158,348, 11
28159,292, 5
28160,262, 0
28161,226, 0
28162,183, 0
28163,157, 0
28164,119, 0
28165,72, 0
28166,51, 0
28167,15, 0
28168,3, 0
28169,59, 0
28170,132, 0
28171,167, 0
28172,166, 0
28173,119, 0
28174,44, 0
28175,0, 0
28176,8, 0
28177,1, 0
28178,9, 0
28179,12, 0
28180,0, 0
28181,14, 0
28182,112, 0
28183,229, 0
28184,318, 0
28185,346, 2
28186,315, 2
28187,265, 0
28188,232, 0
28189,206, 0
28190,214, 0
28191,199, 0
28192,215, 0
28193,215, 0
28194,228, 0
28195,247, 0
28196,244, 0
28197,236, 0
28198,226, 0
28199,177, 0
28200,156, 0
28201,138, 0
28202,140, 0
28203,148, 0
28204,172, 0
28205,155, 0
28206,131, 0
28207,95, 0
28208,44, 0
28209,8, 0
28210,1, 0
28211,10, 0
28212,4, 0
28213,3, 0
28214,5, 0
28215,14, 0
28216,5, 0
28217,13, 0
28218,60, 0
28219,101, 0
28220,159, 0
28221,189, 0
28222,197, 0
28223,197, 0
28224,199, 0
28225,196, 0
28226,183, 0
28227,179, 0
28228,179, 0
28229,155, 0
28230,102, 0
28231,51, 0
28232,8, 0
28233,0, 0
28234,6, 0
28235,25, 0
28236,19, 0
28237,11, 0
28238,11, 0
28239,22, 0
28240,22, 0
28241,2, 0
28242,15, 0
28243,113, 0
28244,217, 0
28245,260, 0
28246,242, 0
28247,196, 0
28248,144, 0
28249,101, 0
28250,58, 0
28251,77, 0
28252,118, 0
28253,175, 0
28254,238, 0
28255,319, 0
28256,371, 2
28257,373, 12
28258,325, 7
28259,245, 0
28260,190, 0
28261,145, 0
28262,145, 0
28263,188, 0
28264,246, 0
28265,318, 0
28266,383, 5
28267,385, 14
28268,319, 13
28269,224, 0
28270,133, 0
28271,81, 0
28272,57, 0
28273,69, 0
28274,90, 0
28275,115, 0
28276,121, 0
28277,95, 0
28278,89, 0
28279,80, 0
28280,69, 0
28281,65, 0
28282,70, 0
28283,79, 0
28284,83, 0
28285,100, 0
28286,127, 0
28287,166, 0
28288,201, 0
28289,223, 0
28290,240, 0
28291,276, 0
28292,300, 0
28293,272, 0
28294,206, 0
28295,132, 0
28296,74, 0
28297,24, 0
28298,0, 0
28299,7, 0
28300,6, 0
28301,0, 0
28302,2, 0
28303,6, 0
28304,0, 0
28305,0, 0
28306,0, 0
28307,19, 0
28308,44, 0
28309,53, 0
28310,52, 0
28311,19, 0
28312,22, 0
28313,155, 0
28314,263, 0
28315,312, 0
28316,322, 0
28317,285, 0
28318,260, 0
28319,277, 0
28320,325, 0
28321,370, 2
28322,384, 12
28323,343, 13
28324,276, 2
28325,222, 0
28326,164, 0
28327,127, 0
28328,91, 0
28329,51, 0
28330,2, 0
28331,0, 0
28332,0, 0
28333,0, 0
28334,0, 0
28335,11, 0
28336,59, 0
28337,138, 0
28338,231, 0
28339,252, 0
28340,241, 0
28341,164, 0
28342,101, 0
28343,61, 0
28344,44, 0
28345,70, 0
28346,144, 0
28347,202, 0
28348,262, 0
28349,313, 0
28350,342, 2
28351,334, 6
28352,300, 2
28353,241, 0
28354,216, 0
28355,223, 0
28356,290, 0
28357,356, 2
28358,393, 11
28359,396, 23
28360,390, 25
28361,411, 31
28362,375, 26
28363,251, 6
28364,119, 0
28365,31, 0
28366,0, 0
28367,0, 0
28368,11, 0
28369,77, 0
28370,158, 0
28371,199, 0
28372,207, 0
28373,227, 0
28374,214, 0
28375,222, 0
28376,226, 0
28377,206, 0
28378,159, 0
28379,103, 0
28380,77, 0
28381,88, 0
28382,100, 0
28383,111, 0
28384,73, 0
28385,18, 0
28386,0, 0
28387,26, 0
28388,38, 0
28389,24, 0
28390,14, 0
28391,6, 0
28392,0, 0
28393,0, 0
28394,0, 0
28395,4, 0
28396,31, 0
28397,64, 0
28398,85, 0
28399,75, 0
28400,83, 0
28401,59, 0
28402,34, 0
28403,10, 0
28404,0, 0
28405,6, 0
28406,12, 0
28407,0, 0
28408,8, 0
28409,74, 0
28410,164, 0
28411,221, 0
28412,263, 0
28413,299, 0
28414,353, 1
28415,401, 14
28416,409, 29
28417,367, 26
28418,294, 12
28419,228, 0
28420,174, 0
28421,108, 0
28422,25, 0
28423,4, 0
28424,39, 0
28425,125, 0
28426,270, 0
28427,394, 0
28428,462, 25
28429,452, 42
28430,391, 38
28431,329, 21
28432,300, 4
28433,302, 0
28434,330, 0
28435,331, 0
28436,278, 0
28437,205, 0
28438,145, 0
28439,89, 0
28440,72, 0
28441,107, 0
28442,171, 0
28443,201, 0
28444,217, 0
28445,182, 0
28446,149, 0
28447,101, 0
28448,39, 0
28449,1, 0
28450,0, 0
28451,0, 0
28452,0, 0
28453,0, 0
28454,0, 0
28455,1, 0
28456,17, 0
28457,34, 0
28458,63, 0
28459,112, 0
28460,174, 0
28461,249, 0
28462,290, 0
28463,295, 0
28464,276, 0
28465,273, 0
28466,244, 0
28467,205, 0
28468,167, 0
28469,105, 0
28470,44, 0
28471,3, 0
28472,11, 0
28473,59, 0
28474,100, 0
28475,128, 0
28476,154, 0
28477,186, 0
28478,216, 0
28479,251, 0
28480,271, 0
28481,283, 0
28482,325, 0
28483,359, 5
28484,330, 6
28485,242, 2
28486,86, 0
28487,76, 0
28488,217, 0
28489,329, 0
28490,408, 5
28491,454, 29
28492,477, 44
28493,477, 57
28494,431, 55
28495,373, 37
28496,328, 14
28497,282, 1
28498,275, 0
28499,296, 0
28500,298, 0
28501,260, 0
28502,217, 0
28503,188, 0
28504,163, 0
28505,145, 0
28506,125, 0
28507,136, 0
28508,131, 0
28509,138, 0
28510,202, 0
28511,277, 0
28512,336, 0
28513,325, 0
28514,286, 0
28515,224, 0
28516,155, 0
28517,117, 0
28518,109, 0
28519,130, 0
28520,183, 0
28521,236, 0
28522,286, 0
28523,276, 0
28524,245, 0
28525,205, 0
28526,171, 0
28527,115, 0
28528,57, 0
28529,19, 0
28530,0, 0
28531,6, 0
28532,24, 0
28533,67, 0
28534,44, 0
28535,64, 0
28536,90, 0
28537,123, 0
28538,143, 0
28539,160, 0
28540,145, 0
28541,109, 0
28542,42, 0
28543,0, 0
28544,11, 0
28545,7, 0
28546,0, 0
28547,2, 0
28548,20, 0
28549,48, 0
28550,88, 0
28551,101, 0
28552,84, 0
28553,55, 0
28554,37, 0
28555,25, 0
28556,34, 0
28557,44, 0
28558,78, 0
28559,141, 0
28560,170, 0
28561,183, 0
28562,221, 0
28563,279, 0
28564,297, 0
28565,253, 0
28566,163, 0
28567,64, 0
28568,1, 0
28569,37, 0
28570,104, 0
28571,138, 0
28572,121, 0
28573,62, 0
28574,4, 0
28575,58, 0
28576,158, 0
28577,234, 0
28578,294, 0
28579,325, 0
28580,330, 2
28581,316, 0
28582,332, 1
28583,331, 4
28584,321, 4
28585,245, 0
28586,134, 0
28587,81, 0
28588,126, 0
28589,218, 0
28590,245, 0
28591,203, 0
28592,166, 0
28593,170, 0
28594,201, 0
28595,227, 0
28596,270, 0
28597,292, 0
28598,285, 0
28599,244, 0
28600,199, 0
28601,158, 0
28602,145, 0
28603,141, 0
28604,115, 0
28605,72, 0
28606,21, 0
28607,3, 0
28608,0, 0
28609,0, 0
28610,0, 0
28611,0, 0
28612,0, 0
28613,0, 0
28614,0, 0
28615,0, 0
28616,5, 0
28617,54, 0
28618,117, 0
28619,170, 0
28620,252, 0
28621,306, 0
28622,326, 0
28623,300, 0
28624,260, 0
28625,265, 0
28626,276, 0
28627,263, 0
28628,206, 0
28629,139, 0
28630,89, 0
28631,58, 0
28632,64, 0
28633,112, 0
28634,137, 0
28635,124, 0
28636,100, 0
28637,78, 0
28638,54, 0
28639,8, 0
28640,0, 0
28641,0, 0
28642,0, 0
28643,4, 0
28644,17, 0
28645,28, 0
28646,3, 0
28647,0, 0
28648,0, 0
28649,0, 0
28650,10, 0
28651,86, 0
28652,131, 0
28653,173, 0
28654,234, 0
28655,270, 0
28656,270, 0
28657,251, 0
28658,204, 0
28659,144, 0
28660,69, 0
28661,6, 0
28662,0, 0
28663,15, 0
28664,19, 0
28665,17, 0
28666,6, 0
28667,62, 0
28668,207, 0
28669,294, 0
28670,407, 4
28671,398, 17
28672,337, 12
28673,242, 0
28674,151, 0
28675,83, 0
28676,57, 0
28677,32, 0
28678,0, 0
28679,13, 0
28680,42, 0
28681,19, 0
28682,31, 0
28683,135, 0
28684,204, 0
28685,245, 0
28686,243, 0
28687,236, 0
28688,204, 0
28689,138, 0
28690,86, 0
28691,95, 0
28692,158, 0
28693,246, 0
28694,378, 1
28695,510, 31
28696,556, 68
28697,564, 89
28698,539, 97
28699,510, 95
28700,445, 76
28701,402, 57
28702,363, 36
28703,325, 21
28704,324, 8
28705,336, 6
28706,361, 7
28707,362, 15
28708,364, 15
28709,343, 13
28710,282, 4
28711,223, 0
28712,201, 0
28713,177, 0
28714,164, 0
28715,166, 0
28716,186, 0
28717,220, 0
28718,270, 0
28719,306, 0
28720,334, 0
28721,360, 6
28722,368, 12
28723,354, 15
28724,318, 7
28725,239, 0
28726,165, 0
28727,103, 0
28728,81, 0
28729,75, 0
28730,63, 0
28731,64, 0
28732,53, 0
28733,38, 0
28734,31, 0
28735,34, 0
28736,45, 0
28737,35, 0
28738,10, 0
28739,0, 0
28740,0, 0
28741,4, 0
28742,0, 0
28743,1, 0
28744,37, 0
28745,86, 0
28746,151, 0
28747,193, 0
28748,198, 0
28749,166, 0
28750,122, 0
28751,75, 0
28752,29, 0
28753,3, 0
28754,9, 0
28755,60, 0
28756,95, 0
28757,101, 0
28758,102, 0
28759,90, 0
28760,78, 0
28761,63, 0
28762,32, 0
28763,6, 0
28764,0, 0
28765,9, 0
28766,23, 0
28767,43, 0
28768,57, 0
28769,57, 0
28770,40, 0
28771,6, 0
28772,0, 0
28773,6, 0
28774,52, 0
28775,96, 0
28776,108, 0
28777,105, 0
28778,89, 0
28779,51, 0
28780,11, 0
28781,0, 0
28782,9, 0
28783,2, 0
28784,0, 0
28785,0, 0
28786,0, 0
28787,0, 0
28788,18, 0
28789,20, 0
28790,25, 0
28791,60, 0
28792,125, 0
28793,147, 0
28794,148, 0
28795,143, 0
28796,144, 0
28797,164, 0
28798,158, 0
28799,155, 0
28800,158, 0
28801,163, 0
28802,189, 0
28803,246, 0
28804,291, 0
28805,318, 0
28806,323, 0
28807,330, 0
28808,330, 2
28809,318, 2
28810,273, 0
28811,226, 0
28812,165, 0
28813,112, 0
28814,89, 0
28815,118, 0
28816,196, 0
28817,244, 0
28818,279, 0
28819,299, 0
28820,290, 0
28821,268, 0
28822,226, 0
28823,204, 0
28824,159, 0
28825,127, 0
28826,125, 0
28827,144, 0
28828,159, 0
28829,165, 0
28830,164, 0
28831,145, 0
28832,101, 0
28833,75, 0
28834,52, 0
28835,20, 0
28836,19, 0
28837,20, 0
28838,19, 0
28839,19, 0
28840,20, 0
28841,38, 0
28842,59, 0
28843,70, 0
28844,19, 0
28845,0, 0
28846,0, 0
28847,3, 0
28848,35, 0
28849,75, 0
28850,119, 0
28851,132, 0
28852,128, 0
28853,123, 0
28854,109, 0
28855,99, 0
28856,92, 0
28857,115, 0
28858,195, 0
28859,278, 0
28860,297, 0
28861,263, 0
28862,220, 0
28863,229, 0
28864,278, 0
28865,373, 2
28866,413, 15
28867,401, 26
28868,402, 26
28869,384, 26
28870,371, 19
28871,339, 12
28872,311, 6
28873,281, 0
28874,260, 0
28875,213, 0
28876,147, 0
28877,151, 0
28878,133, 0
28879,117, 0
28880,104, 0
28881,91, 0
28882,108, 0
28883,139, 0
28884,174, 0
28885,211, 0
28886,216, 0
28887,204, 0
28888,185, 0
28889,164, 0
28890,147, 0
28891,158, 0
28892,163, 0
28893,159, 0
28894,151, 0
28895,155, 0
28896,139, 0
28897,145, 0
28898,156, 0
28899,136, 0
28900,105, 0
28901,50, 0
28902,3, 0
28903,1, 0
28904,15, 0
28905,38, 0
28906,38, 0
28907,64, 0
28908,102, 0
28909,138, 0
28910,164, 0
28911,133, 0
28912,47, 0
28913,34, 0
28914,152, 0
28915,214, 0
28916,223, 0
28917,207, 0
28918,182, 0
28919,174, 0
28920,174, 0
28921,204, 0
28922,244, 0
28923,279, 0
28924,300, 0
28925,304, 0
28926,267, 0
28927,229, 0
28928,188, 0
28929,175, 0
28930,199, 0
28931,219, 0
28932,201, 0
28933,144, 0
28934,90, 0
28935,63, 0
28936,63, 0
28937,48, 0
28938,28, 0
28939,25, 0
28940,87, 0
28941,173, 0
28942,239, 0
28943,269, 0
28944,283, 0
28945,254, 0
28946,230, 0
28947,175, 0
28948,101, 0
28949,52, 0
28950,38, 0
28951,59, 0
28952,119, 0
28953,136, 0
28954,132, 0
28955,95, 0
28956,38, 0
28957,0, 0
28958,0, 0
28959,0, 0
28960,2, 0
28961,37, 0
28962,92, 0
28963,128, 0
28964,137, 0
28965,110, 0
28966,101, 0
28967,84, 0
28968,115, 0
28969,133, 0
28970,141, 0
28971,149, 0
28972,152, 0
28973,140, 0
28974,130, 0
28975,139, 0
28976,127, 0
28977,101, 0
28978,106, 0
28979,133, 0
28980,150, 0
28981,145, 0
28982,129, 0
28983,102, 0
28984,80, 0
28985,86, 0
28986,123, 0
28987,166, 0
28988,183, 0
28989,175, 0
28990,151, 0
28991,142, 0
28992,153, 0
28993,135, 0
28994,91, 0
28995,58, 0
28996,51, 0
28997,57, 0
28998,93, 0
28999,123, 0
29000,139, 0
29001,133, 0
29002,138, 0
29003,166, 0
29004,249, 0
29005,287, 0
29006,330, 0
29007,330, 2
29008,323, 2
29009,302, 1
29010,269, 0
29011,228, 0
29012,202, 0
29013,201, 0
29014,208, 0
29015,177, 0
29016,123, 0
29017,50, 0
29018,1, 0
29019,0, 0
29020,0, 0
29021,0, 0
29022,0, 0
29023,15, 0
29024,35, 0
29025,68, 0
29026,79, 0
29027,79, 0
29028,19, 0
29029,0, 0
29030,4, 0
29031,1, 0
29032,6, 0
29033,10, 0
29034,41, 0
29035,93, 0
29036,129, 0
29037,148, 0
29038,143, 0
29039,121, 0
29040,90, 0
29041,60, 0
29042,48, 0
29043,71, 0
29044,92, 0
29045,124, 0
29046,158, 0
29047,196, 0
29048,276, 0
29049,348, 0
29050,372, 6
29051,354, 7
29052,312, 4
29053,266, 0
29054,218, 0
29055,185, 0
29056,176, 0
29057,201, 0
29058,233, 0
29059,268, 0
29060,287, 0
29061,249, 0
29062,190, 0
29063,189, 0
29064,170, 0
29065,163, 0
29066,154, 0
29067,142, 0
29068,152, 0
29069,176, 0
29070,203, 0
29071,204, 0
29072,181, 0
29073,120, 0
29074,78, 0
29075,56, 0
29076,36, 0
29077,35, 0
29078,34, 0
29079,28, 0
29080,32, 0
29081,38, 0
29082,19, 0
29083,6, 0
29084,5, 0
29085,7, 0
29086,12, 0
29087,14, 0
29088,35, 0
29089,53, 0
29090,76, 0
29091,80, 0
29092,77, 0
29093,48, 0
29094,29, 0
29095,30, 0
29096,74, 0
29097,104, 0
29098,128, 0
29099,133, 0
29100,149, 0
29101,156, 0
29102,164, 0
29103,170, 0
29104,170, 0
29105,149, 0
29106,111, 0
29107,106, 0
29108,155, 0
29109,220, 0
29110,244, 0
29111,226, 0
29112,200, 0
29113,182, 0
29114,176, 0
29115,179, 0
29116,204, 0
29117,227, 0
29118,230, 0
29119,204, 0
29120,169, 0
29121,115, 0
29122,28, 0
29123,0, 0
29124,12, 0
29125,10, 0
29126,0, 0
29127,0, 0
29128,14, 0
29129,65, 0
29130,165, 0
29131,253, 0
29132,270, 0
29133,257, 0
29134,179, 0
29135,151, 0
29136,117, 0
29137,91, 0
29138,68, 0
29139,57, 0
29140,44, 0
29141,42, 0
29142,38, 0
29143,7, 0
29144,0, 0
29145,0, 0
29146,25, 0
29147,88, 0
29148,171, 0
29149,242, 0
29150,276, 0
29151,284, 0
29152,214, 0
29153,134, 0
29154,90, 0
29155,89, 0
29156,67, 0
29157,70, 0
29158,53, 0
29159,55, 0
29160,89, 0
29161,133, 0
29162,168, 0
29163,185, 0
29164,188, 0
29165,204, 0
29166,213, 0
29167,203, 0
29168,186, 0
29169,219, 0
29170,264, 0
29171,282, 0
29172,253, 0
29173,191, 0
29174,169, 0
29175,180, 0
29176,204, 0
29177,230, 0
29178,228, 0
29179,235, 0
29180,243, 0
29181,246, 0
29182,211, 0
29183,142, 0
29184,85, 0
29185,51, 0
29186,50, 0
29187,68, 0
29188,127, 0
29189,159, 0
29190,168, 0
29191,125, 0
29192,76, 0
29193,54, 0
29194,32, 0
29195,3, 0
29196,1, 0
29197,6, 0
29198,18, 0
29199,26, 0
29200,57, 0
29201,109, 0
29202,180, 0
29203,215, 0
29204,189, 0
29205,119, 0
29206,63, 0
29207,28, 0
29208,39, 0
29209,63, 0
29210,90, 0
29211,104, 0
29212,124, 0
29213,137, 0
29214,134, 0
29215,121, 0
29216,111, 0
29217,92, 0
29218,99, 0
29219,109, 0
29220,105, 0
29221,126, 0
29222,152, 0
29223,174, 0
29224,201, 0
29225,220, 0
29226,232, 0
29227,238, 0
29228,232, 0
29229,224, 0
29230,207, 0
29231,187, 0
29232,149, 0
29233,94, 0
29234,57, 0
29235,32, 0
29236,45, 0
29237,92, 0
29238,143, 0
29239,177, 0
29240,179, 0
29241,145, 0
29242,133, 0
29243,138, 0
29244,136, 0
29245,151, 0
29246,159, 0
29247,187, 0
29248,212, 0
29249,238, 0
29250,229, 0
29251,205, 0
29252,191, 0
29253,167, 0
29254,140, 0
29255,123, 0
29256,131, 0
29257,166, 0
29258,183, 0
29259,183, 0
29260,161, 0
29261,139, 0
29262,118, 0
29263,110, 0
29264,99, 0
29265,78, 0
29266,50, 0
29267,31, 0
29268,6, 0
29269,0, 0
29270,0, 0
29271,0, 0
29272,0, 0
29273,0, 0
29274,0, 0
29275,0, 0
29276,0, 0
29277,0, 0
29278,0, 0
29279,6, 0
29280,34, 0
29281,52, 0
29282,84, 0
29283,134, 0
29284,191, 0
29285,244, 0
29286,290, 0
29287,322, 0
29288,326, 0
29289,324, 0
29290,306, 0
29291,278, 0
29292,257, 0
29293,239, 0
29294,232, 0
29295,236, 0
29296,235, 0
29297,223, 0
29298,226, 0
29299,219, 0
29300,219, 0
29301,226, 0
29302,223, 0
29303,228, 0
29304,232, 0
29305,211, 0
29306,187, 0
29307,181, 0
29308,151, 0
29309,135, 0
29310,128, 0
29311,135, 0
29312,134, 0
29313,140, 0
29314,126, 0
29315,99, 0
29316,92, 0
29317,95, 0
29318,123, 0
29319,121, 0
29320,131, 0
29321,133, 0
29322,97, 0
29323,42, 0
29324,5, 0
29325,0, 0
29326,0, 0
29327,0, 0
29328,6, 0
29329,41, 0
29330,85, 0
29331,101, 0
29332,106, 0
29333,95, 0
29334,83, 0
29335,60, 0
29336,32, 0
29337,8, 0
29338,0, 0
29339,0, 0
29340,5, 0
29341,31, 0
29342,58, 0
29343,100, 0
29344,133, 0
29345,168, 0
29346,190, 0
29347,174, 0
29348,164, 0
29349,142, 0
29350,150, 0
29351,168, 0
29352,190, 0
29353,226, 0
29354,236, 0
29355,231, 0
29356,233, 0
29357,228, 0
29358,216, 0
29359,220, 0
29360,226, 0
29361,226, 0
29362,207, 0
29363,201, 0
29364,202, 0
29365,196, 0
29366,160, 0
29367,150, 0
29368,141, 0
29369,133, 0
29370,112, 0
29371,97, 0
29372,85, 0
29373,87, 0
29374,102, 0
29375,118, 0
29376,138, 0
29377,141, 0
29378,131, 0
29379,133, 0
29380,137, 0
29381,152, 0
29382,159, 0
29383,164, 0
29384,173, 0
29385,175, 0
29386,193, 0
29387,181, 0
29388,173, 0
29389,123, 0
29390,55, 0
29391,6, 0
29392,0, 0
29393,0, 0
29394,13, 0
29395,22, 0
29396,11, 0
29397,0, 0
29398,0, 0
29399,0, 0
29400,13, 0
29401,70, 0
29402,134, 0
29403,150, 0
29404,123, 0
29405,118, 0
29406,106, 0
29407,113, 0
29408,131, 0
29409,154, 0
29410,169, 0
29411,200, 0
29412,223, 0
29413,224, 0
29414,240, 0
29415,230, 0
29416,221, 0
29417,207, 0
29418,202, 0
29419,193, 0
29420,199, 0
29421,199, 0
29422,206, 0
29423,207, 0
29424,212, 0
29425,199, 0
29426,186, 0
29427,155, 0
29428,107, 0
29429,105, 0
29430,105, 0
29431,119, 0
29432,108, 0
29433,126, 0
29434,147, 0
29435,170, 0
29436,198, 0
29437,188, 0
29438,187, 0
29439,170, 0
29440,181, 0
29441,149, 0
29442,128, 0
29443,111, 0
29444,85, 0
29445,70, 0
29446,79, 0
29447,74, 0
29448,59, 0
29449,32, 0
29450,0, 0
29451,2, 0
29452,14, 0
29453,18, 0
29454,6, 0
29455,0, 0
29456,6, 0
29457,18, 0
29458,19, 0
29459,40, 0
29460,59, 0
29461,113, 0
29462,158, 0
29463,189, 0
29464,206, 0
29465,201, 0
29466,203, 0
29467,207, 0
29468,222, 0
29469,205, 0
29470,175, 0
29471,144, 0
29472,112, 0
29473,88, 0
29474,97, 0
29475,135, 0
29476,164, 0
29477,191, 0
29478,223, 0
29479,245, 0
29480,257, 0
29481,262, 0
29482,259, 0
29483,264, 0
29484,260, 0
29485,265, 0
29486,248, 0
29487,223, 0
29488,184, 0
29489,154, 0
29490,152, 0
29491,155, 0
29492,154, 0
29493,160, 0
29494,152, 0
29495,134, 0
29496,105, 0
29497,107, 0
29498,115, 0
29499,121, 0
29500,115, 0
29501,109, 0
29502,97, 0
29503,76, 0
29504,74, 0
29505,88, 0
29506,132, 0
29507,132, 0
29508,138, 0
29509,95, 0
29510,57, 0
29511,38, 0
29512,21, 0
29513,30, 0
29514,27, 0
29515,26, 0
29516,10, 0
29517,0, 0
29518,4, 0
29519,17, 0
29520,10, 0
29521,0, 0
29522,13, 0
29523,85, 0
29524,131, 0
29525,151, 0
29526,165, 0
29527,183, 0
29528,185, 0
29529,181, 0
29530,159, 0
29531,144, 0
29532,147, 0
29533,170, 0
29534,197, 0
29535,226, 0
29536,239, 0
29537,221, 0
29538,207, 0
29539,207, 0
29540,218, 0
29541,220, 0
29542,223, 0
29543,217, 0
29544,201, 0
29545,192, 0
29546,182, 0
29547,191, 0
29548,174, 0
29549,152, 0
29550,127, 0
29551,139, 0
29552,159, 0
29553,190, 0
29554,223, 0
29555,230, 0
29556,239, 0
29557,243, 0
29558,210, 0
29559,186, 0
29560,168, 0
29561,136, 0
29562,124, 0
29563,108, 0
29564,96, 0
29565,80, 0
29566,56, 0
29567,63, 0
29568,65, 0
29569,43, 0
29570,19, 0
29571,5, 0
29572,2, 0
29573,2, 0
29574,0, 0
29575,0, 0
29576,0, 0
29577,0, 0
29578,2, 0
29579,8, 0
29580,6, 0
29581,1, 0
29582,12, 0
29583,36, 0
29584,117, 0
29585,159, 0
29586,164, 0
29587,163, 0
29588,142, 0
29589,115, 0
29590,113, 0
29591,120, 0
29592,144, 0
29593,169, 0
29594,202, 0
29595,239, 0
29596,252, 0
29597,248, 0
29598,234, 0
29599,216, 0
29600,223, 0
29601,229, 0
29602,258, 0
29603,268, 0
29604,264, 0
29605,247, 0
29606,228, 0
29607,189, 0
29608,174, 0
29609,137, 0
29610,121, 0
29611,109, 0
29612,135, 0
29613,164, 0
29614,202, 0
29615,234, 0
29616,244, 0
29617,233, 0
29618,204, 0
29619,191, 0
29620,171, 0
29621,165, 0
29622,165, 0
29623,152, 0
29624,127, 0
29625,92, 0
29626,69, 0
29627,41, 0
29628,40, 0
29629,59, 0
29630,69, 0
29631,56, 0
29632,41, 0
29633,51, 0
29634,31, 0
29635,37, 0
29636,44, 0
29637,47, 0
29638,51, 0
29639,59, 0
29640,46, 0
29641,17, 0
29642,1, 0
29643,1, 0
29644,6, 0
29645,39, 0
29646,56, 0
29647,48, 0
29648,32, 0
29649,22, 0
29650,25, 0
29651,51, 0
29652,95, 0
29653,145, 0
29654,183, 0
29655,203, 0
29656,218, 0
29657,232, 0
29658,238, 0
29659,238, 0
29660,249, 0
29661,262, 0
29662,257, 0
29663,255, 0
29664,244, 0
29665,244, 0
29666,230, 0
29667,220, 0
29668,214, 0
29669,211, 0
29670,208, 0
29671,171, 0
29672,160, 0
29673,169, 0
29674,170, 0
29675,168, 0
29676,176, 0
29677,170, 0
29678,160, 0
29679,164, 0
29680,158, 0
29681,153, 0
29682,144, 0
29683,125, 0
29684,109, 0
29685,105, 0
29686,93, 0
29687,85, 0
29688,63, 0
29689,62, 0
29690,40, 0
29691,26, 0
29692,6, 0
29693,2, 0
29694,20, 0
29695,36, 0
29696,51, 0
29697,52, 0
29698,55, 0
29699,63, 0
29700,46, 0
29701,27, 0
29702,20, 0
29703,11, 0
29704,23, 0
29705,44, 0
29706,90, 0
29707,110, 0
29708,112, 0
29709,115, 0
29710,123, 0
29711,123, 0
29712,130, 0
29713,145, 0
29714,152, 0
29715,160, 0
29716,191, 0
29717,176, 0
29718,189, 0
29719,196, 0
29720,195, 0
29721,197, 0
29722,196, 0
29723,202, 0
29724,214, 0
29725,215, 0
29726,214, 0
29727,222, 0
29728,228, 0
29729,229, 0
29730,220, 0
29731,200, 0
29732,159, 0
29733,145, 0
29734,159, 0
29735,169, 0
29736,173, 0
29737,186, 0
29738,189, 0
29739,190, 0
29740,189, 0
29741,176, 0
29742,161, 0
29743,142, 0
29744,133, 0
29745,133, 0
29746,110, 0
29747,113, 0
29748,106, 0
29749,76, 0
29750,65, 0
29751,76, 0
29752,62, 0
29753,51, 0
29754,29, 0
29755,38, 0
29756,38, 0
29757,37, 0
29758,45, 0
29759,46, 0
29760,47, 0
29761,30, 0
29762,6, 0
29763,0, 0
29764,0, 0
29765,0, 0
29766,0, 0
29767,31, 0
29768,70, 0
29769,95, 0
29770,96, 0
29771,125, 0
29772,132, 0
29773,155, 0
29774,164, 0
29775,165, 0
29776,177, 0
29777,193, 0
29778,202, 0
29779,224, 0
29780,232, 0
29781,232, 0
29782,238, 0
29783,246, 0
29784,244, 0
29785,231, 0
29786,242, 0
29787,240, 0
29788,240, 0
29789,234, 0
29790,234, 0
29791,238, 0
29792,200, 0
29793,168, 0
29794,170, 0
29795,167, 0
29796,173, 0
29797,204, 0
29798,198, 0
29799,190, 0
29800,192, 0
29801,188, 0
29802,171, 0
29803,158, 0
29804,148, 0
29805,137, 0
29806,128, 0
29807,126, 0
29808,124, 0
29809,102, 0
29810,77, 0
29811,73, 0
29812,86, 0
29813,62, 0
29814,55, 0
29815,39, 0
29816,43, 0
29817,43, 0
29818,43, 0
29819,37, 0
29820,23, 0
29821,8, 0
29822,0, 0
29823,0, 0
29824,22, 0
29825,35, 0
29826,24, 0
29827,2, 0
29828,40, 0
29829,115, 0
29830,152, 0
29831,161, 0
29832,154, 0
29833,144, 0
29834,145, 0
29835,148, 0
29836,147, 0
29837,170, 0
29838,199, 0
29839,212, 0
29840,251, 0
29841,255, 0
29842,249, 0
29843,238, 0
29844,243, 0
29845,232, 0
29846,226, 0
29847,216, 0
29848,202, 0
29849,219, 0
29850,232, 0
29851,213, 0
29852,223, 0
29853,199, 0
29854,174, 0
29855,175, 0
29856,170, 0
29857,175, 0
29858,183, 0
29859,192, 0
29860,179, 0
29861,181, 0
29862,176, 0
29863,165, 0
29864,150, 0
29865,133, 0
29866,135, 0
29867,128, 0
29868,118, 0
29869,96, 0
29870,74, 0
29871,47, 0
29872,38, 0
29873,45, 0
29874,41, 0
29875,43, 0
29876,34, 0
29877,34, 0
29878,13, 0
29879,7, 0
29880,0, 0
29881,0, 0
29882,0, 0
29883,0, 0
29884,0, 0
29885,0, 0
29886,0, 0
29887,0, 0
29888,15, 0
29889,65, 0
29890,91, 0
29891,84, 0
29892,74, 0
29893,63, 0
29894,57, 0
29895,68, 0
29896,81, 0
29897,88, 0
29898,87, 0
29899,116, 0
29900,138, 0
29901,164, 0
29902,207, 0
29903,248, 0
29904,278, 0
29905,306, 0
29906,311, 0
29907,311, 0
29908,300, 0
29909,280, 0
29910,286, 0
29911,276, 0
29912,245, 0
29913,268, 0
29914,237, 0
29915,207, 0
29916,206, 0
29917,203, 0
29918,207, 0
29919,206, 0
29920,213, 0
29921,204, 0
29922,202, 0
29923,201, 0
29924,189, 0
29925,159, 0
29926,139, 0
29927,130, 0
29928,115, 0
29929,106, 0
29930,93, 0
29931,86, 0
29932,72, 0
29933,62, 0
29934,60, 0
29935,52, 0
29936,26, 0
29937,19, 0
29938,19, 0
29939,20, 0
29940,13, 0
29941,7, 0
29942,0, 0
29943,0, 0
29944,0, 0
29945,0, 0
29946,2, 0
29947,1, 0
29948,0, 0
29949,13, 0
29950,75, 0
29951,108, 0
29952,111, 0
29953,121, 0
29954,133, 0
29955,138, 0
29956,145, 0
29957,152, 0
29958,159, 0
29959,170, 0
29960,175, 0
29961,185, 0
29962,201, 0
29963,198, 0
29964,207, 0
29965,202, 0
29966,211, 0
29967,207, 0
29968,222, 0
29969,208, 0
29970,201, 0
29971,216, 0
29972,235, 0
29973,228, 0
29974,249, 0
29975,222, 0
29976,180, 0
29977,175, 0
29978,166, 0
29979,168, 0
29980,185, 0
29981,219, 0
29982,214, 0
29983,214, 0
29984,208, 0
29985,189, 0
29986,170, 0
29987,152, 0
29988,133, 0
29989,124, 0
29990,104, 0
29991,92, 0
29992,76, 0
29993,64, 0
29994,45, 0
29995,62, 0
29996,44, 0
29997,17, 0
29998,6, 0
29999,3, 0
30000,2, 0
30001,0, 0
30002,1, 0
30003,9, 0
30004,19, 0
30005,25, 0
30006,7, 0
30007,1, 0
30008,0, 0
30009,0, 0
30010,1, 0
30011,31, 0
30012,59, 0
30013,90, 0
30014,122, 0
30015,153, 0
30016,167, 0
30017,182, 0
30018,181, 0
30019,179, 0
30020,183, 0
30021,185, 0
30022,191, 0
30023,204, 0
30024,212, 0
30025,214, 0
30026,231, 0
30027,227, 0
30028,213, 0
30029,235, 0
30030,236, 0
30031,237, 0
30032,243, 0
30033,242, 0
30034,240, 0
30035,229, 0
30036,196, 0
30037,154, 0
30038,139, 0
30039,136, 0
30040,142, 0
30041,157, 0
30042,180, 0
30043,189, 0
30044,212, 0
30045,205, 0
30046,191, 0
30047,183, 0
30048,170, 0
30049,150, 0
30050,142, 0
30051,136, 0
30052,108, 0
30053,93, 0
30054,84, 0
30055,74, 0
30056,74, 0
30057,52, 0
30058,37, 0
30059,22, 0
30060,27, 0
30061,22, 0
30062,22, 0
30063,18, 0
30064,12, 0
30065,7, 0
30066,3, 0
30067,0, 0
30068,0, 0
30069,0, 0
30070,0, 0
30071,30, 0
30072,78, 0
30073,93, 0
30074,89, 0
30075,102, 0
30076,111, 0
30077,126, 0
30078,145, 0
30079,152, 0
30080,158, 0
30081,176, 0
30082,183, 0
30083,193, 0
30084,206, 0
30085,204, 0
30086,200, 0
30087,220, 0
30088,208, 0
30089,229, 0
30090,238, 0
30091,229, 0
30092,237, 0
30093,242, 0
30094,241, 0
30095,249, 0
30096,240, 0
30097,193, 0
30098,187, 0
30099,175, 0
30100,165, 0
30101,170, 0
30102,171, 0
30103,175, 0
30104,165, 0
30105,175, 0
30106,183, 0
30107,160, 0
30108,145, 0
30109,141, 0
30110,129, 0
30111,121, 0
30112,102, 0
30113,93, 0
30114,85, 0
30115,77, 0
30116,78, 0
30117,85, 0
30118,65, 0
30119,52, 0
30120,55, 0
30121,58, 0
30122,54, 0
30123,59, 0
30124,45, 0
30125,31, 0
30126,28, 0
30127,18, 0
30128,4, 0
30129,0, 0
30130,0, 0
30131,1, 0
30132,39, 0
30133,83, 0
30134,90, 0
30135,95, 0
30136,97, 0
30137,115, 0
30138,133, 0
30139,152, 0
30140,158, 0
30141,160, 0
30142,168, 0
30143,173, 0
30144,190, 0
30145,206, 0
30146,202, 0
30147,206, 0
30148,215, 0
30149,211, 0
30150,210, 0
30151,227, 0
30152,231, 0
30153,226, 0
30154,247, 0
30155,228, 0
30156,233, 0
30157,226, 0
30158,189, 0
30159,170, 0
30160,160, 0
30161,159, 0
30162,171, 0
30163,206, 0
30164,193, 0
30165,187, 0
30166,187, 0
30167,183, 0
30168,161, 0
30169,153, 0
30170,139, 0
30171,132, 0
30172,128, 0
30173,115, 0
30174,97, 0
30175,88, 0
30176,73, 0
30177,76, 0
30178,61, 0
30179,45, 0
30180,29, 0
30181,24, 0
30182,27, 0
30183,25, 0
30184,29, 0
30185,24, 0
30186,20, 0
30187,14, 0
30188,12, 0
30189,2, 0
30190,0, 0
30191,9, 0
30192,21, 0
30193,72, 0
30194,125, 0
30195,121, 0
30196,127, 0
30197,121, 0
30198,133, 0
30199,145, 0
30200,156, 0
30201,157, 0
30202,163, 0
30203,183, 0
30204,185, 0
30205,201, 0
30206,216, 0
30207,216, 0
30208,215, 0
30209,221, 0
30210,219, 0
30211,216, 0
30212,233, 0
30213,226, 0
30214,226, 0
30215,228, 0
30216,234, 0
30217,237, 0
30218,222, 0
30219,182, 0
30220,156, 0
30221,164, 0
30222,164, 0
30223,172, 0
30224,188, 0
30225,191, 0
30226,196, 0
30227,190, 0
30228,197, 0
30229,188, 0
30230,154, 0
30231,121, 0
30232,127, 0
30233,118, 0
30234,110, 0
30235,100, 0
30236,85, 0
30237,81, 0
30238,76, 0
30239,76, 0
30240,56, 0
30241,39, 0
30242,39, 0
30243,40, 0
30244,38, 0
30245,43, 0
30246,36, 0
30247,31, 0
30248,23, 0
30249,17, 0
30250,0, 0
30251,0, 0
30252,0, 0
30253,4, 0
30254,43, 0
30255,85, 0
30256,93, 0
30257,97, 0
30258,111, 0
30259,119, 0
30260,129, 0
30261,139, 0
30262,144, 0
30263,151, 0
30264,183, 0
30265,169, 0
30266,188, 0
30267,192, 0
30268,199, 0
30269,204, 0
30270,208, 0
30271,190, 0
30272,206, 0
30273,214, 0
30274,214, 0
30275,215, 0
30276,212, 0
30277,218, 0
30278,224, 0
30279,213, 0
30280,183, 0
30281,156, 0
30282,152, 0
30283,158, 0
30284,164, 0
30285,181, 0
30286,186, 0
30287,184, 0
30288,180, 0
30289,182, 0
30290,185, 0
30291,151, 0
30292,158, 0
30293,126, 0
30294,127, 0
30295,117, 0
30296,105, 0
30297,92, 0
30298,80, 0
30299,85, 0
30300,83, 0
30301,62, 0
30302,46, 0
30303,43, 0
30304,47, 0
30305,45, 0
30306,44, 0
30307,41, 0
30308,31, 0
30309,34, 0
30310,18, 0
30311,0, 0
30312,6, 0
30313,1, 0
30314,19, 0
30315,62, 0
30316,81, 0
30317,99, 0
30318,104, 0
30319,111, 0
30320,118, 0
30321,133, 0
30322,140, 0
30323,145, 0
30324,156, 0
30325,165, 0
30326,168, 0
30327,181, 0
30328,195, 0
30329,188, 0
30330,195, 0
30331,186, 0
30332,183, 0
30333,204, 0
30334,207, 0
30335,207, 0
30336,212, 0
30337,207, 0
30338,222, 0
30339,218, 0
30340,202, 0
30341,164, 0
30342,152, 0
30343,153, 0
30344,159, 0
30345,167, 0
30346,172, 0
30347,187, 0
30348,183, 0
30349,183, 0
30350,171, 0
30351,159, 0
30352,153, 0
30353,137, 0
30354,133, 0
30355,124, 0
30356,121, 0
30357,121, 0
30358,100, 0
30359,91, 0
30360,86, 0
30361,89, 0
30362,65, 0
30363,57, 0
30364,57, 0
30365,54, 0
30366,56, 0
30367,51, 0
30368,60, 0
30369,41, 0
30370,37, 0
30371,25, 0
30372,6, 0
30373,4, 0
30374,6, 0
30375,17, 0
30376,64, 0
30377,94, 0
30378,92, 0
30379,105, 0
30380,101, 0
30381,121, 0
30382,125, 0
30383,137, 0
30384,135, 0
30385,145, 0
30386,153, 0
30387,159, 0
30388,174, 0
30389,185, 0
30390,196, 0
30391,183, 0
30392,183, 0
30393,175, 0
30394,183, 0
30395,196, 0
30396,197, 0
30397,200, 0
30398,215, 0
30399,215, 0
30400,210, 0
30401,207, 0
30402,165, 0
30403,152, 0
30404,150, 0
30405,152, 0
30406,160, 0
30407,176, 0
30408,183, 0
30409,183, 0
30410,185, 0
30411,161, 0
30412,174, 0
30413,148, 0
30414,135, 0
30415,139, 0
30416,138, 0
30417,113, 0
30418,116, 0
30419,92, 0
30420,97, 0
30421,94, 0
30422,92, 0
30423,76, 0
30424,60, 0
30425,61, 0
30426,58, 0
30427,61, 0
30428,48, 0
30429,51, 0
30430,51, 0
30431,50, 0
30432,35, 0
30433,14, 0
30434,14, 0
30435,19, 0
30436,25, 0
30437,75, 0
30438,102, 0
30439,109, 0
30440,111, 0
30441,120, 0
30442,126, 0
30443,143, 0
30444,143, 0
30445,141, 0
30446,152, 0
30447,158, 0
30448,165, 0
30449,177, 0
30450,184, 0
30451,183, 0
30452,187, 0
30453,189, 0
30454,183, 0
30455,196, 0
30456,201, 0
30457,196, 0
30458,196, 0
30459,195, 0
30460,205, 0
30461,203, 0
30462,183, 0
30463,149, 0
30464,134, 0
30465,150, 0
30466,142, 0
30467,155, 0
30468,172, 0
30469,181, 0
30470,179, 0
30471,185, 0
30472,158, 0
30473,160, 0
30474,152, 0
30475,139, 0
30476,148, 0
30477,137, 0
30478,121, 0
30479,108, 0
30480,102, 0
30481,91, 0
30482,94, 0
30483,95, 0
30484,76, 0
30485,69, 0
30486,69, 0
30487,68, 0
30488,68, 0
30489,65, 0
30490,63, 0
30491,55, 0
30492,52, 0
30493,37, 0
30494,12, 0
30495,6, 0
30496,12, 0
30497,32, 0
30498,87, 0
30499,109, 0
30500,118, 0
30501,119, 0
30502,119, 0
30503,127, 0
30504,133, 0
30505,141, 0
30506,141, 0
30507,141, 0
30508,154, 0
30509,159, 0
30510,172, 0
30511,183, 0
30512,174, 0
30513,183, 0
30514,180, 0
30515,184, 0
30516,191, 0
30517,190, 0
30518,184, 0
30519,193, 0
30520,193, 0
30521,195, 0
30522,192, 0
30523,171, 0
30524,150, 0
30525,120, 0
30526,131, 0
30527,134, 0
30528,158, 0
30529,182, 0
30530,170, 0
30531,176, 0
30532,172, 0
30533,160, 0
30534,159, 0
30535,152, 0
30536,145, 0
30537,145, 0
30538,138, 0
30539,124, 0
30540,111, 0
30541,101, 0
30542,99, 0
30543,95, 0
30544,91, 0
30545,68, 0
30546,57, 0
30547,62, 0
30548,58, 0
30549,60, 0
30550,60, 0
30551,55, 0
30552,56, 0
30553,60, 0
30554,47, 0
30555,31, 0
30556,29, 0
30557,35, 0
30558,72, 0
30559,102, 0
30560,135, 0
30561,127, 0
30562,130, 0
30563,143, 0
30564,141, 0
30565,136, 0
30566,130, 0
30567,104, 0
30568,122, 0
30569,133, 0
30570,147, 0
30571,159, 0
30572,189, 0
30573,190, 0
30574,200, 0
30575,204, 0
30576,204, 0
30577,219, 0
30578,217, 0
30579,198, 0
30580,190, 0
30581,190, 0
30582,188, 0
30583,191, 0
30584,169, 0
30585,129, 0
30586,136, 0
30587,139, 0
30588,145, 0
30589,164, 0
30590,174, 0
30591,183, 0
30592,190, 0
30593,182, 0
30594,159, 0
30595,145, 0
30596,130, 0
30597,121, 0
30598,115, 0
30599,96, 0
30600,92, 0
30601,83, 0
30602,73, 0
30603,80, 0
30604,95, 0
30605,115, 0
30606,107, 0
30607,100, 0
30608,94, 0
30609,86, 0
30610,79, 0
30611,76, 0
30612,71, 0
30613,60, 0
30614,57, 0
30615,38, 0
30616,18, 0
30617,19, 0
30618,25, 0
30619,44, 0
30620,90, 0
30621,112, 0
30622,119, 0
30623,122, 0
30624,120, 0
30625,130, 0
30626,139, 0
30627,139, 0
30628,138, 0
30629,140, 0
30630,147, 0
30631,153, 0
30632,161, 0
30633,172, 0
30634,164, 0
30635,173, 0
30636,179, 0
30637,176, 0
30638,185, 0
30639,192, 0
30640,187, 0
30641,191, 0
30642,199, 0
30643,198, 0
30644,197, 0
30645,165, 0
30646,133, 0
30647,135, 0
30648,137, 0
30649,137, 0
30650,143, 0
30651,179, 0
30652,160, 0
30653,164, 0
30654,159, 0
30655,160, 0
30656,141, 0
30657,127, 0
30658,111, 0
30659,121, 0
30660,125, 0
30661,133, 0
30662,131, 0
30663,130, 0
30664,125, 0
30665,128, 0
30666,117, 0
30667,100, 0
30668,96, 0
30669,96, 0
30670,99, 0
30671,97, 0
30672,83, 0
30673,88, 0
30674,78, 0
30675,70, 0
30676,47, 0
30677,25, 0
30678,18, 0
30679,17, 0
30680,36, 0
30681,105, 0
30682,127, 0
30683,138, 0
30684,145, 0
30685,158, 0
30686,159, 0
30687,165, 0
30688,155, 0
30689,142, 0
30690,142, 0
30691,145, 0
30692,147, 0
30693,164, 0
30694,170, 0
30695,170, 0
30696,164, 0
30697,179, 0
30698,170, 0
30699,176, 0
30700,166, 0
30701,170, 0
30702,171, 0
30703,186, 0
30704,174, 0
30705,181, 0
30706,153, 0
30707,117, 0
30708,108, 0
30709,111, 0
30710,119, 0
30711,134, 0
30712,152, 0
30713,142, 0
30714,163, 0
30715,160, 0
30716,167, 0
30717,140, 0
30718,127, 0
30719,120, 0
30720,115, 0
30721,102, 0
30722,95, 0
30723,92, 0
30724,94, 0
30725,104, 0
30726,122, 0
30727,127, 0
30728,116, 0
30729,125, 0
30730,129, 0
30731,117, 0
30732,131, 0
30733,108, 0
30734,102, 0
30735,100, 0
30736,83, 0
30737,67, 0
30738,57, 0
30739,59, 0
30740,70, 0
30741,105, 0
30742,131, 0
30743,151, 0
30744,139, 0
30745,131, 0
30746,133, 0
30747,148, 0
30748,165, 0
30749,166, 0
30750,159, 0
30751,166, 0
30752,170, 0
30753,167, 0
30754,172, 0
30755,172, 0
30756,163, 0
30757,170, 0
30758,158, 0
30759,141, 0
30760,138, 0
30761,133, 0
30762,130, 0
30763,133, 0
30764,150, 0
30765,116, 0
30766,129, 0
30767,96, 0
30768,58, 0
30769,42, 0
30770,59, 0
30771,75, 0
30772,109, 0
30773,141, 0
30774,175, 0
30775,218, 0
30776,211, 0
30777,217, 0
30778,213, 0
30779,206, 0
30780,202, 0
30781,201, 0
30782,191, 0
30783,205, 0
30784,227, 0
30785,211, 0
30786,206, 0
30787,196, 0
30788,170, 0
30789,151, 0
30790,127, 0
30791,120, 0
30792,118, 0
30793,99, 0
30794,84, 0
30795,55, 0
30796,40, 0
30797,21, 0
30798,19, 0
30799,0, 0
30800,0, 0
30801,0, 0
30802,26, 0
30803,71, 0
30804,85, 0
30805,79, 0
30806,76, 0
30807,85, 0
30808,85, 0
30809,101, 0
30810,108, 0
30811,111, 0
30812,110, 0
30813,132, 0
30814,142, 0
30815,170, 0
30816,168, 0
30817,192, 0
30818,198, 0
30819,196, 0
30820,196, 0
30821,174, 0
30822,139, 0
30823,112, 0
30824,89, 0
30825,65, 0
30826,71, 0
30827,70, 0
30828,42, 0
30829,43, 0
30830,47, 0
30831,72, 0
30832,103, 0
30833,144, 0
30834,189, 0
30835,222, 0
30836,262, 0
30837,270, 0
30838,272, 0
30839,269, 0
30840,260, 0
30841,245, 0
30842,239, 0
30843,221, 0
30844,204, 0
30845,170, 0
30846,128, 0
30847,97, 0
30848,76, 0
30849,57, 0
30850,42, 0
30851,44, 0
30852,55, 0
30853,60, 0
30854,62, 0
30855,63, 0
30856,67, 0
30857,61, 0
30858,48, 0
30859,23, 0
30860,10, 0
30861,18, 0
30862,45, 0
30863,100, 0
30864,158, 0
30865,198, 0
30866,204, 0
30867,208, 0
30868,218, 0
30869,232, 0
30870,243, 0
30871,229, 0
30872,220, 0
30873,196, 0
30874,191, 0
30875,177, 0
30876,185, 0
30877,183, 0
30878,179, 0
30879,166, 0
30880,159, 0
30881,150, 0
30882,154, 0
30883,131, 0
30884,104, 0
30885,74, 0
30886,39, 0
30887,27, 0
30888,25, 0
30889,8, 0
30890,11, 0
30891,27, 0
30892,63, 0
30893,106, 0
30894,163, 0
30895,212, 0
30896,253, 0
30897,293, 0
30898,252, 0
30899,210, 0
30900,161, 0
30901,139, 0
30902,135, 0
30903,149, 0
30904,115, 0
30905,91, 0
30906,67, 0
30907,25, 0
30908,13, 0
30909,4, 0
30910,1, 0
30911,3, 0
30912,25, 0
30913,45, 0
30914,55, 0
30915,65, 0
30916,78, 0
30917,92, 0
30918,115, 0
30919,125, 0
30920,116, 0
30921,101, 0
30922,105, 0
30923,94, 0
30924,122, 0
30925,153, 0
30926,183, 0
30927,186, 0
30928,219, 0
30929,241, 0
30930,263, 0
30931,263, 0
30932,240, 0
30933,216, 0
30934,187, 0
30935,189, 0
30936,158, 0
30937,158, 0
30938,127, 0
30939,95, 0
30940,92, 0
30941,72, 0
30942,63, 0
30943,72, 0
30944,74, 0
30945,81, 0
30946,92, 0
30947,113, 0
30948,139, 0
30949,129, 0
30950,90, 0
30951,54, 0
30952,60, 0
30953,92, 0
30954,132, 0
30955,156, 0
30956,167, 0
30957,164, 0
30958,163, 0
30959,132, 0
30960,141, 0
30961,154, 0
30962,160, 0
30963,170, 0
30964,175, 0
30965,159, 0
30966,152, 0
30967,139, 0
30968,123, 0
30969,131, 0
30970,157, 0
30971,149, 0
30972,144, 0
30973,136, 0
30974,140, 0
30975,158, 0
30976,205, 0
30977,252, 0
30978,293, 0
30979,300, 0
30980,270, 0
30981,206, 0
30982,128, 0
30983,71, 0
30984,11, 0
30985,4, 0
30986,12, 0
30987,19, 0
30988,20, 0
30989,26, 0
30990,37, 0
30991,22, 0
30992,24, 0
30993,32, 0
30994,45, 0
30995,68, 0
30996,90, 0
30997,97, 0
30998,145, 0
30999,167, 0
31000,170, 0
31001,188, 0
31002,185, 0
31003,184, 0
31004,195, 0
31005,211, 0
31006,237, 0
31007,258, 0
31008,286, 0
31009,316, 0
31010,318, 0
31011,286, 0
31012,220, 0
31013,177, 0
31014,145, 0
31015,119, 0
31016,92, 0
31017,64, 0
31018,50, 0
31019,40, 0
31020,45, 0
31021,48, 0
31022,61, 0
31023,76, 0
31024,111, 0
31025,152, 0
31026,197, 0
31027,211, 0
31028,197, 0
31029,166, 0
31030,147, 0
31031,139, 0
31032,133, 0
31033,120, 0
31034,115, 0
31035,100, 0
31036,80, 0
31037,32, 0
31038,1, 0
31039,0, 0
31040,15, 0
31041,63, 0
31042,102, 0
31043,102, 0
31044,57, 0
31045,10, 0
31046,44, 0
31047,130, 0
31048,204, 0
31049,244, 0
31050,266, 0
31051,239, 0
31052,188, 0
31053,121, 0
31054,70, 0
31055,48, 0
31056,37, 0
31057,25, 0
31058,28, 0
31059,44, 0
31060,75, 0
31061,113, 0
31062,160, 0
31063,218, 0
31064,260, 0
31065,276, 0
31066,254, 0
31067,183, 0
31068,99, 0
31069,25, 0
31070,1, 0
31071,12, 0
31072,35, 0
31073,76, 0
31074,170, 0
31075,249, 0
31076,305, 0
31077,329, 1
31078,342, 3
31079,348, 8
31080,352, 7
31081,348, 7
31082,326, 6
31083,274, 0
31084,215, 0
31085,153, 0
31086,102, 0
31087,61, 0
31088,48, 0
31089,62, 0
31090,96, 0
31091,145, 0
31092,179, 0
31093,191, 0
31094,182, 0
31095,180, 0
31096,176, 0
31097,157, 0
31098,148, 0
31099,144, 0
31100,134, 0
31101,111, 0
31102,76, 0
31103,27, 0
31104,3, 0
31105,0, 0
31106,0, 0
31107,19, 0
31108,84, 0
31109,139, 0
31110,180, 0
31111,207, 0
31112,222, 0
31113,229, 0
31114,218, 0
31115,203, 0
31116,172, 0
31117,119, 0
31118,107, 0
31119,85, 0
31120,53, 0
31121,25, 0
31122,0, 0
31123,0, 0
31124,0, 0
31125,20, 0
31126,64, 0
31127,112, 0
31128,145, 0
31129,144, 0
31130,97, 0
31131,55, 0
31132,2, 0
31133,3, 0
31134,57, 0
31135,147, 0
31136,191, 0
31137,195, 0
31138,200, 0
31139,229, 0
31140,276, 0
31141,339, 0
31142,396, 7
31143,403, 22
31144,354, 21
31145,278, 6
31146,214, 0
31147,180, 0
31148,206, 0
31149,254, 0
31150,297, 0
31151,352, 4
31152,401, 12
31153,421, 31
31154,417, 38
31155,391, 36
31156,367, 28
31157,323, 17
31158,265, 1
31159,220, 0
31160,136, 0
31161,83, 0
31162,4, 0
31163,4, 0
31164,39, 0
31165,57, 0
31166,62, 0
31167,36, 0
31168,0, 0
31169,18, 0
31170,50, 0
31171,60, 0
31172,59, 0
31173,63, 0
31174,68, 0
31175,73, 0
31176,89, 0
31177,121, 0
31178,182, 0
31179,221, 0
31180,251, 0
31181,241, 0
31182,219, 0
31183,188, 0
31184,155, 0
31185,130, 0
31186,103, 0
31187,93, 0
31188,113, 0
31189,170, 0
31190,235, 0
31191,297, 0
31192,300, 0
31193,217, 0
31194,59, 0
31195,7, 0
31196,26, 0
31197,4, 0
31198,14, 0
31199,115, 0
31200,214, 0
31201,281, 0
31202,312, 0
31203,330, 0
31204,325, 2
31205,292, 0
31206,257, 0
31207,229, 0
31208,204, 0
31209,195, 0
31210,181, 0
31211,154, 0
31212,133, 0
31213,111, 0
31214,71, 0
31215,13, 0
31216,0, 0
31217,0, 0
31218,0, 0
31219,0, 0
31220,19, 0
31221,0, 0
31222,13, 0
31223,63, 0
31224,121, 0
31225,186, 0
31226,224, 0
31227,203, 0
31228,129, 0
31229,44, 0
31230,0, 0
31231,52, 0
31232,120, 0
31233,186, 0
31234,260, 0
31235,315, 0
31236,330, 0
31237,318, 1
31238,286, 0
31239,290, 0
31240,312, 0
31241,313, 0
31242,278, 0
31243,232, 0
31244,213, 0
31245,204, 0
31246,220, 0
31247,249, 0
31248,259, 0
31249,263, 0
31250,269, 0
31251,286, 0
31252,302, 0
31253,323, 0
31254,284, 0
31255,223, 0
31256,159, 0
31257,100, 0
31258,63, 0
31259,34, 0
31260,31, 0
31261,50, 0
31262,97, 0
31263,170, 0
31264,253, 0
31265,318, 0
31266,355, 4
31267,369, 11
31268,354, 14
31269,292, 6
31270,203, 0
31271,101, 0
31272,21, 0
31273,0, 0
31274,2, 0
31275,3, 0
31276,0, 0
31277,4, 0
31278,19, 0
31279,41, 0
31280,52, 0
31281,57, 0
31282,23, 0
31283,18, 0
31284,25, 0
31285,28, 0
31286,14, 0
31287,0, 0
31288,0, 0
31289,26, 0
31290,97, 0
31291,126, 0
31292,104, 0
31293,53, 0
31294,45, 0
31295,108, 0
31296,183, 0
31297,248, 0
31298,276, 0
31299,262, 0
31300,223, 0
31301,166, 0
31302,133, 0
31303,126, 0
31304,158, 0
31305,159, 0
31306,158, 0
31307,161, 0
31308,158, 0
31309,139, 0
31310,122, 0
31311,124, 0
31312,127, 0
31313,169, 0
31314,233, 0
31315,270, 0
31316,276, 0
31317,304, 0
31318,323, 0
31319,331, 1
31320,314, 6
31321,299, 2
31322,260, 0
31323,211, 0
31324,141, 0
31325,77, 0
31326,44, 0
31327,44, 0
31328,91, 0
31329,134, 0
31330,93, 0
31331,65, 0
31332,3, 0
31333,73, 0
31334,144, 0
31335,174, 0
31336,182, 0
31337,151, 0
31338,81, 0
31339,7, 0
31340,57, 0
31341,161, 0
31342,235, 0
31343,270, 0
31344,301, 0
31345,267, 0
31346,183, 0
31347,142, 0
31348,122, 0
31349,111, 0
31350,121, 0
31351,153, 0
31352,154, 0
31353,119, 0
31354,31, 0
31355,50, 0
31356,151, 0
31357,193, 0
31358,158, 0
31359,50, 0
31360,1, 0
31361,46, 0
31362,81, 0
31363,112, 0
31364,134, 0
31365,153, 0
31366,216, 0
31367,306, 0
31368,450, 12
31369,567, 60
31370,631, 100
31371,630, 124
31372,569, 126
31373,487, 102
31374,413, 70
31375,353, 38
31376,284, 12
31377,181, 0
31378,135, 0
31379,159, 0
31380,214, 0
31381,267, 0
31382,287, 0
31383,289, 0
31384,245, 0
31385,179, 0
31386,132, 0
31387,105, 0
31388,85, 0
31389,55, 0
31390,42, 0
31391,22, 0
31392,39, 0
31393,77, 0
31394,133, 0
31395,188, 0
31396,210, 0
31397,188, 0
31398,139, 0
31399,78, 0
31400,44, 0
31401,19, 0
31402,51, 0
31403,71, 0
31404,85, 0
31405,32, 0
31406,2, 0
31407,57, 0
31408,115, 0
31409,133, 0
31410,119, 0
31411,74, 0
31412,5, 0
31413,22, 0
31414,83, 0
31415,149, 0
31416,191, 0
31417,258, 0
31418,272, 0
31419,263, 0
31420,263, 0
31421,276, 0
31422,302, 0
31423,310, 0
31424,287, 0
31425,252, 0
31426,202, 0
31427,206, 0
31428,231, 0
31429,212, 0
31430,184, 0
31431,165, 0
31432,150, 0
31433,130, 0
31434,95, 0
31435,62, 0
31436,12, 0
31437,27, 0
31438,79, 0
31439,124, 0
31440,137, 0
31441,126, 0
31442,35, 0
31443,9, 0
31444,69, 0
31445,105, 0
31446,96, 0
31447,89, 0
31448,94, 0
31449,111, 0
31450,139, 0
31451,135, 0
31452,108, 0
31453,101, 0
31454,95, 0
31455,116, 0
31456,95, 0
31457,81, 0
31458,67, 0
31459,67, 0
31460,52, 0
31461,45, 0
31462,60, 0
31463,78, 0
31464,89, 0
31465,137, 0
31466,197, 0
31467,273, 0
31468,337, 0
31469,372, 5
31470,386, 17
31471,385, 23
31472,368, 22
31473,328, 12
31474,263, 3
31475,164, 0
31476,55, 0
31477,9, 0
31478,0, 0
31479,5, 0
31480,7, 0
31481,0, 0
31482,7, 0
31483,36, 0
31484,106, 0
31485,175, 0
31486,234, 0
31487,278, 0
31488,307, 0
31489,312, 0
31490,300, 0
31491,272, 0
31492,273, 0
31493,313, 0
31494,390, 6
31495,475, 30
31496,540, 63
31497,558, 86
31498,502, 91
31499,420, 68
31500,362, 41
31501,310, 14
31502,281, 2
31503,259, 0
31504,226, 0
31505,177, 0
31506,127, 0
31507,76, 0
31508,30, 0
31509,0, 0
31510,11, 0
31511,28, 0
31512,44, 0
31513,73, 0
31514,106, 0
31515,134, 0
31516,151, 0
31517,89, 0
31518,40, 0
31519,3, 0
31520,14, 0
31521,19, 0
31522,0, 0
31523,0, 0
31524,0, 0
31525,0, 0
31526,0, 0
31527,0, 0
31528,6, 0
31529,40, 0
31530,51, 0
31531,20, 0
31532,0, 0
31533,51, 0
31534,122, 0
31535,154, 0
31536,164, 0
31537,188, 0
31538,220, 0
31539,291, 0
31540,342, 0
31541,334, 1
31542,254, 0
31543,120, 0
31544,12, 0
31545,12, 0
31546,44, 0
31547,5, 0
31548,5, 0
31549,44, 0
31550,90, 0
31551,145, 0
31552,198, 0
31553,270, 0
31554,325, 0
31555,332, 1
31556,290, 0
31557,232, 0
31558,188, 0
31559,135, 0
31560,117, 0
31561,123, 0
31562,143, 0
31563,158, 0
31564,159, 0
31565,156, 0
31566,157, 0
31567,187, 0
31568,223, 0
31569,239, 0
31570,253, 0
31571,263, 0
31572,275, 0
31573,263, 0
31574,255, 0
31575,226, 0
31576,208, 0
31577,172, 0
31578,165, 0
31579,156, 0
31580,140, 0
31581,135, 0
31582,123, 0
31583,93, 0
31584,78, 0
31585,70, 0
31586,74, 0
31587,84, 0
31588,103, 0
31589,89, 0
31590,59, 0
31591,15, 0
31592,0, 0
31593,0, 0
31594,2, 0
31595,4, 0
31596,0, 0
31597,0, 0
31598,0, 0
31599,7, 0
31600,10, 0
31601,35, 0
31602,81, 0
31603,107, 0
31604,127, 0
31605,133, 0
31606,147, 0
31607,167, 0
31608,184, 0
31609,183, 0
31610,191, 0
31611,207, 0
31612,236, 0
31613,268, 0
31614,286, 0
31615,298, 0
31616,306, 0
31617,322, 0
31618,334, 3
31619,367, 5
31620,364, 12
31621,344, 11
31622,294, 4
31623,216, 0
31624,138, 0
31625,68, 0
31626,11, 0
31627,0, 0
31628,12, 0
31629,94, 0
31630,191, 0
31631,236, 0
31632,241, 0
31633,265, 0
31634,294, 0
31635,294, 0
31636,265, 0
31637,202, 0
31638,141, 0
31639,89, 0
31640,38, 0
31641,2, 0
31642,44, 0
31643,97, 0
31644,117, 0
31645,101, 0
31646,79, 0
31647,57, 0
31648,12, 0
31649,0, 0
31650,11, 0
31651,22, 0
31652,10, 0
31653,0, 0
31654,21, 0
31655,54, 0
31656,25, 0
31657,0, 0
31658,6, 0
31659,61, 0
31660,133, 0
31661,184, 0
31662,189, 0
31663,176, 0
31664,121, 0
31665,65, 0
31666,38, 0
31667,7, 0
31668,0, 0
31669,0, 0
31670,0, 0
31671,44, 0
31672,143, 0
31673,184, 0
31674,228, 0
31675,268, 0
31676,308, 0
31677,330, 0
31678,340, 2
31679,355, 8
31680,343, 6
31681,315, 4
31682,294, 1
31683,349, 2
31684,361, 9
31685,364, 15
31686,345, 14
31687,315, 6
31688,273, 0
31689,223, 0
31690,170, 0
31691,137, 0
31692,121, 0
31693,139, 0
31694,176, 0
31695,176, 0
31696,166, 0
31697,132, 0
31698,86, 0
31699,28, 0
31700,2, 0
31701,22, 0
31702,50, 0
31703,77, 0
31704,112, 0
31705,109, 0
31706,51, 0
31707,4, 0
31708,71, 0
31709,158, 0
31710,240, 0
31711,277, 0
31712,259, 0
31713,182, 0
31714,115, 0
31715,58, 0
31716,65, 0
31717,113, 0
31718,161, 0
31719,176, 0
31720,183, 0
31721,173, 0
31722,153, 0
31723,139, 0
31724,147, 0
31725,148, 0
31726,183, 0
31727,232, 0
31728,245, 0
31729,259, 0
31730,248, 0
31731,234, 0
31732,244, 0
31733,249, 0
31734,289, 0
31735,332, 0
31736,367, 4
31737,371, 12
31738,383, 17
31739,375, 19
31740,348, 14
31741,310, 7
31742,226, 0
31743,170, 0
31744,137, 0
31745,94, 0
31746,52, 0
31747,22, 0
31748,0, 0
31749,0, 0
31750,0, 0
31751,14, 0
31752,35, 0
31753,39, 0
31754,56, 0
31755,105, 0
31756,152, 0
31757,165, 0
31758,160, 0
31759,160, 0
31760,110, 0
31761,102, 0
31762,96, 0
31763,38, 0
31764,19, 0
31765,11, 0
31766,11, 0
31767,20, 0
31768,21, 0
31769,15, 0
31770,29, 0
31771,36, 0
31772,59, 0
31773,78, 0
31774,100, 0
31775,149, 0
31776,185, 0
31777,218, 0
31778,244, 0
31779,243, 0
31780,218, 0
31781,185, 0
31782,145, 0
31783,120, 0
31784,95, 0
31785,70, 0
31786,44, 0
31787,25, 0
31788,42, 0
31789,65, 0
31790,121, 0
31791,151, 0
31792,164, 0
31793,171, 0
31794,167, 0
31795,171, 0
31796,163, 0
31797,171, 0
31798,179, 0
31799,176, 0
31800,181, 0
31801,164, 0
31802,131, 0
31803,85, 0
31804,65, 0
31805,83, 0
31806,95, 0
31807,120, 0
31808,128, 0
31809,140, 0
31810,150, 0
31811,149, 0
31812,140, 0
31813,133, 0
31814,111, 0
31815,95, 0
31816,83, 0
31817,50, 0
31818,23, 0
31819,2, 0
31820,0, 0
31821,14, 0
31822,89, 0
31823,172, 0
31824,234, 0
31825,266, 0
31826,255, 0
31827,214, 0
31828,171, 0
31829,124, 0
31830,70, 0
31831,31, 0
31832,19, 0
31833,18, 0
31834,25, 0
31835,43, 0
31836,63, 0
31837,107, 0
31838,142, 0
31839,175, 0
31840,193, 0
31841,185, 0
31842,171, 0
31843,139, 0
31844,95, 0
31845,31, 0
31846,25, 0
31847,39, 0
31848,76, 0
31849,128, 0
31850,155, 0
31851,186, 0
31852,196, 0
31853,202, 0
31854,220, 0
31855,223, 0
31856,229, 0
31857,249, 0
31858,262, 0
31859,251, 0
31860,226, 0
31861,213, 0
31862,196, 0
31863,193, 0
31864,142, 0
31865,108, 0
31866,111, 0
31867,111, 0
31868,127, 0
31869,157, 0
31870,183, 0
31871,202, 0
31872,191, 0
31873,170, 0
31874,173, 0
31875,138, 0
31876,104, 0
31877,70, 0
31878,47, 0
31879,38, 0
31880,48, 0
31881,54, 0
31882,83, 0
31883,115, 0
31884,110, 0
31885,65, 0
31886,43, 0
31887,12, 0
31888,0, 0
31889,3, 0
31890,43, 0
31891,84, 0
31892,91, 0
31893,102, 0
31894,92, 0
31895,76, 0
31896,43, 0
31897,12, 0
31898,122, 0
31899,254, 0
31900,325, 0
31901,324, 0
31902,283, 0
31903,210, 0
31904,95, 0
31905,15, 0
31906,0, 0
31907,9, 0
31908,19, 0
31909,48, 0
31910,72, 0
31911,115, 0
31912,179, 0
31913,257, 0
31914,325, 0
31915,414, 7
31916,455, 30
31917,475, 46
31918,418, 43
31919,363, 31
31920,306, 11
31921,257, 0
31922,219, 0
31923,171, 0
31924,130, 0
31925,56, 0
31926,15, 0
31927,0, 0
31928,9, 0
31929,0, 0
31930,0, 0
31931,0, 0
31932,5, 0
31933,46, 0
31934,102, 0
31935,139, 0
31936,164, 0
31937,159, 0
31938,158, 0
31939,148, 0
31940,151, 0
31941,129, 0
31942,83, 0
31943,67, 0
31944,102, 0
31945,169, 0
31946,240, 0
31947,272, 0
31948,270, 0
31949,231, 0
31950,183, 0
31951,118, 0
31952,77, 0
31953,46, 0
31954,17, 0
31955,0, 0
31956,0, 0
31957,6, 0
31958,44, 0
31959,104, 0
31960,161, 0
31961,201, 0
31962,202, 0
31963,197, 0
31964,219, 0
31965,202, 0
31966,167, 0
31967,145, 0
31968,151, 0
31969,167, 0
31970,183, 0
31971,208, 0
31972,222, 0
31973,247, 0
31974,252, 0
31975,238, 0
31976,226, 0
31977,204, 0
31978,175, 0
31979,140, 0
31980,123, 0
31981,145, 0
31982,202, 0
31983,266, 0
31984,286, 0
31985,274, 0
31986,223, 0
31987,217, 0
31988,201, 0
31989,173, 0
31990,128, 0
31991,95, 0
31992,91, 0
31993,113, 0
31994,145, 0
31995,183, 0
31996,213, 0
31997,202, 0
31998,137, 0
31999,51, 0
32000,1, 0
32001,0, 0
32002,20, 0
32003,69, 0
32004,76, 0
32005,81, 0
32006,81, 0
32007,85, 0
32008,95, 0
32009,92, 0
32010,45, 0
32011,0, 0
32012,0, 0
32013,0, 0
32014,12, 0
32015,1, 0
32016,17, 0
32017,120, 0
32018,223, 0
32019,276, 0
32020,270, 0
32021,222, 0
32022,140, 0
32023,56, 0
32024,1, 0
32025,0, 0
32026,5, 0
32027,39, 0
32028,74, 0
32029,90, 0
32030,115, 0
32031,140, 0
32032,163, 0
32033,183, 0
32034,201, 0
32035,192, 0
32036,189, 0
32037,183, 0
32038,168, 0
32039,166, 0
32040,159, 0
32041,159, 0
32042,208, 0
32043,248, 0
32044,296, 0
32045,356, 0
32046,372, 8
32047,338, 10
32048,326, 4
32049,291, 2
32050,238, 0
32051,173, 0
32052,113, 0
32053,87, 0
32054,79, 0
32055,70, 0
32056,62, 0
32057,51, 0
32058,39, 0
32059,54, 0
32060,65, 0
32061,59, 0
32062,46, 0
32063,47, 0
32064,48, 0
32065,54, 0
32066,61, 0
32067,72, 0
32068,70, 0
32069,70, 0
32070,62, 0
32071,57, 0
32072,44, 0
32073,22, 0
32074,31, 0
32075,48, 0
32076,44, 0
32077,32, 0
32078,26, 0
32079,37, 0
32080,65, 0
32081,92, 0
32082,135, 0
32083,145, 0
32084,124, 0
32085,105, 0
32086,96, 0
32087,89, 0
32088,89, 0
32089,84, 0
32090,73, 0
32091,60, 0
32092,61, 0
32093,86, 0
32094,112, 0
32095,133, 0
32096,135, 0
32097,108, 0
32098,119, 0
32099,124, 0
32100,132, 0
32101,134, 0
32102,153, 0
32103,174, 0
32104,181, 0
32105,205, 0
32106,231, 0
32107,229, 0
32108,198, 0
32109,203, 0
32110,219, 0
32111,230, 0
32112,208, 0
32113,183, 0
32114,164, 0
32115,154, 0
32116,160, 0
32117,182, 0
32118,199, 0
32119,201, 0
32120,189, 0
32121,183, 0
32122,165, 0
32123,132, 0
32124,95, 0
32125,31, 0
32126,1, 0
32127,0, 0
32128,0, 0
32129,0, 0
32130,12, 0
32131,25, 0
32132,15, 0
32133,11, 0
32134,8, 0
32135,0, 0
32136,19, 0
32137,60, 0
32138,70, 0
32139,83, 0
32140,111, 0
32141,158, 0
32142,220, 0
32143,282, 0
32144,306, 0
32145,300, 0
32146,253, 0
32147,211, 0
32148,173, 0
32149,148, 0
32150,143, 0
32151,154, 0
32152,169, 0
32153,202, 0
32154,231, 0
32155,243, 0
32156,232, 0
32157,185, 0
32158,145, 0
32159,119, 0
32160,141, 0
32161,220, 0
32162,257, 0
32163,294, 0
32164,323, 0
32165,361, 1
32166,384, 12
32167,398, 19
32168,371, 23
32169,341, 15
32170,300, 6
32171,270, 0
32172,261, 0
32173,223, 0
32174,205, 0
32175,187, 0
32176,175, 0
32177,174, 0
32178,192, 0
32179,202, 0
32180,210, 0
32181,180, 0
32182,157, 0
32183,107, 0
32184,80, 0
32185,57, 0
32186,31, 0
32187,21, 0
32188,17, 0
32189,14, 0
32190,1, 0
32191,0, 0
32192,0, 0
32193,0, 0
32194,12, 0
32195,19, 0
32196,25, 0
32197,35, 0
32198,22, 0
32199,36, 0
32200,38, 0
32201,57, 0
32202,74, 0
32203,84, 0
32204,123, 0
32205,112, 0
32206,87, 0
32207,60, 0
32208,63, 0
32209,83, 0
32210,109, 0
32211,140, 0
32212,159, 0
32213,163, 0
32214,158, 0
32215,156, 0
32216,159, 0
32217,169, 0
32218,166, 0
32219,176, 0
32220,170, 0
32221,180, 0
32222,204, 0
32223,204, 0
32224,214, 0
32225,223, 0
32226,214, 0
32227,196, 0
32228,181, 0
32229,126, 0
32230,73, 0
32231,26, 0
32232,28, 0
32233,77, 0
32234,142, 0
32235,221, 0
32236,258, 0
32237,266, 0
32238,245, 0
32239,210, 0
32240,171, 0
32241,158, 0
32242,142, 0
32243,143, 0
32244,139, 0
32245,116, 0
32246,91, 0
32247,73, 0
32248,63, 0
32249,57, 0
32250,38, 0
32251,15, 0
32252,12, 0
32253,12, 0
32254,23, 0
32255,31, 0
32256,28, 0
32257,18, 0
32258,5, 0
32259,10, 0
32260,0, 0
32261,6, 0
32262,0, 0
32263,0, 0
32264,10, 0
32265,59, 0
32266,115, 0
32267,130, 0
32268,135, 0
32269,147, 0
32270,158, 0
32271,163, 0
32272,168, 0
32273,157, 0
32274,140, 0
32275,134, 0
32276,140, 0
32277,167, 0
32278,191, 0
32279,207, 0
32280,207, 0
32281,237, 0
32282,244, 0
32283,243, 0
32284,220, 0
32285,183, 0
32286,141, 0
32287,92, 0
32288,97, 0
32289,159, 0
32290,213, 0
32291,231, 0
32292,257, 0
32293,262, 0
32294,292, 0
32295,251, 0
32296,226, 0
32297,183, 0
32298,151, 0
32299,127, 0
32300,107, 0
32301,97, 0
32302,118, 0
32303,156, 0
32304,185, 0
32305,177, 0
32306,167, 0
32307,160, 0
32308,151, 0
32309,157, 0
32310,155, 0
32311,145, 0
32312,115, 0
32313,118, 0
32314,110, 0
32315,83, 0
32316,31, 0
32317,12, 0
32318,0, 0
32319,0, 0
32320,1, 0
32321,3, 0
32322,1, 0
32323,12, 0
32324,96, 0
32325,191, 0
32326,252, 0
32327,269, 0
32328,236, 0
32329,175, 0
32330,116, 0
32331,74, 0
32332,72, 0
32333,90, 0
32334,136, 0
32335,200, 0
32336,239, 0
32337,220, 0
32338,214, 0
32339,190, 0
32340,180, 0
32341,183, 0
32342,187, 0
32343,183, 0
32344,175, 0
32345,159, 0
32346,139, 0
32347,110, 0
32348,63, 0
32349,29, 0
32350,34, 0
32351,28, 0
32352,5, 0
32353,5, 0
32354,22, 0
32355,44, 0
32356,77, 0
32357,122, 0
32358,172, 0
32359,270, 0
32360,331, 0
32361,378, 7
32362,361, 14
32363,297, 8
32364,214, 0
32365,159, 0
32366,111, 0
32367,76, 0
32368,39, 0
32369,2, 0
32370,0, 0
32371,0, 0
32372,9, 0
32373,31, 0
32374,31, 0
32375,29, 0
32376,28, 0
32377,37, 0
32378,32, 0
32379,14, 0
32380,0, 0
32381,40, 0
32382,84, 0
32383,117, 0
32384,153, 0
32385,192, 0
32386,216, 0
32387,239, 0
32388,232, 0
32389,204, 0
32390,189, 0
32391,195, 0
32392,191, 0
32393,206, 0
32394,246, 0
32395,285, 0
32396,299, 0
32397,281, 0
32398,230, 0
32399,190, 0
32400,167, 0
32401,186, 0
32402,232, 0
32403,267, 0
32404,286, 0
32405,306, 0
32406,306, 0
32407,282, 0
32408,259, 0
32409,252, 0
32410,257, 0
32411,253, 0
32412,244, 0
32413,229, 0
32414,208, 0
32415,208, 0
32416,206, 0
32417,196, 0
32418,175, 0
32419,158, 0
32420,124, 0
32421,121, 0
32422,115, 0
32423,117, 0
32424,122, 0
32425,136, 0
32426,165, 0
32427,161, 0
32428,147, 0
32429,138, 0
32430,133, 0
32431,156, 0
32432,165, 0
32433,143, 0
32434,84, 0
32435,65, 0
32436,76, 0
32437,89, 0
32438,76, 0
32439,43, 0
32440,7, 0
32441,0, 0
32442,2, 0
32443,9, 0
32444,19, 0
32445,26, 0
32446,6, 0
32447,7, 0
32448,31, 0
32449,57, 0
32450,63, 0
32451,74, 0
32452,91, 0
32453,108, 0
32454,127, 0
32455,129, 0
32456,116, 0
32457,109, 0
32458,99, 0
32459,92, 0
32460,79, 0
32461,57, 0
32462,43, 0
32463,39, 0
32464,19, 0
32465,15, 0
32466,25, 0
32467,62, 0
32468,99, 0
32469,165, 0
32470,211, 0
32471,224, 0
32472,213, 0
32473,156, 0
32474,77, 0
32475,28, 0
32476,0, 0
32477,0, 0
32478,7, 0
32479,0, 0
32480,12, 0
32481,53, 0
32482,115, 0
32483,160, 0
32484,196, 0
32485,216, 0
32486,213, 0
32487,220, 0
32488,212, 0
32489,208, 0
32490,207, 0
32491,196, 0
32492,195, 0
32493,193, 0
32494,174, 0
32495,145, 0
32496,129, 0
32497,145, 0
32498,165, 0
32499,176, 0
32500,168, 0
32501,149, 0
32502,126, 0
32503,117, 0
32504,68, 0
32505,34, 0
32506,11, 0
32507,0, 0
32508,10, 0
32509,42, 0
32510,76, 0
32511,94, 0
32512,121, 0
32513,112, 0
32514,134, 0
32515,133, 0
32516,120, 0
32517,99, 0
32518,105, 0
32519,126, 0
32520,148, 0
32521,177, 0
32522,203, 0
32523,204, 0
32524,207, 0
32525,221, 0
32526,232, 0
32527,219, 0
32528,223, 0
32529,223, 0
32530,204, 0
32531,197, 0
32532,213, 0
32533,212, 0
32534,179, 0
32535,152, 0
32536,168, 0
32537,165, 0
32538,160, 0
32539,151, 0
32540,131, 0
32541,109, 0
32542,101, 0
32543,100, 0
32544,95, 0
32545,93, 0
32546,90, 0
32547,91, 0
32548,102, 0
32549,101, 0
32550,120, 0
32551,118, 0
32552,113, 0
32553,128, 0
32554,140, 0
32555,144, 0
32556,125, 0
32557,115, 0
32558,108, 0
32559,104, 0
32560,92, 0
32561,91, 0
32562,78, 0
32563,83, 0
32564,62, 0
32565,37, 0
32566,4, 0
32567,8, 0
32568,26, 0
32569,70, 0
32570,106, 0
32571,128, 0
32572,125, 0
32573,123, 0
32574,133, 0
32575,139, 0
32576,149, 0
32577,147, 0
32578,152, 0
32579,160, 0
32580,165, 0
32581,155, 0
32582,158, 0
32583,154, 0
32584,153, 0
32585,169, 0
32586,208, 0
32587,228, 0
32588,231, 0
32589,237, 0
32590,217, 0
32591,203, 0
32592,188, 0
32593,176, 0
32594,179, 0
32595,154, 0
32596,151, 0
32597,156, 0
32598,172, 0
32599,140, 0
32600,144, 0
32601,95, 0
32602,77, 0
32603,78, 0
32604,74, 0
32605,69, 0
32606,63, 0
32607,73, 0
32608,74, 0
32609,60, 0
32610,43, 0
32611,12, 0
32612,0, 0
32613,0, 0
32614,0, 0
32615,23, 0
32616,42, 0
32617,63, 0
32618,106, 0
32619,151, 0
32620,183, 0
32621,208, 0
32622,222, 0
32623,202, 0
32624,179, 0
32625,143, 0
32626,90, 0
32627,52, 0
32628,32, 0
32629,13, 0
32630,42, 0
32631,86, 0
32632,120, 0
32633,137, 0
32634,174, 0
32635,206, 0
32636,231, 0
32637,236, 0
32638,242, 0
32639,234, 0
32640,230, 0
32641,212, 0
32642,198, 0
32643,204, 0
32644,191, 0
32645,189, 0
32646,208, 0
32647,198, 0
32648,197, 0
32649,202, 0
32650,204, 0
32651,202, 0
32652,214, 0
32653,220, 0
32654,206, 0
32655,214, 0
32656,172, 0
32657,141, 0
32658,139, 0
32659,130, 0
32660,126, 0
32661,134, 0
32662,151, 0
32663,159, 0
32664,181, 0
32665,176, 0
32666,163, 0
32667,152, 0
32668,115, 0
32669,83, 0
32670,71, 0
32671,86, 0
32672,81, 0
32673,88, 0
32674,79, 0
32675,86, 0
32676,72, 0
32677,54, 0
32678,38, 0
32679,43, 0
32680,52, 0
32681,55, 0
32682,50, 0
32683,40, 0
32684,27, 0
32685,22, 0
32686,20, 0
32687,41, 0
32688,42, 0
32689,58, 0
32690,81, 0
32691,115, 0
32692,149, 0
32693,153, 0
32694,132, 0
32695,129, 0
32696,132, 0
32697,138, 0
32698,137, 0
32699,151, 0
32700,158, 0
32701,182, 0
32702,198, 0
32703,210, 0
32704,223, 0
32705,219, 0
32706,202, 0
32707,196, 0
32708,190, 0
32709,187, 0
32710,177, 0
32711,176, 0
32712,172, 0
32713,183, 0
32714,196, 0
32715,201, 0
32716,197, 0
32717,158, 0
32718,128, 0
32719,125, 0
32720,157, 0
32721,196, 0
32722,257, 0
32723,292, 0
32724,283, 0
32725,251, 0
32726,198, 0
32727,144, 0
32728,125, 0
32729,93, 0
32730,76, 0
32731,58, 0
32732,35, 0
32733,21, 0
32734,34, 0
32735,56, 0
32736,87, 0
32737,122, 0
32738,127, 0
32739,139, 0
32740,121, 0
32741,92, 0
32742,64, 0
32743,28, 0
32744,0, 0
32745,0, 0
32746,0, 0
32747,0, 0
32748,1, 0
32749,6, 0
32750,32, 0
32751,58, 0
32752,105, 0
32753,133, 0
32754,145, 0
32755,143, 0
32756,140, 0
32757,163, 0
32758,173, 0
32759,179, 0
32760,199, 0
32761,202, 0
32762,193, 0
32763,186, 0
32764,170, 0
32765,159, 0
32766,150, 0
32767,155, 0
32768,165, 0
32769,183, 0
32770,182, 0
32771,183, 0
32772,169, 0
32773,192, 0
32774,219, 0
32775,239, 0
32776,259, 0
32777,235, 0
32778,196, 0
32779,156, 0
32780,135, 0
32781,127, 0
32782,116, 0
32783,139, 0
32784,145, 0
32785,154, 0
32786,154, 0
32787,145, 0
32788,136, 0
32789,141, 0
32790,130, 0
32791,158, 0
32792,163, 0
32793,148, 0
32794,147, 0
32795,115, 0
32796,99, 0
32797,96, 0
32798,96, 0
32799,81, 0
32800,58, 0
32801,41, 0
32802,36, 0
32803,41, 0
32804,57, 0
32805,55, 0
32806,44, 0
32807,42, 0
32808,37, 0
32809,6, 0
32810,0, 0
32811,4, 0
32812,19, 0
32813,57, 0
32814,87, 0
32815,88, 0
32816,88, 0
32817,97, 0
32818,121, 0
32819,158, 0
32820,189, 0
32821,187, 0
32822,183, 0
32823,153, 0
32824,152, 0
32825,171, 0
32826,183, 0
32827,183, 0
32828,159, 0
32829,139, 0
32830,119, 0
32831,119, 0
32832,140, 0
32833,164, 0
32834,182, 0
32835,223, 0
32836,232, 0
32837,239, 0
32838,223, 0
32839,171, 0
32840,135, 0
32841,132, 0
32842,141, 0
32843,148, 0
32844,180, 0
32845,189, 0
32846,216, 0
32847,219, 0
32848,197, 0
32849,170, 0
32850,127, 0
32851,105, 0
32852,89, 0
32853,80, 0
32854,71, 0
32855,77, 0
32856,76, 0
32857,88, 0
32858,117, 0
32859,135, 0
32860,125, 0
32861,129, 0
32862,127, 0
32863,105, 0
32864,88, 0
32865,69, 0
32866,55, 0
32867,51, 0
32868,51, 0
32869,50, 0
32870,26, 0
32871,23, 0
32872,31, 0
32873,45, 0
32874,90, 0
32875,121, 0
32876,115, 0
32877,105, 0
32878,106, 0
32879,110, 0
32880,131, 0
32881,159, 0
32882,185, 0
32883,203, 0
32884,207, 0
32885,210, 0
32886,208, 0
32887,204, 0
32888,188, 0
32889,174, 0
32890,186, 0
32891,176, 0
32892,190, 0
32893,203, 0
32894,204, 0
32895,219, 0
32896,211, 0
32897,207, 0
32898,212, 0
32899,176, 0
32900,134, 0
32901,120, 0
32902,134, 0
32903,131, 0
32904,160, 0
32905,179, 0
32906,185, 0
32907,187, 0
32908,168, 0
32909,153, 0
32910,129, 0
32911,102, 0
32912,79, 0
32913,76, 0
32914,74, 0
32915,75, 0
32916,93, 0
32917,79, 0
32918,75, 0
32919,77, 0
32920,79, 0
32921,70, 0
32922,74, 0
32923,84, 0
32924,85, 0
32925,83, 0
32926,90, 0
32927,78, 0
32928,63, 0
32929,44, 0
32930,21, 0
32931,3, 0
32932,0, 0
32933,0, 0
32934,8, 0
32935,60, 0
32936,101, 0
32937,106, 0
32938,117, 0
32939,137, 0
32940,145, 0
32941,158, 0
32942,164, 0
32943,159, 0
32944,145, 0
32945,139, 0
32946,136, 0
32947,143, 0
32948,158, 0
32949,168, 0
32950,185, 0
32951,210, 0
32952,219, 0
32953,238, 0
32954,244, 0
32955,244, 0
32956,243, 0
32957,237, 0
32958,220, 0
32959,215, 0
32960,192, 0
32961,161, 0
32962,142, 0
32963,145, 0
32964,145, 0
32965,143, 0
32966,150, 0
32967,147, 0
32968,156, 0
32969,156, 0
32970,147, 0
32971,139, 0
32972,129, 0
32973,112, 0
32974,115, 0
32975,108, 0
32976,100, 0
32977,83, 0
32978,77, 0
32979,70, 0
32980,80, 0
32981,76, 0
32982,55, 0
32983,43, 0
32984,44, 0
32985,39, 0
32986,45, 0
32987,30, 0
32988,12, 0
32989,0, 0
32990,0, 0
32991,0, 0
32992,0, 0
32993,1, 0
32994,0, 0
32995,0, 0
32996,38, 0
32997,81, 0
32998,117, 0
32999,136, 0
33000,174, 0
33001,186, 0
33002,212, 0
33003,195, 0
33004,197, 0
33005,189, 0
33006,192, 0
33007,195, 0
33008,191, 0
33009,202, 0
33010,193, 0
33011,195, 0
33012,188, 0
33013,196, 0
33014,215, 0
33015,226, 0
33016,232, 0
33017,238, 0
33018,237, 0
33019,236, 0
33020,244, 0
33021,224, 0
33022,180, 0
33023,148, 0
33024,129, 0
33025,116, 0
33026,138, 0
33027,172, 0
33028,190, 0
33029,213, 0
33030,217, 0
33031,211, 0
33032,189, 0
33033,164, 0
33034,137, 0
33035,124, 0
33036,111, 0
33037,89, 0
33038,92, 0
33039,84, 0
33040,71, 0
33041,69, 0
33042,72, 0
33043,53, 0
33044,44, 0
33045,44, 0
33046,48, 0
33047,57, 0
33048,53, 0
33049,26, 0
33050,12, 0
33051,0, 0
33052,0, 0
33053,0, 0
33054,2, 0
33055,12, 0
33056,48, 0
33057,95, 0
33058,126, 0
33059,131, 0
33060,127, 0
33061,127, 0
33062,132, 0
33063,149, 0
33064,159, 0
33065,165, 0
33066,179, 0
33067,188, 0
33068,191, 0
33069,202, 0
33070,202, 0
33071,193, 0
33072,202, 0
33073,206, 0
33074,207, 0
33075,216, 0
33076,219, 0
33077,211, 0
33078,205, 0
33079,214, 0
33080,214, 0
33081,214, 0
33082,199, 0
33083,164, 0
33084,157, 0
33085,141, 0
33086,139, 0
33087,159, 0
33088,168, 0
33089,151, 0
33090,161, 0
33091,145, 0
33092,131, 0
33093,119, 0
33094,94, 0
33095,60, 0
33096,59, 0
33097,74, 0
33098,89, 0
33099,100, 0
33100,103, 0
33101,118, 0
33102,123, 0
33103,112, 0
33104,88, 0
33105,77, 0
33106,64, 0
33107,55, 0
33108,60, 0
33109,52, 0
33110,63, 0
33111,36, 0
33112,28, 0
33113,17, 0
33114,6, 0
33115,6, 0
33116,13, 0
33117,28, 0
33118,76, 0
33119,100, 0
33120,103, 0
33121,127, 0
33122,122, 0
33123,127, 0
33124,135, 0
33125,145, 0
33126,161, 0
33127,170, 0
33128,170, 0
33129,189, 0
33130,202, 0
33131,206, 0
33132,206, 0
33133,208, 0
33134,207, 0
33135,207, 0
33136,210, 0
33137,212, 0
33138,217, 0
33139,210, 0
33140,211, 0
33141,196, 0
33142,210, 0
33143,187, 0
33144,158, 0
33145,161, 0
33146,182, 0
33147,183, 0
33148,186, 0
33149,195, 0
33150,189, 0
33151,180, 0
33152,184, 0
33153,160, 0
33154,147, 0
33155,129, 0
33156,110, 0
33157,102, 0
33158,95, 0
33159,89, 0
33160,77, 0
33161,71, 0
33162,67, 0
33163,76, 0
33164,75, 0
33165,54, 0
33166,42, 0
33167,36, 0
33168,29, 0
33169,32, 0
33170,38, 0
33171,31, 0
33172,31, 0
33173,25, 0
33174,10, 0
33175,0, 0
33176,0, 0
33177,0, 0
33178,22, 0
33179,73, 0
33180,97, 0
33181,119, 0
33182,118, 0
33183,125, 0
33184,135, 0
33185,148, 0
33186,150, 0
33187,145, 0
33188,159, 0
33189,177, 0
33190,189, 0
33191,208, 0
33192,219, 0
33193,214, 0
33194,217, 0
33195,226, 0
33196,216, 0
33197,232, 0
33198,228, 0
33199,229, 0
33200,235, 0
33201,232, 0
33202,234, 0
33203,241, 0
33204,214, 0
33205,179, 0
33206,170, 0
33207,177, 0
33208,164, 0
33209,181, 0
33210,189, 0
33211,186, 0
33212,189, 0
33213,183, 0
33214,172, 0
33215,159, 0
33216,138, 0
33217,125, 0
33218,111, 0
33219,106, 0
33220,86, 0
33221,78, 0
33222,73, 0
33223,77, 0
33224,67, 0
33225,68, 0
33226,44, 0
33227,38, 0
33228,35, 0
33229,25, 0
33230,25, 0
33231,34, 0
33232,38, 0
33233,24, 0
33234,17, 0
33235,4, 0
33236,0, 0
33237,0, 0
33238,0, 0
33239,15, 0
33240,64, 0
33241,90, 0
33242,100, 0
33243,111, 0
33244,119, 0
33245,130, 0
33246,145, 0
33247,154, 0
33248,161, 0
33249,169, 0
33250,176, 0
33251,188, 0
33252,212, 0
33253,212, 0
33254,216, 0
33255,222, 0
33256,221, 0
33257,223, 0
33258,237, 0
33259,238, 0
33260,242, 0
33261,240, 0
33262,238, 0
33263,238, 0
33264,240, 0
33265,215, 0
33266,183, 0
33267,167, 0
33268,163, 0
33269,170, 0
33270,187, 0
33271,193, 0
33272,191, 0
33273,189, 0
33274,187, 0
33275,171, 0
33276,159, 0
33277,137, 0
33278,133, 0
33279,121, 0
33280,113, 0
33281,104, 0
33282,83, 0
33283,78, 0
33284,62, 0
33285,70, 0
33286,53, 0
33287,28, 0
33288,25, 0
33289,24, 0
33290,22, 0
33291,26, 0
33292,20, 0
33293,26, 0
33294,17, 0
33295,3, 0
33296,0, 0
33297,0, 0
33298,0, 0
33299,0, 0
33300,11, 0
33301,62, 0
33302,81, 0
33303,89, 0
33304,94, 0
33305,102, 0
33306,123, 0
33307,133, 0
33308,158, 0
33309,152, 0
33310,159, 0
33311,167, 0
33312,174, 0
33313,196, 0
33314,196, 0
33315,205, 0
33316,212, 0
33317,224, 0
33318,220, 0
33319,237, 0
33320,233, 0
33321,219, 0
33322,213, 0
33323,202, 0
33324,195, 0
33325,210, 0
33326,183, 0
33327,165, 0
33328,190, 0
33329,220, 0
33330,235, 0
33331,244, 0
33332,257, 0
33333,252, 0
33334,246, 0
33335,227, 0
33336,207, 0
33337,190, 0
33338,160, 0
33339,152, 0
33340,136, 0
33341,123, 0
33342,108, 0
33343,87, 0
33344,79, 0
33345,63, 0
33346,64, 0
33347,41, 0
33348,19, 0
33349,19, 0
33350,12, 0
33351,5, 0
33352,3, 0
33353,9, 0
33354,0, 0
33355,0, 0
33356,0, 0
33357,0, 0
33358,0, 0
33359,0, 0
33360,0, 0
33361,34, 0
33362,95, 0
33363,118, 0
33364,127, 0
33365,132, 0
33366,145, 0
33367,153, 0
33368,159, 0
33369,151, 0
33370,167, 0
33371,174, 0
33372,181, 0
33373,186, 0
33374,187, 0
33375,208, 0
33376,221, 0
33377,229, 0
33378,236, 0
33379,236, 0
33380,240, 0
33381,247, 0
33382,233, 0
33383,240, 0
33384,238, 0
33385,231, 0
33386,236, 0
33387,206, 0
33388,179, 0
33389,176, 0
33390,172, 0
33391,173, 0
33392,189, 0
33393,189, 0
33394,196, 0
33395,198, 0
33396,183, 0
33397,170, 0
33398,153, 0
33399,135, 0
33400,130, 0
33401,122, 0
33402,106, 0
33403,101, 0
33404,92, 0
33405,93, 0
33406,67, 0
33407,70, 0
33408,51, 0
33409,25, 0
33410,19, 0
33411,9, 0
33412,7, 0
33413,11, 0
33414,8, 0
33415,6, 0
33416,5, 0
33417,0, 0
33418,0, 0
33419,0, 0
33420,1, 0
33421,0, 0
33422,18, 0
33423,63, 0
33424,83, 0
33425,90, 0
33426,95, 0
33427,108, 0
33428,127, 0
33429,142, 0
33430,150, 0
33431,158, 0
33432,170, 0
33433,183, 0
33434,192, 0
33435,207, 0
33436,210, 0
33437,214, 0
33438,222, 0
33439,218, 0
33440,229, 0
33441,227, 0
33442,230, 0
33443,232, 0
33444,238, 0
33445,234, 0
33446,249, 0
33447,242, 0
33448,207, 0
33449,179, 0
33450,168, 0
33451,156, 0
33452,163, 0
33453,188, 0
33454,197, 0
33455,204, 0
33456,211, 0
33457,197, 0
33458,187, 0
33459,164, 0
33460,147, 0
33461,134, 0
33462,127, 0
33463,116, 0
33464,102, 0
33465,88, 0
33466,74, 0
33467,71, 0
33468,71, 0
33469,48, 0
33470,30, 0
33471,27, 0
33472,21, 0
33473,19, 0
33474,19, 0
33475,12, 0
33476,13, 0
33477,8, 0
33478,0, 0
33479,0, 0
33480,0, 0
33481,0, 0
33482,0, 0
33483,19, 0
33484,69, 0
33485,84, 0
33486,92, 0
33487,96, 0
33488,108, 0
33489,123, 0
33490,131, 0
33491,138, 0
33492,143, 0
33493,160, 0
33494,173, 0
33495,183, 0
33496,196, 0
33497,205, 0
33498,208, 0
33499,214, 0
33500,215, 0
33501,218, 0
33502,221, 0
33503,232, 0
33504,218, 0
33505,227, 0
33506,233, 0
33507,235, 0
33508,234, 0
33509,195, 0
33510,184, 0
33511,170, 0
33512,184, 0
33513,172, 0
33514,183, 0
33515,190, 0
33516,198, 0
33517,193, 0
33518,186, 0
33519,182, 0
33520,161, 0
33521,143, 0
33522,130, 0
33523,126, 0
33524,106, 0
33525,99, 0
33526,88, 0
33527,78, 0
33528,77, 0
33529,80, 0
33530,60, 0
33531,55, 0
33532,51, 0
33533,51, 0
33534,47, 0
33535,57, 0
33536,53, 0
33537,36, 0
33538,38, 0
33539,12, 0
33540,0, 0
33541,0, 0
33542,0, 0
33543,5, 0
33544,43, 0
33545,84, 0
33546,88, 0
33547,86, 0
33548,95, 0
33549,108, 0
33550,123, 0
33551,150, 0
33552,155, 0
33553,170, 0
33554,183, 0
33555,183, 0
33556,199, 0
33557,198, 0
33558,200, 0
33559,202, 0
33560,226, 0
33561,210, 0
33562,210, 0
33563,217, 0
33564,214, 0
33565,216, 0
33566,220, 0
33567,229, 0
33568,223, 0
33569,222, 0
33570,179, 0
33571,161, 0
33572,139, 0
33573,156, 0
33574,163, 0
33575,170, 0
33576,174, 0
33577,182, 0
33578,185, 0
33579,182, 0
33580,176, 0
33581,158, 0
33582,151, 0
33583,138, 0
33584,133, 0
33585,120, 0
33586,110, 0
33587,102, 0
33588,81, 0
33589,90, 0
33590,91, 0
33591,72, 0
33592,56, 0
33593,54, 0
33594,50, 0
33595,51, 0
33596,51, 0
33597,58, 0
33598,40, 0
33599,37, 0
33600,25, 0
33601,4, 0
33602,1, 0
33603,2, 0
33604,12, 0
33605,52, 0
33606,89, 0
33607,108, 0
33608,92, 0
33609,109, 0
33610,118, 0
33611,130, 0
33612,139, 0
33613,145, 0
33614,149, 0
33615,155, 0
33616,163, 0
33617,173, 0
33618,183, 0
33619,188, 0
33620,191, 0
33621,204, 0
33622,196, 0
33623,197, 0
33624,204, 0
33625,195, 0
33626,190, 0
33627,207, 0
33628,211, 0
33629,213, 0
33630,224, 0
33631,167, 0
33632,145, 0
33633,140, 0
33634,149, 0
33635,154, 0
33636,175, 0
33637,180, 0
33638,188, 0
33639,183, 0
33640,183, 0
33641,169, 0
33642,159, 0
33643,143, 0
33644,141, 0
33645,135, 0
33646,127, 0
33647,121, 0
33648,119, 0
33649,100, 0
33650,102, 0
33651,96, 0
33652,83, 0
33653,71, 0
33654,70, 0
33655,70, 0
33656,73, 0
33657,75, 0
33658,69, 0
33659,63, 0
33660,58, 0
33661,48, 0
33662,24, 0
33663,17, 0
33664,19, 0
33665,27, 0
33666,68, 0
33667,103, 0
33668,113, 0
33669,119, 0
33670,121, 0
33671,125, 0
33672,142, 0
33673,141, 0
33674,140, 0
33675,157, 0
33676,163, 0
33677,159, 0
33678,164, 0
33679,180, 0
33680,185, 0
33681,183, 0
33682,174, 0
33683,176, 0
33684,182, 0
33685,186, 0
33686,189, 0
33687,189, 0
33688,197, 0
33689,197, 0
33690,210, 0
33691,214, 0
33692,161, 0
33693,138, 0
33694,134, 0
33695,136, 0
33696,138, 0
33697,158, 0
33698,161, 0
33699,175, 0
33700,171, 0
33701,159, 0
33702,157, 0
33703,143, 0
33704,132, 0
33705,137, 0
33706,137, 0
33707,130, 0
33708,125, 0
33709,120, 0
33710,100, 0
33711,124, 0
33712,95, 0
33713,88, 0
33714,81, 0
33715,78, 0
33716,80, 0
33717,85, 0
33718,83, 0
33719,80, 0
33720,95, 0
33721,76, 0
33722,70, 0
33723,46, 0
33724,45, 0
33725,47, 0
33726,54, 0
33727,90, 0
33728,117, 0
33729,121, 0
33730,112, 0
33731,113, 0
33732,115, 0
33733,147, 0
33734,156, 0
33735,160, 0
33736,157, 0
33737,188, 0
33738,168, 0
33739,179, 0
33740,183, 0
33741,181, 0
33742,186, 0
33743,185, 0
33744,189, 0
33745,193, 0
33746,191, 0
33747,192, 0
33748,195, 0
33749,195, 0
33750,182, 0
33751,199, 0
33752,184, 0
33753,148, 0
33754,132, 0
33755,128, 0
33756,138, 0
33757,144, 0
33758,149, 0
33759,158, 0
33760,160, 0
33761,161, 0
33762,159, 0
33763,152, 0
33764,147, 0
33765,139, 0
33766,139, 0
33767,136, 0
33768,133, 0
33769,127, 0
33770,112, 0
33771,108, 0
33772,108, 0
33773,92, 0
33774,83, 0
33775,70, 0
33776,76, 0
33777,83, 0
33778,85, 0
33779,81, 0
33780,74, 0
33781,64, 0
33782,55, 0
33783,40, 0
33784,23, 0
33785,10, 0
33786,4, 0
33787,21, 0
33788,65, 0
33789,97, 0
33790,105, 0
33791,107, 0
33792,107, 0
33793,115, 0
33794,130, 0
33795,138, 0
33796,138, 0
33797,132, 0
33798,159, 0
33799,144, 0
33800,160, 0
33801,165, 0
33802,163, 0
33803,164, 0
33804,174, 0
33805,170, 0
33806,173, 0
33807,168, 0
33808,171, 0
33809,164, 0
33810,160, 0
33811,155, 0
33812,175, 0
33813,159, 0
33814,134, 0
33815,126, 0
33816,121, 0
33817,135, 0
33818,150, 0
33819,166, 0
33820,183, 0
33821,188, 0
33822,187, 0
33823,183, 0
33824,172, 0
33825,152, 0
33826,147, 0
33827,148, 0
33828,157, 0
33829,161, 0
33830,159, 0
33831,144, 0
33832,136, 0
33833,138, 0
33834,116, 0
33835,90, 0
33836,85, 0
33837,95, 0
33838,102, 0
33839,108, 0
33840,100, 0
33841,89, 0
33842,78, 0
33843,69, 0
33844,42, 0
33845,10, 0
33846,1, 0
33847,2, 0
33848,22, 0
33849,74, 0
33850,107, 0
33851,117, 0
33852,124, 0
33853,121, 0
33854,96, 0
33855,130, 0
33856,152, 0
33857,158, 0
33858,156, 0
33859,158, 0
33860,158, 0
33861,157, 0
33862,156, 0
33863,155, 0
33864,152, 0
33865,149, 0
33866,152, 0
33867,163, 0
33868,167, 0
33869,170, 0
33870,163, 0
33871,164, 0
33872,173, 0
33873,170, 0
33874,147, 0
33875,113, 0
33876,97, 0
33877,101, 0
33878,110, 0
33879,127, 0
33880,145, 0
33881,154, 0
33882,164, 0
33883,161, 0
33884,149, 0
33885,155, 0
33886,141, 0
33887,133, 0
33888,130, 0
33889,123, 0
33890,117, 0
33891,110, 0
33892,108, 0
33893,108, 0
33894,113, 0
33895,115, 0
33896,97, 0
33897,81, 0
33898,95, 0
33899,100, 0
33900,103, 0
33901,101, 0
33902,92, 0
33903,86, 0
33904,80, 0
33905,51, 0
33906,36, 0
33907,31, 0
33908,51, 0
33909,57, 0
33910,108, 0
33911,128, 0
33912,144, 0
33913,133, 0
33914,131, 0
33915,135, 0
33916,127, 0
33917,132, 0
33918,133, 0
33919,141, 0
33920,147, 0
33921,151, 0
33922,147, 0
33923,152, 0
33924,145, 0
33925,143, 0
33926,149, 0
33927,156, 0
33928,181, 0
33929,201, 0
33930,211, 0
33931,220, 0
33932,238, 0
33933,270, 0
33934,298, 0
33935,283, 0
33936,259, 0
33937,241, 0
33938,221, 0
33939,188, 0
33940,164, 0
33941,136, 0
33942,93, 0
33943,51, 0
33944,31, 0
33945,14, 0
33946,14, 0
33947,17, 0
33948,38, 0
33949,58, 0
33950,76, 0
33951,88, 0
33952,95, 0
33953,96, 0
33954,111, 0
33955,122, 0
33956,132, 0
33957,94, 0
33958,70, 0
33959,69, 0
33960,63, 0
33961,63, 0
33962,56, 0
33963,59, 0
33964,58, 0
33965,58, 0
33966,43, 0
33967,28, 0
33968,24, 0
33969,43, 0
33970,77, 0
33971,132, 0
33972,156, 0
33973,152, 0
33974,159, 0
33975,142, 0
33976,144, 0
33977,137, 0
33978,123, 0
33979,129, 0
33980,127, 0
33981,133, 0
33982,135, 0
33983,147, 0
33984,153, 0
33985,150, 0
33986,152, 0
33987,155, 0
33988,152, 0
33989,160, 0
33990,142, 0
33991,159, 0
33992,159, 0
33993,161, 0
33994,163, 0
33995,171, 0
33996,150, 0
33997,127, 0
33998,106, 0
33999,108, 0
34000,124, 0
34001,140, 0
34002,151, 0
34003,169, 0
34004,159, 0
34005,176, 0
34006,176, 0
34007,164, 0
34008,160, 0
34009,157, 0
34010,155, 0
34011,156, 0
34012,150, 0
34013,148, 0
34014,137, 0
34015,145, 0
34016,152, 0
34017,120, 0
34018,111, 0
34019,94, 0
34020,89, 0
34021,91, 0
34022,93, 0
34023,93, 0
34024,97, 0
34025,95, 0
34026,93, 0
34027,81, 0
34028,69, 0
34029,58, 0
34030,58, 0
34031,83, 0
34032,123, 0
34033,143, 0
34034,156, 0
34035,152, 0
34036,159, 0
34037,185, 0
34038,201, 0
34039,203, 0
34040,207, 0
34041,227, 0
34042,226, 0
34043,210, 0
34044,189, 0
34045,170, 0
34046,154, 0
34047,132, 0
34048,125, 0
34049,108, 0
34050,107, 0
34051,101, 0
34052,117, 0
34053,131, 0
34054,138, 0
34055,139, 0
34056,135, 0
34057,107, 0
34058,70, 0
34059,67, 0
34060,70, 0
34061,83, 0
34062,112, 0
34063,134, 0
34064,155, 0
34065,157, 0
34066,159, 0
34067,164, 0
34068,155, 0
34069,156, 0
34070,169, 0
34071,187, 0
34072,192, 0
34073,188, 0
34074,156, 0
34075,120, 0
34076,107, 0
34077,70, 0
34078,48, 0
34079,27, 0
34080,23, 0
34081,20, 0
34082,39, 0
34083,56, 0
34084,65, 0
34085,76, 0
34086,84, 0
34087,95, 0
34088,87, 0
34089,92, 0
34090,88, 0
34091,110, 0
34092,134, 0
34093,182, 0
34094,200, 0
34095,202, 0
34096,184, 0
34097,176, 0
34098,155, 0
34099,139, 0
34100,133, 0
34101,108, 0
34102,99, 0
34103,107, 0
34104,103, 0
34105,130, 0
34106,139, 0
34107,152, 0
34108,153, 0
34109,156, 0
34110,151, 0
34111,164, 0
34112,152, 0
34113,139, 0
34114,149, 0
34115,154, 0
34116,155, 0
34117,153, 0
34118,127, 0
34119,100, 0
34120,103, 0
34121,120, 0
34122,154, 0
34123,186, 0
34124,216, 0
34125,244, 0
34126,263, 0
34127,258, 0
34128,241, 0
34129,205, 0
34130,176, 0
34131,147, 0
34132,127, 0
34133,103, 0
34134,100, 0
34135,101, 0
34136,102, 0
34137,118, 0
34138,134, 0
34139,120, 0
34140,89, 0
34141,59, 0
34142,40, 0
34143,35, 0
34144,51, 0
34145,73, 0
34146,99, 0
34147,111, 0
34148,99, 0
34149,76, 0
34150,40, 0
34151,24, 0
34152,17, 0
34153,44, 0
34154,87, 0
34155,129, 0
34156,131, 0
34157,138, 0
34158,139, 0
34159,133, 0
34160,124, 0
34161,95, 0
34162,67, 0
34163,73, 0
34164,87, 0
34165,109, 0
34166,128, 0
34167,139, 0
34168,142, 0
34169,132, 0
34170,119, 0
34171,105, 0
34172,84, 0
34173,70, 0
34174,38, 0
34175,13, 0
34176,7, 0
34177,0, 0
34178,7, 0
34179,6, 0
34180,31, 0
34181,89, 0
34182,158, 0
34183,229, 0
34184,304, 0
34185,355, 1
34186,362, 9
34187,336, 10
34188,311, 2
34189,269, 0
34190,249, 0
34191,218, 0
34192,196, 0
34193,166, 0
34194,141, 0
34195,133, 0
34196,118, 0
34197,110, 0
34198,127, 0
34199,130, 0
34200,133, 0
34201,118, 0
34202,118, 0
34203,133, 0
34204,151, 0
34205,161, 0
34206,169, 0
34207,170, 0
34208,167, 0
34209,144, 0
34210,109, 0
34211,95, 0
34212,80, 0
34213,93, 0
34214,122, 0
34215,159, 0
34216,177, 0
34217,157, 0
34218,133, 0
34219,112, 0
34220,88, 0
34221,44, 0
34222,20, 0
34223,3, 0
34224,20, 0
34225,63, 0
34226,102, 0
34227,149, 0
34228,183, 0
34229,188, 0
34230,202, 0
34231,210, 0
34232,211, 0
34233,202, 0
34234,190, 0
34235,192, 0
34236,184, 0
34237,202, 0
34238,196, 0
34239,181, 0
34240,137, 0
34241,131, 0
34242,147, 0
34243,199, 0
34244,247, 0
34245,286, 0
34246,298, 0
34247,291, 0
34248,273, 0
34249,263, 0
34250,246, 0
34251,207, 0
34252,173, 0
34253,141, 0
34254,103, 0
34255,55, 0
34256,12, 0
34257,0, 0
34258,2, 0
34259,15, 0
34260,31, 0
34261,57, 0
34262,58, 0
34263,31, 0
34264,0, 0
34265,18, 0
34266,65, 0
34267,92, 0
34268,107, 0
34269,89, 0
34270,76, 0
34271,53, 0
34272,32, 0
34273,26, 0
34274,9, 0
34275,27, 0
34276,63, 0
34277,83, 0
34278,72, 0
34279,65, 0
34280,77, 0
34281,109, 0
34282,145, 0
34283,199, 0
34284,232, 0
34285,287, 0
34286,344, 0
34287,384, 9
34288,408, 21
34289,401, 25
34290,361, 19
34291,315, 9
34292,272, 0
34293,237, 0
34294,243, 0
34295,218, 0
34296,204, 0
34297,196, 0
34298,167, 0
34299,134, 0
34300,83, 0
34301,26, 0
34302,21, 0
34303,52, 0
34304,78, 0
34305,90, 0
34306,86, 0
34307,72, 0
34308,50, 0
34309,27, 0
34310,7, 0
34311,0, 0
34312,0, 0
34313,3, 0
34314,35, 0
34315,69, 0
34316,99, 0
34317,124, 0
34318,142, 0
34319,158, 0
34320,182, 0
34321,197, 0
34322,196, 0
34323,220, 0
34324,217, 0
34325,191, 0
34326,158, 0
34327,121, 0
34328,83, 0
34329,61, 0
34330,47, 0
34331,38, 0
34332,19, 0
34333,4, 0
34334,14, 0
34335,52, 0
34336,106, 0
34337,159, 0
34338,183, 0
34339,207, 0
34340,263, 0
34341,318, 0
34342,338, 0
34343,341, 3
34344,312, 0
34345,244, 0
34346,189, 0
34347,143, 0
34348,122, 0
34349,100, 0
34350,72, 0
34351,34, 0
34352,31, 0
34353,44, 0
34354,71, 0
34355,94, 0
34356,126, 0
34357,135, 0
34358,116, 0
34359,86, 0
34360,53, 0
34361,38, 0
34362,30, 0
34363,29, 0
34364,41, 0
34365,51, 0
34366,67, 0
34367,97, 0
34368,124, 0
34369,118, 0
34370,86, 0
34371,57, 0
34372,63, 0
34373,34, 0
34374,50, 0
34375,67, 0
34376,92, 0
34377,127, 0
34378,166, 0
34379,164, 0
34380,140, 0
34381,105, 0
34382,83, 0
34383,67, 0
34384,89, 0
34385,121, 0
34386,158, 0
34387,170, 0
34388,153, 0
34389,119, 0
34390,106, 0
34391,104, 0
34392,139, 0
34393,183, 0
34394,196, 0
34395,206, 0
34396,229, 0
34397,230, 0
34398,235, 0
34399,228, 0
34400,174, 0
34401,133, 0
34402,119, 0
34403,116, 0
34404,111, 0
34405,77, 0
34406,19, 0
34407,0, 0
34408,0, 0
34409,10, 0
34410,11, 0
34411,10, 0
34412,6, 0
34413,12, 0
34414,115, 0
34415,258, 0
34416,376, 0
34417,451, 19
34418,482, 44
34419,481, 57
34420,458, 57
34421,423, 51
34422,373, 37
34423,279, 12
34424,141, 0
34425,29, 0
34426,0, 0
34427,1, 0
34428,0, 0
34429,27, 0
34430,24, 0
34431,6, 0
34432,0, 0
34433,0, 0
34434,3, 0
34435,4, 0
34436,6, 0
34437,31, 0
34438,46, 0
34439,64, 0
34440,80, 0
34441,94, 0
34442,94, 0
34443,45, 0
34444,2, 0
34445,0, 0
34446,0, 0
34447,0, 0
34448,0, 0
34449,0, 0
34450,1, 0
34451,28, 0
34452,79, 0
34453,115, 0
34454,137, 0
34455,164, 0
34456,204, 0
34457,261, 0
34458,334, 0
34459,402, 11
34460,417, 26
34461,382, 24
34462,369, 20
34463,361, 14
34464,372, 12
34465,371, 13
34466,409, 19
34467,430, 30
34468,447, 40
34469,455, 48
34470,434, 48
34471,427, 43
34472,410, 38
34473,395, 32
34474,372, 25
34475,348, 17
34476,304, 5
34477,240, 0
34478,180, 0
34479,137, 0
34480,100, 0
34481,89, 0
34482,85, 0
34483,55, 0
34484,2, 0
34485,0, 0
34486,0, 0
34487,6, 0
34488,30, 0
34489,52, 0
34490,56, 0
34491,52, 0
34492,31, 0
34493,12, 0
34494,9, 0
34495,2, 0
34496,0, 0
34497,9, 0
34498,45, 0
34499,71, 0
34500,88, 0
34501,63, 0
34502,38, 0
34503,9, 0
34504,0, 0
34505,3, 0
34506,13, 0
34507,8, 0
34508,13, 0
34509,2, 0
34510,0, 0
34511,12, 0
34512,92, 0
34513,163, 0
34514,184, 0
34515,144, 0
34516,59, 0
34517,5, 0
34518,6, 0
34519,6, 0
34520,14, 0
34521,74, 0
34522,115, 0
34523,120, 0
34524,74, 0
34525,31, 0
34526,55, 0
34527,116, 0
34528,176, 0
34529,215, 0
34530,235, 0
34531,239, 0
34532,239, 0
34533,217, 0
34534,188, 0
34535,187, 0
34536,189, 0
34537,185, 0
34538,196, 0
34539,205, 0
34540,183, 0
34541,179, 0
34542,140, 0
34543,109, 0
34544,97, 0
34545,85, 0
34546,133, 0
34547,214, 0
34548,316, 0
34549,362, 2
34550,396, 15
34551,364, 19
34552,286, 8
34553,204, 0
34554,144, 0
34555,115, 0
34556,127, 0
34557,154, 0
34558,173, 0
34559,164, 0
34560,198, 0
34561,205, 0
34562,196, 0
34563,222, 0
34564,241, 0
34565,223, 0
34566,224, 0
34567,223, 0
34568,199, 0
34569,175, 0
34570,171, 0
34571,176, 0
34572,176, 0
34573,152, 0
34574,129, 0
34575,102, 0
34576,32, 0
34577,2, 0
34578,31, 0
34579,59, 0
34580,54, 0
34581,89, 0
34582,173, 0
34583,266, 0
34584,302, 0
34585,258, 0
34586,160, 0
34587,36, 0
34588,28, 0
34589,135, 0
34590,236, 0
34591,300, 0
34592,328, 0
34593,362, 2
34594,352, 6
34595,325, 5
34596,309, 0
34597,294, 0
34598,253, 0
34599,217, 0
34600,207, 0
34601,192, 0
34602,164, 0
34603,140, 0
34604,117, 0
34605,69, 0
34606,19, 0
34607,0, 0
34608,19, 0
34609,75, 0
34610,147, 0
34611,204, 0
34612,257, 0
34613,299, 0
34614,312, 0
34615,302, 0
34616,274, 0
34617,217, 0
34618,183, 0
34619,154, 0
34620,152, 0
34621,176, 0
34622,196, 0
34623,183, 0
34624,148, 0
34625,113, 0
34626,77, 0
34627,76, 0
34628,145, 0
34629,197, 0
34630,196, 0
34631,134, 0
34632,50, 0
34633,1, 0
34634,0, 0
34635,0, 0
34636,0, 0
34637,0, 0
34638,4, 0
34639,1, 0
34640,20, 0
34641,35, 0
34642,56, 0
34643,77, 0
34644,79, 0
34645,34, 0
34646,12, 0
34647,109, 0
34648,215, 0
34649,308, 0
34650,371, 1
34651,381, 11
34652,379, 14
34653,361, 11
34654,318, 6
34655,263, 0
34656,217, 0
34657,212, 0
34658,208, 0
34659,207, 0
34660,189, 0
34661,165, 0
34662,127, 0
34663,159, 0
34664,111, 0
34665,55, 0
34666,11, 0
34667,121, 0
34668,207, 0
34669,237, 0
34670,214, 0
34671,190, 0
34672,186, 0
34673,185, 0
34674,173, 0
34675,153, 0
34676,125, 0
34677,70, 0
34678,20, 0
34679,21, 0
34680,83, 0
34681,143, 0
34682,204, 0
34683,240, 0
34684,255, 0
34685,276, 0
34686,271, 0
34687,237, 0
34688,176, 0
34689,92, 0
34690,18, 0
34691,0, 0
34692,0, 0
34693,0, 0
34694,6, 0
34695,68, 0
34696,141, 0
34697,204, 0
34698,228, 0
34699,207, 0
34700,183, 0
34701,141, 0
34702,175, 0
34703,218, 0
34704,239, 0
34705,240, 0
34706,249, 0
34707,283, 0
34708,328, 0
34709,321, 0
34710,300, 0
34711,284, 0
34712,316, 0
34713,341, 1
34714,377, 7
34715,428, 24
34716,496, 44
34717,509, 58
34718,510, 72
34719,488, 74
34720,475, 70
34721,486, 69
34722,501, 74
34723,480, 75
34724,478, 70
34725,403, 53
34726,327, 27
34727,263, 3
34728,183, 0
34729,183, 0
34730,211, 0
34731,268, 0
34732,319, 0
34733,364, 6
34734,375, 14
34735,344, 15
34736,293, 5
34737,238, 0
34738,149, 0
34739,26, 0
34740,36, 0
34741,112, 0
34742,179, 0
34743,222, 0
34744,246, 0
34745,220, 0
34746,160, 0
34747,83, 0
34748,12, 0
34749,86, 0
34750,189, 0
34751,270, 0
34752,300, 0
34753,299, 0
34754,257, 0
34755,217, 0
34756,170, 0
34757,116, 0
34758,73, 0
34759,38, 0
34760,41, 0
34761,73, 0
34762,127, 0
34763,204, 0
34764,238, 0
34765,208, 0
34766,163, 0
34767,153, 0
34768,179, 0
34769,219, 0
34770,273, 0
34771,318, 0
34772,359, 1
34773,391, 12
34774,402, 20
34775,380, 22
34776,334, 12
34777,306, 1
34778,282, 0
34779,277, 0
34780,281, 0
34781,270, 0
34782,252, 0
34783,202, 0
34784,139, 0
34785,89, 0
34786,50, 0
34787,15, 0
34788,1, 0
34789,8, 0
34790,6, 0
34791,19, 0
34792,101, 0
34793,165, 0
34794,205, 0
34795,211, 0
34796,183, 0
34797,171, 0
34798,159, 0
34799,141, 0
34800,133, 0
34801,120, 0
34802,109, 0
34803,85, 0
34804,63, 0
34805,36, 0
34806,7, 0
34807,0, 0
34808,3, 0
34809,41, 0
34810,83, 0
34811,92, 0
34812,76, 0
34813,34, 0
34814,4, 0
34815,0, 0
34816,0, 0
34817,0, 0
34818,2, 0
34819,24, 0
34820,45, 0
34821,59, 0
34822,55, 0
34823,63, 0
34824,48, 0
34825,52, 0
34826,72, 0
34827,70, 0
34828,50, 0
34829,32, 0
34830,14, 0
34831,0, 0
34832,57, 0
34833,123, 0
34834,196, 0
34835,172, 0
34836,143, 0
34837,115, 0
34838,108, 0
34839,95, 0
34840,103, 0
34841,106, 0
34842,144, 0
34843,204, 0
34844,287, 0
34845,352, 1
34846,391, 12
34847,420, 26
34848,442, 36
34849,426, 39
34850,403, 35
34851,388, 32
34852,354, 21
34853,308, 9
34854,270, 1
34855,232, 0
34856,186, 0
34857,145, 0
34858,117, 0
34859,75, 0
34860,34, 0
34861,9, 0
34862,34, 0
34863,38, 0
34864,4, 0
34865,48, 0
34866,78, 0
34867,65, 0
34868,27, 0
34869,2, 0
34870,0, 0
34871,3, 0
34872,6, 0
34873,0, 0
34874,3, 0
34875,19, 0
34876,13, 0
34877,2, 0
34878,0, 0
34879,4, 0
34880,0, 0
34881,0, 0
34882,21, 0
34883,72, 0
34884,134, 0
34885,200, 0
34886,254, 0
34887,258, 0
34888,263, 0
34889,287, 0
34890,304, 0
34891,304, 0
34892,286, 0
34893,269, 0
34894,266, 0
34895,286, 0
34896,313, 0
34897,306, 0
34898,311, 0
34899,287, 0
34900,274, 0
34901,257, 0
34902,243, 0
34903,256, 0
34904,267, 0
34905,276, 0
34906,260, 0
34907,265, 0
34908,263, 0
34909,260, 0
34910,217, 0
34911,171, 0
34912,144, 0
34913,139, 0
34914,148, 0
34915,192, 0
34916,228, 0
34917,276, 0
34918,280, 0
34919,252, 0
34920,203, 0
34921,161, 0
34922,145, 0
34923,132, 0
34924,122, 0
34925,112, 0
34926,99, 0
34927,70, 0
34928,25, 0
34929,0, 0
34930,1, 0
34931,28, 0
34932,47, 0
34933,54, 0
34934,41, 0
34935,13, 0
34936,3, 0
34937,0, 0
34938,0, 0
34939,0, 0
34940,0, 0
34941,1, 0
34942,12, 0
34943,42, 0
34944,103, 0
34945,154, 0
34946,165, 0
34947,130, 0
34948,76, 0
34949,77, 0
34950,127, 0
34951,207, 0
34952,278, 0
34953,300, 0
34954,257, 0
34955,172, 0
34956,81, 0
34957,4, 0
34958,8, 0
34959,10, 0
34960,0, 0
34961,13, 0
34962,70, 0
34963,125, 0
34964,163, 0
34965,192, 0
34966,230, 0
34967,257, 0
34968,304, 0
34969,355, 0
34970,403, 11
34971,413, 23
34972,355, 22
34973,305, 7
34974,264, 0
34975,233, 0
34976,196, 0
34977,179, 0
34978,154, 0
34979,147, 0
34980,135, 0
34981,128, 0
34982,136, 0
34983,151, 0
34984,158, 0
34985,150, 0
34986,132, 0
34987,128, 0
34988,112, 0
34989,94, 0
34990,76, 0
34991,45, 0
34992,19, 0
34993,0, 0
34994,11, 0
34995,0, 0
34996,0, 0
34997,0, 0
34998,10, 0
34999,17, 0
35000,6, 0
35001,7, 0
35002,24, 0
35003,48, 0
35004,112, 0
35005,160, 0
35006,191, 0
35007,207, 0
35008,187, 0
35009,110, 0
35010,41, 0
35011,21, 0
35012,30, 0
35013,70, 0
35014,76, 0
35015,73, 0
35016,76, 0
35017,88, 0
35018,118, 0
35019,150, 0
35020,211, 0
35021,228, 0
35022,254, 0
35023,273, 0
35024,259, 0
35025,239, 0
35026,204, 0
35027,165, 0
35028,147, 0
35029,148, 0
35030,170, 0
35031,211, 0
35032,223, 0
35033,226, 0
35034,204, 0
35035,163, 0
35036,92, 0
35037,22, 0
35038,0, 0
35039,2, 0
35040,6, 0
35041,9, 0
35042,0, 0
35043,7, 0
35044,99, 0
35045,195, 0
35046,240, 0
35047,231, 0
35048,183, 0
35049,95, 0
35050,11, 0
35051,8, 0
35052,34, 0
35053,70, 0
35054,65, 0
35055,54, 0
35056,32, 0
35057,27, 0
35058,61, 0
35059,119, 0
35060,197, 0
35061,244, 0
35062,239, 0
35063,179, 0
35064,108, 0
35065,77, 0
35066,23, 0
35067,31, 0
35068,160, 0
35069,234, 0
35070,247, 0
35071,251, 0
35072,258, 0
35073,256, 0
35074,217, 0
35075,167, 0
35076,147, 0
35077,231, 0
35078,359, 0
35079,487, 22
35080,551, 61
35081,576, 87
35082,582, 102
35083,593, 111
35084,564, 108
35085,513, 99
35086,473, 83
35087,447, 67
35088,427, 54
35089,398, 44
35090,401, 34
35091,402, 32
35092,405, 31
35093,385, 30
35094,368, 23
35095,351, 18
35096,310, 6
35097,234, 0
35098,161, 0
35099,140, 0
35100,165, 0
35101,227, 0
35102,326, 0
35103,456, 15
35104,573, 62
35105,656, 109
35106,695, 145
35107,689, 164
35108,610, 157
35109,490, 123
35110,368, 77
35111,281, 26
35112,206, 0
35113,145, 0
35114,29, 0
35115,31, 0
35116,113, 0
35117,157, 0
35118,167, 0
35119,169, 0
35120,109, 0
35121,52, 0
35122,0, 0
35123,19, 0
35124,6, 0
35125,12, 0
35126,76, 0
35127,126, 0
35128,133, 0
35129,102, 0
35130,63, 0
35131,22, 0
35132,2, 0
35133,2, 0
35134,70, 0
35135,170, 0
35136,286, 0
35137,379, 0
35138,408, 17
35139,379, 22
35140,312, 11
35141,259, 0
35142,198, 0
35143,189, 0
35144,189, 0
35145,176, 0
35146,158, 0
35147,151, 0
35148,159, 0
35149,177, 0
35150,188, 0
35151,169, 0
35152,132, 0
35153,90, 0
35154,57, 0
35155,30, 0
35156,43, 0
35157,83, 0
35158,102, 0
35159,113, 0
35160,121, 0
35161,143, 0
35162,182, 0
35163,189, 0
35164,160, 0
35165,117, 0
35166,71, 0
35167,43, 0
35168,24, 0
35169,35, 0
35170,27, 0
35171,25, 0
35172,32, 0
35173,25, 0
35174,5, 0
35175,28, 0
35176,92, 0
35177,106, 0
35178,101, 0
35179,43, 0
35180,11, 0
35181,18, 0
35182,44, 0
35183,88, 0
35184,116, 0
35185,135, 0
35186,125, 0
35187,109, 0
35188,92, 0
35189,52, 0
35190,2, 0
35191,19, 0
35192,76, 0
35193,127, 0
35194,152, 0
35195,154, 0
35196,135, 0
35197,110, 0
35198,70, 0
35199,41, 0
35200,27, 0
35201,12, 0
35202,25, 0
35203,51, 0
35204,90, 0
35205,139, 0
35206,184, 0
35207,226, 0
35208,266, 0
35209,294, 0
35210,296, 0
35211,271, 0
35212,257, 0
35213,251, 0
35214,258, 0
35215,251, 0
35216,227, 0
35217,244, 0
35218,267, 0
35219,293, 0
35220,301, 0
35221,304, 0
35222,274, 0
35223,242, 0
35224,204, 0
35225,176, 0
35226,133, 0
35227,95, 0
35228,79, 0
35229,64, 0
35230,65, 0
35231,71, 0
35232,60, 0
35233,72, 0
35234,109, 0
35235,133, 0
35236,154, 0
35237,139, 0
35238,158, 0
35239,147, 0
35240,138, 0
35241,117, 0
35242,95, 0
35243,86, 0
35244,89, 0
35245,75, 0
35246,32, 0
35247,0, 0
35248,12, 0
35249,25, 0
35250,4, 0
35251,32, 0
35252,89, 0
35253,132, 0
35254,159, 0
35255,177, 0
35256,183, 0
35257,164, 0
35258,151, 0
35259,135, 0
35260,115, 0
35261,113, 0
35262,116, 0
35263,173, 0
35264,232, 0
35265,263, 0
35266,282, 0
35267,255, 0
35268,211, 0
35269,183, 0
35270,173, 0
35271,174, 0
35272,183, 0
35273,193, 0
35274,196, 0
35275,190, 0
35276,177, 0
35277,169, 0
35278,161, 0
35279,143, 0
35280,88, 0
35281,54, 0
35282,21, 0
35283,7, 0
35284,14, 0
35285,60, 0
35286,74, 0
35287,127, 0
35288,154, 0
35289,195, 0
35290,201, 0
35291,196, 0
35292,192, 0
35293,176, 0
35294,152, 0
35295,127, 0
35296,97, 0
35297,31, 0
35298,0, 0
35299,43, 0
35300,75, 0
35301,56, 0
35302,23, 0
35303,0, 0
35304,29, 0
35305,92, 0
35306,138, 0
35307,158, 0
35308,159, 0
35309,150, 0
35310,130, 0
35311,139, 0
35312,165, 0
35313,199, 0
35314,248, 0
35315,302, 0
35316,330, 0
35317,326, 1
35318,300, 0
35319,292, 0
35320,277, 0
35321,239, 0
35322,192, 0
35323,127, 0
35324,83, 0
35325,14, 0
35326,1, 0
35327,56, 0
35328,170, 0
35329,275, 0
35330,311, 0
35331,292, 0
35332,262, 0
35333,257, 0
35334,257, 0
35335,220, 0
35336,144, 0
35337,31, 0
35338,18, 0
35339,65, 0
35340,88, 0
35341,76, 0
35342,38, 0
35343,9, 0
35344,1, 0
35345,58, 0
35346,159, 0
35347,198, 0
35348,233, 0
35349,195, 0
35350,149, 0
35351,89, 0
35352,34, 0
35353,0, 0
35354,4, 0
35355,15, 0
35356,1, 0
35357,19, 0
35358,80, 0
35359,95, 0
35360,68, 0
35361,29, 0
35362,59, 0
35363,127, 0
35364,216, 0
35365,300, 0
35366,359, 1
35367,376, 13
35368,373, 15
35369,325, 12
35370,257, 2
35371,169, 0
35372,120, 0
35373,94, 0
35374,95, 0
35375,91, 0
35376,88, 0
35377,75, 0
35378,72, 0
35379,101, 0
35380,136, 0
35381,174, 0
35382,192, 0
35383,214, 0
35384,241, 0
35385,261, 0
35386,259, 0
35387,267, 0
35388,297, 0
35389,338, 0
35390,394, 7
35391,434, 25
35392,473, 43
35393,512, 64
35394,517, 77
35395,487, 76
35396,435, 63
35397,370, 44
35398,306, 19
35399,263, 0
35400,221, 0
35401,201, 0
35402,170, 0
35403,125, 0
35404,87, 0
35405,64, 0
35406,59, 0
35407,75, 0
35408,89, 0
35409,95, 0
35410,101, 0
35411,111, 0
35412,105, 0
35413,94, 0
35414,83, 0
35415,76, 0
35416,73, 0
35417,63, 0
35418,31, 0
35419,14, 0
35420,6, 0
35421,7, 0
35422,9, 0
35423,12, 0
35424,51, 0
35425,50, 0
35426,19, 0
35427,2, 0
35428,0, 0
35429,0, 0
35430,0, 0
35431,0, 0
35432,0, 0
35433,3, 0
35434,43, 0
35435,51, 0
35436,74, 0
35437,96, 0
35438,111, 0
35439,103, 0
35440,111, 0
35441,119, 0
35442,136, 0
35443,164, 0
35444,176, 0
35445,183, 0
35446,163, 0
35447,139, 0
35448,138, 0
35449,150, 0
35450,163, 0
35451,197, 0
35452,202, 0
35453,191, 0
35454,167, 0
35455,140, 0
35456,125, 0
35457,124, 0
35458,105, 0
35459,74, 0
35460,57, 0
35461,63, 0
35462,81, 0
35463,88, 0
35464,121, 0
35465,159, 0
35466,189, 0
35467,205, 0
35468,204, 0
35469,193, 0
35470,169, 0
35471,134, 0
35472,121, 0
35473,105, 0
35474,100, 0
35475,87, 0
35476,58, 0
35477,25, 0
35478,18, 0
35479,14, 0
35480,14, 0
35481,31, 0
35482,51, 0
35483,75, 0
35484,83, 0
35485,90, 0
35486,84, 0
35487,71, 0
35488,54, 0
35489,28, 0
35490,4, 0
35491,0, 0
35492,0, 0
35493,0, 0
35494,50, 0
35495,113, 0
35496,141, 0
35497,158, 0
35498,173, 0
35499,183, 0
35500,193, 0
35501,204, 0
35502,208, 0
35503,217, 0
35504,201, 0
35505,183, 0
35506,189, 0
35507,196, 0
35508,221, 0
35509,247, 0
35510,289, 0
35511,314, 0
35512,348, 0
35513,340, 4
35514,326, 5
35515,312, 2
35516,291, 0
35517,260, 0
35518,260, 0
35519,220, 0
35520,180, 0
35521,125, 0
35522,104, 0
35523,108, 0
35524,128, 0
35525,158, 0
35526,185, 0
35527,192, 0
35528,188, 0
35529,199, 0
35530,181, 0
35531,180, 0
35532,147, 0
35533,152, 0
35534,124, 0
35535,90, 0
35536,50, 0
35537,6, 0
35538,1, 0
35539,36, 0
35540,54, 0
35541,38, 0
35542,11, 0
35543,15, 0
35544,68, 0
35545,96, 0
35546,129, 0
35547,158, 0
35548,155, 0
35549,138, 0
35550,118, 0
35551,92, 0
35552,78, 0
35553,70, 0
35554,64, 0
35555,71, 0
35556,70, 0
35557,48, 0
35558,46, 0
35559,69, 0
35560,107, 0
35561,131, 0
35562,139, 0
35563,149, 0
35564,140, 0
35565,137, 0
35566,132, 0
35567,128, 0
35568,128, 0
35569,135, 0
35570,176, 0
35571,223, 0
35572,251, 0
35573,270, 0
35574,243, 0
35575,226, 0
35576,218, 0
35577,217, 0
35578,232, 0
35579,269, 0
35580,301, 0
35581,312, 0
35582,304, 0
35583,291, 0
35584,278, 0
35585,262, 0
35586,233, 0
35587,195, 0
35588,161, 0
35589,122, 0
35590,101, 0
35591,77, 0
35592,73, 0
35593,57, 0
35594,29, 0
35595,1, 0
35596,0, 0
35597,12, 0
35598,41, 0
35599,95, 0
35600,155, 0
35601,174, 0
35602,153, 0
35603,133, 0
35604,107, 0
35605,103, 0
35606,116, 0
35607,115, 0
35608,85, 0
35609,43, 0
35610,6, 0
35611,0, 0
35612,0, 0
35613,0, 0
35614,38, 0
35615,88, 0
35616,138, 0
35617,142, 0
35618,122, 0
35619,80, 0
35620,53, 0
35621,54, 0
35622,70, 0
35623,96, 0
35624,138, 0
35625,175, 0
35626,215, 0
35627,256, 0
35628,272, 0
35629,271, 0
35630,256, 0
35631,210, 0
35632,179, 0
35633,159, 0
35634,160, 0
35635,180, 0
35636,202, 0
35637,218, 0
35638,233, 0
35639,242, 0
35640,236, 0
35641,201, 0
35642,166, 0
35643,151, 0
35644,141, 0
35645,150, 0
35646,151, 0
35647,186, 0
35648,204, 0
35649,210, 0
35650,208, 0
35651,205, 0
35652,202, 0
35653,195, 0
35654,168, 0
35655,135, 0
35656,92, 0
35657,53, 0
35658,35, 0
35659,14, 0
35660,20, 0
35661,31, 0
35662,15, 0
35663,0, 0
35664,0, 0
35665,8, 0
35666,19, 0
35667,19, 0
35668,19, 0
35669,28, 0
35670,31, 0
35671,26, 0
35672,25, 0
35673,25, 0
35674,19, 0
35675,11, 0
35676,0, 0
35677,9, 0
35678,44, 0
35679,57, 0
35680,57, 0
35681,36, 0
35682,56, 0
35683,55, 0
35684,96, 0
35685,154, 0
35686,195, 0
35687,223, 0
35688,230, 0
35689,232, 0
35690,210, 0
35691,197, 0
35692,187, 0
35693,199, 0
35694,207, 0
35695,227, 0
35696,229, 0
35697,229, 0
35698,224, 0
35699,220, 0
35700,219, 0
35701,238, 0
35702,238, 0
35703,237, 0
35704,257, 0
35705,266, 0
35706,273, 0
35707,280, 0
35708,277, 0
35709,280, 0
35710,278, 0
35711,265, 0
35712,259, 0
35713,252, 0
35714,231, 0
35715,216, 0
35716,208, 0
35717,189, 0
35718,176, 0
35719,176, 0
35720,166, 0
35721,183, 0
35722,183, 0
35723,164, 0
35724,127, 0
35725,107, 0
35726,100, 0
35727,93, 0
35728,95, 0
35729,71, 0
35730,44, 0
35731,30, 0
35732,26, 0
35733,15, 0
35734,8, 0
35735,8, 0
35736,10, 0
35737,38, 0
35738,71, 0
35739,76, 0
35740,77, 0
35741,78, 0
35742,83, 0
35743,86, 0
35744,95, 0
35745,78, 0
35746,72, 0
35747,54, 0
35748,51, 0
35749,50, 0
35750,58, 0
35751,50, 0
35752,30, 0
35753,21, 0
35754,26, 0
35755,57, 0
35756,104, 0
35757,148, 0
35758,188, 0
35759,220, 0
35760,230, 0
35761,205, 0
35762,167, 0
35763,107, 0
35764,60, 0
35765,48, 0
35766,84, 0
35767,145, 0
35768,214, 0
35769,274, 0
35770,314, 0
35771,327, 0
35772,314, 4
35773,275, 0
35774,228, 0
35775,185, 0
35776,161, 0
35777,145, 0
35778,158, 0
35779,148, 0
35780,147, 0
35781,117, 0
35782,125, 0
35783,123, 0
35784,99, 0
35785,71, 0
35786,75, 0
35787,81, 0
35788,79, 0
35789,78, 0
35790,65, 0
35791,58, 0
35792,64, 0
35793,67, 0
35794,36, 0
35795,9, 0
35796,0, 0
35797,0, 0
35798,9, 0
35799,52, 0
35800,88, 0
35801,93, 0
35802,115, 0
35803,137, 0
35804,150, 0
35805,156, 0
35806,145, 0
35807,132, 0
35808,119, 0
35809,112, 0
35810,119, 0
35811,133, 0
35812,139, 0
35813,150, 0
35814,153, 0
35815,161, 0
35816,173, 0
35817,207, 0
35818,224, 0
35819,237, 0
35820,236, 0
35821,227, 0
35822,201, 0
35823,191, 0
35824,148, 0
35825,121, 0
35826,136, 0
35827,147, 0
35828,179, 0
35829,204, 0
35830,221, 0
35831,229, 0
35832,210, 0
35833,175, 0
35834,171, 0
35835,130, 0
35836,97, 0
35837,62, 0
35838,37, 0
35839,11, 0
35840,0, 0
35841,2, 0
35842,26, 0
35843,57, 0
35844,95, 0
35845,94, 0
35846,70, 0
35847,76, 0
35848,71, 0
35849,57, 0
35850,30, 0
35851,0, 0
35852,15, 0
35853,31, 0
35854,32, 0
35855,18, 0
35856,0, 0
35857,6, 0
35858,58, 0
35859,122, 0
35860,188, 0
35861,201, 0
35862,191, 0
35863,181, 0
35864,186, 0
35865,214, 0
35866,221, 0
35867,245, 0
35868,252, 0
35869,262, 0
35870,258, 0
35871,258, 0
35872,254, 0
35873,230, 0
35874,210, 0
35875,215, 0
35876,216, 0
35877,219, 0
35878,216, 0
35879,204, 0
35880,197, 0
35881,190, 0
35882,185, 0
35883,201, 0
35884,196, 0
35885,167, 0
35886,160, 0
35887,163, 0
35888,192, 0
35889,191, 0
35890,200, 0
35891,203, 0
35892,214, 0
35893,207, 0
35894,210, 0
35895,199, 0
35896,173, 0
35897,151, 0
35898,131, 0
35899,132, 0
35900,102, 0
35901,87, 0
35902,84, 0
35903,92, 0
35904,115, 0
35905,101, 0
35906,83, 0
35907,56, 0
35908,46, 0
35909,25, 0
35910,13, 0
35911,15, 0
35912,0, 0
35913,0, 0
35914,0, 0
35915,1, 0
35916,0, 0
35917,1, 0
35918,4, 0
35919,12, 0
35920,22, 0
35921,48, 0
35922,54, 0
35923,74, 0
35924,68, 0
35925,97, 0
35926,128, 0
35927,152, 0
35928,174, 0
35929,180, 0
35930,195, 0
35931,177, 0
35932,180, 0
35933,189, 0
35934,188, 0
35935,183, 0
35936,202, 0
35937,218, 0
35938,228, 0
35939,226, 0
35940,229, 0
35941,237, 0
35942,234, 0
35943,264, 0
35944,301, 0
35945,315, 0
35946,271, 0
35947,230, 0
35948,205, 0
35949,208, 0
35950,184, 0
35951,187, 0
35952,189, 0
35953,196, 0
35954,196, 0
35955,191, 0
35956,183, 0
35957,181, 0
35958,159, 0
35959,143, 0
35960,123, 0
35961,95, 0
35962,83, 0
35963,73, 0
35964,71, 0
35965,79, 0
35966,76, 0
35967,71, 0
35968,43, 0
35969,26, 0
35970,21, 0
35971,14, 0
35972,15, 0
35973,11, 0
35974,9, 0
35975,15, 0
35976,2, 0
35977,0, 0
35978,13, 0
35979,46, 0
35980,81, 0
35981,135, 0
35982,176, 0
35983,183, 0
35984,164, 0
35985,134, 0
35986,124, 0
35987,118, 0
35988,115, 0
35989,118, 0
35990,127, 0
35991,135, 0
35992,150, 0
35993,164, 0
35994,183, 0
35995,176, 0
35996,181, 0
35997,198, 0
35998,207, 0
35999,212, 0
36000,208, 0
36001,222, 0
36002,231, 0
36003,251, 0
36004,229, 0
36005,232, 0
36006,237, 0
36007,201, 0
36008,201, 0
36009,172, 0
36010,161, 0
36011,158, 0
36012,155, 0
36013,145, 0
36014,140, 0
36015,135, 0
36016,119, 0
36017,112, 0
36018,102, 0
36019,92, 0
36020,92, 0
36021,102, 0
36022,92, 0
36023,88, 0
36024,76, 0
36025,70, 0
36026,53, 0
36027,55, 0
36028,28, 0
36029,19, 0
36030,6, 0
36031,0, 0
36032,0, 0
36033,6, 0
36034,0, 0
36035,0, 0
36036,5, 0
36037,34, 0
36038,72, 0
36039,95, 0
36040,88, 0
36041,72, 0
36042,84, 0
36043,105, 0
36044,124, 0
36045,105, 0
36046,103, 0
36047,110, 0
36048,131, 0
36049,139, 0
36050,152, 0
36051,177, 0
36052,164, 0
36053,160, 0
36054,172, 0
36055,189, 0
36056,207, 0
36057,242, 0
36058,272, 0
36059,287, 0
36060,309, 0
36061,301, 0
36062,289, 0
36063,279, 0
36064,264, 0
36065,245, 0
36066,248, 0
36067,223, 0
36068,173, 0
36069,142, 0
36070,153, 0
36071,167, 0
36072,167, 0
36073,170, 0
36074,159, 0
36075,161, 0
36076,156, 0
36077,151, 0
36078,139, 0
36079,133, 0
36080,133, 0
36081,141, 0
36082,150, 0
36083,141, 0
36084,133, 0
36085,110, 0
36086,71, 0
36087,70, 0
36088,52, 0
36089,21, 0
36090,8, 0
36091,13, 0
36092,36, 0
36093,47, 0
36094,69, 0
36095,68, 0
36096,69, 0
36097,73, 0
36098,58, 0
36099,21, 0
36100,0, 0
36101,0, 0
36102,1, 0
36103,39, 0
36104,78, 0
36105,84, 0
36106,87, 0
36107,78, 0
36108,92, 0
36109,115, 0
36110,140, 0
36111,163, 0
36112,168, 0
36113,151, 0
36114,142, 0
36115,128, 0
36116,120, 0
36117,126, 0
36118,155, 0
36119,197, 0
36120,226, 0
36121,257, 0
36122,273, 0
36123,268, 0
36124,257, 0
36125,239, 0
36126,219, 0
36127,210, 0
36128,205, 0
36129,182, 0
36130,170, 0
36131,184, 0
36132,183, 0
36133,180, 0
36134,190, 0
36135,181, 0
36136,185, 0
36137,176, 0
36138,168, 0
36139,164, 0
36140,139, 0
36141,133, 0
36142,99, 0
36143,81, 0
36144,68, 0
36145,63, 0
36146,59, 0
36147,60, 0
36148,86, 0
36149,101, 0
36150,93, 0
36151,70, 0
36152,51, 0
36153,40, 0
36154,31, 0
36155,32, 0
36156,28, 0
36157,27, 0
36158,22, 0
36159,6, 0
36160,0, 0
36161,0, 0
36162,0, 0
36163,11, 0
36164,48, 0
36165,70, 0
36166,72, 0
36167,69, 0
36168,75, 0
36169,84, 0
36170,92, 0
36171,87, 0
36172,83, 0
36173,84, 0
36174,105, 0
36175,140, 0
36176,184, 0
36177,224, 0
36178,257, 0
36179,276, 0
36180,284, 0
36181,264, 0
36182,269, 0
36183,262, 0
36184,256, 0
36185,256, 0
36186,258, 0
36187,248, 0
36188,237, 0
36189,199, 0
36190,145, 0
36191,107, 0
36192,89, 0
36193,91, 0
36194,116, 0
36195,144, 0
36196,170, 0
36197,196, 0
36198,201, 0
36199,196, 0
36200,179, 0
36201,169, 0
36202,172, 0
36203,183, 0
36204,187, 0
36205,166, 0
36206,151, 0
36207,121, 0
36208,92, 0
36209,92, 0
36210,89, 0
36211,64, 0
36212,42, 0
36213,34, 0
36214,21, 0
36215,20, 0
36216,22, 0
36217,22, 0
36218,38, 0
36219,40, 0
36220,38, 0
36221,14, 0
36222,5, 0
36223,1, 0
36224,9, 0
36225,51, 0
36226,76, 0
36227,94, 0
36228,103, 0
36229,113, 0
36230,129, 0
36231,123, 0
36232,133, 0
36233,139, 0
36234,156, 0
36235,172, 0
36236,210, 0
36237,241, 0
36238,263, 0
36239,243, 0
36240,247, 0
36241,219, 0
36242,208, 0
36243,189, 0
36244,161, 0
36245,142, 0
36246,131, 0
36247,140, 0
36248,126, 0
36249,173, 0
36250,167, 0
36251,164, 0
36252,159, 0
36253,164, 0
36254,170, 0
36255,180, 0
36256,189, 0
36257,189, 0
36258,183, 0
36259,179, 0
36260,160, 0
36261,160, 0
36262,142, 0
36263,141, 0
36264,133, 0
36265,112, 0
36266,84, 0
36267,70, 0
36268,52, 0
36269,60, 0
36270,79, 0
36271,93, 0
36272,92, 0
36273,89, 0
36274,94, 0
36275,92, 0
36276,93, 0
36277,76, 0
36278,70, 0
36279,59, 0
36280,44, 0
36281,22, 0
36282,11, 0
36283,0, 0
36284,0, 0
36285,25, 0
36286,63, 0
36287,93, 0
36288,131, 0
36289,139, 0
36290,120, 0
36291,115, 0
36292,124, 0
36293,122, 0
36294,133, 0
36295,145, 0
36296,159, 0
36297,184, 0
36298,202, 0
36299,204, 0
36300,206, 0
36301,204, 0
36302,204, 0
36303,230, 0
36304,214, 0
36305,222, 0
36306,219, 0
36307,220, 0
36308,217, 0
36309,224, 0
36310,224, 0
36311,207, 0
36312,169, 0
36313,161, 0
36314,152, 0
36315,153, 0
36316,157, 0
36317,179, 0
36318,189, 0
36319,193, 0
36320,184, 0
36321,161, 0
36322,144, 0
36323,132, 0
36324,113, 0
36325,115, 0
36326,108, 0
36327,95, 0
36328,97, 0
36329,84, 0
36330,70, 0
36331,67, 0
36332,47, 0
36333,29, 0
36334,18, 0
36335,12, 0
36336,8, 0
36337,15, 0
36338,18, 0
36339,22, 0
36340,26, 0
36341,30, 0
36342,12, 0
36343,6, 0
36344,1, 0
36345,0, 0
36346,1, 0
36347,44, 0
36348,67, 0
36349,84, 0
36350,92, 0
36351,100, 0
36352,115, 0
36353,137, 0
36354,139, 0
36355,148, 0
36356,158, 0
36357,159, 0
36358,182, 0
36359,195, 0
36360,202, 0
36361,199, 0
36362,207, 0
36363,211, 0
36364,220, 0
36365,221, 0
36366,219, 0
36367,222, 0
36368,219, 0
36369,230, 0
36370,221, 0
36371,243, 0
36372,214, 0
36373,189, 0
36374,164, 0
36375,168, 0
36376,169, 0
36377,179, 0
36378,181, 0
36379,189, 0
36380,191, 0
36381,187, 0
36382,181, 0
36383,171, 0
36384,156, 0
36385,143, 0
36386,133, 0
36387,123, 0
36388,107, 0
36389,105, 0
36390,95, 0
36391,78, 0
36392,81, 0
36393,65, 0
36394,34, 0
36395,32, 0
36396,27, 0
36397,32, 0
36398,31, 0
36399,37, 0
36400,26, 0
36401,25, 0
36402,19, 0
36403,8, 0
36404,5, 0
36405,0, 0
36406,1, 0
36407,19, 0
36408,79, 0
36409,92, 0
36410,102, 0
36411,102, 0
36412,108, 0
36413,122, 0
36414,137, 0
36415,147, 0
36416,156, 0
36417,182, 0
36418,181, 0
36419,191, 0
36420,207, 0
36421,215, 0
36422,226, 0
36423,226, 0
36424,228, 0
36425,238, 0
36426,233, 0
36427,238, 0
36428,237, 0
36429,244, 0
36430,246, 0
36431,232, 0
36432,245, 0
36433,213, 0
36434,181, 0
36435,176, 0
36436,170, 0
36437,175, 0
36438,189, 0
36439,198, 0
36440,202, 0
36441,202, 0
36442,198, 0
36443,174, 0
36444,161, 0
36445,138, 0
36446,122, 0
36447,117, 0
36448,97, 0
36449,84, 0
36450,75, 0
36451,63, 0
36452,54, 0
36453,61, 0
36454,50, 0
36455,23, 0
36456,19, 0
36457,15, 0
36458,10, 0
36459,12, 0
36460,11, 0
36461,6, 0
36462,6, 0
36463,2, 0
36464,0, 0
36465,0, 0
36466,0, 0
36467,0, 0
36468,11, 0
36469,46, 0
36470,77, 0
36471,88, 0
36472,95, 0
36473,106, 0
36474,124, 0
36475,137, 0
36476,144, 0
36477,150, 0
36478,152, 0
36479,175, 0
36480,186, 0
36481,204, 0
36482,208, 0
36483,220, 0
36484,223, 0
36485,215, 0
36486,226, 0
36487,253, 0
36488,230, 0
36489,242, 0
36490,243, 0
36491,244, 0
36492,245, 0
36493,256, 0
36494,223, 0
36495,191, 0
36496,182, 0
36497,176, 0
36498,189, 0
36499,196, 0
36500,198, 0
36501,201, 0
36502,206, 0
36503,196, 0
36504,176, 0
36505,170, 0
36506,137, 0
36507,140, 0
36508,129, 0
36509,122, 0
36510,105, 0
36511,89, 0
36512,80, 0
36513,76, 0
36514,76, 0
36515,57, 0
36516,35, 0
36517,32, 0
36518,31, 0
36519,25, 0
36520,22, 0
36521,19, 0
36522,14, 0
36523,7, 0
36524,6, 0
36525,1, 0
36526,6, 0
36527,0, 0
36528,0, 0
36529,26, 0
36530,70, 0
36531,88, 0
36532,101, 0
36533,108, 0
36534,117, 0
36535,136, 0
36536,148, 0
36537,150, 0
36538,158, 0
36539,166, 0
36540,170, 0
36541,189, 0
36542,204, 0
36543,195, 0
36544,213, 0
36545,227, 0
36546,227, 0
36547,226, 0
36548,228, 0
36549,237, 0
36550,255, 0
36551,243, 0
36552,241, 0
36553,244, 0
36554,249, 0
36555,220, 0
36556,176, 0
36557,186, 0
36558,177, 0
36559,179, 0
36560,184, 0
36561,195, 0
36562,192, 0
36563,196, 0
36564,191, 0
36565,183, 0
36566,169, 0
36567,154, 0
36568,143, 0
36569,127, 0
36570,120, 0
36571,111, 0
36572,102, 0
36573,89, 0
36574,85, 0
36575,78, 0
36576,61, 0
36577,37, 0
36578,24, 0
36579,14, 0
36580,21, 0
36581,38, 0
36582,47, 0
36583,44, 0
36584,36, 0
36585,18, 0
36586,9, 0
36587,0, 0
36588,0, 0
36589,0, 0
36590,14, 0
36591,53, 0
36592,68, 0
36593,71, 0
36594,92, 0
36595,115, 0
36596,140, 0
36597,155, 0
36598,160, 0
36599,164, 0
36600,170, 0
36601,179, 0
36602,188, 0
36603,205, 0
36604,222, 0
36605,206, 0
36606,228, 0
36607,222, 0
36608,227, 0
36609,227, 0
36610,235, 0
36611,238, 0
36612,241, 0
36613,238, 0
36614,223, 0
36615,251, 0
36616,212, 0
36617,181, 0
36618,183, 0
36619,181, 0
36620,183, 0
36621,197, 0
36622,202, 0
36623,203, 0
36624,187, 0
36625,189, 0
36626,187, 0
36627,170, 0
36628,152, 0
36629,142, 0
36630,132, 0
36631,121, 0
36632,105, 0
36633,99, 0
36634,76, 0
36635,74, 0
36636,74, 0
36637,59, 0
36638,38, 0
36639,31, 0
36640,27, 0
36641,24, 0
36642,27, 0
36643,25, 0
36644,18, 0
36645,6, 0
36646,0, 0
36647,6, 0
36648,6, 0
36649,7, 0
36650,0, 0
36651,15, 0
36652,79, 0
36653,107, 0
36654,138, 0
36655,132, 0
36656,134, 0
36657,142, 0
36658,151, 0
36659,164, 0
36660,164, 0
36661,160, 0
36662,176, 0
36663,175, 0
36664,201, 0
36665,204, 0
36666,204, 0
36667,220, 0
36668,220, 0
36669,220, 0
36670,228, 0
36671,234, 0
36672,239, 0
36673,243, 0
36674,239, 0
36675,242, 0
36676,247, 0
36677,212, 0
36678,183, 0
36679,182, 0
36680,179, 0
36681,180, 0
36682,181, 0
36683,189, 0
36684,192, 0
36685,195, 0
36686,183, 0
36687,179, 0
36688,159, 0
36689,155, 0
36690,129, 0
36691,124, 0
36692,126, 0
36693,96, 0
36694,79, 0
36695,63, 0
36696,60, 0
36697,61, 0
36698,46, 0
36699,28, 0
36700,35, 0
36701,40, 0
36702,44, 0
36703,43, 0
36704,35, 0
36705,25, 0
36706,19, 0
36707,10, 0
36708,0, 0
36709,0, 0
36710,0, 0
36711,4, 0
36712,32, 0
36713,70, 0
36714,90, 0
36715,102, 0
36716,108, 0
36717,127, 0
36718,131, 0
36719,142, 0
36720,150, 0
36721,142, 0
36722,151, 0
36723,159, 0
36724,170, 0
36725,183, 0
36726,195, 0
36727,191, 0
36728,195, 0
36729,204, 0
36730,206, 0
36731,214, 0
36732,218, 0
36733,220, 0
36734,227, 0
36735,221, 0
36736,223, 0
36737,221, 0
36738,181, 0
36739,145, 0
36740,139, 0
36741,130, 0
36742,145, 0
36743,159, 0
36744,165, 0
36745,169, 0
36746,169, 0
36747,159, 0
36748,169, 0
36749,152, 0
36750,143, 0
36751,133, 0
36752,133, 0
36753,116, 0
36754,108, 0
36755,94, 0
36756,83, 0
36757,83, 0
36758,86, 0
36759,68, 0
36760,57, 0
36761,52, 0
36762,45, 0
36763,32, 0
36764,40, 0
36765,25, 0
36766,18, 0
36767,22, 0
36768,14, 0
36769,9, 0
36770,0, 0
36771,0, 0
36772,6, 0
36773,28, 0
36774,76, 0
36775,88, 0
36776,93, 0
36777,92, 0
36778,105, 0
36779,113, 0
36780,132, 0
36781,132, 0
36782,130, 0
36783,135, 0
36784,139, 0
36785,155, 0
36786,173, 0
36787,175, 0
36788,180, 0
36789,199, 0
36790,212, 0
36791,215, 0
36792,234, 0
36793,235, 0
36794,227, 0
36795,221, 0
36796,220, 0
36797,222, 0
36798,216, 0
36799,177, 0
36800,148, 0
36801,159, 0
36802,150, 0
36803,160, 0
36804,177, 0
36805,187, 0
36806,191, 0
36807,199, 0
36808,189, 0
36809,176, 0
36810,160, 0
36811,130, 0
36812,144, 0
36813,123, 0
36814,104, 0
36815,90, 0
36816,86, 0
36817,85, 0
36818,87, 0
36819,86, 0
36820,68, 0
36821,40, 0
36822,25, 0
36823,23, 0
36824,34, 0
36825,34, 0
36826,48, 0
36827,45, 0
36828,45, 0
36829,36, 0
36830,19, 0
36831,14, 0
36832,18, 0
36833,27, 0
36834,70, 0
36835,115, 0
36836,108, 0
36837,115, 0
36838,116, 0
36839,130, 0
36840,139, 0
36841,145, 0
36842,147, 0
36843,148, 0
36844,147, 0
36845,159, 0
36846,170, 0
36847,183, 0
36848,189, 0
36849,185, 0
36850,195, 0
36851,188, 0
36852,203, 0
36853,219, 0
36854,204, 0
36855,204, 0
36856,214, 0
36857,216, 0
36858,220, 0
36859,210, 0
36860,172, 0
36861,152, 0
36862,140, 0
36863,154, 0
36864,156, 0
36865,169, 0
36866,179, 0
36867,183, 0
36868,189, 0
36869,190, 0
36870,186, 0
36871,183, 0
36872,172, 0
36873,171, 0
36874,156, 0
36875,157, 0
36876,125, 0
36877,103, 0
36878,103, 0
36879,121, 0
36880,121, 0
36881,94, 0
36882,58, 0
36883,41, 0
36884,21, 0
36885,23, 0
36886,36, 0
36887,36, 0
36888,40, 0
36889,38, 0
36890,28, 0
36891,5, 0
36892,5, 0
36893,1, 0
36894,7, 0
36895,46, 0
36896,83, 0
36897,92, 0
36898,106, 0
36899,104, 0
36900,115, 0
36901,133, 0
36902,139, 0
36903,143, 0
36904,143, 0
36905,150, 0
36906,159, 0
36907,167, 0
36908,187, 0
36909,176, 0
36910,175, 0
36911,180, 0
36912,176, 0
36913,171, 0
36914,167, 0
36915,155, 0
36916,149, 0
36917,151, 0
36918,153, 0
36919,156, 0
36920,158, 0
36921,150, 0
36922,138, 0
36923,157, 0
36924,172, 0
36925,214, 0
36926,229, 0
36927,243, 0
36928,244, 0
36929,235, 0
36930,216, 0
36931,202, 0
36932,187, 0
36933,170, 0
36934,158, 0
36935,156, 0
36936,165, 0
36937,128, 0
36938,97, 0
36939,80, 0
36940,80, 0
36941,76, 0
36942,68, 0
36943,61, 0
36944,67, 0
36945,85, 0
36946,92, 0
36947,97, 0
36948,92, 0
36949,89, 0
36950,70, 0
36951,67, 0
36952,46, 0
36953,32, 0
36954,32, 0
36955,35, 0
36956,89, 0
36957,133, 0
36958,150, 0
36959,159, 0
36960,145, 0
36961,145, 0
36962,147, 0
36963,137, 0
36964,132, 0
36965,107, 0
36966,94, 0
36967,87, 0
36968,95, 0
36969,104, 0
36970,121, 0
36971,152, 0
36972,183, 0
36973,189, 0
36974,184, 0
36975,172, 0
36976,157, 0
36977,160, 0
36978,161, 0
36979,166, 0
36980,183, 0
36981,177, 0
36982,165, 0
36983,130, 0
36984,150, 0
36985,141, 0
36986,149, 0
36987,150, 0
36988,165, 0
36989,176, 0
36990,176, 0
36991,170, 0
36992,161, 0
36993,151, 0
36994,145, 0
36995,137, 0
36996,136, 0
36997,134, 0
36998,121, 0
36999,109, 0
37000,103, 0
37001,111, 0
37002,113, 0
37003,97, 0
37004,83, 0
37005,85, 0
37006,80, 0
37007,76, 0
37008,75, 0
37009,63, 0
37010,51, 0
37011,42, 0
37012,38, 0
37013,39, 0
37014,42, 0
37015,57, 0
37016,83, 0
37017,129, 0
37018,166, 0
37019,179, 0
37020,182, 0
37021,198, 0
37022,196, 0
37023,192, 0
37024,188, 0
37025,174, 0
37026,145, 0
37027,119, 0
37028,87, 0
37029,77, 0
37030,67, 0
37031,70, 0
37032,70, 0
37033,89, 0
37034,103, 0
37035,133, 0
37036,163, 0
37037,192, 0
37038,230, 0
37039,234, 0
37040,249, 0
37041,259, 0
37042,247, 0
37043,210, 0
37044,180, 0
37045,171, 0
37046,181, 0
37047,187, 0
37048,203, 0
37049,196, 0
37050,189, 0
37051,182, 0
37052,166, 0
37053,150, 0
37054,139, 0
37055,139, 0
37056,148, 0
37057,149, 0
37058,139, 0
37059,137, 0
37060,127, 0
37061,124, 0
37062,110, 0
37063,92, 0
37064,52, 0
37065,20, 0
37066,15, 0
37067,32, 0
37068,64, 0
37069,81, 0
37070,89, 0
37071,78, 0
37072,68, 0
37073,44, 0
37074,13, 0
37075,6, 0
37076,12, 0
37077,39, 0
37078,84, 0
37079,115, 0
37080,127, 0
37081,140, 0
37082,155, 0
37083,173, 0
37084,184, 0
37085,191, 0
37086,191, 0
37087,182, 0
37088,187, 0
37089,183, 0
37090,176, 0
37091,177, 0
37092,158, 0
37093,145, 0
37094,152, 0
37095,143, 0
37096,144, 0
37097,139, 0
37098,139, 0
37099,149, 0
37100,161, 0
37101,158, 0
37102,157, 0
37103,137, 0
37104,104, 0
37105,132, 0
37106,142, 0
37107,165, 0
37108,170, 0
37109,167, 0
37110,169, 0
37111,166, 0
37112,168, 0
37113,172, 0
37114,174, 0
37115,177, 0
37116,189, 0
37117,200, 0
37118,205, 0
37119,188, 0
37120,170, 0
37121,127, 0
37122,91, 0
37123,63, 0
37124,44, 0
37125,25, 0
37126,25, 0
37127,43, 0
37128,63, 0
37129,71, 0
37130,78, 0
37131,84, 0
37132,101, 0
37133,117, 0
37134,95, 0
37135,57, 0
37136,14, 0
37137,0, 0
37138,7, 0
37139,63, 0
37140,116, 0
37141,135, 0
37142,127, 0
37143,124, 0
37144,122, 0
37145,100, 0
37146,92, 0
37147,92, 0
37148,99, 0
37149,129, 0
37150,137, 0
37151,163, 0
37152,179, 0
37153,182, 0
37154,183, 0
37155,197, 0
37156,205, 0
37157,220, 0
37158,247, 0
37159,262, 0
37160,276, 0
37161,273, 0
37162,268, 0
37163,261, 0
37164,244, 0
37165,206, 0
37166,193, 0
37167,183, 0
37168,179, 0
37169,159, 0
37170,130, 0
37171,102, 0
37172,88, 0
37173,70, 0
37174,44, 0
37175,13, 0
37176,0, 0
37177,13, 0
37178,41, 0
37179,44, 0
37180,18, 0
37181,0, 0
37182,26, 0
37183,84, 0
37184,131, 0
37185,157, 0
37186,144, 0
37187,135, 0
37188,134, 0
37189,154, 0
37190,168, 0
37191,164, 0
37192,165, 0
37193,159, 0
37194,149, 0
37195,152, 0
37196,137, 0
37197,127, 0
37198,133, 0
37199,149, 0
37200,170, 0
37201,176, 0
37202,154, 0
37203,125, 0
37204,102, 0
37205,92, 0
37206,92, 0
37207,101, 0
37208,115, 0
37209,135, 0
37210,152, 0
37211,182, 0
37212,166, 0
37213,159, 0
37214,154, 0
37215,153, 0
37216,148, 0
37217,153, 0
37218,175, 0
37219,185, 0
37220,198, 0
37221,208, 0
37222,238, 0
37223,231, 0
37224,237, 0
37225,213, 0
37226,179, 0
37227,152, 0
37228,142, 0
37229,122, 0
37230,123, 0
37231,136, 0
37232,150, 0
37233,148, 0
37234,158, 0
37235,159, 0
37236,147, 0
37237,139, 0
37238,149, 0
37239,159, 0
37240,170, 0
37241,179, 0
37242,164, 0
37243,149, 0
37244,143, 0
37245,142, 0
37246,135, 0
37247,107, 0
37248,76, 0
37249,51, 0
37250,30, 0
37251,19, 0
37252,14, 0
37253,17, 0
37254,5, 0
37255,0, 0
37256,0, 0
37257,1, 0
37258,10, 0
37259,11, 0
37260,8, 0
37261,25, 0
37262,65, 0
37263,87, 0
37264,101, 0
37265,133, 0
37266,154, 0
37267,164, 0
37268,166, 0
37269,158, 0
37270,152, 0
37271,163, 0
37272,159, 0
37273,195, 0
37274,211, 0
37275,226, 0
37276,224, 0
37277,240, 0
37278,245, 0
37279,272, 0
37280,280, 0
37281,292, 0
37282,278, 0
37283,257, 0
37284,221, 0
37285,196, 0
37286,145, 0
37287,90, 0
37288,51, 0
37289,39, 0
37290,50, 0
37291,63, 0
37292,92, 0
37293,127, 0
37294,110, 0
37295,106, 0
37296,97, 0
37297,102, 0
37298,119, 0
37299,128, 0
37300,147, 0
37301,172, 0
37302,175, 0
37303,161, 0
37304,117, 0
37305,83, 0
37306,56, 0
37307,29, 0
37308,6, 0
37309,18, 0
37310,24, 0
37311,61, 0
37312,101, 0
37313,113, 0
37314,130, 0
37315,116, 0
37316,90, 0
37317,61, 0
37318,19, 0
37319,0, 0
37320,0, 0
37321,0, 0
37322,1, 0
37323,24, 0
37324,60, 0
37325,117, 0
37326,163, 0
37327,196, 0
37328,204, 0
37329,228, 0
37330,232, 0
37331,228, 0
37332,218, 0
37333,183, 0
37334,127, 0
37335,128, 0
37336,117, 0
37337,136, 0
37338,133, 0
37339,106, 0
37340,95, 0
37341,102, 0
37342,118, 0
37343,139, 0
37344,177, 0
37345,203, 0
37346,235, 0
37347,234, 0
37348,231, 0
37349,257, 0
37350,302, 0
37351,326, 0
37352,334, 2
37353,341, 5
37354,348, 5
37355,342, 7
37356,325, 4
37357,299, 2
37358,264, 0
37359,230, 0
37360,208, 0
37361,180, 0
37362,152, 0
37363,108, 0
37364,56, 0
37365,8, 0
37366,0, 0
37367,0, 0
37368,0, 0
37369,0, 0
37370,0, 0
37371,0, 0
37372,0, 0
37373,0, 0
37374,8, 0
37375,10, 0
37376,0, 0
37377,0, 0
37378,0, 0
37379,6, 0
37380,24, 0
37381,35, 0
37382,63, 0
37383,96, 0
37384,105, 0
37385,84, 0
37386,56, 0
37387,45, 0
37388,42, 0
37389,53, 0
37390,90, 0
37391,115, 0
37392,133, 0
37393,147, 0
37394,149, 0
37395,164, 0
37396,202, 0
37397,230, 0
37398,271, 0
37399,312, 0
37400,293, 0
37401,268, 0
37402,232, 0
37403,193, 0
37404,168, 0
37405,166, 0
37406,163, 0
37407,151, 0
37408,105, 0
37409,62, 0
37410,52, 0
37411,79, 0
37412,124, 0
37413,164, 0
37414,246, 0
37415,293, 0
37416,329, 0
37417,322, 0
37418,285, 0
37419,251, 0
37420,220, 0
37421,214, 0
37422,215, 0
37423,211, 0
37424,204, 0
37425,193, 0
37426,200, 0
37427,197, 0
37428,190, 0
37429,130, 0
37430,71, 0
37431,25, 0
37432,0, 0
37433,0, 0
37434,0, 0
37435,1, 0
37436,2, 0
37437,17, 0
37438,57, 0
37439,95, 0
37440,145, 0
37441,180, 0
37442,164, 0
37443,103, 0
37444,12, 0
37445,38, 0
37446,116, 0
37447,199, 0
37448,274, 0
37449,316, 0
37450,328, 0
37451,306, 0
37452,265, 0
37453,238, 0
37454,206, 0
37455,168, 0
37456,141, 0
37457,143, 0
37458,127, 0
37459,150, 0
37460,186, 0
37461,188, 0
37462,204, 0
37463,201, 0
37464,200, 0
37465,196, 0
37466,202, 0
37467,185, 0
37468,150, 0
37469,89, 0
37470,38, 0
37471,15, 0
37472,27, 0
37473,58, 0
37474,136, 0
37475,180, 0
37476,212, 0
37477,223, 0
37478,206, 0
37479,155, 0
37480,108, 0
37481,94, 0
37482,107, 0
37483,117, 0
37484,129, 0
37485,113, 0
37486,100, 0
37487,80, 0
37488,76, 0
37489,85, 0
37490,95, 0
37491,91, 0
37492,75, 0
37493,41, 0
37494,7, 0
37495,2, 0
37496,1, 0
37497,0, 0
37498,41, 0
37499,120, 0
37500,189, 0
37501,244, 0
37502,281, 0
37503,274, 0
37504,248, 0
37505,226, 0
37506,181, 0
37507,125, 0
37508,100, 0
37509,97, 0
37510,110, 0
37511,126, 0
37512,102, 0
37513,30, 0
37514,5, 0
37515,57, 0
37516,90, 0
37517,70, 0
37518,14, 0
37519,19, 0
37520,92, 0
37521,145, 0
37522,182, 0
37523,230, 0
37524,279, 0
37525,317, 0
37526,344, 2
37527,365, 6
37528,384, 14
37529,419, 24
37530,410, 31
37531,380, 30
37532,336, 17
37533,285, 4
37534,220, 0
37535,196, 0
37536,204, 0
37537,196, 0
37538,190, 0
37539,240, 0
37540,300, 0
37541,345, 0
37542,379, 10
37543,374, 19
37544,341, 18
37545,285, 4
37546,195, 0
37547,87, 0
37548,15, 0
37549,3, 0
37550,25, 0
37551,36, 0
37552,41, 0
37553,19, 0
37554,0, 0
37555,0, 0
37556,0, 0
37557,9, 0
37558,69, 0
37559,126, 0
37560,130, 0
37561,87, 0
37562,17, 0
37563,5, 0
37564,52, 0
37565,102, 0
37566,64, 0
37567,22, 0
37568,0, 0
37569,18, 0
37570,48, 0
37571,75, 0
37572,94, 0
37573,103, 0
37574,95, 0
37575,107, 0
37576,115, 0
37577,130, 0
37578,179, 0
37579,230, 0
37580,259, 0
37581,299, 0
37582,336, 0
37583,349, 2
37584,347, 4
37585,336, 6
37586,312, 3
37587,300, 1
37588,301, 0
37589,308, 0
37590,309, 0
37591,270, 0
37592,223, 0
37593,183, 0
37594,149, 0
37595,132, 0
37596,147, 0
37597,191, 0
37598,223, 0
37599,257, 0
37600,279, 0
37601,275, 0
37602,254, 0
37603,223, 0
37604,200, 0
37605,212, 0
37606,226, 0
37607,223, 0
37608,196, 0
37609,181, 0
37610,156, 0
37611,107, 0
37612,69, 0
37613,18, 0
37614,12, 0
37615,60, 0
37616,101, 0
37617,102, 0
37618,62, 0
37619,6, 0
37620,26, 0
37621,96, 0
37622,153, 0
37623,189, 0
37624,212, 0
37625,220, 0
37626,192, 0
37627,110, 0
37628,25, 0
37629,14, 0
37630,97, 0
37631,144, 0
37632,189, 0
37633,214, 0
37634,229, 0
37635,253, 0
37636,275, 0
37637,290, 0
37638,296, 0
37639,312, 0
37640,287, 0
37641,223, 0
37642,205, 0
37643,226, 0
37644,235, 0
37645,289, 0
37646,326, 0
37647,322, 1
37648,294, 0
37649,257, 0
37650,224, 0
37651,179, 0
37652,105, 0
37653,53, 0
37654,27, 0
37655,32, 0
37656,19, 0
37657,28, 0
37658,24, 0
37659,53, 0
37660,101, 0
37661,129, 0
37662,147, 0
37663,135, 0
37664,108, 0
37665,73, 0
37666,47, 0
37667,22, 0
37668,2, 0
37669,0, 0
37670,0, 0
37671,5, 0
37672,44, 0
37673,74, 0
37674,87, 0
37675,54, 0
37676,1, 0
37677,25, 0
37678,102, 0
37679,158, 0
37680,204, 0
37681,202, 0
37682,172, 0
37683,109, 0
37684,76, 0
37685,73, 0
37686,120, 0
37687,163, 0
37688,219, 0
37689,221, 0
37690,152, 0
37691,76, 0
37692,1, 0
37693,25, 0
37694,29, 0
37695,0, 0
37696,25, 0
37697,109, 0
37698,198, 0
37699,271, 0
37700,347, 0
37701,389, 6
37702,411, 21
37703,411, 26
37704,371, 26
37705,317, 12
37706,258, 1
37707,204, 0
37708,172, 0
37709,219, 0
37710,327, 0
37711,441, 13
37712,490, 44
37713,439, 53
37714,386, 42
37715,326, 20
37716,264, 3
37717,214, 0
37718,199, 0
37719,173, 0
37720,166, 0
37721,158, 0
37722,121, 0
37723,79, 0
37724,50, 0
37725,37, 0
37726,21, 0
37727,10, 0
37728,44, 0
37729,88, 0
37730,115, 0
37731,140, 0
37732,176, 0
37733,212, 0
37734,211, 0
37735,158, 0
37736,59, 0
37737,6, 0
37738,86, 0
37739,183, 0
37740,219, 0
37741,231, 0
37742,184, 0
37743,113, 0
37744,36, 0
37745,17, 0
37746,132, 0
37747,255, 0
37748,378, 0
37749,463, 21
37750,516, 48
37751,516, 73
37752,493, 76
37753,406, 59
37754,330, 28
37755,262, 5
37756,189, 0
37757,106, 0
37758,36, 0
37759,0, 0
37760,0, 0
37761,0, 0
37762,9, 0
37763,0, 0
37764,58, 0
37765,154, 0
37766,246, 0
37767,318, 0
37768,300, 0
37769,282, 0
37770,277, 0
37771,272, 0
37772,235, 0
37773,174, 0
37774,72, 0
37775,8, 0
37776,0, 0
37777,0, 0
37778,0, 0
37779,6, 0
37780,86, 0
37781,154, 0
37782,173, 0
37783,143, 0
37784,70, 0
37785,4, 0
37786,48, 0
37787,78, 0
37788,85, 0
37789,44, 0
37790,17, 0
37791,12, 0
37792,92, 0
37793,149, 0
37794,203, 0
37795,199, 0
37796,200, 0
37797,207, 0
37798,219, 0
37799,223, 0
37800,222, 0
37801,231, 0
37802,202, 0
37803,164, 0
37804,118, 0
37805,56, 0
37806,19, 0
37807,17, 0
37808,57, 0
37809,132, 0
37810,177, 0
37811,167, 0
37812,135, 0
37813,64, 0
37814,31, 0
37815,18, 0
37816,23, 0
37817,44, 0
37818,56, 0
37819,78, 0
37820,100, 0
37821,124, 0
37822,149, 0
37823,161, 0
37824,171, 0
37825,195, 0
37826,207, 0
37827,212, 0
37828,208, 0
37829,202, 0
37830,176, 0
37831,153, 0
37832,115, 0
37833,100, 0
37834,81, 0
37835,56, 0
37836,59, 0
37837,107, 0
37838,181, 0
37839,222, 0
37840,267, 0
37841,244, 0
37842,195, 0
37843,145, 0
37844,93, 0
37845,76, 0
37846,73, 0
37847,60, 0
37848,41, 0
37849,17, 0
37850,0, 0
37851,19, 0
37852,2, 0
37853,21, 0
37854,67, 0
37855,130, 0
37856,215, 0
37857,276, 0
37858,277, 0
37859,210, 0
37860,106, 0
37861,28, 0
37862,0, 0
37863,2, 0
37864,32, 0
37865,39, 0
37866,4, 0
37867,83, 0
37868,135, 0
37869,126, 0
37870,31, 0
37871,11, 0
37872,71, 0
37873,136, 0
37874,204, 0
37875,253, 0
37876,271, 0
37877,266, 0
37878,249, 0
37879,245, 0
37880,279, 0
37881,322, 0
37882,341, 1
37883,355, 4
37884,353, 6
37885,352, 7
37886,359, 7
37887,324, 4
37888,297, 0
37889,290, 0
37890,244, 0
37891,226, 0
37892,213, 0
37893,202, 0
37894,185, 0
37895,155, 0
37896,138, 0
37897,136, 0
37898,182, 0
37899,174, 0
37900,165, 0
37901,167, 0
37902,167, 0
37903,228, 0
37904,274, 0
37905,284, 0
37906,278, 0
37907,242, 0
37908,192, 0
37909,160, 0
37910,127, 0
37911,133, 0
37912,128, 0
37913,133, 0
37914,135, 0
37915,151, 0
37916,153, 0
37917,161, 0
37918,168, 0
37919,152, 0
37920,131, 0
37921,91, 0
37922,58, 0
37923,46, 0
37924,47, 0
37925,35, 0
37926,7, 0
37927,6, 0
37928,53, 0
37929,86, 0
37930,100, 0
37931,52, 0
37932,4, 0
37933,0, 0
37934,15, 0
37935,43, 0
37936,85, 0
37937,141, 0
37938,220, 0
37939,257, 0
37940,262, 0
37941,262, 0
37942,251, 0
37943,246, 0
37944,246, 0
37945,222, 0
37946,192, 0
37947,164, 0
37948,123, 0
37949,100, 0
37950,100, 0
37951,108, 0
37952,126, 0
37953,141, 0
37954,161, 0
37955,175, 0
37956,158, 0
37957,117, 0
37958,61, 0
37959,48, 0
37960,58, 0
37961,71, 0
37962,76, 0
37963,67, 0
37964,57, 0
37965,92, 0
37966,144, 0
37967,190, 0
37968,199, 0
37969,182, 0
37970,154, 0
37971,151, 0
37972,176, 0
37973,215, 0
37974,238, 0
37975,287, 0
37976,257, 0
37977,251, 0
37978,180, 0
37979,123, 0
37980,65, 0
37981,34, 0
37982,12, 0
37983,1, 0
37984,0, 0
37985,6, 0
37986,37, 0
37987,55, 0
37988,44, 0
37989,7, 0
37990,0, 0
37991,1, 0
37992,23, 0
37993,32, 0
37994,0, 0
37995,0, 0
37996,0, 0
37997,2, 0
37998,32, 0
37999,57, 0
38000,59, 0
38001,52, 0
38002,51, 0
38003,45, 0
38004,29, 0
38005,11, 0
38006,15, 0
38007,57, 0
38008,129, 0
38009,174, 0
38010,213, 0
38011,216, 0
38012,211, 0
38013,193, 0
38014,166, 0
38015,150, 0
38016,137, 0
38017,79, 0
38018,26, 0
38019,25, 0
38020,75, 0
38021,139, 0
38022,237, 0
38023,311, 0
38024,342, 1
38025,355, 6
38026,332, 6
38027,283, 2
38028,224, 0
38029,192, 0
38030,206, 0
38031,256, 0
38032,315, 0
38033,356, 2
38034,338, 6
38035,259, 1
38036,164, 0
38037,71, 0
38038,15, 0
38039,0, 0
38040,13, 0
38041,13, 0
38042,0, 0
38043,30, 0
38044,119, 0
38045,203, 0
38046,259, 0
38047,269, 0
38048,254, 0
38049,218, 0
38050,200, 0
38051,193, 0
38052,196, 0
38053,256, 0
38054,301, 0
38055,333, 0
38056,368, 5
38057,389, 13
38058,389, 21
38059,357, 21
38060,345, 11
38061,294, 1
38062,266, 0
38063,251, 0
38064,238, 0
38065,200, 0
38066,196, 0
38067,219, 0
38068,304, 0
38069,405, 6
38070,468, 31
38071,473, 51
38072,439, 48
38073,398, 44
38074,352, 26
38075,302, 8
38076,248, 0
38077,195, 0
38078,136, 0
38079,77, 0
38080,42, 0
38081,48, 0
38082,50, 0
38083,83, 0
38084,91, 0
38085,87, 0
38086,72, 0
38087,67, 0
38088,62, 0
38089,50, 0
38090,36, 0
38091,26, 0
38092,22, 0
38093,15, 0
38094,22, 0
38095,44, 0
38096,84, 0
38097,104, 0
38098,89, 0
38099,26, 0
38100,3, 0
38101,23, 0
38102,28, 0
38103,15, 0
38104,0, 0
38105,11, 0
38106,12, 0
38107,2, 0
38108,0, 0
38109,0, 0
38110,0, 0
38111,0, 0
38112,0, 0
38113,0, 0
38114,0, 0
38115,0, 0
38116,0, 0
38117,0, 0
38118,19, 0
38119,28, 0
38120,56, 0
38121,92, 0
38122,115, 0
38123,150, 0
38124,188, 0
38125,177, 0
38126,182, 0
38127,196, 0
38128,202, 0
38129,224, 0
38130,223, 0
38131,220, 0
38132,204, 0
38133,233, 0
38134,248, 0
38135,245, 0
38136,236, 0
38137,215, 0
38138,160, 0
38139,104, 0
38140,35, 0
38141,1, 0
38142,0, 0
38143,0, 0
38144,15, 0
38145,55, 0
38146,75, 0
38147,101, 0
38148,123, 0
38149,134, 0
38150,111, 0
38151,56, 0
38152,6, 0
38153,1, 0
38154,19, 0
38155,11, 0
38156,0, 0
38157,0, 0
38158,6, 0
38159,12, 0
38160,7, 0
38161,4, 0
38162,21, 0
38163,24, 0
38164,6, 0
38165,0, 0
38166,8, 0
38167,26, 0
38168,62, 0
38169,88, 0
38170,92, 0
38171,115, 0
38172,147, 0
38173,184, 0
38174,223, 0
38175,262, 0
38176,244, 0
38177,224, 0
38178,201, 0
38179,182, 0
38180,189, 0
38181,207, 0
38182,212, 0
38183,224, 0
38184,223, 0
38185,217, 0
38186,227, 0
38187,239, 0
38188,247, 0
38189,222, 0
38190,207, 0
38191,156, 0
38192,154, 0
38193,168, 0
38194,183, 0
38195,218, 0
38196,219, 0
38197,223, 0
38198,226, 0
38199,223, 0
38200,216, 0
38201,199, 0
38202,190, 0
38203,187, 0
38204,158, 0
38205,179, 0
38206,176, 0
38207,176, 0
38208,183, 0
38209,179, 0
38210,175, 0
38211,154, 0
38212,133, 0
38213,115, 0
38214,110, 0
38215,115, 0
38216,109, 0
38217,125, 0
38218,159, 0
38219,192, 0
38220,223, 0
38221,232, 0
38222,211, 0
38223,181, 0
38224,142, 0
38225,94, 0
38226,34, 0
38227,10, 0
38228,6, 0
38229,28, 0
38230,24, 0
38231,4, 0
38232,0, 0
38233,0, 0
38234,0, 0
38235,23, 0
38236,70, 0
38237,79, 0
38238,45, 0
38239,8, 0
38240,0, 0
38241,0, 0
38242,5, 0
38243,64, 0
38244,97, 0
38245,134, 0
38246,149, 0
38247,151, 0
38248,185, 0
38249,200, 0
38250,206, 0
38251,217, 0
38252,215, 0
38253,207, 0
38254,196, 0
38255,177, 0
38256,185, 0
38257,204, 0
38258,244, 0
38259,295, 0
38260,311, 0
38261,311, 0
38262,290, 0
38263,280, 0
38264,281, 0
38265,262, 0
38266,186, 0
38267,128, 0
38268,86, 0
38269,87, 0
38270,127, 0
38271,181, 0
38272,218, 0
38273,238, 0
38274,236, 0
38275,207, 0
38276,159, 0
38277,117, 0
38278,83, 0
38279,41, 0
38280,34, 0
38281,37, 0
38282,11, 0
38283,0, 0
38284,14, 0
38285,23, 0
38286,21, 0
38287,15, 0
38288,0, 0
38289,6, 0
38290,39, 0
38291,52, 0
38292,71, 0
38293,124, 0
38294,176, 0
38295,199, 0
38296,214, 0
38297,226, 0
38298,201, 0
38299,158, 0
38300,129, 0
38301,85, 0
38302,84, 0
38303,85, 0
38304,94, 0
38305,107, 0
38306,127, 0
38307,139, 0
38308,145, 0
38309,182, 0
38310,212, 0
38311,237, 0
38312,257, 0
38313,246, 0
38314,242, 0
38315,217, 0
38316,224, 0
38317,201, 0
38318,241, 0
38319,271, 0
38320,292, 0
38321,284, 0
38322,239, 0
38323,183, 0
38324,145, 0
38325,121, 0
38326,99, 0
38327,87, 0
38328,92, 0
38329,99, 0
38330,106, 0
38331,145, 0
38332,180, 0
38333,230, 0
38334,245, 0
38335,237, 0
38336,226, 0
38337,224, 0
38338,201, 0
38339,158, 0
38340,110, 0
38341,109, 0
38342,133, 0
38343,144, 0
38344,134, 0
38345,108, 0
38346,73, 0
38347,31, 0
38348,4, 0
38349,0, 0
38350,0, 0
38351,1, 0
38352,0, 0
38353,6, 0
38354,8, 0
38355,0, 0
38356,1, 0
38357,34, 0
38358,74, 0
38359,69, 0
38360,44, 0
38361,38, 0
38362,61, 0
38363,126, 0
38364,179, 0
38365,181, 0
38366,156, 0
38367,135, 0
38368,136, 0
38369,140, 0
38370,158, 0
38371,172, 0
38372,175, 0
38373,192, 0
38374,223, 0
38375,246, 0
38376,232, 0
38377,200, 0
38378,180, 0
38379,183, 0
38380,168, 0
38381,159, 0
38382,150, 0
38383,128, 0
38384,118, 0
38385,122, 0
38386,139, 0
38387,96, 0
38388,90, 0
38389,100, 0
38390,128, 0
38391,156, 0
38392,183, 0
38393,172, 0
38394,193, 0
38395,218, 0
38396,257, 0
38397,267, 0
38398,263, 0
38399,240, 0
38400,206, 0
38401,166, 0
38402,143, 0
38403,145, 0
38404,136, 0
38405,123, 0
38406,113, 0
38407,109, 0
38408,108, 0
38409,107, 0
38410,84, 0
38411,52, 0
38412,24, 0
38413,9, 0
38414,0, 0
38415,2, 0
38416,19, 0
38417,53, 0
38418,86, 0
38419,120, 0
38420,117, 0
38421,121, 0
38422,102, 0
38423,122, 0
38424,145, 0
38425,160, 0
38426,157, 0
38427,144, 0
38428,124, 0
38429,96, 0
38430,74, 0
38431,61, 0
38432,55, 0
38433,64, 0
38434,95, 0
38435,131, 0
38436,148, 0
38437,183, 0
38438,196, 0
38439,189, 0
38440,218, 0
38441,231, 0
38442,238, 0
38443,241, 0
38444,202, 0
38445,180, 0
38446,165, 0
38447,158, 0
38448,153, 0
38449,163, 0
38450,183, 0
38451,202, 0
38452,223, 0
38453,232, 0
38454,245, 0
38455,251, 0
38456,254, 0
38457,252, 0
38458,228, 0
38459,183, 0
38460,150, 0
38461,112, 0
38462,76, 0
38463,86, 0
38464,92, 0
38465,74, 0
38466,53, 0
38467,30, 0
38468,15, 0
38469,12, 0
38470,3, 0
38471,2, 0
38472,0, 0
38473,0, 0
38474,0, 0
38475,0, 0
38476,0, 0
38477,0, 0
38478,31, 0
38479,12, 0
38480,0, 0
38481,9, 0
38482,46, 0
38483,72, 0
38484,108, 0
38485,164, 0
38486,195, 0
38487,215, 0
38488,221, 0
38489,224, 0
38490,213, 0
38491,191, 0
38492,169, 0
38493,147, 0
38494,147, 0
38495,153, 0
38496,148, 0
38497,158, 0
38498,200, 0
38499,252, 0
38500,284, 0
38501,281, 0
38502,254, 0
38503,223, 0
38504,144, 0
38505,70, 0
38506,24, 0
38507,7, 0
38508,23, 0
38509,65, 0
38510,120, 0
38511,188, 0
38512,242, 0
38513,279, 0
38514,283, 0
38515,272, 0
38516,251, 0
38517,228, 0
38518,207, 0
38519,204, 0
38520,189, 0
38521,191, 0
38522,169, 0
38523,142, 0
38524,130, 0
38525,118, 0
38526,67, 0
38527,35, 0
38528,24, 0
38529,38, 0
38530,62, 0
38531,77, 0
38532,84, 0
38533,92, 0
38534,109, 0
38535,111, 0
38536,95, 0
38537,97, 0
38538,90, 0
38539,92, 0
38540,83, 0
38541,89, 0
38542,91, 0
38543,89, 0
38544,103, 0
38545,106, 0
38546,122, 0
38547,108, 0
38548,88, 0
38549,57, 0
38550,46, 0
38551,64, 0
38552,115, 0
38553,177, 0
38554,215, 0
38555,239, 0
38556,222, 0
38557,193, 0
38558,174, 0
38559,149, 0
38560,125, 0
38561,105, 0
38562,90, 0
38563,102, 0
38564,133, 0
38565,141, 0
38566,111, 0
38567,121, 0
38568,128, 0
38569,139, 0
38570,167, 0
38571,176, 0
38572,184, 0
38573,183, 0
38574,183, 0
38575,174, 0
38576,175, 0
38577,155, 0
38578,149, 0
38579,148, 0
38580,151, 0
38581,113, 0
38582,85, 0
38583,27, 0
38584,1, 0
38585,23, 0
38586,63, 0
38587,104, 0
38588,143, 0
38589,170, 0
38590,183, 0
38591,190, 0
38592,181, 0
38593,159, 0
38594,138, 0
38595,100, 0
38596,42, 0
38597,9, 0
38598,0, 0
38599,0, 0
38600,0, 0
38601,5, 0
38602,15, 0
38603,23, 0
38604,37, 0
38605,57, 0
38606,87, 0
38607,113, 0
38608,142, 0
38609,170, 0
38610,199, 0
38611,223, 0
38612,244, 0
38613,233, 0
38614,232, 0
38615,205, 0
38616,193, 0
38617,183, 0
38618,183, 0
38619,192, 0
38620,203, 0
38621,205, 0
38622,217, 0
38623,217, 0
38624,235, 0
38625,241, 0
38626,210, 0
38627,184, 0
38628,140, 0
38629,121, 0
38630,121, 0
38631,145, 0
38632,167, 0
38633,182, 0
38634,172, 0
38635,157, 0
38636,142, 0
38637,135, 0
38638,118, 0
38639,100, 0
38640,76, 0
38641,68, 0
38642,69, 0
38643,81, 0
38644,76, 0
38645,76, 0
38646,105, 0
38647,94, 0
38648,47, 0
38649,15, 0
38650,4, 0
38651,7, 0
38652,24, 0
38653,29, 0
38654,38, 0
38655,51, 0
38656,60, 0
38657,72, 0
38658,48, 0
38659,18, 0
38660,0, 0
38661,10, 0
38662,6, 0
38663,15, 0
38664,28, 0
38665,45, 0
38666,78, 0
38667,112, 0
38668,148, 0
38669,170, 0
38670,199, 0
38671,215, 0
38672,231, 0
38673,252, 0
38674,275, 0
38675,286, 0
38676,287, 0
38677,279, 0
38678,244, 0
38679,227, 0
38680,211, 0
38681,216, 0
38682,232, 0
38683,263, 0
38684,300, 0
38685,289, 0
38686,284, 0
38687,238, 0
38688,186, 0
38689,151, 0
38690,129, 0
38691,127, 0
38692,128, 0
38693,137, 0
38694,137, 0
38695,140, 0
38696,135, 0
38697,119, 0
38698,103, 0
38699,83, 0
38700,79, 0
38701,87, 0
38702,76, 0
38703,61, 0
38704,46, 0
38705,26, 0
38706,25, 0
38707,44, 0
38708,57, 0
38709,44, 0
38710,41, 0
38711,38, 0
38712,36, 0
38713,64, 0
38714,44, 0
38715,59, 0
38716,76, 0
38717,64, 0
38718,38, 0
38719,9, 0
38720,6, 0
38721,19, 0
38722,51, 0
38723,92, 0
38724,139, 0
38725,150, 0
38726,145, 0
38727,154, 0
38728,164, 0
38729,176, 0
38730,179, 0
38731,166, 0
38732,161, 0
38733,164, 0
38734,181, 0
38735,200, 0
38736,208, 0
38737,207, 0
38738,223, 0
38739,218, 0
38740,229, 0
38741,231, 0
38742,223, 0
38743,230, 0
38744,212, 0
38745,202, 0
38746,181, 0
38747,172, 0
38748,145, 0
38749,119, 0
38750,123, 0
38751,139, 0
38752,158, 0
38753,164, 0
38754,185, 0
38755,181, 0
38756,186, 0
38757,161, 0
38758,160, 0
38759,152, 0
38760,152, 0
38761,135, 0
38762,119, 0
38763,121, 0
38764,84, 0
38765,76, 0
38766,75, 0
38767,64, 0
38768,84, 0
38769,95, 0
38770,87, 0
38771,76, 0
38772,65, 0
38773,60, 0
38774,61, 0
38775,42, 0
38776,40, 0
38777,37, 0
38778,31, 0
38779,11, 0
38780,6, 0
38781,0, 0
38782,0, 0
38783,7, 0
38784,38, 0
38785,63, 0
38786,75, 0
38787,55, 0
38788,62, 0
38789,93, 0
38790,125, 0
38791,145, 0
38792,160, 0
38793,186, 0
38794,196, 0
38795,198, 0
38796,200, 0
38797,202, 0
38798,195, 0
38799,197, 0
38800,189, 0
38801,202, 0
38802,215, 0
38803,227, 0
38804,246, 0
38805,249, 0
38806,249, 0
38807,254, 0
38808,247, 0
38809,219, 0
38810,177, 0
38811,152, 0
38812,148, 0
38813,132, 0
38814,125, 0
38815,121, 0
38816,115, 0
38817,121, 0
38818,121, 0
38819,140, 0
38820,160, 0
38821,176, 0
38822,176, 0
38823,173, 0
38824,152, 0
38825,148, 0
38826,137, 0
38827,103, 0
38828,76, 0
38829,70, 0
38830,60, 0
38831,44, 0
38832,40, 0
38833,51, 0
38834,65, 0
38835,83, 0
38836,89, 0
38837,106, 0
38838,107, 0
38839,94, 0
38840,69, 0
38841,31, 0
38842,5, 0
38843,0, 0
38844,11, 0
38845,47, 0
38846,91, 0
38847,120, 0
38848,145, 0
38849,169, 0
38850,198, 0
38851,207, 0
38852,200, 0
38853,196, 0
38854,193, 0
38855,191, 0
38856,189, 0
38857,191, 0
38858,184, 0
38859,174, 0
38860,173, 0
38861,165, 0
38862,155, 0
38863,151, 0
38864,145, 0
38865,145, 0
38866,152, 0
38867,166, 0
38868,170, 0
38869,182, 0
38870,175, 0
38871,159, 0
38872,164, 0
38873,171, 0
38874,204, 0
38875,221, 0
38876,229, 0
38877,216, 0
38878,204, 0
38879,189, 0
38880,176, 0
38881,174, 0
38882,161, 0
38883,160, 0
38884,149, 0
38885,150, 0
38886,109, 0
38887,99, 0
38888,79, 0
38889,69, 0
38890,69, 0
38891,65, 0
38892,59, 0
38893,63, 0
38894,56, 0
38895,52, 0
38896,65, 0
38897,52, 0
38898,54, 0
38899,53, 0
38900,40, 0
38901,27, 0
38902,8, 0
38903,6, 0
38904,14, 0
38905,39, 0
38906,83, 0
38907,111, 0
38908,117, 0
38909,120, 0
38910,129, 0
38911,142, 0
38912,164, 0
38913,157, 0
38914,166, 0
38915,168, 0
38916,172, 0
38917,182, 0
38918,185, 0
38919,187, 0
38920,196, 0
38921,207, 0
38922,212, 0
38923,219, 0
38924,223, 0
38925,220, 0
38926,213, 0
38927,218, 0
38928,213, 0
38929,216, 0
38930,216, 0
38931,189, 0
38932,166, 0
38933,147, 0
38934,151, 0
38935,153, 0
38936,161, 0
38937,165, 0
38938,156, 0
38939,176, 0
38940,165, 0
38941,153, 0
38942,144, 0
38943,121, 0
38944,113, 0
38945,102, 0
38946,92, 0
38947,121, 0
38948,101, 0
38949,110, 0
38950,95, 0
38951,95, 0
38952,89, 0
38953,63, 0
38954,56, 0
38955,46, 0
38956,46, 0
38957,46, 0
38958,44, 0
38959,43, 0
38960,42, 0
38961,43, 0
38962,19, 0
38963,32, 0
38964,17, 0
38965,17, 0
38966,37, 0
38967,81, 0
38968,117, 0
38969,130, 0
38970,139, 0
38971,144, 0
38972,153, 0
38973,159, 0
38974,172, 0
38975,165, 0
38976,164, 0
38977,157, 0
38978,182, 0
38979,183, 0
38980,198, 0
38981,195, 0
38982,237, 0
38983,242, 0
38984,248, 0
38985,240, 0
38986,242, 0
38987,243, 0
38988,239, 0
38989,223, 0
38990,232, 0
38991,229, 0
38992,199, 0
38993,161, 0
38994,142, 0
38995,133, 0
38996,133, 0
38997,139, 0
38998,148, 0
38999,155, 0
39000,153, 0
39001,135, 0
39002,113, 0
39003,112, 0
39004,102, 0
39005,96, 0
39006,87, 0
39007,70, 0
39008,65, 0
39009,58, 0
39010,58, 0
39011,69, 0
39012,89, 0
39013,97, 0
39014,107, 0
39015,112, 0
39016,104, 0
39017,106, 0
39018,87, 0
39019,71, 0
39020,52, 0
39021,40, 0
39022,28, 0
39023,10, 0
39024,3, 0
39025,0, 0
39026,13, 0
39027,41, 0
39028,78, 0
39029,100, 0
39030,123, 0
39031,116, 0
39032,127, 0
39033,130, 0
39034,133, 0
39035,123, 0
39036,112, 0
39037,121, 0
39038,131, 0
39039,163, 0
39040,165, 0
39041,180, 0
39042,184, 0
39043,185, 0
39044,188, 0
39045,185, 0
39046,184, 0
39047,183, 0
39048,198, 0
39049,206, 0
39050,222, 0
39051,246, 0
39052,264, 0
39053,237, 0
39054,211, 0
39055,189, 0
39056,173, 0
39057,160, 0
39058,156, 0
39059,170, 0
39060,161, 0
39061,169, 0
39062,163, 0
39063,159, 0
39064,152, 0
39065,135, 0
39066,136, 0
39067,127, 0
39068,107, 0
39069,94, 0
39070,76, 0
39071,58, 0
39072,57, 0
39073,51, 0
39074,42, 0
39075,37, 0
39076,44, 0
39077,63, 0
39078,91, 0
39079,105, 0
39080,89, 0
39081,65, 0
39082,47, 0
39083,32, 0
39084,22, 0
39085,12, 0
39086,4, 0
39087,8, 0
39088,38, 0
39089,77, 0
39090,100, 0
39091,108, 0
39092,96, 0
39093,128, 0
39094,139, 0
39095,145, 0
39096,141, 0
39097,159, 0
39098,164, 0
39099,164, 0
39100,190, 0
39101,191, 0
39102,197, 0
39103,189, 0
39104,206, 0
39105,208, 0
39106,215, 0
39107,214, 0
39108,216, 0
39109,220, 0
39110,220, 0
39111,214, 0
39112,214, 0
39113,206, 0
39114,171, 0
39115,145, 0
39116,150, 0
39117,130, 0
39118,145, 0
39119,160, 0
39120,176, 0
39121,183, 0
39122,183, 0
39123,169, 0
39124,154, 0
39125,132, 0
39126,107, 0
39127,102, 0
39128,101, 0
39129,95, 0
39130,116, 0
39131,104, 0
39132,91, 0
39133,89, 0
39134,89, 0
39135,81, 0
39136,64, 0
39137,59, 0
39138,56, 0
39139,59, 0
39140,44, 0
39141,29, 0
39142,24, 0
39143,17, 0
39144,12, 0
39145,7, 0
39146,3, 0
39147,4, 0
39148,12, 0
39149,41, 0
39150,70, 0
39151,92, 0
39152,104, 0
39153,83, 0
39154,84, 0
39155,96, 0
39156,113, 0
39157,124, 0
39158,159, 0
39159,171, 0
39160,196, 0
39161,221, 0
39162,213, 0
39163,215, 0
39164,206, 0
39165,210, 0
39166,212, 0
39167,213, 0
39168,217, 0
39169,220, 0
39170,224, 0
39171,221, 0
39172,216, 0
39173,223, 0
39174,226, 0
39175,196, 0
39176,171, 0
39177,152, 0
39178,153, 0
39179,164, 0
39180,171, 0
39181,196, 0
39182,189, 0
39183,184, 0
39184,179, 0
39185,167, 0
39186,153, 0
39187,135, 0
39188,128, 0
39189,119, 0
39190,107, 0
39191,95, 0
39192,92, 0
39193,78, 0
39194,75, 0
39195,65, 0
39196,51, 0
39197,31, 0
39198,21, 0
39199,19, 0
39200,25, 0
39201,18, 0
39202,11, 0
39203,10, 0
39204,8, 0
39205,4, 0
39206,0, 0
39207,0, 0
39208,0, 0
39209,0, 0
39210,19, 0
39211,61, 0
39212,84, 0
39213,86, 0
39214,102, 0
39215,106, 0
39216,119, 0
39217,134, 0
39218,140, 0
39219,145, 0
39220,152, 0
39221,176, 0
39222,182, 0
39223,190, 0
39224,219, 0
39225,205, 0
39226,207, 0
39227,214, 0
39228,220, 0
39229,221, 0
39230,228, 0
39231,236, 0
39232,240, 0
39233,244, 0
39234,247, 0
39235,236, 0
39236,214, 0
39237,183, 0
39238,174, 0
39239,172, 0
39240,187, 0
39241,176, 0
39242,183, 0
39243,191, 0
39244,196, 0
39245,179, 0
39246,180, 0
39247,157, 0
39248,141, 0
39249,135, 0
39250,131, 0
39251,118, 0
39252,102, 0
39253,88, 0
39254,75, 0
39255,83, 0
39256,72, 0
39257,51, 0
39258,31, 0
39259,26, 0
39260,27, 0
39261,34, 0
39262,27, 0
39263,22, 0
39264,29, 0
39265,19, 0
39266,6, 0
39267,0, 0
39268,0, 0
39269,0, 0
39270,0, 0
39271,27, 0
39272,71, 0
39273,92, 0
39274,108, 0
39275,100, 0
39276,111, 0
39277,126, 0
39278,142, 0
39279,141, 0
39280,149, 0
39281,159, 0
39282,172, 0
39283,186, 0
39284,202, 0
39285,232, 0
39286,211, 0
39287,221, 0
39288,227, 0
39289,232, 0
39290,239, 0
39291,244, 0
39292,248, 0
39293,243, 0
39294,244, 0
39295,251, 0
39296,244, 0
39297,211, 0
39298,189, 0
39299,177, 0
39300,183, 0
39301,189, 0
39302,199, 0
39303,206, 0
39304,207, 0
39305,204, 0
39306,202, 0
39307,183, 0
39308,172, 0
39309,155, 0
39310,151, 0
39311,131, 0
39312,121, 0
39313,117, 0
39314,103, 0
39315,92, 0
39316,90, 0
39317,89, 0
39318,71, 0
39319,54, 0
39320,44, 0
39321,44, 0
39322,45, 0
39323,45, 0
39324,31, 0
39325,29, 0
39326,24, 0
39327,12, 0
39328,0, 0
39329,0, 0
39330,6, 0
39331,6, 0
39332,24, 0
39333,68, 0
39334,89, 0
39335,97, 0
39336,96, 0
39337,117, 0
39338,128, 0
39339,121, 0
39340,142, 0
39341,164, 0
39342,168, 0
39343,195, 0
39344,205, 0
39345,216, 0
39346,230, 0
39347,232, 0
39348,229, 0
39349,239, 0
39350,246, 0
39351,244, 0
39352,243, 0
39353,239, 0
39354,244, 0
39355,238, 0
39356,239, 0
39357,240, 0
39358,204, 0
39359,184, 0
39360,171, 0
39361,190, 0
39362,176, 0
39363,191, 0
39364,204, 0
39365,201, 0
39366,208, 0
39367,204, 0
39368,181, 0
39369,174, 0
39370,159, 0
39371,147, 0
39372,134, 0
39373,122, 0
39374,115, 0
39375,95, 0
39376,89, 0
39377,89, 0
39378,86, 0
39379,71, 0
39380,55, 0
39381,50, 0
39382,44, 0
39383,47, 0
39384,45, 0
39385,31, 0
39386,34, 0
39387,20, 0
39388,12, 0
39389,0, 0
39390,0, 0
39391,0, 0
39392,0, 0
39393,25, 0
39394,58, 0
39395,84, 0
39396,85, 0
39397,95, 0
39398,106, 0
39399,115, 0
39400,134, 0
39401,134, 0
39402,145, 0
39403,152, 0
39404,171, 0
39405,183, 0
39406,197, 0
39407,196, 0
39408,204, 0
39409,202, 0
39410,206, 0
39411,206, 0
39412,208, 0
39413,207, 0
39414,215, 0
39415,205, 0
39416,219, 0
39417,217, 0
39418,204, 0
39419,181, 0
39420,155, 0
39421,152, 0
39422,158, 0
39423,157, 0
39424,173, 0
39425,175, 0
39426,185, 0
39427,184, 0
39428,183, 0
39429,173, 0
39430,159, 0
39431,150, 0
39432,145, 0
39433,133, 0
39434,121, 0
39435,127, 0
39436,115, 0
39437,108, 0
39438,105, 0
39439,103, 0
39440,85, 0
39441,68, 0
39442,64, 0
39443,71, 0
39444,62, 0
39445,62, 0
39446,58, 0
39447,48, 0
39448,43, 0
39449,15, 0
39450,4, 0
39451,0, 0
39452,0, 0
39453,0, 0
39454,35, 0
39455,78, 0
39456,89, 0
39457,92, 0
39458,95, 0
39459,103, 0
39460,118, 0
39461,133, 0
39462,131, 0
39463,139, 0
39464,149, 0
39465,168, 0
39466,172, 0
39467,185, 0
39468,204, 0
39469,184, 0
39470,192, 0
39471,190, 0
39472,202, 0
39473,211, 0
39474,213, 0
39475,215, 0
39476,217, 0
39477,223, 0
39478,231, 0
39479,222, 0
39480,183, 0
39481,159, 0
39482,152, 0
39483,152, 0
39484,158, 0
39485,173, 0
39486,188, 0
39487,200, 0
39488,183, 0
39489,173, 0
39490,169, 0
39491,157, 0
39492,144, 0
39493,138, 0
39494,128, 0
39495,113, 0
39496,104, 0
39497,91, 0
39498,79, 0
39499,88, 0
39500,69, 0
39501,57, 0
39502,47, 0
39503,38, 0
39504,51, 0
39505,44, 0
39506,45, 0
39507,44, 0
39508,29, 0
39509,26, 0
39510,12, 0
39511,0, 0
39512,0, 0
39513,0, 0
39514,1, 0
39515,36, 0
39516,84, 0
39517,89, 0
39518,93, 0
39519,105, 0
39520,101, 0
39521,127, 0
39522,139, 0
39523,135, 0
39524,145, 0
39525,154, 0
39526,165, 0
39527,173, 0
39528,186, 0
39529,189, 0
39530,191, 0
39531,199, 0
39532,199, 0
39533,205, 0
39534,218, 0
39535,202, 0
39536,204, 0
39537,204, 0
39538,204, 0
39539,214, 0
39540,203, 0
39541,170, 0
39542,153, 0
39543,158, 0
39544,158, 0
39545,161, 0
39546,195, 0
39547,190, 0
39548,189, 0
39549,211, 0
39550,182, 0
39551,172, 0
39552,152, 0
39553,141, 0
39554,142, 0
39555,129, 0
39556,121, 0
39557,109, 0
39558,96, 0
39559,89, 0
39560,94, 0
39561,91, 0
39562,75, 0
39563,57, 0
39564,56, 0
39565,57, 0
39566,51, 0
39567,47, 0
39568,43, 0
39569,50, 0
39570,36, 0
39571,22, 0
39572,7, 0
39573,1, 0
39574,1, 0
39575,13, 0
39576,55, 0
39577,92, 0
39578,101, 0
39579,103, 0
39580,109, 0
39581,121, 0
39582,128, 0
39583,123, 0
39584,143, 0
39585,145, 0
39586,155, 0
39587,164, 0
39588,175, 0
39589,184, 0
39590,182, 0
39591,187, 0
39592,191, 0
39593,187, 0
39594,196, 0
39595,196, 0
39596,189, 0
39597,203, 0
39598,206, 0
39599,202, 0
39600,208, 0
39601,196, 0
39602,160, 0
39603,143, 0
39604,143, 0
39605,156, 0
39606,149, 0
39607,182, 0
39608,179, 0
39609,183, 0
39610,188, 0
39611,176, 0
39612,160, 0
39613,152, 0
39614,141, 0
39615,138, 0
39616,134, 0
39617,126, 0
39618,115, 0
39619,108, 0
39620,101, 0
39621,104, 0
39622,93, 0
39623,69, 0
39624,45, 0
39625,34, 0
39626,25, 0
39627,31, 0
39628,29, 0
39629,42, 0
39630,63, 0
39631,89, 0
39632,91, 0
39633,76, 0
39634,50, 0
39635,38, 0
39636,41, 0
39637,84, 0
39638,126, 0
39639,121, 0
39640,122, 0
39641,124, 0
39642,127, 0
39643,135, 0
39644,137, 0
39645,144, 0
39646,144, 0
39647,148, 0
39648,157, 0
39649,161, 0
39650,174, 0
39651,174, 0
39652,180, 0
39653,176, 0
39654,180, 0
39655,182, 0
39656,183, 0
39657,176, 0
39658,181, 0
39659,183, 0
39660,182, 0
39661,196, 0
39662,172, 0
39663,135, 0
39664,112, 0
39665,121, 0
39666,139, 0
39667,131, 0
39668,153, 0
39669,164, 0
39670,177, 0
39671,165, 0
39672,170, 0
39673,156, 0
39674,150, 0
39675,139, 0
39676,138, 0
39677,133, 0
39678,130, 0
39679,131, 0
39680,119, 0
39681,115, 0
39682,115, 0
39683,109, 0
39684,96, 0
39685,90, 0
39686,91, 0
39687,94, 0
39688,100, 0
39689,104, 0
39690,106, 0
39691,100, 0
39692,94, 0
39693,79, 0
39694,57, 0
39695,44, 0
39696,51, 0
39697,70, 0
39698,102, 0
39699,141, 0
39700,135, 0
39701,132, 0
39702,128, 0
39703,150, 0
39704,151, 0
39705,147, 0
39706,139, 0
39707,144, 0
39708,145, 0
39709,149, 0
39710,158, 0
39711,166, 0
39712,155, 0
39713,156, 0
39714,155, 0
39715,154, 0
39716,152, 0
39717,164, 0
39718,164, 0
39719,151, 0
39720,164, 0
39721,167, 0
39722,151, 0
39723,151, 0
39724,120, 0
39725,108, 0
39726,101, 0
39727,112, 0
39728,132, 0
39729,156, 0
39730,167, 0
39731,159, 0
39732,177, 0
39733,164, 0
39734,148, 0
39735,138, 0
39736,128, 0
39737,133, 0
39738,127, 0
39739,130, 0
39740,147, 0
39741,127, 0
39742,121, 0
39743,122, 0
39744,127, 0
39745,109, 0
39746,95, 0
39747,96, 0
39748,102, 0
39749,104, 0
39750,107, 0
39751,97, 0
39752,100, 0
39753,90, 0
39754,85, 0
39755,63, 0
39756,52, 0
39757,52, 0
39758,70, 0
39759,106, 0
39760,152, 0
39761,143, 0
39762,142, 0
39763,136, 0
39764,139, 0
39765,132, 0
39766,149, 0
39767,136, 0
39768,139, 0
39769,143, 0
39770,143, 0
39771,157, 0
39772,161, 0
39773,159, 0
39774,163, 0
39775,159, 0
39776,158, 0
39777,159, 0
39778,170, 0
39779,154, 0
39780,154, 0
39781,163, 0
39782,163, 0
39783,170, 0
39784,155, 0
39785,119, 0
39786,104, 0
39787,113, 0
39788,109, 0
39789,127, 0
39790,145, 0
39791,156, 0
39792,164, 0
39793,187, 0
39794,167, 0
39795,153, 0
39796,147, 0
39797,140, 0
39798,141, 0
39799,135, 0
39800,135, 0
39801,140, 0
39802,135, 0
39803,137, 0
39804,138, 0
39805,138, 0
39806,115, 0
39807,92, 0
39808,108, 0
39809,105, 0
39810,103, 0
39811,117, 0
39812,102, 0
39813,91, 0
39814,86, 0
39815,57, 0
39816,51, 0
39817,38, 0
39818,46, 0
39819,72, 0
39820,122, 0
39821,152, 0
39822,151, 0
39823,151, 0
39824,154, 0
39825,149, 0
39826,165, 0
39827,152, 0
39828,137, 0
39829,130, 0
39830,136, 0
39831,134, 0
39832,150, 0
39833,164, 0
39834,159, 0
39835,149, 0
39836,175, 0
39837,163, 0
39838,170, 0
39839,179, 0
39840,157, 0
39841,160, 0
39842,167, 0
39843,165, 0
39844,170, 0
39845,148, 0
39846,111, 0
39847,92, 0
39848,96, 0
39849,90, 0
39850,110, 0
39851,129, 0
39852,141, 0
39853,161, 0
39854,151, 0
39855,151, 0
39856,140, 0
39857,132, 0
39858,131, 0
39859,127, 0
39860,133, 0
39861,136, 0
39862,142, 0
39863,139, 0
39864,131, 0
39865,134, 0
39866,121, 0
39867,95, 0
39868,84, 0
39869,101, 0
39870,117, 0
39871,122, 0
39872,129, 0
39873,130, 0
39874,121, 0
39875,102, 0
39876,96, 0
39877,75, 0
39878,70, 0
39879,75, 0
39880,95, 0
39881,134, 0
39882,161, 0
39883,158, 0
39884,157, 0
39885,149, 0
39886,151, 0
39887,152, 0
39888,149, 0
39889,133, 0
39890,133, 0
39891,137, 0
39892,144, 0
39893,154, 0
39894,159, 0
39895,145, 0
39896,151, 0
39897,158, 0
39898,149, 0
39899,139, 0
39900,151, 0
39901,142, 0
39902,145, 0
39903,158, 0
39904,154, 0
39905,159, 0
39906,138, 0
39907,100, 0
39908,90, 0
39909,100, 0
39910,104, 0
39911,121, 0
39912,139, 0
39913,149, 0
39914,154, 0
39915,163, 0
39916,157, 0
39917,150, 0
39918,138, 0
39919,135, 0
39920,135, 0
39921,131, 0
39922,129, 0
39923,116, 0
39924,118, 0
39925,121, 0
39926,126, 0
39927,129, 0
39928,121, 0
39929,127, 0
39930,135, 0
39931,130, 0
39932,136, 0
39933,128, 0
39934,127, 0
39935,101, 0
39936,121, 0
39937,96, 0
39938,83, 0
39939,70, 0
39940,41, 0
39941,44, 0
39942,81, 0
39943,96, 0
39944,92, 0
39945,95, 0
39946,116, 0
39947,112, 0
39948,122, 0
39949,123, 0
39950,119, 0
39951,134, 0
39952,142, 0
39953,145, 0
39954,157, 0
39955,161, 0
39956,157, 0
39957,168, 0
39958,145, 0
39959,145, 0
39960,151, 0
39961,145, 0
39962,152, 0
39963,160, 0
39964,179, 0
39965,167, 0
39966,176, 0
39967,135, 0
39968,109, 0
39969,102, 0
39970,113, 0
39971,121, 0
39972,136, 0
39973,150, 0
39974,145, 0
39975,151, 0
39976,148, 0
39977,140, 0
39978,133, 0
39979,134, 0
39980,136, 0
39981,141, 0
39982,139, 0
39983,136, 0
39984,144, 0
39985,147, 0
39986,168, 0
39987,181, 0
39988,183, 0
39989,142, 0
39990,133, 0
39991,125, 0
39992,122, 0
39993,115, 0
39994,105, 0
39995,101, 0
39996,85, 0
39997,67, 0
39998,36, 0
39999,13, 0
40000,8, 0
40001,14, 0
40002,39, 0
40003,88, 0
40004,116, 0
40005,122, 0
40006,115, 0
40007,139, 0
40008,138, 0
40009,142, 0
40010,148, 0
40011,145, 0
40012,170, 0
40013,191, 0
40014,215, 0
40015,237, 0
40016,256, 0
40017,255, 0
40018,242, 0
40019,204, 0
40020,186, 0
40021,169, 0
40022,171, 0
40023,176, 0
40024,160, 0
40025,154, 0
40026,147, 0
40027,127, 0
40028,91, 0
40029,63, 0
40030,64, 0
40031,71, 0
40032,88, 0
40033,123, 0
40034,159, 0
40035,180, 0
40036,159, 0
40037,156, 0
40038,115, 0
40039,111, 0
40040,83, 0
40041,73, 0
40042,71, 0
40043,74, 0
40044,71, 0
40045,71, 0
40046,70, 0
40047,67, 0
40048,83, 0
40049,75, 0
40050,63, 0
40051,71, 0
40052,83, 0
40053,97, 0
40054,121, 0
40055,138, 0
40056,150, 0
40057,152, 0
40058,140, 0
40059,117, 0
40060,89, 0
40061,89, 0
40062,85, 0
40063,104, 0
40064,139, 0
40065,154, 0
40066,144, 0
40067,145, 0
40068,158, 0
40069,176, 0
40070,163, 0
40071,176, 0
40072,160, 0
40073,167, 0
40074,164, 0
40075,153, 0
40076,160, 0
40077,167, 0
40078,165, 0
40079,183, 0
40080,196, 0
40081,203, 0
40082,207, 0
40083,193, 0
40084,193, 0
40085,179, 0
40086,157, 0
40087,153, 0
40088,138, 0
40089,104, 0
40090,95, 0
40091,115, 0
40092,144, 0
40093,150, 0
40094,159, 0
40095,159, 0
40096,147, 0
40097,140, 0
40098,116, 0
40099,80, 0
40100,70, 0
40101,31, 0
40102,14, 0
40103,12, 0
40104,21, 0
40105,29, 0
40106,40, 0
40107,54, 0
40108,76, 0
40109,93, 0
40110,106, 0
40111,102, 0
40112,118, 0
40113,132, 0
40114,137, 0
40115,144, 0
40116,140, 0
40117,132, 0
40118,100, 0
40119,76, 0
40120,41, 0
40121,35, 0
40122,26, 0
40123,34, 0
40124,70, 0
40125,125, 0
40126,164, 0
40127,181, 0
40128,203, 0
40129,214, 0
40130,193, 0
40131,183, 0
40132,164, 0
40133,118, 0
40134,103, 0
40135,108, 0
40136,122, 0
40137,147, 0
40138,145, 0
40139,135, 0
40140,128, 0
40141,124, 0
40142,145, 0
40143,158, 0
40144,167, 0
40145,159, 0
40146,165, 0
40147,183, 0
40148,167, 0
40149,176, 0
40150,134, 0
40151,90, 0
40152,83, 0
40153,70, 0
40154,51, 0
40155,44, 0
40156,41, 0
40157,51, 0
40158,72, 0
40159,87, 0
40160,102, 0
40161,130, 0
40162,153, 0
40163,190, 0
40164,237, 0
40165,287, 0
40166,319, 0
40167,337, 1
40168,325, 6
40169,304, 1
40170,258, 0
40171,183, 0
40172,139, 0
40173,123, 0
40174,135, 0
40175,139, 0
40176,137, 0
40177,111, 0
40178,102, 0
40179,71, 0
40180,51, 0
40181,25, 0
40182,9, 0
40183,9, 0
40184,9, 0
40185,37, 0
40186,75, 0
40187,61, 0
40188,53, 0
40189,59, 0
40190,83, 0
40191,91, 0
40192,116, 0
40193,120, 0
40194,121, 0
40195,129, 0
40196,136, 0
40197,145, 0
40198,181, 0
40199,197, 0
40200,205, 0
40201,211, 0
40202,196, 0
40203,161, 0
40204,147, 0
40205,143, 0
40206,165, 0
40207,176, 0
40208,190, 0
40209,197, 0
40210,193, 0
40211,174, 0
40212,121, 0
40213,118, 0
40214,123, 0
40215,129, 0
40216,142, 0
40217,150, 0
40218,154, 0
40219,158, 0
40220,145, 0
40221,131, 0
40222,108, 0
40223,121, 0
40224,129, 0
40225,144, 0
40226,147, 0
40227,144, 0
40228,144, 0
40229,134, 0
40230,127, 0
40231,108, 0
40232,76, 0
40233,31, 0
40234,9, 0
40235,6, 0
40236,19, 0
40237,59, 0
40238,92, 0
40239,120, 0
40240,153, 0
40241,183, 0
40242,196, 0
40243,198, 0
40244,204, 0
40245,193, 0
40246,207, 0
40247,219, 0
40248,176, 0
40249,136, 0
40250,109, 0
40251,106, 0
40252,99, 0
40253,73, 0
40254,54, 0
40255,63, 0
40256,86, 0
40257,108, 0
40258,118, 0
40259,118, 0
40260,89, 0
40261,54, 0
40262,44, 0
40263,55, 0
40264,65, 0
40265,104, 0
40266,142, 0
40267,165, 0
40268,182, 0
40269,199, 0
40270,196, 0
40271,190, 0
40272,155, 0
40273,145, 0
40274,171, 0
40275,205, 0
40276,233, 0
40277,246, 0
40278,251, 0
40279,249, 0
40280,228, 0
40281,195, 0
40282,141, 0
40283,72, 0
40284,17, 0
40285,0, 0
40286,0, 0
40287,0, 0
40288,24, 0
40289,58, 0
40290,100, 0
40291,135, 0
40292,160, 0
40293,166, 0
40294,169, 0
40295,190, 0
40296,199, 0
40297,184, 0
40298,148, 0
40299,85, 0
40300,37, 0
40301,1, 0
40302,0, 0
40303,6, 0
40304,0, 0
40305,25, 0
40306,59, 0
40307,113, 0
40308,164, 0
40309,179, 0
40310,189, 0
40311,189, 0
40312,158, 0
40313,130, 0
40314,95, 0
40315,75, 0
40316,83, 0
40317,102, 0
40318,116, 0
40319,126, 0
40320,143, 0
40321,154, 0
40322,169, 0
40323,202, 0
40324,172, 0
40325,166, 0
40326,183, 0
40327,200, 0
40328,200, 0
40329,205, 0
40330,189, 0
40331,167, 0
40332,129, 0
40333,54, 0
40334,2, 0
40335,1, 0
40336,13, 0
40337,7, 0
40338,8, 0
40339,63, 0
40340,145, 0
40341,212, 0
40342,244, 0
40343,257, 0
40344,243, 0
40345,215, 0
40346,185, 0
40347,142, 0
40348,116, 0
40349,99, 0
40350,104, 0
40351,120, 0
40352,148, 0
40353,169, 0
40354,196, 0
40355,215, 0
40356,251, 0
40357,266, 0
40358,269, 0
40359,268, 0
40360,264, 0
40361,263, 0
40362,270, 0
40363,232, 0
40364,183, 0
40365,141, 0
40366,91, 0
40367,73, 0
40368,94, 0
40369,129, 0
40370,128, 0
40371,115, 0
40372,110, 0
40373,108, 0
40374,99, 0
40375,95, 0
40376,92, 0
40377,92, 0
40378,91, 0
40379,83, 0
40380,76, 0
40381,58, 0
40382,38, 0
40383,24, 0
40384,24, 0
40385,43, 0
40386,72, 0
40387,100, 0
40388,129, 0
40389,148, 0
40390,195, 0
40391,232, 0
40392,258, 0
40393,287, 0
40394,244, 0
40395,210, 0
40396,184, 0
40397,144, 0
40398,78, 0
40399,48, 0
40400,41, 0
40401,70, 0
40402,110, 0
40403,139, 0
40404,148, 0
40405,145, 0
40406,119, 0
40407,89, 0
40408,72, 0
40409,44, 0
40410,37, 0
40411,36, 0
40412,35, 0
40413,54, 0
40414,71, 0
40415,75, 0
40416,80, 0
40417,97, 0
40418,115, 0
40419,137, 0
40420,151, 0
40421,149, 0
40422,159, 0
40423,148, 0
40424,124, 0
40425,121, 0
40426,101, 0
40427,104, 0
40428,104, 0
40429,145, 0
40430,191, 0
40431,207, 0
40432,205, 0
40433,199, 0
40434,195, 0
40435,217, 0
40436,244, 0
40437,238, 0
40438,220, 0
40439,183, 0
40440,140, 0
40441,91, 0
40442,56, 0
40443,23, 0
40444,27, 0
40445,57, 0
40446,79, 0
40447,110, 0
40448,144, 0
40449,127, 0
40450,139, 0
40451,144, 0
40452,154, 0
40453,168, 0
40454,170, 0
40455,143, 0
40456,130, 0
40457,129, 0
40458,133, 0
40459,149, 0
40460,174, 0
40461,185, 0
40462,185, 0
40463,189, 0
40464,170, 0
40465,155, 0
40466,127, 0
40467,104, 0
40468,93, 0
40469,95, 0
40470,101, 0
40471,111, 0
40472,121, 0
40473,102, 0
40474,90, 0
40475,56, 0
40476,25, 0
40477,29, 0
40478,62, 0
40479,97, 0
40480,119, 0
40481,152, 0
40482,183, 0
40483,196, 0
40484,172, 0
40485,122, 0
40486,71, 0
40487,20, 0
40488,8, 0
40489,17, 0
40490,89, 0
40491,155, 0
40492,195, 0
40493,223, 0
40494,243, 0
40495,248, 0
40496,247, 0
40497,236, 0
40498,214, 0
40499,183, 0
40500,172, 0
40501,123, 0
40502,107, 0
40503,121, 0
40504,137, 0
40505,165, 0
40506,186, 0
40507,208, 0
40508,208, 0
40509,202, 0
40510,201, 0
40511,189, 0
40512,185, 0
40513,180, 0
40514,183, 0
40515,144, 0
40516,89, 0
40517,70, 0
40518,63, 0
40519,64, 0
40520,78, 0
40521,102, 0
40522,108, 0
40523,128, 0
40524,142, 0
40525,154, 0
40526,171, 0
40527,169, 0
40528,172, 0
40529,156, 0
40530,127, 0
40531,105, 0
40532,89, 0
40533,75, 0
40534,61, 0
40535,74, 0
40536,102, 0
40537,133, 0
40538,180, 0
40539,212, 0
40540,220, 0
40541,211, 0
40542,176, 0
40543,108, 0
40544,63, 0
40545,17, 0
40546,7, 0
40547,1, 0
40548,12, 0
40549,0, 0
40550,0, 0
40551,44, 0
40552,145, 0
40553,196, 0
40554,259, 0
40555,244, 0
40556,224, 0
40557,202, 0
40558,165, 0
40559,127, 0
40560,90, 0
40561,69, 0
40562,32, 0
40563,6, 0
40564,0, 0
40565,0, 0
40566,13, 0
40567,13, 0
40568,2, 0
40569,6, 0
40570,46, 0
40571,83, 0
40572,108, 0
40573,121, 0
40574,135, 0
40575,204, 0
40576,265, 0
40577,325, 0
40578,389, 6
40579,420, 24
40580,409, 31
40581,382, 30
40582,379, 24
40583,360, 23
40584,364, 20
40585,370, 17
40586,368, 18
40587,333, 10
40588,315, 5
40589,296, 0
40590,271, 0
40591,206, 0
40592,175, 0
40593,140, 0
40594,127, 0
40595,142, 0
40596,137, 0
40597,119, 0
40598,94, 0
40599,45, 0
40600,6, 0
40601,43, 0
40602,124, 0
40603,160, 0
40604,145, 0
40605,88, 0
40606,14, 0
40607,2, 0
40608,31, 0
40609,53, 0
40610,69, 0
40611,20, 0
40612,3, 0
40613,0, 0
40614,6, 0
40615,0, 0
40616,8, 0
40617,69, 0
40618,142, 0
40619,200, 0
40620,236, 0
40621,251, 0
40622,238, 0
40623,203, 0
40624,167, 0
40625,134, 0
40626,107, 0
40627,102, 0
40628,115, 0
40629,130, 0
40630,182, 0
40631,217, 0
40632,251, 0
40633,248, 0
40634,206, 0
40635,147, 0
40636,124, 0
40637,118, 0
40638,152, 0
40639,232, 0
40640,309, 0
40641,361, 2
40642,374, 10
40643,351, 14
40644,287, 6
40645,205, 0
40646,145, 0
40647,97, 0
40648,14, 0
40649,3, 0
40650,0, 0
40651,11, 0
40652,26, 0
40653,38, 0
40654,67, 0
40655,120, 0
40656,196, 0
40657,271, 0
40658,294, 0
40659,247, 0
40660,133, 0
40661,12, 0
40662,84, 0
40663,158, 0
40664,157, 0
40665,77, 0
40666,21, 0
40667,145, 0
40668,240, 0
40669,272, 0
40670,299, 0
40671,271, 0
40672,195, 0
40673,119, 0
40674,122, 0
40675,147, 0
40676,196, 0
40677,244, 0
40678,270, 0
40679,263, 0
40680,233, 0
40681,207, 0
40682,182, 0
40683,159, 0
40684,116, 0
40685,45, 0
40686,44, 0
40687,200, 0
40688,282, 0
40689,265, 0
40690,168, 0
40691,27, 0
40692,60, 0
40693,168, 0
40694,251, 0
40695,310, 0
40696,317, 0
40697,284, 0
40698,215, 0
40699,160, 0
40700,145, 0
40701,163, 0
40702,170, 0
40703,176, 0
40704,207, 0
40705,251, 0
40706,304, 0
40707,311, 0
40708,257, 0
40709,176, 0
40710,63, 0
40711,4, 0
40712,27, 0
40713,108, 0
40714,205, 0
40715,273, 0
40716,301, 0
40717,295, 0
40718,283, 0
40719,207, 0
40720,99, 0
40721,21, 0
40722,152, 0
40723,257, 0
40724,276, 0
40725,281, 0
40726,257, 0
40727,205, 0
40728,187, 0
40729,220, 0
40730,293, 0
40731,341, 0
40732,345, 4
40733,297, 2
40734,226, 0
40735,197, 0
40736,224, 0
40737,272, 0
40738,300, 0
40739,236, 0
40740,97, 0
40741,3, 0
40742,37, 0
40743,57, 0
40744,86, 0
40745,128, 0
40746,191, 0
40747,233, 0
40748,251, 0
40749,254, 0
40750,231, 0
40751,201, 0
40752,201, 0
40753,223, 0
40754,292, 0
40755,401, 5
40756,541, 42
40757,683, 95
40758,766, 152
40759,758, 184
40760,721, 192
40761,740, 193
40762,792, 205
40763,840, 226
40764,883, 248
40765,882, 263
40766,823, 260
40767,730, 234
40768,631, 196
40769,592, 159
40770,582, 142
40771,589, 131
40772,563, 123
40773,531, 111
40774,486, 97
40775,431, 75
40776,344, 47
40777,261, 12
40778,204, 0
40779,195, 0
40780,196, 0
40781,204, 0
40782,218, 0
40783,196, 0
40784,158, 0
40785,108, 0
40786,51, 0
40787,32, 0
40788,48, 0
40789,42, 0
40790,2, 0
40791,68, 0
40792,166, 0
40793,202, 0
40794,159, 0
40795,89, 0
40796,27, 0
40797,1, 0
40798,0, 0
40799,4, 0
40800,32, 0
40801,42, 0
40802,21, 0
40803,0, 0
40804,0, 0
40805,4, 0
40806,73, 0
40807,170, 0
40808,241, 0
40809,234, 0
40810,222, 0
40811,202, 0
40812,147, 0
40813,103, 0
40814,44, 0
40815,25, 0
40816,17, 0
40817,3, 0
40818,0, 0
40819,0, 0
40820,0, 0
40821,0, 0
40822,6, 0
40823,27, 0
40824,60, 0
40825,118, 0
40826,163, 0
40827,196, 0
40828,220, 0
40829,242, 0
40830,252, 0
40831,236, 0
40832,220, 0
40833,201, 0
40834,188, 0
40835,184, 0
40836,187, 0
40837,191, 0
40838,179, 0
40839,168, 0
40840,156, 0
40841,110, 0
40842,57, 0
40843,30, 0
40844,7, 0
40845,0, 0
40846,15, 0
40847,60, 0
40848,70, 0
40849,55, 0
40850,22, 0
40851,2, 0
40852,9, 0
40853,0, 0
40854,3, 0
40855,34, 0
40856,97, 0
40857,126, 0
40858,129, 0
40859,139, 0
40860,126, 0
40861,140, 0
40862,158, 0
40863,191, 0
40864,191, 0
40865,198, 0
40866,191, 0
40867,167, 0
40868,148, 0
40869,103, 0
40870,51, 0
40871,18, 0
40872,12, 0
40873,31, 0
40874,62, 0
40875,92, 0
40876,118, 0
40877,144, 0
40878,140, 0
40879,133, 0
40880,124, 0
40881,108, 0
40882,121, 0
40883,145, 0
40884,167, 0
40885,180, 0
40886,172, 0
40887,158, 0
40888,137, 0
40889,136, 0
40890,134, 0
40891,116, 0
40892,86, 0
40893,63, 0
40894,52, 0
40895,57, 0
40896,62, 0
40897,63, 0
40898,53, 0
40899,23, 0
40900,5, 0
40901,8, 0
40902,21, 0
40903,42, 0
40904,64, 0
40905,94, 0
40906,125, 0
40907,150, 0
40908,170, 0
40909,180, 0
40910,169, 0
40911,150, 0
40912,127, 0
40913,130, 0
40914,156, 0
40915,202, 0
40916,235, 0
40917,263, 0
40918,244, 0
40919,227, 0
40920,273, 0
40921,296, 0
40922,307, 0
40923,251, 0
40924,167, 0
40925,124, 0
40926,105, 0
40927,123, 0
40928,144, 0
40929,156, 0
40930,148, 0
40931,153, 0
40932,139, 0
40933,115, 0
40934,92, 0
40935,89, 0
40936,84, 0
40937,78, 0
40938,76, 0
40939,87, 0
40940,108, 0
40941,138, 0
40942,138, 0
40943,151, 0
40944,179, 0
40945,183, 0
40946,184, 0
40947,196, 0
40948,195, 0
40949,202, 0
40950,198, 0
40951,192, 0
40952,214, 0
40953,238, 0
40954,226, 0
40955,143, 0
40956,77, 0
40957,9, 0
40958,19, 0
40959,65, 0
40960,78, 0
40961,58, 0
40962,37, 0
40963,14, 0
40964,0, 0
40965,47, 0
40966,152, 0
40967,259, 0
40968,333, 0
40969,373, 4
40970,355, 13
40971,300, 7
40972,201, 0
40973,61, 0
40974,4, 0
40975,31, 0
40976,36, 0
40977,10, 0
40978,41, 0
40979,115, 0
40980,152, 0
40981,169, 0
40982,201, 0
40983,269, 0
40984,334, 0
40985,386, 5
40986,368, 14
40987,300, 5
40988,262, 0
40989,239, 0
40990,222, 0
40991,177, 0
40992,108, 0
40993,55, 0
40994,14, 0
40995,0, 0
40996,0, 0
40997,22, 0
40998,44, 0
40999,76, 0
41000,51, 0
41001,57, 0
41002,42, 0
41003,22, 0
41004,20, 0
41005,24, 0
41006,14, 0
41007,0, 0
41008,0, 0
41009,9, 0
41010,0, 0
41011,19, 0
41012,55, 0
41013,69, 0
41014,43, 0
41015,1, 0
41016,14, 0
41017,54, 0
41018,76, 0
41019,72, 0
41020,19, 0
41021,27, 0
41022,127, 0
41023,204, 0
41024,253, 0
41025,295, 0
41026,331, 0
41027,338, 3
41028,293, 3
41029,189, 0
41030,61, 0
41031,1, 0
41032,0, 0
41033,0, 0
41034,0, 0
41035,28, 0
41036,104, 0
41037,145, 0
41038,211, 0
41039,292, 0
41040,304, 0
41041,262, 0
41042,203, 0
41043,176, 0
41044,171, 0
41045,187, 0
41046,212, 0
41047,228, 0
41048,223, 0
41049,226, 0
41050,207, 0
41051,159, 0
41052,112, 0
41053,81, 0
41054,104, 0
41055,158, 0
41056,217, 0
41057,265, 0
41058,310, 0
41059,331, 0
41060,325, 1
41061,305, 2
41062,278, 0
41063,242, 0
41064,164, 0
41065,133, 0
41066,145, 0
41067,206, 0
41068,270, 0
41069,302, 0
41070,305, 0
41071,245, 0
41072,181, 0
41073,158, 0
41074,177, 0
41075,207, 0
41076,280, 0
41077,368, 1
41078,427, 19
41079,431, 36
41080,386, 36
41081,321, 21
41082,244, 2
41083,172, 0
41084,132, 0
41085,88, 0
41086,63, 0
41087,44, 0
41088,39, 0
41089,53, 0
41090,63, 0
41091,47, 0
41092,24, 0
41093,6, 0
41094,0, 0
41095,0, 0
41096,0, 0
41097,0, 0
41098,10, 0
41099,38, 0
41100,72, 0
41101,86, 0
41102,100, 0
41103,122, 0
41104,142, 0
41105,189, 0
41106,191, 0
41107,212, 0
41108,227, 0
41109,237, 0
41110,287, 0
41111,361, 1
41112,436, 17
41113,468, 36
41114,439, 46
41115,415, 40
41116,395, 32
41117,390, 31
41118,365, 25
41119,314, 11
41120,230, 0
41121,176, 0
41122,152, 0
41123,168, 0
41124,188, 0
41125,170, 0
41126,163, 0
41127,159, 0
41128,159, 0
41129,156, 0
41130,145, 0
41131,137, 0
41132,115, 0
41133,100, 0
41134,89, 0
41135,83, 0
41136,80, 0
41137,72, 0
41138,62, 0
41139,51, 0
41140,34, 0
41141,20, 0
41142,5, 0
41143,0, 0
41144,0, 0
41145,0, 0
41146,0, 0
41147,0, 0
41148,9, 0
41149,32, 0
41150,10, 0
41151,0, 0
41152,0, 0
41153,5, 0
41154,25, 0
41155,27, 0
41156,20, 0
41157,18, 0
41158,9, 0
41159,12, 0
41160,22, 0
41161,25, 0
41162,2, 0
41163,14, 0
41164,54, 0
41165,67, 0
41166,50, 0
41167,5, 0
41168,30, 0
41169,89, 0
41170,101, 0
41171,96, 0
41172,27, 0
41173,3, 0
41174,41, 0
41175,43, 0
41176,6, 0
41177,1, 0
41178,54, 0
41179,120, 0
41180,192, 0
41181,249, 0
41182,281, 0
41183,275, 0
41184,262, 0
41185,251, 0
41186,196, 0
41187,160, 0
41188,137, 0
41189,117, 0
41190,84, 0
41191,61, 0
41192,45, 0
41193,46, 0
41194,55, 0
41195,77, 0
41196,94, 0
41197,102, 0
41198,95, 0
41199,89, 0
41200,77, 0
41201,70, 0
41202,54, 0
41203,51, 0
41204,74, 0
41205,118, 0
41206,142, 0
41207,152, 0
41208,133, 0
41209,136, 0
41210,127, 0
41211,124, 0
41212,143, 0
41213,152, 0
41214,159, 0
41215,165, 0
41216,161, 0
41217,152, 0
41218,109, 0
41219,122, 0
41220,122, 0
41221,135, 0
41222,165, 0
41223,185, 0
41224,203, 0
41225,206, 0
41226,189, 0
41227,139, 0
41228,56, 0
41229,0, 0
41230,17, 0
41231,14, 0
41232,53, 0
41233,168, 0
41234,276, 0
41235,359, 0
41236,396, 8
41237,408, 21
41238,420, 30
41239,389, 32
41240,379, 27
41241,351, 19
41242,313, 8
41243,276, 1
41244,249, 0
41245,226, 0
41246,179, 0
41247,96, 0
41248,22, 0
41249,0, 0
41250,11, 0
41251,0, 0
41252,46, 0
41253,156, 0
41254,232, 0
41255,276, 0
41256,306, 0
41257,290, 0
41258,256, 0
41259,203, 0
41260,133, 0
41261,79, 0
41262,51, 0
41263,70, 0
41264,113, 0
41265,163, 0
41266,189, 0
41267,167, 0
41268,121, 0
41269,76, 0
41270,31, 0
41271,23, 0
41272,56, 0
41273,102, 0
41274,116, 0
41275,135, 0
41276,121, 0
41277,83, 0
41278,39, 0
41279,17, 0
41280,18, 0
41281,52, 0
41282,139, 0
41283,210, 0
41284,224, 0
41285,227, 0
41286,218, 0
41287,223, 0
41288,234, 0
41289,223, 0
41290,198, 0
41291,211, 0
41292,210, 0
41293,226, 0
41294,208, 0
41295,221, 0
41296,220, 0
41297,196, 0
41298,156, 0
41299,126, 0
41300,101, 0
41301,93, 0
41302,102, 0
41303,121, 0
41304,142, 0
41305,135, 0
41306,152, 0
41307,134, 0
41308,100, 0
41309,86, 0
41310,81, 0
41311,97, 0
41312,108, 0
41313,115, 0
41314,123, 0
41315,106, 0
41316,73, 0
41317,83, 0
41318,76, 0
41319,50, 0
41320,25, 0
41321,0, 0
41322,0, 0
41323,54, 0
41324,149, 0
41325,224, 0
41326,257, 0
41327,238, 0
41328,188, 0
41329,123, 0
41330,68, 0
41331,35, 0
41332,19, 0
41333,12, 0
41334,3, 0
41335,1, 0
41336,0, 0
41337,0, 0
41338,10, 0
41339,6, 0
41340,1, 0
41341,6, 0
41342,31, 0
41343,84, 0
41344,109, 0
41345,125, 0
41346,131, 0
41347,153, 0
41348,189, 0
41349,228, 0
41350,245, 0
41351,217, 0
41352,180, 0
41353,123, 0
41354,106, 0
41355,111, 0
41356,140, 0
41357,158, 0
41358,166, 0
41359,170, 0
41360,174, 0
41361,191, 0
41362,205, 0
41363,226, 0
41364,227, 0
41365,231, 0
41366,203, 0
41367,211, 0
41368,205, 0
41369,182, 0
41370,185, 0
41371,202, 0
41372,207, 0
41373,198, 0
41374,195, 0
41375,196, 0
41376,199, 0
41377,217, 0
41378,231, 0
41379,239, 0
41380,205, 0
41381,161, 0
41382,133, 0
41383,87, 0
41384,64, 0
41385,52, 0
41386,40, 0
41387,44, 0
41388,54, 0
41389,60, 0
41390,38, 0
41391,27, 0
41392,4, 0
41393,25, 0
41394,53, 0
41395,72, 0
41396,70, 0
41397,70, 0
41398,55, 0
41399,35, 0
41400,25, 0
41401,11, 0
41402,25, 0
41403,55, 0
41404,90, 0
41405,110, 0
41406,116, 0
41407,87, 0
41408,84, 0
41409,108, 0
41410,117, 0
41411,139, 0
41412,143, 0
41413,124, 0
41414,131, 0
41415,155, 0
41416,202, 0
41417,231, 0
41418,238, 0
41419,236, 0
41420,212, 0
41421,184, 0
41422,150, 0
41423,108, 0
41424,88, 0
41425,95, 0
41426,140, 0
41427,191, 0
41428,244, 0
41429,245, 0
41430,216, 0
41431,173, 0
41432,153, 0
41433,140, 0
41434,121, 0
41435,135, 0
41436,152, 0
41437,174, 0
41438,176, 0
41439,155, 0
41440,152, 0
41441,96, 0
41442,57, 0
41443,47, 0
41444,69, 0
41445,97, 0
41446,115, 0
41447,115, 0
41448,120, 0
41449,102, 0
41450,81, 0
41451,69, 0
41452,62, 0
41453,69, 0
41454,65, 0
41455,67, 0
41456,76, 0
41457,80, 0
41458,89, 0
41459,96, 0
41460,89, 0
41461,73, 0
41462,76, 0
41463,81, 0
41464,87, 0
41465,118, 0
41466,147, 0
41467,148, 0
41468,139, 0
41469,139, 0
41470,145, 0
41471,152, 0
41472,170, 0
41473,182, 0
41474,180, 0
41475,159, 0
41476,133, 0
41477,123, 0
41478,120, 0
41479,142, 0
41480,172, 0
41481,179, 0
41482,181, 0
41483,172, 0
41484,158, 0
41485,164, 0
41486,158, 0
41487,157, 0
41488,158, 0
41489,182, 0
41490,183, 0
41491,174, 0
41492,155, 0
41493,134, 0
41494,121, 0
41495,135, 0
41496,164, 0
41497,180, 0
41498,183, 0
41499,203, 0
41500,204, 0
41501,195, 0
41502,189, 0
41503,161, 0
41504,123, 0
41505,95, 0
41506,71, 0
41507,62, 0
41508,74, 0
41509,120, 0
41510,147, 0
41511,145, 0
41512,120, 0
41513,84, 0
41514,69, 0
41515,87, 0
41516,94, 0
41517,117, 0
41518,135, 0
41519,127, 0
41520,83, 0
41521,48, 0
41522,7, 0
41523,4, 0
41524,34, 0
41525,74, 0
41526,118, 0
41527,150, 0
41528,147, 0
41529,134, 0
41530,112, 0
41531,95, 0
41532,78, 0
41533,63, 0
41534,60, 0
41535,45, 0
41536,73, 0
41537,106, 0
41538,145, 0
41539,196, 0
41540,202, 0
41541,213, 0
41542,195, 0
41543,205, 0
41544,214, 0
41545,217, 0
41546,196, 0
41547,171, 0
41548,164, 0
41549,168, 0
41550,171, 0
41551,140, 0
41552,91, 0
41553,81, 0
41554,83, 0
41555,102, 0
41556,136, 0
41557,174, 0
41558,196, 0
41559,193, 0
41560,203, 0
41561,177, 0
41562,214, 0
41563,245, 0
41564,251, 0
41565,257, 0
41566,229, 0
41567,214, 0
41568,214, 0
41569,232, 0
41570,275, 0
41571,276, 0
41572,259, 0
41573,222, 0
41574,187, 0
41575,142, 0
41576,128, 0
41577,96, 0
41578,57, 0
41579,34, 0
41580,32, 0
41581,31, 0
41582,18, 0
41583,0, 0
41584,0, 0
41585,0, 0
41586,0, 0
41587,34, 0
41588,31, 0
41589,12, 0
41590,0, 0
41591,11, 0
41592,48, 0
41593,84, 0
41594,100, 0
41595,87, 0
41596,29, 0
41597,12, 0
41598,93, 0
41599,176, 0
41600,235, 0
41601,274, 0
41602,304, 0
41603,338, 0
41604,363, 5
41605,368, 10
41606,362, 12
41607,338, 8
41608,311, 7
41609,294, 1
41610,285, 0
41611,273, 0
41612,246, 0
41613,218, 0
41614,183, 0
41615,129, 0
41616,116, 0
41617,95, 0
41618,86, 0
41619,95, 0
41620,120, 0
41621,121, 0
41622,111, 0
41623,122, 0
41624,120, 0
41625,117, 0
41626,110, 0
41627,110, 0
41628,106, 0
41629,102, 0
41630,104, 0
41631,100, 0
41632,93, 0
41633,75, 0
41634,45, 0
41635,30, 0
41636,17, 0
41637,38, 0
41638,43, 0
41639,38, 0
41640,56, 0
41641,34, 0
41642,25, 0
41643,17, 0
41644,7, 0
41645,2, 0
41646,12, 0
41647,39, 0
41648,104, 0
41649,139, 0
41650,156, 0
41651,154, 0
41652,154, 0
41653,151, 0
41654,136, 0
41655,137, 0
41656,140, 0
41657,133, 0
41658,165, 0
41659,190, 0
41660,212, 0
41661,228, 0
41662,233, 0
41663,231, 0
41664,216, 0
41665,183, 0
41666,169, 0
41667,193, 0
41668,189, 0
41669,200, 0
41670,207, 0
41671,213, 0
41672,214, 0
41673,168, 0
41674,152, 0
41675,136, 0
41676,136, 0
41677,149, 0
41678,167, 0
41679,191, 0
41680,205, 0
41681,220, 0
41682,200, 0
41683,210, 0
41684,186, 0
41685,155, 0
41686,150, 0
41687,116, 0
41688,104, 0
41689,95, 0
41690,76, 0
41691,70, 0
41692,68, 0
41693,71, 0
41694,65, 0
41695,68, 0
41696,77, 0
41697,84, 0
41698,90, 0
41699,90, 0
41700,87, 0
41701,85, 0
41702,74, 0
41703,67, 0
41704,57, 0
41705,35, 0
41706,19, 0
41707,19, 0
41708,32, 0
41709,72, 0
41710,92, 0
41711,106, 0
41712,109, 0
41713,139, 0
41714,127, 0
41715,138, 0
41716,138, 0
41717,136, 0
41718,139, 0
41719,156, 0
41720,169, 0
41721,170, 0
41722,163, 0
41723,136, 0
41724,110, 0
41725,96, 0
41726,93, 0
41727,96, 0
41728,116, 0
41729,137, 0
41730,170, 0
41731,207, 0
41732,237, 0
41733,261, 0
41734,251, 0
41735,236, 0
41736,223, 0
41737,224, 0
41738,224, 0
41739,226, 0
41740,223, 0
41741,229, 0
41742,218, 0
41743,205, 0
41744,192, 0
41745,170, 0
41746,157, 0
41747,154, 0
41748,151, 0
41749,164, 0
41750,165, 0
41751,149, 0
41752,133, 0
41753,127, 0
41754,112, 0
41755,92, 0
41756,73, 0
41757,46, 0
41758,39, 0
41759,34, 0
41760,28, 0
41761,23, 0
41762,32, 0
41763,27, 0
41764,19, 0
41765,0, 0
41766,0, 0
41767,0, 0
41768,0, 0
41769,29, 0
41770,69, 0
41771,97, 0
41772,105, 0
41773,121, 0
41774,145, 0
41775,140, 0
41776,126, 0
41777,106, 0
41778,83, 0
41779,63, 0
41780,74, 0
41781,102, 0
41782,159, 0
41783,223, 0
41784,268, 0
41785,290, 0
41786,305, 0
41787,282, 0
41788,257, 0
41789,234, 0
41790,210, 0
41791,186, 0
41792,188, 0
41793,183, 0
41794,186, 0
41795,153, 0
41796,139, 0
41797,129, 0
41798,134, 0
41799,147, 0
41800,179, 0
41801,207, 0
41802,220, 0
41803,208, 0
41804,202, 0
41805,180, 0
41806,154, 0
41807,131, 0
41808,132, 0
41809,126, 0
41810,141, 0
41811,149, 0
41812,144, 0
41813,134, 0
41814,124, 0
41815,112, 0
41816,102, 0
41817,84, 0
41818,69, 0
41819,72, 0
41820,72, 0
41821,63, 0
41822,63, 0
41823,58, 0
41824,54, 0
41825,43, 0
41826,31, 0
41827,15, 0
41828,8, 0
41829,8, 0
41830,26, 0
41831,73, 0
41832,104, 0
41833,95, 0
41834,109, 0
41835,106, 0
41836,117, 0
41837,118, 0
41838,131, 0
41839,115, 0
41840,95, 0
41841,88, 0
41842,83, 0
41843,95, 0
41844,129, 0
41845,157, 0
41846,186, 0
41847,202, 0
41848,208, 0
41849,204, 0
41850,196, 0
41851,191, 0
41852,186, 0
41853,190, 0
41854,189, 0
41855,207, 0
41856,195, 0
41857,176, 0
41858,173, 0
41859,166, 0
41860,156, 0
41861,156, 0
41862,161, 0
41863,158, 0
41864,148, 0
41865,141, 0
41866,110, 0
41867,80, 0
41868,76, 0
41869,83, 0
41870,84, 0
41871,96, 0
41872,123, 0
41873,134, 0
41874,141, 0
41875,143, 0
41876,142, 0
41877,130, 0
41878,131, 0
41879,123, 0
41880,117, 0
41881,110, 0
41882,91, 0
41883,59, 0
41884,44, 0
41885,26, 0
41886,27, 0
41887,25, 0
41888,26, 0
41889,38, 0
41890,52, 0
41891,59, 0
41892,97, 0
41893,100, 0
41894,103, 0
41895,111, 0
41896,108, 0
41897,89, 0
41898,83, 0
41899,73, 0
41900,72, 0
41901,102, 0
41902,128, 0
41903,143, 0
41904,169, 0
41905,189, 0
41906,204, 0
41907,207, 0
41908,234, 0
41909,239, 0
41910,241, 0
41911,226, 0
41912,206, 0
41913,199, 0
41914,190, 0
41915,202, 0
41916,203, 0
41917,184, 0
41918,158, 0
41919,145, 0
41920,143, 0
41921,151, 0
41922,152, 0
41923,176, 0
41924,183, 0
41925,182, 0
41926,196, 0
41927,176, 0
41928,165, 0
41929,161, 0
41930,154, 0
41931,148, 0
41932,127, 0
41933,126, 0
41934,108, 0
41935,105, 0
41936,108, 0
41937,102, 0
41938,76, 0
41939,67, 0
41940,50, 0
41941,52, 0
41942,57, 0
41943,45, 0
41944,38, 0
41945,39, 0
41946,25, 0
41947,20, 0
41948,6, 0
41949,6, 0
41950,20, 0
41951,46, 0
41952,74, 0
41953,113, 0
41954,142, 0
41955,117, 0
41956,124, 0
41957,148, 0
41958,128, 0
41959,135, 0
41960,125, 0
41961,134, 0
41962,134, 0
41963,143, 0
41964,144, 0
41965,151, 0
41966,158, 0
41967,158, 0
41968,160, 0
41969,172, 0
41970,173, 0
41971,186, 0
41972,193, 0
41973,193, 0
41974,197, 0
41975,201, 0
41976,205, 0
41977,192, 0
41978,164, 0
41979,137, 0
41980,133, 0
41981,141, 0
41982,147, 0
41983,164, 0
41984,176, 0
41985,183, 0
41986,197, 0
41987,186, 0
41988,167, 0
41989,158, 0
41990,145, 0
41991,142, 0
41992,129, 0
41993,127, 0
41994,117, 0
41995,106, 0
41996,95, 0
41997,107, 0
41998,107, 0
41999,93, 0
42000,81, 0
42001,74, 0
42002,76, 0
42003,76, 0
42004,70, 0
42005,68, 0
42006,62, 0
42007,50, 0
42008,39, 0
42009,26, 0
42010,10, 0
42011,6, 0
42012,19, 0
42013,52, 0
42014,85, 0
42015,99, 0
42016,86, 0
42017,104, 0
42018,113, 0
42019,122, 0
42020,148, 0
42021,128, 0
42022,139, 0
42023,149, 0
42024,155, 0
42025,164, 0
42026,168, 0
42027,179, 0
42028,170, 0
42029,169, 0
42030,180, 0
42031,177, 0
42032,185, 0
42033,190, 0
42034,210, 0
42035,205, 0
42036,211, 0
42037,214, 0
42038,207, 0
42039,179, 0
42040,153, 0
42041,144, 0
42042,150, 0
42043,149, 0
42044,169, 0
42045,184, 0
42046,189, 0
42047,183, 0
42048,195, 0
42049,165, 0
42050,156, 0
42051,142, 0
42052,138, 0
42053,132, 0
42054,128, 0
42055,122, 0
42056,102, 0
42057,101, 0
42058,102, 0
42059,91, 0
42060,93, 0
42061,86, 0
42062,70, 0
42063,64, 0
42064,73, 0
42065,76, 0
42066,61, 0
42067,58, 0
42068,42, 0
42069,45, 0
42070,32, 0
42071,19, 0
42072,19, 0
42073,35, 0
42074,55, 0
42075,95, 0
42076,99, 0
42077,93, 0
42078,113, 0
42079,119, 0
42080,133, 0
42081,148, 0
42082,157, 0
42083,155, 0
42084,154, 0
42085,166, 0
42086,177, 0
42087,189, 0
42088,196, 0
42089,189, 0
42090,187, 0
42091,183, 0
42092,190, 0
42093,196, 0
42094,202, 0
42095,202, 0
42096,202, 0
42097,213, 0
42098,203, 0
42099,196, 0
42100,173, 0
42101,144, 0
42102,139, 0
42103,141, 0
42104,156, 0
42105,177, 0
42106,190, 0
42107,195, 0
42108,191, 0
42109,185, 0
42110,173, 0
42111,157, 0
42112,142, 0
42113,135, 0
42114,127, 0
42115,122, 0
42116,120, 0
42117,109, 0
42118,108, 0
42119,102, 0
42120,95, 0
42121,86, 0
42122,70, 0
42123,69, 0
42124,69, 0
42125,75, 0
42126,70, 0
42127,58, 0
42128,63, 0
42129,51, 0
42130,42, 0
42131,25, 0
42132,8, 0
42133,9, 0
42134,19, 0
42135,58, 0
42136,83, 0
42137,97, 0
42138,100, 0
42139,105, 0
42140,127, 0
42141,127, 0
42142,135, 0
42143,122, 0
42144,134, 0
42145,134, 0
42146,148, 0
42147,152, 0
42148,161, 0
42149,176, 0
42150,170, 0
42151,187, 0
42152,193, 0
42153,202, 0
42154,212, 0
42155,219, 0
42156,217, 0
42157,220, 0
42158,223, 0
42159,223, 0
42160,208, 0
42161,182, 0
42162,154, 0
42163,145, 0
42164,153, 0
42165,155, 0
42166,172, 0
42167,192, 0
42168,201, 0
42169,201, 0
42170,198, 0
42171,189, 0
42172,174, 0
42173,170, 0
42174,156, 0
42175,133, 0
42176,123, 0
42177,115, 0
42178,96, 0
42179,84, 0
42180,85, 0
42181,77, 0
42182,79, 0
42183,73, 0
42184,58, 0
42185,58, 0
42186,71, 0
42187,70, 0
42188,64, 0
42189,59, 0
42190,46, 0
42191,30, 0
42192,12, 0
42193,1, 0
42194,0, 0
42195,9, 0
42196,51, 0
42197,68, 0
42198,86, 0
42199,87, 0
42200,93, 0
42201,118, 0
42202,102, 0
42203,106, 0
42204,112, 0
42205,109, 0
42206,118, 0
42207,132, 0
42208,149, 0
42209,173, 0
42210,195, 0
42211,195, 0
42212,205, 0
42213,220, 0
42214,222, 0
42215,229, 0
42216,234, 0
42217,235, 0
42218,238, 0
42219,240, 0
42220,238, 0
42221,224, 0
42222,202, 0
42223,176, 0
42224,183, 0
42225,183, 0
42226,184, 0
42227,196, 0
42228,202, 0
42229,189, 0
42230,183, 0
42231,185, 0
42232,174, 0
42233,165, 0
42234,151, 0
42235,151, 0
42236,140, 0
42237,133, 0
42238,124, 0
42239,102, 0
42240,91, 0
42241,94, 0
42242,89, 0
42243,61, 0
42244,55, 0
42245,43, 0
42246,41, 0
42247,38, 0
42248,28, 0
42249,24, 0
42250,21, 0
42251,18, 0
42252,6, 0
42253,0, 0
42254,0, 0
42255,11, 0
42256,25, 0
42257,55, 0
42258,77, 0
42259,92, 0
42260,89, 0
42261,91, 0
42262,106, 0
42263,97, 0
42264,108, 0
42265,115, 0
42266,128, 0
42267,140, 0
42268,156, 0
42269,173, 0
42270,196, 0
42271,196, 0
42272,201, 0
42273,202, 0
42274,207, 0
42275,206, 0
42276,206, 0
42277,221, 0
42278,226, 0
42279,226, 0
42280,232, 0
42281,260, 0
42282,232, 0
42283,196, 0
42284,182, 0
42285,183, 0
42286,183, 0
42287,190, 0
42288,204, 0
42289,211, 0
42290,214, 0
42291,203, 0
42292,206, 0
42293,189, 0
42294,166, 0
42295,152, 0
42296,136, 0
42297,131, 0
42298,120, 0
42299,108, 0
42300,99, 0
42301,88, 0
42302,85, 0
42303,74, 0
42304,57, 0
42305,43, 0
42306,28, 0
42307,35, 0
42308,35, 0
42309,24, 0
42310,19, 0
42311,14, 0
42312,2, 0
42313,0, 0
42314,0, 0
42315,0, 0
42316,0, 0
42317,1, 0
42318,31, 0
42319,67, 0
42320,79, 0
42321,79, 0
42322,88, 0
42323,101, 0
42324,108, 0
42325,141, 0
42326,128, 0
42327,136, 0
42328,152, 0
42329,175, 0
42330,174, 0
42331,179, 0
42332,196, 0
42333,201, 0
42334,205, 0
42335,215, 0
42336,219, 0
42337,230, 0
42338,236, 0
42339,236, 0
42340,256, 0
42341,257, 0
42342,264, 0
42343,232, 0
42344,220, 0
42345,211, 0
42346,192, 0
42347,189, 0
42348,196, 0
42349,206, 0
42350,211, 0
42351,219, 0
42352,207, 0
42353,202, 0
42354,186, 0
42355,176, 0
42356,154, 0
42357,145, 0
42358,142, 0
42359,130, 0
42360,117, 0
42361,102, 0
42362,88, 0
42363,90, 0
42364,80, 0
42365,58, 0
42366,47, 0
42367,28, 0
42368,28, 0
42369,26, 0
42370,19, 0
42371,21, 0
42372,12, 0
42373,17, 0
42374,1, 0
42375,0, 0
42376,0, 0
42377,0, 0
42378,0, 0
42379,34, 0
42380,62, 0
42381,72, 0
42382,77, 0
42383,93, 0
42384,103, 0
42385,115, 0
42386,145, 0
42387,132, 0
42388,138, 0
42389,148, 0
42390,158, 0
42391,172, 0
42392,183, 0
42393,186, 0
42394,196, 0
42395,200, 0
42396,206, 0
42397,212, 0
42398,218, 0
42399,214, 0
42400,224, 0
42401,232, 0
42402,238, 0
42403,244, 0
42404,232, 0
42405,216, 0
42406,187, 0
42407,187, 0
42408,189, 0
42409,199, 0
42410,217, 0
42411,220, 0
42412,223, 0
42413,218, 0
42414,210, 0
42415,192, 0
42416,176, 0
42417,174, 0
42418,164, 0
42419,142, 0
42420,133, 0
42421,121, 0
42422,102, 0
42423,95, 0
42424,88, 0
42425,80, 0
42426,63, 0
42427,51, 0
42428,45, 0
42429,45, 0
42430,38, 0
42431,31, 0
42432,28, 0
42433,20, 0
42434,13, 0
42435,0, 0
42436,0, 0
42437,0, 0
42438,0, 0
42439,1, 0
42440,24, 0
42441,52, 0
42442,67, 0
42443,74, 0
42444,76, 0
42445,95, 0
42446,103, 0
42447,116, 0
42448,126, 0
42449,131, 0
42450,148, 0
42451,155, 0
42452,180, 0
42453,183, 0
42454,184, 0
42455,192, 0
42456,201, 0
42457,207, 0
42458,211, 0
42459,218, 0
42460,215, 0
42461,222, 0
42462,221, 0
42463,228, 0
42464,238, 0
42465,213, 0
42466,189, 0
42467,176, 0
42468,183, 0
42469,177, 0
42470,188, 0
42471,207, 0
42472,208, 0
42473,219, 0
42474,213, 0
42475,201, 0
42476,185, 0
42477,171, 0
42478,169, 0
42479,147, 0
42480,140, 0
42481,124, 0
42482,115, 0
42483,100, 0
42484,91, 0
42485,87, 0
42486,89, 0
42487,53, 0
42488,51, 0
42489,44, 0
42490,48, 0
42491,50, 0
42492,37, 0
42493,35, 0
42494,24, 0
42495,17, 0
42496,2, 0
42497,0, 0
42498,0, 0
42499,0, 0
42500,2, 0
42501,32, 0
42502,60, 0
42503,72, 0
42504,80, 0
42505,92, 0
42506,95, 0
42507,112, 0
42508,122, 0
42509,123, 0
42510,137, 0
42511,149, 0
42512,159, 0
42513,176, 0
42514,170, 0
42515,188, 0
42516,174, 0
42517,203, 0
42518,208, 0
42519,211, 0
42520,218, 0
42521,220, 0
42522,223, 0
42523,226, 0
42524,232, 0
42525,236, 0
42526,214, 0
42527,191, 0
42528,168, 0
42529,179, 0
42530,179, 0
42531,187, 0
42532,200, 0
42533,214, 0
42534,207, 0
42535,212, 0
42536,200, 0
42537,186, 0
42538,167, 0
42539,145, 0
42540,152, 0
42541,143, 0
42542,138, 0
42543,126, 0
42544,107, 0
42545,108, 0
42546,105, 0
42547,95, 0
42548,71, 0
42549,63, 0
42550,63, 0
42551,57, 0
42552,59, 0
42553,52, 0
42554,48, 0
42555,35, 0
42556,25, 0
42557,6, 0
42558,0, 0
42559,14, 0
42560,0, 0
42561,26, 0
42562,54, 0
42563,76, 0
42564,86, 0
42565,89, 0
42566,89, 0
42567,101, 0
42568,104, 0
42569,108, 0
42570,113, 0
42571,120, 0
42572,133, 0
42573,141, 0
42574,164, 0
42575,176, 0
42576,161, 0
42577,177, 0
42578,182, 0
42579,193, 0
42580,200, 0
42581,183, 0
42582,202, 0
42583,207, 0
42584,205, 0
42585,207, 0
42586,214, 0
42587,199, 0
42588,160, 0
42589,150, 0
42590,166, 0
42591,164, 0
42592,183, 0
42593,195, 0
42594,203, 0
42595,202, 0
42596,199, 0
42597,195, 0
42598,185, 0
42599,166, 0
42600,144, 0
42601,158, 0
42602,150, 0
42603,147, 0
42604,135, 0
42605,126, 0
42606,122, 0
42607,119, 0
42608,115, 0
42609,88, 0
42610,81, 0
42611,81, 0
42612,81, 0
42613,77, 0
42614,73, 0
42615,61, 0
42616,55, 0
42617,40, 0
42618,21, 0
42619,6, 0
42620,1, 0
42621,11, 0
42622,36, 0
42623,64, 0
42624,83, 0
42625,87, 0
42626,95, 0
42627,102, 0
42628,108, 0
42629,120, 0
42630,111, 0
42631,116, 0
42632,119, 0
42633,129, 0
42634,138, 0
42635,150, 0
42636,139, 0
42637,155, 0
42638,164, 0
42639,171, 0
42640,166, 0
42641,176, 0
42642,174, 0
42643,183, 0
42644,183, 0
42645,183, 0
42646,187, 0
42647,199, 0
42648,169, 0
42649,149, 0
42650,133, 0
42651,139, 0
42652,150, 0
42653,156, 0
42654,177, 0
42655,188, 0
42656,187, 0
42657,190, 0
42658,180, 0
42659,170, 0
42660,159, 0
42661,152, 0
42662,151, 0
42663,139, 0
42664,138, 0
42665,136, 0
42666,127, 0
42667,127, 0
42668,130, 0
42669,133, 0
42670,112, 0
42671,109, 0
42672,109, 0
42673,107, 0
42674,108, 0
42675,103, 0
42676,100, 0
42677,95, 0
42678,87, 0
42679,53, 0
42680,40, 0
42681,31, 0
42682,44, 0
42683,54, 0
42684,94, 0
42685,106, 0
42686,115, 0
42687,115, 0
42688,102, 0
42689,121, 0
42690,121, 0
42691,118, 0
42692,118, 0
42693,120, 0
42694,125, 0
42695,127, 0
42696,134, 0
42697,136, 0
42698,135, 0
42699,145, 0
42700,152, 0
42701,147, 0
42702,152, 0
42703,157, 0
42704,145, 0
42705,159, 0
42706,157, 0
42707,170, 0
42708,171, 0
42709,139, 0
42710,127, 0
42711,115, 0
42712,117, 0
42713,121, 0
42714,144, 0
42715,166, 0
42716,172, 0
42717,183, 0
42718,183, 0
42719,177, 0
42720,175, 0
42721,152, 0
42722,153, 0
42723,164, 0
42724,157, 0
42725,154, 0
42726,152, 0
42727,151, 0
42728,145, 0
42729,149, 0
42730,133, 0
42731,119, 0
42732,117, 0
42733,111, 0
42734,118, 0
42735,108, 0
42736,115, 0
42737,109, 0
42738,104, 0
42739,96, 0
42740,74, 0
42741,62, 0
42742,54, 0
42743,44, 0
42744,71, 0
42745,112, 0
42746,127, 0
42747,139, 0
42748,128, 0
42749,121, 0
42750,121, 0
42751,126, 0
42752,121, 0
42753,121, 0
42754,126, 0
42755,128, 0
42756,131, 0
42757,128, 0
42758,141, 0
42759,139, 0
42760,130, 0
42761,128, 0
42762,147, 0
42763,156, 0
42764,145, 0
42765,154, 0
42766,164, 0
42767,164, 0
42768,181, 0
42769,171, 0
42770,147, 0
42771,121, 0
42772,115, 0
42773,121, 0
42774,144, 0
42775,159, 0
42776,176, 0
42777,189, 0
42778,191, 0
42779,195, 0
42780,196, 0
42781,169, 0
42782,152, 0
42783,159, 0
42784,157, 0
42785,137, 0
42786,149, 0
42787,147, 0
42788,141, 0
42789,137, 0
42790,145, 0
42791,148, 0
42792,121, 0
42793,123, 0
42794,121, 0
42795,120, 0
42796,127, 0
42797,112, 0
42798,108, 0
42799,96, 0
42800,86, 0
42801,58, 0
42802,47, 0
42803,38, 0
42804,36, 0
42805,70, 0
42806,112, 0
42807,123, 0
42808,139, 0
42809,143, 0
42810,147, 0
42811,145, 0
42812,141, 0
42813,135, 0
42814,124, 0
42815,113, 0
42816,110, 0
42817,109, 0
42818,109, 0
42819,97, 0
42820,89, 0
42821,90, 0
42822,117, 0
42823,108, 0
42824,135, 0
42825,141, 0
42826,132, 0
42827,139, 0
42828,136, 0
42829,151, 0
42830,152, 0
42831,137, 0
42832,143, 0
42833,158, 0
42834,199, 0
42835,217, 0
42836,240, 0
42837,263, 0
42838,268, 0
42839,252, 0
42840,223, 0
42841,189, 0
42842,180, 0
42843,140, 0
42844,140, 0
42845,130, 0
42846,100, 0
42847,89, 0
42848,95, 0
42849,91, 0
42850,92, 0
42851,96, 0
42852,101, 0
42853,72, 0
42854,78, 0
42855,80, 0
42856,87, 0
42857,91, 0
42858,85, 0
42859,75, 0
42860,75, 0
42861,58, 0
42862,34, 0
42863,15, 0
42864,3, 0
42865,9, 0
42866,15, 0
42867,51, 0
42868,72, 0
42869,97, 0
42870,108, 0
42871,125, 0
42872,145, 0
42873,155, 0
42874,153, 0
42875,145, 0
42876,138, 0
42877,140, 0
42878,144, 0
42879,139, 0
42880,152, 0
42881,156, 0
42882,171, 0
42883,197, 0
42884,183, 0
42885,211, 0
42886,200, 0
42887,216, 0
42888,237, 0
42889,238, 0
42890,221, 0
42891,207, 0
42892,166, 0
42893,123, 0
42894,130, 0
42895,127, 0
42896,133, 0
42897,142, 0
42898,147, 0
42899,152, 0
42900,159, 0
42901,158, 0
42902,155, 0
42903,152, 0
42904,139, 0
42905,139, 0
42906,138, 0
42907,127, 0
42908,123, 0
42909,116, 0
42910,106, 0
42911,118, 0
42912,131, 0
42913,130, 0
42914,138, 0
42915,138, 0
42916,141, 0
42917,130, 0
42918,120, 0
42919,110, 0
42920,125, 0
42921,153, 0
42922,120, 0
42923,78, 0
42924,36, 0
42925,2, 0
42926,0, 0
42927,7, 0
42928,53, 0
42929,99, 0
42930,109, 0
42931,126, 0
42932,136, 0
42933,123, 0
42934,109, 0
42935,100, 0
42936,96, 0
42937,103, 0
42938,103, 0
42939,101, 0
42940,106, 0
42941,97, 0
42942,104, 0
42943,138, 0
42944,147, 0
42945,168, 0
42946,168, 0
42947,158, 0
42948,156, 0
42949,152, 0
42950,155, 0
42951,159, 0
42952,158, 0
42953,118, 0
42954,100, 0
42955,81, 0
42956,75, 0
42957,92, 0
42958,113, 0
42959,143, 0
42960,175, 0
42961,207, 0
42962,220, 0
42963,239, 0
42964,249, 0
42965,270, 0
42966,255, 0
42967,240, 0
42968,206, 0
42969,196, 0
42970,171, 0
42971,152, 0
42972,143, 0
42973,119, 0
42974,89, 0
42975,57, 0
42976,51, 0
42977,47, 0
42978,44, 0
42979,36, 0
42980,19, 0
42981,13, 0
42982,14, 0
42983,12, 0
42984,7, 0
42985,14, 0
42986,44, 0
42987,89, 0
42988,136, 0
42989,187, 0
42990,202, 0
42991,201, 0
42992,191, 0
42993,183, 0
42994,174, 0
42995,170, 0
42996,152, 0
42997,133, 0
42998,125, 0
42999,119, 0
43000,130, 0
43001,135, 0
43002,135, 0
43003,128, 0
43004,149, 0
43005,129, 0
43006,150, 0
43007,143, 0
43008,150, 0
43009,153, 0
43010,153, 0
43011,152, 0
43012,147, 0
43013,142, 0
43014,109, 0
43015,100, 0
43016,112, 0
43017,125, 0
43018,152, 0
43019,181, 0
43020,202, 0
43021,221, 0
43022,257, 0
43023,281, 0
43024,281, 0
43025,280, 0
43026,242, 0
43027,199, 0
43028,152, 0
43029,109, 0
43030,89, 0
43031,63, 0
43032,34, 0
43033,25, 0
43034,19, 0
43035,25, 0
43036,45, 0
43037,91, 0
43038,122, 0
43039,155, 0
43040,163, 0
43041,160, 0
43042,167, 0
43043,158, 0
43044,142, 0
43045,121, 0
43046,108, 0
43047,99, 0
43048,94, 0
43049,127, 0
43050,127, 0
43051,111, 0
43052,92, 0
43053,86, 0
43054,83, 0
43055,92, 0
43056,93, 0
43057,84, 0
43058,76, 0
43059,74, 0
43060,72, 0
43061,77, 0
43062,86, 0
43063,88, 0
43064,99, 0
43065,111, 0
43066,113, 0
43067,133, 0
43068,135, 0
43069,129, 0
43070,131, 0
43071,131, 0
43072,141, 0
43073,160, 0
43074,166, 0
43075,140, 0
43076,121, 0
43077,121, 0
43078,129, 0
43079,155, 0
43080,177, 0
43081,197, 0
43082,205, 0
43083,215, 0
43084,199, 0
43085,186, 0
43086,176, 0
43087,164, 0
43088,141, 0
43089,117, 0
43090,88, 0
43091,76, 0
43092,77, 0
43093,73, 0
43094,88, 0
43095,91, 0
43096,106, 0
43097,129, 0
43098,159, 0
43099,165, 0
43100,147, 0
43101,148, 0
43102,127, 0
43103,113, 0
43104,99, 0
43105,76, 0
43106,40, 0
43107,29, 0
43108,14, 0
43109,9, 0
43110,42, 0
43111,57, 0
43112,64, 0
43113,85, 0
43114,95, 0
43115,111, 0
43116,122, 0
43117,129, 0
43118,127, 0
43119,129, 0
43120,125, 0
43121,133, 0
43122,133, 0
43123,133, 0
43124,134, 0
43125,138, 0
43126,148, 0
43127,150, 0
43128,158, 0
43129,163, 0
43130,164, 0
43131,159, 0
43132,157, 0
43133,155, 0
43134,164, 0
43135,139, 0
43136,108, 0
43137,92, 0
43138,108, 0
43139,131, 0
43140,139, 0
43141,154, 0
43142,170, 0
43143,191, 0
43144,204, 0
43145,195, 0
43146,189, 0
43147,171, 0
43148,150, 0
43149,150, 0
43150,163, 0
43151,167, 0
43152,182, 0
43153,180, 0
43154,169, 0
43155,169, 0
43156,157, 0
43157,133, 0
43158,113, 0
43159,112, 0
43160,132, 0
43161,152, 0
43162,167, 0
43163,182, 0
43164,198, 0
43165,217, 0
43166,222, 0
43167,202, 0
43168,168, 0
43169,128, 0
43170,78, 0
43171,50, 0
43172,31, 0
43173,19, 0
43174,18, 0
43175,18, 0
43176,39, 0
43177,68, 0
43178,104, 0
43179,143, 0
43180,171, 0
43181,183, 0
43182,179, 0
43183,168, 0
43184,151, 0
43185,120, 0
43186,91, 0
43187,51, 0
43188,9, 0
43189,9, 0
43190,56, 0
43191,116, 0
43192,174, 0
43193,211, 0
43194,222, 0
43195,239, 0
43196,210, 0
43197,158, 0
43198,117, 0
43199,76, 0
43200,44, 0
43201,26, 0
43202,20, 0
43203,39, 0
43204,92, 0
43205,158, 0
43206,218, 0
43207,242, 0
43208,232, 0
43209,207, 0
43210,182, 0
43211,182, 0
43212,184, 0
43213,203, 0
43214,226, 0
43215,242, 0
43216,266, 0
43217,248, 0
43218,227, 0
43219,222, 0
43220,222, 0
43221,205, 0
43222,211, 0
43223,171, 0
43224,127, 0
43225,86, 0
43226,31, 0
43227,1, 0
43228,3, 0
43229,27, 0
43230,35, 0
43231,39, 0
43232,6, 0
43233,1, 0
43234,27, 0
43235,53, 0
43236,80, 0
43237,100, 0
43238,108, 0
43239,109, 0
43240,122, 0
43241,129, 0
43242,137, 0
43243,145, 0
43244,155, 0
43245,158, 0
43246,145, 0
43247,121, 0
43248,134, 0
43249,140, 0
43250,182, 0
43251,214, 0
43252,248, 0
43253,255, 0
43254,248, 0
43255,219, 0
43256,197, 0
43257,152, 0
43258,115, 0
43259,106, 0
43260,103, 0
43261,102, 0
43262,117, 0
43263,127, 0
43264,127, 0
43265,128, 0
43266,119, 0
43267,119, 0
43268,103, 0
43269,135, 0
43270,145, 0
43271,176, 0
43272,206, 0
43273,234, 0
43274,256, 0
43275,246, 0
43276,226, 0
43277,192, 0
43278,148, 0
43279,111, 0
43280,77, 0
43281,92, 0
43282,121, 0
43283,166, 0
43284,189, 0
43285,176, 0
43286,150, 0
43287,102, 0
43288,45, 0
43289,10, 0
43290,12, 0
43291,35, 0
43292,68, 0
43293,105, 0
43294,118, 0
43295,120, 0
43296,102, 0
43297,83, 0
43298,67, 0
43299,65, 0
43300,71, 0
43301,79, 0
43302,86, 0
43303,93, 0
43304,95, 0
43305,133, 0
43306,153, 0
43307,157, 0
43308,147, 0
43309,128, 0
43310,113, 0
43311,115, 0
43312,99, 0
43313,89, 0
43314,75, 0
43315,76, 0
43316,101, 0
43317,139, 0
43318,141, 0
43319,121, 0
43320,88, 0
43321,65, 0
43322,53, 0
43323,69, 0
43324,110, 0
43325,155, 0
43326,214, 0
43327,256, 0
43328,276, 0
43329,281, 0
43330,276, 0
43331,264, 0
43332,249, 0
43333,224, 0
43334,188, 0
43335,158, 0
43336,129, 0
43337,123, 0
43338,150, 0
43339,152, 0
43340,166, 0
43341,158, 0
43342,141, 0
43343,113, 0
43344,93, 0
43345,84, 0
43346,75, 0
43347,62, 0
43348,28, 0
43349,3, 0
43350,1, 0
43351,18, 0
43352,10, 0
43353,0, 0
43354,20, 0
43355,59, 0
43356,64, 0
43357,75, 0
43358,71, 0
43359,86, 0
43360,126, 0
43361,167, 0
43362,214, 0
43363,239, 0
43364,242, 0
43365,180, 0
43366,136, 0
43367,104, 0
43368,73, 0
43369,68, 0
43370,81, 0
43371,70, 0
43372,65, 0
43373,45, 0
43374,54, 0
43375,89, 0
43376,127, 0
43377,189, 0
43378,244, 0
43379,274, 0
43380,275, 0
43381,302, 0
43382,321, 0
43383,328, 0
43384,356, 4
43385,357, 9
43386,333, 10
43387,277, 2
43388,235, 0
43389,183, 0
43390,140, 0
43391,101, 0
43392,83, 0
43393,63, 0
43394,42, 0
43395,19, 0
43396,0, 0
43397,0, 0
43398,0, 0
43399,0, 0
43400,0, 0
43401,0, 0
43402,0, 0
43403,20, 0
43404,27, 0
43405,29, 0
43406,29, 0
43407,1, 0
43408,38, 0
43409,100, 0
43410,105, 0
43411,79, 0
43412,24, 0
43413,0, 0
43414,0, 0
43415,21, 0
43416,70, 0
43417,105, 0
43418,123, 0
43419,129, 0
43420,137, 0
43421,170, 0
43422,216, 0
43423,257, 0
43424,287, 0
43425,300, 0
43426,283, 0
43427,271, 0
43428,274, 0
43429,278, 0
43430,283, 0
43431,289, 0
43432,302, 0
43433,337, 0
43434,387, 8
43435,404, 21
43436,382, 21
43437,338, 15
43438,291, 4
43439,244, 0
43440,181, 0
43441,103, 0
43442,59, 0
43443,54, 0
43444,27, 0
43445,28, 0
43446,4, 0
43447,1, 0
43448,27, 0
43449,91, 0
43450,159, 0
43451,220, 0
43452,248, 0
43453,251, 0
43454,222, 0
43455,179, 0
43456,141, 0
43457,121, 0
43458,121, 0
43459,115, 0
43460,91, 0
43461,59, 0
43462,38, 0
43463,37, 0
43464,50, 0
43465,60, 0
43466,63, 0
43467,48, 0
43468,26, 0
43469,19, 0
43470,64, 0
43471,116, 0
43472,126, 0
43473,124, 0
43474,107, 0
43475,102, 0
43476,129, 0
43477,135, 0
43478,120, 0
43479,72, 0
43480,13, 0
43481,0, 0
43482,0, 0
43483,4, 0
43484,36, 0
43485,94, 0
43486,164, 0
43487,220, 0
43488,265, 0
43489,294, 0
43490,297, 0
43491,276, 0
43492,251, 0
43493,197, 0
43494,186, 0
43495,195, 0
43496,255, 0
43497,355, 0
43498,403, 12
43499,413, 26
43500,357, 23
43501,244, 6
43502,127, 0
43503,42, 0
43504,21, 0
43505,25, 0
43506,70, 0
43507,89, 0
43508,78, 0
43509,59, 0
43510,38, 0
43511,35, 0
43512,39, 0
43513,29, 0
43514,5, 0
43515,4, 0
43516,41, 0
43517,89, 0
43518,121, 0
43519,138, 0
43520,185, 0
43521,236, 0
43522,298, 0
43523,344, 0
43524,398, 15
43525,409, 28
43526,421, 37
43527,434, 42
43528,417, 38
43529,398, 38
43530,313, 22
43531,182, 1
43532,30, 0
43533,64, 0
43534,145, 0
43535,121, 0
43536,29, 0
43537,60, 0
43538,148, 0
43539,176, 0
43540,170, 0
43541,167, 0
43542,163, 0
43543,140, 0
43544,113, 0
43545,94, 0
43546,89, 0
43547,61, 0
43548,30, 0
43549,0, 0
43550,5, 0
43551,56, 0
43552,94, 0
43553,99, 0
43554,43, 0
43555,5, 0
43556,76, 0
43557,161, 0
43558,246, 0
43559,325, 0
43560,390, 6
43561,447, 26
43562,431, 38
43563,423, 40
43564,382, 34
43565,355, 20
43566,354, 14
43567,385, 22
43568,371, 23
43569,318, 12
43570,246, 1
43571,183, 0
43572,113, 0
43573,63, 0
43574,12, 0
43575,1, 0
43576,27, 0
43577,52, 0
43578,40, 0
43579,14, 0
43580,0, 0
43581,53, 0
43582,156, 0
43583,241, 0
43584,293, 0
43585,314, 0
43586,297, 0
43587,251, 0
43588,165, 0
43589,102, 0
43590,39, 0
43591,22, 0
43592,2, 0
43593,0, 0
43594,21, 0
43595,96, 0
43596,128, 0
43597,89, 0
43598,8, 0
43599,70, 0
43600,111, 0
43601,134, 0
43602,123, 0
43603,102, 0
43604,108, 0
43605,132, 0
43606,159, 0
43607,166, 0
43608,133, 0
43609,83, 0
43610,28, 0
43611,1, 0
43612,2, 0
43613,11, 0
43614,91, 0
43615,174, 0
43616,253, 0
43617,301, 0
43618,323, 0
43619,323, 2
43620,331, 2
43621,362, 5
43622,361, 11
43623,324, 8
43624,310, 0
43625,309, 0
43626,333, 0
43627,312, 1
43628,302, 1
43629,272, 0
43630,233, 0
43631,196, 0
43632,163, 0
43633,145, 0
43634,143, 0
43635,130, 0
43636,121, 0
43637,70, 0
43638,31, 0
43639,10, 0
43640,7, 0
43641,72, 0
43642,117, 0
43643,111, 0
43644,63, 0
43645,6, 0
43646,23, 0
43647,60, 0
43648,77, 0
43649,89, 0
43650,113, 0
43651,163, 0
43652,176, 0
43653,131, 0
43654,30, 0
43655,23, 0
43656,42, 0
43657,6, 0
43658,40, 0
43659,138, 0
43660,204, 0
43661,268, 0
43662,310, 0
43663,339, 0
43664,344, 2
43665,334, 2
43666,318, 1
43667,304, 0
43668,287, 0
43669,294, 0
43670,277, 0
43671,256, 0
43672,249, 0
43673,265, 0
43674,286, 0
43675,301, 0
43676,276, 0
43677,245, 0
43678,219, 0
43679,208, 0
43680,215, 0
43681,221, 0
43682,238, 0
43683,247, 0
43684,253, 0
43685,261, 0
43686,287, 0
43687,287, 0
43688,295, 0
43689,279, 0
43690,251, 0
43691,222, 0
43692,198, 0
43693,126, 0
43694,64, 0
43695,12, 0
43696,0, 0
43697,17, 0
43698,63, 0
43699,110, 0
43700,150, 0
43701,152, 0
43702,123, 0
43703,93, 0
43704,53, 0
43705,9, 0
43706,12, 0
43707,54, 0
43708,64, 0
43709,53, 0
43710,38, 0
43711,24, 0
43712,6, 0
43713,0, 0
43714,2, 0
43715,38, 0
43716,109, 0
43717,153, 0
43718,179, 0
43719,132, 0
43720,37, 0
43721,11, 0
43722,87, 0
43723,150, 0
43724,189, 0
43725,189, 0
43726,167, 0
43727,153, 0
43728,133, 0
43729,99, 0
43730,90, 0
43731,73, 0
43732,68, 0
43733,74, 0
43734,83, 0
43735,91, 0
43736,93, 0
43737,83, 0
43738,80, 0
43739,51, 0
43740,27, 0
43741,25, 0
43742,70, 0
43743,141, 0
43744,216, 0
43745,211, 0
43746,204, 0
43747,232, 0
43748,280, 0
43749,318, 0
43750,342, 1
43751,344, 4
43752,395, 19
43753,391, 22
43754,348, 21
43755,298, 7
43756,266, 0
43757,259, 0
43758,278, 0
43759,312, 0
43760,312, 0
43761,307, 0
43762,269, 0
43763,214, 0
43764,189, 0
43765,165, 0
43766,145, 0
43767,105, 0
43768,86, 0
43769,92, 0
43770,76, 0
43771,47, 0
43772,23, 0
43773,0, 0
43774,0, 0
43775,10, 0
43776,51, 0
43777,84, 0
43778,96, 0
43779,99, 0
43780,59, 0
43781,3, 0
43782,7, 0
43783,52, 0
43784,88, 0
43785,119, 0
43786,131, 0
43787,127, 0
43788,127, 0
43789,123, 0
43790,131, 0
43791,158, 0
43792,208, 0
43793,238, 0
43794,246, 0
43795,258, 0
43796,263, 0
43797,302, 0
43798,307, 0
43799,385, 6
43800,428, 22
43801,444, 38
43802,421, 38
43803,373, 31
43804,325, 18
43805,257, 2
43806,145, 0
43807,68, 0
43808,44, 0
43809,56, 0
43810,77, 0
43811,99, 0
43812,115, 0
43813,115, 0
43814,92, 0
43815,53, 0
43816,23, 0
43817,26, 0
43818,53, 0
43819,87, 0
43820,88, 0
43821,43, 0
43822,6, 0
43823,0, 0
43824,1, 0
43825,15, 0
43826,64, 0
43827,147, 0
43828,182, 0
43829,147, 0
43830,76, 0
43831,24, 0
43832,2, 0
43833,51, 0
43834,110, 0
43835,140, 0
43836,149, 0
43837,135, 0
43838,113, 0
43839,86, 0
43840,81, 0
43841,80, 0
43842,83, 0
43843,76, 0
43844,52, 0
43845,71, 0
43846,102, 0
43847,124, 0
43848,121, 0
43849,80, 0
43850,38, 0
43851,38, 0
43852,55, 0
43853,76, 0
43854,90, 0
43855,73, 0
43856,42, 0
43857,0, 0
43858,27, 0
43859,68, 0
43860,108, 0
43861,101, 0
43862,39, 0
43863,0, 0
43864,26, 0
43865,60, 0
43866,75, 0
43867,94, 0
43868,144, 0
43869,180, 0
43870,189, 0
43871,211, 0
43872,213, 0
43873,198, 0
43874,166, 0
43875,137, 0
43876,137, 0
43877,150, 0
43878,144, 0
43879,138, 0
43880,117, 0
43881,94, 0
43882,81, 0
43883,144, 0
43884,229, 0
43885,331, 0
43886,365, 5
43887,319, 6
43888,244, 0
43889,196, 0
43890,224, 0
43891,256, 0
43892,278, 0
43893,287, 0
43894,291, 0
43895,324, 0
43896,326, 1
43897,300, 2
43898,283, 0
43899,294, 0
43900,346, 1
43901,396, 12
43902,472, 32
43903,516, 60
43904,505, 73
43905,441, 67
43906,415, 50
43907,417, 40
43908,446, 41
43909,481, 50
43910,519, 65
43911,556, 84
43912,585, 99
43913,607, 117
43914,612, 127
43915,575, 123
43916,516, 106
43917,447, 81
43918,391, 51
43919,385, 31
43920,360, 21
43921,357, 15
43922,343, 10
43923,326, 5
43924,294, 1
43925,231, 0
43926,151, 0
43927,76, 0
43928,31, 0
43929,32, 0
43930,57, 0
43931,97, 0
43932,102, 0
43933,72, 0
43934,31, 0
43935,15, 0
43936,26, 0
43937,54, 0
43938,59, 0
43939,36, 0
43940,2, 0
43941,7, 0
43942,61, 0
43943,92, 0
43944,123, 0
43945,164, 0
43946,186, 0
43947,180, 0
43948,134, 0
43949,84, 0
43950,29, 0
43951,0, 0
43952,1, 0
43953,0, 0
43954,0, 0
43955,0, 0
43956,18, 0
43957,63, 0
43958,116, 0
43959,165, 0
43960,157, 0
43961,77, 0
43962,6, 0
43963,115, 0
43964,189, 0
43965,188, 0
43966,122, 0
43967,89, 0
43968,76, 0
43969,90, 0
43970,40, 0
43971,6, 0
43972,0, 0
43973,11, 0
43974,21, 0
43975,5, 0
43976,11, 0
43977,81, 0
43978,156, 0
43979,206, 0
43980,228, 0
43981,238, 0
43982,266, 0
43983,287, 0
43984,309, 0
43985,319, 0
43986,298, 0
43987,264, 0
43988,215, 0
43989,152, 0
43990,93, 0
43991,63, 0
43992,39, 0
43993,44, 0
43994,81, 0
43995,96, 0
43996,74, 0
43997,36, 0
43998,1, 0
43999,2, 0
44000,29, 0
44001,38, 0
44002,12, 0
44003,25, 0
44004,104, 0
44005,183, 0
44006,214, 0
44007,197, 0
44008,202, 0
44009,181, 0
44010,150, 0
44011,115, 0
44012,87, 0
44013,57, 0
44014,42, 0
44015,22, 0
44016,6, 0
44017,1, 0
44018,0, 0
44019,0, 0
44020,4, 0
44021,2, 0
44022,0, 0
44023,31, 0
44024,123, 0
44025,199, 0
44026,224, 0
44027,218, 0
44028,205, 0
44029,189, 0
44030,169, 0
44031,158, 0
44032,145, 0
44033,147, 0
44034,165, 0
44035,198, 0
44036,202, 0
44037,211, 0
44038,202, 0
44039,214, 0
44040,221, 0
44041,216, 0
44042,208, 0
44043,197, 0
44044,202, 0
44045,202, 0
44046,206, 0
44047,202, 0
44048,202, 0
44049,187, 0
44050,176, 0
44051,181, 0
44052,214, 0
44053,246, 0
44054,276, 0
44055,310, 0
44056,301, 0
44057,268, 0
44058,223, 0
44059,180, 0
44060,159, 0
44061,154, 0
44062,158, 0
44063,140, 0
44064,117, 0
44065,102, 0
44066,130, 0
44067,174, 0
44068,207, 0
44069,243, 0
44070,237, 0
44071,223, 0
44072,201, 0
44073,201, 0
44074,168, 0
44075,144, 0
44076,108, 0
44077,63, 0
44078,15, 0
44079,0, 0
44080,10, 0
44081,38, 0
44082,53, 0
44083,31, 0
44084,6, 0
44085,7, 0
44086,37, 0
44087,43, 0
44088,38, 0
44089,51, 0
44090,53, 0
44091,92, 0
44092,104, 0
44093,123, 0
44094,149, 0
44095,182, 0
44096,207, 0
44097,227, 0
44098,235, 0
44099,228, 0
44100,223, 0
44101,232, 0
44102,254, 0
44103,281, 0
44104,294, 0
44105,287, 0
44106,253, 0
44107,217, 0
44108,179, 0
44109,143, 0
44110,118, 0
44111,92, 0
44112,75, 0
44113,69, 0
44114,103, 0
44115,140, 0
44116,195, 0
44117,221, 0
44118,243, 0
44119,240, 0
44120,228, 0
44121,196, 0
44122,197, 0
44123,221, 0
44124,257, 0
44125,253, 0
44126,234, 0
44127,158, 0
44128,92, 0
44129,37, 0
44130,8, 0
44131,0, 0
44132,5, 0
44133,23, 0
44134,18, 0
44135,0, 0
44136,17, 0
44137,84, 0
44138,122, 0
44139,152, 0
44140,136, 0
44141,133, 0
44142,106, 0
44143,92, 0
44144,96, 0
44145,126, 0
44146,172, 0
44147,179, 0
44148,174, 0
44149,141, 0
44150,102, 0
44151,63, 0
44152,38, 0
44153,35, 0
44154,40, 0
44155,72, 0
44156,107, 0
44157,152, 0
44158,204, 0
44159,237, 0
44160,234, 0
44161,201, 0
44162,168, 0
44163,121, 0
44164,108, 0
44165,158, 0
44166,190, 0
44167,206, 0
44168,216, 0
44169,221, 0
44170,222, 0
44171,196, 0
44172,150, 0
44173,139, 0
44174,172, 0
44175,184, 0
44176,215, 0
44177,235, 0
44178,237, 0
44179,217, 0
44180,193, 0
44181,152, 0
44182,126, 0
44183,93, 0
44184,54, 0
44185,25, 0
44186,26, 0
44187,70, 0
44188,102, 0
44189,123, 0
44190,145, 0
44191,183, 0
44192,184, 0
44193,155, 0
44194,133, 0
44195,120, 0
44196,90, 0
44197,64, 0
44198,50, 0
44199,40, 0
44200,22, 0
44201,2, 0
44202,0, 0
44203,0, 0
44204,0, 0
44205,19, 0
44206,52, 0
44207,101, 0
44208,126, 0
44209,122, 0
44210,97, 0
44211,76, 0
44212,31, 0
44213,30, 0
44214,45, 0
44215,70, 0
44216,97, 0
44217,176, 0
44218,276, 0
44219,319, 0
44220,316, 0
44221,264, 0
44222,228, 0
44223,207, 0
44224,213, 0
44225,189, 0
44226,201, 0
44227,214, 0
44228,249, 0
44229,304, 0
44230,364, 2
44231,401, 13
44232,370, 19
44233,287, 6
44234,196, 0
44235,156, 0
44236,133, 0
44237,139, 0
44238,160, 0
44239,179, 0
44240,185, 0
44241,184, 0
44242,170, 0
44243,139, 0
44244,112, 0
44245,41, 0
44246,0, 0
44247,0, 0
44248,18, 0
44249,95, 0
44250,196, 0
44251,203, 0
44252,166, 0
44253,46, 0
44254,26, 0
44255,94, 0
44256,102, 0
44257,100, 0
44258,101, 0
44259,135, 0
44260,175, 0
44261,212, 0
44262,226, 0
44263,185, 0
44264,102, 0
44265,17, 0
44266,6, 0
44267,39, 0
44268,76, 0
44269,73, 0
44270,73, 0
44271,111, 0
44272,159, 0
44273,173, 0
44274,175, 0
44275,170, 0
44276,164, 0
44277,137, 0
44278,176, 0
44279,226, 0
44280,263, 0
44281,286, 0
44282,289, 0
44283,312, 0
44284,352, 0
44285,381, 8
44286,396, 17
44287,373, 22
44288,325, 12
44289,257, 0
44290,202, 0
44291,173, 0
44292,184, 0
44293,198, 0
44294,207, 0
44295,217, 0
44296,220, 0
44297,206, 0
44298,193, 0
44299,227, 0
44300,236, 0
44301,252, 0
44302,238, 0
44303,218, 0
44304,176, 0
44305,157, 0
44306,156, 0
44307,183, 0
44308,207, 0
44309,231, 0
44310,205, 0
44311,174, 0
44312,130, 0
44313,127, 0
44314,115, 0
44315,92, 0
44316,55, 0
44317,42, 0
44318,44, 0
44319,46, 0
44320,71, 0
44321,99, 0
44322,108, 0
44323,92, 0
44324,72, 0
44325,42, 0
44326,31, 0
44327,30, 0
44328,46, 0
44329,100, 0
44330,123, 0
44331,132, 0
44332,129, 0
44333,145, 0
44334,154, 0
44335,158, 0
44336,147, 0
44337,124, 0
44338,122, 0
44339,120, 0
44340,125, 0
44341,156, 0
44342,204, 0
44343,226, 0
44344,227, 0
44345,204, 0
44346,165, 0
44347,160, 0
44348,141, 0
44349,143, 0
44350,139, 0
44351,121, 0
44352,80, 0
44353,77, 0
44354,113, 0
44355,168, 0
44356,208, 0
44357,266, 0
44358,291, 0
44359,306, 0
44360,290, 0
44361,244, 0
44362,182, 0
44363,124, 0
44364,76, 0
44365,44, 0
44366,26, 0
44367,12, 0
44368,20, 0
44369,23, 0
44370,21, 0
44371,17, 0
44372,17, 0
44373,3, 0
44374,11, 0
44375,19, 0
44376,22, 0
44377,41, 0
44378,81, 0
44379,91, 0
44380,111, 0
44381,125, 0
44382,127, 0
44383,100, 0
44384,52, 0
44385,2, 0
44386,12, 0
44387,12, 0
44388,3, 0
44389,0, 0
44390,29, 0
44391,78, 0
44392,96, 0
44393,108, 0
44394,122, 0
44395,128, 0
44396,142, 0
44397,145, 0
44398,155, 0
44399,141, 0
44400,137, 0
44401,124, 0
44402,129, 0
44403,126, 0
44404,122, 0
44405,141, 0
44406,158, 0
44407,169, 0
44408,169, 0
44409,176, 0
44410,165, 0
44411,159, 0
44412,170, 0
44413,185, 0
44414,205, 0
44415,189, 0
44416,181, 0
44417,163, 0
44418,141, 0
44419,140, 0
44420,134, 0
44421,138, 0
44422,133, 0
44423,136, 0
44424,133, 0
44425,121, 0
44426,136, 0
44427,159, 0
44428,198, 0
44429,223, 0
44430,233, 0
44431,231, 0
44432,193, 0
44433,163, 0
44434,153, 0
44435,131, 0
44436,104, 0
44437,65, 0
44438,31, 0
44439,27, 0
44440,28, 0
44441,41, 0
44442,54, 0
44443,77, 0
44444,88, 0
44445,89, 0
44446,77, 0
44447,55, 0
44448,41, 0
44449,37, 0
44450,42, 0
44451,76, 0
44452,104, 0
44453,97, 0
44454,103, 0
44455,94, 0
44456,83, 0
44457,93, 0
44458,89, 0
44459,95, 0
44460,109, 0
44461,130, 0
44462,126, 0
44463,116, 0
44464,105, 0
44465,110, 0
44466,133, 0
44467,144, 0
44468,145, 0
44469,159, 0
44470,183, 0
44471,196, 0
44472,202, 0
44473,207, 0
44474,223, 0
44475,244, 0
44476,233, 0
44477,192, 0
44478,181, 0
44479,169, 0
44480,198, 0
44481,226, 0
44482,269, 0
44483,270, 0
44484,263, 0
44485,238, 0
44486,204, 0
44487,179, 0
44488,137, 0
44489,92, 0
44490,72, 0
44491,63, 0
44492,62, 0
44493,77, 0
44494,106, 0
44495,115, 0
44496,122, 0
44497,122, 0
44498,100, 0
44499,75, 0
44500,45, 0
44501,22, 0
44502,14, 0
44503,13, 0
44504,15, 0
44505,19, 0
44506,27, 0
44507,24, 0
44508,35, 0
44509,73, 0
44510,77, 0
44511,108, 0
44512,148, 0
44513,161, 0
44514,143, 0
44515,144, 0
44516,127, 0
44517,102, 0
44518,92, 0
44519,89, 0
44520,88, 0
44521,96, 0
44522,109, 0
44523,115, 0
44524,139, 0
44525,161, 0
44526,174, 0
44527,195, 0
44528,213, 0
44529,233, 0
44530,261, 0
44531,270, 0
44532,261, 0
44533,262, 0
44534,253, 0
44535,244, 0
44536,226, 0
44537,177, 0
44538,106, 0
44539,78, 0
44540,69, 0
44541,56, 0
44542,83, 0
44543,113, 0
44544,134, 0
44545,169, 0
44546,204, 0
44547,213, 0
44548,226, 0
44549,203, 0
44550,183, 0
44551,166, 0
44552,152, 0
44553,124, 0
44554,111, 0
44555,118, 0
44556,117, 0
44557,108, 0
44558,79, 0
44559,51, 0
44560,15, 0
44561,23, 0
44562,44, 0
44563,75, 0
44564,106, 0
44565,104, 0
44566,88, 0
44567,48, 0
44568,1, 0
44569,23, 0
44570,17, 0
44571,0, 0
44572,50, 0
44573,108, 0
44574,157, 0
44575,187, 0
44576,218, 0
44577,221, 0
44578,223, 0
44579,232, 0
44580,220, 0
44581,192, 0
44582,161, 0
44583,141, 0
44584,133, 0
44585,160, 0
44586,190, 0
44587,187, 0
44588,205, 0
44589,197, 0
44590,168, 0
44591,128, 0
44592,106, 0
44593,83, 0
44594,101, 0
44595,134, 0
44596,166, 0
44597,202, 0
44598,208, 0
44599,207, 0
44600,244, 0
44601,265, 0
44602,295, 0
44603,326, 0
44604,321, 1
44605,299, 0
44606,273, 0
44607,238, 0
44608,183, 0
44609,159, 0
44610,142, 0
44611,123, 0
44612,97, 0
44613,87, 0
44614,92, 0
44615,93, 0
44616,138, 0
44617,169, 0
44618,189, 0
44619,195, 0
44620,159, 0
44621,115, 0
44622,73, 0
44623,41, 0
44624,15, 0
44625,6, 0
44626,6, 0
44627,0, 0
44628,0, 0
44629,0, 0
44630,2, 0
44631,0, 0
44632,0, 0
44633,29, 0
44634,78, 0
44635,115, 0
44636,132, 0
44637,147, 0
44638,155, 0
44639,141, 0
44640,135, 0
44641,123, 0
44642,115, 0
44643,127, 0
44644,149, 0
44645,171, 0
44646,202, 0
44647,217, 0
44648,199, 0
44649,185, 0
44650,140, 0
44651,121, 0
44652,104, 0
44653,122, 0
44654,149, 0
44655,202, 0
44656,235, 0
44657,267, 0
44658,251, 0
44659,232, 0
44660,199, 0
44661,183, 0
44662,152, 0
44663,125, 0
44664,135, 0
44665,155, 0
44666,168, 0
44667,189, 0
44668,201, 0
44669,208, 0
44670,208, 0
44671,212, 0
44672,205, 0
44673,181, 0
44674,160, 0
44675,113, 0
44676,99, 0
44677,87, 0
44678,78, 0
44679,61, 0
44680,22, 0
44681,0, 0
44682,0, 0
44683,0, 0
44684,0, 0
44685,0, 0
44686,0, 0
44687,10, 0
44688,43, 0
44689,58, 0
44690,71, 0
44691,72, 0
44692,84, 0
44693,83, 0
44694,104, 0
44695,127, 0
44696,129, 0
44697,115, 0
44698,105, 0
44699,86, 0
44700,68, 0
44701,55, 0
44702,26, 0
44703,2, 0
44704,2, 0
44705,2, 0
44706,23, 0
44707,74, 0
44708,113, 0
44709,121, 0
44710,170, 0
44711,215, 0
44712,274, 0
44713,325, 0
44714,360, 0
44715,368, 11
44716,370, 12
44717,352, 12
44718,327, 8
44719,301, 3
44720,245, 0
44721,199, 0
44722,165, 0
44723,153, 0
44724,149, 0
44725,158, 0
44726,163, 0
44727,164, 0
44728,159, 0
44729,150, 0
44730,133, 0
44731,139, 0
44732,148, 0
44733,153, 0
44734,183, 0
44735,198, 0
44736,183, 0
44737,170, 0
44738,170, 0
44739,145, 0
44740,138, 0
44741,127, 0
44742,96, 0
44743,90, 0
44744,85, 0
44745,72, 0
44746,57, 0
44747,54, 0
44748,42, 0
44749,44, 0
44750,46, 0
44751,17, 0
44752,18, 0
44753,21, 0
44754,31, 0
44755,55, 0
44756,94, 0
44757,89, 0
44758,92, 0
44759,102, 0
44760,109, 0
44761,113, 0
44762,127, 0
44763,112, 0
44764,127, 0
44765,133, 0
44766,143, 0
44767,157, 0
44768,171, 0
44769,180, 0
44770,168, 0
44771,182, 0
44772,184, 0
44773,182, 0
44774,174, 0
44775,181, 0
44776,170, 0
44777,170, 0
44778,169, 0
44779,183, 0
44780,201, 0
44781,189, 0
44782,183, 0
44783,177, 0
44784,173, 0
44785,148, 0
44786,156, 0
44787,170, 0
44788,187, 0
44789,210, 0
44790,213, 0
44791,200, 0
44792,179, 0
44793,134, 0
44794,100, 0
44795,77, 0
44796,63, 0
44797,68, 0
44798,73, 0
44799,83, 0
44800,94, 0
44801,95, 0
44802,91, 0
44803,72, 0
44804,68, 0
44805,69, 0
44806,51, 0
44807,40, 0
44808,34, 0
44809,27, 0
44810,25, 0
44811,10, 0
44812,0, 0
44813,0, 0
44814,25, 0
44815,30, 0
44816,67, 0
44817,90, 0
44818,90, 0
44819,108, 0
44820,122, 0
44821,111, 0
44822,105, 0
44823,93, 0
44824,94, 0
44825,111, 0
44826,140, 0
44827,183, 0
44828,219, 0
44829,242, 0
44830,240, 0
44831,228, 0
44832,219, 0
44833,207, 0
44834,197, 0
44835,205, 0
44836,210, 0
44837,197, 0
44838,204, 0
44839,208, 0
44840,216, 0
44841,207, 0
44842,182, 0
44843,150, 0
44844,175, 0
44845,170, 0
44846,165, 0
44847,175, 0
44848,181, 0
44849,180, 0
44850,183, 0
44851,177, 0
44852,156, 0
44853,137, 0
44854,109, 0
44855,87, 0
44856,68, 0
44857,88, 0
44858,91, 0
44859,95, 0
44860,108, 0
44861,115, 0
44862,112, 0
44863,99, 0
44864,70, 0
44865,44, 0
44866,26, 0
44867,17, 0
44868,4, 0
44869,10, 0
44870,21, 0
44871,27, 0
44872,40, 0
44873,31, 0
44874,46, 0
44875,61, 0
44876,72, 0
44877,90, 0
44878,83, 0
44879,65, 0
44880,76, 0
44881,111, 0
44882,135, 0
44883,149, 0
44884,158, 0
44885,158, 0
44886,150, 0
44887,156, 0
44888,158, 0
44889,158, 0
44890,167, 0
44891,164, 0
44892,182, 0
44893,206, 0
44894,220, 0
44895,241, 0
44896,230, 0
44897,221, 0
44898,216, 0
44899,215, 0
44900,214, 0
44901,211, 0
44902,196, 0
44903,164, 0
44904,145, 0
44905,150, 0
44906,148, 0
44907,159, 0
44908,172, 0
44909,187, 0
44910,171, 0
44911,174, 0
44912,170, 0
44913,158, 0
44914,141, 0
44915,134, 0
44916,115, 0
44917,118, 0
44918,116, 0
44919,104, 0
44920,102, 0
44921,85, 0
44922,83, 0
44923,78, 0
44924,58, 0
44925,41, 0
44926,37, 0
44927,40, 0
44928,42, 0
44929,44, 0
44930,41, 0
44931,32, 0
44932,31, 0
44933,15, 0
44934,6, 0
44935,8, 0
44936,0, 0
44937,2, 0
44938,19, 0
44939,40, 0
44940,43, 0
44941,54, 0
44942,70, 0
44943,93, 0
44944,125, 0
44945,150, 0
44946,164, 0
44947,183, 0
44948,198, 0
44949,197, 0
44950,205, 0
44951,215, 0
44952,214, 0
44953,217, 0
44954,223, 0
44955,214, 0
44956,208, 0
44957,201, 0
44958,210, 0
44959,202, 0
44960,214, 0
44961,220, 0
44962,232, 0
44963,237, 0
44964,207, 0
44965,184, 0
44966,188, 0
44967,182, 0
44968,180, 0
44969,179, 0
44970,183, 0
44971,189, 0
44972,189, 0
44973,189, 0
44974,189, 0
44975,161, 0
44976,145, 0
44977,124, 0
44978,118, 0
44979,108, 0
44980,95, 0
44981,101, 0
44982,102, 0
44983,95, 0
44984,93, 0
44985,72, 0
44986,52, 0
44987,45, 0
44988,46, 0
44989,53, 0
44990,52, 0
44991,41, 0
44992,22, 0
44993,19, 0
44994,13, 0
44995,0, 0
44996,7, 0
44997,3, 0
44998,8, 0
44999,76, 0
45000,92, 0
45001,103, 0
45002,108, 0
45003,120, 0
45004,128, 0
45005,137, 0
45006,143, 0
45007,144, 0
45008,157, 0
45009,152, 0
45010,159, 0
45011,170, 0
45012,177, 0
45013,180, 0
45014,184, 0
45015,199, 0
45016,203, 0
45017,211, 0
45018,222, 0
45019,231, 0
45020,214, 0
45021,214, 0
45022,214, 0
45023,223, 0
45024,207, 0
45025,177, 0
45026,170, 0
45027,171, 0
45028,170, 0
45029,183, 0
45030,189, 0
45031,211, 0
45032,214, 0
45033,206, 0
45034,196, 0
45035,173, 0
45036,158, 0
45037,137, 0
45038,128, 0
45039,136, 0
45040,134, 0
45041,131, 0
45042,122, 0
45043,108, 0
45044,95, 0
45045,87, 0
45046,60, 0
45047,42, 0
45048,38, 0
45049,31, 0
45050,31, 0
45051,36, 0
45052,31, 0
45053,21, 0
45054,9, 0
45055,0, 0
45056,0, 0
45057,0, 0
45058,0, 0
45059,0, 0
45060,18, 0
45061,46, 0
45062,54, 0
45063,75, 0
45064,89, 0
45065,103, 0
45066,122, 0
45067,137, 0
45068,142, 0
45069,155, 0
45070,154, 0
45071,180, 0
45072,191, 0
45073,201, 0
45074,203, 0
45075,223, 0
45076,220, 0
45077,231, 0
45078,257, 0
45079,248, 0
45080,242, 0
45081,241, 0
45082,244, 0
45083,244, 0
45084,246, 0
45085,238, 0
45086,199, 0
45087,173, 0
45088,189, 0
45089,190, 0
45090,196, 0
45091,214, 0
45092,218, 0
45093,217, 0
45094,208, 0
45095,201, 0
45096,183, 0
45097,168, 0
45098,165, 0
45099,156, 0
45100,133, 0
45101,128, 0
45102,99, 0
45103,89, 0
45104,71, 0
45105,58, 0
45106,53, 0
45107,39, 0
45108,42, 0
45109,26, 0
45110,20, 0
45111,20, 0
45112,17, 0
45113,9, 0
45114,6, 0
45115,2, 0
45116,0, 0
45117,0, 0
45118,1, 0
45119,0, 0
45120,0, 0
45121,10, 0
45122,40, 0
45123,48, 0
45124,55, 0
45125,71, 0
45126,83, 0
45127,104, 0
45128,116, 0
45129,127, 0
45130,136, 0
45131,166, 0
45132,159, 0
45133,183, 0
45134,200, 0
45135,205, 0
45136,228, 0
45137,234, 0
45138,247, 0
45139,244, 0
45140,243, 0
45141,240, 0
45142,214, 0
45143,238, 0
45144,243, 0
45145,244, 0
45146,226, 0
45147,206, 0
45148,188, 0
45149,214, 0
45150,220, 0
45151,238, 0
45152,247, 0
45153,242, 0
45154,232, 0
45155,215, 0
45156,210, 0
45157,192, 0
45158,166, 0
45159,164, 0
45160,165, 0
45161,139, 0
45162,124, 0
45163,111, 0
45164,97, 0
45165,85, 0
45166,77, 0
45167,63, 0
45168,39, 0
45169,34, 0
45170,26, 0
45171,25, 0
45172,27, 0
45173,22, 0
45174,13, 0
45175,6, 0
45176,1, 0
45177,0, 0
45178,0, 0
45179,0, 0
45180,0, 0
45181,0, 0
45182,27, 0
45183,53, 0
45184,63, 0
45185,68, 0
45186,83, 0
45187,93, 0
45188,112, 0
45189,121, 0
45190,131, 0
45191,144, 0
45192,160, 0
45193,167, 0
45194,185, 0
45195,192, 0
45196,203, 0
45197,211, 0
45198,221, 0
45199,238, 0
45200,242, 0
45201,270, 0
45202,263, 0
45203,262, 0
45204,260, 0
45205,257, 0
45206,260, 0
45207,241, 0
45208,210, 0
45209,189, 0
45210,192, 0
45211,203, 0
45212,206, 0
45213,204, 0
45214,212, 0
45215,220, 0
45216,216, 0
45217,205, 0
45218,195, 0
45219,171, 0
45220,158, 0
45221,140, 0
45222,136, 0
45223,123, 0
45224,105, 0
45225,89, 0
45226,89, 0
45227,81, 0
45228,72, 0
45229,43, 0
45230,29, 0
45231,20, 0
45232,12, 0
45233,6, 0
45234,7, 0
45235,3, 0
45236,3, 0
45237,1, 0
45238,0, 0
45239,0, 0
45240,0, 0
45241,0, 0
45242,1, 0
45243,31, 0
45244,57, 0
45245,57, 0
45246,70, 0
45247,79, 0
45248,88, 0
45249,104, 0
45250,121, 0
45251,133, 0
45252,142, 0
45253,157, 0
45254,173, 0
45255,183, 0
45256,195, 0
45257,200, 0
45258,213, 0
45259,223, 0
45260,230, 0
45261,233, 0
45262,244, 0
45263,238, 0
45264,245, 0
45265,251, 0
45266,247, 0
45267,247, 0
45268,236, 0
45269,204, 0
45270,185, 0
45271,193, 0
45272,189, 0
45273,205, 0
45274,220, 0
45275,215, 0
45276,208, 0
45277,192, 0
45278,170, 0
45279,152, 0
45280,137, 0
45281,132, 0
45282,130, 0
45283,135, 0
45284,128, 0
45285,122, 0
45286,102, 0
45287,92, 0
45288,80, 0
45289,60, 0
45290,36, 0
45291,25, 0
45292,23, 0
45293,31, 0
45294,36, 0
45295,27, 0
45296,19, 0
45297,12, 0
45298,0, 0
45299,17, 0
45300,0, 0
45301,2, 0
45302,0, 0
45303,0, 0
45304,21, 0
45305,39, 0
45306,55, 0
45307,68, 0
45308,80, 0
45309,90, 0
45310,102, 0
45311,109, 0
45312,108, 0
45313,135, 0
45314,151, 0
45315,159, 0
45316,183, 0
45317,195, 0
45318,199, 0
45319,204, 0
45320,220, 0
45321,220, 0
45322,220, 0
45323,238, 0
45324,231, 0
45325,238, 0
45326,244, 0
45327,251, 0
45328,253, 0
45329,232, 0
45330,202, 0
45331,188, 0
45332,196, 0
45333,189, 0
45334,208, 0
45335,228, 0
45336,220, 0
45337,223, 0
45338,214, 0
45339,203, 0
45340,196, 0
45341,170, 0
45342,154, 0
45343,145, 0
45344,135, 0
45345,125, 0
45346,102, 0
45347,92, 0
45348,84, 0
45349,80, 0
45350,70, 0
45351,43, 0
45352,41, 0
45353,31, 0
45354,26, 0
45355,19, 0
45356,20, 0
45357,18, 0
45358,10, 0
45359,12, 0
45360,2, 0
45361,0, 0
45362,19, 0
45363,0, 0
45364,0, 0
45365,28, 0
45366,52, 0
45367,55, 0
45368,69, 0
45369,80, 0
45370,88, 0
45371,108, 0
45372,115, 0
45373,127, 0
45374,147, 0
45375,161, 0
45376,175, 0
45377,192, 0
45378,207, 0
45379,214, 0
45380,211, 0
45381,226, 0
45382,220, 0
45383,229, 0
45384,219, 0
45385,238, 0
45386,248, 0
45387,246, 0
45388,246, 0
45389,249, 0
45390,232, 0
45391,199, 0
45392,199, 0
45393,196, 0
45394,198, 0
45395,207, 0
45396,211, 0
45397,215, 0
45398,216, 0
45399,199, 0
45400,199, 0
45401,190, 0
45402,164, 0
45403,154, 0
45404,151, 0
45405,128, 0
45406,123, 0
45407,119, 0
45408,103, 0
45409,99, 0
45410,88, 0
45411,71, 0
45412,48, 0
45413,40, 0
45414,35, 0
45415,30, 0
45416,25, 0
45417,17, 0
45418,9, 0
45419,4, 0
45420,0, 0
45421,9, 0
45422,0, 0
45423,0, 0
45424,0, 0
45425,1, 0
45426,31, 0
45427,54, 0
45428,58, 0
45429,62, 0
45430,76, 0
45431,96, 0
45432,111, 0
45433,108, 0
45434,116, 0
45435,135, 0
45436,155, 0
45437,165, 0
45438,183, 0
45439,183, 0
45440,192, 0
45441,211, 0
45442,207, 0
45443,224, 0
45444,224, 0
45445,226, 0
45446,230, 0
45447,221, 0
45448,233, 0
45449,239, 0
45450,244, 0
45451,220, 0
45452,195, 0
45453,186, 0
45454,193, 0
45455,189, 0
45456,193, 0
45457,207, 0
45458,220, 0
45459,220, 0
45460,197, 0
45461,196, 0
45462,183, 0
45463,165, 0
45464,158, 0
45465,154, 0
45466,133, 0
45467,125, 0
45468,115, 0
45469,101, 0
45470,94, 0
45471,87, 0
45472,71, 0
45473,50, 0
45474,53, 0
45475,43, 0
45476,35, 0
45477,36, 0
45478,32, 0
45479,31, 0
45480,12, 0
45481,1, 0
45482,0, 0
45483,0, 0
45484,0, 0
45485,0, 0
45486,6, 0
45487,43, 0
45488,55, 0
45489,70, 0
45490,76, 0
45491,87, 0
45492,99, 0
45493,116, 0
45494,121, 0
45495,140, 0
45496,152, 0
45497,150, 0
45498,159, 0
45499,179, 0
45500,189, 0
45501,193, 0
45502,208, 0
45503,207, 0
45504,214, 0
45505,223, 0
45506,223, 0
45507,223, 0
45508,236, 0
45509,237, 0
45510,244, 0
45511,245, 0
45512,216, 0
45513,191, 0
45514,183, 0
45515,185, 0
45516,189, 0
45517,200, 0
45518,211, 0
45519,219, 0
45520,219, 0
45521,202, 0
45522,203, 0
45523,185, 0
45524,172, 0
45525,165, 0
45526,166, 0
45527,145, 0
45528,133, 0
45529,125, 0
45530,109, 0
45531,99, 0
45532,92, 0
45533,83, 0
45534,67, 0
45535,63, 0
45536,52, 0
45537,53, 0
45538,46, 0
45539,35, 0
45540,34, 0
45541,28, 0
45542,17, 0
45543,1, 0
45544,0, 0
45545,18, 0
45546,0, 0
45547,15, 0
45548,51, 0
45549,63, 0
45550,76, 0
45551,80, 0
45552,89, 0
45553,100, 0
45554,108, 0
45555,116, 0
45556,124, 0
45557,139, 0
45558,145, 0
45559,160, 0
45560,175, 0
45561,180, 0
45562,185, 0
45563,189, 0
45564,183, 0
45565,202, 0
45566,210, 0
45567,220, 0
45568,219, 0
45569,196, 0
45570,223, 0
45571,224, 0
45572,232, 0
45573,201, 0
45574,181, 0
45575,170, 0
45576,177, 0
45577,183, 0
45578,188, 0
45579,210, 0
45580,211, 0
45581,213, 0
45582,204, 0
45583,196, 0
45584,182, 0
45585,169, 0
45586,160, 0
45587,158, 0
45588,148, 0
45589,136, 0
45590,121, 0
45591,108, 0
45592,113, 0
45593,104, 0
45594,95, 0
45595,78, 0
45596,78, 0
45597,67, 0
45598,64, 0
45599,58, 0
45600,48, 0
45601,47, 0
45602,41, 0
45603,24, 0
45604,25, 0
45605,0, 0
45606,9, 0
45607,1, 0
45608,25, 0
45609,59, 0
45610,80, 0
45611,80, 0
45612,83, 0
45613,94, 0
45614,88, 0
45615,102, 0
45616,108, 0
45617,116, 0
45618,124, 0
45619,137, 0
45620,153, 0
45621,167, 0
45622,171, 0
45623,179, 0
45624,189, 0
45625,195, 0
45626,198, 0
45627,205, 0
45628,199, 0
45629,214, 0
45630,223, 0
45631,220, 0
45632,220, 0
45633,220, 0
45634,190, 0
45635,170, 0
45636,169, 0
45637,160, 0
45638,166, 0
45639,189, 0
45640,195, 0
45641,200, 0
45642,193, 0
45643,208, 0
45644,192, 0
45645,181, 0
45646,160, 0
45647,143, 0
45648,152, 0
45649,133, 0
45650,123, 0
45651,115, 0
45652,103, 0
45653,93, 0
45654,100, 0
45655,87, 0
45656,80, 0
45657,76, 0
45658,71, 0
45659,79, 0
45660,81, 0
45661,59, 0
45662,89, 0
45663,74, 0
45664,58, 0
45665,45, 0
45666,23, 0
45667,19, 0
45668,29, 0
45669,60, 0
45670,92, 0
45671,100, 0
45672,97, 0
45673,99, 0
45674,103, 0
45675,109, 0
45676,112, 0
45677,115, 0
45678,131, 0
45679,123, 0
45680,140, 0
45681,147, 0
45682,158, 0
45683,159, 0
45684,168, 0
45685,169, 0
45686,172, 0
45687,180, 0
45688,183, 0
45689,188, 0
45690,191, 0
45691,195, 0
45692,185, 0
45693,207, 0
45694,204, 0
45695,179, 0
45696,161, 0
45697,152, 0
45698,163, 0
45699,166, 0
45700,177, 0
45701,193, 0
45702,198, 0
45703,190, 0
45704,183, 0
45705,182, 0
45706,174, 0
45707,158, 0
45708,149, 0
45709,155, 0
45710,140, 0
45711,134, 0
45712,125, 0
45713,118, 0
45714,115, 0
45715,108, 0
45716,87, 0
45717,90, 0
45718,76, 0
45719,80, 0
45720,81, 0
45721,74, 0
45722,72, 0
45723,55, 0
45724,51, 0
45725,27, 0
45726,9, 0
45727,0, 0
45728,22, 0
45729,12, 0
45730,43, 0
45731,76, 0
45732,101, 0
45733,90, 0
45734,89, 0
45735,108, 0
45736,103, 0
45737,118, 0
45738,121, 0
45739,137, 0
45740,126, 0
45741,139, 0
45742,144, 0
45743,152, 0
45744,153, 0
45745,158, 0
45746,166, 0
45747,167, 0
45748,173, 0
45749,191, 0
45750,190, 0
45751,192, 0
45752,200, 0
45753,202, 0
45754,207, 0
45755,199, 0
45756,170, 0
45757,153, 0
45758,152, 0
45759,159, 0
45760,177, 0
45761,200, 0
45762,213, 0
45763,196, 0
45764,216, 0
45765,216, 0
45766,203, 0
45767,186, 0
45768,168, 0
45769,158, 0
45770,150, 0
45771,144, 0
45772,138, 0
45773,121, 0
45774,121, 0
45775,107, 0
45776,111, 0
45777,96, 0
45778,78, 0
45779,77, 0
45780,70, 0
45781,75, 0
45782,77, 0
45783,57, 0
45784,62, 0
45785,63, 0
45786,32, 0
45787,22, 0
45788,0, 0
45789,3, 0
45790,12, 0
45791,44, 0
45792,72, 0
45793,79, 0
45794,81, 0
45795,86, 0
45796,94, 0
45797,105, 0
45798,108, 0
45799,118, 0
45800,123, 0
45801,125, 0
45802,137, 0
45803,145, 0
45804,154, 0
45805,154, 0
45806,168, 0
45807,166, 0
45808,177, 0
45809,177, 0
45810,185, 0
45811,192, 0
45812,192, 0
45813,201, 0
45814,197, 0
45815,206, 0
45816,200, 0
45817,173, 0
45818,155, 0
45819,150, 0
45820,149, 0
45821,159, 0
45822,183, 0
45823,192, 0
45824,183, 0
45825,203, 0
45826,198, 0
45827,190, 0
45828,176, 0
45829,166, 0
45830,154, 0
45831,149, 0
45832,147, 0
45833,140, 0
45834,122, 0
45835,122, 0
45836,118, 0
45837,110, 0
45838,95, 0
45839,115, 0
45840,81, 0
45841,73, 0
45842,71, 0
45843,75, 0
45844,60, 0
45845,64, 0
45846,56, 0
45847,26, 0
45848,11, 0
45849,5, 0
45850,3, 0
45851,7, 0
45852,38, 0
45853,74, 0
45854,84, 0
45855,90, 0
45856,89, 0
45857,95, 0
45858,104, 0
45859,108, 0
45860,124, 0
45861,119, 0
45862,126, 0
45863,136, 0
45864,144, 0
45865,149, 0
45866,154, 0
45867,158, 0
45868,159, 0
45869,170, 0
45870,176, 0
45871,176, 0
45872,186, 0
45873,185, 0
45874,192, 0
45875,188, 0
45876,201, 0
45877,191, 0
45878,159, 0
45879,145, 0
45880,145, 0
45881,152, 0
45882,167, 0
45883,181, 0
45884,193, 0
45885,200, 0
45886,199, 0
45887,193, 0
45888,184, 0
45889,180, 0
45890,161, 0
45891,160, 0
45892,154, 0
45893,147, 0
45894,148, 0
45895,139, 0
45896,120, 0
45897,127, 0
45898,117, 0
45899,95, 0
45900,100, 0
45901,89, 0
45902,84, 0
45903,86, 0
45904,72, 0
45905,69, 0
45906,76, 0
45907,65, 0
45908,39, 0
45909,21, 0
45910,7, 0
45911,3, 0
45912,17, 0
45913,51, 0
45914,91, 0
45915,104, 0
45916,110, 0
45917,113, 0
45918,139, 0
45919,147, 0
45920,145, 0
45921,149, 0
45922,136, 0
45923,135, 0
45924,138, 0
45925,130, 0
45926,117, 0
45927,89, 0
45928,76, 0
45929,91, 0
45930,105, 0
45931,124, 0
45932,145, 0
45933,170, 0
45934,183, 0
45935,182, 0
45936,195, 0
45937,188, 0
45938,159, 0
45939,123, 0
45940,102, 0
45941,107, 0
45942,108, 0
45943,139, 0
45944,173, 0
45945,211, 0
45946,226, 0
45947,219, 0
45948,206, 0
45949,195, 0
45950,173, 0
45951,158, 0
45952,165, 0
45953,175, 0
45954,164, 0
45955,165, 0
45956,160, 0
45957,152, 0
45958,157, 0
45959,147, 0
45960,128, 0
45961,133, 0
45962,118, 0
45963,115, 0
45964,117, 0
45965,104, 0
45966,96, 0
45967,95, 0
45968,91, 0
45969,57, 0
45970,41, 0
45971,26, 0
45972,25, 0
45973,42, 0
45974,79, 0
45975,102, 0
45976,107, 0
45977,99, 0
45978,101, 0
45979,102, 0
45980,105, 0
45981,115, 0
45982,111, 0
45983,110, 0
45984,115, 0
45985,117, 0
45986,135, 0
45987,138, 0
45988,130, 0
45989,128, 0
45990,129, 0
45991,127, 0
45992,132, 0
45993,133, 0
45994,138, 0
45995,142, 0
45996,151, 0
45997,158, 0
45998,166, 0
45999,159, 0
46000,141, 0
46001,133, 0
46002,139, 0
46003,144, 0
46004,155, 0
46005,170, 0
46006,177, 0
46007,187, 0
46008,182, 0
46009,173, 0
46010,170, 0
46011,158, 0
46012,148, 0
46013,145, 0
46014,155, 0
46015,155, 0
46016,145, 0
46017,158, 0
46018,164, 0
46019,163, 0
46020,151, 0
46021,144, 0
46022,128, 0
46023,131, 0
46024,127, 0
46025,133, 0
46026,115, 0
46027,113, 0
46028,125, 0
46029,115, 0
46030,117, 0
46031,83, 0
46032,70, 0
46033,63, 0
46034,71, 0
46035,95, 0
46036,118, 0
46037,123, 0
46038,117, 0
46039,107, 0
46040,106, 0
46041,89, 0
46042,85, 0
46043,87, 0
46044,85, 0
46045,94, 0
46046,102, 0
46047,108, 0
46048,125, 0
46049,129, 0
46050,139, 0
46051,145, 0
46052,139, 0
46053,152, 0
46054,153, 0
46055,158, 0
46056,158, 0
46057,160, 0
46058,152, 0
46059,170, 0
46060,149, 0
46061,126, 0
46062,117, 0
46063,127, 0
46064,128, 0
46065,142, 0
46066,159, 0
46067,170, 0
46068,179, 0
46069,179, 0
46070,181, 0
46071,168, 0
46072,158, 0
46073,152, 0
46074,139, 0
46075,137, 0
46076,138, 0
46077,145, 0
46078,145, 0
46079,141, 0
46080,145, 0
46081,138, 0
46082,123, 0
46083,121, 0
46084,116, 0
46085,116, 0
46086,117, 0
46087,108, 0
46088,93, 0
46089,91, 0
46090,86, 0
46091,76, 0
46092,57, 0
46093,50, 0
46094,57, 0
46095,73, 0
46096,96, 0
46097,112, 0
46098,107, 0
46099,93, 0
46100,95, 0
46101,101, 0
46102,95, 0
46103,115, 0
46104,86, 0
46105,94, 0
46106,107, 0
46107,121, 0
46108,131, 0
46109,155, 0
46110,158, 0
46111,168, 0
46112,179, 0
46113,182, 0
46114,188, 0
46115,191, 0
46116,191, 0
46117,193, 0
46118,175, 0
46119,185, 0
46120,180, 0
46121,151, 0
46122,129, 0
46123,109, 0
46124,111, 0
46125,119, 0
46126,133, 0
46127,163, 0
46128,176, 0
46129,171, 0
46130,164, 0
46131,159, 0
46132,145, 0
46133,135, 0
46134,135, 0
46135,143, 0
46136,144, 0
46137,150, 0
46138,152, 0
46139,150, 0
46140,169, 0
46141,176, 0
46142,177, 0
46143,141, 0
46144,124, 0
46145,122, 0
46146,116, 0
46147,119, 0
46148,103, 0
46149,94, 0
46150,80, 0
46151,43, 0
46152,17, 0
46153,4, 0
46154,12, 0
46155,44, 0
46156,87, 0
46157,127, 0
46158,155, 0
46159,157, 0
46160,159, 0
46161,133, 0
46162,116, 0
46163,110, 0
46164,107, 0
46165,102, 0
46166,102, 0
46167,102, 0
46168,106, 0
46169,109, 0
46170,121, 0
46171,119, 0
46172,118, 0
46173,126, 0
46174,139, 0
46175,151, 0
46176,153, 0
46177,150, 0
46178,138, 0
46179,103, 0
46180,124, 0
46181,139, 0
46182,131, 0
46183,116, 0
46184,110, 0
46185,123, 0
46186,140, 0
46187,165, 0
46188,181, 0
46189,193, 0
46190,196, 0
46191,197, 0
46192,202, 0
46193,197, 0
46194,180, 0
46195,164, 0
46196,156, 0
46197,124, 0
46198,106, 0
46199,102, 0
46200,101, 0
46201,95, 0
46202,127, 0
46203,140, 0
46204,154, 0
46205,169, 0
46206,179, 0
46207,192, 0
46208,180, 0
46209,155, 0
46210,125, 0
46211,127, 0
46212,89, 0
46213,68, 0
46214,47, 0
46215,38, 0
46216,51, 0
46217,76, 0
46218,106, 0
46219,116, 0
46220,104, 0
46221,105, 0
46222,121, 0
46223,140, 0
46224,143, 0
46225,153, 0
46226,125, 0
46227,133, 0
46228,139, 0
46229,145, 0
46230,155, 0
46231,166, 0
46232,167, 0
46233,160, 0
46234,144, 0
46235,139, 0
46236,134, 0
46237,124, 0
46238,110, 0
46239,99, 0
46240,70, 0
46241,69, 0
46242,69, 0
46243,50, 0
46244,47, 0
46245,73, 0
46246,110, 0
46247,158, 0
46248,183, 0
46249,207, 0
46250,214, 0
46251,208, 0
46252,202, 0
46253,185, 0
46254,177, 0
46255,166, 0
46256,159, 0
46257,133, 0
46258,126, 0
46259,109, 0
46260,103, 0
46261,108, 0
46262,115, 0
46263,122, 0
46264,121, 0
46265,125, 0
46266,136, 0
46267,140, 0
46268,152, 0
46269,158, 0
46270,149, 0
46271,135, 0
46272,125, 0
46273,113, 0
46274,100, 0
46275,80, 0
46276,74, 0
46277,91, 0
46278,115, 0
46279,147, 0
46280,172, 0
46281,174, 0
46282,184, 0
46283,167, 0
46284,153, 0
46285,131, 0
46286,108, 0
46287,75, 0
46288,64, 0
46289,85, 0
46290,111, 0
46291,120, 0
46292,151, 0
46293,139, 0
46294,130, 0
46295,123, 0
46296,99, 0
46297,106, 0
46298,102, 0
46299,106, 0
46300,121, 0
46301,134, 0
46302,142, 0
46303,144, 0
46304,121, 0
46305,81, 0
46306,76, 0
46307,67, 0
46308,77, 0
46309,109, 0
46310,144, 0
46311,174, 0
46312,198, 0
46313,208, 0
46314,206, 0
46315,198, 0
46316,185, 0
46317,186, 0
46318,189, 0
46319,183, 0
46320,187, 0
46321,170, 0
46322,138, 0
46323,144, 0
46324,115, 0
46325,92, 0
46326,70, 0
46327,65, 0
46328,73, 0
46329,63, 0
46330,69, 0
46331,60, 0
46332,68, 0
46333,76, 0
46334,83, 0
46335,85, 0
46336,76, 0
46337,76, 0
46338,90, 0
46339,122, 0
46340,159, 0
46341,164, 0
46342,147, 0
46343,147, 0
46344,137, 0
46345,143, 0
46346,159, 0
46347,150, 0
46348,147, 0
46349,156, 0
46350,173, 0
46351,180, 0
46352,190, 0
46353,186, 0
46354,172, 0
46355,166, 0
46356,152, 0
46357,139, 0
46358,136, 0
46359,104, 0
46360,93, 0
46361,101, 0
46362,108, 0
46363,131, 0
46364,144, 0
46365,125, 0
46366,113, 0
46367,124, 0
46368,130, 0
46369,134, 0
46370,144, 0
46371,165, 0
46372,185, 0
46373,181, 0
46374,170, 0
46375,173, 0
46376,164, 0
46377,179, 0
46378,196, 0
46379,200, 0
46380,202, 0
46381,193, 0
46382,177, 0
46383,158, 0
46384,142, 0
46385,153, 0
46386,150, 0
46387,147, 0
46388,137, 0
46389,134, 0
46390,138, 0
46391,133, 0
46392,122, 0
46393,112, 0
46394,90, 0
46395,72, 0
46396,67, 0
46397,67, 0
46398,67, 0
46399,104, 0
46400,139, 0
46401,172, 0
46402,176, 0
46403,152, 0
46404,109, 0
46405,101, 0
46406,96, 0
46407,99, 0
46408,115, 0
46409,100, 0
46410,92, 0
46411,92, 0
46412,93, 0
46413,91, 0
46414,95, 0
46415,93, 0
46416,100, 0
46417,113, 0
46418,128, 0
46419,150, 0
46420,163, 0
46421,177, 0
46422,176, 0
46423,193, 0
46424,176, 0
46425,159, 0
46426,121, 0
46427,80, 0
46428,63, 0
46429,88, 0
46430,127, 0
46431,152, 0
46432,164, 0
46433,163, 0
46434,157, 0
46435,143, 0
46436,142, 0
46437,142, 0
46438,156, 0
46439,174, 0
46440,202, 0
46441,226, 0
46442,230, 0
46443,207, 0
46444,173, 0
46445,128, 0
46446,74, 0
46447,50, 0
46448,62, 0
46449,22, 0
46450,10, 0
46451,0, 0
46452,0, 0
46453,0, 0
46454,13, 0
46455,51, 0
46456,85, 0
46457,89, 0
46458,77, 0
46459,64, 0
46460,46, 0
46461,42, 0
46462,59, 0
46463,83, 0
46464,89, 0
46465,128, 0
46466,135, 0
46467,127, 0
46468,96, 0
46469,83, 0
46470,85, 0
46471,111, 0
46472,149, 0
46473,181, 0
46474,205, 0
46475,220, 0
46476,221, 0
46477,228, 0
46478,255, 0
46479,265, 0
46480,263, 0
46481,214, 0
46482,165, 0
46483,115, 0
46484,87, 0
46485,72, 0
46486,70, 0
46487,53, 0
46488,55, 0
46489,89, 0
46490,141, 0
46491,206, 0
46492,267, 0
46493,319, 0
46494,355, 0
46495,352, 5
46496,330, 5
46497,299, 3
46498,255, 0
46499,242, 0
46500,242, 0
46501,221, 0
46502,184, 0
46503,159, 0
46504,102, 0
46505,70, 0
46506,83, 0
46507,108, 0
46508,99, 0
46509,89, 0
46510,86, 0
46511,95, 0
46512,109, 0
46513,96, 0
46514,76, 0
46515,55, 0
46516,41, 0
46517,35, 0
46518,13, 0
46519,0, 0
46520,0, 0
46521,0, 0
46522,12, 0
46523,48, 0
46524,85, 0
46525,107, 0
46526,127, 0
46527,151, 0
46528,160, 0
46529,149, 0
46530,128, 0
46531,65, 0
46532,20, 0
46533,0, 0
46534,6, 0
46535,25, 0
46536,69, 0
46537,77, 0
46538,70, 0
46539,78, 0
46540,92, 0
46541,108, 0
46542,134, 0
46543,150, 0
46544,180, 0
46545,202, 0
46546,235, 0
46547,214, 0
46548,202, 0
46549,183, 0
46550,176, 0
46551,184, 0
46552,195, 0
46553,202, 0
46554,207, 0
46555,230, 0
46556,241, 0
46557,299, 0
46558,348, 0
46559,400, 13
46560,427, 31
46561,405, 32
46562,369, 29
46563,316, 13
46564,249, 1
46565,158, 0
46566,78, 0
46567,39, 0
46568,18, 0
46569,15, 0
46570,5, 0
46571,0, 0
46572,30, 0
46573,77, 0
46574,113, 0
46575,124, 0
46576,108, 0
46577,59, 0
46578,3, 0
46579,59, 0
46580,133, 0
46581,172, 0
46582,159, 0
46583,110, 0
46584,53, 0
46585,7, 0
46586,7, 0
46587,19, 0
46588,64, 0
46589,108, 0
46590,147, 0
46591,148, 0
46592,145, 0
46593,123, 0
46594,87, 0
46595,71, 0
46596,57, 0
46597,48, 0
46598,30, 0
46599,27, 0
46600,63, 0
46601,101, 0
46602,135, 0
46603,192, 0
46604,241, 0
46605,306, 0
46606,339, 0
46607,372, 4
46608,367, 11
46609,312, 6
46610,242, 0
46611,185, 0
46612,134, 0
46613,80, 0
46614,44, 0
46615,6, 0
46616,0, 0
46617,0, 0
46618,0, 0
46619,0, 0
46620,12, 0
46621,29, 0
46622,30, 0
46623,40, 0
46624,63, 0
46625,92, 0
46626,123, 0
46627,131, 0
46628,202, 0
46629,256, 0
46630,290, 0
46631,300, 0
46632,289, 0
46633,270, 0
46634,263, 0
46635,254, 0
46636,246, 0
46637,214, 0
46638,170, 0
46639,143, 0
46640,116, 0
46641,101, 0
46642,108, 0
46643,155, 0
46644,205, 0
46645,240, 0
46646,231, 0
46647,206, 0
46648,158, 0
46649,160, 0
46650,158, 0
46651,159, 0
46652,158, 0
46653,128, 0
46654,127, 0
46655,164, 0
46656,185, 0
46657,166, 0
46658,101, 0
46659,7, 0
46660,42, 0
46661,130, 0
46662,183, 0
46663,165, 0
46664,103, 0
46665,19, 0
46666,7, 0
46667,51, 0
46668,68, 0
46669,31, 0
46670,0, 0
46671,0, 0
46672,52, 0
46673,186, 0
46674,272, 0
46675,296, 0
46676,278, 0
46677,270, 0
46678,286, 0
46679,300, 0
46680,332, 0
46681,343, 6
46682,370, 12
46683,388, 19
46684,382, 24
46685,355, 19
46686,337, 13
46687,325, 8
46688,300, 6
46689,263, 0
46690,202, 0
46691,165, 0
46692,182, 0
46693,181, 0
46694,183, 0
46695,192, 0
46696,183, 0
46697,152, 0
46698,94, 0
46699,12, 0
46700,51, 0
46701,126, 0
46702,112, 0
46703,94, 0
46704,90, 0
46705,74, 0
46706,31, 0
46707,0, 0
46708,12, 0
46709,65, 0
46710,122, 0
46711,149, 0
46712,158, 0
46713,141, 0
46714,47, 0
46715,0, 0
46716,1, 0
46717,35, 0
46718,93, 0
46719,157, 0
46720,238, 0
46721,315, 0
46722,368, 1
46723,374, 10
46724,348, 10
46725,308, 5
46726,257, 0
46727,263, 0
46728,300, 0
46729,376, 2
46730,439, 21
46731,473, 41
46732,486, 59
46733,478, 67
46734,439, 57
46735,386, 42
46736,326, 25
46737,280, 5
46738,242, 0
46739,202, 0
46740,145, 0
46741,51, 0
46742,0, 0
46743,27, 0
46744,10, 0
46745,9, 0
46746,99, 0
46747,176, 0
46748,247, 0
46749,312, 0
46750,368, 4
46751,340, 9
46752,260, 4
46753,115, 0
46754,15, 0
46755,132, 0
46756,213, 0
46757,199, 0
46758,121, 0
46759,24, 0
46760,0, 0
46761,0, 0
46762,36, 0
46763,119, 0
46764,184, 0
46765,235, 0
46766,227, 0
46767,191, 0
46768,129, 0
46769,75, 0
46770,17, 0
46771,6, 0
46772,0, 0
46773,24, 0
46774,97, 0
46775,130, 0
46776,165, 0
46777,196, 0
46778,233, 0
46779,266, 0
46780,300, 0
46781,333, 0
46782,387, 7
46783,447, 26
46784,490, 48
46785,495, 60
46786,456, 63
46787,413, 48
46788,391, 37
46789,379, 30
46790,351, 19
46791,272, 4
46792,157, 0
46793,110, 0
46794,115, 0
46795,183, 0
46796,251, 0
46797,296, 0
46798,312, 0
46799,287, 0
46800,269, 0
46801,256, 0
46802,242, 0
46803,233, 0
46804,251, 0
46805,237, 0
46806,204, 0
46807,166, 0
46808,139, 0
46809,103, 0
46810,95, 0
46811,77, 0
46812,48, 0
46813,0, 0
46814,2, 0
46815,18, 0
46816,50, 0
46817,79, 0
46818,73, 0
46819,15, 0
46820,7, 0
46821,46, 0
46822,68, 0
46823,76, 0
46824,74, 0
46825,36, 0
46826,0, 0
46827,0, 0
46828,0, 0
46829,0, 0
46830,0, 0
46831,8, 0
46832,25, 0
46833,61, 0
46834,92, 0
46835,126, 0
46836,142, 0
46837,108, 0
46838,32, 0
46839,12, 0
46840,68, 0
46841,83, 0
46842,69, 0
46843,20, 0
46844,0, 0
46845,26, 0
46846,61, 0
46847,102, 0
46848,171, 0
46849,249, 0
46850,315, 0
46851,348, 0
46852,345, 6
46853,299, 3
46854,243, 0
46855,189, 0
46856,141, 0
46857,101, 0
46858,85, 0
46859,103, 0
46860,159, 0
46861,150, 0
46862,152, 0
46863,132, 0
46864,119, 0
46865,145, 0
46866,144, 0
46867,106, 0
46868,34, 0
46869,2, 0
46870,53, 0
46871,70, 0
46872,39, 0
46873,7, 0
46874,0, 0
46875,0, 0
46876,2, 0
46877,13, 0
46878,11, 0
46879,3, 0
46880,3, 0
46881,32, 0
46882,76, 0
46883,133, 0
46884,176, 0
46885,171, 0
46886,142, 0
46887,105, 0
46888,50, 0
46889,29, 0
46890,0, 0
46891,3, 0
46892,13, 0
46893,12, 0
46894,0, 0
46895,0, 0
46896,0, 0
46897,47, 0
46898,95, 0
46899,123, 0
46900,91, 0
46901,34, 0
46902,0, 0
46903,0, 0
46904,5, 0
46905,60, 0
46906,142, 0
46907,242, 0
46908,346, 0
46909,420, 11
46910,475, 37
46911,487, 55
46912,478, 67
46913,404, 54
46914,286, 23
46915,233, 0
46916,203, 0
46917,198, 0
46918,180, 0
46919,197, 0
46920,258, 0
46921,370, 0
46922,465, 27
46923,547, 59
46924,573, 89
46925,545, 100
46926,465, 90
46927,391, 58
46928,398, 41
46929,467, 50
46930,562, 73
46931,573, 96
46932,564, 110
46933,519, 102
46934,472, 89
46935,517, 80
46936,582, 95
46937,683, 130
46938,740, 165
46939,745, 186
46940,713, 191
46941,696, 188
46942,683, 183
46943,667, 176
46944,649, 166
46945,613, 150
46946,592, 135
46947,570, 126
46948,524, 108
46949,456, 86
46950,371, 55
46951,276, 14
46952,203, 0
46953,165, 0
46954,161, 0
46955,188, 0
46956,221, 0
46957,214, 0
46958,192, 0
46959,139, 0
46960,102, 0
46961,91, 0
46962,77, 0
46963,40, 0
46964,18, 0
46965,19, 0
46966,32, 0
46967,36, 0
46968,14, 0
46969,1, 0
46970,55, 0
46971,145, 0
46972,211, 0
46973,248, 0
46974,240, 0
46975,210, 0
46976,123, 0
46977,21, 0
46978,0, 0
46979,0, 0
46980,0, 0
46981,0, 0
46982,6, 0
46983,9, 0
46984,5, 0
46985,6, 0
46986,53, 0
46987,103, 0
46988,112, 0
46989,138, 0
46990,159, 0
46991,164, 0
46992,168, 0
46993,153, 0
46994,151, 0
46995,160, 0
46996,188, 0
46997,171, 0
46998,145, 0
46999,112, 0
47000,86, 0
47001,69, 0
47002,61, 0
47003,68, 0
47004,70, 0
47005,94, 0
47006,108, 0
47007,128, 0
47008,112, 0
47009,99, 0
47010,52, 0
47011,27, 0
47012,9, 0
47013,0, 0
47014,4, 0
47015,57, 0
47016,122, 0
47017,145, 0
47018,153, 0
47019,152, 0
47020,131, 0
47021,121, 0
47022,136, 0
47023,169, 0
47024,189, 0
47025,198, 0
47026,226, 0
47027,233, 0
47028,269, 0
47029,291, 0
47030,269, 0
47031,307, 0
47032,325, 0
47033,328, 0
47034,326, 1
47035,308, 2
47036,267, 0
47037,246, 0
47038,233, 0
47039,242, 0
47040,274, 0
47041,268, 0
47042,266, 0
47043,266, 0
47044,254, 0
47045,245, 0
47046,221, 0
47047,195, 0
47048,165, 0
47049,167, 0
47050,131, 0
47051,116, 0
47052,102, 0
47053,102, 0
47054,99, 0
47055,131, 0
47056,135, 0
47057,128, 0
47058,112, 0
47059,76, 0
47060,25, 0
47061,0, 0
47062,0, 0
47063,0, 0
47064,0, 0
47065,0, 0
47066,0, 0
47067,0, 0
47068,19, 0
47069,0, 0
47070,32, 0
47071,72, 0
47072,126, 0
47073,108, 0
47074,135, 0
47075,145, 0
47076,158, 0
47077,160, 0
47078,183, 0
47079,186, 0
47080,193, 0
47081,204, 0
47082,200, 0
47083,195, 0
47084,191, 0
47085,183, 0
47086,193, 0
47087,211, 0
47088,220, 0
47089,251, 0
47090,282, 0
47091,297, 0
47092,305, 0
47093,300, 0
47094,300, 0
47095,287, 0
47096,276, 0
47097,232, 0
47098,220, 0
47099,226, 0
47100,228, 0
47101,230, 0
47102,237, 0
47103,253, 0
47104,271, 0
47105,282, 0
47106,257, 0
47107,203, 0
47108,130, 0
47109,60, 0
47110,23, 0
47111,32, 0
47112,76, 0
47113,132, 0
47114,160, 0
47115,179, 0
47116,167, 0
47117,140, 0
47118,123, 0
47119,121, 0
47120,101, 0
47121,67, 0
47122,25, 0
47123,6, 0
47124,6, 0
47125,44, 0
47126,67, 0
47127,30, 0
47128,0, 0
47129,21, 0
47130,63, 0
47131,104, 0
47132,68, 0
47133,67, 0
47134,24, 0
47135,4, 0
47136,76, 0
47137,215, 0
47138,323, 0
47139,386, 4
47140,407, 19
47141,409, 28
47142,379, 23
47143,328, 12
47144,294, 2
47145,274, 0
47146,263, 0
47147,257, 0
47148,286, 0
47149,319, 0
47150,359, 4
47151,373, 8
47152,373, 17
47153,359, 14
47154,325, 8
47155,283, 0
47156,265, 0
47157,220, 0
47158,174, 0
47159,160, 0
47160,155, 0
47161,166, 0
47162,204, 0
47163,191, 0
47164,179, 0
47165,138, 0
47166,65, 0
47167,3, 0
47168,10, 0
47169,63, 0
47170,121, 0
47171,161, 0
47172,220, 0
47173,252, 0
47174,233, 0
47175,196, 0
47176,143, 0
47177,83, 0
47178,17, 0
47179,11, 0
47180,118, 0
47181,239, 0
47182,331, 0
47183,390, 6
47184,415, 22
47185,411, 32
47186,403, 32
47187,375, 28
47188,337, 19
47189,279, 3
47190,204, 0
47191,126, 0
47192,83, 0
47193,69, 0
47194,61, 0
47195,10, 0
47196,0, 0
47197,0, 0
47198,0, 0
47199,11, 0
47200,36, 0
47201,45, 0
47202,79, 0
47203,97, 0
47204,93, 0
47205,76, 0
47206,48, 0
47207,37, 0
47208,57, 0
47209,90, 0
47210,99, 0
47211,140, 0
47212,207, 0
47213,238, 0
47214,247, 0
47215,276, 0
47216,279, 0
47217,273, 0
47218,279, 0
47219,270, 0
47220,284, 0
47221,305, 0
47222,322, 0
47223,332, 2
47224,330, 5
47225,291, 0
47226,227, 0
47227,154, 0
47228,100, 0
47229,48, 0
47230,4, 0
47231,20, 0
47232,54, 0
47233,62, 0
47234,50, 0
47235,10, 0
47236,11, 0
47237,45, 0
47238,23, 0
47239,20, 0
47240,113, 0
47241,105, 0
47242,20, 0
47243,92, 0
47244,201, 0
47245,239, 0
47246,204, 0
47247,148, 0
47248,63, 0
47249,19, 0
47250,105, 0
47251,99, 0
47252,68, 0
47253,36, 0
47254,1, 0
47255,38, 0
47256,126, 0
47257,197, 0
47258,235, 0
47259,238, 0
47260,221, 0
47261,206, 0
47262,179, 0
47263,196, 0
47264,207, 0
47265,238, 0
47266,263, 0
47267,268, 0
47268,252, 0
47269,239, 0
47270,190, 0
47271,133, 0
47272,111, 0
47273,138, 0
47274,201, 0
47275,236, 0
47276,260, 0
47277,286, 0
47278,331, 0
47279,317, 0
47280,276, 0
47281,255, 0
47282,238, 0
47283,260, 0
47284,291, 0
47285,299, 0
47286,300, 0
47287,269, 0
47288,251, 0
47289,236, 0
47290,201, 0
47291,133, 0
47292,75, 0
47293,35, 0
47294,30, 0
47295,54, 0
47296,88, 0
47297,107, 0
47298,151, 0
47299,198, 0
47300,228, 0
47301,216, 0
47302,214, 0
47303,220, 0
47304,223, 0
47305,214, 0
47306,206, 0
47307,202, 0
47308,181, 0
47309,144, 0
47310,93, 0
47311,39, 0
47312,3, 0
47313,0, 0
47314,0, 0
47315,0, 0
47316,0, 0
47317,1, 0
47318,0, 0
47319,0, 0
47320,0, 0
47321,0, 0
47322,0, 0
47323,0, 0
47324,0, 0
47325,2, 0
47326,30, 0
47327,79, 0
47328,115, 0
47329,127, 0
47330,133, 0
47331,159, 0
47332,204, 0
47333,265, 0
47334,305, 0
47335,329, 0
47336,342, 0
47337,336, 2
47338,289, 0
47339,239, 0
47340,161, 0
47341,103, 0
47342,73, 0
47343,64, 0
47344,73, 0
47345,101, 0
47346,106, 0
47347,99, 0
47348,101, 0
47349,88, 0
47350,73, 0
47351,71, 0
47352,75, 0
47353,81, 0
47354,102, 0
47355,113, 0
47356,122, 0
47357,113, 0
47358,95, 0
47359,84, 0
47360,78, 0
47361,44, 0
47362,6, 0
47363,8, 0
47364,23, 0
47365,70, 0
47366,137, 0
47367,183, 0
47368,188, 0
47369,167, 0
47370,134, 0
47371,87, 0
47372,51, 0
47373,36, 0
47374,12, 0
47375,12, 0
47376,31, 0
47377,43, 0
47378,60, 0
47379,108, 0
47380,159, 0
47381,206, 0
47382,228, 0
47383,208, 0
47384,176, 0
47385,153, 0
47386,140, 0
47387,147, 0
47388,176, 0
47389,192, 0
47390,189, 0
47391,202, 0
47392,193, 0
47393,208, 0
47394,208, 0
47395,193, 0
47396,165, 0
47397,149, 0
47398,156, 0
47399,161, 0
47400,157, 0
47401,108, 0
47402,80, 0
47403,95, 0
47404,144, 0
47405,212, 0
47406,269, 0
47407,276, 0
47408,263, 0
47409,228, 0
47410,177, 0
47411,144, 0
47412,126, 0
47413,92, 0
47414,60, 0
47415,32, 0
47416,4, 0
47417,0, 0
47418,4, 0
47419,3, 0
47420,0, 0
47421,0, 0
47422,0, 0
47423,12, 0
47424,14, 0
47425,19, 0
47426,1, 0
47427,0, 0
47428,5, 0
47429,19, 0
47430,18, 0
47431,3, 0
47432,0, 0
47433,3, 0
47434,31, 0
47435,63, 0
47436,116, 0
47437,142, 0
47438,157, 0
47439,149, 0
47440,159, 0
47441,179, 0
47442,211, 0
47443,244, 0
47444,257, 0
47445,265, 0
47446,262, 0
47447,268, 0
47448,270, 0
47449,255, 0
47450,251, 0
47451,264, 0
47452,287, 0
47453,277, 0
47454,245, 0
47455,219, 0
47456,189, 0
47457,191, 0
47458,196, 0
47459,188, 0
47460,189, 0
47461,183, 0
47462,128, 0
47463,83, 0
47464,45, 0
47465,18, 0
47466,2, 0
47467,11, 0
47468,30, 0
47469,57, 0
47470,107, 0
47471,187, 0
47472,212, 0
47473,244, 0
47474,257, 0
47475,268, 0
47476,257, 0
47477,260, 0
47478,243, 0
47479,223, 0
47480,214, 0
47481,189, 0
47482,169, 0
47483,127, 0
47484,77, 0
47485,67, 0
47486,44, 0
47487,8, 0
47488,0, 0
47489,0, 0
47490,0, 0
47491,22, 0
47492,75, 0
47493,106, 0
47494,119, 0
47495,109, 0
47496,88, 0
47497,76, 0
47498,62, 0
47499,41, 0
47500,41, 0
47501,52, 0
47502,61, 0
47503,77, 0
47504,95, 0
47505,93, 0
47506,99, 0
47507,107, 0
47508,109, 0
47509,135, 0
47510,145, 0
47511,152, 0
47512,152, 0
47513,164, 0
47514,179, 0
47515,196, 0
47516,214, 0
47517,239, 0
47518,246, 0
47519,274, 0
47520,281, 0
47521,285, 0
47522,279, 0
47523,211, 0
47524,167, 0
47525,143, 0
47526,148, 0
47527,158, 0
47528,184, 0
47529,189, 0
47530,186, 0
47531,171, 0
47532,159, 0
47533,169, 0
47534,192, 0
47535,213, 0
47536,220, 0
47537,213, 0
47538,197, 0
47539,159, 0
47540,138, 0
47541,108, 0
47542,121, 0
47543,117, 0
47544,78, 0
47545,60, 0
47546,74, 0
47547,99, 0
47548,96, 0
47549,105, 0
47550,95, 0
47551,76, 0
47552,57, 0
47553,32, 0
47554,8, 0
47555,0, 0
47556,0, 0
47557,0, 0
47558,2, 0
47559,15, 0
47560,18, 0
47561,26, 0
47562,34, 0
47563,41, 0
47564,77, 0
47565,102, 0
47566,132, 0
47567,155, 0
47568,172, 0
47569,172, 0
47570,169, 0
47571,155, 0
47572,143, 0
47573,124, 0
47574,157, 0
47575,173, 0
47576,212, 0
47577,238, 0
47578,259, 0
47579,262, 0
47580,252, 0
47581,232, 0
47582,191, 0
47583,172, 0
47584,139, 0
47585,134, 0
47586,159, 0
47587,187, 0
47588,203, 0
47589,214, 0
47590,207, 0
47591,196, 0
47592,183, 0
47593,154, 0
47594,127, 0
47595,137, 0
47596,153, 0
47597,153, 0
47598,145, 0
47599,120, 0
47600,103, 0
47601,83, 0
47602,73, 0
47603,92, 0
47604,129, 0
47605,140, 0
47606,128, 0
47607,116, 0
47608,74, 0
47609,73, 0
47610,65, 0
47611,74, 0
47612,73, 0
47613,84, 0
47614,83, 0
47615,61, 0
47616,31, 0
47617,8, 0
47618,6, 0
47619,32, 0
47620,80, 0
47621,91, 0
47622,102, 0
47623,106, 0
47624,109, 0
47625,118, 0
47626,122, 0
47627,99, 0
47628,80, 0
47629,87, 0
47630,84, 0
47631,103, 0
47632,131, 0
47633,148, 0
47634,170, 0
47635,183, 0
47636,190, 0
47637,204, 0
47638,228, 0
47639,238, 0
47640,244, 0
47641,220, 0
47642,196, 0
47643,181, 0
47644,156, 0
47645,123, 0
47646,91, 0
47647,75, 0
47648,51, 0
47649,38, 0
47650,25, 0
47651,6, 0
47652,0, 0
47653,0, 0
47654,0, 0
47655,1, 0
47656,44, 0
47657,130, 0
47658,232, 0
47659,307, 0
47660,343, 1
47661,345, 6
47662,300, 3
47663,257, 0
47664,247, 0
47665,270, 0
47666,305, 0
47667,301, 0
47668,297, 0
47669,293, 0
47670,308, 0
47671,307, 0
47672,262, 0
47673,192, 0
47674,133, 0
47675,70, 0
47676,14, 0
47677,11, 0
47678,12, 0
47679,26, 0
47680,83, 0
47681,133, 0
47682,139, 0
47683,136, 0
47684,116, 0
47685,115, 0
47686,128, 0
47687,132, 0
47688,133, 0
47689,134, 0
47690,127, 0
47691,107, 0
47692,121, 0
47693,123, 0
47694,149, 0
47695,165, 0
47696,191, 0
47697,193, 0
47698,207, 0
47699,220, 0
47700,210, 0
47701,210, 0
47702,203, 0
47703,204, 0
47704,215, 0
47705,213, 0
47706,180, 0
47707,139, 0
47708,122, 0
47709,112, 0
47710,126, 0
47711,136, 0
47712,140, 0
47713,171, 0
47714,192, 0
47715,173, 0
47716,161, 0
47717,134, 0
47718,95, 0
47719,54, 0
47720,24, 0
47721,6, 0
47722,10, 0
47723,31, 0
47724,48, 0
47725,62, 0
47726,61, 0
47727,60, 0
47728,47, 0
47729,58, 0
47730,71, 0
47731,70, 0
47732,57, 0
47733,31, 0
47734,2, 0
47735,0, 0
47736,0, 0
47737,0, 0
47738,0, 0
47739,0, 0
47740,6, 0
47741,44, 0
47742,79, 0
47743,85, 0
47744,88, 0
47745,100, 0
47746,101, 0
47747,105, 0
47748,115, 0
47749,113, 0
47750,106, 0
47751,111, 0
47752,132, 0
47753,151, 0
47754,170, 0
47755,191, 0
47756,214, 0
47757,238, 0
47758,264, 0
47759,247, 0
47760,257, 0
47761,224, 0
47762,220, 0
47763,215, 0
47764,199, 0
47765,195, 0
47766,176, 0
47767,142, 0
47768,133, 0
47769,143, 0
47770,152, 0
47771,175, 0
47772,196, 0
47773,202, 0
47774,223, 0
47775,220, 0
47776,212, 0
47777,195, 0
47778,176, 0
47779,155, 0
47780,150, 0
47781,150, 0
47782,133, 0
47783,117, 0
47784,91, 0
47785,65, 0
47786,51, 0
47787,35, 0
47788,7, 0
47789,18, 0
47790,44, 0
47791,58, 0
47792,80, 0
47793,83, 0
47794,62, 0
47795,32, 0
47796,25, 0
47797,6, 0
47798,0, 0
47799,0, 0
47800,0, 0
47801,0, 0
47802,19, 0
47803,69, 0
47804,90, 0
47805,100, 0
47806,102, 0
47807,100, 0
47808,120, 0
47809,139, 0
47810,130, 0
47811,139, 0
47812,152, 0
47813,159, 0
47814,189, 0
47815,199, 0
47816,193, 0
47817,179, 0
47818,179, 0
47819,170, 0
47820,174, 0
47821,185, 0
47822,204, 0
47823,207, 0
47824,258, 0
47825,273, 0
47826,262, 0
47827,238, 0
47828,190, 0
47829,152, 0
47830,133, 0
47831,111, 0
47832,115, 0
47833,115, 0
47834,121, 0
47835,155, 0
47836,166, 0
47837,195, 0
47838,197, 0
47839,175, 0
47840,153, 0
47841,139, 0
47842,126, 0
47843,115, 0
47844,124, 0
47845,127, 0
47846,125, 0
47847,118, 0
47848,110, 0
47849,83, 0
47850,69, 0
47851,75, 0
47852,69, 0
47853,57, 0
47854,44, 0
47855,12, 0
47856,0, 0
47857,0, 0
47858,0, 0
47859,6, 0
47860,5, 0
47861,0, 0
47862,0, 0
47863,28, 0
47864,76, 0
47865,104, 0
47866,125, 0
47867,129, 0
47868,139, 0
47869,152, 0
47870,183, 0
47871,183, 0
47872,199, 0
47873,210, 0
47874,223, 0
47875,246, 0
47876,262, 0
47877,255, 0
47878,237, 0
47879,223, 0
47880,196, 0
47881,177, 0
47882,160, 0
47883,133, 0
47884,145, 0
47885,159, 0
47886,187, 0
47887,214, 0
47888,226, 0
47889,173, 0
47890,139, 0
47891,126, 0
47892,115, 0
47893,126, 0
47894,136, 0
47895,157, 0
47896,168, 0
47897,196, 0
47898,199, 0
47899,189, 0
47900,182, 0
47901,170, 0
47902,181, 0
47903,201, 0
47904,201, 0
47905,191, 0
47906,148, 0
47907,124, 0
47908,95, 0
47909,61, 0
47910,31, 0
47911,17, 0
47912,32, 0
47913,57, 0
47914,89, 0
47915,94, 0
47916,83, 0
47917,67, 0
47918,54, 0
47919,38, 0
47920,6, 0
47921,0, 0
47922,0, 0
47923,0, 0
47924,10, 0
47925,26, 0
47926,39, 0
47927,57, 0
47928,86, 0
47929,121, 0
47930,140, 0
47931,180, 0
47932,183, 0
47933,177, 0
47934,182, 0
47935,170, 0
47936,197, 0
47937,187, 0
47938,183, 0
47939,200, 0
47940,202, 0
47941,203, 0
47942,214, 0
47943,217, 0
47944,218, 0
47945,228, 0
47946,231, 0
47947,243, 0
47948,244, 0
47949,233, 0
47950,196, 0
47951,173, 0
47952,168, 0
47953,170, 0
47954,181, 0
47955,196, 0
47956,191, 0
47957,186, 0
47958,193, 0
47959,171, 0
47960,175, 0
47961,158, 0
47962,140, 0
47963,128, 0
47964,106, 0
47965,83, 0
47966,83, 0
47967,74, 0
47968,67, 0
47969,70, 0
47970,51, 0
47971,36, 0
47972,42, 0
47973,63, 0
47974,70, 0
47975,80, 0
47976,70, 0
47977,51, 0
47978,37, 0
47979,27, 0
47980,11, 0
47981,5, 0
47982,0, 0
47983,0, 0
47984,1, 0
47985,20, 0
47986,38, 0
47987,43, 0
47988,58, 0
47989,72, 0
47990,111, 0
47991,143, 0
47992,156, 0
47993,158, 0
47994,160, 0
47995,175, 0
47996,170, 0
47997,207, 0
47998,231, 0
47999,211, 0
48000,216, 0
