Mostres_ESP32,Valor1_mV, Valor2_mV
1,91, 0
2,94, 0
3,72, 0
4,53, 0
5,56, 5
6,61, 0
7,85, 0
8,100, 0
9,103, 0
10,108, 0
11,99, 0
12,102, 0
13,112, 0
14,89, 0
15,101, 0
16,99, 0
17,87, 0
18,95, 0
19,96, 0
20,93, 0
21,108, 0
22,97, 0
23,101, 0
24,101, 0
25,111, 0
26,109, 0
27,108, 0
28,105, 0
29,111, 0
30,113, 0
31,120, 0
32,109, 6
33,92, 130
34,83, 125
35,80, 213
36,76, 118
37,89, 0
38,115, 0
39,131, 0
40,140, 0
41,145, 0
42,139, 0
43,133, 0
44,141, 0
45,137, 0
46,138, 0
47,138, 0
48,135, 0
49,137, 0
50,134, 0
51,148, 0
52,136, 0
53,133, 0
54,129, 0
55,126, 0
56,124, 0
57,127, 0
58,120, 0
59,118, 0
60,131, 0
61,110, 0
62,109, 0
63,89, 0
64,73, 0
65,63, 0
66,63, 0
67,69, 0
68,83, 0
69,97, 0
70,100, 0
71,111, 2
72,102, 0
73,108, 0
74,96, 0
75,99, 0
76,100, 0
77,99, 0
78,95, 0
79,101, 0
80,102, 0
81,105, 0
82,100, 0
83,102, 0
84,97, 0
85,101, 0
86,101, 0
87,96, 0
88,102, 0
89,103, 0
90,116, 0
91,113, 2
92,115, 13
93,109, 46
94,89, 155
95,85, 189
96,87, 153
97,79, 165
98,100, 30
99,133, 0
100,136, 0
101,152, 0
102,148, 0
103,142, 0
104,140, 0
105,137, 0
106,140, 0
107,137, 0
108,144, 0
109,140, 2
110,145, 0
111,136, 0
112,124, 0
113,124, 0
114,126, 0
115,127, 0
116,119, 0
117,116, 0
118,116, 0
119,115, 0
120,107, 0
121,116, 0
122,97, 0
123,95, 0
124,78, 0
125,62, 0
126,55, 0
127,54, 0
128,62, 0
129,86, 0
130,97, 0
131,107, 0
132,106, 0
133,104, 0
134,105, 0
135,99, 0
136,100, 0
137,99, 0
138,100, 0
139,102, 0
140,108, 0
141,101, 0
142,107, 0
143,96, 0
144,107, 0
145,105, 0
146,106, 0
147,108, 0
148,108, 0
149,105, 0
150,109, 0
151,109, 0
152,117, 0
153,118, 0
154,106, 0
155,95, 122
156,80, 69
157,76, 27
158,88, 68
159,95, 0
160,125, 0
161,134, 0
162,133, 0
163,143, 0
164,136, 0
165,139, 0
166,139, 0
167,140, 0
168,133, 0
169,136, 0
170,127, 0
171,131, 0
172,126, 0
173,131, 0
174,133, 0
175,131, 0
176,136, 0
177,121, 0
178,118, 0
179,123, 0
180,121, 0
181,120, 0
182,115, 0
183,108, 0
184,105, 0
185,83, 0
186,69, 0
187,62, 0
188,61, 0
189,68, 0
190,87, 0
191,97, 0
192,108, 0
193,112, 0
194,108, 0
195,105, 0
196,100, 0
197,101, 0
198,94, 0
199,100, 0
200,108, 0
201,108, 0
202,100, 0
203,93, 0
204,97, 0
205,93, 0
206,95, 0
207,102, 0
208,103, 0
209,115, 0
210,106, 0
211,97, 0
212,109, 0
213,119, 0
214,118, 0
215,108, 127
216,93, 67
217,76, 18
218,78, 31
219,77, 85
220,104, 24
221,138, 0
222,136, 0
223,138, 0
224,131, 0
225,139, 0
226,139, 0
227,139, 0
228,148, 0
229,139, 0
230,138, 0
231,139, 0
232,139, 0
233,141, 0
234,133, 0
235,135, 0
236,134, 0
237,128, 0
238,132, 0
239,124, 0
240,127, 0
241,128, 0
242,120, 0
243,124, 0
244,113, 0
245,103, 0
246,73, 0
247,69, 0
248,46, 0
249,52, 0
250,62, 0
251,83, 0
252,102, 0
253,111, 0
254,112, 0
255,107, 0
256,103, 0
257,97, 0
258,104, 0
259,103, 0
260,107, 0
261,108, 0
262,106, 0
263,109, 0
264,103, 0
265,108, 0
266,106, 0
267,107, 0
268,108, 0
269,109, 0
270,104, 0
271,102, 0
272,103, 0
273,104, 0
274,110, 0
275,108, 0
276,96, 0
277,83, 129
278,63, 41
279,68, 176
280,73, 72
281,89, 0
282,118, 0
283,133, 0
284,135, 0
285,141, 0
286,145, 0
287,147, 3
288,142, 0
289,145, 0
290,145, 0
291,140, 0
292,141, 0
293,136, 0
294,133, 0
295,142, 0
296,133, 0
297,133, 0
298,127, 0
299,127, 0
300,126, 0
301,115, 0
302,115, 0
303,124, 0
304,111, 0
305,111, 0
306,104, 0
307,71, 0
308,48, 0
309,44, 3
310,45, 0
311,59, 0
312,70, 0
313,103, 0
314,96, 0
315,108, 0
316,100, 0
317,100, 0
318,96, 0
319,95, 0
320,103, 0
321,101, 0
322,100, 0
323,96, 0
324,102, 0
325,105, 0
326,102, 0
327,102, 0
328,102, 0
329,97, 0
330,100, 0
331,112, 0
332,105, 0
333,109, 0
334,108, 0
335,118, 0
336,108, 0
337,95, 25
338,73, 78
339,58, 118
340,65, 115
341,65, 196
342,91, 0
343,133, 0
344,133, 0
345,144, 0
346,142, 0
347,145, 0
348,143, 0
349,142, 0
350,142, 0
351,144, 0
352,141, 0
353,138, 0
354,133, 0
355,137, 0
356,139, 0
357,139, 0
358,125, 0
359,121, 0
360,123, 0
361,115, 0
362,112, 0
363,110, 0
364,118, 0
365,110, 0
366,107, 0
367,97, 0
368,70, 0
369,54, 0
370,44, 0
371,46, 0
372,46, 2
373,75, 0
374,95, 0
375,103, 0
376,110, 0
377,97, 0
378,107, 0
379,102, 0
380,99, 0
381,104, 0
382,100, 0
383,99, 0
384,102, 0
385,99, 0
386,102, 0
387,99, 0
388,100, 0
389,102, 0
390,102, 0
391,108, 0
392,105, 0
393,107, 0
394,103, 0
395,106, 0
396,109, 0
397,101, 0
398,95, 14
399,77, 151
400,76, 226
401,76, 213
402,74, 138
403,87, 0
404,108, 0
405,132, 0
406,158, 0
407,143, 0
408,141, 0
409,143, 0
410,133, 0
411,139, 0
412,134, 0
413,145, 0
414,142, 0
415,139, 0
416,128, 0
417,133, 0
418,131, 0
419,134, 0
420,133, 0
421,130, 0
422,120, 0
423,124, 0
424,121, 0
425,118, 0
426,116, 0
427,109, 0
428,94, 0
429,65, 0
430,59, 0
431,51, 0
432,58, 0
433,67, 0
434,89, 0
435,105, 0
436,108, 0
437,111, 0
438,107, 0
439,106, 0
440,103, 0
441,104, 0
442,104, 0
443,106, 0
444,108, 0
445,99, 0
446,102, 0
447,104, 0
448,95, 0
449,104, 0
450,109, 0
451,105, 0
452,115, 0
453,103, 0
454,105, 0
455,102, 0
456,111, 0
457,118, 0
458,108, 0
459,97, 2
460,83, 109
461,69, 196
462,80, 263
463,62, 73
464,95, 1
465,121, 0
466,137, 0
467,145, 0
468,147, 0
469,142, 0
470,142, 0
471,163, 0
472,145, 0
473,143, 0
474,137, 0
475,142, 0
476,141, 0
477,141, 0
478,136, 0
479,133, 0
480,133, 0
481,127, 0
482,120, 0
483,128, 0
484,115, 0
485,115, 0
486,110, 0
487,110, 0
488,108, 0
489,93, 0
490,70, 0
491,51, 0
492,42, 0
493,42, 0
494,54, 0
495,79, 0
496,97, 0
497,101, 0
498,104, 0
499,100, 0
500,99, 0
501,88, 0
502,95, 0
503,92, 0
504,91, 0
505,101, 0
506,101, 0
507,102, 0
508,108, 0
509,109, 0
510,112, 0
511,118, 0
512,109, 0
513,106, 0
514,103, 0
515,108, 0
516,111, 0
517,106, 0
518,122, 0
519,116, 23
520,100, 68
521,72, 77
522,74, 226
523,72, 173
524,76, 47
525,95, 0
526,118, 0
527,139, 6
528,145, 0
529,145, 0
530,140, 0
531,136, 0
532,142, 0
533,135, 0
534,139, 0
535,134, 0
536,132, 0
537,133, 0
538,140, 0
539,127, 0
540,127, 0
541,129, 0
542,125, 0
543,123, 0
544,118, 0
545,116, 0
546,115, 0
547,124, 0
548,112, 0
549,102, 0
550,90, 0
551,67, 0
552,45, 134
553,56, 22
554,44, 3
555,56, 0
556,76, 0
557,97, 0
558,107, 0
559,105, 0
560,107, 0
561,102, 0
562,99, 0
563,103, 0
564,99, 0
565,89, 0
566,92, 0
567,92, 0
568,108, 0
569,89, 0
570,99, 0
571,95, 0
572,100, 0
573,102, 0
574,102, 0
575,102, 0
576,101, 0
577,105, 0
578,108, 0
579,113, 0
580,109, 14
581,95, 50
582,85, 283
583,70, 126
584,68, 70
585,75, 166
586,105, 0
587,126, 0
588,140, 0
589,145, 0
590,145, 0
591,145, 0
592,143, 0
593,136, 0
594,144, 0
595,143, 0
596,135, 0
597,133, 0
598,134, 0
599,127, 0
600,134, 0
601,128, 0
602,130, 0
603,125, 0
604,119, 0
605,117, 0
606,112, 0
607,108, 0
608,106, 0
609,106, 0
610,96, 0
611,89, 0
612,58, 0
613,42, 0
614,36, 0
615,44, 13
616,59, 8
617,74, 0
618,92, 0
619,95, 0
620,101, 0
621,103, 0
622,108, 0
623,101, 0
624,101, 0
625,105, 0
626,110, 0
627,103, 0
628,110, 0
629,101, 0
630,103, 0
631,108, 0
632,105, 0
633,108, 0
634,108, 0
635,110, 0
636,111, 0
637,104, 0
638,97, 0
639,97, 0
640,102, 0
641,100, 0
642,95, 88
643,81, 108
644,77, 217
645,60, 124
646,74, 158
647,79, 0
648,115, 0
649,134, 0
650,149, 0
651,145, 0
652,139, 0
653,139, 0
654,139, 0
655,148, 0
656,141, 0
657,141, 0
658,143, 0
659,128, 0
660,145, 0
661,140, 0
662,139, 0
663,133, 0
664,133, 0
665,131, 0
666,127, 0
667,126, 0
668,127, 0
669,127, 0
670,123, 0
671,108, 0
672,96, 0
673,75, 0
674,54, 0
675,44, 0
676,52, 0
677,62, 0
678,86, 0
679,101, 0
680,106, 0
681,94, 0
682,88, 0
683,102, 0
684,90, 0
685,89, 0
686,89, 0
687,95, 0
688,95, 0
689,96, 0
690,96, 0
691,97, 0
692,99, 0
693,102, 0
694,103, 0
695,104, 0
696,108, 0
697,109, 0
698,105, 0
699,109, 0
700,111, 0
701,116, 0
702,108, 0
703,95, 12
704,85, 186
705,74, 0
706,79, 113
707,88, 11
708,100, 0
709,133, 0
710,144, 0
711,149, 0
712,152, 0
713,151, 0
714,149, 0
715,150, 0
716,148, 0
717,145, 0
718,145, 0
719,138, 0
720,152, 0
721,138, 0
722,135, 0
723,136, 0
724,132, 0
725,133, 0
726,127, 0
727,125, 0
728,124, 0
729,123, 0
730,118, 0
731,113, 0
732,120, 0
733,103, 0
734,74, 0
735,60, 0
736,50, 0
737,60, 0
738,70, 0
739,92, 0
740,108, 0
741,113, 0
742,116, 0
743,120, 0
744,109, 0
745,101, 0
746,103, 0
747,105, 0
748,102, 0
749,101, 0
750,102, 0
751,104, 0
752,100, 0
753,101, 0
754,102, 0
755,102, 0
756,100, 0
757,107, 0
758,112, 0
759,104, 0
760,117, 0
761,112, 0
762,113, 0
763,108, 6
764,92, 108
765,84, 102
766,79, 251
767,69, 153
768,72, 25
769,94, 0
770,143, 0
771,139, 0
772,141, 0
773,141, 0
774,143, 0
775,147, 0
776,137, 0
777,139, 0
778,132, 0
779,133, 0
780,135, 0
781,145, 0
782,136, 0
783,125, 0
784,120, 0
785,127, 0
786,121, 0
787,117, 0
788,116, 0
789,115, 0
790,106, 0
791,100, 0
792,104, 0
793,103, 0
794,85, 0
795,71, 0
796,43, 0
797,38, 0
798,42, 0
799,52, 0
800,83, 0
801,97, 0
802,106, 0
803,118, 0
804,101, 0
805,86, 0
806,96, 0
807,100, 0
808,95, 0
809,96, 0
810,99, 0
811,110, 0
812,95, 0
813,97, 0
814,96, 0
815,89, 0
816,101, 0
817,102, 0
818,104, 0
819,107, 0
820,105, 0
821,111, 0
822,118, 0
823,124, 0
824,118, 0
825,108, 28
826,89, 115
827,84, 115
828,83, 42
829,80, 6
830,99, 0
831,133, 0
832,138, 0
833,145, 0
834,148, 0
835,144, 0
836,153, 0
837,141, 0
838,142, 0
839,144, 0
840,142, 0
841,145, 0
842,135, 0
843,139, 0
844,135, 0
845,132, 0
846,132, 0
847,127, 0
848,126, 0
849,123, 0
850,127, 0
851,115, 0
852,118, 0
853,117, 0
854,108, 0
855,89, 0
856,68, 0
857,47, 0
858,45, 0
859,53, 0
860,74, 0
861,102, 0
862,111, 0
863,115, 0
864,115, 0
865,107, 0
866,116, 0
867,117, 0
868,106, 0
869,100, 0
870,99, 0
871,109, 0
872,95, 0
873,97, 0
874,120, 0
875,110, 0
876,104, 0
877,111, 0
878,107, 0
879,113, 0
880,110, 0
881,110, 0
882,110, 0
883,121, 0
884,117, 0
885,110, 14
886,85, 75
887,70, 65
888,72, 138
889,71, 95
890,74, 170
891,111, 0
892,124, 0
893,133, 0
894,143, 0
895,144, 0
896,141, 0
897,138, 0
898,134, 0
899,141, 0
900,128, 0
901,139, 0
902,140, 0
903,131, 0
904,142, 0
905,135, 0
906,140, 0
907,128, 0
908,121, 0
909,121, 0
910,120, 0
911,120, 0
912,109, 0
913,115, 0
914,112, 0
915,107, 0
916,96, 0
917,70, 0
918,53, 0
919,54, 0
920,58, 0
921,70, 0
922,89, 0
923,113, 0
924,115, 0
925,125, 0
926,103, 0
927,102, 0
928,116, 0
929,105, 0
930,102, 0
931,95, 0
932,93, 0
933,97, 0
934,104, 0
935,94, 0
936,102, 0
937,102, 0
938,102, 0
939,106, 0
940,105, 0
941,104, 0
942,108, 0
943,118, 0
944,107, 0
945,119, 0
946,109, 0
947,104, 145
948,75, 176
949,61, 89
950,69, 74
951,77, 20
952,94, 0
953,124, 0
954,136, 0
955,144, 0
956,141, 0
957,145, 0
958,143, 0
959,137, 0
960,137, 0
961,139, 0
962,135, 0
963,132, 0
964,133, 0
965,139, 0
966,134, 0
967,137, 0
968,133, 0
969,128, 0
970,128, 0
971,124, 0
972,121, 0
973,121, 0
974,118, 1
975,113, 0
976,108, 0
977,108, 0
978,79, 0
979,51, 0
980,47, 0
981,59, 0
982,72, 0
983,92, 0
984,115, 0
985,115, 0
986,106, 0
987,111, 0
988,108, 0
989,115, 0
990,102, 0
991,117, 0
992,101, 0
993,103, 0
994,107, 0
995,105, 0
996,103, 0
997,100, 0
998,97, 0
999,101, 0
1000,102, 0
1001,101, 0
1002,102, 0
1003,110, 0
1004,106, 0
1005,144, 0
1006,100, 0
1007,105, 0
1008,88, 149
1009,76, 107
1010,61, 71
1011,69, 156
1012,64, 261
1013,108, 74
1014,133, 31
1015,142, 0
1016,153, 0
1017,156, 0
1018,174, 0
1019,156, 0
1020,152, 0
1021,157, 0
1022,147, 0
1023,139, 0
1024,137, 0
1025,128, 0
1026,121, 0
1027,125, 0
1028,115, 0
1029,122, 0
1030,121, 0
1031,119, 0
1032,118, 0
1033,106, 0
1034,108, 0
1035,102, 2
1036,102, 0
1037,97, 0
1038,83, 0
1039,63, 4
1040,44, 6
1041,52, 0
1042,53, 0
1043,65, 0
1044,93, 0
1045,107, 0
1046,109, 0
1047,112, 0
1048,113, 0
1049,108, 0
1050,94, 0
1051,104, 0
1052,111, 0
1053,110, 0
1054,115, 0
1055,120, 0
1056,121, 0
1057,121, 0
1058,119, 0
1059,112, 0
1060,119, 0
1061,109, 0
1062,108, 0
1063,99, 0
1064,92, 2
1065,84, 0
1066,87, 0
1067,87, 0
1068,85, 0
1069,89, 165
1070,76, 123
1071,79, 138
1072,80, 104
1073,93, 76
1074,111, 0
1075,123, 0
1076,130, 0
1077,134, 0
1078,134, 0
1079,124, 0
1080,139, 0
1081,136, 0
1082,135, 0
1083,138, 0
1084,134, 0
1085,131, 0
1086,128, 0
1087,130, 0
1088,131, 0
1089,128, 0
1090,124, 0
1091,122, 0
1092,121, 0
1093,119, 0
1094,119, 0
1095,115, 0
1096,116, 0
1097,131, 0
1098,102, 0
1099,87, 0
1100,77, 0
1101,57, 0
1102,63, 0
1103,67, 0
1104,76, 0
1105,96, 0
1106,111, 0
1107,111, 0
1108,112, 0
1109,107, 0
1110,107, 0
1111,102, 0
1112,102, 0
1113,99, 0
1114,102, 0
1115,101, 0
1116,104, 0
1117,92, 0
1118,108, 0
1119,108, 0
1120,99, 0
1121,109, 0
1122,113, 0
1123,120, 0
1124,118, 0
1125,116, 0
1126,112, 0
1127,118, 0
1128,116, 0
1129,121, 0
1130,103, 107
1131,93, 111
1132,74, 164
1133,84, 102
1134,88, 21
1135,104, 0
1136,136, 0
1137,139, 0
1138,139, 0
1139,143, 0
1140,143, 0
1141,147, 0
1142,140, 0
1143,141, 0
1144,137, 0
1145,136, 0
1146,133, 0
1147,136, 0
1148,135, 0
1149,137, 0
1150,133, 0
1151,123, 0
1152,130, 0
1153,116, 0
1154,123, 0
1155,112, 0
1156,115, 0
1157,109, 0
1158,106, 0
1159,102, 0
1160,88, 0
1161,74, 0
1162,46, 0
1163,58, 0
1164,57, 0
1165,65, 0
1166,99, 0
1167,104, 0
1168,115, 0
1169,106, 0
1170,104, 0
1171,100, 0
1172,99, 0
1173,102, 0
1174,95, 0
1175,102, 0
1176,96, 0
1177,97, 0
1178,89, 0
1179,93, 0
1180,103, 0
1181,102, 0
1182,103, 0
1183,102, 0
1184,103, 0
1185,103, 0
1186,108, 0
1187,97, 0
1188,106, 0
1189,108, 8
1190,106, 30
1191,89, 17
1192,81, 119
1193,83, 211
1194,81, 32
1195,99, 115
1196,108, 0
1197,128, 0
1198,137, 0
1199,139, 0
1200,145, 0
1201,144, 0
1202,141, 0
1203,139, 0
1204,139, 0
1205,137, 0
1206,139, 0
1207,139, 0
1208,133, 0
1209,137, 0
1210,135, 0
1211,135, 0
1212,127, 0
1213,126, 0
1214,121, 0
1215,124, 0
1216,121, 0
1217,118, 0
1218,120, 0
1219,129, 0
1220,109, 0
1221,88, 0
1222,64, 0
1223,51, 0
1224,51, 0
1225,67, 0
1226,81, 0
1227,95, 0
1228,110, 0
1229,109, 0
1230,109, 0
1231,108, 0
1232,105, 0
1233,99, 0
1234,113, 0
1235,97, 0
1236,97, 3
1237,96, 0
1238,96, 0
1239,101, 0
1240,96, 0
1241,101, 0
1242,96, 0
1243,105, 0
1244,105, 0
1245,109, 0
1246,108, 0
1247,111, 0
1248,118, 0
1249,113, 0
1250,119, 0
1251,130, 0
1252,92, 17
1253,78, 95
1254,70, 130
1255,68, 44
1256,80, 102
1257,105, 0
1258,139, 0
1259,145, 0
1260,148, 0
1261,145, 0
1262,141, 0
1263,148, 0
1264,137, 0
1265,145, 0
1266,141, 0
1267,139, 0
1268,134, 0
1269,133, 0
1270,139, 0
1271,158, 0
1272,133, 0
1273,130, 0
1274,133, 0
1275,152, 0
1276,127, 0
1277,127, 0
1278,122, 0
1279,119, 0
1280,121, 0
1281,113, 0
1282,92, 0
1283,75, 0
1284,64, 0
1285,63, 0
1286,62, 0
1287,77, 0
1288,97, 0
1289,115, 0
1290,105, 0
1291,104, 0
1292,104, 0
1293,99, 0
1294,100, 0
1295,99, 0
1296,104, 0
1297,96, 0
1298,91, 0
1299,89, 0
1300,90, 0
1301,92, 0
1302,94, 0
1303,95, 0
1304,101, 0
1305,102, 0
1306,104, 0
1307,108, 0
1308,107, 0
1309,107, 0
1310,107, 0
1311,111, 0
1312,111, 15
1313,97, 281
1314,83, 222
1315,86, 255
1316,68, 151
1317,87, 31
1318,106, 0
1319,124, 0
1320,141, 0
1321,144, 0
1322,149, 0
1323,145, 0
1324,144, 0
1325,142, 0
1326,142, 0
1327,141, 0
1328,140, 0
1329,143, 0
1330,121, 0
1331,134, 0
1332,135, 0
1333,130, 0
1334,127, 0
1335,122, 0
1336,121, 0
1337,112, 0
1338,120, 0
1339,120, 0
1340,119, 0
1341,139, 0
1342,108, 0
1343,89, 0
1344,68, 0
1345,46, 40
1346,57, 64
1347,54, 23
1348,70, 0
1349,103, 0
1350,110, 0
1351,109, 0
1352,108, 0
1353,102, 0
1354,104, 0
1355,102, 0
1356,110, 0
1357,97, 0
1358,99, 0
1359,95, 0
1360,97, 0
1361,102, 0
1362,102, 0
1363,104, 0
1364,108, 0
1365,106, 0
1366,103, 0
1367,100, 0
1368,108, 0
1369,101, 0
1370,111, 0
1371,109, 0
1372,109, 0
1373,113, 48
1374,95, 145
1375,77, 132
1376,73, 108
1377,71, 214
1378,85, 36
1379,109, 0
1380,128, 0
1381,138, 0
1382,141, 0
1383,142, 0
1384,137, 0
1385,140, 0
1386,137, 0
1387,137, 0
1388,136, 0
1389,132, 0
1390,134, 0
1391,130, 0
1392,125, 2
1393,120, 0
1394,127, 0
1395,117, 0
1396,122, 0
1397,121, 0
1398,117, 0
1399,111, 0
1400,111, 0
1401,111, 0
1402,122, 0
1403,105, 0
1404,88, 0
1405,57, 0
1406,67, 214
1407,61, 83
1408,59, 27
1409,70, 0
1410,94, 0
1411,105, 0
1412,106, 0
1413,102, 0
1414,105, 0
1415,101, 0
1416,92, 0
1417,102, 0
1418,95, 0
1419,96, 0
1420,102, 0
1421,97, 0
1422,109, 0
1423,95, 0
1424,103, 0
1425,100, 0
1426,94, 0
1427,100, 0
1428,106, 0
1429,102, 0
1430,106, 0
1431,105, 0
1432,96, 0
1433,102, 0
1434,95, 37
1435,84, 56
1436,86, 172
1437,60, 145
1438,64, 95
1439,84, 31
1440,112, 0
1441,136, 0
1442,152, 0
1443,147, 0
1444,152, 0
1445,157, 0
1446,155, 0
1447,158, 0
1448,158, 0
1449,161, 0
1450,159, 0
1451,153, 0
1452,158, 0
1453,152, 0
1454,168, 0
1455,151, 0
1456,142, 0
1457,147, 0
1458,144, 0
1459,139, 0
1460,137, 0
1461,133, 0
1462,128, 0
1463,120, 0
1464,120, 0
1465,92, 0
1466,71, 0
1467,58, 0
1468,52, 0
1469,53, 0
1470,73, 0
1471,75, 0
1472,80, 0
1473,80, 0
1474,83, 0
1475,93, 0
1476,100, 0
1477,97, 0
1478,108, 0
1479,107, 0
1480,102, 0
1481,102, 0
1482,108, 0
1483,99, 0
1484,99, 0
1485,102, 0
1486,95, 0
1487,106, 0
1488,112, 0
1489,108, 0
1490,104, 0
1491,108, 0
1492,108, 0
1493,119, 0
1494,119, 0
1495,112, 48
1496,87, 96
1497,69, 46
1498,72, 143
1499,70, 115
1500,85, 57
1501,109, 0
1502,130, 0
1503,134, 0
1504,136, 0
1505,148, 0
1506,147, 0
1507,140, 0
1508,145, 0
1509,141, 0
1510,133, 0
1511,137, 0
1512,139, 0
1513,137, 0
1514,137, 0
1515,128, 0
1516,127, 0
1517,129, 0
1518,129, 0
1519,123, 0
1520,118, 0
1521,115, 0
1522,112, 0
1523,116, 0
1524,108, 0
1525,108, 0
1526,85, 0
1527,70, 0
1528,55, 0
1529,59, 0
1530,67, 0
1531,77, 0
1532,94, 0
1533,112, 0
1534,111, 0
1535,108, 0
1536,106, 0
1537,108, 0
1538,102, 0
1539,105, 0
1540,92, 0
1541,95, 0
1542,102, 0
1543,104, 0
1544,107, 0
1545,101, 0
1546,100, 0
1547,102, 0
1548,105, 0
1549,101, 0
1550,102, 0
1551,108, 0
1552,107, 0
1553,102, 0
1554,109, 0
1555,111, 0
1556,102, 6
1557,94, 63
1558,79, 122
1559,69, 165
1560,99, 35
1561,83, 0
1562,110, 0
1563,130, 0
1564,140, 0
1565,141, 0
1566,142, 0
1567,135, 0
1568,130, 0
1569,143, 0
1570,140, 0
1571,140, 0
1572,138, 0
1573,141, 0
1574,139, 0
1575,137, 0
1576,148, 0
1577,128, 0
1578,130, 0
1579,124, 0
1580,122, 0
1581,127, 0
1582,118, 0
1583,113, 0
1584,115, 0
1585,110, 0
1586,102, 0
1587,77, 0
1588,57, 0
1589,51, 15
1590,51, 6
1591,55, 0
1592,76, 0
1593,99, 0
1594,109, 0
1595,107, 0
1596,106, 0
1597,101, 0
1598,111, 0
1599,97, 0
1600,100, 0
1601,95, 0
1602,92, 0
1603,92, 0
1604,100, 0
1605,102, 0
1606,102, 0
1607,101, 0
1608,103, 0
1609,103, 0
1610,106, 0
1611,104, 0
1612,105, 0
1613,107, 0
1614,108, 0
1615,112, 0
1616,116, 0
1617,100, 26
1618,88, 39
1619,79, 180
1620,77, 1
1621,86, 153
1622,93, 30
1623,123, 0
1624,138, 0
1625,150, 0
1626,152, 0
1627,145, 0
1628,140, 0
1629,139, 0
1630,140, 0
1631,138, 0
1632,139, 0
1633,138, 0
1634,132, 0
1635,127, 0
1636,136, 0
1637,135, 0
1638,140, 0
1639,127, 0
1640,131, 0
1641,131, 0
1642,131, 0
1643,125, 0
1644,115, 0
1645,115, 0
1646,106, 0
1647,99, 0
1648,71, 0
1649,57, 0
1650,43, 0
1651,42, 3
1652,52, 0
1653,71, 0
1654,95, 0
1655,107, 0
1656,108, 0
1657,107, 0
1658,106, 0
1659,120, 0
1660,95, 0
1661,99, 0
1662,100, 0
1663,92, 0
1664,100, 0
1665,100, 0
1666,100, 0
1667,94, 0
1668,97, 0
1669,102, 0
1670,111, 0
1671,110, 0
1672,108, 0
1673,106, 0
1674,108, 0
1675,113, 0
1676,115, 0
1677,115, 0
1678,104, 9
1679,83, 92
1680,72, 202
1681,71, 202
1682,65, 152
1683,91, 42
1684,133, 0
1685,134, 0
1686,148, 0
1687,144, 0
1688,145, 0
1689,170, 0
1690,149, 0
1691,141, 0
1692,142, 0
1693,142, 0
1694,141, 0
1695,140, 0
1696,136, 0
1697,140, 0
1698,132, 0
1699,133, 0
1700,125, 0
1701,127, 0
1702,122, 0
1703,122, 0
1704,118, 0
1705,116, 0
1706,115, 0
1707,106, 0
1708,95, 0
1709,72, 0
1710,57, 55
1711,42, 0
1712,38, 0
1713,55, 0
1714,83, 0
1715,93, 0
1716,105, 0
1717,105, 0
1718,102, 0
1719,101, 0
1720,95, 0
1721,97, 0
1722,95, 0
1723,96, 0
1724,99, 0
1725,97, 0
1726,97, 0
1727,102, 0
1728,103, 0
1729,108, 0
1730,105, 0
1731,107, 0
1732,121, 0
1733,107, 0
1734,102, 0
1735,107, 0
1736,112, 0
1737,117, 0
1738,108, 0
1739,95, 108
1740,64, 41
1741,43, 260
1742,42, 121
1743,52, 214
1744,58, 23
1745,100, 0
1746,123, 0
1747,138, 0
1748,139, 0
1749,148, 0
1750,140, 0
1751,145, 0
1752,143, 0
1753,139, 0
1754,140, 0
1755,140, 0
1756,135, 0
1757,137, 0
1758,133, 0
1759,133, 0
1760,127, 0
1761,124, 0
1762,118, 0
1763,123, 0
1764,121, 0
1765,120, 0
1766,115, 0
1767,108, 0
1768,111, 0
1769,104, 0
1770,78, 0
1771,61, 0
1772,42, 0
1773,42, 0
1774,51, 0
1775,75, 0
1776,97, 0
1777,108, 0
1778,108, 0
1779,95, 0
1780,86, 0
1781,95, 0
1782,93, 0
1783,96, 0
1784,97, 0
1785,99, 0
1786,100, 0
1787,100, 0
1788,103, 0
1789,110, 0
1790,92, 0
1791,108, 0
1792,112, 0
1793,102, 0
1794,110, 0
1795,103, 0
1796,104, 0
1797,107, 0
1798,110, 0
1799,115, 14
1800,106, 120
1801,87, 118
1802,72, 152
1803,76, 222
1804,73, 91
1805,85, 2
1806,106, 0
1807,135, 0
1808,141, 0
1809,142, 0
1810,139, 0
1811,133, 0
1812,137, 0
1813,141, 0
1814,144, 0
1815,141, 0
1816,137, 0
1817,136, 0
1818,132, 0
1819,130, 0
1820,127, 0
1821,128, 0
1822,121, 0
1823,123, 0
1824,119, 0
1825,120, 0
1826,112, 0
1827,116, 0
1828,110, 0
1829,101, 0
1830,97, 0
1831,71, 0
1832,50, 0
1833,41, 0
1834,51, 0
1835,54, 0
1836,80, 0
1837,93, 0
1838,106, 0
1839,107, 0
1840,130, 0
1841,92, 0
1842,96, 0
1843,94, 0
1844,95, 0
1845,99, 0
1846,92, 0
1847,85, 0
1848,99, 0
1849,101, 0
1850,101, 0
1851,107, 0
1852,102, 0
1853,107, 0
1854,102, 0
1855,101, 0
1856,102, 0
1857,103, 0
1858,108, 0
1859,121, 0
1860,117, 0
1861,102, 28
1862,86, 112
1863,70, 169
1864,73, 215
1865,78, 83
1866,90, 0
1867,108, 0
1868,135, 0
1869,147, 0
1870,141, 0
1871,133, 0
1872,131, 0
1873,145, 0
1874,140, 0
1875,138, 0
1876,134, 0
1877,132, 0
1878,128, 0
1879,133, 0
1880,133, 0
1881,131, 0
1882,129, 0
1883,140, 0
1884,122, 0
1885,116, 0
1886,119, 0
1887,110, 0
1888,109, 0
1889,111, 0
1890,111, 0
1891,97, 0
1892,75, 0
1893,57, 0
1894,57, 0
1895,51, 0
1896,57, 0
1897,84, 0
1898,96, 0
1899,108, 0
1900,111, 3
1901,106, 0
1902,108, 0
1903,97, 0
1904,93, 0
1905,95, 0
1906,96, 0
1907,102, 0
1908,97, 0
1909,107, 0
1910,105, 0
1911,104, 0
1912,103, 0
1913,104, 0
1914,104, 0
1915,95, 0
1916,108, 0
1917,104, 0
1918,102, 3
1919,109, 0
1920,119, 0
1921,120, 0
1922,107, 37
1923,90, 138
1924,83, 132
1925,83, 62
1926,88, 149
1927,103, 20
1928,148, 0
1929,145, 0
1930,157, 0
1931,151, 0
1932,144, 0
1933,141, 0
1934,128, 0
1935,137, 0
1936,138, 0
1937,139, 0
1938,141, 0
1939,137, 0
1940,129, 0
1941,131, 0
1942,128, 0
1943,116, 0
1944,129, 0
1945,126, 0
1946,118, 0
1947,122, 0
1948,119, 0
1949,123, 0
1950,113, 0
1951,110, 0
1952,92, 0
1953,73, 0
1954,56, 0
1955,50, 0
1956,48, 0
1957,78, 0
1958,77, 0
1959,113, 0
1960,108, 0
1961,113, 0
1962,128, 0
1963,113, 0
1964,100, 0
1965,102, 0
1966,101, 0
1967,101, 0
1968,102, 0
1969,97, 0
1970,108, 0
1971,119, 0
1972,102, 0
1973,102, 0
1974,108, 0
1975,102, 0
1976,110, 0
1977,110, 0
1978,108, 0
1979,108, 0
1980,108, 0
1981,117, 0
1982,115, 0
1983,108, 4
1984,76, 160
1985,76, 118
1986,76, 332
1987,63, 41
1988,91, 0
1989,121, 0
1990,139, 1
1991,139, 0
1992,145, 0
1993,145, 0
1994,145, 0
1995,145, 0
1996,142, 0
1997,145, 0
1998,145, 0
1999,140, 0
2000,138, 0
2001,137, 0
2002,134, 0
2003,133, 0
2004,136, 0
2005,127, 0
2006,120, 0
2007,122, 0
2008,119, 0
2009,120, 0
2010,124, 0
2011,112, 0
2012,108, 0
2013,104, 0
2014,74, 0
2015,57, 0
2016,51, 0
2017,57, 0
2018,54, 0
2019,72, 0
2020,102, 0
2021,95, 0
2022,104, 0
2023,102, 0
2024,95, 0
2025,94, 0
2026,96, 0
2027,112, 0
2028,92, 0
2029,95, 0
2030,95, 0
2031,95, 0
2032,117, 0
2033,95, 0
2034,103, 0
2035,102, 0
2036,111, 0
2037,110, 0
2038,106, 0
2039,105, 0
2040,117, 0
2041,109, 0
2042,115, 0
2043,108, 0
2044,94, 73
2045,81, 94
2046,83, 258
2047,70, 223
2048,70, 158
2049,84, 34
2050,115, 0
2051,131, 0
2052,144, 0
2053,144, 0
2054,137, 0
2055,138, 0
2056,139, 0
2057,133, 0
2058,124, 0
2059,131, 0
2060,128, 0
2061,123, 0
2062,128, 0
2063,122, 0
2064,116, 0
2065,130, 0
2066,115, 0
2067,121, 0
2068,108, 0
2069,108, 0
2070,102, 0
2071,101, 0
2072,108, 0
2073,104, 0
2074,92, 0
2075,54, 0
2076,44, 0
2077,36, 12
2078,43, 0
2079,35, 0
2080,76, 0
2081,104, 0
2082,92, 0
2083,106, 0
2084,102, 0
2085,101, 0
2086,102, 0
2087,100, 0
2088,101, 0
2089,100, 0
2090,101, 0
2091,101, 0
2092,95, 0
2093,95, 0
2094,93, 0
2095,96, 0
2096,99, 0
2097,112, 0
2098,108, 0
2099,103, 0
2100,100, 0
2101,105, 0
2102,104, 0
2103,109, 0
2104,105, 0
2105,89, 1
2106,81, 169
2107,58, 120
2108,62, 48
2109,67, 115
2110,84, 0
2111,112, 0
2112,131, 0
2113,145, 0
2114,137, 0
2115,137, 0
2116,137, 0
2117,137, 0
2118,151, 0
2119,135, 0
2120,133, 0
2121,133, 0
2122,135, 0
2123,133, 0
2124,131, 0
2125,151, 0
2126,123, 0
2127,125, 0
2128,130, 0
2129,115, 0
2130,117, 0
2131,112, 0
2132,106, 0
2133,95, 0
2134,104, 0
2135,89, 0
2136,63, 0
2137,55, 0
2138,39, 0
2139,38, 0
2140,52, 0
2141,76, 0
2142,102, 0
2143,100, 0
2144,108, 0
2145,106, 0
2146,97, 0
2147,96, 0
2148,97, 0
2149,102, 0
2150,102, 0
2151,100, 0
2152,100, 0
2153,110, 0
2154,93, 0
2155,99, 0
2156,101, 0
2157,101, 0
2158,108, 0
2159,105, 0
2160,108, 0
2161,108, 0
2162,108, 0
2163,110, 0
2164,108, 0
2165,110, 10
2166,92, 34
2167,73, 115
2168,59, 72
2169,69, 87
2170,90, 77
2171,89, 0
2172,121, 0
2173,139, 0
2174,138, 0
2175,141, 0
2176,139, 0
2177,140, 0
2178,132, 0
2179,140, 0
2180,137, 0
2181,129, 0
2182,127, 0
2183,129, 0
2184,122, 0
2185,128, 0
2186,121, 0
2187,119, 0
2188,121, 0
2189,111, 0
2190,118, 0
2191,112, 0
2192,109, 0
2193,112, 0
2194,104, 0
2195,97, 0
2196,83, 0
2197,60, 0
2198,31, 0
2199,42, 0
2200,44, 0
2201,51, 0
2202,81, 0
2203,104, 0
2204,106, 0
2205,96, 0
2206,94, 0
2207,102, 0
2208,101, 0
2209,93, 0
2210,95, 0
2211,95, 0
2212,97, 0
2213,95, 0
2214,95, 0
2215,88, 0
2216,97, 0
2217,95, 0
2218,86, 0
2219,94, 0
2220,106, 0
2221,91, 0
2222,103, 0
2223,103, 0
2224,108, 0
2225,115, 0
2226,115, 6
2227,101, 27
2228,89, 257
2229,88, 196
2230,79, 94
2231,68, 119
2232,95, 14
2233,121, 0
2234,137, 0
2235,137, 0
2236,138, 0
2237,133, 0
2238,134, 0
2239,133, 0
2240,127, 0
2241,135, 0
2242,126, 0
2243,127, 0
2244,129, 0
2245,124, 0
2246,126, 0
2247,119, 0
2248,113, 0
2249,112, 0
2250,104, 0
2251,107, 0
2252,105, 0
2253,108, 0
2254,97, 0
2255,101, 0
2256,94, 0
2257,90, 6
2258,57, 0
2259,39, 0
2260,39, 0
2261,41, 55
2262,53, 4
2263,78, 0
2264,91, 0
2265,94, 0
2266,95, 0
2267,95, 0
2268,94, 0
2269,92, 0
2270,92, 0
2271,95, 0
2272,96, 0
2273,95, 0
2274,97, 0
2275,97, 0
2276,95, 0
2277,96, 0
2278,99, 0
2279,105, 0
2280,104, 0
2281,112, 0
2282,99, 0
2283,108, 0
2284,100, 0
2285,106, 0
2286,119, 0
2287,116, 0
2288,99, 31
2289,80, 76
2290,76, 111
2291,70, 104
2292,74, 7
2293,92, 0
2294,116, 0
2295,133, 0
2296,137, 0
2297,139, 0
2298,139, 0
2299,134, 0
2300,132, 0
2301,130, 0
2302,133, 0
2303,124, 0
2304,122, 0
2305,121, 0
2306,115, 0
2307,120, 0
2308,116, 0
2309,116, 0
2310,112, 0
2311,120, 0
2312,112, 0
2313,111, 0
2314,105, 0
2315,105, 0
2316,106, 0
2317,105, 0
2318,90, 0
2319,69, 0
2320,56, 37
2321,53, 38
2322,63, 158
2323,76, 0
2324,103, 0
2325,110, 0
2326,115, 0
2327,112, 0
2328,104, 0
2329,104, 0
2330,102, 0
2331,95, 0
2332,95, 0
2333,90, 0
2334,87, 0
2335,89, 0
2336,78, 0
2337,92, 0
2338,92, 0
2339,92, 0
2340,99, 0
2341,99, 0
2342,99, 0
2343,99, 0
2344,104, 0
2345,107, 0
2346,106, 0
2347,107, 0
2348,101, 1
2349,90, 62
2350,88, 186
2351,57, 0
2352,59, 278
2353,63, 92
2354,84, 0
2355,116, 0
2356,130, 0
2357,133, 0
2358,128, 0
2359,131, 0
2360,128, 0
2361,128, 0
2362,125, 0
2363,124, 0
2364,133, 0
2365,128, 0
2366,125, 0
2367,127, 0
2368,119, 0
2369,108, 0
2370,111, 0
2371,105, 0
2372,94, 0
2373,99, 0
2374,103, 0
2375,96, 0
2376,95, 0
2377,92, 0
2378,117, 0
2379,78, 0
2380,59, 0
2381,43, 4
2382,44, 0
2383,46, 32
2384,56, 0
2385,83, 0
2386,100, 0
2387,102, 0
2388,119, 0
2389,99, 0
2390,103, 0
2391,95, 0
2392,94, 0
2393,92, 0
2394,97, 0
2395,95, 0
2396,96, 0
2397,97, 0
2398,113, 0
2399,97, 0
2400,103, 0
2401,115, 0
2402,108, 0
2403,107, 0
2404,108, 0
2405,109, 0
2406,104, 0
2407,110, 0
2408,118, 0
2409,115, 0
2410,103, 44
2411,87, 131
2412,85, 160
2413,74, 155
2414,79, 18
2415,100, 0
2416,127, 0
2417,143, 0
2418,147, 0
2419,147, 0
2420,145, 0
2421,147, 0
2422,142, 6
2423,145, 0
2424,141, 0
2425,139, 0
2426,144, 0
2427,139, 0
2428,139, 0
2429,138, 0
2430,136, 0
2431,133, 0
2432,125, 0
2433,123, 0
2434,126, 0
2435,125, 0
2436,120, 0
2437,119, 0
2438,109, 0
2439,116, 0
2440,97, 0
2441,76, 0
2442,64, 0
2443,57, 0
2444,57, 0
2445,69, 0
2446,91, 0
2447,113, 0
2448,115, 0
2449,122, 0
2450,104, 0
2451,107, 0
2452,107, 0
2453,104, 0
2454,100, 0
2455,107, 0
2456,99, 0
2457,92, 0
2458,103, 0
2459,103, 0
2460,104, 0
2461,92, 0
2462,109, 0
2463,109, 0
2464,107, 0
2465,106, 0
2466,113, 0
2467,112, 0
2468,117, 0
2469,123, 0
2470,121, 0
2471,99, 90
2472,67, 112
2473,80, 69
2474,80, 19
2475,96, 0
2476,104, 0
2477,125, 0
2478,143, 0
2479,144, 0
2480,145, 0
2481,145, 0
2482,143, 0
2483,144, 0
2484,139, 0
2485,139, 0
2486,136, 0
2487,137, 0
2488,133, 0
2489,135, 0
2490,134, 0
2491,134, 0
2492,130, 0
2493,128, 0
2494,131, 0
2495,121, 0
2496,119, 0
2497,115, 0
2498,115, 0
2499,108, 0
2500,106, 0
2501,86, 0
2502,78, 0
2503,60, 0
2504,53, 0
2505,54, 0
2506,67, 0
2507,95, 0
2508,105, 0
2509,108, 0
2510,109, 0
2511,108, 0
2512,108, 0
2513,104, 0
2514,106, 0
2515,95, 0
2516,99, 0
2517,100, 0
2518,101, 0
2519,102, 0
2520,95, 0
2521,96, 0
2522,106, 0
2523,110, 0
2524,104, 0
2525,106, 0
2526,106, 0
2527,108, 0
2528,107, 0
2529,113, 0
2530,108, 0
2531,102, 0
2532,95, 89
2533,88, 12
2534,60, 72
2535,64, 47
2536,68, 76
2537,100, 0
2538,122, 0
2539,138, 0
2540,144, 0
2541,138, 0
2542,133, 0
2543,133, 0
2544,133, 0
2545,134, 0
2546,138, 0
2547,135, 0
2548,139, 0
2549,135, 0
2550,136, 0
2551,139, 0
2552,131, 0
2553,127, 0
2554,127, 0
2555,118, 0
2556,123, 0
2557,107, 0
2558,124, 0
2559,116, 0
2560,109, 0
2561,106, 0
2562,93, 0
2563,64, 0
2564,48, 0
2565,47, 0
2566,51, 0
2567,59, 0
2568,86, 0
2569,99, 0
2570,115, 0
2571,108, 0
2572,105, 0
2573,108, 0
2574,109, 0
2575,100, 0
2576,105, 0
2577,102, 0
2578,106, 0
2579,100, 0
2580,104, 0
2581,104, 0
2582,106, 0
2583,104, 0
2584,108, 0
2585,111, 0
2586,111, 3
2587,111, 0
2588,104, 0
2589,104, 0
2590,111, 0
2591,124, 0
2592,110, 0
2593,92, 142
2594,109, 167
2595,64, 130
2596,72, 63
2597,76, 71
2598,101, 0
2599,125, 0
2600,136, 0
2601,139, 0
2602,139, 0
2603,144, 0
2604,139, 0
2605,140, 0
2606,140, 0
2607,144, 0
2608,139, 0
2609,140, 0
2610,136, 0
2611,133, 0
2612,126, 0
2613,127, 0
2614,122, 0
2615,117, 0
2616,115, 2
2617,116, 0
2618,120, 0
2619,113, 0
2620,113, 0
2621,111, 0
2622,107, 0
2623,85, 0
2624,88, 0
2625,63, 0
2626,69, 0
2627,69, 0
2628,80, 0
2629,107, 0
2630,110, 0
2631,110, 0
2632,122, 0
2633,115, 0
2634,116, 0
2635,107, 0
2636,108, 0
2637,109, 0
2638,108, 0
2639,108, 0
2640,109, 0
2641,108, 0
2642,104, 0
2643,107, 6
2644,100, 0
2645,93, 0
2646,99, 0
2647,102, 0
2648,94, 0
2649,105, 0
2650,104, 0
2651,108, 0
2652,111, 0
2653,122, 0
2654,83, 31
2655,71, 144
2656,68, 185
2657,61, 254
2658,69, 7
2659,92, 0
2660,115, 0
2661,126, 0
2662,134, 0
2663,133, 0
2664,139, 0
2665,139, 0
2666,139, 0
2667,133, 0
2668,144, 0
2669,136, 0
2670,137, 0
2671,126, 0
2672,133, 0
2673,134, 0
2674,131, 0
2675,133, 0
2676,128, 0
2677,118, 0
2678,118, 0
2679,112, 0
2680,107, 0
2681,118, 0
2682,121, 0
2683,105, 0
2684,92, 0
2685,80, 0
2686,77, 1
2687,61, 0
2688,70, 0
2689,73, 0
2690,104, 0
2691,115, 0
2692,101, 0
2693,111, 0
2694,108, 0
2695,104, 0
2696,106, 0
2697,104, 0
2698,106, 0
2699,105, 0
2700,105, 0
2701,105, 0
2702,104, 0
2703,102, 0
2704,115, 0
2705,104, 0
2706,120, 0
2707,113, 0
2708,112, 0
2709,110, 0
2710,109, 0
2711,121, 0
2712,118, 0
2713,122, 0
2714,111, 0
2715,102, 11
2716,85, 158
2717,76, 117
2718,85, 136
2719,89, 27
2720,108, 0
2721,134, 0
2722,139, 0
2723,139, 0
2724,138, 0
2725,139, 0
2726,140, 0
2727,140, 0
2728,164, 0
2729,129, 0
2730,136, 0
2731,138, 0
2732,137, 0
2733,140, 0
2734,133, 0
2735,130, 0
2736,128, 0
2737,129, 0
2738,121, 0
2739,123, 0
2740,118, 0
2741,109, 0
2742,105, 0
2743,110, 0
2744,112, 0
2745,100, 0
2746,75, 7
2747,70, 4
2748,75, 0
2749,57, 0
2750,71, 0
2751,95, 0
2752,106, 0
2753,111, 0
2754,104, 0
2755,108, 0
2756,108, 0
2757,96, 0
2758,90, 0
2759,97, 0
2760,101, 0
2761,97, 0
2762,102, 0
2763,95, 0
2764,95, 0
2765,95, 0
2766,93, 0
2767,99, 0
2768,95, 0
2769,99, 0
2770,101, 0
2771,105, 0
2772,108, 0
2773,106, 0
2774,102, 0
2775,107, 0
2776,94, 102
2777,79, 45
2778,80, 67
2779,72, 80
2780,87, 85
2781,110, 0
2782,138, 0
2783,149, 4
2784,139, 0
2785,149, 0
2786,148, 0
2787,132, 0
2788,145, 0
2789,152, 0
2790,145, 0
2791,143, 0
2792,145, 0
2793,139, 0
2794,143, 0
2795,143, 0
2796,139, 0
2797,136, 0
2798,135, 0
2799,133, 0
2800,127, 0
2801,126, 0
2802,117, 0
2803,109, 0
2804,105, 0
2805,100, 0
2806,83, 0
2807,64, 0
2808,60, 0
2809,63, 39
2810,67, 0
2811,73, 0
2812,88, 0
2813,108, 0
2814,109, 0
2815,105, 0
2816,102, 0
2817,103, 0
2818,102, 0
2819,95, 0
2820,95, 0
2821,96, 0
2822,91, 0
2823,92, 0
2824,90, 0
2825,83, 0
2826,93, 0
2827,92, 0
2828,105, 0
2829,103, 0
2830,107, 0
2831,102, 0
2832,105, 0
2833,108, 0
2834,115, 0
2835,115, 0
2836,113, 0
2837,100, 72
2838,84, 84
2839,89, 56
2840,84, 187
2841,101, 0
2842,121, 0
2843,140, 0
2844,147, 0
2845,142, 0
2846,140, 0
2847,139, 0
2848,137, 0
2849,139, 0
2850,136, 0
2851,136, 0
2852,133, 0
2853,137, 0
2854,127, 0
2855,133, 0
2856,124, 0
2857,122, 0
2858,130, 0
2859,124, 0
2860,126, 0
2861,125, 0
2862,122, 0
2863,108, 0
2864,109, 0
2865,111, 0
2866,99, 0
2867,88, 0
2868,55, 0
2869,47, 5
2870,51, 48
2871,51, 0
2872,70, 0
2873,95, 0
2874,109, 0
2875,108, 0
2876,108, 0
2877,112, 0
2878,105, 0
2879,89, 0
2880,97, 0
2881,100, 0
2882,102, 0
2883,99, 0
2884,102, 0
2885,111, 0
2886,108, 0
2887,110, 0
2888,112, 0
2889,101, 0
2890,113, 0
2891,111, 0
2892,110, 0
2893,109, 0
2894,107, 0
2895,113, 0
2896,116, 0
2897,102, 79
2898,93, 92
2899,79, 176
2900,68, 153
2901,73, 148
2902,78, 23
2903,102, 0
2904,137, 0
2905,140, 0
2906,153, 0
2907,137, 0
2908,138, 0
2909,133, 0
2910,135, 0
2911,143, 0
2912,136, 0
2913,135, 0
2914,139, 0
2915,132, 0
2916,127, 0
2917,118, 0
2918,125, 0
2919,120, 0
2920,121, 0
2921,115, 0
2922,118, 0
2923,112, 0
2924,104, 0
2925,108, 0
2926,104, 0
2927,95, 0
2928,78, 0
2929,56, 0
2930,57, 0
2931,57, 0
2932,58, 0
2933,77, 0
2934,97, 0
2935,115, 0
2936,118, 0
2937,111, 0
2938,102, 0
2939,105, 0
2940,96, 0
2941,97, 0
2942,99, 0
2943,99, 0
2944,99, 0
2945,96, 0
2946,99, 0
2947,118, 0
2948,90, 0
2949,116, 0
2950,105, 0
2951,112, 0
2952,112, 0
2953,112, 0
2954,115, 0
2955,110, 0
2956,119, 0
2957,128, 0
2958,125, 0
2959,102, 27
2960,95, 65
2961,97, 83
2962,89, 45
2963,95, 31
2964,111, 0
2965,126, 0
2966,129, 0
2967,119, 0
2968,126, 0
2969,122, 0
2970,120, 0
2971,121, 0
2972,103, 0
2973,107, 0
2974,116, 0
2975,90, 0
2976,105, 0
2977,112, 0
2978,124, 0
2979,133, 0
2980,127, 0
2981,128, 0
2982,132, 0
2983,118, 0
2984,109, 0
2985,108, 0
2986,105, 0
2987,102, 0
2988,100, 0
2989,83, 0
2990,74, 0
2991,63, 0
2992,75, 0
2993,81, 54
2994,93, 0
2995,118, 0
2996,130, 0
2997,143, 0
2998,137, 0
2999,122, 0
3000,125, 0
3001,108, 0
3002,97, 0
3003,92, 0
3004,99, 0
3005,90, 0
3006,95, 0
3007,95, 0
3008,95, 0
3009,104, 0
3010,105, 0
3011,115, 0
3012,115, 0
3013,113, 0
3014,117, 0
3015,115, 0
3016,120, 0
3017,115, 0
3018,105, 0
3019,115, 0
3020,100, 6
3021,86, 170
3022,81, 190
3023,93, 150
3024,86, 64
3025,105, 0
3026,121, 0
3027,130, 0
3028,133, 0
3029,142, 0
3030,136, 0
3031,133, 0
3032,137, 0
3033,133, 0
3034,128, 0
3035,131, 0
3036,137, 0
3037,134, 0
3038,138, 0
3039,133, 0
3040,130, 0
3041,128, 0
3042,126, 0
3043,127, 0
3044,123, 0
3045,126, 0
3046,122, 0
3047,119, 0
3048,118, 0
3049,118, 0
3050,91, 0
3051,76, 0
3052,57, 0
3053,50, 0
3054,53, 0
3055,65, 0
3056,95, 0
3057,113, 0
3058,110, 0
3059,106, 0
3060,107, 0
3061,108, 0
3062,99, 0
3063,99, 0
3064,95, 0
3065,97, 0
3066,97, 0
3067,101, 0
3068,101, 0
3069,102, 0
3070,96, 0
3071,97, 0
3072,102, 0
3073,104, 0
3074,102, 0
3075,102, 0
3076,102, 0
3077,108, 0
3078,108, 0
3079,111, 0
3080,111, 97
3081,96, 149
3082,90, 137
3083,84, 126
3084,88, 153
3085,93, 137
3086,121, 0
3087,145, 0
3088,145, 0
3089,148, 0
3090,139, 0
3091,145, 0
3092,150, 0
3093,150, 0
3094,144, 0
3095,147, 0
3096,144, 0
3097,138, 0
3098,139, 0
3099,139, 0
3100,141, 0
3101,135, 0
3102,133, 0
3103,128, 0
3104,125, 0
3105,123, 0
3106,123, 0
3107,137, 0
3108,112, 0
3109,115, 0
3110,111, 0
3111,91, 0
3112,67, 0
3113,54, 9
3114,52, 0
3115,61, 0
3116,77, 0
3117,100, 0
3118,107, 0
3119,109, 0
3120,108, 0
3121,94, 0
3122,107, 0
3123,102, 0
3124,101, 0
3125,101, 0
3126,102, 0
3127,104, 0
3128,102, 0
3129,107, 0
3130,103, 0
3131,102, 0
3132,101, 0
3133,105, 0
3134,108, 0
3135,105, 0
3136,101, 0
3137,103, 0
3138,99, 0
3139,103, 0
3140,102, 0
3141,89, 12
3142,78, 69
3143,74, 135
3144,52, 193
3145,55, 70
3146,76, 17
3147,109, 0
3148,135, 0
3149,149, 0
3150,152, 0
3151,151, 0
3152,152, 0
3153,150, 0
3154,143, 0
3155,145, 0
3156,140, 0
3157,150, 0
3158,152, 0
3159,152, 0
3160,139, 0
3161,137, 0
3162,121, 0
3163,125, 0
3164,130, 0
3165,137, 0
3166,145, 0
3167,152, 0
3168,137, 0
3169,134, 0
3170,115, 0
3171,95, 0
3172,58, 0
3173,35, 0
3174,20, 0
3175,25, 0
3176,37, 0
3177,57, 0
3178,81, 0
3179,92, 0
3180,95, 0
3181,97, 0
3182,95, 0
3183,94, 0
3184,92, 0
3185,92, 0
3186,92, 0
3187,95, 0
3188,94, 0
3189,103, 0
3190,103, 0
3191,94, 0
3192,95, 0
3193,102, 0
3194,112, 0
3195,103, 0
3196,107, 0
3197,101, 0
3198,109, 0
3199,108, 0
3200,115, 0
3201,116, 3
3202,102, 22
3203,102, 87
3204,83, 112
3205,86, 133
3206,85, 181
3207,90, 51
3208,118, 0
3209,145, 0
3210,152, 0
3211,170, 0
3212,161, 0
3213,158, 0
3214,156, 0
3215,151, 0
3216,145, 0
3217,141, 0
3218,143, 0
3219,135, 0
3220,135, 0
3221,128, 0
3222,121, 0
3223,104, 0
3224,89, 0
3225,83, 0
3226,83, 0
3227,90, 0
3228,99, 0
3229,108, 0
3230,116, 0
3231,121, 0
3232,136, 0
3233,119, 0
3234,92, 0
3235,81, 0
3236,102, 0
3237,88, 0
3238,93, 0
3239,102, 0
3240,103, 0
3241,95, 0
3242,87, 0
3243,92, 0
3244,92, 0
3245,95, 0
3246,101, 0
3247,93, 0
3248,97, 0
3249,77, 0
3250,84, 0
3251,81, 0
3252,91, 0
3253,107, 0
3254,101, 0
3255,105, 5
3256,117, 0
3257,108, 0
3258,110, 0
3259,111, 0
3260,109, 0
3261,109, 0
3262,121, 0
3263,109, 0
3264,101, 126
3265,89, 109
3266,88, 79
3267,86, 65
3268,100, 15
3269,119, 0
3270,143, 0
3271,135, 0
3272,141, 0
3273,137, 0
3274,139, 0
3275,139, 0
3276,137, 0
3277,135, 0
3278,124, 0
3279,116, 0
3280,124, 0
3281,115, 0
3282,121, 0
3283,124, 0
3284,121, 0
3285,132, 0
3286,118, 0
3287,121, 0
3288,117, 0
3289,122, 0
3290,112, 0
3291,112, 0
3292,112, 0
3293,107, 0
3294,96, 0
3295,71, 0
3296,70, 0
3297,100, 0
3298,74, 0
3299,88, 0
3300,101, 0
3301,105, 0
3302,104, 0
3303,95, 0
3304,92, 0
3305,95, 0
3306,86, 0
3307,92, 0
3308,90, 0
3309,99, 0
3310,95, 0
3311,102, 0
3312,108, 0
3313,115, 0
3314,126, 0
3315,139, 0
3316,141, 0
3317,139, 0
3318,147, 0
3319,143, 0
3320,143, 0
3321,136, 0
3322,145, 0
3323,139, 0
3324,125, 0
3325,117, 76
3326,104, 297
3327,87, 139
3328,81, 183
3329,87, 39
3330,101, 0
3331,107, 0
3332,102, 0
3333,117, 0
3334,121, 0
3335,132, 0
3336,121, 0
3337,135, 0
3338,138, 0
3339,141, 0
3340,148, 0
3341,140, 0
3342,138, 0
3343,139, 0
3344,136, 0
3345,140, 0
3346,131, 0
3347,129, 0
3348,126, 2
3349,116, 0
3350,115, 0
3351,111, 0
3352,111, 0
3353,100, 0
3354,95, 0
3355,68, 0
3356,57, 1
3357,53, 0
3358,71, 37
3359,54, 0
3360,74, 0
3361,95, 0
3362,110, 0
3363,108, 0
3364,108, 0
3365,102, 0
3366,92, 0
3367,97, 0
3368,100, 0
3369,97, 0
3370,96, 0
3371,95, 0
3372,94, 0
3373,94, 0
3374,92, 0
3375,92, 0
3376,95, 0
3377,106, 0
3378,100, 0
3379,104, 0
3380,96, 0
3381,102, 0
3382,101, 0
3383,106, 0
3384,112, 0
3385,101, 0
3386,83, 152
3387,70, 0
3388,74, 80
3389,78, 139
3390,96, 0
3391,140, 0
3392,136, 0
3393,139, 0
3394,136, 0
3395,144, 0
3396,139, 0
3397,145, 0
3398,144, 0
3399,147, 0
3400,141, 0
3401,150, 0
3402,150, 0
3403,144, 0
3404,141, 0
3405,139, 0
3406,135, 0
3407,135, 0
3408,127, 0
3409,125, 0
3410,113, 0
3411,106, 0
3412,89, 0
3413,79, 0
3414,86, 0
3415,88, 0
3416,72, 0
3417,73, 0
3418,70, 0
3419,75, 0
3420,65, 0
3421,89, 0
3422,107, 0
3423,115, 0
3424,116, 0
3425,116, 0
3426,108, 0
3427,103, 0
3428,112, 0
3429,105, 0
3430,95, 0
3431,101, 0
3432,102, 0
3433,103, 0
3434,102, 0
3435,100, 0
3436,103, 0
3437,105, 0
3438,116, 0
3439,117, 0
3440,121, 0
3441,124, 0
3442,127, 0
3443,127, 0
3444,133, 0
3445,131, 0
3446,124, 12
3447,108, 78
3448,86, 191
3449,70, 18
3450,61, 97
3451,58, 0
3452,76, 0
3453,95, 0
3454,121, 0
3455,136, 0
3456,135, 0
3457,133, 0
3458,139, 0
3459,133, 0
3460,122, 0
3461,133, 0
3462,135, 0
3463,130, 0
3464,129, 0
3465,128, 0
3466,129, 0
3467,131, 0
3468,127, 0
3469,127, 0
3470,122, 0
3471,118, 0
3472,119, 0
3473,111, 0
3474,110, 0
3475,115, 0
3476,104, 0
3477,84, 0
3478,63, 0
3479,58, 0
3480,52, 0
3481,71, 0
3482,92, 0
3483,95, 0
3484,121, 0
3485,120, 0
3486,119, 0
3487,113, 0
3488,113, 0
3489,92, 0
3490,104, 0
3491,107, 0
3492,108, 0
3493,110, 0
3494,99, 0
3495,105, 0
3496,101, 0
3497,102, 0
3498,102, 0
3499,108, 0
3500,102, 0
3501,105, 0
3502,103, 0
3503,95, 0
3504,81, 0
3505,80, 0
3506,83, 0
3507,78, 28
3508,76, 115
3509,63, 95
3510,74, 21
3511,70, 63
3512,95, 0
3513,119, 0
3514,150, 0
3515,164, 0
3516,159, 0
3517,157, 0
3518,148, 0
3519,147, 6
3520,140, 0
3521,142, 0
3522,151, 0
3523,145, 0
3524,148, 0
3525,139, 0
3526,140, 0
3527,133, 0
3528,119, 0
3529,118, 0
3530,110, 0
3531,115, 0
3532,131, 0
3533,110, 0
3534,102, 0
3535,102, 0
3536,112, 0
3537,99, 0
3538,93, 0
3539,74, 0
3540,68, 0
3541,77, 0
3542,84, 0
3543,99, 0
3544,111, 0
3545,112, 0
3546,108, 0
3547,102, 0
3548,106, 0
3549,113, 0
3550,101, 0
3551,101, 0
3552,115, 0
3553,96, 0
3554,96, 0
3555,97, 0
3556,93, 0
3557,94, 0
3558,93, 0
3559,92, 0
3560,92, 0
3561,95, 0
3562,97, 0
3563,96, 0
3564,105, 0
3565,101, 0
3566,109, 0
3567,116, 0
3568,101, 28
3569,87, 122
3570,80, 104
3571,77, 95
3572,76, 32
3573,95, 0
3574,121, 0
3575,136, 0
3576,133, 0
3577,136, 0
3578,133, 0
3579,129, 0
3580,125, 0
3581,123, 0
3582,138, 0
3583,133, 0
3584,135, 0
3585,136, 0
3586,140, 0
3587,148, 0
3588,149, 0
3589,145, 0
3590,143, 0
3591,148, 0
3592,148, 0
3593,136, 0
3594,145, 0
3595,139, 0
3596,126, 0
3597,106, 0
3598,87, 0
3599,59, 0
3600,45, 0
3601,47, 0
3602,77, 0
3603,63, 0
3604,76, 0
3605,105, 0
3606,117, 0
3607,108, 0
3608,124, 0
3609,121, 0
3610,130, 0
3611,115, 0
3612,103, 0
3613,102, 0
3614,102, 0
3615,92, 0
3616,95, 0
3617,99, 0
3618,92, 0
3619,94, 0
3620,102, 0
3621,106, 0
3622,110, 0
3623,119, 0
3624,113, 0
3625,115, 0
3626,111, 0
3627,115, 0
3628,120, 0
3629,105, 6
3630,85, 69
3631,83, 87
3632,73, 157
3633,69, 183
3634,76, 0
3635,89, 0
3636,102, 0
3637,101, 0
3638,118, 0
3639,127, 0
3640,136, 0
3641,139, 0
3642,121, 0
3643,133, 0
3644,133, 0
3645,130, 0
3646,127, 0
3647,133, 0
3648,127, 0
3649,119, 0
3650,127, 0
3651,128, 0
3652,124, 0
3653,126, 0
3654,118, 0
3655,117, 0
3656,116, 0
3657,100, 0
3658,107, 0
3659,99, 0
3660,77, 0
3661,63, 0
3662,53, 0
3663,53, 0
3664,64, 0
3665,83, 0
3666,105, 0
3667,119, 0
3668,110, 0
3669,112, 0
3670,111, 0
3671,112, 0
3672,104, 0
3673,108, 0
3674,124, 0
3675,105, 0
3676,105, 0
3677,108, 0
3678,104, 0
3679,108, 0
3680,108, 0
3681,107, 0
3682,108, 0
3683,112, 0
3684,106, 0
3685,108, 0
3686,113, 0
3687,115, 0
3688,115, 0
3689,120, 0
3690,96, 18
3691,79, 176
3692,83, 76
3693,68, 216
3694,70, 133
3695,87, 67
3696,120, 0
3697,131, 0
3698,144, 0
3699,136, 0
3700,139, 0
3701,135, 0
3702,134, 0
3703,142, 0
3704,136, 0
3705,134, 0
3706,132, 0
3707,136, 0
3708,128, 0
3709,132, 0
3710,131, 0
3711,128, 0
3712,123, 0
3713,127, 0
3714,130, 0
3715,128, 0
3716,127, 0
3717,121, 0
3718,125, 0
3719,121, 0
3720,108, 0
3721,90, 0
3722,74, 0
3723,57, 0
3724,57, 0
3725,63, 0
3726,89, 0
3727,109, 0
3728,126, 0
3729,126, 0
3730,121, 0
3731,119, 0
3732,102, 0
3733,88, 0
3734,64, 0
3735,63, 0
3736,76, 0
3737,84, 0
3738,95, 0
3739,102, 0
3740,99, 0
3741,126, 0
3742,128, 0
3743,133, 0
3744,124, 0
3745,117, 0
3746,124, 0
3747,104, 0
3748,104, 0
3749,102, 0
3750,118, 0
3751,104, 63
3752,83, 109
3753,83, 202
3754,81, 148
3755,72, 226
3756,88, 1
3757,102, 0
3758,118, 0
3759,111, 0
3760,109, 0
3761,121, 0
3762,133, 0
3763,155, 0
3764,164, 0
3765,170, 0
3766,164, 0
3767,164, 0
3768,157, 0
3769,148, 0
3770,145, 0
3771,141, 0
3772,149, 0
3773,153, 0
3774,139, 0
3775,133, 0
3776,126, 0
3777,120, 0
3778,118, 0
3779,119, 0
3780,121, 0
3781,109, 0
3782,90, 0
3783,64, 0
3784,52, 0
3785,51, 0
3786,63, 0
3787,85, 0
3788,100, 0
3789,109, 0
3790,117, 0
3791,105, 0
3792,109, 0
3793,100, 0
3794,93, 0
3795,94, 0
3796,101, 0
3797,101, 0
3798,96, 0
3799,96, 0
3800,96, 0
3801,92, 0
3802,84, 0
3803,89, 0
3804,86, 0
3805,89, 0
3806,91, 0
3807,92, 0
3808,102, 0
3809,103, 0
3810,115, 0
3811,120, 0
3812,103, 80
3813,90, 93
3814,78, 47
3815,91, 125
3816,86, 19
3817,97, 0
3818,117, 0
3819,124, 0
3820,113, 0
3821,104, 0
3822,92, 0
3823,107, 0
3824,111, 0
3825,108, 0
3826,109, 0
3827,121, 0
3828,135, 0
3829,153, 0
3830,167, 0
3831,165, 0
3832,160, 0
3833,149, 0
3834,141, 0
3835,141, 2
3836,128, 0
3837,139, 0
3838,139, 0
3839,133, 0
3840,127, 0
3841,104, 0
3842,89, 0
3843,73, 0
3844,52, 12
3845,60, 0
3846,54, 57
3847,67, 0
3848,91, 0
3849,113, 0
3850,127, 0
3851,137, 0
3852,144, 0
3853,152, 0
3854,144, 0
3855,137, 0
3856,137, 0
3857,121, 0
3858,117, 0
3859,110, 0
3860,111, 0
3861,94, 0
3862,70, 0
3863,25, 0
3864,0, 0
3865,6, 0
3866,28, 0
3867,65, 0
3868,97, 0
3869,99, 0
3870,108, 1
3871,115, 183
3872,124, 292
3873,90, 277
3874,83, 261
3875,55, 274
3876,62, 168
3877,73, 72
3878,92, 0
3879,105, 0
3880,133, 0
3881,133, 0
3882,127, 0
3883,128, 0
3884,113, 0
3885,105, 0
3886,116, 0
3887,123, 0
3888,122, 0
3889,127, 0
3890,130, 0
3891,128, 0
3892,131, 0
3893,138, 0
3894,136, 4
3895,139, 0
3896,141, 0
3897,135, 0
3898,140, 0
3899,138, 0
3900,148, 0
3901,144, 0
3902,136, 0
3903,115, 0
3904,77, 0
3905,59, 0
3906,60, 0
3907,61, 0
3908,92, 0
3909,122, 0
3910,141, 0
3911,143, 0
3912,140, 0
3913,125, 0
3914,139, 0
3915,127, 0
3916,131, 0
3917,127, 0
3918,117, 0
3919,121, 0
3920,119, 0
3921,117, 0
3922,116, 0
3923,116, 0
3924,115, 0
3925,116, 0
3926,120, 0
3927,110, 0
3928,112, 0
3929,102, 0
3930,103, 0
3931,102, 0
3932,106, 0
3933,104, 8
3934,96, 79
3935,78, 181
3936,75, 124
3937,58, 63
3938,63, 5
3939,80, 0
3940,97, 0
3941,108, 0
3942,108, 0
3943,102, 0
3944,94, 0
3945,108, 0
3946,135, 0
3947,133, 0
3948,145, 0
3949,158, 0
3950,167, 0
3951,168, 0
3952,158, 0
3953,152, 0
3954,139, 0
3955,148, 5
3956,183, 0
3957,248, 0
3958,329, 0
3959,404, 0
3960,452, 0
3961,479, 0
3962,465, 0
3963,432, 0
3964,386, 0
3965,332, 0
3966,278, 0
3967,224, 0
3968,163, 0
3969,89, 0
3970,35, 0
3971,0, 0
3972,0, 0
3973,68, 0
3974,202, 0
3975,330, 0
3976,373, 0
3977,348, 0
3978,254, 0
3979,143, 0
3980,34, 0
3981,2, 0
3982,59, 0
3983,136, 0
3984,131, 0
3985,136, 0
3986,153, 0
3987,159, 0
3988,184, 0
3989,188, 0
3990,184, 0
3991,181, 0
3992,161, 0
3993,139, 0
3994,125, 0
3995,99, 0
3996,79, 210
3997,47, 99
3998,37, 112
3999,12, 51
4000,3, 8
4001,0, 0
4002,1, 0
4003,0, 0
4004,0, 0
4005,0, 0
4006,47, 0
4007,147, 0
4008,234, 0
4009,286, 0
4010,300, 0
4011,301, 0
4012,309, 0
4013,315, 0
4014,308, 0
4015,312, 0
4016,306, 0
4017,300, 0
4018,279, 0
4019,260, 0
4020,238, 0
4021,189, 0
4022,119, 0
4023,28, 0
4024,0, 0
4025,56, 0
4026,126, 0
4027,153, 0
4028,145, 0
4029,123, 0
4030,63, 0
4031,0, 0
4032,31, 0
4033,113, 0
4034,176, 0
4035,210, 0
4036,224, 0
4037,219, 0
4038,197, 0
4039,170, 0
4040,177, 0
4041,191, 0
4042,220, 0
4043,243, 0
4044,244, 0
4045,233, 0
4046,196, 0
4047,176, 0
4048,135, 0
4049,95, 0
4050,83, 0
4051,86, 0
4052,104, 0
4053,116, 0
4054,118, 0
4055,104, 0
4056,71, 0
4057,15, 43
4058,3, 61
4059,5, 182
4060,51, 289
4061,105, 152
4062,171, 192
4063,221, 137
4064,245, 111
4065,238, 50
4066,226, 0
4067,217, 0
4068,208, 0
4069,187, 0
4070,155, 0
4071,123, 0
4072,92, 0
4073,85, 0
4074,112, 0
4075,157, 0
4076,231, 0
4077,256, 0
4078,247, 0
4079,212, 0
4080,170, 0
4081,135, 0
4082,133, 0
4083,170, 0
4084,223, 0
4085,260, 0
4086,283, 0
4087,264, 0
4088,213, 0
4089,109, 0
4090,19, 113
4091,0, 0
4092,0, 0
4093,0, 0
4094,21, 0
4095,84, 0
4096,133, 0
4097,127, 0
4098,75, 0
4099,7, 0
4100,0, 0
4101,6, 0
4102,3, 0
4103,0, 0
4104,1, 0
4105,28, 0
4106,71, 0
4107,130, 0
4108,177, 0
4109,222, 0
4110,263, 0
4111,266, 0
4112,253, 0
4113,212, 0
4114,174, 0
4115,151, 0
4116,124, 0
4117,72, 0
4118,35, 76
4119,5, 92
4120,0, 15
4121,0, 38
4122,0, 0
4123,0, 0
4124,0, 0
4125,0, 0
4126,0, 0
4127,0, 0
4128,0, 0
4129,0, 5
4130,0, 0
4131,0, 0
4132,22, 0
4133,77, 0
4134,118, 0
4135,161, 0
4136,197, 0
4137,201, 0
4138,213, 0
4139,197, 0
4140,185, 0
4141,170, 0
4142,172, 0
4143,183, 0
4144,199, 0
4145,200, 0
4146,170, 0
4147,126, 0
4148,106, 0
4149,95, 0
4150,89, 0
4151,68, 0
4152,73, 0
4153,100, 0
4154,156, 0
4155,189, 0
4156,191, 0
4157,187, 0
4158,139, 0
4159,121, 0
4160,97, 0
4161,63, 0
4162,9, 0
4163,0, 0
4164,0, 0
4165,0, 0
4166,0, 0
4167,0, 0
4168,4, 25
4169,0, 156
4170,0, 76
4171,0, 42
4172,24, 1
4173,83, 0
4174,167, 0
4175,264, 0
4176,331, 0
4177,373, 0
4178,390, 38
4179,396, 62
4180,408, 176
4181,430, 170
4182,416, 4
4183,396, 0
4184,374, 0
4185,369, 5
4186,406, 0
4187,473, 0
4188,529, 0
4189,535, 0
4190,499, 0
4191,442, 0
4192,353, 0
4193,238, 0
4194,108, 0
4195,9, 0
4196,0, 0
4197,0, 0
4198,0, 0
4199,0, 0
4200,0, 0
4201,25, 2
4202,116, 0
4203,181, 0
4204,149, 0
4205,76, 0
4206,10, 0
4207,0, 0
4208,13, 0
4209,63, 0
4210,110, 0
4211,132, 0
4212,115, 0
4213,70, 0
4214,3, 0
4215,0, 0
4216,0, 0
4217,5, 0
4218,10, 0
4219,14, 0
4220,27, 0
4221,58, 0
4222,92, 0
4223,95, 0
4224,69, 0
4225,27, 0
4226,36, 0
4227,91, 0
4228,169, 0
4229,246, 0
4230,287, 0
4231,306, 0
4232,311, 0
4233,312, 0
4234,296, 0
4235,276, 0
4236,251, 0
4237,216, 0
4238,190, 0
4239,189, 34
4240,229, 43
4241,339, 0
4242,432, 0
4243,431, 0
4244,399, 0
4245,332, 0
4246,281, 0
4247,267, 0
4248,336, 0
4249,426, 0
4250,475, 0
4251,421, 0
4252,286, 0
4253,139, 0
4254,23, 0
4255,0, 0
4256,5, 0
4257,38, 0
4258,65, 0
4259,71, 0
4260,52, 0
4261,6, 0
4262,0, 0
4263,0, 0
4264,0, 0
4265,0, 0
4266,0, 0
4267,3, 0
4268,29, 0
4269,69, 0
4270,61, 0
4271,31, 0
4272,0, 0
4273,62, 0
4274,172, 0
4275,205, 0
4276,165, 0
4277,90, 0
4278,11, 0
4279,0, 0
4280,0, 0
4281,0, 0
4282,11, 0
4283,48, 0
4284,117, 0
4285,204, 0
4286,301, 0
4287,372, 0
4288,401, 0
4289,417, 0
4290,416, 83
4291,434, 187
4292,420, 215
4293,345, 169
4294,244, 5
4295,172, 0
4296,99, 0
4297,97, 0
4298,108, 0
4299,113, 45
4300,78, 104
4301,35, 181
4302,52, 69
4303,137, 12
4304,201, 76
4305,241, 0
4306,230, 0
4307,272, 0
4308,355, 0
4309,442, 0
4310,497, 0
4311,497, 0
4312,421, 0
4313,302, 0
4314,137, 0
4315,6, 0
4316,108, 0
4317,184, 0
4318,214, 0
4319,217, 0
4320,261, 0
4321,331, 0
4322,367, 0
4323,316, 0
4324,196, 0
4325,41, 0
4326,72, 0
4327,276, 0
4328,430, 0
4329,517, 0
4330,523, 0
4331,486, 0
4332,481, 0
4333,502, 0
4334,497, 0
4335,450, 0
4336,347, 0
4337,213, 0
4338,86, 0
4339,5, 0
4340,32, 0
4341,150, 0
4342,252, 0
4343,329, 0
4344,402, 0
4345,419, 0
4346,357, 0
4347,212, 0
4348,37, 0
4349,63, 0
4350,211, 0
4351,275, 0
4352,263, 0
4353,199, 0
4354,78, 0
4355,1, 0
4356,0, 0
4357,19, 0
4358,198, 0
4359,389, 0
4360,512, 0
4361,536, 88
4362,497, 212
4363,420, 136
4364,325, 58
4365,204, 127
4366,120, 10
4367,83, 0
4368,23, 0
4369,1, 0
4370,1, 0
4371,25, 0
4372,58, 0
4373,101, 0
4374,158, 0
4375,212, 0
4376,249, 0
4377,309, 0
4378,349, 0
4379,382, 0
4380,379, 0
4381,315, 0
4382,221, 0
4383,137, 0
4384,99, 0
4385,59, 0
4386,3, 0
4387,0, 0
4388,5, 0
4389,47, 0
4390,52, 0
4391,3, 0
4392,74, 0
4393,158, 0
4394,187, 22
4395,175, 0
4396,150, 0
4397,164, 0
4398,238, 0
4399,326, 0
4400,395, 0
4401,408, 0
4402,388, 0
4403,326, 0
4404,185, 0
4405,36, 0
4406,7, 0
4407,38, 0
4408,14, 0
4409,0, 0
4410,0, 0
4411,0, 0
4412,7, 0
4413,136, 0
4414,317, 0
4415,406, 0
4416,363, 0
4417,223, 0
4418,89, 0
4419,26, 0
4420,19, 0
4421,6, 0
4422,0, 133
4423,0, 112
4424,0, 156
4425,19, 95
4426,197, 0
4427,398, 0
4428,463, 0
4429,440, 0
4430,428, 0
4431,462, 0
4432,476, 0
4433,461, 0
4434,352, 0
4435,200, 0
4436,30, 0
4437,25, 0
4438,121, 0
4439,189, 0
4440,226, 0
4441,214, 0
4442,164, 0
4443,65, 11
4444,3, 64
4445,30, 203
4446,103, 2
4447,127, 0
4448,149, 0
4449,149, 0
4450,155, 0
4451,155, 0
4452,130, 0
4453,103, 0
4454,103, 0
4455,127, 0
4456,133, 0
4457,104, 0
4458,90, 0
4459,58, 0
4460,12, 0
4461,29, 0
4462,176, 0
4463,305, 0
4464,385, 0
4465,368, 0
4466,284, 0
4467,145, 0
4468,25, 0
4469,0, 0
4470,0, 0
4471,0, 0
4472,6, 0
4473,58, 0
4474,135, 0
4475,212, 0
4476,311, 0
4477,419, 0
4478,472, 0
4479,419, 0
4480,267, 17
4481,140, 150
4482,102, 256
4483,161, 244
4484,227, 202
4485,266, 130
4486,246, 89
4487,216, 34
4488,252, 0
4489,345, 0
4490,400, 0
4491,382, 0
4492,316, 0
4493,214, 0
4494,113, 0
4495,77, 0
4496,89, 0
4497,149, 0
4498,242, 0
4499,342, 0
4500,391, 0
4501,390, 0
4502,364, 0
4503,339, 0
4504,321, 0
4505,285, 0
4506,237, 1
4507,216, 47
4508,257, 14
4509,325, 0
4510,365, 0
4511,342, 0
4512,240, 0
4513,79, 0
4514,0, 0
4515,0, 0
4516,40, 0
4517,140, 0
4518,251, 0
4519,315, 0
4520,267, 0
4521,147, 0
4522,38, 0
4523,0, 0
4524,0, 0
4525,13, 0
4526,0, 0
4527,31, 0
4528,89, 0
4529,79, 0
4530,22, 0
4531,0, 0
4532,34, 0
4533,102, 0
4534,83, 0
4535,3, 0
4536,44, 22
4537,121, 177
4538,151, 253
4539,102, 164
4540,27, 124
4541,0, 111
4542,1, 113
4543,7, 94
4544,56, 196
4545,119, 157
4546,156, 69
4547,176, 18
4548,184, 0
4549,210, 0
4550,255, 0
4551,313, 0
4552,346, 0
4553,342, 0
4554,282, 0
4555,223, 0
4556,223, 0
4557,253, 0
4558,253, 0
4559,196, 0
4560,126, 0
4561,67, 0
4562,38, 0
4563,0, 0
4564,0, 0
4565,0, 0
4566,0, 0
4567,22, 0
4568,25, 0
4569,0, 0
4570,0, 0
4571,0, 0
4572,0, 8
4573,0, 46
4574,22, 0
4575,93, 0
4576,189, 1
4577,238, 0
4578,259, 0
4579,269, 0
4580,254, 0
4581,282, 0
4582,420, 0
4583,582, 0
4584,692, 0
4585,780, 0
4586,858, 0
4587,936, 0
4588,988, 0
4589,921, 0
4590,766, 0
4591,535, 0
4592,282, 0
4593,79, 0
4594,4, 0
4595,125, 0
4596,306, 0
4597,432, 0
4598,487, 0
4599,529, 0
4600,535, 0
4601,552, 0
4602,529, 0
4603,479, 0
4604,401, 0
4605,327, 0
4606,244, 0
4607,195, 37
4608,190, 62
4609,228, 19
4610,269, 0
4611,275, 0
4612,264, 0
4613,242, 0
4614,170, 0
4615,89, 0
4616,3, 0
4617,34, 0
4618,155, 0
4619,234, 13
4620,284, 100
4621,268, 229
4622,214, 326
4623,149, 253
4624,81, 181
4625,51, 76
4626,38, 1
4627,31, 0
4628,34, 0
4629,70, 0
4630,126, 0
4631,204, 0
4632,257, 0
4633,306, 0
4634,321, 0
4635,306, 0
4636,305, 0
4637,356, 28
4638,473, 0
4639,619, 6
4640,708, 0
4641,697, 0
4642,624, 0
4643,540, 0
4644,480, 0
4645,439, 0
4646,419, 0
4647,344, 0
4648,169, 0
4649,36, 0
4650,196, 0
4651,297, 0
4652,258, 0
4653,124, 0
4654,9, 0
4655,39, 0
4656,135, 0
4657,211, 0
4658,245, 0
4659,238, 0
4660,202, 0
4661,115, 0
4662,76, 0
4663,77, 118
4664,28, 172
4665,0, 238
4666,0, 72
4667,5, 74
4668,19, 5
4669,24, 3
4670,27, 68
4671,57, 8
4672,91, 0
4673,101, 0
4674,72, 0
4675,37, 0
4676,30, 0
4677,45, 0
4678,60, 0
4679,101, 0
4680,137, 0
4681,148, 0
4682,158, 0
4683,192, 0
4684,277, 0
4685,356, 0
4686,407, 0
4687,465, 0
4688,500, 0
4689,537, 0
4690,558, 0
4691,521, 0
4692,468, 0
4693,383, 0
4694,244, 0
4695,78, 18
4696,1, 8
4697,5, 122
4698,6, 55
4699,0, 0
4700,3, 0
4701,26, 0
4702,51, 0
4703,29, 0
4704,1, 0
4705,0, 0
4706,1, 0
4707,27, 0
4708,52, 0
4709,53, 0
4710,41, 0
4711,57, 0
4712,113, 0
4713,163, 0
4714,187, 0
4715,189, 0
4716,196, 0
4717,196, 0
4718,161, 0
4719,103, 0
4720,58, 0
4721,63, 0
4722,95, 0
4723,183, 0
4724,294, 0
4725,361, 0
4726,368, 0
4727,361, 190
4728,311, 71
4729,234, 144
4730,87, 228
4731,7, 13
4732,62, 0
4733,31, 0
4734,11, 0
4735,51, 0
4736,44, 0
4737,1, 0
4738,108, 0
4739,252, 0
4740,386, 0
4741,446, 0
4742,472, 0
4743,415, 0
4744,265, 0
4745,109, 0
4746,14, 0
4747,4, 0
4748,59, 0
4749,180, 0
4750,201, 0
4751,120, 0
4752,10, 0
4753,112, 0
4754,159, 0
4755,102, 0
4756,13, 0
4757,0, 0
4758,38, 32
4759,81, 22
4760,54, 22
4761,0, 24
4762,3, 0
4763,22, 0
4764,19, 0
4765,0, 0
4766,25, 0
4767,127, 0
4768,217, 0
4769,296, 0
4770,324, 0
4771,326, 0
4772,312, 0
4773,311, 0
4774,300, 0
4775,238, 0
4776,134, 0
4777,12, 0
4778,10, 0
4779,15, 0
4780,1, 0
4781,0, 0
4782,0, 0
4783,39, 0
4784,86, 0
4785,183, 15
4786,364, 91
4787,543, 299
4788,683, 234
4789,738, 195
4790,689, 92
4791,623, 258
4792,483, 97
4793,284, 24
4794,61, 0
4795,68, 0
4796,232, 0
4797,347, 0
4798,387, 0
4799,330, 0
4800,198, 0
4801,102, 0
4802,55, 0
4803,9, 0
4804,0, 0
4805,6, 0
4806,50, 0
4807,45, 0
4808,0, 0
4809,57, 0
4810,152, 0
4811,205, 0
4812,199, 0
4813,179, 0
4814,183, 0
4815,220, 0
4816,275, 0
4817,352, 0
4818,393, 0
4819,319, 1
4820,121, 4
4821,3, 134
4822,67, 8
4823,18, 0
4824,13, 0
4825,79, 0
4826,62, 0
4827,7, 0
4828,119, 0
4829,185, 0
4830,158, 0
4831,108, 0
4832,93, 0
4833,72, 0
4834,38, 0
4835,0, 0
4836,23, 0
4837,105, 0
4838,180, 0
4839,217, 0
4840,237, 0
4841,245, 0
4842,254, 0
4843,269, 0
4844,269, 0
4845,248, 0
4846,236, 0
4847,231, 3
4848,248, 59
4849,219, 159
4850,206, 137
4851,198, 56
4852,198, 183
4853,230, 0
4854,260, 0
4855,294, 0
4856,311, 0
4857,331, 0
4858,348, 0
4859,353, 0
4860,338, 0
4861,283, 0
4862,246, 0
4863,237, 0
4864,226, 0
4865,232, 0
4866,247, 0
4867,268, 0
4868,282, 0
4869,305, 0
4870,321, 0
4871,332, 0
4872,316, 0
4873,289, 0
4874,242, 0
4875,200, 0
4876,161, 0
4877,139, 139
4878,118, 102
4879,76, 53
4880,55, 19
4881,92, 88
4882,140, 4
4883,155, 0
4884,138, 0
4885,81, 0
4886,19, 0
4887,0, 0
4888,0, 0
4889,17, 0
4890,29, 0
4891,4, 0
4892,0, 0
4893,0, 0
4894,51, 0
4895,103, 0
4896,105, 0
4897,64, 0
4898,23, 0
4899,15, 0
4900,21, 0
4901,30, 0
4902,48, 0
4903,54, 0
4904,60, 0
4905,41, 0
4906,57, 0
4907,63, 0
4908,83, 0
4909,81, 0
4910,61, 164
4911,40, 224
4912,13, 140
4913,8, 176
4914,34, 133
4915,71, 0
4916,133, 0
4917,192, 0
4918,223, 0
4919,233, 0
4920,212, 0
4921,195, 0
4922,196, 0
4923,190, 0
4924,170, 0
4925,107, 0
4926,56, 0
4927,18, 0
4928,39, 0
4929,123, 0
4930,216, 0
4931,262, 0
4932,263, 0
4933,183, 0
4934,47, 0
4935,0, 0
4936,0, 0
4937,5, 0
4938,61, 0
4939,78, 0
4940,29, 0
4941,1, 0
4942,0, 0
4943,12, 78
4944,84, 26
4945,184, 0
4946,252, 0
4947,281, 0
4948,232, 0
4949,186, 0
4950,147, 0
4951,99, 0
4952,53, 0
4953,35, 0
4954,31, 0
4955,28, 0
4956,12, 0
4957,22, 0
4958,67, 0
4959,128, 0
4960,174, 0
4961,187, 0
4962,154, 0
4963,113, 0
4964,89, 0
4965,78, 0
4966,76, 0
4967,89, 0
4968,120, 0
4969,167, 0
4970,166, 0
4971,118, 0
4972,70, 0
4973,37, 51
4974,28, 109
4975,41, 0
4976,70, 0
4977,70, 0
4978,62, 0
4979,83, 0
4980,149, 0
4981,207, 0
4982,232, 0
4983,185, 0
4984,147, 0
4985,91, 0
4986,51, 0
4987,41, 0
4988,76, 0
4989,152, 0
4990,212, 0
4991,248, 0
4992,247, 0
4993,245, 0
4994,220, 0
4995,169, 0
4996,152, 0
4997,151, 0
4998,140, 0
4999,132, 0
5000,110, 0
5001,101, 0
5002,118, 0
5003,153, 0
5004,161, 0
5005,167, 0
5006,187, 0
5007,210, 0
5008,211, 0
5009,171, 0
5010,89, 0
5011,4, 0
5012,0, 0
5013,0, 0
5014,6, 0
5015,4, 0
5016,5, 0
5017,4, 0
5018,56, 0
5019,92, 0
5020,51, 0
5021,6, 0
5022,115, 0
5023,244, 0
5024,294, 0
5025,299, 0
5026,271, 0
5027,233, 0
5028,202, 0
5029,187, 0
5030,148, 0
5031,87, 29
5032,19, 76
5033,3, 56
5034,1, 139
5035,1, 168
5036,0, 0
5037,41, 0
5038,101, 0
5039,158, 0
5040,216, 0
5041,257, 0
5042,220, 0
5043,132, 0
5044,56, 0
5045,1, 0
5046,0, 0
5047,48, 0
5048,83, 0
5049,40, 0
5050,19, 0
5051,156, 0
5052,239, 0
5053,237, 0
5054,170, 0
5055,92, 0
5056,57, 0
5057,36, 0
5058,55, 0
5059,57, 0
5060,36, 0
5061,6, 0
5062,0, 0
5063,29, 14
5064,92, 57
5065,177, 67
5066,245, 54
5067,293, 0
5068,293, 0
5069,263, 0
5070,231, 0
5071,220, 0
5072,218, 0
5073,189, 0
5074,123, 0
5075,69, 0
5076,38, 0
5077,11, 0
5078,0, 0
5079,9, 0
5080,15, 0
5081,116, 0
5082,286, 0
5083,379, 0
5084,373, 0
5085,300, 0
5086,208, 0
5087,144, 0
5088,115, 0
5089,122, 0
5090,153, 0
5091,202, 34
5092,205, 173
5093,159, 282
5094,57, 386
5095,10, 217
5096,0, 160
5097,6, 105
5098,40, 19
5099,57, 0
5100,42, 0
5101,1, 0
5102,5, 0
5103,17, 0
5104,6, 0
5105,133, 0
5106,314, 0
5107,455, 0
5108,526, 0
5109,516, 0
5110,529, 0
5111,523, 0
5112,531, 0
5113,504, 0
5114,390, 0
5115,253, 0
5116,65, 0
5117,9, 0
5118,35, 20
5119,2, 30
5120,23, 57
5121,46, 26
5122,48, 9
5123,21, 0
5124,13, 0
5125,10, 0
5126,30, 0
5127,14, 0
5128,8, 0
5129,6, 0
5130,0, 0
5131,3, 0
5132,38, 0
5133,104, 0
5134,133, 0
5135,153, 0
5136,152, 0
5137,119, 0
5138,85, 0
5139,45, 0
5140,69, 0
5141,158, 0
5142,228, 0
5143,253, 0
5144,256, 0
5145,292, 0
5146,308, 0
5147,256, 0
5148,189, 0
5149,116, 0
5150,97, 0
5151,99, 0
5152,101, 0
5153,107, 0
5154,133, 0
5155,123, 36
5156,45, 122
5157,4, 175
5158,19, 94
5159,0, 40
5160,20, 11
5161,109, 37
5162,111, 53
5163,45, 90
5164,0, 133
5165,0, 145
5166,0, 22
5167,57, 0
5168,117, 0
5169,139, 0
5170,164, 0
5171,165, 0
5172,155, 0
5173,128, 0
5174,95, 0
5175,75, 0
5176,65, 0
5177,50, 0
5178,23, 0
5179,1, 0
5180,0, 0
5181,0, 0
5182,0, 0
5183,1, 0
5184,31, 0
5185,44, 0
5186,53, 0
5187,63, 0
5188,75, 0
5189,92, 0
5190,89, 0
5191,89, 0
5192,76, 0
5193,56, 0
5194,31, 0
5195,31, 0
5196,57, 0
5197,73, 0
5198,95, 0
5199,124, 0
5200,159, 0
5201,166, 0
5202,137, 0
5203,74, 0
5204,26, 0
5205,21, 0
5206,65, 0
5207,139, 0
5208,192, 0
5209,223, 0
5210,271, 0
5211,328, 0
5212,381, 0
5213,372, 0
5214,326, 0
5215,229, 6
5216,125, 152
5217,23, 119
5218,0, 190
5219,0, 68
5220,13, 5
5221,101, 0
5222,158, 0
5223,184, 0
5224,173, 0
5225,144, 0
5226,123, 0
5227,147, 0
5228,147, 0
5229,133, 0
5230,127, 0
5231,107, 0
5232,37, 0
5233,0, 0
5234,0, 0
5235,0, 0
5236,38, 0
5237,44, 0
5238,61, 0
5239,102, 0
5240,185, 0
5241,263, 0
5242,332, 0
5243,379, 0
5244,386, 0
5245,344, 0
5246,282, 0
5247,215, 0
5248,132, 0
5249,20, 0
5250,0, 0
5251,20, 0
5252,52, 0
5253,58, 0
5254,45, 0
5255,1, 0
5256,7, 0
5257,44, 0
5258,76, 0
5259,81, 0
5260,102, 0
5261,135, 0
5262,183, 0
5263,218, 0
5264,223, 0
5265,193, 0
5266,172, 0
5267,166, 0
5268,166, 0
5269,173, 0
5270,176, 0
5271,181, 0
5272,142, 0
5273,100, 0
5274,76, 0
5275,25, 0
5276,0, 152
5277,0, 107
5278,0, 102
5279,6, 94
5280,52, 15
5281,87, 0
5282,122, 0
5283,158, 0
5284,190, 0
5285,206, 0
5286,217, 0
5287,193, 0
5288,165, 0
5289,147, 0
5290,142, 0
5291,168, 0
5292,160, 0
5293,159, 0
5294,149, 0
5295,105, 0
5296,71, 0
5297,56, 0
5298,89, 0
5299,137, 2
5300,186, 0
5301,206, 6
5302,173, 0
5303,120, 0
5304,72, 0
5305,44, 2
5306,28, 0
5307,14, 0
5308,18, 0
5309,19, 0
5310,38, 0
5311,74, 0
5312,89, 0
5313,90, 0
5314,95, 0
5315,130, 0
5316,154, 0
5317,200, 0
5318,219, 0
5319,244, 0
5320,251, 0
5321,245, 0
5322,214, 0
5323,202, 0
5324,212, 0
5325,207, 0
5326,161, 0
5327,107, 0
5328,74, 0
5329,76, 0
5330,111, 0
5331,148, 0
5332,164, 0
5333,174, 0
5334,160, 0
5335,118, 0
5336,44, 0
5337,0, 270
5338,0, 264
5339,0, 244
5340,56, 149
5341,115, 2
5342,155, 0
5343,161, 0
5344,147, 0
5345,161, 0
5346,213, 0
5347,260, 0
5348,279, 0
5349,260, 0
5350,226, 0
5351,220, 0
5352,215, 0
5353,207, 0
5354,198, 0
5355,206, 0
5356,218, 0
5357,196, 0
5358,157, 0
5359,129, 0
5360,112, 0
5361,88, 0
5362,79, 0
5363,93, 0
5364,130, 0
5365,161, 0
5366,128, 0
5367,37, 0
5368,0, 0
5369,20, 0
5370,38, 0
5371,25, 0
5372,0, 0
5373,0, 0
5374,0, 0
5375,0, 0
5376,3, 0
5377,8, 0
5378,38, 0
5379,89, 0
5380,172, 0
5381,255, 0
5382,321, 0
5383,330, 0
5384,318, 0
5385,285, 0
5386,237, 0
5387,201, 0
5388,159, 0
5389,81, 0
5390,7, 0
5391,11, 0
5392,51, 0
5393,27, 0
5394,0, 0
5395,0, 0
5396,0, 0
5397,0, 0
5398,1, 11
5399,69, 42
5400,135, 0
5401,168, 0
5402,182, 0
5403,182, 0
5404,170, 0
5405,165, 0
5406,159, 0
5407,155, 0
5408,137, 70
5409,107, 30
5410,63, 5
5411,28, 0
5412,39, 0
5413,80, 0
5414,126, 0
5415,141, 0
5416,135, 0
5417,126, 0
5418,121, 0
5419,112, 0
5420,115, 0
5421,111, 0
5422,121, 0
5423,137, 0
5424,155, 0
5425,163, 0
5426,173, 0
5427,150, 0
5428,83, 0
5429,6, 0
5430,0, 0
5431,0, 0
5432,0, 0
5433,0, 0
5434,12, 0
5435,83, 0
5436,176, 0
5437,278, 0
5438,359, 0
5439,385, 0
5440,373, 0
5441,306, 0
5442,164, 0
5443,18, 0
5444,0, 0
5445,0, 0
5446,15, 0
5447,56, 0
5448,57, 0
5449,11, 0
5450,0, 0
5451,24, 0
5452,65, 0
5453,95, 0
5454,136, 0
5455,159, 0
5456,185, 6
5457,213, 76
5458,216, 1
5459,212, 169
5460,200, 19
5461,186, 201
5462,185, 0
5463,208, 0
5464,238, 0
5465,256, 0
5466,271, 0
5467,290, 0
5468,298, 0
5469,277, 0
5470,234, 0
5471,187, 0
5472,170, 0
5473,164, 1
5474,151, 0
5475,133, 0
5476,121, 0
5477,127, 0
5478,152, 0
5479,179, 0
5480,197, 0
5481,193, 0
5482,189, 0
5483,159, 0
5484,148, 0
5485,122, 0
5486,93, 0
5487,70, 0
5488,31, 0
5489,6, 179
5490,0, 121
5491,1, 133
5492,0, 116
5493,0, 0
5494,0, 0
5495,11, 0
5496,79, 0
5497,121, 0
5498,164, 0
5499,189, 0
5500,202, 0
5501,200, 0
5502,170, 0
5503,142, 0
5504,129, 0
5505,155, 0
5506,204, 0
5507,228, 0
5508,210, 0
5509,185, 0
5510,163, 0
5511,173, 0
5512,223, 0
5513,257, 0
5514,226, 0
5515,143, 0
5516,46, 0
5517,17, 0
5518,48, 21
5519,58, 13
5520,50, 132
5521,0, 88
5522,24, 15
5523,73, 1
5524,37, 0
5525,0, 0
5526,57, 0
5527,131, 0
5528,145, 0
5529,130, 0
5530,85, 0
5531,59, 0
5532,70, 0
5533,88, 0
5534,111, 0
5535,125, 0
5536,133, 0
5537,145, 0
5538,171, 0
5539,192, 0
5540,185, 0
5541,168, 0
5542,132, 0
5543,107, 0
5544,99, 0
5545,92, 0
5546,105, 0
5547,115, 0
5548,131, 0
5549,116, 0
5550,93, 38
5551,40, 112
5552,31, 286
5553,19, 31
5554,30, 76
5555,76, 0
5556,103, 0
5557,108, 0
5558,101, 0
5559,91, 0
5560,77, 0
5561,80, 0
5562,68, 0
5563,75, 0
5564,54, 0
5565,51, 0
5566,26, 0
5567,17, 0
5568,30, 0
5569,44, 0
5570,107, 0
5571,187, 0
5572,204, 0
5573,204, 0
5574,197, 0
5575,173, 0
5576,167, 0
5577,172, 0
5578,183, 0
5579,183, 0
5580,150, 0
5581,119, 183
5582,74, 60
5583,39, 132
5584,27, 151
5585,39, 1
5586,63, 0
5587,74, 0
5588,103, 0
5589,139, 0
5590,154, 0
5591,158, 0
5592,167, 0
5593,159, 0
5594,140, 0
5595,104, 0
5596,54, 0
5597,32, 0
5598,29, 0
5599,48, 0
5600,81, 0
5601,133, 0
5602,202, 0
5603,260, 0
5604,297, 0
5605,294, 0
5606,239, 0
5607,165, 0
5608,113, 0
5609,77, 0
5610,51, 0
5611,45, 0
5612,38, 0
5613,42, 0
5614,39, 0
5615,47, 0
5616,77, 0
5617,113, 0
5618,158, 0
5619,144, 0
5620,132, 0
5621,108, 0
5622,92, 0
5623,93, 0
5624,102, 0
5625,105, 0
5626,110, 0
5627,111, 0
5628,118, 0
5629,107, 0
5630,93, 0
5631,81, 0
5632,72, 0
5633,76, 0
5634,91, 0
5635,115, 0
5636,121, 0
5637,122, 0
5638,121, 0
5639,138, 0
5640,145, 34
5641,160, 90
5642,158, 78
5643,133, 127
5644,80, 50
5645,21, 1
5646,6, 0
5647,41, 0
5648,95, 0
5649,154, 0
5650,176, 0
5651,186, 0
5652,191, 0
5653,183, 0
5654,151, 0
5655,81, 0
5656,38, 0
5657,55, 0
5658,77, 0
5659,116, 0
5660,128, 0
5661,130, 0
5662,129, 0
5663,123, 0
5664,130, 0
5665,130, 0
5666,128, 0
5667,126, 0
5668,109, 0
5669,102, 0
5670,96, 0
5671,79, 0
5672,67, 0
5673,62, 6
5674,64, 7
5675,75, 11
5676,84, 0
5677,105, 0
5678,97, 0
5679,81, 0
5680,74, 0
5681,78, 0
5682,94, 0
5683,110, 0
5684,119, 0
5685,120, 0
5686,138, 0
5687,121, 0
5688,111, 0
5689,112, 0
5690,110, 0
5691,113, 0
5692,107, 0
5693,112, 0
5694,104, 0
5695,103, 0
5696,100, 0
5697,102, 0
5698,128, 0
5699,152, 0
5700,185, 0
5701,202, 7
5702,185, 63
5703,153, 160
5704,104, 102
5705,38, 80
5706,5, 42
5707,24, 0
5708,70, 0
5709,113, 0
5710,99, 6
5711,100, 0
5712,97, 0
5713,119, 0
5714,125, 0
5715,132, 0
5716,131, 0
5717,127, 0
5718,125, 0
5719,136, 0
5720,125, 0
5721,121, 0
5722,119, 46
5723,120, 318
5724,116, 430
5725,101, 337
5726,101, 289
5727,86, 257
5728,105, 48
5729,133, 0
5730,145, 0
5731,158, 0
5732,150, 0
5733,123, 15
5734,74, 19
5735,42, 19
5736,37, 0
5737,60, 0
5738,84, 0
5739,106, 0
5740,155, 0
5741,156, 0
5742,191, 0
5743,174, 0
5744,174, 0
5745,159, 0
5746,128, 0
5747,86, 0
5748,51, 0
5749,57, 0
5750,92, 0
5751,117, 0
5752,102, 0
5753,84, 0
5754,55, 0
5755,52, 0
5756,56, 0
5757,70, 0
5758,89, 0
5759,96, 0
5760,107, 0
5761,108, 0
5762,102, 0
5763,85, 86
5764,65, 221
5765,57, 115
5766,57, 199
5767,67, 14
5768,95, 0
5769,124, 0
5770,128, 0
5771,133, 6
5772,132, 0
5773,132, 0
5774,134, 0
5775,139, 0
5776,139, 0
5777,144, 0
5778,138, 0
5779,133, 0
5780,127, 0
5781,126, 0
5782,125, 0
5783,124, 0
5784,117, 0
5785,116, 0
5786,115, 0
5787,128, 0
5788,120, 0
5789,122, 0
5790,123, 0
5791,118, 0
5792,126, 0
5793,89, 0
5794,71, 0
5795,65, 0
5796,64, 0
5797,72, 0
5798,81, 0
5799,97, 0
5800,111, 0
5801,104, 0
5802,104, 0
5803,99, 0
5804,99, 0
5805,95, 0
5806,97, 0
5807,103, 0
5808,105, 0
5809,110, 0
5810,108, 0
5811,102, 0
5812,103, 0
5813,102, 0
5814,106, 0
5815,102, 0
5816,103, 0
5817,104, 40
5818,108, 48
5819,107, 71
5820,112, 18
5821,108, 0
5822,115, 0
5823,108, 0
5824,91, 0
5825,83, 87
5826,99, 112
5827,83, 173
5828,80, 18
5829,106, 0
5830,133, 0
5831,142, 0
5832,147, 0
5833,142, 0
5834,137, 0
5835,142, 0
5836,136, 0
5837,143, 0
5838,140, 0
5839,137, 0
5840,139, 0
5841,136, 0
5842,135, 0
5843,132, 0
5844,132, 0
5845,135, 0
5846,133, 0
5847,126, 0
5848,121, 0
5849,138, 0
5850,115, 0
5851,121, 0
5852,111, 0
5853,102, 0
5854,91, 0
5855,70, 0
5856,50, 0
5857,51, 0
5858,71, 0
5859,63, 0
5860,88, 0
5861,102, 0
5862,101, 0
5863,102, 0
5864,100, 0
5865,96, 0
5866,91, 0
5867,91, 0
5868,93, 0
5869,93, 0
5870,95, 0
5871,88, 0
5872,83, 0
5873,89, 0
5874,96, 0
5875,95, 0
5876,104, 0
5877,109, 0
5878,108, 0
5879,103, 0
5880,105, 0
5881,109, 0
5882,108, 0
5883,113, 0
5884,102, 0
5885,87, 0
5886,68, 0
5887,63, 0
5888,74, 0
5889,83, 0
5890,115, 0
5891,134, 0
5892,134, 0
5893,157, 0
5894,147, 0
5895,147, 0
5896,152, 0
5897,153, 0
5898,154, 0
5899,158, 0
5900,152, 0
5901,152, 0
5902,139, 0
5903,134, 0
5904,118, 0
5905,128, 0
5906,121, 0
5907,121, 0
5908,123, 0
5909,125, 0
5910,125, 0
5911,127, 0
5912,109, 0
5913,127, 0
5914,123, 0
5915,102, 0
5916,75, 0
5917,57, 0
5918,65, 0
5919,56, 0
5920,64, 0
5921,79, 0
5922,100, 0
5923,95, 0
5924,93, 0
5925,102, 0
5926,88, 0
5927,92, 0
5928,89, 0
5929,85, 0
5930,108, 0
5931,95, 0
5932,91, 0
5933,89, 0
5934,89, 0
5935,92, 0
5936,92, 0
5937,94, 0
5938,92, 0
5939,99, 0
5940,107, 0
5941,110, 0
5942,108, 0
5943,121, 0
5944,124, 0
5945,124, 12
5946,99, 285
5947,78, 94
5948,74, 87
5949,77, 56
5950,87, 10
5951,115, 0
5952,149, 0
5953,151, 0
5954,156, 0
5955,155, 0
5956,159, 0
5957,158, 0
5958,161, 0
5959,152, 0
5960,149, 0
5961,145, 0
5962,136, 0
5963,152, 0
5964,134, 0
5965,133, 0
5966,123, 0
5967,121, 0
5968,113, 0
5969,103, 0
5970,115, 0
5971,109, 0
5972,111, 0
5973,108, 0
5974,96, 0
5975,104, 0
5976,81, 0
5977,57, 0
5978,50, 0
5979,47, 0
5980,51, 0
5981,61, 0
5982,87, 0
5983,108, 0
5984,99, 0
5985,100, 0
5986,121, 0
5987,92, 0
5988,91, 0
5989,85, 0
5990,89, 0
5991,95, 0
5992,92, 0
5993,92, 0
5994,93, 0
5995,94, 0
5996,101, 0
5997,110, 0
5998,107, 0
5999,110, 0
6000,110, 0
6001,106, 0
6002,104, 0
6003,110, 0
6004,110, 0
6005,108, 0
6006,109, 126
6007,99, 84
6008,89, 196
6009,67, 218
6010,76, 138
6011,86, 81
6012,113, 8
6013,135, 0
6014,148, 0
6015,151, 0
6016,145, 0
6017,138, 0
6018,142, 0
6019,145, 0
6020,139, 0
6021,136, 0
6022,134, 0
6023,136, 0
6024,133, 0
6025,135, 0
6026,132, 0
6027,124, 0
6028,129, 0
6029,124, 0
6030,122, 0
6031,119, 0
6032,119, 0
6033,110, 0
6034,102, 0
6035,107, 0
6036,101, 0
6037,75, 0
6038,63, 0
6039,46, 0
6040,64, 119
6041,57, 61
6042,75, 0
6043,101, 0
6044,113, 0
6045,105, 0
6046,102, 0
6047,90, 0
6048,94, 0
6049,108, 0
6050,103, 0
6051,108, 0
6052,103, 0
6053,116, 0
6054,106, 0
6055,99, 0
6056,95, 0
6057,99, 0
6058,95, 0
6059,103, 0
6060,100, 0
6061,106, 0
6062,108, 0
6063,104, 0
6064,103, 0
6065,130, 0
6066,108, 0
6067,102, 0
6068,87, 113
6069,73, 193
6070,68, 68
6071,65, 102
6072,80, 13
6073,108, 0
6074,131, 0
6075,143, 0
6076,139, 0
6077,135, 0
6078,129, 0
6079,133, 0
6080,130, 0
6081,130, 0
6082,130, 0
6083,133, 0
6084,145, 0
6085,125, 0
6086,118, 0
6087,128, 0
6088,127, 0
6089,122, 0
6090,120, 0
6091,130, 0
6092,117, 0
6093,143, 0
6094,125, 0
6095,115, 0
6096,112, 0
6097,100, 0
6098,83, 0
6099,65, 0
6100,62, 0
6101,63, 0
6102,67, 0
6103,83, 0
6104,104, 0
6105,115, 0
6106,112, 0
6107,108, 0
6108,104, 0
6109,109, 0
6110,102, 0
6111,96, 0
6112,90, 0
6113,118, 0
6114,92, 0
6115,89, 0
6116,91, 0
6117,92, 0
6118,93, 0
6119,96, 0
6120,96, 0
6121,95, 0
6122,92, 0
6123,94, 0
6124,92, 0
6125,103, 0
6126,99, 0
6127,102, 0
6128,92, 0
6129,79, 67
6130,69, 74
6131,70, 121
6132,73, 127
6133,86, 41
6134,113, 0
6135,128, 0
6136,155, 0
6137,152, 0
6138,165, 0
6139,158, 0
6140,145, 0
6141,150, 0
6142,158, 0
6143,143, 0
6144,133, 0
6145,137, 0
6146,131, 0
6147,131, 0
6148,130, 0
6149,127, 0
6150,123, 0
6151,121, 0
6152,110, 0
6153,107, 0
6154,108, 0
6155,121, 0
6156,115, 0
6157,116, 0
6158,124, 0
6159,87, 0
6160,70, 0
6161,56, 0
6162,56, 90
6163,71, 4
6164,80, 0
6165,124, 0
6166,121, 0
6167,116, 0
6168,105, 0
6169,104, 0
6170,115, 0
6171,106, 0
6172,97, 0
6173,100, 0
6174,93, 0
6175,95, 0
6176,95, 0
6177,100, 0
6178,102, 0
6179,108, 0
6180,101, 0
6181,109, 0
6182,102, 0
6183,107, 0
6184,104, 0
6185,92, 0
6186,108, 0
6187,110, 0
6188,123, 60
6189,108, 38
6190,85, 60
6191,63, 143
6192,61, 142
6193,65, 65
6194,75, 9
6195,110, 0
6196,132, 0
6197,140, 0
6198,147, 0
6199,143, 0
6200,141, 0
6201,138, 0
6202,139, 0
6203,139, 0
6204,134, 0
6205,132, 0
6206,133, 0
6207,131, 0
6208,123, 0
6209,122, 0
6210,118, 0
6211,116, 0
6212,112, 0
6213,112, 0
6214,113, 0
6215,108, 0
6216,111, 0
6217,108, 0
6218,109, 0
6219,106, 0
6220,85, 0
6221,68, 0
6222,52, 0
6223,56, 0
6224,62, 0
6225,79, 0
6226,106, 0
6227,127, 0
6228,120, 0
6229,121, 0
6230,131, 0
6231,112, 0
6232,110, 0
6233,111, 0
6234,108, 0
6235,109, 0
6236,106, 0
6237,105, 0
6238,104, 0
6239,105, 0
6240,108, 0
6241,104, 0
6242,109, 0
6243,116, 0
6244,137, 0
6245,119, 0
6246,115, 0
6247,103, 0
6248,117, 3
6249,116, 6
6250,107, 34
6251,89, 116
6252,63, 92
6253,78, 159
6254,81, 0
6255,100, 0
6256,113, 2
6257,135, 0
6258,143, 0
6259,148, 0
6260,143, 0
6261,143, 0
6262,141, 0
6263,142, 0
6264,141, 0
6265,137, 0
6266,131, 0
6267,132, 0
6268,132, 0
6269,124, 0
6270,120, 0
6271,122, 0
6272,113, 0
6273,117, 0
6274,118, 0
6275,116, 0
6276,113, 0
6277,110, 0
6278,99, 0
6279,108, 0
6280,101, 0
6281,83, 0
6282,62, 0
6283,57, 11
6284,52, 0
6285,58, 19
6286,70, 0
6287,100, 0
6288,117, 0
6289,123, 0
6290,121, 0
6291,118, 0
6292,116, 0
6293,115, 0
6294,110, 0
6295,103, 0
6296,101, 0
6297,97, 0
6298,97, 0
6299,97, 0
6300,93, 0
6301,96, 0
6302,101, 0
6303,103, 0
6304,105, 0
6305,110, 0
6306,121, 0
6307,109, 0
6308,111, 0
6309,115, 0
6310,121, 0
6311,127, 21
6312,92, 150
6313,69, 273
6314,73, 184
6315,79, 127
6316,89, 71
6317,115, 0
6318,130, 0
6319,136, 0
6320,140, 0
6321,139, 0
6322,137, 0
6323,136, 0
6324,132, 0
6325,139, 0
6326,135, 0
6327,140, 0
6328,140, 0
6329,132, 0
6330,115, 0
6331,123, 0
6332,122, 0
6333,121, 0
6334,109, 0
6335,120, 0
6336,123, 0
6337,115, 0
6338,121, 0
6339,117, 0
6340,113, 0
6341,102, 0
6342,76, 0
6343,57, 0
6344,38, 0
6345,44, 0
6346,48, 1
6347,76, 0
6348,87, 0
6349,105, 0
6350,102, 0
6351,95, 0
6352,96, 0
6353,104, 0
6354,95, 0
6355,97, 0
6356,100, 0
6357,101, 0
6358,96, 0
6359,97, 0
6360,92, 0
6361,99, 0
6362,103, 0
6363,102, 0
6364,107, 0
6365,108, 0
6366,95, 0
6367,102, 0
6368,96, 0
6369,103, 0
6370,97, 0
6371,100, 0
6372,112, 0
6373,84, 59
6374,72, 79
6375,73, 28
6376,76, 65
6377,92, 57
6378,130, 0
6379,142, 0
6380,145, 0
6381,145, 0
6382,150, 0
6383,136, 0
6384,139, 0
6385,139, 0
6386,139, 0
6387,148, 0
6388,144, 0
6389,140, 0
6390,141, 0
6391,133, 0
6392,137, 0
6393,128, 0
6394,131, 0
6395,133, 0
6396,123, 0
6397,120, 0
6398,119, 0
6399,121, 0
6400,113, 0
6401,108, 0
6402,93, 0
6403,73, 0
6404,52, 3
6405,44, 0
6406,44, 0
6407,69, 0
6408,74, 0
6409,100, 0
6410,99, 0
6411,108, 0
6412,100, 0
6413,102, 0
6414,102, 0
6415,96, 0
6416,99, 0
6417,95, 0
6418,95, 0
6419,96, 0
6420,84, 0
6421,99, 0
6422,89, 0
6423,91, 0
6424,96, 0
6425,94, 0
6426,101, 0
6427,101, 0
6428,97, 0
6429,103, 0
6430,103, 0
6431,104, 0
6432,109, 0
6433,101, 10
6434,83, 120
6435,81, 83
6436,71, 118
6437,69, 339
6438,83, 2
6439,119, 0
6440,134, 0
6441,139, 0
6442,143, 0
6443,140, 0
6444,142, 0
6445,125, 0
6446,140, 0
6447,133, 0
6448,127, 0
6449,130, 0
6450,127, 0
6451,126, 0
6452,121, 0
6453,126, 0
6454,117, 0
6455,121, 0
6456,117, 0
6457,117, 0
6458,111, 0
6459,110, 0
6460,115, 0
6461,123, 0
6462,108, 0
6463,96, 0
6464,75, 0
6465,58, 0
6466,50, 0
6467,56, 0
6468,62, 6
6469,83, 0
6470,89, 0
6471,94, 0
6472,103, 0
6473,99, 0
6474,100, 0
6475,95, 0
6476,90, 0
6477,102, 0
6478,103, 0
6479,103, 0
6480,102, 0
6481,103, 0
6482,104, 0
6483,102, 0
6484,103, 0
6485,103, 0
6486,116, 0
6487,106, 0
6488,106, 0
6489,109, 0
6490,108, 0
6491,106, 0
6492,108, 0
6493,109, 0
6494,94, 11
6495,76, 173
6496,65, 232
6497,52, 51
6498,62, 104
6499,76, 22
6500,105, 0
6501,127, 0
6502,133, 0
6503,137, 0
6504,139, 0
6505,142, 0
6506,138, 0
6507,134, 0
6508,138, 0
6509,133, 0
6510,133, 0
6511,124, 0
6512,125, 0
6513,126, 0
6514,120, 0
6515,122, 0
6516,120, 0
6517,119, 0
6518,121, 0
6519,115, 0
6520,117, 0
6521,116, 0
6522,113, 0
6523,110, 0
6524,102, 0
6525,68, 0
6526,59, 0
6527,50, 0
6528,51, 0
6529,61, 0
6530,79, 0
6531,102, 0
6532,108, 0
6533,113, 0
6534,108, 0
6535,122, 0
6536,96, 0
6537,99, 0
6538,88, 0
6539,88, 0
6540,105, 0
6541,89, 0
6542,91, 0
6543,91, 0
6544,94, 0
6545,95, 0
6546,93, 0
6547,92, 0
6548,93, 0
6549,103, 0
6550,95, 0
6551,91, 0
6552,99, 0
6553,99, 0
6554,104, 25
6555,112, 85
6556,69, 103
6557,70, 191
6558,70, 291
6559,63, 57
6560,102, 0
6561,109, 0
6562,133, 0
6563,143, 0
6564,151, 0
6565,152, 0
6566,145, 0
6567,139, 0
6568,135, 0
6569,127, 0
6570,135, 0
6571,156, 0
6572,142, 0
6573,139, 0
6574,161, 0
6575,131, 0
6576,136, 0
6577,132, 0
6578,125, 0
6579,117, 0
6580,121, 0
6581,103, 0
6582,106, 0
6583,108, 0
6584,94, 0
6585,89, 0
6586,59, 0
6587,42, 0
6588,27, 0
6589,38, 0
6590,41, 0
6591,65, 0
6592,92, 0
6593,104, 0
6594,108, 0
6595,103, 0
6596,99, 0
6597,101, 0
6598,92, 0
6599,92, 0
6600,92, 0
6601,90, 0
6602,92, 0
6603,85, 0
6604,88, 0
6605,86, 0
6606,85, 0
6607,83, 0
6608,90, 0
6609,90, 0
6610,95, 0
6611,102, 0
6612,110, 0
6613,116, 5
6614,119, 0
6615,119, 0
6616,102, 0
6617,92, 86
6618,70, 235
6619,59, 226
6620,55, 84
6621,76, 21
6622,115, 0
6623,127, 0
6624,133, 0
6625,134, 0
6626,127, 0
6627,123, 0
6628,127, 0
6629,128, 0
6630,123, 0
6631,133, 0
6632,132, 0
6633,133, 0
6634,129, 0
6635,130, 0
6636,126, 0
6637,117, 0
6638,100, 0
6639,109, 0
6640,113, 0
6641,107, 0
6642,116, 0
6643,121, 0
6644,105, 0
6645,102, 0
6646,92, 0
6647,70, 0
6648,54, 0
6649,48, 0
6650,55, 0
6651,62, 0
6652,83, 0
6653,102, 0
6654,111, 0
6655,105, 0
6656,109, 0
6657,99, 0
6658,92, 0
6659,91, 0
6660,88, 0
6661,89, 0
6662,88, 0
6663,93, 0
6664,91, 0
6665,83, 0
6666,94, 0
6667,96, 0
6668,104, 0
6669,100, 0
6670,103, 0
6671,105, 0
6672,112, 0
6673,107, 0
6674,118, 0
6675,117, 0
6676,116, 0
6677,97, 0
6678,96, 221
6679,65, 55
6680,68, 97
6681,76, 75
6682,91, 11
6683,113, 0
6684,142, 0
6685,144, 0
6686,145, 0
6687,138, 0
6688,138, 0
6689,136, 0
6690,141, 0
6691,139, 0
6692,136, 0
6693,133, 0
6694,136, 0
6695,129, 0
6696,134, 0
6697,127, 0
6698,119, 0
6699,111, 0
6700,118, 0
6701,112, 0
6702,120, 0
6703,112, 0
6704,107, 0
6705,107, 0
6706,108, 0
6707,94, 0
6708,76, 0
6709,46, 0
6710,55, 63
6711,47, 12
6712,52, 0
6713,80, 0
6714,121, 0
6715,109, 0
6716,105, 0
6717,108, 0
6718,123, 0
6719,96, 0
6720,95, 0
6721,91, 0
6722,92, 0
6723,102, 0
6724,96, 0
6725,97, 0
6726,83, 0
6727,93, 0
6728,106, 0
6729,102, 0
6730,102, 0
6731,97, 0
6732,102, 0
6733,95, 0
6734,96, 0
6735,96, 0
6736,106, 0
6737,105, 11
6738,87, 79
6739,64, 147
6740,60, 145
6741,64, 109
6742,63, 285
6743,108, 6
6744,116, 0
6745,134, 0
6746,145, 0
6747,139, 0
6748,138, 0
6749,137, 0
6750,132, 0
6751,134, 0
6752,127, 0
6753,129, 0
6754,127, 0
6755,126, 0
6756,127, 0
6757,132, 0
6758,118, 0
6759,121, 0
6760,126, 0
6761,124, 0
6762,122, 0
6763,125, 0
6764,118, 0
6765,126, 0
6766,106, 0
6767,100, 0
6768,84, 0
6769,61, 0
6770,31, 0
6771,36, 0
6772,43, 0
6773,55, 0
6774,86, 0
6775,121, 0
6776,112, 0
6777,110, 0
6778,100, 0
6779,93, 0
6780,92, 0
6781,92, 0
6782,97, 0
6783,87, 0
6784,87, 0
6785,89, 0
6786,89, 0
6787,94, 0
6788,93, 0
6789,94, 0
6790,100, 0
6791,102, 0
6792,104, 0
6793,105, 0
6794,104, 0
6795,121, 0
6796,108, 0
6797,110, 0
6798,112, 0
6799,88, 39
6800,78, 206
6801,64, 122
6802,62, 293
6803,63, 161
6804,80, 0
6805,115, 0
6806,147, 0
6807,135, 0
6808,136, 0
6809,134, 0
6810,133, 0
6811,130, 0
6812,129, 0
6813,126, 0
6814,126, 0
6815,129, 0
6816,126, 0
6817,121, 0
6818,127, 0
6819,121, 0
6820,115, 0
6821,102, 0
6822,109, 0
6823,110, 0
6824,111, 0
6825,109, 0
6826,119, 0
6827,106, 0
6828,99, 0
6829,95, 0
6830,59, 0
6831,73, 0
6832,47, 0
6833,50, 0
6834,57, 0
6835,92, 0
6836,112, 0
6837,109, 0
6838,109, 0
6839,113, 0
6840,105, 0
6841,100, 0
6842,99, 0
6843,100, 0
6844,102, 0
6845,102, 0
6846,107, 0
6847,102, 0
6848,95, 0
6849,93, 0
6850,92, 0
6851,95, 0
6852,94, 0
6853,100, 0
6854,96, 0
6855,103, 0
6856,104, 0
6857,102, 0
6858,122, 0
6859,107, 0
6860,87, 70
6861,83, 205
6862,58, 23
6863,63, 176
6864,68, 76
6865,93, 0
6866,118, 0
6867,134, 0
6868,141, 0
6869,151, 0
6870,133, 0
6871,133, 0
6872,132, 0
6873,127, 0
6874,125, 0
6875,131, 0
6876,118, 0
6877,116, 0
6878,126, 0
6879,142, 0
6880,144, 0
6881,139, 0
6882,141, 0
6883,130, 0
6884,127, 0
6885,125, 0
6886,119, 0
6887,112, 0
6888,113, 0
6889,101, 0
6890,92, 0
6891,76, 0
6892,60, 107
6893,44, 0
6894,44, 0
6895,56, 0
6896,76, 0
6897,101, 0
6898,103, 0
6899,107, 0
6900,102, 0
6901,97, 0
6902,94, 0
6903,95, 0
6904,89, 0
6905,88, 0
6906,76, 0
6907,86, 0
6908,85, 0
6909,89, 0
6910,90, 0
6911,99, 0
6912,99, 0
6913,109, 0
6914,101, 0
6915,104, 0
6916,112, 0
6917,111, 0
6918,107, 0
6919,105, 0
6920,103, 0
6921,89, 39
6922,83, 134
6923,65, 266
6924,70, 147
6925,62, 46
6926,89, 0
6927,123, 0
6928,126, 0
6929,135, 0
6930,152, 0
6931,149, 0
6932,145, 0
6933,144, 0
6934,144, 0
6935,120, 0
6936,126, 0
6937,139, 0
6938,121, 0
6939,117, 0
6940,119, 0
6941,117, 0
6942,110, 0
6943,118, 0
6944,109, 0
6945,112, 0
6946,112, 0
6947,113, 0
6948,111, 0
6949,111, 0
6950,102, 0
6951,91, 0
6952,69, 0
6953,71, 1
6954,54, 0
6955,57, 6
6956,64, 12
6957,91, 0
6958,102, 0
6959,110, 0
6960,126, 0
6961,102, 0
6962,116, 0
6963,102, 0
6964,97, 0
6965,97, 0
6966,102, 0
6967,99, 0
6968,95, 5
6969,92, 0
6970,87, 0
6971,83, 0
6972,72, 0
6973,80, 0
6974,89, 0
6975,86, 0
6976,89, 0
6977,95, 0
6978,94, 0
6979,104, 0
6980,100, 0
6981,108, 0
6982,86, 0
6983,78, 97
6984,70, 91
6985,63, 76
6986,84, 125
6987,90, 0
6988,125, 6
6989,139, 24
6990,152, 96
6991,149, 52
6992,144, 76
6993,139, 0
6994,154, 0
6995,149, 0
6996,150, 0
6997,144, 0
6998,138, 0
6999,134, 0
7000,135, 0
7001,130, 0
7002,127, 0
7003,131, 0
7004,115, 0
7005,111, 0
7006,108, 0
7007,109, 0
7008,112, 0
7009,115, 0
7010,110, 0
7011,107, 0
7012,92, 0
7013,61, 0
7014,38, 0
7015,43, 139
7016,44, 72
7017,43, 0
7018,71, 0
7019,89, 0
7020,102, 0
7021,125, 0
7022,90, 0
7023,89, 0
7024,87, 0
7025,91, 0
7026,92, 0
7027,97, 0
7028,97, 0
7029,96, 0
7030,95, 0
7031,100, 0
7032,102, 0
7033,105, 0
7034,102, 0
7035,102, 0
7036,101, 0
7037,88, 0
7038,89, 0
7039,84, 0
7040,87, 0
7041,84, 0
7042,83, 14
7043,69, 74
7044,54, 121
7045,47, 142
7046,54, 83
7047,62, 64
7048,115, 0
7049,126, 0
7050,141, 0
7051,149, 0
7052,159, 0
7053,150, 0
7054,155, 0
7055,154, 0
7056,157, 0
7057,156, 0
7058,152, 0
7059,161, 0
7060,137, 0
7061,127, 0
7062,123, 0
7063,116, 0
7064,115, 0
7065,112, 0
7066,115, 0
7067,108, 0
7068,121, 0
7069,127, 0
7070,123, 0
7071,117, 0
7072,108, 0
7073,92, 0
7074,60, 0
7075,38, 0
7076,42, 0
7077,65, 0
7078,57, 0
7079,85, 0
7080,103, 0
7081,107, 0
7082,128, 0
7083,115, 0
7084,103, 0
7085,102, 0
7086,109, 0
7087,90, 2
7088,86, 0
7089,84, 0
7090,83, 0
7091,77, 0
7092,76, 0
7093,59, 0
7094,60, 0
7095,70, 0
7096,79, 0
7097,94, 0
7098,94, 0
7099,102, 0
7100,99, 0
7101,115, 0
7102,113, 0
7103,113, 0
7104,97, 0
7105,92, 133
7106,83, 68
7107,84, 254
7108,89, 130
7109,110, 97
7110,133, 92
7111,145, 100
7112,152, 89
7113,148, 0
7114,147, 11
7115,142, 51
7116,139, 123
7117,141, 159
7118,139, 29
7119,133, 0
7120,133, 0
7121,139, 0
7122,150, 0
7123,159, 0
7124,165, 0
7125,159, 0
7126,145, 0
7127,126, 0
7128,112, 0
7129,101, 0
7130,92, 0
7131,83, 0
7132,88, 0
7133,88, 0
7134,68, 0
7135,45, 0
7136,25, 0
7137,30, 0
7138,46, 0
7139,60, 0
7140,92, 0
7141,115, 76
7142,131, 313
7143,123, 633
7144,112, 691
7145,102, 731
7146,84, 568
7147,102, 529
7148,84, 447
7149,81, 185
7150,77, 0
7151,72, 0
7152,75, 0
7153,89, 0
7154,96, 0
7155,97, 0
7156,96, 0
7157,97, 0
7158,91, 0
7159,86, 0
7160,84, 0
7161,83, 0
7162,77, 0
7163,81, 0
7164,83, 0
7165,70, 12
7166,62, 134
7167,68, 326
7168,69, 306
7169,102, 242
7170,135, 273
7171,145, 398
7172,145, 409
7173,127, 371
7174,108, 355
7175,89, 441
7176,89, 467
7177,94, 470
7178,95, 307
7179,89, 143
7180,97, 19
7181,92, 0
7182,89, 0
7183,90, 0
7184,95, 0
7185,88, 0
7186,85, 0
7187,87, 0
7188,95, 0
7189,103, 0
7190,120, 0
7191,141, 0
7192,148, 0
7193,156, 0
7194,164, 0
7195,151, 0
7196,135, 0
7197,105, 0
7198,86, 0
7199,59, 0
7200,73, 0
7201,83, 0
7202,91, 0
7203,92, 0
7204,85, 0
7205,75, 65
7206,78, 318
7207,77, 446
7208,88, 323
7209,108, 85
7210,131, 0
7211,139, 0
7212,155, 0
7213,166, 0
7214,164, 0
7215,160, 0
7216,152, 0
7217,148, 0
7218,123, 0
7219,105, 0
7220,85, 0
7221,62, 0
7222,89, 145
7223,92, 566
7224,113, 840
7225,126, 1101
7226,123, 1219
7227,112, 1219
7228,94, 1087
7229,92, 1021
7230,76, 785
7231,87, 403
7232,107, 6
7233,117, 0
7234,129, 0
7235,140, 0
7236,142, 0
7237,163, 0
7238,173, 0
7239,175, 104
7240,167, 157
7241,152, 348
7242,139, 585
7243,127, 555
7244,115, 260
7245,94, 34
7246,81, 0
7247,70, 0
7248,45, 0
7249,18, 0
7250,0, 0
7251,0, 0
7252,0, 0
7253,10, 0
7254,28, 0
7255,46, 48
7256,56, 593
7257,30, 938
7258,51, 1081
7259,78, 1039
7260,83, 767
7261,87, 415
7262,104, 167
7263,113, 0
7264,112, 0
7265,109, 0
7266,104, 0
7267,93, 0
7268,96, 0
7269,104, 0
7270,102, 0
7271,106, 0
7272,108, 0
7273,112, 0
7274,119, 0
7275,118, 0
7276,108, 0
7277,119, 0
7278,115, 0
7279,96, 0
7280,85, 0
7281,70, 0
7282,64, 0
7283,63, 0
7284,79, 0
7285,93, 158
7286,115, 407
7287,58, 566
7288,85, 635
7289,70, 761
7290,79, 737
7291,74, 430
7292,111, 306
7293,109, 267
7294,121, 234
7295,136, 271
7296,131, 175
7297,131, 0
7298,152, 0
7299,180, 0
7300,214, 0
7301,226, 0
7302,234, 0
7303,234, 0
7304,190, 0
7305,165, 0
7306,153, 0
7307,133, 0
7308,124, 0
7309,103, 0
7310,77, 0
7311,73, 0
7312,53, 0
7313,70, 0
7314,75, 0
7315,81, 0
7316,89, 0
7317,75, 0
7318,59, 0
7319,39, 0
7320,42, 0
7321,41, 0
7322,48, 0
7323,61, 0
7324,63, 0
7325,53, 76
7326,45, 45
7327,55, 37
7328,56, 0
7329,71, 0
7330,72, 0
7331,79, 0
7332,89, 0
7333,96, 0
7334,76, 0
7335,72, 0
7336,83, 0
7337,77, 0
7338,83, 0
7339,93, 0
7340,108, 0
7341,113, 0
7342,122, 0
7343,134, 0
7344,144, 0
7345,143, 0
7346,132, 0
7347,129, 0
7348,106, 21
7349,94, 67
7350,87, 41
7351,99, 160
7352,122, 147
7353,159, 9
7354,200, 164
7355,204, 284
7356,213, 202
7357,195, 242
7358,175, 368
7359,181, 695
7360,177, 899
7361,159, 790
7362,132, 547
7363,93, 259
7364,87, 92
7365,57, 3
7366,67, 0
7367,95, 127
7368,106, 297
7369,106, 562
7370,109, 656
7371,96, 415
7372,115, 275
7373,105, 171
7374,117, 0
7375,111, 0
7376,113, 0
7377,127, 0
7378,70, 0
7379,38, 0
7380,19, 0
7381,19, 27
7382,28, 104
7383,61, 101
7384,83, 76
7385,97, 74
7386,105, 8
7387,106, 0
7388,92, 0
7389,84, 0
7390,68, 0
7391,38, 0
7392,38, 0
7393,43, 0
7394,56, 0
7395,73, 0
7396,84, 0
7397,104, 0
7398,120, 0
7399,125, 0
7400,125, 0
7401,122, 0
7402,121, 0
7403,112, 0
7404,127, 0
7405,119, 0
7406,112, 0
7407,109, 48
7408,99, 369
7409,83, 665
7410,40, 527
7411,17, 470
7412,9, 342
7413,47, 340
7414,76, 446
7415,136, 457
7416,159, 515
7417,167, 620
7418,153, 770
7419,159, 662
7420,165, 554
7421,175, 518
7422,183, 382
7423,188, 222
7424,171, 0
7425,168, 0
7426,159, 0
7427,154, 0
7428,144, 0
7429,140, 0
7430,142, 0
7431,108, 0
7432,94, 0
7433,83, 0
7434,40, 108
7435,25, 119
7436,12, 0
7437,12, 0
7438,18, 0
7439,28, 0
7440,39, 0
7441,43, 0
7442,45, 0
7443,46, 0
7444,63, 0
7445,89, 0
7446,102, 0
7447,115, 0
7448,118, 0
7449,108, 0
7450,115, 0
7451,108, 0
7452,102, 0
7453,105, 0
7454,75, 24
7455,64, 0
7456,68, 0
7457,76, 0
7458,85, 83
7459,89, 0
7460,92, 0
7461,108, 0
7462,73, 0
7463,65, 0
7464,70, 0
7465,83, 0
7466,103, 0
7467,103, 0
7468,119, 0
7469,117, 0
7470,100, 0
7471,99, 0
7472,109, 0
7473,117, 64
7474,139, 20
7475,160, 0
7476,182, 0
7477,196, 0
7478,196, 312
7479,186, 673
7480,183, 888
7481,199, 990
7482,204, 990
7483,202, 715
7484,189, 379
7485,166, 204
7486,135, 79
7487,112, 19
7488,97, 0
7489,108, 0
7490,108, 0
7491,115, 52
7492,108, 271
7493,96, 348
7494,95, 165
7495,97, 29
7496,89, 0
7497,100, 0
7498,92, 0
7499,75, 0
7500,60, 0
7501,43, 6
7502,55, 223
7503,50, 345
7504,43, 276
7505,54, 93
7506,86, 0
7507,95, 0
7508,93, 0
7509,87, 0
7510,87, 6
7511,84, 0
7512,77, 0
7513,89, 0
7514,101, 0
7515,103, 0
7516,102, 0
7517,96, 0
7518,75, 0
7519,58, 0
7520,61, 0
7521,62, 0
7522,70, 0
7523,88, 0
7524,96, 0
7525,111, 0
7526,126, 0
7527,132, 0
7528,127, 0
7529,118, 0
7530,110, 0
7531,92, 0
7532,81, 0
7533,95, 0
7534,106, 0
7535,129, 0
7536,138, 0
7537,139, 0
7538,132, 0
7539,128, 0
7540,133, 0
7541,137, 0
7542,149, 0
7543,151, 0
7544,151, 0
7545,126, 65
7546,121, 312
7547,103, 230
7548,104, 232
7549,119, 102
7550,121, 51
7551,110, 122
7552,128, 201
7553,140, 286
7554,156, 179
7555,163, 10
7556,165, 0
7557,164, 0
7558,163, 0
7559,140, 0
7560,143, 0
7561,109, 0
7562,84, 0
7563,72, 0
7564,75, 155
7565,45, 131
7566,55, 319
7567,65, 269
7568,72, 129
7569,88, 0
7570,63, 0
7571,46, 0
7572,44, 0
7573,59, 0
7574,83, 0
7575,96, 0
7576,102, 0
7577,106, 0
7578,109, 0
7579,117, 0
7580,132, 0
7581,127, 0
7582,147, 0
7583,142, 0
7584,134, 0
7585,130, 52
7586,128, 153
7587,117, 231
7588,111, 232
7589,108, 301
7590,109, 365
7591,108, 395
7592,94, 388
7593,92, 183
7594,97, 55
7595,112, 62
7596,131, 7
7597,142, 0
7598,136, 0
7599,117, 0
7600,99, 0
7601,73, 0
7602,62, 54
7603,73, 156
7604,97, 231
7605,113, 241
7606,127, 127
7607,145, 13
7608,170, 19
7609,159, 14
7610,181, 0
7611,195, 0
7612,172, 0
7613,152, 0
7614,122, 0
7615,105, 0
7616,87, 0
7617,84, 0
7618,91, 0
7619,101, 0
7620,91, 6
7621,86, 54
7622,85, 44
7623,76, 188
7624,57, 158
7625,52, 110
7626,57, 0
7627,68, 0
7628,99, 0
7629,117, 0
7630,148, 0
7631,133, 0
7632,136, 0
7633,144, 0
7634,121, 0
7635,102, 0
7636,113, 0
7637,115, 0
7638,125, 0
7639,131, 0
7640,116, 0
7641,110, 0
7642,104, 0
7643,100, 0
7644,99, 0
7645,108, 0
7646,115, 7
7647,126, 29
7648,115, 142
7649,115, 364
7650,121, 430
7651,115, 355
7652,107, 211
7653,73, 31
7654,55, 18
7655,61, 99
7656,80, 80
7657,93, 0
7658,121, 0
7659,138, 0
7660,139, 0
7661,149, 0
7662,142, 0
7663,133, 0
7664,128, 0
7665,137, 0
7666,138, 0
7667,143, 0
7668,150, 0
7669,143, 0
7670,148, 0
7671,149, 0
7672,141, 0
7673,125, 0
7674,117, 0
7675,115, 0
7676,109, 0
7677,104, 0
7678,100, 0
7679,105, 0
7680,106, 0
7681,118, 0
7682,119, 0
7683,95, 1
7684,88, 8
7685,80, 115
7686,68, 73
7687,64, 139
7688,76, 0
7689,92, 0
7690,105, 0
7691,111, 0
7692,126, 0
7693,136, 0
7694,141, 0
7695,143, 0
7696,140, 0
7697,147, 0
7698,140, 0
7699,137, 0
7700,119, 0
7701,92, 0
7702,72, 0
7703,52, 0
7704,48, 0
7705,69, 232
7706,79, 416
7707,76, 529
7708,61, 378
7709,47, 76
7710,58, 0
7711,71, 10
7712,81, 31
7713,100, 313
7714,73, 498
7715,90, 242
7716,61, 121
7717,73, 0
7718,92, 0
7719,112, 0
7720,135, 0
7721,147, 0
7722,158, 0
7723,158, 0
7724,157, 0
7725,145, 0
7726,131, 0
7727,121, 0
7728,112, 0
7729,128, 0
7730,138, 0
7731,145, 0
7732,145, 70
7733,147, 96
7734,139, 31
7735,133, 0
7736,129, 0
7737,123, 0
7738,129, 0
7739,125, 0
7740,122, 0
7741,123, 0
7742,121, 0
7743,117, 0
7744,109, 0
7745,92, 43
7746,100, 175
7747,86, 13
7748,93, 0
7749,108, 0
7750,106, 0
7751,97, 0
7752,89, 0
7753,78, 0
7754,80, 0
7755,77, 0
7756,64, 294
7757,41, 607
7758,39, 769
7759,43, 753
7760,61, 609
7761,74, 214
7762,99, 0
7763,117, 0
7764,128, 0
7765,131, 0
7766,127, 0
7767,117, 0
7768,111, 0
7769,104, 0
7770,108, 0
7771,107, 0
7772,108, 0
7773,101, 89
7774,80, 398
7775,86, 613
7776,62, 501
7777,51, 510
7778,55, 409
7779,57, 281
7780,84, 142
7781,99, 20
7782,115, 0
7783,133, 0
7784,149, 0
7785,140, 0
7786,150, 0
7787,148, 0
7788,149, 0
7789,137, 0
7790,133, 0
7791,147, 0
7792,130, 0
7793,133, 0
7794,141, 0
7795,145, 0
7796,152, 0
7797,156, 0
7798,152, 0
7799,135, 0
7800,127, 0
7801,133, 0
7802,127, 0
7803,139, 20
7804,127, 3
7805,92, 0
7806,70, 0
7807,63, 0
7808,67, 0
7809,74, 0
7810,122, 0
7811,161, 0
7812,183, 0
7813,171, 0
7814,156, 0
7815,119, 0
7816,112, 0
7817,63, 0
7818,63, 0
7819,58, 0
7820,67, 0
7821,73, 244
7822,90, 354
7823,89, 328
7824,86, 444
7825,91, 415
7826,89, 353
7827,89, 324
7828,80, 165
7829,68, 69
7830,60, 0
7831,70, 0
7832,83, 0
7833,111, 0
7834,130, 0
7835,137, 0
7836,122, 100
7837,102, 330
7838,89, 330
7839,79, 270
7840,94, 152
7841,116, 158
7842,124, 173
7843,141, 14
7844,128, 4
7845,135, 0
7846,139, 62
7847,165, 239
7848,138, 91
7849,139, 72
7850,129, 22
7851,132, 0
7852,135, 0
7853,133, 0
7854,127, 0
7855,127, 0
7856,129, 0
7857,135, 0
7858,143, 0
7859,142, 0
7860,139, 0
7861,133, 0
7862,127, 0
7863,119, 0
7864,132, 0
7865,108, 0
7866,90, 0
7867,70, 0
7868,65, 35
7869,71, 73
7870,81, 89
7871,100, 0
7872,113, 0
7873,123, 0
7874,109, 0
7875,108, 0
7876,108, 0
7877,113, 0
7878,126, 0
7879,118, 0
7880,115, 0
7881,113, 0
7882,96, 0
7883,96, 0
7884,92, 0
7885,102, 0
7886,110, 0
7887,92, 0
7888,95, 6
7889,89, 11
7890,83, 0
7891,91, 0
7892,86, 0
7893,117, 0
7894,127, 0
7895,123, 0
7896,118, 97
7897,100, 242
7898,80, 296
7899,68, 145
7900,72, 56
7901,89, 0
7902,101, 0
7903,119, 0
7904,138, 0
7905,139, 0
7906,145, 0
7907,121, 0
7908,116, 0
7909,115, 0
7910,104, 0
7911,91, 0
7912,85, 0
7913,100, 0
7914,111, 0
7915,122, 0
7916,130, 0
7917,150, 0
7918,148, 0
7919,133, 0
7920,140, 0
7921,120, 0
7922,115, 0
7923,104, 0
7924,96, 0
7925,102, 0
7926,93, 0
7927,64, 0
7928,50, 0
7929,46, 0
7930,57, 0
7931,69, 0
7932,94, 0
7933,127, 0
7934,154, 0
7935,163, 0
7936,160, 0
7937,145, 0
7938,110, 0
7939,83, 0
7940,53, 0
7941,48, 0
7942,47, 0
7943,61, 0
7944,76, 0
7945,93, 0
7946,105, 0
7947,109, 97
7948,117, 108
7949,112, 139
7950,105, 76
7951,100, 23
7952,102, 121
7953,102, 149
7954,88, 24
7955,92, 0
7956,95, 0
7957,99, 70
7958,89, 439
7959,91, 457
7960,78, 214
7961,91, 206
7962,105, 69
7963,132, 0
7964,132, 0
7965,124, 0
7966,113, 0
7967,125, 0
7968,127, 0
7969,127, 0
7970,132, 0
7971,135, 0
7972,134, 0
7973,145, 0
7974,149, 0
7975,153, 0
7976,157, 0
7977,151, 0
7978,141, 0
7979,142, 0
7980,138, 0
7981,139, 0
7982,126, 0
7983,109, 0
7984,104, 0
7985,119, 4
7986,102, 199
7987,93, 127
7988,68, 9
7989,59, 0
7990,65, 0
7991,59, 0
7992,57, 0
7993,72, 0
7994,94, 0
7995,102, 0
7996,97, 6
7997,109, 331
7998,109, 484
7999,120, 398
8000,122, 505
8001,134, 414
8002,122, 266
8003,115, 75
8004,107, 0
8005,110, 0
8006,105, 0
8007,100, 0
8008,113, 0
8009,85, 0
8010,71, 0
8011,65, 0
8012,76, 0
8013,101, 298
8014,83, 187
8015,97, 35
8016,99, 0
8017,94, 0
8018,96, 0
8019,95, 0
8020,76, 0
8021,78, 10
8022,81, 174
8023,99, 8
8024,125, 0
8025,136, 0
8026,139, 0
8027,147, 0
8028,137, 0
8029,150, 0
8030,152, 370
8031,160, 299
8032,152, 402
8033,148, 270
8034,142, 81
8035,139, 0
8036,148, 0
8037,149, 0
8038,143, 7
8039,130, 0
8040,120, 0
8041,101, 0
8042,106, 0
8043,91, 0
8044,77, 0
8045,73, 0
8046,89, 0
8047,79, 0
8048,73, 0
8049,62, 0
8050,44, 0
8051,48, 0
8052,54, 0
8053,63, 0
8054,83, 0
8055,96, 0
8056,107, 0
8057,95, 0
8058,99, 0
8059,80, 0
8060,80, 0
8061,95, 0
8062,99, 0
8063,101, 0
8064,118, 0
8065,100, 0
8066,101, 0
8067,106, 0
8068,105, 0
8069,106, 0
8070,116, 0
8071,113, 0
8072,121, 0
8073,115, 0
8074,118, 0
8075,127, 0
8076,124, 0
8077,113, 0
8078,106, 0
8079,84, 0
8080,60, 28
8081,53, 69
8082,60, 183
8083,56, 122
8084,70, 126
8085,92, 11
8086,118, 0
8087,121, 0
8088,133, 0
8089,152, 0
8090,144, 0
8091,151, 0
8092,153, 0
8093,161, 0
8094,161, 0
8095,164, 0
8096,182, 0
8097,167, 0
8098,153, 0
8099,133, 0
8100,140, 0
8101,138, 0
8102,132, 0
8103,123, 0
8104,121, 0
8105,133, 0
8106,126, 6
8107,121, 0
8108,108, 0
8109,96, 0
8110,68, 0
8111,44, 24
8112,35, 200
8113,24, 116
8114,36, 51
8115,55, 0
8116,78, 0
8117,86, 0
8118,99, 0
8119,108, 0
8120,108, 0
8121,107, 0
8122,108, 0
8123,103, 0
8124,93, 0
8125,95, 0
8126,91, 0
8127,83, 0
8128,87, 0
8129,83, 0
8130,80, 0
8131,83, 0
8132,85, 0
8133,95, 0
8134,102, 0
8135,115, 0
8136,112, 0
8137,121, 0
8138,123, 0
8139,115, 0
8140,95, 0
8141,80, 125
8142,63, 183
8143,61, 305
8144,73, 439
8145,96, 375
8146,129, 206
8147,141, 136
8148,151, 63
8149,144, 0
8150,134, 0
8151,128, 0
8152,150, 80
8153,157, 92
8154,161, 172
8155,156, 0
8156,148, 0
8157,127, 0
8158,151, 0
8159,148, 0
8160,147, 0
8161,133, 0
8162,125, 0
8163,122, 0
8164,123, 0
8165,115, 0
8166,119, 56
8167,109, 57
8168,108, 0
8169,106, 0
8170,92, 0
8171,63, 0
8172,58, 95
8173,51, 0
8174,63, 0
8175,63, 0
8176,89, 0
8177,97, 0
8178,111, 0
8179,106, 0
8180,103, 0
8181,89, 0
8182,67, 0
8183,51, 0
8184,51, 0
8185,57, 0
8186,57, 0
8187,59, 12
8188,74, 15
8189,72, 0
8190,80, 0
8191,84, 0
8192,92, 0
8193,95, 0
8194,102, 77
8195,100, 216
8196,85, 226
8197,93, 160
8198,94, 115
8199,93, 67
8200,86, 7
8201,83, 21
8202,69, 127
8203,57, 64
8204,61, 88
8205,75, 74
8206,96, 0
8207,128, 0
8208,148, 0
8209,158, 0
8210,157, 0
8211,155, 0
8212,150, 0
8213,143, 0
8214,150, 0
8215,142, 0
8216,139, 0
8217,140, 0
8218,133, 0
8219,137, 0
8220,145, 0
8221,145, 0
8222,149, 0
8223,150, 0
8224,145, 0
8225,140, 0
8226,122, 0
8227,109, 0
8228,102, 0
8229,99, 0
8230,106, 0
8231,92, 0
8232,77, 128
8233,61, 221
8234,64, 466
8235,65, 153
8236,72, 300
8237,88, 227
8238,107, 157
8239,122, 47
8240,127, 0
8241,127, 0
8242,113, 0
8243,108, 0
8244,95, 0
8245,87, 0
8246,88, 0
8247,78, 0
8248,78, 18
8249,75, 0
8250,74, 0
8251,88, 0
8252,75, 0
8253,89, 0
8254,89, 0
8255,90, 0
8256,92, 21
8257,101, 5
8258,92, 0
8259,92, 0
8260,107, 0
8261,107, 0
8262,94, 1
8263,88, 79
8264,73, 143
8265,72, 69
8266,71, 57
8267,94, 0
8268,127, 0
8269,140, 0
8270,149, 0
8271,158, 0
8272,157, 0
8273,152, 0
8274,149, 0
8275,139, 0
8276,133, 0
8277,127, 0
8278,102, 41
8279,101, 0
8280,100, 0
8281,104, 0
8282,110, 0
8283,119, 0
8284,122, 0
8285,132, 0
8286,144, 0
8287,138, 0
8288,136, 0
8289,133, 0
8290,120, 0
8291,113, 0
8292,104, 0
8293,83, 0
8294,63, 0
8295,55, 0
8296,57, 0
8297,63, 0
8298,92, 0
8299,108, 0
8300,111, 0
8301,104, 0
8302,105, 0
8303,104, 0
8304,108, 0
8305,108, 0
8306,108, 0
8307,99, 0
8308,99, 0
8309,96, 0
8310,107, 0
8311,107, 0
8312,95, 0
8313,97, 0
8314,97, 0
8315,96, 0
8316,94, 0
8317,99, 0
8318,86, 0
8319,100, 0
8320,105, 0
8321,110, 24
8322,117, 25
8323,94, 86
8324,76, 167
8325,86, 152
8326,74, 368
8327,79, 55
8328,96, 5
8329,125, 0
8330,134, 0
8331,140, 0
8332,142, 0
8333,139, 0
8334,135, 0
8335,144, 0
8336,144, 0
8337,145, 0
8338,144, 0
8339,132, 0
8340,133, 0
8341,133, 0
8342,129, 0
8343,125, 0
8344,126, 0
8345,119, 0
8346,124, 0
8347,115, 0
8348,121, 0
8349,117, 0
8350,119, 0
8351,109, 0
8352,110, 0
8353,89, 0
8354,56, 14
8355,54, 152
8356,40, 174
8357,46, 318
8358,56, 129
8359,86, 0
8360,102, 0
8361,121, 0
8362,131, 0
8363,143, 0
8364,151, 0
8365,152, 0
8366,143, 0
8367,134, 0
8368,125, 0
8369,127, 0
8370,122, 0
8371,104, 0
8372,101, 0
8373,93, 0
8374,92, 0
8375,89, 0
8376,91, 0
8377,92, 0
8378,79, 0
8379,70, 0
8380,63, 0
8381,70, 0
8382,77, 0
8383,80, 112
8384,73, 183
8385,42, 336
8386,44, 330
8387,47, 269
8388,55, 385
8389,68, 211
8390,107, 276
8391,139, 356
8392,151, 449
8393,145, 133
8394,139, 0
8395,160, 0
8396,139, 0
8397,133, 0
8398,154, 0
8399,139, 0
8400,159, 0
8401,155, 0
8402,168, 0
8403,173, 0
8404,170, 0
8405,155, 0
8406,133, 0
8407,108, 0
8408,91, 0
8409,79, 0
8410,63, 0
8411,63, 0
8412,63, 0
8413,57, 0
8414,54, 0
8415,32, 0
8416,14, 0
8417,19, 0
8418,12, 0
8419,17, 0
8420,43, 0
8421,57, 0
8422,56, 0
8423,44, 0
8424,35, 0
8425,37, 0
8426,45, 0
8427,57, 0
8428,69, 0
8429,78, 0
8430,84, 0
8431,88, 0
8432,88, 0
8433,83, 0
8434,87, 0
8435,90, 0
8436,121, 0
8437,147, 0
8438,152, 0
8439,170, 0
8440,164, 0
8441,161, 0
8442,156, 0
8443,152, 0
8444,144, 70
8445,132, 202
8446,109, 164
8447,96, 145
8448,81, 142
8449,85, 46
8450,111, 0
8451,141, 0
8452,159, 0
8453,182, 0
8454,187, 0
8455,189, 0
8456,193, 0
8457,181, 0
8458,175, 0
8459,165, 0
8460,161, 2
8461,158, 0
8462,156, 0
8463,145, 0
8464,160, 0
8465,138, 0
8466,132, 0
8467,128, 0
8468,121, 0
8469,121, 0
8470,108, 0
8471,92, 0
8472,92, 0
8473,92, 0
8474,102, 0
8475,90, 0
8476,70, 0
8477,62, 0
8478,57, 108
8479,70, 214
8480,73, 3
8481,90, 0
8482,103, 0
8483,108, 0
8484,109, 0
8485,112, 0
8486,116, 0
8487,115, 0
8488,112, 0
8489,116, 0
8490,127, 0
8491,133, 0
8492,135, 0
8493,145, 0
8494,108, 0
8495,80, 0
8496,53, 0
8497,36, 0
8498,13, 0
8499,19, 0
8500,30, 4
8501,51, 92
8502,63, 289
8503,70, 96
8504,95, 0
8505,102, 25
8506,87, 48
8507,56, 57
8508,44, 52
8509,46, 28
8510,45, 0
8511,81, 0
8512,115, 0
8513,134, 0
8514,152, 0
8515,158, 0
8516,147, 0
8517,151, 0
8518,139, 0
8519,132, 0
8520,127, 0
8521,123, 5
8522,122, 0
8523,112, 0
8524,120, 0
8525,128, 0
8526,145, 0
8527,154, 0
8528,152, 0
8529,140, 0
8530,133, 0
8531,125, 0
8532,132, 0
8533,126, 0
8534,123, 0
8535,115, 0
8536,84, 0
8537,51, 0
8538,36, 189
8539,41, 95
8540,52, 170
8541,34, 76
8542,32, 0
8543,36, 0
8544,51, 0
8545,63, 0
8546,70, 0
8547,78, 0
8548,95, 0
8549,89, 0
8550,110, 0
8551,117, 0
8552,106, 0
8553,103, 0
8554,110, 0
8555,79, 0
8556,76, 0
8557,85, 0
8558,93, 0
8559,108, 0
8560,97, 0
8561,106, 0
8562,102, 14
8563,106, 15
8564,115, 75
8565,109, 184
8566,100, 175
8567,100, 158
8568,63, 166
8569,63, 195
8570,71, 145
8571,74, 95
8572,99, 6
8573,132, 0
8574,155, 0
8575,164, 0
8576,160, 0
8577,152, 0
8578,165, 0
8579,153, 0
8580,153, 0
8581,156, 0
8582,152, 0
8583,126, 0
8584,113, 0
8585,102, 0
8586,88, 0
8587,92, 0
8588,115, 0
8589,95, 0
8590,93, 0
8591,89, 0
8592,72, 231
8593,74, 183
8594,83, 416
8595,102, 417
8596,111, 490
8597,90, 112
8598,76, 158
8599,44, 24
8600,54, 0
8601,69, 0
8602,75, 0
8603,103, 0
8604,138, 0
8605,147, 0
8606,169, 0
8607,159, 0
8608,158, 0
8609,152, 0
8610,129, 0
8611,111, 0
8612,85, 0
8613,83, 0
8614,79, 0
8615,63, 0
8616,59, 0
8617,59, 0
8618,69, 0
8619,75, 0
8620,80, 0
8621,81, 0
8622,80, 0
8623,77, 0
8624,73, 0
8625,75, 0
8626,78, 0
8627,76, 47
8628,70, 109
8629,45, 339
8630,51, 290
8631,55, 386
8632,55, 36
8633,80, 0
8634,102, 0
8635,129, 0
8636,127, 0
8637,133, 0
8638,145, 0
8639,135, 0
8640,163, 0
8641,167, 0
8642,173, 0
8643,189, 0
8644,192, 0
8645,204, 0
8646,207, 0
8647,210, 0
8648,216, 0
8649,203, 0
8650,182, 0
8651,176, 0
8652,166, 0
8653,159, 0
8654,139, 0
8655,87, 0
8656,57, 0
8657,37, 0
8658,20, 0
8659,1, 0
8660,0, 18
8661,5, 0
8662,21, 0
8663,58, 0
8664,108, 0
8665,133, 0
8666,136, 0
8667,99, 0
8668,56, 0
8669,19, 0
8670,1, 0
8671,0, 0
8672,0, 0
8673,5, 0
8674,7, 0
8675,24, 0
8676,34, 0
8677,52, 0
8678,68, 0
8679,71, 0
8680,83, 0
8681,93, 0
8682,94, 0
8683,90, 0
8684,108, 0
8685,112, 0
8686,121, 0
8687,122, 0
8688,119, 310
8689,110, 268
8690,96, 363
8691,74, 382
8692,85, 403
8693,80, 228
8694,106, 164
8695,130, 126
8696,151, 117
8697,154, 129
8698,157, 97
8699,131, 25
8700,131, 7
8701,118, 0
8702,103, 0
8703,105, 0
8704,109, 0
8705,113, 0
8706,115, 0
8707,113, 0
8708,118, 0
8709,125, 0
8710,135, 0
8711,138, 0
8712,139, 0
8713,138, 0
8714,137, 0
8715,144, 0
8716,145, 0
8717,158, 0
8718,129, 0
8719,111, 0
8720,84, 0
8721,51, 0
8722,30, 0
8723,19, 0
8724,32, 0
8725,64, 0
8726,83, 0
8727,73, 0
8728,57, 0
8729,38, 0
8730,31, 0
8731,30, 0
8732,43, 0
8733,50, 0
8734,42, 0
8735,54, 0
8736,63, 0
8737,65, 0
8738,86, 0
8739,89, 0
8740,112, 0
8741,131, 0
8742,167, 0
8743,167, 0
8744,174, 0
8745,180, 0
8746,176, 0
8747,161, 0
8748,159, 0
8749,136, 12
8750,120, 333
8751,88, 127
8752,89, 191
8753,80, 322
8754,96, 196
8755,104, 0
8756,115, 0
8757,105, 0
8758,81, 0
8759,87, 0
8760,87, 0
8761,118, 0
8762,129, 0
8763,154, 0
8764,159, 0
8765,159, 0
8766,166, 0
8767,161, 0
8768,159, 0
8769,137, 0
8770,122, 0
8771,102, 0
8772,86, 0
8773,85, 0
8774,83, 0
8775,90, 0
8776,92, 0
8777,92, 0
8778,84, 51
8779,62, 40
8780,30, 41
8781,4, 0
8782,0, 0
8783,0, 0
8784,0, 0
8785,0, 0
8786,2, 0
8787,0, 0
8788,0, 0
8789,11, 0
8790,0, 0
8791,0, 0
8792,0, 0
8793,0, 0
8794,5, 0
8795,25, 0
8796,65, 0
8797,118, 0
8798,143, 0
8799,152, 0
8800,170, 0
8801,165, 0
8802,188, 0
8803,216, 48
8804,238, 0
8805,243, 0
8806,241, 0
8807,238, 0
8808,229, 0
8809,223, 0
8810,202, 0
8811,164, 2
8812,121, 55
8813,117, 11
8814,92, 88
8815,101, 89
8816,135, 30
8817,159, 0
8818,183, 0
8819,190, 0
8820,187, 0
8821,176, 0
8822,170, 0
8823,161, 0
8824,156, 0
8825,156, 0
8826,164, 0
8827,172, 0
8828,180, 0
8829,176, 0
8830,181, 0
8831,195, 0
8832,184, 0
8833,183, 0
8834,183, 0
8835,174, 0
8836,160, 0
8837,145, 0
8838,143, 0
8839,113, 0
8840,94, 0
8841,59, 0
8842,10, 0
8843,0, 0
8844,0, 0
8845,0, 0
8846,0, 0
8847,0, 0
8848,23, 0
8849,35, 0
8850,44, 0
8851,69, 0
8852,89, 0
8853,110, 0
8854,110, 0
8855,106, 0
8856,94, 0
8857,83, 0
8858,70, 0
8859,67, 0
8860,67, 0
8861,61, 0
8862,46, 0
8863,34, 0
8864,42, 0
8865,40, 0
8866,60, 0
8867,74, 0
8868,73, 0
8869,80, 0
8870,103, 37
8871,92, 0
8872,67, 31
8873,60, 95
8874,57, 14
8875,46, 56
8876,52, 6
8877,71, 0
8878,95, 0
8879,97, 0
8880,112, 0
8881,110, 0
8882,125, 0
8883,129, 0
8884,116, 0
8885,126, 0
8886,126, 0
8887,127, 0
8888,119, 0
8889,134, 0
8890,141, 0
8891,140, 0
8892,152, 0
8893,139, 0
8894,152, 0
8895,158, 0
8896,173, 0
8897,180, 0
8898,198, 0
8899,199, 0
8900,199, 0
8901,187, 0
8902,167, 0
8903,152, 257
8904,127, 296
8905,97, 315
8906,88, 211
8907,85, 78
8908,90, 5
8909,121, 0
8910,153, 0
8911,183, 0
8912,185, 0
8913,168, 0
8914,143, 0
8915,122, 0
8916,103, 0
8917,87, 0
8918,71, 0
8919,54, 0
8920,34, 0
8921,24, 0
8922,24, 0
8923,28, 0
8924,39, 0
8925,51, 0
8926,67, 0
8927,73, 0
8928,67, 0
8929,68, 0
8930,79, 0
8931,86, 0
8932,92, 38
8933,76, 161
8934,58, 208
8935,57, 242
8936,86, 326
8937,115, 203
8938,157, 0
8939,184, 0
8940,200, 0
8941,217, 0
8942,230, 0
8943,213, 0
8944,188, 0
8945,133, 0
8946,83, 0
8947,51, 0
8948,46, 0
8949,50, 0
8950,61, 0
8951,88, 0
8952,100, 0
8953,108, 0
8954,105, 0
8955,81, 0
8956,51, 0
8957,27, 0
8958,4, 0
8959,0, 0
8960,0, 0
8961,0, 0
8962,12, 0
8963,19, 0
8964,36, 0
8965,57, 0
8966,97, 179
8967,120, 166
8968,145, 0
8969,183, 0
8970,200, 0
8971,203, 0
8972,195, 0
8973,159, 0
8974,129, 0
8975,104, 0
8976,83, 0
8977,67, 0
8978,39, 0
8979,38, 0
8980,37, 0
8981,42, 0
8982,57, 0
8983,63, 0
8984,70, 0
8985,87, 0
8986,92, 0
8987,95, 0
8988,83, 0
8989,119, 0
8990,165, 0
8991,173, 0
8992,187, 0
8993,183, 0
8994,144, 48
8995,119, 78
8996,96, 89
8997,86, 248
8998,86, 0
8999,108, 0
9000,135, 0
9001,156, 0
9002,159, 0
9003,155, 0
9004,136, 0
9005,126, 0
9006,111, 0
9007,127, 0
9008,144, 0
9009,160, 0
9010,171, 0
9011,169, 0
9012,160, 0
9013,145, 0
9014,131, 0
9015,115, 0
9016,115, 0
9017,127, 0
9018,139, 0
9019,211, 0
9020,244, 0
9021,270, 0
9022,275, 0
9023,235, 0
9024,170, 0
9025,115, 0
9026,80, 0
9027,83, 0
9028,72, 0
9029,80, 0
9030,108, 0
9031,127, 0
9032,142, 0
9033,138, 0
9034,102, 0
9035,46, 0
9036,5, 0
9037,0, 0
9038,0, 0
9039,0, 0
9040,0, 0
9041,0, 0
9042,7, 0
9043,43, 0
9044,51, 0
9045,53, 0
9046,58, 0
9047,63, 0
9048,73, 0
9049,77, 0
9050,84, 0
9051,77, 0
9052,90, 0
9053,92, 0
9054,81, 0
9055,76, 0
9056,56, 37
9057,57, 123
9058,64, 214
9059,74, 228
9060,91, 4
9061,89, 0
9062,77, 0
9063,56, 0
9064,63, 0
9065,65, 0
9066,89, 0
9067,103, 0
9068,121, 0
9069,130, 0
9070,130, 0
9071,123, 0
9072,126, 0
9073,118, 0
9074,116, 0
9075,121, 0
9076,120, 0
9077,125, 0
9078,130, 0
9079,127, 0
9080,152, 0
9081,127, 0
9082,116, 0
9083,113, 0
9084,104, 0
9085,81, 0
9086,67, 0
9087,56, 0
9088,48, 0
9089,46, 0
9090,58, 0
9091,94, 0
9092,101, 0
9093,99, 0
9094,94, 0
9095,106, 0
9096,115, 0
9097,97, 0
9098,95, 0
9099,106, 0
9100,105, 0
9101,108, 0
9102,108, 0
9103,125, 0
9104,100, 0
9105,95, 0
9106,102, 0
9107,106, 0
9108,119, 0
9109,122, 0
9110,119, 0
9111,115, 0
9112,123, 0
9113,115, 0
9114,113, 0
9115,109, 0
9116,102, 124
9117,96, 59
9118,91, 121
9119,95, 115
9120,105, 58
9121,130, 0
9122,139, 0
9123,142, 0
9124,136, 0
9125,139, 0
9126,153, 0
9127,129, 0
9128,129, 0
9129,133, 0
9130,129, 0
9131,136, 0
9132,137, 0
9133,133, 0
9134,133, 0
9135,133, 0
9136,133, 0
9137,131, 0
9138,123, 0
9139,121, 0
9140,121, 0
9141,115, 0
9142,109, 0
9143,105, 0
9144,94, 0
9145,83, 0
9146,61, 0
9147,36, 0
9148,18, 0
9149,12, 0
9150,21, 0
9151,44, 0
9152,56, 0
9153,59, 0
9154,51, 0
9155,35, 0
9156,52, 0
9157,68, 0
9158,79, 0
9159,87, 0
9160,89, 0
9161,89, 0
9162,97, 0
9163,99, 0
9164,120, 0
9165,104, 64
9166,99, 62
9167,123, 83
9168,133, 53
9169,150, 0
9170,166, 0
9171,183, 0
9172,188, 0
9173,202, 0
9174,210, 0
9175,218, 0
9176,206, 55
9177,176, 145
9178,159, 213
9179,150, 230
9180,139, 244
9181,137, 35
9182,153, 0
9183,150, 0
9184,140, 0
9185,115, 0
9186,99, 0
9187,78, 0
9188,58, 0
9189,50, 0
9190,52, 0
9191,68, 0
9192,93, 0
9193,117, 0
9194,124, 0
9195,131, 0
9196,132, 0
9197,127, 0
9198,123, 0
9199,109, 0
9200,106, 0
9201,103, 0
9202,107, 0
9203,115, 0
9204,129, 0
9205,139, 0
9206,132, 0
9207,95, 0
9208,53, 34
9209,11, 0
9210,5, 0
9211,1, 0
9212,24, 0
9213,59, 0
9214,99, 0
9215,108, 0
9216,120, 0
9217,63, 0
9218,29, 0
9219,9, 0
9220,4, 0
9221,21, 0
9222,36, 0
9223,56, 0
9224,70, 0
9225,77, 0
9226,108, 188
9227,118, 188
9228,159, 375
9229,202, 152
9230,234, 32
9231,243, 0
9232,214, 0
9233,167, 0
9234,111, 0
9235,75, 0
9236,89, 0
9237,44, 21
9238,35, 173
9239,25, 228
9240,18, 171
9241,31, 73
9242,38, 69
9243,62, 0
9244,77, 0
9245,80, 0
9246,70, 0
9247,55, 0
9248,62, 0
9249,92, 0
9250,108, 0
9251,129, 0
9252,142, 0
9253,158, 0
9254,176, 0
9255,193, 0
9256,211, 0
9257,230, 0
9258,233, 0
9259,263, 0
9260,252, 0
9261,244, 0
9262,242, 0
9263,208, 0
9264,192, 0
9265,159, 0
9266,139, 0
9267,121, 0
9268,79, 0
9269,46, 0
9270,37, 0
9271,43, 0
9272,47, 27
9273,52, 0
9274,55, 0
9275,48, 0
9276,59, 0
9277,55, 0
9278,70, 0
9279,83, 0
9280,95, 0
9281,92, 0
9282,87, 0
9283,94, 0
9284,74, 0
9285,65, 0
9286,92, 0
9287,63, 0
9288,74, 0
9289,108, 0
9290,139, 0
9291,143, 0
9292,115, 0
9293,102, 0
9294,93, 0
9295,85, 0
9296,83, 0
9297,78, 0
9298,75, 30
9299,79, 311
9300,60, 159
9301,64, 222
9302,59, 91
9303,54, 256
9304,51, 73
9305,51, 0
9306,51, 0
9307,71, 0
9308,80, 0
9309,96, 0
9310,133, 0
9311,149, 0
9312,139, 0
9313,145, 0
9314,140, 0
9315,135, 0
9316,158, 0
9317,172, 0
9318,170, 0
9319,159, 0
9320,145, 0
9321,139, 0
9322,138, 0
9323,136, 0
9324,129, 0
9325,113, 0
9326,111, 0
9327,107, 0
9328,83, 0
9329,86, 0
9330,45, 0
9331,31, 0
9332,28, 0
9333,31, 0
9334,51, 0
9335,84, 0
9336,92, 0
9337,105, 0
9338,103, 0
9339,110, 0
9340,110, 0
9341,101, 0
9342,91, 0
9343,73, 0
9344,63, 0
9345,56, 0
9346,79, 0
9347,87, 0
9348,104, 9
9349,115, 0
9350,112, 0
9351,106, 0
9352,115, 0
9353,120, 0
9354,127, 0
9355,133, 0
9356,139, 0
9357,145, 0
9358,153, 0
9359,145, 0
9360,117, 57
9361,105, 64
9362,101, 85
9363,95, 341
9364,106, 104
9365,112, 127
9366,108, 124
9367,93, 74
9368,90, 36
9369,74, 0
9370,84, 0
9371,84, 0
9372,79, 0
9373,92, 0
9374,84, 0
9375,88, 0
9376,102, 0
9377,76, 0
9378,86, 0
9379,89, 0
9380,92, 2
9381,99, 0
9382,108, 0
9383,121, 0
9384,121, 0
9385,131, 0
9386,130, 0
9387,121, 0
9388,108, 0
9389,88, 0
9390,76, 0
9391,46, 2
9392,60, 61
9393,55, 120
9394,57, 50
9395,83, 0
9396,100, 0
9397,123, 0
9398,140, 0
9399,148, 0
9400,141, 0
9401,136, 0
9402,133, 0
9403,129, 0
9404,123, 0
9405,108, 0
9406,92, 0
9407,73, 0
9408,54, 0
9409,59, 0
9410,76, 0
9411,92, 0
9412,108, 0
9413,115, 0
9414,116, 0
9415,109, 0
9416,111, 0
9417,108, 0
9418,120, 0
9419,116, 0
9420,103, 133
9421,76, 91
9422,55, 15
9423,48, 92
9424,63, 86
9425,76, 9
9426,112, 0
9427,143, 0
9428,158, 0
9429,172, 0
9430,170, 0
9431,164, 0
9432,160, 0
9433,152, 0
9434,138, 0
9435,133, 0
9436,122, 0
9437,102, 0
9438,81, 1
9439,70, 0
9440,38, 0
9441,26, 0
9442,23, 0
9443,15, 0
9444,22, 0
9445,31, 0
9446,55, 0
9447,78, 0
9448,99, 0
9449,104, 26
9450,96, 6
9451,58, 0
9452,45, 0
9453,38, 0
9454,69, 0
9455,87, 0
9456,111, 0
9457,119, 0
9458,123, 0
9459,132, 0
9460,119, 0
9461,104, 0
9462,83, 0
9463,104, 0
9464,117, 0
9465,143, 0
9466,171, 0
9467,212, 0
9468,230, 0
9469,241, 0
9470,207, 0
9471,175, 0
9472,141, 0
9473,122, 0
9474,121, 0
9475,130, 0
9476,155, 0
9477,191, 0
9478,192, 0
9479,191, 0
9480,168, 0
9481,131, 0
9482,91, 142
9483,62, 97
9484,43, 1
9485,38, 3
9486,62, 0
9487,84, 0
9488,115, 0
9489,123, 0
9490,138, 0
9491,139, 0
9492,125, 0
9493,127, 0
9494,127, 0
9495,112, 0
9496,113, 0
9497,109, 0
9498,110, 0
9499,121, 0
9500,133, 0
9501,140, 0
9502,142, 0
9503,144, 0
9504,137, 0
9505,121, 0
9506,110, 0
9507,108, 0
9508,101, 0
9509,100, 0
9510,92, 0
9511,87, 23
9512,62, 223
9513,38, 136
9514,40, 170
9515,60, 26
9516,78, 5
9517,110, 0
9518,138, 0
9519,165, 0
9520,189, 0
9521,196, 0
9522,195, 0
9523,165, 0
9524,164, 0
9525,150, 0
9526,133, 0
9527,107, 0
9528,72, 0
9529,26, 0
9530,3, 0
9531,0, 3
9532,0, 0
9533,0, 0
9534,0, 0
9535,0, 0
9536,0, 0
9537,0, 0
9538,12, 0
9539,57, 0
9540,103, 0
9541,143, 0
9542,159, 0
9543,149, 161
9544,133, 117
9545,116, 12
9546,102, 8
9547,97, 0
9548,103, 0
9549,97, 0
9550,85, 0
9551,103, 0
9552,119, 0
9553,125, 0
9554,118, 0
9555,78, 0
9556,70, 0
9557,83, 0
9558,120, 1
9559,163, 95
9560,204, 319
9561,228, 255
9562,221, 256
9563,183, 198
9564,148, 12
9565,123, 0
9566,121, 0
9567,112, 0
9568,108, 0
9569,106, 0
9570,118, 0
9571,129, 0
9572,145, 0
9573,119, 0
9574,108, 0
9575,92, 0
9576,80, 0
9577,61, 0
9578,62, 0
9579,51, 0
9580,30, 0
9581,29, 0
9582,40, 0
9583,75, 161
9584,96, 140
9585,124, 80
9586,108, 23
9587,83, 0
9588,74, 0
9589,73, 0
9590,77, 0
9591,84, 0
9592,99, 0
9593,97, 0
9594,119, 0
9595,127, 0
9596,127, 0
9597,118, 0
9598,113, 0
9599,88, 0
9600,86, 0
9601,59, 0
9602,38, 0
9603,29, 70
9604,26, 101
9605,18, 206
9606,35, 108
9607,61, 69
9608,97, 0
9609,144, 0
9610,191, 0
9611,207, 0
9612,226, 0
9613,214, 0
9614,201, 0
9615,191, 0
9616,172, 0
9617,169, 0
9618,163, 0
9619,151, 0
9620,136, 0
9621,127, 0
9622,120, 0
9623,117, 0
9624,106, 0
9625,89, 0
9626,83, 0
9627,84, 0
9628,95, 0
9629,102, 0
9630,111, 0
9631,107, 0
9632,97, 0
9633,67, 0
9634,51, 0
9635,25, 170
9636,18, 56
9637,0, 11
9638,0, 0
9639,0, 0
9640,0, 0
9641,15, 0
9642,42, 0
9643,69, 0
9644,117, 0
9645,174, 0
9646,223, 0
9647,258, 3
9648,272, 6
9649,267, 37
9650,251, 0
9651,234, 0
9652,229, 0
9653,223, 0
9654,237, 0
9655,222, 0
9656,236, 0
9657,226, 0
9658,189, 0
9659,139, 0
9660,89, 0
9661,56, 0
9662,25, 0
9663,4, 0
9664,0, 0
9665,7, 5
9666,10, 73
9667,0, 9
9668,0, 12
9669,2, 0
9670,37, 0
9671,67, 0
9672,112, 0
9673,108, 0
9674,106, 0
9675,104, 12
9676,92, 0
9677,63, 0
9678,36, 0
9679,46, 0
9680,75, 0
9681,112, 0
9682,151, 0
9683,176, 0
9684,185, 0
9685,171, 0
9686,169, 0
9687,158, 0
9688,145, 0
9689,145, 0
9690,144, 0
9691,130, 0
9692,147, 0
9693,145, 0
9694,125, 0
9695,92, 0
9696,51, 0
9697,20, 0
9698,0, 0
9699,19, 0
9700,6, 0
9701,21, 0
9702,51, 0
9703,72, 0
9704,99, 0
9705,112, 0
9706,139, 0
9707,113, 0
9708,106, 0
9709,119, 0
9710,129, 0
9711,136, 0
9712,141, 0
9713,145, 0
9714,148, 0
9715,147, 0
9716,136, 0
9717,122, 0
9718,118, 0
9719,106, 0
9720,93, 0
9721,84, 0
9722,89, 0
9723,101, 0
9724,102, 2
9725,91, 11
9726,92, 169
9727,95, 26
9728,111, 224
9729,129, 104
9730,136, 0
9731,158, 0
9732,163, 0
9733,167, 0
9734,170, 0
9735,166, 0
9736,175, 0
9737,181, 0
9738,183, 0
9739,188, 0
9740,168, 0
9741,157, 0
9742,154, 0
9743,134, 0
9744,109, 0
9745,95, 0
9746,69, 0
9747,44, 0
9748,44, 0
9749,60, 0
9750,83, 0
9751,95, 0
9752,94, 0
9753,89, 0
9754,81, 0
9755,70, 0
9756,51, 0
9757,39, 0
9758,36, 0
9759,48, 0
9760,68, 0
9761,92, 0
9762,117, 0
9763,108, 0
9764,102, 0
9765,115, 0
9766,122, 0
9767,115, 0
9768,132, 0
9769,131, 0
9770,136, 0
9771,136, 0
9772,135, 0
9773,142, 0
9774,130, 0
9775,139, 0
9776,143, 0
9777,134, 0
9778,121, 0
9779,97, 0
9780,91, 0
9781,81, 0
9782,77, 0
9783,77, 0
9784,100, 85
9785,106, 290
9786,116, 274
9787,139, 458
9788,141, 546
9789,157, 385
9790,154, 193
9791,154, 37
9792,155, 0
9793,156, 0
9794,155, 0
9795,152, 0
9796,164, 0
9797,167, 0
9798,156, 0
9799,138, 0
9800,121, 0
9801,100, 0
9802,92, 0
9803,76, 0
9804,57, 0
9805,29, 0
9806,9, 0
9807,6, 0
9808,3, 0
9809,28, 0
9810,69, 0
9811,83, 0
9812,99, 0
9813,100, 0
9814,92, 0
9815,68, 0
9816,24, 0
9817,0, 0
9818,0, 0
9819,3, 0
9820,4, 0
9821,15, 0
9822,40, 0
9823,63, 0
9824,76, 0
9825,80, 0
9826,107, 0
9827,118, 0
9828,132, 0
9829,139, 0
9830,141, 0
9831,141, 0
9832,145, 0
9833,147, 0
9834,152, 0
9835,185, 0
9836,208, 0
9837,252, 0
9838,236, 0
9839,218, 0
9840,190, 0
9841,183, 13
9842,155, 0
9843,137, 0
9844,122, 0
9845,104, 124
9846,96, 298
9847,67, 204
9848,45, 189
9849,11, 95
9850,7, 63
9851,28, 116
9852,75, 0
9853,133, 0
9854,141, 0
9855,127, 0
9856,120, 0
9857,109, 0
9858,115, 0
9859,113, 0
9860,125, 0
9861,121, 0
9862,127, 0
9863,119, 0
9864,108, 0
9865,91, 0
9866,83, 0
9867,64, 0
9868,52, 0
9869,10, 0
9870,0, 9
9871,0, 0
9872,0, 5
9873,12, 0
9874,35, 0
9875,42, 0
9876,46, 0
9877,43, 0
9878,45, 0
9879,43, 0
9880,36, 0
9881,28, 0
9882,6, 0
9883,0, 0
9884,0, 0
9885,0, 0
9886,0, 0
9887,0, 0
9888,0, 0
9889,3, 0
9890,28, 0
9891,58, 0
9892,64, 0
9893,73, 0
9894,78, 0
9895,89, 0
9896,74, 0
9897,58, 0
9898,76, 0
9899,108, 0
9900,147, 0
9901,196, 0
9902,237, 0
9903,262, 0
9904,263, 0
9905,247, 0
9906,239, 0
9907,224, 0
9908,204, 123
9909,183, 207
9910,140, 153
9911,135, 70
9912,131, 137
9913,147, 0
9914,170, 0
9915,189, 0
9916,190, 0
9917,187, 0
9918,168, 0
9919,148, 0
9920,105, 0
9921,61, 0
9922,64, 0
9923,78, 0
9924,138, 0
9925,199, 0
9926,236, 0
9927,242, 0
9928,246, 0
9929,268, 0
9930,272, 0
9931,278, 0
9932,270, 0
9933,262, 0
9934,244, 0
9935,237, 0
9936,205, 0
9937,169, 0
9938,129, 70
9939,51, 14
9940,2, 68
9941,0, 21
9942,10, 39
9943,0, 0
9944,0, 0
9945,10, 0
9946,53, 0
9947,72, 0
9948,87, 0
9949,122, 0
9950,127, 0
9951,164, 0
9952,170, 0
9953,164, 0
9954,153, 0
9955,130, 1
9956,117, 0
9957,99, 0
9958,99, 0
9959,80, 0
9960,64, 0
9961,63, 0
9962,62, 0
9963,62, 0
9964,71, 0
9965,85, 0
9966,93, 0
9967,102, 0
9968,94, 0
9969,79, 6
9970,54, 153
9971,46, 189
9972,44, 141
9973,48, 206
9974,51, 46
9975,67, 0
9976,75, 0
9977,83, 0
9978,74, 0
9979,71, 0
9980,83, 6
9981,89, 0
9982,108, 0
9983,121, 0
9984,111, 0
9985,96, 0
9986,83, 0
9987,70, 0
9988,44, 0
9989,55, 0
9990,67, 0
9991,86, 0
9992,108, 0
9993,117, 0
9994,119, 0
9995,139, 0
9996,140, 0
9997,148, 0
9998,147, 0
9999,128, 0
10000,105, 0
10001,102, 1
10002,78, 0
10003,79, 0
10004,86, 0
10005,121, 0
10006,156, 0
10007,168, 0
10008,174, 0
10009,165, 0
10010,152, 0
10011,133, 0
10012,133, 0
10013,126, 0
10014,124, 0
10015,125, 0
10016,127, 0
10017,137, 0
10018,145, 0
10019,136, 0
10020,134, 0
10021,130, 0
10022,116, 0
10023,103, 0
10024,90, 0
10025,68, 0
10026,72, 0
10027,88, 0
10028,108, 0
10029,111, 38
10030,105, 185
10031,91, 259
10032,83, 447
10033,76, 365
10034,96, 361
10035,128, 215
10036,156, 99
10037,200, 25
10038,224, 0
10039,253, 0
10040,238, 0
10041,230, 0
10042,216, 0
10043,218, 0
10044,227, 0
10045,241, 0
10046,263, 0
10047,278, 0
10048,267, 0
10049,235, 0
10050,174, 0
10051,158, 0
10052,116, 0
10053,128, 0
10054,165, 0
10055,205, 0
10056,203, 0
10057,210, 0
10058,197, 0
10059,180, 0
10060,142, 0
10061,86, 0
10062,25, 0
10063,0, 0
10064,26, 0
10065,83, 0
10066,127, 0
10067,174, 0
10068,210, 0
10069,244, 0
10070,251, 0
10071,236, 0
10072,159, 0
10073,102, 0
10074,31, 0
10075,0, 0
10076,1, 0
10077,29, 0
10078,57, 0
10079,65, 0
10080,63, 0
10081,28, 0
10082,19, 0
10083,38, 0
10084,39, 0
10085,57, 0
10086,76, 0
10087,110, 0
10088,135, 0
10089,157, 0
10090,164, 0
10091,148, 31
10092,133, 127
10093,121, 24
10094,135, 39
10095,118, 109
10096,135, 0
10097,159, 0
10098,184, 0
10099,170, 0
10100,190, 0
10101,179, 0
10102,184, 0
10103,205, 0
10104,231, 0
10105,244, 0
10106,235, 0
10107,216, 0
10108,199, 0
10109,181, 0
10110,186, 0
10111,188, 0
10112,177, 0
10113,159, 0
10114,138, 0
10115,131, 0
10116,133, 0
10117,139, 0
10118,144, 0
10119,152, 0
10120,143, 0
10121,116, 0
10122,69, 0
10123,38, 0
10124,30, 0
10125,42, 0
10126,64, 0
10127,115, 0
10128,143, 0
10129,158, 0
10130,187, 0
10131,215, 0
10132,235, 0
10133,260, 0
10134,258, 0
10135,252, 0
10136,236, 0
10137,227, 0
10138,224, 0
10139,220, 0
10140,214, 0
10141,173, 0
10142,136, 0
10143,108, 0
10144,108, 0
10145,121, 0
10146,155, 0
10147,193, 0
10148,243, 0
10149,299, 0
10150,340, 0
10151,348, 13
10152,294, 103
10153,223, 59
10154,139, 202
10155,80, 51
10156,67, 71
10157,74, 2
10158,63, 0
10159,14, 0
10160,0, 0
10161,27, 0
10162,92, 0
10163,59, 0
10164,15, 0
10165,0, 0
10166,0, 0
10167,2, 0
10168,10, 0
10169,30, 0
10170,94, 0
10171,170, 0
10172,229, 0
10173,257, 0
10174,258, 0
10175,238, 0
10176,199, 0
10177,147, 0
10178,115, 0
10179,54, 0
10180,22, 0
10181,0, 0
10182,0, 0
10183,0, 0
10184,10, 0
10185,32, 0
10186,46, 1
10187,11, 0
10188,0, 0
10189,57, 0
10190,120, 0
10191,145, 0
10192,139, 0
10193,150, 0
10194,170, 0
10195,189, 0
10196,201, 0
10197,207, 0
10198,198, 0
10199,193, 0
10200,164, 0
10201,106, 0
10202,34, 0
10203,0, 0
10204,0, 0
10205,1, 0
10206,0, 0
10207,0, 0
10208,0, 0
10209,19, 0
10210,46, 0
10211,69, 0
10212,74, 0
10213,56, 88
10214,25, 245
10215,25, 373
10216,29, 340
10217,44, 154
10218,68, 73
10219,71, 35
10220,72, 6
10221,83, 1
10222,87, 0
10223,112, 0
10224,166, 0
10225,214, 0
10226,246, 0
10227,256, 0
10228,271, 0
10229,287, 0
10230,336, 0
10231,393, 0
10232,431, 0
10233,469, 0
10234,456, 0
10235,452, 0
10236,464, 0
10237,472, 0
10238,446, 0
10239,427, 0
10240,390, 0
10241,348, 0
10242,276, 0
10243,185, 0
10244,68, 105
10245,19, 63
10246,171, 125
10247,231, 74
10248,213, 0
10249,108, 0
10250,13, 0
10251,0, 0
10252,0, 0
10253,3, 0
10254,6, 0
10255,0, 0
10256,0, 0
10257,0, 0
10258,0, 0
10259,11, 0
10260,92, 0
10261,208, 0
10262,284, 0
10263,300, 0
10264,256, 0
10265,185, 0
10266,94, 0
10267,51, 0
10268,46, 0
10269,52, 0
10270,37, 0
10271,4, 0
10272,0, 0
10273,4, 1
10274,30, 8
10275,70, 0
10276,103, 0
10277,83, 0
10278,37, 0
10279,0, 0
10280,17, 0
10281,68, 0
10282,139, 0
10283,251, 0
10284,318, 0
10285,406, 0
10286,424, 0
10287,417, 0
10288,455, 0
10289,494, 0
10290,540, 0
10291,608, 0
10292,669, 0
10293,684, 0
10294,661, 0
10295,592, 0
10296,487, 0
10297,368, 0
10298,226, 0
10299,112, 34
10300,25, 9
10301,0, 0
10302,0, 0
10303,7, 0
10304,90, 0
10305,175, 0
10306,207, 0
10307,203, 0
10308,200, 0
10309,184, 0
10310,205, 0
10311,207, 0
10312,151, 0
10313,21, 0
10314,96, 0
10315,277, 0
10316,509, 0
10317,678, 0
10318,792, 0
10319,840, 0
10320,867, 0
10321,889, 0
10322,886, 0
10323,843, 0
10324,792, 121
10325,753, 89
10326,677, 121
10327,594, 211
10328,513, 127
10329,428, 15
10330,336, 0
10331,207, 0
10332,71, 0
10333,13, 0
10334,188, 0
10335,447, 0
10336,689, 0
10337,815, 0
10338,899, 0
10339,925, 0
10340,871, 0
10341,771, 0
10342,680, 0
10343,574, 0
10344,480, 0
10345,405, 0
10346,343, 0
10347,294, 0
10348,238, 0
10349,170, 0
10350,119, 0
10351,132, 0
10352,196, 0
10353,230, 0
10354,221, 0
10355,163, 0
10356,35, 0
10357,70, 0
10358,239, 0
10359,343, 0
10360,391, 0
10361,417, 0
10362,472, 0
10363,541, 0
10364,593, 0
10365,596, 0
10366,547, 0
10367,435, 0
10368,272, 0
10369,74, 13
10370,59, 0
10371,257, 0
10372,428, 0
10373,493, 10
10374,393, 161
10375,211, 140
10376,39, 81
10377,17, 83
10378,127, 47
10379,234, 0
10380,323, 4
10381,393, 38
10382,483, 104
10383,570, 38
10384,661, 36
10385,780, 8
10386,861, 0
10387,874, 0
10388,835, 0
10389,806, 0
10390,766, 0
10391,740, 0
10392,756, 0
10393,766, 0
10394,781, 0
10395,756, 0
10396,696, 20
10397,584, 427
10398,398, 773
10399,197, 883
10400,39, 780
10401,0, 526
10402,46, 561
10403,80, 341
10404,67, 68
10405,4, 0
10406,25, 0
10407,164, 0
10408,328, 0
10409,427, 0
10410,369, 0
10411,110, 0
10412,174, 0
10413,484, 0
10414,661, 0
10415,773, 0
10416,861, 0
10417,835, 0
10418,684, 0
10419,431, 0
10420,124, 0
10421,42, 0
10422,208, 278
10423,413, 304
10424,638, 263
10425,818, 216
10426,919, 19
10427,925, 94
10428,927, 166
10429,865, 123
10430,837, 55
10431,809, 0
10432,778, 0
10433,704, 0
10434,609, 0
10435,524, 0
10436,480, 0
10437,438, 0
10438,396, 0
10439,333, 0
10440,257, 5
10441,149, 10
10442,53, 2
10443,0, 0
10444,32, 0
10445,148, 0
10446,232, 0
10447,290, 0
10448,400, 0
10449,535, 0
10450,624, 0
10451,607, 0
10452,514, 0
10453,416, 0
10454,306, 0
10455,260, 0
10456,281, 0
10457,368, 232
10458,439, 230
10459,496, 348
10460,529, 300
10461,545, 41
10462,569, 0
10463,585, 0
10464,559, 0
10465,486, 0
10466,418, 0
10467,399, 0
10468,374, 0
10469,331, 0
10470,321, 0
10471,436, 0
10472,661, 0
10473,902, 0
10474,1047, 0
10475,1079, 0
10476,1035, 0
10477,875, 0
10478,627, 0
10479,325, 0
10480,42, 0
10481,108, 0
10482,281, 0
10483,415, 2
10484,515, 0
10485,555, 0
10486,517, 0
10487,391, 0
10488,276, 0
10489,174, 0
10490,65, 0
10491,5, 0
10492,107, 0
10493,223, 0
10494,268, 0
10495,259, 0
10496,237, 0
10497,208, 0
10498,172, 0
10499,105, 0
10500,40, 0
10501,0, 0
10502,0, 0
10503,0, 0
10504,0, 0
10505,70, 0
10506,220, 0
10507,359, 60
10508,427, 102
10509,418, 368
10510,337, 231
10511,357, 14
10512,478, 0
10513,665, 0
10514,854, 0
10515,888, 0
10516,771, 0
10517,545, 0
10518,275, 101
10519,83, 244
10520,4, 211
10521,0, 242
10522,78, 6
10523,221, 0
10524,378, 0
10525,505, 0
10526,532, 0
10527,420, 0
10528,215, 0
10529,31, 7
10530,238, 90
10531,456, 218
10532,569, 356
10533,596, 189
10534,541, 86
10535,491, 2
10536,451, 0
10537,318, 0
10538,104, 0
10539,40, 0
10540,186, 0
10541,263, 0
10542,260, 0
10543,213, 0
10544,133, 0
10545,61, 0
10546,81, 0
10547,180, 0
10548,261, 0
10549,258, 0
10550,189, 0
10551,95, 0
10552,20, 0
10553,0, 0
10554,0, 0
10555,23, 0
10556,71, 0
10557,38, 0
10558,0, 0
10559,5, 0
10560,108, 0
10561,207, 0
10562,315, 0
10563,364, 0
10564,348, 0
10565,306, 0
10566,249, 0
10567,153, 0
10568,92, 0
10569,139, 0
10570,236, 0
10571,347, 0
10572,481, 0
10573,609, 0
10574,720, 0
10575,740, 0
10576,668, 0
10577,533, 7
10578,332, 8
10579,131, 0
10580,4, 0
10581,0, 0
10582,0, 0
10583,70, 0
10584,340, 0
10585,561, 0
10586,638, 0
10587,633, 0
10588,580, 0
10589,457, 283
10590,275, 592
10591,74, 625
10592,0, 524
10593,34, 402
10594,158, 290
10595,359, 270
10596,519, 296
10597,570, 182
10598,484, 28
10599,310, 0
10600,130, 0
10601,4, 0
10602,41, 0
10603,89, 0
10604,115, 0
10605,130, 0
10606,64, 0
10607,3, 0
10608,87, 0
10609,154, 0
10610,116, 0
10611,19, 0
10612,28, 0
10613,159, 0
10614,270, 0
10615,294, 0
10616,212, 0
10617,52, 0
10618,39, 0
10619,173, 0
10620,159, 0
10621,27, 0
10622,51, 0
10623,189, 0
10624,260, 0
10625,276, 0
10626,258, 0
10627,244, 0
10628,253, 0
10629,280, 0
10630,298, 0
10631,285, 0
10632,265, 23
10633,278, 31
10634,291, 25
10635,300, 27
10636,274, 7
10637,269, 0
10638,276, 0
10639,241, 0
10640,176, 4
10641,93, 94
10642,4, 68
10643,108, 0
10644,204, 0
10645,122, 0
10646,13, 0
10647,120, 0
10648,201, 0
10649,227, 4
10650,270, 79
10651,330, 50
10652,348, 0
10653,304, 0
10654,242, 0
10655,230, 0
10656,283, 0
10657,326, 0
10658,373, 3
10659,346, 154
10660,257, 218
10661,154, 142
10662,52, 90
10663,32, 17
10664,100, 0
10665,203, 0
10666,269, 0
10667,257, 0
10668,175, 0
10669,108, 0
10670,120, 0
10671,150, 0
10672,168, 51
10673,159, 65
10674,147, 75
10675,134, 11
10676,76, 31
10677,3, 76
10678,70, 3
10679,57, 0
10680,9, 0
10681,157, 0
10682,343, 0
10683,457, 0
10684,435, 0
10685,271, 0
10686,102, 0
10687,70, 0
10688,159, 0
10689,289, 0
10690,357, 0
10691,299, 0
10692,176, 0
10693,41, 0
10694,0, 0
10695,0, 0
10696,0, 0
10697,38, 0
10698,83, 122
10699,60, 244
10700,2, 330
10701,8, 508
10702,22, 538
10703,4, 447
10704,44, 395
10705,94, 163
10706,100, 10
10707,75, 0
10708,74, 0
10709,113, 0
10710,153, 0
10711,124, 0
10712,61, 0
10713,36, 0
10714,45, 0
10715,63, 0
10716,104, 0
10717,136, 0
10718,148, 0
10719,101, 0
10720,29, 0
10721,6, 0
10722,28, 0
10723,67, 0
10724,150, 0
10725,214, 0
10726,196, 0
10727,155, 0
10728,102, 0
10729,125, 52
10730,172, 127
10731,131, 153
10732,17, 6
10733,11, 0
10734,0, 0
10735,5, 0
10736,50, 0
10737,26, 0
10738,0, 0
10739,22, 0
10740,126, 0
10741,222, 0
10742,212, 0
10743,109, 0
10744,6, 0
10745,83, 0
10746,115, 0
10747,41, 0
10748,10, 0
10749,97, 0
10750,177, 0
10751,216, 0
10752,164, 0
10753,124, 0
10754,87, 0
10755,57, 0
10756,8, 0
10757,5, 0
10758,76, 0
10759,118, 0
10760,89, 35
10761,15, 37
10762,8, 90
10763,81, 12
10764,165, 0
10765,220, 0
10766,222, 0
10767,204, 0
10768,137, 0
10769,41, 0
10770,0, 0
10771,0, 0
10772,8, 0
10773,121, 0
10774,263, 0
10775,419, 0
10776,582, 0
10777,661, 0
10778,656, 0
10779,603, 0
10780,536, 0
10781,445, 0
10782,332, 0
10783,169, 0
10784,50, 0
10785,0, 0
10786,0, 0
10787,0, 0
10788,56, 0
10789,223, 0
10790,371, 0
10791,405, 0
10792,313, 0
10793,235, 238
10794,255, 222
10795,306, 256
10796,326, 139
10797,368, 14
10798,404, 0
10799,424, 0
10800,363, 0
10801,263, 0
10802,183, 0
10803,143, 0
10804,168, 0
10805,122, 0
10806,37, 0
10807,0, 0
10808,0, 0
10809,1, 0
10810,0, 0
10811,0, 0
10812,44, 0
10813,127, 0
10814,210, 0
10815,251, 0
10816,260, 0
10817,241, 0
10818,145, 0
10819,25, 282
10820,6, 507
10821,34, 603
10822,0, 618
10823,0, 502
10824,6, 365
10825,68, 310
10826,112, 97
10827,134, 0
10828,179, 0
10829,226, 0
10830,262, 0
10831,269, 0
10832,214, 0
10833,202, 0
10834,125, 0
10835,89, 0
10836,133, 0
10837,257, 0
10838,364, 0
10839,375, 0
10840,304, 0
10841,223, 0
10842,183, 0
10843,144, 0
10844,127, 0
10845,119, 0
10846,117, 0
10847,86, 0
10848,108, 0
10849,206, 0
10850,317, 0
10851,380, 0
10852,347, 0
10853,263, 0
10854,144, 0
10855,50, 0
10856,2, 1
10857,6, 0
10858,0, 0
10859,7, 0
10860,102, 0
10861,191, 0
10862,218, 0
10863,244, 0
10864,290, 0
10865,306, 0
10866,284, 0
10867,272, 0
10868,268, 0
10869,222, 0
10870,151, 0
10871,64, 0
10872,3, 0
10873,17, 0
10874,145, 0
10875,280, 0
10876,396, 0
10877,479, 0
10878,559, 0
10879,666, 0
10880,751, 0
10881,830, 1
10882,884, 51
10883,858, 50
10884,754, 237
10885,607, 96
10886,500, 97
10887,421, 69
10888,271, 44
10889,60, 0
10890,59, 0
10891,166, 0
10892,150, 0
10893,36, 0
10894,12, 0
10895,57, 1
10896,63, 0
10897,23, 0
10898,0, 0
10899,0, 0
10900,15, 0
10901,0, 0
10902,1, 0
10903,0, 0
10904,23, 0
10905,101, 0
10906,159, 38
10907,195, 0
10908,223, 0
10909,248, 0
10910,249, 0
10911,244, 0
10912,247, 0
10913,268, 0
10914,280, 0
10915,316, 0
10916,369, 0
10917,368, 0
10918,283, 0
10919,189, 0
10920,155, 0
10921,183, 0
10922,262, 0
10923,339, 0
10924,373, 116
10925,327, 286
10926,247, 211
10927,193, 253
10928,175, 0
10929,192, 0
10930,210, 0
10931,179, 0
10932,113, 0
10933,25, 0
10934,0, 0
10935,0, 0
10936,27, 0
10937,103, 0
10938,187, 0
10939,251, 0
10940,258, 0
10941,186, 0
10942,56, 0
10943,22, 0
10944,145, 0
10945,220, 0
10946,189, 0
10947,129, 37
10948,81, 62
10949,105, 5
10950,185, 0
10951,238, 0
10952,256, 0
10953,224, 0
10954,150, 0
10955,95, 0
10956,80, 0
10957,76, 0
10958,61, 0
10959,31, 20
10960,6, 0
10961,0, 0
10962,0, 0
10963,0, 0
10964,12, 0
10965,63, 0
10966,109, 0
10967,127, 9
10968,149, 0
10969,196, 0
10970,226, 0
10971,198, 0
10972,124, 0
10973,30, 0
10974,0, 0
10975,0, 0
10976,0, 0
10977,12, 0
10978,37, 64
10979,70, 0
10980,100, 0
10981,127, 0
10982,127, 0
10983,76, 0
10984,18, 0
10985,0, 0
10986,0, 0
10987,19, 0
10988,64, 0
10989,91, 0
10990,121, 0
10991,187, 0
10992,287, 0
10993,372, 0
10994,427, 0
10995,447, 0
10996,433, 0
10997,371, 0
10998,270, 0
10999,183, 0
11000,133, 0
11001,122, 0
11002,115, 0
11003,115, 0
11004,90, 25
11005,11, 110
11006,0, 26
11007,0, 77
11008,70, 136
11009,249, 0
11010,398, 0
11011,465, 0
11012,470, 0
11013,465, 0
11014,435, 0
11015,391, 0
11016,361, 0
11017,281, 0
11018,148, 0
11019,23, 0
11020,4, 0
11021,45, 0
11022,57, 0
11023,48, 0
11024,69, 0
11025,131, 129
11026,181, 368
11027,139, 324
11028,40, 232
11029,8, 127
11030,95, 67
11031,131, 0
11032,95, 0
11033,56, 0
11034,27, 0
11035,6, 0
11036,0, 0
11037,0, 0
11038,0, 144
11039,15, 231
11040,72, 286
11041,71, 259
11042,15, 89
11043,0, 39
11044,0, 0
11045,0, 0
11046,36, 0
11047,100, 0
11048,134, 0
11049,124, 0
11050,106, 0
11051,63, 0
11052,12, 0
11053,4, 0
11054,47, 0
11055,108, 0
11056,170, 0
11057,222, 0
11058,259, 0
11059,283, 0
11060,294, 0
11061,281, 0
11062,272, 0
11063,270, 0
11064,261, 0
11065,234, 0
11066,181, 0
11067,164, 0
11068,134, 0
11069,118, 0
11070,88, 0
11071,102, 0
11072,116, 0
11073,99, 0
11074,119, 0
11075,198, 0
11076,226, 0
11077,168, 0
11078,92, 0
11079,44, 0
11080,99, 0
11081,190, 0
11082,251, 0
11083,220, 0
11084,102, 9
11085,4, 68
11086,0, 56
11087,0, 57
11088,58, 8
11089,152, 0
11090,243, 0
11091,246, 0
11092,167, 0
11093,123, 0
11094,142, 0
11095,196, 0
11096,217, 0
11097,186, 0
11098,121, 0
11099,54, 0
11100,0, 0
11101,0, 0
11102,0, 0
11103,0, 0
11104,0, 0
11105,0, 0
11106,0, 0
11107,0, 0
11108,0, 0
11109,48, 0
11110,163, 0
11111,238, 0
11112,314, 0
11113,299, 0
11114,229, 0
11115,145, 0
11116,104, 0
11117,123, 0
11118,173, 0
11119,224, 0
11120,245, 0
11121,265, 0
11122,265, 0
11123,247, 0
11124,201, 0
11125,165, 0
11126,139, 0
11127,112, 40
11128,80, 152
11129,78, 190
11130,83, 124
11131,115, 164
11132,170, 70
11133,232, 28
11134,252, 0
11135,196, 0
11136,160, 0
11137,165, 0
11138,152, 0
11139,131, 0
11140,100, 0
11141,100, 0
11142,84, 0
11143,58, 0
11144,11, 0
11145,0, 0
11146,0, 0
11147,38, 0
11148,152, 0
11149,238, 0
11150,290, 0
11151,355, 0
11152,376, 0
11153,360, 0
11154,261, 0
11155,154, 0
11156,44, 0
11157,15, 0
11158,76, 0
11159,147, 0
11160,137, 0
11161,70, 12
11162,5, 22
11163,5, 91
11164,0, 235
11165,0, 332
11166,0, 232
11167,0, 61
11168,22, 0
11169,83, 0
11170,124, 0
11171,122, 0
11172,80, 0
11173,44, 0
11174,32, 0
11175,35, 0
11176,41, 0
11177,42, 8
11178,51, 50
11179,78, 99
11180,125, 75
11181,140, 13
11182,152, 0
11183,153, 0
11184,113, 0
11185,91, 0
11186,89, 0
11187,101, 0
11188,116, 1
11189,143, 15
11190,153, 28
11191,131, 92
11192,92, 0
11193,88, 0
11194,107, 0
11195,139, 0
11196,159, 0
11197,173, 0
11198,167, 0
11199,129, 0
11200,63, 0
11201,4, 0
11202,5, 0
11203,0, 0
11204,29, 0
11205,83, 0
11206,139, 3
11207,180, 0
11208,200, 0
11209,213, 0
11210,215, 0
11211,220, 0
11212,232, 0
11213,281, 0
11214,338, 0
11215,347, 0
11216,311, 0
11217,218, 0
11218,129, 0
11219,53, 0
11220,38, 0
11221,45, 0
11222,72, 0
11223,81, 0
11224,88, 0
11225,83, 0
11226,105, 0
11227,163, 0
11228,268, 0
11229,345, 0
11230,407, 0
11231,423, 0
11232,408, 0
11233,369, 0
11234,305, 0
11235,221, 0
11236,139, 0
11237,55, 0
11238,0, 0
11239,10, 0
11240,25, 0
11241,8, 0
11242,0, 0
11243,41, 0
11244,96, 0
11245,140, 0
11246,169, 0
11247,187, 1
11248,127, 149
11249,26, 283
11250,13, 254
11251,26, 248
11252,0, 79
11253,50, 0
11254,125, 0
11255,145, 0
11256,95, 0
11257,68, 0
11258,91, 0
11259,147, 0
11260,218, 0
11261,280, 0
11262,337, 0
11263,368, 0
11264,368, 0
11265,267, 0
11266,118, 0
11267,6, 0
11268,9, 0
11269,62, 0
11270,70, 0
11271,26, 0
11272,5, 0
11273,83, 0
11274,121, 0
11275,144, 0
11276,128, 0
11277,108, 0
11278,90, 0
11279,58, 0
11280,44, 0
11281,70, 0
11282,123, 0
11283,135, 0
11284,115, 0
11285,90, 0
11286,48, 0
11287,17, 0
11288,14, 0
11289,30, 0
11290,59, 0
11291,90, 0
11292,97, 0
11293,115, 0
11294,78, 0
11295,76, 0
11296,65, 0
11297,51, 0
11298,51, 0
11299,63, 0
11300,72, 0
11301,86, 1
11302,93, 0
11303,102, 0
11304,112, 0
11305,123, 0
11306,129, 0
11307,131, 0
11308,145, 0
11309,148, 0
11310,128, 0
11311,115, 1
11312,113, 7
11313,130, 0
11314,147, 0
11315,164, 0
11316,192, 0
11317,163, 0
11318,104, 0
11319,63, 0
11320,63, 0
11321,91, 0
11322,115, 0
11323,127, 0
11324,139, 0
11325,170, 0
11326,167, 0
11327,168, 0
11328,176, 0
11329,157, 0
11330,126, 0
11331,102, 0
11332,96, 0
11333,99, 0
11334,153, 0
11335,216, 0
11336,276, 0
11337,325, 0
11338,322, 0
11339,285, 0
11340,229, 0
11341,201, 0
11342,164, 0
11343,121, 6
11344,151, 0
11345,216, 0
11346,252, 0
11347,183, 0
11348,69, 0
11349,0, 0
11350,6, 0
11351,71, 0
11352,139, 0
11353,92, 0
11354,10, 0
11355,14, 6
11356,91, 0
11357,150, 0
11358,176, 0
11359,190, 0
11360,195, 0
11361,179, 0
11362,158, 0
11363,136, 0
11364,123, 0
11365,119, 0
11366,121, 0
11367,108, 0
11368,108, 0
11369,109, 0
11370,96, 0
11371,63, 55
11372,30, 27
11373,28, 121
11374,22, 229
11375,43, 158
11376,24, 0
11377,51, 0
11378,89, 0
11379,133, 0
11380,147, 0
11381,115, 0
11382,62, 0
11383,15, 0
11384,27, 0
11385,88, 0
11386,167, 0
11387,226, 0
11388,243, 0
11389,233, 0
11390,203, 0
11391,183, 0
11392,159, 0
11393,145, 0
11394,109, 0
11395,103, 0
11396,105, 0
11397,129, 0
11398,144, 10
11399,139, 133
11400,117, 234
11401,71, 187
11402,80, 112
11403,95, 70
11404,95, 0
11405,67, 0
11406,47, 0
11407,53, 0
11408,69, 0
11409,77, 0
11410,76, 0
11411,71, 0
11412,56, 0
11413,59, 0
11414,75, 0
11415,95, 0
11416,105, 0
11417,107, 0
11418,115, 0
11419,126, 0
11420,167, 0
11421,222, 0
11422,242, 0
11423,237, 0
11424,190, 0
11425,123, 0
11426,51, 0
11427,0, 0
11428,0, 0
11429,0, 0
11430,0, 0
11431,0, 0
11432,0, 0
11433,2, 91
11434,32, 152
11435,108, 67
11436,163, 1
11437,188, 0
11438,176, 0
11439,176, 0
11440,208, 0
11441,223, 0
11442,218, 0
11443,193, 0
11444,156, 0
11445,121, 0
11446,101, 0
11447,105, 0
11448,136, 0
11449,155, 0
11450,176, 0
11451,183, 0
11452,176, 0
11453,167, 0
11454,136, 0
11455,150, 0
11456,150, 0
11457,152, 0
11458,120, 0
11459,96, 0
11460,113, 0
11461,158, 0
11462,148, 0
11463,103, 0
11464,71, 0
11465,54, 0
11466,76, 0
11467,95, 0
11468,109, 0
11469,140, 0
11470,125, 0
11471,133, 0
11472,137, 0
11473,138, 0
11474,103, 0
11475,69, 0
11476,54, 0
11477,77, 0
11478,92, 0
11479,101, 0
11480,104, 0
11481,102, 0
11482,119, 0
11483,142, 0
11484,147, 0
11485,168, 0
11486,170, 0
11487,149, 0
11488,80, 0
11489,17, 0
11490,0, 0
11491,5, 0
11492,27, 56
11493,31, 148
11494,57, 183
11495,70, 313
11496,88, 130
11497,90, 181
11498,108, 53
11499,116, 28
11500,122, 0
11501,102, 0
11502,75, 2
11503,38, 0
11504,13, 0
11505,34, 0
11506,59, 0
11507,84, 0
11508,108, 0
11509,157, 0
11510,222, 0
11511,278, 0
11512,286, 0
11513,270, 0
11514,237, 0
11515,204, 0
11516,174, 0
11517,154, 0
11518,154, 0
11519,157, 0
11520,153, 0
11521,141, 0
11522,131, 0
11523,95, 0
11524,83, 0
11525,64, 0
11526,102, 0
11527,95, 0
11528,93, 0
11529,99, 9
11530,74, 172
11531,30, 141
11532,38, 3
11533,107, 0
11534,186, 0
11535,203, 0
11536,150, 0
11537,79, 0
11538,44, 0
11539,28, 0
11540,23, 0
11541,12, 0
11542,25, 0
11543,38, 0
11544,76, 0
11545,119, 0
11546,142, 0
11547,133, 0
11548,113, 11
11549,85, 0
11550,99, 0
11551,102, 0
11552,127, 0
11553,158, 13
11554,230, 9
11555,299, 105
11556,357, 140
11557,388, 25
11558,395, 10
11559,378, 0
11560,331, 0
11561,238, 0
11562,130, 0
11563,81, 0
11564,38, 0
11565,12, 0
11566,8, 0
11567,7, 0
11568,42, 0
11569,67, 0
11570,73, 0
11571,68, 0
11572,39, 0
11573,0, 0
11574,34, 0
11575,129, 0
11576,176, 0
11577,132, 0
11578,43, 0
11579,1, 0
11580,14, 0
11581,22, 0
11582,95, 0
11583,113, 0
11584,51, 0
11585,19, 0
11586,6, 0
11587,78, 0
11588,170, 0
11589,251, 0
11590,294, 1
11591,301, 0
11592,276, 0
11593,257, 0
11594,220, 0
11595,185, 0
11596,169, 0
11597,144, 0
11598,133, 0
11599,127, 0
11600,122, 0
11601,129, 0
11602,137, 0
11603,134, 0
11604,117, 0
11605,100, 0
11606,69, 0
11607,45, 0
11608,32, 0
11609,38, 0
11610,45, 0
11611,57, 0
11612,74, 0
11613,108, 0
11614,119, 4
11615,128, 36
11616,123, 126
11617,127, 73
11618,144, 159
11619,152, 80
11620,174, 51
11621,191, 6
11622,168, 0
11623,156, 0
11624,155, 0
11625,192, 0
11626,235, 0
11627,248, 0
11628,211, 0
11629,157, 0
11630,87, 0
11631,25, 0
11632,0, 0
11633,0, 0
11634,12, 0
11635,70, 0
11636,131, 0
11637,183, 0
11638,179, 0
11639,183, 0
11640,167, 0
11641,156, 0
11642,151, 0
11643,138, 0
11644,103, 0
11645,92, 0
11646,88, 24
11647,90, 30
11648,80, 38
11649,79, 119
11650,65, 0
11651,65, 0
11652,63, 0
11653,81, 1
11654,92, 0
11655,100, 0
11656,64, 0
11657,17, 0
11658,0, 1
11659,0, 0
11660,52, 0
11661,129, 0
11662,207, 0
11663,282, 0
11664,318, 0
11665,319, 0
11666,290, 0
11667,208, 0
11668,115, 0
11669,70, 0
11670,54, 0
11671,72, 0
11672,74, 0
11673,92, 0
11674,100, 0
11675,105, 0
11676,102, 14
11677,102, 39
11678,121, 101
11679,126, 25
11680,145, 23
11681,158, 0
11682,165, 0
11683,160, 0
11684,170, 0
11685,176, 0
11686,177, 0
11687,167, 0
11688,147, 0
11689,133, 0
11690,115, 0
11691,106, 0
11692,107, 0
11693,101, 0
11694,109, 4
11695,109, 0
11696,104, 0
11697,95, 0
11698,83, 0
11699,74, 0
11700,51, 0
11701,51, 0
11702,67, 0
11703,100, 0
11704,148, 0
11705,183, 0
11706,156, 0
11707,104, 0
11708,25, 0
11709,6, 48
11710,0, 173
11711,14, 193
11712,70, 104
11713,117, 59
11714,140, 5
11715,145, 0
11716,158, 0
11717,137, 0
11718,135, 0
11719,120, 0
11720,125, 0
11721,109, 0
11722,100, 0
11723,91, 0
11724,79, 0
11725,70, 0
11726,70, 0
11727,75, 0
11728,78, 0
11729,80, 0
11730,77, 0
11731,75, 0
11732,83, 0
11733,83, 0
11734,90, 0
11735,100, 0
11736,111, 0
11737,81, 231
11738,77, 123
11739,80, 113
11740,92, 99
11741,108, 58
11742,126, 0
11743,132, 0
11744,125, 0
11745,89, 0
11746,58, 0
11747,40, 0
11748,38, 0
11749,75, 0
11750,112, 0
11751,164, 0
11752,195, 0
11753,216, 0
11754,218, 0
11755,216, 0
11756,210, 0
11757,202, 81
11758,177, 262
11759,159, 308
11760,160, 369
11761,183, 258
11762,207, 35
11763,216, 0
11764,220, 0
11765,188, 0
11766,109, 0
11767,28, 0
11768,0, 0
11769,2, 51
11770,10, 0
11771,28, 0
11772,29, 0
11773,42, 0
11774,70, 0
11775,110, 0
11776,139, 0
11777,175, 0
11778,175, 0
11779,153, 0
11780,163, 0
11781,133, 0
11782,104, 0
11783,94, 0
11784,95, 0
11785,76, 0
11786,58, 0
11787,51, 0
11788,63, 0
11789,77, 0
11790,92, 0
11791,87, 0
11792,99, 0
11793,104, 0
11794,107, 0
11795,97, 0
11796,94, 0
11797,81, 76
11798,81, 226
11799,68, 309
11800,89, 291
11801,51, 373
11802,59, 407
11803,65, 399
11804,88, 305
11805,116, 181
11806,148, 0
11807,180, 0
11808,190, 0
11809,188, 0
11810,173, 0
11811,170, 0
11812,130, 0
11813,115, 0
11814,122, 0
11815,129, 0
11816,133, 0
11817,129, 0
11818,116, 0
11819,107, 0
11820,102, 0
11821,92, 0
11822,95, 0
11823,132, 0
11824,171, 0
11825,201, 0
11826,210, 0
11827,199, 0
11828,173, 0
11829,136, 41
11830,103, 152
11831,36, 173
11832,0, 25
11833,0, 0
11834,0, 0
11835,0, 0
11836,0, 0
11837,6, 0
11838,0, 0
11839,18, 0
11840,74, 0
11841,139, 0
11842,139, 0
11843,120, 0
11844,107, 0
11845,121, 0
11846,156, 0
11847,207, 0
11848,273, 0
11849,324, 0
11850,359, 1
11851,321, 99
11852,263, 206
11853,172, 220
11854,70, 67
11855,12, 10
11856,7, 0
11857,30, 0
11858,34, 13
11859,25, 196
11860,14, 152
11861,31, 149
11862,63, 119
11863,90, 0
11864,116, 0
11865,119, 0
11866,118, 0
11867,115, 0
11868,125, 0
11869,136, 0
11870,145, 0
11871,158, 0
11872,159, 0
11873,193, 0
11874,231, 0
11875,276, 0
11876,296, 0
11877,294, 0
11878,263, 0
11879,217, 0
11880,195, 0
11881,214, 0
11882,246, 0
11883,227, 0
11884,145, 0
11885,44, 0
11886,0, 22
11887,6, 92
11888,11, 56
11889,1, 1
11890,0, 0
11891,4, 0
11892,25, 0
11893,44, 0
11894,47, 0
11895,61, 0
11896,74, 0
11897,45, 0
11898,31, 0
11899,12, 0
11900,0, 0
11901,0, 0
11902,0, 0
11903,0, 0
11904,20, 0
11905,63, 0
11906,105, 0
11907,145, 0
11908,170, 0
11909,181, 0
11910,183, 0
11911,142, 0
11912,139, 0
11913,136, 0
11914,159, 0
11915,147, 7
11916,177, 102
11917,193, 135
11918,212, 247
11919,205, 256
11920,198, 208
11921,154, 218
11922,87, 54
11923,30, 0
11924,32, 0
11925,83, 0
11926,150, 0
11927,176, 0
11928,191, 0
11929,197, 0
11930,199, 0
11931,177, 0
11932,138, 0
11933,105, 0
11934,86, 0
11935,81, 0
11936,89, 0
11937,99, 0
11938,113, 0
11939,133, 15
11940,142, 6
11941,127, 0
11942,126, 0
11943,133, 0
11944,174, 0
11945,220, 0
11946,251, 0
11947,246, 0
11948,212, 0
11949,164, 0
11950,138, 0
11951,160, 25
11952,170, 63
11953,152, 0
11954,121, 0
11955,108, 0
11956,113, 0
11957,88, 0
11958,58, 0
11959,42, 0
11960,37, 0
11961,31, 0
11962,0, 0
11963,0, 0
11964,0, 0
11965,11, 0
11966,56, 0
11967,96, 0
11968,124, 0
11969,126, 0
11970,108, 0
11971,70, 0
11972,38, 0
11973,5, 0
11974,0, 0
11975,0, 0
11976,1, 0
11977,27, 0
11978,57, 0
11979,93, 0
11980,102, 0
11981,90, 8
11982,64, 79
11983,78, 80
11984,104, 166
11985,164, 0
11986,241, 0
11987,271, 0
11988,254, 0
11989,206, 3
11990,170, 0
11991,133, 0
11992,120, 0
11993,113, 0
11994,122, 0
11995,129, 0
11996,121, 0
11997,131, 0
11998,129, 0
11999,123, 0
12000,121, 0
12001,137, 0
12002,135, 0
12003,136, 0
12004,132, 0
12005,136, 0
12006,97, 0
12007,84, 0
12008,83, 0
12009,96, 0
12010,123, 0
12011,142, 0
12012,136, 95
12013,134, 123
12014,105, 90
12015,78, 12
12016,77, 0
12017,83, 0
12018,97, 0
12019,115, 0
12020,137, 0
12021,149, 0
12022,152, 0
12023,143, 0
12024,133, 0
12025,127, 0
12026,140, 0
12027,189, 0
12028,205, 0
12029,223, 0
12030,173, 0
12031,92, 0
12032,18, 0
12033,0, 0
12034,6, 0
12035,25, 0
12036,40, 0
12037,58, 0
12038,72, 0
12039,79, 0
12040,93, 89
12041,107, 349
12042,124, 415
12043,139, 398
12044,140, 374
12045,143, 228
12046,125, 133
12047,95, 42
12048,53, 0
12049,39, 0
12050,56, 0
12051,87, 0
12052,101, 0
12053,108, 0
12054,94, 0
12055,99, 0
12056,104, 6
12057,118, 0
12058,128, 0
12059,131, 0
12060,127, 0
12061,118, 0
12062,129, 0
12063,163, 0
12064,173, 0
12065,163, 0
12066,131, 0
12067,115, 0
12068,119, 0
12069,143, 0
12070,158, 0
12071,156, 0
12072,135, 0
12073,101, 0
12074,77, 0
12075,19, 0
12076,5, 0
12077,0, 0
12078,18, 0
12079,101, 0
12080,154, 0
12081,183, 0
12082,186, 0
12083,180, 0
12084,159, 0
12085,152, 0
12086,133, 0
12087,105, 0
12088,87, 0
12089,87, 0
12090,97, 0
12091,118, 0
12092,143, 0
12093,136, 0
12094,118, 0
12095,89, 0
12096,80, 0
12097,75, 53
12098,58, 348
12099,18, 480
12100,1, 540
12101,1, 505
12102,10, 348
12103,48, 371
12104,76, 160
12105,110, 5
12106,157, 40
12107,189, 2
12108,220, 0
12109,219, 0
12110,198, 0
12111,160, 0
12112,156, 0
12113,144, 0
12114,132, 0
12115,134, 0
12116,144, 0
12117,168, 0
12118,189, 0
12119,226, 0
12120,234, 0
12121,239, 0
12122,231, 0
12123,237, 0
12124,226, 0
12125,201, 0
12126,166, 0
12127,126, 0
12128,69, 0
12129,4, 0
12130,26, 0
12131,95, 0
12132,97, 0
12133,52, 0
12134,1, 0
12135,10, 0
12136,76, 0
12137,132, 0
12138,172, 0
12139,195, 0
12140,183, 0
12141,164, 0
12142,137, 0
12143,107, 0
12144,69, 0
12145,48, 0
12146,42, 0
12147,57, 0
12148,64, 0
12149,62, 0
12150,75, 5
12151,110, 0
12152,95, 0
12153,99, 0
12154,108, 0
12155,100, 0
12156,86, 0
12157,70, 0
12158,55, 0
12159,57, 0
12160,86, 0
12161,127, 0
12162,141, 0
12163,158, 0
12164,145, 212
12165,112, 133
12166,80, 154
12167,71, 161
12168,89, 76
12169,125, 0
12170,181, 0
12171,215, 0
12172,222, 0
12173,206, 0
12174,181, 0
12175,150, 0
12176,121, 0
12177,120, 0
12178,127, 0
12179,134, 0
12180,148, 0
12181,148, 0
12182,137, 0
12183,123, 0
12184,107, 0
12185,101, 0
12186,89, 0
12187,83, 0
12188,94, 0
12189,135, 0
12190,168, 0
12191,163, 0
12192,127, 0
12193,85, 0
12194,41, 0
12195,25, 0
12196,30, 0
12197,51, 0
12198,89, 0
12199,121, 0
12200,136, 0
12201,140, 0
12202,144, 0
12203,132, 0
12204,105, 0
12205,64, 0
12206,44, 0
12207,47, 0
12208,36, 0
12209,30, 0
12210,23, 0
12211,35, 0
12212,67, 0
12213,97, 0
12214,122, 0
12215,158, 0
12216,184, 0
12217,206, 0
12218,192, 0
12219,169, 0
12220,136, 0
12221,99, 0
12222,90, 0
12223,104, 0
12224,121, 0
12225,143, 159
12226,137, 83
12227,128, 47
12228,92, 77
12229,48, 40
12230,29, 5
12231,41, 0
12232,75, 0
12233,126, 0
12234,150, 0
12235,159, 0
12236,160, 0
12237,151, 0
12238,149, 0
12239,143, 0
12240,137, 0
12241,140, 0
12242,139, 0
12243,142, 0
12244,148, 0
12245,132, 0
12246,133, 0
12247,135, 0
12248,132, 0
12249,117, 0
12250,119, 0
12251,109, 0
12252,109, 0
12253,104, 0
12254,83, 0
12255,55, 0
12256,37, 0
12257,38, 1
12258,51, 12
12259,56, 143
12260,88, 0
12261,93, 0
12262,103, 0
12263,101, 0
12264,93, 0
12265,89, 0
12266,100, 0
12267,94, 0
12268,95, 0
12269,97, 0
12270,87, 0
12271,92, 0
12272,89, 0
12273,88, 0
12274,95, 0
12275,88, 0
12276,90, 0
12277,93, 0
12278,87, 0
12279,101, 0
12280,111, 0
12281,133, 0
12282,179, 0
12283,183, 0
12284,202, 0
12285,199, 0
12286,184, 2
12287,163, 159
12288,147, 14
12289,107, 73
12290,59, 2
12291,44, 0
12292,60, 0
12293,63, 0
12294,56, 0
12295,55, 0
12296,63, 0
12297,90, 0
12298,93, 0
12299,122, 0
12300,123, 0
12301,117, 0
12302,119, 0
12303,121, 0
12304,121, 0
12305,127, 0
12306,127, 0
12307,135, 0
12308,123, 0
12309,125, 0
12310,127, 0
12311,128, 0
12312,133, 0
12313,144, 0
12314,139, 0
12315,118, 0
12316,84, 0
12317,60, 30
12318,35, 76
12319,70, 31
12320,64, 0
12321,54, 0
12322,46, 0
12323,62, 0
12324,96, 0
12325,132, 0
12326,154, 0
12327,153, 0
12328,129, 0
12329,94, 0
12330,51, 0
12331,45, 0
12332,57, 0
12333,92, 0
12334,111, 0
12335,133, 0
12336,140, 0
12337,140, 0
12338,137, 0
12339,134, 0
12340,127, 0
12341,127, 0
12342,115, 0
12343,115, 0
12344,117, 0
12345,111, 0
12346,102, 0
12347,79, 76
12348,75, 40
12349,78, 239
12350,89, 65
12351,119, 8
12352,131, 0
12353,136, 0
12354,139, 0
12355,133, 0
12356,136, 0
12357,134, 0
12358,142, 0
12359,145, 0
12360,136, 0
12361,142, 0
12362,143, 0
12363,139, 4
12364,139, 0
12365,133, 0
12366,123, 0
12367,121, 0
12368,116, 0
12369,117, 0
12370,123, 0
12371,149, 0
12372,134, 0
12373,139, 0
12374,126, 0
12375,129, 115
12376,108, 83
12377,83, 42
12378,71, 36
12379,48, 0
12380,51, 0
12381,64, 0
12382,86, 0
12383,100, 0
12384,107, 0
12385,108, 0
12386,108, 0
12387,106, 0
12388,110, 0
12389,101, 0
12390,107, 0
12391,107, 0
12392,103, 0
12393,101, 0
12394,97, 0
12395,92, 0
12396,88, 0
12397,86, 0
12398,89, 0
12399,94, 0
12400,110, 0
12401,108, 0
12402,117, 0
12403,120, 0
12404,112, 0
12405,99, 0
12406,102, 0
12407,86, 2
12408,72, 79
12409,79, 306
12410,61, 206
12411,60, 196
12412,88, 144
12413,108, 46
12414,138, 0
12415,165, 0
12416,168, 0
12417,168, 0
12418,164, 0
12419,160, 0
12420,150, 0
12421,139, 0
12422,130, 0
12423,135, 0
12424,139, 0
12425,137, 0
12426,131, 0
12427,133, 0
12428,129, 0
12429,132, 0
12430,127, 0
12431,128, 0
12432,127, 0
12433,130, 0
12434,127, 0
12435,125, 0
12436,122, 0
12437,110, 0
12438,88, 0
12439,63, 0
12440,63, 0
12441,70, 0
12442,85, 0
12443,94, 0
12444,103, 0
12445,106, 0
12446,105, 0
12447,97, 0
12448,95, 0
12449,99, 0
12450,99, 0
12451,101, 0
12452,97, 0
12453,100, 0
12454,102, 0
12455,104, 0
12456,100, 0
12457,103, 0
12458,97, 0
12459,96, 0
12460,103, 0
12461,106, 0
12462,110, 0
12463,102, 0
12464,104, 0
12465,106, 0
12466,111, 0
12467,113, 0
12468,95, 142
12469,92, 169
12470,85, 184
12471,79, 72
12472,76, 195
12473,97, 0
12474,117, 0
12475,139, 0
12476,145, 0
12477,139, 0
12478,139, 0
12479,133, 0
12480,128, 0
12481,126, 0
12482,128, 0
12483,128, 0
12484,123, 0
12485,127, 0
12486,122, 0
12487,125, 0
12488,125, 0
12489,128, 0
12490,129, 0
12491,122, 0
12492,122, 0
12493,121, 0
12494,119, 0
12495,105, 0
12496,115, 0
12497,104, 0
12498,96, 0
12499,74, 0
12500,54, 88
12501,58, 44
12502,55, 27
12503,60, 1
12504,83, 0
12505,116, 0
12506,106, 0
12507,111, 0
12508,106, 0
12509,101, 0
12510,105, 0
12511,83, 0
12512,95, 0
12513,88, 0
12514,95, 0
12515,89, 0
12516,97, 7
12517,111, 281
12518,110, 319
12519,121, 322
12520,129, 421
12521,124, 227
12522,115, 7
12523,118, 0
12524,121, 0
12525,125, 0
12526,127, 0
12527,133, 0
12528,121, 0
12529,95, 25
12530,77, 160
12531,63, 196
12532,68, 104
12533,63, 29
12534,84, 0
12535,108, 0
12536,126, 0
12537,138, 0
12538,129, 0
12539,134, 0
12540,129, 0
12541,125, 0
12542,124, 0
12543,125, 0
12544,131, 0
12545,121, 0
12546,126, 0
12547,129, 0
12548,132, 0
12549,133, 0
12550,135, 0
12551,133, 0
12552,115, 0
12553,120, 0
12554,118, 0
12555,116, 0
12556,118, 0
12557,119, 0
12558,131, 0
12559,95, 0
12560,71, 25
12561,57, 17
12562,51, 60
12563,51, 14
12564,55, 0
12565,76, 0
12566,104, 0
12567,107, 0
12568,108, 0
12569,111, 0
12570,113, 0
12571,124, 0
12572,117, 0
12573,118, 0
12574,109, 0
12575,102, 0
12576,100, 0
12577,90, 0
12578,88, 0
12579,92, 0
12580,89, 0
12581,89, 0
12582,99, 0
12583,108, 0
12584,119, 0
12585,115, 0
12586,115, 0
12587,115, 0
12588,112, 0
12589,102, 0
12590,84, 6
12591,74, 192
12592,61, 11
12593,60, 78
12594,65, 176
12595,92, 0
12596,112, 0
12597,130, 0
12598,132, 0
12599,129, 0
12600,125, 0
12601,127, 0
12602,133, 0
12603,136, 0
12604,136, 0
12605,133, 0
12606,139, 0
12607,127, 0
12608,121, 0
12609,127, 0
12610,136, 0
12611,124, 0
12612,142, 0
12613,141, 0
12614,130, 0
12615,131, 0
12616,126, 0
12617,115, 0
12618,118, 0
12619,108, 0
12620,91, 0
12621,67, 62
12622,42, 105
12623,31, 87
12624,43, 77
12625,53, 40
12626,74, 0
12627,104, 0
12628,97, 0
12629,102, 0
12630,95, 0
12631,92, 0
12632,89, 0
12633,92, 0
12634,92, 0
12635,93, 0
12636,92, 0
12637,92, 0
12638,92, 0
12639,94, 0
12640,94, 0
12641,95, 0
12642,104, 0
12643,108, 0
12644,112, 0
12645,115, 0
12646,109, 0
12647,115, 0
12648,115, 0
12649,111, 0
12650,110, 54
12651,92, 253
12652,86, 411
12653,62, 527
12654,62, 444
12655,65, 388
12656,87, 164
12657,102, 39
12658,124, 0
12659,134, 0
12660,137, 0
12661,139, 0
12662,132, 0
12663,135, 0
12664,124, 0
12665,129, 0
12666,128, 0
12667,128, 0
12668,124, 0
12669,125, 0
12670,121, 0
12671,121, 0
12672,117, 0
12673,122, 0
12674,115, 0
12675,112, 0
12676,101, 0
12677,112, 0
12678,102, 0
12679,108, 0
12680,103, 0
12681,89, 0
12682,63, 0
12683,50, 0
12684,51, 0
12685,53, 0
12686,67, 0
12687,78, 0
12688,102, 0
12689,106, 0
12690,105, 0
12691,108, 0
12692,104, 0
12693,106, 0
12694,95, 0
12695,93, 0
12696,104, 0
12697,91, 0
12698,88, 0
12699,85, 0
12700,87, 0
12701,85, 0
12702,95, 0
12703,103, 0
12704,106, 0
12705,107, 0
12706,107, 0
12707,99, 0
12708,107, 0
12709,104, 0
12710,106, 0
12711,102, 23
12712,80, 69
12713,67, 314
12714,70, 184
12715,59, 70
12716,70, 43
12717,91, 0
12718,121, 0
12719,137, 0
12720,142, 0
12721,141, 0
12722,132, 0
12723,139, 0
12724,147, 0
12725,135, 0
12726,132, 0
12727,130, 0
12728,133, 0
12729,120, 0
12730,127, 0
12731,130, 0
12732,139, 0
12733,136, 0
12734,136, 0
12735,120, 0
12736,129, 0
12737,116, 0
12738,115, 0
12739,109, 0
12740,107, 0
12741,92, 0
12742,77, 0
12743,57, 0
12744,44, 0
12745,31, 0
12746,43, 0
12747,63, 0
12748,76, 0
12749,90, 0
12750,102, 0
12751,100, 0
12752,95, 0
12753,100, 0
12754,93, 0
12755,92, 0
12756,89, 0
12757,83, 0
12758,95, 0
12759,91, 0
12760,87, 0
12761,83, 0
12762,91, 0
12763,86, 0
12764,95, 0
12765,99, 0
12766,95, 0
12767,92, 0
12768,92, 0
12769,91, 0
12770,87, 0
12771,84, 0
12772,89, 0
12773,83, 12
12774,60, 164
12775,56, 14
12776,65, 47
12777,74, 119
12778,107, 0
12779,127, 0
12780,132, 0
12781,139, 0
12782,122, 0
12783,130, 0
12784,127, 0
12785,115, 0
12786,127, 0
12787,128, 0
12788,131, 0
12789,127, 0
12790,128, 0
12791,141, 0
12792,138, 0
12793,127, 0
12794,126, 6
12795,124, 0
12796,119, 0
12797,115, 0
12798,107, 0
12799,110, 0
12800,108, 0
12801,106, 0
12802,103, 0
12803,86, 0
12804,70, 87
12805,52, 15
12806,55, 5
12807,44, 0
12808,64, 0
12809,88, 0
12810,96, 0
12811,105, 0
12812,104, 0
12813,104, 0
12814,111, 0
12815,107, 0
12816,107, 0
12817,108, 0
12818,99, 0
12819,109, 0
12820,103, 0
12821,108, 0
12822,102, 0
12823,105, 0
12824,100, 0
12825,103, 0
12826,104, 0
12827,106, 0
12828,109, 0
12829,108, 0
12830,99, 0
12831,113, 0
12832,110, 0
12833,106, 0
12834,80, 60
12835,58, 79
12836,54, 10
12837,64, 92
12838,74, 9
12839,102, 0
12840,129, 0
12841,142, 0
12842,164, 0
12843,139, 0
12844,133, 0
12845,133, 0
12846,136, 0
12847,132, 0
12848,141, 0
12849,135, 0
12850,120, 0
12851,135, 0
12852,133, 0
12853,132, 0
12854,127, 0
12855,125, 0
12856,122, 0
12857,121, 0
12858,115, 0
12859,123, 0
12860,125, 0
12861,110, 0
12862,108, 0
12863,108, 0
12864,89, 0
12865,80, 0
12866,44, 0
12867,53, 11
12868,51, 0
12869,68, 0
12870,93, 0
12871,111, 0
12872,115, 0
12873,100, 0
12874,111, 0
12875,107, 0
12876,111, 0
12877,100, 0
12878,91, 0
12879,96, 0
12880,90, 0
12881,97, 0
12882,100, 0
12883,95, 0
12884,105, 0
12885,93, 0
12886,97, 0
12887,99, 0
12888,101, 0
12889,102, 0
12890,96, 0
12891,102, 0
12892,102, 0
12893,105, 0
12894,99, 0
12895,86, 70
12896,69, 44
12897,63, 223
12898,64, 196
12899,83, 7
12900,110, 0
12901,132, 0
12902,147, 0
12903,154, 0
12904,145, 0
12905,149, 0
12906,140, 0
12907,143, 0
12908,136, 0
12909,126, 0
12910,130, 0
12911,133, 0
12912,128, 0
12913,127, 0
12914,127, 0
12915,121, 0
12916,115, 0
12917,109, 0
12918,113, 0
12919,103, 0
12920,97, 0
12921,111, 0
12922,113, 0
12923,115, 0
12924,106, 38
12925,83, 76
12926,62, 155
12927,65, 75
12928,43, 39
12929,60, 52
12930,72, 0
12931,99, 0
12932,115, 0
12933,122, 0
12934,117, 0
12935,125, 0
12936,125, 0
12937,117, 0
12938,111, 0
12939,107, 0
12940,100, 0
12941,93, 0
12942,96, 0
12943,97, 0
12944,102, 0
12945,106, 0
12946,107, 0
12947,110, 0
12948,112, 0
12949,108, 0
12950,103, 0
12951,97, 0
12952,108, 0
12953,106, 0
12954,102, 0
12955,102, 36
12956,78, 186
12957,57, 10
12958,52, 144
12959,62, 72
12960,71, 0
12961,99, 7
12962,118, 0
12963,131, 0
12964,136, 0
12965,133, 0
12966,138, 0
12967,130, 0
12968,136, 0
12969,127, 0
12970,134, 0
12971,148, 0
12972,133, 0
12973,136, 0
12974,139, 0
12975,134, 0
12976,125, 0
12977,122, 0
12978,112, 0
12979,109, 0
12980,109, 0
12981,108, 0
12982,104, 0
12983,108, 0
12984,105, 0
12985,96, 0
12986,75, 0
12987,48, 0
12988,42, 0
12989,37, 0
12990,37, 0
12991,64, 0
12992,102, 0
12993,106, 0
12994,106, 0
12995,108, 0
12996,104, 0
12997,108, 0
12998,102, 0
12999,103, 0
13000,97, 0
13001,104, 0
13002,104, 0
13003,107, 0
13004,97, 0
13005,103, 0
13006,99, 0
13007,102, 0
13008,107, 0
13009,110, 0
13010,100, 0
13011,104, 0
13012,95, 0
13013,100, 0
13014,101, 0
13015,111, 0
13016,101, 0
13017,86, 30
13018,71, 144
13019,63, 307
13020,79, 226
13021,84, 20
13022,112, 0
13023,132, 0
13024,144, 0
13025,141, 0
13026,149, 0
13027,136, 0
13028,137, 0
13029,140, 0
13030,139, 0
13031,143, 0
13032,137, 0
13033,131, 0
13034,139, 0
13035,139, 0
13036,134, 0
13037,134, 0
13038,127, 0
13039,115, 0
13040,119, 0
13041,118, 0
13042,115, 0
13043,118, 0
13044,128, 0
13045,125, 0
13046,105, 0
13047,87, 0
13048,61, 0
13049,51, 0
13050,37, 0
13051,51, 0
13052,78, 0
13053,123, 0
13054,126, 0
13055,131, 0
13056,136, 0
13057,123, 0
13058,127, 0
13059,125, 0
13060,120, 0
13061,113, 0
13062,100, 0
13063,97, 0
13064,102, 0
13065,100, 0
13066,99, 0
13067,108, 0
13068,97, 0
13069,91, 0
13070,103, 0
13071,125, 0
13072,102, 0
13073,102, 0
13074,99, 0
13075,111, 0
13076,115, 0
13077,90, 0
13078,76, 157
13079,71, 125
13080,51, 75
13081,56, 50
13082,76, 91
13083,103, 5
13084,126, 0
13085,136, 0
13086,141, 0
13087,138, 0
13088,129, 0
13089,134, 0
13090,133, 0
13091,137, 0
13092,127, 0
13093,131, 0
13094,130, 0
13095,127, 0
13096,131, 0
13097,131, 0
13098,135, 0
13099,129, 0
13100,153, 0
13101,125, 0
13102,115, 0
13103,121, 0
13104,115, 0
13105,115, 0
13106,107, 0
13107,96, 0
13108,72, 0
13109,54, 0
13110,42, 7
13111,40, 38
13112,61, 51
13113,75, 0
13114,95, 0
13115,99, 0
13116,109, 0
13117,120, 0
13118,103, 0
13119,97, 0
13120,96, 0
13121,99, 0
13122,89, 0
13123,94, 0
13124,95, 0
13125,90, 0
13126,99, 0
13127,90, 0
13128,95, 0
13129,94, 0
13130,109, 0
13131,103, 0
13132,90, 0
13133,102, 0
13134,102, 0
13135,106, 0
13136,108, 0
13137,104, 0
13138,91, 9
13139,73, 112
13140,63, 145
13141,54, 190
13142,73, 91
13143,83, 2
13144,108, 0
13145,136, 0
13146,138, 0
13147,131, 0
13148,133, 0
13149,133, 0
13150,129, 0
13151,119, 0
13152,127, 0
13153,128, 0
13154,126, 0
13155,131, 0
13156,134, 0
13157,127, 0
13158,124, 0
13159,127, 0
13160,119, 0
13161,119, 0
13162,115, 0
13163,121, 0
13164,107, 0
13165,106, 0
13166,107, 0
13167,101, 0
13168,95, 0
13169,67, 0
13170,51, 85
13171,41, 70
13172,48, 95
13173,52, 43
13174,64, 0
13175,91, 0
13176,93, 0
13177,102, 0
13178,109, 0
13179,97, 0
13180,99, 0
13181,96, 0
13182,94, 0
13183,95, 0
13184,94, 0
13185,90, 0
13186,87, 0
13187,92, 0
13188,93, 0
13189,94, 0
13190,92, 0
13191,95, 0
13192,100, 0
13193,105, 0
13194,102, 0
13195,100, 0
13196,104, 0
13197,105, 0
13198,111, 0
13199,95, 0
13200,81, 60
13201,71, 292
13202,71, 376
13203,70, 232
13204,71, 101
13205,97, 0
13206,121, 0
13207,132, 0
13208,132, 0
13209,138, 0
13210,135, 0
13211,136, 0
13212,137, 0
13213,141, 0
13214,142, 0
13215,145, 0
13216,139, 0
13217,141, 0
13218,134, 0
13219,136, 0
13220,133, 0
13221,120, 0
13222,124, 0
13223,118, 0
13224,113, 0
13225,108, 0
13226,110, 0
13227,108, 0
13228,106, 2
13229,96, 0
13230,70, 0
13231,50, 0
13232,45, 0
13233,57, 0
13234,51, 0
13235,87, 0
13236,96, 0
13237,120, 0
13238,124, 0
13239,101, 0
13240,103, 0
13241,102, 0
13242,96, 0
13243,95, 0
13244,100, 0
13245,120, 0
13246,107, 0
13247,99, 0
13248,101, 0
13249,95, 0
13250,96, 0
13251,99, 0
13252,102, 0
13253,100, 0
13254,103, 0
13255,100, 0
13256,99, 0
13257,108, 0
13258,104, 0
13259,108, 21
13260,95, 103
13261,72, 7
13262,72, 148
13263,60, 103
13264,58, 55
13265,103, 64
13266,103, 0
13267,126, 0
13268,131, 0
13269,134, 0
13270,138, 0
13271,133, 0
13272,130, 0
13273,127, 0
13274,136, 0
13275,133, 0
13276,132, 0
13277,130, 0
13278,124, 0
13279,129, 0
13280,122, 0
13281,121, 0
13282,121, 0
13283,122, 0
13284,111, 0
13285,109, 0
13286,115, 0
13287,111, 0
13288,125, 0
13289,105, 0
13290,94, 0
13291,68, 0
13292,50, 4
13293,45, 24
13294,54, 60
13295,45, 46
13296,70, 0
13297,91, 0
13298,102, 0
13299,102, 0
13300,106, 0
13301,108, 0
13302,105, 0
13303,97, 0
13304,99, 0
13305,102, 0
13306,99, 0
13307,105, 0
13308,99, 0
13309,104, 0
13310,95, 0
13311,105, 0
13312,99, 0
13313,93, 0
13314,99, 0
13315,100, 0
13316,100, 0
13317,105, 0
13318,104, 0
13319,113, 0
13320,116, 0
13321,103, 32
13322,81, 53
13323,70, 123
13324,61, 222
13325,83, 142
13326,85, 34
13327,110, 0
13328,126, 0
13329,136, 0
13330,137, 0
13331,142, 0
13332,150, 0
13333,139, 0
13334,134, 0
13335,132, 0
13336,134, 0
13337,133, 0
13338,122, 0
13339,134, 0
13340,134, 0
13341,133, 0
13342,129, 0
13343,124, 0
13344,127, 0
13345,115, 0
13346,115, 0
13347,117, 0
13348,103, 0
13349,127, 0
13350,107, 0
13351,97, 0
13352,71, 0
13353,51, 0
13354,39, 25
13355,48, 0
13356,45, 0
13357,70, 0
13358,93, 0
13359,110, 0
13360,109, 0
13361,115, 0
13362,113, 0
13363,106, 0
13364,110, 0
13365,107, 0
13366,101, 0
13367,95, 0
13368,108, 0
13369,101, 0
13370,109, 0
13371,102, 0
13372,92, 0
13373,97, 0
13374,103, 0
13375,105, 0
13376,96, 0
13377,96, 0
13378,101, 0
13379,106, 0
13380,104, 0
13381,108, 0
13382,90, 0
13383,71, 76
13384,53, 59
13385,71, 182
13386,81, 152
13387,95, 0
13388,108, 0
13389,121, 0
13390,128, 0
13391,126, 0
13392,129, 0
13393,127, 0
13394,130, 0
13395,130, 0
13396,137, 0
13397,137, 0
13398,135, 0
13399,130, 0
13400,138, 0
13401,137, 0
13402,137, 0
13403,132, 0
13404,129, 0
13405,133, 0
13406,115, 0
13407,108, 0
13408,110, 0
13409,107, 0
13410,97, 0
13411,105, 0
13412,95, 0
13413,69, 0
13414,42, 0
13415,36, 0
13416,41, 19
13417,48, 0
13418,77, 0
13419,95, 0
13420,112, 0
13421,111, 0
13422,108, 0
13423,108, 0
13424,102, 0
13425,100, 0
13426,95, 0
13427,96, 0
13428,94, 0
13429,94, 0
13430,92, 0
13431,102, 0
13432,95, 0
13433,100, 0
13434,104, 0
13435,104, 0
13436,84, 0
13437,91, 0
13438,102, 0
13439,100, 0
13440,116, 0
13441,115, 0
13442,121, 0
13443,92, 0
13444,89, 0
13445,71, 138
13446,72, 19
13447,77, 186
13448,92, 0
13449,117, 0
13450,134, 0
13451,138, 0
13452,130, 0
13453,134, 0
13454,130, 0
13455,134, 0
13456,139, 0
13457,134, 0
13458,133, 0
13459,138, 0
13460,136, 0
13461,137, 0
13462,135, 0
13463,128, 0
13464,130, 0
13465,128, 0
13466,118, 0
13467,122, 0
13468,123, 0
13469,127, 0
13470,118, 0
13471,121, 0
13472,118, 0
13473,105, 0
13474,70, 0
13475,54, 0
13476,42, 0
13477,46, 0
13478,57, 0
13479,83, 0
13480,101, 0
13481,108, 0
13482,102, 0
13483,101, 0
13484,103, 0
13485,96, 0
13486,94, 0
13487,92, 0
13488,92, 0
13489,92, 0
13490,95, 0
13491,99, 0
13492,97, 0
13493,95, 0
13494,96, 0
13495,100, 0
13496,103, 0
13497,106, 0
13498,109, 0
13499,109, 0
13500,107, 0
13501,103, 0
13502,109, 0
13503,108, 0
13504,95, 76
13505,81, 183
13506,65, 206
13507,61, 69
13508,62, 57
13509,88, 0
13510,112, 0
13511,128, 0
13512,137, 0
13513,134, 0
13514,138, 0
13515,133, 0
13516,136, 0
13517,135, 0
13518,128, 0
13519,136, 0
13520,133, 0
13521,130, 0
13522,127, 0
13523,119, 0
13524,119, 0
13525,111, 0
13526,117, 0
13527,110, 0
13528,113, 0
13529,119, 0
13530,115, 0
13531,103, 0
13532,103, 0
13533,89, 0
13534,79, 0
13535,48, 0
13536,38, 5
13537,46, 88
13538,44, 56
13539,53, 6
13540,74, 0
13541,119, 0
13542,104, 0
13543,103, 0
13544,110, 0
13545,94, 0
13546,100, 0
13547,99, 0
13548,95, 0
13549,96, 0
13550,90, 0
13551,95, 0
13552,97, 0
13553,99, 0
13554,101, 0
13555,96, 0
13556,106, 0
13557,102, 0
13558,115, 0
13559,99, 0
13560,102, 0
13561,108, 0
13562,102, 0
13563,105, 0
13564,105, 0
13565,93, 67
13566,69, 182
13567,59, 270
13568,57, 110
13569,57, 65
13570,83, 12
13571,113, 0
13572,131, 0
13573,137, 0
13574,135, 0
13575,137, 0
13576,133, 0
13577,133, 0
13578,128, 0
13579,138, 0
13580,139, 0
13581,127, 0
13582,139, 0
13583,138, 0
13584,135, 0
13585,130, 0
13586,126, 0
13587,127, 0
13588,125, 0
13589,133, 0
13590,108, 0
13591,121, 0
13592,128, 0
13593,111, 0
13594,109, 0
13595,87, 0
13596,63, 17
13597,50, 85
13598,53, 163
13599,45, 87
13600,57, 0
13601,73, 0
13602,91, 0
13603,99, 0
13604,92, 0
13605,92, 0
13606,91, 0
13607,93, 0
13608,90, 0
13609,89, 0
13610,92, 0
13611,89, 0
13612,89, 0
13613,94, 0
13614,86, 6
13615,88, 0
13616,83, 0
13617,90, 0
13618,92, 0
13619,93, 0
13620,93, 0
13621,85, 0
13622,95, 0
13623,95, 0
13624,100, 0
13625,104, 0
13626,84, 0
13627,75, 189
13628,54, 128
13629,61, 89
13630,70, 38
13631,77, 0
13632,102, 0
13633,120, 0
13634,125, 0
13635,124, 0
13636,127, 0
13637,127, 0
13638,130, 0
13639,121, 0
13640,122, 0
13641,129, 0
13642,128, 0
13643,132, 0
13644,133, 0
13645,132, 0
13646,130, 0
13647,126, 0
13648,119, 0
13649,130, 0
13650,126, 0
13651,124, 0
13652,118, 0
13653,127, 0
13654,117, 0
13655,108, 0
13656,102, 0
13657,78, 0
13658,65, 0
13659,63, 0
13660,67, 0
13661,76, 0
13662,99, 0
13663,105, 0
13664,115, 0
13665,106, 0
13666,107, 0
13667,107, 0
13668,107, 0
13669,95, 0
13670,103, 0
13671,105, 0
13672,104, 0
13673,106, 0
13674,108, 0
13675,106, 0
13676,107, 0
13677,102, 0
13678,104, 0
13679,102, 0
13680,121, 0
13681,112, 0
13682,113, 0
13683,119, 0
13684,121, 0
13685,119, 0
13686,121, 8
13687,95, 122
13688,89, 79
13689,71, 94
13690,79, 131
13691,76, 139
13692,95, 0
13693,133, 0
13694,136, 0
13695,140, 0
13696,138, 0
13697,141, 0
13698,139, 0
13699,141, 0
13700,139, 0
13701,145, 0
13702,141, 0
13703,121, 0
13704,121, 0
13705,140, 0
13706,137, 0
13707,142, 0
13708,123, 0
13709,128, 0
13710,128, 0
13711,128, 0
13712,125, 0
13713,126, 0
13714,144, 0
13715,124, 0
13716,115, 0
13717,103, 0
13718,86, 0
13719,51, 0
13720,61, 0
13721,68, 0
13722,73, 0
13723,95, 0
13724,108, 0
13725,112, 0
13726,112, 0
13727,109, 0
13728,108, 0
13729,103, 0
13730,104, 0
13731,102, 0
13732,101, 0
13733,101, 0
13734,101, 0
13735,102, 0
13736,100, 0
13737,102, 0
13738,102, 0
13739,102, 0
13740,103, 0
13741,104, 0
13742,110, 0
13743,108, 0
13744,108, 0
13745,112, 0
13746,130, 0
13747,118, 0
13748,97, 8
13749,93, 140
13750,86, 218
13751,76, 151
13752,80, 78
13753,91, 0
13754,131, 0
13755,133, 0
13756,141, 0
13757,134, 0
13758,135, 0
13759,133, 0
13760,139, 0
13761,133, 0
13762,143, 0
13763,138, 0
13764,133, 0
13765,135, 0
13766,125, 0
13767,127, 0
13768,144, 0
13769,126, 0
13770,121, 0
13771,121, 0
13772,119, 0
13773,115, 0
13774,113, 0
13775,115, 0
13776,110, 0
13777,105, 0
13778,90, 0
13779,64, 0
13780,57, 0
13781,52, 7
13782,55, 0
13783,63, 0
13784,97, 0
13785,103, 0
13786,111, 0
13787,106, 0
13788,108, 0
13789,100, 0
13790,100, 0
13791,97, 0
13792,110, 0
13793,104, 0
13794,93, 0
13795,102, 0
13796,100, 0
13797,108, 0
13798,97, 0
13799,106, 0
13800,100, 0
13801,94, 0
13802,109, 0
13803,108, 0
13804,100, 0
13805,112, 0
13806,123, 0
13807,123, 0
13808,117, 0
13809,88, 0
13810,79, 139
13811,72, 183
13812,68, 1
13813,76, 0
13814,89, 0
13815,121, 0
13816,136, 0
13817,137, 0
13818,140, 0
13819,137, 0
13820,142, 0
13821,139, 0
13822,139, 0
13823,141, 0
13824,137, 0
13825,135, 0
13826,140, 0
13827,131, 0
13828,134, 0
13829,128, 0
13830,128, 0
13831,127, 0
13832,127, 0
13833,127, 0
13834,126, 0
13835,116, 0
13836,121, 0
13837,121, 0
13838,115, 0
13839,95, 0
13840,73, 0
13841,59, 0
13842,54, 0
13843,76, 0
13844,61, 0
13845,87, 0
13846,90, 0
13847,112, 0
13848,135, 0
13849,117, 0
13850,111, 0
13851,111, 0
13852,108, 0
13853,103, 0
13854,92, 0
13855,92, 0
13856,90, 0
13857,95, 0
13858,100, 0
13859,102, 0
13860,112, 0
13861,110, 0
13862,112, 0
13863,105, 0
13864,105, 0
13865,103, 0
13866,108, 0
13867,113, 0
13868,115, 0
13869,108, 0
13870,92, 1
13871,68, 233
13872,64, 118
13873,71, 54
13874,79, 26
13875,100, 0
13876,129, 0
13877,148, 0
13878,145, 0
13879,138, 0
13880,133, 0
13881,132, 0
13882,130, 0
13883,124, 0
13884,139, 0
13885,132, 0
13886,129, 0
13887,135, 0
13888,136, 0
13889,136, 0
13890,138, 0
13891,131, 0
13892,128, 0
13893,124, 0
13894,121, 0
13895,111, 0
13896,113, 0
13897,108, 0
13898,95, 0
13899,104, 0
13900,90, 0
13901,63, 0
13902,65, 0
13903,67, 6
13904,72, 0
13905,83, 0
13906,101, 0
13907,105, 0
13908,117, 0
13909,117, 0
13910,111, 0
13911,108, 0
13912,110, 0
13913,104, 0
13914,106, 0
13915,100, 0
13916,104, 0
13917,103, 0
13918,111, 0
13919,103, 0
13920,104, 0
13921,102, 0
13922,101, 0
13923,106, 0
13924,110, 0
13925,106, 0
13926,116, 0
13927,109, 0
13928,115, 0
13929,108, 0
13930,103, 0
13931,81, 0
13932,62, 64
13933,76, 57
13934,73, 113
13935,78, 167
13936,103, 0
13937,129, 0
13938,140, 0
13939,144, 0
13940,139, 0
13941,149, 0
13942,148, 0
13943,144, 0
13944,142, 0
13945,132, 0
13946,134, 2
13947,132, 0
13948,130, 0
13949,124, 0
13950,133, 0
13951,134, 0
13952,128, 0
13953,129, 0
13954,121, 0
13955,116, 0
13956,108, 0
13957,112, 0
13958,105, 0
13959,102, 14
13960,100, 55
13961,78, 126
13962,58, 294
13963,48, 85
13964,36, 75
13965,51, 21
13966,64, 0
13967,93, 0
13968,105, 0
13969,106, 0
13970,119, 0
13971,116, 3
13972,105, 0
13973,95, 0
13974,101, 0
13975,111, 0
13976,104, 0
13977,108, 0
13978,115, 0
13979,101, 0
13980,102, 0
13981,96, 0
13982,94, 0
13983,101, 0
13984,101, 0
13985,102, 0
13986,110, 0
13987,109, 0
13988,125, 0
13989,128, 0
13990,127, 0
13991,126, 0
13992,89, 0
13993,83, 0
13994,77, 34
13995,72, 52
13996,83, 95
13997,92, 0
13998,116, 0
13999,116, 0
14000,132, 0
14001,133, 0
14002,135, 0
14003,133, 0
14004,127, 0
14005,133, 0
14006,127, 0
14007,129, 0
14008,130, 2
14009,138, 51
14010,142, 255
14011,137, 139
14012,139, 68
14013,132, 3
14014,128, 0
14015,125, 0
14016,117, 0
14017,113, 0
14018,109, 0
14019,105, 0
14020,100, 0
14021,93, 0
14022,85, 0
14023,68, 0
14024,61, 0
14025,68, 0
14026,74, 0
14027,100, 0
14028,105, 0
14029,108, 0
14030,102, 0
14031,111, 0
14032,102, 0
14033,94, 0
14034,87, 0
14035,97, 0
14036,95, 0
14037,102, 10
14038,103, 69
14039,99, 32
14040,99, 0
14041,106, 0
14042,105, 0
14043,108, 0
14044,115, 0
14045,121, 0
14046,127, 0
14047,128, 0
14048,128, 0
14049,127, 0
14050,127, 0
14051,121, 1
14052,119, 79
14053,93, 200
14054,79, 191
14055,62, 48
14056,53, 283
14057,54, 62
14058,84, 0
14059,121, 0
14060,127, 0
14061,149, 0
14062,151, 0
14063,159, 0
14064,158, 0
14065,155, 0
14066,149, 0
14067,140, 0
14068,135, 0
14069,130, 0
14070,133, 0
14071,127, 0
14072,126, 0
14073,126, 0
14074,116, 0
14075,105, 0
14076,106, 130
14077,115, 170
14078,106, 307
14079,113, 427
14080,101, 290
14081,108, 202
14082,96, 144
14083,81, 210
14084,59, 193
14085,58, 159
14086,47, 61
14087,72, 0
14088,63, 0
14089,87, 0
14090,106, 0
14091,103, 0
14092,113, 0
14093,124, 0
14094,133, 0
14095,121, 0
14096,121, 0
14097,108, 0
14098,102, 0
14099,92, 0
14100,111, 0
14101,105, 0
14102,100, 0
14103,89, 0
14104,80, 34
14105,89, 242
14106,97, 306
14107,99, 115
14108,89, 19
14109,100, 0
14110,102, 0
14111,113, 0
14112,121, 0
14113,122, 0
14114,89, 0
14115,83, 0
14116,76, 0
14117,83, 0
14118,95, 0
14119,121, 0
14120,148, 0
14121,147, 0
14122,129, 0
14123,116, 89
14124,95, 394
14125,100, 624
14126,104, 481
14127,94, 498
14128,112, 613
14129,121, 555
14130,127, 421
14131,127, 271
14132,124, 236
14133,142, 134
14134,145, 0
14135,147, 0
14136,152, 0
14137,154, 0
14138,161, 0
14139,152, 0
14140,144, 0
14141,137, 0
14142,129, 0
14143,105, 0
14144,70, 0
14145,41, 20
14146,22, 299
14147,51, 566
14148,67, 649
14149,84, 515
14150,95, 541
14151,104, 426
14152,100, 113
14153,95, 0
14154,101, 0
14155,95, 0
14156,95, 0
14157,90, 0
14158,89, 0
14159,88, 0
14160,76, 0
14161,76, 0
14162,73, 0
14163,83, 0
14164,76, 0
14165,88, 0
14166,83, 0
14167,92, 0
14168,108, 0
14169,105, 0
14170,108, 0
14171,145, 163
14172,156, 181
14173,151, 267
14174,142, 368
14175,117, 182
14176,102, 118
14177,94, 1
14178,99, 0
14179,100, 0
14180,138, 0
14181,143, 0
14182,128, 0
14183,105, 0
14184,99, 0
14185,102, 0
14186,108, 0
14187,118, 0
14188,128, 300
14189,137, 765
14190,135, 932
14191,108, 832
14192,85, 475
14193,74, 167
14194,75, 55
14195,81, 0
14196,78, 0
14197,85, 0
14198,88, 0
14199,96, 0
14200,96, 0
14201,115, 0
14202,121, 0
14203,145, 0
14204,149, 0
14205,147, 0
14206,143, 481
14207,121, 596
14208,112, 654
14209,143, 792
14210,135, 856
14211,133, 876
14212,124, 712
14213,105, 679
14214,112, 642
14215,75, 167
14216,84, 0
14217,105, 0
14218,116, 0
14219,132, 0
14220,143, 0
14221,152, 0
14222,149, 0
14223,127, 0
14224,97, 0
14225,70, 0
14226,45, 0
14227,35, 92
14228,29, 136
14229,38, 152
14230,50, 185
14231,63, 14
14232,91, 0
14233,92, 0
14234,97, 0
14235,99, 0
14236,72, 14
14237,57, 0
14238,52, 0
14239,46, 40
14240,40, 6
14241,75, 0
14242,109, 0
14243,133, 0
14244,145, 0
14245,137, 0
14246,128, 1
14247,130, 3
14248,149, 108
14249,169, 164
14250,183, 300
14251,192, 533
14252,183, 452
14253,164, 348
14254,148, 286
14255,134, 293
14256,136, 70
14257,102, 0
14258,97, 0
14259,99, 0
14260,94, 0
14261,108, 51
14262,117, 430
14263,118, 606
14264,109, 694
14265,111, 569
14266,64, 427
14267,38, 391
14268,47, 222
14269,37, 0
14270,38, 0
14271,51, 0
14272,74, 0
14273,92, 0
14274,127, 0
14275,106, 0
14276,107, 0
14277,109, 0
14278,104, 0
14279,99, 0
14280,95, 0
14281,88, 0
14282,95, 0
14283,106, 0
14284,109, 0
14285,115, 0
14286,108, 0
14287,117, 0
14288,126, 0
14289,121, 0
14290,106, 0
14291,91, 0
14292,61, 0
14293,60, 0
14294,70, 0
14295,76, 0
14296,77, 0
14297,64, 0
14298,56, 0
14299,60, 251
14300,83, 706
14301,141, 1204
14302,128, 1237
14303,145, 1166
14304,133, 978
14305,153, 664
14306,133, 285
14307,133, 0
14308,134, 0
14309,132, 0
14310,121, 0
14311,117, 0
14312,93, 0
14313,90, 41
14314,67, 264
14315,65, 535
14316,78, 530
14317,73, 536
14318,76, 640
14319,99, 781
14320,87, 784
14321,95, 828
14322,68, 600
14323,70, 630
14324,86, 556
14325,99, 383
14326,91, 36
14327,74, 0
14328,65, 0
14329,76, 0
14330,83, 0
14331,83, 0
14332,95, 0
14333,97, 0
14334,99, 0
14335,87, 0
14336,83, 0
14337,86, 0
14338,100, 0
14339,127, 244
14340,152, 885
14341,149, 1306
14342,132, 1413
14343,127, 1303
14344,101, 1173
14345,103, 1107
14346,92, 815
14347,65, 493
14348,42, 191
14349,24, 102
14350,35, 415
14351,26, 470
14352,42, 476
14353,45, 450
14354,45, 29
14355,47, 0
14356,57, 0
14357,50, 0
14358,36, 0
14359,31, 0
14360,50, 0
14361,51, 0
14362,63, 68
14363,89, 326
14364,101, 432
14365,104, 445
14366,97, 529
14367,133, 526
14368,157, 562
14369,169, 478
14370,164, 399
14371,144, 132
14372,121, 5
14373,112, 0
14374,107, 0
14375,107, 0
14376,117, 2
14377,126, 325
14378,133, 159
14379,130, 70
14380,127, 1
14381,113, 0
14382,103, 0
14383,96, 0
14384,92, 0
14385,86, 0
14386,90, 0
14387,92, 0
14388,87, 0
14389,64, 0
14390,63, 0
14391,51, 0
14392,57, 0
14393,73, 0
14394,91, 0
14395,95, 0
14396,92, 0
14397,76, 0
14398,75, 128
14399,85, 662
14400,111, 963
14401,131, 1130
14402,122, 1191
14403,113, 1122
14404,95, 1175
14405,93, 1167
14406,83, 1081
14407,81, 794
14408,79, 235
14409,86, 17
14410,95, 0
14411,110, 0
14412,117, 0
14413,121, 0
14414,110, 0
14415,121, 0
14416,125, 0
14417,131, 0
14418,109, 0
14419,83, 65
14420,70, 290
14421,64, 568
14422,43, 420
14423,64, 416
14424,74, 329
14425,124, 152
14426,135, 125
14427,150, 95
14428,163, 76
14429,164, 13
14430,164, 0
14431,152, 0
14432,156, 0
14433,143, 0
14434,135, 0
14435,133, 0
14436,134, 0
14437,130, 0
14438,118, 0
14439,104, 0
14440,87, 0
14441,71, 19
14442,64, 301
14443,71, 338
14444,115, 159
14445,121, 69
14446,145, 9
14447,156, 22
14448,130, 0
14449,96, 0
14450,57, 0
14451,36, 0
14452,32, 0
14453,57, 143
14454,73, 286
14455,124, 517
14456,126, 439
14457,105, 53
14458,91, 0
14459,92, 0
14460,86, 0
14461,104, 0
14462,108, 0
14463,124, 0
14464,141, 0
14465,145, 0
14466,145, 0
14467,128, 0
14468,109, 0
14469,83, 0
14470,48, 0
14471,19, 0
14472,8, 0
14473,12, 0
14474,44, 0
14475,89, 0
14476,126, 0
14477,142, 0
14478,155, 0
14479,130, 40
14480,112, 441
14481,100, 252
14482,92, 750
14483,96, 936
14484,108, 793
14485,110, 607
14486,181, 557
14487,166, 517
14488,176, 10
14489,181, 0
14490,164, 0
14491,169, 0
14492,164, 0
14493,157, 0
14494,158, 0
14495,151, 0
14496,156, 0
14497,151, 0
14498,141, 0
14499,123, 0
14500,118, 166
14501,115, 532
14502,123, 805
14503,102, 980
14504,81, 944
14505,74, 935
14506,64, 966
14507,77, 1005
14508,85, 947
14509,88, 691
14510,70, 403
14511,44, 202
14512,26, 163
14513,21, 204
14514,21, 227
14515,46, 6
14516,69, 0
14517,97, 0
14518,117, 0
14519,124, 0
14520,129, 0
14521,124, 0
14522,123, 0
14523,103, 0
14524,89, 0
14525,81, 0
14526,70, 0
14527,63, 0
14528,63, 0
14529,70, 0
14530,83, 0
14531,92, 0
14532,108, 0
14533,117, 0
14534,107, 0
14535,123, 0
14536,127, 0
14537,131, 0
14538,127, 0
14539,109, 0
14540,87, 54
14541,67, 132
14542,54, 85
14543,76, 4
14544,74, 0
14545,104, 0
14546,128, 0
14547,161, 0
14548,205, 0
14549,212, 0
14550,228, 0
14551,206, 0
14552,189, 0
14553,160, 0
14554,156, 0
14555,139, 0
14556,133, 0
14557,133, 0
14558,145, 0
14559,141, 0
14560,150, 0
14561,117, 0
14562,94, 294
14563,74, 1129
14564,58, 1716
14565,63, 1939
14566,75, 1969
14567,93, 1869
14568,95, 1687
14569,91, 1379
14570,64, 1039
14571,43, 713
14572,25, 618
14573,8, 390
14574,9, 405
14575,15, 235
14576,53, 128
14577,72, 13
14578,88, 0
14579,92, 0
14580,95, 0
14581,106, 0
14582,110, 0
14583,115, 0
14584,102, 0
14585,112, 0
14586,123, 0
14587,118, 0
14588,127, 0
14589,125, 0
14590,122, 0
14591,99, 0
14592,90, 0
14593,83, 0
14594,90, 0
14595,92, 0
14596,95, 0
14597,80, 0
14598,83, 57
14599,99, 464
14600,104, 739
14601,103, 828
14602,89, 704
14603,87, 434
14604,108, 337
14605,121, 148
14606,137, 58
14607,151, 0
14608,145, 0
14609,141, 0
14610,126, 0
14611,115, 0
14612,113, 0
14613,121, 0
14614,118, 0
14615,141, 0
14616,142, 0
14617,143, 0
14618,145, 0
14619,145, 0
14620,143, 0
14621,148, 0
14622,140, 0
14623,139, 0
14624,131, 0
14625,132, 0
14626,130, 0
14627,128, 0
14628,128, 0
14629,121, 0
14630,104, 0
14631,95, 0
14632,77, 7
14633,70, 3
14634,62, 0
14635,59, 0
14636,70, 0
14637,85, 0
14638,94, 0
14639,97, 0
14640,108, 0
14641,115, 0
14642,118, 17
14643,140, 356
14644,149, 668
14645,140, 456
14646,140, 413
14647,145, 282
14648,139, 71
14649,138, 0
14650,127, 0
14651,115, 0
14652,94, 0
14653,87, 0
14654,80, 0
14655,87, 0
14656,95, 0
14657,94, 0
14658,94, 0
14659,92, 0
14660,93, 0
14661,85, 0
14662,76, 116
14663,60, 241
14664,42, 270
14665,79, 206
14666,79, 43
14667,96, 0
14668,133, 0
14669,152, 0
14670,159, 0
14671,156, 0
14672,145, 12
14673,155, 646
14674,158, 1153
14675,154, 1462
14676,130, 1471
14677,102, 1265
14678,94, 865
14679,89, 425
14680,90, 361
14681,92, 206
14682,103, 141
14683,127, 87
14684,112, 2
14685,117, 0
14686,117, 0
14687,119, 0
14688,132, 0
14689,127, 0
14690,133, 0
14691,135, 0
14692,105, 0
14693,85, 19
14694,61, 176
14695,61, 95
14696,67, 0
14697,89, 0
14698,117, 0
14699,150, 0
14700,137, 0
14701,133, 0
14702,134, 0
14703,130, 0
14704,129, 0
14705,127, 0
14706,127, 0
14707,132, 0
14708,138, 0
14709,135, 0
14710,127, 0
14711,108, 0
14712,107, 352
14713,102, 809
14714,92, 1145
14715,76, 1047
14716,60, 832
14717,67, 467
14718,61, 63
14719,51, 0
14720,56, 0
14721,76, 0
14722,96, 0
14723,115, 0
14724,118, 0
14725,115, 0
14726,100, 0
14727,83, 0
14728,69, 0
14729,87, 0
14730,100, 0
14731,113, 0
14732,106, 0
14733,112, 0
14734,115, 0
14735,113, 170
14736,127, 253
14737,133, 469
14738,133, 297
14739,127, 145
14740,122, 13
14741,124, 0
14742,121, 0
14743,105, 0
14744,130, 0
14745,107, 0
14746,107, 0
14747,108, 0
14748,118, 0
14749,125, 0
14750,126, 0
14751,117, 0
14752,120, 0
14753,107, 0
14754,91, 0
14755,71, 0
14756,80, 0
14757,89, 0
14758,96, 0
14759,112, 0
14760,129, 0
14761,137, 0
14762,133, 0
14763,128, 0
14764,113, 0
14765,111, 0
14766,115, 28
14767,120, 527
14768,106, 751
14769,81, 551
14770,69, 499
14771,68, 517
14772,68, 578
14773,70, 541
14774,58, 232
14775,70, 12
14776,76, 0
14777,90, 0
14778,103, 0
14779,109, 0
14780,110, 0
14781,118, 0
14782,120, 0
14783,123, 38
14784,120, 268
14785,93, 231
14786,80, 235
14787,64, 150
14788,70, 165
14789,92, 52
14790,125, 0
14791,145, 0
14792,130, 0
14793,134, 0
14794,123, 0
14795,125, 0
14796,126, 0
14797,115, 0
14798,110, 0
14799,116, 0
14800,126, 19
14801,136, 0
14802,142, 0
14803,145, 0
14804,138, 0
14805,126, 0
14806,124, 0
14807,125, 0
14808,126, 0
14809,132, 0
14810,144, 0
14811,159, 0
14812,160, 0
14813,153, 0
14814,123, 0
14815,80, 0
14816,67, 90
14817,42, 69
14818,44, 0
14819,52, 0
14820,80, 0
14821,97, 0
14822,110, 0
14823,121, 0
14824,121, 0
14825,119, 0
14826,113, 0
14827,121, 378
14828,115, 183
14829,109, 167
14830,108, 199
14831,109, 332
14832,107, 462
14833,103, 465
14834,108, 692
14835,103, 917
14836,91, 642
14837,81, 214
14838,70, 0
14839,62, 0
14840,67, 0
14841,85, 0
14842,92, 0
14843,104, 0
14844,109, 0
14845,101, 0
14846,89, 22
14847,86, 0
14848,94, 11
14849,102, 14
14850,111, 0
14851,127, 0
14852,135, 0
14853,137, 0
14854,144, 0
14855,143, 0
14856,145, 0
14857,140, 0
14858,155, 1
14859,154, 0
14860,150, 0
14861,133, 0
14862,102, 0
14863,84, 0
14864,85, 0
14865,99, 0
14866,103, 0
14867,108, 0
14868,102, 0
14869,106, 0
14870,109, 0
14871,102, 0
14872,102, 0
14873,115, 10
14874,104, 144
14875,86, 293
14876,54, 282
14877,31, 255
14878,31, 379
14879,32, 473
14880,46, 497
14881,78, 279
14882,90, 151
14883,109, 25
14884,112, 0
14885,115, 54
14886,111, 32
14887,107, 0
14888,102, 0
14889,100, 0
14890,100, 0
14891,108, 0
14892,112, 0
14893,108, 0
14894,123, 0
14895,113, 0
14896,118, 0
14897,95, 0
14898,89, 0
14899,92, 0
14900,103, 0
14901,108, 0
14902,133, 0
14903,133, 0
14904,129, 0
14905,139, 0
14906,121, 0
14907,93, 0
14908,81, 154
14909,64, 203
14910,70, 147
14911,89, 0
14912,113, 0
14913,119, 0
14914,105, 0
14915,105, 0
14916,121, 0
14917,124, 0
14918,130, 0
14919,129, 0
14920,129, 0
14921,132, 0
14922,127, 0
14923,145, 0
14924,145, 0
14925,139, 0
14926,111, 0
14927,95, 0
14928,94, 0
14929,101, 0
14930,111, 7
14931,125, 0
14932,130, 0
14933,121, 0
14934,106, 0
14935,90, 0
14936,67, 5
14937,40, 84
14938,38, 169
14939,40, 1
14940,44, 0
14941,61, 0
14942,85, 0
14943,96, 0
14944,103, 0
14945,105, 0
14946,108, 0
14947,100, 0
14948,92, 0
14949,97, 0
14950,102, 0
14951,111, 0
14952,111, 0
14953,123, 0
14954,124, 0
14955,129, 0
14956,133, 0
14957,135, 0
14958,134, 0
14959,132, 0
14960,112, 0
14961,109, 0
14962,106, 0
14963,115, 0
14964,129, 0
14965,130, 10
14966,118, 56
14967,89, 57
14968,59, 53
14969,72, 159
14970,83, 80
14971,94, 240
14972,101, 12
14973,119, 0
14974,119, 0
14975,129, 0
14976,109, 0
14977,83, 0
14978,93, 0
14979,104, 0
14980,121, 0
14981,156, 0
14982,138, 0
14983,137, 0
14984,133, 0
14985,131, 0
14986,122, 0
14987,112, 0
14988,115, 0
14989,113, 0
14990,115, 14
14991,129, 208
14992,139, 311
14993,128, 135
14994,130, 9
14995,123, 0
14996,124, 0
14997,113, 0
14998,99, 0
14999,77, 0
15000,72, 0
15001,70, 84
15002,90, 0
15003,116, 0
15004,124, 0
15005,133, 0
15006,124, 0
15007,122, 0
15008,110, 0
15009,99, 22
15010,88, 276
15011,95, 482
15012,83, 678
15013,84, 411
15014,90, 246
15015,102, 155
15016,99, 12
15017,89, 0
15018,76, 0
15019,64, 0
15020,67, 0
15021,83, 0
15022,95, 0
15023,115, 0
15024,113, 0
15025,109, 0
15026,110, 0
15027,100, 0
15028,89, 0
15029,72, 0
15030,59, 25
15031,63, 519
15032,76, 697
15033,101, 425
15034,125, 326
15035,121, 367
15036,112, 169
15037,113, 0
15038,108, 0
15039,121, 0
15040,133, 0
15041,135, 0
15042,135, 0
15043,134, 0
15044,132, 2
15045,120, 19
15046,123, 0
15047,128, 0
15048,127, 0
15049,128, 0
15050,129, 0
15051,131, 0
15052,127, 0
15053,130, 0
15054,126, 0
15055,124, 0
15056,117, 0
15057,109, 0
15058,92, 0
15059,70, 0
15060,51, 0
15061,51, 0
15062,55, 0
15063,67, 0
15064,90, 0
15065,103, 0
15066,110, 0
15067,104, 0
15068,92, 0
15069,83, 0
15070,80, 0
15071,87, 0
15072,90, 0
15073,83, 0
15074,85, 0
15075,101, 0
15076,94, 0
15077,106, 0
15078,100, 0
15079,96, 0
15080,97, 0
15081,115, 0
15082,115, 0
15083,108, 0
15084,112, 0
15085,100, 0
15086,108, 0
15087,124, 0
15088,128, 0
15089,106, 0
15090,83, 0
15091,76, 0
15092,58, 0
15093,62, 0
15094,88, 0
15095,116, 0
15096,135, 0
15097,139, 0
15098,151, 0
15099,147, 0
15100,152, 0
15101,152, 0
15102,142, 0
15103,142, 0
15104,144, 0
15105,141, 0
15106,140, 0
15107,138, 0
15108,136, 0
15109,143, 0
15110,139, 0
15111,141, 0
15112,145, 0
15113,152, 0
15114,165, 0
15115,173, 0
15116,165, 0
15117,131, 0
15118,76, 0
15119,55, 108
15120,38, 445
15121,21, 647
15122,34, 869
15123,36, 794
15124,44, 484
15125,59, 25
15126,75, 0
15127,87, 0
15128,72, 0
15129,91, 0
15130,87, 0
15131,84, 0
15132,90, 0
15133,94, 0
15134,107, 0
15135,108, 0
15136,108, 0
15137,93, 0
15138,102, 0
15139,100, 0
15140,84, 0
15141,84, 0
15142,83, 0
15143,93, 19
15144,108, 308
15145,107, 457
15146,120, 439
15147,117, 438
15148,116, 393
15149,117, 609
15150,81, 563
15151,44, 380
15152,34, 263
15153,39, 283
15154,77, 485
15155,103, 399
15156,125, 184
15157,139, 95
15158,133, 25
15159,132, 0
15160,127, 0
15161,133, 57
15162,147, 234
15163,139, 339
15164,120, 112
15165,129, 0
15166,132, 0
15167,122, 0
15168,116, 0
15169,126, 0
15170,126, 0
15171,125, 0
15172,117, 0
15173,124, 0
15174,123, 0
15175,125, 0
15176,115, 0
15177,112, 0
15178,109, 0
15179,100, 0
15180,79, 0
15181,31, 0
15182,19, 0
15183,18, 0
15184,29, 0
15185,50, 0
15186,84, 0
15187,121, 51
15188,121, 12
15189,108, 0
15190,108, 0
15191,108, 0
15192,119, 0
15193,121, 0
15194,116, 0
15195,101, 0
15196,102, 0
15197,108, 0
15198,101, 0
15199,118, 0
15200,110, 0
15201,92, 0
15202,100, 0
15203,113, 0
15204,124, 0
15205,111, 0
15206,102, 0
15207,89, 0
15208,91, 0
15209,102, 0
15210,95, 0
15211,89, 90
15212,52, 31
15213,72, 175
15214,50, 39
15215,59, 0
15216,80, 0
15217,110, 0
15218,127, 0
15219,159, 0
15220,138, 0
15221,133, 0
15222,132, 0
15223,133, 0
15224,137, 0
15225,148, 0
15226,151, 0
15227,145, 0
15228,143, 0
15229,142, 0
15230,150, 0
15231,148, 0
15232,143, 0
15233,142, 0
15234,143, 0
15235,136, 0
15236,126, 0
15237,115, 0
15238,105, 0
15239,101, 0
15240,99, 64
15241,76, 118
15242,42, 279
15243,35, 158
15244,35, 186
15245,37, 0
15246,56, 0
15247,89, 0
15248,107, 0
15249,108, 0
15250,110, 0
15251,107, 0
15252,95, 0
15253,90, 0
15254,99, 0
15255,95, 0
15256,105, 0
15257,95, 0
15258,93, 0
15259,90, 0
15260,88, 0
15261,86, 0
15262,87, 0
15263,90, 0
15264,93, 0
15265,102, 6
15266,92, 60
15267,95, 260
15268,95, 336
15269,86, 319
15270,90, 244
15271,79, 220
15272,68, 204
15273,70, 169
15274,56, 83
15275,69, 34
15276,85, 0
15277,108, 0
15278,134, 0
15279,137, 0
15280,145, 0
15281,151, 0
15282,145, 0
15283,155, 0
15284,157, 0
15285,157, 0
15286,150, 0
15287,147, 0
15288,142, 0
15289,135, 0
15290,140, 41
15291,153, 15
15292,153, 0
15293,140, 0
15294,117, 0
15295,89, 170
15296,80, 220
15297,95, 415
15298,117, 736
15299,122, 771
15300,121, 679
15301,110, 373
15302,71, 180
15303,45, 39
15304,19, 63
15305,40, 76
15306,41, 0
15307,60, 0
15308,96, 0
15309,118, 0
15310,128, 0
15311,129, 0
15312,131, 0
15313,119, 0
15314,110, 0
15315,106, 0
15316,96, 0
15317,102, 0
15318,89, 0
15319,85, 0
15320,87, 0
15321,87, 0
15322,78, 0
15323,83, 0
15324,76, 0
15325,88, 0
15326,77, 0
15327,62, 0
15328,58, 0
15329,55, 0
15330,79, 0
15331,94, 0
15332,97, 0
15333,72, 0
15334,54, 51
15335,45, 0
15336,63, 156
15337,75, 57
15338,101, 31
15339,127, 1
15340,128, 0
15341,116, 0
15342,129, 0
15343,115, 0
15344,122, 0
15345,124, 0
15346,127, 0
15347,131, 0
15348,126, 0
15349,123, 0
15350,126, 0
15351,126, 0
15352,155, 0
15353,139, 0
15354,133, 0
15355,127, 0
15356,129, 0
15357,120, 0
15358,110, 0
15359,104, 0
15360,96, 0
15361,88, 0
15362,77, 0
15363,42, 0
15364,28, 4
15365,34, 121
15366,34, 14
15367,44, 34
15368,65, 0
15369,93, 0
15370,120, 0
15371,127, 0
15372,121, 0
15373,113, 0
15374,112, 0
15375,115, 0
15376,117, 0
15377,117, 0
15378,109, 0
15379,103, 0
15380,102, 0
15381,99, 31
15382,95, 31
15383,94, 32
15384,102, 44
15385,111, 75
15386,112, 55
15387,115, 37
15388,120, 3
15389,127, 0
15390,115, 0
15391,116, 0
15392,107, 0
15393,93, 0
15394,71, 0
15395,65, 142
15396,41, 120
15397,51, 34
15398,60, 0
15399,75, 0
15400,110, 62
15401,133, 105
15402,130, 380
15403,130, 405
15404,134, 294
15405,113, 193
15406,97, 41
15407,109, 0
15408,108, 0
15409,121, 0
15410,116, 0
15411,120, 0
15412,122, 0
15413,123, 0
15414,123, 0
15415,138, 0
15416,127, 0
15417,127, 0
15418,129, 0
15419,124, 0
15420,120, 0
15421,116, 0
15422,109, 0
15423,112, 0
15424,94, 0
15425,63, 0
15426,53, 12
15427,43, 0
15428,50, 0
15429,69, 0
15430,101, 0
15431,99, 0
15432,113, 0
15433,106, 4
15434,115, 1
15435,105, 0
15436,100, 0
15437,101, 0
15438,99, 0
15439,95, 0
15440,84, 0
15441,89, 0
15442,79, 0
15443,73, 0
15444,64, 0
15445,45, 0
15446,38, 0
15447,42, 0
15448,47, 0
15449,69, 0
15450,60, 0
15451,73, 0
15452,76, 0
15453,92, 0
15454,74, 0
15455,61, 30
15456,44, 27
15457,63, 19
15458,63, 207
15459,64, 65
15460,95, 0
15461,122, 0
15462,147, 12
15463,140, 6
15464,152, 8
15465,149, 1
15466,144, 0
15467,155, 0
15468,153, 0
15469,151, 0
15470,145, 0
15471,149, 0
15472,143, 0
15473,145, 0
15474,141, 0
15475,136, 0
15476,138, 0
15477,141, 0
15478,134, 0
15479,130, 0
15480,121, 0
15481,117, 0
15482,110, 0
15483,108, 102
15484,105, 58
15485,78, 10
15486,63, 0
15487,55, 0
15488,58, 0
15489,70, 0
15490,91, 0
15491,110, 0
15492,118, 0
15493,120, 0
15494,110, 0
15495,118, 0
15496,105, 0
15497,100, 0
15498,104, 0
15499,111, 0
15500,110, 0
15501,113, 0
15502,107, 0
15503,108, 0
15504,110, 0
15505,107, 0
15506,105, 0
15507,103, 0
15508,96, 0
15509,103, 0
15510,100, 0
15511,95, 0
15512,93, 0
15513,95, 0
15514,106, 0
15515,95, 14
15516,72, 126
15517,56, 137
15518,57, 133
15519,55, 17
15520,71, 86
15521,95, 0
15522,116, 0
15523,141, 0
15524,133, 0
15525,133, 0
15526,147, 0
15527,155, 0
15528,180, 0
15529,165, 0
15530,164, 0
15531,173, 0
15532,170, 0
15533,179, 0
15534,187, 0
15535,184, 0
15536,191, 0
15537,191, 0
15538,188, 0
15539,176, 0
15540,175, 0
15541,173, 0
15542,154, 17
15543,117, 195
15544,102, 427
15545,37, 252
15546,2, 81
15547,0, 107
15548,14, 85
15549,1, 85
15550,5, 125
15551,20, 15
15552,50, 0
15553,64, 0
15554,83, 0
15555,107, 0
15556,103, 3
15557,102, 0
15558,102, 0
15559,99, 0
15560,104, 0
15561,102, 0
15562,104, 0
15563,110, 0
15564,112, 0
15565,119, 0
15566,140, 0
15567,130, 0
15568,129, 0
15569,124, 0
15570,128, 0
15571,132, 0
15572,145, 0
15573,153, 0
15574,158, 0
15575,151, 0
15576,143, 0
15577,121, 0
15578,104, 18
15579,104, 4
15580,106, 67
15581,118, 175
15582,140, 306
15583,154, 324
15584,155, 139
15585,135, 18
15586,113, 0
15587,102, 0
15588,100, 0
15589,76, 0
15590,55, 0
15591,46, 0
15592,51, 0
15593,63, 0
15594,62, 0
15595,63, 0
15596,63, 0
15597,80, 0
15598,64, 0
15599,76, 0
15600,89, 0
15601,105, 0
15602,111, 0
15603,127, 0
15604,120, 0
15605,117, 133
15606,102, 17
15607,48, 0
15608,31, 102
15609,26, 48
15610,44, 189
15611,39, 391
15612,80, 45
15613,76, 0
15614,101, 0
15615,118, 0
15616,118, 0
15617,115, 0
15618,104, 0
15619,102, 0
15620,100, 0
15621,95, 0
15622,102, 0
15623,95, 0
15624,106, 0
15625,94, 0
15626,107, 0
15627,111, 0
15628,112, 0
15629,110, 0
15630,108, 0
15631,100, 0
15632,100, 0
15633,104, 0
15634,104, 0
15635,121, 0
15636,127, 0
15637,115, 0
15638,89, 101
15639,76, 201
15640,72, 187
15641,67, 251
15642,99, 72
15643,108, 0
15644,129, 0
15645,133, 0
15646,127, 0
15647,131, 0
15648,128, 0
15649,126, 0
15650,135, 0
15651,130, 0
15652,133, 0
15653,143, 0
15654,149, 0
15655,147, 0
15656,147, 0
15657,153, 0
15658,164, 0
15659,139, 0
15660,138, 0
15661,138, 0
15662,132, 0
15663,140, 0
15664,110, 0
15665,97, 0
15666,90, 0
15667,85, 0
15668,48, 0
15669,30, 90
15670,26, 136
15671,15, 133
15672,20, 25
15673,54, 0
15674,84, 0
15675,112, 0
15676,123, 0
15677,129, 0
15678,120, 0
15679,108, 0
15680,99, 0
15681,90, 0
15682,102, 0
15683,113, 0
15684,115, 0
15685,96, 0
15686,121, 0
15687,97, 0
15688,93, 0
15689,83, 0
15690,80, 0
15691,76, 0
15692,74, 0
15693,73, 0
15694,76, 0
15695,84, 0
15696,91, 0
15697,89, 0
15698,84, 0
15699,64, 0
15700,51, 0
15701,47, 0
15702,51, 0
15703,74, 0
15704,100, 0
15705,122, 0
15706,129, 0
15707,131, 0
15708,131, 0
15709,130, 0
15710,139, 0
15711,140, 30
15712,145, 70
15713,165, 231
15714,149, 259
15715,139, 125
15716,133, 68
15717,113, 8
15718,105, 0
15719,96, 0
15720,93, 0
15721,94, 0
15722,94, 0
15723,107, 0
15724,108, 0
15725,105, 0
15726,112, 0
15727,110, 0
15728,102, 0
15729,76, 0
15730,62, 0
15731,60, 0
15732,63, 0
15733,76, 0
15734,94, 0
15735,117, 0
15736,132, 0
15737,117, 0
15738,115, 0
15739,118, 0
15740,113, 0
15741,118, 0
15742,112, 0
15743,115, 0
15744,110, 0
15745,113, 0
15746,103, 0
15747,100, 0
15748,100, 0
15749,99, 0
15750,95, 0
15751,94, 0
15752,95, 0
15753,90, 0
15754,101, 0
15755,104, 0
15756,111, 0
15757,122, 0
15758,129, 0
15759,108, 0
15760,94, 70
15761,76, 180
15762,71, 95
15763,71, 18
15764,89, 4
15765,112, 0
15766,132, 0
15767,133, 0
15768,121, 0
15769,121, 0
15770,127, 0
15771,130, 0
15772,125, 0
15773,119, 0
15774,116, 0
15775,105, 0
15776,96, 0
15777,102, 0
15778,93, 0
15779,94, 0
15780,107, 0
15781,108, 0
15782,105, 0
15783,118, 0
15784,118, 0
15785,126, 0
15786,118, 0
15787,121, 0
15788,122, 0
15789,110, 0
15790,78, 0
15791,59, 0
15792,50, 0
15793,54, 0
15794,44, 0
15795,57, 0
15796,76, 0
15797,89, 0
15798,89, 0
15799,108, 0
15800,108, 0
15801,111, 0
15802,118, 0
15803,109, 0
15804,102, 0
15805,97, 0
15806,97, 0
15807,92, 0
15808,96, 0
15809,102, 0
15810,92, 0
15811,92, 0
15812,90, 0
15813,90, 0
15814,97, 0
15815,108, 0
15816,118, 7
15817,125, 6
15818,136, 0
15819,137, 0
15820,126, 0
15821,92, 0
15822,85, 83
15823,71, 54
15824,84, 196
15825,96, 73
15826,135, 89
15827,163, 89
15828,168, 62
15829,152, 7
15830,157, 0
15831,145, 0
15832,118, 0
15833,94, 0
15834,85, 1
15835,76, 0
15836,72, 0
15837,69, 0
15838,73, 3
15839,76, 37
15840,76, 63
15841,83, 43
15842,77, 0
15843,93, 0
15844,85, 0
15845,93, 0
15846,121, 0
15847,102, 0
15848,105, 0
15849,92, 0
15850,90, 0
15851,63, 0
15852,37, 0
15853,36, 23
15854,41, 12
15855,47, 0
15856,71, 0
15857,88, 0
15858,76, 0
15859,87, 0
15860,87, 0
15861,76, 0
15862,86, 0
15863,92, 0
15864,95, 0
15865,99, 0
15866,100, 0
15867,106, 0
15868,102, 0
15869,115, 0
15870,122, 0
15871,118, 0
15872,129, 0
15873,135, 0
15874,145, 0
15875,161, 0
15876,168, 0
15877,172, 0
15878,171, 0
15879,177, 0
15880,174, 0
15881,165, 0
15882,137, 70
15883,133, 151
15884,106, 115
15885,113, 86
15886,124, 0
15887,144, 0
15888,158, 0
15889,158, 0
15890,156, 0
15891,158, 0
15892,139, 0
15893,133, 0
15894,135, 0
15895,132, 0
15896,127, 0
15897,110, 0
15898,104, 0
15899,95, 0
15900,87, 0
15901,84, 0
15902,80, 0
15903,84, 0
15904,86, 0
15905,81, 0
15906,87, 0
15907,89, 0
15908,78, 0
15909,64, 0
15910,46, 5
15911,32, 0
15912,20, 0
15913,15, 0
15914,28, 0
15915,42, 0
15916,57, 0
15917,96, 0
15918,117, 0
15919,126, 0
15920,121, 0
15921,124, 0
15922,127, 0
15923,125, 0
15924,121, 0
15925,113, 0
15926,104, 0
15927,85, 0
15928,67, 0
15929,53, 0
15930,40, 0
15931,44, 0
15932,51, 0
15933,63, 0
15934,83, 0
15935,90, 5
15936,99, 0
15937,106, 0
15938,112, 0
15939,131, 0
15940,120, 0
15941,124, 15
15942,124, 74
15943,87, 57
15944,72, 118
15945,70, 0
15946,85, 136
15947,89, 0
15948,127, 0
15949,143, 0
15950,164, 0
15951,171, 0
15952,189, 0
15953,176, 0
15954,174, 0
15955,172, 0
15956,170, 0
15957,160, 0
15958,154, 0
15959,137, 0
15960,131, 0
15961,125, 0
15962,105, 0
15963,92, 0
15964,94, 0
15965,54, 0
15966,51, 0
15967,48, 72
15968,46, 183
15969,63, 368
15970,58, 204
15971,72, 165
15972,77, 119
15973,58, 142
15974,47, 218
15975,45, 280
15976,58, 383
15977,69, 93
15978,115, 0
15979,143, 0
15980,161, 0
15981,158, 0
15982,149, 0
15983,144, 0
15984,138, 0
15985,151, 0
15986,151, 0
15987,164, 0
15988,163, 0
15989,172, 0
15990,159, 0
15991,159, 0
15992,161, 0
15993,170, 0
15994,189, 0
15995,199, 0
15996,222, 0
15997,216, 0
15998,190, 0
15999,156, 0
16000,108, 0
16001,65, 4
16002,44, 0
16003,21, 0
16004,14, 68
16005,22, 0
16006,52, 153
16007,76, 81
16008,105, 0
16009,121, 0
16010,88, 0
16011,46, 0
16012,7, 0
16013,0, 0
16014,6, 0
16015,15, 0
16016,28, 0
16017,35, 0
16018,39, 0
16019,57, 0
16020,63, 0
16021,78, 0
16022,95, 0
16023,109, 0
16024,110, 0
16025,92, 0
16026,86, 0
16027,92, 0
16028,100, 0
16029,95, 0
16030,103, 0
16031,111, 0
16032,119, 0
16033,121, 0
16034,108, 0
16035,86, 0
16036,76, 0
16037,87, 0
16038,91, 0
16039,112, 0
16040,130, 0
16041,136, 0
16042,119, 0
16043,111, 0
16044,97, 0
16045,105, 0
16046,88, 0
16047,95, 0
16048,119, 0
16049,133, 0
16050,143, 0
16051,151, 0
16052,152, 0
16053,154, 0
16054,149, 0
16055,145, 0
16056,143, 0
16057,136, 0
16058,130, 0
16059,121, 0
16060,111, 0
16061,100, 0
16062,95, 0
16063,80, 0
16064,45, 60
16065,9, 158
16066,0, 292
16067,6, 339
16068,21, 248
16069,38, 12
16070,83, 0
16071,97, 0
16072,103, 0
16073,104, 0
16074,99, 0
16075,95, 0
16076,117, 0
16077,133, 0
16078,141, 0
16079,158, 0
16080,165, 0
16081,169, 0
16082,160, 0
16083,166, 0
16084,173, 0
16085,153, 0
16086,134, 0
16087,122, 0
16088,139, 0
16089,136, 0
16090,138, 0
16091,134, 0
16092,129, 0
16093,108, 0
16094,85, 0
16095,45, 0
16096,24, 0
16097,14, 0
16098,24, 0
16099,29, 0
16100,56, 0
16101,69, 0
16102,86, 0
16103,79, 0
16104,80, 0
16105,83, 0
16106,89, 0
16107,104, 0
16108,127, 0
16109,154, 0
16110,163, 0
16111,179, 0
16112,181, 0
16113,174, 0
16114,168, 0
16115,152, 0
16116,148, 0
16117,139, 0
16118,133, 0
16119,108, 0
16120,94, 0
16121,86, 0
16122,76, 0
16123,63, 0
16124,73, 0
16125,23, 0
16126,7, 27
16127,5, 31
16128,12, 139
16129,27, 115
16130,70, 4
16131,133, 0
16132,183, 0
16133,190, 0
16134,191, 0
16135,182, 0
16136,170, 0
16137,159, 0
16138,165, 0
16139,168, 0
16140,158, 0
16141,145, 0
16142,138, 0
16143,138, 0
16144,133, 0
16145,132, 0
16146,131, 0
16147,128, 9
16148,130, 24
16149,135, 21
16150,132, 0
16151,121, 0
16152,142, 0
16153,135, 0
16154,137, 0
16155,115, 1
16156,79, 6
16157,69, 138
16158,78, 83
16159,109, 12
16160,128, 0
16161,161, 0
16162,164, 0
16163,152, 0
16164,134, 0
16165,119, 0
16166,101, 0
16167,79, 0
16168,72, 0
16169,48, 0
16170,38, 0
16171,34, 0
16172,27, 0
16173,31, 0
16174,32, 0
16175,57, 0
16176,74, 0
16177,94, 0
16178,113, 0
16179,109, 0
16180,108, 0
16181,102, 0
16182,93, 0
16183,77, 0
16184,52, 0
16185,25, 0
16186,6, 90
16187,1, 88
16188,13, 203
16189,42, 85
16190,78, 86
16191,108, 0
16192,122, 0
16193,102, 0
16194,92, 0
16195,72, 0
16196,74, 0
16197,75, 0
16198,74, 0
16199,81, 0
16200,78, 0
16201,106, 0
16202,130, 0
16203,139, 0
16204,149, 0
16205,148, 0
16206,148, 0
16207,155, 0
16208,163, 0
16209,183, 0
16210,186, 0
16211,180, 0
16212,168, 0
16213,165, 0
16214,152, 0
16215,134, 0
16216,102, 7
16217,59, 175
16218,24, 148
16219,19, 161
16220,30, 207
16221,19, 0
16222,38, 0
16223,47, 0
16224,36, 0
16225,20, 0
16226,2, 0
16227,0, 0
16228,8, 0
16229,19, 0
16230,36, 0
16231,44, 0
16232,55, 0
16233,67, 0
16234,74, 0
16235,77, 0
16236,77, 0
16237,70, 0
16238,78, 0
16239,87, 0
16240,102, 0
16241,115, 0
16242,133, 0
16243,158, 0
16244,175, 0
16245,189, 0
16246,192, 0
16247,183, 1
16248,136, 122
16249,132, 257
16250,120, 257
16251,102, 51
16252,122, 0
16253,142, 0
16254,164, 0
16255,173, 0
16256,158, 0
16257,158, 0
16258,164, 0
16259,187, 0
16260,173, 0
16261,168, 0
16262,156, 0
16263,145, 0
16264,141, 0
16265,139, 0
16266,123, 0
16267,121, 0
16268,111, 0
16269,103, 0
16270,97, 0
16271,95, 0
16272,97, 0
16273,102, 0
16274,99, 0
16275,101, 0
16276,104, 0
16277,99, 0
16278,83, 0
16279,80, 0
16280,73, 0
16281,79, 0
16282,102, 0
16283,132, 0
16284,145, 0
16285,150, 0
16286,137, 0
16287,130, 0
16288,113, 0
16289,108, 0
16290,102, 0
16291,95, 0
16292,84, 0
16293,79, 0
16294,76, 0
16295,73, 0
16296,99, 0
16297,76, 0
16298,72, 0
16299,85, 0
16300,83, 0
16301,85, 0
16302,81, 0
16303,75, 0
16304,75, 0
16305,88, 0
16306,95, 0
16307,89, 0
16308,74, 0
16309,63, 86
16310,76, 39
16311,102, 113
16312,136, 119
16313,176, 0
16314,232, 0
16315,256, 0
16316,263, 0
16317,244, 0
16318,213, 0
16319,142, 0
16320,89, 0
16321,57, 0
16322,53, 0
16323,55, 0
16324,63, 0
16325,71, 1
16326,83, 174
16327,86, 129
16328,51, 64
16329,13, 6
16330,0, 0
16331,0, 0
16332,6, 0
16333,18, 0
16334,46, 0
16335,63, 0
16336,85, 0
16337,111, 0
16338,94, 0
16339,65, 90
16340,40, 90
16341,17, 102
16342,6, 25
16343,12, 0
16344,53, 0
16345,78, 0
16346,95, 0
16347,108, 0
16348,108, 0
16349,121, 0
16350,106, 0
16351,100, 0
16352,74, 0
16353,64, 0
16354,71, 0
16355,77, 0
16356,96, 0
16357,118, 0
16358,131, 3
16359,134, 0
16360,139, 0
16361,132, 0
16362,133, 0
16363,135, 0
16364,147, 0
16365,137, 0
16366,164, 0
16367,157, 0
16368,149, 0
16369,133, 51
16370,110, 129
16371,95, 156
16372,80, 0
16373,70, 0
16374,80, 0
16375,89, 0
16376,89, 0
16377,90, 0
16378,60, 0
16379,67, 0
16380,76, 145
16381,87, 107
16382,92, 86
16383,83, 69
16384,78, 0
16385,76, 0
16386,89, 0
16387,93, 0
16388,109, 0
16389,126, 0
16390,138, 0
16391,151, 0
16392,157, 0
16393,150, 0
16394,164, 0
16395,151, 0
16396,152, 0
16397,156, 0
16398,159, 0
16399,133, 0
16400,121, 65
16401,107, 158
16402,105, 0
16403,115, 0
16404,127, 0
16405,151, 0
16406,163, 0
16407,149, 0
16408,148, 0
16409,142, 0
16410,139, 0
16411,134, 0
16412,134, 0
16413,134, 0
16414,133, 0
16415,136, 0
16416,127, 0
16417,103, 0
16418,75, 0
16419,48, 0
16420,40, 2
16421,57, 0
16422,77, 0
16423,91, 0
16424,97, 0
16425,100, 0
16426,118, 0
16427,119, 0
16428,127, 0
16429,122, 0
16430,95, 125
16431,67, 354
16432,46, 95
16433,55, 29
16434,57, 3
16435,74, 0
16436,93, 0
16437,94, 0
16438,85, 0
16439,73, 0
16440,51, 0
16441,25, 0
16442,13, 0
16443,8, 0
16444,6, 0
16445,9, 0
16446,24, 0
16447,48, 0
16448,64, 0
16449,85, 0
16450,94, 0
16451,93, 0
16452,95, 0
16453,107, 1
16454,129, 0
16455,165, 0
16456,197, 0
16457,232, 0
16458,252, 0
16459,226, 0
16460,193, 0
16461,141, 35
16462,108, 18
16463,89, 0
16464,108, 0
16465,125, 0
16466,152, 0
16467,173, 0
16468,157, 0
16469,141, 0
16470,95, 0
16471,69, 0
16472,55, 0
16473,8, 0
16474,0, 0
16475,0, 0
16476,0, 0
16477,4, 0
16478,26, 0
16479,36, 0
16480,60, 0
16481,68, 0
16482,99, 0
16483,111, 0
16484,128, 0
16485,144, 0
16486,145, 0
16487,147, 0
16488,134, 0
16489,120, 0
16490,83, 0
16491,51, 115
16492,43, 51
16493,60, 37
16494,102, 65
16495,145, 92
16496,196, 0
16497,242, 0
16498,244, 0
16499,242, 0
16500,208, 0
16501,179, 0
16502,155, 0
16503,140, 0
16504,121, 0
16505,108, 0
16506,97, 0
16507,90, 0
16508,75, 0
16509,73, 0
16510,81, 0
16511,76, 0
16512,73, 0
16513,72, 0
16514,84, 0
16515,92, 0
16516,112, 0
16517,127, 0
16518,151, 0
16519,169, 0
16520,173, 0
16521,164, 0
16522,148, 0
16523,145, 0
16524,153, 0
16525,165, 0
16526,180, 0
16527,202, 0
16528,218, 0
16529,204, 0
16530,185, 0
16531,172, 0
16532,170, 0
16533,161, 0
16534,154, 0
16535,137, 0
16536,121, 0
16537,103, 0
16538,95, 0
16539,79, 0
16540,52, 0
16541,10, 0
16542,0, 0
16543,0, 0
16544,4, 0
16545,10, 0
16546,4, 0
16547,0, 0
16548,0, 0
16549,0, 0
16550,10, 0
16551,22, 0
16552,18, 0
16553,15, 151
16554,5, 0
16555,24, 88
16556,10, 0
16557,36, 0
16558,63, 0
16559,69, 0
16560,58, 0
16561,61, 0
16562,76, 0
16563,101, 0
16564,121, 0
16565,133, 0
16566,152, 0
16567,158, 0
16568,176, 0
16569,185, 0
16570,189, 9
16571,196, 0
16572,212, 0
16573,216, 0
16574,238, 0
16575,244, 0
16576,232, 0
16577,242, 0
16578,256, 0
16579,257, 0
16580,255, 0
16581,261, 0
16582,261, 0
16583,264, 0
16584,261, 0
16585,246, 0
16586,223, 0
16587,221, 0
16588,210, 0
16589,213, 0
16590,214, 0
16591,200, 0
16592,205, 0
16593,195, 88
16594,164, 84
16595,135, 331
16596,78, 466
16597,4, 305
16598,4, 201
16599,36, 60
16600,20, 0
16601,0, 0
16602,3, 0
16603,29, 0
16604,41, 0
16605,41, 0
16606,54, 0
16607,57, 0
16608,73, 0
16609,94, 0
16610,105, 0
16611,100, 0
16612,71, 0
16613,15, 0
16614,0, 0
16615,0, 0
16616,23, 0
16617,25, 0
16618,62, 0
16619,76, 0
16620,64, 0
16621,40, 0
16622,0, 0
16623,12, 2
16624,61, 0
16625,125, 0
16626,165, 0
16627,191, 0
16628,210, 0
16629,210, 0
16630,200, 0
16631,190, 2
16632,171, 0
16633,145, 0
16634,101, 0
16635,87, 0
16636,81, 0
16637,100, 0
16638,105, 0
16639,148, 0
16640,187, 0
16641,244, 0
16642,281, 0
16643,287, 0
16644,270, 0
16645,263, 0
16646,258, 0
16647,251, 24
16648,264, 0
16649,241, 0
16650,228, 0
16651,190, 0
16652,137, 0
16653,78, 0
16654,25, 0
16655,0, 0
16656,0, 0
16657,6, 0
16658,1, 0
16659,0, 0
16660,0, 0
16661,0, 0
16662,0, 0
16663,0, 0
16664,0, 0
16665,0, 0
16666,15, 0
16667,46, 0
16668,73, 0
16669,89, 40
16670,100, 189
16671,115, 264
16672,144, 294
16673,165, 253
16674,158, 229
16675,158, 214
16676,188, 150
16677,210, 111
16678,235, 0
16679,285, 0
16680,305, 0
16681,300, 0
16682,287, 0
16683,264, 0
16684,246, 0
16685,216, 0
16686,206, 0
16687,179, 0
16688,150, 0
16689,139, 0
16690,132, 0
16691,111, 0
16692,92, 0
16693,70, 0
16694,61, 5
16695,46, 0
16696,23, 0
16697,0, 0
16698,0, 0
16699,6, 0
16700,63, 0
16701,89, 0
16702,118, 0
16703,126, 0
16704,108, 0
16705,88, 0
16706,87, 0
16707,93, 0
16708,111, 0
16709,133, 0
16710,166, 0
16711,181, 0
16712,198, 0
16713,202, 0
16714,180, 0
16715,170, 0
16716,139, 0
16717,120, 0
16718,99, 0
16719,89, 0
16720,94, 0
16721,95, 0
16722,92, 0
16723,58, 0
16724,25, 0
16725,6, 0
16726,4, 0
16727,38, 0
16728,71, 0
16729,101, 0
16730,113, 0
16731,139, 10
16732,157, 0
16733,171, 0
16734,189, 0
16735,165, 8
16736,183, 143
16737,202, 0
16738,220, 0
16739,231, 0
16740,264, 0
16741,300, 0
16742,326, 0
16743,325, 0
16744,315, 124
16745,284, 203
16746,243, 189
16747,202, 251
16748,164, 97
16749,139, 0
16750,125, 0
16751,92, 0
16752,89, 0
16753,70, 0
16754,38, 0
16755,9, 0
16756,0, 0
16757,0, 0
16758,0, 0
16759,0, 110
16760,6, 62
16761,38, 59
16762,6, 1
16763,0, 0
16764,0, 0
16765,0, 0
16766,0, 23
16767,0, 23
16768,0, 3
16769,4, 6
16770,7, 0
16771,60, 0
16772,92, 0
16773,122, 0
16774,132, 0
16775,137, 0
16776,152, 0
16777,159, 0
16778,149, 0
16779,145, 0
16780,135, 0
16781,122, 0
16782,110, 0
16783,83, 123
16784,42, 221
16785,8, 427
16786,3, 236
16787,0, 55
16788,0, 0
16789,4, 0
16790,17, 0
16791,31, 0
16792,20, 0
16793,8, 0
16794,1, 0
16795,19, 11
16796,7, 121
16797,24, 249
16798,72, 195
16799,140, 259
16800,202, 35
16801,253, 0
16802,265, 0
16803,259, 0
16804,239, 0
16805,229, 0
16806,232, 0
16807,232, 0
16808,243, 0
16809,248, 0
16810,251, 0
16811,247, 0
16812,246, 0
16813,210, 0
16814,170, 0
16815,124, 0
16816,80, 0
16817,41, 0
16818,20, 0
16819,5, 0
16820,14, 0
16821,40, 0
16822,69, 0
16823,102, 0
16824,116, 0
16825,106, 0
16826,81, 0
16827,63, 0
16828,47, 0
16829,45, 0
16830,50, 0
16831,73, 0
16832,96, 0
16833,107, 0
16834,108, 0
16835,104, 0
16836,109, 0
16837,118, 0
16838,133, 0
16839,157, 0
16840,164, 0
16841,168, 0
16842,183, 0
16843,176, 0
16844,182, 0
16845,192, 0
16846,193, 0
16847,226, 0
16848,241, 0
16849,237, 0
16850,236, 0
16851,216, 0
16852,208, 0
16853,189, 0
16854,167, 0
16855,147, 0
16856,129, 0
16857,118, 88
16858,107, 231
16859,104, 69
16860,107, 168
16861,81, 65
16862,99, 0
16863,105, 0
16864,102, 0
16865,100, 0
16866,96, 2
16867,106, 0
16868,111, 0
16869,112, 0
16870,104, 0
16871,86, 0
16872,63, 0
16873,23, 0
16874,0, 0
16875,0, 2
16876,6, 0
16877,0, 0
16878,0, 0
16879,11, 0
16880,42, 0
16881,60, 0
16882,72, 0
16883,67, 0
16884,55, 0
16885,51, 0
16886,51, 0
16887,39, 10
16888,50, 6
16889,52, 6
16890,52, 0
16891,65, 0
16892,94, 0
16893,110, 0
16894,120, 0
16895,118, 0
16896,116, 0
16897,117, 0
16898,124, 0
16899,116, 0
16900,105, 0
16901,100, 0
16902,101, 0
16903,102, 0
16904,90, 0
16905,100, 0
16906,99, 0
16907,113, 0
16908,111, 0
16909,102, 0
16910,85, 0
16911,79, 0
16912,75, 0
16913,84, 0
16914,113, 0
16915,105, 0
16916,121, 0
16917,86, 0
16918,77, 97
16919,59, 46
16920,83, 1
16921,104, 87
16922,123, 8
16923,131, 0
16924,155, 0
16925,155, 0
16926,172, 0
16927,186, 3
16928,198, 0
16929,214, 2
16930,232, 0
16931,236, 0
16932,211, 0
16933,179, 0
16934,141, 0
16935,106, 0
16936,102, 0
16937,112, 0
16938,120, 0
16939,123, 0
16940,123, 0
16941,118, 0
16942,109, 0
16943,97, 0
16944,83, 0
16945,89, 0
16946,73, 0
16947,72, 0
16948,63, 0
16949,44, 0
16950,40, 0
16951,44, 0
16952,50, 0
16953,63, 0
16954,67, 0
16955,84, 0
16956,81, 0
16957,80, 0
16958,69, 0
16959,70, 0
16960,81, 0
16961,85, 0
16962,92, 0
16963,89, 0
16964,92, 0
16965,113, 0
16966,125, 0
16967,141, 0
16968,159, 0
16969,202, 0
16970,208, 0
16971,229, 0
16972,223, 0
16973,221, 0
16974,211, 0
16975,206, 0
16976,188, 0
16977,170, 0
16978,143, 0
16979,111, 47
16980,92, 140
16981,61, 115
16982,44, 35
16983,46, 9
16984,35, 0
16985,17, 0
16986,0, 0
16987,0, 0
16988,1, 0
16989,47, 0
16990,96, 0
16991,152, 0
16992,186, 0
16993,204, 0
16994,222, 0
16995,239, 0
16996,253, 0
16997,251, 0
16998,244, 0
16999,248, 0
17000,242, 0
17001,234, 0
17002,207, 0
17003,185, 0
17004,153, 0
17005,119, 0
17006,67, 0
17007,19, 0
17008,0, 0
17009,0, 0
17010,0, 134
17011,0, 26
17012,8, 100
17013,19, 9
17014,29, 0
17015,30, 0
17016,8, 0
17017,0, 0
17018,4, 0
17019,12, 0
17020,9, 0
17021,0, 0
17022,0, 0
17023,0, 0
17024,0, 0
17025,0, 0
17026,0, 0
17027,0, 0
17028,12, 0
17029,64, 0
17030,99, 0
17031,132, 0
17032,134, 0
17033,150, 0
17034,170, 0
17035,186, 0
17036,188, 56
17037,175, 50
17038,145, 36
17039,115, 220
17040,69, 325
17041,44, 170
17042,40, 155
17043,28, 12
17044,32, 0
17045,43, 0
17046,48, 0
17047,65, 0
17048,89, 0
17049,122, 0
17050,139, 0
17051,163, 0
17052,160, 0
17053,166, 0
17054,166, 0
17055,183, 0
17056,175, 0
17057,183, 0
17058,175, 0
17059,166, 0
17060,151, 0
17061,136, 0
17062,122, 0
17063,121, 0
17064,116, 0
17065,123, 0
17066,126, 0
17067,151, 1
17068,207, 5
17069,270, 77
17070,302, 158
17071,315, 191
17072,300, 159
17073,282, 123
17074,253, 0
17075,238, 0
17076,251, 0
17077,249, 0
17078,223, 0
17079,180, 0
17080,127, 0
17081,63, 0
17082,58, 0
17083,29, 0
17084,34, 0
17085,13, 0
17086,1, 0
17087,2, 0
17088,0, 0
17089,0, 0
17090,14, 0
17091,53, 0
17092,88, 0
17093,121, 0
17094,136, 0
17095,151, 0
17096,147, 0
17097,124, 0
17098,96, 0
17099,62, 0
17100,12, 23
17101,9, 68
17102,0, 113
17103,0, 10
17104,0, 1
17105,24, 0
17106,89, 0
17107,99, 0
17108,115, 0
17109,113, 0
17110,106, 0
17111,115, 0
17112,95, 0
17113,88, 0
17114,92, 0
17115,132, 0
17116,169, 0
17117,189, 0
17118,206, 0
17119,240, 0
17120,269, 0
17121,287, 0
17122,282, 0
17123,254, 0
17124,233, 0
17125,213, 0
17126,211, 0
17127,204, 0
17128,189, 0
17129,152, 6
17130,78, 48
17131,2, 62
17132,0, 70
17133,12, 136
17134,15, 0
17135,4, 0
17136,0, 0
17137,0, 0
17138,0, 0
17139,9, 0
17140,6, 0
17141,0, 0
17142,11, 0
17143,76, 0
17144,127, 0
17145,160, 0
17146,167, 158
17147,166, 152
17148,161, 286
17149,150, 240
17150,129, 28
17151,94, 0
17152,48, 0
17153,7, 0
17154,0, 0
17155,0, 0
17156,0, 0
17157,1, 0
17158,20, 0
17159,57, 0
17160,99, 0
17161,92, 25
17162,103, 70
17163,101, 253
17164,102, 93
17165,88, 238
17166,90, 0
17167,106, 0
17168,115, 0
17169,130, 0
17170,122, 0
17171,133, 0
17172,145, 0
17173,161, 0
17174,181, 0
17175,196, 0
17176,202, 0
17177,228, 0
17178,252, 0
17179,259, 0
17180,257, 0
17181,243, 0
17182,228, 0
17183,219, 0
17184,212, 0
17185,199, 0
17186,189, 0
17187,172, 0
17188,155, 0
17189,119, 0
17190,91, 0
17191,51, 0
17192,19, 0
17193,14, 0
17194,43, 0
17195,111, 2
17196,154, 0
17197,188, 0
17198,228, 0
17199,226, 0
17200,224, 0
17201,212, 0
17202,207, 0
17203,150, 0
17204,131, 0
17205,89, 0
17206,45, 0
17207,12, 0
17208,0, 0
17209,0, 0
17210,0, 0
17211,0, 0
17212,0, 0
17213,0, 0
17214,0, 0
17215,0, 0
17216,0, 0
17217,14, 0
17218,43, 0
17219,51, 0
17220,77, 0
17221,83, 0
17222,81, 5
17223,74, 32
17224,73, 156
17225,112, 159
17226,163, 118
17227,213, 0
17228,267, 0
17229,289, 0
17230,283, 0
17231,268, 0
17232,242, 0
17233,217, 0
17234,220, 0
17235,212, 0
17236,208, 0
17237,195, 0
17238,179, 0
17239,166, 83
17240,153, 130
17241,108, 108
17242,44, 140
17243,18, 38
17244,0, 1
17245,0, 0
17246,0, 0
17247,59, 0
17248,132, 0
17249,181, 0
17250,179, 0
17251,159, 0
17252,120, 0
17253,68, 0
17254,47, 0
17255,38, 0
17256,44, 0
17257,57, 0
17258,86, 0
17259,87, 0
17260,92, 0
17261,75, 0
17262,31, 0
17263,0, 0
17264,0, 70
17265,0, 102
17266,0, 92
17267,4, 0
17268,35, 0
17269,51, 0
17270,62, 0
17271,59, 0
17272,64, 0
17273,74, 0
17274,85, 0
17275,84, 0
17276,96, 0
17277,102, 0
17278,111, 0
17279,142, 0
17280,164, 0
17281,185, 0
17282,196, 87
17283,192, 19
17284,179, 7
17285,152, 223
17286,139, 154
17287,130, 60
17288,139, 0
17289,160, 0
17290,158, 0
17291,147, 0
17292,138, 0
17293,121, 0
17294,96, 0
17295,68, 0
17296,38, 0
17297,27, 0
17298,36, 0
17299,58, 0
17300,76, 0
17301,100, 0
17302,125, 0
17303,142, 0
17304,144, 0
17305,145, 0
17306,142, 0
17307,135, 0
17308,139, 0
17309,132, 0
17310,126, 0
17311,124, 0
17312,118, 0
17313,112, 0
17314,92, 0
17315,93, 15
17316,100, 69
17317,95, 63
17318,109, 0
17319,128, 0
17320,134, 0
17321,102, 0
17322,60, 0
17323,36, 0
17324,46, 0
17325,76, 0
17326,95, 0
17327,100, 0
17328,89, 0
17329,104, 0
17330,105, 0
17331,117, 0
17332,121, 0
17333,122, 0
17334,123, 0
17335,116, 0
17336,107, 0
17337,96, 0
17338,89, 0
17339,76, 0
17340,87, 0
17341,115, 0
17342,106, 0
17343,119, 0
17344,115, 73
17345,121, 170
17346,143, 183
17347,196, 214
17348,247, 57
17349,306, 0
17350,353, 0
17351,374, 0
17352,373, 0
17353,355, 0
17354,312, 0
17355,257, 0
17356,215, 0
17357,176, 0
17358,136, 0
17359,65, 0
17360,4, 0
17361,13, 0
17362,77, 0
17363,133, 0
17364,140, 0
17365,91, 0
17366,6, 0
17367,44, 0
17368,156, 0
17369,223, 0
17370,264, 0
17371,291, 0
17372,300, 0
17373,270, 0
17374,226, 0
17375,145, 0
17376,62, 0
17377,3, 0
17378,0, 2
17379,0, 0
17380,39, 0
17381,139, 0
17382,188, 0
17383,206, 0
17384,196, 0
17385,179, 0
17386,126, 0
17387,74, 0
17388,25, 0
17389,4, 0
17390,0, 0
17391,0, 0
17392,2, 0
17393,0, 0
17394,0, 0
17395,32, 0
17396,68, 0
17397,76, 0
17398,41, 0
17399,0, 0
17400,0, 0
17401,21, 0
17402,84, 0
17403,138, 0
17404,175, 0
17405,159, 11
17406,149, 243
17407,149, 91
17408,155, 145
17409,154, 95
17410,171, 0
17411,191, 0
17412,211, 0
17413,221, 0
17414,223, 0
17415,217, 0
17416,154, 0
17417,70, 0
17418,6, 0
17419,1, 0
17420,27, 0
17421,75, 0
17422,103, 0
17423,130, 0
17424,161, 0
17425,199, 0
17426,258, 0
17427,294, 0
17428,295, 0
17429,277, 0
17430,269, 0
17431,305, 0
17432,284, 0
17433,282, 0
17434,274, 0
17435,271, 0
17436,236, 0
17437,202, 6
17438,137, 31
17439,84, 68
17440,37, 0
17441,17, 0
17442,5, 0
17443,10, 0
17444,37, 0
17445,48, 0
17446,15, 0
17447,0, 0
17448,0, 0
17449,0, 0
17450,0, 0
17451,7, 0
17452,45, 0
17453,76, 0
17454,70, 0
17455,67, 0
17456,67, 0
17457,106, 0
17458,177, 0
17459,272, 0
17460,341, 0
17461,348, 0
17462,361, 0
17463,398, 0
17464,444, 0
17465,499, 236
17466,512, 513
17467,494, 621
17468,430, 547
17469,377, 532
17470,330, 257
17471,293, 170
17472,210, 53
17473,72, 2
17474,0, 0
17475,11, 0
17476,20, 0
17477,8, 0
17478,8, 0
17479,21, 0
17480,25, 0
17481,0, 0
17482,0, 0
17483,0, 60
17484,4, 38
17485,11, 26
17486,34, 0
17487,57, 0
17488,57, 0
17489,36, 0
17490,7, 0
17491,8, 0
17492,63, 0
17493,96, 0
17494,141, 0
17495,158, 0
17496,101, 0
17497,18, 0
17498,0, 0
17499,0, 0
17500,4, 5
17501,102, 41
17502,235, 0
17503,311, 0
17504,318, 0
17505,284, 0
17506,192, 0
17507,89, 0
17508,58, 0
17509,138, 0
17510,263, 0
17511,377, 0
17512,401, 0
17513,337, 0
17514,232, 0
17515,129, 0
17516,41, 0
17517,11, 0
17518,38, 0
17519,92, 0
17520,91, 0
17521,26, 0
17522,55, 0
17523,197, 0
17524,293, 0
17525,338, 0
17526,389, 0
17527,430, 4
17528,420, 139
17529,317, 244
17530,193, 272
17531,87, 150
17532,13, 73
17533,0, 10
17534,34, 0
17535,94, 1
17536,147, 0
17537,184, 0
17538,226, 0
17539,254, 0
17540,298, 0
17541,328, 0
17542,343, 0
17543,318, 0
17544,269, 0
17545,223, 0
17546,163, 0
17547,103, 0
17548,30, 0
17549,0, 0
17550,20, 0
17551,100, 0
17552,123, 0
17553,63, 0
17554,4, 0
17555,105, 0
17556,229, 0
17557,306, 0
17558,322, 0
17559,276, 0
17560,237, 0
17561,318, 0
17562,484, 0
17563,673, 0
17564,840, 0
17565,966, 0
17566,1104, 0
17567,1214, 0
17568,1209, 0
17569,1064, 0
17570,858, 0
17571,612, 0
17572,317, 0
17573,69, 0
17574,6, 0
17575,88, 0
17576,187, 0
17577,292, 0
17578,373, 0
17579,387, 0
17580,318, 0
17581,171, 0
17582,133, 0
17583,169, 0
17584,249, 0
17585,270, 0
17586,227, 0
17587,126, 0
17588,12, 59
17589,55, 336
17590,175, 172
17591,281, 332
17592,343, 318
17593,348, 241
17594,286, 67
17595,137, 0
17596,18, 0
17597,159, 0
17598,273, 0
17599,255, 0
17600,139, 0
17601,8, 0
17602,144, 0
17603,291, 0
17604,389, 0
17605,454, 0
17606,484, 0
17607,452, 0
17608,396, 0
17609,300, 0
17610,229, 0
17611,212, 7
17612,118, 0
17613,12, 0
17614,24, 0
17615,61, 0
17616,3, 0
17617,76, 0
17618,189, 0
17619,233, 0
17620,179, 0
17621,134, 5
17622,92, 46
17623,44, 2
17624,38, 0
17625,12, 0
17626,0, 0
17627,78, 0
17628,157, 0
17629,190, 0
17630,202, 0
17631,200, 0
17632,183, 0
17633,91, 0
17634,43, 0
17635,285, 0
17636,553, 0
17637,731, 0
17638,853, 0
17639,935, 0
17640,980, 0
17641,953, 0
17642,878, 0
17643,731, 0
17644,535, 0
17645,343, 0
17646,141, 0
17647,13, 0
17648,176, 0
17649,348, 0
17650,377, 90
17651,347, 0
17652,318, 0
17653,304, 0
17654,299, 0
17655,321, 0
17656,295, 0
17657,251, 0
17658,138, 31
17659,9, 167
17660,25, 164
17661,23, 80
17662,19, 40
17663,86, 0
17664,316, 0
17665,606, 0
17666,792, 0
17667,853, 0
17668,862, 0
17669,865, 0
17670,879, 0
17671,740, 0
17672,456, 0
17673,92, 0
17674,279, 0
17675,654, 0
17676,900, 0
17677,1027, 0
17678,1043, 0
17679,991, 0
17680,845, 0
17681,569, 0
17682,291, 0
17683,67, 0
17684,25, 0
17685,108, 0
17686,119, 0
17687,21, 0
17688,110, 0
17689,198, 0
17690,134, 0
17691,15, 0
17692,169, 0
17693,275, 0
17694,299, 0
17695,301, 0
17696,270, 0
17697,264, 0
17698,279, 3
17699,298, 43
17700,319, 0
17701,295, 1
17702,196, 73
17703,50, 148
17704,8, 437
17705,56, 661
17706,63, 576
17707,6, 439
17708,57, 355
17709,221, 207
17710,385, 27
17711,535, 0
17712,642, 0
17713,636, 0
17714,571, 0
17715,532, 0
17716,446, 0
17717,327, 0
17718,170, 0
17719,34, 147
17720,0, 113
17721,0, 171
17722,86, 19
17723,408, 0
17724,771, 0
17725,1027, 0
17726,1153, 0
17727,1162, 0
17728,1057, 0
17729,854, 0
17730,631, 0
17731,345, 0
17732,57, 0
17733,148, 0
17734,405, 0
17735,616, 0
17736,710, 0
17737,665, 13
17738,519, 31
17739,398, 79
17740,373, 84
17741,357, 0
17742,232, 0
17743,35, 0
17744,183, 0
17745,430, 0
17746,547, 0
17747,540, 0
17748,404, 0
17749,263, 0
17750,207, 0
17751,261, 0
17752,411, 0
17753,600, 0
17754,710, 0
17755,666, 0
17756,460, 0
17757,253, 0
17758,108, 0
17759,38, 0
17760,0, 0
17761,107, 0
17762,363, 0
17763,507, 0
17764,488, 0
17765,323, 22
17766,71, 0
17767,76, 0
17768,234, 0
17769,342, 4
17770,483, 0
17771,659, 0
17772,845, 62
17773,982, 96
17774,1026, 155
17775,922, 43
17776,796, 0
17777,660, 0
17778,487, 0
17779,188, 0
17780,181, 0
17781,587, 0
17782,835, 0
17783,897, 0
17784,805, 0
17785,631, 0
17786,481, 0
17787,339, 48
17788,139, 164
17789,78, 145
17790,287, 44
17791,428, 0
17792,353, 0
17793,227, 0
17794,287, 0
17795,508, 0
17796,689, 0
17797,754, 0
17798,800, 0
17799,992, 0
17800,1321, 12
17801,1508, 83
17802,1431, 111
17803,1134, 22
17804,744, 152
17805,355, 129
17806,50, 13
17807,248, 3
17808,617, 4
17809,978, 0
17810,1201, 0
17811,1231, 0
17812,1096, 0
17813,854, 0
17814,543, 0
17815,267, 0
17816,89, 0
17817,2, 0
17818,0, 0
17819,26, 0
17820,58, 0
17821,71, 0
17822,69, 0
17823,41, 0
17824,5, 0
17825,0, 0
17826,18, 0
17827,32, 0
17828,22, 0
17829,0, 0
17830,89, 0
17831,262, 0
17832,349, 0
17833,405, 0
17834,501, 77
17835,634, 128
17836,700, 0
17837,698, 0
17838,600, 0
17839,433, 0
17840,215, 0
17841,45, 0
17842,2, 0
17843,27, 0
17844,57, 0
17845,5, 17
17846,169, 38
17847,418, 63
17848,551, 37
17849,548, 41
17850,438, 88
17851,289, 171
17852,115, 92
17853,6, 26
17854,2, 0
17855,14, 0
17856,4, 0
17857,0, 0
17858,90, 0
17859,307, 0
17860,510, 0
17861,538, 127
17862,298, 137
17863,103, 310
17864,439, 118
17865,625, 115
17866,578, 39
17867,445, 0
17868,383, 0
17869,391, 0
17870,362, 0
17871,229, 0
17872,57, 0
17873,0, 0
17874,95, 0
17875,300, 0
17876,545, 0
17877,725, 0
17878,820, 0
17879,855, 113
17880,865, 415
17881,853, 625
17882,800, 669
17883,669, 513
17884,451, 238
17885,193, 19
17886,27, 0
17887,13, 0
17888,30, 0
17889,30, 0
17890,75, 0
17891,135, 0
17892,113, 0
17893,25, 39
17894,17, 340
17895,103, 319
17896,235, 279
17897,371, 207
17898,440, 127
17899,407, 32
17900,343, 0
17901,295, 0
17902,275, 0
17903,252, 2
17904,202, 55
17905,105, 57
17906,8, 48
17907,3, 13
17908,0, 0
17909,1, 0
17910,83, 0
17911,231, 0
17912,338, 0
17913,341, 0
17914,257, 0
17915,193, 0
17916,214, 0
17917,217, 0
17918,177, 0
17919,156, 0
17920,157, 0
17921,134, 150
17922,29, 53
17923,38, 11
17924,104, 0
17925,55, 0
17926,1, 59
17927,6, 0
17928,106, 0
17929,214, 0
17930,231, 0
17931,158, 0
17932,39, 0
17933,0, 0
17934,57, 0
17935,131, 0
17936,229, 0
17937,244, 0
17938,108, 0
17939,9, 0
17940,76, 0
17941,28, 0
17942,107, 0
17943,393, 0
17944,573, 0
17945,570, 0
17946,430, 0
17947,218, 0
17948,63, 0
17949,0, 0
17950,0, 0
17951,0, 0
17952,9, 0
17953,17, 0
17954,6, 0
17955,25, 0
17956,88, 18
17957,39, 136
17958,15, 266
17959,101, 444
17960,158, 765
17961,148, 962
17962,124, 740
17963,138, 517
17964,192, 306
17965,251, 143
17966,294, 0
17967,314, 0
17968,323, 2
17969,300, 0
17970,263, 0
17971,223, 0
17972,193, 0
17973,152, 0
17974,121, 0
17975,39, 0
17976,38, 0
17977,158, 0
17978,139, 0
17979,12, 0
17980,176, 0
17981,416, 0
17982,679, 0
17983,854, 0
17984,876, 0
17985,813, 0
17986,671, 0
17987,411, 0
17988,130, 0
17989,12, 0
17990,81, 0
17991,68, 0
17992,42, 0
17993,64, 0
17994,139, 0
17995,218, 4
17996,243, 0
17997,171, 0
17998,20, 0
17999,120, 0
18000,302, 0
18001,420, 0
18002,487, 0
18003,498, 0
18004,395, 0
18005,198, 0
18006,23, 0
18007,31, 0
18008,175, 0
18009,369, 0
18010,642, 0
18011,846, 0
18012,806, 0
18013,524, 0
18014,115, 0
18015,196, 116
18016,469, 120
18017,677, 179
18018,809, 172
18019,895, 65
18020,901, 0
18021,794, 0
18022,616, 0
18023,410, 0
18024,214, 0
18025,24, 0
18026,171, 0
18027,311, 0
18028,271, 0
18029,75, 0
18030,95, 0
18031,300, 0
18032,368, 0
18033,305, 0
18034,222, 0
18035,214, 0
18036,239, 0
18037,214, 0
18038,134, 0
18039,19, 0
18040,7, 0
18041,30, 0
18042,12, 0
18043,14, 0
18044,38, 0
18045,74, 0
18046,89, 19
18047,91, 52
18048,76, 99
18049,31, 127
18050,0, 0
18051,89, 0
18052,280, 0
18053,446, 0
18054,529, 0
18055,585, 0
18056,652, 0
18057,687, 0
18058,654, 0
18059,527, 0
18060,391, 0
18061,244, 0
18062,41, 0
18063,278, 0
18064,517, 0
18065,515, 0
18066,294, 0
18067,96, 0
18068,547, 0
18069,999, 0
18070,1278, 0
18071,1328, 115
18072,1173, 226
18073,891, 244
18074,547, 224
18075,234, 304
18076,37, 296
18077,6, 237
18078,107, 124
18079,264, 112
18080,440, 36
18081,493, 0
18082,516, 0
18083,453, 0
18084,307, 0
18085,156, 0
18086,103, 0
18087,158, 0
18088,232, 0
18089,202, 0
18090,39, 0
18091,92, 2
18092,268, 0
18093,343, 0
18094,377, 0
18095,400, 0
18096,416, 0
18097,375, 0
18098,255, 0
18099,84, 0
18100,23, 0
18101,142, 0
18102,152, 0
18103,62, 0
18104,6, 0
18105,116, 0
18106,232, 142
18107,304, 340
18108,290, 360
18109,207, 291
18110,130, 331
18111,93, 0
18112,93, 0
18113,68, 0
18114,13, 0
18115,0, 0
18116,23, 0
18117,89, 0
18118,135, 0
18119,183, 0
18120,152, 0
18121,55, 0
18122,26, 0
18123,171, 0
18124,267, 0
18125,322, 0
18126,318, 0
18127,286, 0
18128,268, 0
18129,234, 0
18130,183, 0
18131,95, 0
18132,11, 0
18133,0, 0
18134,2, 0
18135,159, 0
18136,480, 0
18137,840, 43
18138,1079, 221
18139,1041, 266
18140,832, 155
18141,559, 0
18142,278, 4
18143,36, 0
18144,175, 0
18145,348, 0
18146,445, 0
18147,427, 0
18148,286, 0
18149,85, 0
18150,11, 0
18151,74, 0
18152,90, 0
18153,84, 0
18154,18, 0
18155,6, 0
18156,35, 0
18157,112, 0
18158,152, 0
18159,111, 0
18160,89, 0
18161,111, 0
18162,158, 0
18163,227, 0
18164,315, 0
18165,386, 255
18166,402, 176
18167,329, 84
18168,239, 75
18169,159, 108
18170,109, 37
18171,107, 0
18172,124, 0
18173,139, 0
18174,147, 0
18175,134, 0
18176,102, 0
18177,105, 0
18178,145, 0
18179,183, 0
18180,193, 0
18181,165, 0
18182,126, 0
18183,89, 0
18184,102, 0
18185,121, 0
18186,133, 0
18187,117, 0
18188,105, 0
18189,109, 0
18190,142, 0
18191,227, 3
18192,330, 39
18193,361, 57
18194,333, 187
18195,263, 324
18196,170, 339
18197,93, 334
18198,74, 278
18199,106, 196
18200,200, 131
18201,300, 72
18202,334, 39
18203,329, 0
18204,308, 0
18205,220, 0
18206,37, 0
18207,122, 0
18208,233, 0
18209,188, 0
18210,83, 0
18211,9, 0
18212,0, 0
18213,25, 0
18214,139, 0
18215,259, 0
18216,354, 0
18217,344, 0
18218,278, 0
18219,149, 0
18220,45, 12
18221,29, 0
18222,74, 0
18223,84, 0
18224,15, 0
18225,26, 0
18226,87, 0
18227,65, 0
18228,53, 0
18229,7, 78
18230,0, 176
18231,54, 155
18232,102, 93
18233,127, 0
18234,138, 0
18235,123, 0
18236,53, 0
18237,5, 0
18238,0, 0
18239,3, 0
18240,31, 0
18241,45, 0
18242,22, 0
18243,12, 0
18244,18, 0
18245,27, 0
18246,23, 0
18247,90, 0
18248,226, 0
18249,338, 0
18250,398, 0
18251,418, 0
18252,393, 0
18253,348, 0
18254,287, 0
18255,186, 0
18256,48, 0
18257,0, 1
18258,3, 0
18259,70, 0
18260,134, 0
18261,131, 0
18262,88, 0
18263,64, 0
18264,126, 0
18265,202, 0
18266,308, 0
18267,384, 11
18268,403, 70
18269,318, 121
18270,203, 6
18271,130, 0
18272,89, 0
18273,25, 0
18274,0, 0
18275,0, 0
18276,0, 0
18277,37, 0
18278,140, 0
18279,212, 0
18280,222, 0
18281,204, 0
18282,189, 0
18283,183, 0
18284,152, 0
18285,112, 0
18286,76, 0
18287,17, 0
18288,0, 0
18289,1, 0
18290,0, 84
18291,2, 6
18292,19, 9
18293,70, 0
18294,124, 0
18295,152, 0
18296,144, 0
18297,116, 0
18298,101, 0
18299,80, 0
18300,36, 0
18301,0, 0
18302,0, 0
18303,0, 0
18304,5, 159
18305,50, 214
18306,89, 290
18307,133, 258
18308,181, 106
18309,223, 0
18310,226, 0
18311,165, 0
18312,102, 0
18313,106, 0
18314,149, 0
18315,164, 0
18316,151, 0
18317,133, 0
18318,152, 0
18319,175, 26
18320,200, 54
18321,193, 61
18322,145, 136
18323,87, 102
18324,56, 10
18325,99, 0
18326,139, 0
18327,152, 0
18328,164, 0
18329,159, 0
18330,144, 0
18331,159, 0
18332,201, 0
18333,266, 0
18334,323, 0
18335,323, 0
18336,224, 0
18337,85, 0
18338,0, 0
18339,0, 0
18340,12, 0
18341,52, 0
18342,8, 0
18343,15, 0
18344,56, 0
18345,47, 0
18346,1, 0
18347,31, 0
18348,123, 0
18349,179, 0
18350,175, 0
18351,128, 52
18352,115, 141
18353,75, 53
18354,59, 9
18355,74, 0
18356,112, 0
18357,124, 0
18358,112, 0
18359,74, 0
18360,17, 0
18361,0, 1
18362,0, 0
18363,55, 0
18364,183, 0
18365,289, 0
18366,319, 0
18367,280, 0
18368,215, 0
18369,156, 0
18370,115, 0
18371,103, 0
18372,101, 0
18373,106, 0
18374,102, 0
18375,97, 0
18376,102, 0
18377,92, 0
18378,103, 0
18379,107, 0
18380,93, 0
18381,75, 57
18382,62, 19
18383,74, 25
18384,109, 30
18385,140, 13
18386,175, 0
18387,190, 0
18388,170, 0
18389,138, 0
18390,141, 0
18391,171, 0
18392,227, 0
18393,234, 0
18394,260, 0
18395,257, 0
18396,244, 0
18397,233, 0
18398,202, 0
18399,130, 0
18400,19, 0
18401,13, 0
18402,41, 0
18403,0, 0
18404,25, 0
18405,161, 0
18406,301, 0
18407,364, 0
18408,330, 0
18409,219, 0
18410,87, 0
18411,21, 0
18412,0, 0
18413,3, 0
18414,0, 0
18415,0, 0
18416,0, 0
18417,0, 0
18418,0, 0
18419,3, 0
18420,64, 0
18421,139, 0
18422,189, 0
18423,200, 0
18424,191, 0
18425,173, 0
18426,155, 0
18427,139, 0
18428,119, 0
18429,134, 0
18430,138, 0
18431,149, 0
18432,145, 0
18433,139, 0
18434,124, 0
18435,112, 0
18436,109, 0
18437,121, 0
18438,131, 0
18439,151, 0
18440,154, 0
18441,136, 19
18442,100, 181
18443,52, 139
18444,8, 259
18445,6, 249
18446,34, 68
18447,93, 0
18448,139, 0
18449,180, 0
18450,214, 0
18451,244, 0
18452,251, 0
18453,221, 0
18454,139, 0
18455,60, 0
18456,28, 0
18457,43, 0
18458,103, 0
18459,140, 0
18460,139, 0
18461,110, 0
18462,83, 0
18463,110, 0
18464,123, 0
18465,141, 0
18466,141, 0
18467,131, 0
18468,135, 0
18469,123, 0
18470,149, 0
18471,189, 0
18472,224, 0
18473,218, 0
18474,210, 0
18475,156, 0
18476,120, 0
18477,116, 0
18478,132, 0
18479,141, 0
18480,117, 0
18481,56, 0
18482,6, 0
18483,0, 19
18484,0, 108
18485,3, 133
18486,35, 260
18487,108, 161
18488,180, 12
18489,257, 0
18490,300, 0
18491,285, 0
18492,221, 0
18493,148, 0
18494,38, 0
18495,0, 0
18496,0, 0
18497,12, 0
18498,58, 0
18499,139, 0
18500,149, 0
18501,138, 0
18502,72, 51
18503,19, 72
18504,1, 108
18505,1, 151
18506,3, 0
18507,42, 0
18508,78, 0
18509,107, 0
18510,130, 0
18511,148, 0
18512,161, 0
18513,200, 0
18514,257, 0
18515,294, 0
18516,338, 52
18517,337, 102
18518,324, 46
18519,273, 0
18520,231, 0
18521,175, 0
18522,94, 0
18523,3, 0
18524,48, 0
18525,95, 0
18526,71, 0
18527,6, 0
18528,9, 0
18529,76, 0
18530,111, 0
18531,121, 130
18532,85, 167
18533,25, 137
18534,4, 127
18535,21, 70
18536,80, 41
18537,154, 0
18538,212, 0
18539,202, 0
18540,111, 0
18541,6, 0
18542,44, 0
18543,76, 0
18544,5, 0
18545,115, 0
18546,260, 0
18547,326, 0
18548,324, 0
18549,245, 0
18550,131, 0
18551,56, 0
18552,19, 0
18553,29, 0
18554,102, 0
18555,183, 0
18556,224, 0
18557,224, 0
18558,177, 0
18559,136, 0
18560,103, 0
18561,89, 0
18562,90, 0
18563,86, 57
18564,88, 63
18565,94, 85
18566,111, 76
18567,125, 34
18568,127, 0
18569,124, 0
18570,139, 0
18571,139, 0
18572,143, 0
18573,140, 0
18574,127, 0
18575,105, 0
18576,119, 0
18577,152, 0
18578,208, 0
18579,232, 0
18580,251, 0
18581,268, 0
18582,271, 0
18583,278, 0
18584,263, 0
18585,241, 0
18586,214, 0
18587,175, 0
18588,158, 0
18589,133, 0
18590,121, 0
18591,68, 7
18592,10, 0
18593,3, 0
18594,0, 0
18595,0, 0
18596,0, 0
18597,24, 0
18598,35, 0
18599,70, 0
18600,79, 0
18601,68, 0
18602,55, 0
18603,42, 0
18604,57, 0
18605,68, 0
18606,87, 0
18607,103, 0
18608,123, 0
18609,142, 0
18610,149, 0
18611,139, 0
18612,118, 0
18613,100, 0
18614,102, 0
18615,133, 0
18616,149, 0
18617,137, 0
18618,135, 0
18619,126, 0
18620,119, 0
18621,88, 0
18622,55, 0
18623,40, 0
18624,31, 0
18625,29, 25
18626,19, 0
18627,31, 25
18628,44, 0
18629,64, 0
18630,115, 0
18631,142, 0
18632,160, 0
18633,166, 0
18634,159, 0
18635,166, 0
18636,170, 0
18637,164, 0
18638,151, 0
18639,148, 0
18640,139, 0
18641,117, 0
18642,115, 0
18643,123, 0
18644,123, 0
18645,128, 0
18646,121, 0
18647,118, 0
18648,123, 5
18649,122, 0
18650,135, 166
18651,138, 328
18652,127, 224
18653,119, 252
18654,107, 57
18655,86, 2
18656,76, 0
18657,71, 0
18658,63, 0
18659,79, 0
18660,93, 0
18661,116, 0
18662,121, 0
18663,118, 0
18664,110, 0
18665,106, 0
18666,103, 0
18667,103, 0
18668,100, 0
18669,91, 0
18670,93, 0
18671,92, 0
18672,97, 0
18673,99, 0
18674,104, 0
18675,111, 0
18676,111, 0
18677,122, 0
18678,127, 0
18679,136, 0
18680,134, 0
18681,136, 0
18682,139, 0
18683,134, 0
18684,127, 0
18685,115, 0
18686,89, 0
18687,93, 0
18688,91, 0
18689,79, 0
18690,104, 0
18691,139, 0
18692,145, 8
18693,157, 0
18694,158, 0
18695,159, 0
18696,153, 0
18697,139, 0
18698,152, 0
18699,144, 0
18700,145, 0
18701,144, 0
18702,148, 0
18703,168, 0
18704,183, 0
18705,195, 0
18706,207, 0
18707,191, 0
18708,166, 0
18709,102, 0
18710,59, 0
18711,57, 0
18712,76, 0
18713,95, 0
18714,92, 0
18715,65, 0
18716,21, 0
18717,3, 0
18718,25, 0
18719,68, 0
18720,96, 0
18721,113, 0
18722,111, 0
18723,91, 11
18724,89, 340
18725,96, 349
18726,115, 206
18727,153, 204
18728,154, 51
18729,161, 0
18730,164, 0
18731,134, 0
18732,63, 0
18733,7, 0
18734,0, 0
18735,19, 0
18736,61, 0
18737,94, 0
18738,102, 0
18739,95, 0
18740,79, 0
18741,80, 0
18742,53, 0
18743,57, 0
18744,87, 0
18745,139, 0
18746,158, 41
18747,137, 118
18748,90, 85
18749,63, 39
18750,35, 5
18751,58, 0
18752,88, 0
18753,112, 0
18754,126, 0
18755,149, 0
18756,128, 0
18757,131, 0
18758,133, 0
18759,133, 0
18760,139, 0
18761,150, 0
18762,142, 0
18763,138, 0
18764,134, 0
18765,127, 0
18766,127, 0
18767,125, 0
18768,122, 0
18769,121, 0
18770,128, 0
18771,155, 0
18772,137, 0
18773,137, 0
18774,130, 0
18775,120, 0
18776,88, 0
18777,51, 0
18778,20, 12
18779,26, 51
18780,46, 12
18781,89, 0
18782,127, 0
18783,141, 0
18784,147, 0
18785,142, 0
18786,147, 0
18787,145, 0
18788,169, 0
18789,159, 0
18790,164, 0
18791,151, 0
18792,125, 0
18793,87, 0
18794,69, 0
18795,76, 0
18796,101, 0
18797,119, 0
18798,123, 0
18799,123, 0
18800,105, 0
18801,91, 0
18802,77, 0
18803,77, 0
18804,84, 0
18805,92, 40
18806,118, 73
18807,127, 236
18808,124, 282
18809,122, 218
18810,121, 110
18811,108, 12
18812,103, 0
18813,89, 0
18814,70, 0
18815,63, 0
18816,84, 0
18817,111, 0
18818,151, 0
18819,141, 0
18820,119, 0
18821,105, 0
18822,121, 0
18823,157, 0
18824,202, 0
18825,230, 0
18826,224, 2
18827,195, 0
18828,159, 0
18829,109, 0
18830,79, 0
18831,44, 0
18832,74, 0
18833,115, 0
18834,172, 0
18835,184, 0
18836,130, 0
18837,39, 0
18838,0, 0
18839,0, 0
18840,1, 0
18841,24, 0
18842,120, 0
18843,203, 0
18844,223, 0
18845,206, 0
18846,191, 0
18847,176, 0
18848,148, 0
18849,132, 0
18850,103, 0
18851,78, 0
18852,69, 0
18853,77, 0
18854,89, 0
18855,93, 0
18856,85, 0
18857,78, 0
18858,76, 0
18859,93, 0
18860,130, 0
18861,156, 0
18862,181, 0
18863,196, 0
18864,205, 0
18865,168, 0
18866,105, 1
18867,42, 67
18868,8, 190
18869,12, 374
18870,27, 306
18871,22, 153
18872,58, 81
18873,113, 0
18874,154, 0
18875,175, 0
18876,189, 0
18877,173, 0
18878,135, 0
18879,96, 0
18880,80, 0
18881,76, 0
18882,70, 0
18883,87, 0
18884,102, 0
18885,151, 0
18886,148, 0
18887,151, 0
18888,140, 0
18889,130, 0
18890,122, 0
18891,108, 0
18892,110, 3
18893,107, 0
18894,112, 0
18895,121, 11
18896,115, 60
18897,122, 157
18898,104, 47
18899,86, 84
18900,68, 31
18901,51, 125
18902,62, 147
18903,70, 0
18904,92, 0
18905,109, 0
18906,118, 0
18907,121, 0
18908,120, 0
18909,121, 0
18910,115, 0
18911,119, 0
18912,116, 0
18913,130, 0
18914,116, 0
18915,108, 0
18916,112, 0
18917,108, 0
18918,102, 0
18919,105, 0
18920,102, 0
18921,97, 0
18922,96, 0
18923,96, 0
18924,95, 0
18925,96, 0
18926,104, 0
18927,109, 0
18928,102, 0
18929,84, 0
18930,73, 92
18931,63, 39
18932,65, 96
18933,78, 27
18934,108, 0
18935,139, 0
18936,135, 0
18937,144, 0
18938,131, 0
18939,139, 0
18940,139, 0
18941,140, 0
18942,135, 0
18943,138, 0
18944,140, 0
18945,142, 0
18946,150, 0
18947,138, 0
18948,138, 0
18949,137, 167
18950,150, 97
18951,145, 144
18952,137, 232
18953,124, 17
18954,116, 0
18955,104, 0
18956,103, 0
18957,115, 0
18958,113, 0
18959,107, 0
18960,76, 0
18961,56, 0
18962,44, 0
18963,52, 0
18964,64, 0
18965,90, 0
18966,121, 0
18967,115, 0
18968,121, 0
18969,119, 0
18970,110, 0
18971,105, 0
18972,100, 0
18973,104, 20
18974,102, 15
18975,102, 0
18976,106, 0
18977,112, 0
18978,119, 0
18979,125, 0
18980,109, 0
18981,113, 0
18982,112, 0
18983,105, 0
18984,108, 0
18985,102, 0
18986,95, 0
18987,92, 0
18988,95, 0
18989,104, 0
18990,64, 0
18991,50, 0
18992,48, 0
18993,60, 0
18994,70, 0
18995,103, 0
18996,139, 0
18997,137, 0
18998,143, 0
18999,137, 0
19000,137, 0
19001,126, 0
19002,127, 46
19003,123, 292
19004,137, 548
19005,137, 398
19006,132, 254
19007,135, 205
19008,132, 192
19009,129, 11
19010,127, 0
19011,124, 0
19012,134, 0
19013,150, 0
19014,131, 0
19015,130, 0
19016,131, 0
19017,127, 0
19018,123, 0
19019,117, 0
19020,92, 0
19021,63, 0
19022,58, 109
19023,57, 171
19024,35, 28
19025,51, 0
19026,76, 0
19027,92, 0
19028,108, 0
19029,112, 0
19030,108, 0
19031,109, 0
19032,102, 0
19033,108, 0
19034,107, 0
19035,99, 0
19036,110, 0
19037,108, 0
19038,112, 0
19039,108, 0
19040,108, 0
19041,96, 0
19042,108, 0
19043,110, 0
19044,111, 0
19045,111, 0
19046,109, 0
19047,121, 1
19048,121, 172
19049,119, 152
19050,121, 117
19051,83, 216
19052,78, 176
19053,69, 48
19054,68, 127
19055,73, 128
19056,102, 0
19057,124, 0
19058,137, 0
19059,140, 0
19060,141, 0
19061,136, 0
19062,139, 0
19063,127, 0
19064,122, 0
19065,116, 0
19066,110, 0
19067,121, 0
19068,127, 0
19069,133, 0
19070,131, 0
19071,128, 0
19072,126, 0
19073,119, 0
19074,121, 0
19075,124, 0
19076,120, 0
19077,121, 0
19078,119, 0
19079,113, 1
19080,109, 72
19081,88, 122
19082,67, 139
19083,71, 170
19084,63, 105
19085,56, 19
19086,96, 0
19087,102, 0
19088,107, 0
19089,107, 0
19090,103, 0
19091,94, 0
19092,91, 0
19093,92, 0
19094,105, 0
19095,123, 0
19096,127, 0
19097,141, 0
19098,151, 0
19099,163, 0
19100,156, 0
19101,121, 0
19102,76, 0
19103,45, 0
19104,42, 0
19105,57, 0
19106,63, 0
19107,67, 0
19108,75, 0
19109,83, 0
19110,89, 0
19111,101, 0
19112,87, 71
19113,84, 151
19114,75, 60
19115,63, 171
19116,65, 186
19117,85, 0
19118,117, 0
19119,137, 1
19120,154, 172
19121,159, 195
19122,167, 206
19123,169, 242
19124,164, 149
19125,170, 7
19126,147, 0
19127,136, 0
19128,139, 0
19129,148, 3
19130,148, 0
19131,145, 0
19132,140, 0
19133,133, 0
19134,124, 0
19135,134, 0
19136,133, 0
19137,129, 0
19138,132, 0
19139,141, 0
19140,138, 0
19141,143, 0
19142,121, 0
19143,106, 0
19144,93, 0
19145,88, 0
19146,45, 0
19147,31, 0
19148,37, 0
19149,63, 0
19150,92, 0
19151,122, 0
19152,134, 0
19153,138, 0
19154,133, 0
19155,133, 0
19156,133, 0
19157,121, 0
19158,121, 0
19159,113, 0
19160,102, 0
19161,102, 0
19162,109, 10
19163,117, 0
19164,119, 0
19165,127, 0
19166,115, 0
19167,115, 0
19168,109, 0
19169,112, 0
19170,101, 0
19171,101, 0
19172,94, 5
19173,92, 234
19174,60, 244
19175,55, 203
19176,68, 24
19177,76, 0
19178,103, 0
19179,127, 0
19180,137, 0
19181,137, 0
19182,130, 0
19183,141, 0
19184,126, 0
19185,143, 0
19186,133, 0
19187,133, 0
19188,139, 0
19189,133, 0
19190,136, 0
19191,134, 0
19192,127, 0
19193,131, 0
19194,127, 0
19195,119, 0
19196,108, 0
19197,97, 0
19198,94, 0
19199,97, 0
19200,121, 0
19201,151, 0
19202,163, 0
19203,133, 0
19204,89, 0
19205,57, 1
19206,52, 0
19207,51, 0
19208,68, 0
19209,89, 0
19210,101, 0
19211,100, 0
19212,95, 0
19213,70, 0
19214,26, 0
19215,22, 0
19216,23, 0
19217,63, 0
19218,127, 0
19219,181, 0
19220,188, 0
19221,189, 0
19222,170, 0
19223,145, 0
19224,117, 0
19225,99, 0
19226,76, 0
19227,55, 0
19228,60, 0
19229,87, 0
19230,113, 0
19231,144, 0
19232,159, 0
19233,167, 0
19234,151, 108
19235,129, 94
19236,95, 222
19237,84, 338
19238,72, 389
19239,51, 344
19240,32, 202
19241,29, 86
19242,38, 5
19243,79, 0
19244,130, 0
19245,147, 0
19246,135, 0
19247,133, 0
19248,130, 0
19249,129, 0
19250,140, 0
19251,143, 0
19252,142, 0
19253,145, 0
19254,144, 0
19255,136, 0
19256,132, 0
19257,126, 0
19258,123, 0
19259,117, 0
19260,118, 0
19261,124, 0
19262,109, 0
19263,104, 0
19264,85, 0
19265,64, 145
19266,52, 83
19267,54, 43
19268,46, 13
19269,63, 0
19270,76, 0
19271,102, 0
19272,107, 0
19273,109, 0
19274,115, 0
19275,108, 0
19276,105, 0
19277,106, 0
19278,121, 0
19279,132, 0
19280,139, 0
19281,128, 0
19282,126, 0
19283,134, 0
19284,119, 0
19285,105, 0
19286,94, 0
19287,70, 0
19288,70, 0
19289,58, 0
19290,69, 0
19291,96, 0
19292,100, 72
19293,108, 54
19294,111, 222
19295,91, 354
19296,75, 280
19297,50, 164
19298,56, 179
19299,73, 99
19300,99, 0
19301,120, 0
19302,129, 0
19303,135, 0
19304,137, 0
19305,135, 0
19306,137, 0
19307,128, 0
19308,133, 0
19309,132, 0
19310,137, 0
19311,133, 0
19312,131, 0
19313,127, 0
19314,129, 0
19315,131, 0
19316,136, 0
19317,137, 0
19318,133, 0
19319,134, 0
19320,132, 0
19321,130, 0
19322,121, 0
19323,115, 0
19324,113, 0
19325,93, 0
19326,72, 6
19327,64, 3
19328,61, 0
19329,58, 56
19330,78, 3
19331,95, 0
19332,127, 0
19333,124, 0
19334,126, 0
19335,119, 0
19336,113, 0
19337,117, 0
19338,110, 0
19339,111, 0
19340,107, 0
19341,109, 0
19342,109, 0
19343,107, 0
19344,106, 0
19345,111, 0
19346,100, 0
19347,105, 0
19348,107, 0
19349,109, 0
19350,115, 0
19351,109, 0
19352,109, 0
19353,115, 0
19354,118, 0
19355,105, 0
19356,90, 169
19357,70, 83
19358,57, 60
19359,68, 36
19360,78, 51
19361,103, 0
19362,122, 0
19363,140, 0
19364,139, 0
19365,142, 0
19366,143, 0
19367,134, 0
19368,134, 6
19369,133, 0
19370,127, 0
19371,128, 0
19372,113, 0
19373,124, 0
19374,130, 0
19375,121, 0
19376,128, 0
19377,126, 0
19378,121, 0
19379,121, 0
19380,118, 0
19381,107, 0
19382,103, 0
19383,102, 0
19384,108, 0
19385,90, 0
19386,75, 0
19387,52, 0
19388,50, 0
19389,53, 0
19390,85, 0
19391,89, 0
19392,113, 0
19393,133, 0
19394,130, 0
19395,132, 0
19396,123, 0
19397,116, 0
19398,113, 0
19399,109, 0
19400,107, 0
19401,109, 0
19402,107, 0
19403,107, 0
19404,107, 0
19405,105, 0
19406,104, 0
19407,103, 0
19408,100, 0
19409,104, 0
19410,102, 0
19411,92, 0
19412,102, 0
19413,102, 0
19414,104, 0
19415,113, 40
19416,111, 242
19417,99, 340
19418,68, 457
19419,68, 389
19420,79, 510
19421,71, 215
19422,102, 5
19423,116, 0
19424,126, 0
19425,129, 0
19426,135, 0
19427,133, 0
19428,127, 0
19429,124, 0
19430,118, 0
19431,128, 0
19432,131, 0
19433,133, 0
19434,133, 0
19435,133, 0
19436,134, 0
19437,131, 0
19438,126, 0
19439,125, 0
19440,120, 0
19441,132, 0
19442,115, 0
19443,111, 0
19444,117, 0
19445,108, 0
19446,104, 0
19447,88, 0
19448,71, 0
19449,58, 0
19450,60, 0
19451,65, 0
19452,91, 0
19453,112, 0
19454,129, 0
19455,133, 0
19456,134, 0
19457,124, 0
19458,128, 0
19459,126, 0
19460,127, 0
19461,122, 0
19462,110, 0
19463,111, 0
19464,112, 0
19465,111, 0
19466,109, 0
19467,120, 0
19468,122, 0
19469,108, 0
19470,109, 0
19471,112, 0
19472,113, 0
19473,109, 0
19474,117, 0
19475,115, 0
19476,117, 0
19477,103, 4
19478,83, 111
19479,70, 51
19480,60, 14
19481,64, 108
19482,77, 0
19483,102, 0
19484,144, 0
19485,132, 0
19486,135, 0
19487,137, 0
19488,128, 0
19489,133, 0
19490,127, 0
19491,130, 0
19492,128, 0
19493,125, 0
19494,123, 0
19495,118, 0
19496,127, 0
19497,123, 0
19498,126, 0
19499,120, 0
19500,109, 0
19501,103, 0
19502,105, 0
19503,107, 0
19504,112, 0
19505,108, 0
19506,108, 0
19507,102, 0
19508,88, 0
19509,69, 0
19510,63, 0
19511,59, 0
19512,76, 0
19513,95, 0
19514,109, 0
19515,125, 0
19516,121, 0
19517,121, 0
19518,110, 0
19519,113, 57
19520,113, 169
19521,117, 317
19522,118, 326
19523,115, 275
19524,111, 97
19525,96, 9
19526,81, 0
19527,88, 0
19528,86, 0
19529,96, 0
19530,106, 0
19531,116, 0
19532,120, 0
19533,126, 0
19534,121, 0
19535,115, 0
19536,108, 0
19537,117, 0
19538,104, 25
19539,90, 355
19540,92, 237
19541,64, 306
19542,89, 172
19543,85, 0
19544,110, 0
19545,123, 0
19546,134, 0
19547,135, 0
19548,141, 0
19549,142, 0
19550,149, 0
19551,157, 0
19552,183, 0
19553,173, 0
19554,145, 0
19555,125, 0
19556,91, 0
19557,58, 0
19558,61, 0
19559,76, 0
19560,97, 0
19561,119, 0
19562,113, 0
19563,127, 0
19564,144, 0
19565,118, 0
19566,108, 0
19567,115, 0
19568,99, 0
19569,83, 0
19570,70, 0
19571,72, 0
19572,70, 0
19573,76, 0
19574,97, 0
19575,112, 0
19576,130, 0
19577,119, 0
19578,118, 0
19579,118, 0
19580,108, 0
19581,110, 0
19582,111, 0
19583,99, 2
19584,101, 0
19585,104, 0
19586,109, 0
19587,99, 0
19588,105, 0
19589,99, 0
19590,95, 0
19591,99, 0
19592,102, 0
19593,113, 0
19594,121, 0
19595,125, 0
19596,136, 0
19597,147, 0
19598,148, 0
19599,134, 0
19600,91, 90
19601,81, 142
19602,69, 102
19603,83, 7
19604,102, 9
19605,143, 0
19606,174, 0
19607,196, 0
19608,196, 0
19609,195, 0
19610,182, 0
19611,168, 0
19612,159, 0
19613,132, 0
19614,91, 4
19615,45, 0
19616,25, 0
19617,31, 0
19618,56, 0
19619,75, 0
19620,76, 0
19621,79, 0
19622,89, 0
19623,108, 0
19624,121, 0
19625,122, 0
19626,122, 0
19627,107, 0
19628,133, 0
19629,102, 0
19630,76, 0
19631,56, 0
19632,57, 0
19633,63, 0
19634,69, 0
19635,108, 0
19636,132, 0
19637,131, 0
19638,140, 0
19639,138, 0
19640,133, 0
19641,118, 0
19642,105, 0
19643,105, 0
19644,102, 0
19645,101, 0
19646,108, 0
19647,104, 0
19648,104, 0
19649,96, 0
19650,101, 0
19651,101, 0
19652,95, 0
19653,92, 0
19654,95, 0
19655,101, 0
19656,103, 0
19657,107, 0
19658,104, 0
19659,108, 0
19660,92, 0
19661,75, 72
19662,63, 124
19663,75, 196
19664,78, 253
19665,90, 70
19666,112, 29
19667,130, 2
19668,137, 0
19669,161, 0
19670,143, 0
19671,147, 0
19672,141, 0
19673,153, 0
19674,154, 0
19675,161, 0
19676,166, 0
19677,167, 0
19678,166, 0
19679,157, 0
19680,154, 0
19681,139, 0
19682,108, 0
19683,79, 0
19684,57, 0
19685,63, 0
19686,79, 0
19687,97, 0
19688,108, 0
19689,110, 0
19690,115, 0
19691,97, 0
19692,86, 0
19693,71, 0
19694,63, 92
19695,75, 41
19696,93, 0
19697,107, 0
19698,116, 4
19699,112, 0
19700,108, 0
19701,100, 0
19702,102, 31
19703,97, 108
19704,99, 35
19705,93, 6
19706,102, 0
19707,110, 0
19708,105, 0
19709,115, 0
19710,111, 0
19711,105, 0
19712,110, 0
19713,105, 0
19714,104, 0
19715,102, 0
19716,94, 0
19717,103, 0
19718,109, 0
19719,107, 0
19720,104, 0
19721,92, 0
19722,76, 38
19723,63, 108
19724,69, 100
19725,74, 141
19726,84, 0
19727,108, 0
19728,130, 0
19729,136, 0
19730,132, 0
19731,137, 0
19732,133, 0
19733,132, 0
19734,123, 0
19735,124, 0
19736,136, 0
19737,138, 0
19738,145, 0
19739,134, 0
19740,139, 0
19741,136, 0
19742,132, 0
19743,128, 0
19744,124, 0
19745,129, 0
19746,121, 0
19747,119, 0
19748,122, 0
19749,117, 0
19750,118, 0
19751,100, 0
19752,76, 0
19753,63, 0
19754,50, 0
19755,65, 0
19756,63, 0
19757,91, 0
19758,118, 0
19759,112, 0
19760,127, 0
19761,129, 0
19762,127, 0
19763,126, 0
19764,122, 0
19765,123, 0
19766,110, 0
19767,112, 0
19768,119, 0
19769,111, 0
19770,108, 0
19771,109, 0
19772,115, 0
19773,105, 0
19774,107, 0
19775,104, 0
19776,112, 0
19777,115, 0
19778,115, 0
19779,119, 0
19780,113, 0
19781,115, 0
19782,100, 0
19783,81, 185
19784,70, 106
19785,56, 57
19786,63, 51
19787,77, 0
19788,107, 0
19789,133, 0
19790,140, 0
19791,143, 0
19792,144, 0
19793,138, 0
19794,139, 0
19795,133, 0
19796,135, 0
19797,133, 0
19798,130, 0
19799,124, 0
19800,122, 0
19801,126, 0
19802,127, 0
19803,126, 0
19804,133, 0
19805,124, 0
19806,129, 0
19807,117, 0
19808,107, 0
19809,115, 60
19810,112, 35
19811,101, 338
19812,93, 140
19813,76, 138
19814,50, 93
19815,41, 151
19816,51, 158
19817,62, 163
19818,78, 0
19819,91, 0
19820,99, 0
19821,107, 0
19822,108, 0
19823,102, 0
19824,101, 0
19825,104, 0
19826,104, 0
19827,115, 0
19828,105, 0
19829,102, 0
19830,107, 0
19831,103, 0
19832,104, 0
19833,106, 0
19834,105, 0
19835,104, 0
19836,105, 0
19837,103, 0
19838,101, 0
19839,101, 0
19840,104, 0
19841,96, 0
19842,116, 37
19843,97, 76
19844,75, 217
19845,67, 75
19846,69, 287
19847,70, 122
19848,105, 12
19849,115, 4
19850,133, 0
19851,139, 0
19852,137, 0
19853,132, 0
19854,133, 0
19855,128, 0
19856,131, 0
19857,132, 0
19858,134, 0
19859,139, 0
19860,138, 0
19861,133, 0
19862,131, 0
19863,127, 0
19864,130, 0
19865,124, 0
19866,121, 0
19867,119, 0
19868,115, 0
19869,123, 0
19870,113, 0
19871,108, 0
19872,117, 0
19873,100, 0
19874,71, 0
19875,72, 0
19876,41, 0
19877,47, 0
19878,57, 0
19879,93, 0
19880,112, 0
19881,128, 0
19882,124, 0
19883,119, 0
19884,105, 0
19885,108, 0
19886,105, 0
19887,105, 0
19888,115, 0
19889,108, 0
19890,110, 0
19891,101, 0
19892,109, 0
19893,96, 0
19894,101, 0
19895,101, 0
19896,107, 0
19897,115, 0
19898,119, 0
19899,121, 0
19900,121, 0
19901,128, 0
19902,118, 17
19903,116, 21
19904,99, 61
19905,74, 219
19906,60, 184
19907,65, 300
19908,59, 121
19909,83, 35
19910,115, 0
19911,134, 0
19912,138, 0
19913,138, 0
19914,136, 0
19915,135, 0
19916,131, 0
19917,129, 0
19918,128, 0
19919,128, 0
19920,124, 0
19921,122, 0
19922,118, 0
19923,131, 0
19924,122, 0
19925,131, 0
19926,128, 0
19927,112, 0
19928,115, 0
19929,115, 0
19930,109, 0
19931,113, 0
19932,115, 0
19933,112, 0
19934,99, 0
19935,85, 0
19936,70, 0
19937,68, 0
19938,69, 0
19939,76, 0
19940,106, 0
19941,109, 0
19942,125, 0
19943,129, 0
19944,120, 0
19945,111, 0
19946,112, 0
19947,112, 0
19948,95, 0
19949,117, 0
19950,106, 0
19951,111, 0
19952,106, 0
19953,111, 0
19954,103, 0
19955,108, 0
19956,108, 0
19957,120, 0
19958,113, 0
19959,108, 0
19960,117, 0
19961,116, 0
19962,124, 0
19963,119, 0
19964,108, 0
19965,88, 0
19966,92, 201
19967,55, 126
19968,50, 44
19969,71, 182
19970,86, 0
19971,112, 0
19972,124, 0
19973,131, 0
19974,129, 0
19975,132, 0
19976,137, 0
19977,139, 0
19978,138, 0
19979,135, 0
19980,134, 0
19981,134, 0
19982,135, 0
19983,130, 0
19984,126, 0
19985,130, 0
19986,128, 0
19987,127, 0
19988,121, 0
19989,117, 0
19990,112, 0
19991,126, 0
19992,115, 0
19993,110, 0
19994,111, 0
19995,91, 0
19996,77, 0
19997,68, 0
19998,63, 0
19999,53, 0
20000,72, 0
20001,88, 0
20002,110, 0
20003,122, 0
20004,126, 0
20005,107, 0
20006,109, 0
20007,104, 0
20008,106, 0
20009,109, 0
20010,113, 0
20011,111, 0
20012,103, 0
20013,113, 0
20014,108, 0
20015,105, 0
20016,109, 0
20017,107, 0
20018,102, 0
20019,110, 0
20020,111, 0
20021,107, 0
20022,108, 0
20023,116, 0
20024,108, 0
20025,111, 18
20026,100, 17
20027,85, 88
20028,76, 78
20029,83, 14
20030,79, 0
20031,101, 0
20032,131, 0
20033,135, 0
20034,147, 0
20035,133, 0
20036,143, 0
20037,134, 0
20038,136, 0
20039,133, 0
20040,130, 0
20041,139, 0
20042,145, 0
20043,134, 0
20044,136, 0
20045,137, 0
20046,136, 0
20047,132, 0
20048,129, 0
20049,129, 0
20050,125, 0
20051,121, 0
20052,123, 0
20053,117, 0
20054,113, 0
20055,129, 0
20056,99, 0
20057,65, 0
20058,44, 0
20059,50, 24
20060,52, 0
20061,63, 0
20062,92, 0
20063,110, 0
20064,117, 0
20065,118, 0
20066,116, 0
20067,108, 0
20068,118, 0
20069,112, 0
20070,106, 0
20071,103, 0
20072,99, 0
20073,101, 0
20074,100, 0
20075,103, 0
20076,102, 0
20077,100, 0
20078,100, 0
20079,119, 0
20080,107, 0
20081,117, 0
20082,113, 0
20083,109, 0
20084,111, 0
20085,110, 0
20086,107, 0
20087,104, 0
20088,79, 173
20089,51, 67
20090,63, 138
20091,55, 75
20092,81, 0
20093,104, 0
20094,120, 0
20095,126, 0
20096,130, 0
20097,131, 0
20098,129, 0
20099,126, 0
20100,125, 0
20101,135, 0
20102,121, 0
20103,120, 0
20104,118, 0
20105,121, 0
20106,121, 0
20107,124, 0
20108,116, 0
20109,113, 0
20110,116, 0
20111,116, 4
20112,122, 0
20113,116, 0
20114,116, 0
20115,102, 0
20116,101, 0
20117,94, 0
20118,84, 0
20119,78, 0
20120,65, 0
20121,77, 0
20122,86, 0
20123,97, 0
20124,121, 0
20125,126, 0
20126,117, 0
20127,120, 0
20128,112, 0
20129,112, 0
20130,110, 0
20131,111, 0
20132,110, 0
20133,112, 0
20134,113, 0
20135,110, 0
20136,105, 0
20137,115, 0
20138,117, 0
20139,135, 0
20140,115, 0
20141,120, 0
20142,119, 0
20143,110, 0
20144,110, 0
20145,112, 0
20146,120, 0
20147,115, 53
20148,101, 101
20149,93, 142
20150,86, 143
20151,75, 51
20152,92, 37
20153,113, 0
20154,120, 0
20155,138, 0
20156,143, 0
20157,140, 0
20158,148, 0
20159,143, 0
20160,136, 0
20161,134, 0
20162,130, 0
20163,130, 0
20164,142, 0
20165,124, 0
20166,126, 0
20167,122, 0
20168,121, 0
20169,121, 0
20170,119, 0
20171,113, 0
20172,113, 7
20173,110, 0
20174,105, 0
20175,110, 0
20176,121, 0
20177,112, 0
20178,93, 0
20179,75, 13
20180,70, 83
20181,59, 0
20182,57, 0
20183,68, 0
20184,102, 0
20185,106, 0
20186,121, 0
20187,115, 0
20188,111, 0
20189,113, 0
20190,106, 0
20191,108, 0
20192,108, 0
20193,107, 0
20194,103, 0
20195,107, 0
20196,102, 0
20197,103, 0
20198,102, 0
20199,102, 0
20200,102, 0
20201,95, 0
20202,96, 0
20203,109, 0
20204,103, 0
20205,91, 0
20206,111, 0
20207,110, 0
20208,108, 0
20209,88, 0
20210,69, 0
20211,61, 0
20212,59, 0
20213,59, 0
20214,87, 0
20215,127, 0
20216,145, 0
20217,155, 0
20218,152, 168
20219,157, 102
20220,145, 90
20221,141, 0
20222,138, 0
20223,128, 0
20224,127, 0
20225,127, 0
20226,121, 0
20227,115, 0
20228,119, 0
20229,121, 0
20230,120, 0
20231,116, 0
20232,115, 0
20233,113, 8
20234,113, 0
20235,106, 0
20236,102, 0
20237,102, 0
20238,95, 0
20239,81, 2
20240,62, 85
20241,50, 0
20242,44, 154
20243,45, 2
20244,71, 0
20245,76, 0
20246,103, 0
20247,111, 0
20248,106, 0
20249,111, 0
20250,108, 0
20251,111, 0
20252,103, 0
20253,104, 0
20254,108, 0
20255,108, 0
20256,111, 0
20257,111, 0
20258,109, 0
20259,113, 0
20260,116, 0
20261,119, 0
20262,122, 0
20263,127, 0
20264,120, 0
20265,131, 0
20266,129, 0
20267,124, 0
20268,121, 0
20269,130, 0
20270,96, 14
20271,83, 193
20272,70, 51
20273,70, 87
20274,86, 145
20275,104, 0
20276,136, 0
20277,141, 0
20278,145, 0
20279,144, 0
20280,144, 0
20281,140, 0
20282,139, 0
20283,133, 0
20284,127, 0
20285,126, 0
20286,112, 0
20287,120, 0
20288,127, 0
20289,131, 0
20290,127, 0
20291,128, 0
20292,126, 0
20293,121, 0
20294,124, 0
20295,117, 0
20296,117, 0
20297,106, 0
20298,111, 0
20299,127, 0
20300,87, 0
20301,61, 0
20302,43, 0
20303,38, 0
20304,45, 0
20305,64, 0
20306,95, 0
20307,131, 0
20308,115, 0
20309,111, 0
20310,109, 0
20311,122, 0
20312,103, 0
20313,102, 0
20314,113, 0
20315,107, 0
20316,104, 0
20317,97, 0
20318,94, 0
20319,104, 0
20320,104, 0
20321,103, 0
20322,107, 0
20323,102, 0
20324,99, 0
20325,96, 0
20326,100, 0
20327,100, 0
20328,108, 0
20329,106, 0
20330,95, 0
20331,77, 1
20332,72, 86
20333,57, 59
20334,64, 86
20335,70, 110
20336,93, 0
20337,116, 0
20338,131, 0
20339,137, 0
20340,134, 0
20341,138, 0
20342,134, 0
20343,131, 0
20344,136, 0
20345,133, 0
20346,135, 0
20347,129, 0
20348,126, 0
20349,127, 0
20350,128, 0
20351,127, 0
20352,127, 0
20353,126, 0
20354,122, 0
20355,122, 6
20356,123, 0
20357,120, 0
20358,117, 0
20359,112, 0
20360,110, 0
20361,83, 0
20362,58, 0
20363,39, 0
20364,38, 0
20365,43, 6
20366,64, 0
20367,83, 0
20368,95, 0
20369,109, 0
20370,112, 0
20371,108, 0
20372,108, 0
20373,107, 0
20374,104, 0
20375,100, 0
20376,104, 0
20377,92, 0
20378,102, 0
20379,122, 0
20380,102, 0
20381,102, 0
20382,103, 0
20383,105, 0
20384,113, 0
20385,117, 0
20386,121, 0
20387,115, 0
20388,109, 0
20389,113, 4
20390,117, 0
20391,101, 0
20392,85, 57
20393,73, 38
20394,72, 188
20395,71, 53
20396,73, 70
20397,96, 0
20398,129, 0
20399,133, 0
20400,143, 0
20401,134, 0
20402,139, 0
20403,133, 0
20404,133, 0
20405,136, 0
20406,135, 0
20407,124, 0
20408,127, 0
20409,122, 0
20410,121, 0
20411,124, 0
20412,122, 0
20413,118, 0
20414,108, 0
20415,123, 0
20416,121, 0
20417,121, 0
20418,121, 0
20419,120, 0
20420,121, 0
20421,111, 0
20422,95, 0
20423,74, 0
20424,60, 0
20425,55, 1
20426,63, 31
20427,85, 0
20428,107, 0
20429,118, 0
20430,122, 0
20431,117, 0
20432,121, 0
20433,132, 0
20434,112, 0
20435,108, 0
20436,108, 0
20437,110, 0
20438,106, 0
20439,105, 0
20440,96, 0
20441,113, 0
20442,108, 0
20443,107, 0
20444,110, 0
20445,113, 0
20446,118, 0
20447,110, 0
20448,116, 0
20449,108, 0
20450,126, 0
20451,121, 0
20452,108, 0
20453,93, 78
20454,83, 153
20455,63, 160
20456,65, 15
20457,71, 0
20458,94, 0
20459,125, 0
20460,134, 0
20461,136, 0
20462,138, 0
20463,139, 0
20464,137, 0
20465,140, 0
20466,131, 0
20467,131, 0
20468,135, 0
20469,129, 0
20470,133, 0
20471,144, 0
20472,127, 0
20473,126, 0
20474,119, 0
20475,119, 0
20476,116, 0
20477,116, 0
20478,116, 0
20479,117, 0
20480,108, 0
20481,107, 0
20482,102, 0
20483,77, 0
20484,61, 0
20485,46, 0
20486,38, 0
20487,42, 0
20488,67, 0
20489,97, 0
20490,109, 0
20491,117, 0
20492,112, 0
20493,107, 0
20494,110, 0
20495,108, 0
20496,126, 0
20497,99, 0
20498,104, 0
20499,96, 0
20500,100, 0
20501,91, 0
20502,101, 0
20503,102, 0
20504,107, 0
20505,102, 0
20506,112, 0
20507,110, 0
20508,105, 0
20509,105, 0
20510,111, 0
20511,102, 0
20512,115, 0
20513,107, 0
20514,93, 236
20515,57, 181
20516,52, 125
20517,60, 168
20518,59, 3
20519,92, 0
20520,127, 0
20521,127, 0
20522,133, 0
20523,133, 0
20524,130, 0
20525,133, 0
20526,138, 0
20527,132, 0
20528,151, 0
20529,128, 0
20530,129, 0
20531,128, 0
20532,133, 0
20533,131, 0
20534,125, 0
20535,122, 0
20536,124, 0
20537,116, 0
20538,103, 0
20539,116, 0
20540,115, 0
20541,108, 0
20542,102, 0
20543,92, 0
20544,79, 0
20545,45, 0
20546,51, 42
20547,58, 88
20548,58, 35
20549,83, 0
20550,102, 0
20551,124, 0
20552,120, 0
20553,113, 0
20554,103, 0
20555,111, 0
20556,107, 0
20557,124, 0
20558,102, 0
20559,107, 0
20560,107, 0
20561,106, 0
20562,99, 0
20563,106, 0
20564,104, 0
20565,106, 0
20566,95, 0
20567,105, 0
20568,106, 0
20569,103, 0
20570,100, 0
20571,108, 0
20572,117, 0
20573,127, 0
20574,107, 0
20575,85, 219
20576,64, 44
20577,61, 155
20578,62, 12
20579,71, 0
20580,102, 0
20581,128, 0
20582,133, 0
20583,134, 0
20584,139, 0
20585,129, 0
20586,133, 0
20587,126, 0
20588,119, 0
20589,124, 0
20590,127, 0
20591,122, 0
20592,120, 0
20593,121, 0
20594,119, 0
20595,124, 0
20596,123, 0
20597,122, 0
20598,117, 0
20599,118, 0
20600,110, 0
20601,104, 0
20602,110, 0
20603,96, 0
20604,95, 0
20605,80, 0
20606,56, 0
20607,44, 14
20608,47, 25
20609,48, 0
20610,81, 0
20611,96, 0
20612,116, 0
20613,119, 0
20614,121, 0
20615,115, 0
20616,102, 0
20617,106, 0
20618,108, 0
20619,101, 0
20620,102, 0
20621,100, 0
20622,96, 0
20623,102, 0
20624,94, 0
20625,100, 0
20626,96, 0
20627,107, 0
20628,105, 0
20629,101, 0
20630,109, 0
20631,108, 0
20632,105, 0
20633,110, 0
20634,116, 0
20635,99, 8
20636,83, 191
20637,64, 117
20638,61, 174
20639,77, 145
20640,81, 64
20641,97, 0
20642,124, 0
20643,128, 0
20644,137, 0
20645,136, 0
20646,137, 0
20647,132, 0
20648,127, 0
20649,124, 0
20650,127, 0
20651,123, 0
20652,118, 0
20653,120, 0
20654,118, 0
20655,115, 0
20656,115, 0
20657,108, 0
20658,108, 0
20659,115, 0
20660,110, 0
20661,107, 0
20662,104, 0
20663,100, 0
20664,102, 0
20665,92, 0
20666,68, 0
20667,47, 0
20668,44, 0
20669,46, 0
20670,51, 0
20671,73, 0
20672,97, 0
20673,111, 0
20674,115, 0
20675,116, 0
20676,110, 0
20677,115, 0
20678,115, 0
20679,110, 0
20680,101, 0
20681,103, 0
20682,101, 0
20683,105, 0
20684,105, 0
20685,100, 0
20686,96, 0
20687,108, 0
20688,111, 0
20689,106, 0
20690,107, 0
20691,96, 0
20692,92, 0
20693,99, 0
20694,100, 0
20695,107, 0
20696,92, 19
20697,86, 183
20698,51, 57
20699,38, 18
20700,44, 187
20701,65, 0
20702,100, 0
20703,123, 0
20704,128, 0
20705,138, 0
20706,134, 0
20707,137, 0
20708,139, 0
20709,127, 0
20710,135, 0
20711,137, 0
20712,129, 0
20713,128, 0
20714,126, 0
20715,116, 0
20716,106, 0
20717,115, 0
20718,105, 5
20719,116, 0
20720,111, 0
20721,110, 0
20722,122, 0
20723,111, 0
20724,105, 0
20725,97, 0
20726,93, 0
20727,79, 0
20728,50, 0
20729,38, 0
20730,44, 0
20731,42, 0
20732,72, 0
20733,95, 0
20734,115, 0
20735,119, 0
20736,115, 0
20737,113, 0
20738,108, 0
20739,110, 0
20740,110, 0
20741,113, 0
20742,115, 0
20743,118, 0
20744,115, 0
20745,117, 0
20746,120, 0
20747,121, 0
20748,119, 0
20749,112, 0
20750,115, 0
20751,110, 0
20752,110, 0
20753,111, 0
20754,111, 0
20755,113, 0
20756,115, 21
20757,100, 196
20758,73, 389
20759,70, 165
20760,51, 170
20761,56, 259
20762,62, 102
20763,88, 0
20764,115, 0
20765,123, 0
20766,125, 0
20767,122, 0
20768,124, 1
20769,121, 0
20770,121, 0
20771,123, 0
20772,117, 0
20773,121, 0
20774,115, 0
20775,120, 6
20776,113, 0
20777,113, 0
20778,113, 0
20779,112, 0
20780,101, 0
20781,104, 0
20782,104, 0
20783,107, 0
20784,103, 0
20785,107, 0
20786,95, 0
20787,86, 0
20788,59, 0
20789,47, 0
20790,36, 0
20791,36, 0
20792,48, 17
20793,74, 0
20794,99, 0
20795,111, 0
20796,111, 0
20797,109, 0
20798,108, 0
20799,107, 0
20800,106, 0
20801,103, 0
20802,107, 0
20803,104, 0
20804,102, 0
20805,108, 0
20806,101, 0
20807,91, 0
20808,100, 0
20809,99, 0
20810,106, 0
20811,108, 0
20812,102, 0
20813,104, 0
20814,100, 0
20815,102, 0
20816,108, 0
20817,109, 0
20818,93, 0
20819,69, 171
20820,74, 99
20821,51, 153
20822,73, 106
20823,81, 136
20824,89, 0
20825,125, 0
20826,124, 0
20827,130, 0
20828,127, 0
20829,122, 0
20830,111, 0
20831,103, 0
20832,115, 0
20833,108, 0
20834,113, 0
20835,115, 0
20836,116, 0
20837,118, 0
20838,121, 0
20839,115, 0
20840,109, 0
20841,108, 0
20842,108, 0
20843,108, 0
20844,111, 0
20845,118, 0
20846,121, 0
20847,116, 0
20848,103, 0
20849,70, 0
20850,64, 89
20851,57, 67
20852,59, 115
20853,78, 68
20854,75, 38
20855,79, 37
20856,87, 0
20857,92, 0
20858,99, 0
20859,96, 0
20860,95, 0
20861,89, 0
20862,92, 0
20863,92, 0
20864,95, 0
20865,95, 0
20866,94, 0
20867,103, 0
20868,110, 0
20869,106, 0
20870,110, 0
20871,106, 0
20872,108, 0
20873,111, 0
20874,106, 0
20875,106, 0
20876,112, 0
20877,116, 0
20878,119, 0
20879,104, 0
20880,85, 115
20881,63, 36
20882,74, 100
20883,65, 21
20884,84, 25
20885,111, 0
20886,128, 0
20887,129, 0
20888,136, 0
20889,132, 0
20890,133, 0
20891,130, 0
20892,133, 0
20893,134, 0
20894,131, 0
20895,132, 0
20896,122, 0
20897,127, 0
20898,128, 0
20899,127, 0
20900,129, 0
20901,126, 0
20902,127, 0
20903,128, 0
20904,121, 0
20905,125, 0
20906,115, 0
20907,139, 0
20908,125, 0
20909,107, 0
20910,87, 0
20911,63, 0
20912,57, 0
20913,57, 78
20914,71, 110
20915,79, 0
20916,105, 0
20917,106, 0
20918,115, 0
20919,111, 0
20920,127, 0
20921,108, 0
20922,111, 0
20923,107, 0
20924,102, 0
20925,104, 0
20926,102, 0
20927,102, 0
20928,103, 0
20929,103, 0
20930,102, 0
20931,108, 0
20932,107, 0
20933,103, 0
20934,111, 0
20935,107, 0
20936,107, 0
20937,110, 0
20938,113, 0
20939,110, 0
20940,92, 3
20941,80, 161
20942,52, 10
20943,51, 115
20944,59, 91
20945,78, 0
20946,97, 0
20947,126, 0
20948,135, 0
20949,138, 0
20950,133, 0
20951,132, 0
20952,134, 0
20953,133, 0
20954,135, 0
20955,123, 0
20956,133, 0
20957,126, 0
20958,128, 0
20959,127, 0
20960,117, 0
20961,123, 0
20962,121, 0
20963,115, 0
20964,111, 0
20965,106, 0
20966,103, 0
20967,107, 0
20968,108, 0
20969,103, 0
20970,77, 0
20971,62, 0
20972,47, 28
20973,38, 2
20974,45, 0
20975,52, 0
20976,76, 0
20977,97, 0
20978,110, 0
20979,112, 0
20980,105, 0
20981,113, 0
20982,106, 0
20983,127, 0
20984,104, 0
20985,105, 0
20986,105, 0
20987,102, 0
20988,102, 0
20989,101, 0
20990,100, 0
20991,104, 0
20992,105, 0
20993,106, 0
20994,108, 0
20995,106, 0
20996,104, 0
20997,100, 0
20998,96, 0
20999,101, 0
21000,123, 0
21001,94, 31
21002,71, 18
21003,59, 204
21004,57, 38
21005,67, 51
21006,83, 12
21007,115, 0
21008,132, 0
21009,136, 0
21010,137, 0
21011,136, 0
21012,136, 0
21013,131, 0
21014,127, 0
21015,123, 0
21016,127, 0
21017,121, 0
21018,123, 0
21019,127, 0
21020,121, 0
21021,122, 0
21022,119, 0
21023,119, 0
21024,108, 0
21025,105, 0
21026,107, 0
21027,97, 0
21028,99, 0
21029,97, 0
21030,92, 0
21031,83, 0
21032,63, 0
21033,42, 0
21034,45, 0
21035,45, 4
21036,51, 0
21037,74, 0
21038,95, 0
21039,104, 0
21040,104, 0
21041,110, 0
21042,103, 0
21043,106, 0
21044,104, 0
21045,104, 0
21046,102, 0
21047,103, 0
21048,102, 0
21049,106, 0
21050,104, 0
21051,106, 0
21052,102, 0
21053,109, 0
21054,102, 0
21055,105, 0
21056,106, 0
21057,101, 0
21058,103, 0
21059,109, 0
21060,117, 0
21061,136, 0
21062,107, 0
21063,90, 121
21064,84, 296
21065,80, 63
21066,78, 112
21067,105, 0
21068,123, 0
21069,137, 0
21070,139, 0
21071,144, 0
21072,133, 0
21073,142, 0
21074,137, 0
21075,134, 0
21076,134, 0
21077,129, 0
21078,133, 0
21079,128, 0
21080,127, 0
21081,123, 0
21082,125, 0
21083,122, 0
21084,124, 0
21085,118, 0
21086,118, 0
21087,122, 0
21088,126, 0
21089,129, 0
21090,123, 0
21091,116, 0
21092,105, 0
21093,81, 0
21094,67, 0
21095,57, 0
21096,59, 0
21097,70, 0
21098,93, 0
21099,135, 0
21100,125, 0
21101,122, 10
21102,113, 77
21103,102, 51
21104,105, 0
21105,108, 0
21106,109, 0
21107,115, 0
21108,122, 0
21109,126, 0
21110,119, 0
21111,121, 0
21112,120, 0
21113,126, 0
21114,105, 0
21115,118, 0
21116,120, 0
21117,121, 0
21118,115, 0
21119,102, 0
21120,112, 0
21121,116, 0
21122,119, 0
21123,109, 1
21124,84, 47
21125,72, 65
21126,69, 58
21127,73, 44
21128,90, 0
21129,116, 0
21130,136, 0
21131,136, 0
21132,133, 0
21133,125, 0
21134,130, 0
21135,125, 0
21136,127, 0
21137,130, 0
21138,136, 0
21139,141, 9
21140,135, 0
21141,135, 0
21142,134, 0
21143,131, 0
21144,133, 0
21145,127, 0
21146,115, 0
21147,122, 0
21148,115, 0
21149,117, 0
21150,107, 0
21151,111, 0
21152,95, 0
21153,83, 0
21154,56, 0
21155,32, 0
21156,31, 0
21157,38, 0
21158,42, 0
21159,70, 0
21160,92, 0
21161,108, 0
21162,99, 0
21163,95, 0
21164,93, 0
21165,94, 25
21166,107, 139
21167,100, 198
21168,102, 100
21169,104, 8
21170,111, 0
21171,102, 0
21172,113, 0
21173,116, 0
21174,125, 0
21175,129, 0
21176,130, 0
21177,128, 0
21178,128, 0
21179,127, 0
21180,127, 0
21181,127, 0
21182,127, 0
21183,121, 0
21184,94, 0
21185,63, 0
21186,54, 0
21187,50, 0
21188,50, 0
21189,70, 0
21190,109, 0
21191,126, 0
21192,132, 0
21193,137, 0
21194,133, 0
21195,132, 0
21196,135, 0
21197,145, 0
21198,130, 0
21199,135, 0
21200,118, 0
21201,135, 0
21202,133, 0
21203,145, 0
21204,126, 0
21205,120, 0
21206,120, 36
21207,128, 77
21208,141, 319
21209,148, 531
21210,127, 451
21211,127, 361
21212,104, 372
21213,93, 368
21214,77, 263
21215,56, 527
21216,53, 476
21217,38, 463
21218,55, 519
21219,70, 470
21220,83, 18
21221,102, 0
21222,105, 0
21223,102, 0
21224,95, 0
21225,89, 0
21226,92, 0
21227,87, 0
21228,90, 0
21229,90, 0
21230,110, 0
21231,102, 0
21232,99, 0
21233,104, 0
21234,112, 0
21235,111, 0
21236,115, 0
21237,112, 0
21238,119, 0
21239,129, 0
21240,130, 0
21241,142, 0
21242,139, 0
21243,139, 0
21244,126, 0
21245,101, 0
21246,65, 0
21247,50, 0
21248,44, 0
21249,41, 0
21250,44, 0
21251,56, 0
21252,76, 0
21253,92, 0
21254,105, 442
21255,113, 790
21256,112, 1091
21257,130, 1243
21258,152, 1279
21259,150, 1206
21260,151, 1034
21261,137, 756
21262,118, 244
21263,111, 152
21264,99, 18
21265,106, 0
21266,115, 31
21267,103, 216
21268,111, 155
21269,111, 74
21270,116, 0
21271,113, 0
21272,119, 0
21273,115, 0
21274,122, 0
21275,105, 0
21276,78, 0
21277,46, 0
21278,54, 0
21279,38, 0
21280,56, 0
21281,76, 0
21282,117, 0
21283,89, 0
21284,89, 216
21285,79, 551
21286,101, 1107
21287,78, 1289
21288,87, 1422
21289,72, 1341
21290,52, 1094
21291,56, 912
21292,62, 654
21293,62, 331
21294,75, 281
21295,83, 116
21296,79, 0
21297,86, 0
21298,102, 0
21299,97, 0
21300,89, 0
21301,79, 0
21302,81, 0
21303,91, 0
21304,90, 0
21305,90, 0
21306,75, 50
21307,51, 102
21308,44, 96
21309,44, 0
21310,63, 0
21311,88, 0
21312,129, 0
21313,143, 0
21314,142, 0
21315,129, 0
21316,109, 0
21317,94, 0
21318,83, 0
21319,93, 0
21320,103, 0
21321,121, 0
21322,129, 0
21323,127, 0
21324,121, 0
21325,122, 0
21326,131, 0
21327,135, 0
21328,145, 0
21329,139, 0
21330,121, 0
21331,118, 0
21332,108, 0
21333,93, 0
21334,87, 0
21335,89, 0
21336,77, 0
21337,63, 0
21338,73, 0
21339,86, 210
21340,81, 476
21341,105, 479
21342,121, 396
21343,132, 251
21344,149, 181
21345,152, 53
21346,152, 0
21347,157, 0
21348,165, 0
21349,157, 0
21350,132, 0
21351,99, 0
21352,71, 0
21353,37, 0
21354,31, 0
21355,38, 0
21356,41, 0
21357,51, 0
21358,59, 0
21359,68, 0
21360,86, 0
21361,104, 0
21362,122, 0
21363,139, 186
21364,152, 348
21365,153, 509
21366,172, 718
21367,159, 487
21368,130, 425
21369,97, 410
21370,88, 279
21371,85, 338
21372,116, 167
21373,150, 215
21374,170, 558
21375,184, 733
21376,183, 620
21377,166, 391
21378,151, 139
21379,128, 0
21380,105, 0
21381,86, 0
21382,61, 0
21383,36, 0
21384,13, 0
21385,15, 0
21386,36, 0
21387,80, 0
21388,128, 0
21389,176, 0
21390,191, 0
21391,183, 0
21392,159, 0
21393,125, 0
21394,95, 0
21395,104, 0
21396,89, 0
21397,103, 340
21398,92, 553
21399,80, 517
21400,62, 409
21401,79, 269
21402,81, 0
21403,121, 0
21404,142, 0
21405,149, 0
21406,158, 0
21407,151, 0
21408,149, 0
21409,141, 0
21410,121, 0
21411,92, 175
21412,94, 302
21413,103, 315
21414,124, 467
21415,118, 667
21416,89, 756
21417,35, 545
21418,28, 189
21419,30, 5
21420,37, 0
21421,42, 214
21422,57, 385
21423,71, 259
21424,69, 108
21425,60, 0
21426,62, 0
21427,57, 0
21428,44, 0
21429,31, 0
21430,37, 0
21431,50, 0
21432,58, 0
21433,89, 0
21434,118, 0
21435,134, 120
21436,159, 741
21437,184, 1179
21438,185, 1315
21439,174, 1362
21440,189, 1251
21441,157, 1063
21442,139, 898
21443,117, 759
21444,109, 887
21445,121, 1029
21446,91, 1079
21447,88, 1078
21448,79, 860
21449,83, 610
21450,89, 280
21451,84, 0
21452,88, 0
21453,96, 0
21454,103, 0
21455,121, 0
21456,142, 0
21457,141, 0
21458,127, 0
21459,95, 0
21460,67, 0
21461,60, 0
21462,58, 55
21463,65, 0
21464,84, 0
21465,84, 0
21466,106, 0
21467,112, 0
21468,132, 0
21469,139, 0
21470,148, 0
21471,150, 0
21472,151, 0
21473,140, 0
21474,117, 0
21475,93, 56
21476,78, 738
21477,69, 966
21478,71, 878
21479,95, 992
21480,102, 1011
21481,121, 1081
21482,127, 1160
21483,125, 1163
21484,115, 855
21485,92, 613
21486,76, 311
21487,70, 5
21488,64, 0
21489,73, 150
21490,70, 270
21491,72, 239
21492,88, 220
21493,83, 38
21494,102, 0
21495,126, 0
21496,145, 0
21497,140, 0
21498,127, 0
21499,107, 0
21500,113, 0
21501,132, 81
21502,145, 174
21503,158, 313
21504,131, 63
21505,116, 0
21506,77, 0
21507,51, 0
21508,59, 0
21509,71, 0
21510,83, 0
21511,99, 0
21512,127, 0
21513,159, 0
21514,183, 0
21515,199, 0
21516,196, 0
21517,176, 0
21518,158, 0
21519,124, 0
21520,89, 0
21521,59, 0
21522,43, 0
21523,28, 0
21524,23, 0
21525,51, 0
21526,83, 0
21527,131, 398
21528,140, 346
21529,134, 168
21530,102, 43
21531,69, 48
21532,43, 89
21533,25, 107
21534,38, 159
21535,50, 72
21536,52, 78
21537,52, 21
21538,53, 0
21539,64, 0
21540,83, 0
21541,103, 0
21542,117, 0
21543,122, 0
21544,117, 0
21545,111, 0
21546,110, 239
21547,131, 424
21548,139, 548
21549,137, 518
21550,119, 365
21551,81, 212
21552,53, 120
21553,43, 171
21554,70, 287
21555,108, 183
21556,147, 95
21557,160, 0
21558,187, 0
21559,198, 0
21560,196, 0
21561,185, 0
21562,167, 0
21563,139, 0
21564,113, 0
21565,81, 0
21566,83, 0
21567,108, 0
21568,144, 0
21569,202, 0
21570,190, 180
21571,173, 263
21572,156, 487
21573,119, 232
21574,100, 45
21575,85, 0
21576,76, 0
21577,76, 0
21578,92, 0
21579,77, 0
21580,57, 0
21581,34, 2
21582,8, 0
21583,0, 0
21584,0, 0
21585,8, 0
21586,36, 0
21587,55, 0
21588,50, 0
21589,45, 0
21590,71, 97
21591,117, 47
21592,148, 13
21593,163, 0
21594,164, 0
21595,136, 0
21596,127, 0
21597,108, 0
21598,102, 0
21599,92, 0
21600,91, 0
21601,102, 0
21602,121, 0
21603,137, 0
21604,152, 0
21605,181, 0
21606,191, 0
21607,202, 0
21608,189, 0
21609,164, 0
21610,145, 0
21611,105, 0
21612,63, 0
21613,38, 0
21614,21, 458
21615,24, 635
21616,31, 714
21617,83, 964
21618,111, 1231
21619,115, 1050
21620,135, 747
21621,133, 14
21622,136, 0
21623,144, 0
21624,169, 0
21625,199, 0
21626,219, 0
21627,223, 0
21628,203, 0
21629,184, 0
21630,161, 234
21631,109, 334
21632,87, 457
21633,69, 463
21634,68, 226
21635,83, 64
21636,104, 0
21637,121, 0
21638,109, 0
21639,102, 0
21640,94, 0
21641,57, 0
21642,34, 0
21643,26, 0
21644,21, 0
21645,25, 0
21646,62, 0
21647,103, 0
21648,127, 0
21649,140, 0
21650,134, 0
21651,123, 0
21652,118, 0
21653,117, 0
21654,135, 0
21655,134, 0
21656,121, 0
21657,110, 0
21658,113, 0
21659,125, 0
21660,117, 0
21661,96, 0
21662,81, 0
21663,63, 0
21664,72, 0
21665,93, 0
21666,106, 138
21667,126, 373
21668,127, 277
21669,154, 439
21670,185, 623
21671,174, 732
21672,165, 685
21673,154, 538
21674,108, 294
21675,71, 1
21676,44, 0
21677,58, 0
21678,83, 0
21679,105, 0
21680,132, 0
21681,140, 0
21682,150, 0
21683,148, 0
21684,149, 0
21685,155, 0
21686,160, 104
21687,155, 601
21688,149, 808
21689,138, 827
21690,121, 631
21691,92, 416
21692,70, 353
21693,42, 280
21694,40, 45
21695,52, 0
21696,63, 0
21697,72, 0
21698,70, 0
21699,88, 0
21700,99, 136
21701,100, 387
21702,92, 678
21703,72, 740
21704,53, 612
21705,38, 517
21706,15, 402
21707,28, 115
21708,55, 0
21709,67, 0
21710,72, 0
21711,74, 0
21712,90, 0
21713,97, 2
21714,105, 0
21715,106, 0
21716,97, 0
21717,99, 0
21718,100, 0
21719,116, 0
21720,117, 0
21721,129, 0
21722,147, 0
21723,159, 0
21724,170, 0
21725,179, 0
21726,177, 0
21727,158, 0
21728,132, 0
21729,95, 0
21730,91, 0
21731,108, 0
21732,137, 0
21733,135, 0
21734,129, 0
21735,84, 188
21736,67, 130
21737,59, 6
21738,90, 52
21739,116, 432
21740,136, 446
21741,126, 238
21742,134, 6
21743,123, 0
21744,133, 0
21745,131, 0
21746,137, 6
21747,140, 165
21748,136, 353
21749,127, 457
21750,127, 361
21751,133, 139
21752,150, 8
21753,180, 0
21754,201, 0
21755,218, 19
21756,210, 115
21757,202, 167
21758,180, 52
21759,134, 0
21760,93, 0
21761,79, 0
21762,80, 0
21763,63, 0
21764,51, 0
21765,37, 0
21766,39, 0
21767,44, 12
21768,73, 0
21769,92, 0
21770,112, 0
21771,116, 0
21772,105, 0
21773,112, 0
21774,110, 0
21775,108, 0
21776,104, 0
21777,91, 0
21778,95, 0
21779,102, 0
21780,111, 0
21781,123, 0
21782,139, 0
21783,182, 0
21784,183, 0
21785,188, 0
21786,176, 0
21787,159, 0
21788,132, 0
21789,109, 0
21790,89, 0
21791,86, 74
21792,89, 553
21793,70, 1008
21794,35, 1108
21795,23, 1114
21796,20, 1010
21797,14, 905
21798,34, 756
21799,67, 716
21800,113, 601
21801,130, 242
21802,152, 18
21803,176, 0
21804,175, 0
21805,195, 0
21806,157, 0
21807,125, 0
21808,99, 0
21809,101, 0
21810,97, 0
21811,107, 0
21812,110, 0
21813,91, 0
21814,65, 159
21815,50, 589
21816,53, 570
21817,58, 506
21818,69, 184
21819,79, 0
21820,80, 0
21821,89, 8
21822,104, 167
21823,91, 19
21824,80, 0
21825,70, 0
21826,67, 0
21827,60, 0
21828,65, 15
21829,73, 37
21830,97, 233
21831,112, 154
21832,140, 166
21833,148, 9
21834,160, 0
21835,158, 0
21836,160, 0
21837,147, 0
21838,147, 0
21839,145, 0
21840,157, 0
21841,159, 0
21842,164, 0
21843,181, 0
21844,189, 0
21845,202, 0
21846,221, 0
21847,176, 0
21848,148, 0
21849,115, 0
21850,90, 0
21851,70, 0
21852,56, 0
21853,56, 25
21854,45, 485
21855,25, 635
21856,18, 624
21857,25, 509
21858,38, 287
21859,67, 223
21860,99, 21
21861,121, 0
21862,126, 0
21863,120, 0
21864,129, 0
21865,133, 0
21866,149, 6
21867,163, 0
21868,159, 0
21869,150, 0
21870,125, 0
21871,102, 0
21872,76, 0
21873,67, 0
21874,57, 0
21875,51, 0
21876,38, 34
21877,50, 338
21878,50, 304
21879,61, 67
21880,77, 60
21881,92, 0
21882,102, 0
21883,120, 0
21884,133, 0
21885,128, 113
21886,120, 155
21887,104, 0
21888,102, 0
21889,92, 0
21890,107, 0
21891,129, 0
21892,126, 0
21893,108, 0
21894,95, 0
21895,90, 0
21896,91, 0
21897,105, 0
21898,116, 0
21899,117, 0
21900,118, 0
21901,108, 0
21902,107, 0
21903,87, 0
21904,77, 0
21905,62, 0
21906,58, 0
21907,65, 0
21908,83, 94
21909,120, 483
21910,124, 512
21911,134, 205
21912,142, 0
21913,148, 0
21914,159, 0
21915,141, 0
21916,115, 0
21917,90, 0
21918,90, 0
21919,100, 0
21920,124, 0
21921,168, 0
21922,204, 0
21923,213, 4
21924,201, 43
21925,176, 305
21926,176, 196
21927,143, 115
21928,153, 19
21929,151, 0
21930,136, 0
21931,127, 25
21932,141, 545
21933,136, 649
21934,123, 480
21935,101, 477
21936,89, 367
21937,63, 211
21938,53, 181
21939,75, 163
21940,76, 88
21941,95, 117
21942,93, 12
21943,91, 0
21944,105, 0
21945,89, 0
21946,71, 0
21947,47, 0
21948,44, 0
21949,59, 0
21950,86, 0
21951,113, 0
21952,149, 0
21953,159, 0
21954,149, 0
21955,124, 0
21956,103, 0
21957,68, 0
21958,48, 0
21959,23, 0
21960,15, 0
21961,32, 174
21962,54, 394
21963,68, 446
21964,76, 356
21965,86, 81
21966,73, 0
21967,83, 0
21968,102, 0
21969,110, 0
21970,126, 0
21971,132, 0
21972,139, 0
21973,139, 0
21974,141, 1
21975,130, 0
21976,111, 0
21977,76, 25
21978,55, 129
21979,70, 257
21980,88, 447
21981,116, 526
21982,164, 625
21983,181, 654
21984,172, 529
21985,153, 348
21986,145, 74
21987,139, 0
21988,130, 0
21989,145, 0
21990,150, 0
21991,143, 0
21992,138, 0
21993,128, 0
21994,136, 0
21995,145, 0
21996,148, 0
21997,140, 0
21998,118, 0
21999,102, 0
22000,94, 0
22001,96, 0
22002,120, 0
22003,130, 302
22004,142, 432
22005,135, 381
22006,118, 417
22007,86, 36
22008,50, 249
22009,48, 255
22010,54, 287
22011,69, 300
22012,132, 277
22013,158, 165
22014,176, 0
22015,175, 0
22016,187, 0
22017,189, 0
22018,199, 0
22019,158, 0
22020,126, 0
22021,95, 0
22022,81, 0
22023,62, 0
22024,58, 0
22025,61, 0
22026,64, 0
22027,81, 6
22028,88, 0
22029,84, 0
22030,80, 0
22031,76, 0
22032,52, 24
22033,53, 270
22034,63, 237
22035,59, 176
22036,79, 204
22037,86, 124
22038,58, 155
22039,62, 177
22040,67, 232
22041,59, 214
22042,77, 39
22043,104, 0
22044,120, 0
22045,118, 0
22046,117, 0
22047,115, 398
22048,104, 570
22049,107, 614
22050,111, 750
22051,122, 494
22052,129, 44
22053,139, 0
22054,139, 0
22055,143, 0
22056,143, 0
22057,156, 0
22058,164, 0
22059,159, 0
22060,177, 0
22061,158, 0
22062,143, 0
22063,130, 0
22064,113, 0
22065,89, 0
22066,72, 0
22067,60, 0
22068,57, 101
22069,51, 145
22070,74, 276
22071,93, 167
22072,78, 39
22073,85, 0
22074,116, 0
22075,120, 0
22076,115, 0
22077,104, 0
22078,100, 0
22079,95, 0
22080,97, 0
22081,85, 0
22082,64, 0
22083,61, 0
22084,67, 0
22085,76, 0
22086,119, 0
22087,115, 2
22088,115, 0
22089,105, 0
22090,97, 0
22091,95, 0
22092,96, 0
22093,75, 0
22094,63, 0
22095,69, 25
22096,75, 6
22097,89, 2
22098,102, 25
22099,93, 26
22100,107, 145
22101,92, 0
22102,93, 0
22103,115, 0
22104,130, 0
22105,140, 0
22106,140, 0
22107,130, 0
22108,131, 0
22109,127, 0
22110,137, 0
22111,134, 97
22112,147, 196
22113,151, 423
22114,136, 408
22115,149, 53
22116,145, 0
22117,150, 44
22118,170, 416
22119,183, 585
22120,166, 258
22121,163, 56
22122,150, 0
22123,153, 0
22124,134, 0
22125,129, 0
22126,126, 0
22127,125, 0
22128,137, 0
22129,125, 0
22130,108, 0
22131,97, 0
22132,101, 0
22133,94, 7
22134,101, 0
22135,73, 0
22136,61, 0
22137,62, 3
22138,65, 64
22139,70, 0
22140,63, 0
22141,62, 0
22142,68, 0
22143,81, 0
22144,87, 0
22145,87, 0
22146,79, 0
22147,75, 0
22148,81, 0
22149,99, 0
22150,119, 0
22151,125, 0
22152,125, 0
22153,116, 0
22154,92, 0
22155,92, 0
22156,91, 0
22157,99, 0
22158,95, 0
22159,93, 0
22160,77, 0
22161,77, 0
22162,75, 22
22163,102, 122
22164,117, 0
22165,142, 108
22166,158, 266
22167,152, 345
22168,136, 313
22169,119, 207
22170,123, 118
22171,122, 20
22172,121, 0
22173,124, 0
22174,120, 0
22175,106, 0
22176,92, 0
22177,65, 0
22178,60, 0
22179,61, 0
22180,70, 0
22181,74, 0
22182,88, 0
22183,93, 0
22184,109, 0
22185,104, 0
22186,108, 0
22187,121, 0
22188,118, 0
22189,130, 0
22190,105, 0
22191,83, 0
22192,87, 0
22193,79, 0
22194,88, 0
22195,124, 0
22196,134, 0
22197,147, 0
22198,144, 0
22199,143, 0
22200,147, 0
22201,149, 0
22202,152, 0
22203,151, 83
22204,136, 37
22205,133, 251
22206,116, 549
22207,101, 600
22208,100, 650
22209,92, 806
22210,107, 770
22211,115, 465
22212,123, 251
22213,128, 51
22214,130, 8
22215,115, 0
22216,110, 0
22217,112, 0
22218,107, 0
22219,115, 0
22220,86, 0
22221,65, 133
22222,67, 190
22223,61, 270
22224,63, 340
22225,79, 122
22226,106, 10
22227,132, 0
22228,128, 0
22229,139, 0
22230,135, 0
22231,133, 0
22232,140, 0
22233,147, 0
22234,147, 0
22235,153, 0
22236,148, 0
22237,137, 0
22238,122, 0
22239,113, 0
22240,108, 0
22241,109, 0
22242,119, 0
22243,128, 0
22244,149, 0
22245,135, 0
22246,148, 0
22247,154, 0
22248,141, 0
22249,121, 0
22250,111, 0
22251,75, 0
22252,62, 83
22253,65, 164
22254,76, 234
22255,73, 41
22256,85, 0
22257,101, 0
22258,126, 0
22259,93, 0
22260,78, 0
22261,85, 0
22262,89, 0
22263,100, 12
22264,119, 242
22265,121, 361
22266,127, 205
22267,119, 79
22268,123, 8
22269,118, 0
22270,111, 0
22271,95, 0
22272,81, 0
22273,75, 0
22274,73, 0
22275,79, 0
22276,75, 0
22277,79, 0
22278,83, 0
22279,77, 0
22280,84, 22
22281,81, 78
22282,70, 165
22283,75, 121
22284,72, 0
22285,100, 0
22286,104, 0
22287,138, 0
22288,154, 0
22289,152, 0
22290,145, 0
22291,122, 0
22292,115, 0
22293,110, 1
22294,128, 0
22295,131, 0
22296,130, 0
22297,126, 0
22298,119, 0
22299,116, 0
22300,123, 0
22301,143, 0
22302,164, 0
22303,196, 0
22304,185, 27
22305,183, 0
22306,188, 0
22307,196, 0
22308,195, 0
22309,177, 6
22310,163, 184
22311,141, 41
22312,102, 0
22313,62, 0
22314,25, 0
22315,2, 0
22316,0, 0
22317,0, 0
22318,0, 0
22319,0, 0
22320,13, 0
22321,40, 0
22322,71, 0
22323,94, 0
22324,111, 0
22325,124, 0
22326,127, 0
22327,131, 0
22328,133, 0
22329,143, 0
22330,156, 0
22331,166, 0
22332,150, 0
22333,144, 0
22334,130, 0
22335,99, 0
22336,71, 0
22337,40, 0
22338,34, 0
22339,38, 0
22340,38, 0
22341,26, 204
22342,12, 352
22343,6, 656
22344,11, 780
22345,27, 678
22346,44, 446
22347,69, 236
22348,83, 196
22349,117, 207
22350,145, 327
22351,158, 361
22352,187, 318
22353,164, 215
22354,179, 76
22355,183, 0
22356,195, 0
22357,196, 0
22358,191, 0
22359,199, 0
22360,192, 0
22361,179, 0
22362,188, 0
22363,183, 0
22364,165, 0
22365,140, 0
22366,126, 0
22367,110, 0
22368,107, 0
22369,112, 0
22370,121, 0
22371,141, 0
22372,110, 0
22373,86, 0
22374,76, 26
22375,87, 203
22376,89, 259
22377,85, 238
22378,118, 1
22379,144, 0
22380,156, 0
22381,164, 0
22382,159, 0
22383,151, 0
22384,141, 0
22385,139, 0
22386,145, 0
22387,145, 0
22388,143, 0
22389,139, 0
22390,124, 0
22391,118, 0
22392,105, 0
22393,94, 0
22394,89, 0
22395,90, 0
22396,101, 0
22397,106, 0
22398,102, 0
22399,104, 0
22400,103, 0
22401,96, 0
22402,92, 0
22403,67, 0
22404,59, 64
22405,73, 92
22406,89, 211
22407,106, 315
22408,120, 147
22409,136, 145
22410,145, 139
22411,145, 355
22412,152, 507
22413,160, 318
22414,149, 161
22415,137, 55
22416,130, 0
22417,123, 0
22418,120, 0
22419,113, 0
22420,102, 0
22421,85, 0
22422,65, 0
22423,70, 0
22424,78, 0
22425,92, 0
22426,103, 0
22427,127, 0
22428,149, 0
22429,151, 0
22430,145, 0
22431,141, 0
22432,133, 0
22433,131, 0
22434,102, 0
22435,89, 0
22436,75, 0
22437,78, 0
22438,75, 0
22439,84, 0
22440,70, 0
22441,42, 0
22442,27, 0
22443,22, 0
22444,25, 0
22445,42, 0
22446,55, 0
22447,72, 0
22448,89, 0
22449,89, 0
22450,95, 0
22451,102, 0
22452,95, 0
22453,102, 0
22454,95, 0
22455,96, 0
22456,96, 0
22457,96, 0
22458,89, 0
22459,81, 0
22460,81, 0
22461,89, 0
22462,113, 0
22463,125, 1
22464,119, 41
22465,101, 6
22466,73, 18
22467,68, 8
22468,67, 210
22469,64, 0
22470,93, 0
22471,120, 0
22472,137, 0
22473,138, 0
22474,134, 0
22475,137, 0
22476,133, 0
22477,129, 0
22478,122, 0
22479,125, 0
22480,130, 0
22481,135, 0
22482,138, 0
22483,138, 0
22484,131, 0
22485,119, 0
22486,109, 0
22487,109, 0
22488,102, 51
22489,116, 172
22490,113, 210
22491,121, 285
22492,123, 359
22493,113, 322
22494,104, 378
22495,73, 300
22496,51, 183
22497,45, 167
22498,39, 0
22499,61, 0
22500,91, 0
22501,116, 0
22502,121, 0
22503,122, 0
22504,112, 0
22505,110, 0
22506,108, 0
22507,117, 0
22508,119, 0
22509,129, 0
22510,127, 0
22511,141, 0
22512,151, 0
22513,153, 0
22514,152, 0
22515,164, 0
22516,164, 0
22517,165, 0
22518,141, 0
22519,139, 0
22520,136, 0
22521,129, 0
22522,139, 0
22523,138, 0
22524,129, 0
22525,133, 113
22526,139, 199
22527,119, 236
22528,124, 298
22529,122, 300
22530,130, 141
22531,145, 73
22532,153, 25
22533,175, 14
22534,160, 34
22535,161, 30
22536,152, 0
22537,136, 0
22538,108, 0
22539,76, 0
22540,57, 0
22541,24, 0
22542,0, 0
22543,4, 0
22544,0, 0
22545,0, 0
22546,11, 0
22547,38, 0
22548,47, 0
22549,70, 0
22550,79, 0
22551,75, 0
22552,75, 0
22553,70, 0
22554,65, 0
22555,51, 0
22556,46, 0
22557,14, 0
22558,25, 0
22559,46, 10
22560,68, 0
22561,100, 0
22562,128, 0
22563,140, 0
22564,147, 0
22565,151, 0
22566,149, 0
22567,161, 0
22568,185, 0
22569,223, 0
22570,247, 0
22571,271, 0
22572,256, 0
22573,216, 0
22574,164, 0
22575,130, 0
22576,95, 0
22577,78, 0
22578,58, 0
22579,52, 0
22580,53, 0
22581,54, 0
22582,61, 0
22583,68, 0
22584,79, 0
22585,80, 45
22586,53, 11
22587,38, 0
22588,47, 9
22589,62, 0
22590,79, 78
22591,101, 0
22592,127, 0
22593,127, 0
22594,127, 0
22595,117, 0
22596,127, 0
22597,124, 0
22598,121, 0
22599,106, 0
22600,105, 0
22601,108, 0
22602,119, 0
22603,124, 196
22604,132, 236
22605,121, 150
22606,125, 136
22607,133, 6
22608,135, 0
22609,151, 0
22610,152, 0
22611,155, 0
22612,140, 0
22613,109, 0
22614,109, 0
22615,107, 0
22616,94, 0
22617,65, 0
22618,17, 0
22619,0, 105
22620,0, 348
22621,0, 214
22622,12, 224
22623,44, 290
22624,73, 383
22625,102, 175
22626,121, 0
22627,121, 0
22628,107, 0
22629,109, 0
22630,116, 0
22631,150, 0
22632,165, 0
22633,181, 0
22634,180, 0
22635,164, 0
22636,164, 130
22637,166, 286
22638,175, 614
22639,176, 660
22640,175, 557
22641,175, 413
22642,169, 340
22643,159, 175
22644,158, 34
22645,145, 0
22646,126, 0
22647,79, 0
22648,60, 0
22649,50, 63
22650,62, 41
22651,75, 15
22652,96, 0
22653,132, 0
22654,159, 0
22655,175, 0
22656,179, 0
22657,172, 0
22658,153, 0
22659,138, 0
22660,121, 0
22661,113, 0
22662,92, 0
22663,81, 0
22664,78, 0
22665,74, 0
22666,68, 0
22667,78, 145
22668,52, 260
22669,56, 312
22670,61, 26
22671,75, 0
22672,95, 0
22673,116, 0
22674,133, 0
22675,143, 0
22676,117, 0
22677,106, 0
22678,83, 0
22679,67, 10
22680,72, 338
22681,100, 570
22682,89, 526
22683,137, 540
22684,145, 494
22685,149, 293
22686,137, 0
22687,137, 0
22688,132, 0
22689,116, 0
22690,100, 0
22691,85, 0
22692,67, 0
22693,48, 0
22694,30, 0
22695,22, 0
22696,1, 0
22697,5, 0
22698,12, 0
22699,37, 0
22700,50, 0
22701,69, 0
22702,83, 0
22703,92, 0
22704,83, 0
22705,89, 0
22706,94, 0
22707,105, 4
22708,100, 51
22709,91, 75
22710,81, 63
22711,85, 77
22712,93, 0
22713,115, 0
22714,142, 0
22715,147, 0
22716,161, 0
22717,152, 0
22718,164, 0
22719,172, 0
22720,177, 0
22721,176, 0
22722,180, 0
22723,173, 0
22724,166, 0
22725,159, 0
22726,159, 0
22727,152, 0
22728,148, 0
22729,153, 0
22730,159, 1
22731,164, 0
22732,181, 0
22733,170, 0
22734,141, 0
22735,95, 0
22736,60, 0
22737,31, 0
22738,12, 0
22739,0, 0
22740,0, 0
22741,0, 0
22742,0, 0
22743,10, 0
22744,54, 0
22745,97, 0
22746,116, 0
22747,123, 0
22748,121, 0
22749,120, 0
22750,120, 0
22751,136, 0
22752,149, 0
22753,151, 0
22754,145, 0
22755,145, 0
22756,130, 0
22757,123, 0
22758,111, 0
22759,103, 0
22760,89, 0
22761,64, 0
22762,62, 0
22763,64, 0
22764,81, 0
22765,91, 0
22766,120, 0
22767,132, 0
22768,115, 0
22769,95, 24
22770,60, 329
22771,57, 313
22772,54, 622
22773,56, 371
22774,70, 352
22775,79, 132
22776,85, 0
22777,89, 0
22778,63, 0
22779,45, 0
22780,44, 0
22781,39, 0
22782,59, 0
22783,76, 0
22784,102, 12
22785,108, 34
22786,107, 18
22787,107, 0
22788,107, 0
22789,116, 0
22790,128, 0
22791,117, 0
22792,122, 4
22793,123, 0
22794,126, 0
22795,128, 0
22796,128, 0
22797,134, 0
22798,128, 0
22799,115, 0
22800,94, 0
22801,73, 0
22802,78, 0
22803,84, 0
22804,96, 0
22805,121, 0
22806,137, 0
22807,144, 0
22808,149, 0
22809,145, 0
22810,153, 0
22811,152, 0
22812,158, 0
22813,156, 0
22814,159, 0
22815,159, 0
22816,145, 0
22817,135, 0
22818,126, 0
22819,120, 0
22820,115, 0
22821,87, 0
22822,50, 0
22823,19, 0
22824,4, 0
22825,0, 0
22826,2, 0
22827,7, 0
22828,14, 0
22829,15, 0
22830,3, 5
22831,11, 159
22832,20, 140
22833,34, 196
22834,55, 1
22835,97, 0
22836,161, 0
22837,197, 0
22838,213, 0
22839,227, 0
22840,223, 0
22841,228, 0
22842,219, 0
22843,210, 0
22844,203, 0
22845,197, 0
22846,181, 0
22847,142, 0
22848,112, 0
22849,92, 0
22850,89, 0
22851,89, 0
22852,100, 0
22853,117, 0
22854,121, 0
22855,122, 0
22856,106, 0
22857,89, 0
22858,67, 0
22859,47, 0
22860,23, 0
22861,11, 79
22862,12, 89
22863,20, 6
22864,35, 0
22865,51, 0
22866,89, 0
22867,103, 0
22868,111, 0
22869,124, 0
22870,107, 0
22871,128, 0
22872,140, 0
22873,141, 0
22874,121, 0
22875,110, 0
22876,93, 0
22877,78, 0
22878,84, 0
22879,105, 0
22880,122, 6
22881,131, 0
22882,140, 0
22883,144, 0
22884,145, 0
22885,159, 0
22886,158, 0
22887,147, 0
22888,158, 0
22889,174, 0
22890,184, 0
22891,183, 0
22892,191, 3
22893,214, 0
22894,231, 154
22895,224, 15
22896,246, 31
22897,244, 47
22898,223, 45
22899,199, 3
22900,155, 0
22901,115, 0
22902,77, 0
22903,46, 0
22904,17, 0
22905,14, 0
22906,27, 0
22907,43, 0
22908,71, 0
22909,72, 0
22910,67, 0
22911,59, 0
22912,44, 128
22913,42, 106
22914,27, 96
22915,15, 106
22916,20, 164
22917,25, 102
22918,32, 0
22919,46, 0
22920,52, 0
22921,34, 0
22922,13, 0
22923,5, 0
22924,0, 0
22925,3, 0
22926,14, 0
22927,44, 0
22928,43, 0
22929,42, 0
22930,29, 0
22931,30, 0
22932,32, 0
22933,44, 0
22934,37, 0
22935,38, 0
22936,57, 0
22937,69, 0
22938,87, 0
22939,94, 0
22940,112, 0
22941,113, 0
22942,124, 0
22943,137, 0
22944,141, 0
22945,143, 0
22946,150, 0
22947,159, 0
22948,172, 0
22949,175, 0
22950,185, 0
22951,212, 0
22952,172, 0
22953,172, 0
22954,187, 0
22955,197, 0
22956,219, 20
22957,232, 0
22958,245, 0
22959,232, 0
22960,204, 0
22961,198, 0
22962,172, 0
22963,163, 47
22964,153, 41
22965,157, 5
22966,153, 0
22967,151, 0
22968,141, 0
22969,148, 0
22970,148, 0
22971,148, 0
22972,154, 0
22973,145, 0
22974,145, 0
22975,145, 0
22976,148, 0
22977,136, 0
22978,140, 0
22979,128, 0
22980,95, 0
22981,48, 0
22982,4, 0
22983,0, 0
22984,0, 0
22985,0, 0
22986,2, 0
22987,25, 0
22988,64, 0
22989,90, 0
22990,99, 0
22991,103, 0
22992,102, 0
22993,116, 0
22994,118, 0
22995,121, 0
22996,121, 0
22997,124, 0
22998,112, 0
22999,120, 0
23000,106, 0
23001,89, 0
23002,84, 0
23003,81, 0
23004,90, 0
23005,88, 0
23006,88, 0
23007,88, 0
23008,83, 0
23009,88, 0
23010,105, 0
23011,104, 0
23012,89, 56
23013,56, 115
23014,14, 57
23015,9, 104
23016,25, 100
23017,60, 59
23018,109, 0
23019,153, 0
23020,176, 0
23021,183, 0
23022,192, 0
23023,181, 0
23024,165, 0
23025,156, 0
23026,140, 0
23027,132, 0
23028,124, 0
23029,121, 0
23030,123, 0
23031,127, 0
23032,122, 0
23033,108, 0
23034,89, 0
23035,89, 0
23036,90, 0
23037,85, 0
23038,75, 0
23039,59, 0
23040,58, 0
23041,57, 12
23042,61, 51
23043,38, 0
23044,34, 0
23045,37, 0
23046,51, 0
23047,68, 0
23048,92, 0
23049,116, 0
23050,130, 0
23051,132, 0
23052,136, 0
23053,152, 0
23054,153, 0
23055,168, 0
23056,172, 0
23057,189, 0
23058,158, 0
23059,141, 0
23060,133, 0
23061,121, 0
23062,126, 0
23063,113, 0
23064,91, 0
23065,88, 0
23066,83, 0
23067,86, 0
23068,84, 0
23069,78, 0
23070,79, 0
23071,89, 0
23072,95, 0
23073,95, 7
23074,81, 340
23075,67, 251
23076,83, 142
23077,72, 386
23078,93, 108
23079,107, 0
23080,133, 0
23081,138, 0
23082,133, 0
23083,124, 0
23084,112, 0
23085,112, 0
23086,131, 0
23087,105, 0
23088,102, 0
23089,103, 0
23090,87, 0
23091,57, 0
23092,64, 0
23093,57, 0
23094,63, 0
23095,83, 0
23096,108, 0
23097,144, 0
23098,160, 0
23099,167, 0
23100,147, 0
23101,141, 0
23102,124, 0
23103,116, 0
23104,111, 0
23105,132, 0
23106,158, 6
23107,174, 57
23108,176, 32
23109,169, 0
23110,164, 0
23111,158, 0
23112,151, 0
23113,136, 0
23114,119, 0
23115,94, 0
23116,83, 0
23117,81, 0
23118,83, 0
23119,76, 0
23120,55, 0
23121,31, 0
23122,14, 0
23123,15, 0
23124,29, 0
23125,75, 0
23126,119, 0
23127,151, 0
23128,169, 0
23129,170, 0
23130,166, 0
23131,161, 0
23132,156, 0
23133,153, 0
23134,148, 42
23135,134, 272
23136,96, 433
23137,79, 503
23138,7, 172
23139,0, 99
23140,0, 0
23141,0, 0
23142,20, 0
23143,44, 0
23144,88, 0
23145,129, 0
23146,166, 0
23147,207, 0
23148,187, 0
23149,182, 0
23150,157, 0
23151,139, 0
23152,122, 0
23153,112, 0
23154,99, 0
23155,85, 0
23156,70, 0
23157,43, 0
23158,27, 0
23159,10, 0
23160,26, 0
23161,29, 0
23162,63, 0
23163,106, 0
23164,154, 0
23165,175, 0
23166,197, 0
23167,202, 0
23168,202, 0
23169,206, 0
23170,219, 0
23171,248, 0
23172,263, 0
23173,257, 0
23174,236, 0
23175,195, 0
23176,145, 0
23177,89, 0
23178,48, 0
23179,15, 0
23180,2, 0
23181,0, 0
23182,2, 0
23183,6, 0
23184,5, 0
23185,0, 0
23186,0, 0
23187,0, 0
23188,1, 0
23189,1, 0
23190,1, 0
23191,0, 0
23192,6, 0
23193,32, 0
23194,53, 0
23195,74, 73
23196,73, 210
23197,40, 126
23198,46, 213
23199,44, 276
23200,41, 94
23201,44, 0
23202,53, 0
23203,63, 0
23204,87, 0
23205,118, 0
23206,142, 0
23207,167, 0
23208,185, 0
23209,203, 0
23210,214, 0
23211,219, 0
23212,214, 0
23213,210, 0
23214,204, 0
23215,189, 0
23216,196, 0
23217,189, 0
23218,202, 0
23219,214, 0
23220,236, 0
23221,247, 0
23222,253, 0
23223,234, 0
23224,190, 0
23225,125, 0
23226,42, 0
23227,0, 0
23228,0, 0
23229,0, 0
23230,6, 0
23231,38, 0
23232,91, 0
23233,118, 0
23234,127, 0
23235,128, 0
23236,135, 0
23237,137, 0
23238,131, 3
23239,139, 2
23240,138, 12
23241,133, 42
23242,161, 1
23243,133, 6
23244,129, 0
23245,108, 0
23246,96, 0
23247,91, 0
23248,97, 0
23249,101, 0
23250,107, 0
23251,105, 0
23252,116, 0
23253,105, 0
23254,102, 0
23255,88, 0
23256,87, 0
23257,64, 71
23258,51, 192
23259,44, 61
23260,58, 9
23261,84, 0
23262,108, 0
23263,119, 0
23264,115, 0
23265,102, 0
23266,97, 0
23267,95, 0
23268,93, 0
23269,96, 0
23270,103, 0
23271,107, 0
23272,108, 0
23273,115, 0
23274,125, 0
23275,133, 0
23276,140, 0
23277,128, 0
23278,127, 0
23279,121, 0
23280,113, 0
23281,95, 0
23282,95, 0
23283,95, 0
23284,86, 0
23285,70, 0
23286,38, 0
23287,28, 0
23288,29, 0
23289,52, 0
23290,51, 0
23291,63, 0
23292,92, 0
23293,105, 0
23294,113, 0
23295,128, 0
23296,130, 0
23297,132, 0
23298,139, 0
23299,139, 0
23300,144, 0
23301,139, 0
23302,152, 0
23303,158, 0
23304,159, 2
23305,165, 0
23306,164, 7
23307,158, 87
23308,150, 18
23309,134, 0
23310,126, 0
23311,113, 0
23312,108, 0
23313,106, 0
23314,96, 0
23315,101, 0
23316,115, 0
23317,93, 0
23318,90, 53
23319,76, 106
23320,84, 35
23321,87, 4
23322,92, 0
23323,109, 0
23324,127, 0
23325,134, 0
23326,140, 0
23327,147, 0
23328,149, 0
23329,149, 0
23330,133, 0
23331,121, 6
23332,108, 0
23333,102, 0
23334,99, 0
23335,95, 0
23336,108, 0
23337,116, 0
23338,115, 0
23339,124, 0
23340,124, 0
23341,116, 0
23342,122, 0
23343,110, 0
23344,99, 0
23345,90, 0
23346,83, 0
23347,59, 0
23348,10, 0
23349,2, 0
23350,13, 0
23351,26, 0
23352,50, 0
23353,76, 0
23354,103, 0
23355,120, 0
23356,133, 0
23357,152, 0
23358,159, 0
23359,154, 31
23360,123, 29
23361,91, 43
23362,67, 63
23363,65, 0
23364,74, 0
23365,90, 0
23366,97, 0
23367,124, 0
23368,143, 0
23369,166, 0
23370,152, 0
23371,141, 0
23372,108, 0
23373,95, 4
23374,87, 6
23375,97, 35
23376,103, 57
23377,96, 18
23378,74, 100
23379,50, 149
23380,23, 135
23381,14, 69
23382,12, 74
23383,40, 0
23384,83, 0
23385,127, 0
23386,157, 0
23387,164, 0
23388,179, 0
23389,159, 0
23390,157, 0
23391,115, 0
23392,80, 0
23393,51, 0
23394,46, 0
23395,51, 0
23396,72, 0
23397,111, 0
23398,142, 0
23399,155, 0
23400,148, 0
23401,130, 0
23402,143, 0
23403,136, 0
23404,170, 0
23405,204, 0
23406,231, 0
23407,237, 0
23408,219, 0
23409,193, 0
23410,160, 0
23411,140, 0
23412,151, 0
23413,128, 0
23414,151, 0
23415,179, 0
23416,195, 0
23417,181, 0
23418,154, 0
23419,123, 0
23420,94, 0
23421,78, 0
23422,34, 0
23423,26, 0
23424,15, 0
23425,13, 0
23426,0, 6
23427,0, 0
23428,0, 0
23429,2, 0
23430,10, 0
23431,29, 0
23432,44, 0
23433,70, 0
23434,89, 0
23435,127, 0
23436,141, 261
23437,153, 411
23438,154, 688
23439,153, 640
23440,105, 347
23441,79, 177
23442,90, 158
23443,108, 0
23444,126, 0
23445,158, 0
23446,170, 0
23447,176, 0
23448,165, 0
23449,170, 0
23450,153, 0
23451,129, 0
23452,108, 0
23453,117, 0
23454,128, 0
23455,145, 0
23456,144, 0
23457,157, 0
23458,134, 0
23459,132, 0
23460,138, 2
23461,130, 0
23462,123, 0
23463,134, 0
23464,151, 0
23465,170, 0
23466,187, 0
23467,189, 0
23468,169, 0
23469,115, 0
23470,58, 0
23471,11, 0
23472,7, 0
23473,12, 31
23474,31, 138
23475,62, 0
23476,92, 0
23477,102, 0
23478,96, 0
23479,92, 0
23480,68, 0
23481,31, 0
23482,19, 0
23483,25, 0
23484,51, 0
23485,68, 0
23486,100, 0
23487,113, 0
23488,122, 0
23489,106, 0
23490,87, 0
23491,70, 0
23492,32, 0
23493,23, 0
23494,35, 0
23495,57, 0
23496,80, 99
23497,102, 159
23498,101, 115
23499,106, 43
23500,85, 165
23501,68, 202
23502,57, 51
23503,54, 5
23504,65, 0
23505,97, 0
23506,133, 0
23507,155, 0
23508,161, 0
23509,171, 0
23510,177, 2
23511,163, 3
23512,164, 0
23513,159, 0
23514,154, 0
23515,145, 0
23516,150, 0
23517,149, 0
23518,139, 0
23519,142, 0
23520,139, 0
23521,145, 0
23522,109, 0
23523,80, 0
23524,80, 0
23525,83, 0
23526,94, 0
23527,108, 0
23528,107, 0
23529,100, 0
23530,90, 0
23531,67, 0
23532,44, 0
23533,39, 0
23534,57, 0
23535,76, 0
23536,108, 0
23537,156, 0
23538,202, 0
23539,191, 0
23540,171, 0
23541,147, 0
23542,126, 0
23543,115, 0
23544,109, 0
23545,120, 0
23546,122, 0
23547,121, 0
23548,115, 0
23549,107, 0
23550,86, 0
23551,55, 0
23552,26, 0
23553,1, 0
23554,0, 0
23555,0, 0
23556,0, 0
23557,0, 0
23558,2, 0
23559,21, 0
23560,30, 0
23561,21, 0
23562,1, 0
23563,6, 0
23564,18, 0
23565,32, 0
23566,73, 0
23567,111, 0
23568,143, 25
23569,160, 102
23570,164, 99
23571,190, 94
23572,192, 63
23573,230, 0
23574,254, 0
23575,267, 0
23576,282, 0
23577,239, 0
23578,223, 0
23579,199, 0
23580,175, 0
23581,172, 0
23582,170, 0
23583,179, 0
23584,183, 0
23585,196, 0
23586,189, 0
23587,182, 0
23588,164, 0
23589,157, 0
23590,159, 0
23591,153, 0
23592,127, 0
23593,102, 0
23594,93, 46
23595,76, 46
23596,94, 55
23597,100, 0
23598,109, 0
23599,107, 0
23600,92, 0
23601,88, 0
23602,86, 0
23603,94, 0
23604,101, 0
23605,72, 0
23606,25, 0
23607,6, 0
23608,0, 0
23609,3, 0
23610,9, 0
23611,39, 0
23612,84, 0
23613,92, 0
23614,108, 0
23615,123, 0
23616,128, 0
23617,129, 0
23618,122, 0
23619,122, 0
23620,120, 0
23621,110, 0
23622,85, 0
23623,50, 56
23624,24, 36
23625,15, 60
23626,3, 18
23627,17, 0
23628,54, 0
23629,83, 0
23630,103, 0
23631,118, 0
23632,118, 0
23633,112, 0
23634,102, 0
23635,96, 0
23636,102, 0
23637,131, 0
23638,115, 0
23639,120, 0
23640,117, 0
23641,121, 0
23642,125, 0
23643,121, 0
23644,108, 0
23645,97, 0
23646,92, 0
23647,95, 0
23648,102, 0
23649,127, 0
23650,151, 0
23651,158, 0
23652,149, 0
23653,128, 0
23654,109, 0
23655,95, 0
23656,78, 0
23657,70, 0
23658,85, 0
23659,106, 0
23660,128, 0
23661,115, 0
23662,135, 0
23663,152, 0
23664,166, 0
23665,168, 0
23666,164, 0
23667,155, 0
23668,150, 0
23669,155, 0
23670,156, 0
23671,150, 0
23672,153, 0
23673,152, 0
23674,159, 0
23675,185, 0
23676,202, 0
23677,202, 0
23678,172, 0
23679,144, 0
23680,110, 0
23681,91, 0
23682,77, 0
23683,53, 0
23684,35, 0
23685,23, 171
23686,50, 409
23687,68, 395
23688,133, 562
23689,153, 651
23690,174, 355
23691,181, 140
23692,177, 75
23693,161, 51
23694,158, 161
23695,159, 270
23696,175, 139
23697,193, 96
23698,204, 0
23699,211, 0
23700,215, 0
23701,195, 0
23702,171, 0
23703,145, 0
23704,119, 0
23705,95, 0
23706,77, 0
23707,84, 0
23708,115, 0
23709,123, 0
23710,139, 0
23711,136, 0
23712,115, 0
23713,71, 0
23714,12, 0
23715,0, 0
23716,0, 0
23717,11, 0
23718,9, 0
23719,1, 0
23720,0, 0
23721,0, 0
23722,20, 0
23723,45, 0
23724,57, 0
23725,57, 0
23726,70, 0
23727,65, 0
23728,68, 0
23729,69, 0
23730,78, 31
23731,85, 91
23732,103, 69
23733,104, 0
23734,107, 0
23735,110, 0
23736,127, 0
23737,126, 0
23738,119, 0
23739,105, 0
23740,99, 0
23741,100, 0
23742,106, 0
23743,121, 0
23744,115, 0
23745,86, 24
23746,70, 20
23747,68, 0
23748,71, 0
23749,83, 0
23750,102, 0
23751,105, 0
23752,104, 0
23753,101, 0
23754,93, 0
23755,86, 0
23756,72, 0
23757,73, 0
23758,91, 0
23759,139, 0
23760,187, 0
23761,193, 0
23762,207, 0
23763,215, 0
23764,222, 0
23765,213, 0
23766,204, 0
23767,193, 0
23768,185, 0
23769,188, 0
23770,188, 0
23771,169, 0
23772,125, 0
23773,80, 0
23774,48, 0
23775,27, 12
23776,60, 50
23777,50, 0
23778,72, 25
23779,95, 0
23780,142, 0
23781,168, 0
23782,179, 0
23783,188, 0
23784,215, 0
23785,240, 0
23786,264, 0
23787,311, 0
23788,301, 0
23789,309, 0
23790,312, 0
23791,308, 0
23792,310, 0
23793,295, 0
23794,278, 0
23795,249, 0
23796,193, 0
23797,147, 0
23798,65, 0
23799,2, 0
23800,6, 0
23801,67, 0
23802,121, 0
23803,148, 0
23804,142, 0
23805,104, 0
23806,71, 6
23807,24, 101
23808,0, 41
23809,0, 76
23810,1, 0
23811,45, 0
23812,96, 0
23813,133, 0
23814,145, 0
23815,147, 0
23816,139, 0
23817,131, 0
23818,116, 0
23819,128, 0
23820,139, 0
23821,152, 0
23822,164, 0
23823,171, 0
23824,159, 0
23825,155, 0
23826,147, 0
23827,131, 0
23828,123, 0
23829,95, 0
23830,71, 0
23831,62, 0
23832,62, 0
23833,60, 0
23834,59, 0
23835,57, 0
23836,54, 0
23837,47, 39
23838,59, 25
23839,74, 20
23840,90, 12
23841,96, 0
23842,100, 0
23843,102, 0
23844,100, 0
23845,125, 0
23846,164, 0
23847,220, 0
23848,264, 0
23849,308, 0
23850,319, 0
23851,318, 0
23852,305, 0
23853,281, 0
23854,262, 0
23855,243, 0
23856,244, 0
23857,251, 0
23858,262, 0
23859,262, 0
23860,245, 0
23861,216, 0
23862,163, 0
23863,81, 0
23864,17, 0
23865,0, 0
23866,0, 3
23867,0, 60
23868,0, 175
23869,0, 63
23870,0, 145
23871,14, 121
23872,69, 62
23873,95, 67
23874,100, 6
23875,84, 0
23876,50, 0
23877,13, 0
23878,6, 0
23879,31, 0
23880,78, 0
23881,102, 0
23882,115, 0
23883,61, 0
23884,3, 0
23885,2, 0
23886,18, 0
23887,0, 0
23888,6, 2
23889,69, 112
23890,111, 103
23891,118, 252
23892,120, 278
23893,80, 234
23894,51, 121
23895,21, 76
23896,0, 71
23897,2, 7
23898,37, 0
23899,64, 0
23900,73, 0
23901,56, 0
23902,8, 0
23903,0, 0
23904,17, 0
23905,53, 0
23906,97, 0
23907,117, 0
23908,122, 0
23909,111, 0
23910,109, 0
23911,108, 0
23912,138, 0
23913,149, 0
23914,152, 0
23915,154, 0
23916,163, 5
23917,163, 0
23918,186, 0
23919,242, 0
23920,312, 0
23921,359, 0
23922,374, 0
23923,372, 0
23924,346, 0
23925,300, 0
23926,252, 0
23927,222, 0
23928,201, 92
23929,183, 31
23930,187, 85
23931,193, 337
23932,212, 169
23933,238, 108
23934,282, 110
23935,318, 60
23936,325, 8
23937,307, 0
23938,252, 0
23939,188, 0
23940,145, 0
23941,135, 0
23942,133, 0
23943,136, 0
23944,109, 0
23945,84, 0
23946,42, 0
23947,9, 0
23948,0, 0
23949,0, 0
23950,0, 0
23951,0, 0
23952,0, 0
23953,0, 0
23954,0, 0
23955,0, 0
23956,0, 0
23957,0, 0
23958,0, 0
23959,0, 0
23960,14, 0
23961,0, 41
23962,3, 0
23963,8, 0
23964,30, 0
23965,71, 0
23966,133, 0
23967,196, 0
23968,245, 0
23969,300, 0
23970,313, 0
23971,296, 0
23972,263, 0
23973,232, 0
23974,214, 0
23975,210, 0
23976,210, 0
23977,200, 0
23978,189, 0
23979,163, 0
23980,106, 0
23981,13, 0
23982,0, 0
23983,37, 0
23984,67, 0
23985,77, 0
23986,35, 0
23987,5, 0
23988,4, 185
23989,0, 158
23990,0, 112
23991,0, 120
23992,24, 144
23993,95, 12
23994,159, 0
23995,196, 0
23996,207, 0
23997,202, 0
23998,197, 0
23999,187, 0
24000,181, 0
24001,189, 0
24002,185, 0
24003,170, 0
24004,159, 0
24005,134, 0
24006,113, 0
24007,97, 0
24008,76, 0
24009,65, 0
24010,47, 0
24011,57, 0
24012,74, 0
24013,92, 0
24014,119, 0
24015,130, 0
24016,139, 0
24017,155, 0
24018,161, 0
24019,155, 0
24020,138, 0
24021,118, 0
24022,108, 0
24023,93, 0
24024,130, 0
24025,148, 0
24026,164, 0
24027,167, 24
24028,152, 0
24029,123, 0
24030,112, 0
24031,109, 0
24032,105, 0
24033,121, 0
24034,111, 0
24035,121, 0
24036,145, 0
24037,160, 0
24038,168, 0
24039,148, 0
24040,140, 0
24041,121, 0
24042,128, 0
24043,140, 0
24044,152, 0
24045,167, 0
24046,193, 0
24047,165, 0
24048,155, 0
24049,102, 21
24050,60, 201
24051,57, 139
24052,74, 158
24053,115, 200
24054,179, 0
24055,227, 0
24056,251, 0
24057,260, 0
24058,239, 0
24059,223, 0
24060,223, 0
24061,208, 0
24062,210, 0
24063,201, 0
24064,189, 0
24065,163, 0
24066,126, 0
24067,85, 0
24068,56, 0
24069,31, 0
24070,6, 0
24071,0, 0
24072,0, 0
24073,0, 0
24074,0, 0
24075,0, 0
24076,3, 0
24077,47, 0
24078,124, 0
24079,158, 0
24080,165, 0
24081,157, 0
24082,161, 36
24083,168, 54
24084,158, 12
24085,177, 0
24086,182, 0
24087,183, 0
24088,167, 0
24089,142, 0
24090,143, 0
24091,116, 0
24092,80, 0
24093,15, 0
24094,0, 0
24095,0, 0
24096,0, 104
24097,6, 212
24098,21, 88
24099,57, 10
24100,83, 0
24101,88, 0
24102,94, 0
24103,92, 0
24104,97, 0
24105,93, 0
24106,94, 0
24107,117, 0
24108,104, 0
24109,125, 104
24110,115, 420
24111,105, 536
24112,102, 588
24113,139, 363
24114,196, 257
24115,231, 90
24116,257, 0
24117,249, 0
24118,232, 0
24119,206, 0
24120,197, 0
24121,164, 20
24122,149, 39
24123,128, 92
24124,111, 29
24125,99, 0
24126,87, 0
24127,73, 0
24128,41, 0
24129,0, 0
24130,0, 0
24131,10, 0
24132,3, 0
24133,0, 0
24134,1, 0
24135,44, 0
24136,87, 0
24137,109, 0
24138,138, 0
24139,168, 0
24140,195, 0
24141,211, 0
24142,239, 0
24143,294, 0
24144,326, 0
24145,343, 0
24146,355, 0
24147,351, 0
24148,325, 0
24149,316, 0
24150,293, 0
24151,251, 0
24152,214, 0
24153,171, 0
24154,139, 0
24155,86, 0
24156,12, 0
24157,0, 0
24158,21, 0
24159,63, 0
24160,68, 0
24161,74, 0
24162,50, 0
24163,38, 0
24164,31, 0
24165,12, 0
24166,0, 0
24167,0, 0
24168,25, 0
24169,59, 0
24170,117, 39
24171,122, 103
24172,111, 99
24173,101, 88
24174,77, 139
24175,84, 67
24176,139, 0
24177,185, 0
24178,214, 0
24179,223, 0
24180,238, 0
24181,229, 0
24182,208, 0
24183,167, 0
24184,121, 0
24185,96, 0
24186,89, 0
24187,107, 0
24188,109, 0
24189,116, 0
24190,92, 0
24191,69, 0
24192,31, 0
24193,0, 0
24194,0, 0
24195,0, 0
24196,6, 18
24197,39, 51
24198,61, 54
24199,67, 3
24200,54, 103
24201,21, 72
24202,0, 110
24203,5, 126
24204,0, 22
24205,0, 18
24206,0, 0
24207,7, 0
24208,42, 0
24209,57, 0
24210,53, 0
24211,45, 0
24212,55, 0
24213,70, 0
24214,95, 0
24215,122, 0
24216,129, 0
24217,127, 0
24218,128, 0
24219,127, 0
24220,142, 0
24221,170, 0
24222,198, 0
24223,238, 0
24224,272, 0
24225,322, 0
24226,328, 0
24227,357, 0
24228,381, 0
24229,402, 0
24230,404, 2
24231,401, 0
24232,364, 152
24233,313, 159
24234,223, 123
24235,152, 77
24236,85, 77
24237,63, 0
24238,53, 0
24239,51, 0
24240,37, 0
24241,1, 0
24242,7, 0
24243,8, 0
24244,25, 0
24245,10, 0
24246,0, 0
24247,36, 0
24248,88, 0
24249,134, 0
24250,155, 0
24251,176, 0
24252,226, 0
24253,226, 0
24254,240, 0
24255,223, 0
24256,190, 0
24257,160, 12
24258,134, 0
24259,117, 0
24260,105, 0
24261,92, 0
24262,83, 0
24263,38, 56
24264,3, 95
24265,0, 170
24266,0, 268
24267,0, 62
24268,26, 0
24269,68, 0
24270,91, 0
24271,106, 0
24272,121, 0
24273,136, 0
24274,135, 0
24275,127, 0
24276,136, 0
24277,116, 0
24278,107, 0
24279,106, 0
24280,124, 0
24281,135, 0
24282,126, 0
24283,107, 0
24284,70, 0
24285,50, 0
24286,43, 0
24287,51, 0
24288,53, 0
24289,59, 0
24290,59, 0
24291,63, 1
24292,80, 0
24293,88, 0
24294,113, 0
24295,139, 0
24296,168, 0
24297,168, 15
24298,192, 0
24299,196, 0
24300,208, 0
24301,207, 0
24302,226, 0
24303,248, 0
24304,293, 0
24305,346, 0
24306,363, 0
24307,326, 0
24308,255, 0
24309,207, 0
24310,210, 0
24311,231, 0
24312,286, 0
24313,327, 0
24314,345, 0
24315,342, 0
24316,301, 0
24317,223, 0
24318,96, 0
24319,2, 0
24320,77, 0
24321,133, 0
24322,136, 0
24323,155, 0
24324,183, 0
24325,227, 0
24326,217, 43
24327,166, 0
24328,76, 0
24329,1, 0
24330,25, 0
24331,73, 0
24332,117, 0
24333,157, 0
24334,188, 0
24335,206, 0
24336,239, 0
24337,277, 0
24338,311, 0
24339,343, 0
24340,384, 0
24341,421, 0
24342,445, 0
24343,436, 0
24344,395, 0
24345,337, 0
24346,285, 0
24347,164, 0
24348,68, 0
24349,0, 0
24350,50, 0
24351,160, 0
24352,222, 0
24353,257, 0
24354,259, 25
24355,207, 176
24356,159, 29
24357,110, 137
24358,59, 26
24359,3, 0
24360,0, 0
24361,34, 0
24362,70, 0
24363,85, 0
24364,118, 0
24365,152, 0
24366,192, 0
24367,205, 0
24368,203, 0
24369,189, 0
24370,198, 0
24371,196, 0
24372,202, 0
24373,195, 0
24374,196, 0
24375,152, 0
24376,129, 0
24377,87, 0
24378,84, 0
24379,70, 0
24380,52, 0
24381,51, 0
24382,45, 0
24383,38, 0
24384,30, 0
24385,30, 0
24386,26, 0
24387,48, 0
24388,80, 0
24389,115, 0
24390,137, 0
24391,145, 0
24392,167, 0
24393,232, 0
24394,300, 0
24395,354, 0
24396,385, 0
24397,352, 0
24398,318, 0
24399,281, 0
24400,270, 0
24401,271, 0
24402,300, 0
24403,325, 0
24404,321, 0
24405,274, 0
24406,152, 1
24407,48, 0
24408,0, 0
24409,19, 0
24410,6, 0
24411,34, 0
24412,212, 0
24413,394, 0
24414,538, 399
24415,607, 522
24416,622, 417
24417,601, 271
24418,540, 176
24419,478, 183
24420,391, 0
24421,319, 0
24422,243, 0
24423,147, 0
24424,13, 0
24425,93, 0
24426,239, 0
24427,323, 0
24428,314, 0
24429,313, 0
24430,257, 0
24431,189, 0
24432,108, 0
24433,11, 0
24434,0, 0
24435,23, 0
24436,54, 0
24437,70, 0
24438,52, 0
24439,30, 0
24440,4, 0
24441,0, 0
24442,14, 0
24443,53, 0
24444,99, 0
24445,139, 0
24446,164, 0
24447,191, 3
24448,218, 6
24449,224, 0
24450,232, 0
24451,253, 0
24452,265, 0
24453,265, 0
24454,247, 0
24455,234, 0
24456,179, 0
24457,140, 0
24458,127, 0
24459,149, 0
24460,168, 44
24461,115, 35
24462,18, 4
24463,0, 0
24464,18, 0
24465,34, 0
24466,145, 0
24467,243, 0
24468,290, 0
24469,275, 0
24470,230, 0
24471,186, 0
24472,153, 0
24473,117, 0
24474,94, 0
24475,75, 2
24476,18, 182
24477,6, 198
24478,71, 172
24479,119, 153
24480,133, 50
24481,36, 0
24482,0, 0
24483,0, 0
24484,25, 0
24485,53, 0
24486,87, 0
24487,108, 0
24488,137, 0
24489,150, 0
24490,155, 0
24491,150, 0
24492,141, 0
24493,136, 0
24494,117, 0
24495,59, 0
24496,0, 0
24497,0, 0
24498,14, 0
24499,25, 0
24500,15, 0
24501,0, 0
24502,0, 0
24503,0, 0
24504,2, 0
24505,11, 0
24506,41, 10
24507,64, 203
24508,110, 103
24509,140, 129
24510,196, 247
24511,255, 0
24512,290, 0
24513,282, 0
24514,263, 0
24515,286, 1
24516,343, 0
24517,398, 0
24518,447, 0
24519,488, 0
24520,527, 0
24521,547, 0
24522,505, 0
24523,418, 0
24524,290, 0
24525,185, 0
24526,105, 0
24527,83, 0
24528,75, 0
24529,55, 0
24530,31, 1
24531,18, 0
24532,6, 0
24533,0, 0
24534,0, 0
24535,17, 0
24536,69, 0
24537,83, 0
24538,90, 51
24539,52, 106
24540,17, 179
24541,0, 105
24542,0, 2
24543,0, 0
24544,0, 0
24545,19, 0
24546,73, 0
24547,116, 0
24548,109, 0
24549,92, 0
24550,72, 0
24551,71, 0
24552,44, 0
24553,20, 0
24554,0, 0
24555,0, 0
24556,4, 0
24557,57, 0
24558,172, 0
24559,318, 0
24560,467, 0
24561,588, 0
24562,660, 0
24563,666, 0
24564,610, 0
24565,519, 0
24566,439, 0
24567,385, 0
24568,369, 55
24569,343, 34
24570,286, 145
24571,202, 4
24572,135, 0
24573,118, 0
24574,96, 0
24575,103, 0
24576,116, 0
24577,137, 0
24578,137, 0
24579,92, 0
24580,30, 0
24581,5, 0
24582,21, 0
24583,43, 0
24584,63, 0
24585,59, 0
24586,32, 0
24587,12, 0
24588,95, 0
24589,299, 0
24590,508, 0
24591,619, 0
24592,601, 0
24593,424, 0
24594,136, 0
24595,65, 0
24596,218, 0
24597,202, 14
24598,67, 58
24599,60, 282
24600,127, 130
24601,59, 63
24602,51, 0
24603,248, 0
24604,421, 0
24605,524, 0
24606,478, 0
24607,255, 0
24608,37, 0
24609,237, 0
24610,457, 0
24611,536, 0
24612,536, 0
24613,470, 0
24614,369, 0
24615,247, 0
24616,137, 6
24617,79, 0
24618,130, 0
24619,269, 0
24620,406, 0
24621,487, 0
24622,536, 0
24623,548, 0
24624,529, 0
24625,468, 0
24626,384, 0
24627,248, 0
24628,140, 0
24629,83, 4
24630,80, 143
24631,55, 55
24632,9, 155
24633,159, 0
24634,332, 0
24635,400, 0
24636,355, 0
24637,240, 0
24638,151, 0
24639,110, 0
24640,89, 0
24641,74, 0
24642,67, 0
24643,72, 0
24644,52, 0
24645,25, 0
24646,32, 0
24647,88, 0
24648,164, 0
24649,236, 0
24650,247, 0
24651,236, 0
24652,246, 0
24653,304, 0
24654,327, 0
24655,249, 0
24656,70, 0
24657,91, 0
24658,325, 0
24659,481, 0
24660,533, 0
24661,491, 0
24662,385, 0
24663,268, 0
24664,200, 0
24665,211, 0
24666,287, 0
24667,309, 0
24668,210, 0
24669,95, 11
24670,86, 138
24671,183, 249
24672,292, 172
24673,326, 42
24674,326, 11
24675,294, 0
24676,248, 107
24677,204, 182
24678,160, 253
24679,55, 367
24680,35, 318
24681,192, 270
24682,228, 195
24683,89, 31
24684,113, 0
24685,395, 0
24686,552, 0
24687,542, 0
24688,435, 0
24689,270, 0
24690,119, 0
24691,23, 0
24692,0, 0
24693,0, 35
24694,31, 0
24695,122, 0
24696,211, 0
24697,199, 0
24698,69, 0
24699,63, 0
24700,253, 0
24701,420, 0
24702,488, 0
24703,467, 0
24704,298, 0
24705,85, 0
24706,0, 0
24707,0, 0
24708,0, 0
24709,0, 0
24710,13, 0
24711,39, 0
24712,35, 0
24713,24, 6
24714,6, 0
24715,19, 0
24716,86, 0
24717,207, 0
24718,331, 0
24719,416, 0
24720,475, 68
24721,476, 61
24722,486, 168
24723,499, 0
24724,609, 0
24725,779, 0
24726,878, 0
24727,854, 0
24728,748, 0
24729,587, 0
24730,390, 0
24731,182, 0
24732,79, 0
24733,51, 0
24734,64, 0
24735,86, 0
24736,71, 0
24737,12, 0
24738,56, 0
24739,226, 0
24740,327, 0
24741,361, 0
24742,356, 0
24743,273, 0
24744,92, 0
24745,47, 0
24746,261, 0
24747,425, 0
24748,488, 0
24749,436, 0
24750,273, 0
24751,128, 0
24752,81, 0
24753,202, 0
24754,469, 111
24755,726, 177
24756,868, 124
24757,923, 101
24758,982, 38
24759,1034, 0
24760,1009, 0
24761,853, 0
24762,608, 0
24763,297, 0
24764,39, 0
24765,252, 0
24766,431, 0
24767,458, 0
24768,396, 0
24769,334, 0
24770,265, 0
24771,183, 0
24772,134, 0
24773,135, 0
24774,155, 0
24775,125, 0
24776,76, 0
24777,8, 0
24778,0, 0
24779,17, 0
24780,137, 0
24781,238, 26
24782,318, 91
24783,376, 1
24784,385, 56
24785,343, 44
24786,265, 72
24787,149, 313
24788,58, 378
24789,13, 217
24790,13, 47
24791,12, 0
24792,4, 0
24793,9, 0
24794,71, 104
24795,81, 181
24796,83, 139
24797,107, 89
24798,155, 0
24799,179, 0
24800,126, 0
24801,41, 0
24802,0, 0
24803,6, 0
24804,99, 0
24805,223, 0
24806,305, 0
24807,354, 0
24808,356, 0
24809,290, 0
24810,202, 0
24811,160, 0
24812,206, 0
24813,321, 0
24814,503, 0
24815,682, 0
24816,878, 0
24817,1104, 0
24818,1282, 0
24819,1357, 0
24820,1275, 0
24821,1053, 0
24822,734, 0
24823,353, 0
24824,56, 0
24825,330, 0
24826,703, 0
24827,991, 0
24828,1079, 0
24829,859, 0
24830,435, 0
24831,65, 0
24832,153, 0
24833,242, 0
24834,180, 0
24835,65, 2
24836,1, 51
24837,2, 57
24838,0, 207
24839,0, 182
24840,0, 20
24841,0, 0
24842,6, 0
24843,100, 0
24844,260, 0
24845,315, 0
24846,292, 0
24847,144, 0
24848,25, 0
24849,161, 0
24850,190, 0
24851,126, 0
24852,76, 0
24853,96, 0
24854,139, 0
24855,192, 0
24856,206, 0
24857,138, 0
24858,23, 0
24859,53, 45
24860,144, 0
24861,224, 0
24862,333, 0
24863,517, 0
24864,705, 0
24865,759, 0
24866,636, 0
24867,373, 0
24868,88, 0
24869,17, 0
24870,68, 0
24871,25, 0
24872,7, 0
24873,37, 69
24874,108, 64
24875,159, 158
24876,189, 86
24877,198, 0
24878,210, 0
24879,251, 0
24880,369, 0
24881,509, 0
24882,631, 0
24883,711, 0
24884,687, 0
24885,601, 0
24886,440, 0
24887,226, 0
24888,38, 0
24889,0, 0
24890,9, 0
24891,54, 0
24892,101, 0
24893,174, 0
24894,300, 0
24895,381, 0
24896,326, 0
24897,113, 0
24898,19, 7
24899,61, 12
24900,4, 31
24901,53, 141
24902,137, 95
24903,144, 312
24904,84, 55
24905,6, 35
24906,55, 0
24907,132, 0
24908,69, 0
24909,15, 76
24910,155, 457
24911,316, 206
24912,261, 183
24913,69, 127
24914,117, 0
24915,306, 0
24916,385, 0
24917,327, 1
24918,152, 0
24919,10, 0
24920,152, 0
24921,280, 0
24922,282, 0
24923,202, 0
24924,195, 0
24925,236, 0
24926,300, 0
24927,364, 0
24928,420, 0
24929,425, 0
24930,329, 0
24931,164, 0
24932,12, 0
24933,27, 61
24934,57, 285
24935,87, 61
24936,135, 252
24937,180, 118
24938,134, 0
24939,50, 0
24940,0, 0
24941,28, 0
24942,77, 0
24943,63, 0
24944,18, 0
24945,0, 0
24946,0, 0
24947,3, 0
24948,51, 0
24949,130, 0
24950,202, 0
24951,300, 0
24952,408, 0
24953,464, 0
24954,465, 0
24955,449, 0
24956,400, 0
24957,322, 0
24958,237, 0
24959,207, 0
24960,291, 0
24961,415, 0
24962,481, 0
24963,433, 4
24964,310, 19
24965,166, 75
24966,64, 152
24967,0, 92
24968,14, 25
24969,151, 0
24970,307, 0
24971,432, 0
24972,452, 0
24973,344, 0
24974,176, 0
24975,12, 0
24976,64, 0
24977,168, 0
24978,200, 6
24979,168, 0
24980,68, 0
24981,4, 0
24982,1, 0
24983,0, 0
24984,0, 0
24985,52, 0
24986,185, 0
24987,284, 0
24988,396, 0
24989,485, 0
24990,584, 0
24991,677, 0
24992,750, 118
24993,767, 110
24994,705, 95
24995,591, 129
24996,442, 151
24997,295, 31
24998,120, 0
24999,1, 0
25000,96, 0
25001,234, 0
25002,348, 0
25003,363, 0
25004,287, 0
25005,171, 0
25006,53, 0
25007,30, 0
25008,120, 0
25009,167, 0
25010,190, 0
25011,181, 1
25012,93, 0
25013,8, 0
25014,118, 0
25015,213, 0
25016,201, 0
25017,99, 0
25018,5, 0
25019,89, 0
25020,204, 0
25021,266, 0
25022,298, 25
25023,306, 11
25024,277, 19
25025,236, 134
25026,212, 45
25027,204, 0
25028,187, 0
25029,183, 0
25030,214, 0
25031,227, 0
25032,276, 0
25033,364, 0
25034,473, 0
25035,530, 0
25036,495, 0
25037,355, 0
25038,196, 0
25039,95, 0
25040,6, 0
25041,44, 0
25042,175, 0
25043,204, 0
25044,124, 0
25045,3, 0
25046,63, 5
25047,91, 0
25048,38, 0
25049,28, 0
25050,142, 0
25051,268, 0
25052,313, 0
25053,267, 0
25054,138, 0
25055,14, 0
25056,12, 0
25057,72, 0
25058,129, 0
25059,148, 0
25060,63, 0
25061,5, 0
25062,81, 0
25063,159, 0
25064,171, 0
25065,125, 0
25066,74, 0
25067,61, 0
25068,57, 0
25069,108, 0
25070,216, 0
25071,302, 0
25072,367, 3
25073,395, 22
25074,361, 0
25075,274, 0
25076,220, 0
25077,187, 0
25078,192, 0
25079,180, 0
25080,77, 0
25081,6, 0
25082,6, 0
25083,2, 0
25084,0, 0
25085,10, 15
25086,73, 101
25087,132, 56
25088,147, 29
25089,148, 69
25090,148, 0
25091,189, 0
25092,227, 0
25093,252, 0
25094,272, 0
25095,277, 0
25096,242, 0
25097,180, 0
25098,91, 0
25099,11, 0
25100,1, 0
25101,57, 0
25102,183, 0
25103,277, 0
25104,306, 0
25105,265, 0
25106,158, 0
25107,58, 0
25108,19, 0
25109,26, 0
25110,60, 0
25111,127, 0
25112,220, 0
25113,337, 0
25114,411, 0
25115,361, 0
25116,277, 0
25117,210, 0
25118,231, 0
25119,322, 0
25120,375, 0
25121,356, 153
25122,238, 529
25123,68, 705
25124,0, 540
25125,0, 102
25126,3, 0
25127,57, 0
25128,99, 0
25129,116, 0
25130,83, 0
25131,8, 0
25132,19, 0
25133,100, 0
25134,136, 0
25135,99, 0
25136,46, 0
25137,19, 0
25138,28, 0
25139,43, 0
25140,14, 0
25141,0, 0
25142,0, 0
25143,39, 0
25144,115, 0
25145,167, 0
25146,157, 0
25147,107, 37
25148,54, 230
25149,31, 169
25150,31, 205
25151,31, 83
25152,37, 111
25153,35, 91
25154,26, 73
25155,51, 13
25156,152, 0
25157,315, 0
25158,525, 0
25159,717, 0
25160,894, 0
25161,1050, 0
25162,1143, 0
25163,1149, 0
25164,1059, 0
25165,853, 0
25166,548, 0
25167,203, 0
25168,44, 0
25169,266, 0
25170,391, 0
25171,432, 0
25172,486, 0
25173,570, 0
25174,594, 0
25175,458, 61
25176,214, 0
25177,20, 6
25178,156, 0
25179,190, 0
25180,96, 0
25181,5, 0
25182,103, 0
25183,184, 0
25184,148, 0
25185,17, 0
25186,108, 0
25187,251, 0
25188,286, 0
25189,196, 0
25190,51, 0
25191,12, 0
25192,86, 0
25193,119, 0
25194,110, 0
25195,81, 0
25196,91, 0
25197,119, 0
25198,97, 0
25199,25, 0
25200,8, 0
25201,87, 0
25202,181, 0
25203,263, 0
25204,328, 0
25205,336, 0
25206,298, 0
25207,183, 0
25208,30, 12
25209,29, 44
25210,72, 151
25211,31, 207
25212,7, 0
25213,108, 0
25214,223, 0
25215,233, 0
25216,193, 0
25217,235, 0
25218,343, 0
25219,486, 0
25220,619, 0
25221,732, 0
25222,833, 0
25223,816, 0
25224,710, 0
25225,600, 0
25226,484, 0
25227,348, 0
25228,247, 0
25229,152, 0
25230,30, 0
25231,50, 0
25232,184, 0
25233,265, 0
25234,284, 0
25235,261, 0
25236,179, 0
25237,57, 0
25238,0, 6
25239,22, 1
25240,44, 34
25241,18, 69
25242,0, 0
25243,11, 0
25244,40, 0
25245,12, 0
25246,101, 0
25247,361, 0
25248,525, 0
25249,596, 0
25250,540, 0
25251,414, 0
25252,254, 0
25253,93, 0
25254,0, 0
25255,47, 0
25256,116, 0
25257,173, 0
25258,238, 0
25259,245, 0
25260,218, 0
25261,141, 0
25262,15, 0
25263,25, 0
25264,89, 0
25265,123, 0
25266,159, 0
25267,197, 72
25268,181, 290
25269,130, 153
25270,84, 169
25271,56, 236
25272,120, 124
25273,223, 0
25274,286, 0
25275,313, 0
25276,308, 0
25277,294, 0
25278,270, 0
25279,261, 0
25280,284, 0
25281,341, 0
25282,333, 0
25283,289, 0
25284,220, 0
25285,122, 0
25286,47, 0
25287,0, 0
25288,42, 0
25289,143, 0
25290,229, 0
25291,300, 0
25292,355, 0
25293,431, 0
25294,538, 0
25295,630, 0
25296,604, 0
25297,398, 0
25298,78, 0
25299,172, 0
25300,314, 0
25301,248, 0
25302,83, 0
25303,10, 0
25304,70, 0
25305,44, 0
25306,0, 0
25307,4, 0
25308,57, 0
25309,100, 0
25310,112, 0
25311,72, 0
25312,18, 0
25313,31, 0
25314,173, 0
25315,296, 0
25316,370, 0
25317,330, 0
25318,188, 0
25319,26, 11
25320,60, 0
25321,170, 0
25322,203, 0
25323,131, 0
25324,15, 0
25325,29, 0
25326,115, 0
25327,179, 0
25328,217, 0
25329,279, 197
25330,381, 279
25331,494, 208
25332,573, 189
25333,618, 86
25334,650, 0
25335,616, 0
25336,551, 0
25337,447, 0
25338,285, 0
25339,72, 0
25340,23, 0
25341,88, 0
25342,46, 0
25343,0, 0
25344,12, 0
25345,17, 0
25346,7, 0
25347,18, 0
25348,0, 0
25349,0, 0
25350,31, 0
25351,90, 0
25352,130, 0
25353,171, 0
25354,226, 0
25355,286, 0
25356,325, 0
25357,306, 0
25358,255, 0
25359,165, 0
25360,51, 0
25361,1, 0
25362,18, 0
25363,74, 0
25364,136, 0
25365,186, 0
25366,175, 0
25367,111, 0
25368,10, 0
25369,39, 0
25370,132, 0
25371,211, 0
25372,242, 0
25373,203, 0
25374,159, 0
25375,240, 0
25376,490, 0
25377,751, 0
25378,902, 0
25379,937, 0
25380,865, 0
25381,700, 0
25382,487, 0
25383,211, 0
25384,35, 11
25385,247, 2
25386,444, 0
25387,526, 0
25388,491, 0
25389,339, 0
25390,175, 0
25391,34, 6
25392,15, 0
25393,93, 191
25394,168, 165
25395,197, 0
25396,192, 0
25397,128, 0
25398,24, 0
25399,0, 0
25400,1, 0
25401,0, 0
25402,21, 0
25403,42, 0
25404,12, 0
25405,0, 0
25406,0, 0
25407,0, 0
25408,0, 0
25409,0, 0
25410,0, 0
25411,0, 0
25412,0, 0
25413,24, 0
25414,84, 0
25415,121, 0
25416,144, 0
25417,154, 0
25418,167, 0
25419,189, 0
25420,207, 0
25421,223, 1
25422,230, 152
25423,192, 155
25424,134, 44
25425,113, 14
25426,111, 0
25427,132, 0
25428,152, 0
25429,198, 0
25430,249, 0
25431,267, 0
25432,276, 0
25433,282, 0
25434,263, 0
25435,260, 0
25436,245, 0
25437,239, 0
25438,223, 0
25439,189, 0
25440,145, 0
25441,102, 0
25442,65, 0
25443,69, 0
25444,51, 0
25445,22, 0
25446,31, 0
25447,92, 0
25448,163, 0
25449,222, 0
25450,294, 0
25451,354, 0
25452,368, 13
25453,355, 15
25454,368, 47
25455,355, 83
25456,359, 0
25457,338, 0
25458,307, 0
25459,263, 0
25460,212, 0
25461,110, 0
25462,4, 0
25463,72, 0
25464,173, 0
25465,204, 0
25466,184, 0
25467,105, 0
25468,12, 0
25469,31, 0
25470,77, 0
25471,57, 0
25472,3, 0
25473,0, 0
25474,0, 0
25475,18, 0
25476,115, 0
25477,203, 0
25478,271, 0
25479,330, 0
25480,353, 0
25481,325, 0
25482,205, 0
25483,52, 0
25484,0, 67
25485,0, 78
25486,42, 103
25487,126, 0
25488,159, 0
25489,176, 0
25490,174, 0
25491,200, 0
25492,242, 0
25493,283, 0
25494,313, 0
25495,333, 0
25496,308, 0
25497,223, 0
25498,118, 0
25499,56, 0
25500,40, 0
25501,57, 0
25502,26, 0
25503,9, 0
25504,124, 3
25505,233, 0
25506,277, 6
25507,257, 3
25508,211, 0
25509,134, 0
25510,51, 0
25511,0, 0
25512,2, 197
25513,3, 185
25514,8, 359
25515,2, 216
25516,0, 159
25517,24, 17
25518,159, 0
25519,384, 0
25520,653, 0
25521,859, 0
25522,963, 0
25523,951, 0
25524,809, 0
25525,624, 0
25526,470, 0
25527,351, 0
25528,237, 0
25529,112, 0
25530,27, 0
25531,0, 0
25532,10, 0
25533,57, 0
25534,123, 0
25535,180, 0
25536,208, 0
25537,193, 0
25538,112, 0
25539,44, 0
25540,21, 0
25541,48, 0
25542,89, 0
25543,73, 175
25544,11, 166
25545,5, 368
25546,62, 223
25547,172, 3
25548,293, 0
25549,383, 0
25550,444, 0
25551,484, 0
25552,445, 0
25553,387, 0
25554,316, 0
25555,229, 0
25556,126, 0
25557,12, 0
25558,51, 0
25559,204, 0
25560,312, 0
25561,313, 0
25562,198, 0
25563,32, 0
25564,63, 0
25565,189, 0
25566,237, 0
25567,300, 0
25568,413, 0
25569,513, 0
25570,558, 0
25571,546, 3
25572,503, 9
25573,394, 0
25574,282, 39
25575,197, 42
25576,73, 170
25577,0, 50
25578,26, 0
25579,63, 0
25580,12, 0
25581,99, 0
25582,282, 0
25583,361, 0
25584,355, 0
25585,294, 0
25586,217, 0
25587,83, 0
25588,6, 0
25589,0, 0
25590,70, 0
25591,189, 0
25592,308, 0
25593,365, 0
25594,365, 0
25595,255, 0
25596,63, 0
25597,17, 0
25598,60, 0
25599,37, 0
25600,37, 0
25601,63, 54
25602,124, 103
25603,155, 99
25604,140, 8
25605,145, 0
25606,169, 0
25607,175, 0
25608,220, 0
25609,311, 0
25610,375, 0
25611,387, 0
25612,368, 0
25613,348, 0
25614,338, 0
25615,322, 0
25616,245, 0
25617,182, 0
25618,159, 0
25619,170, 0
25620,191, 0
25621,185, 0
25622,149, 0
25623,108, 0
25624,70, 0
25625,58, 0
25626,57, 0
25627,56, 1
25628,63, 61
25629,80, 133
25630,117, 170
25631,180, 108
25632,165, 127
25633,130, 108
25634,58, 13
25635,6, 0
25636,0, 0
25637,13, 0
25638,108, 0
25639,218, 0
25640,254, 0
25641,223, 0
25642,137, 0
25643,44, 13
25644,2, 0
25645,44, 0
25646,134, 0
25647,179, 0
25648,197, 0
25649,179, 0
25650,142, 0
25651,157, 0
25652,133, 0
25653,80, 0
25654,8, 0
25655,0, 0
25656,1, 0
25657,60, 0
25658,154, 0
25659,223, 0
25660,228, 0
25661,200, 0
25662,197, 0
25663,238, 0
25664,279, 0
25665,285, 15
25666,257, 36
25667,207, 0
25668,164, 0
25669,99, 0
25670,77, 0
25671,76, 0
25672,89, 0
25673,130, 0
25674,154, 0
25675,187, 0
25676,199, 0
25677,211, 0
25678,207, 0
25679,157, 0
25680,88, 0
25681,73, 0
25682,115, 0
25683,158, 0
25684,165, 0
25685,145, 0
25686,117, 0
25687,92, 0
25688,83, 0
25689,83, 0
25690,63, 0
25691,19, 0
25692,0, 0
25693,0, 50
25694,0, 127
25695,1, 279
25696,0, 244
25697,0, 183
25698,0, 118
25699,10, 151
25700,51, 0
25701,64, 0
25702,78, 0
25703,83, 0
25704,110, 0
25705,149, 0
25706,158, 0
25707,145, 12
25708,92, 10
25709,65, 69
25710,51, 13
25711,47, 0
25712,77, 0
25713,92, 0
25714,127, 0
25715,165, 0
25716,221, 0
25717,258, 0
25718,235, 0
25719,139, 0
25720,44, 0
25721,0, 0
25722,0, 0
25723,58, 0
25724,227, 0
25725,357, 0
25726,404, 0
25727,318, 0
25728,142, 35
25729,11, 116
25730,78, 2
25731,115, 0
25732,87, 0
25733,51, 0
25734,13, 0
25735,1, 0
25736,4, 0
25737,51, 0
25738,119, 0
25739,160, 0
25740,207, 0
25741,220, 0
25742,259, 0
25743,272, 0
25744,246, 0
25745,216, 0
25746,184, 0
25747,133, 0
25748,42, 0
25749,0, 38
25750,11, 133
25751,12, 20
25752,1, 9
25753,86, 0
25754,204, 0
25755,247, 0
25756,235, 36
25757,236, 57
25758,240, 164
25759,234, 112
25760,219, 117
25761,174, 37
25762,83, 0
25763,1, 0
25764,0, 0
25765,19, 0
25766,164, 0
25767,299, 0
25768,348, 0
25769,304, 0
25770,183, 0
25771,92, 0
25772,38, 0
25773,29, 0
25774,26, 0
25775,40, 0
25776,55, 0
25777,76, 0
25778,102, 0
25779,135, 0
25780,189, 0
25781,248, 0
25782,251, 0
25783,267, 0
25784,257, 0
25785,238, 0
25786,170, 10
25787,102, 130
25788,74, 91
25789,41, 181
25790,28, 200
25791,2, 0
25792,5, 0
25793,0, 0
25794,0, 0
25795,0, 0
25796,3, 0
25797,21, 0
25798,37, 0
25799,25, 0
25800,14, 0
25801,1, 0
25802,6, 0
25803,29, 0
25804,91, 0
25805,141, 0
25806,184, 0
25807,188, 0
25808,170, 0
25809,134, 0
25810,112, 0
25811,120, 0
25812,133, 0
25813,160, 0
25814,184, 0
25815,196, 0
25816,164, 52
25817,99, 40
25818,30, 137
25819,9, 226
25820,0, 100
25821,0, 100
25822,22, 0
25823,84, 0
25824,127, 0
25825,158, 0
25826,154, 0
25827,139, 0
25828,120, 0
25829,119, 0
25830,123, 0
25831,135, 0
25832,113, 0
25833,52, 0
25834,3, 0
25835,0, 0
25836,5, 0
25837,35, 0
25838,70, 0
25839,102, 0
25840,172, 0
25841,193, 0
25842,218, 0
25843,208, 0
25844,210, 0
25845,215, 0
25846,213, 57
25847,172, 58
25848,125, 62
25849,125, 3
25850,186, 0
25851,243, 0
25852,263, 0
25853,238, 0
25854,148, 0
25855,58, 0
25856,19, 0
25857,19, 0
25858,32, 0
25859,51, 0
25860,44, 0
25861,24, 0
25862,1, 0
25863,0, 0
25864,29, 0
25865,111, 0
25866,168, 0
25867,197, 0
25868,218, 0
25869,230, 0
25870,244, 0
25871,268, 0
25872,253, 0
25873,263, 0
25874,247, 0
25875,204, 0
25876,170, 0
25877,143, 0
25878,123, 172
25879,106, 297
25880,134, 290
25881,164, 309
25882,164, 201
25883,159, 56
25884,124, 0
25885,88, 0
25886,62, 0
25887,52, 0
25888,31, 0
25889,39, 0
25890,51, 0
25891,44, 0
25892,31, 0
25893,28, 0
25894,60, 0
25895,91, 0
25896,120, 0
25897,133, 0
25898,159, 0
25899,183, 0
25900,193, 0
25901,188, 0
25902,188, 0
25903,211, 0
25904,249, 0
25905,251, 0
25906,182, 59
25907,108, 40
25908,62, 0
25909,51, 83
25910,34, 108
25911,6, 103
25912,0, 156
25913,0, 0
25914,0, 0
25915,0, 0
25916,0, 0
25917,0, 0
25918,24, 0
25919,51, 0
25920,67, 0
25921,68, 0
25922,72, 0
25923,78, 0
25924,88, 0
25925,99, 0
25926,106, 0
25927,105, 0
25928,89, 0
25929,79, 0
25930,63, 0
25931,44, 0
25932,23, 0
25933,30, 0
25934,58, 0
25935,41, 0
25936,58, 0
25937,70, 0
25938,55, 6
25939,46, 96
25940,62, 78
25941,104, 129
25942,159, 145
25943,210, 0
25944,238, 0
25945,235, 0
25946,227, 0
25947,251, 0
25948,274, 0
25949,348, 0
25950,389, 0
25951,385, 0
25952,355, 0
25953,308, 0
25954,259, 0
25955,199, 0
25956,115, 0
25957,12, 0
25958,12, 0
25959,74, 0
25960,74, 0
25961,9, 0
25962,3, 0
25963,60, 0
25964,106, 0
25965,132, 0
25966,124, 0
25967,137, 0
25968,155, 0
25969,196, 0
25970,232, 0
25971,244, 0
25972,238, 0
25973,251, 0
25974,219, 0
25975,157, 0
25976,41, 0
25977,2, 0
25978,28, 0
25979,14, 0
25980,0, 0
25981,0, 0
25982,0, 0
25983,0, 0
25984,0, 0
25985,13, 0
25986,26, 0
25987,70, 0
25988,106, 0
25989,129, 0
25990,122, 0
25991,102, 0
25992,102, 1
25993,93, 0
25994,121, 0
25995,137, 0
25996,149, 0
25997,137, 15
25998,127, 76
25999,115, 292
26000,104, 245
26001,91, 368
26002,86, 202
26003,97, 76
26004,99, 7
26005,96, 0
26006,84, 0
26007,83, 0
26008,117, 0
26009,165, 0
26010,189, 0
26011,176, 0
26012,160, 0
26013,147, 0
26014,139, 0
26015,156, 0
26016,138, 0
26017,143, 0
26018,145, 0
26019,151, 0
26020,164, 0
26021,169, 0
26022,181, 0
26023,179, 0
26024,176, 0
26025,160, 0
26026,139, 0
26027,133, 0
26028,145, 0
26029,133, 0
26030,108, 0
26031,79, 0
26032,61, 0
26033,27, 0
26034,0, 0
26035,1, 0
26036,21, 0
26037,102, 0
26038,152, 0
26039,156, 0
26040,141, 0
26041,133, 0
26042,139, 0
26043,163, 0
26044,216, 0
26045,246, 0
26046,234, 0
26047,180, 0
26048,103, 0
26049,53, 0
26050,67, 0
26051,119, 0
26052,145, 0
26053,135, 0
26054,112, 0
26055,104, 0
26056,122, 0
26057,131, 0
26058,151, 0
26059,173, 239
26060,174, 425
26061,121, 613
26062,92, 552
26063,24, 312
26064,12, 189
26065,24, 12
26066,88, 0
26067,131, 0
26068,144, 0
26069,120, 0
26070,95, 0
26071,96, 0
26072,108, 0
26073,115, 0
26074,110, 0
26075,104, 0
26076,95, 0
26077,70, 0
26078,23, 0
26079,21, 0
26080,37, 0
26081,77, 0
26082,107, 0
26083,120, 0
26084,139, 0
26085,139, 0
26086,129, 0
26087,118, 0
26088,107, 0
26089,95, 0
26090,75, 0
26091,53, 0
26092,45, 0
26093,43, 0
26094,51, 0
26095,52, 0
26096,80, 0
26097,93, 0
26098,99, 0
26099,85, 0
26100,71, 0
26101,64, 0
26102,52, 0
26103,47, 0
26104,48, 0
26105,58, 0
26106,67, 0
26107,85, 0
26108,99, 0
26109,121, 0
26110,151, 0
26111,190, 0
26112,221, 0
26113,226, 0
26114,183, 0
26115,123, 0
26116,77, 0
26117,89, 0
26118,101, 0
26119,94, 0
26120,63, 0
26121,29, 0
26122,0, 0
26123,0, 0
26124,21, 2
26125,113, 51
26126,205, 0
26127,277, 0
26128,270, 0
26129,214, 0
26130,185, 0
26131,205, 0
26132,233, 0
26133,234, 0
26134,182, 0
26135,110, 0
26136,64, 0
26137,25, 0
26138,17, 0
26139,19, 0
26140,34, 0
26141,57, 0
26142,85, 0
26143,115, 0
26144,126, 0
26145,119, 0
26146,89, 0
26147,91, 0
26148,87, 0
26149,81, 0
26150,93, 0
26151,90, 0
26152,71, 0
26153,52, 0
26154,57, 0
26155,53, 0
26156,64, 0
26157,103, 0
26158,117, 0
26159,135, 0
26160,132, 0
26161,127, 0
26162,115, 0
26163,109, 0
26164,102, 0
26165,101, 0
26166,100, 0
26167,93, 0
26168,93, 0
26169,85, 0
26170,88, 0
26171,91, 0
26172,93, 0
26173,102, 0
26174,102, 0
26175,102, 0
26176,108, 0
26177,99, 0
26178,97, 0
26179,87, 0
26180,94, 0
26181,94, 0
26182,83, 314
26183,57, 441
26184,48, 427
26185,51, 329
26186,58, 237
26187,81, 21
26188,115, 0
26189,121, 0
26190,92, 0
26191,73, 0
26192,95, 0
26193,140, 84
26194,181, 138
26195,200, 252
26196,202, 198
26197,214, 28
26198,221, 0
26199,235, 4
26200,239, 0
26201,228, 0
26202,215, 0
26203,198, 0
26204,185, 0
26205,153, 0
26206,120, 0
26207,75, 0
26208,43, 0
26209,19, 0
26210,19, 0
26211,19, 0
26212,27, 0
26213,34, 0
26214,35, 0
26215,34, 0
26216,38, 9
26217,38, 0
26218,69, 0
26219,91, 0
26220,102, 0
26221,113, 0
26222,118, 0
26223,113, 0
26224,122, 0
26225,133, 0
26226,132, 0
26227,127, 0
26228,118, 0
26229,108, 6
26230,101, 0
26231,91, 0
26232,85, 0
26233,83, 0
26234,91, 0
26235,86, 0
26236,90, 6
26237,107, 0
26238,92, 0
26239,108, 0
26240,106, 0
26241,104, 0
26242,110, 0
26243,100, 47
26244,75, 169
26245,69, 321
26246,64, 300
26247,75, 184
26248,75, 0
26249,102, 0
26250,118, 0
26251,128, 0
26252,126, 0
26253,125, 0
26254,133, 0
26255,132, 0
26256,137, 0
26257,136, 0
26258,139, 0
26259,133, 0
26260,139, 0
26261,137, 0
26262,133, 0
26263,128, 0
26264,133, 0
26265,123, 0
26266,127, 0
26267,129, 0
26268,121, 0
26269,123, 0
26270,123, 0
26271,122, 0
26272,119, 0
26273,110, 0
26274,87, 0
26275,75, 0
26276,67, 0
26277,57, 0
26278,84, 0
26279,115, 0
26280,121, 0
26281,139, 0
26282,131, 0
26283,130, 0
26284,123, 0
26285,124, 0
26286,121, 0
26287,121, 0
26288,110, 0
26289,117, 0
26290,102, 0
26291,109, 0
26292,113, 0
26293,108, 0
26294,109, 0
26295,116, 0
26296,108, 0
26297,105, 0
26298,99, 0
26299,109, 0
26300,103, 0
26301,105, 0
26302,107, 0
26303,108, 0
26304,97, 0
26305,87, 14
26306,78, 8
26307,101, 0
26308,84, 0
26309,102, 0
26310,125, 0
26311,145, 0
26312,135, 0
26313,140, 0
26314,139, 35
26315,138, 101
26316,147, 156
26317,144, 71
26318,159, 0
26319,137, 0
26320,125, 0
26321,120, 0
26322,116, 0
26323,117, 0
26324,116, 0
26325,111, 0
26326,116, 0
26327,112, 30
26328,116, 19
26329,117, 0
26330,108, 3
26331,121, 0
26332,123, 0
26333,118, 0
26334,110, 0
26335,87, 0
26336,79, 0
26337,72, 0
26338,69, 0
26339,94, 0
26340,94, 0
26341,106, 0
26342,120, 0
26343,122, 0
26344,121, 0
26345,133, 0
26346,118, 0
26347,112, 0
26348,120, 0
26349,122, 0
26350,116, 0
26351,116, 0
26352,102, 0
26353,95, 0
26354,95, 0
26355,96, 0
26356,91, 0
26357,99, 0
26358,101, 0
26359,96, 0
26360,97, 0
26361,99, 0
26362,101, 0
26363,109, 0
26364,113, 0
26365,95, 0
26366,89, 127
26367,65, 111
26368,76, 0
26369,70, 45
26370,85, 0
26371,102, 0
26372,131, 0
26373,132, 0
26374,133, 0
26375,129, 0
26376,131, 0
26377,115, 0
26378,126, 0
26379,127, 0
26380,121, 0
26381,123, 0
26382,123, 0
26383,121, 0
26384,119, 0
26385,110, 0
26386,115, 0
26387,117, 0
26388,107, 0
26389,113, 0
26390,113, 0
26391,115, 0
26392,119, 4
26393,115, 0
26394,118, 0
26395,100, 0
26396,77, 0
26397,54, 0
26398,60, 0
26399,63, 0
26400,62, 0
26401,104, 0
26402,124, 0
26403,132, 0
26404,133, 0
26405,123, 0
26406,123, 0
26407,118, 0
26408,110, 0
26409,112, 0
26410,108, 0
26411,103, 0
26412,108, 0
26413,108, 0
26414,111, 0
26415,102, 0
26416,112, 0
26417,102, 0
26418,101, 0
26419,96, 0
26420,102, 0
26421,102, 0
26422,107, 0
26423,108, 0
26424,112, 0
26425,104, 0
26426,96, 14
26427,77, 203
26428,64, 126
26429,57, 264
26430,58, 123
26431,79, 89
26432,104, 12
26433,106, 0
26434,123, 0
26435,124, 0
26436,120, 0
26437,123, 0
26438,117, 0
26439,124, 2
26440,128, 0
26441,131, 0
26442,129, 0
26443,133, 0
26444,135, 0
26445,150, 0
26446,141, 0
26447,139, 0
26448,130, 0
26449,123, 0
26450,129, 0
26451,129, 0
26452,125, 0
26453,128, 0
26454,127, 0
26455,127, 0
26456,108, 0
26457,89, 0
26458,63, 8
26459,65, 0
26460,59, 0
26461,73, 0
26462,88, 0
26463,117, 0
26464,128, 0
26465,120, 0
26466,125, 0
26467,115, 0
26468,113, 0
26469,122, 0
26470,109, 0
26471,108, 0
26472,108, 0
26473,113, 0
26474,108, 0
26475,103, 0
26476,103, 0
26477,108, 0
26478,108, 0
26479,115, 0
26480,113, 0
26481,95, 0
26482,95, 0
26483,91, 0
26484,102, 0
26485,110, 0
26486,118, 0
26487,92, 0
26488,72, 161
26489,61, 9
26490,62, 19
26491,64, 0
26492,91, 0
26493,118, 0
26494,126, 0
26495,127, 0
26496,133, 0
26497,138, 0
26498,137, 0
26499,131, 0
26500,129, 7
26501,121, 0
26502,124, 0
26503,121, 0
26504,121, 0
26505,123, 0
26506,123, 0
26507,132, 0
26508,123, 0
26509,121, 0
26510,121, 0
26511,127, 3
26512,129, 0
26513,125, 0
26514,127, 0
26515,129, 0
26516,119, 0
26517,104, 0
26518,74, 0
26519,60, 0
26520,51, 0
26521,56, 26
26522,63, 0
26523,91, 0
26524,105, 0
26525,116, 0
26526,123, 0
26527,125, 0
26528,121, 0
26529,117, 0
26530,117, 0
26531,110, 0
26532,118, 0
26533,112, 0
26534,109, 0
26535,120, 0
26536,108, 0
26537,109, 0
26538,106, 0
26539,103, 0
26540,110, 0
26541,111, 0
26542,102, 0
26543,104, 0
26544,102, 0
26545,105, 0
26546,106, 0
26547,103, 0
26548,92, 3
26549,75, 223
26550,60, 76
26551,56, 116
26552,55, 74
26553,70, 0
26554,111, 0
26555,122, 0
26556,128, 0
26557,120, 0
26558,119, 0
26559,123, 0
26560,119, 0
26561,124, 1
26562,124, 0
26563,127, 0
26564,132, 0
26565,126, 0
26566,131, 0
26567,125, 0
26568,135, 0
26569,127, 0
26570,126, 0
26571,122, 0
26572,124, 0
26573,120, 0
26574,125, 0
26575,118, 0
26576,121, 0
26577,133, 0
26578,97, 0
26579,76, 0
26580,57, 0
26581,54, 0
26582,63, 0
26583,57, 0
26584,89, 0
26585,118, 0
26586,123, 0
26587,121, 0
26588,119, 0
26589,108, 0
26590,102, 0
26591,102, 0
26592,100, 0
26593,100, 4
26594,108, 157
26595,109, 77
26596,112, 12
26597,93, 0
26598,109, 0
26599,102, 0
26600,108, 0
26601,115, 0
26602,123, 0
26603,117, 0
26604,112, 0
26605,113, 0
26606,109, 0
26607,115, 0
26608,115, 10
26609,93, 44
26610,76, 87
26611,61, 95
26612,67, 38
26613,69, 88
26614,78, 0
26615,115, 0
26616,126, 0
26617,130, 0
26618,133, 0
26619,133, 0
26620,127, 0
26621,125, 0
26622,120, 0
26623,121, 0
26624,121, 2
26625,117, 0
26626,111, 0
26627,111, 0
26628,112, 0
26629,115, 0
26630,106, 0
26631,107, 0
26632,112, 0
26633,111, 0
26634,117, 0
26635,115, 0
26636,117, 0
26637,111, 0
26638,116, 0
26639,104, 0
26640,84, 0
26641,60, 0
26642,63, 0
26643,57, 0
26644,75, 0
26645,109, 0
26646,121, 0
26647,127, 0
26648,123, 0
26649,126, 0
26650,116, 0
26651,111, 0
26652,111, 0
26653,115, 0
26654,106, 0
26655,102, 0
26656,108, 0
26657,122, 0
26658,115, 0
26659,104, 0
26660,109, 0
26661,110, 0
26662,113, 0
26663,106, 0
26664,127, 0
26665,102, 0
26666,102, 0
26667,117, 0
26668,113, 0
26669,104, 0
26670,83, 0
26671,68, 134
26672,40, 78
26673,54, 96
26674,64, 158
26675,89, 11
26676,121, 0
26677,122, 0
26678,117, 0
26679,116, 0
26680,115, 0
26681,102, 0
26682,105, 0
26683,107, 0
26684,111, 0
26685,120, 0
26686,127, 0
26687,126, 0
26688,128, 0
26689,122, 0
26690,119, 0
26691,119, 0
26692,115, 0
26693,117, 0
26694,102, 0
26695,104, 0
26696,106, 0
26697,100, 0
26698,102, 0
26699,101, 0
26700,85, 0
26701,67, 0
26702,51, 0
26703,44, 0
26704,64, 0
26705,70, 0
26706,93, 0
26707,116, 0
26708,125, 0
26709,124, 0
26710,124, 0
26711,112, 0
26712,113, 0
26713,115, 0
26714,117, 0
26715,118, 0
26716,102, 0
26717,106, 0
26718,97, 0
26719,105, 0
26720,106, 0
26721,102, 0
26722,100, 0
26723,100, 0
26724,101, 0
26725,88, 0
26726,101, 0
26727,96, 0
26728,89, 0
26729,83, 0
26730,86, 0
26731,69, 31
26732,57, 75
26733,46, 115
26734,45, 0
26735,62, 53
26736,83, 0
26737,113, 0
26738,122, 0
26739,128, 0
26740,124, 0
26741,126, 4
26742,125, 0
26743,125, 0
26744,123, 0
26745,132, 0
26746,124, 0
26747,120, 0
26748,115, 0
26749,115, 0
26750,120, 0
26751,122, 0
26752,125, 0
26753,118, 0
26754,118, 0
26755,126, 0
26756,125, 0
26757,122, 0
26758,116, 0
26759,121, 0
26760,111, 0
26761,90, 0
26762,83, 0
26763,72, 92
26764,70, 3
26765,78, 133
26766,86, 0
26767,107, 0
26768,122, 0
26769,128, 0
26770,124, 0
26771,122, 0
26772,115, 0
26773,115, 0
26774,118, 0
26775,115, 0
26776,116, 0
26777,113, 0
26778,116, 0
26779,107, 0
26780,102, 0
26781,126, 0
26782,107, 0
26783,107, 0
26784,108, 0
26785,115, 0
26786,120, 0
26787,119, 0
26788,110, 0
26789,113, 0
26790,116, 27
26791,107, 0
26792,90, 1
26793,67, 46
26794,62, 229
26795,61, 59
26796,76, 84
26797,100, 0
26798,126, 0
26799,137, 0
26800,138, 0
26801,140, 0
26802,131, 0
26803,127, 0
26804,127, 0
26805,126, 0
26806,126, 0
26807,122, 0
26808,129, 0
26809,126, 0
26810,125, 0
26811,115, 0
26812,124, 0
26813,120, 0
26814,121, 0
26815,116, 0
26816,121, 0
26817,121, 0
26818,119, 0
26819,115, 0
26820,111, 0
26821,104, 0
26822,89, 0
26823,57, 0
26824,56, 167
26825,51, 60
26826,54, 88
26827,69, 40
26828,99, 0
26829,96, 0
26830,108, 0
26831,107, 0
26832,111, 0
26833,102, 0
26834,102, 0
26835,101, 0
26836,108, 0
26837,100, 0
26838,105, 0
26839,120, 0
26840,102, 0
26841,93, 0
26842,100, 0
26843,97, 0
26844,104, 0
26845,95, 0
26846,103, 0
26847,101, 0
26848,101, 0
26849,120, 0
26850,105, 0
26851,107, 0
26852,91, 0
26853,78, 73
26854,61, 246
26855,44, 156
26856,43, 118
26857,53, 53
26858,83, 0
26859,96, 0
26860,105, 0
26861,109, 0
26862,113, 0
26863,118, 0
26864,118, 0
26865,117, 0
26866,123, 0
26867,123, 0
26868,110, 0
26869,121, 0
26870,122, 0
26871,119, 0
26872,119, 0
26873,110, 0
26874,121, 0
26875,122, 0
26876,118, 0
26877,118, 0
26878,112, 0
26879,120, 0
26880,112, 0
26881,112, 0
26882,109, 0
26883,86, 0
26884,67, 0
26885,54, 0
26886,54, 0
26887,55, 0
26888,80, 0
26889,131, 0
26890,122, 0
26891,131, 0
26892,129, 0
26893,127, 0
26894,118, 0
26895,132, 0
26896,118, 0
26897,117, 0
26898,112, 0
26899,107, 0
26900,111, 0
26901,106, 0
26902,96, 0
26903,106, 0
26904,108, 0
26905,111, 0
26906,104, 0
26907,110, 0
26908,116, 0
26909,111, 0
26910,110, 0
26911,115, 0
26912,112, 0
26913,97, 62
26914,93, 214
26915,72, 296
26916,65, 149
26917,57, 136
26918,72, 151
26919,93, 0
26920,121, 0
26921,122, 0
26922,138, 0
26923,132, 0
26924,138, 0
26925,132, 0
26926,132, 0
26927,133, 0
26928,127, 0
26929,120, 0
26930,127, 0
26931,128, 0
26932,124, 0
26933,124, 0
26934,128, 0
26935,127, 0
26936,121, 0
26937,133, 0
26938,121, 0
26939,113, 0
26940,111, 0
26941,106, 0
26942,105, 0
26943,96, 0
26944,86, 0
26945,65, 0
26946,53, 0
26947,57, 0
26948,57, 6
26949,76, 0
26950,124, 0
26951,117, 4
26952,111, 0
26953,125, 0
26954,111, 0
26955,108, 0
26956,116, 0
26957,112, 0
26958,113, 0
26959,109, 0
26960,102, 0
26961,112, 0
26962,108, 0
26963,108, 0
26964,113, 0
26965,111, 0
26966,113, 0
26967,115, 0
26968,112, 0
26969,109, 0
26970,115, 0
26971,133, 0
26972,123, 0
26973,111, 0
26974,102, 0
26975,94, 256
26976,78, 195
26977,79, 190
26978,63, 32
26979,73, 1
26980,92, 0
26981,115, 0
26982,124, 0
26983,132, 0
26984,132, 0
26985,122, 0
26986,124, 0
26987,128, 0
26988,115, 0
26989,117, 0
26990,113, 0
26991,119, 0
26992,118, 0
26993,113, 0
26994,111, 0
26995,115, 0
26996,113, 0
26997,113, 0
26998,112, 0
26999,124, 0
27000,116, 0
27001,88, 0
27002,109, 0
27003,103, 0
27004,102, 0
27005,80, 0
27006,57, 0
27007,42, 107
27008,38, 148
27009,40, 79
27010,57, 0
27011,85, 0
27012,107, 0
27013,113, 0
27014,122, 0
27015,115, 0
27016,122, 0
27017,121, 0
27018,120, 0
27019,115, 0
27020,111, 0
27021,134, 0
27022,110, 3
27023,102, 0
27024,105, 0
27025,100, 0
27026,99, 0
27027,92, 0
27028,90, 0
27029,95, 0
27030,97, 0
27031,92, 0
27032,89, 0
27033,100, 0
27034,96, 0
27035,91, 3
27036,75, 190
27037,53, 191
27038,57, 276
27039,43, 189
27040,57, 103
27041,85, 24
27042,102, 4
27043,119, 0
27044,123, 0
27045,121, 0
27046,127, 0
27047,122, 0
27048,127, 0
27049,129, 0
27050,124, 0
27051,124, 0
27052,125, 0
27053,123, 0
27054,108, 0
27055,122, 0
27056,121, 0
27057,117, 0
27058,126, 0
27059,115, 0
27060,125, 0
27061,127, 0
27062,123, 0
27063,124, 0
27064,127, 0
27065,115, 0
27066,92, 0
27067,68, 0
27068,59, 0
27069,64, 0
27070,57, 0
27071,77, 0
27072,101, 0
27073,120, 0
27074,121, 0
27075,131, 0
27076,127, 0
27077,122, 0
27078,126, 0
27079,126, 0
27080,121, 0
27081,120, 0
27082,119, 0
27083,108, 0
27084,105, 0
27085,101, 0
27086,107, 0
27087,102, 0
27088,102, 0
27089,107, 0
27090,105, 0
27091,116, 0
27092,104, 0
27093,105, 0
27094,90, 0
27095,108, 0
27096,105, 0
27097,84, 152
27098,63, 247
27099,52, 43
27100,53, 35
27101,72, 190
27102,93, 0
27103,120, 0
27104,133, 0
27105,135, 0
27106,135, 0
27107,127, 0
27108,131, 0
27109,131, 0
27110,139, 0
27111,140, 0
27112,132, 0
27113,136, 0
27114,134, 4
27115,136, 0
27116,129, 0
27117,131, 0
27118,127, 0
27119,116, 0
27120,109, 0
27121,125, 0
27122,118, 0
27123,113, 0
27124,118, 0
27125,113, 0
27126,104, 0
27127,84, 0
27128,61, 25
27129,54, 19
27130,48, 0
27131,77, 0
27132,80, 0
27133,105, 0
27134,121, 0
27135,143, 0
27136,122, 0
27137,121, 0
27138,117, 0
27139,113, 0
27140,110, 0
27141,111, 0
27142,104, 0
27143,111, 0
27144,111, 0
27145,112, 0
27146,108, 0
27147,103, 0
27148,102, 0
27149,107, 0
27150,110, 0
27151,109, 0
27152,102, 0
27153,102, 0
27154,97, 0
27155,107, 0
27156,108, 0
27157,102, 28
27158,74, 86
27159,71, 258
27160,51, 45
27161,47, 128
27162,69, 20
27163,86, 0
27164,109, 0
27165,113, 0
27166,125, 0
27167,123, 0
27168,123, 0
27169,127, 0
27170,127, 0
27171,124, 0
27172,133, 0
27173,132, 0
27174,121, 0
27175,121, 0
27176,108, 0
27177,115, 0
27178,119, 0
27179,112, 0
27180,113, 0
27181,108, 0
27182,117, 0
27183,138, 0
27184,136, 0
27185,120, 0
27186,118, 102
27187,116, 201
27188,92, 168
27189,52, 322
27190,52, 213
27191,35, 170
27192,39, 39
27193,63, 3
27194,87, 0
27195,104, 0
27196,109, 0
27197,115, 0
27198,111, 0
27199,119, 0
27200,111, 0
27201,110, 0
27202,110, 0
27203,108, 0
27204,111, 0
27205,107, 0
27206,99, 0
27207,103, 0
27208,101, 0
27209,102, 0
27210,106, 0
27211,108, 0
27212,104, 0
27213,105, 0
27214,104, 0
27215,93, 0
27216,112, 2
27217,120, 0
27218,96, 151
27219,84, 242
27220,67, 244
27221,64, 467
27222,57, 153
27223,64, 71
27224,86, 0
27225,118, 0
27226,123, 0
27227,127, 0
27228,126, 0
27229,120, 0
27230,122, 0
27231,127, 0
27232,120, 0
27233,124, 0
27234,121, 0
27235,121, 0
27236,119, 0
27237,115, 0
27238,118, 0
27239,113, 0
27240,108, 0
27241,103, 0
27242,97, 0
27243,115, 0
27244,111, 0
27245,110, 0
27246,111, 0
27247,107, 0
27248,102, 0
27249,85, 0
27250,55, 0
27251,51, 0
27252,55, 57
27253,62, 6
27254,83, 0
27255,105, 0
27256,116, 0
27257,118, 0
27258,119, 0
27259,117, 0
27260,108, 0
27261,115, 0
27262,111, 0
27263,115, 0
27264,117, 0
27265,115, 0
27266,111, 3
27267,115, 0
27268,107, 0
27269,109, 0
27270,104, 0
27271,111, 0
27272,112, 0
27273,111, 0
27274,110, 0
27275,109, 0
27276,101, 0
27277,108, 0
27278,111, 0
27279,102, 4
27280,91, 125
27281,61, 15
27282,62, 287
27283,69, 158
27284,68, 17
27285,93, 0
27286,124, 0
27287,124, 0
27288,128, 0
27289,127, 0
27290,130, 0
27291,131, 0
27292,139, 0
27293,124, 0
27294,134, 0
27295,127, 0
27296,137, 0
27297,131, 0
27298,137, 0
27299,134, 0
27300,132, 0
27301,127, 0
27302,122, 0
27303,118, 0
27304,119, 0
27305,116, 0
27306,104, 0
27307,108, 0
27308,102, 0
27309,100, 0
27310,76, 0
27311,57, 0
27312,45, 0
27313,31, 0
27314,38, 0
27315,60, 0
27316,94, 0
27317,111, 0
27318,115, 0
27319,121, 0
27320,113, 0
27321,115, 0
27322,109, 0
27323,102, 0
27324,108, 0
27325,105, 0
27326,107, 0
27327,104, 0
27328,118, 0
27329,108, 0
27330,108, 0
27331,107, 0
27332,109, 0
27333,115, 0
27334,108, 0
27335,105, 0
27336,109, 0
27337,111, 0
27338,118, 7
27339,122, 80
27340,111, 300
27341,86, 382
27342,73, 278
27343,63, 269
27344,63, 282
27345,76, 205
27346,101, 0
27347,125, 0
27348,127, 0
27349,131, 0
27350,123, 0
27351,128, 0
27352,108, 0
27353,109, 0
27354,108, 0
27355,108, 0
27356,116, 0
27357,120, 0
27358,121, 0
27359,119, 0
27360,120, 0
27361,121, 0
27362,119, 0
27363,127, 0
27364,121, 0
27365,113, 0
27366,113, 0
27367,103, 0
27368,119, 0
27369,111, 0
27370,109, 0
27371,88, 0
27372,65, 0
27373,54, 0
27374,44, 0
27375,50, 0
27376,83, 0
27377,99, 0
27378,113, 0
27379,121, 0
27380,121, 0
27381,119, 0
27382,111, 0
27383,111, 0
27384,115, 0
27385,110, 0
27386,108, 0
27387,110, 0
27388,104, 0
27389,104, 0
27390,102, 0
27391,104, 0
27392,99, 0
27393,95, 0
27394,101, 0
27395,95, 0
27396,92, 0
27397,88, 0
27398,81, 0
27399,87, 3
27400,92, 0
27401,89, 236
27402,62, 132
27403,44, 45
27404,53, 39
27405,51, 12
27406,73, 0
27407,94, 0
27408,119, 0
27409,131, 0
27410,137, 0
27411,139, 0
27412,144, 0
27413,139, 0
27414,147, 0
27415,139, 0
27416,144, 0
27417,139, 0
27418,137, 0
27419,139, 0
27420,130, 0
27421,128, 0
27422,123, 0
27423,118, 0
27424,108, 0
27425,108, 0
27426,107, 0
27427,105, 0
27428,102, 0
27429,101, 0
27430,106, 0
27431,97, 0
27432,76, 0
27433,62, 0
27434,50, 0
27435,55, 0
27436,68, 0
27437,89, 0
27438,115, 0
27439,116, 0
27440,113, 0
27441,118, 0
27442,112, 0
27443,115, 0
27444,118, 0
27445,113, 0
27446,118, 0
27447,119, 36
27448,107, 19
27449,112, 0
27450,108, 0
27451,109, 5
27452,110, 0
27453,104, 0
27454,115, 0
27455,116, 0
27456,119, 0
27457,117, 0
27458,109, 0
27459,110, 0
27460,118, 0
27461,128, 0
27462,107, 0
27463,74, 0
27464,63, 0
27465,54, 0
27466,65, 0
27467,89, 0
27468,116, 0
27469,131, 0
27470,120, 0
27471,132, 0
27472,123, 0
27473,126, 12
27474,121, 14
27475,124, 25
27476,121, 0
27477,116, 0
27478,120, 0
27479,119, 0
27480,121, 0
27481,123, 0
27482,128, 0
27483,127, 0
27484,128, 0
27485,124, 0
27486,122, 0
27487,124, 0
27488,107, 0
27489,125, 0
27490,124, 0
27491,122, 0
27492,111, 0
27493,97, 0
27494,59, 0
27495,57, 0
27496,54, 0
27497,57, 0
27498,81, 0
27499,116, 0
27500,127, 0
27501,130, 0
27502,127, 0
27503,127, 0
27504,122, 0
27505,121, 0
27506,117, 0
27507,126, 25
27508,119, 207
27509,110, 333
27510,116, 367
27511,108, 265
27512,111, 347
27513,106, 401
27514,95, 265
27515,103, 127
27516,95, 53
27517,95, 58
27518,89, 37
27519,95, 8
27520,89, 0
27521,100, 0
27522,97, 0
27523,89, 0
27524,65, 7
27525,50, 31
27526,47, 0
27527,57, 0
27528,71, 0
27529,104, 0
27530,132, 0
27531,140, 0
27532,144, 0
27533,145, 0
27534,140, 0
27535,141, 0
27536,137, 0
27537,129, 0
27538,140, 0
27539,142, 0
27540,137, 0
27541,138, 0
27542,134, 0
27543,134, 0
27544,131, 0
27545,132, 0
27546,130, 0
27547,127, 0
27548,118, 0
27549,126, 0
27550,118, 0
27551,111, 0
27552,116, 0
27553,90, 0
27554,68, 0
27555,43, 0
27556,35, 0
27557,43, 0
27558,34, 0
27559,71, 0
27560,104, 0
27561,102, 0
27562,102, 0
27563,100, 0
27564,105, 0
27565,104, 0
27566,110, 0
27567,102, 0
27568,105, 0
27569,107, 0
27570,108, 0
27571,111, 0
27572,113, 0
27573,112, 0
27574,111, 0
27575,115, 0
27576,107, 0
27577,106, 0
27578,103, 0
27579,96, 0
27580,96, 0
27581,95, 0
27582,100, 0
27583,94, 0
27584,88, 0
27585,62, 36
27586,54, 183
27587,53, 118
27588,68, 201
27589,76, 191
27590,100, 241
27591,123, 354
27592,127, 328
27593,141, 411
27594,138, 510
27595,128, 435
27596,136, 256
27597,124, 121
27598,124, 19
27599,117, 0
27600,110, 0
27601,112, 0
27602,101, 0
27603,108, 0
27604,99, 0
27605,112, 0
27606,116, 0
27607,125, 0
27608,120, 0
27609,110, 0
27610,115, 0
27611,123, 0
27612,115, 0
27613,117, 0
27614,107, 0
27615,89, 0
27616,76, 0
27617,69, 0
27618,68, 0
27619,71, 0
27620,90, 0
27621,108, 0
27622,115, 0
27623,115, 0
27624,110, 0
27625,109, 0
27626,106, 0
27627,111, 0
27628,95, 0
27629,108, 0
27630,104, 0
27631,115, 0
27632,115, 0
27633,107, 0
27634,108, 0
27635,115, 0
27636,108, 0
27637,103, 0
27638,115, 0
27639,108, 0
27640,110, 0
27641,113, 0
27642,116, 0
27643,122, 0
27644,126, 0
27645,104, 0
27646,87, 129
27647,72, 31
27648,58, 58
27649,70, 133
27650,85, 168
27651,115, 121
27652,125, 157
27653,136, 95
27654,139, 69
27655,137, 158
27656,152, 373
27657,169, 516
27658,145, 398
27659,126, 285
27660,116, 193
27661,121, 53
27662,108, 0
27663,119, 0
27664,122, 0
27665,128, 0
27666,127, 0
27667,126, 0
27668,121, 0
27669,119, 0
27670,121, 0
27671,113, 0
27672,101, 0
27673,111, 0
27674,93, 0
27675,80, 0
27676,64, 30
27677,37, 286
27678,45, 328
27679,58, 384
27680,51, 276
27681,96, 85
27682,115, 136
27683,127, 223
27684,121, 347
27685,113, 311
27686,94, 40
27687,95, 0
27688,86, 0
27689,85, 0
27690,87, 0
27691,89, 0
27692,90, 0
27693,92, 0
27694,97, 0
27695,106, 0
27696,97, 0
27697,120, 0
27698,131, 0
27699,129, 0
27700,127, 0
27701,125, 0
27702,125, 0
27703,121, 61
27704,111, 222
27705,112, 445
27706,92, 495
27707,73, 635
27708,65, 673
27709,68, 638
27710,75, 546
27711,83, 394
27712,108, 278
27713,127, 95
27714,128, 25
27715,120, 0
27716,119, 0
27717,120, 0
27718,113, 0
27719,120, 0
27720,132, 0
27721,127, 0
27722,123, 0
27723,136, 0
27724,120, 0
27725,121, 0
27726,124, 0
27727,127, 0
27728,126, 0
27729,119, 0
27730,118, 0
27731,102, 0
27732,139, 0
27733,117, 0
27734,115, 0
27735,117, 0
27736,101, 0
27737,63, 0
27738,41, 0
27739,41, 0
27740,44, 0
27741,53, 0
27742,83, 0
27743,97, 0
27744,112, 0
27745,104, 0
27746,101, 0
27747,100, 0
27748,103, 0
27749,94, 0
27750,96, 0
27751,101, 0
27752,94, 0
27753,102, 0
27754,102, 0
27755,113, 0
27756,115, 0
27757,113, 0
27758,109, 0
27759,117, 0
27760,122, 0
27761,119, 0
27762,123, 0
27763,134, 0
27764,128, 0
27765,137, 129
27766,132, 354
27767,132, 717
27768,110, 542
27769,95, 607
27770,77, 582
27771,83, 657
27772,85, 403
27773,112, 517
27774,137, 700
27775,145, 753
27776,138, 617
27777,125, 502
27778,117, 369
27779,107, 156
27780,85, 0
27781,89, 0
27782,83, 0
27783,85, 0
27784,77, 0
27785,85, 0
27786,90, 0
27787,89, 0
27788,91, 0
27789,92, 0
27790,93, 0
27791,89, 0
27792,103, 0
27793,99, 0
27794,106, 0
27795,105, 0
27796,108, 62
27797,96, 128
27798,70, 311
27799,45, 319
27800,36, 348
27801,35, 208
27802,39, 10
27803,62, 0
27804,87, 0
27805,89, 0
27806,95, 0
27807,95, 0
27808,86, 0
27809,89, 0
27810,91, 0
27811,94, 0
27812,102, 0
27813,104, 0
27814,100, 0
27815,105, 0
27816,108, 0
27817,108, 0
27818,113, 0
27819,120, 0
27820,115, 0
27821,103, 0
27822,96, 0
27823,88, 0
27824,102, 0
27825,95, 0
27826,95, 0
27827,103, 0
27828,88, 1
27829,70, 165
27830,62, 189
27831,56, 76
27832,51, 37
27833,62, 0
27834,93, 0
27835,117, 0
27836,127, 0
27837,138, 0
27838,145, 0
27839,145, 0
27840,143, 0
27841,145, 14
27842,142, 0
27843,141, 0
27844,143, 0
27845,138, 0
27846,135, 0
27847,126, 0
27848,119, 0
27849,115, 0
27850,116, 0
27851,130, 0
27852,123, 0
27853,116, 0
27854,117, 0
27855,125, 0
27856,112, 0
27857,111, 0
27858,108, 378
27859,88, 331
27860,59, 228
27861,39, 144
27862,32, 76
27863,30, 0
27864,63, 0
27865,85, 0
27866,102, 181
27867,92, 195
27868,93, 261
27869,95, 306
27870,95, 145
27871,102, 0
27872,102, 0
27873,108, 0
27874,105, 0
27875,104, 0
27876,97, 0
27877,103, 0
27878,110, 0
27879,99, 4
27880,111, 10
27881,123, 36
27882,118, 80
27883,111, 0
27884,108, 0
27885,108, 0
27886,108, 0
27887,116, 0
27888,116, 0
27889,111, 0
27890,83, 0
27891,68, 0
27892,57, 0
27893,63, 0
27894,89, 0
27895,116, 0
27896,127, 0
27897,150, 76
27898,137, 201
27899,137, 204
27900,132, 59
27901,138, 0
27902,135, 0
27903,136, 0
27904,123, 0
27905,120, 0
27906,125, 0
27907,122, 0
27908,117, 0
27909,120, 117
27910,120, 159
27911,121, 284
27912,124, 464
27913,119, 240
27914,110, 105
27915,92, 46
27916,78, 0
27917,79, 0
27918,86, 0
27919,72, 0
27920,68, 0
27921,52, 0
27922,44, 0
27923,53, 0
27924,54, 0
27925,78, 0
27926,92, 0
27927,118, 0
27928,112, 0
27929,106, 0
27930,90, 0
27931,86, 0
27932,84, 0
27933,79, 0
27934,86, 0
27935,109, 0
27936,90, 0
27937,92, 0
27938,91, 0
27939,83, 0
27940,86, 0
27941,87, 0
27942,83, 0
27943,79, 0
27944,71, 0
27945,71, 0
27946,85, 0
27947,96, 0
27948,118, 0
27949,120, 0
27950,109, 0
27951,90, 0
27952,70, 0
27953,51, 31
27954,54, 31
27955,64, 0
27956,95, 0
27957,120, 2
27958,126, 79
27959,129, 426
27960,136, 649
27961,134, 519
27962,134, 446
27963,141, 557
27964,137, 587
27965,132, 572
27966,118, 458
27967,121, 222
27968,107, 35
27969,89, 0
27970,93, 0
27971,92, 0
27972,92, 0
27973,78, 0
27974,83, 0
27975,89, 0
27976,92, 0
27977,106, 0
27978,110, 0
27979,121, 0
27980,111, 0
27981,83, 78
27982,77, 118
27983,63, 299
27984,59, 343
27985,52, 78
27986,70, 12
27987,91, 15
27988,97, 51
27989,99, 0
27990,106, 0
27991,115, 0
27992,125, 0
27993,129, 0
27994,134, 0
27995,138, 0
27996,147, 0
27997,147, 0
27998,140, 0
27999,127, 0
28000,117, 0
28001,104, 0
28002,95, 0
28003,73, 171
28004,42, 216
28005,41, 271
28006,30, 75
28007,70, 0
28008,58, 0
28009,71, 0
28010,83, 0
28011,76, 6
28012,79, 297
28013,80, 378
28014,56, 300
28015,86, 426
28016,121, 238
28017,119, 130
28018,132, 5
28019,125, 0
28020,110, 0
28021,120, 54
28022,145, 529
28023,151, 676
28024,153, 532
28025,145, 539
28026,139, 473
28027,126, 363
28028,133, 306
28029,123, 192
28030,145, 44
28031,148, 0
28032,153, 0
28033,161, 0
28034,155, 0
28035,142, 0
28036,137, 0
28037,127, 0
28038,111, 0
28039,91, 0
28040,76, 0
28041,84, 0
28042,35, 0
28043,25, 0
28044,31, 0
28045,56, 0
28046,67, 0
28047,83, 0
28048,88, 0
28049,84, 0
28050,89, 0
28051,95, 0
28052,100, 0
28053,121, 58
28054,129, 548
28055,117, 673
28056,121, 605
28057,112, 559
28058,124, 304
28059,118, 127
28060,125, 3
28061,121, 0
28062,123, 0
28063,127, 0
28064,124, 0
28065,109, 0
28066,91, 0
28067,89, 0
28068,99, 6
28069,117, 24
28070,139, 0
28071,152, 0
28072,121, 0
28073,72, 0
28074,51, 0
28075,42, 0
28076,55, 0
28077,78, 0
28078,112, 0
28079,124, 0
28080,133, 231
28081,122, 208
28082,105, 295
28083,86, 89
28084,93, 0
28085,103, 0
28086,105, 0
28087,104, 0
28088,107, 0
28089,111, 23
28090,115, 15
28091,121, 176
28092,131, 468
28093,135, 418
28094,126, 268
28095,121, 80
28096,121, 0
28097,118, 0
28098,105, 0
28099,96, 0
28100,101, 0
28101,97, 0
28102,70, 0
28103,44, 0
28104,32, 0
28105,41, 12
28106,51, 84
28107,63, 134
28108,76, 227
28109,79, 112
28110,84, 0
28111,84, 0
28112,93, 0
28113,101, 86
28114,108, 192
28115,115, 161
28116,100, 0
28117,106, 0
28118,105, 0
28119,118, 0
28120,125, 0
28121,139, 0
28122,158, 0
28123,169, 0
28124,181, 0
28125,189, 0
28126,199, 0
28127,197, 0
28128,179, 0
28129,156, 0
28130,136, 0
28131,108, 1
28132,107, 635
28133,45, 909
28134,26, 1213
28135,30, 1416
28136,53, 1398
28137,62, 1157
28138,119, 1151
28139,122, 1085
28140,131, 1034
28141,99, 745
28142,108, 558
28143,73, 84
28144,53, 11
28145,45, 0
28146,51, 0
28147,70, 0
28148,73, 0
28149,102, 0
28150,108, 0
28151,111, 0
28152,119, 0
28153,127, 0
28154,152, 0
28155,133, 0
28156,121, 40
28157,111, 0
28158,112, 0
28159,121, 0
28160,123, 12
28161,110, 149
28162,112, 188
28163,79, 8
28164,51, 0
28165,44, 0
28166,63, 0
28167,84, 0
28168,109, 0
28169,136, 0
28170,148, 0
28171,151, 0
28172,142, 0
28173,129, 0
28174,96, 0
28175,64, 0
28176,44, 0
28177,38, 0
28178,69, 0
28179,109, 0
28180,133, 0
28181,152, 0
28182,155, 0
28183,159, 0
28184,160, 0
28185,154, 0
28186,151, 382
28187,132, 751
28188,101, 877
28189,65, 894
28190,70, 878
28191,81, 796
28192,85, 588
28193,110, 339
28194,90, 104
28195,70, 28
28196,67, 0
28197,61, 0
28198,70, 0
28199,95, 0
28200,127, 0
28201,141, 0
28202,147, 0
28203,142, 25
28204,122, 38
28205,96, 0
28206,89, 0
28207,103, 27
28208,119, 426
28209,133, 619
28210,145, 547
28211,135, 483
28212,139, 336
28213,135, 132
28214,134, 12
28215,130, 24
28216,134, 1
28217,137, 0
28218,145, 0
28219,169, 0
28220,164, 0
28221,153, 0
28222,147, 620
28223,129, 867
28224,110, 610
28225,76, 524
28226,38, 381
28227,13, 337
28228,10, 273
28229,26, 76
28230,79, 0
28231,132, 0
28232,152, 0
28233,155, 0
28234,128, 0
28235,129, 0
28236,124, 0
28237,107, 0
28238,91, 0
28239,83, 0
28240,90, 0
28241,96, 0
28242,104, 0
28243,105, 0
28244,101, 89
28245,95, 96
28246,102, 200
28247,90, 297
28248,74, 117
28249,45, 43
28250,44, 57
28251,37, 263
28252,51, 424
28253,67, 314
28254,81, 75
28255,83, 108
28256,55, 158
28257,41, 271
28258,45, 469
28259,81, 696
28260,99, 411
28261,110, 85
28262,121, 0
28263,131, 0
28264,151, 0
28265,182, 0
28266,183, 0
28267,188, 0
28268,189, 0
28269,186, 0
28270,185, 0
28271,168, 0
28272,135, 0
28273,107, 0
28274,84, 0
28275,95, 0
28276,111, 0
28277,127, 0
28278,147, 0
28279,155, 0
28280,174, 0
28281,197, 0
28282,232, 0
28283,238, 0
28284,241, 0
28285,204, 0
28286,151, 0
28287,108, 111
28288,64, 582
28289,22, 877
28290,0, 933
28291,17, 1157
28292,47, 1316
28293,58, 1018
28294,75, 873
28295,61, 235
28296,51, 0
28297,56, 0
28298,51, 0
28299,53, 0
28300,54, 0
28301,70, 0
28302,92, 0
28303,104, 0
28304,132, 24
28305,152, 468
28306,166, 894
28307,185, 1127
28308,183, 996
28309,159, 591
28310,120, 37
28311,59, 0
28312,12, 0
28313,5, 0
28314,17, 0
28315,12, 470
28316,37, 883
28317,34, 923
28318,55, 859
28319,47, 647
28320,59, 487
28321,81, 464
28322,101, 92
28323,74, 0
28324,62, 0
28325,67, 0
28326,92, 0
28327,105, 0
28328,121, 0
28329,135, 0
28330,136, 0
28331,140, 0
28332,136, 0
28333,137, 0
28334,139, 0
28335,132, 0
28336,159, 0
28337,168, 0
28338,152, 0
28339,115, 0
28340,77, 0
28341,63, 0
28342,67, 0
28343,89, 0
28344,112, 0
28345,124, 0
28346,121, 192
28347,92, 257
28348,97, 53
28349,57, 0
28350,48, 0
28351,60, 0
28352,101, 0
28353,129, 0
28354,159, 0
28355,183, 0
28356,203, 0
28357,220, 13
28358,226, 276
28359,205, 248
28360,170, 7
28361,132, 0
28362,83, 0
28363,31, 0
28364,0, 0
28365,0, 0
28366,0, 3
28367,0, 76
28368,17, 300
28369,57, 367
28370,94, 298
28371,116, 370
28372,143, 567
28373,167, 509
28374,207, 252
28375,231, 44
28376,192, 121
28377,136, 187
28378,70, 425
28379,28, 409
28380,4, 260
28381,2, 345
28382,26, 654
28383,51, 706
28384,64, 456
28385,48, 195
28386,61, 138
28387,69, 0
28388,74, 0
28389,99, 0
28390,127, 0
28391,145, 0
28392,152, 0
28393,154, 0
28394,157, 769
28395,158, 1263
28396,158, 1265
28397,160, 832
28398,170, 509
28399,165, 391
28400,174, 0
28401,139, 0
28402,126, 0
28403,136, 0
28404,140, 0
28405,139, 43
28406,126, 273
28407,107, 342
28408,77, 306
28409,78, 64
28410,69, 0
28411,79, 0
28412,88, 0
28413,112, 0
28414,110, 0
28415,104, 0
28416,101, 0
28417,104, 0
28418,107, 0
28419,115, 0
28420,121, 0
28421,120, 0
28422,115, 0
28423,84, 0
28424,65, 19
28425,67, 328
28426,70, 330
28427,69, 31
28428,87, 35
28429,112, 38
28430,103, 7
28431,92, 0
28432,84, 103
28433,86, 89
28434,89, 143
28435,89, 0
28436,96, 0
28437,105, 0
28438,95, 0
28439,79, 0
28440,70, 0
28441,71, 0
28442,106, 0
28443,125, 0
28444,151, 0
28445,139, 0
28446,123, 0
28447,110, 76
28448,99, 93
28449,88, 0
28450,78, 0
28451,67, 0
28452,64, 70
28453,56, 156
28454,57, 207
28455,83, 122
28456,125, 0
28457,151, 0
28458,174, 0
28459,177, 0
28460,171, 0
28461,155, 0
28462,150, 0
28463,152, 0
28464,159, 0
28465,173, 47
28466,176, 308
28467,148, 368
28468,107, 108
28469,79, 173
28470,76, 302
28471,70, 447
28472,89, 515
28473,74, 183
28474,85, 39
28475,103, 105
28476,121, 174
28477,122, 226
28478,137, 151
28479,131, 0
28480,127, 0
28481,119, 0
28482,112, 0
28483,106, 0
28484,106, 0
28485,112, 0
28486,107, 0
28487,93, 0
28488,60, 0
28489,70, 9
28490,101, 640
28491,116, 969
28492,132, 960
28493,118, 931
28494,105, 802
28495,102, 814
28496,81, 740
28497,90, 464
28498,63, 87
28499,51, 0
28500,43, 0
28501,53, 0
28502,67, 24
28503,79, 8
28504,96, 40
28505,132, 181
28506,134, 57
28507,133, 0
28508,134, 0
28509,148, 0
28510,156, 0
28511,159, 0
28512,152, 0
28513,139, 0
28514,120, 0
28515,102, 0
28516,72, 0
28517,83, 0
28518,92, 0
28519,119, 0
28520,155, 0
28521,159, 0
28522,179, 0
28523,187, 0
28524,192, 0
28525,191, 0
28526,174, 0
28527,152, 0
28528,127, 0
28529,87, 0
28530,70, 0
28531,57, 50
28532,48, 126
28533,62, 172
28534,56, 17
28535,74, 28
28536,91, 77
28537,93, 101
28538,104, 135
28539,115, 17
28540,113, 0
28541,121, 0
28542,127, 0
28543,139, 0
28544,145, 0
28545,141, 0
28546,132, 0
28547,113, 0
28548,91, 0
28549,70, 0
28550,63, 0
28551,72, 0
28552,76, 0
28553,89, 0
28554,67, 224
28555,76, 371
28556,59, 198
28557,92, 226
28558,108, 310
28559,101, 420
28560,92, 214
28561,89, 176
28562,75, 85
28563,76, 97
28564,80, 0
28565,118, 0
28566,122, 0
28567,128, 0
28568,122, 0
28569,127, 0
28570,131, 0
28571,134, 0
28572,139, 0
28573,136, 6
28574,129, 0
28575,121, 0
28576,112, 0
28577,106, 0
28578,107, 0
28579,104, 0
28580,116, 0
28581,131, 0
28582,139, 0
28583,163, 0
28584,171, 0
28585,186, 0
28586,187, 0
28587,184, 0
28588,168, 0
28589,153, 0
28590,100, 248
28591,77, 579
28592,35, 623
28593,54, 554
28594,54, 233
28595,70, 0
28596,99, 0
28597,107, 0
28598,108, 0
28599,102, 0
28600,90, 0
28601,69, 0
28602,71, 0
28603,67, 18
28604,76, 369
28605,89, 555
28606,117, 326
28607,108, 103
28608,130, 0
28609,151, 0
28610,171, 0
28611,188, 0
28612,181, 0
28613,152, 0
28614,93, 0
28615,56, 77
28616,35, 95
28617,23, 52
28618,25, 12
28619,30, 131
28620,12, 322
28621,26, 294
28622,8, 252
28623,31, 512
28624,54, 613
28625,75, 495
28626,118, 439
28627,161, 332
28628,197, 73
28629,198, 0
28630,214, 0
28631,204, 0
28632,211, 0
28633,195, 0
28634,151, 0
28635,102, 0
28636,86, 0
28637,95, 13
28638,107, 315
28639,121, 573
28640,128, 824
28641,113, 902
28642,102, 1000
28643,77, 1000
28644,86, 922
28645,85, 859
28646,95, 688
28647,108, 369
28648,137, 50
28649,164, 73
28650,170, 76
28651,158, 59
28652,139, 11
28653,108, 0
28654,67, 0
28655,31, 0
28656,39, 0
28657,50, 0
28658,44, 0
28659,51, 0
28660,76, 0
28661,77, 0
28662,91, 152
28663,96, 219
28664,104, 109
28665,97, 27
28666,93, 0
28667,80, 0
28668,81, 0
28669,81, 0
28670,90, 0
28671,89, 0
28672,92, 0
28673,106, 0
28674,127, 10
28675,124, 0
28676,120, 0
28677,125, 0
28678,143, 0
28679,127, 0
28680,125, 0
28681,107, 0
28682,63, 0
28683,61, 131
28684,73, 101
28685,58, 190
28686,86, 449
28687,131, 535
28688,147, 385
28689,152, 217
28690,159, 106
28691,163, 6
28692,161, 0
28693,158, 0
28694,164, 0
28695,158, 0
28696,152, 0
28697,157, 0
28698,155, 0
28699,143, 0
28700,159, 0
28701,156, 0
28702,132, 0
28703,117, 0
28704,103, 0
28705,97, 0
28706,104, 0
28707,115, 0
28708,115, 0
28709,132, 0
28710,147, 0
28711,145, 38
28712,136, 227
28713,121, 455
28714,95, 409
28715,71, 142
28716,56, 196
28717,35, 22
28718,44, 0
28719,76, 0
28720,91, 0
28721,101, 0
28722,91, 0
28723,78, 0
28724,70, 0
28725,61, 0
28726,63, 0
28727,61, 0
28728,73, 0
28729,72, 0
28730,83, 0
28731,91, 0
28732,83, 0
28733,93, 0
28734,125, 0
28735,102, 0
28736,117, 0
28737,130, 0
28738,150, 0
28739,163, 0
28740,164, 0
28741,150, 0
28742,120, 0
28743,88, 0
28744,65, 38
28745,54, 267
28746,88, 494
28747,102, 537
28748,136, 481
28749,165, 363
28750,184, 0
28751,198, 0
28752,198, 0
28753,182, 0
28754,145, 0
28755,117, 0
28756,104, 0
28757,94, 0
28758,109, 110
28759,120, 196
28760,124, 438
28761,139, 446
28762,140, 408
28763,149, 455
28764,147, 582
28765,132, 496
28766,102, 189
28767,74, 0
28768,53, 0
28769,53, 0
28770,39, 0
28771,48, 108
28772,57, 159
28773,41, 79
28774,57, 184
28775,61, 291
28776,83, 109
28777,83, 28
28778,94, 0
28779,99, 0
28780,106, 0
28781,109, 0
28782,115, 0
28783,127, 0
28784,127, 0
28785,139, 0
28786,141, 0
28787,130, 0
28788,121, 0
28789,111, 0
28790,110, 0
28791,118, 221
28792,102, 391
28793,117, 555
28794,110, 591
28795,110, 462
28796,118, 348
28797,138, 277
28798,144, 336
28799,152, 257
28800,144, 6
28801,129, 0
28802,109, 0
28803,73, 0
28804,24, 0
28805,0, 0
28806,0, 0
28807,0, 0
28808,6, 0
28809,37, 0
28810,74, 235
28811,91, 356
28812,107, 409
28813,120, 589
28814,118, 444
28815,132, 193
28816,139, 11
28817,150, 0
28818,158, 0
28819,167, 0
28820,167, 68
28821,171, 3
28822,174, 0
28823,138, 0
28824,138, 0
28825,138, 0
28826,90, 0
28827,81, 0
28828,86, 0
28829,89, 0
28830,102, 0
28831,113, 0
28832,110, 6
28833,99, 136
28834,60, 228
28835,47, 477
28836,28, 419
28837,25, 123
28838,22, 0
28839,47, 0
28840,84, 0
28841,110, 0
28842,105, 0
28843,88, 0
28844,107, 0
28845,106, 0
28846,127, 0
28847,124, 0
28848,118, 0
28849,112, 0
28850,106, 0
28851,99, 0
28852,94, 0
28853,106, 0
28854,110, 0
28855,108, 0
28856,113, 0
28857,136, 0
28858,141, 0
28859,158, 38
28860,161, 72
28861,157, 223
28862,143, 292
28863,120, 211
28864,94, 59
28865,65, 0
28866,50, 0
28867,61, 0
28868,81, 0
28869,88, 0
28870,121, 0
28871,140, 0
28872,158, 0
28873,152, 12
28874,147, 339
28875,122, 170
28876,94, 14
28877,92, 52
28878,80, 374
28879,89, 582
28880,102, 722
28881,110, 580
28882,118, 271
28883,125, 32
28884,116, 0
28885,118, 0
28886,107, 0
28887,105, 0
28888,91, 0
28889,87, 0
28890,95, 0
28891,99, 0
28892,117, 10
28893,111, 70
28894,99, 5
28895,79, 19
28896,34, 113
28897,18, 202
28898,6, 60
28899,9, 23
28900,50, 0
28901,83, 0
28902,110, 0
28903,123, 0
28904,132, 0
28905,134, 0
28906,119, 0
28907,111, 0
28908,94, 0
28909,78, 0
28910,83, 0
28911,76, 0
28912,83, 24
28913,99, 112
28914,108, 246
28915,116, 53
28916,112, 0
28917,127, 0
28918,109, 0
28919,110, 0
28920,107, 0
28921,106, 0
28922,101, 0
28923,110, 0
28924,118, 0
28925,119, 0
28926,115, 0
28927,110, 0
28928,122, 0
28929,106, 0
28930,100, 0
28931,85, 0
28932,96, 348
28933,115, 529
28934,141, 380
28935,157, 404
28936,159, 470
28937,160, 506
28938,157, 389
28939,138, 201
28940,121, 56
28941,102, 0
28942,89, 0
28943,74, 0
28944,70, 76
28945,63, 19
28946,71, 0
28947,72, 0
28948,68, 0
28949,74, 0
28950,80, 0
28951,83, 0
28952,84, 0
28953,75, 0
28954,73, 0
28955,63, 0
28956,55, 0
28957,42, 0
28958,31, 0
28959,36, 0
28960,43, 0
28961,67, 0
28962,102, 0
28963,109, 0
28964,109, 0
28965,109, 0
28966,105, 0
28967,121, 0
28968,130, 0
28969,128, 0
28970,110, 0
28971,108, 0
28972,101, 0
28973,97, 0
28974,92, 0
28975,100, 0
28976,92, 0
28977,86, 0
28978,108, 0
28979,91, 0
28980,103, 0
28981,106, 0
28982,113, 0
28983,109, 0
28984,115, 0
28985,112, 0
28986,103, 0
28987,91, 143
28988,92, 351
28989,96, 982
28990,107, 1169
28991,96, 1129
28992,109, 1051
28993,115, 784
28994,116, 579
28995,122, 441
28996,113, 203
28997,115, 0
28998,131, 0
28999,153, 0
29000,158, 0
29001,154, 120
29002,134, 253
29003,129, 619
29004,124, 830
29005,121, 823
29006,109, 588
29007,108, 498
29008,128, 433
29009,113, 286
29010,103, 102
29011,102, 0
29012,95, 0
29013,95, 0
29014,95, 0
29015,95, 0
29016,88, 0
29017,76, 0
29018,53, 0
29019,67, 0
29020,80, 1
29021,85, 25
29022,108, 0
29023,122, 0
29024,132, 0
29025,139, 0
29026,137, 0
29027,138, 0
29028,129, 0
29029,125, 0
29030,113, 0
29031,112, 0
29032,106, 0
29033,103, 0
29034,95, 0
29035,95, 0
29036,76, 6
29037,79, 0
29038,88, 0
29039,86, 0
29040,87, 0
29041,83, 0
29042,95, 0
29043,102, 0
29044,127, 0
29045,138, 0
29046,135, 0
29047,125, 5
29048,113, 300
29049,100, 122
29050,85, 85
29051,93, 108
29052,91, 0
29053,119, 0
29054,129, 0
29055,127, 0
29056,122, 0
29057,110, 0
29058,102, 0
29059,102, 0
29060,109, 0
29061,135, 0
29062,171, 0
29063,183, 0
29064,193, 0
29065,201, 0
29066,182, 0
29067,140, 0
29068,113, 0
29069,89, 0
29070,95, 0
29071,127, 152
29072,145, 214
29073,153, 228
29074,155, 283
29075,150, 286
29076,138, 342
29077,107, 267
29078,60, 329
29079,26, 125
29080,1, 38
29081,6, 0
29082,28, 85
29083,44, 0
29084,72, 0
29085,77, 0
29086,84, 0
29087,86, 0
29088,91, 0
29089,97, 0
29090,109, 0
29091,107, 0
29092,116, 15
29093,127, 84
29094,127, 0
29095,125, 0
29096,120, 0
29097,129, 0
29098,139, 0
29099,148, 0
29100,157, 0
29101,170, 0
29102,156, 0
29103,145, 0
29104,131, 0
29105,113, 0
29106,102, 0
29107,92, 0
29108,78, 0
29109,44, 0
29110,32, 0
29111,39, 6
29112,45, 6
29113,70, 78
29114,111, 249
29115,127, 391
29116,133, 583
29117,133, 465
29118,121, 179
29119,107, 9
29120,103, 0
29121,105, 0
29122,110, 0
29123,111, 0
29124,106, 0
29125,102, 71
29126,102, 57
29127,104, 147
29128,115, 356
29129,118, 215
29130,131, 59
29131,120, 0
29132,127, 0
29133,128, 0
29134,133, 0
29135,136, 0
29136,142, 0
29137,141, 0
29138,145, 0
29139,108, 0
29140,81, 0
29141,65, 0
29142,63, 0
29143,68, 0
29144,87, 0
29145,102, 10
29146,105, 111
29147,104, 31
29148,125, 5
29149,105, 0
29150,112, 0
29151,105, 0
29152,102, 0
29153,102, 0
29154,106, 0
29155,103, 0
29156,96, 0
29157,90, 0
29158,87, 72
29159,79, 40
29160,79, 0
29161,88, 0
29162,91, 0
29163,95, 0
29164,105, 0
29165,110, 0
29166,110, 0
29167,121, 0
29168,118, 177
29169,107, 477
29170,73, 517
29171,51, 746
29172,43, 439
29173,35, 193
29174,65, 4
29175,102, 0
29176,123, 0
29177,118, 0
29178,127, 0
29179,133, 0
29180,132, 0
29181,132, 0
29182,122, 0
29183,126, 0
29184,126, 0
29185,133, 0
29186,134, 0
29187,134, 0
29188,120, 0
29189,129, 0
29190,121, 0
29191,108, 0
29192,109, 0
29193,100, 0
29194,108, 0
29195,109, 0
29196,109, 0
29197,107, 0
29198,108, 0
29199,101, 0
29200,89, 0
29201,78, 0
29202,65, 0
29203,54, 0
29204,55, 0
29205,80, 0
29206,117, 0
29207,139, 0
29208,153, 0
29209,145, 0
29210,143, 0
29211,136, 0
29212,135, 0
29213,138, 0
29214,150, 0
29215,149, 0
29216,149, 2
29217,147, 268
29218,165, 388
29219,169, 270
29220,145, 248
29221,127, 46
29222,104, 0
29223,87, 0
29224,79, 0
29225,61, 0
29226,50, 0
29227,46, 0
29228,56, 0
29229,68, 0
29230,70, 0
29231,61, 0
29232,67, 0
29233,76, 0
29234,80, 0
29235,99, 0
29236,109, 0
29237,124, 0
29238,139, 0
29239,137, 0
29240,132, 0
29241,131, 0
29242,131, 0
29243,139, 0
29244,140, 0
29245,134, 0
29246,139, 0
29247,139, 0
29248,138, 0
29249,118, 0
29250,117, 8
29251,112, 38
29252,116, 248
29253,119, 517
29254,108, 391
29255,106, 266
29256,110, 164
29257,108, 68
29258,111, 0
29259,121, 0
29260,105, 0
29261,85, 8
29262,74, 0
29263,62, 0
29264,57, 0
29265,61, 0
29266,96, 0
29267,113, 0
29268,121, 0
29269,131, 0
29270,128, 0
29271,131, 0
29272,133, 0
29273,133, 0
29274,125, 0
29275,115, 0
29276,127, 0
29277,135, 0
29278,151, 0
29279,159, 0
29280,165, 0
29281,159, 0
29282,152, 0
29283,139, 0
29284,120, 0
29285,108, 0
29286,95, 0
29287,88, 0
29288,79, 0
29289,78, 0
29290,64, 69
29291,63, 78
29292,42, 46
29293,39, 3
29294,32, 0
29295,54, 88
29296,61, 44
29297,93, 126
29298,113, 265
29299,136, 398
29300,136, 618
29301,133, 632
29302,132, 324
29303,121, 67
29304,121, 0
29305,127, 0
29306,131, 0
29307,133, 0
29308,144, 0
29309,102, 0
29310,111, 0
29311,104, 0
29312,113, 0
29313,115, 0
29314,127, 0
29315,130, 0
29316,135, 0
29317,139, 0
29318,133, 0
29319,130, 0
29320,120, 0
29321,100, 0
29322,68, 0
29323,50, 0
29324,52, 0
29325,61, 0
29326,75, 0
29327,96, 0
29328,120, 0
29329,127, 0
29330,131, 0
29331,134, 0
29332,134, 0
29333,143, 0
29334,130, 0
29335,122, 0
29336,129, 0
29337,133, 0
29338,137, 0
29339,144, 0
29340,137, 0
29341,141, 0
29342,133, 0
29343,135, 0
29344,132, 0
29345,137, 0
29346,131, 0
29347,127, 0
29348,135, 0
29349,121, 0
29350,111, 0
29351,115, 6
29352,99, 240
29353,99, 576
29354,76, 362
29355,78, 117
29356,87, 137
29357,97, 0
29358,139, 0
29359,159, 0
29360,158, 0
29361,151, 0
29362,143, 0
29363,128, 37
29364,132, 155
29365,132, 191
29366,129, 55
29367,131, 0
29368,118, 0
29369,108, 0
29370,95, 0
29371,103, 0
29372,84, 0
29373,74, 0
29374,73, 0
29375,76, 0
29376,79, 0
29377,100, 0
29378,120, 0
29379,134, 0
29380,125, 0
29381,93, 0
29382,55, 0
29383,38, 0
29384,12, 134
29385,0, 89
29386,0, 318
29387,6, 207
29388,2, 10
29389,29, 0
29390,52, 0
29391,71, 0
29392,83, 0
29393,91, 0
29394,84, 0
29395,77, 0
29396,86, 0
29397,89, 0
29398,94, 0
29399,95, 0
29400,108, 0
29401,105, 0
29402,108, 0
29403,106, 0
29404,115, 0
29405,108, 0
29406,119, 0
29407,122, 0
29408,127, 0
29409,127, 0
29410,148, 0
29411,139, 0
29412,137, 0
29413,133, 0
29414,127, 104
29415,124, 102
29416,123, 403
29417,128, 484
29418,129, 109
29419,142, 1
29420,153, 0
29421,156, 0
29422,164, 0
29423,165, 0
29424,170, 0
29425,164, 0
29426,152, 0
29427,153, 0
29428,144, 0
29429,130, 0
29430,129, 0
29431,123, 0
29432,116, 77
29433,112, 145
29434,120, 402
29435,113, 232
29436,106, 11
29437,102, 0
29438,118, 0
29439,124, 0
29440,132, 0
29441,138, 0
29442,141, 0
29443,136, 0
29444,134, 0
29445,91, 0
29446,79, 0
29447,64, 0
29448,56, 0
29449,64, 0
29450,79, 0
29451,99, 10
29452,115, 246
29453,112, 301
29454,132, 257
29455,121, 236
29456,133, 172
29457,127, 3
29458,129, 0
29459,140, 0
29460,144, 0
29461,145, 0
29462,147, 0
29463,153, 0
29464,167, 0
29465,158, 0
29466,148, 0
29467,133, 0
29468,126, 0
29469,116, 0
29470,118, 0
29471,104, 0
29472,106, 0
29473,131, 0
29474,94, 0
29475,75, 0
29476,68, 28
29477,76, 124
29478,65, 0
29479,79, 0
29480,92, 0
29481,93, 111
29482,87, 269
29483,88, 287
29484,78, 23
29485,76, 0
29486,72, 0
29487,90, 0
29488,94, 0
29489,94, 0
29490,100, 0
29491,108, 0
29492,112, 0
29493,115, 0
29494,110, 0
29495,102, 0
29496,101, 0
29497,92, 0
29498,95, 0
29499,99, 0
29500,92, 0
29501,97, 4
29502,92, 0
29503,90, 0
29504,67, 0
29505,41, 0
29506,51, 0
29507,58, 0
29508,83, 0
29509,104, 0
29510,135, 0
29511,149, 0
29512,144, 0
29513,134, 0
29514,120, 0
29515,102, 0
29516,95, 0
29517,95, 0
29518,89, 0
29519,89, 0
29520,91, 0
29521,95, 0
29522,93, 0
29523,97, 0
29524,99, 0
29525,85, 0
29526,96, 0
29527,101, 0
29528,96, 0
29529,101, 0
29530,97, 0
29531,104, 0
29532,104, 0
29533,97, 0
29534,85, 0
29535,55, 0
29536,17, 75
29537,20, 116
29538,23, 128
29539,42, 125
29540,69, 183
29541,134, 253
29542,159, 312
29543,170, 207
29544,170, 34
29545,170, 5
29546,163, 0
29547,153, 0
29548,148, 0
29549,152, 0
29550,151, 0
29551,139, 0
29552,156, 0
29553,161, 0
29554,160, 0
29555,172, 0
29556,165, 0
29557,165, 0
29558,156, 0
29559,140, 0
29560,131, 0
29561,133, 0
29562,150, 0
29563,164, 0
29564,158, 0
29565,139, 0
29566,89, 0
29567,42, 0
29568,12, 0
29569,6, 0
29570,38, 0
29571,63, 0
29572,105, 0
29573,148, 0
29574,159, 0
29575,185, 0
29576,195, 0
29577,170, 0
29578,104, 0
29579,28, 0
29580,1, 0
29581,0, 0
29582,0, 0
29583,11, 0
29584,0, 0
29585,0, 0
29586,0, 0
29587,3, 0
29588,36, 0
29589,76, 0
29590,102, 0
29591,106, 0
29592,83, 0
29593,51, 0
29594,38, 0
29595,26, 0
29596,18, 83
29597,8, 74
29598,8, 115
29599,12, 0
29600,19, 0
29601,43, 0
29602,83, 0
29603,123, 0
29604,153, 0
29605,174, 0
29606,173, 64
29607,181, 54
29608,188, 57
29609,204, 0
29610,226, 0
29611,254, 0
29612,291, 0
29613,315, 0
29614,325, 0
29615,312, 0
29616,287, 0
29617,265, 0
29618,256, 0
29619,245, 0
29620,234, 0
29621,218, 0
29622,204, 0
29623,158, 0
29624,127, 0
29625,88, 0
29626,62, 0
29627,28, 0
29628,29, 0
29629,31, 0
29630,56, 0
29631,76, 0
29632,85, 0
29633,110, 0
29634,112, 0
29635,90, 0
29636,88, 0
29637,69, 0
29638,52, 0
29639,40, 0
29640,38, 0
29641,36, 0
29642,37, 0
29643,28, 0
29644,19, 0
29645,4, 0
29646,15, 0
29647,35, 0
29648,76, 0
29649,110, 0
29650,136, 0
29651,143, 0
29652,121, 0
29653,97, 0
29654,90, 0
29655,77, 3
29656,65, 9
29657,51, 391
29658,46, 614
29659,80, 574
29660,106, 483
29661,156, 204
29662,214, 25
29663,253, 0
29664,263, 0
29665,258, 0
29666,231, 0
29667,215, 0
29668,181, 0
29669,124, 0
29670,73, 0
29671,38, 0
29672,23, 0
29673,19, 0
29674,25, 0
29675,46, 0
29676,64, 0
29677,56, 0
29678,51, 85
29679,46, 214
29680,37, 389
29681,19, 142
29682,23, 0
29683,44, 0
29684,71, 0
29685,91, 0
29686,108, 0
29687,99, 0
29688,89, 0
29689,81, 0
29690,84, 0
29691,105, 0
29692,133, 0
29693,166, 0
29694,183, 0
29695,181, 0
29696,157, 0
29697,144, 0
29698,125, 0
29699,107, 0
29700,85, 0
29701,69, 0
29702,36, 0
29703,25, 0
29704,38, 0
29705,35, 0
29706,38, 0
29707,38, 0
29708,28, 0
29709,25, 0
29710,28, 0
29711,35, 0
29712,51, 0
29713,68, 0
29714,94, 0
29715,121, 0
29716,147, 1
29717,163, 79
29718,165, 328
29719,138, 286
29720,131, 89
29721,124, 69
29722,132, 6
29723,157, 0
29724,157, 0
29725,153, 0
29726,141, 0
29727,138, 0
29728,138, 0
29729,141, 0
29730,140, 0
29731,135, 0
29732,128, 0
29733,127, 0
29734,123, 0
29735,139, 3
29736,163, 0
29737,185, 0
29738,204, 0
29739,214, 0
29740,220, 0
29741,220, 0
29742,214, 0
29743,195, 0
29744,188, 0
29745,179, 0
29746,169, 0
29747,151, 0
29748,125, 0
29749,92, 0
29750,72, 0
29751,61, 0
29752,68, 0
29753,92, 0
29754,136, 0
29755,161, 0
29756,166, 0
29757,157, 0
29758,152, 0
29759,126, 0
29760,104, 0
29761,73, 0
29762,75, 0
29763,77, 0
29764,90, 0
29765,102, 0
29766,105, 0
29767,93, 0
29768,77, 0
29769,47, 0
29770,35, 0
29771,27, 0
29772,34, 0
29773,47, 0
29774,72, 0
29775,115, 0
29776,135, 0
29777,138, 0
29778,122, 32
29779,87, 252
29780,38, 309
29781,58, 235
29782,80, 231
29783,105, 119
29784,153, 0
29785,183, 134
29786,218, 338
29787,244, 379
29788,227, 340
29789,214, 170
29790,201, 116
29791,196, 57
29792,183, 28
29793,183, 15
29794,172, 6
29795,164, 0
29796,141, 0
29797,109, 0
29798,39, 0
29799,0, 0
29800,12, 0
29801,0, 0
29802,0, 0
29803,0, 0
29804,3, 0
29805,23, 0
29806,48, 0
29807,78, 0
29808,92, 0
29809,107, 0
29810,68, 80
29811,64, 87
29812,48, 69
29813,46, 120
29814,36, 0
29815,44, 0
29816,32, 0
29817,12, 0
29818,11, 0
29819,19, 0
29820,37, 0
29821,68, 0
29822,97, 0
29823,115, 0
29824,129, 0
29825,148, 0
29826,157, 0
29827,173, 0
29828,186, 0
29829,216, 0
29830,242, 0
29831,272, 0
29832,294, 0
29833,313, 0
29834,311, 0
29835,308, 0
29836,280, 0
29837,241, 0
29838,189, 0
29839,121, 0
29840,42, 70
29841,0, 187
29842,0, 102
29843,0, 262
29844,0, 0
29845,0, 0
29846,24, 0
29847,42, 0
29848,20, 0
29849,4, 0
29850,3, 0
29851,4, 0
29852,8, 0
29853,11, 0
29854,4, 0
29855,0, 0
29856,3, 0
29857,7, 0
29858,24, 0
29859,44, 0
29860,73, 0
29861,101, 0
29862,94, 0
29863,116, 0
29864,130, 0
29865,154, 0
29866,172, 0
29867,203, 0
29868,205, 0
29869,193, 0
29870,139, 0
29871,100, 0
29872,62, 0
29873,47, 0
29874,54, 0
29875,76, 0
29876,99, 0
29877,134, 0
29878,148, 0
29879,149, 0
29880,137, 0
29881,120, 0
29882,117, 0
29883,113, 0
29884,106, 0
29885,109, 0
29886,122, 0
29887,141, 0
29888,155, 0
29889,176, 0
29890,193, 0
29891,212, 0
29892,222, 0
29893,226, 0
29894,235, 0
29895,237, 0
29896,238, 0
29897,233, 0
29898,216, 0
29899,206, 0
29900,192, 0
29901,159, 44
29902,145, 216
29903,128, 11
29904,127, 121
29905,124, 142
29906,115, 46
29907,117, 0
29908,115, 0
29909,126, 0
29910,149, 0
29911,143, 0
29912,148, 0
29913,133, 0
29914,108, 18
29915,86, 121
29916,40, 234
29917,0, 156
29918,0, 121
29919,0, 59
29920,0, 0
29921,0, 0
29922,0, 0
29923,0, 0
29924,1, 0
29925,0, 0
29926,0, 0
29927,0, 0
29928,0, 0
29929,0, 0
29930,4, 0
29931,29, 0
29932,5, 0
29933,0, 0
29934,11, 0
29935,55, 0
29936,105, 0
29937,138, 0
29938,165, 0
29939,164, 0
29940,163, 0
29941,164, 0
29942,175, 0
29943,199, 0
29944,227, 0
29945,269, 0
29946,286, 0
29947,275, 0
29948,248, 0
29949,233, 0
29950,217, 0
29951,215, 0
29952,211, 0
29953,202, 0
29954,188, 0
29955,173, 0
29956,165, 0
29957,171, 0
29958,199, 158
29959,201, 125
29960,192, 8
29961,151, 0
29962,140, 88
29963,110, 36
29964,89, 1
29965,89, 0
29966,86, 0
29967,116, 0
29968,144, 0
29969,148, 0
29970,142, 0
29971,128, 0
29972,90, 0
29973,76, 0
29974,47, 0
29975,31, 0
29976,35, 0
29977,67, 0
29978,107, 0
29979,150, 0
29980,165, 0
29981,156, 0
29982,130, 0
29983,84, 0
29984,58, 0
29985,46, 0
29986,52, 0
29987,76, 0
29988,101, 0
29989,126, 0
29990,133, 0
29991,142, 0
29992,121, 0
29993,88, 22
29994,46, 0
29995,11, 0
29996,0, 0
29997,3, 0
29998,6, 0
29999,21, 0
30000,26, 0
30001,25, 0
30002,27, 0
30003,37, 0
30004,43, 0
30005,59, 0
30006,68, 0
30007,79, 0
30008,88, 0
30009,100, 0
30010,121, 0
30011,140, 0
30012,160, 0
30013,173, 0
30014,186, 0
30015,195, 0
30016,202, 0
30017,207, 0
30018,212, 0
30019,199, 0
30020,201, 0
30021,183, 0
30022,164, 0
30023,136, 0
30024,121, 41
30025,108, 31
30026,102, 51
30027,126, 0
30028,168, 0
30029,229, 0
30030,294, 4
30031,312, 1
30032,318, 31
30033,318, 1
30034,282, 0
30035,257, 0
30036,239, 0
30037,214, 0
30038,190, 0
30039,169, 0
30040,149, 0
30041,141, 0
30042,145, 0
30043,136, 0
30044,136, 0
30045,115, 0
30046,90, 0
30047,57, 0
30048,6, 0
30049,0, 0
30050,26, 0
30051,48, 0
30052,65, 0
30053,56, 0
30054,40, 2
30055,20, 5
30056,17, 9
30057,0, 23
30058,0, 0
30059,0, 0
30060,27, 0
30061,60, 0
30062,79, 0
30063,70, 0
30064,45, 0
30065,12, 0
30066,12, 0
30067,36, 0
30068,70, 0
30069,92, 0
30070,107, 0
30071,115, 0
30072,129, 0
30073,125, 0
30074,121, 0
30075,110, 0
30076,107, 0
30077,100, 0
30078,124, 0
30079,137, 0
30080,139, 0
30081,142, 0
30082,151, 7
30083,153, 174
30084,140, 163
30085,149, 195
30086,155, 92
30087,177, 142
30088,202, 23
30089,228, 0
30090,262, 0
30091,255, 0
30092,240, 0
30093,227, 0
30094,192, 0
30095,144, 0
30096,95, 0
30097,58, 0
30098,40, 0
30099,39, 0
30100,45, 0
30101,36, 0
30102,12, 6
30103,0, 0
30104,0, 0
30105,0, 0
30106,3, 0
30107,23, 126
30108,55, 170
30109,77, 9
30110,102, 0
30111,133, 0
30112,127, 0
30113,123, 0
30114,139, 0
30115,119, 0
30116,136, 0
30117,164, 11
30118,189, 168
30119,217, 63
30120,245, 30
30121,263, 0
30122,261, 0
30123,231, 0
30124,195, 0
30125,127, 0
30126,57, 0
30127,12, 0
30128,0, 0
30129,0, 0
30130,0, 0
30131,0, 0
30132,0, 0
30133,22, 0
30134,62, 0
30135,77, 0
30136,85, 0
30137,73, 0
30138,69, 0
30139,70, 0
30140,99, 0
30141,139, 0
30142,156, 37
30143,176, 201
30144,158, 446
30145,135, 310
30146,142, 322
30147,137, 260
30148,155, 257
30149,154, 276
30150,170, 171
30151,190, 31
30152,189, 0
30153,185, 0
30154,190, 0
30155,185, 0
30156,170, 0
30157,161, 0
30158,159, 0
30159,164, 0
30160,183, 0
30161,206, 0
30162,241, 0
30163,221, 0
30164,204, 0
30165,183, 0
30166,151, 0
30167,139, 0
30168,131, 0
30169,123, 0
30170,132, 0
30171,127, 0
30172,131, 0
30173,131, 0
30174,128, 0
30175,107, 0
30176,95, 0
30177,92, 0
30178,84, 0
30179,76, 0
30180,94, 0
30181,113, 0
30182,138, 0
30183,151, 0
30184,156, 0
30185,157, 0
30186,155, 0
30187,135, 0
30188,133, 0
30189,106, 0
30190,97, 0
30191,92, 0
30192,84, 0
30193,71, 0
30194,35, 0
30195,6, 0
30196,20, 0
30197,36, 0
30198,71, 0
30199,102, 0
30200,115, 0
30201,135, 0
30202,131, 0
30203,145, 0
30204,143, 0
30205,127, 1
30206,65, 176
30207,38, 337
30208,31, 351
30209,46, 384
30210,48, 121
30211,54, 0
30212,58, 0
30213,44, 0
30214,39, 0
30215,21, 0
30216,18, 0
30217,24, 0
30218,39, 0
30219,73, 0
30220,102, 0
30221,134, 0
30222,165, 0
30223,176, 0
30224,180, 0
30225,201, 0
30226,183, 0
30227,180, 0
30228,164, 0
30229,149, 0
30230,139, 0
30231,121, 0
30232,103, 0
30233,79, 0
30234,67, 0
30235,23, 0
30236,0, 0
30237,0, 8
30238,0, 183
30239,4, 152
30240,8, 41
30241,0, 0
30242,4, 0
30243,38, 0
30244,99, 0
30245,152, 0
30246,213, 0
30247,259, 0
30248,294, 0
30249,322, 0
30250,325, 0
30251,330, 0
30252,341, 0
30253,337, 0
30254,316, 0
30255,278, 0
30256,238, 0
30257,215, 0
30258,203, 0
30259,189, 0
30260,167, 0
30261,156, 0
30262,145, 0
30263,142, 0
30264,141, 0
30265,133, 22
30266,81, 179
30267,13, 371
30268,0, 171
30269,0, 169
30270,1, 155
30271,7, 61
30272,0, 0
30273,0, 0
30274,5, 0
30275,0, 0
30276,26, 0
30277,90, 0
30278,157, 0
30279,198, 0
30280,224, 3
30281,235, 0
30282,251, 0
30283,251, 0
30284,211, 0
30285,205, 0
30286,174, 0
30287,145, 0
30288,124, 0
30289,107, 0
30290,94, 0
30291,70, 0
30292,44, 0
30293,14, 0
30294,0, 0
30295,1, 0
30296,0, 0
30297,0, 0
30298,0, 18
30299,0, 251
30300,22, 238
30301,51, 112
30302,102, 1
30303,122, 0
30304,122, 0
30305,100, 0
30306,74, 0
30307,83, 0
30308,108, 0
30309,135, 0
30310,152, 0
30311,156, 0
30312,143, 0
30313,136, 0
30314,132, 0
30315,148, 0
30316,158, 0
30317,204, 0
30318,226, 0
30319,227, 0
30320,211, 0
30321,191, 0
30322,181, 0
30323,163, 0
30324,152, 0
30325,144, 0
30326,152, 3
30327,139, 44
30328,115, 136
30329,102, 121
30330,89, 81
30331,75, 9
30332,46, 0
30333,31, 0
30334,22, 0
30335,20, 0
30336,25, 0
30337,22, 0
30338,5, 0
30339,0, 0
30340,0, 0
30341,0, 0
30342,0, 0
30343,0, 0
30344,0, 0
30345,10, 0
30346,46, 0
30347,103, 0
30348,157, 0
30349,205, 0
30350,240, 0
30351,268, 0
30352,297, 0
30353,301, 0
30354,290, 0
30355,268, 0
30356,246, 76
30357,214, 0
30358,166, 0
30359,140, 127
30360,115, 73
30361,88, 36
30362,68, 0
30363,50, 0
30364,32, 0
30365,19, 0
30366,5, 0
30367,17, 0
30368,51, 0
30369,115, 0
30370,175, 0
30371,235, 0
30372,264, 0
30373,293, 0
30374,322, 0
30375,332, 0
30376,333, 0
30377,318, 0
30378,296, 0
30379,272, 0
30380,234, 0
30381,198, 0
30382,145, 0
30383,85, 0
30384,11, 0
30385,0, 0
30386,21, 10
30387,95, 113
30388,154, 145
30389,172, 187
30390,142, 121
30391,83, 35
30392,26, 185
30393,0, 0
30394,0, 0
30395,11, 46
30396,32, 51
30397,53, 92
30398,85, 90
30399,106, 4
30400,129, 0
30401,136, 0
30402,137, 0
30403,121, 0
30404,115, 0
30405,111, 0
30406,120, 0
30407,137, 0
30408,136, 0
30409,119, 0
30410,102, 0
30411,87, 0
30412,63, 0
30413,57, 0
30414,81, 0
30415,89, 0
30416,99, 0
30417,99, 0
30418,91, 0
30419,88, 0
30420,96, 0
30421,102, 0
30422,120, 0
30423,150, 0
30424,192, 0
30425,231, 0
30426,252, 0
30427,263, 0
30428,265, 0
30429,261, 0
30430,248, 38
30431,239, 103
30432,221, 86
30433,210, 0
30434,204, 0
30435,201, 0
30436,187, 0
30437,165, 0
30438,143, 0
30439,128, 0
30440,112, 0
30441,95, 0
30442,76, 0
30443,73, 0
30444,61, 0
30445,58, 0
30446,47, 0
30447,36, 0
30448,18, 2
30449,0, 54
30450,0, 170
30451,0, 270
30452,2, 407
30453,0, 125
30454,1, 0
30455,19, 0
30456,32, 0
30457,31, 0
30458,22, 0
30459,19, 0
30460,24, 0
30461,48, 0
30462,84, 3
30463,120, 4
30464,151, 8
30465,196, 0
30466,255, 0
30467,311, 0
30468,340, 0
30469,355, 0
30470,321, 0
30471,289, 0
30472,263, 0
30473,274, 0
30474,287, 0
30475,280, 0
30476,268, 0
30477,262, 0
30478,230, 0
30479,174, 1
30480,113, 0
30481,54, 1
30482,8, 3
30483,0, 59
30484,9, 0
30485,24, 0
30486,17, 0
30487,0, 0
30488,3, 0
30489,75, 0
30490,101, 0
30491,152, 0
30492,151, 0
30493,155, 0
30494,160, 0
30495,163, 0
30496,167, 0
30497,164, 0
30498,144, 0
30499,132, 0
30500,106, 0
30501,44, 0
30502,9, 0
30503,0, 0
30504,0, 0
30505,4, 0
30506,0, 0
30507,0, 0
30508,25, 0
30509,76, 0
30510,80, 0
30511,68, 9
30512,110, 107
30513,142, 83
30514,161, 4
30515,182, 0
30516,204, 0
30517,212, 0
30518,207, 0
30519,192, 0
30520,148, 0
30521,131, 0
30522,92, 0
30523,97, 0
30524,104, 0
30525,132, 0
30526,153, 0
30527,173, 0
30528,164, 0
30529,163, 0
30530,136, 0
30531,122, 0
30532,95, 0
30533,97, 0
30534,124, 0
30535,160, 0
30536,196, 0
30537,213, 0
30538,192, 0
30539,145, 0
30540,86, 0
30541,28, 0
30542,12, 0
30543,27, 43
30544,38, 76
30545,46, 121
30546,61, 0
30547,92, 0
30548,107, 0
30549,120, 0
30550,133, 0
30551,152, 0
30552,176, 0
30553,211, 0
30554,243, 0
30555,252, 0
30556,255, 0
30557,253, 0
30558,254, 0
30559,238, 0
30560,217, 0
30561,204, 0
30562,156, 0
30563,100, 0
30564,41, 0
30565,1, 0
30566,0, 0
30567,0, 0
30568,0, 0
30569,2, 0
30570,0, 0
30571,0, 0
30572,0, 187
30573,0, 103
30574,1, 103
30575,0, 74
30576,25, 0
30577,71, 0
30578,119, 0
30579,154, 0
30580,176, 0
30581,187, 0
30582,188, 0
30583,189, 6
30584,177, 0
30585,158, 0
30586,141, 0
30587,144, 0
30588,145, 0
30589,147, 0
30590,143, 0
30591,122, 0
30592,99, 0
30593,83, 0
30594,90, 0
30595,102, 0
30596,124, 0
30597,148, 0
30598,167, 0
30599,179, 0
30600,166, 0
30601,151, 0
30602,91, 0
30603,48, 0
30604,34, 0
30605,47, 0
30606,105, 0
30607,172, 0
30608,223, 0
30609,257, 0
30610,255, 0
30611,238, 0
30612,216, 0
30613,202, 0
30614,198, 0
30615,198, 0
30616,196, 0
30617,180, 0
30618,157, 0
30619,128, 0
30620,73, 0
30621,6, 0
30622,6, 0
30623,45, 0
30624,80, 0
30625,95, 0
30626,74, 0
30627,44, 0
30628,6, 0
30629,0, 0
30630,18, 0
30631,73, 0
30632,87, 41
30633,117, 423
30634,117, 305
30635,133, 268
30636,164, 295
30637,159, 6
30638,180, 0
30639,196, 0
30640,203, 0
30641,190, 0
30642,186, 0
30643,184, 0
30644,200, 0
30645,204, 0
30646,204, 30
30647,205, 129
30648,201, 127
30649,203, 25
30650,191, 0
30651,190, 0
30652,191, 0
30653,176, 4
30654,165, 0
30655,144, 0
30656,115, 0
30657,84, 0
30658,52, 0
30659,12, 0
30660,0, 0
30661,0, 0
30662,2, 0
30663,21, 0
30664,63, 0
30665,108, 0
30666,134, 0
30667,158, 0
30668,195, 0
30669,222, 0
30670,231, 0
30671,244, 0
30672,217, 0
30673,207, 0
30674,213, 0
30675,177, 0
30676,129, 0
30677,67, 0
30678,6, 0
30679,0, 0
30680,18, 0
30681,13, 0
30682,7, 0
30683,5, 0
30684,35, 0
30685,102, 0
30686,160, 0
30687,182, 0
30688,172, 0
30689,168, 0
30690,176, 0
30691,184, 0
30692,204, 0
30693,198, 29
30694,184, 119
30695,153, 0
30696,135, 0
30697,120, 0
30698,113, 0
30699,95, 0
30700,88, 0
30701,44, 0
30702,23, 0
30703,11, 0
30704,23, 0
30705,65, 0
30706,81, 0
30707,84, 0
30708,59, 0
30709,28, 0
30710,12, 0
30711,9, 0
30712,14, 0
30713,51, 0
30714,38, 0
30715,39, 0
30716,39, 0
30717,40, 0
30718,52, 0
30719,58, 0
30720,73, 0
30721,91, 0
30722,103, 0
30723,108, 0
30724,90, 0
30725,95, 0
30726,95, 0
30727,127, 0
30728,143, 0
30729,191, 0
30730,226, 0
30731,256, 0
30732,256, 0
30733,232, 0
30734,217, 0
30735,197, 0
30736,205, 0
30737,218, 0
30738,227, 30
30739,235, 0
30740,232, 1
30741,224, 0
30742,184, 0
30743,150, 0
30744,118, 0
30745,94, 0
30746,87, 0
30747,63, 0
30748,57, 0
30749,44, 0
30750,41, 0
30751,51, 0
30752,51, 0
30753,61, 0
30754,79, 2
30755,65, 173
30756,81, 74
30757,102, 79
30758,133, 25
30759,171, 0
30760,200, 0
30761,217, 0
30762,214, 0
30763,192, 0
30764,179, 0
30765,163, 0
30766,149, 0
30767,130, 0
30768,122, 0
30769,106, 0
30770,106, 0
30771,94, 0
30772,76, 0
30773,70, 0
30774,86, 0
30775,106, 0
30776,156, 0
30777,170, 0
30778,202, 0
30779,207, 0
30780,235, 0
30781,231, 0
30782,214, 0
30783,196, 0
30784,157, 0
30785,94, 0
30786,54, 0
30787,28, 0
30788,0, 10
30789,5, 92
30790,14, 0
30791,20, 0
30792,24, 0
30793,30, 0
30794,29, 0
30795,34, 0
30796,61, 0
30797,108, 0
30798,153, 0
30799,171, 0
30800,173, 0
30801,156, 0
30802,129, 0
30803,95, 0
30804,63, 0
30805,26, 0
30806,25, 0
30807,0, 0
30808,0, 0
30809,6, 0
30810,1, 0
30811,13, 0
30812,38, 0
30813,35, 0
30814,6, 115
30815,0, 44
30816,1, 75
30817,29, 89
30818,50, 91
30819,78, 62
30820,91, 0
30821,102, 0
30822,103, 0
30823,104, 0
30824,100, 0
30825,109, 0
30826,124, 0
30827,134, 0
30828,148, 0
30829,172, 0
30830,186, 0
30831,196, 0
30832,204, 0
30833,205, 0
30834,207, 0
30835,212, 0
30836,214, 0
30837,220, 0
30838,207, 0
30839,202, 0
30840,189, 0
30841,179, 0
30842,182, 0
30843,176, 0
30844,165, 0
30845,126, 0
30846,62, 48
30847,19, 63
30848,10, 77
30849,23, 43
30850,100, 0
30851,206, 0
30852,286, 0
30853,310, 0
30854,310, 0
30855,312, 0
30856,323, 0
30857,324, 0
30858,322, 0
30859,321, 0
30860,271, 0
30861,252, 0
30862,202, 0
30863,124, 0
30864,44, 0
30865,6, 0
30866,31, 0
30867,89, 0
30868,84, 0
30869,25, 0
30870,0, 0
30871,19, 0
30872,25, 0
30873,4, 0
30874,0, 0
30875,0, 0
30876,1, 0
30877,12, 133
30878,31, 99
30879,78, 95
30880,85, 9
30881,96, 0
30882,83, 0
30883,69, 0
30884,52, 0
30885,92, 0
30886,155, 0
30887,207, 0
30888,248, 0
30889,269, 0
30890,275, 0
30891,276, 0
30892,261, 0
30893,236, 0
30894,204, 0
30895,172, 0
30896,135, 0
30897,115, 0
30898,103, 0
30899,103, 0
30900,83, 0
30901,57, 0
30902,30, 0
30903,32, 0
30904,46, 0
30905,56, 0
30906,47, 0
30907,24, 0
30908,5, 0
30909,0, 3
30910,11, 112
30911,25, 0
30912,64, 0
30913,85, 0
30914,108, 0
30915,100, 2
30916,92, 0
30917,86, 0
30918,75, 0
30919,89, 0
30920,108, 0
30921,130, 0
30922,156, 0
30923,155, 0
30924,156, 0
30925,165, 0
30926,172, 0
30927,165, 0
30928,163, 0
30929,158, 0
30930,158, 0
30931,151, 0
30932,151, 0
30933,144, 0
30934,139, 0
30935,132, 0
30936,118, 0
30937,76, 26
30938,44, 262
30939,25, 159
30940,25, 23
30941,76, 85
30942,157, 0
30943,242, 0
30944,295, 0
30945,326, 0
30946,326, 0
30947,311, 0
30948,270, 0
30949,189, 0
30950,134, 0
30951,91, 0
30952,76, 0
30953,73, 0
30954,70, 0
30955,74, 0
30956,88, 2
30957,102, 115
30958,126, 305
30959,124, 173
30960,110, 73
30961,87, 2
30962,72, 0
30963,71, 0
30964,70, 0
30965,72, 0
30966,62, 0
30967,27, 0
30968,5, 0
30969,5, 0
30970,0, 0
30971,0, 0
30972,0, 0
30973,5, 0
30974,22, 0
30975,48, 0
30976,76, 0
30977,80, 0
30978,102, 0
30979,100, 0
30980,102, 0
30981,100, 0
30982,92, 0
30983,92, 0
30984,92, 0
30985,80, 0
30986,81, 34
30987,72, 6
30988,80, 0
30989,117, 0
30990,174, 0
30991,224, 0
30992,254, 0
30993,268, 0
30994,270, 1
30995,269, 0
30996,270, 0
30997,262, 0
30998,241, 0
30999,239, 132
31000,235, 88
31001,232, 99
31002,220, 31
31003,183, 0
31004,108, 0
31005,39, 0
31006,19, 0
31007,6, 0
31008,2, 0
31009,0, 0
31010,0, 0
31011,0, 0
31012,1, 0
31013,0, 0
31014,0, 0
31015,0, 0
31016,0, 0
31017,11, 0
31018,21, 0
31019,37, 0
31020,51, 0
31021,72, 0
31022,85, 0
31023,87, 0
31024,80, 0
31025,86, 0
31026,68, 0
31027,56, 8
31028,39, 4
31029,19, 34
31030,12, 17
31031,12, 0
31032,27, 0
31033,57, 0
31034,102, 0
31035,136, 0
31036,160, 0
31037,156, 0
31038,145, 0
31039,141, 0
31040,127, 0
31041,139, 0
31042,176, 0
31043,220, 0
31044,244, 0
31045,261, 0
31046,269, 0
31047,263, 0
31048,263, 0
31049,254, 0
31050,252, 0
31051,238, 0
31052,218, 0
31053,190, 0
31054,164, 0
31055,145, 0
31056,132, 0
31057,97, 0
31058,40, 0
31059,3, 83
31060,0, 171
31061,0, 101
31062,0, 140
31063,6, 24
31064,41, 0
31065,87, 0
31066,102, 0
31067,96, 0
31068,78, 0
31069,64, 0
31070,63, 0
31071,78, 0
31072,99, 0
31073,105, 0
31074,112, 0
31075,127, 0
31076,144, 0
31077,156, 0
31078,151, 0
31079,136, 0
31080,119, 0
31081,111, 0
31082,123, 0
31083,171, 0
31084,185, 0
31085,215, 0
31086,254, 0
31087,257, 0
31088,305, 0
31089,296, 0
31090,274, 0
31091,233, 0
31092,233, 0
31093,206, 45
31094,198, 0
31095,171, 0
31096,127, 0
31097,70, 0
31098,12, 0
31099,10, 0
31100,0, 0
31101,0, 0
31102,0, 0
31103,0, 0
31104,0, 0
31105,0, 0
31106,9, 0
31107,31, 0
31108,41, 0
31109,53, 0
31110,51, 0
31111,52, 0
31112,60, 0
31113,54, 0
31114,48, 0
31115,51, 0
31116,52, 0
31117,62, 0
31118,76, 0
31119,89, 0
31120,72, 85
31121,70, 143
31122,62, 259
31123,87, 234
31124,93, 145
31125,127, 3
31126,139, 0
31127,136, 0
31128,122, 0
31129,111, 0
31130,109, 0
31131,102, 0
31132,105, 0
31133,120, 0
31134,148, 0
31135,189, 0
31136,238, 0
31137,270, 0
31138,304, 0
31139,311, 0
31140,302, 0
31141,276, 0
31142,230, 0
31143,240, 0
31144,244, 0
31145,233, 0
31146,188, 0
31147,122, 0
31148,32, 0
31149,7, 0
31150,0, 0
31151,0, 0
31152,0, 0
31153,4, 0
31154,18, 0
31155,51, 0
31156,97, 0
31157,143, 0
31158,151, 0
31159,122, 0
31160,105, 0
31161,57, 0
31162,19, 0
31163,0, 0
31164,3, 0
31165,5, 0
31166,21, 0
31167,37, 0
31168,57, 0
31169,83, 0
31170,101, 0
31171,121, 0
31172,148, 0
31173,164, 0
31174,165, 0
31175,159, 0
31176,170, 0
31177,192, 0
31178,226, 0
31179,256, 0
31180,252, 25
31181,165, 121
31182,70, 290
31183,0, 204
31184,0, 384
31185,0, 189
31186,0, 166
31187,18, 203
31188,72, 86
31189,95, 0
31190,103, 0
31191,106, 0
31192,106, 0
31193,131, 0
31194,111, 0
31195,113, 0
31196,90, 0
31197,99, 0
31198,103, 0
31199,112, 0
31200,122, 0
31201,129, 0
31202,145, 0
31203,150, 0
31204,159, 0
31205,154, 0
31206,147, 0
31207,132, 0
31208,125, 0
31209,109, 0
31210,106, 0
31211,88, 0
31212,56, 1
31213,42, 0
31214,48, 0
31215,55, 0
31216,87, 0
31217,137, 0
31218,161, 0
31219,170, 0
31220,173, 0
31221,167, 0
31222,180, 0
31223,193, 0
31224,217, 0
31225,232, 0
31226,253, 0
31227,257, 0
31228,262, 0
31229,238, 0
31230,244, 0
31231,223, 0
31232,217, 0
31233,223, 0
31234,243, 0
31235,242, 0
31236,242, 0
31237,189, 0
31238,127, 0
31239,62, 0
31240,9, 0
31241,5, 0
31242,0, 47
31243,0, 117
31244,0, 72
31245,0, 2
31246,12, 84
31247,2, 0
31248,25, 0
31249,39, 0
31250,19, 0
31251,0, 0
31252,10, 0
31253,51, 0
31254,91, 0
31255,106, 0
31256,112, 0
31257,110, 0
31258,111, 0
31259,115, 0
31260,113, 0
31261,111, 0
31262,108, 0
31263,111, 0
31264,110, 0
31265,106, 0
31266,108, 0
31267,116, 0
31268,120, 0
31269,125, 0
31270,121, 1
31271,120, 25
31272,109, 19
31273,86, 85
31274,79, 71
31275,76, 20
31276,79, 80
31277,89, 0
31278,108, 0
31279,104, 0
31280,117, 0
31281,109, 0
31282,102, 0
31283,100, 0
31284,95, 0
31285,93, 0
31286,91, 0
31287,102, 0
31288,107, 0
31289,122, 0
31290,127, 0
31291,126, 0
31292,129, 0
31293,133, 0
31294,163, 0
31295,192, 0
31296,233, 0
31297,278, 0
31298,318, 0
31299,348, 0
31300,373, 0
31301,406, 0
31302,420, 0
31303,400, 118
31304,371, 78
31305,354, 99
31306,332, 138
31307,296, 63
31308,263, 0
31309,173, 0
31310,80, 0
31311,2, 0
31312,5, 0
31313,34, 0
31314,22, 0
31315,0, 0
31316,15, 0
31317,0, 0
31318,0, 0
31319,34, 0
31320,69, 0
31321,44, 0
31322,5, 0
31323,0, 0
31324,0, 0
31325,1, 0
31326,13, 0
31327,17, 0
31328,17, 0
31329,25, 0
31330,22, 0
31331,37, 0
31332,36, 0
31333,47, 0
31334,63, 0
31335,70, 0
31336,72, 0
31337,76, 0
31338,70, 0
31339,79, 0
31340,87, 0
31341,74, 0
31342,83, 17
31343,76, 83
31344,75, 220
31345,62, 30
31346,76, 0
31347,94, 0
31348,119, 0
31349,142, 0
31350,183, 0
31351,231, 0
31352,261, 0
31353,277, 0
31354,274, 0
31355,276, 0
31356,236, 0
31357,193, 0
31358,164, 0
31359,151, 0
31360,152, 0
31361,137, 0
31362,160, 0
31363,148, 70
31364,92, 37
31365,41, 76
31366,14, 60
31367,20, 37
31368,65, 67
31369,102, 0
31370,121, 0
31371,131, 0
31372,127, 0
31373,110, 0
31374,116, 4
31375,125, 0
31376,167, 0
31377,199, 0
31378,220, 0
31379,231, 0
31380,235, 0
31381,235, 0
31382,232, 0
31383,236, 0
31384,231, 0
31385,227, 0
31386,220, 0
31387,204, 0
31388,156, 0
31389,108, 0
31390,63, 0
31391,54, 0
31392,76, 0
31393,124, 0
31394,154, 0
31395,152, 0
31396,125, 0
31397,103, 9
31398,78, 57
31399,86, 5
31400,89, 0
31401,77, 0
31402,38, 0
31403,3, 0
31404,6, 0
31405,47, 0
31406,68, 0
31407,37, 0
31408,0, 0
31409,4, 0
31410,31, 0
31411,53, 0
31412,71, 0
31413,84, 0
31414,116, 0
31415,138, 0
31416,158, 0
31417,174, 0
31418,183, 0
31419,181, 0
31420,202, 0
31421,216, 0
31422,207, 0
31423,207, 0
31424,191, 0
31425,151, 64
31426,106, 96
31427,71, 139
31428,44, 0
31429,41, 0
31430,76, 0
31431,96, 0
31432,121, 0
31433,135, 0
31434,158, 0
31435,183, 0
31436,200, 5
31437,236, 157
31438,270, 129
31439,285, 57
31440,292, 3
31441,272, 0
31442,244, 0
31443,223, 0
31444,197, 0
31445,151, 0
31446,121, 0
31447,57, 0
31448,4, 0
31449,0, 0
31450,0, 0
31451,0, 0
31452,0, 0
31453,0, 0
31454,0, 0
31455,0, 0
31456,19, 0
31457,12, 0
31458,0, 45
31459,0, 54
31460,0, 0
31461,14, 0
31462,64, 0
31463,101, 0
31464,137, 0
31465,189, 0
31466,223, 0
31467,266, 0
31468,297, 0
31469,300, 0
31470,301, 0
31471,277, 0
31472,253, 0
31473,212, 0
31474,176, 0
31475,134, 0
31476,84, 0
31477,48, 0
31478,34, 0
31479,29, 0
31480,11, 0
31481,0, 0
31482,0, 0
31483,0, 0
31484,4, 0
31485,0, 63
31486,0, 220
31487,2, 131
31488,42, 223
31489,108, 123
31490,176, 14
31491,215, 0
31492,217, 0
31493,189, 0
31494,137, 0
31495,74, 0
31496,51, 0
31497,92, 0
31498,175, 41
31499,255, 32
31500,326, 0
31501,372, 0
31502,381, 0
31503,338, 0
31504,238, 0
31505,127, 0
31506,35, 0
31507,0, 1
31508,0, 0
31509,0, 0
31510,0, 0
31511,20, 0
31512,30, 0
31513,25, 0
31514,1, 0
31515,0, 0
31516,3, 0
31517,39, 23
31518,76, 81
31519,115, 58
31520,127, 1
31521,138, 0
31522,148, 0
31523,141, 0
31524,142, 0
31525,122, 0
31526,124, 0
31527,143, 0
31528,172, 0
31529,182, 0
31530,214, 0
31531,239, 0
31532,291, 0
31533,349, 0
31534,373, 0
31535,369, 0
31536,325, 0
31537,263, 0
31538,205, 0
31539,182, 0
31540,158, 0
31541,126, 0
31542,120, 0
31543,125, 0
31544,139, 0
31545,138, 0
31546,102, 17
31547,72, 172
31548,59, 306
31549,52, 167
31550,61, 67
31551,95, 0
31552,130, 0
31553,131, 0
31554,108, 0
31555,80, 0
31556,80, 0
31557,83, 0
31558,76, 0
31559,51, 0
31560,25, 0
31561,6, 0
31562,0, 0
31563,0, 5
31564,0, 0
31565,2, 0
31566,47, 0
31567,112, 0
31568,164, 0
31569,196, 0
31570,170, 0
31571,137, 0
31572,118, 0
31573,152, 0
31574,181, 0
31575,186, 0
31576,158, 0
31577,101, 0
31578,57, 0
31579,25, 0
31580,5, 18
31581,0, 0
31582,0, 0
31583,5, 0
31584,40, 0
31585,87, 0
31586,110, 0
31587,109, 0
31588,70, 0
31589,3, 0
31590,32, 0
31591,176, 0
31592,263, 0
31593,336, 0
31594,382, 0
31595,376, 0
31596,365, 0
31597,307, 0
31598,244, 0
31599,214, 0
31600,183, 0
31601,152, 0
31602,121, 0
31603,75, 0
31604,51, 0
31605,46, 0
31606,72, 0
31607,88, 0
31608,94, 63
31609,108, 143
31610,124, 103
31611,108, 63
31612,117, 12
31613,147, 0
31614,163, 0
31615,152, 14
31616,134, 6
31617,121, 11
31618,115, 0
31619,108, 0
31620,74, 0
31621,34, 0
31622,9, 0
31623,17, 0
31624,78, 0
31625,132, 0
31626,187, 0
31627,228, 0
31628,251, 0
31629,266, 0
31630,318, 0
31631,353, 0
31632,351, 0
31633,321, 0
31634,256, 0
31635,171, 0
31636,85, 0
31637,30, 0
31638,15, 0
31639,0, 0
31640,0, 0
31641,0, 0
31642,38, 0
31643,72, 0
31644,31, 0
31645,7, 0
31646,94, 0
31647,158, 0
31648,142, 0
31649,164, 0
31650,151, 0
31651,185, 0
31652,239, 0
31653,319, 0
31654,391, 0
31655,426, 0
31656,405, 0
31657,364, 0
31658,301, 0
31659,211, 0
31660,102, 0
31661,14, 0
31662,0, 0
31663,1, 0
31664,22, 0
31665,51, 0
31666,80, 0
31667,105, 0
31668,123, 38
31669,137, 108
31670,181, 54
31671,284, 93
31672,381, 106
31673,457, 0
31674,494, 0
31675,478, 0
31676,420, 2
31677,349, 0
31678,246, 0
31679,150, 0
31680,26, 0
31681,0, 0
31682,44, 0
31683,117, 0
31684,207, 0
31685,298, 0
31686,371, 0
31687,427, 0
31688,435, 0
31689,411, 0
31690,355, 3
31691,238, 0
31692,153, 0
31693,58, 0
31694,0, 0
31695,92, 0
31696,300, 0
31697,496, 0
31698,604, 0
31699,691, 0
31700,800, 0
31701,887, 0
31702,913, 0
31703,899, 0
31704,888, 0
31705,845, 0
31706,704, 0
31707,479, 0
31708,256, 0
31709,50, 0
31710,65, 0
31711,245, 0
31712,404, 0
31713,504, 0
31714,557, 0
31715,545, 0
31716,527, 0
31717,482, 0
31718,402, 0
31719,222, 0
31720,50, 0
31721,6, 0
31722,59, 63
31723,83, 213
31724,86, 219
31725,108, 9
31726,90, 0
31727,63, 0
31728,32, 0
31729,10, 0
31730,7, 265
31731,19, 263
31732,121, 469
31733,228, 554
31734,349, 588
31735,418, 549
31736,399, 483
31737,338, 409
31738,251, 353
31739,175, 294
31740,100, 270
31741,76, 222
31742,88, 139
31743,107, 47
31744,122, 0
31745,56, 0
31746,2, 0
31747,0, 0
31748,0, 2
31749,19, 0
31750,97, 0
31751,183, 0
31752,255, 0
31753,338, 0
31754,409, 0
31755,375, 0
31756,267, 0
31757,107, 0
31758,5, 0
31759,39, 0
31760,75, 0
31761,54, 0
31762,0, 0
31763,68, 0
31764,219, 0
31765,305, 0
31766,287, 0
31767,195, 0
31768,72, 0
31769,0, 0
31770,0, 0
31771,14, 0
31772,32, 0
31773,40, 77
31774,26, 65
31775,7, 111
31776,0, 44
31777,54, 0
31778,190, 0
31779,334, 0
31780,466, 0
31781,587, 0
31782,683, 0
31783,758, 0
31784,770, 0
31785,773, 0
31786,780, 0
31787,820, 0
31788,856, 0
31789,846, 0
31790,740, 0
31791,482, 0
31792,96, 0
31793,157, 0
31794,319, 4
31795,314, 0
31796,206, 55
31797,48, 286
31798,25, 421
31799,91, 444
31800,52, 161
31801,4, 18
31802,26, 0
31803,134, 0
31804,255, 0
31805,376, 0
31806,484, 0
31807,542, 4
31808,513, 0
31809,379, 0
31810,165, 8
31811,14, 22
31812,149, 35
31813,249, 20
31814,307, 0
31815,318, 0
31816,334, 0
31817,365, 0
31818,384, 0
31819,342, 0
31820,311, 0
31821,299, 0
31822,337, 0
31823,411, 0
31824,463, 0
31825,458, 0
31826,385, 0
31827,302, 0
31828,245, 0
31829,165, 0
31830,26, 0
31831,56, 0
31832,160, 0
31833,202, 0
31834,200, 0
31835,166, 0
31836,119, 0
31837,100, 0
31838,90, 0
31839,57, 0
31840,21, 0
31841,0, 0
31842,68, 0
31843,174, 0
31844,276, 0
31845,356, 0
31846,427, 0
31847,439, 0
31848,476, 0
31849,476, 0
31850,398, 19
31851,242, 63
31852,41, 294
31853,79, 234
31854,165, 268
31855,115, 309
31856,6, 131
31857,42, 22
31858,51, 0
31859,1, 0
31860,3, 0
31861,32, 0
31862,6, 0
31863,68, 0
31864,276, 0
31865,355, 0
31866,294, 0
31867,185, 0
31868,104, 0
31869,51, 0
31870,0, 0
31871,19, 0
31872,57, 0
31873,34, 25
31874,11, 0
31875,148, 0
31876,306, 0
31877,468, 0
31878,585, 0
31879,659, 0
31880,666, 0
31881,610, 0
31882,484, 0
31883,287, 0
31884,99, 0
31885,5, 0
31886,62, 0
31887,57, 0
31888,31, 0
31889,3, 0
31890,4, 0
31891,15, 0
31892,115, 0
31893,277, 0
31894,457, 0
31895,624, 0
31896,685, 0
31897,671, 0
31898,598, 0
31899,507, 0
31900,414, 0
31901,339, 0
31902,270, 0
31903,234, 0
31904,134, 0
31905,101, 0
31906,170, 0
31907,318, 0
31908,454, 0
31909,493, 0
31910,427, 0
31911,359, 0
31912,311, 0
31913,252, 1
31914,175, 97
31915,35, 124
31916,120, 4
31917,354, 0
31918,548, 0
31919,692, 0
31920,745, 34
31921,724, 2
31922,614, 0
31923,373, 0
31924,83, 0
31925,108, 0
31926,415, 0
31927,600, 0
31928,662, 0
31929,582, 0
31930,349, 0
31931,90, 0
31932,44, 0
31933,191, 0
31934,308, 0
31935,390, 0
31936,444, 0
31937,481, 214
31938,432, 203
31939,318, 130
31940,220, 131
31941,163, 145
31942,110, 17
31943,45, 0
31944,0, 0
31945,0, 0
31946,1, 0
31947,0, 0
31948,32, 0
31949,124, 0
31950,177, 0
31951,181, 0
31952,170, 0
31953,191, 0
31954,213, 0
31955,211, 0
31956,170, 0
31957,126, 0
31958,119, 0
31959,115, 0
31960,101, 0
31961,70, 0
31962,23, 0
31963,0, 0
31964,0, 0
31965,0, 0
31966,14, 0
31967,86, 0
31968,141, 0
31969,186, 3
31970,214, 46
31971,259, 257
31972,273, 341
31973,300, 245
31974,306, 228
31975,289, 151
31976,227, 177
31977,115, 104
31978,6, 0
31979,99, 0
31980,134, 0
31981,63, 0
31982,17, 0
31983,171, 0
31984,318, 0
31985,415, 0
31986,490, 0
31987,589, 0
31988,703, 0
31989,844, 0
31990,960, 0
31991,934, 0
31992,805, 0
31993,594, 0
31994,380, 0
31995,226, 0
31996,140, 0
31997,117, 0
31998,72, 0
31999,27, 0
32000,1, 0
32001,0, 0
32002,0, 0
32003,0, 0
32004,5, 0
32005,47, 0
32006,102, 0
32007,116, 0
32008,52, 0
32009,31, 0
32010,226, 0
32011,436, 19
32012,604, 133
32013,740, 230
32014,883, 61
32015,944, 5
32016,905, 0
32017,805, 0
32018,636, 0
32019,426, 1
32020,234, 0
32021,124, 0
32022,60, 0
32023,0, 0
32024,44, 0
32025,131, 0
32026,152, 0
32027,168, 0
32028,142, 0
32029,76, 0
32030,27, 0
32031,54, 0
32032,170, 44
32033,294, 318
32034,488, 388
32035,568, 430
32036,549, 237
32037,415, 222
32038,282, 131
32039,72, 0
32040,44, 0
32041,220, 0
32042,371, 0
32043,458, 0
32044,479, 0
32045,431, 0
32046,312, 0
32047,156, 0
32048,21, 0
32049,0, 4
32050,9, 175
32051,73, 259
32052,59, 138
32053,6, 0
32054,5, 0
32055,0, 0
32056,54, 0
32057,228, 0
32058,385, 0
32059,487, 0
32060,564, 0
32061,599, 0
32062,559, 6
32063,399, 269
32064,123, 54
32065,89, 54
32066,257, 1
32067,283, 0
32068,220, 0
32069,176, 0
32070,139, 0
32071,106, 0
32072,34, 0
32073,25, 0
32074,181, 0
32075,325, 0
32076,417, 0
32077,406, 0
32078,342, 0
32079,282, 0
32080,222, 0
32081,164, 0
32082,110, 0
32083,93, 0
32084,119, 0
32085,152, 0
32086,202, 0
32087,222, 0
32088,276, 0
32089,328, 0
32090,415, 0
32091,493, 0
32092,481, 0
32093,369, 55
32094,224, 329
32095,131, 294
32096,108, 368
32097,121, 336
32098,207, 207
32099,284, 169
32100,383, 7
32101,496, 0
32102,594, 0
32103,610, 0
32104,512, 0
32105,388, 0
32106,316, 0
32107,223, 0
32108,73, 0
32109,55, 0
32110,138, 0
32111,48, 0
32112,51, 0
32113,223, 0
32114,274, 0
32115,175, 0
32116,23, 0
32117,135, 0
32118,357, 0
32119,536, 0
32120,576, 0
32121,515, 0
32122,432, 0
32123,359, 0
32124,301, 0
32125,242, 0
32126,203, 0
32127,214, 113
32128,192, 60
32129,106, 51
32130,9, 73
32131,88, 0
32132,214, 0
32133,328, 0
32134,372, 0
32135,329, 0
32136,286, 0
32137,289, 0
32138,361, 0
32139,426, 0
32140,456, 0
32141,432, 0
32142,380, 0
32143,257, 0
32144,86, 0
32145,45, 0
32146,167, 94
32147,79, 97
32148,174, 81
32149,601, 67
32150,912, 90
32151,1063, 50
32152,1054, 0
32153,929, 0
32154,741, 0
32155,455, 0
32156,105, 0
32157,292, 0
32158,552, 0
32159,625, 0
32160,478, 4
32161,221, 12
32162,23, 0
32163,0, 0
32164,0, 0
32165,0, 0
32166,0, 0
32167,5, 0
32168,107, 69
32169,298, 221
32170,420, 168
32171,382, 138
32172,149, 78
32173,88, 0
32174,408, 0
32175,624, 0
32176,691, 0
32177,694, 0
32178,708, 0
32179,695, 0
32180,596, 0
32181,372, 0
32182,87, 0
32183,38, 0
32184,14, 0
32185,0, 0
32186,13, 0
32187,12, 0
32188,0, 0
32189,38, 0
32190,106, 0
32191,159, 0
32192,193, 0
32193,224, 0
32194,283, 0
32195,300, 0
32196,231, 0
32197,90, 0
32198,8, 0
32199,145, 0
32200,201, 0
32201,96, 0
32202,0, 0
32203,0, 0
32204,0, 0
32205,29, 0
32206,79, 0
32207,155, 0
32208,241, 0
32209,338, 0
32210,391, 0
32211,394, 0
32212,349, 0
32213,330, 0
32214,359, 0
32215,391, 0
32216,406, 0
32217,317, 62
32218,154, 108
32219,5, 218
32220,4, 43
32221,8, 294
32222,127, 6
32223,272, 0
32224,339, 0
32225,379, 0
32226,406, 0
32227,404, 0
32228,355, 0
32229,317, 0
32230,292, 0
32231,280, 0
32232,282, 0
32233,299, 0
32234,286, 0
32235,251, 0
32236,219, 0
32237,214, 0
32238,176, 0
32239,96, 0
32240,20, 0
32241,8, 0
32242,42, 0
32243,72, 0
32244,70, 0
32245,42, 0
32246,5, 0
32247,0, 0
32248,0, 0
32249,20, 0
32250,42, 0
32251,11, 44
32252,22, 21
32253,145, 0
32254,226, 6
32255,282, 0
32256,313, 0
32257,257, 0
32258,83, 0
32259,27, 0
32260,89, 0
32261,70, 10
32262,4, 6
32263,0, 0
32264,0, 0
32265,6, 0
32266,44, 0
32267,127, 0
32268,215, 0
32269,293, 0
32270,348, 0
32271,389, 0
32272,393, 0
32273,409, 0
32274,427, 0
32275,427, 0
32276,391, 0
32277,290, 0
32278,123, 15
32279,4, 143
32280,99, 70
32281,181, 69
32282,172, 18
32283,78, 0
32284,12, 0
32285,130, 0
32286,214, 0
32287,235, 0
32288,211, 0
32289,153, 0
32290,106, 0
32291,89, 0
32292,121, 0
32293,177, 0
32294,238, 0
32295,281, 0
32296,268, 14
32297,238, 0
32298,202, 0
32299,163, 0
32300,106, 0
32301,60, 0
32302,28, 0
32303,2, 0
32304,0, 0
32305,7, 0
32306,0, 0
32307,38, 0
32308,131, 50
32309,195, 182
32310,223, 120
32311,274, 11
32312,324, 0
32313,325, 0
32314,347, 0
32315,365, 0
32316,355, 0
32317,289, 0
32318,241, 0
32319,197, 0
32320,151, 0
32321,78, 0
32322,37, 0
32323,54, 0
32324,108, 0
32325,107, 0
32326,25, 0
32327,6, 0
32328,74, 0
32329,116, 0
32330,92, 0
32331,38, 0
32332,20, 0
32333,25, 0
32334,102, 0
32335,140, 0
32336,95, 0
32337,6, 0
32338,21, 0
32339,32, 243
32340,0, 293
32341,10, 233
32342,72, 214
32343,141, 204
32344,172, 183
32345,125, 35
32346,29, 0
32347,54, 0
32348,217, 0
32349,363, 0
32350,425, 0
32351,401, 0
32352,325, 0
32353,249, 0
32354,211, 0
32355,228, 0
32356,253, 0
32357,254, 0
32358,249, 0
32359,214, 0
32360,188, 0
32361,154, 0
32362,189, 0
32363,216, 0
32364,252, 0
32365,307, 0
32366,372, 0
32367,446, 0
32368,507, 0
32369,552, 0
32370,569, 0
32371,519, 29
32372,400, 68
32373,198, 51
32374,23, 2
32375,31, 0
32376,68, 0
32377,14, 0
32378,0, 0
32379,40, 0
32380,55, 0
32381,56, 0
32382,69, 0
32383,75, 0
32384,89, 0
32385,142, 0
32386,202, 0
32387,243, 0
32388,238, 0
32389,236, 92
32390,243, 19
32391,246, 0
32392,217, 0
32393,152, 0
32394,78, 0
32395,6, 0
32396,19, 0
32397,109, 0
32398,142, 0
32399,68, 19
32400,0, 95
32401,0, 116
32402,11, 74
32403,90, 201
32404,216, 104
32405,332, 9
32406,384, 0
32407,368, 0
32408,263, 0
32409,205, 0
32410,234, 3
32411,324, 0
32412,385, 0
32413,380, 0
32414,291, 0
32415,282, 0
32416,386, 0
32417,460, 0
32418,410, 0
32419,181, 0
32420,40, 0
32421,191, 0
32422,188, 0
32423,75, 0
32424,0, 0
32425,0, 0
32426,8, 0
32427,81, 0
32428,131, 0
32429,142, 0
32430,144, 2
32431,135, 121
32432,143, 130
32433,107, 0
32434,27, 0
32435,4, 0
32436,75, 0
32437,158, 0
32438,184, 0
32439,180, 0
32440,158, 0
32441,113, 0
32442,22, 0
32443,6, 0
32444,47, 0
32445,31, 0
32446,1, 0
32447,0, 0
32448,0, 0
32449,0, 0
32450,0, 0
32451,0, 0
32452,5, 0
32453,5, 0
32454,0, 59
32455,0, 115
32456,6, 108
32457,42, 53
32458,116, 0
32459,220, 0
32460,312, 0
32461,381, 84
32462,371, 117
32463,331, 88
32464,233, 29
32465,181, 1
32466,185, 7
32467,201, 25
32468,208, 185
32469,237, 130
32470,300, 73
32471,355, 4
32472,401, 0
32473,426, 0
32474,445, 0
32475,469, 0
32476,457, 0
32477,345, 0
32478,202, 0
32479,116, 0
32480,94, 0
32481,94, 0
32482,102, 0
32483,108, 0
32484,127, 0
32485,141, 0
32486,169, 0
32487,208, 7
32488,243, 0
32489,272, 30
32490,283, 258
32491,243, 55
32492,168, 107
32493,37, 141
32494,19, 70
32495,121, 0
32496,139, 0
32497,64, 0
32498,0, 0
32499,45, 0
32500,113, 0
32501,128, 0
32502,115, 0
32503,129, 0
32504,149, 0
32505,135, 0
32506,95, 0
32507,69, 0
32508,74, 0
32509,89, 0
32510,106, 0
32511,108, 0
32512,108, 0
32513,117, 0
32514,126, 0
32515,122, 0
32516,113, 0
32517,46, 0
32518,0, 0
32519,6, 91
32520,81, 177
32521,197, 263
32522,286, 307
32523,355, 242
32524,376, 0
32525,371, 2
32526,295, 0
32527,228, 0
32528,133, 0
32529,19, 0
32530,31, 0
32531,131, 0
32532,203, 0
32533,242, 0
32534,169, 0
32535,65, 0
32536,0, 0
32537,0, 0
32538,53, 0
32539,150, 0
32540,247, 0
32541,300, 0
32542,312, 0
32543,297, 0
32544,318, 0
32545,348, 0
32546,363, 0
32547,347, 0
32548,299, 0
32549,202, 0
32550,88, 0
32551,7, 0
32552,0, 0
32553,0, 0
32554,0, 0
32555,0, 0
32556,7, 0
32557,24, 0
32558,30, 0
32559,12, 58
32560,0, 54
32561,0, 117
32562,0, 8
32563,12, 0
32564,23, 0
32565,39, 0
32566,55, 0
32567,59, 0
32568,83, 0
32569,89, 0
32570,89, 0
32571,87, 0
32572,76, 0
32573,67, 0
32574,74, 0
32575,83, 0
32576,78, 0
32577,71, 0
32578,80, 0
32579,109, 0
32580,152, 0
32581,175, 0
32582,152, 24
32583,107, 130
32584,76, 161
32585,46, 190
32586,64, 121
32587,104, 105
32588,207, 0
32589,306, 0
32590,360, 0
32591,373, 0
32592,370, 0
32593,343, 0
32594,307, 0
32595,280, 0
32596,239, 0
32597,208, 0
32598,179, 0
32599,153, 0
32600,75, 0
32601,3, 0
32602,0, 0
32603,12, 0
32604,51, 0
32605,80, 0
32606,75, 0
32607,8, 0
32608,12, 0
32609,50, 0
32610,60, 0
32611,73, 0
32612,97, 0
32613,175, 0
32614,305, 52
32615,416, 92
32616,446, 101
32617,421, 103
32618,409, 0
32619,431, 0
32620,469, 0
32621,428, 0
32622,300, 0
32623,115, 0
32624,0, 0
32625,2, 0
32626,0, 0
32627,45, 0
32628,139, 0
32629,212, 0
32630,255, 0
32631,286, 0
32632,300, 0
32633,286, 0
32634,207, 0
32635,65, 0
32636,3, 0
32637,31, 0
32638,34, 0
32639,15, 0
32640,10, 0
32641,0, 0
32642,0, 0
32643,0, 70
32644,10, 368
32645,22, 237
32646,50, 91
32647,43, 214
32648,54, 63
32649,83, 0
32650,123, 0
32651,167, 0
32652,207, 0
32653,202, 0
32654,184, 0
32655,164, 0
32656,152, 0
32657,131, 0
32658,87, 0
32659,27, 0
32660,0, 0
32661,0, 0
32662,0, 0
32663,0, 0
32664,0, 0
32665,0, 0
32666,0, 0
32667,0, 0
32668,0, 0
32669,0, 0
32670,0, 0
32671,19, 0
32672,88, 0
32673,133, 0
32674,130, 0
32675,118, 109
32676,103, 80
32677,105, 38
32678,139, 44
32679,247, 0
32680,377, 0
32681,427, 0
32682,409, 0
32683,382, 0
32684,395, 0
32685,466, 0
32686,568, 0
32687,601, 0
32688,539, 0
32689,345, 0
32690,213, 0
32691,141, 0
32692,140, 0
32693,143, 0
32694,121, 0
32695,50, 0
32696,0, 0
32697,54, 0
32698,117, 0
32699,117, 0
32700,63, 0
32701,3, 0
32702,12, 0
32703,81, 0
32704,103, 0
32705,86, 70
32706,20, 167
32707,18, 115
32708,0, 39
32709,0, 0
32710,0, 0
32711,9, 0
32712,41, 0
32713,78, 0
32714,103, 0
32715,127, 0
32716,147, 0
32717,145, 0
32718,131, 0
32719,109, 0
32720,106, 0
32721,112, 0
32722,111, 0
32723,100, 0
32724,97, 0
32725,100, 0
32726,102, 0
32727,128, 0
32728,142, 0
32729,132, 0
32730,136, 0
32731,137, 0
32732,134, 0
32733,141, 0
32734,139, 0
32735,121, 0
32736,102, 0
32737,95, 0
32738,95, 0
32739,97, 0
32740,97, 0
32741,112, 0
32742,141, 0
32743,180, 0
32744,195, 0
32745,185, 0
32746,170, 0
32747,157, 0
32748,113, 0
32749,83, 0
32750,89, 0
32751,139, 0
32752,180, 0
32753,201, 0
32754,216, 0
32755,227, 0
32756,244, 0
32757,276, 121
32758,318, 617
32759,310, 891
32760,286, 883
32761,251, 449
32762,270, 339
32763,257, 152
32764,177, 0
32765,78, 0
32766,3, 30
32767,36, 0
32768,94, 40
32769,139, 86
32770,133, 0
32771,105, 0
32772,94, 0
32773,107, 0
32774,101, 0
32775,54, 0
32776,4, 0
32777,0, 0
32778,19, 0
32779,31, 0
32780,32, 0
32781,27, 0
32782,46, 0
32783,104, 0
32784,192, 0
32785,269, 0
32786,306, 0
32787,316, 0
32788,306, 0
32789,282, 0
32790,228, 0
32791,180, 0
32792,154, 0
32793,161, 0
32794,158, 0
32795,138, 0
32796,111, 0
32797,88, 0
32798,92, 0
32799,119, 7
32800,126, 81
32801,143, 0
32802,150, 0
32803,144, 0
32804,149, 0
32805,145, 0
32806,142, 0
32807,123, 0
32808,116, 0
32809,100, 0
32810,103, 0
32811,115, 0
32812,168, 0
32813,198, 0
32814,204, 0
32815,187, 0
32816,170, 0
32817,181, 0
32818,204, 0
32819,192, 0
32820,151, 0
32821,89, 0
32822,52, 0
32823,7, 0
32824,1, 0
32825,45, 4
32826,50, 0
32827,1, 0
32828,3, 0
32829,17, 31
32830,14, 27
32831,0, 6
32832,4, 0
32833,0, 0
32834,5, 0
32835,70, 0
32836,183, 0
32837,314, 0
32838,439, 0
32839,494, 0
32840,488, 0
32841,440, 0
32842,370, 0
32843,278, 0
32844,200, 0
32845,170, 0
32846,172, 0
32847,176, 0
32848,161, 0
32849,145, 0
32850,153, 0
32851,180, 0
32852,219, 0
32853,221, 0
32854,186, 0
32855,130, 0
32856,68, 0
32857,25, 0
32858,5, 0
32859,0, 0
32860,0, 0
32861,0, 0
32862,0, 0
32863,1, 0
32864,0, 0
32865,0, 0
32866,15, 0
32867,60, 0
32868,103, 0
32869,133, 0
32870,151, 0
32871,102, 0
32872,76, 0
32873,48, 0
32874,41, 0
32875,35, 0
32876,44, 0
32877,15, 0
32878,17, 0
32879,13, 0
32880,12, 0
32881,15, 1
32882,38, 519
32883,39, 669
32884,52, 757
32885,95, 758
32886,208, 766
32887,298, 527
32888,308, 338
32889,300, 363
32890,266, 328
32891,183, 230
32892,108, 0
32893,56, 0
32894,50, 0
32895,72, 3
32896,83, 34
32897,72, 0
32898,84, 0
32899,176, 0
32900,337, 0
32901,451, 0
32902,569, 0
32903,572, 0
32904,504, 0
32905,391, 0
32906,238, 0
32907,63, 0
32908,47, 0
32909,207, 0
32910,268, 0
32911,215, 0
32912,84, 0
32913,1, 0
32914,57, 0
32915,137, 0
32916,195, 0
32917,188, 0
32918,112, 0
32919,18, 0
32920,0, 0
32921,6, 0
32922,0, 0
32923,0, 0
32924,12, 0
32925,51, 0
32926,110, 0
32927,166, 0
32928,201, 0
32929,205, 0
32930,189, 0
32931,188, 0
32932,200, 0
32933,195, 0
32934,189, 0
32935,156, 0
32936,133, 0
32937,108, 0
32938,67, 0
32939,7, 0
32940,0, 0
32941,0, 0
32942,62, 0
32943,167, 0
32944,228, 0
32945,207, 0
32946,169, 0
32947,41, 1
32948,0, 12
32949,0, 83
32950,0, 151
32951,24, 268
32952,54, 206
32953,65, 0
32954,77, 0
32955,80, 0
32956,88, 0
32957,94, 0
32958,121, 0
32959,147, 0
32960,144, 0
32961,132, 0
32962,116, 0
32963,113, 0
32964,115, 0
32965,112, 0
32966,108, 0
32967,99, 0
32968,103, 0
32969,110, 0
32970,141, 0
32971,169, 0
32972,158, 0
32973,150, 0
32974,138, 0
32975,140, 0
32976,145, 0
32977,149, 0
32978,137, 10
32979,106, 37
32980,87, 121
32981,84, 48
32982,81, 0
32983,94, 0
32984,123, 0
32985,180, 0
32986,233, 0
32987,264, 0
32988,273, 0
32989,263, 0
32990,244, 0
32991,215, 0
32992,177, 0
32993,128, 0
32994,56, 0
32995,5, 0
32996,0, 0
32997,0, 0
32998,7, 0
32999,47, 0
33000,89, 0
33001,120, 0
33002,139, 0
33003,144, 0
33004,147, 0
33005,132, 0
33006,110, 0
33007,108, 0
33008,106, 0
33009,94, 0
33010,72, 39
33011,70, 36
33012,77, 103
33013,88, 103
33014,71, 0
33015,31, 0
33016,0, 0
33017,0, 0
33018,22, 0
33019,83, 0
33020,133, 0
33021,140, 0
33022,132, 0
33023,108, 0
33024,96, 0
33025,94, 0
33026,124, 0
33027,158, 0
33028,175, 0
33029,204, 0
33030,227, 0
33031,238, 0
33032,238, 0
33033,223, 0
33034,210, 0
33035,189, 0
33036,167, 0
33037,140, 0
33038,102, 0
33039,55, 0
33040,12, 0
33041,0, 0
33042,6, 0
33043,27, 0
33044,29, 0
33045,19, 0
33046,0, 0
33047,7, 0
33048,62, 0
33049,145, 0
33050,230, 0
33051,282, 0
33052,306, 0
33053,290, 0
33054,247, 0
33055,205, 0
33056,186, 0
33057,163, 0
33058,138, 0
33059,102, 0
33060,86, 0
33061,72, 0
33062,88, 0
33063,126, 0
33064,158, 0
33065,165, 0
33066,150, 0
33067,141, 0
33068,164, 0
33069,198, 0
33070,166, 0
33071,91, 158
33072,5, 44
33073,0, 6
33074,1, 83
33075,0, 64
33076,3, 87
33077,32, 47
33078,89, 2
33079,158, 0
33080,182, 0
33081,184, 0
33082,165, 0
33083,95, 0
33084,70, 0
33085,73, 0
33086,84, 0
33087,94, 0
33088,110, 0
33089,120, 0
33090,120, 0
33091,104, 0
33092,99, 0
33093,57, 0
33094,14, 0
33095,0, 0
33096,0, 0
33097,11, 0
33098,67, 0
33099,112, 0
33100,120, 5
33101,73, 0
33102,51, 37
33103,57, 50
33104,71, 0
33105,117, 0
33106,205, 0
33107,301, 0
33108,379, 0
33109,442, 0
33110,470, 0
33111,433, 0
33112,333, 0
33113,200, 0
33114,77, 0
33115,6, 0
33116,0, 0
33117,0, 0
33118,0, 0
33119,1, 0
33120,26, 0
33121,19, 1
33122,0, 0
33123,18, 0
33124,79, 0
33125,115, 0
33126,133, 0
33127,140, 0
33128,147, 0
33129,140, 0
33130,127, 0
33131,95, 1
33132,64, 338
33133,45, 128
33134,26, 145
33135,38, 152
33136,47, 0
33137,84, 0
33138,103, 0
33139,116, 0
33140,117, 0
33141,118, 0
33142,108, 0
33143,113, 0
33144,145, 0
33145,164, 0
33146,204, 0
33147,230, 0
33148,241, 0
33149,247, 0
33150,210, 0
33151,193, 0
33152,176, 0
33153,152, 0
33154,131, 0
33155,93, 0
33156,38, 0
33157,1, 0
33158,0, 0
33159,0, 0
33160,27, 0
33161,34, 0
33162,44, 0
33163,50, 0
33164,74, 0
33165,67, 0
33166,76, 0
33167,92, 0
33168,102, 0
33169,122, 0
33170,132, 0
33171,136, 0
33172,108, 160
33173,74, 348
33174,44, 426
33175,42, 231
33176,59, 148
33177,92, 87
33178,89, 0
33179,89, 0
33180,109, 0
33181,126, 0
33182,144, 0
33183,148, 0
33184,140, 0
33185,123, 0
33186,111, 0
33187,120, 0
33188,119, 0
33189,133, 0
33190,130, 0
33191,124, 0
33192,92, 0
33193,57, 0
33194,36, 119
33195,19, 1
33196,18, 106
33197,38, 4
33198,94, 0
33199,151, 0
33200,186, 0
33201,189, 0
33202,132, 0
33203,84, 0
33204,51, 0
33205,52, 0
33206,92, 0
33207,158, 0
33208,214, 0
33209,253, 0
33210,266, 0
33211,263, 0
33212,244, 0
33213,200, 0
33214,154, 0
33215,148, 0
33216,130, 0
33217,141, 0
33218,121, 0
33219,84, 0
33220,59, 0
33221,47, 0
33222,53, 0
33223,36, 0
33224,31, 0
33225,6, 0
33226,9, 0
33227,32, 0
33228,81, 0
33229,112, 0
33230,128, 0
33231,131, 0
33232,126, 0
33233,122, 0
33234,112, 0
33235,102, 0
33236,94, 0
33237,90, 0
33238,89, 0
33239,88, 0
33240,76, 0
33241,77, 0
33242,74, 0
33243,75, 0
33244,75, 0
33245,83, 0
33246,95, 0
33247,106, 0
33248,110, 0
33249,136, 0
33250,135, 0
33251,132, 0
33252,127, 0
33253,109, 24
33254,84, 104
33255,52, 76
33256,72, 90
33257,48, 29
33258,61, 0
33259,72, 0
33260,51, 0
33261,51, 0
33262,91, 0
33263,160, 0
33264,241, 0
33265,251, 0
33266,256, 0
33267,207, 0
33268,152, 0
33269,136, 0
33270,113, 0
33271,79, 0
33272,69, 0
33273,81, 0
33274,78, 0
33275,70, 0
33276,47, 0
33277,61, 0
33278,115, 0
33279,170, 0
33280,202, 0
33281,196, 19
33282,157, 139
33283,96, 237
33284,51, 52
33285,12, 6
33286,23, 0
33287,54, 0
33288,65, 0
33289,106, 0
33290,136, 0
33291,139, 0
33292,133, 0
33293,117, 0
33294,123, 0
33295,123, 0
33296,135, 0
33297,154, 0
33298,173, 0
33299,180, 0
33300,165, 0
33301,149, 0
33302,107, 0
33303,38, 0
33304,4, 0
33305,2, 0
33306,38, 0
33307,108, 0
33308,140, 0
33309,161, 0
33310,175, 0
33311,147, 0
33312,121, 0
33313,102, 64
33314,65, 117
33315,42, 163
33316,34, 137
33317,28, 131
33318,51, 283
33319,73, 6
33320,88, 0
33321,104, 0
33322,122, 0
33323,127, 0
33324,127, 0
33325,129, 0
33326,133, 0
33327,127, 0
33328,127, 0
33329,131, 7
33330,124, 0
33331,123, 0
33332,121, 0
33333,115, 0
33334,115, 0
33335,117, 0
33336,118, 0
33337,106, 0
33338,110, 0
33339,108, 0
33340,108, 0
33341,106, 0
33342,108, 0
33343,95, 25
33344,90, 84
33345,60, 32
33346,52, 4
33347,48, 0
33348,51, 0
33349,76, 0
33350,102, 0
33351,123, 0
33352,133, 0
33353,131, 0
33354,127, 0
33355,113, 0
33356,117, 0
33357,115, 0
33358,107, 0
33359,104, 0
33360,125, 0
33361,119, 0
33362,124, 0
33363,108, 0
33364,108, 0
33365,103, 0
33366,96, 0
33367,90, 0
33368,93, 0
33369,89, 0
33370,95, 0
33371,100, 0
33372,107, 0
33373,107, 0
33374,108, 0
33375,84, 55
33376,57, 83
33377,44, 30
33378,44, 2
33379,59, 83
33380,80, 46
33381,121, 0
33382,136, 0
33383,139, 0
33384,135, 0
33385,128, 0
33386,124, 0
33387,112, 0
33388,112, 0
33389,112, 0
33390,115, 0
33391,109, 0
33392,109, 0
33393,101, 0
33394,108, 0
33395,115, 0
33396,109, 0
33397,103, 0
33398,121, 0
33399,108, 0
33400,107, 0
33401,111, 0
33402,110, 0
33403,113, 0
33404,101, 0
33405,90, 0
33406,70, 0
33407,43, 0
33408,38, 0
33409,55, 0
33410,57, 0
33411,95, 0
33412,111, 0
33413,118, 0
33414,127, 0
33415,115, 0
33416,115, 0
33417,111, 0
33418,115, 0
33419,108, 0
33420,116, 0
33421,111, 0
33422,111, 0
33423,108, 0
33424,92, 0
33425,99, 0
33426,102, 0
33427,101, 0
33428,103, 0
33429,102, 0
33430,96, 0
33431,95, 0
33432,88, 0
33433,99, 0
33434,92, 0
33435,106, 110
33436,95, 253
33437,75, 188
33438,54, 240
33439,63, 170
33440,72, 202
33441,83, 0
33442,106, 0
33443,115, 0
33444,121, 0
33445,120, 0
33446,121, 0
33447,121, 0
33448,118, 0
33449,108, 0
33450,112, 0
33451,121, 0
33452,115, 0
33453,121, 0
33454,117, 0
33455,121, 0
33456,117, 0
33457,108, 0
33458,112, 0
33459,103, 0
33460,102, 0
33461,108, 0
33462,111, 0
33463,108, 0
33464,111, 0
33465,102, 0
33466,103, 35
33467,101, 187
33468,80, 227
33469,97, 274
33470,92, 191
33471,96, 80
33472,111, 0
33473,124, 0
33474,127, 0
33475,120, 0
33476,108, 0
33477,112, 0
33478,121, 0
33479,117, 0
33480,116, 0
33481,109, 0
33482,105, 0
33483,112, 0
33484,111, 0
33485,113, 0
33486,108, 0
33487,110, 0
33488,108, 0
33489,105, 0
33490,108, 0
33491,115, 0
33492,111, 0
33493,113, 0
33494,119, 0
33495,110, 0
33496,104, 3
33497,91, 81
33498,83, 297
33499,77, 180
33500,84, 137
33501,80, 76
33502,101, 0
33503,125, 0
33504,130, 0
33505,118, 0
33506,95, 0
33507,75, 0
33508,70, 0
33509,76, 0
33510,92, 0
33511,115, 0
33512,117, 0
33513,126, 0
33514,132, 0
33515,135, 0
33516,149, 0
33517,149, 0
33518,140, 0
33519,115, 0
33520,99, 0
33521,108, 0
33522,124, 0
33523,141, 0
33524,152, 0
33525,159, 0
33526,147, 0
33527,127, 0
33528,92, 0
33529,70, 0
33530,73, 0
33531,95, 0
33532,109, 0
33533,151, 0
33534,180, 0
33535,189, 0
33536,187, 0
33537,159, 0
33538,87, 0
33539,31, 0
33540,21, 0
33541,35, 0
33542,61, 0
33543,77, 0
33544,94, 0
33545,103, 110
33546,108, 147
33547,111, 242
33548,107, 231
33549,115, 149
33550,116, 152
33551,121, 18
33552,121, 0
33553,129, 0
33554,131, 0
33555,133, 0
33556,121, 0
33557,107, 0
33558,75, 5
33559,61, 57
33560,53, 12
33561,54, 12
33562,71, 7
33563,97, 0
33564,108, 0
33565,126, 0
33566,125, 0
33567,150, 0
33568,123, 0
33569,127, 0
33570,122, 0
33571,125, 1
33572,131, 0
33573,130, 0
33574,129, 0
33575,133, 0
33576,133, 0
33577,127, 0
33578,133, 0
33579,135, 0
33580,129, 0
33581,119, 0
33582,122, 0
33583,111, 0
33584,111, 0
33585,110, 0
33586,109, 0
33587,107, 0
33588,92, 0
33589,71, 0
33590,54, 0
33591,48, 12
33592,53, 12
33593,77, 0
33594,96, 0
33595,121, 0
33596,127, 0
33597,127, 0
33598,125, 0
33599,122, 0
33600,120, 0
33601,119, 0
33602,113, 0
33603,104, 0
33604,112, 0
33605,107, 0
33606,109, 0
33607,102, 0
33608,104, 0
33609,111, 0
33610,109, 0
33611,116, 0
33612,115, 0
33613,131, 0
33614,105, 0
33615,107, 0
33616,108, 0
33617,126, 0
33618,102, 0
33619,77, 103
33620,60, 202
33621,46, 171
33622,39, 72
33623,50, 6
33624,77, 0
33625,103, 0
33626,115, 0
33627,125, 0
33628,123, 0
33629,127, 0
33630,118, 0
33631,116, 0
33632,121, 0
33633,115, 0
33634,120, 0
33635,121, 0
33636,127, 0
33637,126, 0
33638,126, 0
33639,117, 0
33640,120, 0
33641,121, 0
33642,118, 0
33643,135, 0
33644,132, 0
33645,133, 0
33646,131, 0
33647,127, 0
33648,123, 0
33649,105, 0
33650,89, 0
33651,60, 0
33652,65, 0
33653,74, 0
33654,86, 0
33655,118, 0
33656,135, 0
33657,141, 0
33658,139, 0
33659,122, 0
33660,126, 0
33661,121, 0
33662,115, 0
33663,111, 0
33664,128, 0
33665,109, 0
33666,112, 0
33667,104, 0
33668,108, 0
33669,101, 0
33670,105, 0
33671,111, 0
33672,109, 0
33673,103, 0
33674,101, 0
33675,102, 4
33676,102, 0
33677,104, 0
33678,106, 0
33679,99, 0
33680,106, 228
33681,67, 143
33682,40, 213
33683,51, 138
33684,57, 117
33685,80, 0
33686,107, 0
33687,116, 0
33688,121, 0
33689,121, 0
33690,124, 0
33691,130, 0
33692,124, 0
33693,123, 0
33694,123, 0
33695,127, 0
33696,124, 0
33697,125, 0
33698,115, 0
33699,127, 0
33700,128, 0
33701,128, 0
33702,129, 0
33703,119, 0
33704,115, 0
33705,109, 0
33706,113, 0
33707,127, 0
33708,110, 0
33709,105, 0
33710,87, 0
33711,63, 0
33712,52, 0
33713,50, 2
33714,47, 0
33715,63, 0
33716,103, 0
33717,120, 0
33718,127, 0
33719,122, 0
33720,121, 0
33721,110, 0
33722,103, 0
33723,102, 0
33724,105, 0
33725,107, 0
33726,115, 0
33727,121, 0
33728,120, 0
33729,117, 0
33730,116, 0
33731,115, 0
33732,116, 0
33733,121, 0
33734,117, 0
33735,115, 0
33736,113, 0
33737,109, 0
33738,112, 0
33739,108, 0
33740,102, 0
33741,75, 38
33742,60, 31
33743,50, 55
33744,48, 27
33745,63, 4
33746,89, 0
33747,110, 0
33748,120, 0
33749,119, 0
33750,127, 38
33751,127, 43
33752,126, 81
33753,124, 0
33754,127, 0
33755,127, 0
33756,131, 0
33757,130, 0
33758,134, 0
33759,125, 0
33760,128, 0
33761,135, 0
33762,132, 0
33763,123, 0
33764,141, 0
33765,120, 0
33766,118, 0
33767,115, 0
33768,108, 0
33769,116, 0
33770,109, 0
33771,95, 6
33772,65, 0
33773,46, 0
33774,56, 0
33775,78, 0
33776,83, 0
33777,104, 0
33778,127, 0
33779,131, 0
33780,128, 0
33781,130, 0
33782,126, 0
33783,127, 0
33784,135, 0
33785,116, 0
33786,116, 0
33787,109, 0
33788,110, 0
33789,110, 0
33790,110, 0
33791,130, 0
33792,108, 0
33793,110, 0
33794,108, 0
33795,106, 0
33796,102, 0
33797,105, 0
33798,105, 0
33799,102, 0
33800,104, 0
33801,91, 0
33802,65, 183
33803,51, 64
33804,54, 237
33805,44, 193
33806,57, 27
33807,93, 0
33808,107, 0
33809,121, 0
33810,122, 0
33811,129, 0
33812,129, 0
33813,127, 0
33814,127, 0
33815,120, 0
33816,120, 0
33817,118, 0
33818,111, 0
33819,115, 0
33820,113, 0
33821,99, 0
33822,103, 0
33823,90, 0
33824,105, 0
33825,102, 0
33826,110, 0
33827,108, 0
33828,111, 0
33829,121, 0
33830,116, 0
33831,108, 0
33832,90, 0
33833,62, 0
33834,57, 0
33835,61, 0
33836,86, 0
33837,95, 0
33838,116, 0
33839,122, 0
33840,131, 0
33841,126, 0
33842,117, 0
33843,109, 0
33844,109, 0
33845,97, 0
33846,110, 0
33847,109, 0
33848,121, 0
33849,120, 0
33850,119, 0
33851,113, 0
33852,115, 0
33853,110, 0
33854,103, 0
33855,106, 0
33856,108, 0
33857,106, 0
33858,101, 0
33859,111, 0
33860,110, 0
33861,118, 104
33862,107, 122
33863,84, 189
33864,47, 230
33865,55, 217
33866,53, 174
33867,57, 148
33868,77, 0
33869,107, 6
33870,108, 0
33871,102, 0
33872,112, 0
33873,113, 0
33874,118, 0
33875,124, 0
33876,122, 0
33877,132, 0
33878,124, 0
33879,116, 0
33880,124, 0
33881,142, 0
33882,122, 0
33883,124, 0
33884,120, 0
33885,112, 0
33886,119, 0
33887,117, 0
33888,124, 0
33889,126, 0
33890,123, 0
33891,127, 0
33892,118, 0
33893,93, 0
33894,64, 0
33895,50, 0
33896,44, 0
33897,44, 0
33898,75, 0
33899,101, 0
33900,123, 0
33901,122, 0
33902,128, 0
33903,118, 0
33904,119, 0
33905,124, 0
33906,128, 0
33907,113, 0
33908,113, 0
33909,101, 0
33910,108, 0
33911,107, 0
33912,104, 0
33913,101, 0
33914,102, 0
33915,94, 0
33916,97, 0
33917,92, 0
33918,89, 0
33919,99, 0
33920,99, 0
33921,86, 0
33922,95, 0
33923,86, 0
33924,61, 38
33925,41, 113
33926,45, 145
33927,48, 312
33928,57, 111
33929,83, 27
33930,103, 0
33931,120, 0
33932,127, 0
33933,123, 0
33934,129, 0
33935,124, 0
33936,125, 0
33937,111, 0
33938,121, 0
33939,127, 0
33940,128, 0
33941,119, 0
33942,126, 0
33943,122, 0
33944,128, 0
33945,124, 0
33946,122, 0
33947,120, 0
33948,117, 0
33949,121, 0
33950,118, 0
33951,120, 0
33952,112, 0
33953,101, 0
33954,78, 0
33955,56, 0
33956,43, 0
33957,45, 0
33958,56, 0
33959,83, 0
33960,103, 0
33961,119, 0
33962,126, 0
33963,118, 0
33964,121, 0
33965,113, 0
33966,122, 0
33967,115, 0
33968,109, 0
33969,105, 0
33970,97, 0
33971,96, 0
33972,102, 0
33973,94, 0
33974,99, 0
33975,95, 0
33976,93, 0
33977,102, 0
33978,102, 0
33979,96, 0
33980,90, 0
33981,95, 0
33982,101, 0
33983,103, 0
33984,92, 0
33985,76, 126
33986,58, 54
33987,51, 48
33988,52, 29
33989,56, 193
33990,91, 0
33991,116, 0
33992,126, 0
33993,128, 0
33994,124, 0
33995,116, 0
33996,136, 0
33997,118, 0
33998,108, 0
33999,109, 0
34000,115, 0
34001,109, 0
34002,111, 0
34003,108, 0
34004,108, 0
34005,108, 0
34006,116, 0
34007,111, 0
34008,109, 0
34009,108, 0
34010,109, 0
34011,115, 0
34012,111, 0
34013,119, 0
34014,113, 0
34015,87, 0
34016,71, 0
34017,48, 0
34018,44, 0
34019,46, 0
34020,76, 0
34021,103, 0
34022,121, 0
34023,125, 0
34024,125, 0
34025,125, 0
34026,111, 0
34027,121, 0
34028,120, 0
34029,121, 0
34030,126, 0
34031,124, 0
34032,118, 0
34033,122, 0
34034,115, 0
34035,111, 0
34036,113, 0
34037,110, 0
34038,108, 0
34039,112, 0
34040,102, 0
34041,109, 0
34042,106, 0
34043,108, 44
34044,102, 113
34045,102, 505
34046,71, 415
34047,51, 223
34048,42, 163
34049,44, 35
34050,55, 38
34051,83, 0
34052,94, 0
34053,111, 0
34054,107, 0
34055,105, 0
34056,107, 0
34057,109, 0
34058,105, 0
34059,102, 0
34060,115, 0
34061,106, 0
34062,91, 0
34063,99, 0
34064,119, 0
34065,97, 0
34066,104, 0
34067,105, 0
34068,102, 0
34069,97, 0
34070,102, 0
34071,104, 0
34072,110, 0
34073,111, 0
34074,120, 0
34075,109, 0
34076,96, 0
34077,79, 135
34078,81, 95
34079,77, 68
34080,72, 125
34081,95, 0
34082,115, 0
34083,129, 0
34084,130, 0
34085,138, 0
34086,135, 0
34087,131, 0
34088,131, 0
34089,128, 0
34090,128, 0
34091,127, 0
34092,127, 0
34093,121, 0
34094,123, 0
34095,115, 0
34096,119, 0
34097,118, 0
34098,142, 0
34099,116, 0
34100,115, 0
34101,113, 0
34102,113, 0
34103,111, 0
34104,120, 0
34105,116, 0
34106,108, 0
34107,89, 0
34108,72, 0
34109,71, 0
34110,73, 79
34111,87, 0
34112,97, 0
34113,115, 0
34114,124, 0
34115,123, 0
34116,118, 0
34117,122, 0
34118,107, 0
34119,108, 0
34120,108, 0
34121,115, 1
34122,115, 0
34123,111, 0
34124,115, 0
34125,132, 0
34126,109, 0
34127,112, 0
34128,108, 0
34129,115, 0
34130,116, 0
34131,119, 0
34132,120, 0
34133,116, 0
34134,125, 0
34135,118, 0
34136,107, 0
34137,92, 0
34138,78, 1
34139,70, 0
34140,61, 0
34141,74, 0
34142,89, 0
34143,108, 0
34144,130, 0
34145,128, 0
34146,135, 0
34147,128, 0
34148,133, 0
34149,147, 0
34150,137, 0
34151,145, 0
34152,133, 0
34153,133, 0
34154,132, 0
34155,128, 0
34156,129, 0
34157,127, 0
34158,130, 0
34159,133, 0
34160,122, 0
34161,127, 0
34162,129, 0
34163,122, 0
34164,119, 0
34165,105, 2
34166,124, 0
34167,101, 62
34168,79, 165
34169,60, 77
34170,55, 137
34171,64, 127
34172,75, 52
34173,86, 0
34174,104, 0
34175,137, 0
34176,124, 0
34177,121, 0
34178,122, 0
34179,133, 0
34180,115, 0
34181,125, 0
34182,133, 0
34183,130, 0
34184,127, 0
34185,126, 0
34186,125, 0
34187,117, 0
34188,119, 0
34189,119, 0
34190,128, 0
34191,113, 0
34192,122, 2
34193,119, 0
34194,124, 0
34195,123, 0
34196,129, 0
34197,115, 0
34198,88, 0
34199,73, 0
34200,61, 0
34201,54, 0
34202,57, 0
34203,81, 0
34204,108, 0
34205,130, 0
34206,132, 0
34207,127, 0
34208,120, 0
34209,116, 0
34210,111, 0
34211,104, 0
34212,107, 0
34213,95, 0
34214,106, 0
34215,102, 0
34216,104, 0
34217,108, 0
34218,113, 0
34219,108, 0
34220,113, 0
34221,111, 0
34222,109, 0
34223,108, 0
34224,105, 0
34225,108, 0
34226,103, 0
34227,105, 0
34228,96, 0
34229,76, 139
34230,61, 26
34231,63, 173
34232,47, 19
34233,56, 0
34234,93, 0
34235,113, 0
34236,119, 0
34237,126, 0
34238,111, 0
34239,116, 0
34240,127, 0
34241,112, 0
34242,125, 0
34243,121, 0
34244,122, 0
34245,104, 0
34246,110, 0
34247,109, 0
34248,107, 0
34249,106, 0
34250,100, 0
34251,108, 0
34252,104, 0
34253,109, 0
34254,103, 0
34255,99, 0
34256,107, 0
34257,112, 0
34258,107, 0
34259,87, 0
34260,69, 69
34261,61, 143
34262,54, 5
34263,55, 0
34264,84, 0
34265,115, 0
34266,118, 0
34267,115, 0
34268,119, 0
34269,124, 0
34270,117, 0
34271,115, 0
34272,109, 0
34273,122, 0
34274,108, 0
34275,109, 0
34276,115, 0
34277,108, 0
34278,108, 0
34279,106, 0
34280,103, 0
34281,111, 0
34282,108, 0
34283,92, 0
34284,102, 0
34285,97, 0
34286,102, 0
34287,109, 0
34288,103, 0
34289,102, 0
34290,74, 94
34291,58, 64
34292,70, 135
34293,62, 127
34294,74, 28
34295,97, 0
34296,112, 0
34297,126, 0
34298,125, 0
34299,121, 0
34300,123, 0
34301,120, 0
34302,124, 0
34303,133, 0
34304,127, 0
34305,125, 0
34306,124, 0
34307,125, 0
34308,119, 0
34309,123, 0
34310,121, 0
34311,117, 0
34312,112, 0
34313,115, 0
34314,103, 0
34315,108, 0
34316,121, 0
34317,116, 0
34318,121, 0
34319,107, 0
34320,95, 0
34321,63, 0
34322,74, 78
34323,69, 15
34324,73, 0
34325,89, 0
34326,113, 0
34327,124, 0
34328,116, 0
34329,124, 0
34330,120, 0
34331,121, 0
34332,121, 0
34333,117, 0
34334,120, 0
34335,115, 0
34336,116, 0
34337,106, 0
34338,110, 0
34339,104, 0
34340,105, 0
34341,102, 0
34342,102, 0
34343,102, 0
34344,108, 0
34345,108, 0
34346,107, 0
34347,115, 0
34348,119, 0
34349,113, 0
34350,100, 0
34351,76, 131
34352,63, 88
34353,54, 29
34354,56, 0
34355,73, 0
34356,103, 0
34357,127, 0
34358,128, 0
34359,126, 0
34360,135, 0
34361,127, 0
34362,125, 0
34363,127, 0
34364,122, 0
34365,112, 0
34366,123, 0
34367,130, 0
34368,125, 0
34369,120, 0
34370,122, 0
34371,118, 0
34372,121, 0
34373,115, 0
34374,116, 0
34375,120, 0
34376,112, 0
34377,117, 0
34378,116, 0
34379,107, 0
34380,95, 0
34381,80, 0
34382,60, 0
34383,58, 14
34384,67, 0
34385,70, 0
34386,99, 0
34387,137, 0
34388,135, 0
34389,139, 0
34390,137, 0
34391,134, 0
34392,145, 0
34393,131, 0
34394,132, 0
34395,134, 0
34396,133, 0
34397,126, 0
34398,124, 0
34399,126, 0
34400,127, 0
34401,136, 0
34402,129, 0
34403,121, 0
34404,116, 0
34405,109, 0
34406,96, 0
34407,115, 0
34408,95, 0
34409,103, 12
34410,94, 115
34411,91, 236
34412,60, 308
34413,47, 252
34414,48, 342
34415,63, 184
34416,86, 57
34417,97, 0
34418,117, 3
34419,129, 0
34420,126, 0
34421,124, 0
34422,125, 0
34423,131, 0
34424,122, 0
34425,122, 0
34426,112, 0
34427,124, 0
34428,127, 0
34429,124, 0
34430,123, 0
34431,122, 0
34432,118, 0
34433,111, 0
34434,97, 0
34435,102, 0
34436,108, 0
34437,108, 0
34438,110, 0
34439,115, 0
34440,118, 0
34441,101, 0
34442,80, 0
34443,53, 0
34444,58, 0
34445,58, 0
34446,65, 0
34447,95, 0
34448,124, 0
34449,136, 0
34450,133, 0
34451,127, 0
34452,122, 0
34453,117, 0
34454,112, 0
34455,110, 0
34456,103, 0
34457,106, 0
34458,105, 0
34459,101, 0
34460,106, 0
34461,107, 0
34462,109, 0
34463,105, 0
34464,111, 0
34465,112, 0
34466,106, 0
34467,100, 0
34468,97, 0
34469,99, 0
34470,94, 0
34471,91, 0
34472,93, 80
34473,74, 183
34474,61, 272
34475,64, 253
34476,62, 42
34477,74, 0
34478,97, 0
34479,111, 0
34480,113, 0
34481,117, 0
34482,117, 0
34483,118, 0
34484,142, 0
34485,117, 0
34486,117, 0
34487,110, 0
34488,111, 0
34489,110, 0
34490,112, 0
34491,110, 0
34492,108, 0
34493,107, 0
34494,110, 0
34495,106, 0
34496,108, 0
34497,101, 0
34498,100, 0
34499,112, 0
34500,127, 0
34501,115, 0
34502,101, 0
34503,88, 0
34504,67, 0
34505,67, 0
34506,68, 0
34507,83, 0
34508,113, 0
34509,145, 0
34510,145, 0
34511,143, 0
34512,139, 0
34513,135, 0
34514,134, 0
34515,130, 0
34516,129, 0
34517,126, 0
34518,128, 0
34519,121, 0
34520,120, 0
34521,107, 0
34522,103, 0
34523,101, 0
34524,104, 0
34525,108, 0
34526,104, 0
34527,104, 0
34528,109, 23
34529,109, 69
34530,113, 115
34531,115, 183
34532,115, 326
34533,94, 411
34534,89, 385
34535,70, 391
34536,56, 232
34537,48, 51
34538,65, 0
34539,99, 0
34540,119, 0
34541,124, 0
34542,135, 0
34543,123, 0
34544,124, 0
34545,123, 0
34546,126, 0
34547,120, 0
34548,122, 0
34549,126, 0
34550,121, 0
34551,129, 0
34552,125, 0
34553,129, 0
34554,123, 0
34555,121, 0
34556,125, 0
34557,112, 0
34558,108, 0
34559,128, 0
34560,111, 0
34561,112, 0
34562,102, 0
34563,104, 0
34564,88, 0
34565,73, 0
34566,71, 0
34567,77, 0
34568,71, 0
34569,102, 0
34570,121, 0
34571,139, 0
34572,133, 0
34573,128, 0
34574,124, 0
34575,115, 0
34576,113, 0
34577,111, 0
34578,118, 4
34579,118, 0
34580,133, 0
34581,120, 0
34582,123, 0
34583,121, 0
34584,120, 0
34585,110, 0
34586,112, 0
34587,108, 0
34588,106, 0
34589,104, 0
34590,100, 0
34591,104, 0
34592,102, 0
34593,103, 0
34594,86, 0
34595,67, 57
34596,57, 81
34597,63, 189
34598,74, 400
34599,85, 156
34600,108, 270
34601,118, 201
34602,115, 165
34603,122, 126
34604,113, 244
34605,107, 246
34606,93, 70
34607,100, 2
34608,101, 0
34609,100, 0
34610,106, 0
34611,107, 0
34612,118, 0
34613,131, 0
34614,127, 0
34615,133, 0
34616,137, 0
34617,137, 0
34618,144, 0
34619,145, 0
34620,131, 0
34621,133, 0
34622,128, 0
34623,131, 0
34624,106, 0
34625,85, 0
34626,61, 0
34627,68, 72
34628,70, 75
34629,71, 6
34630,108, 0
34631,121, 0
34632,133, 0
34633,133, 0
34634,123, 0
34635,119, 0
34636,119, 0
34637,121, 0
34638,129, 0
34639,130, 6
34640,151, 0
34641,137, 0
34642,128, 0
34643,121, 0
34644,120, 0
34645,113, 0
34646,107, 0
34647,101, 0
34648,99, 0
34649,121, 0
34650,101, 0
34651,96, 0
34652,102, 0
34653,104, 25
34654,104, 110
34655,81, 253
34656,67, 325
34657,60, 510
34658,51, 532
34659,46, 547
34660,83, 403
34661,99, 318
34662,110, 312
34663,118, 152
34664,117, 0
34665,108, 0
34666,102, 0
34667,99, 0
34668,102, 0
34669,94, 0
34670,110, 0
34671,104, 0
34672,109, 0
34673,116, 0
34674,112, 0
34675,110, 0
34676,122, 0
34677,128, 0
34678,121, 0
34679,124, 0
34680,130, 0
34681,133, 0
34682,140, 0
34683,138, 0
34684,132, 0
34685,111, 0
34686,80, 0
34687,61, 0
34688,62, 0
34689,63, 76
34690,71, 0
34691,109, 0
34692,127, 0
34693,142, 0
34694,139, 0
34695,135, 0
34696,133, 0
34697,128, 0
34698,123, 0
34699,121, 0
34700,106, 0
34701,106, 0
34702,106, 0
34703,105, 0
34704,104, 0
34705,102, 0
34706,92, 0
34707,95, 0
34708,89, 0
34709,85, 0
34710,76, 0
34711,79, 0
34712,73, 6
34713,88, 370
34714,91, 328
34715,86, 420
34716,63, 535
34717,40, 457
34718,22, 164
34719,29, 47
34720,27, 0
34721,46, 0
34722,85, 0
34723,100, 0
34724,99, 0
34725,104, 0
34726,102, 0
34727,97, 0
34728,118, 0
34729,130, 2
34730,141, 0
34731,133, 0
34732,138, 0
34733,130, 0
34734,139, 0
34735,139, 0
34736,133, 0
34737,130, 0
34738,138, 0
34739,131, 0
34740,124, 0
34741,124, 0
34742,124, 278
34743,120, 338
34744,116, 454
34745,124, 608
34746,95, 570
34747,58, 357
34748,42, 158
34749,39, 51
34750,35, 0
34751,58, 4
34752,91, 0
34753,103, 0
34754,109, 0
34755,103, 0
34756,109, 0
34757,128, 0
34758,109, 0
34759,102, 0
34760,120, 0
34761,111, 0
34762,121, 0
34763,87, 0
34764,83, 0
34765,81, 184
34766,70, 119
34767,83, 154
34768,92, 202
34769,89, 138
34770,92, 116
34771,90, 117
34772,90, 43
34773,92, 39
34774,102, 89
34775,109, 266
34776,105, 432
34777,90, 342
34778,62, 223
34779,51, 127
34780,57, 21
34781,56, 0
34782,77, 0
34783,103, 0
34784,124, 0
34785,121, 0
34786,121, 1
34787,119, 0
34788,107, 0
34789,104, 0
34790,106, 0
34791,115, 0
34792,108, 0
34793,113, 0
34794,120, 0
34795,127, 0
34796,131, 0
34797,131, 0
34798,143, 0
34799,152, 1
34800,148, 0
34801,148, 6
34802,165, 76
34803,158, 0
34804,142, 0
34805,138, 0
34806,137, 0
34807,110, 0
34808,76, 0
34809,51, 0
34810,38, 0
34811,31, 0
34812,38, 0
34813,72, 0
34814,83, 0
34815,100, 0
34816,102, 0
34817,103, 0
34818,103, 0
34819,117, 0
34820,115, 0
34821,129, 0
34822,124, 0
34823,120, 0
34824,127, 0
34825,116, 0
34826,112, 0
34827,111, 0
34828,99, 0
34829,91, 115
34830,108, 617
34831,121, 914
34832,121, 994
34833,131, 1092
34834,137, 1219
34835,138, 1234
34836,129, 1166
34837,115, 1130
34838,92, 873
34839,57, 647
34840,24, 376
34841,38, 403
34842,34, 431
34843,56, 497
34844,84, 439
34845,104, 367
34846,111, 312
34847,107, 210
34848,87, 251
34849,93, 219
34850,87, 76
34851,95, 0
34852,101, 0
34853,111, 0
34854,115, 0
34855,121, 0
34856,127, 0
34857,127, 0
34858,127, 0
34859,124, 0
34860,131, 0
34861,125, 0
34862,115, 0
34863,116, 0
34864,115, 0
34865,116, 0
34866,111, 0
34867,118, 0
34868,102, 0
34869,80, 0
34870,60, 0
34871,54, 0
34872,53, 0
34873,71, 0
34874,87, 0
34875,93, 0
34876,107, 0
34877,102, 0
34878,97, 0
34879,89, 0
34880,94, 161
34881,95, 309
34882,120, 382
34883,119, 183
34884,109, 57
34885,109, 0
34886,110, 0
34887,97, 0
34888,106, 0
34889,108, 0
34890,104, 0
34891,101, 0
34892,89, 0
34893,94, 234
34894,92, 237
34895,89, 190
34896,95, 117
34897,96, 31
34898,104, 57
34899,89, 238
34900,76, 323
34901,65, 157
34902,45, 44
34903,51, 67
34904,70, 0
34905,108, 0
34906,144, 0
34907,163, 0
34908,175, 0
34909,180, 0
34910,173, 0
34911,177, 0
34912,181, 0
34913,179, 0
34914,172, 0
34915,174, 0
34916,151, 0
34917,149, 0
34918,155, 0
34919,131, 18
34920,122, 168
34921,105, 14
34922,88, 0
34923,80, 0
34924,85, 0
34925,94, 0
34926,105, 0
34927,108, 12
34928,116, 311
34929,108, 441
34930,95, 261
34931,72, 137
34932,79, 12
34933,76, 0
34934,92, 0
34935,109, 0
34936,110, 11
34937,110, 75
34938,105, 57
34939,106, 0
34940,107, 0
34941,110, 0
34942,120, 0
34943,116, 0
34944,127, 0
34945,123, 0
34946,128, 0
34947,125, 0
34948,133, 0
34949,127, 0
34950,129, 0
34951,122, 0
34952,104, 140
34953,90, 57
34954,79, 0
34955,97, 0
34956,110, 0
34957,126, 0
34958,132, 0
34959,138, 0
34960,125, 11
34961,117, 118
34962,105, 12
34963,102, 0
34964,102, 0
34965,108, 0
34966,115, 126
34967,102, 116
34968,95, 331
34969,92, 736
34970,100, 1155
34971,111, 1303
34972,109, 1328
34973,107, 1251
34974,112, 982
34975,103, 689
34976,107, 285
34977,94, 17
34978,106, 0
34979,103, 0
34980,108, 0
34981,95, 0
34982,84, 0
34983,61, 0
34984,53, 0
34985,63, 0
34986,70, 0
34987,94, 0
34988,102, 0
34989,121, 0
34990,118, 0
34991,103, 0
34992,102, 0
34993,95, 0
34994,99, 0
34995,102, 0
34996,128, 0
34997,149, 0
34998,157, 0
34999,142, 0
35000,105, 0
35001,83, 0
35002,67, 0
35003,72, 0
35004,83, 0
35005,105, 0
35006,105, 0
35007,134, 58
35008,150, 0
35009,159, 0
35010,167, 0
35011,179, 0
35012,189, 0
35013,183, 0
35014,169, 0
35015,154, 0
35016,152, 0
35017,143, 0
35018,144, 0
35019,136, 0
35020,121, 0
35021,76, 278
35022,53, 835
35023,25, 1162
35024,21, 1183
35025,31, 1118
35026,39, 1004
35027,59, 982
35028,44, 830
35029,37, 660
35030,44, 533
35031,51, 590
35032,57, 664
35033,58, 494
35034,54, 134
35035,57, 0
35036,61, 0
35037,70, 0
35038,87, 0
35039,92, 0
35040,110, 0
35041,110, 60
35042,123, 109
35043,145, 184
35044,152, 176
35045,141, 51
35046,138, 0
35047,140, 0
35048,147, 0
35049,150, 0
35050,163, 0
35051,156, 0
35052,136, 0
35053,109, 0
35054,104, 0
35055,103, 0
35056,105, 0
35057,125, 0
35058,120, 0
35059,116, 0
35060,106, 0
35061,115, 0
35062,118, 30
35063,139, 523
35064,159, 761
35065,164, 575
35066,171, 488
35067,181, 490
35068,176, 411
35069,157, 89
35070,143, 0
35071,121, 0
35072,110, 0
35073,101, 0
35074,91, 0
35075,85, 0
35076,76, 0
35077,76, 0
35078,61, 0
35079,71, 0
35080,71, 0
35081,75, 0
35082,64, 0
35083,69, 0
35084,76, 0
35085,90, 3
35086,116, 125
35087,129, 0
35088,152, 0
35089,141, 0
35090,138, 0
35091,134, 1
35092,124, 234
35093,108, 354
35094,95, 608
35095,86, 373
35096,70, 9
35097,79, 0
35098,89, 0
35099,100, 0
35100,116, 0
35101,124, 0
35102,139, 0
35103,136, 0
35104,147, 0
35105,144, 12
35106,139, 488
35107,133, 585
35108,127, 441
35109,100, 592
35110,85, 577
35111,57, 171
35112,28, 157
35113,12, 198
35114,0, 79
35115,11, 76
35116,31, 84
35117,59, 42
35118,97, 0
35119,127, 0
35120,154, 0
35121,155, 0
35122,159, 0
35123,152, 0
35124,156, 0
35125,133, 0
35126,115, 0
35127,86, 0
35128,69, 0
35129,69, 0
35130,78, 0
35131,104, 0
35132,139, 0
35133,159, 0
35134,176, 0
35135,169, 0
35136,148, 0
35137,116, 0
35138,91, 0
35139,58, 0
35140,43, 140
35141,34, 433
35142,46, 720
35143,36, 868
35144,31, 824
35145,26, 712
35146,44, 497
35147,44, 230
35148,85, 301
35149,119, 555
35150,111, 883
35151,113, 1027
35152,103, 865
35153,107, 389
35154,119, 104
35155,124, 0
35156,131, 0
35157,131, 0
35158,119, 0
35159,121, 0
35160,125, 0
35161,124, 0
35162,127, 0
35163,138, 0
35164,143, 410
35165,148, 614
35166,134, 771
35167,131, 656
35168,140, 562
35169,129, 276
35170,116, 1
35171,102, 0
35172,105, 0
35173,88, 0
35174,74, 0
35175,75, 0
35176,101, 1
35177,127, 0
35178,156, 0
35179,197, 0
35180,188, 0
35181,169, 0
35182,121, 0
35183,90, 0
35184,76, 0
35185,74, 0
35186,80, 0
35187,83, 0
35188,83, 0
35189,79, 0
35190,81, 0
35191,75, 0
35192,69, 0
35193,53, 0
35194,34, 0
35195,38, 0
35196,56, 0
35197,80, 0
35198,96, 0
35199,103, 0
35200,113, 1
35201,117, 100
35202,134, 311
35203,131, 469
35204,133, 463
35205,118, 325
35206,106, 214
35207,91, 107
35208,102, 0
35209,121, 0
35210,139, 0
35211,139, 0
35212,137, 0
35213,132, 0
35214,129, 0
35215,121, 0
35216,121, 31
35217,129, 498
35218,130, 824
35219,120, 778
35220,97, 384
35221,108, 21
35222,120, 0
35223,125, 0
35224,139, 0
35225,147, 0
35226,143, 0
35227,140, 0
35228,148, 0
35229,150, 0
35230,141, 0
35231,115, 0
35232,92, 0
35233,99, 166
35234,91, 524
35235,89, 619
35236,83, 822
35237,75, 988
35238,70, 878
35239,51, 657
35240,68, 282
35241,92, 6
35242,108, 0
35243,115, 0
35244,117, 0
35245,101, 0
35246,101, 0
35247,88, 0
35248,83, 0
35249,88, 0
35250,92, 0
35251,96, 0
35252,96, 0
35253,104, 0
35254,109, 0
35255,106, 0
35256,108, 0
35257,108, 0
35258,125, 0
35259,125, 0
35260,135, 0
35261,145, 0
35262,157, 0
35263,163, 0
35264,150, 89
35265,140, 413
35266,112, 499
35267,112, 596
35268,115, 600
35269,115, 665
35270,121, 815
35271,135, 631
35272,127, 363
35273,108, 125
35274,95, 170
35275,84, 326
35276,57, 453
35277,47, 420
35278,34, 137
35279,40, 0
35280,74, 0
35281,92, 0
35282,122, 0
35283,139, 0
35284,154, 0
35285,163, 0
35286,166, 0
35287,152, 0
35288,133, 89
35289,128, 461
35290,119, 779
35291,155, 1039
35292,158, 1092
35293,177, 922
35294,159, 582
35295,107, 251
35296,68, 31
35297,43, 0
35298,27, 0
35299,46, 0
35300,60, 0
35301,95, 0
35302,134, 0
35303,149, 0
35304,148, 0
35305,137, 0
35306,137, 0
35307,147, 0
35308,142, 0
35309,136, 0
35310,121, 0
35311,102, 0
35312,92, 0
35313,78, 0
35314,72, 0
35315,64, 0
35316,61, 0
35317,76, 42
35318,77, 207
35319,84, 456
35320,93, 692
35321,107, 739
35322,113, 599
35323,128, 532
35324,141, 454
35325,105, 287
35326,80, 42
35327,46, 0
35328,39, 0
35329,47, 0
35330,63, 0
35331,99, 0
35332,122, 0
35333,124, 0
35334,119, 0
35335,109, 0
35336,120, 0
35337,116, 0
35338,126, 0
35339,133, 19
35340,151, 307
35341,159, 558
35342,170, 465
35343,168, 517
35344,172, 200
35345,152, 0
35346,147, 0
35347,133, 0
35348,121, 0
35349,102, 0
35350,97, 0
35351,88, 0
35352,109, 3
35353,128, 467
35354,109, 673
35355,106, 374
35356,57, 409
35357,29, 174
35358,56, 245
35359,78, 340
35360,102, 371
35361,118, 283
35362,160, 106
35363,175, 3
35364,176, 0
35365,155, 0
35366,108, 0
35367,76, 0
35368,56, 0
35369,31, 0
35370,30, 0
35371,54, 0
35372,73, 0
35373,88, 0
35374,91, 0
35375,89, 0
35376,65, 0
35377,54, 0
35378,43, 0
35379,50, 0
35380,47, 34
35381,64, 84
35382,75, 25
35383,85, 0
35384,101, 0
35385,106, 0
35386,106, 0
35387,86, 0
35388,65, 0
35389,63, 0
35390,77, 0
35391,94, 0
35392,126, 0
35393,145, 0
35394,149, 0
35395,149, 0
35396,152, 0
35397,159, 0
35398,161, 0
35399,145, 0
35400,136, 0
35401,133, 0
35402,127, 0
35403,125, 0
35404,121, 0
35405,115, 0
35406,136, 0
35407,144, 10
35408,139, 292
35409,133, 503
35410,113, 480
35411,112, 431
35412,106, 361
35413,102, 65
35414,99, 0
35415,106, 0
35416,122, 0
35417,121, 0
35418,100, 0
35419,104, 0
35420,95, 0
35421,80, 0
35422,88, 0
35423,108, 0
35424,115, 0
35425,119, 0
35426,118, 0
35427,117, 27
35428,112, 0
35429,118, 0
35430,121, 0
35431,115, 0
35432,134, 0
35433,152, 0
35434,159, 0
35435,160, 89
35436,158, 414
35437,142, 485
35438,132, 460
35439,113, 307
35440,95, 121
35441,72, 6
35442,45, 0
35443,31, 0
35444,26, 0
35445,50, 0
35446,52, 0
35447,64, 89
35448,65, 420
35449,51, 467
35450,74, 700
35451,55, 283
35452,61, 68
35453,89, 0
35454,115, 0
35455,123, 0
35456,117, 0
35457,101, 0
35458,96, 0
35459,103, 0
35460,110, 0
35461,113, 0
35462,124, 0
35463,133, 0
35464,132, 84
35465,130, 395
35466,122, 706
35467,112, 667
35468,117, 318
35469,121, 131
35470,127, 0
35471,142, 0
35472,164, 0
35473,164, 0
35474,174, 0
35475,169, 0
35476,125, 0
35477,92, 0
35478,53, 0
35479,30, 0
35480,55, 182
35481,44, 145
35482,45, 212
35483,53, 34
35484,93, 0
35485,120, 9
35486,139, 31
35487,140, 0
35488,136, 0
35489,141, 0
35490,145, 0
35491,133, 0
35492,125, 0
35493,108, 0
35494,99, 0
35495,93, 0
35496,89, 0
35497,84, 0
35498,77, 0
35499,76, 0
35500,74, 0
35501,89, 35
35502,79, 9
35503,80, 0
35504,75, 0
35505,75, 0
35506,85, 0
35507,81, 0
35508,96, 109
35509,83, 94
35510,61, 55
35511,61, 91
35512,88, 440
35513,99, 631
35514,116, 543
35515,108, 360
35516,93, 143
35517,84, 14
35518,83, 0
35519,100, 5
35520,112, 19
35521,133, 0
35522,139, 0
35523,145, 0
35524,171, 0
35525,174, 0
35526,179, 0
35527,174, 0
35528,185, 0
35529,152, 0
35530,140, 0
35531,125, 0
35532,119, 0
35533,111, 0
35534,99, 0
35535,89, 0
35536,85, 0
35537,86, 0
35538,100, 373
35539,105, 503
35540,106, 548
35541,95, 553
35542,103, 480
35543,94, 212
35544,118, 0
35545,156, 0
35546,174, 0
35547,169, 0
35548,166, 0
35549,131, 0
35550,116, 0
35551,108, 0
35552,106, 0
35553,112, 0
35554,101, 0
35555,93, 0
35556,86, 0
35557,78, 8
35558,77, 0
35559,73, 0
35560,77, 3
35561,86, 0
35562,85, 12
35563,84, 93
35564,91, 210
35565,102, 5
35566,95, 0
35567,116, 0
35568,127, 0
35569,115, 0
35570,90, 0
35571,74, 0
35572,56, 0
35573,45, 0
35574,45, 0
35575,69, 0
35576,93, 0
35577,107, 0
35578,120, 0
35579,128, 0
35580,123, 0
35581,133, 59
35582,149, 85
35583,140, 125
35584,137, 0
35585,122, 0
35586,113, 0
35587,115, 0
35588,108, 0
35589,94, 0
35590,85, 0
35591,85, 1
35592,93, 407
35593,115, 526
35594,99, 416
35595,122, 322
35596,129, 278
35597,130, 257
35598,133, 341
35599,133, 609
35600,93, 323
35601,63, 329
35602,52, 208
35603,48, 105
35604,46, 42
35605,69, 0
35606,91, 0
35607,111, 0
35608,133, 0
35609,133, 0
35610,123, 0
35611,125, 0
35612,115, 0
35613,108, 0
35614,101, 0
35615,110, 0
35616,103, 0
35617,104, 0
35618,105, 0
35619,115, 0
35620,120, 0
35621,119, 0
35622,112, 0
35623,113, 0
35624,115, 0
35625,115, 0
35626,108, 0
35627,108, 0
35628,108, 10
35629,108, 73
35630,102, 172
35631,76, 232
35632,64, 198
35633,65, 121
35634,81, 127
35635,87, 103
35636,94, 0
35637,109, 0
35638,104, 0
35639,111, 0
35640,121, 0
35641,118, 0
35642,121, 0
35643,136, 0
35644,149, 0
35645,176, 0
35646,188, 0
35647,185, 0
35648,176, 0
35649,165, 0
35650,152, 0
35651,139, 0
35652,131, 0
35653,121, 0
35654,107, 430
35655,86, 661
35656,55, 689
35657,25, 711
35658,26, 639
35659,45, 579
35660,63, 547
35661,111, 548
35662,73, 420
35663,101, 286
35664,107, 63
35665,93, 0
35666,95, 0
35667,102, 0
35668,102, 0
35669,102, 0
35670,79, 0
35671,64, 0
35672,47, 0
35673,69, 0
35674,79, 0
35675,95, 0
35676,109, 0
35677,111, 0
35678,107, 0
35679,110, 0
35680,108, 0
35681,104, 0
35682,105, 6
35683,96, 172
35684,115, 402
35685,126, 338
35686,118, 323
35687,126, 204
35688,131, 69
35689,133, 0
35690,139, 0
35691,137, 0
35692,122, 0
35693,107, 0
35694,95, 0
35695,86, 0
35696,92, 0
35697,99, 0
35698,123, 55
35699,131, 139
35700,124, 0
35701,127, 0
35702,133, 0
35703,134, 0
35704,137, 0
35705,123, 0
35706,115, 0
35707,126, 20
35708,125, 328
35709,125, 564
35710,123, 488
35711,110, 236
35712,92, 9
35713,73, 0
35714,57, 0
35715,62, 0
35716,76, 0
35717,90, 0
35718,109, 0
35719,124, 13
35720,132, 300
35721,139, 402
35722,121, 207
35723,109, 116
35724,97, 55
35725,104, 0
35726,105, 0
35727,115, 0
35728,124, 0
35729,127, 0
35730,133, 0
35731,129, 0
35732,127, 0
35733,133, 0
35734,137, 0
35735,125, 0
35736,116, 0
35737,105, 0
35738,108, 0
35739,115, 0
35740,115, 0
35741,132, 0
35742,139, 0
35743,143, 0
35744,145, 0
35745,138, 31
35746,124, 133
35747,115, 158
35748,95, 183
35749,93, 84
35750,86, 64
35751,80, 48
35752,70, 86
35753,54, 135
35754,50, 312
35755,35, 100
35756,42, 183
35757,53, 163
35758,91, 0
35759,83, 0
35760,88, 0
35761,107, 0
35762,115, 0
35763,126, 0
35764,116, 4
35765,134, 341
35766,118, 391
35767,107, 370
35768,118, 233
35769,123, 10
35770,130, 0
35771,131, 0
35772,124, 0
35773,123, 0
35774,126, 0
35775,127, 0
35776,129, 0
35777,124, 0
35778,126, 0
35779,118, 0
35780,123, 0
35781,112, 0
35782,104, 0
35783,76, 0
35784,64, 0
35785,57, 0
35786,89, 121
35787,89, 99
35788,121, 0
35789,145, 0
35790,143, 0
35791,151, 0
35792,144, 0
35793,140, 0
35794,139, 0
35795,137, 0
35796,143, 0
35797,154, 0
35798,149, 0
35799,145, 0
35800,134, 0
35801,107, 0
35802,73, 0
35803,54, 0
35804,44, 0
35805,53, 0
35806,67, 0
35807,87, 0
35808,100, 0
35809,118, 51
35810,123, 133
35811,125, 102
35812,124, 0
35813,111, 26
35814,71, 494
35815,85, 767
35816,65, 843
35817,74, 717
35818,71, 614
35819,102, 567
35820,112, 355
35821,133, 195
35822,125, 73
35823,124, 12
35824,132, 0
35825,133, 20
35826,125, 0
35827,134, 0
35828,115, 0
35829,111, 0
35830,92, 0
35831,111, 0
35832,113, 0
35833,127, 0
35834,128, 0
35835,134, 0
35836,142, 0
35837,144, 0
35838,144, 0
35839,127, 0
35840,125, 2
35841,99, 97
35842,90, 188
35843,77, 232
35844,47, 214
35845,32, 282
35846,24, 286
35847,24, 263
35848,20, 0
35849,51, 0
35850,83, 0
35851,107, 0
35852,107, 0
35853,109, 0
35854,113, 0
35855,115, 0
35856,119, 0
35857,117, 0
35858,113, 0
35859,107, 0
35860,106, 0
35861,100, 0
35862,94, 0
35863,103, 0
35864,101, 0
35865,102, 0
35866,108, 0
35867,120, 0
35868,112, 0
35869,120, 0
35870,124, 0
35871,129, 0
35872,120, 0
35873,121, 68
35874,99, 388
35875,89, 512
35876,63, 504
35877,64, 418
35878,45, 281
35879,74, 77
35880,100, 2
35881,123, 0
35882,131, 31
35883,123, 61
35884,127, 94
35885,124, 18
35886,108, 0
35887,120, 0
35888,105, 0
35889,111, 0
35890,118, 0
35891,115, 0
35892,122, 0
35893,136, 0
35894,147, 0
35895,154, 0
35896,158, 0
35897,156, 0
35898,159, 0
35899,160, 0
35900,159, 0
35901,148, 0
35902,142, 0
35903,139, 0
35904,132, 0
35905,113, 0
35906,101, 0
35907,88, 0
35908,89, 0
35909,91, 0
35910,121, 0
35911,133, 0
35912,135, 0
35913,130, 0
35914,108, 0
35915,88, 0
35916,63, 0
35917,55, 0
35918,46, 0
35919,52, 0
35920,48, 0
35921,31, 0
35922,24, 0
35923,14, 0
35924,24, 0
35925,44, 0
35926,56, 0
35927,71, 0
35928,81, 0
35929,92, 0
35930,90, 0
35931,90, 286
35932,117, 382
35933,111, 653
35934,122, 763
35935,102, 499
35936,70, 300
35937,63, 174
35938,67, 86
35939,75, 109
35940,96, 122
35941,145, 196
35942,102, 3
35943,92, 0
35944,89, 0
35945,93, 0
35946,117, 0
35947,123, 0
35948,116, 0
35949,124, 0
35950,129, 0
35951,127, 0
35952,117, 0
35953,118, 0
35954,124, 0
35955,134, 0
35956,153, 0
35957,164, 0
35958,166, 229
35959,171, 558
35960,169, 835
35961,152, 985
35962,141, 921
35963,113, 749
35964,115, 614
35965,96, 788
35966,70, 953
35967,28, 841
35968,56, 668
35969,24, 577
35970,32, 336
35971,50, 189
35972,69, 179
35973,84, 11
35974,95, 0
35975,105, 0
35976,107, 38
35977,108, 38
35978,92, 25
35979,80, 0
35980,77, 0
35981,73, 0
35982,87, 0
35983,96, 0
35984,97, 0
35985,100, 0
35986,101, 0
35987,105, 0
35988,115, 0
35989,127, 0
35990,133, 0
35991,138, 0
35992,142, 0
35993,160, 0
35994,152, 0
35995,150, 0
35996,133, 0
35997,103, 0
35998,73, 0
35999,73, 0
36000,65, 10
36001,88, 0
36002,119, 0
36003,148, 0
36004,155, 0
36005,152, 0
36006,158, 0
36007,119, 0
36008,106, 0
36009,97, 0
36010,100, 0
36011,91, 0
36012,112, 0
36013,108, 0
36014,118, 0
36015,117, 0
36016,105, 0
36017,94, 0
36018,102, 0
36019,99, 0
36020,101, 0
36021,96, 0
36022,84, 0
36023,86, 0
36024,88, 0
36025,115, 0
36026,86, 19
36027,73, 197
36028,57, 417
36029,50, 355
36030,46, 304
36031,54, 40
36032,78, 0
36033,102, 0
36034,106, 0
36035,111, 0
36036,109, 0
36037,100, 0
36038,108, 0
36039,115, 0
36040,130, 0
36041,108, 0
36042,115, 0
36043,104, 0
36044,110, 0
36045,110, 0
36046,109, 0
36047,105, 1
36048,121, 21
36049,119, 141
36050,135, 158
36051,141, 154
36052,133, 122
36053,128, 38
36054,129, 6
36055,127, 17
36056,128, 38
36057,108, 22
36058,86, 228
36059,67, 133
36060,64, 0
36061,69, 0
36062,79, 0
36063,103, 0
36064,108, 0
36065,115, 0
36066,115, 0
36067,119, 20
36068,121, 163
36069,123, 147
36070,127, 19
36071,120, 0
36072,128, 0
36073,129, 0
36074,121, 0
36075,121, 0
36076,119, 0
36077,123, 0
36078,126, 0
36079,131, 0
36080,128, 0
36081,132, 0
36082,129, 0
36083,125, 0
36084,118, 0
36085,123, 0
36086,113, 0
36087,107, 0
36088,93, 0
36089,73, 0
36090,61, 0
36091,61, 0
36092,72, 0
36093,94, 0
36094,121, 0
36095,133, 0
36096,139, 0
36097,137, 0
36098,138, 0
36099,139, 0
36100,139, 0
36101,137, 0
36102,129, 0
36103,118, 0
36104,111, 0
36105,113, 0
36106,118, 0
36107,108, 0
36108,93, 0
36109,88, 0
36110,83, 0
36111,103, 0
36112,92, 0
36113,104, 0
36114,108, 0
36115,103, 0
36116,115, 0
36117,118, 0
36118,106, 0
36119,88, 0
36120,79, 0
36121,84, 0
36122,84, 0
36123,92, 0
36124,112, 0
36125,112, 0
36126,108, 0
36127,107, 0
36128,99, 0
36129,110, 31
36130,115, 0
36131,111, 0
36132,103, 0
36133,102, 0
36134,95, 0
36135,85, 0
36136,85, 0
36137,85, 158
36138,95, 524
36139,103, 735
36140,111, 803
36141,102, 515
36142,94, 286
36143,89, 152
36144,89, 0
36145,97, 0
36146,104, 0
36147,102, 0
36148,89, 0
36149,74, 35
36150,59, 144
36151,57, 30
36152,51, 1
36153,70, 0
36154,106, 0
36155,134, 0
36156,148, 0
36157,151, 0
36158,147, 0
36159,147, 0
36160,139, 0
36161,130, 0
36162,121, 0
36163,128, 0
36164,133, 0
36165,124, 40
36166,122, 446
36167,140, 642
36168,125, 499
36169,112, 341
36170,110, 348
36171,113, 158
36172,115, 1
36173,110, 0
36174,106, 0
36175,99, 0
36176,92, 0
36177,95, 0
36178,92, 0
36179,63, 0
36180,47, 0
36181,40, 0
36182,60, 132
36183,65, 92
36184,79, 14
36185,112, 0
36186,139, 0
36187,140, 0
36188,140, 0
36189,129, 0
36190,131, 0
36191,141, 0
36192,149, 0
36193,164, 0
36194,179, 0
36195,183, 0
36196,184, 0
36197,179, 0
36198,175, 0
36199,152, 0
36200,143, 0
36201,135, 0
36202,135, 0
36203,130, 0
36204,120, 0
36205,100, 0
36206,72, 0
36207,28, 0
36208,6, 0
36209,0, 0
36210,0, 0
36211,0, 0
36212,0, 0
36213,0, 0
36214,0, 0
36215,25, 0
36216,63, 0
36217,91, 0
36218,117, 0
36219,127, 0
36220,143, 0
36221,135, 0
36222,137, 0
36223,135, 0
36224,138, 0
36225,129, 0
36226,132, 0
36227,133, 0
36228,127, 0
36229,124, 0
36230,133, 0
36231,115, 0
36232,126, 0
36233,127, 0
36234,121, 0
36235,117, 0
36236,103, 0
36237,93, 0
36238,71, 0
36239,71, 0
36240,46, 0
36241,37, 0
36242,32, 118
36243,55, 205
36244,58, 120
36245,84, 38
36246,106, 21
36247,129, 0
36248,139, 12
36249,140, 81
36250,140, 109
36251,143, 120
36252,136, 0
36253,131, 0
36254,123, 0
36255,124, 0
36256,127, 0
36257,117, 0
36258,118, 0
36259,112, 0
36260,109, 0
36261,102, 0
36262,112, 0
36263,111, 0
36264,118, 0
36265,123, 0
36266,143, 0
36267,144, 0
36268,148, 61
36269,142, 156
36270,127, 207
36271,97, 61
36272,76, 269
36273,79, 169
36274,67, 32
36275,76, 11
36276,115, 0
36277,133, 0
36278,149, 0
36279,152, 0
36280,134, 0
36281,148, 0
36282,148, 0
36283,133, 0
36284,118, 0
36285,102, 0
36286,105, 0
36287,110, 0
36288,131, 27
36289,139, 193
36290,135, 345
36291,127, 158
36292,109, 60
36293,100, 4
36294,97, 0
36295,92, 0
36296,97, 0
36297,94, 0
36298,92, 0
36299,95, 0
36300,91, 0
36301,87, 113
36302,76, 227
36303,73, 158
36304,84, 274
36305,64, 276
36306,96, 113
36307,116, 0
36308,131, 3
36309,138, 0
36310,137, 0
36311,139, 0
36312,139, 0
36313,135, 0
36314,121, 0
36315,122, 0
36316,106, 0
36317,94, 0
36318,121, 0
36319,119, 0
36320,115, 0
36321,120, 0
36322,108, 0
36323,90, 0
36324,81, 0
36325,83, 0
36326,92, 0
36327,97, 0
36328,95, 0
36329,79, 0
36330,67, 0
36331,39, 0
36332,35, 0
36333,23, 0
36334,35, 0
36335,51, 0
36336,57, 0
36337,95, 0
36338,123, 0
36339,138, 0
36340,143, 0
36341,133, 0
36342,142, 0
36343,136, 0
36344,134, 0
36345,144, 0
36346,153, 0
36347,159, 0
36348,160, 0
36349,159, 0
36350,155, 0
36351,144, 0
36352,148, 0
36353,143, 0
36354,128, 0
36355,113, 0
36356,101, 0
36357,101, 127
36358,95, 273
36359,91, 548
36360,91, 391
36361,79, 308
36362,50, 210
36363,19, 105
36364,8, 102
36365,4, 50
36366,21, 150
36367,51, 3
36368,64, 125
36369,90, 235
36370,99, 113
36371,104, 56
36372,116, 22
36373,124, 54
36374,139, 137
36375,145, 28
36376,145, 0
36377,148, 0
36378,154, 0
36379,139, 0
36380,144, 0
36381,150, 0
36382,152, 0
36383,147, 0
36384,145, 0
36385,137, 0
36386,132, 0
36387,132, 0
36388,131, 20
36389,121, 0
36390,111, 0
36391,89, 0
36392,60, 0
36393,42, 0
36394,28, 0
36395,31, 0
36396,44, 0
36397,74, 0
36398,103, 0
36399,115, 0
36400,117, 0
36401,121, 0
36402,109, 0
36403,115, 0
36404,107, 0
36405,106, 0
36406,112, 0
36407,118, 0
36408,111, 9
36409,105, 21
36410,91, 0
36411,83, 0
36412,88, 0
36413,83, 0
36414,89, 0
36415,83, 0
36416,83, 0
36417,84, 0
36418,80, 0
36419,91, 0
36420,97, 0
36421,104, 0
36422,105, 0
36423,83, 0
36424,87, 126
36425,88, 347
36426,87, 141
36427,95, 409
36428,111, 403
36429,144, 354
36430,154, 430
36431,158, 362
36432,149, 127
36433,137, 0
36434,127, 0
36435,110, 0
36436,102, 0
36437,108, 0
36438,104, 0
36439,106, 0
36440,115, 0
36441,97, 0
36442,91, 0
36443,91, 0
36444,95, 0
36445,92, 0
36446,115, 0
36447,117, 0
36448,121, 0
36449,110, 0
36450,121, 0
36451,116, 0
36452,113, 0
36453,81, 0
36454,65, 91
36455,51, 41
36456,53, 57
36457,44, 5
36458,55, 0
36459,80, 0
36460,99, 0
36461,105, 0
36462,115, 0
36463,115, 0
36464,137, 0
36465,127, 0
36466,133, 0
36467,131, 0
36468,134, 0
36469,133, 0
36470,131, 0
36471,130, 0
36472,130, 0
36473,134, 0
36474,121, 0
36475,121, 0
36476,120, 0
36477,110, 0
36478,111, 0
36479,105, 0
36480,102, 0
36481,113, 0
36482,106, 0
36483,103, 0
36484,83, 0
36485,68, 116
36486,59, 10
36487,72, 104
36488,74, 24
36489,92, 0
36490,121, 0
36491,129, 0
36492,133, 0
36493,135, 9
36494,138, 0
36495,139, 0
36496,137, 0
36497,134, 0
36498,133, 0
36499,127, 25
36500,124, 17
36501,121, 15
36502,101, 0
36503,110, 0
36504,118, 0
36505,147, 0
36506,139, 0
36507,142, 0
36508,144, 0
36509,147, 0
36510,143, 0
36511,140, 0
36512,143, 0
36513,138, 0
36514,137, 0
36515,89, 1
36516,85, 0
36517,75, 0
36518,72, 0
36519,78, 0
36520,93, 0
36521,110, 0
36522,116, 0
36523,96, 0
36524,101, 0
36525,99, 0
36526,116, 0
36527,104, 0
36528,105, 0
36529,99, 0
36530,101, 0
36531,100, 0
36532,101, 0
36533,95, 0
36534,94, 0
36535,103, 0
36536,95, 0
36537,115, 0
36538,134, 0
36539,152, 28
36540,143, 0
36541,154, 0
36542,166, 0
36543,155, 119
36544,139, 160
36545,119, 118
36546,97, 211
36547,96, 220
36548,103, 28
36549,112, 0
36550,142, 0
36551,132, 0
36552,105, 0
36553,81, 0
36554,48, 0
36555,30, 0
36556,21, 0
36557,15, 0
36558,14, 0
36559,24, 0
36560,36, 0
36561,50, 0
36562,53, 0
36563,67, 0
36564,65, 0
36565,79, 0
36566,76, 27
36567,64, 142
36568,54, 217
36569,54, 80
36570,63, 11
36571,79, 0
36572,90, 0
36573,99, 0
36574,106, 0
36575,93, 0
36576,69, 0
36577,57, 0
36578,62, 0
36579,90, 265
36580,105, 9
36581,121, 0
36582,144, 0
36583,145, 0
36584,151, 0
36585,149, 0
36586,148, 0
36587,145, 0
36588,140, 0
36589,140, 0
36590,139, 0
36591,134, 0
36592,133, 0
36593,131, 0
36594,127, 0
36595,127, 0
36596,129, 0
36597,130, 0
36598,105, 0
36599,109, 0
36600,104, 0
36601,103, 0
36602,104, 0
36603,118, 0
36604,123, 0
36605,117, 0
36606,103, 46
36607,75, 95
36608,86, 102
36609,92, 198
36610,104, 0
36611,131, 0
36612,155, 0
36613,157, 0
36614,158, 0
36615,164, 0
36616,151, 0
36617,139, 0
36618,150, 0
36619,152, 0
36620,135, 0
36621,131, 0
36622,113, 0
36623,108, 0
36624,110, 0
36625,106, 0
36626,100, 0
36627,94, 2
36628,80, 0
36629,61, 0
36630,48, 0
36631,56, 0
36632,72, 125
36633,91, 53
36634,96, 25
36635,83, 0
36636,70, 0
36637,56, 42
36638,39, 23
36639,51, 104
36640,57, 131
36641,81, 0
36642,108, 0
36643,129, 0
36644,133, 0
36645,138, 0
36646,120, 0
36647,109, 0
36648,100, 0
36649,102, 0
36650,102, 0
36651,104, 0
36652,109, 0
36653,110, 0
36654,109, 0
36655,105, 0
36656,92, 0
36657,88, 0
36658,87, 0
36659,83, 0
36660,89, 0
36661,95, 0
36662,94, 0
36663,97, 0
36664,108, 0
36665,112, 0
36666,105, 0
36667,95, 80
36668,76, 47
36669,72, 17
36670,70, 38
36671,91, 76
36672,119, 0
36673,142, 0
36674,158, 0
36675,159, 0
36676,159, 0
36677,169, 0
36678,174, 0
36679,167, 0
36680,148, 0
36681,144, 0
36682,129, 0
36683,110, 5
36684,103, 70
36685,95, 92
36686,86, 89
36687,84, 118
36688,67, 8
36689,68, 0
36690,67, 0
36691,65, 0
36692,63, 0
36693,83, 0
36694,78, 0
36695,77, 0
36696,79, 0
36697,75, 0
36698,63, 11
36699,59, 11
36700,61, 0
36701,72, 0
36702,106, 0
36703,123, 0
36704,141, 0
36705,143, 0
36706,130, 0
36707,127, 0
36708,119, 0
36709,120, 0
36710,121, 0
36711,148, 0
36712,139, 0
36713,141, 0
36714,139, 0
36715,141, 0
36716,131, 0
36717,123, 0
36718,109, 0
36719,111, 0
36720,105, 0
36721,113, 0
36722,121, 0
36723,133, 0
36724,140, 0
36725,139, 0
36726,136, 0
36727,110, 0
36728,81, 176
36729,54, 179
36730,24, 188
36731,37, 271
36732,35, 38
36733,64, 0
36734,87, 0
36735,89, 0
36736,86, 0
36737,83, 0
36738,70, 0
36739,64, 0
36740,76, 0
36741,87, 0
36742,107, 0
36743,116, 0
36744,130, 0
36745,147, 0
36746,151, 0
36747,173, 0
36748,154, 0
36749,147, 0
36750,145, 0
36751,145, 0
36752,135, 0
36753,125, 0
36754,118, 0
36755,132, 0
36756,125, 0
36757,127, 0
36758,95, 0
36759,77, 0
36760,68, 15
36761,69, 8
36762,60, 48
36763,72, 0
36764,86, 0
36765,76, 0
36766,59, 0
36767,32, 0
36768,38, 0
36769,27, 0
36770,28, 0
36771,27, 0
36772,34, 0
36773,45, 0
36774,63, 0
36775,76, 0
36776,100, 0
36777,115, 0
36778,122, 3
36779,115, 0
36780,108, 0
36781,106, 0
36782,110, 0
36783,94, 0
36784,95, 0
36785,83, 0
36786,105, 0
36787,118, 0
36788,112, 0
36789,95, 5
36790,83, 255
36791,58, 293
36792,52, 444
36793,56, 275
36794,86, 203
36795,103, 93
36796,119, 0
36797,135, 0
36798,158, 0
36799,170, 0
36800,175, 0
36801,165, 0
36802,147, 0
36803,131, 0
36804,117, 0
36805,108, 0
36806,105, 0
36807,113, 0
36808,123, 0
36809,150, 0
36810,160, 0
36811,171, 0
36812,176, 0
36813,168, 0
36814,168, 0
36815,135, 0
36816,121, 0
36817,106, 0
36818,91, 0
36819,74, 0
36820,50, 0
36821,45, 0
36822,51, 0
36823,70, 75
36824,99, 22
36825,127, 14
36826,127, 0
36827,115, 0
36828,91, 0
36829,79, 0
36830,63, 0
36831,57, 0
36832,68, 0
36833,67, 0
36834,63, 0
36835,58, 0
36836,43, 0
36837,35, 0
36838,28, 0
36839,25, 0
36840,47, 0
36841,71, 0
36842,94, 0
36843,123, 0
36844,144, 0
36845,165, 0
36846,189, 0
36847,193, 0
36848,203, 0
36849,189, 0
36850,153, 21
36851,119, 0
36852,95, 0
36853,87, 0
36854,94, 0
36855,115, 0
36856,167, 0
36857,147, 0
36858,180, 0
36859,216, 0
36860,234, 0
36861,268, 0
36862,284, 0
36863,270, 0
36864,274, 0
36865,252, 92
36866,224, 70
36867,184, 47
36868,142, 3
36869,115, 0
36870,91, 0
36871,62, 0
36872,42, 0
36873,21, 0
36874,1, 0
36875,0, 0
36876,19, 0
36877,54, 0
36878,52, 0
36879,54, 0
36880,72, 0
36881,83, 0
36882,58, 0
36883,25, 0
36884,0, 0
36885,0, 0
36886,37, 0
36887,78, 0
36888,102, 0
36889,102, 0
36890,108, 0
36891,115, 0
36892,112, 0
36893,115, 0
36894,120, 0
36895,119, 0
36896,120, 0
36897,100, 0
36898,104, 0
36899,101, 0
36900,116, 0
36901,133, 0
36902,154, 0
36903,157, 0
36904,167, 0
36905,183, 0
36906,192, 0
36907,214, 0
36908,223, 30
36909,214, 68
36910,204, 133
36911,180, 260
36912,135, 333
36913,128, 183
36914,116, 214
36915,122, 89
36916,124, 0
36917,129, 0
36918,119, 0
36919,96, 0
36920,101, 0
36921,94, 0
36922,117, 0
36923,122, 0
36924,124, 0
36925,131, 0
36926,137, 0
36927,163, 0
36928,182, 0
36929,181, 0
36930,170, 0
36931,164, 0
36932,144, 0
36933,134, 0
36934,125, 0
36935,103, 0
36936,102, 0
36937,90, 0
36938,91, 0
36939,102, 6
36940,73, 170
36941,38, 298
36942,14, 488
36943,0, 402
36944,4, 228
36945,0, 83
36946,6, 0
36947,42, 0
36948,65, 0
36949,83, 0
36950,89, 0
36951,102, 0
36952,115, 0
36953,130, 0
36954,129, 0
36955,130, 0
36956,121, 0
36957,108, 0
36958,106, 0
36959,106, 0
36960,92, 0
36961,99, 0
36962,90, 0
36963,96, 0
36964,89, 0
36965,95, 0
36966,90, 0
36967,93, 0
36968,104, 0
36969,113, 0
36970,92, 45
36971,83, 107
36972,63, 119
36973,39, 152
36974,28, 109
36975,39, 37
36976,47, 37
36977,76, 0
36978,103, 0
36979,116, 0
36980,116, 0
36981,131, 0
36982,113, 0
36983,113, 0
36984,116, 0
36985,125, 0
36986,133, 0
36987,125, 0
36988,123, 3
36989,124, 1
36990,109, 0
36991,102, 0
36992,102, 0
36993,87, 0
36994,83, 0
36995,84, 0
36996,92, 0
36997,92, 0
36998,102, 0
36999,78, 0
37000,63, 0
37001,48, 1
37002,23, 0
37003,12, 121
37004,15, 106
37005,20, 144
37006,23, 78
37007,44, 0
37008,77, 0
37009,101, 0
37010,108, 0
37011,110, 0
37012,113, 0
37013,120, 0
37014,122, 0
37015,131, 0
37016,140, 0
37017,157, 0
37018,169, 0
37019,184, 0
37020,187, 0
37021,188, 0
37022,183, 0
37023,157, 0
37024,155, 0
37025,154, 0
37026,152, 0
37027,145, 0
37028,135, 0
37029,115, 0
37030,106, 0
37031,75, 5
37032,44, 109
37033,3, 226
37034,0, 232
37035,0, 84
37036,12, 69
37037,59, 81
37038,119, 0
37039,168, 0
37040,189, 0
37041,167, 0
37042,152, 0
37043,164, 0
37044,166, 0
37045,176, 0
37046,165, 0
37047,158, 0
37048,147, 0
37049,137, 0
37050,132, 0
37051,120, 0
37052,109, 0
37053,92, 0
37054,92, 0
37055,87, 0
37056,89, 0
37057,89, 0
37058,76, 0
37059,44, 0
37060,17, 0
37061,0, 0
37062,0, 0
37063,0, 0
37064,0, 0
37065,17, 0
37066,70, 0
37067,95, 0
37068,125, 0
37069,145, 0
37070,139, 0
37071,117, 0
37072,89, 0
37073,72, 0
37074,50, 0
37075,38, 0
37076,25, 0
37077,23, 0
37078,22, 0
37079,24, 0
37080,32, 0
37081,42, 0
37082,46, 0
37083,67, 0
37084,76, 0
37085,96, 0
37086,112, 0
37087,122, 67
37088,113, 0
37089,124, 0
37090,140, 0
37091,133, 0
37092,132, 0
37093,107, 0
37094,81, 0
37095,70, 81
37096,64, 57
37097,76, 121
37098,73, 135
37099,97, 168
37100,111, 296
37101,131, 220
37102,124, 164
37103,128, 100
37104,120, 83
37105,118, 39
37106,113, 4
37107,121, 0
37108,123, 0
37109,128, 0
37110,124, 0
37111,127, 0
37112,115, 0
37113,101, 0
37114,99, 0
37115,104, 0
37116,103, 0
37117,105, 0
37118,115, 0
37119,121, 0
37120,123, 0
37121,125, 0
37122,119, 0
37123,93, 0
37124,52, 0
37125,22, 0
37126,8, 0
37127,24, 0
37128,35, 0
37129,65, 0
37130,89, 0
37131,108, 0
37132,117, 0
37133,126, 0
37134,133, 0
37135,133, 0
37136,143, 0
37137,145, 0
37138,150, 0
37139,145, 0
37140,142, 0
37141,142, 0
37142,142, 0
37143,140, 0
37144,147, 0
37145,143, 0
37146,152, 0
37147,150, 0
37148,158, 0
37149,155, 0
37150,152, 0
37151,149, 0
37152,145, 0
37153,152, 0
37154,126, 0
37155,108, 39
37156,106, 214
37157,93, 343
37158,92, 319
37159,85, 265
37160,105, 242
37161,122, 107
37162,126, 41
37163,137, 0
37164,139, 0
37165,138, 0
37166,148, 0
37167,139, 0
37168,138, 0
37169,130, 0
37170,111, 0
37171,95, 0
37172,83, 0
37173,92, 0
37174,93, 0
37175,109, 0
37176,122, 0
37177,125, 0
37178,129, 0
37179,121, 0
37180,109, 0
37181,95, 0
37182,83, 0
37183,76, 0
37184,74, 0
37185,59, 0
37186,52, 0
37187,51, 12
37188,68, 0
37189,81, 0
37190,101, 0
37191,127, 0
37192,138, 0
37193,139, 0
37194,140, 0
37195,136, 0
37196,140, 0
37197,143, 0
37198,141, 0
37199,139, 0
37200,133, 0
37201,130, 0
37202,127, 0
37203,112, 0
37204,113, 0
37205,97, 0
37206,102, 0
37207,87, 0
37208,76, 0
37209,80, 0
37210,74, 0
37211,74, 0
37212,69, 0
37213,65, 0
37214,58, 0
37215,52, 0
37216,40, 95
37217,54, 18
37218,70, 31
37219,106, 56
37220,124, 6
37221,150, 0
37222,164, 0
37223,172, 0
37224,179, 0
37225,183, 0
37226,189, 0
37227,193, 0
37228,214, 0
37229,223, 0
37230,226, 0
37231,228, 0
37232,224, 0
37233,183, 0
37234,160, 0
37235,117, 0
37236,74, 0
37237,57, 0
37238,54, 0
37239,79, 0
37240,76, 0
37241,86, 0
37242,78, 0
37243,62, 0
37244,35, 0
37245,0, 0
37246,0, 0
37247,0, 0
37248,0, 0
37249,0, 0
37250,0, 0
37251,6, 0
37252,34, 0
37253,61, 0
37254,89, 0
37255,108, 0
37256,141, 0
37257,179, 0
37258,168, 0
37259,180, 0
37260,189, 0
37261,200, 0
37262,203, 0
37263,204, 0
37264,183, 0
37265,135, 0
37266,78, 0
37267,41, 0
37268,68, 276
37269,124, 566
37270,161, 782
37271,186, 788
37272,205, 705
37273,188, 453
37274,170, 159
37275,155, 46
37276,122, 7
37277,87, 106
37278,53, 174
37279,45, 21
37280,56, 24
37281,81, 91
37282,113, 0
37283,132, 0
37284,131, 0
37285,132, 0
37286,121, 0
37287,103, 0
37288,97, 0
37289,91, 0
37290,93, 0
37291,83, 0
37292,96, 0
37293,101, 0
37294,95, 0
37295,108, 0
37296,93, 0
37297,109, 0
37298,108, 0
37299,120, 0
37300,117, 0
37301,110, 0
37302,104, 0
37303,102, 0
37304,102, 0
37305,97, 0
37306,101, 0
37307,63, 0
37308,48, 0
37309,43, 0
37310,44, 0
37311,51, 0
37312,76, 0
37313,80, 0
37314,91, 0
37315,88, 0
37316,97, 0
37317,118, 0
37318,128, 0
37319,138, 0
37320,140, 0
37321,139, 0
37322,145, 0
37323,129, 0
37324,119, 0
37325,104, 0
37326,95, 0
37327,85, 0
37328,80, 0
37329,71, 0
37330,79, 0
37331,70, 0
37332,74, 0
37333,86, 0
37334,78, 0
37335,79, 0
37336,87, 0
37337,99, 0
37338,62, 0
37339,59, 96
37340,76, 135
37341,95, 123
37342,123, 108
37343,158, 88
37344,174, 45
37345,164, 0
37346,155, 0
37347,144, 0
37348,133, 0
37349,143, 0
37350,150, 0
37351,159, 0
37352,142, 0
37353,134, 0
37354,102, 0
37355,80, 0
37356,63, 0
37357,57, 0
37358,67, 0
37359,72, 0
37360,88, 0
37361,105, 0
37362,121, 0
37363,140, 0
37364,152, 0
37365,163, 0
37366,152, 2
37367,133, 73
37368,115, 0
37369,100, 69
37370,93, 88
37371,81, 88
37372,81, 35
37373,77, 0
37374,71, 0
37375,70, 0
37376,68, 0
37377,78, 0
37378,97, 0
37379,126, 0
37380,101, 0
37381,101, 0
37382,110, 0
37383,123, 0
37384,159, 0
37385,167, 0
37386,182, 0
37387,183, 0
37388,175, 0
37389,183, 0
37390,176, 0
37391,175, 0
37392,174, 0
37393,170, 0
37394,176, 0
37395,157, 0
37396,121, 0
37397,80, 12
37398,27, 68
37399,0, 62
37400,0, 108
37401,0, 14
37402,0, 63
37403,0, 6
37404,0, 0
37405,17, 0
37406,53, 0
37407,72, 0
37408,83, 0
37409,95, 0
37410,65, 0
37411,65, 0
37412,59, 0
37413,63, 0
37414,78, 1
37415,89, 0
37416,104, 0
37417,106, 0
37418,105, 0
37419,97, 0
37420,95, 0
37421,84, 0
37422,80, 0
37423,87, 0
37424,87, 0
37425,100, 0
37426,120, 0
37427,131, 0
37428,133, 0
37429,103, 0
37430,88, 0
37431,74, 0
37432,64, 0
37433,65, 0
37434,76, 0
37435,95, 0
37436,101, 0
37437,95, 0
37438,89, 0
37439,99, 0
37440,94, 0
37441,102, 0
37442,113, 0
37443,133, 0
37444,132, 0
37445,133, 0
37446,125, 0
37447,118, 0
37448,119, 0
37449,125, 0
37450,145, 0
37451,158, 0
37452,153, 0
37453,165, 0
37454,165, 0
37455,174, 0
37456,176, 0
37457,176, 0
37458,180, 0
37459,159, 0
37460,136, 191
37461,119, 187
37462,110, 103
37463,108, 17
37464,128, 5
37465,164, 0
37466,195, 0
37467,219, 0
37468,228, 0
37469,239, 0
37470,236, 0
37471,207, 0
37472,192, 0
37473,170, 0
37474,159, 0
37475,163, 0
37476,163, 0
37477,167, 0
37478,155, 0
37479,125, 0
37480,108, 0
37481,88, 0
37482,68, 0
37483,53, 0
37484,38, 0
37485,23, 0
37486,24, 0
37487,20, 0
37488,18, 0
37489,18, 0
37490,17, 0
37491,23, 0
37492,37, 0
37493,41, 0
37494,54, 0
37495,71, 0
37496,68, 0
37497,78, 0
37498,43, 0
37499,44, 0
37500,57, 51
37501,69, 41
37502,65, 0
37503,54, 0
37504,62, 0
37505,54, 0
37506,69, 0
37507,76, 0
37508,80, 0
37509,89, 0
37510,92, 0
37511,97, 0
37512,110, 0
37513,106, 0
37514,88, 0
37515,86, 0
37516,97, 0
37517,104, 0
37518,121, 0
37519,145, 0
37520,142, 0
37521,133, 77
37522,126, 63
37523,121, 196
37524,90, 371
37525,89, 368
37526,96, 269
37527,102, 183
37528,120, 59
37529,132, 0
37530,156, 0
37531,165, 0
37532,183, 0
37533,183, 0
37534,182, 0
37535,158, 0
37536,157, 0
37537,164, 0
37538,149, 0
37539,133, 0
37540,113, 0
37541,115, 0
37542,112, 0
37543,128, 0
37544,125, 0
37545,122, 0
37546,107, 0
37547,83, 0
37548,57, 0
37549,32, 0
37550,6, 0
37551,0, 0
37552,0, 0
37553,0, 0
37554,7, 0
37555,31, 0
37556,79, 0
37557,124, 0
37558,148, 0
37559,150, 0
37560,155, 0
37561,157, 0
37562,158, 0
37563,169, 0
37564,182, 0
37565,207, 0
37566,229, 0
37567,244, 0
37568,243, 0
37569,243, 0
37570,214, 0
37571,198, 0
37572,192, 0
37573,182, 0
37574,156, 0
37575,131, 0
37576,121, 0
37577,120, 0
37578,127, 0
37579,139, 0
37580,159, 0
37581,161, 0
37582,156, 244
37583,108, 125
37584,57, 44
37585,29, 17
37586,30, 0
37587,54, 0
37588,75, 0
37589,74, 0
37590,59, 0
37591,51, 0
37592,48, 0
37593,57, 0
37594,70, 0
37595,83, 0
37596,102, 0
37597,95, 0
37598,63, 0
37599,25, 0
37600,6, 0
37601,0, 0
37602,7, 0
37603,38, 0
37604,48, 0
37605,44, 0
37606,48, 0
37607,25, 0
37608,30, 0
37609,44, 0
37610,69, 0
37611,68, 0
37612,42, 0
37613,28, 0
37614,12, 0
37615,20, 0
37616,27, 0
37617,50, 0
37618,76, 0
37619,77, 0
37620,77, 0
37621,83, 0
37622,116, 0
37623,152, 0
37624,195, 0
37625,242, 0
37626,252, 0
37627,263, 0
37628,267, 0
37629,264, 0
37630,261, 0
37631,275, 0
37632,296, 0
37633,297, 0
37634,284, 0
37635,268, 0
37636,238, 0
37637,217, 0
37638,195, 0
37639,174, 0
37640,145, 0
37641,115, 0
37642,59, 78
37643,0, 50
37644,0, 97
37645,0, 108
37646,0, 132
37647,0, 1
37648,25, 0
37649,31, 0
37650,12, 0
37651,0, 0
37652,2, 0
37653,26, 0
37654,78, 0
37655,117, 0
37656,170, 0
37657,201, 0
37658,214, 0
37659,210, 0
37660,196, 0
37661,187, 0
37662,180, 0
37663,189, 0
37664,189, 0
37665,195, 0
37666,182, 0
37667,170, 0
37668,158, 0
37669,141, 0
37670,115, 0
37671,83, 0
37672,45, 0
37673,5, 73
37674,0, 0
37675,6, 73
37676,10, 19
37677,0, 0
37678,1, 0
37679,58, 0
37680,128, 0
37681,167, 0
37682,189, 0
37683,196, 0
37684,198, 0
37685,223, 0
37686,255, 0
37687,281, 0
37688,292, 0
37689,291, 0
37690,271, 0
37691,243, 0
37692,214, 0
37693,179, 0
37694,139, 0
37695,92, 0
37696,31, 0
37697,0, 0
37698,0, 0
37699,12, 1
37700,24, 51
37701,0, 131
37702,0, 226
37703,11, 309
37704,12, 176
37705,20, 128
37706,39, 56
37707,44, 106
37708,63, 12
37709,93, 0
37710,95, 0
37711,92, 0
37712,72, 0
37713,42, 0
37714,37, 0
37715,39, 1
37716,42, 0
37717,47, 0
37718,37, 0
37719,31, 0
37720,7, 0
37721,2, 0
37722,5, 0
37723,15, 0
37724,34, 0
37725,76, 0
37726,95, 0
37727,121, 0
37728,144, 0
37729,172, 0
37730,205, 0
37731,220, 0
37732,218, 0
37733,197, 0
37734,169, 0
37735,155, 0
37736,164, 0
37737,189, 0
37738,216, 0
37739,263, 0
37740,287, 0
37741,271, 0
37742,276, 0
37743,249, 0
37744,226, 0
37745,181, 0
37746,119, 0
37747,52, 0
37748,6, 0
37749,0, 0
37750,12, 0
37751,32, 0
37752,56, 0
37753,78, 0
37754,83, 0
37755,79, 0
37756,65, 0
37757,51, 0
37758,52, 0
37759,57, 0
37760,89, 0
37761,142, 0
37762,164, 0
37763,171, 0
37764,160, 144
37765,136, 172
37766,121, 125
37767,73, 56
37768,53, 35
37769,63, 0
37770,81, 0
37771,99, 0
37772,88, 0
37773,85, 0
37774,58, 0
37775,42, 0
37776,56, 0
37777,89, 0
37778,128, 36
37779,155, 169
37780,166, 257
37781,156, 90
37782,142, 6
37783,128, 0
37784,105, 0
37785,100, 0
37786,86, 0
37787,89, 0
37788,74, 0
37789,81, 0
37790,95, 0
37791,121, 0
37792,121, 0
37793,112, 44
37794,92, 0
37795,56, 0
37796,35, 0
37797,35, 0
37798,42, 0
37799,70, 0
37800,126, 0
37801,157, 0
37802,176, 0
37803,189, 0
37804,183, 0
37805,173, 0
37806,152, 0
37807,120, 0
37808,107, 0
37809,108, 0
37810,115, 0
37811,112, 0
37812,94, 0
37813,70, 0
37814,31, 2
37815,3, 0
37816,4, 0
37817,17, 0
37818,46, 0
37819,89, 0
37820,127, 0
37821,160, 0
37822,185, 0
37823,199, 0
37824,199, 0
37825,188, 0
37826,201, 139
37827,214, 62
37828,220, 161
37829,223, 0
37830,220, 0
37831,218, 0
37832,207, 0
37833,196, 0
37834,170, 0
37835,150, 0
37836,133, 0
37837,131, 0
37838,90, 0
37839,70, 0
37840,26, 0
37841,1, 0
37842,0, 0
37843,0, 0
37844,0, 0
37845,31, 0
37846,79, 0
37847,107, 0
37848,89, 0
37849,57, 0
37850,31, 0
37851,19, 0
37852,29, 0
37853,57, 0
37854,89, 0
37855,88, 0
37856,81, 0
37857,65, 0
37858,74, 0
37859,88, 0
37860,106, 0
37861,124, 0
37862,151, 0
37863,170, 0
37864,197, 0
37865,218, 0
37866,232, 5
37867,244, 0
37868,249, 0
37869,241, 0
37870,234, 0
37871,222, 0
37872,229, 0
37873,227, 0
37874,202, 0
37875,163, 0
37876,113, 0
37877,72, 0
37878,52, 0
37879,51, 0
37880,50, 0
37881,44, 0
37882,6, 0
37883,6, 0
37884,0, 0
37885,0, 1
37886,0, 0
37887,0, 122
37888,0, 139
37889,0, 6
37890,13, 0
37891,65, 0
37892,102, 0
37893,123, 0
37894,121, 0
37895,92, 0
37896,76, 0
37897,59, 0
37898,45, 0
37899,51, 0
37900,83, 0
37901,127, 0
37902,175, 0
37903,202, 0
37904,214, 0
37905,207, 0
37906,193, 0
37907,179, 0
37908,155, 0
37909,169, 0
37910,166, 0
37911,153, 0
37912,190, 0
37913,255, 0
37914,343, 0
37915,426, 0
37916,434, 0
37917,425, 1
37918,398, 18
37919,355, 0
37920,302, 0
37921,267, 0
37922,244, 0
37923,220, 0
37924,167, 0
37925,120, 0
37926,55, 0
37927,13, 0
37928,0, 0
37929,62, 0
37930,183, 0
37931,244, 0
37932,221, 0
37933,143, 0
37934,53, 0
37935,0, 0
37936,0, 0
37937,36, 0
37938,63, 0
37939,85, 0
37940,92, 0
37941,83, 0
37942,73, 0
37943,68, 0
37944,97, 0
37945,87, 7
37946,95, 68
37947,113, 245
37948,112, 153
37949,127, 150
37950,139, 87
37951,108, 13
37952,120, 0
37953,141, 0
37954,152, 0
37955,142, 0
37956,115, 0
37957,78, 0
37958,46, 0
37959,44, 0
37960,55, 0
37961,51, 0
37962,56, 0
37963,78, 0
37964,89, 0
37965,92, 0
37966,90, 0
37967,73, 0
37968,70, 0
37969,83, 0
37970,83, 0
37971,99, 0
37972,110, 0
37973,104, 0
37974,108, 0
37975,117, 0
37976,118, 0
37977,112, 0
37978,77, 0
37979,59, 0
37980,69, 0
37981,86, 0
37982,113, 0
37983,170, 0
37984,207, 0
37985,243, 0
37986,247, 0
37987,257, 0
37988,249, 0
37989,235, 0
37990,222, 0
37991,213, 0
37992,204, 0
37993,203, 0
37994,204, 0
37995,183, 0
37996,158, 0
37997,126, 0
37998,75, 0
37999,21, 0
38000,0, 0
38001,0, 0
38002,0, 0
38003,20, 0
38004,70, 0
38005,105, 0
38006,142, 0
38007,142, 0
38008,120, 0
38009,106, 270
38010,92, 193
38011,112, 63
38012,121, 14
38013,121, 0
38014,100, 0
38015,72, 0
38016,46, 0
38017,46, 0
38018,44, 0
38019,83, 0
38020,85, 0
38021,101, 0
38022,112, 0
38023,152, 0
38024,158, 0
38025,185, 0
38026,201, 0
38027,206, 0
38028,220, 0
38029,192, 0
38030,186, 0
38031,175, 0
38032,185, 0
38033,160, 0
38034,147, 0
38035,140, 0
38036,133, 76
38037,121, 25
38038,96, 0
38039,60, 0
38040,30, 48
38041,9, 0
38042,6, 32
38043,11, 0
38044,35, 0
38045,50, 0
38046,57, 0
38047,69, 0
38048,83, 0
38049,90, 0
38050,108, 0
38051,132, 0
38052,165, 0
38053,230, 0
38054,291, 3
38055,333, 112
38056,345, 259
38057,328, 202
38058,291, 210
38059,243, 184
38060,204, 43
38061,153, 0
38062,118, 0
38063,95, 0
38064,81, 0
38065,81, 0
38066,76, 0
38067,59, 0
38068,28, 39
38069,0, 69
38070,0, 223
38071,0, 21
38072,0, 9
38073,18, 58
38074,70, 0
38075,101, 0
38076,83, 0
38077,48, 0
38078,9, 0
38079,9, 0
38080,0, 0
38081,0, 0
38082,1, 0
38083,0, 0
38084,0, 0
38085,0, 0
38086,3, 0
38087,55, 0
38088,110, 0
38089,156, 0
38090,189, 0
38091,220, 0
38092,263, 0
38093,282, 0
38094,279, 0
38095,263, 0
38096,249, 0
38097,246, 0
38098,245, 0
38099,227, 0
38100,191, 0
38101,145, 0
38102,89, 0
38103,26, 0
38104,0, 0
38105,6, 0
38106,15, 0
38107,38, 0
38108,63, 10
38109,83, 19
38110,89, 29
38111,76, 0
38112,109, 0
38113,140, 0
38114,153, 0
38115,109, 0
38116,50, 0
38117,18, 0
38118,8, 0
38119,14, 0
38120,8, 0
38121,0, 0
38122,12, 0
38123,35, 0
38124,14, 0
38125,1, 0
38126,8, 0
38127,45, 0
38128,72, 0
38129,64, 0
38130,53, 129
38131,65, 199
38132,76, 108
38133,87, 6
38134,102, 6
38135,136, 0
38136,164, 0
38137,177, 0
38138,195, 0
38139,201, 0
38140,205, 0
38141,172, 0
38142,165, 0
38143,141, 0
38144,131, 0
38145,133, 0
38146,124, 0
38147,121, 0
38148,120, 0
38149,103, 0
38150,103, 0
38151,120, 0
38152,151, 0
38153,170, 0
38154,191, 0
38155,219, 0
38156,263, 0
38157,266, 0
38158,286, 0
38159,264, 0
38160,210, 0
38161,118, 0
38162,40, 0
38163,0, 11
38164,0, 0
38165,0, 0
38166,9, 0
38167,51, 0
38168,111, 0
38169,164, 0
38170,212, 0
38171,255, 0
38172,263, 0
38173,265, 0
38174,255, 0
38175,256, 0
38176,272, 0
38177,282, 0
38178,284, 0
38179,277, 0
38180,232, 0
38181,186, 0
38182,198, 0
38183,169, 0
38184,112, 0
38185,55, 0
38186,1, 0
38187,0, 0
38188,0, 0
38189,0, 0
38190,0, 36
38191,0, 168
38192,4, 186
38193,28, 107
38194,28, 51
38195,8, 133
38196,0, 0
38197,51, 0
38198,133, 0
38199,187, 0
38200,229, 0
38201,256, 0
38202,276, 0
38203,279, 0
38204,276, 0
38205,264, 0
38206,244, 0
38207,237, 0
38208,229, 0
38209,257, 0
38210,310, 0
38211,338, 0
38212,344, 0
38213,312, 0
38214,270, 0
38215,220, 0
38216,170, 0
38217,136, 0
38218,62, 0
38219,24, 0
38220,0, 0
38221,0, 0
38222,0, 0
38223,0, 0
38224,0, 0
38225,0, 0
38226,15, 0
38227,0, 0
38228,0, 0
38229,0, 0
38230,10, 0
38231,1, 0
38232,6, 0
38233,5, 0
38234,0, 0
38235,0, 0
38236,2, 0
38237,24, 0
38238,65, 0
38239,96, 0
38240,110, 0
38241,112, 0
38242,115, 0
38243,75, 0
38244,45, 0
38245,35, 0
38246,46, 0
38247,72, 0
38248,112, 0
38249,159, 0
38250,205, 0
38251,244, 2
38252,248, 164
38253,247, 81
38254,243, 103
38255,251, 139
38256,236, 30
38257,251, 0
38258,242, 0
38259,241, 0
38260,234, 0
38261,191, 0
38262,186, 0
38263,159, 0
38264,149, 0
38265,158, 0
38266,161, 0
38267,163, 0
38268,183, 0
38269,196, 0
38270,200, 0
38271,211, 0
38272,202, 0
38273,149, 0
38274,92, 0
38275,2, 0
38276,0, 0
38277,0, 0
38278,0, 0
38279,0, 0
38280,6, 0
38281,29, 0
38282,68, 0
38283,115, 0
38284,152, 0
38285,148, 0
38286,137, 0
38287,152, 0
38288,176, 0
38289,173, 0
38290,133, 0
38291,95, 0
38292,71, 0
38293,63, 0
38294,71, 0
38295,88, 0
38296,83, 0
38297,57, 0
38298,47, 0
38299,67, 0
38300,115, 0
38301,161, 0
38302,191, 0
38303,185, 0
38304,164, 0
38305,104, 0
38306,46, 0
38307,1, 0
38308,0, 0
38309,0, 0
38310,0, 0
38311,0, 0
38312,0, 0
38313,0, 69
38314,0, 144
38315,0, 127
38316,0, 100
38317,0, 19
38318,0, 0
38319,9, 0
38320,43, 0
38321,80, 0
38322,133, 0
38323,183, 0
38324,218, 0
38325,244, 0
38326,261, 0
38327,287, 0
38328,301, 0
38329,318, 1
38330,312, 0
38331,292, 0
38332,265, 0
38333,228, 0
38334,195, 0
38335,216, 0
38336,195, 0
38337,207, 0
38338,215, 0
38339,221, 0
38340,259, 0
38341,322, 0
38342,398, 0
38343,426, 0
38344,400, 0
38345,343, 0
38346,305, 0
38347,286, 0
38348,282, 0
38349,281, 0
38350,257, 0
38351,207, 0
38352,105, 0
38353,8, 0
38354,12, 0
38355,77, 0
38356,149, 0
38357,207, 0
38358,232, 0
38359,232, 0
38360,196, 0
38361,158, 0
38362,116, 0
38363,59, 0
38364,12, 0
38365,0, 0
38366,3, 0
38367,34, 0
38368,54, 0
38369,64, 0
38370,92, 0
38371,132, 0
38372,159, 0
38373,159, 0
38374,137, 85
38375,124, 134
38376,96, 214
38377,102, 108
38378,95, 74
38379,125, 0
38380,154, 0
38381,170, 0
38382,155, 0
38383,142, 0
38384,117, 0
38385,93, 0
38386,92, 0
38387,93, 0
38388,115, 0
38389,141, 0
38390,229, 0
38391,307, 0
38392,375, 0
38393,395, 0
38394,371, 0
38395,361, 0
38396,333, 0
38397,298, 0
38398,251, 0
38399,195, 0
38400,143, 0
38401,118, 0
38402,94, 0
38403,63, 0
38404,31, 0
38405,4, 0
38406,0, 0
38407,0, 0
38408,4, 0
38409,2, 0
38410,4, 0
38411,0, 0
38412,47, 0
38413,115, 0
38414,161, 0
38415,181, 0
38416,159, 0
38417,119, 0
38418,71, 0
38419,38, 0
38420,11, 0
38421,2, 0
38422,3, 0
38423,37, 0
38424,110, 0
38425,144, 0
38426,168, 0
38427,158, 0
38428,155, 0
38429,157, 0
38430,159, 0
38431,173, 0
38432,183, 0
38433,181, 3
38434,138, 131
38435,81, 227
38436,38, 297
38437,11, 190
38438,5, 67
38439,19, 0
38440,39, 0
38441,43, 0
38442,31, 0
38443,9, 0
38444,10, 0
38445,23, 0
38446,77, 0
38447,127, 0
38448,152, 0
38449,184, 0
38450,210, 0
38451,245, 0
38452,262, 0
38453,248, 0
38454,220, 0
38455,189, 0
38456,182, 0
38457,169, 0
38458,164, 1
38459,152, 0
38460,141, 0
38461,123, 0
38462,113, 0
38463,94, 36
38464,79, 9
38465,65, 0
38466,25, 0
38467,0, 0
38468,0, 0
38469,0, 0
38470,8, 0
38471,150, 0
38472,378, 0
38473,630, 0
38474,828, 0
38475,939, 0
38476,918, 0
38477,856, 0
38478,838, 0
38479,861, 0
38480,882, 0
38481,773, 0
38482,530, 0
38483,183, 0
38484,76, 0
38485,317, 0
38486,433, 0
38487,465, 0
38488,442, 0
38489,435, 0
38490,433, 0
38491,460, 1
38492,541, 0
38493,631, 0
38494,640, 0
38495,532, 0
38496,373, 3
38497,208, 12
38498,88, 92
38499,2, 0
38500,42, 0
38501,115, 0
38502,145, 79
38503,153, 107
38504,170, 34
38505,196, 25
38506,196, 0
38507,152, 0
38508,92, 0
38509,47, 0
38510,20, 9
38511,0, 0
38512,0, 0
38513,0, 0
38514,0, 0
38515,17, 0
38516,84, 0
38517,144, 0
38518,165, 0
38519,149, 0
38520,102, 0
38521,59, 0
38522,4, 0
38523,0, 0
38524,22, 0
38525,119, 0
38526,214, 0
38527,293, 0
38528,323, 0
38529,343, 0
38530,375, 0
38531,481, 0
38532,582, 0
38533,619, 0
38534,604, 0
38535,532, 0
38536,416, 0
38537,308, 0
38538,221, 0
38539,167, 0
38540,145, 0
38541,137, 0
38542,133, 0
38543,84, 0
38544,12, 0
38545,21, 0
38546,73, 0
38547,31, 0
38548,17, 0
38549,132, 0
38550,204, 0
38551,218, 0
38552,200, 0
38553,149, 0
38554,89, 0
38555,40, 0
38556,26, 0
38557,97, 105
38558,236, 108
38559,391, 100
38560,519, 170
38561,622, 62
38562,751, 0
38563,909, 0
38564,1018, 0
38565,1063, 0
38566,1056, 0
38567,987, 0
38568,865, 0
38569,694, 0
38570,493, 0
38571,246, 32
38572,27, 90
38573,126, 183
38574,282, 138
38575,430, 58
38576,558, 13
38577,627, 0
38578,594, 0
38579,496, 0
38580,389, 0
38581,318, 0
38582,307, 0
38583,368, 0
38584,475, 0
38585,540, 0
38586,578, 0
38587,583, 0
38588,535, 0
38589,446, 0
38590,322, 0
38591,169, 0
38592,23, 0
38593,19, 0
38594,109, 0
38595,169, 0
38596,145, 0
38597,65, 0
38598,2, 0
38599,91, 0
38600,210, 0
38601,263, 0
38602,241, 0
38603,139, 0
38604,15, 0
38605,51, 0
38606,175, 0
38607,256, 0
38608,300, 0
38609,315, 0
38610,308, 0
38611,307, 0
38612,328, 0
38613,373, 0
38614,409, 0
38615,414, 0
38616,415, 76
38617,464, 127
38618,507, 344
38619,576, 318
38620,631, 236
38621,662, 231
38622,721, 40
38623,810, 0
38624,797, 0
38625,679, 0
38626,529, 0
38627,419, 0
38628,356, 0
38629,359, 0
38630,464, 0
38631,668, 0
38632,822, 0
38633,772, 0
38634,547, 0
38635,281, 0
38636,54, 0
38637,8, 0
38638,52, 0
38639,65, 0
38640,96, 0
38641,119, 0
38642,45, 0
38643,0, 0
38644,2, 0
38645,0, 0
38646,56, 51
38647,149, 29
38648,221, 27
38649,152, 63
38650,18, 141
38651,81, 44
38652,133, 0
38653,79, 0
38654,6, 0
38655,127, 0
38656,237, 0
38657,261, 0
38658,270, 0
38659,200, 0
38660,107, 0
38661,92, 0
38662,38, 0
38663,34, 0
38664,291, 0
38665,627, 0
38666,859, 0
38667,900, 0
38668,725, 0
38669,435, 0
38670,127, 0
38671,5, 0
38672,83, 0
38673,153, 0
38674,229, 0
38675,286, 0
38676,323, 0
38677,347, 0
38678,348, 0
38679,348, 31
38680,255, 90
38681,90, 118
38682,4, 100
38683,57, 0
38684,64, 0
38685,5, 0
38686,0, 0
38687,0, 0
38688,2, 3
38689,13, 0
38690,63, 0
38691,71, 0
38692,37, 0
38693,0, 0
38694,34, 0
38695,127, 0
38696,155, 0
38697,84, 0
38698,6, 0
38699,91, 0
38700,101, 0
38701,24, 0
38702,24, 0
38703,140, 0
38704,282, 0
38705,389, 0
38706,518, 0
38707,673, 0
38708,799, 0
38709,853, 0
38710,793, 0
38711,652, 0
38712,457, 90
38713,324, 0
38714,344, 0
38715,457, 0
38716,604, 0
38717,693, 0
38718,697, 0
38719,586, 0
38720,449, 0
38721,344, 0
38722,326, 0
38723,382, 0
38724,457, 4
38725,473, 0
38726,409, 0
38727,325, 0
38728,228, 0
38729,148, 0
38730,175, 0
38731,342, 0
38732,446, 0
38733,446, 0
38734,433, 0
38735,411, 0
38736,345, 0
38737,202, 0
38738,44, 0
38739,18, 0
38740,115, 68
38741,220, 150
38742,339, 83
38743,482, 71
38744,582, 8
38745,563, 0
38746,420, 0
38747,203, 0
38748,12, 0
38749,76, 0
38750,106, 0
38751,57, 0
38752,38, 0
38753,51, 0
38754,10, 0
38755,68, 0
38756,186, 0
38757,180, 0
38758,79, 0
38759,2, 0
38760,0, 0
38761,28, 0
38762,57, 0
38763,117, 0
38764,179, 0
38765,251, 0
38766,278, 0
38767,267, 0
38768,258, 0
38769,238, 0
38770,219, 12
38771,232, 2
38772,256, 45
38773,253, 17
38774,266, 24
38775,300, 0
38776,220, 0
38777,43, 0
38778,102, 0
38779,210, 0
38780,77, 0
38781,134, 0
38782,383, 0
38783,401, 0
38784,215, 0
38785,27, 0
38786,9, 0
38787,22, 0
38788,0, 0
38789,5, 0
38790,86, 0
38791,167, 0
38792,183, 0
38793,105, 0
38794,10, 5
38795,44, 189
38796,52, 112
38797,25, 271
38798,292, 221
38799,617, 44
38800,893, 61
38801,1098, 101
38802,1209, 12
38803,1184, 0
38804,1034, 0
38805,794, 0
38806,490, 0
38807,115, 0
38808,257, 0
38809,631, 4
38810,849, 171
38811,840, 464
38812,703, 580
38813,525, 508
38814,405, 354
38815,249, 189
38816,69, 31
38817,42, 36
38818,119, 11
38819,185, 0
38820,214, 0
38821,154, 0
38822,63, 0
38823,54, 0
38824,202, 0
38825,399, 0
38826,491, 0
38827,388, 0
38828,173, 0
38829,43, 0
38830,62, 0
38831,152, 0
38832,206, 0
38833,202, 56
38834,143, 31
38835,42, 0
38836,0, 0
38837,0, 0
38838,38, 0
38839,108, 0
38840,198, 0
38841,280, 0
38842,256, 0
38843,145, 0
38844,18, 0
38845,183, 0
38846,300, 0
38847,305, 0
38848,253, 0
38849,153, 30
38850,23, 0
38851,44, 0
38852,164, 0
38853,252, 0
38854,310, 0
38855,308, 0
38856,279, 0
38857,183, 0
38858,63, 0
38859,3, 0
38860,13, 0
38861,53, 0
38862,89, 46
38863,151, 102
38864,202, 115
38865,229, 201
38866,252, 0
38867,286, 0
38868,273, 0
38869,237, 0
38870,224, 0
38871,325, 0
38872,466, 0
38873,558, 0
38874,559, 0
38875,523, 0
38876,516, 0
38877,529, 0
38878,537, 0
38879,446, 0
38880,296, 0
38881,120, 0
38882,1, 0
38883,38, 0
38884,101, 0
38885,112, 0
38886,63, 0
38887,0, 0
38888,42, 0
38889,78, 0
38890,25, 0
38891,6, 0
38892,62, 0
38893,71, 237
38894,28, 167
38895,4, 326
38896,0, 10
38897,46, 0
38898,269, 0
38899,582, 0
38900,840, 0
38901,976, 0
38902,1013, 0
38903,987, 0
38904,862, 0
38905,688, 0
38906,476, 0
38907,224, 0
38908,58, 0
38909,385, 0
38910,720, 0
38911,932, 0
38912,953, 0
38913,829, 0
38914,583, 0
38915,340, 0
38916,129, 0
38917,11, 0
38918,0, 0
38919,0, 0
38920,1, 0
38921,11, 0
38922,79, 0
38923,159, 14
38924,222, 38
38925,235, 12
38926,195, 0
38927,139, 0
38928,91, 0
38929,51, 0
38930,11, 0
38931,0, 0
38932,42, 0
38933,109, 89
38934,124, 220
38935,84, 246
38936,14, 325
38937,34, 300
38938,169, 135
38939,282, 17
38940,403, 0
38941,510, 0
38942,571, 0
38943,562, 0
38944,452, 0
38945,315, 0
38946,212, 0
38947,115, 0
38948,9, 0
38949,58, 0
38950,108, 0
38951,69, 0
38952,46, 0
38953,80, 0
38954,145, 0
38955,164, 0
38956,39, 0
38957,262, 0
38958,644, 0
38959,927, 0
38960,1133, 0
38961,1236, 0
38962,1228, 0
38963,1157, 0
38964,1055, 44
38965,889, 74
38966,618, 85
38967,204, 92
38968,139, 0
38969,431, 0
38970,516, 0
38971,416, 0
38972,271, 0
38973,173, 0
38974,148, 0
38975,201, 0
38976,267, 0
38977,263, 0
38978,184, 0
38979,25, 0
38980,158, 0
38981,385, 0
38982,488, 0
38983,456, 3
38984,384, 416
38985,277, 659
38986,144, 447
38987,57, 329
38988,39, 179
38989,50, 30
38990,90, 0
38991,116, 0
38992,70, 0
38993,4, 0
38994,0, 0
38995,0, 0
38996,31, 0
38997,111, 0
38998,185, 0
38999,267, 0
39000,351, 0
39001,399, 0
39002,380, 0
39003,278, 0
39004,177, 0
39005,29, 28
39006,70, 0
39007,136, 0
39008,102, 0
39009,7, 0
39010,158, 0
39011,372, 0
39012,467, 0
39013,401, 0
39014,207, 0
39015,27, 71
39016,141, 0
39017,339, 0
39018,481, 0
39019,533, 0
39020,499, 0
39021,440, 0
39022,403, 0
39023,319, 0
39024,147, 0
39025,39, 0
39026,271, 0
39027,453, 0
39028,506, 0
39029,465, 0
39030,400, 0
39031,337, 0
39032,294, 0
39033,312, 0
39034,365, 0
39035,385, 0
39036,360, 0
39037,329, 0
39038,312, 0
39039,294, 0
39040,242, 0
39041,92, 0
39042,45, 0
39043,251, 0
39044,400, 0
39045,413, 0
39046,338, 0
39047,159, 0
39048,6, 0
39049,70, 0
39050,121, 0
39051,107, 29
39052,111, 118
39053,171, 78
39054,302, 30
39055,391, 31
39056,419, 1
39057,420, 0
39058,398, 0
39059,334, 0
39060,262, 0
39061,262, 0
39062,282, 0
39063,304, 0
39064,329, 0
39065,338, 0
39066,375, 0
39067,402, 0
39068,400, 0
39069,410, 0
39070,450, 0
39071,512, 0
39072,491, 0
39073,343, 0
39074,153, 0
39075,15, 0
39076,121, 0
39077,208, 0
39078,183, 0
39079,127, 0
39080,18, 0
39081,6, 0
39082,85, 0
39083,132, 0
39084,128, 0
39085,51, 0
39086,2, 0
39087,27, 0
39088,92, 0
39089,144, 0
39090,135, 0
39091,42, 0
39092,14, 0
39093,92, 0
39094,139, 0
39095,127, 0
39096,105, 0
39097,93, 0
39098,83, 0
39099,90, 9
39100,130, 31
39101,183, 1
39102,215, 0
39103,193, 17
39104,136, 136
39105,56, 204
39106,22, 270
39107,21, 389
39108,76, 294
39109,102, 31
39110,102, 0
39111,83, 0
39112,88, 0
39113,170, 0
39114,285, 0
39115,370, 0
39116,382, 0
39117,356, 7
39118,357, 0
39119,377, 0
39120,400, 0
39121,330, 0
39122,223, 0
39123,115, 0
39124,17, 0
39125,0, 0
39126,0, 0
39127,0, 0
39128,45, 0
39129,122, 0
39130,201, 0
39131,259, 19
39132,286, 78
39133,259, 166
39134,219, 30
39135,183, 0
39136,152, 0
39137,164, 0
39138,170, 0
39139,129, 0
39140,132, 0
39141,118, 0
39142,90, 0
39143,27, 0
39144,0, 0
39145,0, 0
39146,40, 0
39147,19, 0
39148,0, 0
39149,0, 0
39150,0, 0
39151,0, 0
39152,6, 0
39153,67, 0
39154,130, 0
39155,149, 0
39156,106, 0
39157,31, 0
39158,13, 0
39159,106, 0
39160,185, 0
39161,252, 0
39162,306, 0
39163,330, 0
39164,344, 0
39165,357, 0
39166,373, 8
39167,432, 165
39168,553, 153
39169,694, 179
39170,844, 29
39171,944, 0
39172,952, 0
39173,886, 0
39174,766, 0
39175,580, 0
39176,410, 0
39177,278, 0
39178,115, 96
39179,23, 73
39180,195, 89
39181,337, 31
39182,359, 0
39183,403, 0
39184,420, 0
39185,368, 0
39186,246, 0
39187,93, 0
39188,1, 0
39189,11, 0
39190,64, 0
39191,110, 0
39192,135, 0
39193,150, 0
39194,140, 0
39195,105, 0
39196,25, 0
39197,15, 0
39198,92, 128
39199,216, 131
39200,346, 231
39201,356, 25
39202,230, 0
39203,67, 0
39204,2, 0
39205,42, 0
39206,52, 0
39207,45, 0
39208,58, 0
39209,116, 0
39210,171, 0
39211,215, 0
39212,235, 0
39213,236, 0
39214,197, 0
39215,156, 0
39216,94, 0
39217,61, 0
39218,50, 0
39219,44, 0
39220,57, 0
39221,102, 0
39222,164, 0
39223,234, 0
39224,301, 0
39225,339, 10
39226,349, 97
39227,277, 133
39228,220, 245
39229,130, 190
39230,107, 186
39231,138, 135
39232,215, 57
39233,297, 26
39234,308, 57
39235,226, 65
39236,95, 19
39237,3, 0
39238,89, 0
39239,139, 0
39240,118, 0
39241,54, 0
39242,0, 0
39243,87, 0
39244,257, 0
39245,381, 0
39246,439, 0
39247,467, 0
39248,456, 0
39249,382, 0
39250,283, 0
39251,197, 0
39252,121, 0
39253,78, 0
39254,45, 0
39255,19, 0
39256,15, 0
39257,0, 0
39258,0, 0
39259,19, 1
39260,92, 9
39261,177, 2
39262,226, 0
39263,239, 0
39264,211, 0
39265,189, 0
39266,156, 0
39267,113, 0
39268,87, 0
39269,89, 0
39270,123, 0
39271,199, 0
39272,264, 0
39273,295, 0
39274,279, 0
39275,238, 0
39276,181, 0
39277,94, 0
39278,4, 0
39279,31, 0
39280,73, 0
39281,68, 0
39282,54, 0
39283,51, 0
39284,14, 0
39285,0, 0
39286,3, 6
39287,55, 0
39288,113, 21
39289,129, 6
39290,115, 0
39291,67, 8
39292,15, 0
39293,19, 0
39294,92, 0
39295,147, 0
39296,208, 0
39297,238, 0
39298,244, 0
39299,227, 0
39300,222, 0
39301,237, 0
39302,254, 0
39303,257, 0
39304,230, 0
39305,173, 0
39306,120, 0
39307,83, 0
39308,72, 0
39309,80, 0
39310,91, 0
39311,102, 0
39312,145, 0
39313,196, 0
39314,240, 0
39315,265, 0
39316,276, 0
39317,262, 0
39318,232, 0
39319,184, 3
39320,127, 0
39321,110, 1
39322,103, 63
39323,117, 0
39324,134, 0
39325,129, 0
39326,80, 0
39327,2, 0
39328,0, 0
39329,0, 0
39330,21, 0
39331,151, 0
39332,289, 0
39333,362, 0
39334,399, 0
39335,432, 0
39336,446, 0
39337,430, 0
39338,368, 0
39339,271, 0
39340,179, 0
39341,115, 0
39342,70, 0
39343,61, 0
39344,36, 0
39345,10, 8
39346,0, 95
39347,0, 18
39348,0, 59
39349,6, 120
39350,67, 355
39351,84, 312
39352,21, 137
39353,26, 25
39354,88, 0
39355,133, 0
39356,94, 0
39357,10, 0
39358,103, 0
39359,204, 0
39360,175, 0
39361,94, 24
39362,6, 100
39363,19, 102
39364,75, 2
39365,139, 0
39366,167, 0
39367,181, 0
39368,177, 0
39369,152, 0
39370,150, 0
39371,176, 0
39372,222, 0
39373,242, 0
39374,226, 0
39375,165, 0
39376,106, 0
39377,47, 0
39378,13, 0
39379,1, 0
39380,0, 0
39381,0, 0
39382,3, 0
39383,6, 0
39384,2, 0
39385,0, 0
39386,2, 0
39387,10, 0
39388,2, 0
39389,0, 0
39390,9, 0
39391,74, 0
39392,71, 0
39393,9, 0
39394,40, 0
39395,164, 0
39396,257, 0
39397,291, 0
39398,291, 0
39399,292, 0
39400,305, 0
39401,323, 0
39402,292, 0
39403,234, 0
39404,255, 0
39405,271, 0
39406,336, 0
39407,425, 0
39408,506, 0
39409,510, 0
39410,453, 11
39411,378, 121
39412,318, 51
39413,314, 6
39414,324, 0
39415,319, 0
39416,231, 0
39417,84, 0
39418,0, 0
39419,0, 0
39420,0, 0
39421,0, 0
39422,81, 0
39423,221, 0
39424,324, 0
39425,365, 0
39426,333, 0
39427,265, 0
39428,199, 0
39429,110, 0
39430,48, 0
39431,24, 0
39432,6, 0
39433,0, 0
39434,0, 0
39435,0, 0
39436,0, 0
39437,4, 0
39438,18, 0
39439,53, 0
39440,50, 0
39441,19, 0
39442,0, 47
39443,11, 176
39444,70, 160
39445,46, 47
39446,10, 0
39447,5, 0
39448,0, 0
39449,0, 0
39450,18, 0
39451,46, 0
39452,68, 0
39453,80, 0
39454,92, 0
39455,93, 0
39456,116, 0
39457,135, 0
39458,141, 0
39459,110, 0
39460,76, 0
39461,65, 0
39462,88, 0
39463,133, 0
39464,147, 0
39465,145, 0
39466,141, 0
39467,128, 0
39468,106, 0
39469,102, 280
39470,138, 179
39471,204, 157
39472,234, 186
39473,236, 128
39474,183, 52
39475,108, 0
39476,78, 0
39477,111, 0
39478,189, 0
39479,254, 0
39480,236, 0
39481,160, 0
39482,76, 0
39483,30, 6
39484,31, 0
39485,115, 0
39486,235, 0
39487,368, 0
39488,420, 0
39489,391, 0
39490,297, 0
39491,168, 0
39492,51, 0
39493,2, 0
39494,4, 0
39495,4, 0
39496,0, 0
39497,0, 0
39498,24, 0
39499,94, 0
39500,157, 0
39501,157, 0
39502,124, 0
39503,112, 0
39504,134, 0
39505,140, 0
39506,107, 0
39507,68, 0
39508,28, 0
39509,15, 0
39510,43, 0
39511,75, 0
39512,68, 0
39513,21, 0
39514,0, 0
39515,6, 0
39516,7, 0
39517,4, 0
39518,63, 0
39519,105, 0
39520,109, 0
39521,87, 0
39522,57, 0
39523,25, 0
39524,32, 0
39525,63, 0
39526,93, 0
39527,132, 0
39528,138, 0
39529,127, 0
39530,116, 0
39531,95, 59
39532,53, 170
39533,25, 183
39534,26, 269
39535,73, 216
39536,127, 11
39537,189, 0
39538,226, 0
39539,220, 0
39540,196, 0
39541,155, 0
39542,124, 0
39543,121, 0
39544,137, 0
39545,165, 0
39546,187, 0
39547,180, 0
39548,163, 0
39549,152, 0
39550,131, 0
39551,122, 0
39552,116, 0
39553,128, 0
39554,148, 0
39555,166, 0
39556,207, 0
39557,261, 0
39558,296, 0
39559,310, 0
39560,285, 0
39561,240, 0
39562,183, 0
39563,117, 0
39564,84, 0
39565,83, 0
39566,99, 0
39567,113, 0
39568,117, 0
39569,118, 0
39570,135, 0
39571,111, 0
39572,63, 0
39573,26, 0
39574,6, 0
39575,2, 0
39576,38, 0
39577,130, 0
39578,238, 0
39579,337, 0
39580,369, 0
39581,302, 0
39582,144, 0
39583,4, 0
39584,22, 0
39585,6, 0
39586,0, 0
39587,8, 0
39588,51, 0
39589,109, 0
39590,150, 0
39591,204, 0
39592,236, 0
39593,215, 265
39594,141, 315
39595,30, 231
39596,12, 89
39597,28, 4
39598,31, 0
39599,4, 0
39600,0, 0
39601,4, 0
39602,0, 0
39603,10, 0
39604,67, 0
39605,106, 0
39606,148, 0
39607,208, 0
39608,247, 0
39609,257, 0
39610,264, 0
39611,262, 0
39612,217, 0
39613,132, 0
39614,4, 0
39615,31, 0
39616,105, 0
39617,158, 0
39618,57, 0
39619,0, 0
39620,51, 0
39621,118, 0
39622,173, 0
39623,232, 0
39624,300, 0
39625,360, 0
39626,401, 0
39627,421, 0
39628,408, 0
39629,365, 0
39630,302, 0
39631,257, 0
39632,231, 0
39633,207, 0
39634,184, 0
39635,152, 0
39636,92, 0
39637,27, 0
39638,0, 0
39639,0, 0
39640,0, 0
39641,31, 0
39642,84, 0
39643,118, 0
39644,118, 0
39645,137, 0
39646,133, 0
39647,115, 0
39648,103, 0
39649,91, 0
39650,127, 7
39651,183, 0
39652,215, 0
39653,214, 0
39654,171, 0
39655,135, 1
39656,108, 0
39657,89, 7
39658,95, 0
39659,92, 0
39660,88, 0
39661,76, 0
39662,57, 13
39663,60, 157
39664,63, 242
39665,61, 121
39666,64, 30
39667,62, 0
39668,59, 0
39669,53, 0
39670,56, 0
39671,56, 0
39672,76, 0
39673,88, 0
39674,104, 0
39675,110, 0
39676,90, 0
39677,63, 0
39678,69, 0
39679,104, 0
39680,153, 0
39681,222, 0
39682,279, 44
39683,300, 56
39684,261, 87
39685,149, 45
39686,57, 26
39687,0, 0
39688,20, 0
39689,21, 0
39690,0, 0
39691,0, 0
39692,34, 0
39693,103, 0
39694,168, 0
39695,202, 0
39696,199, 0
39697,177, 0
39698,166, 0
39699,155, 0
39700,167, 0
39701,125, 0
39702,105, 0
39703,101, 0
39704,115, 0
39705,117, 0
39706,118, 0
39707,110, 0
39708,126, 0
39709,143, 0
39710,150, 0
39711,142, 0
39712,127, 0
39713,85, 1
39714,38, 46
39715,4, 153
39716,12, 196
39717,59, 186
39718,113, 134
39719,153, 21
39720,202, 0
39721,221, 0
39722,236, 0
39723,214, 0
39724,188, 0
39725,163, 0
39726,129, 0
39727,90, 0
39728,25, 0
39729,4, 0
39730,6, 0
39731,28, 0
39732,57, 0
39733,79, 0
39734,85, 0
39735,106, 0
39736,94, 0
39737,109, 0
39738,120, 0
39739,115, 0
39740,95, 0
39741,71, 0
39742,32, 0
39743,5, 0
39744,0, 0
39745,0, 0
39746,0, 0
39747,0, 0
39748,15, 0
39749,31, 0
39750,93, 0
39751,157, 0
39752,193, 0
39753,200, 0
39754,188, 0
39755,191, 0
39756,198, 0
39757,195, 0
39758,193, 0
39759,207, 0
39760,235, 0
39761,219, 14
39762,191, 121
39763,157, 145
39764,171, 70
39765,220, 12
39766,226, 0
39767,172, 0
39768,61, 0
39769,0, 0
39770,0, 0
39771,0, 0
39772,4, 0
39773,25, 0
39774,46, 0
39775,84, 0
39776,108, 102
39777,122, 260
39778,119, 301
39779,131, 409
39780,145, 323
39781,224, 430
39782,289, 380
39783,343, 159
39784,363, 0
39785,368, 0
39786,376, 0
39787,345, 0
39788,282, 0
39789,186, 0
39790,113, 0
39791,58, 0
39792,21, 0
39793,0, 0
39794,0, 0
39795,0, 0
39796,0, 0
39797,0, 0
39798,18, 0
39799,89, 0
39800,133, 0
39801,158, 0
39802,166, 0
39803,199, 0
39804,214, 0
39805,187, 0
39806,128, 0
39807,34, 6
39808,1, 0
39809,28, 0
39810,47, 0
39811,3, 0
39812,17, 0
39813,83, 0
39814,135, 0
39815,186, 0
39816,238, 0
39817,276, 0
39818,280, 0
39819,263, 19
39820,223, 196
39821,192, 187
39822,158, 130
39823,133, 54
39824,75, 0
39825,5, 0
39826,0, 0
39827,3, 0
39828,0, 0
39829,6, 0
39830,63, 3
39831,92, 77
39832,107, 88
39833,88, 5
39834,32, 0
39835,1, 12
39836,8, 0
39837,8, 129
39838,14, 139
39839,31, 63
39840,48, 60
39841,68, 31
39842,119, 0
39843,143, 0
39844,166, 0
39845,158, 0
39846,158, 0
39847,158, 0
39848,165, 0
39849,174, 0
39850,176, 0
39851,170, 0
39852,187, 0
39853,169, 0
39854,161, 0
39855,164, 0
39856,153, 0
39857,151, 0
39858,134, 0
39859,116, 0
39860,96, 0
39861,96, 0
39862,115, 0
39863,137, 0
39864,122, 0
39865,123, 28
39866,121, 134
39867,91, 39
39868,76, 100
39869,80, 182
39870,71, 73
39871,65, 10
39872,90, 0
39873,111, 0
39874,133, 0
39875,144, 0
39876,156, 0
39877,176, 0
39878,200, 0
39879,214, 0
39880,210, 0
39881,189, 0
39882,164, 0
39883,133, 0
39884,108, 0
39885,88, 0
39886,51, 0
39887,9, 0
39888,0, 0
39889,0, 0
39890,0, 0
39891,0, 0
39892,0, 0
39893,0, 0
39894,3, 0
39895,89, 0
39896,190, 0
39897,249, 0
39898,251, 0
39899,215, 125
39900,158, 173
39901,108, 116
39902,76, 29
39903,83, 0
39904,99, 0
39905,115, 0
39906,123, 0
39907,127, 0
39908,127, 0
39909,122, 0
39910,126, 0
39911,121, 0
39912,117, 0
39913,149, 0
39914,145, 0
39915,150, 0
39916,151, 0
39917,139, 0
39918,117, 0
39919,85, 0
39920,62, 0
39921,86, 0
39922,85, 0
39923,111, 0
39924,128, 0
39925,145, 0
39926,142, 0
39927,140, 0
39928,122, 0
39929,111, 0
39930,75, 0
39931,71, 0
39932,65, 0
39933,86, 0
39934,103, 0
39935,112, 0
39936,103, 0
39937,103, 0
39938,110, 0
39939,120, 0
39940,127, 0
39941,115, 0
39942,111, 0
39943,105, 0
39944,102, 0
39945,115, 0
39946,138, 0
39947,156, 0
39948,140, 0
39949,116, 0
39950,95, 0
39951,115, 0
39952,156, 0
39953,170, 0
39954,161, 0
39955,152, 0
39956,130, 0
39957,103, 0
39958,58, 0
39959,3, 10
39960,6, 74
39961,0, 102
39962,34, 204
39963,87, 43
39964,150, 0
39965,189, 0
39966,199, 0
39967,192, 0
39968,177, 0
39969,169, 0
39970,156, 0
39971,139, 0
39972,126, 0
39973,110, 0
39974,107, 0
39975,108, 0
39976,118, 0
39977,148, 0
39978,183, 0
39979,193, 0
39980,216, 0
39981,211, 0
39982,183, 0
39983,164, 0
39984,145, 0
39985,124, 0
39986,97, 0
39987,70, 0
39988,29, 0
39989,0, 0
39990,0, 0
39991,0, 47
39992,6, 43
39993,29, 4
39994,57, 0
39995,97, 0
39996,119, 0
39997,116, 0
39998,109, 0
39999,108, 0
40000,101, 0
40001,92, 0
40002,95, 0
40003,93, 0
40004,80, 0
40005,70, 0
40006,74, 0
40007,85, 0
40008,97, 0
40009,126, 0
40010,157, 7
40011,183, 220
40012,212, 356
40013,220, 447
40014,222, 321
40015,203, 206
40016,203, 155
40017,179, 38
40018,130, 15
40019,27, 36
40020,25, 34
40021,61, 48
40022,21, 61
40023,0, 0
40024,44, 0
40025,95, 0
40026,96, 0
40027,104, 0
40028,90, 0
40029,93, 0
40030,102, 0
40031,115, 0
40032,127, 0
40033,139, 0
40034,144, 0
40035,127, 0
40036,120, 0
40037,111, 0
40038,112, 0
40039,122, 0
40040,128, 0
40041,137, 0
40042,133, 0
40043,135, 0
40044,133, 0
40045,137, 0
40046,133, 0
40047,137, 0
40048,138, 0
40049,127, 0
40050,104, 0
40051,84, 0
40052,70, 0
40053,76, 0
40054,83, 0
40055,97, 0
40056,127, 0
40057,142, 0
40058,134, 0
40059,135, 0
40060,113, 0
40061,115, 0
40062,116, 68
40063,105, 79
40064,94, 65
40065,83, 26
40066,84, 0
40067,89, 0
40068,93, 0
40069,118, 0
40070,105, 0
40071,111, 0
40072,123, 0
40073,115, 0
40074,123, 0
40075,126, 0
40076,117, 0
40077,123, 0
40078,125, 0
40079,126, 0
40080,120, 35
40081,83, 186
40082,70, 92
40083,52, 7
40084,60, 54
40085,64, 0
40086,86, 0
40087,106, 0
40088,128, 0
40089,127, 0
40090,128, 0
40091,132, 0
40092,155, 0
40093,127, 0
40094,120, 0
40095,108, 0
40096,88, 0
40097,88, 0
40098,92, 0
40099,100, 0
40100,113, 0
40101,92, 0
40102,64, 0
40103,52, 0
40104,59, 0
40105,92, 0
40106,133, 0
40107,176, 0
40108,204, 0
40109,219, 0
40110,200, 0
40111,158, 0
40112,137, 0
40113,121, 0
40114,101, 0
40115,96, 0
40116,100, 0
40117,139, 0
40118,176, 0
40119,201, 0
40120,201, 0
40121,173, 0
40122,144, 0
40123,116, 0
40124,88, 2
40125,72, 0
40126,76, 0
40127,95, 1
40128,118, 0
40129,127, 0
40130,122, 0
40131,105, 0
40132,92, 0
40133,85, 0
40134,81, 0
40135,89, 0
40136,94, 0
40137,108, 0
40138,117, 0
40139,113, 0
40140,110, 0
40141,88, 92
40142,73, 205
40143,51, 150
40144,38, 51
40145,46, 24
40146,62, 0
40147,91, 0
40148,111, 0
40149,120, 0
40150,115, 0
40151,115, 0
40152,122, 0
40153,112, 0
40154,112, 0
40155,103, 0
40156,105, 0
40157,107, 0
40158,115, 0
40159,124, 0
40160,131, 0
40161,133, 0
40162,130, 0
40163,123, 0
40164,113, 0
40165,119, 0
40166,118, 0
40167,121, 0
40168,117, 0
40169,118, 0
40170,104, 0
40171,95, 0
40172,81, 0
40173,64, 0
40174,73, 0
40175,86, 34
40176,83, 84
40177,103, 0
40178,113, 0
40179,133, 0
40180,133, 0
40181,133, 0
40182,126, 0
40183,122, 0
40184,140, 0
40185,121, 0
40186,111, 0
40187,118, 0
40188,116, 0
40189,117, 0
40190,116, 0
40191,116, 0
40192,119, 0
40193,113, 0
40194,118, 0
40195,116, 0
40196,109, 0
40197,115, 0
40198,121, 0
40199,121, 0
40200,123, 0
40201,129, 0
40202,102, 0
40203,76, 19
40204,41, 185
40205,25, 90
40206,19, 86
40207,55, 0
40208,110, 0
40209,139, 0
40210,152, 0
40211,155, 0
40212,143, 0
40213,145, 0
40214,134, 0
40215,138, 6
40216,133, 0
40217,126, 0
40218,127, 0
40219,124, 0
40220,121, 0
40221,113, 0
40222,93, 0
40223,112, 0
40224,120, 0
40225,115, 0
40226,101, 0
40227,110, 0
40228,121, 0
40229,112, 0
40230,111, 0
40231,116, 0
40232,108, 0
40233,69, 0
40234,68, 0
40235,62, 0
40236,60, 0
40237,71, 53
40238,93, 0
40239,111, 0
40240,108, 0
40241,115, 0
40242,111, 0
40243,115, 0
40244,106, 0
40245,105, 0
40246,94, 0
40247,106, 0
40248,112, 0
40249,108, 0
40250,116, 0
40251,110, 0
40252,108, 0
40253,109, 0
40254,112, 0
40255,102, 0
40256,106, 0
40257,89, 0
40258,91, 0
40259,94, 0
40260,100, 0
40261,129, 0
40262,105, 0
40263,86, 0
40264,64, 0
40265,52, 0
40266,62, 0
40267,72, 0
40268,86, 0
40269,121, 0
40270,142, 346
40271,139, 364
40272,135, 361
40273,124, 385
40274,115, 322
40275,122, 92
40276,110, 50
40277,110, 2
40278,102, 0
40279,99, 0
40280,103, 0
40281,110, 0
40282,118, 0
40283,134, 0
40284,127, 0
40285,133, 0
40286,145, 0
40287,128, 0
40288,122, 0
40289,121, 0
40290,116, 0
40291,106, 0
40292,111, 0
40293,107, 0
40294,76, 0
40295,69, 0
40296,48, 0
40297,57, 0
40298,65, 0
40299,89, 0
40300,118, 0
40301,128, 0
40302,120, 0
40303,121, 0
40304,115, 0
40305,108, 7
40306,104, 0
40307,113, 0
40308,110, 0
40309,112, 0
40310,112, 0
40311,112, 0
40312,104, 0
40313,92, 0
40314,93, 0
40315,92, 0
40316,94, 0
40317,95, 0
40318,96, 0
40319,108, 0
40320,119, 0
40321,108, 0
40322,99, 0
40323,91, 0
40324,87, 0
40325,83, 120
40326,106, 76
40327,76, 121
40328,89, 74
40329,89, 0
40330,108, 0
40331,116, 0
40332,125, 0
40333,120, 0
40334,127, 0
40335,129, 0
40336,143, 0
40337,137, 5
40338,131, 0
40339,130, 0
40340,121, 0
40341,124, 0
40342,122, 0
40343,121, 0
40344,117, 0
40345,117, 0
40346,128, 0
40347,119, 0
40348,113, 0
40349,115, 0
40350,109, 0
40351,109, 0
40352,116, 0
40353,112, 0
40354,102, 0
40355,73, 0
40356,44, 0
40357,43, 0
40358,43, 0
40359,62, 0
40360,109, 0
40361,121, 0
40362,128, 0
40363,139, 0
40364,126, 0
40365,127, 0
40366,115, 0
40367,122, 0
40368,113, 0
40369,107, 0
40370,108, 0
40371,105, 26
40372,103, 137
40373,104, 385
40374,105, 278
40375,100, 221
40376,94, 214
40377,92, 206
40378,89, 133
40379,87, 76
40380,86, 129
40381,101, 144
40382,93, 65
40383,121, 44
40384,105, 127
40385,75, 40
40386,58, 131
40387,56, 244
40388,60, 169
40389,48, 35
40390,75, 0
40391,111, 0
40392,121, 0
40393,126, 0
40394,123, 0
40395,118, 0
40396,118, 0
40397,111, 0
40398,115, 0
40399,102, 0
40400,113, 0
40401,113, 0
40402,118, 0
40403,118, 0
40404,115, 0
40405,124, 0
40406,122, 0
40407,121, 0
40408,112, 0
40409,115, 0
40410,104, 0
40411,109, 0
40412,104, 0
40413,99, 0
40414,106, 0
40415,94, 0
40416,71, 0
40417,76, 102
40418,55, 125
40419,61, 25
40420,65, 0
40421,95, 0
40422,122, 0
40423,125, 0
40424,133, 0
40425,127, 0
40426,125, 0
40427,121, 0
40428,121, 0
40429,110, 0
40430,112, 0
40431,107, 0
40432,104, 0
40433,105, 0
40434,105, 0
40435,105, 0
40436,107, 0
40437,101, 0
40438,94, 0
40439,102, 0
40440,95, 0
40441,97, 0
40442,95, 0
40443,96, 0
40444,96, 0
40445,100, 1
40446,74, 24
40447,58, 171
40448,43, 159
40449,38, 121
40450,56, 43
40451,67, 0
40452,97, 0
40453,110, 0
40454,121, 0
40455,121, 0
40456,122, 0
40457,118, 0
40458,116, 0
40459,112, 0
40460,115, 0
40461,124, 0
40462,121, 0
40463,115, 0
40464,118, 0
40465,116, 0
40466,112, 0
40467,107, 0
40468,107, 0
40469,105, 0
40470,110, 0
40471,111, 0
40472,110, 0
40473,108, 0
40474,110, 0
40475,104, 0
40476,102, 0
40477,70, 0
40478,70, 0
40479,44, 0
40480,50, 0
40481,74, 0
40482,91, 0
40483,115, 0
40484,130, 0
40485,122, 0
40486,123, 0
40487,104, 0
40488,108, 0
40489,122, 0
40490,108, 0
40491,104, 0
40492,103, 0
40493,102, 0
40494,96, 0
40495,94, 0
40496,92, 0
40497,94, 0
40498,95, 0
40499,99, 0
40500,95, 0
40501,96, 0
40502,97, 0
40503,86, 0
40504,99, 0
40505,97, 0
40506,99, 1
40507,83, 43
40508,70, 259
40509,44, 74
40510,45, 58
40511,55, 61
40512,74, 3
40513,102, 0
40514,116, 0
40515,122, 0
40516,120, 0
40517,128, 0
40518,121, 0
40519,121, 0
40520,116, 0
40521,126, 0
40522,128, 0
40523,126, 0
40524,133, 0
40525,130, 0
40526,123, 0
40527,112, 0
40528,109, 0
40529,115, 0
40530,109, 0
40531,108, 0
40532,103, 0
40533,109, 0
40534,110, 0
40535,108, 0
40536,110, 0
40537,86, 0
40538,67, 0
40539,53, 0
40540,42, 0
40541,52, 0
40542,62, 0
40543,95, 0
40544,123, 0
40545,127, 0
40546,119, 0
40547,118, 0
40548,116, 0
40549,115, 0
40550,103, 0
40551,115, 0
40552,111, 0
40553,105, 0
40554,104, 0
40555,102, 3
40556,108, 0
40557,108, 0
40558,101, 0
40559,95, 0
40560,100, 0
40561,97, 0
40562,117, 0
40563,95, 0
40564,92, 0
40565,102, 0
40566,95, 0
40567,101, 0
40568,93, 55
40569,63, 143
40570,65, 177
40571,56, 0
40572,62, 89
40573,93, 0
40574,115, 0
40575,130, 0
40576,133, 0
40577,127, 0
40578,126, 0
40579,119, 0
40580,119, 0
40581,113, 0
40582,109, 0
40583,112, 0
40584,111, 0
40585,108, 0
40586,115, 0
40587,120, 0
40588,123, 0
40589,111, 0
40590,115, 0
40591,115, 0
40592,113, 0
40593,101, 0
40594,107, 0
40595,126, 0
40596,102, 0
40597,100, 0
40598,83, 0
40599,61, 89
40600,57, 131
40601,44, 132
40602,41, 120
40603,62, 0
40604,86, 0
40605,109, 0
40606,119, 0
40607,124, 0
40608,109, 0
40609,121, 0
40610,120, 0
40611,121, 0
40612,117, 0
40613,117, 0
40614,115, 0
40615,115, 0
40616,108, 0
40617,116, 0
40618,108, 0
40619,108, 0
40620,102, 0
40621,107, 0
40622,102, 0
40623,95, 0
40624,100, 0
40625,96, 0
40626,90, 0
40627,99, 0
40628,95, 0
40629,93, 15
40630,64, 310
40631,48, 227
40632,57, 337
40633,51, 329
40634,80, 232
40635,110, 244
40636,121, 188
40637,119, 190
40638,112, 222
40639,124, 256
40640,121, 182
40641,115, 115
40642,108, 24
40643,113, 0
40644,119, 1
40645,119, 0
40646,121, 0
40647,125, 0
40648,127, 0
40649,121, 0
40650,121, 0
40651,118, 0
40652,121, 0
40653,121, 0
40654,111, 0
40655,113, 0
40656,112, 0
40657,115, 0
40658,111, 0
40659,99, 0
40660,72, 0
40661,54, 0
40662,52, 0
40663,56, 0
40664,63, 0
40665,89, 0
40666,112, 0
40667,122, 0
40668,121, 0
40669,125, 0
40670,115, 0
40671,100, 0
40672,109, 0
40673,104, 0
40674,96, 0
40675,96, 0
40676,95, 0
40677,96, 0
40678,100, 0
40679,95, 0
40680,95, 0
40681,95, 0
40682,89, 0
40683,108, 0
40684,102, 1
40685,102, 0
40686,102, 0
40687,102, 1
40688,99, 29
40689,100, 107
40690,67, 196
40691,58, 337
40692,46, 227
40693,46, 270
40694,41, 134
40695,67, 59
40696,92, 0
40697,97, 0
40698,97, 0
40699,102, 0
40700,108, 0
40701,112, 0
40702,113, 0
40703,105, 0
40704,107, 0
40705,111, 0
40706,109, 0
40707,109, 0
40708,113, 0
40709,115, 0
40710,112, 0
40711,108, 0
40712,107, 0
40713,108, 0
40714,124, 0
40715,113, 0
40716,113, 8
40717,117, 0
40718,115, 0
40719,117, 0
40720,101, 61
40721,83, 0
40722,67, 83
40723,63, 0
40724,51, 0
40725,70, 0
40726,96, 0
40727,119, 0
40728,130, 0
40729,127, 0
40730,127, 0
40731,124, 0
40732,131, 0
40733,124, 0
40734,125, 0
40735,125, 0
40736,131, 0
40737,119, 0
40738,124, 0
40739,111, 0
40740,112, 0
40741,126, 0
40742,105, 0
40743,115, 0
40744,113, 0
40745,102, 0
40746,108, 0
40747,102, 0
40748,111, 0
40749,106, 0
40750,105, 0
40751,87, 0
40752,70, 14
40753,60, 204
40754,60, 188
40755,73, 109
40756,95, 0
40757,127, 0
40758,148, 0
40759,128, 0
40760,133, 0
40761,139, 0
40762,133, 1
40763,132, 4
40764,111, 0
40765,130, 0
40766,129, 0
40767,133, 0
40768,132, 0
40769,132, 0
40770,131, 0
40771,130, 0
40772,132, 0
40773,129, 0
40774,150, 0
40775,133, 0
40776,111, 0
40777,109, 0
40778,105, 0
40779,110, 0
40780,107, 0
40781,90, 0
40782,68, 0
40783,59, 0
40784,44, 0
40785,57, 58
40786,70, 0
40787,99, 0
40788,116, 0
40789,124, 0
40790,121, 0
40791,117, 0
40792,117, 0
40793,121, 0
40794,123, 0
40795,121, 0
40796,115, 0
40797,112, 0
40798,102, 0
40799,105, 0
40800,102, 0
40801,101, 0
40802,100, 0
40803,97, 0
40804,91, 0
40805,102, 0
40806,101, 0
40807,103, 0
40808,107, 0
40809,108, 0
40810,119, 0
40811,117, 0
40812,92, 0
40813,86, 190
40814,72, 226
40815,69, 252
40816,87, 263
40817,83, 92
40818,115, 15
40819,115, 0
40820,118, 0
40821,110, 0
40822,109, 0
40823,101, 0
40824,111, 2
40825,110, 2
40826,117, 27
40827,120, 70
40828,116, 104
40829,118, 145
40830,109, 47
40831,112, 1
40832,113, 0
40833,111, 0
40834,109, 0
40835,111, 0
40836,118, 0
40837,102, 0
40838,106, 0
40839,110, 0
40840,108, 0
40841,107, 0
40842,89, 0
40843,70, 0
40844,67, 0
40845,51, 0
40846,48, 0
40847,68, 0
40848,89, 0
40849,118, 0
40850,125, 0
40851,122, 0
40852,116, 0
40853,117, 0
40854,118, 0
40855,111, 0
40856,109, 0
40857,117, 0
40858,99, 0
40859,102, 0
40860,108, 0
40861,119, 0
40862,102, 0
40863,101, 0
40864,93, 0
40865,104, 0
40866,102, 0
40867,102, 0
40868,103, 0
40869,96, 0
40870,100, 0
40871,109, 9
40872,103, 83
40873,76, 158
40874,57, 238
40875,52, 348
40876,40, 70
40877,43, 106
40878,62, 0
40879,92, 0
40880,95, 0
40881,118, 0
40882,121, 0
40883,126, 0
40884,122, 0
40885,127, 0
40886,121, 0
40887,122, 0
40888,130, 0
40889,123, 0
40890,124, 0
40891,121, 0
40892,121, 0
40893,125, 0
40894,112, 0
40895,107, 0
40896,103, 0
40897,106, 0
40898,109, 0
40899,120, 0
40900,116, 0
40901,117, 0
40902,111, 0
40903,88, 0
40904,64, 27
40905,57, 0
40906,51, 0
40907,54, 0
40908,60, 0
40909,94, 0
40910,121, 0
40911,126, 0
40912,128, 0
40913,122, 0
40914,122, 0
40915,136, 0
40916,132, 0
40917,127, 0
40918,118, 0
40919,102, 0
40920,102, 0
40921,96, 0
40922,102, 0
40923,97, 0
40924,110, 270
40925,104, 374
40926,103, 536
40927,92, 788
40928,94, 834
40929,58, 645
40930,59, 496
40931,64, 407
40932,71, 430
40933,73, 442
40934,36, 267
40935,21, 85
40936,21, 42
40937,36, 63
40938,54, 0
40939,88, 0
40940,118, 0
40941,133, 0
40942,144, 0
40943,138, 0
40944,127, 0
40945,116, 0
40946,95, 0
40947,87, 0
40948,88, 0
40949,95, 0
40950,122, 0
40951,125, 0
40952,133, 0
40953,141, 0
40954,140, 0
40955,149, 0
40956,144, 0
40957,173, 0
40958,133, 0
40959,121, 0
40960,121, 0
40961,122, 0
40962,126, 0
40963,121, 0
40964,104, 0
40965,76, 31
40966,78, 152
40967,75, 72
40968,76, 5
40969,95, 6
40970,127, 0
40971,150, 0
40972,159, 0
40973,158, 0
40974,156, 0
40975,137, 0
40976,134, 0
40977,128, 0
40978,122, 0
40979,137, 0
40980,122, 0
40981,126, 0
40982,126, 0
40983,119, 0
40984,117, 0
40985,110, 0
40986,107, 0
40987,110, 0
40988,103, 0
40989,95, 0
40990,99, 0
40991,104, 0
40992,102, 0
40993,107, 0
40994,91, 0
40995,76, 6
40996,76, 183
40997,60, 171
40998,68, 139
40999,69, 7
41000,89, 0
41001,117, 0
41002,130, 0
41003,129, 0
41004,133, 0
41005,127, 0
41006,128, 0
41007,126, 0
41008,121, 0
41009,121, 0
41010,122, 0
41011,118, 0
41012,122, 0
41013,116, 0
41014,125, 0
41015,124, 0
41016,124, 0
41017,120, 0
41018,138, 0
41019,126, 0
41020,124, 0
41021,112, 0
41022,121, 0
41023,120, 0
41024,101, 0
41025,79, 0
41026,70, 51
41027,51, 145
41028,60, 65
41029,57, 204
41030,71, 0
41031,97, 0
41032,115, 0
41033,122, 0
41034,122, 0
41035,109, 0
41036,116, 0
41037,110, 0
41038,105, 0
41039,100, 0
41040,100, 0
41041,102, 0
41042,96, 0
41043,103, 0
41044,103, 0
41045,102, 0
41046,102, 0
41047,105, 0
41048,107, 0
41049,110, 0
41050,110, 0
41051,101, 0
41052,102, 0
41053,106, 0
41054,106, 0
41055,97, 0
41056,70, 0
41057,58, 0
41058,51, 0
41059,54, 0
41060,64, 0
41061,89, 0
41062,108, 0
41063,115, 0
41064,117, 0
41065,116, 0
41066,120, 0
41067,123, 0
41068,121, 0
41069,125, 0
41070,125, 0
41071,125, 0
41072,108, 0
41073,117, 0
41074,112, 0
41075,117, 0
41076,116, 0
41077,113, 0
41078,121, 0
41079,131, 0
41080,124, 0
41081,121, 0
41082,126, 0
41083,118, 0
41084,103, 0
41085,102, 4
41086,87, 6
41087,55, 29
41088,38, 177
41089,39, 183
41090,39, 228
41091,51, 29
41092,92, 0
41093,92, 0
41094,113, 0
41095,122, 0
41096,119, 0
41097,127, 0
41098,123, 0
41099,116, 0
41100,109, 0
41101,122, 0
41102,116, 0
41103,99, 0
41104,112, 0
41105,107, 0
41106,113, 0
41107,108, 0
41108,106, 0
41109,116, 0
41110,99, 2
41111,102, 0
41112,93, 0
41113,95, 5
41114,123, 0
41115,102, 0
41116,101, 91
41117,76, 210
41118,51, 84
41119,44, 226
41120,45, 172
41121,67, 83
41122,81, 0
41123,108, 0
41124,123, 0
41125,125, 0
41126,117, 0
41127,124, 0
41128,125, 0
41129,127, 0
41130,124, 0
41131,125, 0
41132,121, 0
41133,125, 0
41134,115, 0
41135,113, 0
41136,111, 0
41137,108, 0
41138,108, 0
41139,109, 0
41140,106, 0
41141,107, 0
41142,108, 0
41143,111, 0
41144,112, 0
41145,108, 0
41146,103, 0
41147,90, 0
41148,61, 0
41149,44, 0
41150,47, 0
41151,62, 0
41152,79, 0
41153,109, 0
41154,125, 0
41155,122, 0
41156,129, 0
41157,124, 0
41158,119, 0
41159,133, 0
41160,120, 0
41161,107, 0
41162,123, 0
41163,116, 0
41164,108, 0
41165,107, 0
41166,112, 0
41167,117, 0
41168,115, 0
41169,119, 0
41170,109, 0
41171,102, 0
41172,103, 170
41173,95, 80
41174,95, 68
41175,92, 15
41176,92, 4
41177,97, 125
41178,62, 109
41179,47, 202
41180,47, 248
41181,63, 180
41182,71, 103
41183,102, 0
41184,127, 0
41185,138, 0
41186,136, 0
41187,136, 0
41188,139, 0
41189,127, 0
41190,102, 0
41191,92, 0
41192,62, 0
41193,41, 0
41194,39, 0
41195,62, 0
41196,88, 0
41197,103, 0
41198,131, 0
41199,111, 0
41200,112, 0
41201,106, 0
41202,109, 0
41203,103, 0
41204,106, 0
41205,106, 0
41206,115, 0
41207,113, 0
41208,103, 0
41209,95, 0
41210,76, 0
41211,77, 0
41212,89, 0
41213,106, 0
41214,139, 0
41215,153, 0
41216,168, 0
41217,170, 0
41218,174, 0
41219,183, 0
41220,195, 0
41221,188, 0
41222,196, 0
41223,175, 0
41224,139, 0
41225,92, 0
41226,56, 0
41227,37, 0
41228,38, 0
41229,60, 0
41230,62, 0
41231,75, 0
41232,72, 0
41233,78, 0
41234,71, 0
41235,75, 0
41236,79, 0
41237,83, 0
41238,83, 117
41239,63, 234
41240,50, 351
41241,43, 355
41242,58, 391
41243,62, 290
41244,94, 119
41245,117, 0
41246,111, 0
41247,130, 0
41248,116, 0
41249,123, 0
41250,116, 0
41251,115, 0
41252,121, 0
41253,118, 0
41254,120, 0
41255,121, 0
41256,116, 0
41257,108, 0
41258,111, 0
41259,110, 0
41260,107, 0
41261,118, 0
41262,117, 0
41263,111, 0
41264,109, 0
41265,101, 0
41266,116, 0
41267,106, 0
41268,106, 62
41269,89, 89
41270,76, 385
41271,70, 257
41272,70, 168
41273,58, 251
41274,91, 145
41275,127, 15
41276,128, 0
41277,127, 0
41278,132, 0
41279,133, 0
41280,124, 0
41281,129, 0
41282,133, 0
41283,125, 0
41284,127, 0
41285,122, 0
41286,121, 0
41287,121, 0
41288,120, 0
41289,126, 0
41290,116, 0
41291,110, 0
41292,117, 0
41293,109, 0
41294,105, 0
41295,101, 0
41296,105, 35
41297,105, 126
41298,96, 204
41299,94, 452
41300,73, 596
41301,52, 485
41302,51, 396
41303,69, 342
41304,50, 183
41305,93, 86
41306,104, 0
41307,111, 0
41308,122, 0
41309,115, 0
41310,115, 4
41311,115, 0
41312,124, 0
41313,123, 0
41314,123, 0
41315,121, 5
41316,141, 0
41317,119, 0
41318,116, 0
41319,119, 0
41320,132, 0
41321,115, 0
41322,111, 0
41323,105, 0
41324,108, 0
41325,101, 0
41326,108, 0
41327,102, 0
41328,105, 0
41329,95, 0
41330,78, 0
41331,68, 0
41332,41, 0
41333,44, 0
41334,55, 0
41335,84, 0
41336,108, 0
41337,127, 0
41338,125, 0
41339,120, 0
41340,113, 0
41341,108, 0
41342,97, 0
41343,102, 0
41344,100, 0
41345,105, 0
41346,104, 0
41347,105, 0
41348,102, 0
41349,92, 0
41350,94, 0
41351,95, 0
41352,102, 0
41353,102, 0
41354,102, 0
41355,108, 0
41356,107, 0
41357,112, 0
41358,108, 0
41359,121, 12
41360,110, 117
41361,87, 127
41362,60, 207
41363,76, 51
41364,73, 168
41365,89, 95
41366,112, 46
41367,133, 9
41368,139, 0
41369,138, 0
41370,129, 0
41371,125, 0
41372,117, 0
41373,115, 0
41374,103, 0
41375,104, 0
41376,103, 0
41377,95, 0
41378,95, 0
41379,100, 0
41380,99, 0
41381,108, 0
41382,108, 0
41383,106, 0
41384,113, 0
41385,102, 0
41386,108, 0
41387,110, 0
41388,107, 0
41389,115, 0
41390,103, 0
41391,89, 0
41392,61, 74
41393,58, 133
41394,61, 80
41395,60, 39
41396,83, 0
41397,103, 0
41398,122, 0
41399,143, 0
41400,120, 0
41401,117, 0
41402,117, 0
41403,116, 0
41404,116, 0
41405,122, 0
41406,124, 0
41407,122, 0
41408,124, 0
41409,118, 0
41410,120, 0
41411,120, 0
41412,100, 0
41413,112, 0
41414,117, 0
41415,121, 0
41416,133, 0
41417,127, 0
41418,125, 0
41419,123, 116
41420,121, 112
41421,102, 136
41422,78, 212
41423,48, 199
41424,41, 265
41425,59, 77
41426,56, 108
41427,102, 0
41428,125, 0
41429,142, 0
41430,135, 0
41431,132, 0
41432,122, 0
41433,116, 0
41434,116, 0
41435,121, 0
41436,130, 88
41437,127, 132
41438,123, 196
41439,115, 108
41440,113, 0
41441,108, 0
41442,113, 0
41443,123, 0
41444,127, 0
41445,134, 0
41446,112, 0
41447,110, 0
41448,116, 0
41449,115, 0
41450,117, 0
41451,101, 0
41452,85, 0
41453,52, 0
41454,46, 0
41455,39, 0
41456,47, 0
41457,81, 0
41458,108, 0
41459,111, 0
41460,127, 0
41461,124, 0
41462,130, 0
41463,119, 0
41464,132, 0
41465,135, 0
41466,127, 0
41467,125, 0
41468,127, 0
41469,121, 0
41470,127, 0
41471,122, 0
41472,126, 0
41473,120, 0
41474,143, 0
41475,135, 0
41476,123, 0
41477,125, 0
41478,127, 0
41479,121, 0
41480,125, 0
41481,131, 12
41482,99, 53
41483,79, 331
41484,56, 156
41485,41, 145
41486,52, 348
41487,56, 121
41488,104, 89
41489,119, 95
41490,127, 59
41491,119, 11
41492,113, 0
41493,108, 0
41494,110, 0
41495,112, 0
41496,121, 0
41497,125, 0
41498,125, 0
41499,115, 0
41500,126, 0
41501,117, 0
41502,121, 0
41503,109, 0
41504,106, 0
41505,107, 0
41506,106, 0
41507,104, 0
41508,102, 0
41509,102, 0
41510,97, 1
41511,102, 56
41512,104, 152
41513,84, 251
41514,55, 103
41515,57, 100
41516,54, 57
41517,45, 0
41518,71, 0
41519,102, 0
41520,124, 0
41521,126, 0
41522,118, 0
41523,118, 0
41524,117, 0
41525,111, 0
41526,111, 0
41527,112, 0
41528,115, 0
41529,102, 0
41530,112, 0
41531,120, 0
41532,118, 0
41533,116, 0
41534,118, 0
41535,105, 0
41536,110, 0
41537,105, 0
41538,110, 0
41539,103, 0
41540,101, 0
41541,107, 0
41542,113, 0
41543,95, 13
41544,75, 158
41545,53, 94
41546,58, 192
41547,63, 223
41548,70, 106
41549,95, 0
41550,109, 0
41551,121, 0
41552,120, 0
41553,117, 0
41554,113, 0
41555,108, 0
41556,115, 0
41557,119, 0
41558,122, 0
41559,120, 0
41560,116, 0
41561,118, 0
41562,110, 0
41563,108, 0
41564,111, 0
41565,106, 0
41566,107, 0
41567,117, 0
41568,110, 0
41569,118, 0
41570,111, 0
41571,124, 0
41572,110, 0
41573,95, 0
41574,78, 0
41575,55, 0
41576,45, 0
41577,52, 0
41578,59, 0
41579,90, 0
41580,109, 0
41581,118, 0
41582,110, 0
41583,118, 0
41584,113, 0
41585,115, 0
41586,109, 0
41587,111, 13
41588,126, 224
41589,118, 342
41590,121, 192
41591,115, 183
41592,112, 167
41593,117, 204
41594,121, 368
41595,129, 361
41596,119, 371
41597,121, 436
41598,140, 383
41599,123, 309
41600,107, 134
41601,109, 2
41602,115, 0
41603,116, 0
41604,99, 1
41605,73, 154
41606,64, 97
41607,50, 0
41608,57, 0
41609,65, 0
41610,87, 0
41611,103, 0
41612,112, 0
41613,115, 0
41614,126, 0
41615,132, 0
41616,132, 0
41617,137, 0
41618,135, 0
41619,129, 0
41620,124, 0
41621,127, 0
41622,120, 0
41623,118, 0
41624,113, 0
41625,115, 0
41626,117, 13
41627,126, 52
41628,127, 251
41629,127, 218
41630,108, 23
41631,115, 17
41632,133, 77
41633,115, 257
41634,109, 624
41635,83, 710
41636,68, 614
41637,40, 479
41638,45, 339
41639,56, 267
41640,78, 17
41641,102, 0
41642,113, 0
41643,113, 0
41644,116, 0
41645,118, 0
41646,113, 0
41647,118, 0
41648,102, 0
41649,110, 0
41650,105, 0
41651,97, 0
41652,105, 0
41653,103, 0
41654,107, 0
41655,105, 0
41656,101, 0
41657,103, 0
41658,101, 0
41659,96, 0
41660,89, 0
41661,92, 0
41662,92, 0
41663,101, 0
41664,100, 0
41665,95, 0
41666,77, 0
41667,75, 170
41668,87, 312
41669,102, 515
41670,102, 435
41671,122, 603
41672,130, 588
41673,138, 493
41674,136, 379
41675,142, 337
41676,127, 340
41677,121, 164
41678,108, 0
41679,118, 0
41680,111, 0
41681,115, 0
41682,108, 0
41683,108, 0
41684,105, 0
41685,116, 0
41686,109, 0
41687,109, 0
41688,107, 0
41689,109, 0
41690,108, 0
41691,110, 0
41692,118, 0
41693,122, 0
41694,125, 0
41695,121, 0
41696,101, 0
41697,89, 122
41698,79, 119
41699,76, 79
41700,83, 71
41701,100, 2
41702,115, 0
41703,138, 0
41704,129, 0
41705,126, 0
41706,123, 32
41707,124, 259
41708,123, 312
41709,116, 279
41710,116, 223
41711,115, 46
41712,123, 0
41713,117, 0
41714,115, 0
41715,120, 0
41716,121, 0
41717,95, 0
41718,103, 0
41719,97, 0
41720,97, 55
41721,95, 144
41722,110, 167
41723,106, 270
41724,107, 182
41725,105, 28
41726,92, 0
41727,70, 134
41728,67, 106
41729,55, 0
41730,65, 0
41731,70, 0
41732,102, 0
41733,132, 0
41734,119, 0
41735,121, 0
41736,120, 0
41737,126, 0
41738,128, 0
41739,136, 242
41740,156, 441
41741,128, 329
41742,119, 238
41743,106, 12
41744,103, 0
41745,104, 0
41746,109, 0
41747,101, 0
41748,99, 0
41749,89, 0
41750,87, 0
41751,78, 0
41752,97, 0
41753,104, 0
41754,110, 0
41755,119, 0
41756,107, 0
41757,80, 0
41758,57, 0
41759,56, 0
41760,55, 0
41761,68, 0
41762,95, 0
41763,121, 0
41764,126, 0
41765,125, 0
41766,124, 0
41767,120, 0
41768,125, 0
41769,112, 0
41770,132, 0
41771,119, 0
41772,113, 0
41773,119, 0
41774,118, 0
41775,122, 0
41776,127, 0
41777,133, 0
41778,132, 0
41779,138, 0
41780,139, 0
41781,140, 0
41782,138, 0
41783,132, 0
41784,121, 0
41785,107, 0
41786,95, 0
41787,81, 10
41788,52, 171
41789,35, 384
41790,24, 323
41791,51, 498
41792,72, 494
41793,96, 643
41794,109, 813
41795,119, 992
41796,125, 910
41797,111, 689
41798,116, 452
41799,142, 317
41800,161, 182
41801,158, 17
41802,165, 0
41803,164, 0
41804,149, 0
41805,145, 0
41806,130, 0
41807,116, 0
41808,108, 0
41809,109, 0
41810,104, 28
41811,117, 347
41812,108, 601
41813,120, 705
41814,105, 755
41815,106, 759
41816,124, 622
41817,90, 118
41818,67, 9
41819,51, 0
41820,55, 0
41821,62, 0
41822,74, 0
41823,95, 3
41824,120, 465
41825,124, 330
41826,116, 416
41827,110, 630
41828,115, 563
41829,95, 120
41830,92, 0
41831,84, 0
41832,84, 0
41833,72, 0
41834,84, 0
41835,83, 0
41836,94, 0
41837,97, 0
41838,101, 0
41839,102, 6
41840,113, 208
41841,118, 426
41842,135, 151
41843,120, 110
41844,115, 35
41845,125, 0
41846,145, 0
41847,125, 0
41848,101, 0
41849,75, 0
41850,57, 0
41851,77, 0
41852,63, 25
41853,64, 0
41854,91, 0
41855,127, 0
41856,118, 0
41857,125, 0
41858,131, 0
41859,133, 0
41860,128, 0
41861,122, 0
41862,123, 0
41863,115, 0
41864,117, 0
41865,97, 0
41866,97, 0
41867,122, 0
41868,126, 0
41869,133, 0
41870,131, 0
41871,148, 0
41872,145, 0
41873,145, 0
41874,138, 8
41875,136, 15
41876,125, 19
41877,107, 6
41878,104, 0
41879,77, 0
41880,60, 0
41881,56, 0
41882,68, 0
41883,85, 0
41884,111, 0
41885,137, 0
41886,133, 0
41887,130, 0
41888,121, 54
41889,109, 275
41890,108, 553
41891,109, 465
41892,101, 468
41893,89, 238
41894,102, 78
41895,93, 61
41896,89, 24
41897,92, 26
41898,81, 22
41899,95, 9
41900,102, 29
41901,115, 237
41902,127, 240
41903,115, 193
41904,122, 265
41905,115, 328
41906,112, 378
41907,123, 338
41908,121, 518
41909,106, 532
41910,71, 457
41911,74, 46
41912,70, 160
41913,81, 0
41914,100, 0
41915,128, 0
41916,133, 0
41917,133, 0
41918,130, 0
41919,128, 0
41920,131, 0
41921,129, 0
41922,134, 0
41923,110, 0
41924,102, 0
41925,101, 0
41926,91, 137
41927,92, 223
41928,91, 409
41929,85, 571
41930,83, 469
41931,85, 131
41932,76, 0
41933,65, 0
41934,76, 0
41935,76, 0
41936,78, 0
41937,76, 0
41938,81, 0
41939,76, 0
41940,70, 318
41941,69, 427
41942,61, 202
41943,60, 57
41944,75, 0
41945,119, 0
41946,170, 0
41947,161, 0
41948,160, 39
41949,163, 343
41950,164, 662
41951,169, 916
41952,164, 838
41953,124, 582
41954,108, 631
41955,102, 416
41956,88, 176
41957,80, 2
41958,73, 0
41959,68, 0
41960,61, 0
41961,72, 0
41962,89, 0
41963,100, 0
41964,112, 0
41965,124, 0
41966,140, 0
41967,157, 0
41968,169, 0
41969,166, 0
41970,140, 0
41971,123, 149
41972,115, 677
41973,108, 1385
41974,73, 1568
41975,70, 1492
41976,78, 1499
41977,88, 1676
41978,101, 1659
41979,90, 1276
41980,70, 830
41981,77, 698
41982,62, 613
41983,85, 512
41984,89, 160
41985,101, 0
41986,111, 0
41987,127, 0
41988,145, 0
41989,161, 0
41990,177, 0
41991,183, 0
41992,183, 0
41993,175, 0
41994,163, 6
41995,157, 650
41996,130, 1173
41997,102, 1265
41998,93, 1127
41999,75, 712
42000,46, 274
42001,12, 18
42002,1, 0
42003,0, 0
42004,10, 0
42005,36, 0
42006,74, 0
42007,131, 0
42008,140, 0
42009,159, 0
42010,173, 0
42011,166, 0
42012,156, 0
42013,152, 0
42014,135, 0
42015,136, 0
42016,127, 0
42017,130, 51
42018,122, 67
42019,116, 0
42020,104, 0
42021,94, 0
42022,95, 0
42023,95, 0
42024,99, 0
42025,92, 0
42026,91, 0
42027,103, 0
42028,110, 0
42029,122, 0
42030,127, 0
42031,97, 63
42032,75, 168
42033,60, 65
42034,56, 54
42035,48, 12
42036,61, 0
42037,89, 0
42038,118, 10
42039,123, 0
42040,153, 0
42041,138, 0
42042,129, 0
42043,133, 0
42044,129, 0
42045,127, 0
42046,135, 0
42047,147, 0
42048,150, 0
42049,145, 0
42050,131, 0
42051,108, 0
42052,90, 0
42053,80, 0
42054,63, 0
42055,76, 0
42056,83, 156
42057,125, 136
42058,95, 23
42059,113, 0
42060,125, 0
42061,119, 0
42062,116, 0
42063,103, 0
42064,100, 0
42065,95, 0
42066,110, 0
42067,145, 190
42068,164, 378
42069,184, 725
42070,170, 712
42071,140, 491
42072,106, 143
42073,81, 0
42074,70, 0
42075,71, 0
42076,76, 0
42077,85, 0
42078,89, 0
42079,100, 0
42080,89, 0
42081,108, 0
42082,86, 0
42083,89, 0
42084,81, 0
42085,95, 0
42086,104, 0
42087,113, 0
42088,112, 0
42089,112, 0
42090,117, 0
42091,130, 0
42092,103, 35
42093,89, 430
42094,68, 898
42095,52, 1153
42096,56, 1008
42097,76, 664
42098,99, 507
42099,115, 481
42100,127, 651
42101,139, 724
42102,138, 758
42103,115, 687
42104,96, 588
42105,86, 312
42106,77, 6
42107,91, 0
42108,110, 0
42109,127, 57
42110,145, 547
42111,151, 758
42112,135, 566
42113,130, 337
42114,109, 15
42115,108, 0
42116,99, 0
42117,110, 0
42118,118, 0
42119,131, 0
42120,128, 0
42121,127, 0
42122,108, 0
42123,72, 0
42124,53, 220
42125,55, 322
42126,63, 473
42127,62, 355
42128,88, 69
42129,101, 0
42130,116, 0
42131,108, 0
42132,105, 0
42133,111, 0
42134,108, 0
42135,115, 0
42136,115, 0
42137,122, 0
42138,134, 513
42139,147, 617
42140,138, 547
42141,136, 570
42142,125, 217
42143,118, 26
42144,113, 0
42145,108, 0
42146,102, 0
42147,84, 0
42148,77, 0
42149,70, 0
42150,69, 0
42151,76, 0
42152,76, 0
42153,63, 0
42154,45, 0
42155,39, 26
42156,44, 3
42157,48, 0
42158,61, 0
42159,76, 0
42160,107, 0
42161,113, 0
42162,115, 0
42163,124, 0
42164,124, 0
42165,129, 0
42166,134, 0
42167,153, 0
42168,142, 0
42169,134, 0
42170,137, 0
42171,141, 0
42172,138, 0
42173,135, 0
42174,124, 0
42175,127, 0
42176,134, 0
42177,121, 0
42178,126, 76
42179,104, 0
42180,92, 0
42181,77, 0
42182,87, 0
42183,83, 15
42184,78, 315
42185,64, 532
42186,60, 57
42187,57, 297
42188,71, 333
42189,112, 707
42190,132, 1086
42191,136, 1094
42192,127, 849
42193,110, 525
42194,112, 215
42195,124, 2
42196,133, 0
42197,128, 0
42198,116, 0
42199,101, 0
42200,97, 0
42201,106, 0
42202,92, 0
42203,85, 0
42204,90, 0
42205,93, 0
42206,93, 0
42207,88, 100
42208,81, 540
42209,77, 624
42210,60, 393
42211,80, 286
42212,87, 512
42213,95, 780
42214,53, 771
42215,19, 345
42216,10, 12
42217,23, 0
42218,46, 0
42219,83, 0
42220,127, 0
42221,140, 144
42222,152, 37
42223,147, 0
42224,153, 0
42225,169, 0
42226,167, 0
42227,164, 0
42228,145, 0
42229,119, 0
42230,96, 529
42231,69, 689
42232,64, 854
42233,77, 1076
42234,76, 1073
42235,101, 978
42236,95, 958
42237,73, 718
42238,120, 553
42239,111, 38
42240,121, 0
42241,127, 0
42242,125, 0
42243,115, 0
42244,93, 0
42245,71, 0
42246,57, 0
42247,68, 95
42248,78, 408
42249,90, 77
42250,108, 0
42251,132, 0
42252,138, 0
42253,158, 0
42254,158, 0
42255,143, 5
42256,136, 0
42257,112, 0
42258,108, 0
42259,102, 0
42260,109, 0
42261,115, 0
42262,105, 0
42263,110, 0
42264,112, 0
42265,121, 0
42266,121, 0
42267,121, 0
42268,124, 0
42269,123, 0
42270,132, 0
42271,115, 4
42272,102, 7
42273,96, 5
42274,92, 0
42275,67, 0
42276,30, 0
42277,10, 0
42278,6, 0
42279,19, 0
42280,57, 0
42281,89, 0
42282,130, 0
42283,148, 0
42284,154, 0
42285,155, 0
42286,133, 0
42287,128, 0
42288,124, 0
42289,130, 0
42290,141, 0
42291,152, 0
42292,154, 0
42293,149, 0
42294,134, 10
42295,158, 562
42296,151, 702
42297,138, 603
42298,134, 456
42299,111, 312
42300,89, 128
42301,88, 0
42302,78, 0
42303,84, 0
42304,81, 24
42305,80, 218
42306,55, 466
42307,52, 505
42308,36, 396
42309,42, 230
42310,54, 91
42311,90, 4
42312,112, 0
42313,133, 0
42314,127, 0
42315,116, 0
42316,120, 0
42317,118, 0
42318,110, 0
42319,106, 0
42320,97, 0
42321,91, 0
42322,89, 0
42323,88, 0
42324,89, 0
42325,90, 0
42326,91, 0
42327,95, 0
42328,103, 0
42329,128, 0
42330,133, 0
42331,144, 0
42332,139, 0
42333,135, 0
42334,135, 0
42335,148, 0
42336,152, 0
42337,108, 165
42338,102, 239
42339,100, 237
42340,93, 305
42341,108, 63
42342,127, 0
42343,139, 0
42344,141, 0
42345,138, 44
42346,137, 79
42347,149, 414
42348,145, 289
42349,121, 29
42350,133, 0
42351,133, 0
42352,135, 0
42353,138, 0
42354,129, 0
42355,115, 0
42356,101, 0
42357,87, 0
42358,87, 0
42359,94, 0
42360,105, 0
42361,121, 0
42362,124, 0
42363,134, 207
42364,140, 622
42365,148, 628
42366,104, 557
42367,58, 464
42368,41, 480
42369,41, 455
42370,42, 676
42371,57, 503
42372,86, 623
42373,95, 469
42374,96, 275
42375,90, 139
42376,87, 13
42377,92, 0
42378,103, 0
42379,101, 0
42380,93, 0
42381,106, 0
42382,101, 0
42383,104, 0
42384,106, 0
42385,116, 0
42386,113, 0
42387,127, 0
42388,130, 0
42389,121, 0
42390,119, 0
42391,106, 0
42392,106, 0
42393,110, 0
42394,112, 0
42395,104, 0
42396,104, 0
42397,93, 56
42398,60, 197
42399,54, 189
42400,64, 182
42401,79, 185
42402,113, 287
42403,143, 594
42404,128, 606
42405,127, 169
42406,113, 0
42407,115, 0
42408,110, 0
42409,102, 0
42410,88, 0
42411,80, 0
42412,90, 0
42413,120, 0
42414,122, 0
42415,135, 0
42416,130, 0
42417,123, 0
42418,110, 0
42419,101, 0
42420,91, 0
42421,89, 0
42422,101, 0
42423,95, 0
42424,106, 0
42425,110, 0
42426,127, 0
42427,113, 0
42428,93, 158
42429,63, 203
42430,61, 285
42431,62, 531
42432,68, 361
42433,101, 373
42434,110, 138
42435,96, 0
42436,105, 0
42437,87, 0
42438,83, 0
42439,92, 163
42440,97, 182
42441,99, 270
42442,102, 180
42443,100, 0
42444,108, 0
42445,113, 0
42446,102, 0
42447,112, 0
42448,123, 0
42449,132, 10
42450,147, 267
42451,134, 497
42452,100, 383
42453,106, 440
42454,97, 244
42455,95, 0
42456,93, 0
42457,92, 0
42458,97, 0
42459,67, 0
42460,80, 0
42461,83, 0
42462,95, 0
42463,123, 0
42464,127, 481
42465,120, 864
42466,115, 802
42467,89, 837
42468,113, 871
42469,108, 757
42470,100, 446
42471,102, 38
42472,108, 0
42473,128, 0
42474,133, 0
42475,136, 0
42476,133, 0
42477,121, 0
42478,121, 0
42479,133, 0
42480,102, 0
42481,104, 27
42482,108, 341
42483,101, 458
42484,121, 268
42485,125, 204
42486,127, 136
42487,121, 127
42488,104, 0
42489,83, 0
42490,76, 0
42491,76, 0
42492,81, 0
42493,91, 0
42494,119, 0
42495,126, 0
42496,133, 0
42497,141, 0
42498,131, 0
42499,118, 25
42500,117, 0
42501,109, 0
42502,96, 0
42503,115, 0
42504,122, 0
42505,128, 0
42506,129, 0
42507,133, 0
42508,132, 0
42509,132, 0
42510,151, 0
42511,139, 0
42512,124, 0
42513,132, 0
42514,134, 0
42515,134, 0
42516,140, 0
42517,133, 0
42518,126, 189
42519,99, 555
42520,83, 597
42521,56, 847
42522,50, 790
42523,34, 499
42524,57, 161
42525,74, 0
42526,87, 0
42527,95, 0
42528,97, 0
42529,102, 0
42530,110, 343
42531,108, 442
42532,112, 564
42533,102, 852
42534,121, 922
42535,115, 597
42536,105, 293
42537,105, 149
42538,108, 54
42539,107, 31
42540,108, 1
42541,103, 0
42542,105, 0
42543,102, 0
42544,106, 0
42545,122, 0
42546,122, 0
42547,107, 0
42548,112, 0
42549,97, 0
42550,73, 0
42551,64, 0
42552,63, 0
42553,67, 0
42554,86, 0
42555,91, 0
42556,117, 0
42557,124, 0
42558,103, 0
42559,106, 0
42560,108, 0
42561,115, 0
42562,111, 0
42563,113, 0
42564,109, 0
42565,107, 0
42566,105, 0
42567,90, 0
42568,101, 0
42569,100, 0
42570,92, 0
42571,97, 0
42572,92, 0
42573,95, 0
42574,95, 0
42575,108, 0
42576,110, 11
42577,124, 59
42578,127, 87
42579,125, 18
42580,99, 111
42581,89, 181
42582,64, 207
42583,83, 353
42584,60, 207
42585,84, 189
42586,96, 167
42587,121, 26
42588,123, 0
42589,135, 0
42590,130, 0
42591,150, 0
42592,136, 0
42593,132, 0
42594,130, 0
42595,127, 0
42596,136, 0
42597,130, 0
42598,132, 0
42599,134, 0
42600,137, 44
42601,126, 0
42602,109, 0
42603,102, 0
42604,108, 0
42605,118, 23
42606,122, 0
42607,125, 0
42608,137, 0
42609,127, 0
42610,115, 0
42611,100, 0
42612,85, 0
42613,80, 0
42614,85, 0
42615,96, 0
42616,119, 0
42617,135, 0
42618,138, 0
42619,122, 0
42620,113, 0
42621,127, 0
42622,101, 0
42623,108, 0
42624,116, 0
42625,117, 0
42626,104, 0
42627,102, 0
42628,84, 3
42629,77, 63
42630,63, 4
42631,69, 0
42632,71, 0
42633,73, 0
42634,89, 0
42635,92, 0
42636,121, 0
42637,127, 0
42638,127, 0
42639,120, 41
42640,112, 10
42641,89, 94
42642,79, 3
42643,83, 6
42644,95, 64
42645,102, 130
42646,126, 192
42647,141, 175
42648,139, 110
42649,112, 40
42650,96, 4
42651,90, 0
42652,96, 0
42653,107, 0
42654,109, 0
42655,101, 0
42656,115, 0
42657,115, 34
42658,111, 99
42659,105, 121
42660,117, 9
42661,123, 0
42662,129, 0
42663,127, 0
42664,115, 0
42665,133, 0
42666,136, 0
42667,139, 0
42668,140, 0
42669,137, 118
42670,121, 79
42671,102, 38
42672,83, 221
42673,87, 172
42674,83, 74
42675,88, 32
42676,115, 0
42677,136, 0
42678,145, 0
42679,138, 0
42680,134, 0
42681,128, 0
42682,133, 0
42683,133, 0
42684,137, 0
42685,139, 0
42686,140, 0
42687,142, 0
42688,134, 0
42689,121, 0
42690,119, 0
42691,108, 0
42692,105, 0
42693,127, 0
42694,115, 0
42695,118, 0
42696,113, 0
42697,93, 1
42698,90, 304
42699,91, 295
42700,97, 343
42701,101, 568
42702,78, 591
42703,83, 566
42704,73, 453
42705,59, 481
42706,75, 386
42707,99, 361
42708,123, 269
42709,123, 27
42710,125, 0
42711,118, 0
42712,113, 0
42713,119, 0
42714,108, 0
42715,108, 0
42716,106, 0
42717,113, 0
42718,108, 0
42719,92, 0
42720,117, 0
42721,122, 185
42722,130, 102
42723,130, 214
42724,131, 236
42725,134, 127
42726,120, 3
42727,133, 0
42728,118, 0
42729,121, 0
42730,118, 0
42731,113, 0
42732,99, 0
42733,84, 0
42734,77, 0
42735,69, 0
42736,76, 0
42737,96, 0
42738,117, 0
42739,124, 0
42740,139, 0
42741,127, 0
42742,123, 0
42743,117, 0
42744,115, 0
42745,120, 0
42746,128, 0
42747,125, 0
42748,130, 0
42749,134, 0
42750,133, 0
42751,141, 0
42752,124, 0
42753,121, 0
42754,115, 0
42755,105, 0
42756,109, 0
42757,106, 0
42758,107, 0
42759,92, 0
42760,97, 0
42761,95, 0
42762,87, 0
42763,63, 0
42764,46, 94
42765,43, 25
42766,63, 342
42767,72, 261
42768,108, 103
42769,125, 184
42770,131, 210
42771,147, 554
42772,139, 843
42773,133, 815
42774,115, 607
42775,101, 498
42776,100, 415
42777,116, 283
42778,121, 157
42779,131, 21
42780,138, 5
42781,137, 0
42782,138, 0
42783,116, 0
42784,118, 0
42785,103, 0
42786,106, 0
42787,107, 0
42788,108, 0
42789,120, 0
42790,119, 0
42791,115, 0
42792,115, 0
42793,87, 0
42794,56, 0
42795,44, 22
42796,34, 119
42797,40, 143
42798,51, 8
42799,89, 0
42800,106, 0
42801,122, 0
42802,117, 0
42803,125, 0
42804,119, 0
42805,115, 0
42806,102, 0
42807,101, 0
42808,108, 0
42809,94, 0
42810,106, 0
42811,124, 0
42812,100, 0
42813,90, 0
42814,97, 0
42815,108, 0
42816,109, 0
42817,118, 0
42818,123, 0
42819,131, 0
42820,126, 0
42821,123, 0
42822,115, 0
42823,110, 0
42824,76, 0
42825,58, 0
42826,55, 0
42827,67, 411
42828,72, 348
42829,90, 221
42830,120, 109
42831,124, 0
42832,136, 0
42833,133, 0
42834,136, 0
42835,135, 0
42836,137, 0
42837,117, 0
42838,111, 0
42839,105, 0
42840,102, 0
42841,103, 0
42842,101, 0
42843,113, 183
42844,118, 509
42845,128, 594
42846,107, 667
42847,93, 441
42848,85, 270
42849,92, 214
42850,116, 183
42851,110, 130
42852,102, 72
42853,102, 5
42854,83, 0
42855,78, 88
42856,56, 5
42857,64, 145
42858,71, 131
42859,84, 28
42860,113, 0
42861,141, 0
42862,125, 0
42863,120, 0
42864,119, 0
42865,108, 0
42866,115, 0
42867,112, 0
42868,112, 0
42869,109, 0
42870,92, 0
42871,95, 0
42872,100, 0
42873,102, 0
42874,108, 0
42875,104, 0
42876,102, 0
42877,107, 0
42878,101, 0
42879,94, 0
42880,105, 0
42881,102, 0
42882,107, 0
42883,102, 0
42884,90, 0
42885,56, 52
42886,48, 161
42887,35, 52
42888,42, 6
42889,63, 47
42890,92, 0
42891,116, 0
42892,126, 0
42893,125, 0
42894,139, 0
42895,121, 0
42896,127, 0
42897,131, 0
42898,126, 0
42899,123, 0
42900,125, 0
42901,121, 0
42902,122, 0
42903,115, 0
42904,111, 0
42905,108, 0
42906,113, 0
42907,104, 0
42908,100, 0
42909,95, 0
42910,95, 0
42911,102, 117
42912,108, 166
42913,108, 184
42914,94, 0
42915,75, 0
42916,55, 0
42917,46, 0
42918,54, 0
42919,74, 0
42920,102, 0
42921,115, 0
42922,117, 0
42923,122, 0
42924,118, 0
42925,105, 0
42926,115, 0
42927,117, 0
42928,116, 0
42929,112, 7
42930,106, 14
42931,102, 70
42932,104, 75
42933,100, 0
42934,100, 0
42935,105, 0
42936,104, 0
42937,108, 0
42938,108, 0
42939,102, 0
42940,95, 0
42941,92, 0
42942,89, 0
42943,83, 351
42944,92, 282
42945,90, 323
42946,72, 420
42947,64, 307
42948,60, 56
42949,70, 199
42950,88, 1
42951,108, 0
42952,125, 0
42953,139, 0
42954,118, 0
42955,107, 0
42956,107, 0
42957,112, 0
42958,113, 0
42959,110, 0
42960,126, 0
42961,108, 0
42962,120, 0
42963,126, 0
42964,128, 0
42965,126, 0
42966,126, 0
42967,121, 0
42968,110, 0
42969,115, 77
42970,115, 287
42971,116, 452
42972,112, 339
42973,110, 345
42974,121, 487
42975,97, 647
42976,60, 624
42977,50, 571
42978,38, 505
42979,47, 415
42980,67, 356
42981,81, 189
42982,112, 0
42983,127, 0
42984,119, 0
42985,112, 0
42986,105, 0
42987,90, 0
42988,90, 0
42989,91, 0
42990,88, 0
42991,90, 0
42992,103, 0
42993,89, 0
42994,93, 0
42995,86, 0
42996,93, 0
42997,97, 0
42998,91, 0
42999,93, 0
43000,91, 0
43001,86, 38
43002,89, 52
43003,87, 17
43004,94, 0
43005,102, 0
43006,90, 0
43007,60, 0
43008,55, 6
43009,72, 46
43010,62, 13
43011,83, 0
43012,102, 0
43013,112, 0
43014,115, 0
43015,109, 0
43016,120, 0
43017,106, 0
43018,106, 0
43019,115, 0
43020,123, 0
43021,134, 11
43022,145, 0
43023,145, 0
43024,152, 0
43025,150, 0
43026,142, 0
43027,133, 0
43028,125, 0
43029,122, 0
43030,117, 0
43031,121, 0
43032,110, 0
43033,133, 0
43034,140, 0
43035,126, 63
43036,101, 8
43037,63, 100
43038,39, 145
43039,55, 308
43040,45, 128
43041,76, 108
43042,102, 0
43043,120, 0
43044,123, 0
43045,102, 0
43046,132, 0
43047,118, 0
43048,115, 0
43049,99, 0
43050,70, 0
43051,43, 0
43052,36, 0
43053,21, 0
43054,19, 0
43055,17, 0
43056,12, 0
43057,9, 0
43058,29, 0
43059,41, 12
43060,68, 71
43061,68, 240
43062,90, 287
43063,87, 103
43064,105, 103
43065,86, 22
43066,90, 21
43067,70, 35
43068,32, 183
43069,17, 20
43070,19, 48
43071,39, 123
43072,63, 0
43073,83, 0
43074,106, 0
43075,111, 0
43076,139, 0
43077,145, 0
43078,147, 0
43079,155, 0
43080,155, 0
43081,156, 0
43082,145, 1
43083,131, 1
43084,112, 0
43085,118, 0
43086,112, 1
43087,118, 0
43088,128, 0
43089,136, 0
43090,128, 0
43091,134, 0
43092,129, 0
43093,120, 0
43094,95, 0
43095,89, 0
43096,72, 0
43097,69, 0
43098,57, 0
43099,42, 0
43100,41, 0
43101,56, 0
43102,74, 0
43103,105, 0
43104,132, 0
43105,152, 0
43106,152, 0
43107,151, 0
43108,139, 0
43109,139, 0
43110,133, 0
43111,123, 0
43112,109, 0
43113,101, 0
43114,96, 0
43115,95, 0
43116,106, 0
43117,112, 170
43118,106, 158
43119,109, 164
43120,108, 44
43121,121, 0
43122,113, 0
43123,122, 0
43124,113, 0
43125,102, 31
43126,95, 154
43127,88, 287
43128,75, 530
43129,28, 529
43130,18, 454
43131,18, 318
43132,6, 292
43133,31, 131
43134,80, 44
43135,89, 0
43136,95, 0
43137,108, 0
43138,128, 0
43139,115, 0
43140,117, 0
43141,110, 0
43142,100, 0
43143,99, 0
43144,101, 0
43145,90, 0
43146,107, 0
43147,103, 0
43148,101, 0
43149,111, 0
43150,128, 0
43151,127, 0
43152,128, 0
43153,118, 0
43154,115, 0
43155,125, 0
43156,121, 0
43157,131, 0
43158,124, 0
43159,108, 0
43160,95, 10
43161,87, 0
43162,90, 0
43163,94, 0
43164,115, 0
43165,132, 0
43166,127, 0
43167,119, 0
43168,138, 0
43169,132, 0
43170,116, 0
43171,103, 0
43172,91, 0
43173,81, 0
43174,97, 0
43175,102, 0
43176,115, 0
43177,117, 0
43178,109, 0
43179,104, 0
43180,101, 10
43181,99, 12
43182,90, 0
43183,89, 0
43184,85, 0
43185,88, 0
43186,83, 0
43187,99, 0
43188,89, 0
43189,76, 0
43190,50, 25
43191,36, 70
43192,34, 156
43193,50, 308
43194,48, 61
43195,71, 0
43196,92, 0
43197,102, 0
43198,99, 0
43199,119, 36
43200,121, 80
43201,125, 195
43202,130, 164
43203,113, 12
43204,110, 0
43205,119, 0
43206,123, 0
43207,121, 0
43208,123, 0
43209,109, 0
43210,122, 0
43211,121, 0
43212,112, 0
43213,115, 0
43214,117, 0
43215,116, 0
43216,131, 0
43217,129, 0
43218,135, 0
43219,119, 0
43220,100, 0
43221,77, 0
43222,60, 0
43223,67, 0
43224,74, 0
43225,107, 0
43226,122, 0
43227,139, 0
43228,160, 0
43229,159, 0
43230,150, 0
43231,148, 0
43232,136, 0
43233,125, 0
43234,110, 0
43235,103, 0
43236,96, 0
43237,97, 0
43238,96, 0
43239,94, 0
43240,89, 0
43241,89, 0
43242,87, 0
43243,75, 0
43244,76, 0
43245,65, 0
43246,63, 0
43247,70, 0
43248,83, 0
43249,92, 0
43250,69, 0
43251,53, 25
43252,53, 117
43253,43, 0
43254,38, 0
43255,63, 0
43256,93, 0
43257,112, 0
43258,132, 9
43259,132, 76
43260,138, 206
43261,141, 107
43262,140, 25
43263,132, 0
43264,120, 0
43265,124, 0
43266,122, 0
43267,124, 0
43268,129, 0
43269,129, 0
43270,130, 0
43271,134, 0
43272,135, 0
43273,125, 0
43274,123, 0
43275,110, 0
43276,105, 0
43277,101, 0
43278,122, 9
43279,111, 357
43280,106, 449
43281,69, 293
43282,42, 159
43283,44, 115
43284,51, 92
43285,57, 75
43286,90, 0
43287,111, 0
43288,129, 0
43289,139, 0
43290,136, 0
43291,139, 0
43292,135, 0
43293,137, 0
43294,136, 0
43295,133, 0
43296,134, 0
43297,136, 0
43298,139, 0
43299,142, 0
43300,150, 0
43301,152, 0
43302,147, 0
43303,132, 0
43304,104, 0
43305,89, 0
43306,76, 0
43307,78, 0
43308,80, 0
43309,68, 0
43310,59, 0
43311,38, 0
43312,23, 0
43313,17, 0
43314,25, 0
43315,34, 0
43316,54, 0
43317,74, 0
43318,78, 2
43319,76, 164
43320,59, 234
43321,53, 240
43322,44, 191
43323,60, 214
43324,70, 218
43325,70, 91
43326,86, 0
43327,92, 0
43328,84, 0
43329,89, 0
43330,91, 0
43331,102, 0
43332,110, 0
43333,130, 0
43334,141, 0
43335,144, 0
43336,150, 0
43337,131, 0
43338,134, 0
43339,143, 0
43340,153, 0
43341,145, 0
43342,129, 0
43343,108, 0
43344,113, 0
43345,118, 89
43346,129, 99
43347,165, 17
43348,193, 0
43349,204, 0
43350,200, 0
43351,196, 0
43352,183, 0
43353,181, 0
43354,176, 0
43355,175, 0
43356,176, 0
43357,170, 0
43358,166, 0
43359,179, 0
43360,160, 0
43361,150, 0
43362,141, 0
43363,131, 0
43364,115, 0
43365,106, 0
43366,90, 0
43367,60, 0
43368,45, 0
43369,38, 0
43370,32, 0
43371,31, 0
43372,12, 0
43373,7, 179
43374,7, 57
43375,19, 187
43376,38, 336
43377,50, 0
43378,99, 0
43379,124, 0
43380,154, 0
43381,159, 0
43382,159, 0
43383,161, 0
43384,165, 0
43385,174, 1
43386,189, 0
43387,210, 0
43388,231, 0
43389,228, 0
43390,218, 0
43391,222, 0
43392,218, 0
43393,221, 0
43394,214, 0
43395,212, 0
43396,202, 0
43397,183, 0
43398,158, 0
43399,159, 0
43400,159, 0
43401,140, 0
43402,74, 0
43403,5, 0
43404,0, 0
43405,25, 0
43406,27, 0
43407,5, 0
43408,0, 0
43409,0, 0
43410,0, 0
43411,0, 0
43412,0, 0
43413,0, 0
43414,0, 0
43415,2, 0
43416,4, 0
43417,10, 0
43418,31, 0
43419,57, 0
43420,83, 0
43421,101, 0
43422,117, 0
43423,133, 0
43424,145, 0
43425,163, 0
43426,183, 0
43427,197, 0
43428,204, 0
43429,220, 0
43430,226, 0
43431,228, 0
43432,199, 0
43433,189, 0
43434,159, 176
43435,127, 233
43436,102, 156
43437,108, 122
43438,113, 51
43439,127, 0
43440,134, 0
43441,134, 0
43442,123, 0
43443,95, 0
43444,71, 0
43445,83, 0
43446,99, 0
43447,115, 0
43448,127, 0
43449,139, 0
43450,151, 0
43451,165, 0
43452,168, 0
43453,159, 0
43454,174, 0
43455,176, 0
43456,177, 0
43457,177, 0
43458,167, 0
43459,174, 0
43460,168, 0
43461,164, 0
43462,144, 0
43463,108, 41
43464,47, 155
43465,4, 109
43466,0, 115
43467,0, 37
43468,0, 10
43469,3, 0
43470,31, 0
43471,51, 0
43472,70, 0
43473,92, 0
43474,105, 0
43475,118, 0
43476,126, 0
43477,132, 0
43478,139, 0
43479,145, 0
43480,142, 0
43481,144, 0
43482,145, 0
43483,143, 0
43484,132, 0
43485,126, 0
43486,111, 0
43487,92, 0
43488,60, 0
43489,15, 0
43490,0, 0
43491,0, 0
43492,0, 0
43493,2, 0
43494,8, 0
43495,10, 0
43496,26, 6
43497,50, 23
43498,54, 115
43499,83, 0
43500,102, 0
43501,115, 0
43502,102, 0
43503,115, 4
43504,115, 0
43505,125, 0
43506,139, 0
43507,158, 0
43508,156, 0
43509,160, 0
43510,158, 0
43511,145, 0
43512,140, 0
43513,135, 0
43514,135, 0
43515,132, 0
43516,139, 0
43517,142, 0
43518,153, 0
43519,170, 0
43520,185, 0
43521,212, 0
43522,195, 0
43523,158, 0
43524,139, 0
43525,113, 0
43526,122, 0
43527,147, 0
43528,176, 0
43529,193, 0
43530,214, 0
43531,237, 0
43532,205, 0
43533,160, 0
43534,139, 0
43535,117, 0
43536,105, 0
43537,97, 0
43538,102, 0
43539,123, 64
43540,132, 47
43541,133, 14
43542,124, 0
43543,96, 0
43544,86, 0
43545,74, 0
43546,87, 0
43547,106, 0
43548,122, 0
43549,127, 0
43550,134, 0
43551,158, 0
43552,152, 0
43553,147, 0
43554,126, 0
43555,111, 14
43556,81, 106
43557,76, 186
43558,70, 265
43559,70, 311
43560,71, 215
43561,75, 182
43562,71, 138
43563,64, 55
43564,60, 1
43565,63, 0
43566,83, 0
43567,93, 0
43568,104, 0
43569,123, 0
43570,127, 0
43571,135, 0
43572,133, 0
43573,117, 0
43574,120, 0
43575,102, 0
43576,81, 0
43577,65, 0
43578,54, 0
43579,68, 0
43580,76, 0
43581,92, 0
43582,102, 0
43583,109, 0
43584,119, 0
43585,122, 0
43586,109, 0
43587,103, 0
43588,96, 0
43589,99, 0
43590,99, 0
43591,118, 0
43592,128, 0
43593,121, 0
43594,132, 0
43595,152, 0
43596,164, 0
43597,177, 0
43598,166, 0
43599,148, 0
43600,118, 0
43601,104, 0
43602,97, 0
43603,115, 0
43604,127, 0
43605,137, 0
43606,136, 0
43607,148, 0
43608,148, 0
43609,141, 0
43610,130, 0
43611,64, 0
43612,41, 0
43613,35, 0
43614,35, 0
43615,38, 0
43616,29, 169
43617,26, 145
43618,40, 145
43619,48, 183
43620,78, 126
43621,96, 0
43622,119, 0
43623,113, 0
43624,122, 0
43625,102, 0
43626,92, 0
43627,70, 0
43628,67, 0
43629,32, 0
43630,35, 0
43631,47, 0
43632,70, 0
43633,83, 0
43634,84, 0
43635,95, 0
43636,101, 0
43637,95, 0
43638,96, 0
43639,95, 0
43640,101, 0
43641,99, 0
43642,95, 0
43643,92, 0
43644,75, 0
43645,79, 0
43646,64, 0
43647,48, 0
43648,70, 0
43649,79, 0
43650,99, 0
43651,118, 0
43652,136, 0
43653,151, 0
43654,170, 0
43655,182, 0
43656,201, 0
43657,218, 0
43658,238, 0
43659,251, 0
43660,260, 0
43661,255, 0
43662,212, 0
43663,151, 0
43664,105, 0
43665,71, 0
43666,53, 29
43667,51, 0
43668,63, 0
43669,76, 0
43670,104, 0
43671,122, 0
43672,138, 0
43673,151, 0
43674,169, 0
43675,166, 0
43676,154, 0
43677,104, 35
43678,63, 168
43679,34, 220
43680,34, 124
43681,53, 136
43682,81, 17
43683,109, 27
43684,115, 1
43685,118, 0
43686,108, 0
43687,89, 0
43688,85, 0
43689,75, 0
43690,84, 0
43691,92, 0
43692,108, 0
43693,139, 0
43694,147, 0
43695,170, 0
43696,180, 0
43697,183, 0
43698,161, 0
43699,145, 0
43700,135, 0
43701,132, 0
43702,137, 0
43703,151, 0
43704,158, 0
43705,158, 0
43706,151, 0
43707,115, 0
43708,63, 0
43709,23, 0
43710,10, 0
43711,20, 0
43712,44, 0
43713,86, 0
43714,115, 0
43715,144, 0
43716,157, 0
43717,173, 0
43718,195, 0
43719,189, 0
43720,177, 0
43721,172, 0
43722,150, 0
43723,153, 80
43724,153, 106
43725,158, 148
43726,149, 54
43727,124, 0
43728,106, 0
43729,90, 0
43730,84, 0
43731,74, 0
43732,78, 0
43733,45, 0
43734,50, 0
43735,44, 0
43736,41, 0
43737,34, 25
43738,7, 76
43739,0, 211
43740,0, 223
43741,0, 54
43742,1, 137
43743,25, 0
43744,73, 0
43745,103, 0
43746,140, 0
43747,136, 0
43748,145, 0
43749,133, 0
43750,136, 0
43751,133, 0
43752,127, 0
43753,109, 0
43754,107, 0
43755,102, 0
43756,105, 0
43757,106, 0
43758,109, 0
43759,99, 0
43760,100, 0
43761,84, 0
43762,69, 0
43763,60, 0
43764,75, 0
43765,94, 0
43766,111, 0
43767,144, 0
43768,129, 0
43769,129, 0
43770,120, 0
43771,108, 0
43772,108, 0
43773,103, 0
43774,121, 0
43775,119, 0
43776,115, 0
43777,89, 0
43778,70, 0
43779,55, 0
43780,64, 0
43781,77, 0
43782,88, 0
43783,94, 0
43784,96, 0
43785,96, 0
43786,91, 0
43787,92, 0
43788,84, 0
43789,95, 0
43790,109, 0
43791,133, 0
43792,153, 0
43793,171, 0
43794,191, 0
43795,193, 0
43796,188, 0
43797,176, 0
43798,166, 0
43799,151, 0
43800,150, 0
43801,147, 0
43802,188, 0
43803,237, 0
43804,279, 0
43805,315, 0
43806,330, 0
43807,318, 0
43808,295, 0
43809,306, 217
43810,257, 385
43811,202, 447
43812,138, 574
43813,70, 464
43814,9, 253
43815,0, 120
43816,2, 5
43817,23, 0
43818,42, 0
43819,41, 0
43820,23, 0
43821,27, 0
43822,51, 0
43823,68, 0
43824,67, 0
43825,19, 0
43826,0, 0
43827,3, 0
43828,41, 3
43829,53, 222
43830,43, 158
43831,30, 183
43832,44, 139
43833,71, 63
43834,86, 0
43835,119, 0
43836,139, 0
43837,136, 0
43838,137, 0
43839,150, 0
43840,153, 0
43841,186, 0
43842,214, 0
43843,236, 0
43844,254, 0
43845,268, 0
43846,263, 0
43847,239, 0
43848,237, 0
43849,238, 0
43850,269, 0
43851,286, 0
43852,282, 0
43853,273, 0
43854,263, 0
43855,244, 0
43856,236, 164
43857,198, 355
43858,148, 678
43859,88, 806
43860,2, 485
43861,0, 255
43862,0, 54
43863,0, 0
43864,0, 0
43865,50, 0
43866,93, 0
43867,132, 0
43868,151, 0
43869,175, 0
43870,172, 0
43871,163, 0
43872,176, 0
43873,143, 0
43874,150, 0
43875,158, 0
43876,164, 0
43877,164, 0
43878,167, 0
43879,159, 0
43880,151, 0
43881,133, 0
43882,117, 0
43883,101, 0
43884,83, 0
43885,68, 0
43886,56, 0
43887,63, 0
43888,112, 165
43889,127, 83
43890,143, 159
43891,163, 153
43892,196, 99
43893,218, 23
43894,229, 0
43895,224, 0
43896,220, 0
43897,188, 0
43898,199, 0
43899,170, 0
43900,148, 0
43901,119, 0
43902,106, 0
43903,118, 0
43904,95, 0
43905,88, 0
43906,71, 0
43907,46, 0
43908,12, 0
43909,0, 0
43910,0, 0
43911,0, 0
43912,0, 0
43913,0, 0
43914,0, 0
43915,27, 0
43916,70, 0
43917,97, 0
43918,120, 0
43919,139, 0
43920,134, 0
43921,110, 0
43922,58, 0
43923,18, 0
43924,3, 215
43925,8, 477
43926,35, 665
43927,75, 779
43928,92, 570
43929,115, 361
43930,137, 295
43931,117, 127
43932,88, 2
43933,75, 0
43934,83, 0
43935,127, 0
43936,164, 0
43937,196, 0
43938,208, 0
43939,195, 0
43940,179, 0
43941,156, 0
43942,113, 0
43943,77, 0
43944,43, 0
43945,2, 0
43946,0, 0
43947,0, 0
43948,0, 0
43949,22, 165
43950,74, 291
43951,123, 348
43952,145, 374
43953,182, 352
43954,217, 102
43955,265, 7
43956,270, 0
43957,261, 0
43958,198, 0
43959,158, 0
43960,115, 0
43961,92, 0
43962,58, 0
43963,13, 0
43964,0, 0
43965,0, 0
43966,22, 0
43967,89, 0
43968,122, 0
43969,113, 0
43970,59, 0
43971,3, 0
43972,1, 5
43973,37, 92
43974,69, 0
43975,85, 0
43976,116, 0
43977,173, 0
43978,219, 0
43979,264, 0
43980,291, 0
43981,280, 0
43982,276, 0
43983,276, 0
43984,275, 0
43985,246, 7
43986,203, 92
43987,165, 34
43988,140, 8
43989,119, 0
43990,92, 0
43991,84, 0
43992,63, 0
43993,51, 0
43994,58, 0
43995,65, 0
43996,74, 0
43997,79, 0
43998,105, 0
43999,159, 0
44000,238, 0
44001,346, 0
44002,384, 0
44003,377, 0
44004,361, 0
44005,385, 0
44006,386, 0
44007,421, 0
44008,416, 0
44009,378, 0
44010,304, 3
44011,213, 182
44012,123, 376
44013,41, 473
44014,11, 543
44015,14, 607
44016,15, 561
44017,0, 186
44018,0, 0
44019,10, 0
44020,12, 0
44021,7, 0
44022,0, 0
44023,2, 0
44024,19, 0
44025,14, 0
44026,4, 0
44027,1, 0
44028,21, 0
44029,43, 0
44030,52, 0
44031,69, 0
44032,86, 0
44033,111, 0
44034,128, 44
44035,139, 84
44036,158, 0
44037,229, 0
44038,311, 0
44039,383, 0
44040,411, 0
44041,391, 0
44042,361, 0
44043,276, 0
44044,189, 0
44045,101, 47
44046,29, 277
44047,0, 120
44048,0, 0
44049,0, 0
44050,0, 0
44051,0, 0
44052,21, 0
44053,105, 0
44054,181, 0
44055,206, 0
44056,182, 0
44057,121, 0
44058,76, 0
44059,118, 0
44060,270, 0
44061,441, 0
44062,569, 0
44063,664, 0
44064,677, 0
44065,679, 0
44066,656, 0
44067,614, 0
44068,542, 0
44069,464, 0
44070,387, 0
44071,321, 0
44072,238, 0
44073,89, 0
44074,21, 0
44075,207, 0
44076,430, 0
44077,589, 0
44078,561, 0
44079,376, 0
44080,100, 0
44081,99, 0
44082,319, 0
44083,435, 2
44084,529, 363
44085,598, 466
44086,671, 430
44087,685, 470
44088,591, 469
44089,433, 294
44090,236, 62
44091,45, 0
44092,44, 0
44093,243, 0
44094,460, 0
44095,645, 0
44096,792, 0
44097,878, 0
44098,944, 0
44099,932, 0
44100,805, 0
44101,586, 0
44102,347, 0
44103,188, 0
44104,126, 0
44105,99, 0
44106,77, 0
44107,37, 0
44108,15, 0
44109,0, 0
44110,0, 0
44111,0, 0
44112,0, 286
44113,65, 307
44114,306, 271
44115,630, 313
44116,895, 147
44117,998, 23
44118,960, 0
44119,901, 0
44120,847, 0
44121,829, 0
44122,816, 0
44123,786, 0
44124,737, 0
44125,640, 0
44126,468, 0
44127,219, 0
44128,42, 0
44129,308, 0
44130,613, 4
44131,827, 103
44132,891, 176
44133,888, 4
44134,815, 0
44135,704, 0
44136,537, 0
44137,316, 0
44138,83, 0
44139,102, 0
44140,333, 0
44141,491, 0
44142,575, 0
44143,526, 0
44144,393, 0
44145,240, 0
44146,110, 0
44147,11, 0
44148,6, 0
44149,70, 0
44150,126, 0
44151,127, 0
44152,95, 0
44153,53, 0
44154,41, 0
44155,52, 25
44156,58, 215
44157,15, 295
44158,2, 334
44159,2, 328
44160,22, 278
44161,46, 81
44162,61, 0
44163,43, 0
44164,7, 0
44165,2, 0
44166,106, 0
44167,246, 0
44168,373, 0
44169,469, 0
44170,548, 0
44171,589, 0
44172,585, 0
44173,553, 0
44174,519, 0
44175,451, 0
44176,364, 0
44177,301, 0
44178,284, 0
44179,325, 0
44180,469, 0
44181,678, 0
44182,847, 0
44183,918, 0
44184,936, 0
44185,1007, 0
44186,1062, 0
44187,1082, 0
44188,1034, 0
44189,938, 0
44190,786, 0
44191,597, 0
44192,376, 0
44193,115, 0
44194,59, 1
44195,274, 0
44196,420, 0
44197,495, 0
44198,499, 0
44199,501, 0
44200,494, 0
44201,441, 0
44202,367, 0
44203,242, 0
44204,55, 0
44205,45, 0
44206,218, 0
44207,371, 0
44208,498, 0
44209,573, 0
44210,601, 0
44211,562, 0
44212,497, 0
44213,410, 0
44214,282, 0
44215,108, 0
44216,7, 0
44217,136, 0
44218,289, 0
44219,423, 0
44220,453, 0
44221,364, 3
44222,208, 0
44223,79, 0
44224,7, 0
44225,1, 4
44226,0, 94
44227,0, 92
44228,6, 59
44229,0, 23
44230,0, 0
44231,0, 0
44232,0, 0
44233,0, 0
44234,1, 0
44235,1, 14
44236,0, 42
44237,44, 31
44238,128, 0
44239,160, 0
44240,94, 0
44241,12, 0
44242,197, 0
44243,414, 0
44244,569, 0
44245,663, 0
44246,788, 0
44247,922, 0
44248,992, 0
44249,1017, 0
44250,1081, 0
44251,1108, 0
44252,1043, 1
44253,885, 0
44254,684, 21
44255,563, 0
44256,524, 0
44257,562, 0
44258,620, 0
44259,625, 0
44260,633, 0
44261,669, 0
44262,664, 0
44263,570, 0
44264,318, 0
44265,69, 0
44266,11, 0
44267,83, 0
44268,204, 0
44269,385, 0
44270,591, 0
44271,774, 0
44272,942, 0
44273,1091, 0
44274,1175, 0
44275,1156, 0
44276,1057, 0
44277,895, 0
44278,675, 0
44279,361, 0
44280,89, 0
44281,35, 0
44282,149, 0
44283,175, 89
44284,144, 306
44285,79, 266
44286,9, 532
44287,25, 460
44288,133, 401
44289,205, 73
44290,259, 14
44291,275, 17
44292,257, 0
44293,204, 0
44294,136, 0
44295,39, 0
44296,0, 0
44297,0, 0
44298,12, 0
44299,43, 0
44300,106, 0
44301,199, 0
44302,326, 0
44303,513, 0
44304,784, 0
44305,1021, 0
44306,1163, 0
44307,1141, 0
44308,1043, 7
44309,879, 105
44310,698, 268
44311,494, 198
44312,291, 90
44313,145, 9
44314,39, 0
44315,0, 0
44316,7, 0
44317,97, 0
44318,247, 0
44319,442, 0
44320,689, 0
44321,864, 0
44322,879, 0
44323,716, 0
44324,414, 0
44325,102, 0
44326,91, 0
44327,325, 0
44328,461, 0
44329,453, 0
44330,334, 0
44331,128, 0
44332,12, 0
44333,148, 0
44334,264, 0
44335,325, 0
44336,312, 0
44337,233, 0
44338,129, 0
44339,19, 0
44340,0, 3
44341,57, 4
44342,140, 0
44343,175, 1
44344,160, 0
44345,102, 0
44346,18, 0
44347,0, 0
44348,5, 0
44349,57, 83
44350,190, 159
44351,294, 427
44352,363, 272
44353,389, 99
44354,385, 4
44355,314, 0
44356,187, 0
44357,20, 0
44358,147, 0
44359,330, 0
44360,395, 0
44361,313, 0
44362,143, 0
44363,43, 0
44364,255, 0
44365,361, 0
44366,357, 0
44367,285, 0
44368,167, 2
44369,20, 0
44370,193, 0
44371,494, 0
44372,716, 0
44373,790, 0
44374,716, 0
44375,527, 0
44376,284, 0
44377,59, 0
44378,0, 0
44379,0, 0
44380,0, 0
44381,0, 0
44382,0, 0
44383,6, 0
44384,90, 0
44385,278, 0
44386,464, 0
44387,606, 0
44388,683, 6
44389,689, 17
44390,668, 83
44391,642, 0
44392,630, 0
44393,610, 0
44394,547, 0
44395,484, 0
44396,436, 0
44397,497, 0
44398,730, 0
44399,935, 0
44400,996, 0
44401,974, 0
44402,957, 0
44403,902, 0
44404,735, 0
44405,488, 0
44406,210, 0
44407,32, 0
44408,272, 57
44409,523, 138
44410,597, 306
44411,522, 158
44412,398, 3
44413,283, 0
44414,229, 0
44415,240, 0
44416,270, 0
44417,291, 0
44418,287, 0
44419,263, 0
44420,141, 0
44421,6, 0
44422,142, 0
44423,468, 0
44424,853, 0
44425,1204, 0
44426,1462, 0
44427,1644, 0
44428,1669, 0
44429,1464, 0
44430,1059, 0
44431,584, 0
44432,120, 0
44433,254, 0
44434,628, 0
44435,855, 0
44436,927, 0
44437,854, 0
44438,687, 0
44439,486, 0
44440,251, 0
44441,26, 0
44442,134, 0
44443,287, 0
44444,330, 0
44445,287, 0
44446,234, 0
44447,131, 0
44448,25, 0
44449,233, 0
44450,469, 0
44451,562, 0
44452,564, 0
44453,501, 0
44454,415, 108
44455,375, 219
44456,391, 128
44457,376, 38
44458,249, 0
44459,53, 0
44460,50, 0
44461,182, 0
44462,267, 0
44463,297, 0
44464,338, 0
44465,428, 0
44466,514, 0
44467,535, 0
44468,529, 0
44469,501, 43
44470,441, 170
44471,325, 351
44472,180, 353
44473,23, 184
44474,71, 6
44475,174, 0
44476,189, 0
44477,133, 0
44478,57, 0
44479,0, 0
44480,41, 0
44481,133, 0
44482,211, 0
44483,231, 0
44484,219, 0
44485,203, 0
44486,188, 0
44487,149, 0
44488,117, 0
44489,129, 73
44490,379, 87
44491,785, 164
44492,1280, 0
44493,1815, 0
44494,2263, 0
44495,2374, 0
44496,2361, 0
44497,2231, 0
44498,1636, 0
44499,962, 0
44500,231, 0
44501,541, 0
44502,1163, 0
44503,1531, 0
44504,1564, 0
44505,1363, 0
44506,1083, 0
44507,859, 0
44508,664, 0
44509,505, 0
44510,376, 0
44511,273, 0
44512,240, 0
44513,251, 0
44514,293, 0
44515,307, 0
44516,302, 0
44517,220, 0
44518,119, 0
44519,25, 0
44520,55, 0
44521,282, 0
44522,487, 0
44523,578, 0
44524,571, 0
44525,525, 22
44526,482, 80
44527,372, 85
44528,137, 37
44529,74, 24
44530,315, 88
44531,484, 101
44532,493, 38
44533,323, 0
44534,63, 0
44535,133, 0
44536,300, 0
44537,271, 0
44538,100, 0
44539,23, 0
44540,216, 0
44541,359, 0
44542,371, 0
44543,276, 0
44544,154, 0
44545,88, 0
44546,102, 0
44547,123, 0
44548,92, 0
44549,19, 0
44550,73, 0
44551,267, 0
44552,385, 0
44553,439, 0
44554,540, 0
44555,747, 0
44556,918, 0
44557,922, 0
44558,764, 0
44559,513, 0
44560,304, 0
44561,123, 0
44562,10, 0
44563,27, 71
44564,132, 47
44565,72, 12
44566,57, 0
44567,373, 1
44568,657, 106
44569,874, 477
44570,1018, 276
44571,1009, 257
44572,914, 215
44573,835, 177
44574,741, 38
44575,627, 75
44576,430, 72
44577,232, 74
44578,83, 0
44579,15, 19
44580,161, 24
44581,420, 0
44582,630, 22
44583,747, 0
44584,935, 1078
44585,947, 1605
44586,679, 792
44587,287, 269
44588,53, 37
44589,287, 0
44590,469, 0
44591,497, 0
44592,401, 0
44593,221, 0
44594,44, 0
44595,140, 0
44596,365, 0
44597,435, 0
44598,385, 0
44599,251, 0
44600,57, 0
44601,133, 0
44602,363, 0
44603,558, 0
44604,625, 0
44605,553, 0
44606,318, 0
44607,56, 0
44608,295, 0
44609,452, 0
44610,426, 0
44611,298, 0
44612,115, 0
44613,37, 0
44614,263, 0
44615,586, 0
44616,794, 0
44617,823, 0
44618,732, 0
44619,594, 0
44620,401, 0
44621,95, 0
44622,175, 39
44623,420, 32
44624,481, 0
44625,379, 44
44626,195, 3
44627,21, 0
44628,173, 0
44629,398, 0
44630,614, 0
44631,730, 0
44632,749, 0
44633,697, 0
44634,580, 0
44635,420, 0
44636,249, 0
44637,64, 0
44638,32, 0
44639,163, 0
44640,237, 0
44641,204, 11
44642,91, 0
44643,0, 0
44644,81, 0
44645,254, 0
44646,420, 0
44647,499, 0
44648,483, 0
44649,400, 0
44650,326, 4
44651,338, 71
44652,398, 129
44653,424, 231
44654,416, 316
44655,349, 131
44656,306, 228
44657,361, 138
44658,524, 102
44659,721, 59
44660,944, 6
44661,1134, 0
44662,1175, 0
44663,1064, 0
44664,809, 0
44665,410, 0
44666,53, 0
44667,330, 0
44668,537, 0
44669,536, 0
44670,414, 0
44671,255, 0
44672,125, 0
44673,55, 0
44674,6, 0
44675,0, 0
44676,0, 0
44677,0, 0
44678,0, 0
44679,86, 0
44680,344, 0
44681,596, 0
44682,751, 0
44683,756, 0
44684,585, 0
44685,302, 0
44686,54, 0
44687,331, 0
44688,523, 0
44689,587, 0
44690,618, 0
44691,623, 4
44692,617, 0
44693,628, 4
44694,647, 0
44695,614, 0
44696,521, 0
44697,414, 1
44698,286, 0
44699,92, 0
44700,123, 0
44701,419, 0
44702,604, 0
44703,677, 0
44704,694, 0
44705,597, 0
44706,327, 14
44707,41, 51
44708,136, 70
44709,304, 21
44710,418, 6
44711,336, 0
44712,71, 41
44713,263, 127
44714,562, 249
44715,651, 312
44716,535, 416
44717,279, 446
44718,38, 334
44719,184, 220
44720,371, 153
44721,385, 35
44722,248, 8
44723,44, 0
44724,41, 0
44725,110, 0
44726,130, 0
44727,119, 0
44728,95, 0
44729,51, 0
44730,21, 0
44731,50, 0
44732,142, 0
44733,282, 0
44734,391, 0
44735,512, 0
44736,594, 0
44737,650, 0
44738,645, 0
44739,549, 0
44740,361, 0
44741,124, 0
44742,0, 0
44743,1, 0
44744,19, 0
44745,176, 0
44746,381, 0
44747,507, 0
44748,517, 0
44749,457, 0
44750,378, 0
44751,243, 0
44752,83, 0
44753,2, 0
44754,2, 0
44755,74, 0
44756,311, 0
44757,598, 0
44758,840, 0
44759,1051, 0
44760,1268, 0
44761,1409, 0
44762,1402, 0
44763,1228, 0
44764,883, 0
44765,472, 22
44766,80, 248
44767,343, 433
44768,725, 387
44769,1029, 285
44770,1172, 239
44771,1074, 242
44772,834, 274
44773,555, 248
44774,290, 348
44775,92, 557
44776,2, 582
44777,18, 607
44778,63, 689
44779,84, 568
44780,36, 172
44781,14, 0
44782,28, 0
44783,55, 0
44784,56, 0
44785,15, 0
44786,0, 0
44787,24, 0
44788,88, 0
44789,133, 0
44790,198, 0
44791,257, 0
44792,311, 0
44793,337, 0
44794,283, 0
44795,183, 0
44796,51, 0
44797,0, 0
44798,0, 0
44799,0, 0
44800,0, 0
44801,23, 0
44802,150, 0
44803,287, 0
44804,336, 0
44805,289, 0
44806,254, 22
44807,287, 88
44808,306, 218
44809,183, 68
44810,17, 0
44811,21, 0
44812,38, 0
44813,8, 0
44814,164, 0
44815,403, 0
44816,548, 0
44817,607, 0
44818,619, 0
44819,540, 0
44820,362, 0
44821,138, 0
44822,6, 0
44823,81, 17
44824,116, 20
44825,134, 75
44826,126, 6
44827,69, 0
44828,4, 0
44829,92, 0
44830,238, 0
44831,321, 0
44832,315, 0
44833,334, 0
44834,406, 0
44835,467, 0
44836,522, 0
44837,570, 0
44838,552, 0
44839,501, 0
44840,398, 0
44841,189, 0
44842,9, 0
44843,95, 0
44844,172, 0
44845,193, 57
44846,139, 201
44847,17, 460
44848,51, 676
44849,130, 529
44850,139, 287
44851,125, 109
44852,84, 24
44853,51, 9
44854,37, 0
44855,123, 0
44856,277, 103
44857,396, 263
44858,384, 286
44859,271, 259
44860,193, 159
44861,158, 27
44862,88, 0
44863,3, 0
44864,85, 0
44865,70, 0
44866,2, 0
44867,163, 0
44868,321, 0
44869,295, 0
44870,157, 0
44871,0, 0
44872,4, 0
44873,3, 0
44874,0, 0
44875,0, 0
44876,71, 0
44877,253, 0
44878,509, 0
44879,702, 0
44880,742, 0
44881,620, 0
44882,367, 0
44883,86, 0
44884,44, 0
44885,127, 0
44886,108, 0
44887,84, 0
44888,76, 12
44889,95, 5
44890,57, 0
44891,6, 0
44892,1, 0
44893,0, 0
44894,27, 0
44895,109, 0
44896,141, 0
44897,90, 0
44898,17, 0
44899,141, 0
44900,203, 61
44901,115, 0
44902,18, 0
44903,0, 0
44904,0, 0
44905,42, 0
44906,129, 0
44907,221, 12
44908,274, 2
44909,301, 198
44910,312, 375
44911,264, 307
44912,185, 331
44913,54, 248
44914,20, 44
44915,109, 0
44916,131, 0
44917,26, 0
44918,12, 0
44919,139, 0
44920,291, 0
44921,445, 0
44922,562, 0
44923,605, 0
44924,594, 0
44925,558, 0
44926,430, 0
44927,188, 0
44928,24, 0
44929,135, 0
44930,327, 83
44931,415, 0
44932,410, 0
44933,317, 0
44934,232, 0
44935,179, 0
44936,59, 0
44937,86, 0
44938,349, 0
44939,529, 0
44940,587, 0
44941,546, 0
44942,438, 0
44943,305, 0
44944,196, 0
44945,145, 0
44946,169, 0
44947,203, 0
44948,220, 0
44949,208, 0
44950,208, 0
44951,244, 0
44952,277, 0
44953,277, 0
44954,266, 0
44955,237, 125
44956,183, 130
44957,179, 265
44958,211, 355
44959,243, 381
44960,267, 264
44961,270, 232
44962,276, 171
44963,253, 31
44964,218, 0
44965,170, 0
44966,127, 0
44967,104, 0
44968,155, 0
44969,235, 0
44970,322, 0
44971,407, 0
44972,542, 0
44973,624, 15
44974,589, 409
44975,433, 606
44976,189, 406
44977,10, 343
44978,71, 201
44979,228, 0
44980,361, 0
44981,427, 0
44982,370, 0
44983,125, 0
44984,164, 0
44985,515, 0
44986,682, 0
44987,612, 0
44988,398, 220
44989,84, 446
44990,248, 365
44991,521, 456
44992,676, 274
44993,644, 5
44994,499, 0
44995,295, 0
44996,62, 0
44997,85, 0
44998,286, 0
44999,365, 0
45000,268, 0
45001,55, 0
45002,54, 0
45003,138, 0
45004,139, 0
45005,62, 0
45006,0, 0
45007,102, 0
45008,245, 0
45009,376, 0
45010,490, 0
45011,533, 0
45012,466, 0
45013,309, 0
45014,121, 0
45015,5, 0
45016,8, 0
45017,5, 0
45018,0, 0
45019,104, 0
45020,391, 0
45021,663, 0
45022,809, 0
45023,822, 0
45024,721, 31
45025,512, 183
45026,212, 403
45027,60, 132
45028,300, 39
45029,457, 0
45030,464, 0
45031,361, 0
45032,158, 0
45033,15, 0
45034,138, 0
45035,267, 0
45036,361, 0
45037,465, 0
45038,535, 0
45039,488, 0
45040,333, 0
45041,100, 0
45042,25, 0
45043,125, 0
45044,140, 0
45045,63, 0
45046,0, 0
45047,6, 0
45048,3, 0
45049,0, 0
45050,15, 0
45051,75, 0
45052,187, 0
45053,244, 0
45054,120, 0
45055,71, 0
45056,282, 0
45057,396, 0
45058,316, 0
45059,190, 0
45060,170, 0
45061,249, 0
45062,260, 0
45063,170, 0
45064,136, 0
45065,236, 0
45066,398, 0
45067,504, 0
45068,537, 0
45069,523, 38
45070,420, 297
45071,233, 483
45072,26, 363
45073,0, 302
45074,0, 263
45075,0, 185
45076,1, 23
45077,18, 0
45078,14, 0
45079,10, 120
45080,0, 342
45081,0, 145
45082,17, 226
45083,3, 273
45084,63, 6
45085,158, 0
45086,238, 0
45087,265, 61
45088,299, 163
45089,355, 235
45090,409, 357
45091,437, 341
45092,417, 182
45093,330, 51
45094,153, 0
45095,17, 0
45096,145, 0
45097,264, 0
45098,263, 0
45099,137, 0
45100,10, 0
45101,29, 0
45102,103, 0
45103,152, 0
45104,183, 0
45105,169, 0
45106,95, 0
45107,6, 0
45108,0, 0
45109,0, 0
45110,0, 0
45111,0, 0
45112,0, 0
45113,19, 0
45114,77, 0
45115,139, 0
45116,175, 0
45117,189, 0
45118,302, 0
45119,562, 0
45120,770, 0
45121,875, 0
45122,853, 0
45123,683, 0
45124,439, 0
45125,254, 0
45126,170, 0
45127,120, 0
45128,25, 0
45129,7, 0
45130,56, 0
45131,133, 0
45132,200, 0
45133,270, 0
45134,279, 0
45135,269, 0
45136,256, 0
45137,202, 0
45138,196, 0
45139,174, 40
45140,133, 285
45141,63, 519
45142,3, 326
45143,38, 231
45144,76, 145
45145,51, 0
45146,0, 0
45147,13, 0
45148,21, 0
45149,0, 0
45150,0, 0
45151,20, 0
45152,56, 0
45153,90, 0
45154,111, 0
45155,115, 0
45156,133, 0
45157,138, 0
45158,108, 0
45159,34, 0
45160,5, 0
45161,0, 0
45162,0, 0
45163,43, 0
45164,116, 0
45165,235, 0
45166,423, 0
45167,584, 0
45168,700, 0
45169,750, 0
45170,800, 0
45171,835, 0
45172,815, 0
45173,644, 0
45174,385, 0
45175,128, 0
45176,3, 0
45177,127, 0
45178,349, 0
45179,491, 0
45180,452, 0
45181,272, 0
45182,92, 0
45183,4, 0
45184,0, 0
45185,0, 0
45186,13, 0
45187,58, 0
45188,123, 0
45189,152, 0
45190,123, 0
45191,18, 0
45192,115, 0
45193,353, 90
45194,542, 256
45195,679, 313
45196,718, 342
45197,659, 317
45198,464, 244
45199,259, 145
45200,88, 32
45201,2, 152
45202,0, 70
45203,38, 218
45204,83, 220
45205,181, 212
45206,221, 217
45207,220, 108
45208,184, 12
45209,155, 0
45210,93, 2
45211,12, 0
45212,0, 0
45213,0, 0
45214,0, 0
45215,0, 0
45216,4, 0
45217,19, 0
45218,29, 0
45219,37, 0
45220,47, 61
45221,18, 154
45222,0, 251
45223,43, 39
45224,108, 0
45225,141, 0
45226,158, 0
45227,160, 0
45228,148, 0
45229,137, 0
45230,144, 0
45231,150, 0
45232,108, 0
45233,45, 0
45234,0, 0
45235,0, 0
45236,92, 0
45237,262, 18
45238,362, 127
45239,333, 138
45240,229, 2
45241,93, 0
45242,3, 0
45243,11, 0
45244,0, 0
45245,23, 0
45246,118, 0
45247,224, 0
45248,279, 0
45249,244, 0
45250,133, 0
45251,10, 0
45252,6, 0
45253,0, 12
45254,51, 184
45255,211, 1
45256,294, 0
45257,295, 0
45258,234, 0
45259,145, 0
45260,83, 0
45261,70, 0
45262,92, 0
45263,116, 99
45264,135, 179
45265,144, 91
45266,158, 166
45267,197, 63
45268,248, 85
45269,281, 56
45270,340, 46
45271,356, 0
45272,349, 0
45273,337, 0
45274,370, 0
45275,427, 0
45276,487, 0
45277,569, 0
45278,636, 0
45279,617, 0
45280,524, 0
45281,408, 0
45282,279, 0
45283,113, 0
45284,6, 0
45285,115, 0
45286,241, 0
45287,329, 0
45288,349, 7
45289,300, 4
45290,176, 35
45291,25, 6
45292,233, 7
45293,463, 26
45294,551, 0
45295,538, 0
45296,512, 0
45297,532, 0
45298,594, 0
45299,638, 0
45300,644, 0
45301,666, 0
45302,620, 0
45303,469, 0
45304,233, 0
45305,22, 0
45306,71, 0
45307,246, 0
45308,408, 0
45309,498, 0
45310,541, 0
45311,594, 0
45312,600, 0
45313,540, 0
45314,519, 0
45315,420, 0
45316,290, 0
45317,169, 0
45318,77, 0
45319,13, 0
45320,1, 0
45321,81, 0
45322,168, 0
45323,208, 199
45324,210, 204
45325,159, 329
45326,83, 556
45327,10, 380
45328,9, 284
45329,40, 190
45330,139, 110
45331,238, 31
45332,296, 0
45333,338, 0
45334,403, 0
45335,473, 0
45336,479, 0
45337,414, 0
45338,280, 0
45339,85, 0
45340,31, 0
45341,102, 0
45342,37, 0
45343,0, 0
45344,64, 0
45345,131, 0
45346,153, 0
45347,92, 0
45348,1, 0
45349,84, 0
45350,192, 0
45351,237, 0
45352,233, 0
45353,120, 10
45354,29, 186
45355,201, 246
45356,371, 170
45357,455, 105
45358,473, 23
45359,440, 0
45360,338, 0
45361,241, 0
45362,136, 0
45363,57, 0
45364,15, 0
45365,42, 0
45366,108, 0
45367,190, 0
45368,251, 0
45369,253, 0
45370,204, 0
45371,155, 0
45372,93, 0
45373,46, 0
45374,14, 0
45375,1, 0
45376,0, 0
45377,24, 0
45378,119, 0
45379,257, 0
45380,391, 0
45381,494, 19
45382,533, 25
45383,567, 73
45384,631, 164
45385,680, 217
45386,678, 299
45387,643, 97
45388,533, 57
45389,394, 48
45390,236, 71
45391,73, 58
45392,1, 78
45393,63, 67
45394,124, 0
45395,133, 0
45396,104, 0
45397,37, 0
45398,0, 0
45399,12, 0
45400,60, 0
45401,63, 0
45402,24, 0
45403,0, 0
45404,0, 0
45405,0, 0
45406,0, 0
45407,0, 0
45408,0, 0
45409,0, 0
45410,61, 0
45411,167, 0
45412,239, 17
45413,298, 19
45414,393, 0
45415,523, 35
45416,630, 64
45417,633, 64
45418,517, 120
45419,348, 0
45420,259, 0
45421,223, 0
45422,152, 0
45423,25, 0
45424,92, 0
45425,278, 0
45426,376, 0
45427,348, 0
45428,243, 0
45429,165, 0
45430,121, 0
45431,56, 0
45432,3, 0
45433,0, 0
45434,12, 0
45435,70, 0
45436,121, 0
45437,111, 64
45438,76, 87
45439,47, 23
45440,26, 0
45441,1, 0
45442,30, 0
45443,157, 0
45444,269, 0
45445,312, 171
45446,302, 149
45447,282, 236
45448,263, 270
45449,235, 314
45450,237, 76
45451,246, 0
45452,241, 0
45453,220, 0
45454,185, 0
45455,119, 0
45456,91, 0
45457,133, 0
45458,210, 0
45459,248, 0
45460,267, 0
45461,286, 0
45462,282, 0
45463,252, 0
45464,184, 0
45465,131, 0
45466,87, 0
45467,54, 0
45468,22, 0
45469,9, 0
45470,6, 0
45471,42, 0
45472,140, 0
45473,257, 0
45474,305, 0
45475,286, 0
45476,222, 0
45477,193, 0
45478,221, 0
45479,291, 0
45480,341, 0
45481,361, 0
45482,354, 0
45483,291, 0
45484,264, 0
45485,268, 0
45486,274, 68
45487,258, 403
45488,183, 764
45489,127, 545
45490,68, 262
45491,21, 86
45492,0, 0
45493,0, 0
45494,19, 0
45495,32, 0
45496,27, 0
45497,1, 0
45498,0, 0
45499,8, 0
45500,53, 0
45501,57, 0
45502,34, 0
45503,139, 0
45504,405, 0
45505,647, 0
45506,710, 38
45507,627, 123
45508,457, 94
45509,258, 104
45510,44, 83
45511,73, 0
45512,258, 0
45513,379, 0
45514,370, 0
45515,257, 0
45516,106, 0
45517,4, 0
45518,2, 0
45519,18, 0
45520,24, 0
45521,77, 0
45522,180, 0
45523,301, 0
45524,413, 0
45525,478, 0
45526,481, 0
45527,447, 0
45528,307, 0
45529,68, 0
45530,22, 0
45531,22, 0
45532,2, 18
45533,76, 27
45534,126, 145
45535,110, 176
45536,30, 357
45537,47, 280
45538,252, 0
45539,430, 18
45540,536, 0
45541,519, 0
45542,390, 0
45543,198, 0
45544,23, 0
45545,47, 0
45546,183, 0
45547,304, 0
45548,404, 0
45549,456, 0
45550,434, 18
45551,382, 31
45552,310, 0
45553,265, 41
45554,199, 31
45555,128, 0
45556,29, 0
45557,0, 0
45558,0, 0
45559,3, 0
45560,62, 0
45561,115, 0
45562,144, 0
45563,130, 0
45564,94, 0
45565,75, 0
45566,99, 0
45567,140, 121
45568,202, 100
45569,237, 77
45570,236, 0
45571,205, 0
45572,157, 0
45573,76, 0
45574,24, 0
45575,0, 0
45576,0, 0
45577,0, 0
45578,0, 0
45579,11, 0
45580,70, 0
45581,121, 0
45582,139, 0
45583,182, 0
45584,247, 0
45585,337, 9
45586,420, 0
45587,488, 0
45588,519, 0
45589,512, 0
45590,467, 0
45591,427, 0
45592,387, 0
45593,338, 0
45594,263, 0
45595,153, 0
45596,30, 0
45597,0, 0
45598,30, 0
45599,72, 0
45600,45, 0
45601,62, 0
45602,51, 0
45603,40, 0
45604,22, 0
45605,1, 0
45606,0, 0
45607,59, 0
45608,152, 0
45609,219, 0
45610,241, 0
45611,244, 0
45612,263, 0
45613,223, 0
45614,95, 0
45615,25, 0
45616,74, 0
45617,193, 0
45618,286, 0
45619,319, 0
45620,300, 0
45621,233, 0
45622,110, 0
45623,6, 0
45624,121, 0
45625,152, 0
45626,62, 0
45627,2, 151
45628,75, 144
45629,111, 88
45630,117, 259
45631,55, 38
45632,0, 15
45633,13, 0
45634,40, 0
45635,39, 0
45636,21, 0
45637,60, 0
45638,159, 0
45639,204, 7
45640,105, 30
45641,3, 77
45642,136, 95
45643,287, 39
45644,386, 71
45645,447, 6
45646,499, 0
45647,516, 0
45648,457, 0
45649,380, 0
45650,325, 0
45651,318, 0
45652,323, 0
45653,321, 0
45654,312, 0
45655,289, 0
45656,271, 0
45657,251, 0
45658,214, 152
45659,139, 145
45660,71, 167
45661,54, 140
45662,110, 0
45663,187, 0
45664,255, 0
45665,269, 0
45666,231, 0
45667,168, 0
45668,112, 0
45669,68, 0
45670,4, 0
45671,2, 0
45672,35, 0
45673,47, 0
45674,18, 0
45675,0, 0
45676,12, 0
45677,12, 0
45678,0, 0
45679,0, 0
45680,2, 0
45681,64, 0
45682,157, 0
45683,221, 0
45684,259, 0
45685,282, 0
45686,274, 0
45687,262, 0
45688,242, 0
45689,204, 2
45690,140, 108
45691,99, 53
45692,59, 156
45693,39, 43
45694,48, 0
45695,113, 0
45696,186, 0
45697,258, 0
45698,310, 0
45699,349, 0
45700,407, 0
45701,409, 0
45702,355, 0
45703,229, 0
45704,61, 0
45705,4, 0
45706,69, 0
45707,90, 6
45708,63, 0
45709,51, 0
45710,56, 0
45711,74, 0
45712,70, 0
45713,21, 0
45714,0, 0
45715,3, 0
45716,18, 0
45717,44, 0
45718,52, 0
45719,50, 0
45720,25, 144
45721,4, 38
45722,2, 77
45723,25, 0
45724,19, 0
45725,119, 0
45726,276, 0
45727,374, 0
45728,409, 0
45729,385, 0
45730,326, 0
45731,282, 0
45732,204, 0
45733,145, 0
45734,103, 0
45735,96, 0
45736,103, 0
45737,103, 0
45738,103, 0
45739,138, 0
45740,168, 0
45741,161, 0
45742,141, 0
45743,152, 0
45744,208, 0
45745,290, 0
45746,361, 0
45747,357, 0
45748,292, 0
45749,196, 138
45750,108, 364
45751,24, 302
45752,1, 214
45753,44, 137
45754,115, 81
45755,145, 0
45756,131, 0
45757,53, 0
45758,1, 0
45759,69, 0
45760,118, 0
45761,120, 0
45762,92, 0
45763,56, 0
45764,31, 0
45765,55, 0
45766,83, 0
45767,109, 0
45768,135, 6
45769,149, 0
45770,144, 0
45771,136, 0
45772,139, 0
45773,158, 0
45774,145, 0
45775,148, 0
45776,161, 0
45777,164, 0
45778,150, 0
45779,132, 0
45780,93, 0
45781,40, 0
45782,15, 0
45783,51, 164
45784,123, 116
45785,192, 5
45786,249, 0
45787,279, 0
45788,270, 0
45789,259, 0
45790,246, 0
45791,203, 0
45792,142, 0
45793,73, 0
45794,40, 0
45795,43, 0
45796,32, 0
45797,2, 0
45798,0, 0
45799,0, 0
45800,1, 0
45801,43, 0
45802,103, 0
45803,156, 0
45804,196, 0
45805,219, 0
45806,227, 0
45807,193, 0
45808,156, 0
45809,118, 2
45810,73, 25
45811,26, 184
45812,10, 184
45813,0, 84
45814,0, 95
45815,2, 0
45816,1, 0
45817,0, 0
45818,0, 0
45819,15, 0
45820,55, 0
45821,105, 0
45822,171, 0
45823,245, 0
45824,341, 0
45825,425, 0
45826,481, 0
45827,495, 0
45828,453, 0
45829,398, 0
45830,326, 0
45831,214, 0
45832,95, 0
45833,4, 0
45834,18, 0
45835,0, 0
45836,6, 0
45837,57, 0
45838,105, 0
45839,133, 0
45840,120, 20
45841,70, 14
45842,40, 188
45843,18, 108
45844,31, 57
45845,109, 113
45846,245, 0
45847,383, 0
45848,458, 0
45849,452, 0
45850,390, 0
45851,318, 0
45852,234, 0
45853,167, 0
45854,32, 0
45855,6, 0
45856,96, 0
45857,170, 0
45858,165, 0
45859,70, 0
45860,0, 0
45861,31, 0
45862,62, 0
45863,85, 0
45864,107, 0
45865,133, 0
45866,154, 0
45867,158, 0
45868,154, 0
45869,140, 0
45870,101, 0
45871,18, 0
45872,19, 0
45873,57, 0
45874,12, 158
45875,4, 321
45876,45, 204
45877,102, 189
45878,127, 157
45879,128, 51
45880,104, 0
45881,92, 0
45882,81, 0
45883,81, 0
45884,83, 0
45885,92, 0
45886,103, 0
45887,121, 0
45888,138, 0
45889,130, 0
45890,145, 0
45891,139, 0
45892,138, 0
45893,122, 0
45894,121, 0
45895,119, 0
45896,132, 0
45897,140, 0
45898,151, 0
45899,155, 0
45900,152, 0
45901,131, 0
45902,121, 0
45903,108, 0
45904,99, 4
45905,91, 0
45906,94, 0
45907,115, 0
45908,134, 0
45909,139, 0
45910,142, 0
45911,141, 0
45912,134, 0
45913,138, 0
45914,132, 0
45915,129, 0
45916,126, 0
45917,121, 0
45918,127, 0
45919,123, 0
45920,123, 0
45921,119, 0
45922,117, 0
45923,113, 0
45924,116, 0
45925,115, 0
45926,117, 0
45927,117, 0
45928,120, 0
45929,122, 0
45930,121, 0
45931,123, 0
45932,115, 0
45933,105, 133
45934,87, 276
45935,74, 169
45936,71, 183
45937,76, 91
45938,105, 32
45939,124, 1
45940,128, 0
45941,133, 0
45942,130, 0
45943,127, 0
45944,122, 0
45945,123, 0
45946,123, 9
45947,118, 0
45948,115, 0
45949,104, 0
45950,107, 0
45951,108, 0
45952,111, 0
45953,104, 0
45954,111, 0
45955,108, 0
45956,124, 0
45957,132, 0
45958,145, 0
45959,159, 0
45960,210, 0
45961,263, 0
45962,307, 0
45963,317, 0
45964,310, 0
45965,268, 0
45966,201, 0
45967,139, 0
45968,47, 0
45969,0, 0
45970,5, 0
45971,31, 0
45972,20, 0
45973,0, 0
45974,0, 54
45975,31, 83
45976,72, 27
45977,86, 0
45978,84, 0
45979,67, 0
45980,51, 19
45981,38, 44
45982,40, 26
45983,50, 0
45984,63, 0
45985,75, 0
45986,70, 0
45987,63, 0
45988,64, 0
45989,73, 0
45990,91, 0
45991,107, 0
45992,101, 0
45993,118, 0
45994,121, 0
45995,126, 83
45996,142, 23
45997,159, 14
45998,176, 0
45999,196, 0
46000,189, 0
46001,170, 0
46002,139, 0
46003,102, 0
46004,92, 0
46005,93, 0
46006,99, 0
46007,111, 1
46008,139, 11
46009,156, 9
46010,170, 0
46011,179, 0
46012,167, 0
46013,148, 0
46014,136, 0
46015,137, 0
46016,138, 0
46017,145, 0
46018,133, 0
46019,148, 0
46020,141, 0
46021,133, 0
46022,131, 0
46023,107, 0
46024,80, 0
46025,53, 0
46026,45, 83
46027,53, 81
46028,63, 0
46029,92, 0
46030,135, 0
46031,161, 0
46032,134, 0
46033,132, 0
46034,122, 0
46035,115, 0
46036,106, 0
46037,93, 0
46038,94, 0
46039,89, 0
46040,99, 0
46041,108, 0
46042,109, 0
46043,101, 0
46044,110, 0
46045,104, 0
46046,108, 0
46047,118, 0
46048,109, 0
46049,110, 0
46050,100, 0
46051,107, 0
46052,109, 0
46053,109, 0
46054,96, 0
46055,73, 9
46056,58, 183
46057,63, 189
46058,44, 109
46059,77, 34
46060,108, 0
46061,135, 0
46062,154, 0
46063,150, 0
46064,145, 0
46065,153, 0
46066,152, 0
46067,153, 0
46068,157, 0
46069,153, 0
46070,143, 0
46071,123, 0
46072,127, 0
46073,123, 0
46074,112, 0
46075,110, 0
46076,97, 0
46077,95, 0
46078,80, 0
46079,91, 0
46080,93, 0
46081,107, 0
46082,121, 0
46083,127, 0
46084,108, 21
46085,80, 44
46086,52, 58
46087,32, 81
46088,51, 243
46089,50, 121
46090,70, 0
46091,90, 0
46092,105, 0
46093,102, 0
46094,115, 0
46095,94, 0
46096,94, 0
46097,89, 0
46098,94, 0
46099,84, 0
46100,105, 0
46101,108, 0
46102,119, 0
46103,125, 0
46104,127, 0
46105,132, 0
46106,125, 0
46107,125, 0
46108,133, 0
46109,115, 0
46110,99, 0
46111,89, 0
46112,92, 0
46113,99, 0
46114,99, 0
46115,83, 70
46116,71, 296
46117,50, 207
46118,45, 72
46119,42, 122
46120,63, 6
46121,89, 0
46122,101, 0
46123,108, 0
46124,108, 0
46125,113, 0
46126,120, 0
46127,118, 0
46128,123, 0
46129,118, 0
46130,130, 0
46131,131, 0
46132,132, 0
46133,122, 0
46134,124, 0
46135,126, 0
46136,123, 0
46137,127, 0
46138,127, 0
46139,129, 0
46140,127, 0
46141,128, 0
46142,124, 0
46143,118, 0
46144,108, 0
46145,93, 0
46146,57, 0
46147,44, 0
46148,38, 0
46149,44, 0
46150,65, 0
46151,102, 0
46152,130, 0
46153,138, 0
46154,140, 4
46155,141, 0
46156,139, 0
46157,142, 0
46158,133, 0
46159,132, 0
46160,129, 0
46161,121, 0
46162,121, 0
46163,115, 0
46164,106, 0
46165,109, 0
46166,92, 0
46167,116, 0
46168,95, 0
46169,107, 0
46170,100, 0
46171,96, 0
46172,99, 0
46173,102, 0
46174,105, 0
46175,105, 0
46176,89, 2
46177,67, 184
46178,51, 147
46179,50, 113
46180,59, 155
46181,73, 0
46182,96, 0
46183,119, 0
46184,117, 0
46185,120, 0
46186,120, 0
46187,121, 0
46188,120, 0
46189,119, 0
46190,121, 0
46191,108, 0
46192,113, 113
46193,104, 0
46194,95, 0
46195,101, 0
46196,106, 0
46197,110, 0
46198,111, 0
46199,102, 0
46200,102, 0
46201,99, 0
46202,102, 0
46203,108, 0
46204,104, 0
46205,106, 0
46206,92, 0
46207,76, 0
46208,63, 0
46209,68, 0
46210,63, 0
46211,77, 0
46212,103, 0
46213,126, 0
46214,136, 0
46215,133, 0
46216,131, 0
46217,133, 0
46218,127, 0
46219,126, 0
46220,125, 0
46221,120, 0
46222,127, 0
46223,116, 0
46224,108, 0
46225,112, 0
46226,123, 0
46227,118, 0
46228,113, 0
46229,123, 13
46230,121, 106
46231,121, 127
46232,115, 189
46233,115, 287
46234,108, 373
46235,96, 255
46236,107, 246
46237,81, 198
46238,83, 172
46239,57, 266
46240,57, 272
46241,57, 120
46242,77, 31
46243,102, 0
46244,119, 0
46245,127, 0
46246,130, 0
46247,130, 0
46248,124, 0
46249,127, 0
46250,123, 0
46251,129, 0
46252,125, 0
46253,128, 0
46254,129, 0
46255,123, 0
46256,123, 0
46257,113, 0
46258,115, 0
46259,109, 0
46260,121, 0
46261,118, 0
46262,132, 0
46263,130, 0
46264,132, 0
46265,127, 0
46266,127, 0
46267,132, 0
46268,101, 0
46269,86, 0
46270,84, 0
46271,81, 0
46272,89, 0
46273,102, 0
46274,127, 0
46275,132, 0
46276,131, 0
46277,123, 0
46278,121, 0
46279,118, 0
46280,94, 0
46281,109, 0
46282,106, 0
46283,111, 0
46284,109, 0
46285,106, 0
46286,108, 0
46287,108, 0
46288,107, 0
46289,104, 0
46290,108, 0
46291,106, 0
46292,110, 0
46293,108, 0
46294,107, 0
46295,112, 0
46296,108, 0
46297,111, 0
46298,101, 11
46299,83, 6
46300,58, 8
46301,72, 0
46302,79, 28
46303,95, 0
46304,116, 0
46305,133, 0
46306,139, 0
46307,133, 0
46308,133, 0
46309,132, 0
46310,129, 0
46311,128, 0
46312,132, 0
46313,131, 0
46314,134, 0
46315,125, 0
46316,132, 0
46317,117, 0
46318,130, 0
46319,131, 0
46320,117, 0
46321,119, 0
46322,110, 0
46323,113, 0
46324,117, 0
46325,126, 0
46326,125, 0
46327,121, 136
46328,109, 0
46329,80, 0
46330,76, 19
46331,61, 19
46332,68, 167
46333,73, 24
46334,93, 0
46335,118, 0
46336,126, 0
46337,134, 0
46338,131, 0
46339,133, 0
46340,135, 0
46341,150, 0
46342,133, 0
46343,129, 0
46344,131, 0
46345,121, 0
46346,116, 0
46347,115, 0
46348,115, 0
46349,115, 0
46350,112, 0
46351,112, 0
46352,112, 0
46353,102, 0
46354,109, 0
46355,112, 0
46356,106, 0
46357,118, 0
46358,123, 2
46359,92, 51
46360,77, 142
46361,60, 239
46362,72, 51
46363,63, 7
46364,91, 0
46365,109, 0
46366,127, 0
46367,136, 0
46368,131, 0
46369,127, 0
46370,125, 0
46371,133, 0
46372,124, 0
46373,121, 0
46374,116, 0
46375,119, 0
46376,102, 0
46377,107, 0
46378,108, 0
46379,115, 0
46380,125, 0
46381,112, 0
46382,115, 0
46383,110, 0
46384,104, 0
46385,112, 0
46386,118, 0
46387,116, 0
46388,117, 0
46389,104, 0
46390,78, 0
46391,61, 0
46392,58, 0
46393,63, 0
46394,70, 0
46395,101, 0
46396,124, 0
46397,135, 0
46398,134, 0
46399,136, 0
46400,136, 0
46401,137, 0
46402,120, 0
46403,118, 0
46404,112, 0
46405,116, 0
46406,116, 0
46407,117, 0
46408,115, 0
46409,119, 0
46410,110, 0
46411,108, 0
46412,107, 0
46413,104, 0
46414,108, 0
46415,99, 0
46416,103, 0
46417,107, 0
46418,108, 0
46419,99, 0
46420,86, 0
46421,74, 115
46422,57, 139
46423,57, 77
46424,64, 90
46425,79, 0
46426,107, 0
46427,118, 0
46428,121, 0
46429,129, 0
46430,131, 0
46431,119, 0
46432,133, 0
46433,124, 0
46434,126, 0
46435,127, 0
46436,129, 0
46437,132, 0
46438,131, 0
46439,126, 0
46440,127, 0
46441,120, 0
46442,121, 0
46443,120, 0
46444,115, 0
46445,115, 0
46446,113, 0
46447,107, 0
46448,111, 0
46449,97, 0
46450,80, 0
46451,70, 0
46452,53, 0
46453,44, 0
46454,59, 0
46455,72, 0
46456,95, 0
46457,110, 0
46458,126, 0
46459,131, 0
46460,118, 0
46461,102, 0
46462,108, 0
46463,102, 0
46464,104, 0
46465,104, 0
46466,115, 0
46467,110, 0
46468,115, 0
46469,110, 0
46470,107, 0
46471,110, 0
46472,95, 0
46473,111, 0
46474,111, 0
46475,111, 0
46476,109, 0
46477,113, 9
46478,102, 110
46479,110, 286
46480,115, 257
46481,88, 229
46482,65, 243
46483,53, 349
46484,44, 273
46485,53, 27
46486,70, 0
46487,107, 0
46488,121, 0
46489,145, 0
46490,130, 0
46491,125, 0
46492,126, 0
46493,125, 0
46494,132, 0
46495,137, 0
46496,139, 0
46497,133, 0
46498,119, 0
46499,121, 0
46500,121, 0
46501,121, 0
46502,131, 0
46503,125, 0
46504,120, 0
46505,110, 0
46506,119, 0
46507,118, 0
46508,118, 0
46509,125, 0
46510,122, 0
46511,97, 0
46512,79, 0
46513,72, 0
46514,64, 100
46515,69, 75
46516,60, 83
46517,99, 0
46518,113, 0
46519,121, 0
46520,125, 0
46521,115, 0
46522,113, 0
46523,111, 0
46524,109, 0
46525,110, 0
46526,113, 0
46527,118, 0
46528,128, 0
46529,121, 0
46530,115, 0
46531,113, 0
46532,107, 0
46533,106, 0
46534,110, 0
46535,103, 0
46536,108, 0
46537,101, 0
46538,102, 37
46539,94, 53
46540,95, 69
46541,93, 93
46542,78, 74
46543,61, 123
46544,50, 137
46545,57, 102
46546,62, 77
46547,80, 0
46548,106, 0
46549,116, 0
46550,127, 0
46551,120, 0
46552,121, 0
46553,115, 0
46554,123, 0
46555,126, 0
46556,127, 0
46557,121, 0
46558,121, 0
46559,118, 0
46560,113, 0
46561,110, 0
46562,109, 0
46563,108, 0
46564,108, 0
46565,112, 0
46566,121, 0
46567,125, 0
46568,120, 0
46569,120, 0
46570,118, 0
46571,115, 11
46572,108, 129
46573,83, 139
46574,80, 148
46575,62, 80
46576,73, 123
46577,96, 0
46578,97, 0
46579,123, 0
46580,121, 0
46581,128, 0
46582,142, 0
46583,124, 0
46584,125, 0
46585,125, 0
46586,122, 0
46587,121, 0
46588,117, 0
46589,118, 0
46590,118, 0
46591,116, 0
46592,116, 0
46593,108, 0
46594,106, 0
46595,108, 0
46596,110, 0
46597,109, 0
46598,102, 0
46599,108, 0
46600,108, 0
46601,112, 0
46602,115, 0
46603,86, 0
46604,81, 25
46605,62, 143
46606,64, 118
46607,80, 159
46608,90, 68
46609,116, 50
46610,130, 2
46611,123, 0
46612,129, 0
46613,127, 0
46614,122, 0
46615,115, 0
46616,112, 0
46617,91, 0
46618,93, 0
46619,84, 0
46620,97, 0
46621,112, 0
46622,116, 0
46623,117, 0
46624,123, 0
46625,127, 0
46626,116, 0
46627,110, 0
46628,115, 0
46629,115, 0
46630,123, 0
46631,123, 0
46632,127, 0
46633,116, 0
46634,91, 0
46635,86, 30
46636,94, 21
46637,95, 0
46638,102, 0
46639,122, 0
46640,133, 0
46641,119, 0
46642,119, 0
46643,113, 0
46644,111, 0
46645,108, 0
46646,103, 0
46647,108, 0
46648,115, 0
46649,117, 0
46650,113, 0
46651,122, 0
46652,117, 0
46653,115, 0
46654,105, 0
46655,121, 0
46656,136, 0
46657,154, 0
46658,133, 0
46659,136, 0
46660,130, 0
46661,128, 0
46662,123, 0
46663,117, 0
46664,90, 0
46665,69, 4
46666,55, 0
46667,58, 0
46668,70, 0
46669,92, 0
46670,107, 0
46671,123, 0
46672,124, 0
46673,123, 0
46674,121, 0
46675,117, 0
46676,111, 0
46677,127, 0
46678,116, 0
46679,111, 0
46680,116, 0
46681,121, 0
46682,127, 58
46683,126, 185
46684,126, 167
46685,127, 291
46686,127, 324
46687,117, 171
46688,127, 110
46689,116, 83
46690,108, 29
46691,115, 2
46692,103, 41
46693,92, 60
46694,85, 95
46695,54, 0
46696,51, 0
46697,38, 0
46698,45, 0
46699,64, 0
46700,105, 0
46701,126, 0
46702,129, 0
46703,123, 0
46704,126, 0
46705,126, 0
46706,118, 0
46707,124, 0
46708,135, 0
46709,126, 0
46710,121, 0
46711,115, 0
46712,110, 0
46713,106, 0
46714,106, 0
46715,95, 0
46716,99, 0
46717,100, 0
46718,91, 0
46719,96, 0
46720,97, 0
46721,102, 0
46722,103, 0
46723,108, 1
46724,103, 0
46725,85, 64
46726,68, 127
46727,54, 92
46728,61, 193
46729,58, 144
46730,78, 0
46731,103, 0
46732,115, 0
46733,122, 0
46734,127, 0
46735,134, 0
46736,128, 0
46737,127, 0
46738,127, 0
46739,137, 0
46740,135, 0
46741,137, 0
46742,144, 0
46743,144, 0
46744,144, 0
46745,142, 0
46746,132, 0
46747,143, 0
46748,123, 0
46749,125, 0
46750,121, 0
46751,121, 0
46752,117, 0
46753,113, 0
46754,105, 0
46755,88, 0
46756,61, 0
46757,48, 0
46758,40, 0
46759,40, 0
46760,65, 0
46761,83, 0
46762,106, 0
46763,108, 0
46764,95, 0
46765,103, 0
46766,101, 0
46767,103, 0
46768,95, 0
46769,108, 0
46770,110, 0
46771,122, 0
46772,121, 2
46773,123, 0
46774,127, 0
46775,129, 0
46776,126, 0
46777,139, 0
46778,137, 0
46779,142, 0
46780,139, 0
46781,131, 0
46782,127, 0
46783,115, 0
46784,113, 0
46785,109, 0
46786,85, 0
46787,67, 0
46788,76, 38
46789,80, 195
46790,88, 109
46791,108, 26
46792,127, 13
46793,137, 0
46794,133, 0
46795,125, 0
46796,121, 0
46797,118, 0
46798,120, 0
46799,117, 0
46800,139, 0
46801,168, 58
46802,161, 58
46803,159, 57
46804,164, 23
46805,140, 0
46806,129, 0
46807,115, 0
46808,97, 0
46809,99, 0
46810,112, 0
46811,128, 0
46812,129, 0
46813,129, 0
46814,116, 0
46815,73, 0
46816,39, 0
46817,28, 0
46818,15, 0
46819,24, 0
46820,39, 0
46821,64, 0
46822,110, 0
46823,117, 0
46824,120, 0
46825,115, 0
46826,103, 0
46827,108, 0
46828,104, 0
46829,108, 0
46830,113, 0
46831,121, 0
46832,113, 0
46833,122, 0
46834,122, 94
46835,128, 203
46836,126, 148
46837,130, 40
46838,126, 0
46839,128, 0
46840,127, 0
46841,123, 0
46842,132, 0
46843,138, 0
46844,152, 0
46845,148, 15
46846,127, 3
46847,83, 76
46848,67, 23
46849,77, 55
46850,58, 255
46851,89, 326
46852,100, 188
46853,123, 70
46854,135, 0
46855,139, 0
46856,147, 18
46857,152, 131
46858,154, 173
46859,148, 394
46860,131, 357
46861,120, 258
46862,103, 224
46863,100, 238
46864,91, 266
46865,83, 102
46866,83, 0
46867,79, 0
46868,83, 0
46869,75, 0
46870,75, 0
46871,75, 0
46872,77, 0
46873,78, 0
46874,88, 0
46875,102, 0
46876,89, 0
46877,76, 0
46878,62, 0
46879,55, 0
46880,63, 0
46881,84, 0
46882,117, 0
46883,151, 0
46884,159, 0
46885,152, 0
46886,140, 0
46887,134, 0
46888,127, 0
46889,121, 107
46890,113, 289
46891,111, 546
46892,108, 586
46893,102, 554
46894,95, 488
46895,92, 409
46896,87, 367
46897,79, 317
46898,89, 189
46899,95, 136
46900,104, 31
46901,118, 0
46902,115, 0
46903,108, 0
46904,106, 0
46905,108, 0
46906,120, 4
46907,107, 29
46908,85, 73
46909,89, 158
46910,56, 0
46911,57, 0
46912,55, 0
46913,76, 0
46914,95, 0
46915,121, 0
46916,120, 0
46917,121, 0
46918,123, 0
46919,127, 0
46920,129, 0
46921,138, 0
46922,133, 0
46923,119, 0
46924,126, 0
46925,125, 0
46926,127, 0
46927,119, 0
46928,123, 0
46929,125, 0
46930,131, 0
46931,134, 0
46932,130, 0
46933,133, 0
46934,133, 0
46935,129, 0
46936,120, 0
46937,126, 0
46938,108, 0
46939,89, 11
46940,90, 54
46941,91, 158
46942,88, 415
46943,123, 402
46944,158, 372
46945,167, 312
46946,164, 147
46947,159, 61
46948,149, 0
46949,144, 0
46950,138, 0
46951,138, 0
46952,138, 0
46953,137, 0
46954,134, 0
46955,127, 0
46956,124, 0
46957,116, 0
46958,110, 109
46959,102, 218
46960,83, 331
46961,76, 548
46962,61, 473
46963,56, 401
46964,58, 408
46965,74, 363
46966,76, 228
46967,85, 230
46968,79, 188
46969,65, 376
46970,61, 555
46971,51, 297
46972,47, 205
46973,71, 11
46974,107, 0
46975,136, 0
46976,145, 0
46977,152, 0
46978,151, 0
46979,147, 0
46980,166, 0
46981,151, 0
46982,138, 0
46983,161, 0
46984,149, 0
46985,127, 0
46986,89, 0
46987,65, 0
46988,50, 0
46989,58, 0
46990,72, 0
46991,81, 0
46992,93, 0
46993,94, 0
46994,102, 0
46995,103, 0
46996,109, 0
46997,105, 0
46998,102, 0
46999,89, 0
47000,69, 0
47001,55, 0
47002,61, 0
47003,56, 0
47004,92, 0
47005,111, 0
47006,127, 0
47007,122, 0
47008,125, 51
47009,108, 83
47010,115, 31
47011,109, 0
47012,113, 0
47013,120, 0
47014,131, 61
47015,130, 119
47016,124, 57
47017,122, 0
47018,110, 0
47019,107, 0
47020,103, 0
47021,102, 0
47022,85, 0
47023,90, 0
47024,92, 0
47025,94, 0
47026,95, 0
47027,108, 0
47028,108, 0
47029,97, 0
47030,77, 0
47031,58, 0
47032,74, 57
47033,57, 306
47034,92, 476
47035,127, 546
47036,143, 521
47037,139, 533
47038,140, 574
47039,135, 585
47040,139, 464
47041,137, 282
47042,137, 115
47043,133, 0
47044,123, 0
47045,117, 0
47046,101, 0
47047,96, 0
47048,104, 0
47049,106, 0
47050,109, 0
47051,104, 0
47052,111, 0
47053,122, 4
47054,128, 0
47055,133, 0
47056,156, 0
47057,138, 0
47058,138, 0
47059,132, 0
47060,109, 0
47061,92, 0
47062,91, 60
47063,101, 151
47064,97, 310
47065,126, 430
47066,143, 420
47067,151, 267
47068,142, 88
47069,152, 5
47070,139, 0
47071,137, 0
47072,136, 0
47073,127, 0
47074,117, 0
47075,105, 0
47076,93, 0
47077,87, 0
47078,83, 0
47079,81, 0
47080,76, 208
47081,104, 387
47082,118, 656
47083,139, 481
47084,106, 214
47085,91, 4
47086,105, 0
47087,115, 0
47088,120, 0
47089,124, 0
47090,121, 72
47091,89, 63
47092,65, 374
47093,53, 46
47094,44, 102
47095,67, 0
47096,89, 0
47097,111, 0
47098,128, 0
47099,135, 0
47100,139, 0
47101,129, 0
47102,108, 0
47103,96, 0
47104,102, 0
47105,80, 0
47106,81, 0
47107,77, 0
47108,76, 0
47109,77, 0
47110,96, 0
47111,102, 0
47112,113, 0
47113,118, 0
47114,119, 2
47115,120, 0
47116,121, 0
47117,116, 0
47118,115, 0
47119,116, 0
47120,112, 0
47121,94, 0
47122,88, 0
47123,64, 0
47124,73, 0
47125,86, 0
47126,102, 0
47127,117, 0
47128,127, 0
47129,130, 0
47130,127, 0
47131,133, 0
47132,136, 0
47133,142, 0
47134,139, 4
47135,147, 111
47136,158, 164
47137,160, 139
47138,166, 7
47139,164, 0
47140,149, 0
47141,121, 0
47142,111, 325
47143,127, 792
47144,102, 929
47145,96, 976
47146,91, 1029
47147,71, 969
47148,67, 876
47149,50, 621
47150,50, 584
47151,56, 654
47152,31, 479
47153,41, 258
47154,44, 58
47155,62, 25
47156,64, 0
47157,89, 0
47158,83, 0
47159,85, 0
47160,76, 0
47161,70, 0
47162,79, 0
47163,91, 0
47164,95, 0
47165,106, 0
47166,110, 0
47167,110, 0
47168,117, 0
47169,112, 0
47170,125, 0
47171,142, 0
47172,153, 0
47173,161, 0
47174,166, 0
47175,167, 7
47176,160, 0
47177,158, 0
47178,145, 0
47179,154, 0
47180,145, 0
47181,133, 0
47182,106, 44
47183,83, 523
47184,54, 503
47185,30, 512
47186,43, 479
47187,83, 572
47188,92, 542
47189,117, 522
47190,113, 286
47191,106, 19
47192,109, 0
47193,112, 0
47194,110, 0
47195,115, 0
47196,121, 0
47197,126, 0
47198,125, 0
47199,118, 0
47200,142, 0
47201,147, 0
47202,164, 0
47203,167, 0
47204,173, 0
47205,155, 0
47206,156, 0
47207,150, 0
47208,148, 0
47209,141, 0
47210,133, 0
47211,136, 0
47212,121, 0
47213,90, 0
47214,67, 0
47215,56, 99
47216,83, 689
47217,86, 871
47218,96, 959
47219,106, 1157
47220,106, 1374
47221,73, 1473
47222,71, 1335
47223,69, 1192
47224,53, 952
47225,41, 564
47226,53, 171
47227,28, 17
47228,52, 0
47229,81, 0
47230,104, 0
47231,123, 0
47232,134, 17
47233,133, 136
47234,134, 204
47235,129, 108
47236,115, 25
47237,116, 1
47238,116, 31
47239,115, 23
47240,115, 0
47241,107, 0
47242,102, 0
47243,67, 0
47244,57, 0
47245,51, 0
47246,61, 0
47247,79, 0
47248,103, 0
47249,133, 0
47250,153, 0
47251,159, 0
47252,169, 0
47253,176, 0
47254,183, 0
47255,187, 0
47256,190, 0
47257,184, 0
47258,181, 0
47259,171, 0
47260,164, 0
47261,143, 0
47262,150, 0
47263,140, 0
47264,123, 0
47265,112, 356
47266,113, 622
47267,111, 732
47268,106, 816
47269,116, 788
47270,110, 614
47271,97, 425
47272,91, 349
47273,80, 377
47274,51, 226
47275,37, 108
47276,54, 0
47277,40, 0
47278,57, 0
47279,87, 0
47280,102, 0
47281,129, 0
47282,133, 0
47283,143, 0
47284,148, 0
47285,143, 0
47286,148, 249
47287,130, 373
47288,126, 566
47289,130, 799
47290,111, 742
47291,112, 548
47292,93, 514
47293,81, 566
47294,90, 643
47295,77, 407
47296,88, 171
47297,89, 0
47298,92, 0
47299,90, 0
47300,94, 0
47301,89, 0
47302,80, 0
47303,67, 0
47304,45, 155
47305,43, 44
47306,42, 0
47307,76, 0
47308,67, 0
47309,121, 0
47310,134, 0
47311,154, 0
47312,163, 0
47313,167, 0
47314,171, 0
47315,164, 0
47316,160, 0
47317,151, 0
47318,136, 0
47319,112, 0
47320,95, 0
47321,85, 0
47322,74, 0
47323,73, 121
47324,84, 469
47325,111, 891
47326,133, 963
47327,126, 596
47328,119, 338
47329,121, 83
47330,127, 0
47331,129, 0
47332,115, 0
47333,91, 0
47334,63, 0
47335,43, 0
47336,44, 77
47337,76, 339
47338,83, 374
47339,102, 111
47340,128, 0
47341,126, 0
47342,115, 0
47343,95, 0
47344,84, 0
47345,75, 0
47346,75, 0
47347,76, 0
47348,78, 0
47349,83, 0
47350,83, 0
47351,89, 0
47352,89, 0
47353,95, 0
47354,105, 0
47355,110, 0
47356,122, 0
47357,134, 0
47358,138, 0
47359,154, 0
47360,140, 0
47361,135, 0
47362,136, 0
47363,108, 0
47364,95, 0
47365,68, 0
47366,47, 0
47367,44, 0
47368,52, 0
47369,71, 0
47370,96, 0
47371,121, 0
47372,125, 0
47373,132, 0
47374,131, 15
47375,128, 130
47376,129, 92
47377,128, 381
47378,138, 509
47379,139, 861
47380,138, 1069
47381,113, 999
47382,97, 600
47383,105, 370
47384,115, 196
47385,132, 31
47386,130, 0
47387,133, 0
47388,127, 0
47389,115, 0
47390,111, 0
47391,97, 0
47392,90, 0
47393,85, 0
47394,83, 1
47395,65, 0
47396,39, 0
47397,27, 0
47398,21, 0
47399,30, 0
47400,50, 0
47401,99, 0
47402,123, 0
47403,145, 102
47404,164, 30
47405,165, 0
47406,161, 0
47407,159, 0
47408,152, 0
47409,152, 0
47410,153, 0
47411,161, 0
47412,156, 0
47413,155, 0
47414,153, 0
47415,144, 0
47416,133, 0
47417,115, 0
47418,95, 0
47419,71, 0
47420,51, 0
47421,42, 1
47422,38, 0
47423,55, 0
47424,46, 0
47425,50, 0
47426,36, 0
47427,29, 62
47428,54, 127
47429,59, 199
47430,80, 198
47431,93, 0
47432,115, 0
47433,121, 0
47434,133, 0
47435,130, 0
47436,127, 0
47437,119, 0
47438,112, 0
47439,115, 0
47440,120, 0
47441,133, 0
47442,152, 0
47443,171, 0
47444,180, 58
47445,177, 0
47446,166, 0
47447,152, 0
47448,135, 0
47449,124, 0
47450,120, 0
47451,99, 0
47452,89, 0
47453,76, 0
47454,65, 161
47455,70, 505
47456,57, 796
47457,44, 818
47458,25, 553
47459,28, 75
47460,41, 0
47461,67, 0
47462,100, 0
47463,138, 0
47464,144, 0
47465,145, 0
47466,139, 0
47467,139, 0
47468,129, 0
47469,133, 0
47470,128, 0
47471,132, 0
47472,138, 0
47473,117, 0
47474,139, 0
47475,147, 0
47476,139, 0
47477,130, 0
47478,117, 0
47479,106, 196
47480,94, 585
47481,115, 689
47482,125, 663
47483,125, 438
47484,137, 286
47485,140, 299
47486,134, 30
47487,121, 0
47488,128, 35
47489,117, 232
47490,79, 415
47491,92, 336
47492,112, 28
47493,124, 6
47494,111, 0
47495,90, 0
47496,80, 0
47497,79, 0
47498,86, 0
47499,95, 0
47500,109, 0
47501,118, 0
47502,127, 0
47503,135, 0
47504,133, 0
47505,124, 0
47506,105, 0
47507,108, 0
47508,121, 0
47509,133, 0
47510,131, 0
47511,127, 328
47512,125, 461
47513,122, 624
47514,105, 558
47515,69, 529
47516,56, 420
47517,31, 393
47518,32, 244
47519,17, 31
47520,21, 0
47521,31, 0
47522,50, 0
47523,64, 0
47524,78, 0
47525,87, 120
47526,104, 582
47527,131, 969
47528,136, 1169
47529,131, 1220
47530,134, 1175
47531,127, 897
47532,132, 822
47533,139, 761
47534,139, 367
47535,134, 9
47536,133, 0
47537,116, 0
47538,106, 0
47539,108, 0
47540,118, 0
47541,132, 0
47542,137, 0
47543,148, 0
47544,149, 0
47545,153, 0
47546,150, 0
47547,132, 0
47548,90, 0
47549,45, 0
47550,38, 0
47551,24, 1
47552,40, 0
47553,97, 0
47554,144, 0
47555,187, 0
47556,202, 0
47557,175, 0
47558,131, 0
47559,77, 0
47560,38, 0
47561,17, 0
47562,11, 0
47563,0, 0
47564,0, 0
47565,0, 0
47566,12, 0
47567,31, 0
47568,57, 0
47569,81, 0
47570,104, 0
47571,116, 0
47572,108, 0
47573,94, 0
47574,92, 0
47575,97, 0
47576,102, 0
47577,110, 0
47578,89, 0
47579,63, 1
47580,45, 156
47581,61, 481
47582,67, 404
47583,112, 304
47584,133, 316
47585,158, 283
47586,167, 102
47587,152, 0
47588,136, 0
47589,113, 0
47590,99, 0
47591,89, 0
47592,96, 0
47593,92, 0
47594,102, 0
47595,108, 0
47596,110, 0
47597,121, 0
47598,120, 0
47599,118, 1
47600,120, 0
47601,119, 0
47602,127, 0
47603,116, 0
47604,123, 0
47605,121, 30
47606,108, 61
47607,117, 45
47608,116, 92
47609,100, 382
47610,109, 435
47611,94, 356
47612,89, 163
47613,93, 6
47614,108, 0
47615,136, 0
47616,148, 0
47617,155, 0
47618,158, 0
47619,161, 0
47620,160, 0
47621,183, 0
47622,152, 0
47623,155, 0
47624,143, 0
47625,126, 0
47626,118, 0
47627,135, 0
47628,140, 0
47629,145, 0
47630,148, 0
47631,148, 0
47632,138, 0
47633,133, 0
47634,131, 0
47635,132, 0
47636,128, 0
47637,120, 0
47638,109, 64
47639,89, 439
47640,75, 695
47641,91, 582
47642,91, 490
47643,91, 496
47644,90, 466
47645,106, 616
47646,97, 625
47647,92, 516
47648,89, 346
47649,99, 130
47650,121, 26
47651,137, 0
47652,156, 34
47653,153, 183
47654,158, 130
47655,134, 54
47656,122, 0
47657,111, 0
47658,108, 0
47659,106, 0
47660,100, 0
47661,102, 0
47662,95, 0
47663,86, 0
47664,72, 0
47665,70, 0
47666,78, 0
47667,102, 0
47668,108, 203
47669,116, 698
47670,72, 992
47671,36, 996
47672,46, 628
47673,31, 398
47674,63, 95
47675,95, 1
47676,126, 0
47677,141, 0
47678,131, 0
47679,117, 0
47680,110, 0
47681,125, 0
47682,128, 123
47683,131, 439
47684,132, 423
47685,120, 322
47686,109, 164
47687,100, 0
47688,101, 0
47689,100, 0
47690,91, 0
47691,88, 0
47692,99, 0
47693,120, 0
47694,117, 0
47695,123, 0
47696,122, 0
47697,127, 0
47698,134, 0
47699,126, 0
47700,95, 0
47701,64, 0
47702,57, 0
47703,74, 0
47704,76, 0
47705,102, 0
47706,136, 19
47707,163, 355
47708,156, 249
47709,149, 197
47710,148, 96
47711,136, 47
47712,126, 5
47713,106, 0
47714,104, 0
47715,115, 0
47716,115, 0
47717,134, 0
47718,145, 0
47719,147, 0
47720,144, 0
47721,139, 0
47722,134, 0
47723,129, 0
47724,129, 0
47725,107, 0
47726,120, 0
47727,118, 0
47728,122, 151
47729,108, 405
47730,87, 588
47731,75, 700
47732,83, 691
47733,55, 370
47734,62, 345
47735,52, 248
47736,92, 183
47737,105, 0
47738,121, 0
47739,119, 0
47740,115, 0
47741,128, 0
47742,118, 0
47743,120, 0
47744,120, 0
47745,107, 0
47746,96, 0
47747,83, 0
47748,87, 0
47749,83, 0
47750,92, 0
47751,103, 89
47752,123, 76
47753,122, 96
47754,122, 43
47755,109, 0
47756,108, 0
47757,112, 0
47758,123, 0
47759,133, 0
47760,145, 0
47761,135, 23
47762,115, 52
47763,103, 83
47764,101, 22
47765,85, 0
47766,83, 0
47767,79, 0
47768,69, 0
47769,51, 0
47770,48, 0
47771,41, 35
47772,60, 317
47773,78, 403
47774,89, 159
47775,108, 5
47776,113, 0
47777,115, 0
47778,125, 0
47779,135, 0
47780,151, 0
47781,156, 0
47782,170, 53
47783,176, 312
47784,183, 381
47785,182, 349
47786,149, 370
47787,153, 51
47788,143, 0
47789,144, 0
47790,143, 11
47791,127, 413
47792,95, 204
47793,62, 236
47794,43, 415
47795,22, 319
47796,31, 195
47797,53, 7
47798,85, 0
47799,95, 0
47800,109, 0
47801,115, 0
47802,115, 0
47803,109, 0
47804,104, 0
47805,108, 0
47806,102, 0
47807,102, 0
47808,103, 0
47809,112, 0
47810,107, 0
47811,102, 0
47812,97, 0
47813,94, 0
47814,102, 0
47815,94, 0
47816,110, 0
47817,123, 0
47818,129, 0
47819,133, 0
47820,127, 0
47821,116, 0
47822,76, 0
47823,45, 8
47824,29, 293
47825,27, 348
47826,18, 440
47827,50, 355
47828,61, 385
47829,76, 385
47830,76, 123
47831,71, 6
47832,72, 0
47833,93, 0
47834,108, 0
47835,120, 0
47836,143, 0
47837,158, 0
47838,170, 0
47839,182, 0
47840,183, 0
47841,182, 0
47842,189, 0
47843,197, 0
47844,182, 0
47845,172, 0
47846,170, 0
47847,158, 0
47848,158, 0
47849,167, 0
47850,189, 42
47851,214, 353
47852,189, 712
47853,143, 562
47854,88, 286
47855,76, 154
47856,68, 170
47857,60, 0
47858,56, 0
47859,38, 0
47860,14, 0
47861,4, 0
47862,3, 0
47863,11, 25
47864,5, 0
47865,6, 0
47866,17, 0
47867,32, 0
47868,62, 0
47869,79, 0
47870,95, 0
47871,93, 0
47872,92, 0
47873,92, 0
47874,88, 0
47875,76, 0
47876,76, 11
47877,84, 249
47878,91, 295
47879,107, 121
47880,112, 0
47881,128, 0
47882,128, 0
47883,121, 0
47884,104, 0
47885,96, 6
47886,100, 12
47887,104, 53
47888,126, 0
47889,171, 0
47890,161, 0
47891,161, 0
47892,158, 0
47893,149, 0
47894,147, 247
47895,148, 452
47896,132, 361
47897,142, 414
47898,129, 468
47899,122, 381
47900,104, 109
47901,92, 0
47902,92, 0
47903,101, 0
47904,108, 0
47905,111, 0
47906,111, 0
47907,121, 0
47908,123, 0
47909,139, 0
47910,136, 0
47911,140, 0
47912,127, 0
47913,121, 0
47914,94, 0
47915,81, 0
47916,87, 0
47917,85, 0
47918,92, 0
47919,127, 0
47920,123, 0
47921,133, 0
47922,131, 0
47923,126, 0
47924,110, 0
47925,104, 0
47926,91, 0
47927,81, 0
47928,92, 0
47929,78, 0
47930,89, 0
47931,95, 0
47932,112, 0
47933,129, 0
47934,124, 0
47935,131, 0
47936,136, 0
47937,137, 0
47938,139, 0
47939,143, 0
47940,158, 297
47941,169, 481
47942,182, 744
47943,183, 1054
47944,141, 1122
47945,107, 910
47946,79, 726
47947,74, 379
47948,67, 60
47949,88, 0
47950,119, 0
47951,137, 0
47952,141, 0
47953,127, 0
47954,101, 0
47955,91, 0
47956,78, 0
47957,87, 0
47958,79, 0
47959,72, 0
47960,67, 0
47961,74, 0
47962,80, 0
47963,104, 0
47964,115, 0
47965,113, 0
47966,90, 0
47967,97, 0
47968,101, 0
47969,93, 0
47970,101, 0
47971,101, 0
47972,116, 0
47973,118, 0
47974,103, 0
47975,85, 0
47976,79, 0
47977,92, 0
47978,108, 0
47979,132, 0
47980,142, 0
47981,134, 0
47982,101, 0
47983,76, 0
47984,60, 0
47985,54, 0
47986,88, 0
47987,102, 0
47988,131, 0
47989,140, 0
47990,152, 1
47991,156, 438
47992,165, 784
47993,161, 920
47994,147, 576
47995,142, 586
47996,127, 284
47997,120, 6
47998,112, 0
47999,111, 0
48000,96, 0
