Mostres_ESP32,Valor1_mV, Valor2_mV
1,80, 0
2,38, 47
3,22, 19
4,25, 0
5,29, 0
6,41, 0
7,63, 4
8,76, 0
9,75, 0
10,75, 0
11,80, 0
12,76, 0
13,79, 0
14,68, 0
15,80, 0
16,70, 0
17,73, 0
18,89, 0
19,79, 0
20,78, 0
21,83, 0
22,92, 0
23,86, 0
24,84, 0
25,83, 0
26,89, 0
27,84, 0
28,88, 0
29,89, 0
30,92, 0
31,87, 0
32,69, 0
33,48, 0
34,52, 0
35,48, 0
36,60, 0
37,83, 0
38,103, 0
39,108, 0
40,106, 0
41,105, 0
42,100, 0
43,103, 0
44,104, 0
45,92, 0
46,91, 0
47,105, 0
48,95, 0
49,87, 0
50,89, 0
51,87, 0
52,89, 0
53,80, 0
54,83, 0
55,80, 0
56,77, 0
57,70, 0
58,72, 0
59,70, 0
60,76, 0
61,69, 0
62,57, 0
63,36, 0
64,25, 0
65,25, 0
66,32, 0
67,51, 0
68,70, 3
69,106, 0
70,85, 0
71,81, 0
72,79, 0
73,73, 0
74,78, 0
75,69, 0
76,76, 0
77,75, 0
78,76, 0
79,83, 0
80,81, 0
81,78, 0
82,79, 0
83,83, 0
84,86, 0
85,78, 0
86,83, 0
87,85, 0
88,78, 0
89,86, 0
90,86, 0
91,81, 0
92,83, 0
93,71, 0
94,57, 0
95,51, 0
96,46, 0
97,63, 0
98,89, 0
99,107, 0
100,108, 0
101,105, 0
102,106, 0
103,99, 0
104,92, 0
105,96, 0
106,95, 2
107,94, 0
108,83, 0
109,91, 0
110,89, 0
111,94, 0
112,89, 0
113,83, 0
114,76, 0
115,80, 0
116,77, 0
117,76, 0
118,63, 0
119,67, 0
120,65, 0
121,65, 0
122,64, 0
123,48, 0
124,31, 0
125,25, 0
126,24, 0
127,25, 0
128,43, 0
129,61, 0
130,76, 0
131,79, 0
132,77, 0
133,74, 0
134,71, 0
135,74, 0
136,79, 0
137,78, 0
138,70, 0
139,81, 0
140,86, 0
141,81, 0
142,72, 0
143,77, 0
144,81, 0
145,87, 0
146,84, 0
147,83, 0
148,87, 0
149,90, 0
150,89, 0
151,90, 0
152,90, 0
153,78, 0
154,59, 0
155,42, 0
156,41, 0
157,51, 0
158,53, 0
159,77, 0
160,95, 0
161,101, 0
162,104, 0
163,100, 0
164,100, 0
165,91, 0
166,97, 0
167,90, 0
168,116, 0
169,92, 0
170,86, 2
171,85, 0
172,79, 0
173,83, 0
174,75, 0
175,79, 0
176,74, 0
177,76, 0
178,76, 0
179,68, 0
180,70, 0
181,64, 0
182,57, 0
183,69, 0
184,48, 0
185,30, 24
186,13, 25
187,13, 1
188,20, 0
189,38, 0
190,65, 0
191,74, 0
192,77, 0
193,77, 0
194,76, 0
195,68, 0
196,74, 0
197,70, 0
198,73, 0
199,76, 0
200,73, 0
201,76, 0
202,71, 0
203,70, 0
204,76, 0
205,80, 0
206,76, 0
207,77, 0
208,79, 0
209,77, 0
210,74, 0
211,81, 0
212,85, 0
213,83, 0
214,76, 0
215,53, 0
216,35, 0
217,32, 0
218,38, 0
219,48, 0
220,71, 0
221,91, 0
222,94, 0
223,94, 0
224,79, 0
225,81, 0
226,79, 0
227,79, 0
228,80, 0
229,77, 0
230,81, 0
231,78, 0
232,77, 0
233,94, 0
234,78, 0
235,74, 0
236,73, 0
237,73, 0
238,70, 0
239,72, 0
240,68, 0
241,72, 0
242,76, 0
243,71, 0
244,69, 0
245,57, 0
246,31, 0
247,20, 7
248,18, 0
249,21, 3
250,38, 0
251,54, 0
252,89, 0
253,70, 0
254,65, 0
255,64, 0
256,70, 0
257,68, 0
258,58, 0
259,70, 0
260,65, 0
261,67, 0
262,70, 0
263,73, 0
264,71, 0
265,78, 0
266,83, 0
267,76, 0
268,77, 0
269,91, 0
270,78, 0
271,83, 0
272,78, 0
273,92, 0
274,89, 0
275,83, 0
276,61, 0
277,51, 0
278,40, 0
279,42, 0
280,51, 0
281,81, 0
282,101, 0
283,104, 0
284,107, 0
285,104, 0
286,97, 0
287,92, 0
288,89, 0
289,100, 0
290,93, 0
291,96, 0
292,90, 0
293,90, 0
294,89, 0
295,84, 0
296,71, 0
297,77, 0
298,84, 0
299,72, 0
300,73, 0
301,71, 0
302,59, 0
303,67, 0
304,61, 0
305,67, 0
306,44, 0
307,28, 0
308,19, 0
309,14, 0
310,19, 0
311,36, 0
312,59, 0
313,68, 0
314,78, 0
315,80, 0
316,74, 0
317,74, 0
318,71, 0
319,76, 0
320,76, 0
321,77, 0
322,67, 0
323,78, 0
324,78, 0
325,87, 0
326,80, 0
327,89, 0
328,84, 0
329,84, 0
330,83, 0
331,75, 0
332,79, 0
333,78, 0
334,70, 0
335,75, 0
336,73, 0
337,55, 0
338,41, 0
339,46, 0
340,46, 0
341,55, 0
342,80, 0
343,90, 0
344,91, 0
345,101, 0
346,118, 0
347,96, 0
348,101, 0
349,85, 0
350,94, 0
351,89, 0
352,92, 0
353,84, 0
354,85, 0
355,81, 0
356,79, 0
357,75, 0
358,71, 0
359,72, 0
360,70, 0
361,74, 0
362,70, 0
363,67, 0
364,70, 0
365,59, 0
366,62, 0
367,38, 0
368,25, 0
369,11, 0
370,12, 0
371,17, 0
372,32, 0
373,57, 0
374,58, 0
375,65, 0
376,69, 0
377,70, 0
378,70, 0
379,70, 0
380,69, 0
381,63, 0
382,69, 0
383,57, 0
384,72, 0
385,70, 0
386,72, 0
387,73, 0
388,76, 0
389,70, 0
390,69, 0
391,73, 0
392,73, 0
393,74, 0
394,80, 0
395,77, 0
396,80, 0
397,71, 0
398,52, 0
399,40, 0
400,31, 0
401,36, 0
402,50, 0
403,95, 0
404,83, 0
405,96, 0
406,100, 0
407,92, 0
408,95, 0
409,94, 0
410,96, 0
411,95, 0
412,93, 0
413,91, 0
414,83, 0
415,78, 0
416,76, 0
417,75, 0
418,77, 0
419,65, 0
420,68, 0
421,67, 0
422,68, 0
423,57, 0
424,63, 0
425,61, 6
426,63, 0
427,59, 0
428,44, 0
429,24, 0
430,12, 0
431,10, 22
432,15, 0
433,30, 0
434,54, 0
435,65, 0
436,64, 0
437,68, 0
438,67, 0
439,67, 0
440,71, 0
441,76, 0
442,67, 0
443,69, 0
444,71, 0
445,72, 0
446,70, 0
447,74, 0
448,70, 0
449,81, 0
450,75, 0
451,67, 0
452,79, 0
453,79, 0
454,87, 0
455,81, 0
456,81, 0
457,84, 0
458,74, 0
459,50, 0
460,40, 0
461,47, 0
462,40, 0
463,57, 0
464,73, 0
465,93, 0
466,101, 0
467,104, 0
468,95, 0
469,101, 0
470,89, 0
471,92, 0
472,95, 0
473,91, 0
474,90, 0
475,78, 0
476,74, 0
477,83, 0
478,77, 0
479,70, 0
480,76, 0
481,70, 0
482,74, 0
483,70, 0
484,67, 0
485,70, 0
486,70, 0
487,61, 0
488,62, 0
489,43, 0
490,24, 6
491,12, 0
492,12, 0
493,19, 0
494,39, 0
495,57, 0
496,90, 0
497,74, 0
498,78, 0
499,75, 0
500,75, 0
501,70, 0
502,71, 0
503,74, 0
504,69, 0
505,76, 0
506,68, 0
507,72, 0
508,67, 0
509,80, 0
510,81, 0
511,90, 0
512,77, 0
513,71, 0
514,81, 0
515,88, 0
516,81, 0
517,78, 0
518,100, 0
519,79, 0
520,60, 0
521,45, 0
522,40, 0
523,38, 0
524,48, 0
525,74, 0
526,95, 0
527,101, 0
528,103, 0
529,96, 0
530,96, 0
531,92, 0
532,92, 0
533,91, 0
534,94, 0
535,89, 0
536,86, 0
537,68, 0
538,85, 0
539,75, 0
540,84, 0
541,72, 0
542,67, 0
543,78, 0
544,74, 0
545,67, 0
546,64, 0
547,61, 0
548,70, 0
549,59, 0
550,44, 0
551,25, 0
552,12, 7
553,12, 0
554,17, 0
555,34, 0
556,57, 0
557,70, 0
558,76, 0
559,70, 0
560,70, 0
561,62, 0
562,70, 0
563,69, 0
564,72, 0
565,63, 0
566,86, 0
567,72, 0
568,70, 0
569,70, 0
570,77, 0
571,78, 0
572,76, 0
573,76, 0
574,88, 0
575,83, 0
576,83, 0
577,81, 0
578,88, 0
579,89, 0
580,80, 0
581,61, 0
582,42, 0
583,51, 0
584,46, 0
585,62, 0
586,83, 0
587,97, 0
588,107, 0
589,102, 0
590,94, 0
591,96, 0
592,85, 0
593,97, 0
594,95, 2
595,90, 0
596,95, 0
597,91, 0
598,85, 0
599,91, 0
600,93, 0
601,86, 0
602,76, 0
603,83, 0
604,80, 0
605,81, 0
606,78, 0
607,76, 0
608,76, 0
609,74, 0
610,74, 0
611,56, 0
612,38, 0
613,21, 0
614,26, 0
615,35, 0
616,46, 0
617,67, 0
618,88, 0
619,81, 0
620,78, 0
621,65, 0
622,76, 0
623,85, 0
624,83, 0
625,85, 0
626,89, 0
627,84, 0
628,83, 0
629,83, 0
630,95, 0
631,80, 0
632,81, 0
633,86, 0
634,80, 0
635,88, 0
636,83, 0
637,86, 0
638,91, 0
639,88, 0
640,92, 0
641,88, 0
642,64, 0
643,52, 0
644,47, 0
645,51, 0
646,62, 0
647,88, 0
648,92, 0
649,109, 0
650,108, 0
651,100, 0
652,102, 0
653,100, 0
654,95, 0
655,93, 0
656,95, 0
657,92, 0
658,89, 0
659,99, 0
660,86, 0
661,89, 0
662,80, 0
663,81, 0
664,76, 0
665,80, 0
666,69, 0
667,78, 0
668,83, 0
669,76, 0
670,68, 0
671,68, 0
672,46, 0
673,28, 0
674,39, 0
675,12, 0
676,18, 0
677,39, 0
678,57, 0
679,69, 0
680,69, 0
681,81, 0
682,69, 0
683,70, 0
684,74, 0
685,71, 0
686,71, 0
687,70, 0
688,76, 0
689,76, 0
690,74, 0
691,92, 0
692,80, 0
693,81, 0
694,83, 0
695,83, 0
696,85, 0
697,81, 0
698,87, 0
699,89, 0
700,108, 0
701,93, 0
702,89, 0
703,69, 0
704,51, 0
705,51, 0
706,53, 0
707,63, 0
708,87, 0
709,95, 0
710,102, 0
711,93, 0
712,92, 0
713,93, 0
714,84, 0
715,93, 0
716,85, 0
717,85, 0
718,84, 0
719,78, 0
720,79, 0
721,76, 0
722,79, 0
723,77, 0
724,74, 0
725,76, 0
726,67, 0
727,72, 0
728,70, 0
729,67, 0
730,63, 0
731,63, 0
732,55, 0
733,39, 0
734,25, 0
735,12, 19
736,12, 0
737,30, 0
738,40, 0
739,64, 0
740,85, 0
741,76, 0
742,70, 0
743,71, 0
744,68, 0
745,71, 0
746,72, 0
747,73, 0
748,74, 0
749,72, 0
750,75, 0
751,76, 0
752,72, 0
753,73, 0
754,75, 0
755,74, 0
756,70, 0
757,86, 0
758,78, 0
759,83, 0
760,85, 0
761,89, 0
762,88, 0
763,72, 0
764,57, 0
765,42, 0
766,43, 0
767,44, 0
768,56, 0
769,83, 0
770,102, 0
771,124, 0
772,106, 0
773,107, 0
774,99, 0
775,95, 0
776,93, 0
777,95, 0
778,95, 0
779,96, 0
780,88, 0
781,76, 0
782,80, 0
783,80, 0
784,77, 0
785,75, 0
786,76, 0
787,77, 0
788,74, 0
789,72, 0
790,72, 0
791,72, 0
792,73, 0
793,64, 0
794,45, 0
795,22, 0
796,17, 0
797,22, 0
798,26, 0
799,44, 0
800,64, 0
801,76, 0
802,72, 0
803,75, 0
804,77, 0
805,70, 0
806,73, 0
807,73, 0
808,72, 0
809,76, 0
810,70, 0
811,65, 0
812,69, 0
813,70, 0
814,67, 0
815,71, 0
816,70, 0
817,74, 0
818,73, 0
819,76, 0
820,89, 0
821,77, 0
822,77, 0
823,79, 0
824,70, 0
825,46, 0
826,37, 0
827,25, 0
828,38, 0
829,50, 0
830,78, 0
831,94, 0
832,102, 0
833,102, 0
834,83, 0
835,88, 0
836,91, 0
837,89, 0
838,89, 2
839,99, 0
840,86, 0
841,75, 0
842,71, 0
843,76, 0
844,76, 0
845,77, 0
846,70, 0
847,67, 0
848,70, 0
849,67, 0
850,60, 0
851,58, 0
852,50, 0
853,44, 0
854,47, 0
855,25, 0
856,12, 0
857,2, 0
858,4, 0
859,6, 0
860,23, 0
861,37, 0
862,47, 0
863,52, 0
864,53, 0
865,55, 0
866,50, 0
867,64, 0
868,57, 0
869,56, 0
870,58, 0
871,56, 0
872,44, 0
873,55, 0
874,51, 0
875,57, 0
876,62, 0
877,63, 0
878,61, 0
879,63, 0
880,67, 0
881,65, 0
882,72, 0
883,89, 0
884,76, 0
885,67, 0
886,44, 0
887,31, 0
888,35, 0
889,41, 0
890,51, 0
891,78, 0
892,95, 0
893,101, 0
894,100, 0
895,92, 0
896,93, 0
897,84, 0
898,89, 0
899,80, 0
900,85, 0
901,85, 0
902,69, 0
903,65, 0
904,63, 0
905,71, 0
906,55, 0
907,54, 0
908,52, 0
909,47, 0
910,54, 0
911,48, 0
912,51, 0
913,44, 0
914,55, 0
915,44, 0
916,32, 0
917,10, 19
918,0, 0
919,1, 0
920,5, 0
921,26, 0
922,53, 0
923,51, 0
924,56, 0
925,54, 0
926,48, 0
927,51, 0
928,47, 0
929,58, 0
930,54, 0
931,53, 0
932,55, 0
933,63, 0
934,57, 0
935,62, 0
936,60, 0
937,53, 0
938,63, 0
939,60, 0
940,65, 0
941,63, 0
942,76, 0
943,70, 0
944,62, 0
945,62, 0
946,57, 0
947,38, 0
948,29, 0
949,30, 0
950,25, 0
951,42, 0
952,68, 0
953,80, 0
954,92, 0
955,94, 0
956,111, 0
957,89, 0
958,92, 0
959,88, 0
960,85, 0
961,92, 0
962,85, 0
963,72, 0
964,72, 0
965,74, 0
966,69, 0
967,64, 0
968,63, 0
969,71, 0
970,63, 0
971,57, 0
972,63, 0
973,58, 0
974,58, 0
975,59, 0
976,53, 0
977,39, 0
978,18, 0
979,6, 0
980,6, 0
981,12, 0
982,31, 0
983,59, 0
984,63, 0
985,70, 0
986,70, 0
987,68, 0
988,67, 0
989,63, 0
990,68, 0
991,70, 0
992,70, 0
993,73, 0
994,76, 0
995,78, 0
996,77, 0
997,77, 0
998,84, 0
999,76, 0
1000,77, 0
1001,85, 0
1002,81, 0
1003,85, 0
1004,86, 0
1005,88, 0
1006,86, 0
1007,80, 0
1008,56, 0
1009,50, 0
1010,44, 0
1011,51, 0
1012,59, 0
1013,85, 0
1014,108, 0
1015,106, 0
1016,109, 0
1017,106, 0
1018,102, 0
1019,101, 0
1020,101, 0
1021,93, 0
1022,89, 0
1023,93, 0
1024,89, 0
1025,86, 0
1026,88, 0
1027,86, 0
1028,83, 0
1029,81, 0
1030,80, 0
1031,86, 0
1032,88, 0
1033,71, 0
1034,74, 0
1035,76, 0
1036,74, 0
1037,70, 0
1038,44, 0
1039,30, 0
1040,22, 8
1041,24, 0
1042,35, 0
1043,55, 0
1044,61, 0
1045,76, 0
1046,80, 0
1047,81, 0
1048,78, 0
1049,71, 0
1050,75, 0
1051,81, 0
1052,81, 0
1053,83, 0
1054,83, 0
1055,88, 0
1056,83, 0
1057,99, 0
1058,78, 0
1059,87, 0
1060,79, 0
1061,86, 0
1062,77, 0
1063,80, 0
1064,83, 0
1065,89, 0
1066,84, 0
1067,89, 0
1068,78, 0
1069,57, 0
1070,47, 0
1071,44, 0
1072,45, 0
1073,63, 0
1074,88, 0
1075,88, 0
1076,100, 0
1077,106, 0
1078,103, 0
1079,108, 0
1080,100, 0
1081,99, 0
1082,93, 0
1083,100, 0
1084,92, 0
1085,89, 0
1086,90, 0
1087,89, 0
1088,90, 0
1089,80, 0
1090,83, 0
1091,78, 0
1092,90, 0
1093,85, 0
1094,71, 0
1095,74, 0
1096,88, 0
1097,63, 0
1098,60, 0
1099,41, 0
1100,30, 9
1101,19, 0
1102,19, 0
1103,21, 0
1104,43, 0
1105,63, 0
1106,71, 0
1107,71, 0
1108,75, 0
1109,68, 0
1110,74, 0
1111,71, 0
1112,69, 0
1113,70, 0
1114,69, 0
1115,63, 0
1116,75, 0
1117,72, 0
1118,74, 0
1119,71, 0
1120,73, 0
1121,78, 0
1122,85, 0
1123,76, 0
1124,79, 0
1125,84, 0
1126,89, 0
1127,85, 0
1128,89, 0
1129,78, 0
1130,62, 0
1131,50, 0
1132,51, 0
1133,54, 0
1134,69, 0
1135,112, 0
1136,108, 0
1137,112, 0
1138,110, 0
1139,107, 0
1140,108, 0
1141,113, 0
1142,96, 0
1143,96, 0
1144,89, 0
1145,91, 0
1146,88, 0
1147,87, 0
1148,83, 0
1149,81, 0
1150,83, 0
1151,74, 0
1152,76, 0
1153,77, 0
1154,79, 0
1155,69, 0
1156,65, 0
1157,63, 0
1158,67, 0
1159,62, 0
1160,45, 2
1161,25, 12
1162,17, 0
1163,20, 0
1164,28, 0
1165,44, 0
1166,65, 0
1167,76, 0
1168,76, 0
1169,78, 0
1170,72, 0
1171,76, 0
1172,84, 0
1173,75, 0
1174,75, 0
1175,72, 0
1176,79, 0
1177,80, 0
1178,80, 0
1179,84, 0
1180,83, 0
1181,81, 0
1182,79, 0
1183,80, 0
1184,84, 0
1185,85, 0
1186,87, 0
1187,89, 0
1188,85, 0
1189,89, 0
1190,86, 0
1191,67, 0
1192,51, 0
1193,50, 0
1194,44, 0
1195,63, 0
1196,83, 0
1197,100, 0
1198,111, 0
1199,112, 0
1200,110, 0
1201,104, 0
1202,103, 0
1203,101, 0
1204,99, 0
1205,109, 0
1206,101, 0
1207,90, 0
1208,91, 0
1209,92, 0
1210,83, 0
1211,84, 0
1212,83, 0
1213,83, 0
1214,80, 0
1215,79, 0
1216,72, 0
1217,75, 0
1218,73, 0
1219,76, 0
1220,63, 0
1221,44, 0
1222,30, 0
1223,18, 0
1224,31, 0
1225,24, 0
1226,43, 0
1227,63, 0
1228,76, 0
1229,77, 0
1230,81, 0
1231,97, 0
1232,76, 0
1233,83, 0
1234,83, 0
1235,78, 0
1236,72, 0
1237,79, 0
1238,83, 0
1239,80, 0
1240,87, 0
1241,83, 0
1242,84, 0
1243,85, 0
1244,88, 0
1245,86, 0
1246,87, 0
1247,86, 0
1248,84, 0
1249,88, 0
1250,89, 0
1251,79, 0
1252,62, 0
1253,48, 0
1254,45, 0
1255,48, 0
1256,60, 0
1257,90, 0
1258,101, 0
1259,112, 0
1260,113, 0
1261,110, 0
1262,107, 0
1263,115, 0
1264,106, 0
1265,99, 0
1266,112, 0
1267,95, 0
1268,93, 0
1269,96, 0
1270,93, 0
1271,87, 0
1272,81, 0
1273,81, 0
1274,81, 0
1275,84, 0
1276,83, 0
1277,74, 0
1278,72, 0
1279,76, 0
1280,72, 0
1281,70, 0
1282,51, 0
1283,31, 39
1284,23, 1
1285,25, 0
1286,34, 0
1287,56, 0
1288,74, 0
1289,84, 0
1290,85, 0
1291,89, 0
1292,83, 0
1293,80, 0
1294,81, 0
1295,86, 0
1296,85, 0
1297,90, 0
1298,88, 0
1299,86, 0
1300,91, 0
1301,76, 0
1302,83, 0
1303,83, 0
1304,75, 0
1305,84, 0
1306,84, 0
1307,83, 0
1308,86, 0
1309,89, 0
1310,95, 0
1311,93, 0
1312,80, 0
1313,61, 0
1314,48, 0
1315,51, 0
1316,51, 0
1317,64, 0
1318,88, 0
1319,105, 0
1320,113, 0
1321,109, 0
1322,103, 0
1323,104, 0
1324,96, 0
1325,97, 0
1326,100, 0
1327,93, 0
1328,93, 0
1329,89, 0
1330,95, 0
1331,80, 0
1332,83, 0
1333,81, 0
1334,77, 0
1335,77, 0
1336,72, 0
1337,85, 0
1338,71, 0
1339,62, 0
1340,67, 0
1341,69, 0
1342,59, 0
1343,47, 0
1344,24, 3
1345,14, 0
1346,21, 0
1347,22, 0
1348,43, 0
1349,71, 0
1350,75, 0
1351,78, 0
1352,79, 0
1353,69, 0
1354,69, 0
1355,77, 0
1356,77, 0
1357,78, 0
1358,93, 0
1359,75, 0
1360,76, 0
1361,76, 0
1362,78, 0
1363,76, 0
1364,77, 0
1365,76, 0
1366,83, 0
1367,76, 0
1368,76, 0
1369,85, 0
1370,107, 0
1371,83, 0
1372,91, 0
1373,78, 0
1374,62, 0
1375,47, 0
1376,46, 0
1377,51, 0
1378,67, 0
1379,88, 0
1380,103, 0
1381,110, 0
1382,110, 0
1383,105, 0
1384,99, 0
1385,108, 0
1386,97, 0
1387,94, 0
1388,90, 0
1389,89, 0
1390,93, 0
1391,86, 0
1392,88, 0
1393,81, 0
1394,78, 0
1395,71, 0
1396,78, 0
1397,70, 0
1398,78, 0
1399,67, 0
1400,64, 0
1401,60, 0
1402,57, 0
1403,51, 0
1404,36, 0
1405,18, 0
1406,12, 0
1407,19, 0
1408,19, 0
1409,45, 0
1410,62, 0
1411,74, 0
1412,71, 0
1413,75, 0
1414,74, 0
1415,73, 0
1416,75, 0
1417,72, 0
1418,75, 0
1419,83, 0
1420,70, 0
1421,76, 0
1422,75, 0
1423,78, 0
1424,76, 0
1425,76, 0
1426,77, 0
1427,75, 0
1428,70, 0
1429,83, 0
1430,81, 0
1431,81, 0
1432,86, 0
1433,83, 0
1434,74, 0
1435,51, 0
1436,50, 0
1437,43, 0
1438,44, 0
1439,61, 0
1440,86, 0
1441,101, 0
1442,108, 0
1443,90, 0
1444,95, 0
1445,101, 0
1446,97, 0
1447,92, 0
1448,92, 0
1449,86, 0
1450,80, 0
1451,87, 0
1452,102, 0
1453,78, 0
1454,86, 0
1455,76, 0
1456,75, 0
1457,67, 0
1458,73, 0
1459,70, 0
1460,63, 0
1461,57, 0
1462,81, 0
1463,58, 0
1464,55, 0
1465,35, 0
1466,24, 2
1467,13, 0
1468,12, 0
1469,19, 0
1470,36, 0
1471,67, 0
1472,74, 0
1473,92, 0
1474,76, 0
1475,77, 0
1476,78, 0
1477,83, 0
1478,73, 0
1479,62, 0
1480,71, 0
1481,68, 0
1482,72, 0
1483,76, 0
1484,69, 0
1485,77, 0
1486,77, 0
1487,78, 0
1488,80, 0
1489,74, 0
1490,85, 0
1491,88, 0
1492,87, 0
1493,87, 0
1494,88, 0
1495,76, 0
1496,67, 0
1497,39, 0
1498,38, 0
1499,40, 0
1500,56, 0
1501,80, 0
1502,97, 0
1503,104, 0
1504,106, 0
1505,104, 0
1506,104, 0
1507,108, 0
1508,92, 0
1509,90, 0
1510,86, 0
1511,89, 0
1512,83, 0
1513,88, 0
1514,80, 0
1515,81, 0
1516,78, 0
1517,76, 0
1518,79, 0
1519,72, 0
1520,75, 0
1521,68, 0
1522,71, 0
1523,71, 0
1524,76, 0
1525,68, 0
1526,46, 0
1527,44, 0
1528,21, 0
1529,23, 6
1530,46, 0
1531,52, 0
1532,62, 0
1533,78, 0
1534,81, 0
1535,73, 0
1536,81, 0
1537,76, 0
1538,76, 0
1539,95, 0
1540,68, 0
1541,80, 0
1542,72, 0
1543,74, 0
1544,76, 0
1545,89, 0
1546,81, 0
1547,78, 0
1548,80, 0
1549,76, 0
1550,75, 0
1551,96, 0
1552,77, 0
1553,81, 0
1554,76, 0
1555,84, 0
1556,72, 0
1557,46, 6
1558,38, 0
1559,47, 0
1560,44, 0
1561,60, 0
1562,87, 0
1563,90, 0
1564,102, 0
1565,97, 0
1566,97, 0
1567,99, 0
1568,90, 0
1569,92, 0
1570,89, 0
1571,87, 0
1572,86, 0
1573,92, 0
1574,86, 0
1575,85, 0
1576,87, 0
1577,78, 0
1578,83, 0
1579,83, 0
1580,72, 0
1581,74, 0
1582,63, 0
1583,67, 0
1584,57, 0
1585,62, 0
1586,55, 0
1587,39, 0
1588,18, 0
1589,19, 0
1590,19, 0
1591,44, 0
1592,46, 0
1593,63, 0
1594,70, 0
1595,65, 0
1596,70, 0
1597,64, 0
1598,67, 0
1599,65, 0
1600,81, 0
1601,61, 0
1602,85, 0
1603,76, 0
1604,75, 0
1605,75, 0
1606,76, 0
1607,78, 0
1608,71, 0
1609,78, 0
1610,72, 0
1611,75, 0
1612,78, 0
1613,73, 0
1614,76, 0
1615,80, 0
1616,81, 0
1617,73, 0
1618,51, 0
1619,40, 0
1620,39, 0
1621,48, 0
1622,60, 0
1623,89, 0
1624,99, 0
1625,104, 0
1626,105, 0
1627,103, 0
1628,106, 0
1629,97, 0
1630,100, 0
1631,101, 0
1632,96, 0
1633,92, 0
1634,83, 0
1635,94, 0
1636,83, 0
1637,81, 0
1638,76, 0
1639,80, 0
1640,75, 0
1641,71, 0
1642,87, 0
1643,73, 0
1644,72, 0
1645,63, 0
1646,64, 0
1647,60, 0
1648,38, 11
1649,19, 3
1650,12, 0
1651,17, 6
1652,23, 0
1653,41, 0
1654,56, 3
1655,63, 0
1656,64, 0
1657,64, 0
1658,57, 0
1659,58, 0
1660,54, 0
1661,56, 0
1662,56, 0
1663,57, 0
1664,59, 0
1665,63, 0
1666,58, 0
1667,64, 0
1668,74, 0
1669,76, 0
1670,73, 0
1671,72, 0
1672,81, 0
1673,84, 0
1674,83, 0
1675,84, 0
1676,89, 0
1677,92, 0
1678,74, 0
1679,52, 0
1680,42, 0
1681,50, 0
1682,50, 0
1683,73, 0
1684,105, 0
1685,107, 0
1686,108, 0
1687,96, 0
1688,103, 0
1689,101, 0
1690,101, 0
1691,100, 0
1692,102, 0
1693,102, 0
1694,104, 0
1695,90, 0
1696,103, 0
1697,87, 0
1698,86, 0
1699,84, 0
1700,89, 0
1701,83, 0
1702,104, 0
1703,79, 0
1704,76, 0
1705,70, 0
1706,67, 0
1707,70, 0
1708,61, 0
1709,38, 0
1710,20, 44
1711,15, 12
1712,15, 0
1713,23, 0
1714,32, 0
1715,58, 0
1716,70, 0
1717,74, 0
1718,75, 0
1719,72, 0
1720,71, 0
1721,68, 0
1722,79, 0
1723,80, 0
1724,70, 0
1725,77, 0
1726,77, 0
1727,89, 0
1728,81, 0
1729,76, 0
1730,76, 0
1731,77, 0
1732,79, 0
1733,76, 0
1734,74, 0
1735,76, 0
1736,74, 0
1737,87, 0
1738,83, 0
1739,70, 0
1740,51, 0
1741,41, 0
1742,44, 0
1743,42, 0
1744,53, 0
1745,84, 0
1746,105, 0
1747,95, 0
1748,100, 0
1749,95, 0
1750,92, 0
1751,95, 0
1752,92, 0
1753,92, 0
1754,88, 0
1755,84, 0
1756,89, 0
1757,78, 0
1758,85, 0
1759,78, 0
1760,74, 0
1761,85, 0
1762,78, 0
1763,91, 0
1764,70, 0
1765,61, 0
1766,61, 0
1767,62, 0
1768,60, 1
1769,51, 0
1770,31, 12
1771,19, 0
1772,12, 0
1773,15, 1
1774,25, 0
1775,38, 0
1776,58, 0
1777,74, 0
1778,70, 0
1779,75, 0
1780,84, 0
1781,71, 0
1782,74, 0
1783,70, 0
1784,79, 0
1785,75, 0
1786,68, 0
1787,71, 0
1788,87, 0
1789,74, 0
1790,79, 0
1791,80, 0
1792,76, 0
1793,75, 0
1794,76, 0
1795,77, 0
1796,84, 0
1797,102, 0
1798,76, 0
1799,81, 0
1800,68, 0
1801,48, 0
1802,40, 0
1803,40, 0
1804,46, 0
1805,53, 0
1806,89, 0
1807,96, 0
1808,104, 0
1809,100, 0
1810,96, 0
1811,95, 0
1812,99, 0
1813,92, 0
1814,105, 0
1815,91, 0
1816,89, 0
1817,87, 0
1818,77, 0
1819,84, 0
1820,83, 0
1821,76, 0
1822,75, 0
1823,76, 0
1824,99, 0
1825,68, 0
1826,67, 0
1827,67, 0
1828,63, 0
1829,62, 0
1830,53, 0
1831,36, 0
1832,18, 0
1833,13, 0
1834,18, 0
1835,26, 0
1836,42, 0
1837,58, 0
1838,70, 0
1839,72, 0
1840,74, 0
1841,74, 0
1842,67, 0
1843,70, 0
1844,74, 0
1845,75, 0
1846,68, 0
1847,68, 0
1848,77, 0
1849,73, 0
1850,70, 0
1851,69, 0
1852,67, 0
1853,67, 0
1854,69, 0
1855,64, 0
1856,69, 0
1857,71, 0
1858,78, 0
1859,85, 0
1860,83, 0
1861,71, 0
1862,48, 0
1863,34, 0
1864,40, 0
1865,43, 0
1866,51, 0
1867,89, 0
1868,102, 0
1869,104, 0
1870,101, 0
1871,97, 0
1872,101, 0
1873,94, 0
1874,96, 0
1875,102, 0
1876,90, 0
1877,81, 0
1878,78, 0
1879,73, 0
1880,85, 0
1881,80, 0
1882,76, 0
1883,74, 0
1884,70, 0
1885,75, 0
1886,71, 0
1887,70, 0
1888,70, 0
1889,93, 0
1890,72, 0
1891,69, 0
1892,43, 0
1893,20, 0
1894,20, 0
1895,23, 6
1896,31, 0
1897,52, 0
1898,72, 0
1899,75, 0
1900,76, 0
1901,75, 0
1902,74, 0
1903,76, 0
1904,75, 0
1905,78, 0
1906,79, 0
1907,75, 0
1908,75, 0
1909,72, 0
1910,75, 0
1911,78, 0
1912,76, 0
1913,78, 0
1914,80, 0
1915,84, 0
1916,80, 0
1917,87, 0
1918,88, 0
1919,91, 0
1920,91, 0
1921,89, 1
1922,76, 0
1923,44, 0
1924,47, 0
1925,56, 0
1926,46, 0
1927,63, 0
1928,80, 0
1929,93, 0
1930,105, 0
1931,111, 0
1932,103, 0
1933,104, 0
1934,108, 0
1935,105, 0
1936,95, 0
1937,94, 0
1938,105, 0
1939,84, 0
1940,92, 0
1941,87, 0
1942,81, 0
1943,76, 0
1944,83, 0
1945,68, 0
1946,75, 0
1947,72, 0
1948,70, 0
1949,63, 0
1950,67, 0
1951,63, 0
1952,50, 0
1953,26, 39
1954,10, 6
1955,13, 0
1956,10, 0
1957,17, 0
1958,40, 0
1959,60, 0
1960,70, 0
1961,72, 0
1962,71, 0
1963,71, 0
1964,72, 0
1965,71, 0
1966,72, 0
1967,74, 0
1968,70, 0
1969,76, 0
1970,73, 0
1971,78, 0
1972,81, 0
1973,83, 0
1974,77, 0
1975,77, 0
1976,74, 0
1977,76, 0
1978,72, 0
1979,78, 0
1980,78, 0
1981,83, 0
1982,79, 0
1983,67, 0
1984,48, 0
1985,39, 0
1986,44, 0
1987,44, 0
1988,64, 0
1989,92, 0
1990,115, 0
1991,115, 0
1992,120, 0
1993,113, 0
1994,107, 0
1995,102, 0
1996,97, 0
1997,94, 0
1998,92, 0
1999,92, 0
2000,92, 0
2001,92, 0
2002,83, 0
2003,77, 0
2004,76, 0
2005,73, 0
2006,76, 0
2007,63, 0
2008,76, 0
2009,63, 0
2010,64, 0
2011,62, 0
2012,55, 0
2013,72, 0
2014,36, 0
2015,20, 12
2016,12, 0
2017,12, 0
2018,21, 0
2019,45, 0
2020,63, 0
2021,70, 0
2022,70, 0
2023,71, 0
2024,72, 0
2025,78, 0
2026,70, 2
2027,70, 0
2028,70, 0
2029,73, 0
2030,73, 0
2031,73, 0
2032,75, 0
2033,78, 0
2034,74, 0
2035,77, 0
2036,93, 0
2037,89, 0
2038,76, 0
2039,76, 0
2040,78, 0
2041,80, 0
2042,93, 0
2043,84, 0
2044,63, 0
2045,43, 0
2046,39, 0
2047,44, 0
2048,45, 0
2049,62, 0
2050,84, 0
2051,121, 0
2052,103, 0
2053,102, 0
2054,103, 0
2055,94, 0
2056,92, 0
2057,90, 0
2058,101, 0
2059,85, 0
2060,88, 0
2061,79, 0
2062,83, 0
2063,70, 0
2064,77, 0
2065,74, 0
2066,77, 0
2067,74, 0
2068,71, 0
2069,70, 0
2070,61, 0
2071,68, 0
2072,60, 0
2073,63, 0
2074,54, 0
2075,38, 0
2076,22, 25
2077,19, 0
2078,15, 0
2079,31, 0
2080,40, 0
2081,61, 0
2082,68, 0
2083,70, 0
2084,70, 0
2085,59, 0
2086,63, 0
2087,62, 0
2088,63, 0
2089,64, 0
2090,64, 0
2091,62, 0
2092,68, 0
2093,80, 0
2094,79, 0
2095,75, 0
2096,76, 0
2097,80, 0
2098,81, 0
2099,79, 0
2100,91, 0
2101,83, 0
2102,95, 0
2103,86, 0
2104,81, 0
2105,58, 0
2106,47, 0
2107,39, 0
2108,36, 0
2109,43, 0
2110,61, 0
2111,89, 0
2112,95, 0
2113,101, 0
2114,97, 0
2115,92, 0
2116,89, 0
2117,88, 0
2118,86, 0
2119,89, 0
2120,74, 0
2121,87, 0
2122,74, 0
2123,71, 0
2124,72, 0
2125,68, 0
2126,72, 0
2127,70, 0
2128,71, 0
2129,75, 0
2130,70, 0
2131,62, 0
2132,68, 0
2133,65, 0
2134,65, 0
2135,61, 0
2136,37, 0
2137,24, 0
2138,34, 0
2139,52, 0
2140,76, 0
2141,108, 0
2142,137, 3
2143,147, 0
2144,159, 0
2145,173, 0
2146,174, 0
2147,182, 0
2148,183, 0
2149,183, 0
2150,196, 0
2151,203, 0
2152,213, 0
2153,223, 0
2154,249, 0
2155,258, 0
2156,270, 0
2157,263, 0
2158,249, 0
2159,226, 0
2160,204, 0
2161,212, 0
2162,191, 0
2163,199, 0
2164,189, 0
2165,179, 0
2166,149, 0
2167,108, 0
2168,73, 0
2169,44, 0
2170,8, 0
2171,1, 0
2172,4, 0
2173,0, 0
2174,0, 0
2175,0, 0
2176,0, 0
2177,1, 0
2178,18, 0
2179,35, 0
2180,28, 0
2181,0, 0
2182,3, 0
2183,0, 0
2184,0, 0
2185,0, 0
2186,0, 0
2187,1, 0
2188,5, 0
2189,8, 0
2190,1, 0
2191,0, 0
2192,0, 0
2193,47, 0
2194,140, 0
2195,219, 0
2196,253, 0
2197,262, 0
2198,229, 38
2199,207, 0
2200,196, 15
2201,202, 0
2202,242, 0
2203,264, 0
2204,267, 0
2205,242, 0
2206,229, 0
2207,229, 0
2208,266, 0
2209,316, 0
2210,359, 0
2211,396, 0
2212,404, 0
2213,383, 0
2214,356, 0
2215,339, 0
2216,311, 0
2217,300, 0
2218,307, 0
2219,329, 0
2220,362, 0
2221,367, 0
2222,430, 0
2223,464, 0
2224,458, 0
2225,409, 0
2226,286, 0
2227,151, 0
2228,35, 0
2229,0, 0
2230,0, 0
2231,0, 0
2232,0, 0
2233,2, 0
2234,17, 0
2235,14, 0
2236,39, 0
2237,81, 0
2238,115, 0
2239,132, 0
2240,132, 0
2241,115, 0
2242,117, 0
2243,131, 0
2244,144, 0
2245,152, 0
2246,176, 0
2247,160, 0
2248,157, 0
2249,136, 0
2250,107, 0
2251,77, 0
2252,62, 0
2253,48, 0
2254,12, 0
2255,0, 0
2256,0, 0
2257,0, 0
2258,0, 0
2259,0, 2
2260,14, 0
2261,59, 0
2262,88, 0
2263,100, 0
2264,122, 0
2265,158, 0
2266,181, 0
2267,183, 0
2268,142, 0
2269,78, 0
2270,12, 0
2271,12, 0
2272,0, 0
2273,0, 0
2274,0, 0
2275,0, 0
2276,14, 0
2277,64, 0
2278,87, 0
2279,81, 0
2280,44, 0
2281,36, 0
2282,35, 0
2283,32, 0
2284,20, 0
2285,23, 0
2286,36, 0
2287,77, 0
2288,132, 0
2289,192, 0
2290,257, 19
2291,302, 1
2292,325, 15
2293,351, 0
2294,326, 0
2295,296, 0
2296,232, 0
2297,164, 0
2298,75, 0
2299,3, 0
2300,0, 0
2301,31, 0
2302,100, 0
2303,108, 0
2304,70, 0
2305,32, 0
2306,0, 0
2307,0, 0
2308,62, 0
2309,150, 0
2310,232, 0
2311,253, 0
2312,196, 0
2313,164, 0
2314,122, 0
2315,123, 0
2316,152, 0
2317,137, 0
2318,83, 0
2319,30, 0
2320,25, 0
2321,51, 0
2322,100, 0
2323,126, 0
2324,133, 0
2325,125, 0
2326,112, 0
2327,92, 0
2328,76, 0
2329,60, 0
2330,44, 0
2331,25, 0
2332,3, 0
2333,15, 0
2334,76, 0
2335,189, 0
2336,292, 0
2337,361, 0
2338,404, 0
2339,424, 0
2340,447, 0
2341,476, 0
2342,494, 0
2343,505, 0
2344,524, 0
2345,493, 0
2346,435, 0
2347,349, 0
2348,273, 0
2349,176, 0
2350,89, 0
2351,43, 0
2352,41, 0
2353,51, 0
2354,52, 0
2355,36, 0
2356,19, 0
2357,4, 0
2358,15, 0
2359,0, 0
2360,0, 0
2361,0, 0
2362,0, 0
2363,0, 0
2364,0, 0
2365,3, 0
2366,4, 0
2367,6, 0
2368,3, 1
2369,21, 0
2370,57, 0
2371,96, 0
2372,120, 0
2373,115, 0
2374,137, 0
2375,148, 0
2376,155, 0
2377,141, 0
2378,106, 0
2379,83, 0
2380,73, 0
2381,72, 0
2382,89, 0
2383,91, 0
2384,59, 0
2385,43, 0
2386,52, 0
2387,121, 0
2388,206, 0
2389,289, 0
2390,344, 0
2391,348, 0
2392,297, 0
2393,237, 0
2394,135, 0
2395,51, 0
2396,19, 0
2397,46, 0
2398,96, 0
2399,135, 0
2400,116, 0
2401,75, 0
2402,38, 0
2403,42, 0
2404,63, 0
2405,124, 0
2406,247, 0
2407,356, 0
2408,394, 0
2409,338, 0
2410,190, 0
2411,39, 0
2412,0, 2
2413,0, 44
2414,0, 9
2415,0, 0
2416,0, 0
2417,0, 0
2418,0, 0
2419,0, 0
2420,0, 0
2421,0, 0
2422,0, 0
2423,19, 0
2424,20, 0
2425,21, 0
2426,0, 0
2427,0, 0
2428,0, 0
2429,0, 0
2430,0, 0
2431,0, 0
2432,20, 0
2433,99, 0
2434,167, 0
2435,183, 0
2436,118, 0
2437,32, 0
2438,0, 0
2439,4, 0
2440,29, 0
2441,19, 0
2442,6, 11
2443,0, 30
2444,1, 0
2445,28, 0
2446,34, 0
2447,11, 0
2448,0, 0
2449,51, 0
2450,123, 0
2451,134, 0
2452,116, 0
2453,121, 0
2454,112, 0
2455,84, 0
2456,41, 0
2457,0, 0
2458,0, 0
2459,0, 0
2460,3, 0
2461,0, 0
2462,0, 0
2463,14, 0
2464,0, 0
2465,12, 0
2466,24, 0
2467,5, 0
2468,0, 0
2469,18, 0
2470,51, 0
2471,75, 0
2472,59, 0
2473,43, 0
2474,25, 46
2475,1, 87
2476,0, 22
2477,50, 15
2478,249, 2
2479,464, 43
2480,621, 57
2481,706, 29
2482,742, 0
2483,761, 0
2484,799, 0
2485,859, 0
2486,935, 0
2487,871, 0
2488,717, 0
2489,519, 0
2490,385, 0
2491,304, 0
2492,244, 0
2493,170, 0
2494,67, 0
2495,0, 0
2496,57, 0
2497,182, 0
2498,287, 0
2499,382, 0
2500,481, 0
2501,589, 0
2502,706, 0
2503,767, 83
2504,796, 23
2505,728, 15
2506,606, 0
2507,411, 0
2508,181, 0
2509,4, 0
2510,68, 0
2511,215, 0
2512,284, 0
2513,290, 0
2514,277, 0
2515,220, 0
2516,144, 0
2517,23, 0
2518,6, 0
2519,14, 0
2520,15, 0
2521,0, 0
2522,0, 0
2523,7, 0
2524,51, 0
2525,85, 0
2526,108, 0
2527,164, 0
2528,243, 0
2529,322, 0
2530,359, 0
2531,349, 0
2532,319, 0
2533,290, 0
2534,296, 0
2535,308, 0
2536,279, 0
2537,256, 0
2538,222, 0
2539,244, 0
2540,331, 0
2541,457, 0
2542,621, 0
2543,737, 0
2544,818, 0
2545,803, 0
2546,687, 0
2547,529, 0
2548,379, 0
2549,251, 0
2550,112, 0
2551,4, 0
2552,26, 0
2553,91, 0
2554,76, 0
2555,19, 0
2556,0, 0
2557,0, 0
2558,0, 0
2559,7, 0
2560,0, 69
2561,0, 115
2562,0, 280
2563,0, 213
2564,1, 147
2565,0, 86
2566,0, 20
2567,0, 0
2568,19, 0
2569,42, 0
2570,79, 0
2571,105, 0
2572,110, 0
2573,87, 0
2574,70, 0
2575,86, 0
2576,141, 0
2577,164, 0
2578,170, 0
2579,139, 0
2580,80, 0
2581,23, 0
2582,0, 0
2583,3, 0
2584,80, 0
2585,152, 0
2586,151, 0
2587,43, 0
2588,46, 0
2589,304, 0
2590,569, 0
2591,792, 0
2592,928, 0
2593,963, 0
2594,901, 0
2595,758, 0
2596,553, 0
2597,290, 0
2598,51, 0
2599,27, 0
2600,142, 0
2601,198, 0
2602,188, 0
2603,122, 0
2604,77, 0
2605,64, 0
2606,60, 0
2607,7, 0
2608,44, 0
2609,168, 0
2610,263, 0
2611,276, 0
2612,256, 0
2613,190, 0
2614,99, 0
2615,11, 0
2616,3, 0
2617,47, 0
2618,61, 0
2619,76, 0
2620,140, 0
2621,230, 0
2622,322, 0
2623,383, 0
2624,384, 0
2625,287, 0
2626,108, 0
2627,0, 0
2628,0, 0
2629,0, 0
2630,12, 0
2631,69, 0
2632,141, 0
2633,244, 0
2634,326, 0
2635,368, 0
2636,326, 0
2637,231, 0
2638,124, 0
2639,7, 0
2640,0, 0
2641,22, 0
2642,34, 0
2643,10, 0
2644,1, 0
2645,0, 0
2646,12, 0
2647,27, 0
2648,23, 0
2649,5, 0
2650,0, 0
2651,0, 0
2652,0, 0
2653,0, 0
2654,24, 0
2655,101, 0
2656,163, 0
2657,165, 0
2658,193, 0
2659,232, 0
2660,342, 0
2661,457, 0
2662,546, 0
2663,589, 0
2664,573, 0
2665,488, 0
2666,349, 0
2667,237, 0
2668,180, 0
2669,151, 0
2670,124, 5
2671,55, 0
2672,0, 0
2673,0, 0
2674,1, 0
2675,65, 0
2676,174, 0
2677,289, 0
2678,387, 0
2679,452, 0
2680,457, 0
2681,402, 0
2682,285, 0
2683,159, 0
2684,100, 0
2685,71, 0
2686,125, 1
2687,205, 5
2688,251, 40
2689,254, 0
2690,213, 0
2691,108, 0
2692,5, 0
2693,6, 0
2694,74, 0
2695,159, 0
2696,258, 0
2697,349, 0
2698,432, 0
2699,430, 0
2700,361, 0
2701,266, 0
2702,148, 0
2703,59, 0
2704,1, 0
2705,0, 0
2706,48, 0
2707,171, 0
2708,295, 0
2709,361, 0
2710,359, 0
2711,321, 0
2712,289, 0
2713,290, 0
2714,318, 0
2715,339, 0
2716,353, 0
2717,354, 0
2718,338, 0
2719,283, 3
2720,188, 0
2721,75, 0
2722,0, 0
2723,0, 0
2724,0, 0
2725,0, 0
2726,57, 0
2727,158, 0
2728,175, 0
2729,143, 0
2730,89, 0
2731,46, 0
2732,30, 0
2733,25, 0
2734,3, 0
2735,7, 0
2736,151, 0
2737,319, 0
2738,359, 0
2739,317, 0
2740,312, 0
2741,317, 0
2742,318, 0
2743,324, 0
2744,337, 0
2745,333, 0
2746,301, 0
2747,257, 0
2748,210, 0
2749,152, 0
2750,107, 0
2751,96, 0
2752,76, 0
2753,42, 0
2754,37, 0
2755,51, 0
2756,64, 0
2757,63, 0
2758,69, 0
2759,95, 0
2760,134, 0
2761,181, 0
2762,251, 0
2763,325, 0
2764,373, 0
2765,368, 0
2766,266, 0
2767,126, 0
2768,3, 0
2769,0, 0
2770,0, 0
2771,2, 0
2772,0, 0
2773,0, 0
2774,0, 0
2775,0, 0
2776,0, 0
2777,17, 0
2778,26, 0
2779,13, 0
2780,6, 0
2781,7, 0
2782,0, 0
2783,5, 0
2784,10, 0
2785,0, 0
2786,5, 0
2787,74, 0
2788,150, 0
2789,218, 0
2790,284, 0
2791,251, 0
2792,92, 0
2793,0, 0
2794,7, 0
2795,31, 0
2796,12, 0
2797,0, 0
2798,5, 0
2799,137, 0
2800,265, 0
2801,266, 0
2802,158, 0
2803,31, 0
2804,0, 0
2805,0, 0
2806,8, 0
2807,40, 0
2808,75, 1
2809,111, 0
2810,152, 0
2811,88, 0
2812,1, 0
2813,116, 0
2814,316, 0
2815,396, 0
2816,441, 0
2817,456, 0
2818,496, 0
2819,535, 0
2820,529, 0
2821,446, 0
2822,259, 0
2823,71, 0
2824,0, 0
2825,0, 0
2826,31, 0
2827,128, 0
2828,212, 0
2829,278, 0
2830,342, 4
2831,378, 0
2832,360, 0
2833,266, 0
2834,159, 0
2835,70, 0
2836,12, 0
2837,0, 0
2838,0, 0
2839,0, 0
2840,0, 0
2841,0, 0
2842,51, 0
2843,89, 0
2844,61, 0
2845,30, 0
2846,45, 0
2847,93, 0
2848,152, 0
2849,189, 0
2850,180, 0
2851,151, 0
2852,111, 0
2853,92, 0
2854,85, 0
2855,116, 0
2856,154, 0
2857,189, 0
2858,199, 0
2859,179, 0
2860,136, 0
2861,84, 0
2862,26, 0
2863,0, 0
2864,26, 0
2865,139, 0
2866,229, 0
2867,263, 0
2868,203, 0
2869,44, 0
2870,9, 0
2871,117, 0
2872,163, 0
2873,173, 0
2874,183, 0
2875,216, 0
2876,236, 0
2877,241, 0
2878,242, 0
2879,227, 0
2880,214, 0
2881,191, 0
2882,164, 0
2883,127, 0
2884,83, 0
2885,52, 0
2886,31, 0
2887,31, 0
2888,15, 0
2889,1, 0
2890,0, 0
2891,0, 1
2892,0, 0
2893,0, 0
2894,0, 0
2895,0, 0
2896,6, 0
2897,29, 0
2898,31, 0
2899,25, 4
2900,11, 0
2901,10, 0
2902,31, 0
2903,93, 0
2904,176, 0
2905,245, 0
2906,310, 0
2907,357, 0
2908,391, 0
2909,421, 0
2910,455, 0
2911,446, 0
2912,396, 0
2913,281, 0
2914,89, 0
2915,24, 0
2916,169, 0
2917,244, 0
2918,273, 0
2919,246, 0
2920,199, 0
2921,112, 0
2922,14, 0
2923,0, 0
2924,14, 0
2925,51, 0
2926,72, 0
2927,76, 0
2928,132, 0
2929,189, 0
2930,226, 130
2931,192, 60
2932,133, 0
2933,111, 0
2934,143, 0
2935,176, 0
2936,183, 0
2937,157, 0
2938,116, 0
2939,76, 0
2940,99, 0
2941,214, 0
2942,468, 0
2943,691, 0
2944,785, 0
2945,764, 0
2946,684, 0
2947,625, 0
2948,571, 0
2949,496, 0
2950,348, 0
2951,127, 0
2952,26, 0
2953,199, 0
2954,380, 0
2955,502, 0
2956,516, 0
2957,426, 0
2958,300, 0
2959,191, 0
2960,115, 0
2961,35, 0
2962,0, 0
2963,0, 0
2964,12, 0
2965,12, 0
2966,0, 0
2967,0, 0
2968,0, 0
2969,0, 0
2970,0, 0
2971,0, 0
2972,0, 0
2973,0, 0
2974,0, 0
2975,0, 0
2976,60, 0
2977,127, 0
2978,197, 0
2979,214, 0
2980,208, 0
2981,211, 0
2982,238, 0
2983,283, 0
2984,313, 0
2985,331, 0
2986,293, 0
2987,198, 0
2988,55, 0
2989,0, 0
2990,37, 0
2991,45, 0
2992,9, 0
2993,2, 0
2994,13, 0
2995,92, 0
2996,197, 0
2997,220, 0
2998,203, 0
2999,139, 0
3000,52, 0
3001,4, 0
3002,0, 0
3003,0, 0
3004,5, 0
3005,31, 0
3006,116, 0
3007,202, 0
3008,259, 0
3009,244, 0
3010,205, 0
3011,133, 0
3012,108, 0
3013,97, 0
3014,134, 0
3015,120, 0
3016,113, 0
3017,88, 0
3018,57, 0
3019,50, 0
3020,52, 0
3021,85, 0
3022,180, 0
3023,238, 0
3024,229, 0
3025,169, 0
3026,101, 0
3027,55, 0
3028,27, 0
3029,5, 0
3030,0, 0
3031,0, 0
3032,0, 0
3033,24, 0
3034,56, 0
3035,73, 0
3036,63, 0
3037,41, 0
3038,19, 0
3039,3, 0
3040,11, 0
3041,51, 0
3042,140, 0
3043,238, 0
3044,292, 0
3045,275, 0
3046,187, 0
3047,95, 0
3048,17, 0
3049,0, 0
3050,0, 0
3051,0, 0
3052,6, 4
3053,43, 0
3054,92, 0
3055,150, 0
3056,244, 0
3057,318, 0
3058,356, 0
3059,317, 0
3060,239, 0
3061,152, 0
3062,123, 0
3063,123, 0
3064,173, 0
3065,205, 0
3066,196, 0
3067,167, 0
3068,119, 0
3069,92, 0
3070,89, 0
3071,91, 0
3072,92, 0
3073,86, 0
3074,70, 0
3075,53, 0
3076,8, 0
3077,0, 0
3078,1, 0
3079,0, 0
3080,43, 0
3081,138, 0
3082,215, 0
3083,282, 0
3084,318, 0
3085,285, 0
3086,219, 0
3087,166, 0
3088,115, 0
3089,86, 0
3090,75, 0
3091,73, 0
3092,89, 0
3093,110, 0
3094,127, 0
3095,142, 0
3096,167, 0
3097,176, 0
3098,157, 0
3099,102, 0
3100,51, 0
3101,10, 0
3102,0, 0
3103,9, 0
3104,101, 0
3105,183, 0
3106,261, 0
3107,306, 0
3108,266, 0
3109,163, 0
3110,56, 0
3111,5, 0
3112,13, 17
3113,27, 64
3114,1, 253
3115,7, 76
3116,180, 0
3117,385, 0
3118,497, 0
3119,494, 0
3120,400, 0
3121,301, 0
3122,276, 0
3123,325, 0
3124,387, 0
3125,396, 0
3126,348, 0
3127,300, 0
3128,329, 0
3129,374, 0
3130,315, 0
3131,270, 0
3132,255, 0
3133,257, 0
3134,286, 0
3135,356, 0
3136,400, 0
3137,400, 0
3138,359, 0
3139,293, 0
3140,248, 0
3141,226, 0
3142,167, 0
3143,44, 0
3144,6, 0
3145,169, 0
3146,270, 0
3147,312, 0
3148,318, 0
3149,337, 0
3150,379, 0
3151,382, 0
3152,300, 0
3153,187, 0
3154,90, 0
3155,80, 2
3156,155, 0
3157,235, 0
3158,239, 0
3159,172, 0
3160,44, 0
3161,0, 0
3162,0, 0
3163,0, 0
3164,29, 0
3165,120, 0
3166,204, 0
3167,304, 0
3168,340, 0
3169,395, 0
3170,394, 0
3171,367, 0
3172,346, 0
3173,330, 0
3174,249, 0
3175,154, 0
3176,86, 0
3177,101, 0
3178,182, 0
3179,247, 0
3180,271, 0
3181,233, 0
3182,164, 0
3183,108, 0
3184,76, 0
3185,36, 0
3186,25, 0
3187,18, 0
3188,8, 0
3189,8, 0
3190,6, 0
3191,0, 0
3192,0, 0
3193,0, 0
3194,0, 0
3195,34, 0
3196,44, 0
3197,48, 0
3198,45, 0
3199,48, 0
3200,43, 0
3201,7, 0
3202,0, 0
3203,0, 0
3204,0, 0
3205,31, 0
3206,77, 0
3207,57, 0
3208,50, 0
3209,73, 0
3210,119, 0
3211,152, 0
3212,203, 0
3213,265, 0
3214,300, 0
3215,298, 0
3216,260, 0
3217,229, 0
3218,189, 0
3219,164, 0
3220,161, 0
3221,159, 0
3222,165, 0
3223,151, 0
3224,109, 0
3225,95, 0
3226,102, 4
3227,141, 13
3228,196, 5
3229,230, 0
3230,223, 0
3231,158, 0
3232,38, 0
3233,1, 0
3234,20, 0
3235,4, 5
3236,0, 0
3237,0, 0
3238,0, 0
3239,0, 0
3240,0, 0
3241,10, 0
3242,80, 0
3243,176, 0
3244,241, 0
3245,275, 0
3246,266, 0
3247,219, 0
3248,163, 0
3249,58, 0
3250,0, 0
3251,6, 0
3252,32, 0
3253,41, 0
3254,13, 0
3255,0, 0
3256,0, 0
3257,0, 0
3258,6, 0
3259,101, 0
3260,202, 0
3261,278, 0
3262,325, 0
3263,352, 0
3264,373, 0
3265,371, 0
3266,373, 0
3267,318, 0
3268,196, 0
3269,63, 0
3270,0, 0
3271,0, 0
3272,0, 0
3273,8, 0
3274,0, 0
3275,31, 0
3276,204, 0
3277,359, 0
3278,468, 0
3279,535, 0
3280,607, 0
3281,666, 0
3282,712, 0
3283,747, 0
3284,724, 0
3285,594, 0
3286,367, 0
3287,74, 0
3288,115, 0
3289,353, 0
3290,485, 0
3291,485, 0
3292,409, 0
3293,339, 0
3294,263, 20
3295,181, 191
3296,70, 57
3297,6, 28
3298,2, 56
3299,72, 0
3300,212, 0
3301,266, 0
3302,280, 0
3303,251, 0
3304,230, 0
3305,226, 0
3306,212, 0
3307,179, 0
3308,158, 0
3309,140, 0
3310,118, 0
3311,79, 0
3312,32, 0
3313,1, 0
3314,0, 0
3315,0, 0
3316,0, 0
3317,11, 0
3318,113, 0
3319,218, 0
3320,298, 0
3321,300, 0
3322,254, 0
3323,181, 0
3324,96, 0
3325,17, 0
3326,0, 0
3327,0, 0
3328,0, 0
3329,0, 0
3330,0, 0
3331,0, 0
3332,6, 0
3333,28, 0
3334,51, 0
3335,71, 0
3336,63, 0
3337,61, 0
3338,76, 0
3339,138, 0
3340,226, 0
3341,312, 0
3342,363, 0
3343,345, 0
3344,283, 0
3345,213, 0
3346,197, 0
3347,191, 0
3348,223, 0
3349,238, 0
3350,220, 0
3351,175, 0
3352,152, 0
3353,150, 0
3354,159, 0
3355,152, 0
3356,100, 0
3357,34, 13
3358,13, 25
3359,51, 0
3360,127, 0
3361,202, 0
3362,226, 0
3363,195, 0
3364,150, 0
3365,100, 0
3366,63, 0
3367,60, 0
3368,86, 0
3369,118, 0
3370,149, 0
3371,173, 0
3372,151, 0
3373,129, 0
3374,122, 0
3375,128, 0
3376,121, 0
3377,74, 0
3378,6, 0
3379,0, 0
3380,0, 0
3381,0, 0
3382,0, 0
3383,0, 0
3384,0, 0
3385,3, 0
3386,89, 0
3387,265, 0
3388,442, 0
3389,535, 0
3390,540, 0
3391,487, 0
3392,415, 0
3393,311, 0
3394,228, 0
3395,179, 0
3396,140, 0
3397,83, 0
3398,9, 0
3399,0, 0
3400,1, 0
3401,40, 0
3402,89, 0
3403,138, 0
3404,206, 0
3405,211, 0
3406,198, 0
3407,160, 0
3408,121, 0
3409,42, 0
3410,0, 0
3411,89, 0
3412,255, 0
3413,374, 2
3414,447, 0
3415,481, 0
3416,469, 0
3417,454, 6
3418,442, 0
3419,433, 0
3420,377, 0
3421,287, 0
3422,213, 0
3423,156, 0
3424,134, 0
3425,145, 0
3426,216, 0
3427,317, 0
3428,398, 0
3429,326, 0
3430,144, 0
3431,19, 0
3432,184, 0
3433,298, 0
3434,336, 0
3435,359, 0
3436,385, 0
3437,385, 0
3438,339, 0
3439,257, 0
3440,154, 0
3441,36, 0
3442,0, 0
3443,0, 0
3444,1, 0
3445,41, 0
3446,101, 0
3447,109, 0
3448,58, 0
3449,0, 0
3450,0, 0
3451,0, 0
3452,19, 0
3453,144, 0
3454,291, 0
3455,374, 0
3456,465, 0
3457,548, 0
3458,621, 0
3459,666, 0
3460,656, 0
3461,606, 0
3462,446, 0
3463,259, 0
3464,137, 0
3465,123, 0
3466,196, 0
3467,253, 0
3468,265, 0
3469,229, 0
3470,132, 0
3471,17, 0
3472,0, 0
3473,30, 0
3474,101, 0
3475,188, 0
3476,223, 0
3477,188, 0
3478,115, 0
3479,21, 0
3480,0, 0
3481,0, 0
3482,34, 0
3483,80, 0
3484,71, 0
3485,25, 0
3486,0, 0
3487,31, 0
3488,118, 0
3489,145, 0
3490,101, 0
3491,38, 0
3492,0, 0
3493,0, 0
3494,19, 0
3495,103, 0
3496,173, 0
3497,228, 0
3498,220, 0
3499,168, 0
3500,132, 0
3501,176, 0
3502,258, 0
3503,339, 0
3504,402, 0
3505,431, 0
3506,433, 0
3507,403, 0
3508,361, 0
3509,305, 0
3510,184, 0
3511,53, 0
3512,2, 0
3513,0, 0
3514,0, 0
3515,72, 0
3516,163, 0
3517,284, 0
3518,436, 0
3519,563, 0
3520,618, 0
3521,494, 0
3522,339, 0
3523,239, 0
3524,204, 0
3525,172, 0
3526,95, 0
3527,3, 0
3528,24, 0
3529,47, 0
3530,69, 0
3531,51, 0
3532,6, 0
3533,2, 0
3534,85, 0
3535,174, 0
3536,213, 0
3537,220, 0
3538,205, 0
3539,197, 0
3540,232, 0
3541,293, 0
3542,346, 4
3543,370, 0
3544,369, 0
3545,312, 0
3546,196, 0
3547,27, 0
3548,57, 0
3549,174, 0
3550,176, 0
3551,40, 0
3552,5, 0
3553,97, 0
3554,200, 0
3555,235, 0
3556,206, 0
3557,149, 0
3558,95, 0
3559,38, 0
3560,0, 0
3561,0, 0
3562,11, 0
3563,73, 0
3564,164, 0
3565,271, 0
3566,369, 0
3567,432, 0
3568,420, 0
3569,341, 0
3570,199, 0
3571,34, 0
3572,1, 8
3573,3, 21
3574,53, 0
3575,111, 0
3576,158, 0
3577,152, 0
3578,115, 0
3579,62, 0
3580,6, 0
3581,3, 0
3582,0, 0
3583,0, 0
3584,19, 0
3585,32, 0
3586,61, 0
3587,91, 0
3588,158, 0
3589,252, 0
3590,328, 0
3591,370, 0
3592,361, 0
3593,363, 0
3594,369, 0
3595,381, 0
3596,390, 0
3597,373, 0
3598,342, 0
3599,294, 0
3600,210, 0
3601,121, 0
3602,20, 0
3603,1, 0
3604,0, 0
3605,11, 0
3606,76, 0
3607,139, 0
3608,163, 0
3609,201, 0
3610,219, 0
3611,187, 0
3612,106, 0
3613,13, 0
3614,0, 0
3615,0, 0
3616,0, 0
3617,12, 0
3618,51, 0
3619,92, 0
3620,153, 0
3621,204, 0
3622,202, 0
3623,184, 0
3624,145, 0
3625,84, 0
3626,36, 2
3627,12, 0
3628,0, 0
3629,44, 0
3630,126, 0
3631,148, 0
3632,83, 0
3633,2, 0
3634,63, 0
3635,206, 0
3636,324, 0
3637,420, 0
3638,425, 0
3639,362, 0
3640,233, 0
3641,109, 0
3642,9, 0
3643,0, 0
3644,0, 0
3645,44, 0
3646,97, 0
3647,120, 0
3648,81, 0
3649,25, 0
3650,6, 0
3651,0, 0
3652,0, 0
3653,0, 0
3654,0, 0
3655,0, 0
3656,0, 0
3657,57, 0
3658,130, 0
3659,164, 0
3660,136, 0
3661,84, 0
3662,43, 0
3663,15, 0
3664,22, 0
3665,17, 0
3666,25, 0
3667,25, 0
3668,30, 0
3669,39, 0
3670,39, 0
3671,29, 0
3672,43, 0
3673,51, 0
3674,31, 0
3675,6, 0
3676,35, 0
3677,87, 0
3678,202, 0
3679,294, 0
3680,326, 0
3681,321, 0
3682,337, 0
3683,402, 0
3684,447, 0
3685,453, 0
3686,437, 0
3687,472, 0
3688,540, 0
3689,625, 0
3690,654, 0
3691,570, 0
3692,426, 0
3693,255, 0
3694,104, 0
3695,4, 0
3696,0, 0
3697,0, 0
3698,0, 0
3699,1, 0
3700,0, 0
3701,25, 0
3702,45, 0
3703,57, 0
3704,25, 0
3705,0, 0
3706,1, 0
3707,15, 0
3708,43, 0
3709,61, 0
3710,53, 0
3711,62, 0
3712,92, 0
3713,100, 0
3714,47, 0
3715,12, 0
3716,189, 0
3717,365, 0
3718,439, 0
3719,427, 0
3720,330, 0
3721,137, 0
3722,1, 0
3723,55, 0
3724,46, 0
3725,7, 0
3726,0, 0
3727,7, 0
3728,0, 0
3729,1, 0
3730,6, 0
3731,0, 0
3732,96, 0
3733,218, 0
3734,251, 0
3735,233, 0
3736,195, 4
3737,152, 0
3738,115, 0
3739,55, 0
3740,5, 0
3741,0, 0
3742,5, 0
3743,0, 0
3744,0, 0
3745,0, 0
3746,25, 0
3747,13, 0
3748,15, 0
3749,1, 0
3750,0, 0
3751,0, 0
3752,0, 0
3753,0, 0
3754,44, 0
3755,116, 0
3756,202, 0
3757,302, 0
3758,369, 0
3759,391, 0
3760,398, 0
3761,373, 0
3762,294, 0
3763,170, 0
3764,34, 0
3765,0, 0
3766,17, 0
3767,36, 0
3768,9, 0
3769,0, 0
3770,38, 0
3771,77, 0
3772,38, 0
3773,0, 0
3774,0, 0
3775,0, 0
3776,0, 0
3777,2, 0
3778,63, 0
3779,152, 0
3780,133, 0
3781,18, 0
3782,59, 0
3783,246, 133
3784,370, 113
3785,387, 14
3786,276, 0
3787,78, 0
3788,57, 0
3789,238, 0
3790,269, 0
3791,176, 0
3792,2, 0
3793,100, 0
3794,266, 0
3795,361, 0
3796,388, 0
3797,413, 0
3798,475, 0
3799,566, 0
3800,625, 0
3801,649, 0
3802,633, 0
3803,588, 0
3804,515, 0
3805,446, 0
3806,409, 0
3807,339, 0
3808,222, 0
3809,147, 0
3810,117, 0
3811,158, 0
3812,181, 0
3813,96, 0
3814,7, 0
3815,13, 0
3816,76, 0
3817,112, 0
3818,135, 0
3819,159, 0
3820,183, 0
3821,177, 0
3822,140, 0
3823,81, 0
3824,30, 0
3825,1, 0
3826,0, 0
3827,0, 0
3828,0, 0
3829,12, 0
3830,0, 0
3831,0, 0
3832,13, 0
3833,6, 0
3834,0, 0
3835,0, 0
3836,4, 0
3837,93, 0
3838,247, 0
3839,445, 0
3840,609, 0
3841,707, 0
3842,737, 0
3843,684, 6
3844,588, 94
3845,469, 140
3846,334, 127
3847,180, 79
3848,44, 0
3849,6, 0
3850,74, 0
3851,158, 0
3852,199, 0
3853,165, 0
3854,76, 0
3855,3, 0
3856,0, 0
3857,0, 0
3858,41, 0
3859,160, 0
3860,262, 0
3861,321, 0
3862,322, 0
3863,289, 0
3864,202, 0
3865,54, 0
3866,23, 0
3867,139, 0
3868,202, 0
3869,164, 0
3870,73, 0
3871,0, 0
3872,0, 0
3873,6, 0
3874,32, 47
3875,64, 0
3876,127, 0
3877,196, 0
3878,256, 0
3879,321, 0
3880,371, 0
3881,420, 0
3882,432, 0
3883,401, 0
3884,326, 0
3885,236, 0
3886,172, 0
3887,164, 0
3888,149, 0
3889,118, 0
3890,80, 0
3891,65, 0
3892,62, 0
3893,73, 0
3894,86, 0
3895,90, 0
3896,85, 0
3897,50, 0
3898,0, 0
3899,0, 0
3900,0, 0
3901,30, 0
3902,73, 0
3903,71, 0
3904,26, 0
3905,0, 0
3906,0, 0
3907,0, 0
3908,0, 0
3909,0, 0
3910,41, 0
3911,139, 0
3912,202, 0
3913,253, 0
3914,279, 0
3915,297, 0
3916,306, 0
3917,325, 0
3918,321, 0
3919,282, 0
3920,229, 0
3921,216, 0
3922,243, 0
3923,270, 0
3924,221, 0
3925,105, 0
3926,6, 0
3927,4, 0
3928,67, 0
3929,127, 0
3930,192, 0
3931,253, 0
3932,294, 0
3933,270, 0
3934,215, 0
3935,133, 24
3936,36, 51
3937,5, 0
3938,139, 0
3939,294, 0
3940,419, 0
3941,519, 0
3942,551, 0
3943,529, 0
3944,411, 0
3945,244, 0
3946,93, 0
3947,2, 0
3948,2, 0
3949,11, 0
3950,57, 0
3951,108, 0
3952,176, 0
3953,241, 0
3954,276, 0
3955,183, 0
3956,43, 0
3957,5, 0
3958,81, 0
3959,202, 0
3960,306, 0
3961,399, 0
3962,439, 0
3963,424, 0
3964,369, 0
3965,341, 0
3966,375, 0
3967,472, 0
3968,578, 2
3969,622, 0
3970,590, 0
3971,499, 5
3972,375, 0
3973,306, 0
3974,302, 0
3975,300, 0
3976,223, 0
3977,47, 0
3978,31, 0
3979,54, 0
3980,2, 0
3981,118, 0
3982,188, 0
3983,152, 0
3984,100, 0
3985,108, 0
3986,139, 0
3987,115, 0
3988,57, 0
3989,19, 0
3990,39, 0
3991,100, 0
3992,153, 0
3993,153, 0
3994,105, 0
3995,57, 0
3996,71, 0
3997,152, 0
3998,253, 0
3999,299, 0
4000,301, 0
4001,263, 0
4002,183, 0
4003,102, 0
4004,7, 0
4005,50, 0
4006,190, 0
4007,271, 0
4008,331, 0
4009,344, 0
4010,377, 0
4011,391, 0
4012,306, 0
4013,136, 5
4014,1, 0
4015,110, 0
4016,217, 0
4017,210, 0
4018,95, 4
4019,0, 0
4020,0, 0
4021,4, 10
4022,0, 3
4023,0, 0
4024,21, 0
4025,93, 0
4026,152, 0
4027,190, 1
4028,215, 0
4029,243, 0
4030,224, 0
4031,147, 0
4032,19, 0
4033,22, 0
4034,68, 0
4035,22, 0
4036,0, 0
4037,22, 0
4038,62, 0
4039,75, 0
4040,95, 0
4041,112, 0
4042,93, 0
4043,71, 0
4044,50, 0
4045,34, 0
4046,19, 0
4047,0, 0
4048,6, 0
4049,70, 0
4050,79, 0
4051,100, 0
4052,102, 0
4053,86, 0
4054,103, 0
4055,158, 0
4056,224, 0
4057,260, 2
4058,287, 0
4059,310, 0
4060,330, 0
4061,324, 0
4062,363, 0
4063,414, 0
4064,407, 0
4065,390, 0
4066,374, 0
4067,354, 0
4068,302, 0
4069,226, 0
4070,171, 0
4071,204, 0
4072,281, 0
4073,331, 0
4074,312, 0
4075,251, 0
4076,154, 0
4077,63, 0
4078,0, 0
4079,28, 0
4080,150, 0
4081,201, 0
4082,183, 0
4083,119, 0
4084,30, 0
4085,0, 0
4086,0, 6
4087,0, 44
4088,13, 127
4089,35, 43
4090,32, 4
4091,28, 0
4092,0, 0
4093,12, 0
4094,32, 0
4095,108, 0
4096,142, 0
4097,201, 0
4098,227, 0
4099,243, 0
4100,237, 0
4101,238, 0
4102,226, 0
4103,186, 0
4104,152, 0
4105,108, 0
4106,56, 0
4107,12, 0
4108,0, 0
4109,0, 0
4110,0, 0
4111,0, 0
4112,0, 0
4113,0, 0
4114,0, 0
4115,0, 0
4116,0, 0
4117,3, 0
4118,0, 0
4119,0, 0
4120,1, 0
4121,0, 0
4122,0, 0
4123,0, 0
4124,8, 0
4125,51, 0
4126,81, 0
4127,101, 0
4128,139, 0
4129,183, 0
4130,214, 0
4131,240, 0
4132,285, 0
4133,318, 0
4134,301, 0
4135,263, 0
4136,238, 0
4137,241, 0
4138,268, 0
4139,244, 0
4140,197, 0
4141,150, 0
4142,139, 0
4143,164, 0
4144,189, 0
4145,174, 0
4146,143, 0
4147,115, 0
4148,97, 0
4149,92, 8
4150,87, 0
4151,85, 2
4152,89, 6
4153,152, 0
4154,254, 4
4155,340, 0
4156,391, 0
4157,382, 0
4158,355, 0
4159,312, 0
4160,293, 0
4161,245, 0
4162,158, 0
4163,44, 0
4164,0, 0
4165,0, 0
4166,7, 0
4167,100, 0
4168,192, 0
4169,232, 0
4170,214, 0
4171,197, 0
4172,152, 0
4173,70, 0
4174,0, 0
4175,1, 0
4176,53, 0
4177,107, 0
4178,142, 0
4179,152, 0
4180,111, 0
4181,56, 0
4182,10, 0
4183,0, 0
4184,0, 0
4185,29, 0
4186,84, 0
4187,105, 0
4188,113, 0
4189,55, 0
4190,0, 0
4191,32, 0
4192,107, 0
4193,102, 0
4194,22, 0
4195,1, 0
4196,89, 0
4197,189, 0
4198,260, 0
4199,300, 0
4200,290, 0
4201,232, 0
4202,189, 0
4203,176, 0
4204,163, 0
4205,131, 0
4206,83, 0
4207,27, 0
4208,2, 12
4209,17, 31
4210,76, 60
4211,126, 0
4212,133, 60
4213,86, 0
4214,68, 0
4215,89, 0
4216,147, 0
4217,164, 0
4218,101, 0
4219,7, 0
4220,0, 0
4221,20, 0
4222,192, 0
4223,390, 0
4224,447, 0
4225,378, 0
4226,260, 0
4227,155, 0
4228,72, 0
4229,6, 0
4230,0, 0
4231,0, 0
4232,11, 0
4233,63, 0
4234,102, 0
4235,118, 0
4236,92, 0
4237,38, 0
4238,0, 0
4239,0, 0
4240,0, 0
4241,0, 0
4242,58, 0
4243,163, 0
4244,193, 0
4245,161, 0
4246,143, 0
4247,154, 0
4248,169, 0
4249,186, 0
4250,180, 0
4251,135, 0
4252,63, 0
4253,28, 0
4254,63, 0
4255,151, 0
4256,221, 0
4257,232, 0
4258,171, 0
4259,92, 0
4260,10, 0
4261,0, 0
4262,0, 0
4263,0, 0
4264,1, 0
4265,50, 0
4266,123, 0
4267,147, 0
4268,110, 0
4269,62, 0
4270,76, 0
4271,170, 0
4272,245, 0
4273,231, 0
4274,198, 0
4275,139, 0
4276,86, 0
4277,41, 0
4278,68, 0
4279,93, 0
4280,110, 0
4281,95, 0
4282,84, 0
4283,75, 0
4284,89, 0
4285,124, 0
4286,139, 0
4287,128, 0
4288,81, 0
4289,27, 0
4290,0, 0
4291,0, 0
4292,0, 0
4293,0, 0
4294,14, 0
4295,56, 0
4296,47, 0
4297,9, 0
4298,0, 0
4299,9, 0
4300,108, 0
4301,255, 0
4302,355, 0
4303,373, 5
4304,348, 0
4305,286, 0
4306,207, 0
4307,106, 0
4308,1, 0
4309,34, 0
4310,108, 0
4311,106, 0
4312,39, 0
4313,0, 0
4314,108, 0
4315,232, 0
4316,307, 0
4317,338, 0
4318,330, 0
4319,302, 0
4320,237, 0
4321,120, 0
4322,2, 0
4323,35, 0
4324,38, 0
4325,5, 0
4326,73, 0
4327,189, 0
4328,214, 0
4329,200, 0
4330,132, 0
4331,52, 0
4332,1, 0
4333,0, 0
4334,0, 0
4335,0, 0
4336,0, 0
4337,12, 0
4338,80, 0
4339,104, 0
4340,63, 0
4341,13, 0
4342,36, 0
4343,69, 0
4344,150, 0
4345,203, 0
4346,211, 0
4347,196, 0
4348,164, 0
4349,106, 0
4350,63, 0
4351,65, 0
4352,105, 0
4353,143, 0
4354,156, 0
4355,112, 0
4356,70, 0
4357,46, 0
4358,40, 0
4359,79, 0
4360,165, 0
4361,220, 0
4362,278, 0
4363,313, 0
4364,345, 0
4365,373, 0
4366,417, 0
4367,439, 0
4368,389, 0
4369,242, 0
4370,50, 0
4371,0, 0
4372,9, 0
4373,12, 0
4374,55, 0
4375,160, 0
4376,247, 0
4377,248, 0
4378,196, 0
4379,150, 5
4380,115, 0
4381,83, 0
4382,54, 0
4383,32, 0
4384,23, 0
4385,20, 0
4386,0, 0
4387,0, 0
4388,0, 0
4389,19, 0
4390,40, 0
4391,73, 0
4392,115, 0
4393,147, 22
4394,149, 99
4395,106, 212
4396,85, 127
4397,142, 0
4398,244, 0
4399,338, 0
4400,383, 0
4401,356, 0
4402,282, 0
4403,214, 0
4404,168, 0
4405,139, 0
4406,109, 0
4407,95, 0
4408,76, 0
4409,51, 0
4410,46, 0
4411,61, 0
4412,83, 0
4413,70, 0
4414,8, 0
4415,0, 0
4416,29, 0
4417,91, 0
4418,131, 0
4419,176, 0
4420,186, 0
4421,147, 0
4422,31, 0
4423,51, 0
4424,258, 0
4425,441, 0
4426,542, 15
4427,592, 0
4428,578, 0
4429,529, 0
4430,436, 0
4431,330, 0
4432,240, 0
4433,180, 0
4434,129, 0
4435,80, 0
4436,35, 4
4437,1, 0
4438,2, 0
4439,9, 0
4440,40, 0
4441,84, 0
4442,132, 0
4443,173, 0
4444,195, 0
4445,216, 0
4446,251, 0
4447,267, 0
4448,207, 0
4449,101, 0
4450,9, 0
4451,22, 0
4452,115, 0
4453,207, 15
4454,260, 88
4455,220, 110
4456,129, 63
4457,21, 10
4458,0, 0
4459,0, 0
4460,0, 0
4461,2, 0
4462,0, 0
4463,0, 0
4464,5, 0
4465,3, 0
4466,0, 0
4467,87, 0
4468,220, 0
4469,312, 0
4470,314, 0
4471,306, 0
4472,291, 0
4473,274, 0
4474,241, 0
4475,201, 0
4476,176, 0
4477,169, 0
4478,132, 0
4479,57, 0
4480,9, 0
4481,8, 0
4482,1, 0
4483,0, 0
4484,0, 0
4485,0, 0
4486,14, 0
4487,25, 0
4488,36, 0
4489,0, 0
4490,0, 0
4491,13, 0
4492,0, 0
4493,2, 0
4494,44, 0
4495,126, 0
4496,198, 0
4497,238, 0
4498,262, 0
4499,257, 0
4500,221, 0
4501,174, 0
4502,126, 0
4503,78, 0
4504,6, 0
4505,0, 0
4506,47, 0
4507,117, 0
4508,107, 0
4509,46, 0
4510,0, 0
4511,0, 0
4512,0, 0
4513,0, 0
4514,0, 0
4515,0, 54
4516,0, 10
4517,17, 40
4518,72, 0
4519,140, 0
4520,189, 0
4521,172, 0
4522,90, 0
4523,2, 0
4524,0, 0
4525,0, 0
4526,19, 0
4527,116, 0
4528,202, 0
4529,230, 0
4530,264, 0
4531,249, 0
4532,256, 0
4533,251, 0
4534,241, 0
4535,176, 0
4536,52, 0
4537,0, 0
4538,0, 0
4539,4, 0
4540,83, 0
4541,149, 0
4542,160, 0
4543,103, 0
4544,30, 0
4545,0, 0
4546,0, 0
4547,19, 0
4548,91, 0
4549,196, 0
4550,265, 0
4551,263, 0
4552,218, 0
4553,185, 0
4554,155, 0
4555,155, 0
4556,169, 0
4557,175, 0
4558,193, 0
4559,219, 0
4560,248, 0
4561,312, 0
4562,360, 0
4563,368, 0
4564,348, 0
4565,293, 0
4566,215, 0
4567,158, 0
4568,135, 0
4569,108, 0
4570,65, 0
4571,5, 0
4572,0, 0
4573,0, 0
4574,2, 0
4575,0, 0
4576,53, 0
4577,123, 0
4578,140, 4
4579,136, 0
4580,123, 0
4581,92, 0
4582,45, 0
4583,1, 0
4584,56, 0
4585,257, 0
4586,481, 0
4587,671, 0
4588,765, 0
4589,730, 0
4590,607, 1
4591,447, 0
4592,306, 0
4593,158, 0
4594,31, 0
4595,0, 0
4596,25, 0
4597,64, 0
4598,43, 0
4599,0, 0
4600,0, 0
4601,0, 0
4602,0, 0
4603,0, 0
4604,0, 0
4605,0, 0
4606,0, 0
4607,0, 0
4608,0, 0
4609,0, 0
4610,0, 0
4611,8, 0
4612,50, 0
4613,76, 0
4614,100, 0
4615,112, 0
4616,157, 0
4617,183, 0
4618,195, 0
4619,159, 0
4620,113, 0
4621,86, 0
4622,112, 0
4623,170, 0
4624,189, 0
4625,176, 0
4626,177, 0
4627,157, 0
4628,97, 0
4629,30, 0
4630,0, 0
4631,0, 0
4632,20, 0
4633,67, 0
4634,102, 0
4635,113, 0
4636,85, 0
4637,39, 48
4638,0, 102
4639,0, 25
4640,19, 76
4641,55, 0
4642,68, 0
4643,57, 0
4644,80, 0
4645,130, 0
4646,202, 0
4647,272, 0
4648,285, 0
4649,270, 0
4650,199, 0
4651,78, 0
4652,5, 0
4653,0, 0
4654,0, 0
4655,21, 0
4656,25, 0
4657,32, 0
4658,20, 0
4659,31, 0
4660,79, 0
4661,149, 0
4662,198, 0
4663,238, 0
4664,234, 0
4665,197, 0
4666,180, 0
4667,169, 5
4668,172, 28
4669,166, 0
4670,156, 25
4671,149, 12
4672,158, 0
4673,165, 0
4674,117, 0
4675,43, 0
4676,0, 0
4677,0, 0
4678,0, 0
4679,0, 0
4680,25, 0
4681,51, 0
4682,5, 0
4683,0, 0
4684,0, 0
4685,32, 0
4686,174, 0
4687,326, 0
4688,427, 0
4689,450, 0
4690,389, 0
4691,257, 0
4692,85, 0
4693,5, 0
4694,19, 0
4695,46, 0
4696,7, 0
4697,0, 0
4698,0, 13
4699,0, 6
4700,0, 0
4701,0, 6
4702,0, 0
4703,0, 0
4704,14, 0
4705,53, 1
4706,83, 0
4707,100, 0
4708,106, 0
4709,116, 0
4710,104, 0
4711,92, 0
4712,65, 0
4713,37, 0
4714,43, 0
4715,50, 0
4716,70, 0
4717,77, 0
4718,64, 0
4719,70, 0
4720,83, 0
4721,99, 0
4722,127, 0
4723,170, 0
4724,222, 0
4725,271, 0
4726,298, 0
4727,282, 0
4728,232, 0
4729,196, 0
4730,171, 0
4731,169, 0
4732,133, 0
4733,145, 0
4734,186, 0
4735,226, 0
4736,257, 0
4737,238, 0
4738,184, 0
4739,108, 0
4740,53, 0
4741,11, 0
4742,0, 0
4743,18, 0
4744,64, 4
4745,108, 0
4746,96, 0
4747,63, 0
4748,15, 0
4749,1, 0
4750,12, 0
4751,44, 0
4752,32, 0
4753,0, 0
4754,0, 0
4755,0, 0
4756,9, 0
4757,67, 0
4758,94, 0
4759,94, 0
4760,59, 0
4761,19, 0
4762,0, 0
4763,0, 0
4764,0, 0
4765,1, 0
4766,29, 0
4767,101, 0
4768,179, 0
4769,256, 0
4770,306, 0
4771,297, 0
4772,230, 0
4773,131, 0
4774,50, 0
4775,25, 0
4776,36, 0
4777,70, 0
4778,65, 0
4779,65, 0
4780,95, 0
4781,136, 0
4782,187, 0
4783,228, 0
4784,245, 0
4785,232, 0
4786,176, 0
4787,72, 0
4788,0, 0
4789,38, 0
4790,77, 1
4791,58, 0
4792,40, 0
4793,9, 0
4794,0, 0
4795,0, 0
4796,0, 0
4797,31, 0
4798,77, 0
4799,133, 0
4800,183, 0
4801,222, 0
4802,233, 0
4803,221, 0
4804,207, 0
4805,211, 0
4806,210, 0
4807,204, 0
4808,207, 0
4809,214, 0
4810,218, 0
4811,226, 0
4812,215, 0
4813,207, 0
4814,197, 0
4815,181, 0
4816,135, 0
4817,51, 0
4818,4, 0
4819,85, 0
4820,185, 0
4821,202, 8
4822,191, 1
4823,132, 0
4824,45, 0
4825,0, 0
4826,2, 0
4827,31, 0
4828,37, 0
4829,4, 0
4830,0, 0
4831,0, 0
4832,0, 0
4833,0, 0
4834,0, 0
4835,57, 0
4836,115, 0
4837,183, 0
4838,220, 0
4839,236, 0
4840,238, 0
4841,220, 0
4842,167, 0
4843,96, 0
4844,44, 0
4845,19, 0
4846,11, 0
4847,21, 0
4848,6, 0
4849,0, 0
4850,0, 0
4851,2, 0
4852,5, 0
4853,52, 0
4854,130, 0
4855,249, 0
4856,411, 0
4857,537, 0
4858,584, 1
4859,546, 0
4860,439, 0
4861,307, 0
4862,189, 0
4863,133, 0
4864,123, 0
4865,118, 0
4866,79, 0
4867,19, 0
4868,0, 0
4869,0, 0
4870,0, 0
4871,0, 0
4872,0, 0
4873,19, 0
4874,56, 0
4875,70, 0
4876,59, 0
4877,44, 0
4878,35, 0
4879,20, 0
4880,12, 0
4881,19, 0
4882,30, 0
4883,38, 6
4884,42, 0
4885,27, 0
4886,6, 0
4887,0, 0
4888,0, 0
4889,13, 0
4890,37, 0
4891,70, 0
4892,89, 0
4893,76, 0
4894,60, 0
4895,67, 0
4896,37, 0
4897,35, 0
4898,40, 0
4899,48, 0
4900,62, 0
4901,64, 0
4902,72, 0
4903,78, 0
4904,95, 0
4905,84, 0
4906,83, 0
4907,92, 0
4908,95, 0
4909,101, 0
4910,84, 0
4911,44, 0
4912,25, 0
4913,12, 0
4914,13, 0
4915,27, 0
4916,47, 0
4917,65, 0
4918,86, 0
4919,93, 0
4920,99, 0
4921,113, 0
4922,119, 0
4923,154, 0
4924,155, 0
4925,148, 0
4926,135, 0
4927,135, 0
4928,149, 0
4929,172, 0
4930,185, 0
4931,183, 0
4932,182, 0
4933,173, 0
4934,145, 0
4935,107, 0
4936,62, 0
4937,25, 0
4938,12, 0
4939,14, 0
4940,18, 0
4941,18, 0
4942,2, 0
4943,3, 0
4944,12, 0
4945,31, 0
4946,65, 0
4947,92, 0
4948,99, 0
4949,92, 0
4950,87, 0
4951,56, 0
4952,53, 0
4953,51, 0
4954,48, 0
4955,55, 0
4956,51, 0
4957,47, 0
4958,51, 0
4959,51, 0
4960,63, 0
4961,83, 0
4962,103, 0
4963,122, 0
4964,108, 0
4965,115, 0
4966,99, 0
4967,92, 0
4968,74, 0
4969,92, 0
4970,70, 0
4971,50, 0
4972,31, 0
4973,20, 0
4974,21, 0
4975,36, 0
4976,51, 0
4977,68, 0
4978,81, 0
4979,115, 0
4980,103, 0
4981,122, 0
4982,96, 0
4983,88, 0
4984,83, 0
4985,70, 0
4986,64, 0
4987,70, 0
4988,92, 0
4989,101, 0
4990,95, 0
4991,87, 0
4992,92, 1
4993,106, 0
4994,121, 0
4995,140, 0
4996,154, 1
4997,160, 0
4998,158, 0
4999,156, 0
5000,126, 0
5001,79, 0
5002,20, 0
5003,0, 3
5004,0, 0
5005,0, 0
5006,0, 0
5007,0, 0
5008,8, 0
5009,26, 0
5010,41, 0
5011,57, 0
5012,63, 0
5013,64, 0
5014,61, 0
5015,68, 0
5016,92, 0
5017,110, 0
5018,150, 0
5019,168, 0
5020,176, 0
5021,167, 0
5022,163, 0
5023,182, 0
5024,193, 0
5025,193, 0
5026,169, 0
5027,133, 0
5028,81, 0
5029,31, 0
5030,7, 0
5031,0, 0
5032,0, 0
5033,0, 0
5034,6, 0
5035,24, 0
5036,51, 0
5037,88, 0
5038,138, 0
5039,176, 0
5040,183, 0
5041,164, 0
5042,142, 0
5043,124, 0
5044,107, 0
5045,99, 0
5046,86, 0
5047,48, 0
5048,11, 0
5049,0, 0
5050,0, 0
5051,0, 0
5052,0, 0
5053,2, 0
5054,0, 0
5055,0, 0
5056,13, 0
5057,18, 0
5058,22, 0
5059,35, 0
5060,38, 0
5061,43, 0
5062,43, 0
5063,25, 0
5064,10, 9
5065,12, 12
5066,18, 0
5067,25, 7
5068,63, 0
5069,80, 0
5070,92, 0
5071,92, 0
5072,78, 0
5073,64, 0
5074,70, 0
5075,36, 0
5076,25, 0
5077,22, 0
5078,24, 0
5079,21, 0
5080,34, 0
5081,37, 0
5082,55, 0
5083,70, 0
5084,85, 0
5085,91, 0
5086,102, 0
5087,134, 0
5088,176, 0
5089,200, 0
5090,198, 0
5091,190, 0
5092,159, 0
5093,133, 0
5094,96, 0
5095,89, 0
5096,81, 0
5097,90, 0
5098,108, 0
5099,117, 0
5100,123, 0
5101,123, 0
5102,113, 0
5103,108, 0
5104,109, 0
5105,112, 0
5106,112, 0
5107,121, 0
5108,118, 0
5109,121, 0
5110,125, 0
5111,134, 0
5112,133, 0
5113,140, 0
5114,127, 5
5115,122, 0
5116,116, 0
5117,104, 0
5118,83, 0
5119,85, 0
5120,75, 0
5121,84, 0
5122,84, 0
5123,76, 0
5124,52, 0
5125,29, 0
5126,21, 0
5127,18, 0
5128,19, 0
5129,38, 0
5130,48, 0
5131,51, 0
5132,58, 0
5133,63, 0
5134,70, 0
5135,70, 0
5136,72, 0
5137,72, 0
5138,89, 0
5139,92, 0
5140,96, 0
5141,97, 0
5142,95, 0
5143,92, 0
5144,79, 0
5145,91, 0
5146,94, 0
5147,99, 0
5148,106, 0
5149,116, 0
5150,118, 0
5151,115, 0
5152,104, 0
5153,93, 0
5154,71, 0
5155,36, 0
5156,8, 0
5157,0, 0
5158,0, 0
5159,6, 0
5160,44, 0
5161,78, 0
5162,95, 0
5163,113, 0
5164,116, 0
5165,118, 0
5166,108, 0
5167,94, 0
5168,83, 0
5169,63, 0
5170,83, 0
5171,76, 0
5172,77, 0
5173,77, 0
5174,75, 0
5175,71, 0
5176,71, 0
5177,70, 0
5178,68, 0
5179,68, 0
5180,77, 6
5181,85, 0
5182,83, 0
5183,72, 0
5184,55, 0
5185,5, 0
5186,0, 0
5187,0, 0
5188,0, 2
5189,0, 0
5190,4, 0
5191,27, 0
5192,53, 0
5193,75, 0
5194,97, 0
5195,121, 0
5196,139, 0
5197,148, 3
5198,141, 0
5199,145, 0
5200,136, 0
5201,128, 0
5202,118, 0
5203,97, 0
5204,75, 0
5205,46, 0
5206,31, 0
5207,4, 0
5208,0, 0
5209,0, 0
5210,2, 0
5211,28, 0
5212,50, 0
5213,74, 0
5214,89, 0
5215,73, 0
5216,51, 0
5217,39, 0
5218,31, 0
5219,38, 0
5220,54, 0
5221,76, 0
5222,94, 0
5223,99, 0
5224,96, 0
5225,94, 0
5226,99, 0
5227,76, 0
5228,83, 0
5229,70, 0
5230,77, 0
5231,76, 0
5232,96, 0
5233,92, 0
5234,97, 0
5235,93, 0
5236,90, 0
5237,84, 0
5238,78, 0
5239,75, 0
5240,83, 0
5241,69, 0
5242,73, 0
5243,71, 0
5244,71, 0
5245,77, 0
5246,56, 0
5247,41, 0
5248,34, 0
5249,30, 0
5250,37, 0
5251,55, 0
5252,65, 0
5253,85, 0
5254,84, 0
5255,78, 0
5256,70, 0
5257,63, 0
5258,50, 0
5259,37, 0
5260,31, 0
5261,31, 0
5262,40, 0
5263,46, 0
5264,50, 0
5265,51, 0
5266,51, 0
5267,54, 0
5268,51, 0
5269,50, 0
5270,70, 0
5271,80, 0
5272,78, 0
5273,79, 0
5274,76, 0
5275,78, 0
5276,47, 0
5277,28, 0
5278,6, 0
5279,0, 0
5280,0, 0
5281,4, 0
5282,25, 0
5283,70, 0
5284,85, 0
5285,102, 0
5286,122, 0
5287,127, 0
5288,127, 0
5289,119, 0
5290,117, 0
5291,120, 0
5292,118, 0
5293,116, 0
5294,109, 0
5295,101, 0
5296,97, 0
5297,91, 0
5298,74, 0
5299,58, 0
5300,42, 0
5301,55, 0
5302,50, 0
5303,70, 0
5304,69, 0
5305,71, 0
5306,64, 0
5307,50, 8
5308,34, 0
5309,21, 0
5310,24, 0
5311,25, 0
5312,51, 0
5313,89, 0
5314,95, 0
5315,102, 0
5316,109, 0
5317,107, 0
5318,95, 0
5319,92, 0
5320,87, 0
5321,78, 0
5322,87, 0
5323,89, 0
5324,81, 0
5325,83, 0
5326,83, 0
5327,78, 0
5328,78, 0
5329,74, 0
5330,63, 0
5331,86, 0
5332,68, 0
5333,70, 0
5334,63, 0
5335,57, 0
5336,51, 0
5337,39, 0
5338,23, 0
5339,13, 0
5340,13, 0
5341,25, 0
5342,37, 0
5343,54, 0
5344,70, 0
5345,84, 0
5346,84, 0
5347,86, 0
5348,88, 0
5349,85, 0
5350,92, 0
5351,92, 0
5352,106, 0
5353,78, 0
5354,64, 0
5355,54, 0
5356,57, 0
5357,60, 0
5358,50, 0
5359,62, 0
5360,83, 4
5361,86, 0
5362,99, 0
5363,87, 0
5364,76, 0
5365,63, 0
5366,52, 0
5367,41, 0
5368,26, 0
5369,6, 0
5370,0, 0
5371,3, 0
5372,0, 0
5373,10, 0
5374,25, 0
5375,25, 0
5376,23, 0
5377,15, 0
5378,8, 0
5379,7, 0
5380,8, 0
5381,13, 0
5382,25, 0
5383,38, 0
5384,52, 0
5385,60, 0
5386,67, 0
5387,70, 0
5388,76, 0
5389,83, 0
5390,77, 0
5391,83, 0
5392,80, 0
5393,77, 0
5394,84, 0
5395,86, 0
5396,92, 0
5397,92, 0
5398,90, 1
5399,81, 0
5400,74, 0
5401,86, 2
5402,74, 2
5403,95, 5
5404,126, 0
5405,111, 0
5406,120, 8
5407,123, 9
5408,127, 62
5409,127, 118
5410,121, 94
5411,109, 35
5412,127, 34
5413,123, 21
5414,133, 0
5415,139, 0
5416,152, 0
5417,142, 0
5418,127, 0
5419,121, 0
5420,102, 0
5421,92, 0
5422,89, 0
5423,83, 0
5424,67, 0
5425,67, 0
5426,44, 0
5427,25, 0
5428,3, 0
5429,0, 0
5430,0, 0
5431,14, 0
5432,0, 0
5433,0, 0
5434,0, 0
5435,5, 0
5436,22, 0
5437,39, 0
5438,52, 0
5439,60, 0
5440,72, 0
5441,75, 0
5442,94, 0
5443,108, 0
5444,126, 0
5445,129, 0
5446,121, 0
5447,102, 0
5448,94, 0
5449,76, 0
5450,57, 0
5451,48, 0
5452,42, 0
5453,38, 0
5454,42, 0
5455,44, 0
5456,51, 0
5457,59, 0
5458,69, 0
5459,57, 0
5460,52, 0
5461,40, 0
5462,48, 0
5463,53, 0
5464,72, 0
5465,110, 0
5466,89, 0
5467,104, 0
5468,109, 0
5469,115, 0
5470,120, 0
5471,121, 0
5472,127, 0
5473,127, 0
5474,136, 0
5475,130, 0
5476,132, 0
5477,131, 0
5478,102, 0
5479,89, 0
5480,79, 0
5481,79, 0
5482,76, 0
5483,88, 0
5484,85, 0
5485,85, 0
5486,102, 0
5487,86, 0
5488,86, 0
5489,79, 0
5490,56, 23
5491,34, 89
5492,18, 35
5493,19, 1
5494,12, 0
5495,29, 0
5496,29, 0
5497,38, 0
5498,37, 0
5499,46, 0
5500,46, 0
5501,50, 0
5502,57, 3
5503,57, 44
5504,38, 87
5505,25, 85
5506,25, 115
5507,28, 141
5508,40, 259
5509,50, 484
5510,53, 487
5511,55, 482
5512,59, 420
5513,55, 408
5514,55, 403
5515,44, 375
5516,37, 295
5517,28, 171
5518,25, 58
5519,19, 0
5520,9, 0
5521,6, 2
5522,15, 0
5523,13, 0
5524,25, 0
5525,34, 0
5526,59, 0
5527,73, 0
5528,65, 0
5529,79, 0
5530,84, 0
5531,94, 0
5532,109, 0
5533,110, 0
5534,116, 0
5535,123, 0
5536,113, 0
5537,108, 0
5538,101, 0
5539,106, 0
5540,99, 0
5541,102, 0
5542,94, 0
5543,84, 0
5544,76, 0
5545,69, 0
5546,58, 0
5547,77, 0
5548,58, 0
5549,68, 0
5550,53, 0
5551,27, 0
5552,14, 0
5553,18, 0
5554,27, 0
5555,22, 0
5556,44, 0
5557,45, 0
5558,45, 0
5559,53, 0
5560,57, 0
5561,58, 0
5562,58, 0
5563,70, 0
5564,70, 0
5565,78, 0
5566,84, 0
5567,83, 0
5568,84, 0
5569,85, 0
5570,100, 0
5571,93, 0
5572,91, 0
5573,96, 0
5574,95, 0
5575,95, 0
5576,95, 0
5577,95, 0
5578,108, 0
5579,88, 0
5580,89, 0
5581,60, 0
5582,31, 0
5583,10, 0
5584,3, 0
5585,7, 0
5586,23, 0
5587,70, 0
5588,78, 0
5589,83, 0
5590,89, 0
5591,85, 0
5592,86, 0
5593,84, 0
5594,78, 0
5595,76, 0
5596,85, 0
5597,89, 0
5598,100, 0
5599,105, 0
5600,103, 0
5601,95, 0
5602,102, 0
5603,90, 0
5604,100, 0
5605,86, 0
5606,88, 20
5607,84, 12
5608,81, 20
5609,97, 11
5610,68, 8
5611,51, 99
5612,18, 144
5613,0, 119
5614,0, 119
5615,0, 219
5616,0, 189
5617,6, 102
5618,25, 62
5619,41, 69
5620,52, 46
5621,55, 60
5622,63, 51
5623,62, 76
5624,63, 69
5625,55, 131
5626,53, 199
5627,55, 214
5628,60, 140
5629,51, 177
5630,50, 216
5631,51, 196
5632,47, 67
5633,51, 0
5634,53, 0
5635,45, 3
5636,51, 0
5637,57, 0
5638,69, 0
5639,80, 0
5640,84, 0
5641,92, 0
5642,73, 0
5643,59, 7
5644,31, 27
5645,35, 8
5646,27, 43
5647,45, 4
5648,76, 0
5649,108, 0
5650,112, 3
5651,108, 0
5652,118, 0
5653,110, 0
5654,119, 0
5655,109, 0
5656,127, 0
5657,128, 0
5658,140, 0
5659,129, 0
5660,133, 0
5661,112, 0
5662,110, 0
5663,97, 0
5664,92, 0
5665,100, 0
5666,87, 0
5667,86, 2
5668,100, 0
5669,91, 0
5670,86, 44
5671,91, 123
5672,77, 286
5673,50, 233
5674,10, 257
5675,2, 182
5676,0, 96
5677,0, 46
5678,19, 0
5679,30, 0
5680,45, 10
5681,61, 14
5682,39, 84
5683,39, 192
5684,50, 314
5685,42, 352
5686,42, 258
5687,41, 213
5688,39, 208
5689,44, 140
5690,54, 5
5691,55, 0
5692,51, 0
5693,31, 0
5694,34, 0
5695,34, 0
5696,46, 0
5697,58, 0
5698,70, 0
5699,77, 0
5700,72, 0
5701,76, 0
5702,83, 0
5703,79, 0
5704,74, 0
5705,76, 0
5706,78, 0
5707,103, 0
5708,130, 0
5709,154, 0
5710,173, 0
5711,168, 0
5712,170, 346
5713,168, 476
5714,153, 391
5715,143, 343
5716,128, 248
5717,108, 109
5718,100, 0
5719,95, 0
5720,90, 0
5721,96, 0
5722,99, 0
5723,93, 0
5724,80, 0
5725,78, 0
5726,77, 0
5727,83, 0
5728,77, 0
5729,64, 0
5730,56, 0
5731,34, 0
5732,25, 0
5733,0, 0
5734,0, 0
5735,0, 0
5736,0, 0
5737,6, 0
5738,8, 0
5739,38, 0
5740,57, 0
5741,69, 0
5742,60, 0
5743,67, 0
5744,80, 0
5745,77, 0
5746,79, 0
5747,70, 0
5748,68, 0
5749,60, 0
5750,61, 0
5751,67, 0
5752,56, 0
5753,41, 0
5754,38, 0
5755,36, 4
5756,60, 6
5757,40, 0
5758,39, 0
5759,57, 0
5760,62, 0
5761,85, 155
5762,99, 186
5763,99, 176
5764,87, 204
5765,56, 105
5766,32, 97
5767,20, 31
5768,17, 0
5769,22, 0
5770,28, 0
5771,31, 0
5772,13, 0
5773,10, 0
5774,7, 0
5775,19, 0
5776,37, 0
5777,29, 0
5778,25, 0
5779,35, 0
5780,30, 0
5781,23, 0
5782,35, 0
5783,43, 0
5784,63, 0
5785,95, 133
5786,121, 228
5787,142, 391
5788,143, 432
5789,141, 365
5790,140, 219
5791,133, 148
5792,115, 107
5793,105, 36
5794,95, 21
5795,64, 177
5796,55, 344
5797,43, 512
5798,40, 697
5799,38, 788
5800,36, 730
5801,40, 650
5802,48, 694
5803,47, 720
5804,53, 867
5805,71, 969
5806,71, 943
5807,71, 935
5808,70, 816
5809,55, 678
5810,36, 574
5811,13, 453
5812,0, 261
5813,0, 54
5814,0, 0
5815,4, 0
5816,23, 0
5817,50, 0
5818,70, 0
5819,77, 0
5820,89, 0
5821,72, 0
5822,73, 0
5823,67, 0
5824,65, 0
5825,50, 0
5826,56, 0
5827,52, 0
5828,83, 0
5829,134, 0
5830,197, 0
5831,252, 0
5832,283, 0
5833,273, 0
5834,242, 0
5835,199, 0
5836,163, 0
5837,133, 0
5838,118, 0
5839,112, 0
5840,102, 0
5841,95, 8
5842,75, 195
5843,53, 201
5844,21, 139
5845,10, 45
5846,0, 0
5847,0, 0
5848,0, 0
5849,0, 0
5850,0, 0
5851,0, 0
5852,0, 0
5853,12, 0
5854,1, 0
5855,0, 0
5856,0, 0
5857,2, 137
5858,34, 309
5859,90, 389
5860,91, 327
5861,113, 361
5862,127, 348
5863,121, 321
5864,110, 193
5865,108, 163
5866,101, 70
5867,103, 0
5868,108, 0
5869,106, 0
5870,105, 0
5871,103, 0
5872,108, 0
5873,108, 0
5874,104, 0
5875,88, 0
5876,75, 0
5877,78, 0
5878,78, 0
5879,74, 0
5880,71, 0
5881,83, 0
5882,83, 0
5883,115, 0
5884,140, 0
5885,158, 0
5886,154, 0
5887,128, 0
5888,112, 0
5889,91, 280
5890,64, 310
5891,43, 421
5892,55, 737
5893,59, 959
5894,58, 1018
5895,57, 904
5896,51, 712
5897,43, 558
5898,25, 417
5899,17, 339
5900,6, 293
5901,10, 152
5902,11, 0
5903,17, 0
5904,19, 0
5905,12, 0
5906,5, 0
5907,0, 0
5908,6, 0
5909,4, 0
5910,5, 0
5911,15, 0
5912,20, 0
5913,27, 0
5914,27, 0
5915,42, 0
5916,63, 237
5917,57, 354
5918,55, 415
5919,61, 601
5920,86, 815
5921,100, 963
5922,122, 976
5923,127, 913
5924,125, 848
5925,115, 693
5926,108, 588
5927,109, 269
5928,89, 0
5929,64, 0
5930,47, 0
5931,46, 0
5932,54, 0
5933,65, 0
5934,85, 0
5935,95, 29
5936,103, 270
5937,92, 432
5938,71, 130
5939,36, 18
5940,5, 0
5941,0, 0
5942,0, 0
5943,0, 0
5944,0, 0
5945,2, 0
5946,14, 0
5947,12, 0
5948,0, 0
5949,3, 0
5950,25, 0
5951,62, 0
5952,108, 164
5953,158, 524
5954,164, 947
5955,165, 1008
5956,150, 1039
5957,134, 873
5958,115, 659
5959,95, 607
5960,87, 535
5961,71, 446
5962,58, 212
5963,51, 2
5964,46, 0
5965,69, 0
5966,65, 0
5967,80, 0
5968,70, 0
5969,43, 0
5970,27, 0
5971,38, 0
5972,15, 140
5973,19, 326
5974,15, 466
5975,19, 391
5976,40, 437
5977,42, 563
5978,30, 486
5979,29, 223
5980,25, 10
5981,28, 0
5982,39, 0
5983,58, 0
5984,89, 0
5985,104, 0
5986,104, 0
5987,93, 0
5988,95, 0
5989,95, 0
5990,116, 0
5991,157, 0
5992,176, 0
5993,192, 0
5994,202, 0
5995,199, 0
5996,196, 0
5997,195, 115
5998,196, 238
5999,189, 417
6000,170, 490
6001,156, 494
6002,145, 594
6003,140, 634
6004,139, 586
6005,138, 476
6006,164, 402
6007,175, 208
6008,164, 25
6009,149, 0
6010,148, 0
6011,134, 0
6012,101, 0
6013,55, 0
6014,22, 0
6015,2, 0
6016,3, 0
6017,30, 0
6018,58, 0
6019,96, 0
6020,99, 0
6021,88, 0
6022,84, 0
6023,56, 0
6024,44, 0
6025,41, 0
6026,34, 0
6027,24, 0
6028,12, 0
6029,0, 0
6030,0, 0
6031,0, 0
6032,13, 0
6033,0, 0
6034,0, 0
6035,0, 0
6036,9, 0
6037,35, 0
6038,37, 0
6039,12, 0
6040,1, 0
6041,0, 0
6042,0, 0
6043,0, 0
6044,0, 0
6045,0, 0
6046,0, 0
6047,4, 0
6048,31, 0
6049,61, 0
6050,86, 0
6051,91, 0
6052,89, 0
6053,84, 0
6054,84, 0
6055,89, 0
6056,94, 0
6057,95, 0
6058,89, 0
6059,89, 0
6060,97, 0
6061,103, 0
6062,100, 0
6063,116, 0
6064,132, 0
6065,136, 0
6066,137, 0
6067,133, 0
6068,124, 27
6069,96, 50
6070,70, 159
6071,45, 257
6072,41, 327
6073,43, 264
6074,55, 302
6075,70, 284
6076,59, 165
6077,71, 57
6078,45, 0
6079,54, 0
6080,53, 0
6081,56, 0
6082,54, 0
6083,63, 0
6084,63, 0
6085,55, 0
6086,51, 12
6087,39, 308
6088,30, 338
6089,21, 238
6090,19, 204
6091,27, 174
6092,44, 140
6093,57, 70
6094,56, 1
6095,57, 0
6096,60, 0
6097,67, 0
6098,55, 0
6099,46, 0
6100,55, 69
6101,69, 0
6102,104, 0
6103,145, 6
6104,166, 44
6105,193, 296
6106,207, 270
6107,200, 61
6108,183, 0
6109,164, 0
6110,145, 0
6111,138, 1
6112,128, 52
6113,133, 47
6114,127, 4
6115,119, 1
6116,93, 0
6117,62, 0
6118,39, 0
6119,11, 0
6120,8, 0
6121,12, 0
6122,23, 0
6123,41, 0
6124,34, 0
6125,38, 0
6126,37, 0
6127,29, 0
6128,27, 0
6129,34, 0
6130,20, 0
6131,3, 0
6132,0, 0
6133,3, 0
6134,0, 0
6135,11, 0
6136,43, 0
6137,56, 0
6138,83, 0
6139,84, 0
6140,95, 0
6141,87, 0
6142,73, 0
6143,71, 125
6144,87, 318
6145,92, 436
6146,119, 379
6147,133, 263
6148,143, 112
6149,176, 6
6150,204, 0
6151,214, 0
6152,200, 0
6153,170, 0
6154,145, 0
6155,132, 0
6156,108, 0
6157,105, 0
6158,96, 0
6159,81, 0
6160,45, 0
6161,19, 0
6162,4, 0
6163,9, 0
6164,27, 0
6165,29, 11
6166,22, 0
6167,2, 0
6168,0, 0
6169,12, 0
6170,0, 0
6171,0, 0
6172,0, 36
6173,6, 96
6174,13, 140
6175,48, 140
6176,72, 83
6177,79, 92
6178,87, 214
6179,89, 314
6180,102, 542
6181,108, 576
6182,84, 465
6183,62, 373
6184,31, 385
6185,3, 353
6186,0, 189
6187,0, 17
6188,0, 0
6189,0, 0
6190,0, 0
6191,10, 0
6192,28, 0
6193,60, 0
6194,90, 0
6195,112, 0
6196,152, 0
6197,202, 0
6198,220, 0
6199,228, 0
6200,212, 0
6201,190, 0
6202,166, 0
6203,161, 0
6204,152, 0
6205,147, 0
6206,138, 0
6207,113, 0
6208,89, 0
6209,44, 0
6210,10, 0
6211,0, 0
6212,0, 0
6213,0, 0
6214,0, 0
6215,0, 0
6216,0, 0
6217,15, 0
6218,69, 0
6219,110, 0
6220,127, 0
6221,115, 0
6222,73, 0
6223,20, 0
6224,0, 0
6225,0, 0
6226,0, 0
6227,39, 0
6228,74, 0
6229,94, 0
6230,86, 0
6231,65, 7
6232,22, 19
6233,0, 8
6234,0, 0
6235,0, 0
6236,0, 0
6237,0, 0
6238,0, 0
6239,0, 0
6240,0, 0
6241,0, 0
6242,0, 0
6243,0, 0
6244,0, 0
6245,0, 0
6246,0, 0
6247,0, 0
6248,0, 0
6249,0, 0
6250,0, 0
6251,0, 0
6252,2, 0
6253,0, 0
6254,27, 0
6255,70, 0
6256,115, 0
6257,175, 0
6258,233, 0
6259,260, 0
6260,272, 47
6261,265, 284
6262,263, 311
6263,253, 260
6264,244, 158
6265,238, 13
6266,220, 0
6267,208, 0
6268,201, 0
6269,190, 0
6270,199, 35
6271,189, 257
6272,182, 451
6273,176, 233
6274,175, 284
6275,170, 348
6276,137, 28
6277,126, 0
6278,105, 0
6279,92, 0
6280,68, 0
6281,43, 0
6282,7, 0
6283,0, 0
6284,0, 0
6285,0, 0
6286,7, 0
6287,47, 0
6288,84, 0
6289,104, 0
6290,124, 0
6291,134, 0
6292,155, 0
6293,168, 0
6294,183, 0
6295,185, 0
6296,189, 0
6297,166, 0
6298,151, 0
6299,138, 0
6300,127, 0
6301,107, 22
6302,91, 169
6303,74, 76
6304,61, 35
6305,47, 0
6306,52, 0
6307,43, 0
6308,44, 0
6309,30, 0
6310,15, 0
6311,3, 0
6312,0, 85
6313,0, 167
6314,0, 111
6315,0, 78
6316,0, 6
6317,9, 6
6318,31, 0
6319,65, 0
6320,92, 0
6321,103, 0
6322,106, 0
6323,105, 0
6324,123, 0
6325,142, 0
6326,156, 0
6327,160, 0
6328,141, 0
6329,129, 0
6330,121, 93
6331,127, 236
6332,145, 395
6333,176, 531
6334,202, 563
6335,214, 674
6336,226, 625
6337,232, 524
6338,252, 464
6339,226, 447
6340,216, 519
6341,175, 265
6342,159, 8
6343,117, 0
6344,80, 0
6345,44, 0
6346,27, 0
6347,25, 0
6348,40, 0
6349,76, 0
6350,104, 0
6351,128, 0
6352,134, 0
6353,132, 0
6354,113, 0
6355,90, 0
6356,60, 0
6357,24, 0
6358,1, 1
6359,0, 0
6360,13, 0
6361,9, 0
6362,29, 0
6363,25, 0
6364,22, 0
6365,18, 0
6366,0, 0
6367,0, 0
6368,0, 0
6369,0, 0
6370,0, 0
6371,0, 0
6372,0, 0
6373,0, 0
6374,2, 0
6375,18, 0
6376,29, 0
6377,11, 0
6378,0, 0
6379,0, 0
6380,0, 0
6381,1, 0
6382,27, 0
6383,57, 0
6384,88, 0
6385,113, 0
6386,136, 2
6387,152, 12
6388,154, 0
6389,144, 0
6390,117, 0
6391,104, 0
6392,99, 0
6393,93, 0
6394,92, 0
6395,100, 0
6396,108, 0
6397,132, 0
6398,154, 0
6399,183, 0
6400,173, 0
6401,186, 0
6402,166, 0
6403,164, 6
6404,158, 101
6405,156, 369
6406,159, 368
6407,165, 273
6408,183, 342
6409,183, 269
6410,183, 0
6411,157, 0
6412,128, 0
6413,99, 0
6414,77, 0
6415,57, 0
6416,56, 0
6417,65, 0
6418,61, 0
6419,74, 0
6420,79, 0
6421,83, 0
6422,70, 26
6423,50, 50
6424,51, 0
6425,52, 0
6426,44, 0
6427,42, 0
6428,44, 0
6429,40, 0
6430,36, 0
6431,36, 0
6432,25, 0
6433,28, 0
6434,37, 13
6435,38, 6
6436,45, 87
6437,61, 0
6438,77, 0
6439,88, 0
6440,107, 0
6441,123, 0
6442,139, 0
6443,135, 0
6444,135, 0
6445,125, 0
6446,127, 0
6447,123, 0
6448,108, 0
6449,97, 0
6450,88, 0
6451,87, 0
6452,92, 0
6453,99, 0
6454,110, 0
6455,107, 0
6456,99, 0
6457,95, 0
6458,91, 5
6459,94, 59
6460,94, 134
6461,108, 173
6462,115, 177
6463,117, 125
6464,132, 88
6465,134, 36
6466,136, 58
6467,151, 6
6468,149, 0
6469,176, 0
6470,180, 0
6471,170, 0
6472,155, 0
6473,131, 0
6474,109, 0
6475,102, 38
6476,95, 51
6477,92, 52
6478,99, 76
6479,100, 0
6480,106, 0
6481,102, 0
6482,108, 0
6483,97, 0
6484,102, 0
6485,95, 0
6486,86, 0
6487,71, 0
6488,64, 0
6489,57, 0
6490,55, 0
6491,63, 0
6492,57, 0
6493,54, 0
6494,55, 0
6495,38, 0
6496,12, 0
6497,0, 0
6498,0, 0
6499,0, 0
6500,14, 0
6501,54, 0
6502,102, 0
6503,133, 0
6504,145, 0
6505,145, 0
6506,143, 0
6507,136, 0
6508,129, 0
6509,124, 0
6510,115, 0
6511,99, 0
6512,86, 0
6513,70, 0
6514,64, 0
6515,65, 0
6516,72, 0
6517,83, 0
6518,93, 0
6519,99, 0
6520,97, 0
6521,102, 0
6522,93, 0
6523,85, 0
6524,115, 0
6525,93, 0
6526,80, 0
6527,61, 0
6528,47, 0
6529,44, 0
6530,50, 2
6531,52, 0
6532,77, 0
6533,90, 0
6534,95, 0
6535,105, 0
6536,113, 0
6537,97, 0
6538,102, 0
6539,102, 0
6540,92, 0
6541,92, 0
6542,91, 0
6543,101, 1
6544,107, 125
6545,106, 241
6546,113, 439
6547,118, 500
6548,119, 563
6549,117, 535
6550,115, 415
6551,109, 176
6552,109, 15
6553,144, 0
6554,151, 0
6555,183, 0
6556,217, 0
6557,219, 0
6558,192, 0
6559,206, 0
6560,200, 0
6561,176, 0
6562,173, 0
6563,166, 0
6564,154, 0
6565,143, 0
6566,144, 0
6567,135, 0
6568,131, 0
6569,117, 0
6570,108, 0
6571,89, 0
6572,63, 0
6573,40, 19
6574,10, 286
6575,0, 259
6576,0, 10
6577,0, 0
6578,0, 0
6579,0, 0
6580,0, 0
6581,0, 0
6582,0, 63
6583,0, 428
6584,1, 612
6585,6, 457
6586,1, 416
6587,21, 410
6588,2, 92
6589,0, 8
6590,0, 0
6591,12, 0
6592,61, 0
6593,116, 0
6594,151, 0
6595,167, 0
6596,153, 0
6597,129, 0
6598,96, 0
6599,75, 0
6600,55, 0
6601,50, 0
6602,63, 0
6603,62, 0
6604,78, 0
6605,92, 0
6606,97, 0
6607,92, 0
6608,89, 0
6609,85, 0
6610,83, 0
6611,86, 0
6612,86, 0
6613,99, 0
6614,128, 6
6615,121, 37
6616,124, 108
6617,115, 254
6618,80, 115
6619,76, 20
6620,80, 0
6621,92, 0
6622,113, 95
6623,129, 0
6624,141, 0
6625,138, 6
6626,139, 44
6627,126, 40
6628,109, 0
6629,95, 0
6630,70, 0
6631,52, 0
6632,39, 0
6633,38, 0
6634,41, 0
6635,44, 0
6636,70, 0
6637,92, 0
6638,104, 0
6639,104, 0
6640,99, 0
6641,91, 0
6642,69, 0
6643,63, 0
6644,46, 0
6645,42, 0
6646,38, 0
6647,32, 0
6648,32, 0
6649,20, 19
6650,28, 20
6651,36, 0
6652,69, 0
6653,80, 0
6654,127, 0
6655,140, 0
6656,139, 0
6657,121, 0
6658,109, 0
6659,102, 0
6660,95, 0
6661,95, 0
6662,94, 0
6663,96, 0
6664,99, 0
6665,108, 0
6666,108, 0
6667,100, 0
6668,83, 0
6669,71, 0
6670,67, 0
6671,70, 0
6672,80, 0
6673,68, 0
6674,63, 0
6675,70, 0
6676,83, 0
6677,89, 0
6678,104, 0
6679,89, 0
6680,70, 0
6681,76, 0
6682,84, 28
6683,91, 37
6684,104, 192
6685,133, 441
6686,148, 601
6687,139, 756
6688,126, 663
6689,115, 624
6690,103, 353
6691,89, 183
6692,80, 51
6693,63, 0
6694,59, 0
6695,48, 0
6696,48, 0
6697,43, 0
6698,51, 0
6699,61, 0
6700,89, 0
6701,119, 0
6702,109, 0
6703,108, 0
6704,99, 0
6705,84, 0
6706,68, 0
6707,62, 0
6708,62, 0
6709,44, 0
6710,39, 0
6711,30, 0
6712,25, 0
6713,28, 0
6714,36, 0
6715,52, 0
6716,68, 0
6717,65, 0
6718,83, 0
6719,90, 0
6720,113, 0
6721,129, 0
6722,159, 0
6723,151, 0
6724,156, 0
6725,151, 20
6726,147, 25
6727,140, 37
6728,140, 53
6729,137, 0
6730,139, 0
6731,142, 0
6732,137, 0
6733,145, 0
6734,153, 0
6735,159, 0
6736,170, 0
6737,168, 0
6738,170, 0
6739,163, 0
6740,145, 0
6741,113, 0
6742,95, 0
6743,83, 0
6744,86, 31
6745,85, 0
6746,103, 0
6747,108, 0
6748,102, 0
6749,89, 0
6750,95, 0
6751,95, 0
6752,97, 0
6753,74, 0
6754,57, 0
6755,35, 0
6756,18, 0
6757,6, 0
6758,3, 0
6759,0, 0
6760,3, 0
6761,0, 0
6762,7, 0
6763,7, 0
6764,11, 0
6765,12, 0
6766,21, 0
6767,27, 0
6768,27, 0
6769,34, 0
6770,24, 14
6771,1, 138
6772,0, 244
6773,5, 282
6774,24, 240
6775,41, 57
6776,65, 6
6777,76, 22
6778,70, 0
6779,54, 0
6780,61, 0
6781,65, 0
6782,72, 0
6783,79, 0
6784,87, 0
6785,86, 0
6786,81, 0
6787,83, 0
6788,75, 0
6789,74, 0
6790,75, 0
6791,85, 0
6792,90, 0
6793,102, 0
6794,128, 0
6795,133, 0
6796,138, 0
6797,110, 0
6798,107, 0
6799,119, 0
6800,127, 0
6801,118, 0
6802,113, 0
6803,111, 0
6804,104, 3
6805,89, 22
6806,108, 0
6807,120, 0
6808,127, 0
6809,134, 6
6810,139, 12
6811,139, 0
6812,145, 0
6813,145, 0
6814,153, 0
6815,143, 0
6816,147, 0
6817,151, 0
6818,154, 0
6819,158, 0
6820,159, 0
6821,157, 0
6822,152, 0
6823,133, 0
6824,130, 0
6825,113, 12
6826,109, 143
6827,101, 188
6828,89, 215
6829,95, 252
6830,115, 380
6831,130, 430
6832,142, 427
6833,145, 409
6834,139, 348
6835,132, 234
6836,116, 84
6837,127, 8
6838,106, 0
6839,76, 0
6840,26, 0
6841,0, 0
6842,0, 0
6843,0, 0
6844,0, 0
6845,0, 0
6846,0, 0
6847,0, 0
6848,1, 0
6849,0, 0
6850,0, 0
6851,0, 0
6852,0, 0
6853,0, 0
6854,15, 0
6855,50, 0
6856,54, 0
6857,52, 0
6858,44, 0
6859,51, 0
6860,69, 0
6861,91, 0
6862,89, 0
6863,104, 0
6864,123, 0
6865,134, 0
6866,158, 0
6867,183, 0
6868,207, 0
6869,217, 0
6870,214, 0
6871,199, 0
6872,154, 0
6873,130, 0
6874,101, 0
6875,91, 0
6876,105, 0
6877,120, 0
6878,137, 0
6879,138, 0
6880,126, 0
6881,102, 0
6882,73, 0
6883,73, 0
6884,77, 0
6885,79, 0
6886,78, 0
6887,57, 0
6888,38, 0
6889,34, 0
6890,12, 0
6891,11, 0
6892,10, 0
6893,0, 0
6894,0, 0
6895,0, 0
6896,0, 0
6897,6, 0
6898,25, 0
6899,31, 0
6900,20, 0
6901,22, 0
6902,38, 0
6903,54, 0
6904,78, 0
6905,95, 0
6906,95, 0
6907,104, 11
6908,108, 0
6909,118, 4
6910,115, 35
6911,121, 157
6912,118, 355
6913,108, 385
6914,99, 307
6915,83, 248
6916,68, 173
6917,68, 89
6918,60, 51
6919,63, 78
6920,57, 78
6921,51, 89
6922,35, 123
6923,28, 151
6924,27, 204
6925,39, 296
6926,54, 273
6927,64, 213
6928,110, 84
6929,154, 13
6930,161, 0
6931,175, 0
6932,184, 0
6933,192, 0
6934,189, 0
6935,187, 0
6936,183, 0
6937,183, 0
6938,167, 0
6939,168, 0
6940,160, 0
6941,150, 0
6942,147, 0
6943,133, 0
6944,140, 0
6945,134, 0
6946,122, 0
6947,113, 0
6948,105, 0
6949,91, 0
6950,88, 0
6951,90, 0
6952,87, 6
6953,61, 131
6954,31, 319
6955,6, 246
6956,0, 317
6957,0, 221
6958,0, 127
6959,6, 63
6960,6, 25
6961,6, 0
6962,5, 0
6963,3, 0
6964,10, 0
6965,19, 0
6966,23, 0
6967,30, 0
6968,41, 0
6969,42, 0
6970,57, 0
6971,70, 0
6972,70, 0
6973,95, 0
6974,97, 0
6975,97, 0
6976,118, 0
6977,105, 0
6978,116, 0
6979,112, 0
6980,110, 0
6981,103, 0
6982,92, 0
6983,88, 0
6984,88, 0
6985,92, 0
6986,104, 0
6987,109, 0
6988,112, 0
6989,122, 0
6990,129, 0
6991,127, 0
6992,117, 0
6993,107, 0
6994,97, 0
6995,85, 0
6996,105, 0
6997,86, 0
6998,83, 0
6999,79, 0
7000,81, 0
7001,85, 0
7002,83, 0
7003,77, 0
7004,79, 0
7005,68, 0
7006,69, 0
7007,71, 0
7008,59, 0
7009,51, 0
7010,60, 0
7011,34, 0
7012,44, 0
7013,63, 0
7014,71, 70
7015,81, 149
7016,77, 234
7017,78, 246
7018,86, 121
7019,95, 0
7020,110, 0
7021,113, 0
7022,111, 0
7023,110, 0
7024,104, 0
7025,111, 0
7026,113, 0
7027,121, 0
7028,119, 0
7029,130, 0
7030,134, 0
7031,142, 0
7032,133, 0
7033,134, 0
7034,118, 0
7035,106, 0
7036,121, 0
7037,115, 0
7038,125, 0
7039,117, 0
7040,124, 0
7041,124, 0
7042,129, 0
7043,122, 0
7044,117, 0
7045,100, 0
7046,63, 0
7047,45, 0
7048,25, 0
7049,30, 0
7050,57, 0
7051,92, 0
7052,127, 0
7053,157, 0
7054,158, 0
7055,152, 0
7056,133, 0
7057,132, 0
7058,120, 0
7059,115, 0
7060,95, 0
7061,74, 0
7062,44, 0
7063,13, 0
7064,0, 0
7065,4, 0
7066,0, 0
7067,0, 0
7068,0, 0
7069,0, 0
7070,1, 0
7071,5, 0
7072,32, 0
7073,43, 0
7074,62, 0
7075,64, 0
7076,42, 0
7077,12, 0
7078,0, 0
7079,0, 0
7080,11, 0
7081,31, 0
7082,46, 0
7083,70, 0
7084,73, 0
7085,85, 0
7086,80, 0
7087,100, 0
7088,117, 0
7089,122, 0
7090,119, 0
7091,106, 0
7092,101, 0
7093,119, 0
7094,100, 0
7095,108, 0
7096,104, 0
7097,95, 0
7098,90, 0
7099,92, 0
7100,92, 0
7101,97, 0
7102,107, 0
7103,109, 0
7104,115, 0
7105,113, 0
7106,90, 0
7107,71, 48
7108,75, 8
7109,83, 41
7110,102, 0
7111,133, 0
7112,154, 0
7113,164, 0
7114,176, 0
7115,175, 3
7116,192, 0
7117,195, 0
7118,202, 0
7119,202, 0
7120,196, 0
7121,186, 0
7122,187, 0
7123,174, 0
7124,182, 0
7125,183, 0
7126,176, 0
7127,147, 0
7128,139, 0
7129,117, 0
7130,113, 0
7131,97, 0
7132,94, 12
7133,67, 34
7134,43, 0
7135,12, 0
7136,0, 0
7137,0, 6
7138,0, 39
7139,0, 168
7140,0, 257
7141,5, 21
7142,25, 0
7143,51, 0
7144,81, 0
7145,69, 0
7146,65, 0
7147,51, 0
7148,35, 0
7149,32, 0
7150,25, 0
7151,31, 0
7152,28, 0
7153,46, 0
7154,57, 0
7155,65, 0
7156,76, 0
7157,81, 0
7158,72, 0
7159,76, 0
7160,67, 0
7161,56, 0
7162,62, 0
7163,38, 0
7164,38, 0
7165,32, 0
7166,31, 0
7167,19, 0
7168,9, 0
7169,11, 0
7170,19, 0
7171,28, 0
7172,63, 0
7173,95, 0
7174,115, 0
7175,115, 0
7176,102, 0
7177,97, 48
7178,102, 159
7179,102, 136
7180,120, 47
7181,139, 0
7182,175, 0
7183,205, 0
7184,218, 0
7185,220, 0
7186,212, 0
7187,188, 7
7188,180, 6
7189,177, 78
7190,157, 125
7191,156, 220
7192,145, 223
7193,149, 222
7194,153, 170
7195,159, 72
7196,134, 3
7197,133, 0
7198,101, 0
7199,74, 0
7200,61, 0
7201,43, 0
7202,38, 0
7203,40, 0
7204,34, 0
7205,32, 0
7206,34, 0
7207,41, 0
7208,53, 0
7209,57, 0
7210,65, 0
7211,55, 0
7212,67, 0
7213,46, 0
7214,40, 0
7215,31, 0
7216,39, 0
7217,41, 0
7218,54, 0
7219,59, 0
7220,81, 0
7221,97, 0
7222,96, 0
7223,108, 0
7224,108, 0
7225,102, 0
7226,103, 0
7227,106, 19
7228,86, 56
7229,91, 27
7230,93, 0
7231,89, 4
7232,77, 0
7233,77, 0
7234,60, 0
7235,36, 0
7236,34, 0
7237,44, 0
7238,65, 0
7239,104, 0
7240,121, 0
7241,124, 0
7242,119, 0
7243,108, 0
7244,94, 0
7245,101, 0
7246,109, 0
7247,117, 0
7248,112, 0
7249,109, 0
7250,109, 0
7251,104, 0
7252,97, 0
7253,83, 0
7254,90, 0
7255,89, 0
7256,91, 0
7257,81, 0
7258,61, 0
7259,25, 51
7260,0, 36
7261,0, 29
7262,0, 26
7263,0, 0
7264,22, 0
7265,54, 0
7266,83, 0
7267,105, 0
7268,124, 0
7269,128, 0
7270,139, 0
7271,153, 0
7272,148, 0
7273,150, 0
7274,144, 0
7275,138, 0
7276,126, 0
7277,84, 0
7278,51, 0
7279,24, 0
7280,6, 0
7281,2, 0
7282,19, 0
7283,18, 0
7284,25, 0
7285,19, 0
7286,17, 0
7287,15, 0
7288,15, 0
7289,2, 0
7290,0, 0
7291,6, 0
7292,12, 0
7293,37, 0
7294,72, 0
7295,83, 0
7296,94, 0
7297,104, 0
7298,115, 0
7299,125, 0
7300,127, 0
7301,119, 0
7302,138, 0
7303,133, 0
7304,153, 0
7305,164, 0
7306,165, 0
7307,176, 0
7308,182, 0
7309,195, 0
7310,184, 0
7311,183, 0
7312,167, 0
7313,163, 0
7314,156, 0
7315,152, 0
7316,139, 0
7317,133, 0
7318,121, 0
7319,109, 0
7320,72, 0
7321,77, 0
7322,78, 0
7323,89, 0
7324,95, 0
7325,100, 0
7326,110, 0
7327,105, 0
7328,99, 0
7329,101, 0
7330,121, 25
7331,127, 44
7332,133, 63
7333,132, 65
7334,118, 19
7335,106, 0
7336,88, 0
7337,70, 0
7338,64, 0
7339,63, 0
7340,57, 0
7341,43, 0
7342,43, 0
7343,51, 0
7344,57, 0
7345,65, 0
7346,92, 0
7347,72, 0
7348,63, 0
7349,55, 0
7350,30, 0
7351,22, 0
7352,32, 0
7353,40, 0
7354,60, 0
7355,72, 0
7356,100, 0
7357,126, 0
7358,123, 0
7359,126, 4
7360,132, 0
7361,115, 0
7362,130, 0
7363,128, 0
7364,118, 0
7365,109, 0
7366,102, 0
7367,104, 0
7368,102, 0
7369,119, 0
7370,113, 0
7371,106, 0
7372,112, 0
7373,118, 0
7374,116, 0
7375,106, 0
7376,96, 0
7377,86, 0
7378,74, 0
7379,46, 12
7380,36, 45
7381,15, 175
7382,8, 337
7383,11, 465
7384,21, 486
7385,43, 379
7386,72, 220
7387,83, 29
7388,95, 0
7389,94, 0
7390,84, 0
7391,80, 0
7392,71, 0
7393,59, 0
7394,58, 0
7395,54, 0
7396,56, 0
7397,57, 0
7398,47, 0
7399,50, 0
7400,54, 0
7401,53, 0
7402,74, 0
7403,86, 0
7404,92, 0
7405,95, 0
7406,108, 0
7407,118, 0
7408,133, 0
7409,144, 0
7410,150, 0
7411,127, 0
7412,115, 0
7413,99, 25
7414,95, 0
7415,76, 7
7416,90, 0
7417,95, 0
7418,94, 0
7419,91, 0
7420,89, 0
7421,89, 0
7422,85, 0
7423,85, 0
7424,77, 0
7425,60, 0
7426,54, 0
7427,59, 0
7428,70, 0
7429,75, 0
7430,88, 23
7431,90, 0
7432,92, 0
7433,106, 0
7434,116, 0
7435,118, 0
7436,127, 0
7437,127, 6
7438,130, 0
7439,142, 0
7440,141, 0
7441,132, 0
7442,122, 0
7443,103, 0
7444,93, 0
7445,102, 0
7446,69, 0
7447,69, 0
7448,58, 0
7449,70, 0
7450,70, 0
7451,74, 0
7452,72, 0
7453,70, 0
7454,59, 0
7455,63, 0
7456,55, 0
7457,48, 0
7458,48, 0
7459,15, 0
7460,2, 0
7461,8, 0
7462,9, 0
7463,24, 0
7464,44, 0
7465,59, 0
7466,69, 0
7467,94, 0
7468,107, 0
7469,113, 0
7470,119, 0
7471,105, 0
7472,85, 0
7473,53, 0
7474,26, 0
7475,13, 0
7476,6, 0
7477,31, 0
7478,63, 0
7479,86, 0
7480,91, 0
7481,95, 0
7482,102, 0
7483,103, 0
7484,109, 0
7485,97, 0
7486,123, 0
7487,122, 0
7488,133, 0
7489,133, 0
7490,133, 0
7491,134, 0
7492,147, 2
7493,145, 26
7494,152, 26
7495,139, 18
7496,129, 44
7497,112, 5
7498,121, 0
7499,130, 0
7500,138, 0
7501,139, 0
7502,102, 0
7503,76, 0
7504,50, 0
7505,39, 10
7506,53, 214
7507,38, 314
7508,50, 355
7509,63, 376
7510,78, 326
7511,107, 207
7512,134, 94
7513,144, 9
7514,141, 0
7515,122, 0
7516,101, 0
7517,80, 0
7518,69, 0
7519,65, 0
7520,67, 0
7521,75, 0
7522,88, 0
7523,107, 0
7524,108, 0
7525,128, 0
7526,95, 0
7527,89, 0
7528,75, 0
7529,77, 0
7530,69, 0
7531,75, 0
7532,72, 0
7533,65, 0
7534,57, 0
7535,53, 0
7536,54, 8
7537,68, 0
7538,92, 0
7539,111, 0
7540,127, 0
7541,127, 0
7542,134, 0
7543,124, 0
7544,121, 0
7545,115, 0
7546,110, 0
7547,116, 0
7548,101, 0
7549,70, 0
7550,55, 0
7551,48, 0
7552,55, 0
7553,56, 0
7554,84, 0
7555,95, 0
7556,109, 0
7557,115, 0
7558,131, 145
7559,135, 276
7560,139, 259
7561,139, 292
7562,139, 336
7563,147, 311
7564,134, 312
7565,125, 308
7566,120, 236
7567,123, 127
7568,136, 22
7569,152, 12
7570,157, 0
7571,164, 0
7572,159, 0
7573,154, 0
7574,138, 0
7575,128, 0
7576,92, 0
7577,71, 0
7578,50, 0
7579,25, 0
7580,12, 0
7581,3, 0
7582,0, 0
7583,3, 0
7584,12, 0
7585,31, 0
7586,37, 0
7587,42, 0
7588,28, 0
7589,22, 0
7590,21, 0
7591,28, 0
7592,31, 0
7593,25, 0
7594,6, 29
7595,1, 57
7596,0, 3
7597,1, 43
7598,21, 70
7599,58, 35
7600,90, 8
7601,102, 1
7602,108, 0
7603,117, 0
7604,119, 0
7605,124, 0
7606,121, 0
7607,116, 0
7608,96, 0
7609,100, 0
7610,63, 0
7611,57, 0
7612,53, 0
7613,57, 0
7614,54, 0
7615,62, 0
7616,76, 0
7617,74, 0
7618,75, 0
7619,60, 0
7620,65, 0
7621,81, 0
7622,96, 0
7623,115, 3
7624,86, 121
7625,84, 254
7626,78, 152
7627,75, 150
7628,83, 106
7629,88, 19
7630,97, 6
7631,97, 0
7632,102, 0
7633,105, 0
7634,102, 0
7635,113, 0
7636,110, 0
7637,126, 0
7638,133, 0
7639,136, 0
7640,108, 0
7641,125, 0
7642,113, 0
7643,118, 0
7644,116, 0
7645,121, 0
7646,124, 0
7647,126, 0
7648,117, 0
7649,108, 0
7650,97, 0
7651,84, 0
7652,83, 0
7653,85, 0
7654,83, 0
7655,91, 0
7656,73, 0
7657,59, 0
7658,56, 0
7659,60, 0
7660,69, 0
7661,89, 0
7662,107, 0
7663,108, 0
7664,104, 0
7665,101, 0
7666,102, 0
7667,104, 0
7668,108, 0
7669,112, 10
7670,110, 39
7671,128, 134
7672,124, 145
7673,126, 203
7674,127, 154
7675,135, 78
7676,131, 36
7677,130, 0
7678,127, 0
7679,122, 0
7680,109, 0
7681,95, 0
7682,76, 0
7683,59, 0
7684,44, 0
7685,37, 0
7686,15, 0
7687,3, 0
7688,15, 0
7689,13, 0
7690,30, 0
7691,64, 0
7692,95, 0
7693,116, 0
7694,117, 0
7695,133, 0
7696,135, 0
7697,137, 0
7698,140, 0
7699,133, 0
7700,123, 0
7701,111, 0
7702,116, 0
7703,111, 0
7704,115, 0
7705,115, 0
7706,119, 0
7707,117, 0
7708,133, 0
7709,133, 0
7710,145, 0
7711,117, 0
7712,102, 0
7713,91, 0
7714,80, 0
7715,60, 0
7716,30, 0
7717,13, 0
7718,8, 0
7719,4, 44
7720,12, 22
7721,23, 0
7722,54, 0
7723,64, 0
7724,59, 0
7725,38, 0
7726,25, 0
7727,17, 0
7728,25, 0
7729,38, 0
7730,40, 0
7731,53, 0
7732,52, 0
7733,42, 0
7734,44, 0
7735,32, 0
7736,31, 0
7737,51, 0
7738,71, 0
7739,96, 77
7740,123, 230
7741,133, 309
7742,139, 317
7743,119, 269
7744,102, 103
7745,72, 8
7746,58, 0
7747,44, 123
7748,55, 94
7749,45, 50
7750,62, 117
7751,83, 1
7752,102, 0
7753,111, 0
7754,109, 0
7755,95, 0
7756,76, 0
7757,68, 0
7758,58, 0
7759,44, 0
7760,30, 0
7761,21, 0
7762,18, 0
7763,20, 0
7764,20, 0
7765,42, 0
7766,53, 0
7767,71, 0
7768,89, 0
7769,115, 0
7770,135, 0
7771,158, 0
7772,125, 0
7773,116, 0
7774,113, 0
7775,112, 0
7776,109, 0
7777,108, 3
7778,102, 0
7779,102, 0
7780,116, 0
7781,109, 0
7782,120, 0
7783,127, 0
7784,140, 0
7785,139, 0
7786,152, 0
7787,141, 0
7788,136, 0
7789,139, 0
7790,148, 0
7791,142, 0
7792,145, 0
7793,139, 0
7794,144, 0
7795,138, 0
7796,129, 0
7797,109, 0
7798,86, 0
7799,76, 0
7800,76, 0
7801,72, 0
7802,63, 0
7803,52, 0
7804,57, 0
7805,54, 0
7806,55, 8
7807,42, 69
7808,12, 78
7809,0, 0
7810,1, 37
7811,0, 3
7812,18, 0
7813,34, 0
7814,69, 0
7815,68, 0
7816,74, 0
7817,92, 0
7818,83, 0
7819,85, 0
7820,90, 0
7821,94, 0
7822,102, 0
7823,117, 0
7824,129, 0
7825,126, 0
7826,121, 0
7827,111, 0
7828,101, 0
7829,90, 0
7830,78, 0
7831,80, 0
7832,87, 0
7833,95, 0
7834,104, 0
7835,108, 0
7836,113, 0
7837,104, 0
7838,89, 2
7839,72, 0
7840,65, 0
7841,62, 0
7842,71, 0
7843,92, 0
7844,102, 0
7845,112, 0
7846,121, 0
7847,113, 0
7848,108, 0
7849,102, 0
7850,103, 0
7851,103, 0
7852,97, 0
7853,95, 0
7854,107, 0
7855,81, 0
7856,68, 0
7857,51, 0
7858,43, 0
7859,32, 0
7860,34, 0
7861,30, 0
7862,32, 0
7863,41, 0
7864,44, 4
7865,51, 0
7866,65, 0
7867,65, 0
7868,69, 7
7869,54, 103
7870,38, 68
7871,36, 57
7872,45, 2
7873,76, 0
7874,89, 0
7875,105, 0
7876,94, 0
7877,90, 0
7878,79, 0
7879,68, 0
7880,53, 0
7881,50, 0
7882,54, 0
7883,54, 0
7884,54, 0
7885,60, 0
7886,57, 0
7887,70, 0
7888,84, 0
7889,95, 0
7890,99, 0
7891,96, 0
7892,92, 0
7893,93, 0
7894,97, 0
7895,104, 0
7896,113, 0
7897,111, 0
7898,105, 0
7899,79, 0
7900,57, 0
7901,44, 0
7902,38, 0
7903,41, 0
7904,72, 0
7905,93, 0
7906,96, 0
7907,90, 0
7908,83, 0
7909,68, 0
7910,60, 0
7911,54, 0
7912,58, 0
7913,70, 0
7914,89, 0
7915,105, 0
7916,115, 0
7917,112, 0
7918,101, 1
7919,102, 7
7920,92, 0
7921,99, 0
7922,100, 0
7923,101, 0
7924,92, 0
7925,86, 1
7926,87, 0
7927,90, 0
7928,95, 0
7929,95, 0
7930,85, 81
7931,85, 101
7932,87, 62
7933,94, 85
7934,110, 3
7935,117, 0
7936,120, 0
7937,107, 0
7938,90, 0
7939,80, 0
7940,74, 0
7941,70, 0
7942,65, 0
7943,76, 0
7944,95, 0
7945,116, 0
7946,121, 0
7947,121, 0
7948,105, 0
7949,81, 0
7950,57, 0
7951,36, 0
7952,18, 0
7953,22, 0
7954,26, 0
7955,43, 0
7956,56, 0
7957,59, 0
7958,52, 0
7959,50, 0
7960,35, 0
7961,22, 0
7962,19, 0
7963,31, 0
7964,45, 0
7965,70, 0
7966,89, 0
7967,93, 0
7968,83, 0
7969,67, 0
7970,48, 0
7971,43, 0
7972,51, 0
7973,63, 0
7974,80, 0
7975,102, 0
7976,113, 0
7977,123, 0
7978,127, 6
7979,128, 41
7980,133, 106
7981,135, 164
7982,140, 215
7983,148, 189
7984,150, 205
7985,130, 104
7986,112, 23
7987,96, 2
7988,84, 0
7989,67, 0
7990,57, 12
7991,39, 189
7992,37, 154
7993,36, 104
7994,38, 12
7995,63, 0
7996,76, 0
7997,83, 0
7998,70, 0
7999,44, 0
8000,32, 0
8001,26, 0
8002,28, 0
8003,20, 0
8004,30, 0
8005,44, 0
8006,55, 0
8007,62, 0
8008,64, 0
8009,77, 0
8010,108, 0
8011,99, 0
8012,103, 0
8013,102, 0
8014,102, 0
8015,108, 0
8016,105, 0
8017,108, 0
8018,87, 0
8019,69, 0
8020,47, 0
8021,30, 0
8022,25, 0
8023,24, 0
8024,29, 0
8025,40, 0
8026,78, 0
8027,103, 0
8028,129, 0
8029,137, 0
8030,140, 0
8031,144, 0
8032,138, 0
8033,140, 0
8034,140, 0
8035,133, 0
8036,127, 0
8037,133, 0
8038,108, 0
8039,113, 0
8040,120, 0
8041,127, 0
8042,137, 0
8043,139, 0
8044,133, 0
8045,129, 7
8046,119, 64
8047,117, 142
8048,111, 213
8049,96, 257
8050,79, 176
8051,47, 133
8052,41, 159
8053,37, 115
8054,30, 62
8055,38, 0
8056,51, 0
8057,74, 0
8058,85, 0
8059,87, 0
8060,86, 0
8061,83, 0
8062,81, 0
8063,76, 0
8064,72, 0
8065,78, 0
8066,83, 0
8067,78, 0
8068,95, 0
8069,85, 0
8070,79, 0
8071,94, 0
8072,80, 0
8073,90, 0
8074,102, 0
8075,111, 0
8076,139, 0
8077,130, 0
8078,135, 0
8079,148, 0
8080,148, 0
8081,127, 0
8082,92, 0
8083,71, 0
8084,46, 0
8085,45, 15
8086,57, 0
8087,81, 0
8088,94, 0
8089,111, 0
8090,110, 0
8091,106, 0
8092,91, 0
8093,86, 0
8094,78, 0
8095,79, 0
8096,75, 0
8097,73, 0
8098,68, 0
8099,71, 0
8100,78, 0
8101,79, 0
8102,76, 0
8103,74, 0
8104,75, 0
8105,72, 0
8106,74, 0
8107,83, 0
8108,93, 0
8109,94, 0
8110,92, 0
8111,85, 0
8112,63, 0
8113,35, 8
8114,18, 0
8115,12, 0
8116,15, 0
8117,28, 0
8118,69, 0
8119,50, 0
8120,58, 0
8121,41, 0
8122,30, 0
8123,51, 0
8124,45, 0
8125,64, 0
8126,76, 0
8127,87, 0
8128,95, 0
8129,78, 0
8130,76, 0
8131,70, 0
8132,58, 0
8133,63, 0
8134,68, 0
8135,68, 0
8136,75, 0
8137,81, 0
8138,78, 0
8139,80, 0
8140,83, 0
8141,84, 0
8142,75, 0
8143,64, 110
8144,51, 54
8145,57, 56
8146,65, 42
8147,80, 10
8148,111, 0
8149,131, 0
8150,136, 0
8151,140, 0
8152,139, 0
8153,132, 0
8154,130, 0
8155,124, 0
8156,111, 0
8157,105, 0
8158,119, 0
8159,90, 0
8160,81, 0
8161,77, 0
8162,68, 0
8163,65, 0
8164,59, 0
8165,51, 0
8166,67, 0
8167,63, 0
8168,89, 0
8169,88, 0
8170,92, 0
8171,94, 0
8172,89, 0
8173,76, 0
8174,61, 27
8175,63, 2
8176,68, 8
8177,87, 0
8178,95, 0
8179,131, 0
8180,124, 0
8181,139, 0
8182,109, 0
8183,95, 0
8184,95, 0
8185,95, 0
8186,96, 0
8187,92, 0
8188,90, 0
8189,88, 0
8190,84, 0
8191,83, 0
8192,76, 0
8193,63, 0
8194,60, 0
8195,63, 0
8196,62, 0
8197,65, 0
8198,73, 0
8199,80, 0
8200,84, 0
8201,90, 0
8202,92, 0
8203,89, 0
8204,72, 0
8205,68, 0
8206,67, 0
8207,68, 0
8208,83, 0
8209,91, 0
8210,113, 0
8211,115, 0
8212,126, 0
8213,117, 0
8214,115, 0
8215,124, 0
8216,110, 0
8217,111, 0
8218,101, 0
8219,104, 0
8220,105, 0
8221,100, 0
8222,92, 0
8223,89, 0
8224,89, 0
8225,90, 0
8226,92, 0
8227,97, 0
8228,110, 0
8229,103, 0
8230,108, 0
8231,105, 0
8232,95, 0
8233,92, 0
8234,77, 0
8235,56, 0
8236,60, 0
8237,50, 12
8238,46, 0
8239,65, 0
8240,75, 0
8241,83, 0
8242,77, 0
8243,80, 0
8244,75, 0
8245,83, 0
8246,76, 0
8247,75, 0
8248,76, 0
8249,78, 0
8250,76, 0
8251,83, 2
8252,84, 0
8253,84, 0
8254,93, 0
8255,86, 0
8256,102, 0
8257,103, 0
8258,117, 0
8259,133, 0
8260,100, 0
8261,92, 0
8262,84, 0
8263,78, 0
8264,57, 0
8265,51, 0
8266,42, 0
8267,39, 0
8268,48, 0
8269,52, 0
8270,55, 0
8271,88, 0
8272,85, 0
8273,80, 0
8274,83, 0
8275,77, 0
8276,74, 0
8277,68, 0
8278,79, 0
8279,73, 0
8280,80, 0
8281,91, 0
8282,102, 0
8283,96, 0
8284,95, 0
8285,97, 0
8286,95, 0
8287,99, 0
8288,97, 0
8289,92, 0
8290,81, 0
8291,72, 0
8292,76, 0
8293,75, 0
8294,89, 0
8295,74, 0
8296,67, 6
8297,70, 0
8298,72, 4
8299,76, 9
8300,84, 0
8301,89, 0
8302,93, 0
8303,91, 0
8304,92, 0
8305,85, 0
8306,81, 0
8307,69, 0
8308,68, 0
8309,59, 0
8310,44, 0
8311,36, 0
8312,24, 0
8313,34, 0
8314,47, 0
8315,57, 0
8316,76, 0
8317,77, 0
8318,81, 0
8319,78, 0
8320,80, 0
8321,76, 0
8322,84, 0
8323,83, 0
8324,77, 0
8325,68, 0
8326,44, 0
8327,30, 0
8328,30, 0
8329,30, 0
8330,42, 0
8331,73, 0
8332,89, 0
8333,95, 0
8334,95, 0
8335,102, 0
8336,111, 0
8337,115, 0
8338,112, 0
8339,110, 0
8340,112, 0
8341,106, 0
8342,106, 0
8343,102, 0
8344,95, 0
8345,90, 0
8346,95, 0
8347,91, 0
8348,91, 0
8349,99, 0
8350,99, 0
8351,90, 0
8352,95, 0
8353,101, 0
8354,93, 0
8355,92, 0
8356,83, 0
8357,70, 5
8358,61, 0
8359,68, 0
8360,61, 0
8361,69, 0
8362,83, 0
8363,92, 0
8364,90, 0
8365,88, 0
8366,79, 0
8367,87, 0
8368,72, 0
8369,65, 0
8370,61, 0
8371,55, 0
8372,63, 0
8373,92, 0
8374,110, 0
8375,117, 0
8376,113, 0
8377,109, 0
8378,108, 0
8379,105, 0
8380,101, 0
8381,112, 0
8382,95, 0
8383,94, 0
8384,95, 0
8385,95, 0
8386,89, 0
8387,70, 0
8388,79, 0
8389,57, 0
8390,57, 0
8391,61, 0
8392,83, 0
8393,99, 0
8394,106, 0
8395,111, 0
8396,119, 0
8397,117, 0
8398,121, 0
8399,135, 0
8400,126, 0
8401,110, 0
8402,112, 0
8403,108, 0
8404,108, 0
8405,95, 0
8406,79, 0
8407,75, 0
8408,77, 0
8409,61, 0
8410,57, 0
8411,57, 0
8412,63, 0
8413,79, 0
8414,68, 0
8415,70, 0
8416,65, 0
8417,62, 0
8418,40, 0
8419,38, 0
8420,48, 0
8421,41, 0
8422,59, 0
8423,72, 0
8424,85, 0
8425,90, 0
8426,96, 0
8427,104, 0
8428,113, 0
8429,117, 0
8430,107, 0
8431,102, 0
8432,88, 0
8433,83, 0
8434,89, 0
8435,101, 0
8436,108, 2
8437,125, 0
8438,128, 6
8439,113, 0
8440,106, 0
8441,96, 0
8442,83, 0
8443,75, 0
8444,77, 0
8445,92, 0
8446,94, 0
8447,95, 0
8448,74, 0
8449,63, 0
8450,74, 0
8451,63, 0
8452,67, 0
8453,86, 0
8454,96, 0
8455,102, 0
8456,101, 0
8457,91, 0
8458,89, 0
8459,92, 0
8460,97, 0
8461,112, 0
8462,112, 0
8463,108, 0
8464,87, 0
8465,73, 0
8466,51, 0
8467,30, 0
8468,30, 0
8469,20, 0
8470,19, 0
8471,38, 0
8472,19, 0
8473,18, 0
8474,29, 0
8475,45, 0
8476,57, 0
8477,71, 0
8478,61, 46
8479,42, 75
8480,47, 7
8481,44, 97
8482,44, 13
8483,67, 0
8484,86, 0
8485,100, 0
8486,104, 0
8487,107, 0
8488,100, 0
8489,107, 0
8490,109, 0
8491,108, 0
8492,118, 0
8493,115, 0
8494,121, 0
8495,121, 0
8496,121, 0
8497,130, 0
8498,120, 0
8499,118, 0
8500,108, 0
8501,122, 0
8502,123, 0
8503,121, 0
8504,123, 0
8505,116, 0
8506,115, 0
8507,107, 0
8508,97, 0
8509,70, 0
8510,59, 0
8511,55, 0
8512,61, 0
8513,77, 0
8514,102, 0
8515,124, 0
8516,134, 0
8517,139, 0
8518,138, 0
8519,134, 0
8520,130, 0
8521,117, 0
8522,122, 0
8523,107, 0
8524,121, 0
8525,111, 0
8526,106, 0
8527,95, 0
8528,102, 0
8529,103, 0
8530,104, 0
8531,113, 0
8532,136, 0
8533,131, 0
8534,118, 0
8535,124, 0
8536,137, 0
8537,130, 0
8538,124, 1
8539,94, 0
8540,64, 0
8541,63, 0
8542,53, 0
8543,48, 0
8544,62, 0
8545,72, 0
8546,79, 0
8547,74, 0
8548,70, 0
8549,76, 0
8550,69, 0
8551,79, 0
8552,76, 0
8553,83, 0
8554,78, 0
8555,89, 0
8556,73, 0
8557,70, 0
8558,58, 0
8559,57, 0
8560,68, 0
8561,62, 0
8562,73, 0
8563,76, 0
8564,62, 0
8565,55, 0
8566,50, 0
8567,62, 0
8568,65, 0
8569,62, 0
8570,44, 17
8571,25, 17
8572,25, 6
8573,30, 0
8574,50, 0
8575,80, 0
8576,103, 0
8577,106, 0
8578,107, 0
8579,97, 0
8580,109, 0
8581,115, 0
8582,102, 0
8583,115, 0
8584,108, 0
8585,121, 0
8586,121, 0
8587,127, 0
8588,121, 0
8589,121, 0
8590,111, 0
8591,106, 0
8592,101, 0
8593,80, 0
8594,77, 0
8595,57, 0
8596,58, 0
8597,62, 0
8598,70, 0
8599,74, 0
8600,61, 0
8601,46, 0
8602,51, 0
8603,34, 1
8604,26, 0
8605,43, 0
8606,64, 0
8607,81, 0
8608,96, 0
8609,102, 0
8610,103, 0
8611,96, 0
8612,93, 0
8613,84, 0
8614,85, 0
8615,87, 0
8616,96, 0
8617,109, 0
8618,131, 0
8619,136, 0
8620,140, 0
8621,137, 0
8622,130, 0
8623,133, 0
8624,122, 0
8625,135, 0
8626,130, 0
8627,123, 0
8628,113, 0
8629,109, 0
8630,100, 0
8631,87, 0
8632,77, 0
8633,77, 0
8634,69, 0
8635,68, 0
8636,77, 0
8637,91, 0
8638,70, 0
8639,70, 0
8640,51, 0
8641,44, 0
8642,28, 0
8643,23, 0
8644,25, 0
8645,22, 0
8646,28, 0
8647,28, 0
8648,25, 0
8649,31, 0
8650,38, 0
8651,41, 0
8652,56, 0
8653,57, 0
8654,67, 0
8655,77, 0
8656,79, 0
8657,92, 0
8658,88, 0
8659,92, 0
8660,84, 0
8661,64, 0
8662,52, 0
8663,40, 0
8664,43, 0
8665,48, 4
8666,79, 0
8667,100, 0
8668,108, 0
8669,107, 0
8670,101, 0
8671,101, 0
8672,99, 0
8673,96, 0
8674,107, 0
8675,119, 0
8676,127, 0
8677,129, 0
8678,125, 0
8679,125, 0
8680,115, 0
8681,125, 0
8682,121, 0
8683,120, 0
8684,121, 0
8685,123, 0
8686,124, 0
8687,116, 0
8688,124, 0
8689,133, 0
8690,112, 0
8691,106, 0
8692,93, 0
8693,83, 0
8694,90, 0
8695,108, 0
8696,96, 0
8697,118, 0
8698,133, 0
8699,128, 0
8700,123, 0
8701,122, 0
8702,121, 0
8703,124, 0
8704,115, 0
8705,118, 0
8706,120, 0
8707,116, 0
8708,134, 0
8709,119, 0
8710,112, 0
8711,117, 0
8712,123, 0
8713,116, 0
8714,122, 0
8715,115, 0
8716,112, 0
8717,102, 4
8718,95, 0
8719,94, 0
8720,103, 0
8721,99, 0
8722,97, 0
8723,84, 0
8724,80, 0
8725,91, 1
8726,89, 0
8727,109, 0
8728,123, 0
8729,125, 0
8730,108, 0
8731,96, 0
8732,83, 0
8733,72, 0
8734,69, 0
8735,63, 0
8736,64, 0
8737,84, 0
8738,67, 0
8739,68, 0
8740,79, 0
8741,59, 0
8742,83, 0
8743,89, 1
8744,76, 0
8745,75, 0
8746,64, 0
8747,62, 0
8748,63, 0
8749,72, 0
8750,91, 0
8751,113, 0
8752,127, 0
8753,118, 0
8754,115, 0
8755,130, 0
8756,126, 0
8757,131, 0
8758,148, 0
8759,157, 0
8760,155, 0
8761,147, 0
8762,129, 0
8763,107, 0
8764,60, 0
8765,31, 0
8766,18, 0
8767,6, 0
8768,0, 0
8769,0, 0
8770,10, 0
8771,18, 0
8772,25, 0
8773,27, 0
8774,31, 0
8775,44, 0
8776,51, 0
8777,52, 0
8778,50, 0
8779,39, 0
8780,35, 0
8781,34, 0
8782,31, 1
8783,14, 0
8784,2, 19
8785,4, 0
8786,5, 4
8787,17, 0
8788,45, 0
8789,69, 0
8790,85, 0
8791,87, 0
8792,89, 0
8793,89, 0
8794,95, 0
8795,108, 0
8796,116, 0
8797,118, 0
8798,160, 0
8799,155, 0
8800,172, 0
8801,170, 0
8802,183, 0
8803,179, 0
8804,176, 0
8805,177, 0
8806,180, 0
8807,185, 0
8808,176, 0
8809,170, 0
8810,159, 0
8811,159, 0
8812,158, 0
8813,135, 0
8814,109, 0
8815,85, 0
8816,86, 0
8817,69, 0
8818,83, 0
8819,86, 0
8820,81, 0
8821,58, 0
8822,35, 0
8823,23, 0
8824,22, 0
8825,30, 0
8826,48, 0
8827,67, 0
8828,76, 0
8829,83, 0
8830,74, 0
8831,78, 0
8832,95, 0
8833,79, 0
8834,84, 0
8835,89, 0
8836,96, 0
8837,95, 0
8838,95, 0
8839,101, 0
8840,100, 0
8841,102, 0
8842,106, 0
8843,105, 0
8844,95, 0
8845,94, 0
8846,97, 0
8847,110, 0
8848,111, 0
8849,123, 0
8850,128, 0
8851,130, 0
8852,123, 0
8853,122, 0
8854,121, 0
8855,116, 0
8856,113, 0
8857,94, 0
8858,105, 0
8859,92, 0
8860,89, 0
8861,77, 0
8862,59, 0
8863,64, 0
8864,44, 0
8865,41, 0
8866,52, 0
8867,37, 0
8868,17, 0
8869,17, 0
8870,19, 0
8871,31, 0
8872,68, 0
8873,77, 0
8874,97, 0
8875,86, 0
8876,86, 0
8877,94, 0
8878,93, 0
8879,115, 0
8880,141, 0
8881,158, 0
8882,166, 0
8883,175, 0
8884,166, 0
8885,166, 0
8886,149, 0
8887,148, 0
8888,133, 0
8889,107, 0
8890,87, 0
8891,91, 0
8892,93, 0
8893,102, 0
8894,108, 0
8895,108, 0
8896,95, 0
8897,83, 0
8898,57, 0
8899,61, 0
8900,53, 0
8901,47, 0
8902,57, 0
8903,67, 0
8904,76, 0
8905,50, 0
8906,36, 20
8907,40, 0
8908,45, 0
8909,53, 1
8910,78, 0
8911,89, 0
8912,86, 0
8913,100, 0
8914,103, 0
8915,111, 0
8916,127, 0
8917,87, 0
8918,78, 0
8919,71, 0
8920,85, 0
8921,77, 0
8922,83, 0
8923,92, 0
8924,94, 0
8925,106, 0
8926,132, 0
8927,142, 0
8928,151, 0
8929,152, 0
8930,153, 0
8931,147, 0
8932,150, 0
8933,149, 0
8934,132, 0
8935,120, 0
8936,87, 0
8937,73, 0
8938,85, 0
8939,96, 0
8940,139, 0
8941,183, 0
8942,216, 0
8943,236, 0
8944,238, 0
8945,234, 0
8946,217, 0
8947,206, 0
8948,183, 0
8949,163, 0
8950,150, 0
8951,141, 0
8952,133, 0
8953,121, 0
8954,89, 0
8955,77, 0
8956,50, 0
8957,40, 0
8958,32, 0
8959,17, 0
8960,2, 0
8961,0, 0
8962,0, 0
8963,0, 0
8964,0, 0
8965,0, 0
8966,0, 0
8967,0, 0
8968,1, 9
8969,0, 0
8970,0, 0
8971,0, 0
8972,0, 0
8973,12, 0
8974,50, 0
8975,84, 0
8976,113, 0
8977,139, 0
8978,184, 0
8979,201, 0
8980,243, 0
8981,291, 0
8982,295, 0
8983,312, 0
8984,330, 0
8985,329, 0
8986,325, 0
8987,301, 0
8988,291, 0
8989,275, 0
8990,254, 0
8991,248, 0
8992,222, 0
8993,202, 0
8994,184, 0
8995,156, 0
8996,117, 0
8997,65, 0
8998,19, 0
8999,7, 0
9000,0, 0
9001,0, 0
9002,0, 0
9003,0, 0
9004,0, 0
9005,0, 0
9006,4, 0
9007,27, 0
9008,46, 0
9009,41, 0
9010,38, 0
9011,15, 0
9012,0, 0
9013,0, 0
9014,0, 0
9015,19, 0
9016,63, 0
9017,95, 0
9018,124, 0
9019,133, 0
9020,136, 0
9021,123, 0
9022,99, 0
9023,79, 0
9024,50, 0
9025,23, 0
9026,0, 0
9027,4, 0
9028,0, 31
9029,0, 0
9030,0, 0
9031,15, 0
9032,83, 0
9033,136, 0
9034,181, 0
9035,205, 0
9036,216, 0
9037,212, 0
9038,202, 0
9039,202, 0
9040,195, 0
9041,176, 0
9042,180, 0
9043,185, 0
9044,183, 0
9045,182, 0
9046,183, 0
9047,154, 0
9048,180, 0
9049,173, 0
9050,189, 0
9051,182, 0
9052,183, 0
9053,165, 0
9054,148, 0
9055,129, 0
9056,110, 0
9057,86, 0
9058,51, 0
9059,38, 0
9060,46, 10
9061,90, 0
9062,155, 0
9063,221, 0
9064,276, 0
9065,294, 0
9066,281, 0
9067,227, 0
9068,164, 0
9069,90, 0
9070,19, 0
9071,0, 0
9072,0, 0
9073,0, 0
9074,0, 0
9075,0, 0
9076,0, 0
9077,3, 0
9078,10, 0
9079,20, 0
9080,38, 0
9081,69, 0
9082,63, 0
9083,77, 0
9084,63, 0
9085,68, 0
9086,42, 0
9087,11, 0
9088,0, 17
9089,20, 0
9090,27, 19
9091,3, 6
9092,0, 0
9093,39, 0
9094,113, 0
9095,152, 0
9096,145, 0
9097,108, 0
9098,45, 0
9099,6, 0
9100,0, 0
9101,0, 0
9102,0, 0
9103,0, 0
9104,0, 0
9105,47, 0
9106,124, 0
9107,196, 0
9108,263, 0
9109,348, 5
9110,409, 0
9111,456, 0
9112,509, 0
9113,547, 0
9114,562, 0
9115,569, 0
9116,567, 0
9117,533, 0
9118,481, 0
9119,407, 0
9120,342, 0
9121,299, 0
9122,282, 0
9123,283, 0
9124,329, 0
9125,326, 0
9126,322, 0
9127,293, 0
9128,242, 0
9129,182, 0
9130,120, 0
9131,67, 0
9132,45, 0
9133,63, 0
9134,84, 0
9135,100, 0
9136,94, 0
9137,85, 0
9138,81, 0
9139,92, 0
9140,102, 0
9141,83, 0
9142,48, 0
9143,5, 0
9144,0, 0
9145,5, 0
9146,0, 0
9147,0, 0
9148,28, 0
9149,180, 0
9150,342, 0
9151,453, 0
9152,493, 0
9153,433, 0
9154,294, 0
9155,150, 0
9156,25, 0
9157,0, 0
9158,0, 0
9159,3, 0
9160,0, 0
9161,12, 6
9162,38, 0
9163,15, 0
9164,0, 0
9165,32, 0
9166,133, 0
9167,211, 0
9168,249, 0
9169,240, 0
9170,202, 0
9171,107, 0
9172,22, 0
9173,0, 0
9174,12, 0
9175,57, 0
9176,90, 0
9177,102, 0
9178,64, 0
9179,4, 0
9180,25, 1
9181,152, 0
9182,263, 0
9183,317, 0
9184,342, 0
9185,360, 0
9186,363, 0
9187,351, 0
9188,323, 0
9189,287, 0
9190,226, 0
9191,128, 0
9192,20, 0
9193,1, 0
9194,59, 0
9195,142, 0
9196,179, 4
9197,182, 0
9198,169, 0
9199,158, 0
9200,155, 0
9201,139, 0
9202,120, 0
9203,110, 0
9204,107, 0
9205,103, 0
9206,103, 0
9207,79, 0
9208,46, 0
9209,2, 0
9210,0, 0
9211,0, 0
9212,1, 0
9213,17, 0
9214,20, 0
9215,21, 0
9216,10, 0
9217,37, 0
9218,68, 0
9219,111, 0
9220,183, 0
9221,261, 0
9222,327, 0
9223,359, 0
9224,420, 0
9225,483, 0
9226,529, 0
9227,600, 0
9228,658, 0
9229,684, 0
9230,731, 0
9231,780, 5
9232,824, 56
9233,848, 102
9234,841, 166
9235,788, 193
9236,694, 217
9237,600, 231
9238,533, 191
9239,527, 174
9240,522, 120
9241,469, 90
9242,367, 3
9243,240, 0
9244,111, 0
9245,11, 0
9246,5, 0
9247,0, 0
9248,0, 0
9249,1, 0
9250,70, 0
9251,170, 0
9252,239, 0
9253,255, 0
9254,236, 0
9255,245, 0
9256,238, 0
9257,248, 0
9258,263, 0
9259,290, 0
9260,302, 0
9261,289, 55
9262,233, 60
9263,155, 19
9264,51, 0
9265,0, 0
9266,0, 0
9267,26, 0
9268,60, 0
9269,71, 0
9270,89, 0
9271,113, 0
9272,170, 0
9273,251, 0
9274,355, 6
9275,427, 0
9276,432, 0
9277,391, 0
9278,344, 0
9279,326, 0
9280,334, 0
9281,368, 0
9282,387, 0
9283,343, 0
9284,220, 0
9285,44, 0
9286,25, 0
9287,201, 0
9288,337, 0
9289,411, 0
9290,425, 0
9291,382, 0
9292,262, 0
9293,104, 0
9294,0, 0
9295,0, 0
9296,0, 0
9297,42, 0
9298,135, 0
9299,202, 0
9300,239, 0
9301,244, 0
9302,231, 0
9303,183, 0
9304,94, 0
9305,23, 0
9306,0, 0
9307,0, 0
9308,0, 0
9309,0, 0
9310,0, 0
9311,0, 0
9312,38, 0
9313,202, 0
9314,400, 0
9315,542, 0
9316,650, 0
9317,714, 12
9318,759, 94
9319,778, 126
9320,766, 127
9321,722, 166
9322,634, 238
9323,535, 214
9324,427, 221
9325,305, 276
9326,164, 275
9327,32, 215
9328,6, 181
9329,91, 70
9330,171, 64
9331,197, 139
9332,201, 231
9333,169, 79
9334,111, 0
9335,28, 0
9336,0, 0
9337,4, 0
9338,1, 0
9339,15, 0
9340,7, 0
9341,0, 0
9342,0, 0
9343,21, 0
9344,4, 0
9345,0, 0
9346,0, 0
9347,0, 0
9348,0, 0
9349,4, 0
9350,63, 0
9351,165, 0
9352,313, 0
9353,434, 0
9354,504, 0
9355,481, 0
9356,338, 0
9357,113, 0
9358,9, 0
9359,170, 0
9360,325, 0
9361,381, 0
9362,353, 0
9363,276, 0
9364,229, 0
9365,247, 0
9366,306, 0
9367,373, 0
9368,430, 0
9369,485, 0
9370,527, 0
9371,549, 0
9372,582, 0
9373,645, 0
9374,714, 0
9375,758, 0
9376,720, 0
9377,624, 0
9378,476, 0
9379,300, 0
9380,99, 0
9381,12, 0
9382,159, 0
9383,345, 0
9384,431, 0
9385,385, 0
9386,258, 0
9387,102, 0
9388,2, 0
9389,76, 0
9390,245, 0
9391,419, 0
9392,535, 0
9393,559, 24
9394,467, 76
9395,286, 24
9396,108, 0
9397,4, 0
9398,0, 0
9399,5, 0
9400,56, 0
9401,141, 0
9402,217, 0
9403,270, 0
9404,256, 0
9405,179, 0
9406,37, 0
9407,2, 0
9408,30, 0
9409,1, 0
9410,5, 0
9411,77, 0
9412,145, 0
9413,195, 0
9414,203, 0
9415,159, 0
9416,57, 0
9417,3, 4
9418,155, 12
9419,373, 6
9420,555, 0
9421,665, 19
9422,705, 42
9423,642, 46
9424,488, 87
9425,362, 60
9426,292, 42
9427,252, 3
9428,290, 0
9429,365, 0
9430,413, 0
9431,359, 0
9432,193, 0
9433,15, 0
9434,45, 0
9435,106, 0
9436,101, 0
9437,37, 0
9438,0, 0
9439,13, 0
9440,38, 0
9441,37, 0
9442,65, 0
9443,71, 0
9444,31, 0
9445,0, 0
9446,0, 0
9447,9, 0
9448,37, 0
9449,105, 0
9450,166, 0
9451,200, 0
9452,156, 0
9453,48, 0
9454,12, 0
9455,108, 0
9456,189, 0
9457,154, 0
9458,87, 0
9459,2, 0
9460,18, 1
9461,131, 101
9462,252, 160
9463,361, 90
9464,447, 14
9465,509, 0
9466,523, 0
9467,479, 0
9468,464, 0
9469,432, 0
9470,441, 0
9471,502, 0
9472,630, 0
9473,782, 0
9474,853, 0
9475,882, 0
9476,815, 0
9477,689, 0
9478,498, 0
9479,211, 0
9480,39, 0
9481,286, 0
9482,463, 0
9483,488, 0
9484,427, 0
9485,367, 0
9486,305, 0
9487,213, 0
9488,94, 0
9489,12, 0
9490,0, 0
9491,0, 0
9492,0, 0
9493,0, 0
9494,17, 0
9495,44, 0
9496,47, 0
9497,8, 1
9498,0, 9
9499,64, 11
9500,244, 0
9501,415, 11
9502,555, 0
9503,625, 0
9504,604, 0
9505,524, 0
9506,390, 0
9507,325, 0
9508,428, 0
9509,614, 0
9510,794, 0
9511,840, 0
9512,730, 0
9513,516, 0
9514,236, 0
9515,52, 0
9516,359, 0
9517,700, 0
9518,1014, 0
9519,1192, 0
9520,1231, 0
9521,1027, 0
9522,724, 0
9523,382, 0
9524,95, 0
9525,0, 0
9526,0, 0
9527,51, 0
9528,186, 0
9529,363, 0
9530,463, 0
9531,461, 0
9532,372, 0
9533,244, 0
9534,217, 0
9535,232, 0
9536,251, 0
9537,287, 0
9538,321, 0
9539,300, 0
9540,247, 0
9541,147, 0
9542,57, 0
9543,32, 29
9544,57, 276
9545,102, 334
9546,139, 372
9547,151, 332
9548,95, 140
9549,38, 19
9550,38, 0
9551,89, 0
9552,145, 0
9553,187, 0
9554,219, 0
9555,255, 0
9556,310, 0
9557,409, 0
9558,527, 0
9559,607, 0
9560,564, 0
9561,407, 0
9562,237, 0
9563,145, 0
9564,165, 0
9565,269, 0
9566,379, 0
9567,452, 0
9568,499, 0
9569,469, 0
9570,341, 0
9571,151, 0
9572,9, 0
9573,61, 0
9574,126, 0
9575,63, 0
9576,15, 22
9577,243, 87
9578,454, 63
9579,480, 112
9580,266, 201
9581,38, 75
9582,274, 62
9583,404, 76
9584,456, 62
9585,482, 5
9586,496, 0
9587,482, 0
9588,396, 0
9589,217, 0
9590,17, 0
9591,127, 0
9592,314, 0
9593,479, 0
9594,665, 0
9595,842, 0
9596,929, 0
9597,842, 0
9598,645, 0
9599,427, 0
9600,251, 0
9601,121, 0
9602,9, 0
9603,51, 0
9604,200, 0
9605,309, 0
9606,373, 0
9607,361, 0
9608,322, 0
9609,239, 0
9610,185, 0
9611,215, 0
9612,307, 0
9613,399, 0
9614,411, 0
9615,371, 0
9616,313, 0
9617,255, 0
9618,220, 0
9619,189, 0
9620,102, 0
9621,3, 0
9622,154, 0
9623,361, 0
9624,485, 0
9625,530, 0
9626,540, 0
9627,589, 0
9628,689, 0
9629,746, 0
9630,645, 0
9631,390, 0
9632,89, 9
9633,0, 38
9634,0, 65
9635,70, 87
9636,145, 9
9637,165, 0
9638,145, 15
9639,46, 56
9640,18, 0
9641,136, 0
9642,212, 0
9643,170, 0
9644,107, 0
9645,123, 0
9646,202, 0
9647,233, 0
9648,169, 0
9649,31, 0
9650,44, 0
9651,237, 0
9652,391, 0
9653,507, 0
9654,635, 0
9655,763, 0
9656,840, 0
9657,865, 0
9658,818, 0
9659,683, 0
9660,531, 0
9661,378, 0
9662,208, 0
9663,88, 0
9664,77, 0
9665,159, 0
9666,218, 0
9667,182, 0
9668,43, 0
9669,45, 0
9670,257, 104
9671,428, 22
9672,494, 0
9673,487, 0
9674,439, 0
9675,348, 0
9676,238, 0
9677,131, 0
9678,17, 0
9679,13, 0
9680,186, 0
9681,373, 5
9682,526, 0
9683,601, 0
9684,562, 0
9685,466, 0
9686,326, 0
9687,134, 0
9688,1, 0
9689,43, 0
9690,99, 0
9691,86, 0
9692,7, 0
9693,30, 0
9694,116, 0
9695,102, 0
9696,45, 0
9697,5, 0
9698,3, 0
9699,23, 0
9700,36, 0
9701,40, 0
9702,52, 0
9703,81, 0
9704,134, 0
9705,170, 0
9706,180, 0
9707,143, 0
9708,53, 0
9709,0, 0
9710,4, 0
9711,44, 0
9712,128, 0
9713,220, 0
9714,311, 0
9715,368, 0
9716,398, 0
9717,398, 0
9718,337, 0
9719,290, 0
9720,247, 0
9721,199, 0
9722,120, 0
9723,28, 0
9724,17, 0
9725,3, 0
9726,3, 0
9727,0, 0
9728,0, 0
9729,0, 0
9730,0, 0
9731,14, 0
9732,26, 0
9733,18, 0
9734,19, 0
9735,89, 0
9736,211, 0
9737,349, 0
9738,481, 1
9739,569, 40
9740,599, 181
9741,712, 102
9742,771, 101
9743,788, 0
9744,751, 0
9745,664, 0
9746,529, 0
9747,386, 0
9748,293, 0
9749,266, 0
9750,264, 0
9751,216, 0
9752,102, 0
9753,20, 0
9754,43, 0
9755,123, 0
9756,129, 0
9757,35, 0
9758,17, 0
9759,136, 108
9760,285, 87
9761,398, 232
9762,446, 166
9763,441, 11
9764,391, 0
9765,341, 0
9766,318, 0
9767,277, 0
9768,173, 0
9769,77, 0
9770,48, 0
9771,88, 0
9772,151, 0
9773,213, 0
9774,223, 0
9775,187, 0
9776,110, 0
9777,29, 0
9778,0, 0
9779,0, 0
9780,0, 0
9781,0, 0
9782,0, 0
9783,7, 0
9784,58, 0
9785,89, 0
9786,69, 0
9787,10, 0
9788,0, 0
9789,18, 0
9790,7, 0
9791,0, 0
9792,0, 0
9793,1, 0
9794,12, 0
9795,69, 0
9796,160, 0
9797,287, 0
9798,410, 0
9799,490, 0
9800,515, 0
9801,509, 0
9802,504, 0
9803,508, 0
9804,519, 0
9805,546, 0
9806,557, 0
9807,540, 0
9808,488, 0
9809,391, 0
9810,247, 0
9811,151, 0
9812,130, 0
9813,161, 0
9814,199, 2
9815,215, 0
9816,243, 0
9817,271, 0
9818,321, 0
9819,370, 0
9820,401, 3
9821,419, 13
9822,409, 44
9823,374, 0
9824,313, 0
9825,221, 0
9826,91, 0
9827,0, 0
9828,22, 0
9829,59, 0
9830,58, 0
9831,38, 0
9832,19, 0
9833,0, 0
9834,0, 0
9835,31, 0
9836,142, 0
9837,282, 0
9838,415, 0
9839,486, 0
9840,481, 0
9841,427, 0
9842,330, 0
9843,213, 0
9844,93, 0
9845,7, 0
9846,0, 0
9847,0, 0
9848,7, 0
9849,53, 0
9850,126, 0
9851,187, 0
9852,207, 0
9853,232, 0
9854,258, 0
9855,247, 0
9856,192, 0
9857,89, 0
9858,2, 0
9859,143, 0
9860,325, 0
9861,411, 0
9862,357, 0
9863,192, 0
9864,53, 0
9865,0, 0
9866,0, 0
9867,0, 0
9868,0, 0
9869,0, 0
9870,6, 0
9871,25, 0
9872,12, 0
9873,0, 0
9874,5, 0
9875,52, 0
9876,142, 0
9877,211, 0
9878,204, 0
9879,137, 0
9880,46, 0
9881,9, 0
9882,9, 15
9883,67, 27
9884,168, 6
9885,226, 0
9886,261, 0
9887,231, 0
9888,198, 0
9889,127, 4
9890,54, 0
9891,43, 0
9892,99, 0
9893,164, 0
9894,204, 0
9895,247, 0
9896,270, 2
9897,230, 0
9898,102, 0
9899,0, 0
9900,64, 0
9901,78, 0
9902,7, 0
9903,187, 0
9904,442, 0
9905,584, 0
9906,642, 0
9907,613, 0
9908,521, 0
9909,410, 0
9910,316, 0
9911,201, 0
9912,67, 0
9913,0, 0
9914,14, 0
9915,109, 0
9916,202, 0
9917,231, 0
9918,165, 0
9919,36, 0
9920,19, 0
9921,180, 0
9922,312, 0
9923,349, 0
9924,310, 0
9925,252, 0
9926,204, 0
9927,181, 0
9928,150, 0
9929,88, 0
9930,5, 0
9931,6, 0
9932,19, 0
9933,0, 0
9934,38, 0
9935,76, 0
9936,52, 0
9937,21, 0
9938,2, 0
9939,0, 0
9940,0, 0
9941,0, 0
9942,1, 0
9943,0, 0
9944,24, 0
9945,0, 0
9946,25, 0
9947,161, 0
9948,226, 0
9949,156, 0
9950,39, 0
9951,0, 0
9952,8, 0
9953,43, 0
9954,37, 0
9955,12, 0
9956,2, 0
9957,7, 0
9958,20, 0
9959,15, 0
9960,0, 0
9961,0, 0
9962,0, 0
9963,14, 0
9964,125, 0
9965,251, 0
9966,361, 0
9967,441, 0
9968,453, 0
9969,399, 0
9970,328, 0
9971,240, 1
9972,159, 0
9973,115, 0
9974,117, 0
9975,99, 0
9976,47, 0
9977,0, 0
9978,0, 0
9979,0, 0
9980,0, 0
9981,10, 0
9982,46, 0
9983,84, 0
9984,135, 0
9985,217, 0
9986,325, 0
9987,425, 0
9988,517, 0
9989,531, 0
9990,399, 0
9991,183, 0
9992,19, 0
9993,0, 0
9994,32, 0
9995,40, 0
9996,0, 0
9997,32, 0
9998,117, 0
9999,148, 0
10000,153, 0
10001,175, 0
10002,204, 0
10003,193, 0
10004,125, 0
10005,29, 0
10006,0, 10
10007,0, 0
10008,1, 0
10009,46, 0
10010,115, 0
10011,46, 0
10012,44, 0
10013,220, 0
10014,278, 0
10015,198, 0
10016,48, 0
10017,44, 0
10018,286, 0
10019,513, 0
10020,613, 0
10021,479, 0
10022,282, 0
10023,121, 0
10024,19, 0
10025,0, 0
10026,5, 0
10027,5, 0
10028,1, 0
10029,0, 0
10030,0, 0
10031,0, 0
10032,0, 0
10033,12, 0
10034,119, 0
10035,287, 0
10036,394, 0
10037,376, 0
10038,300, 0
10039,272, 0
10040,241, 0
10041,228, 0
10042,198, 0
10043,111, 0
10044,3, 0
10045,46, 0
10046,133, 0
10047,191, 0
10048,246, 0
10049,282, 0
10050,268, 0
10051,159, 0
10052,21, 0
10053,13, 0
10054,92, 0
10055,129, 0
10056,137, 0
10057,119, 0
10058,46, 0
10059,0, 0
10060,3, 0
10061,24, 0
10062,40, 0
10063,9, 0
10064,9, 0
10065,79, 0
10066,208, 0
10067,330, 0
10068,368, 0
10069,364, 0
10070,380, 0
10071,403, 0
10072,415, 0
10073,411, 0
10074,388, 0
10075,294, 0
10076,221, 0
10077,138, 0
10078,83, 0
10079,51, 0
10080,34, 0
10081,22, 0
10082,42, 0
10083,92, 0
10084,104, 0
10085,96, 0
10086,89, 0
10087,118, 0
10088,150, 0
10089,171, 0
10090,168, 0
10091,145, 0
10092,111, 0
10093,74, 0
10094,6, 0
10095,0, 0
10096,25, 0
10097,94, 0
10098,121, 0
10099,42, 0
10100,9, 0
10101,159, 0
10102,342, 0
10103,502, 0
10104,638, 0
10105,750, 0
10106,838, 0
10107,873, 0
10108,814, 0
10109,646, 0
10110,371, 0
10111,78, 0
10112,53, 0
10113,170, 0
10114,218, 0
10115,251, 0
10116,257, 0
10117,190, 0
10118,44, 0
10119,29, 0
10120,174, 0
10121,294, 0
10122,371, 0
10123,411, 8
10124,434, 169
10125,447, 215
10126,433, 274
10127,370, 222
10128,260, 150
10129,136, 52
10130,31, 0
10131,13, 0
10132,164, 0
10133,381, 0
10134,603, 0
10135,747, 0
10136,733, 0
10137,569, 0
10138,355, 0
10139,183, 0
10140,97, 0
10141,65, 0
10142,47, 0
10143,4, 0
10144,2, 2
10145,69, 0
10146,134, 0
10147,148, 0
10148,143, 0
10149,125, 0
10150,120, 0
10151,123, 0
10152,127, 0
10153,121, 0
10154,115, 0
10155,95, 0
10156,95, 6
10157,141, 6
10158,230, 0
10159,306, 0
10160,330, 0
10161,305, 0
10162,267, 0
10163,202, 0
10164,131, 0
10165,57, 0
10166,25, 0
10167,57, 0
10168,164, 0
10169,299, 0
10170,391, 0
10171,421, 0
10172,401, 0
10173,364, 0
10174,321, 0
10175,298, 0
10176,263, 0
10177,257, 0
10178,217, 0
10179,177, 0
10180,59, 6
10181,0, 0
10182,10, 0
10183,86, 0
10184,183, 0
10185,217, 0
10186,183, 0
10187,139, 0
10188,113, 0
10189,123, 0
10190,177, 0
10191,287, 0
10192,361, 0
10193,360, 0
10194,318, 0
10195,263, 0
10196,210, 0
10197,108, 0
10198,4, 0
10199,90, 0
10200,249, 0
10201,377, 0
10202,433, 0
10203,415, 0
10204,312, 0
10205,213, 0
10206,121, 0
10207,19, 0
10208,0, 0
10209,62, 0
10210,143, 0
10211,214, 0
10212,268, 0
10213,300, 0
10214,277, 0
10215,196, 0
10216,116, 0
10217,88, 219
10218,89, 127
10219,83, 0
10220,44, 0
10221,4, 0
10222,0, 0
10223,31, 0
10224,97, 0
10225,128, 0
10226,111, 0
10227,53, 0
10228,3, 0
10229,0, 0
10230,44, 0
10231,169, 0
10232,316, 0
10233,435, 0
10234,505, 0
10235,508, 0
10236,473, 0
10237,418, 0
10238,393, 0
10239,398, 0
10240,403, 0
10241,363, 0
10242,311, 0
10243,259, 0
10244,211, 0
10245,182, 0
10246,183, 0
10247,187, 27
10248,183, 54
10249,135, 4
10250,25, 0
10251,23, 0
10252,115, 0
10253,135, 0
10254,94, 0
10255,44, 0
10256,13, 0
10257,6, 0
10258,0, 0
10259,0, 0
10260,0, 0
10261,9, 0
10262,51, 0
10263,89, 0
10264,93, 0
10265,75, 0
10266,36, 0
10267,30, 0
10268,57, 0
10269,110, 0
10270,183, 0
10271,226, 0
10272,300, 0
10273,393, 0
10274,441, 0
10275,393, 0
10276,258, 0
10277,95, 0
10278,0, 0
10279,4, 0
10280,50, 0
10281,96, 0
10282,110, 0
10283,83, 0
10284,5, 0
10285,92, 0
10286,306, 0
10287,438, 0
10288,525, 0
10289,576, 0
10290,572, 0
10291,500, 0
10292,407, 0
10293,318, 0
10294,237, 0
10295,152, 0
10296,87, 0
10297,51, 0
10298,40, 0
10299,51, 0
10300,119, 0
10301,126, 0
10302,90, 0
10303,19, 0
10304,0, 0
10305,2, 0
10306,37, 0
10307,42, 0
10308,25, 158
10309,0, 42
10310,0, 2
10311,0, 0
10312,0, 0
10313,6, 0
10314,0, 0
10315,6, 0
10316,71, 0
10317,141, 0
10318,171, 0
10319,138, 0
10320,34, 0
10321,0, 0
10322,21, 0
10323,34, 0
10324,18, 0
10325,11, 0
10326,19, 0
10327,1, 0
10328,0, 0
10329,4, 0
10330,62, 0
10331,136, 0
10332,158, 0
10333,161, 0
10334,148, 0
10335,132, 0
10336,108, 0
10337,77, 0
10338,30, 0
10339,0, 0
10340,0, 0
10341,0, 44
10342,56, 1
10343,71, 0
10344,9, 0
10345,3, 0
10346,69, 0
10347,139, 0
10348,202, 0
10349,272, 0
10350,341, 0
10351,385, 0
10352,403, 0
10353,413, 0
10354,391, 0
10355,348, 0
10356,278, 0
10357,238, 0
10358,171, 0
10359,71, 0
10360,1, 0
10361,0, 0
10362,2, 0
10363,56, 0
10364,153, 0
10365,222, 0
10366,282, 0
10367,334, 0
10368,363, 0
10369,315, 0
10370,170, 0
10371,18, 0
10372,13, 0
10373,38, 0
10374,34, 0
10375,6, 0
10376,0, 0
10377,9, 0
10378,69, 0
10379,121, 0
10380,159, 0
10381,170, 0
10382,193, 0
10383,197, 0
10384,161, 0
10385,85, 0
10386,8, 0
10387,0, 0
10388,0, 0
10389,25, 0
10390,69, 0
10391,109, 0
10392,145, 0
10393,191, 0
10394,204, 0
10395,172, 0
10396,94, 0
10397,25, 0
10398,0, 0
10399,0, 0
10400,0, 0
10401,0, 0
10402,15, 0
10403,24, 0
10404,44, 0
10405,92, 0
10406,140, 0
10407,176, 0
10408,183, 0
10409,193, 0
10410,180, 4
10411,244, 0
10412,339, 0
10413,409, 0
10414,439, 0
10415,420, 0
10416,400, 0
10417,409, 0
10418,454, 0
10419,495, 0
10420,432, 0
10421,294, 0
10422,129, 0
10423,28, 0
10424,31, 0
10425,71, 0
10426,76, 0
10427,23, 0
10428,0, 12
10429,6, 5
10430,23, 145
10431,20, 51
10432,13, 1
10433,2, 0
10434,0, 0
10435,48, 0
10436,90, 0
10437,65, 0
10438,11, 0
10439,0, 0
10440,0, 0
10441,4, 0
10442,40, 0
10443,91, 0
10444,96, 0
10445,39, 0
10446,0, 0
10447,6, 0
10448,35, 0
10449,20, 0
10450,2, 0
10451,5, 2
10452,67, 0
10453,126, 0
10454,113, 0
10455,20, 0
10456,0, 0
10457,0, 0
10458,2, 0
10459,0, 0
10460,0, 0
10461,6, 19
10462,112, 6
10463,252, 0
10464,337, 0
10465,334, 0
10466,262, 0
10467,184, 0
10468,120, 0
10469,95, 0
10470,107, 0
10471,152, 0
10472,158, 0
10473,109, 0
10474,11, 0
10475,10, 0
10476,62, 0
10477,64, 0
10478,3, 0
10479,5, 0
10480,73, 0
10481,152, 0
10482,246, 0
10483,338, 0
10484,419, 0
10485,465, 0
10486,465, 0
10487,416, 0
10488,371, 0
10489,340, 0
10490,312, 1
10491,238, 130
10492,139, 46
10493,25, 7
10494,0, 0
10495,18, 0
10496,0, 0
10497,0, 0
10498,0, 0
10499,0, 0
10500,0, 0
10501,0, 0
10502,0, 0
10503,0, 0
10504,0, 0
10505,0, 0
10506,0, 0
10507,0, 0
10508,0, 0
10509,25, 0
10510,59, 0
10511,80, 0
10512,79, 0
10513,58, 0
10514,51, 0
10515,71, 5
10516,111, 0
10517,158, 0
10518,168, 0
10519,141, 0
10520,116, 0
10521,84, 0
10522,101, 0
10523,139, 0
10524,161, 0
10525,160, 0
10526,167, 0
10527,159, 0
10528,131, 0
10529,109, 0
10530,93, 0
10531,72, 0
10532,36, 0
10533,4, 0
10534,6, 0
10535,0, 0
10536,23, 0
10537,87, 0
10538,141, 0
10539,154, 0
10540,113, 0
10541,78, 0
10542,44, 0
10543,0, 1
10544,0, 0
10545,0, 0
10546,0, 0
10547,13, 0
10548,118, 0
10549,274, 0
10550,406, 20
10551,481, 64
10552,508, 149
10553,507, 30
10554,533, 0
10555,562, 0
10556,558, 0
10557,540, 0
10558,450, 0
10559,300, 0
10560,153, 0
10561,92, 0
10562,118, 0
10563,184, 0
10564,226, 0
10565,232, 0
10566,237, 0
10567,222, 0
10568,142, 0
10569,68, 0
10570,1, 0
10571,0, 0
10572,26, 0
10573,41, 0
10574,1, 0
10575,4, 0
10576,31, 0
10577,81, 0
10578,105, 0
10579,179, 0
10580,263, 0
10581,287, 0
10582,207, 0
10583,75, 0
10584,51, 0
10585,207, 0
10586,304, 0
10587,286, 0
10588,217, 0
10589,152, 0
10590,85, 0
10591,12, 0
10592,0, 0
10593,18, 0
10594,75, 0
10595,75, 0
10596,42, 0
10597,0, 0
10598,4, 0
10599,57, 0
10600,155, 0
10601,223, 0
10602,261, 0
10603,265, 0
10604,238, 0
10605,183, 0
10606,106, 0
10607,29, 0
10608,2, 0
10609,31, 0
10610,68, 0
10611,88, 0
10612,88, 0
10613,110, 10
10614,161, 83
10615,229, 0
10616,275, 263
10617,276, 78
10618,173, 37
10619,60, 5
10620,0, 0
10621,13, 0
10622,60, 0
10623,78, 0
10624,63, 0
10625,40, 0
10626,27, 0
10627,13, 0
10628,1, 0
10629,0, 0
10630,0, 0
10631,0, 0
10632,21, 0
10633,86, 0
10634,164, 0
10635,227, 0
10636,322, 0
10637,405, 0
10638,433, 0
10639,402, 0
10640,373, 0
10641,376, 0
10642,368, 0
10643,309, 0
10644,246, 0
10645,190, 0
10646,126, 0
10647,26, 0
10648,0, 0
10649,13, 0
10650,70, 0
10651,142, 0
10652,189, 0
10653,214, 0
10654,235, 0
10655,217, 0
10656,192, 0
10657,143, 0
10658,103, 0
10659,63, 0
10660,35, 0
10661,31, 0
10662,36, 0
10663,60, 0
10664,89, 0
10665,91, 0
10666,51, 0
10667,0, 0
10668,0, 0
10669,5, 0
10670,3, 0
10671,0, 0
10672,0, 0
10673,23, 0
10674,95, 0
10675,159, 0
10676,195, 0
10677,189, 0
10678,127, 0
10679,38, 0
10680,0, 2
10681,64, 0
10682,221, 0
10683,343, 0
10684,403, 0
10685,421, 0
10686,386, 0
10687,295, 0
10688,220, 0
10689,129, 0
10690,75, 0
10691,62, 0
10692,76, 0
10693,83, 0
10694,88, 0
10695,87, 0
10696,78, 0
10697,75, 0
10698,91, 0
10699,122, 0
10700,120, 0
10701,110, 0
10702,104, 0
10703,102, 0
10704,69, 0
10705,44, 0
10706,67, 0
10707,87, 0
10708,141, 0
10709,170, 0
10710,186, 0
10711,164, 0
10712,148, 0
10713,133, 0
10714,135, 0
10715,134, 1
10716,128, 0
10717,110, 0
10718,104, 0
10719,88, 0
10720,64, 0
10721,56, 0
10722,61, 0
10723,70, 0
10724,97, 0
10725,130, 0
10726,145, 0
10727,168, 0
10728,159, 0
10729,115, 0
10730,57, 0
10731,19, 0
10732,47, 0
10733,124, 0
10734,176, 0
10735,189, 44
10736,169, 80
10737,145, 34
10738,129, 46
10739,121, 0
10740,121, 0
10741,87, 6
10742,47, 0
10743,13, 0
10744,3, 0
10745,0, 0
10746,1, 0
10747,43, 0
10748,118, 0
10749,169, 0
10750,216, 0
10751,251, 0
10752,249, 0
10753,229, 0
10754,220, 0
10755,235, 0
10756,259, 0
10757,261, 0
10758,245, 0
10759,237, 0
10760,234, 0
10761,214, 0
10762,195, 0
10763,147, 0
10764,69, 0
10765,3, 13
10766,0, 30
10767,0, 0
10768,0, 0
10769,0, 0
10770,35, 0
10771,122, 0
10772,195, 0
10773,216, 0
10774,183, 0
10775,100, 0
10776,25, 0
10777,1, 0
10778,3, 0
10779,46, 0
10780,99, 0
10781,147, 0
10782,135, 0
10783,94, 0
10784,52, 0
10785,34, 0
10786,7, 0
10787,0, 0
10788,0, 0
10789,2, 0
10790,0, 0
10791,21, 0
10792,96, 0
10793,205, 0
10794,301, 0
10795,336, 0
10796,298, 0
10797,205, 0
10798,99, 0
10799,7, 0
10800,0, 0
10801,0, 0
10802,0, 0
10803,0, 0
10804,11, 0
10805,25, 0
10806,1, 0
10807,0, 0
10808,0, 0
10809,13, 0
10810,106, 0
10811,168, 0
10812,226, 0
10813,271, 0
10814,312, 0
10815,311, 0
10816,259, 0
10817,161, 0
10818,69, 0
10819,26, 0
10820,19, 0
10821,51, 0
10822,89, 0
10823,94, 0
10824,127, 0
10825,171, 0
10826,201, 0
10827,257, 0
10828,258, 0
10829,196, 0
10830,92, 0
10831,11, 0
10832,0, 0
10833,0, 0
10834,0, 0
10835,0, 0
10836,45, 0
10837,133, 0
10838,193, 0
10839,202, 0
10840,169, 0
10841,136, 0
10842,121, 0
10843,85, 0
10844,85, 0
10845,102, 0
10846,156, 0
10847,181, 0
10848,170, 0
10849,130, 0
10850,89, 0
10851,57, 0
10852,39, 0
10853,40, 0
10854,38, 0
10855,31, 0
10856,0, 0
10857,0, 0
10858,22, 0
10859,40, 6
10860,17, 0
10861,0, 0
10862,4, 0
10863,44, 0
10864,92, 0
10865,118, 0
10866,108, 0
10867,72, 0
10868,35, 0
10869,12, 0
10870,19, 0
10871,27, 0
10872,42, 0
10873,61, 0
10874,74, 0
10875,97, 0
10876,97, 0
10877,109, 0
10878,120, 0
10879,139, 0
10880,174, 0
10881,190, 0
10882,215, 0
10883,217, 0
10884,202, 0
10885,164, 0
10886,125, 0
10887,53, 0
10888,12, 0
10889,4, 0
10890,0, 0
10891,0, 0
10892,0, 0
10893,0, 0
10894,0, 0
10895,19, 0
10896,63, 0
10897,130, 0
10898,181, 9
10899,214, 0
10900,227, 0
10901,219, 0
10902,197, 0
10903,181, 0
10904,170, 0
10905,126, 0
10906,64, 0
10907,0, 0
10908,0, 0
10909,0, 0
10910,53, 0
10911,154, 0
10912,222, 0
10913,330, 0
10914,416, 0
10915,490, 0
10916,499, 0
10917,424, 7
10918,345, 35
10919,257, 0
10920,197, 0
10921,150, 0
10922,183, 0
10923,279, 0
10924,379, 0
10925,447, 0
10926,438, 0
10927,339, 0
10928,175, 0
10929,25, 0
10930,0, 0
10931,0, 0
10932,0, 0
10933,0, 0
10934,0, 0
10935,0, 0
10936,0, 0
10937,0, 0
10938,0, 0
10939,24, 0
10940,45, 0
10941,31, 0
10942,14, 0
10943,0, 0
10944,12, 0
10945,0, 0
10946,0, 0
10947,0, 0
10948,0, 0
10949,0, 0
10950,0, 0
10951,0, 0
10952,2, 0
10953,57, 0
10954,135, 0
10955,169, 0
10956,179, 0
10957,160, 0
10958,128, 0
10959,78, 0
10960,23, 0
10961,4, 0
10962,8, 7
10963,39, 0
10964,71, 0
10965,94, 0
10966,108, 4
10967,121, 0
10968,141, 0
10969,159, 0
10970,176, 0
10971,183, 0
10972,160, 0
10973,97, 0
10974,25, 0
10975,7, 0
10976,57, 0
10977,152, 0
10978,201, 0
10979,214, 12
10980,222, 14
10981,226, 0
10982,228, 0
10983,220, 0
10984,226, 0
10985,226, 0
10986,204, 0
10987,157, 0
10988,113, 0
10989,108, 0
10990,101, 0
10991,92, 0
10992,44, 0
10993,0, 0
10994,11, 0
10995,50, 0
10996,65, 0
10997,92, 0
10998,92, 0
10999,46, 0
11000,0, 0
11001,31, 0
11002,144, 0
11003,236, 0
11004,274, 0
11005,251, 0
11006,189, 0
11007,119, 0
11008,40, 0
11009,0, 0
11010,0, 0
11011,0, 0
11012,0, 0
11013,0, 0
11014,17, 0
11015,52, 0
11016,62, 0
11017,65, 0
11018,70, 0
11019,77, 0
11020,116, 0
11021,196, 0
11022,286, 0
11023,301, 0
11024,266, 0
11025,214, 0
11026,167, 0
11027,139, 0
11028,158, 0
11029,219, 0
11030,277, 0
11031,297, 0
11032,256, 0
11033,181, 0
11034,85, 0
11035,19, 0
11036,0, 0
11037,0, 0
11038,0, 0
11039,0, 0
11040,0, 0
11041,0, 0
11042,0, 0
11043,13, 0
11044,0, 0
11045,0, 0
11046,0, 0
11047,0, 0
11048,13, 0
11049,57, 0
11050,115, 0
11051,161, 0
11052,222, 0
11053,298, 0
11054,362, 0
11055,391, 0
11056,352, 0
11057,276, 0
11058,185, 0
11059,102, 0
11060,41, 0
11061,5, 0
11062,0, 0
11063,0, 0
11064,14, 0
11065,60, 0
11066,113, 0
11067,172, 0
11068,198, 0
11069,179, 91
11070,107, 37
11071,35, 0
11072,17, 0
11073,19, 0
11074,44, 0
11075,108, 0
11076,170, 0
11077,193, 0
11078,166, 0
11079,104, 0
11080,30, 0
11081,0, 0
11082,1, 0
11083,19, 0
11084,23, 4
11085,45, 0
11086,86, 0
11087,131, 0
11088,167, 0
11089,168, 0
11090,155, 0
11091,154, 0
11092,167, 0
11093,192, 0
11094,216, 0
11095,244, 0
11096,247, 0
11097,220, 0
11098,149, 0
11099,53, 0
11100,1, 0
11101,0, 39
11102,9, 0
11103,63, 0
11104,141, 0
11105,229, 0
11106,268, 0
11107,237, 0
11108,158, 0
11109,75, 0
11110,22, 0
11111,11, 0
11112,12, 0
11113,23, 0
11114,31, 0
11115,29, 0
11116,6, 0
11117,0, 0
11118,0, 0
11119,0, 0
11120,0, 0
11121,0, 0
11122,1, 0
11123,26, 0
11124,63, 0
11125,107, 0
11126,149, 0
11127,167, 0
11128,183, 0
11129,196, 0
11130,154, 0
11131,105, 0
11132,69, 74
11133,55, 24
11134,63, 1
11135,84, 0
11136,141, 0
11137,190, 0
11138,212, 0
11139,187, 0
11140,115, 0
11141,59, 0
11142,29, 0
11143,19, 0
11144,18, 0
11145,29, 4
11146,32, 0
11147,57, 0
11148,113, 0
11149,193, 0
11150,273, 0
11151,307, 0
11152,332, 0
11153,314, 0
11154,280, 0
11155,217, 0
11156,155, 0
11157,95, 0
11158,87, 0
11159,97, 0
11160,118, 0
11161,105, 0
11162,57, 47
11163,6, 30
11164,0, 0
11165,10, 0
11166,23, 0
11167,5, 0
11168,0, 0
11169,0, 0
11170,11, 0
11171,31, 0
11172,12, 0
11173,0, 0
11174,0, 0
11175,0, 0
11176,0, 0
11177,0, 0
11178,0, 0
11179,5, 0
11180,9, 0
11181,1, 0
11182,7, 0
11183,19, 0
11184,35, 0
11185,42, 0
11186,45, 0
11187,44, 0
11188,52, 0
11189,65, 0
11190,125, 0
11191,158, 0
11192,143, 0
11193,105, 0
11194,51, 0
11195,3, 0
11196,0, 0
11197,0, 0
11198,25, 0
11199,127, 0
11200,227, 0
11201,300, 0
11202,316, 0
11203,321, 0
11204,305, 0
11205,287, 0
11206,271, 0
11207,280, 0
11208,302, 0
11209,318, 0
11210,308, 0
11211,238, 0
11212,176, 0
11213,127, 0
11214,86, 0
11215,48, 0
11216,52, 0
11217,37, 0
11218,71, 0
11219,110, 0
11220,134, 0
11221,111, 0
11222,52, 0
11223,14, 0
11224,18, 0
11225,67, 28
11226,148, 5
11227,238, 0
11228,298, 0
11229,313, 0
11230,268, 0
11231,183, 0
11232,92, 0
11233,20, 0
11234,9, 0
11235,1, 0
11236,3, 0
11237,6, 0
11238,6, 0
11239,20, 0
11240,27, 0
11241,53, 0
11242,81, 0
11243,118, 0
11244,128, 0
11245,142, 0
11246,127, 0
11247,87, 0
11248,51, 0
11249,30, 0
11250,44, 0
11251,88, 0
11252,134, 0
11253,177, 3
11254,187, 0
11255,176, 0
11256,126, 0
11257,101, 0
11258,93, 0
11259,80, 0
11260,72, 0
11261,93, 0
11262,127, 0
11263,179, 0
11264,189, 0
11265,189, 0
11266,207, 0
11267,242, 0
11268,287, 0
11269,324, 0
11270,342, 0
11271,325, 0
11272,253, 0
11273,153, 0
11274,54, 0
11275,0, 0
11276,0, 0
11277,0, 0
11278,0, 0
11279,15, 0
11280,60, 0
11281,75, 0
11282,29, 0
11283,0, 3
11284,0, 42
11285,30, 57
11286,62, 0
11287,59, 14
11288,48, 0
11289,43, 0
11290,46, 0
11291,54, 0
11292,44, 0
11293,11, 0
11294,0, 0
11295,0, 0
11296,0, 0
11297,9, 0
11298,44, 0
11299,83, 0
11300,109, 0
11301,126, 0
11302,164, 0
11303,232, 0
11304,307, 0
11305,390, 0
11306,417, 0
11307,377, 0
11308,309, 0
11309,244, 0
11310,202, 0
11311,138, 0
11312,88, 0
11313,44, 0
11314,10, 0
11315,0, 2
11316,0, 0
11317,14, 0
11318,51, 0
11319,28, 0
11320,7, 0
11321,0, 0
11322,0, 0
11323,4, 0
11324,38, 0
11325,81, 0
11326,109, 0
11327,124, 0
11328,102, 0
11329,61, 0
11330,12, 0
11331,0, 0
11332,0, 0
11333,23, 0
11334,69, 0
11335,145, 0
11336,186, 0
11337,203, 10
11338,184, 0
11339,152, 0
11340,120, 0
11341,105, 0
11342,100, 0
11343,57, 0
11344,25, 0
11345,0, 52
11346,0, 91
11347,0, 0
11348,2, 0
11349,57, 0
11350,124, 0
11351,172, 0
11352,184, 0
11353,191, 0
11354,192, 0
11355,184, 0
11356,164, 0
11357,158, 0
11358,155, 0
11359,150, 0
11360,113, 0
11361,79, 0
11362,44, 0
11363,59, 0
11364,99, 0
11365,148, 0
11366,191, 0
11367,228, 0
11368,276, 0
11369,299, 0
11370,297, 0
11371,252, 0
11372,199, 0
11373,113, 0
11374,23, 0
11375,0, 0
11376,0, 0
11377,0, 0
11378,4, 0
11379,23, 0
11380,37, 0
11381,31, 0
11382,8, 0
11383,7, 0
11384,57, 0
11385,143, 0
11386,247, 0
11387,351, 0
11388,383, 0
11389,383, 0
11390,361, 0
11391,331, 0
11392,294, 0
11393,226, 0
11394,133, 0
11395,45, 0
11396,3, 0
11397,0, 0
11398,17, 0
11399,65, 0
11400,116, 0
11401,151, 0
11402,152, 0
11403,121, 0
11404,57, 0
11405,0, 0
11406,69, 0
11407,133, 0
11408,127, 0
11409,43, 0
11410,0, 0
11411,57, 0
11412,142, 0
11413,188, 0
11414,240, 0
11415,266, 3
11416,270, 0
11417,228, 0
11418,176, 0
11419,136, 0
11420,87, 0
11421,57, 0
11422,27, 0
11423,3, 0
11424,1, 0
11425,19, 0
11426,42, 0
11427,70, 0
11428,89, 0
11429,113, 0
11430,122, 0
11431,116, 0
11432,71, 0
11433,51, 0
11434,53, 0
11435,57, 0
11436,61, 0
11437,51, 0
11438,38, 0
11439,32, 0
11440,44, 0
11441,70, 0
11442,89, 0
11443,89, 0
11444,77, 0
11445,71, 0
11446,55, 0
11447,76, 0
11448,130, 0
11449,186, 0
11450,222, 0
11451,238, 0
11452,239, 0
11453,240, 0
11454,239, 0
11455,223, 0
11456,193, 0
11457,145, 0
11458,76, 0
11459,42, 0
11460,15, 0
11461,9, 0
11462,34, 0
11463,73, 0
11464,121, 0
11465,141, 0
11466,101, 0
11467,22, 0
11468,0, 0
11469,0, 0
11470,0, 0
11471,0, 0
11472,0, 0
11473,0, 0
11474,13, 0
11475,46, 0
11476,71, 6
11477,108, 0
11478,92, 0
11479,111, 0
11480,145, 0
11481,185, 0
11482,240, 0
11483,285, 0
11484,289, 0
11485,262, 0
11486,214, 0
11487,142, 0
11488,64, 0
11489,0, 0
11490,0, 0
11491,0, 0
11492,0, 0
11493,22, 0
11494,68, 0
11495,51, 0
11496,1, 0
11497,15, 0
11498,69, 0
11499,80, 0
11500,41, 1
11501,0, 0
11502,22, 0
11503,129, 0
11504,239, 0
11505,312, 0
11506,340, 0
11507,342, 0
11508,313, 0
11509,295, 0
11510,276, 0
11511,268, 0
11512,236, 0
11513,182, 0
11514,113, 0
11515,26, 0
11516,0, 0
11517,7, 0
11518,51, 0
11519,89, 0
11520,100, 0
11521,130, 0
11522,193, 0
11523,259, 0
11524,291, 0
11525,272, 0
11526,224, 0
11527,151, 0
11528,103, 27
11529,75, 29
11530,70, 0
11531,63, 0
11532,77, 0
11533,91, 0
11534,100, 0
11535,108, 0
11536,111, 0
11537,108, 0
11538,95, 0
11539,68, 0
11540,55, 0
11541,37, 0
11542,40, 0
11543,55, 0
11544,63, 0
11545,73, 0
11546,75, 0
11547,78, 0
11548,89, 0
11549,81, 0
11550,68, 0
11551,63, 0
11552,69, 0
11553,87, 0
11554,89, 0
11555,86, 0
11556,84, 0
11557,65, 0
11558,38, 0
11559,45, 0
11560,54, 0
11561,65, 0
11562,92, 0
11563,121, 0
11564,109, 0
11565,77, 0
11566,72, 0
11567,81, 0
11568,110, 0
11569,149, 0
11570,180, 0
11571,159, 0
11572,100, 0
11573,26, 0
11574,0, 0
11575,0, 0
11576,8, 0
11577,48, 0
11578,100, 0
11579,113, 0
11580,131, 0
11581,120, 0
11582,152, 0
11583,150, 0
11584,173, 0
11585,183, 0
11586,183, 0
11587,159, 0
11588,92, 0
11589,34, 12
11590,11, 0
11591,40, 0
11592,72, 0
11593,92, 0
11594,105, 0
11595,87, 0
11596,50, 0
11597,17, 0
11598,0, 0
11599,0, 0
11600,0, 0
11601,0, 0
11602,14, 0
11603,41, 0
11604,107, 0
11605,160, 0
11606,207, 0
11607,222, 0
11608,210, 0
11609,186, 0
11610,121, 0
11611,72, 0
11612,31, 0
11613,5, 0
11614,0, 0
11615,0, 0
11616,0, 0
11617,0, 51
11618,0, 63
11619,31, 9
11620,92, 0
11621,139, 0
11622,164, 0
11623,167, 0
11624,152, 0
11625,122, 0
11626,106, 0
11627,103, 0
11628,103, 0
11629,73, 0
11630,55, 0
11631,57, 0
11632,92, 0
11633,147, 0
11634,193, 0
11635,203, 0
11636,172, 0
11637,159, 0
11638,142, 0
11639,136, 0
11640,113, 0
11641,76, 0
11642,44, 0
11643,50, 0
11644,117, 0
11645,138, 0
11646,164, 0
11647,168, 0
11648,139, 0
11649,74, 0
11650,23, 21
11651,0, 5
11652,6, 0
11653,15, 0
11654,71, 0
11655,113, 0
11656,130, 0
11657,145, 0
11658,158, 0
11659,166, 0
11660,159, 0
11661,132, 0
11662,89, 0
11663,73, 0
11664,75, 0
11665,93, 0
11666,94, 0
11667,95, 0
11668,54, 0
11669,10, 0
11670,0, 0
11671,0, 0
11672,0, 0
11673,6, 0
11674,13, 0
11675,84, 0
11676,155, 0
11677,224, 0
11678,272, 0
11679,290, 0
11680,256, 0
11681,220, 0
11682,149, 0
11683,45, 0
11684,0, 0
11685,0, 0
11686,0, 0
11687,0, 0
11688,0, 0
11689,25, 0
11690,85, 0
11691,127, 0
11692,139, 0
11693,124, 0
11694,125, 0
11695,107, 0
11696,101, 0
11697,106, 0
11698,107, 0
11699,95, 0
11700,88, 0
11701,68, 0
11702,76, 0
11703,76, 0
11704,55, 0
11705,48, 0
11706,36, 0
11707,34, 0
11708,43, 0
11709,47, 0
11710,27, 4
11711,1, 0
11712,0, 0
11713,0, 0
11714,6, 0
11715,27, 0
11716,35, 0
11717,37, 0
11718,50, 0
11719,81, 0
11720,148, 0
11721,228, 0
11722,300, 0
11723,324, 0
11724,278, 0
11725,214, 0
11726,165, 0
11727,139, 0
11728,133, 0
11729,130, 0
11730,135, 0
11731,145, 0
11732,157, 0
11733,165, 0
11734,167, 3
11735,156, 0
11736,173, 0
11737,198, 0
11738,220, 0
11739,211, 0
11740,152, 0
11741,79, 0
11742,47, 0
11743,51, 0
11744,62, 0
11745,110, 0
11746,141, 0
11747,142, 0
11748,64, 0
11749,2, 0
11750,0, 0
11751,0, 0
11752,3, 0
11753,14, 0
11754,36, 0
11755,88, 0
11756,106, 0
11757,130, 0
11758,102, 0
11759,93, 0
11760,101, 0
11761,127, 0
11762,115, 0
11763,57, 0
11764,0, 0
11765,2, 0
11766,46, 0
11767,69, 0
11768,39, 0
11769,2, 0
11770,0, 0
11771,11, 0
11772,63, 0
11773,91, 0
11774,110, 0
11775,109, 0
11776,116, 0
11777,133, 0
11778,139, 0
11779,138, 0
11780,145, 0
11781,151, 0
11782,150, 0
11783,113, 0
11784,57, 0
11785,8, 0
11786,0, 0
11787,1, 0
11788,24, 0
11789,23, 0
11790,28, 0
11791,20, 0
11792,29, 0
11793,4, 0
11794,2, 0
11795,5, 0
11796,8, 0
11797,14, 0
11798,30, 0
11799,76, 0
11800,139, 0
11801,188, 0
11802,201, 0
11803,179, 0
11804,153, 0
11805,111, 0
11806,96, 0
11807,115, 0
11808,135, 0
11809,138, 0
11810,126, 0
11811,115, 0
11812,133, 0
11813,183, 0
11814,230, 0
11815,263, 0
11816,283, 0
11817,322, 0
11818,340, 0
11819,373, 0
11820,378, 0
11821,360, 0
11822,294, 0
11823,202, 0
11824,89, 0
11825,4, 0
11826,0, 0
11827,0, 0
11828,0, 0
11829,0, 0
11830,0, 0
11831,0, 0
11832,41, 0
11833,89, 116
11834,120, 102
11835,87, 48
11836,10, 51
11837,31, 2
11838,176, 0
11839,309, 0
11840,360, 0
11841,337, 0
11842,276, 0
11843,230, 0
11844,202, 0
11845,190, 0
11846,187, 0
11847,174, 0
11848,106, 0
11849,53, 0
11850,21, 0
11851,32, 0
11852,63, 0
11853,120, 0
11854,150, 0
11855,136, 0
11856,92, 0
11857,57, 0
11858,69, 0
11859,77, 0
11860,108, 0
11861,141, 0
11862,133, 0
11863,84, 0
11864,28, 0
11865,8, 0
11866,41, 0
11867,121, 0
11868,176, 0
11869,179, 0
11870,152, 0
11871,117, 0
11872,106, 0
11873,130, 0
11874,151, 0
11875,127, 0
11876,112, 0
11877,74, 0
11878,25, 0
11879,11, 0
11880,40, 0
11881,92, 0
11882,93, 0
11883,70, 0
11884,56, 0
11885,35, 0
11886,31, 0
11887,15, 0
11888,0, 0
11889,0, 0
11890,1, 0
11891,4, 0
11892,3, 0
11893,0, 9
11894,0, 1
11895,0, 0
11896,1, 0
11897,15, 0
11898,64, 0
11899,87, 0
11900,89, 0
11901,90, 0
11902,70, 0
11903,74, 0
11904,87, 0
11905,97, 0
11906,92, 0
11907,54, 0
11908,35, 0
11909,54, 0
11910,83, 0
11911,101, 0
11912,81, 0
11913,70, 0
11914,61, 0
11915,37, 0
11916,51, 0
11917,91, 0
11918,136, 0
11919,169, 0
11920,169, 0
11921,164, 0
11922,142, 0
11923,116, 0
11924,95, 0
11925,96, 0
11926,126, 7
11927,127, 17
11928,159, 0
11929,183, 0
11930,191, 0
11931,208, 0
11932,242, 0
11933,269, 0
11934,267, 0
11935,255, 0
11936,208, 0
11937,131, 0
11938,63, 0
11939,6, 0
11940,0, 0
11941,0, 0
11942,0, 0
11943,0, 0
11944,0, 0
11945,9, 0
11946,12, 0
11947,26, 0
11948,51, 0
11949,87, 0
11950,124, 0
11951,139, 0
11952,128, 0
11953,96, 0
11954,69, 0
11955,4, 0
11956,0, 3
11957,0, 0
11958,13, 21
11959,0, 0
11960,0, 0
11961,0, 0
11962,0, 0
11963,0, 0
11964,17, 0
11965,42, 0
11966,70, 0
11967,95, 0
11968,119, 0
11969,129, 0
11970,129, 0
11971,135, 0
11972,133, 0
11973,127, 0
11974,134, 0
11975,136, 0
11976,127, 0
11977,120, 0
11978,105, 0
11979,94, 0
11980,95, 0
11981,104, 0
11982,92, 0
11983,76, 0
11984,38, 0
11985,38, 0
11986,45, 0
11987,76, 0
11988,138, 0
11989,150, 0
11990,170, 0
11991,185, 0
11992,188, 0
11993,203, 0
11994,187, 0
11995,153, 0
11996,123, 0
11997,93, 0
11998,70, 0
11999,86, 0
12000,107, 0
12001,138, 0
12002,142, 0
12003,152, 0
12004,134, 0
12005,107, 0
12006,105, 0
12007,106, 0
12008,95, 0
12009,96, 0
12010,102, 0
12011,102, 0
12012,75, 0
12013,46, 0
12014,31, 0
12015,27, 0
12016,45, 0
12017,91, 0
12018,120, 0
12019,125, 0
12020,112, 0
12021,110, 0
12022,75, 0
12023,74, 0
12024,77, 0
12025,87, 0
12026,84, 0
12027,106, 0
12028,102, 0
12029,110, 0
12030,107, 0
12031,126, 0
12032,133, 0
12033,117, 0
12034,89, 0
12035,51, 0
12036,14, 0
12037,0, 0
12038,0, 0
12039,0, 0
12040,0, 0
12041,11, 0
12042,51, 0
12043,102, 0
12044,164, 0
12045,196, 0
12046,197, 0
12047,172, 0
12048,113, 0
12049,43, 0
12050,12, 0
12051,28, 0
12052,54, 0
12053,53, 0
12054,36, 0
12055,0, 0
12056,8, 0
12057,70, 0
12058,171, 0
12059,257, 0
12060,294, 0
12061,277, 0
12062,249, 0
12063,197, 0
12064,133, 0
12065,39, 0
12066,4, 0
12067,6, 0
12068,44, 0
12069,40, 0
12070,0, 0
12071,35, 0
12072,149, 0
12073,261, 0
12074,308, 0
12075,300, 0
12076,252, 0
12077,207, 6
12078,189, 0
12079,158, 0
12080,113, 0
12081,70, 0
12082,48, 0
12083,55, 0
12084,63, 0
12085,68, 0
12086,41, 0
12087,5, 0
12088,0, 0
12089,0, 2
12090,0, 0
12091,1, 0
12092,14, 0
12093,31, 0
12094,38, 0
12095,37, 0
12096,51, 0
12097,60, 0
12098,45, 0
12099,18, 0
12100,4, 0
12101,13, 0
12102,57, 0
12103,87, 0
12104,103, 0
12105,106, 0
12106,99, 0
12107,76, 0
12108,67, 6
12109,45, 3
12110,11, 0
12111,0, 0
12112,0, 0
12113,0, 0
12114,0, 0
12115,25, 0
12116,59, 0
12117,101, 0
12118,134, 0
12119,155, 0
12120,158, 0
12121,159, 0
12122,157, 0
12123,135, 0
12124,116, 0
12125,95, 0
12126,81, 0
12127,71, 0
12128,73, 0
12129,89, 0
12130,87, 0
12131,86, 0
12132,86, 0
12133,102, 0
12134,104, 0
12135,90, 0
12136,64, 0
12137,55, 0
12138,45, 0
12139,89, 13
12140,88, 0
12141,109, 6
12142,142, 0
12143,157, 0
12144,155, 0
12145,136, 0
12146,110, 0
12147,65, 0
12148,28, 0
12149,0, 0
12150,0, 0
12151,0, 0
12152,0, 0
12153,6, 0
12154,31, 0
12155,70, 0
12156,84, 0
12157,86, 0
12158,83, 0
12159,84, 0
12160,100, 0
12161,126, 0
12162,156, 0
12163,186, 0
12164,203, 0
12165,202, 0
12166,170, 0
12167,131, 0
12168,72, 0
12169,34, 0
12170,36, 0
12171,28, 0
12172,71, 0
12173,115, 0
12174,130, 0
12175,127, 0
12176,115, 0
12177,99, 0
12178,108, 0
12179,81, 0
12180,87, 0
12181,89, 0
12182,88, 0
12183,95, 0
12184,83, 0
12185,83, 0
12186,81, 0
12187,72, 0
12188,63, 0
12189,59, 0
12190,63, 0
12191,76, 0
12192,65, 0
12193,68, 0
12194,63, 0
12195,55, 0
12196,39, 0
12197,19, 0
12198,1, 25
12199,0, 160
12200,0, 72
12201,0, 0
12202,13, 28
12203,70, 0
12204,102, 0
12205,125, 0
12206,145, 0
12207,125, 0
12208,113, 0
12209,95, 0
12210,87, 0
12211,88, 0
12212,101, 0
12213,132, 0
12214,173, 0
12215,195, 0
12216,211, 0
12217,211, 0
12218,175, 0
12219,127, 0
12220,58, 0
12221,14, 0
12222,0, 0
12223,0, 0
12224,0, 0
12225,17, 0
12226,42, 0
12227,68, 0
12228,55, 0
12229,40, 0
12230,25, 0
12231,38, 0
12232,51, 0
12233,83, 0
12234,120, 0
12235,127, 0
12236,127, 0
12237,123, 0
12238,112, 0
12239,108, 0
12240,96, 0
12241,119, 0
12242,105, 0
12243,97, 0
12244,102, 0
12245,109, 0
12246,113, 0
12247,107, 0
12248,115, 0
12249,109, 0
12250,94, 0
12251,83, 0
12252,87, 0
12253,80, 0
12254,76, 0
12255,74, 0
12256,73, 0
12257,63, 0
12258,41, 0
12259,12, 0
12260,0, 0
12261,0, 12
12262,6, 0
12263,18, 0
12264,48, 0
12265,70, 0
12266,72, 0
12267,73, 0
12268,73, 0
12269,74, 0
12270,73, 0
12271,71, 0
12272,69, 0
12273,64, 0
12274,71, 0
12275,69, 0
12276,83, 0
12277,86, 0
12278,92, 0
12279,87, 0
12280,95, 0
12281,96, 0
12282,108, 0
12283,102, 0
12284,108, 0
12285,113, 0
12286,113, 0
12287,129, 0
12288,116, 0
12289,86, 0
12290,52, 0
12291,37, 0
12292,36, 0
12293,48, 0
12294,76, 0
12295,115, 0
12296,138, 0
12297,137, 0
12298,136, 0
12299,139, 0
12300,133, 0
12301,134, 0
12302,108, 0
12303,95, 0
12304,92, 0
12305,83, 0
12306,78, 0
12307,84, 0
12308,85, 0
12309,92, 0
12310,97, 0
12311,106, 0
12312,109, 0
12313,108, 0
12314,108, 0
12315,95, 0
12316,97, 0
12317,106, 0
12318,103, 0
12319,92, 0
12320,59, 0
12321,28, 0
12322,18, 19
12323,22, 5
12324,24, 0
12325,44, 0
12326,51, 0
12327,39, 0
12328,32, 0
12329,13, 0
12330,18, 0
12331,13, 0
12332,29, 0
12333,41, 0
12334,56, 0
12335,76, 0
12336,89, 0
12337,96, 0
12338,105, 0
12339,115, 0
12340,108, 0
12341,92, 0
12342,73, 0
12343,50, 0
12344,26, 0
12345,6, 0
12346,0, 0
12347,2, 0
12348,6, 0
12349,14, 0
12350,23, 0
12351,20, 0
12352,34, 0
12353,67, 0
12354,102, 0
12355,148, 0
12356,182, 0
12357,196, 0
12358,180, 0
12359,153, 0
12360,108, 0
12361,81, 0
12362,64, 0
12363,78, 0
12364,90, 0
12365,100, 0
12366,89, 0
12367,70, 0
12368,55, 0
12369,39, 0
12370,43, 0
12371,54, 0
12372,84, 0
12373,97, 0
12374,96, 0
12375,93, 0
12376,83, 0
12377,67, 0
12378,52, 0
12379,27, 0
12380,3, 0
12381,0, 0
12382,4, 0
12383,0, 0
12384,12, 0
12385,30, 0
12386,63, 0
12387,86, 0
12388,102, 0
12389,109, 0
12390,89, 0
12391,80, 0
12392,71, 0
12393,73, 0
12394,71, 0
12395,74, 0
12396,71, 0
12397,86, 0
12398,91, 0
12399,92, 0
12400,92, 0
12401,91, 0
12402,102, 0
12403,102, 0
12404,105, 0
12405,106, 0
12406,109, 0
12407,109, 0
12408,103, 0
12409,99, 0
12410,91, 0
12411,61, 0
12412,24, 47
12413,22, 0
12414,21, 0
12415,34, 0
12416,60, 0
12417,94, 0
12418,121, 0
12419,115, 3
12420,116, 17
12421,111, 22
12422,113, 17
12423,107, 12
12424,108, 0
12425,104, 0
12426,95, 0
12427,89, 0
12428,89, 0
12429,77, 0
12430,86, 0
12431,87, 0
12432,91, 0
12433,91, 0
12434,73, 0
12435,74, 0
12436,63, 0
12437,50, 0
12438,40, 0
12439,36, 0
12440,31, 0
12441,14, 0
12442,19, 0
12443,0, 0
12444,0, 0
12445,0, 0
12446,6, 0
12447,41, 0
12448,76, 0
12449,89, 0
12450,88, 0
12451,91, 0
12452,90, 0
12453,85, 0
12454,70, 0
12455,67, 0
12456,61, 0
12457,58, 0
12458,56, 0
12459,59, 0
12460,63, 0
12461,70, 0
12462,76, 0
12463,84, 0
12464,94, 0
12465,107, 0
12466,120, 0
12467,115, 0
12468,123, 0
12469,127, 0
12470,120, 0
12471,125, 0
12472,115, 19
12473,79, 35
12474,57, 57
12475,43, 0
12476,44, 0
12477,63, 0
12478,72, 0
12479,83, 0
12480,79, 0
12481,70, 0
12482,70, 0
12483,64, 0
12484,57, 0
12485,58, 0
12486,50, 0
12487,51, 0
12488,70, 0
12489,59, 0
12490,63, 0
12491,63, 0
12492,74, 0
12493,69, 0
12494,76, 138
12495,89, 435
12496,88, 636
12497,77, 796
12498,68, 878
12499,79, 864
12500,73, 844
12501,78, 815
12502,64, 784
12503,41, 653
12504,25, 553
12505,25, 438
12506,31, 285
12507,43, 81
12508,67, 0
12509,81, 0
12510,76, 0
12511,75, 0
12512,53, 0
12513,38, 0
12514,31, 0
12515,13, 0
12516,7, 0
12517,3, 0
12518,0, 0
12519,6, 0
12520,0, 0
12521,8, 0
12522,21, 0
12523,46, 0
12524,39, 0
12525,41, 0
12526,51, 0
12527,65, 0
12528,91, 0
12529,104, 0
12530,122, 0
12531,134, 0
12532,134, 0
12533,121, 0
12534,93, 228
12535,76, 394
12536,70, 453
12537,70, 418
12538,81, 371
12539,100, 409
12540,105, 388
12541,107, 398
12542,102, 432
12543,108, 478
12544,104, 569
12545,107, 508
12546,103, 546
12547,105, 558
12548,94, 545
12549,84, 594
12550,68, 607
12551,55, 586
12552,46, 625
12553,37, 680
12554,40, 707
12555,46, 774
12556,43, 740
12557,48, 657
12558,44, 607
12559,42, 507
12560,42, 371
12561,45, 270
12562,52, 191
12563,44, 189
12564,18, 184
12565,13, 203
12566,8, 95
12567,12, 2
12568,27, 0
12569,50, 0
12570,50, 0
12571,51, 0
12572,43, 0
12573,25, 0
12574,21, 0
12575,31, 0
12576,52, 0
12577,61, 0
12578,69, 0
12579,72, 0
12580,74, 0
12581,80, 0
12582,83, 0
12583,83, 0
12584,68, 0
12585,72, 0
12586,55, 0
12587,64, 0
12588,76, 0
12589,91, 0
12590,104, 18
12591,122, 62
12592,124, 110
12593,120, 183
12594,87, 118
12595,41, 44
12596,17, 0
12597,9, 0
12598,11, 0
12599,31, 0
12600,45, 0
12601,63, 0
12602,63, 0
12603,58, 0
12604,76, 0
12605,81, 0
12606,108, 0
12607,111, 0
12608,118, 0
12609,107, 0
12610,104, 0
12611,95, 0
12612,86, 0
12613,80, 0
12614,76, 0
12615,80, 0
12616,95, 0
12617,95, 0
12618,87, 30
12619,87, 184
12620,91, 341
12621,79, 547
12622,76, 675
12623,87, 889
12624,76, 954
12625,58, 1003
12626,30, 917
12627,10, 759
12628,0, 532
12629,0, 191
12630,0, 0
12631,0, 0
12632,0, 0
12633,0, 0
12634,0, 0
12635,0, 0
12636,4, 0
12637,19, 0
12638,38, 0
12639,44, 0
12640,38, 0
12641,35, 0
12642,30, 0
12643,19, 0
12644,8, 0
12645,4, 0
12646,6, 0
12647,12, 0
12648,21, 0
12649,25, 0
12650,35, 0
12651,47, 0
12652,71, 0
12653,91, 2
12654,110, 120
12655,105, 212
12656,103, 300
12657,103, 424
12658,97, 456
12659,92, 361
12660,121, 262
12661,109, 176
12662,102, 80
12663,90, 44
12664,76, 3
12665,84, 0
12666,93, 0
12667,102, 0
12668,137, 0
12669,106, 0
12670,104, 41
12671,100, 222
12672,93, 376
12673,91, 433
12674,92, 481
12675,97, 552
12676,91, 533
12677,92, 518
12678,104, 584
12679,103, 659
12680,108, 700
12681,104, 782
12682,112, 781
12683,109, 737
12684,107, 654
12685,102, 612
12686,72, 582
12687,55, 675
12688,69, 585
12689,81, 576
12690,96, 577
12691,133, 631
12692,171, 673
12693,147, 567
12694,137, 433
12695,132, 363
12696,127, 253
12697,121, 102
12698,111, 0
12699,99, 0
12700,83, 0
12701,75, 0
12702,70, 0
12703,71, 0
12704,73, 0
12705,87, 0
12706,94, 0
12707,95, 0
12708,95, 0
12709,89, 0
12710,91, 0
12711,78, 0
12712,68, 0
12713,50, 15
12714,29, 40
12715,24, 108
12716,7, 224
12717,0, 321
12718,3, 259
12719,8, 348
12720,17, 510
12721,46, 536
12722,92, 625
12723,115, 570
12724,124, 465
12725,107, 278
12726,99, 54
12727,95, 0
12728,95, 0
12729,91, 0
12730,83, 0
12731,65, 0
12732,59, 0
12733,38, 0
12734,25, 0
12735,12, 0
12736,13, 0
12737,13, 0
12738,29, 0
12739,55, 0
12740,92, 0
12741,119, 0
12742,135, 0
12743,152, 0
12744,193, 0
12745,183, 0
12746,166, 0
12747,131, 0
12748,97, 0
12749,68, 0
12750,61, 0
12751,57, 0
12752,73, 0
12753,80, 0
12754,74, 0
12755,70, 0
12756,63, 0
12757,57, 0
12758,56, 0
12759,54, 0
12760,47, 0
12761,60, 0
12762,48, 0
12763,63, 0
12764,69, 0
12765,88, 0
12766,87, 0
12767,101, 0
12768,113, 0
12769,116, 0
12770,120, 0
12771,116, 0
12772,120, 0
12773,117, 0
12774,115, 0
12775,116, 0
12776,96, 15
12777,67, 2
12778,39, 103
12779,37, 191
12780,14, 263
12781,4, 390
12782,21, 365
12783,53, 387
12784,74, 407
12785,83, 263
12786,83, 122
12787,81, 0
12788,84, 0
12789,113, 0
12790,96, 0
12791,119, 0
12792,124, 0
12793,108, 0
12794,104, 0
12795,89, 0
12796,80, 0
12797,72, 0
12798,77, 0
12799,78, 0
12800,80, 0
12801,90, 0
12802,95, 0
12803,100, 0
12804,121, 31
12805,133, 47
12806,135, 70
12807,126, 144
12808,89, 216
12809,65, 391
12810,42, 465
12811,34, 553
12812,40, 523
12813,61, 488
12814,79, 348
12815,97, 196
12816,103, 13
12817,101, 0
12818,94, 0
12819,92, 0
12820,76, 0
12821,83, 0
12822,91, 6
12823,80, 123
12824,87, 4
12825,99, 0
12826,115, 0
12827,134, 0
12828,147, 0
12829,154, 0
12830,152, 0
12831,139, 0
12832,121, 0
12833,109, 0
12834,105, 0
12835,102, 0
12836,97, 0
12837,88, 0
12838,55, 0
12839,57, 174
12840,38, 126
12841,65, 271
12842,92, 401
12843,125, 248
12844,139, 106
12845,136, 0
12846,115, 0
12847,101, 0
12848,83, 0
12849,83, 0
12850,92, 0
12851,89, 0
12852,92, 0
12853,76, 0
12854,63, 0
12855,37, 0
12856,43, 0
12857,46, 0
12858,51, 0
12859,54, 10
12860,70, 122
12861,57, 238
12862,70, 263
12863,28, 220
12864,17, 167
12865,0, 25
12866,19, 0
12867,6, 0
12868,31, 0
12869,30, 0
12870,43, 0
12871,42, 0
12872,41, 0
12873,21, 0
12874,20, 0
12875,7, 0
12876,0, 0
12877,0, 0
12878,6, 0
12879,22, 0
12880,31, 0
12881,38, 0
12882,32, 0
12883,39, 0
12884,35, 0
12885,41, 0
12886,46, 0
12887,55, 0
12888,53, 0
12889,58, 0
12890,87, 1
12891,96, 115
12892,116, 161
12893,138, 54
12894,143, 51
12895,164, 12
12896,189, 0
12897,216, 38
12898,246, 118
12899,245, 115
12900,227, 138
12901,220, 72
12902,197, 21
12903,196, 36
12904,202, 0
12905,214, 0
12906,181, 0
12907,155, 0
12908,121, 0
12909,102, 0
12910,92, 0
12911,92, 0
12912,76, 0
12913,76, 0
12914,69, 0
12915,84, 0
12916,103, 0
12917,135, 6
12918,155, 23
12919,159, 12
12920,159, 6
12921,123, 0
12922,103, 0
12923,95, 0
12924,48, 0
12925,12, 0
12926,1, 0
12927,1, 0
12928,0, 0
12929,6, 0
12930,0, 0
12931,0, 0
12932,0, 0
12933,0, 0
12934,5, 0
12935,45, 0
12936,95, 0
12937,119, 0
12938,118, 0
12939,104, 0
12940,89, 118
12941,63, 415
12942,54, 750
12943,46, 773
12944,54, 832
12945,57, 862
12946,64, 949
12947,83, 933
12948,105, 844
12949,108, 765
12950,118, 718
12951,121, 665
12952,134, 561
12953,142, 410
12954,124, 91
12955,102, 0
12956,83, 0
12957,91, 0
12958,112, 0
12959,112, 0
12960,83, 0
12961,54, 0
12962,35, 0
12963,1, 0
12964,0, 0
12965,0, 0
12966,0, 0
12967,9, 0
12968,57, 0
12969,115, 0
12970,173, 0
12971,227, 0
12972,280, 0
12973,299, 272
12974,277, 332
12975,249, 407
12976,263, 634
12977,292, 650
12978,310, 558
12979,305, 571
12980,281, 773
12981,244, 1025
12982,212, 1138
12983,176, 1091
12984,139, 830
12985,90, 539
12986,56, 219
12987,37, 0
12988,37, 0
12989,41, 0
12990,38, 0
12991,12, 0
12992,0, 0
12993,13, 0
12994,12, 0
12995,44, 0
12996,90, 0
12997,102, 0
12998,103, 0
12999,89, 0
13000,89, 0
13001,102, 0
13002,90, 0
13003,70, 0
13004,63, 0
13005,44, 0
13006,28, 0
13007,6, 0
13008,3, 0
13009,0, 0
13010,6, 0
13011,27, 0
13012,7, 0
13013,5, 0
13014,11, 0
13015,23, 0
13016,44, 0
13017,51, 0
13018,58, 0
13019,64, 0
13020,54, 0
13021,31, 115
13022,19, 232
13023,8, 235
13024,14, 468
13025,25, 347
13026,50, 157
13027,77, 176
13028,83, 56
13029,76, 12
13030,69, 0
13031,59, 0
13032,59, 0
13033,70, 0
13034,97, 0
13035,112, 0
13036,127, 0
13037,139, 0
13038,153, 0
13039,148, 45
13040,136, 43
13041,127, 204
13042,112, 465
13043,95, 373
13044,85, 481
13045,64, 554
13046,51, 349
13047,37, 142
13048,43, 4
13049,75, 0
13050,69, 6
13051,64, 57
13052,25, 24
13053,3, 23
13054,0, 0
13055,0, 0
13056,2, 0
13057,19, 0
13058,31, 0
13059,40, 0
13060,32, 0
13061,30, 0
13062,35, 0
13063,31, 0
13064,51, 0
13065,63, 0
13066,70, 0
13067,95, 0
13068,116, 0
13069,127, 0
13070,138, 0
13071,136, 0
13072,141, 0
13073,151, 112
13074,155, 355
13075,170, 707
13076,183, 861
13077,180, 886
13078,168, 763
13079,171, 799
13080,154, 904
13081,142, 928
13082,117, 788
13083,89, 612
13084,92, 525
13085,102, 410
13086,119, 365
13087,137, 439
13088,149, 470
13089,141, 398
13090,134, 413
13091,148, 463
13092,169, 481
13093,171, 346
13094,167, 7
13095,175, 0
13096,173, 0
13097,170, 0
13098,157, 0
13099,132, 0
13100,92, 0
13101,50, 0
13102,17, 0
13103,0, 0
13104,0, 0
13105,7, 0
13106,13, 0
13107,25, 0
13108,37, 0
13109,40, 0
13110,53, 0
13111,56, 84
13112,42, 370
13113,11, 625
13114,0, 529
13115,0, 454
13116,0, 276
13117,0, 0
13118,17, 0
13119,39, 0
13120,64, 0
13121,94, 0
13122,115, 0
13123,130, 0
13124,138, 0
13125,131, 0
13126,118, 0
13127,105, 0
13128,77, 0
13129,59, 0
13130,38, 0
13131,21, 0
13132,22, 0
13133,15, 0
13134,18, 43
13135,20, 416
13136,31, 695
13137,23, 835
13138,17, 680
13139,3, 530
13140,0, 401
13141,0, 344
13142,0, 306
13143,0, 246
13144,0, 184
13145,0, 74
13146,0, 0
13147,0, 0
13148,2, 0
13149,38, 0
13150,75, 0
13151,90, 0
13152,131, 0
13153,140, 0
13154,157, 0
13155,169, 0
13156,175, 0
13157,196, 0
13158,206, 6
13159,238, 249
13160,270, 368
13161,295, 413
13162,325, 630
13163,332, 731
13164,338, 706
13165,324, 947
13166,321, 1081
13167,306, 1074
13168,269, 848
13169,218, 608
13170,173, 530
13171,128, 556
13172,111, 556
13173,86, 352
13174,57, 198
13175,32, 156
13176,20, 21
13177,8, 0
13178,13, 0
13179,34, 0
13180,52, 0
13181,70, 0
13182,80, 0
13183,87, 0
13184,97, 0
13185,77, 0
13186,57, 0
13187,41, 0
13188,31, 0
13189,26, 0
13190,12, 0
13191,4, 0
13192,7, 0
13193,41, 0
13194,69, 0
13195,95, 0
13196,115, 0
13197,111, 0
13198,95, 0
13199,80, 0
13200,75, 0
13201,71, 0
13202,71, 0
13203,52, 0
13204,7, 324
13205,0, 373
13206,0, 227
13207,0, 317
13208,0, 184
13209,0, 232
13210,5, 44
13211,4, 0
13212,6, 0
13213,8, 0
13214,12, 0
13215,25, 0
13216,38, 0
13217,70, 0
13218,92, 0
13219,115, 0
13220,115, 0
13221,115, 0
13222,104, 0
13223,91, 0
13224,84, 0
13225,72, 0
13226,75, 0
13227,79, 3
13228,73, 261
13229,80, 374
13230,81, 381
13231,72, 567
13232,65, 590
13233,68, 463
13234,46, 420
13235,12, 540
13236,4, 621
13237,7, 574
13238,23, 476
13239,31, 481
13240,74, 571
13241,93, 689
13242,113, 702
13243,121, 671
13244,127, 698
13245,139, 678
13246,135, 648
13247,142, 473
13248,157, 325
13249,170, 176
13250,190, 20
13251,199, 0
13252,200, 0
13253,190, 0
13254,165, 0
13255,158, 0
13256,139, 0
13257,119, 0
13258,110, 0
13259,123, 0
13260,127, 0
13261,131, 0
13262,122, 0
13263,121, 0
13264,102, 0
13265,79, 0
13266,28, 0
13267,6, 0
13268,0, 0
13269,0, 0
13270,2, 0
13271,27, 0
13272,28, 0
13273,7, 0
13274,6, 0
13275,0, 0
13276,0, 0
13277,0, 0
13278,7, 0
13279,13, 0
13280,23, 63
13281,15, 55
13282,3, 0
13283,0, 0
13284,0, 0
13285,1, 0
13286,19, 0
13287,36, 0
13288,44, 0
13289,44, 0
13290,87, 0
13291,108, 0
13292,126, 0
13293,123, 0
13294,125, 131
13295,92, 318
13296,55, 505
13297,51, 547
13298,52, 469
13299,50, 450
13300,81, 430
13301,103, 510
13302,139, 430
13303,144, 340
13304,145, 170
13305,132, 38
13306,117, 0
13307,115, 0
13308,133, 28
13309,139, 317
13310,145, 868
13311,144, 1141
13312,143, 1209
13313,135, 1099
13314,136, 922
13315,145, 552
13316,121, 4
13317,104, 0
13318,89, 0
13319,75, 0
13320,80, 0
13321,83, 0
13322,102, 0
13323,115, 0
13324,134, 105
13325,130, 562
13326,100, 562
13327,74, 717
13328,43, 781
13329,28, 601
13330,6, 311
13331,24, 128
13332,42, 0
13333,54, 0
13334,63, 0
13335,63, 0
13336,62, 0
13337,70, 0
13338,81, 0
13339,99, 0
13340,107, 0
13341,118, 0
13342,109, 0
13343,105, 0
13344,109, 0
13345,100, 0
13346,103, 0
13347,128, 11
13348,109, 294
13349,115, 446
13350,107, 780
13351,91, 984
13352,71, 1037
13353,31, 999
13354,11, 1045
13355,0, 904
13356,0, 529
13357,0, 395
13358,0, 44
13359,0, 0
13360,0, 0
13361,0, 0
13362,0, 0
13363,0, 0
13364,0, 0
13365,0, 0
13366,9, 0
13367,29, 0
13368,48, 0
13369,71, 0
13370,69, 1
13371,72, 218
13372,93, 419
13373,115, 345
13374,144, 487
13375,148, 390
13376,152, 195
13377,169, 80
13378,139, 81
13379,121, 113
13380,92, 109
13381,92, 54
13382,87, 26
13383,108, 274
13384,124, 613
13385,124, 457
13386,100, 427
13387,32, 174
13388,19, 173
13389,0, 32
13390,0, 0
13391,0, 0
13392,22, 0
13393,84, 0
13394,121, 0
13395,135, 0
13396,152, 0
13397,163, 0
13398,171, 0
13399,171, 15
13400,166, 371
13401,142, 529
13402,96, 610
13403,56, 724
13404,44, 736
13405,58, 725
13406,80, 431
13407,87, 371
13408,76, 70
13409,72, 0
13410,74, 0
13411,87, 0
13412,89, 0
13413,83, 0
13414,84, 0
13415,65, 0
13416,43, 0
13417,12, 0
13418,0, 0
13419,0, 0
13420,0, 0
13421,1, 0
13422,8, 0
13423,57, 0
13424,93, 0
13425,137, 0
13426,145, 0
13427,144, 0
13428,136, 0
13429,120, 0
13430,113, 0
13431,104, 0
13432,96, 0
13433,72, 0
13434,60, 0
13435,37, 0
13436,11, 0
13437,0, 0
13438,0, 0
13439,0, 0
13440,0, 0
13441,6, 0
13442,8, 0
13443,17, 0
13444,37, 0
13445,31, 0
13446,61, 0
13447,100, 0
13448,92, 47
13449,111, 182
13450,119, 395
13451,123, 418
13452,139, 232
13453,168, 175
13454,202, 166
13455,205, 115
13456,192, 1
13457,182, 0
13458,184, 0
13459,197, 0
13460,207, 0
13461,229, 0
13462,216, 19
13463,196, 631
13464,169, 1039
13465,131, 1145
13466,108, 1024
13467,87, 905
13468,70, 909
13469,52, 1107
13470,29, 1231
13471,1, 1192
13472,0, 827
13473,6, 152
13474,24, 0
13475,12, 0
13476,0, 0
13477,0, 0
13478,0, 0
13479,0, 0
13480,6, 0
13481,0, 0
13482,0, 0
13483,26, 0
13484,77, 0
13485,108, 0
13486,110, 0
13487,92, 0
13488,86, 0
13489,93, 0
13490,110, 0
13491,136, 0
13492,145, 0
13493,142, 0
13494,127, 0
13495,109, 0
13496,95, 54
13497,95, 427
13498,92, 710
13499,83, 487
13500,53, 192
13501,18, 0
13502,0, 0
13503,0, 0
13504,0, 0
13505,9, 0
13506,32, 0
13507,62, 0
13508,79, 0
13509,63, 0
13510,57, 31
13511,53, 411
13512,65, 632
13513,80, 710
13514,135, 800
13515,163, 785
13516,153, 482
13517,142, 190
13518,124, 8
13519,107, 0
13520,124, 0
13521,129, 0
13522,127, 0
13523,118, 0
13524,108, 0
13525,97, 0
13526,92, 0
13527,80, 0
13528,51, 0
13529,19, 0
13530,0, 0
13531,0, 0
13532,0, 0
13533,0, 0
13534,2, 0
13535,4, 0
13536,18, 0
13537,44, 0
13538,64, 37
13539,62, 348
13540,40, 564
13541,21, 540
13542,9, 631
13543,13, 689
13544,19, 554
13545,38, 526
13546,47, 387
13547,70, 339
13548,89, 263
13549,102, 195
13550,112, 60
13551,112, 0
13552,116, 0
13553,109, 0
13554,127, 0
13555,115, 0
13556,124, 0
13557,126, 0
13558,124, 0
13559,125, 0
13560,127, 0
13561,127, 1
13562,131, 0
13563,133, 0
13564,121, 0
13565,129, 0
13566,154, 0
13567,124, 0
13568,122, 1
13569,100, 155
13570,73, 0
13571,41, 0
13572,44, 0
13573,42, 0
13574,56, 0
13575,85, 0
13576,119, 0
13577,135, 0
13578,113, 0
13579,108, 0
13580,79, 0
13581,63, 0
13582,51, 0
13583,52, 0
13584,51, 0
13585,52, 6
13586,31, 109
13587,7, 113
13588,0, 1
13589,0, 0
13590,0, 0
13591,0, 0
13592,0, 0
13593,25, 0
13594,96, 0
13595,149, 0
13596,190, 0
13597,216, 0
13598,233, 115
13599,234, 338
13600,192, 457
13601,134, 557
13602,84, 420
13603,83, 406
13604,103, 673
13605,145, 747
13606,185, 774
13607,177, 748
13608,184, 549
13609,160, 170
13610,139, 0
13611,129, 0
13612,109, 0
13613,100, 0
13614,94, 0
13615,79, 0
13616,70, 0
13617,59, 0
13618,52, 0
13619,64, 0
13620,74, 0
13621,95, 0
13622,109, 0
13623,113, 0
13624,127, 0
13625,106, 0
13626,96, 0
13627,86, 0
13628,80, 0
13629,70, 97
13630,61, 20
13631,41, 41
13632,40, 275
13633,12, 564
13634,3, 765
13635,2, 455
13636,31, 325
13637,70, 211
13638,94, 1
13639,107, 0
13640,99, 0
13641,118, 0
13642,126, 0
13643,117, 133
13644,115, 331
13645,133, 487
13646,148, 647
13647,151, 750
13648,153, 819
13649,138, 689
13650,167, 396
13651,132, 149
13652,117, 9
13653,120, 0
13654,99, 0
13655,73, 0
13656,43, 0
13657,1, 0
13658,0, 0
13659,0, 0
13660,0, 0
13661,0, 0
13662,0, 0
13663,0, 0
13664,0, 0
13665,4, 0
13666,0, 0
13667,12, 0
13668,12, 0
13669,10, 0
13670,1, 0
13671,6, 0
13672,2, 0
13673,37, 0
13674,37, 0
13675,50, 0
13676,58, 8
13677,76, 85
13678,97, 276
13679,131, 501
13680,148, 647
13681,137, 716
13682,102, 702
13683,65, 596
13684,29, 558
13685,13, 407
13686,8, 204
13687,24, 92
13688,47, 70
13689,77, 62
13690,95, 81
13691,88, 152
13692,76, 163
13693,63, 63
13694,67, 154
13695,64, 270
13696,90, 308
13697,121, 308
13698,133, 43
13699,126, 0
13700,112, 0
13701,115, 0
13702,101, 0
13703,126, 0
13704,148, 0
13705,161, 0
13706,175, 0
13707,191, 0
13708,191, 0
13709,188, 0
13710,176, 0
13711,155, 0
13712,128, 47
13713,100, 494
13714,57, 676
13715,19, 772
13716,0, 604
13717,0, 454
13718,0, 499
13719,0, 216
13720,0, 216
13721,6, 113
13722,0, 0
13723,0, 0
13724,0, 0
13725,0, 0
13726,0, 0
13727,2, 0
13728,31, 0
13729,45, 0
13730,59, 0
13731,63, 0
13732,69, 0
13733,70, 0
13734,70, 0
13735,84, 0
13736,83, 0
13737,90, 0
13738,100, 0
13739,111, 0
13740,131, 0
13741,158, 0
13742,175, 0
13743,203, 19
13744,214, 309
13745,234, 329
13746,224, 284
13747,211, 522
13748,214, 590
13749,208, 552
13750,203, 421
13751,192, 409
13752,171, 391
13753,117, 262
13754,91, 0
13755,83, 0
13756,91, 0
13757,97, 0
13758,122, 0
13759,135, 0
13760,139, 0
13761,152, 0
13762,147, 0
13763,141, 0
13764,131, 0
13765,110, 506
13766,71, 654
13767,36, 609
13768,13, 795
13769,25, 756
13770,30, 567
13771,32, 254
13772,25, 25
13773,7, 0
13774,0, 0
13775,0, 0
13776,0, 0
13777,0, 0
13778,12, 0
13779,56, 0
13780,80, 60
13781,90, 223
13782,84, 199
13783,44, 204
13784,9, 254
13785,12, 214
13786,0, 3
13787,9, 0
13788,53, 0
13789,96, 0
13790,113, 0
13791,148, 0
13792,176, 0
13793,199, 0
13794,196, 0
13795,175, 0
13796,147, 0
13797,131, 0
13798,137, 0
13799,129, 0
13800,127, 0
13801,123, 0
13802,130, 0
13803,126, 0
13804,119, 0
13805,115, 0
13806,104, 0
13807,103, 0
13808,90, 0
13809,79, 0
13810,50, 0
13811,17, 0
13812,0, 0
13813,0, 0
13814,0, 0
13815,0, 0
13816,3, 0
13817,18, 0
13818,52, 0
13819,95, 0
13820,127, 0
13821,133, 0
13822,131, 0
13823,115, 0
13824,105, 0
13825,96, 1
13826,95, 0
13827,107, 91
13828,112, 340
13829,135, 464
13830,159, 476
13831,170, 705
13832,183, 872
13833,187, 769
13834,174, 772
13835,159, 822
13836,135, 939
13837,113, 846
13838,95, 599
13839,109, 439
13840,83, 480
13841,72, 452
13842,57, 261
13843,37, 270
13844,5, 201
13845,0, 286
13846,2, 12
13847,0, 57
13848,24, 0
13849,74, 0
13850,136, 0
13851,176, 0
13852,164, 0
13853,161, 0
13854,156, 0
13855,141, 0
13856,111, 0
13857,83, 0
13858,56, 0
13859,31, 0
13860,22, 0
13861,18, 0
13862,22, 39
13863,51, 697
13864,53, 794
13865,47, 809
13866,63, 852
13867,41, 928
13868,26, 676
13869,46, 400
13870,41, 58
13871,43, 6
13872,34, 0
13873,29, 0
13874,14, 0
13875,0, 0
13876,0, 0
13877,0, 0
13878,27, 0
13879,73, 0
13880,118, 0
13881,147, 0
13882,132, 0
13883,106, 0
13884,87, 0
13885,95, 0
13886,72, 0
13887,69, 0
13888,68, 0
13889,91, 0
13890,81, 0
13891,91, 0
13892,103, 0
13893,108, 0
13894,108, 0
13895,103, 13
13896,90, 81
13897,80, 89
13898,48, 63
13899,25, 76
13900,1, 22
13901,0, 0
13902,0, 0
13903,0, 0
13904,6, 0
13905,39, 0
13906,62, 0
13907,109, 0
13908,153, 0
13909,223, 0
13910,298, 0
13911,352, 0
13912,364, 0
13913,342, 0
13914,318, 0
13915,313, 0
13916,306, 0
13917,315, 0
13918,310, 0
13919,274, 0
13920,277, 0
13921,259, 0
13922,238, 0
13923,203, 0
13924,173, 0
13925,128, 0
13926,97, 0
13927,46, 0
13928,0, 0
13929,0, 0
13930,12, 0
13931,0, 0
13932,0, 0
13933,0, 0
13934,0, 0
13935,0, 0
13936,0, 0
13937,0, 0
13938,0, 0
13939,0, 0
13940,0, 0
13941,26, 0
13942,83, 0
13943,131, 0
13944,157, 0
13945,158, 0
13946,155, 0
13947,144, 47
13948,124, 202
13949,112, 311
13950,101, 210
13951,94, 67
13952,96, 0
13953,113, 0
13954,111, 0
13955,111, 0
13956,108, 2
13957,109, 0
13958,108, 0
13959,133, 0
13960,151, 0
13961,168, 229
13962,187, 707
13963,196, 1118
13964,189, 1398
13965,174, 1384
13966,115, 1214
13967,60, 1079
13968,37, 816
13969,19, 355
13970,10, 147
13971,8, 0
13972,15, 0
13973,8, 0
13974,0, 0
13975,0, 0
13976,4, 0
13977,11, 0
13978,14, 0
13979,6, 0
13980,0, 0
13981,0, 0
13982,0, 0
13983,0, 0
13984,0, 0
13985,0, 0
13986,0, 0
13987,0, 0
13988,5, 0
13989,22, 0
13990,43, 0
13991,57, 0
13992,65, 0
13993,70, 0
13994,83, 0
13995,88, 199
13996,79, 158
13997,37, 145
13998,6, 167
13999,5, 322
14000,3, 439
14001,47, 349
14002,89, 391
14003,127, 475
14004,151, 513
14005,155, 428
14006,176, 281
14007,177, 266
14008,176, 415
14009,177, 649
14010,158, 536
14011,144, 300
14012,133, 134
14013,107, 0
14014,84, 0
14015,44, 0
14016,25, 0
14017,29, 0
14018,48, 0
14019,76, 0
14020,96, 0
14021,108, 0
14022,96, 0
14023,91, 0
14024,91, 0
14025,103, 0
14026,119, 0
14027,106, 0
14028,89, 0
14029,71, 0
14030,69, 0
14031,70, 0
14032,108, 0
14033,148, 391
14034,161, 540
14035,138, 519
14036,107, 447
14037,77, 163
14038,74, 164
14039,76, 388
14040,84, 294
14041,83, 108
14042,94, 0
14043,103, 0
14044,110, 0
14045,110, 0
14046,104, 0
14047,85, 0
14048,57, 0
14049,34, 41
14050,12, 3
14051,5, 0
14052,15, 0
14053,30, 0
14054,52, 0
14055,80, 0
14056,95, 0
14057,80, 0
14058,51, 5
14059,31, 19
14060,30, 21
14061,39, 204
14062,76, 38
14063,102, 0
14064,139, 0
14065,147, 0
14066,141, 0
14067,133, 0
14068,144, 0
14069,144, 0
14070,145, 0
14071,135, 0
14072,170, 0
14073,154, 0
14074,158, 35
14075,183, 300
14076,175, 336
14077,161, 199
14078,164, 323
14079,168, 488
14080,165, 517
14081,164, 491
14082,152, 505
14083,145, 517
14084,133, 338
14085,127, 6
14086,108, 0
14087,91, 0
14088,37, 0
14089,8, 0
14090,8, 0
14091,0, 0
14092,0, 0
14093,5, 0
14094,25, 0
14095,51, 0
14096,56, 0
14097,61, 0
14098,57, 0
14099,51, 0
14100,65, 0
14101,93, 0
14102,105, 0
14103,89, 0
14104,55, 0
14105,28, 0
14106,44, 0
14107,24, 0
14108,29, 0
14109,38, 0
14110,55, 0
14111,77, 0
14112,118, 0
14113,143, 0
14114,159, 0
14115,173, 0
14116,180, 0
14117,164, 0
14118,133, 0
14119,86, 0
14120,67, 0
14121,75, 4
14122,85, 259
14123,93, 71
14124,108, 31
14125,128, 17
14126,149, 11
14127,166, 0
14128,196, 0
14129,207, 0
14130,210, 0
14131,203, 0
14132,192, 0
14133,166, 0
14134,151, 0
14135,143, 0
14136,130, 0
14137,120, 0
14138,93, 99
14139,92, 1
14140,77, 0
14141,62, 0
14142,54, 0
14143,51, 0
14144,39, 0
14145,34, 0
14146,44, 0
14147,51, 0
14148,58, 0
14149,46, 258
14150,28, 400
14151,15, 382
14152,35, 347
14153,51, 391
14154,76, 554
14155,107, 548
14156,108, 385
14157,95, 236
14158,87, 176
14159,63, 43
14160,43, 0
14161,29, 0
14162,32, 0
14163,46, 0
14164,62, 0
14165,63, 0
14166,76, 0
14167,64, 0
14168,62, 0
14169,61, 0
14170,59, 0
14171,63, 0
14172,71, 0
14173,84, 0
14174,92, 0
14175,94, 0
14176,115, 0
14177,125, 0
14178,118, 0
14179,96, 0
14180,65, 25
14181,40, 74
14182,26, 46
14183,17, 37
14184,47, 0
14185,75, 0
14186,121, 0
14187,139, 0
14188,159, 0
14189,168, 0
14190,168, 0
14191,158, 0
14192,134, 0
14193,147, 0
14194,142, 0
14195,140, 0
14196,139, 0
14197,139, 0
14198,139, 4
14199,151, 193
14200,143, 235
14201,127, 282
14202,121, 483
14203,106, 409
14204,91, 152
14205,109, 65
14206,90, 0
14207,89, 0
14208,95, 0
14209,94, 68
14210,71, 0
14211,55, 0
14212,35, 0
14213,38, 0
14214,17, 0
14215,12, 0
14216,19, 0
14217,23, 0
14218,15, 0
14219,20, 0
14220,23, 0
14221,24, 0
14222,26, 0
14223,42, 0
14224,73, 0
14225,70, 0
14226,75, 0
14227,89, 0
14228,101, 0
14229,126, 244
14230,145, 372
14231,141, 327
14232,164, 361
14233,159, 330
14234,176, 426
14235,164, 373
14236,116, 254
14237,107, 139
14238,104, 1
14239,102, 0
14240,83, 0
14241,53, 0
14242,31, 0
14243,24, 0
14244,19, 0
14245,29, 0
14246,44, 0
14247,67, 0
14248,73, 0
14249,78, 0
14250,76, 0
14251,70, 0
14252,74, 0
14253,89, 0
14254,102, 0
14255,151, 0
14256,122, 0
14257,103, 0
14258,106, 0
14259,100, 0
14260,138, 0
14261,124, 0
14262,129, 0
14263,69, 0
14264,52, 0
14265,27, 0
14266,19, 0
14267,22, 0
14268,32, 0
14269,31, 0
14270,43, 292
14271,32, 402
14272,27, 710
14273,28, 713
14274,38, 922
14275,51, 865
14276,89, 668
14277,126, 540
14278,151, 470
14279,150, 420
14280,134, 292
14281,110, 41
14282,77, 0
14283,54, 0
14284,29, 0
14285,9, 0
14286,3, 0
14287,12, 0
14288,23, 0
14289,46, 0
14290,38, 0
14291,56, 0
14292,79, 0
14293,97, 0
14294,102, 0
14295,121, 0
14296,115, 0
14297,109, 0
14298,96, 0
14299,96, 0
14300,108, 0
14301,97, 0
14302,86, 0
14303,81, 0
14304,89, 0
14305,93, 0
14306,102, 0
14307,132, 0
14308,133, 0
14309,135, 0
14310,131, 0
14311,142, 0
14312,158, 0
14313,159, 0
14314,153, 0
14315,139, 0
14316,112, 0
14317,94, 0
14318,63, 0
14319,35, 0
14320,25, 0
14321,12, 0
14322,24, 0
14323,52, 0
14324,76, 0
14325,113, 0
14326,145, 0
14327,166, 0
14328,176, 0
14329,166, 0
14330,139, 0
14331,115, 0
14332,83, 0
14333,31, 51
14334,8, 44
14335,10, 0
14336,44, 0
14337,71, 0
14338,103, 0
14339,116, 0
14340,127, 0
14341,133, 11
14342,124, 291
14343,112, 298
14344,85, 204
14345,80, 190
14346,57, 15
14347,55, 0
14348,59, 0
14349,70, 0
14350,78, 0
14351,81, 0
14352,89, 0
14353,92, 0
14354,96, 0
14355,109, 0
14356,111, 0
14357,110, 0
14358,101, 0
14359,72, 0
14360,38, 0
14361,20, 0
14362,6, 0
14363,9, 0
14364,37, 0
14365,64, 0
14366,89, 25
14367,111, 20
14368,157, 0
14369,139, 0
14370,129, 0
14371,123, 0
14372,115, 0
14373,115, 0
14374,118, 0
14375,121, 0
14376,105, 0
14377,123, 0
14378,125, 0
14379,126, 0
14380,130, 0
14381,143, 0
14382,167, 0
14383,149, 0
14384,147, 0
14385,136, 0
14386,128, 0
14387,123, 0
14388,120, 0
14389,134, 367
14390,133, 943
14391,115, 1000
14392,75, 1004
14393,29, 624
14394,0, 357
14395,0, 191
14396,0, 199
14397,0, 198
14398,9, 46
14399,42, 0
14400,71, 0
14401,92, 0
14402,94, 0
14403,85, 0
14404,76, 0
14405,63, 0
14406,64, 0
14407,55, 0
14408,53, 0
14409,52, 0
14410,70, 0
14411,64, 0
14412,61, 0
14413,55, 0
14414,52, 0
14415,57, 0
14416,72, 0
14417,85, 0
14418,109, 0
14419,115, 0
14420,129, 0
14421,136, 0
14422,123, 0
14423,95, 0
14424,50, 0
14425,27, 0
14426,31, 0
14427,27, 0
14428,57, 0
14429,92, 0
14430,122, 0
14431,139, 0
14432,138, 0
14433,144, 1
14434,152, 186
14435,164, 340
14436,183, 433
14437,179, 503
14438,168, 407
14439,158, 418
14440,154, 377
14441,156, 500
14442,161, 506
14443,161, 293
14444,164, 174
14445,157, 152
14446,140, 210
14447,99, 0
14448,40, 0
14449,1, 0
14450,0, 0
14451,8, 0
14452,47, 0
14453,83, 0
14454,74, 0
14455,53, 0
14456,35, 0
14457,20, 0
14458,9, 0
14459,12, 0
14460,30, 0
14461,32, 0
14462,43, 0
14463,44, 0
14464,63, 0
14465,64, 0
14466,73, 0
14467,81, 0
14468,80, 0
14469,69, 0
14470,70, 0
14471,64, 0
14472,69, 107
14473,79, 336
14474,75, 45
14475,65, 0
14476,63, 0
14477,65, 0
14478,94, 0
14479,102, 0
14480,108, 0
14481,104, 0
14482,99, 0
14483,89, 0
14484,65, 0
14485,40, 0
14486,34, 0
14487,41, 5
14488,57, 24
14489,84, 0
14490,135, 0
14491,144, 0
14492,156, 0
14493,149, 0
14494,150, 0
14495,183, 0
14496,164, 9
14497,164, 219
14498,158, 347
14499,164, 382
14500,152, 514
14501,145, 391
14502,153, 166
14503,151, 52
14504,152, 1
14505,140, 9
14506,126, 0
14507,108, 0
14508,89, 0
14509,62, 0
14510,54, 0
14511,45, 0
14512,39, 0
14513,47, 0
14514,44, 0
14515,34, 0
14516,32, 0
14517,47, 0
14518,70, 0
14519,84, 0
14520,108, 0
14521,121, 0
14522,123, 0
14523,130, 0
14524,124, 0
14525,139, 0
14526,121, 0
14527,121, 0
14528,102, 0
14529,97, 0
14530,91, 0
14531,87, 0
14532,80, 0
14533,70, 0
14534,68, 0
14535,68, 0
14536,69, 0
14537,76, 0
14538,74, 0
14539,70, 0
14540,70, 0
14541,68, 0
14542,75, 0
14543,89, 0
14544,100, 0
14545,105, 0
14546,88, 0
14547,85, 0
14548,90, 0
14549,110, 129
14550,141, 535
14551,173, 898
14552,179, 868
14553,161, 530
14554,136, 232
14555,120, 111
14556,90, 1
14557,81, 0
14558,72, 0
14559,65, 0
14560,75, 0
14561,84, 0
14562,80, 0
14563,90, 0
14564,78, 0
14565,86, 0
14566,89, 1
14567,79, 0
14568,88, 0
14569,85, 0
14570,68, 0
14571,71, 0
14572,70, 0
14573,45, 0
14574,40, 0
14575,19, 0
14576,0, 0
14577,0, 0
14578,0, 29
14579,6, 251
14580,25, 298
14581,71, 598
14582,91, 780
14583,92, 620
14584,76, 349
14585,64, 187
14586,55, 7
14587,53, 0
14588,57, 0
14589,67, 0
14590,70, 0
14591,69, 0
14592,57, 0
14593,60, 0
14594,64, 0
14595,87, 0
14596,94, 0
14597,86, 0
14598,70, 0
14599,50, 0
14600,50, 0
14601,80, 0
14602,119, 0
14603,144, 0
14604,165, 0
14605,158, 0
14606,136, 13
14607,93, 88
14608,81, 26
14609,100, 223
14610,112, 481
14611,148, 222
14612,176, 74
14613,193, 0
14614,183, 0
14615,182, 0
14616,185, 0
14617,177, 0
14618,183, 0
14619,183, 0
14620,196, 0
14621,204, 0
14622,211, 183
14623,213, 452
14624,214, 652
14625,204, 782
14626,181, 780
14627,180, 680
14628,157, 653
14629,151, 473
14630,129, 223
14631,104, 68
14632,89, 0
14633,88, 0
14634,85, 0
14635,72, 0
14636,45, 0
14637,4, 0
14638,0, 0
14639,0, 0
14640,2, 0
14641,8, 0
14642,34, 0
14643,55, 0
14644,59, 0
14645,61, 0
14646,69, 0
14647,75, 0
14648,86, 0
14649,94, 0
14650,96, 0
14651,104, 0
14652,99, 0
14653,99, 0
14654,91, 0
14655,73, 0
14656,60, 0
14657,51, 271
14658,62, 119
14659,57, 277
14660,53, 109
14661,44, 0
14662,27, 0
14663,29, 0
14664,12, 0
14665,19, 0
14666,24, 0
14667,10, 0
14668,0, 50
14669,1, 51
14670,11, 4
14671,25, 39
14672,65, 0
14673,102, 0
14674,134, 0
14675,160, 0
14676,184, 0
14677,174, 0
14678,187, 1
14679,163, 55
14680,151, 54
14681,123, 40
14682,120, 29
14683,117, 48
14684,108, 90
14685,102, 0
14686,87, 0
14687,63, 0
14688,63, 0
14689,48, 0
14690,61, 0
14691,88, 0
14692,102, 0
14693,121, 0
14694,127, 0
14695,132, 264
14696,142, 594
14697,128, 922
14698,87, 787
14699,19, 240
14700,0, 89
14701,0, 0
14702,0, 0
14703,2, 0
14704,19, 0
14705,21, 0
14706,20, 0
14707,19, 0
14708,21, 0
14709,31, 0
14710,41, 0
14711,52, 0
14712,58, 0
14713,57, 0
14714,56, 0
14715,47, 0
14716,51, 0
14717,61, 0
14718,73, 0
14719,92, 4
14720,115, 112
14721,132, 154
14722,136, 140
14723,130, 164
14724,127, 62
14725,102, 0
14726,101, 0
14727,96, 0
14728,60, 0
14729,14, 0
14730,0, 0
14731,0, 0
14732,0, 0
14733,2, 0
14734,57, 0
14735,70, 0
14736,112, 0
14737,136, 0
14738,152, 0
14739,175, 0
14740,158, 0
14741,164, 0
14742,153, 0
14743,164, 0
14744,154, 0
14745,139, 0
14746,134, 0
14747,123, 0
14748,133, 0
14749,131, 1
14750,136, 0
14751,144, 0
14752,152, 0
14753,153, 0
14754,152, 0
14755,145, 0
14756,130, 0
14757,99, 9
14758,68, 154
14759,12, 159
14760,1, 156
14761,3, 188
14762,31, 154
14763,54, 21
14764,105, 0
14765,133, 0
14766,141, 0
14767,147, 287
14768,138, 493
14769,133, 481
14770,111, 513
14771,108, 234
14772,87, 134
14773,88, 28
14774,78, 95
14775,73, 244
14776,67, 402
14777,62, 27
14778,70, 0
14779,80, 0
14780,93, 0
14781,89, 0
14782,94, 0
14783,83, 0
14784,83, 0
14785,89, 0
14786,95, 0
14787,109, 0
14788,102, 0
14789,77, 0
14790,41, 0
14791,24, 0
14792,19, 0
14793,18, 0
14794,46, 0
14795,72, 0
14796,55, 0
14797,68, 0
14798,77, 0
14799,84, 0
14800,115, 0
14801,119, 0
14802,121, 0
14803,127, 0
14804,131, 0
14805,132, 0
14806,131, 0
14807,137, 0
14808,139, 0
14809,156, 0
14810,167, 0
14811,167, 0
14812,169, 0
14813,151, 0
14814,134, 0
14815,119, 0
14816,102, 0
14817,97, 0
14818,88, 0
14819,81, 0
14820,51, 0
14821,29, 105
14822,18, 0
14823,20, 0
14824,34, 0
14825,60, 0
14826,78, 0
14827,85, 0
14828,86, 0
14829,78, 0
14830,78, 0
14831,75, 0
14832,72, 0
14833,85, 0
14834,63, 0
14835,59, 0
14836,65, 0
14837,61, 0
14838,65, 0
14839,67, 0
14840,63, 0
14841,56, 0
14842,44, 0
14843,31, 0
14844,31, 0
14845,35, 0
14846,32, 0
14847,35, 0
14848,27, 0
14849,30, 0
14850,19, 26
14851,10, 202
14852,17, 83
14853,31, 19
14854,56, 0
14855,107, 0
14856,145, 0
14857,181, 0
14858,190, 0
14859,214, 0
14860,207, 0
14861,217, 0
14862,210, 0
14863,210, 0
14864,200, 0
14865,199, 0
14866,190, 6
14867,184, 2
14868,189, 0
14869,199, 6
14870,199, 85
14871,193, 140
14872,183, 193
14873,152, 402
14874,130, 409
14875,87, 134
14876,55, 0
14877,31, 0
14878,12, 0
14879,7, 0
14880,12, 0
14881,1, 0
14882,0, 0
14883,0, 0
14884,0, 0
14885,6, 0
14886,38, 0
14887,70, 0
14888,86, 0
14889,81, 0
14890,77, 0
14891,75, 0
14892,62, 0
14893,42, 0
14894,38, 0
14895,25, 0
14896,18, 0
14897,4, 0
14898,0, 0
14899,0, 0
14900,0, 0
14901,0, 0
14902,0, 0
14903,4, 0
14904,24, 0
14905,50, 0
14906,55, 0
14907,55, 0
14908,51, 0
14909,53, 0
14910,58, 70
14911,51, 94
14912,38, 244
14913,51, 355
14914,86, 164
14915,108, 35
14916,165, 0
14917,206, 0
14918,235, 0
14919,244, 0
14920,249, 0
14921,245, 0
14922,249, 0
14923,262, 0
14924,279, 0
14925,252, 0
14926,228, 0
14927,198, 0
14928,159, 0
14929,131, 0
14930,130, 0
14931,127, 0
14932,151, 0
14933,158, 0
14934,164, 0
14935,161, 12
14936,131, 9
14937,123, 77
14938,105, 164
14939,92, 120
14940,83, 63
14941,63, 158
14942,27, 373
14943,10, 80
14944,5, 73
14945,13, 0
14946,23, 0
14947,54, 0
14948,76, 0
14949,83, 0
14950,83, 1
14951,79, 2
14952,76, 22
14953,74, 0
14954,76, 0
14955,73, 0
14956,69, 0
14957,73, 0
14958,81, 0
14959,78, 0
14960,85, 0
14961,95, 0
14962,96, 0
14963,95, 0
14964,93, 0
14965,81, 0
14966,77, 0
14967,74, 0
14968,89, 0
14969,92, 0
14970,111, 0
14971,116, 0
14972,88, 0
14973,59, 0
14974,51, 0
14975,45, 51
14976,38, 0
14977,58, 0
14978,67, 0
14979,95, 0
14980,102, 0
14981,97, 0
14982,115, 0
14983,117, 0
14984,133, 0
14985,123, 0
14986,102, 0
14987,92, 0
14988,84, 0
14989,78, 0
14990,79, 0
14991,85, 0
14992,83, 6
14993,95, 112
14994,106, 248
14995,112, 143
14996,122, 132
14997,119, 155
14998,128, 160
14999,135, 132
15000,134, 96
15001,144, 1
15002,121, 0
15003,83, 0
15004,38, 0
15005,7, 0
15006,0, 0
15007,0, 0
15008,9, 0
15009,47, 0
15010,83, 0
15011,108, 0
15012,121, 0
15013,130, 0
15014,136, 0
15015,143, 0
15016,132, 0
15017,132, 0
15018,123, 0
15019,112, 0
15020,97, 0
15021,94, 0
15022,92, 0
15023,95, 0
15024,95, 0
15025,87, 0
15026,75, 0
15027,63, 0
15028,47, 0
15029,45, 0
15030,45, 0
15031,61, 0
15032,72, 0
15033,62, 0
15034,50, 0
15035,38, 0
15036,44, 0
15037,51, 0
15038,74, 0
15039,121, 0
15040,147, 0
15041,155, 0
15042,157, 0
15043,161, 0
15044,157, 0
15045,153, 0
15046,145, 0
15047,143, 0
15048,133, 0
15049,126, 0
15050,124, 0
15051,116, 0
15052,120, 0
15053,110, 0
15054,105, 0
15055,107, 0
15056,102, 0
15057,95, 0
15058,91, 0
15059,84, 0
15060,83, 0
15061,79, 0
15062,85, 0
15063,63, 173
15064,43, 309
15065,38, 293
15066,30, 165
15067,31, 85
15068,34, 29
15069,42, 0
15070,36, 0
15071,22, 0
15072,15, 0
15073,11, 0
15074,7, 0
15075,12, 0
15076,13, 0
15077,25, 0
15078,21, 0
15079,24, 17
15080,38, 286
15081,28, 524
15082,18, 658
15083,0, 398
15084,19, 371
15085,10, 210
15086,20, 62
15087,60, 4
15088,115, 0
15089,170, 0
15090,210, 0
15091,237, 0
15092,259, 0
15093,268, 0
15094,258, 0
15095,240, 0
15096,230, 0
15097,222, 0
15098,207, 0
15099,190, 0
15100,189, 0
15101,180, 0
15102,160, 0
15103,145, 0
15104,124, 0
15105,107, 0
15106,102, 0
15107,97, 0
15108,107, 0
15109,102, 0
15110,95, 0
15111,95, 0
15112,100, 0
15113,106, 0
15114,108, 0
15115,119, 0
15116,137, 0
15117,130, 0
15118,128, 0
15119,130, 0
15120,130, 0
15121,133, 36
15122,123, 103
15123,118, 130
15124,92, 156
15125,61, 118
15126,35, 65
15127,32, 55
15128,38, 0
15129,40, 0
15130,46, 0
15131,43, 0
15132,38, 0
15133,30, 0
15134,51, 0
15135,36, 0
15136,42, 0
15137,52, 0
15138,62, 0
15139,63, 0
15140,59, 0
15141,58, 0
15142,51, 0
15143,36, 0
15144,35, 0
15145,27, 8
15146,32, 0
15147,45, 0
15148,53, 0
15149,72, 0
15150,78, 0
15151,107, 0
15152,108, 0
15153,117, 0
15154,108, 0
15155,95, 0
15156,67, 0
15157,67, 0
15158,73, 0
15159,76, 0
15160,91, 0
15161,121, 0
15162,130, 0
15163,126, 0
15164,112, 0
15165,93, 0
15166,92, 0
15167,88, 0
15168,103, 0
15169,79, 0
15170,65, 0
15171,64, 0
15172,63, 0
15173,57, 0
15174,55, 0
15175,38, 0
15176,37, 0
15177,44, 0
15178,70, 0
15179,83, 0
15180,110, 0
15181,124, 0
15182,158, 0
15183,181, 0
15184,196, 0
15185,193, 18
15186,169, 240
15187,152, 239
15188,149, 206
15189,156, 231
15190,140, 190
15191,153, 91
15192,164, 3
15193,136, 0
15194,111, 0
15195,93, 0
15196,91, 0
15197,87, 6
15198,91, 0
15199,93, 0
15200,94, 3
15201,89, 0
15202,89, 0
15203,78, 0
15204,76, 0
15205,75, 0
15206,76, 0
15207,70, 0
15208,84, 0
15209,88, 0
15210,87, 0
15211,94, 0
15212,89, 0
15213,84, 0
15214,84, 0
15215,80, 0
15216,63, 0
15217,37, 19
15218,17, 84
15219,12, 111
15220,14, 206
15221,42, 19
15222,75, 22
15223,91, 4
15224,95, 0
15225,92, 0
15226,92, 0
15227,92, 0
15228,96, 0
15229,102, 0
15230,96, 0
15231,95, 0
15232,91, 0
15233,89, 0
15234,88, 0
15235,83, 0
15236,79, 0
15237,80, 0
15238,73, 0
15239,78, 0
15240,87, 0
15241,96, 0
15242,90, 0
15243,96, 0
15244,95, 0
15245,92, 0
15246,83, 0
15247,45, 104
15248,17, 182
15249,12, 92
15250,35, 28
15251,55, 0
15252,97, 0
15253,126, 0
15254,141, 0
15255,138, 0
15256,128, 0
15257,124, 0
15258,117, 0
15259,115, 0
15260,109, 0
15261,99, 0
15262,90, 0
15263,70, 0
15264,51, 0
15265,44, 0
15266,44, 0
15267,50, 0
15268,55, 0
15269,65, 0
15270,75, 0
15271,75, 0
15272,73, 0
15273,70, 0
15274,80, 0
15275,89, 0
15276,94, 0
15277,68, 0
15278,44, 166
15279,24, 0
15280,14, 0
15281,14, 0
15282,40, 0
15283,70, 0
15284,84, 0
15285,83, 0
15286,85, 0
15287,83, 0
15288,86, 0
15289,89, 0
15290,103, 0
15291,90, 0
15292,86, 0
15293,79, 0
15294,68, 0
15295,68, 0
15296,60, 0
15297,60, 0
15298,67, 0
15299,78, 0
15300,94, 0
15301,108, 0
15302,99, 0
15303,108, 0
15304,100, 0
15305,97, 0
15306,94, 0
15307,87, 7
15308,59, 73
15309,54, 210
15310,31, 58
15311,36, 29
15312,50, 0
15313,81, 0
15314,95, 0
15315,95, 0
15316,110, 0
15317,95, 0
15318,83, 2
15319,75, 0
15320,77, 0
15321,86, 0
15322,102, 0
15323,132, 0
15324,116, 0
15325,128, 0
15326,127, 0
15327,133, 0
15328,143, 0
15329,140, 0
15330,141, 0
15331,145, 0
15332,147, 0
15333,144, 0
15334,149, 0
15335,152, 0
15336,158, 0
15337,152, 0
15338,129, 0
15339,94, 0
15340,81, 0
15341,70, 0
15342,63, 0
15343,87, 0
15344,101, 0
15345,105, 0
15346,88, 0
15347,87, 0
15348,87, 0
15349,95, 0
15350,106, 0
15351,111, 0
15352,115, 0
15353,108, 0
15354,105, 0
15355,102, 0
15356,103, 0
15357,94, 0
15358,90, 0
15359,85, 0
15360,79, 0
15361,80, 0
15362,80, 0
15363,94, 0
15364,83, 0
15365,86, 0
15366,83, 0
15367,78, 0
15368,68, 31
15369,27, 59
15370,5, 172
15371,6, 220
15372,18, 119
15373,27, 0
15374,62, 0
15375,83, 0
15376,92, 0
15377,100, 0
15378,119, 0
15379,90, 0
15380,95, 0
15381,89, 0
15382,86, 0
15383,89, 0
15384,108, 0
15385,88, 5
15386,92, 220
15387,102, 149
15388,88, 198
15389,88, 185
15390,84, 55
15391,80, 0
15392,77, 0
15393,85, 0
15394,95, 0
15395,99, 0
15396,95, 0
15397,93, 0
15398,89, 0
15399,52, 0
15400,26, 0
15401,19, 0
15402,24, 0
15403,31, 0
15404,65, 0
15405,99, 0
15406,107, 0
15407,108, 0
15408,102, 0
15409,99, 0
15410,106, 0
15411,110, 0
15412,115, 0
15413,113, 0
15414,115, 0
15415,116, 0
15416,115, 0
15417,119, 0
15418,116, 0
15419,106, 0
15420,102, 0
15421,89, 0
15422,80, 0
15423,73, 0
15424,71, 0
15425,81, 0
15426,80, 0
15427,86, 0
15428,79, 0
15429,62, 0
15430,32, 106
15431,13, 70
15432,7, 29
15433,19, 214
15434,23, 0
15435,54, 0
15436,70, 0
15437,81, 0
15438,87, 0
15439,80, 0
15440,84, 0
15441,81, 0
15442,73, 0
15443,62, 0
15444,73, 0
15445,76, 0
15446,71, 0
15447,73, 0
15448,73, 0
15449,89, 0
15450,102, 0
15451,94, 0
15452,95, 0
15453,102, 0
15454,102, 0
15455,121, 0
15456,117, 0
15457,129, 0
15458,127, 0
15459,117, 0
15460,92, 0
15461,68, 0
15462,57, 0
15463,57, 8
15464,57, 0
15465,93, 0
15466,129, 0
15467,144, 0
15468,152, 0
15469,147, 0
15470,139, 0
15471,135, 0
15472,127, 0
15473,130, 0
15474,115, 0
15475,108, 8
15476,101, 0
15477,101, 0
15478,111, 0
15479,113, 0
15480,113, 0
15481,113, 0
15482,111, 0
15483,99, 0
15484,105, 0
15485,117, 0
15486,108, 0
15487,109, 0
15488,92, 0
15489,87, 0
15490,67, 0
15491,37, 0
15492,18, 0
15493,19, 0
15494,37, 6
15495,55, 0
15496,85, 0
15497,104, 0
15498,95, 0
15499,87, 0
15500,73, 0
15501,70, 0
15502,73, 0
15503,76, 0
15504,77, 0
15505,78, 0
15506,76, 0
15507,78, 0
15508,79, 0
15509,79, 0
15510,76, 0
15511,74, 0
15512,71, 0
15513,73, 0
15514,73, 0
15515,79, 0
15516,93, 0
15517,88, 0
15518,95, 0
15519,92, 0
15520,83, 0
15521,58, 0
15522,31, 0
15523,27, 0
15524,39, 0
15525,61, 0
15526,94, 0
15527,123, 0
15528,140, 0
15529,157, 0
15530,129, 0
15531,107, 0
15532,126, 0
15533,87, 0
15534,92, 0
15535,59, 0
15536,47, 0
15537,32, 0
15538,39, 0
15539,46, 0
15540,47, 0
15541,46, 0
15542,50, 0
15543,54, 0
15544,65, 0
15545,70, 0
15546,83, 0
15547,78, 0
15548,74, 0
15549,70, 0
15550,58, 0
15551,47, 0
15552,13, 0
15553,0, 0
15554,0, 0
15555,4, 0
15556,35, 0
15557,48, 0
15558,64, 0
15559,70, 0
15560,74, 0
15561,52, 0
15562,52, 2
15563,52, 0
15564,55, 0
15565,56, 0
15566,67, 0
15567,83, 0
15568,101, 0
15569,124, 0
15570,144, 0
15571,161, 0
15572,172, 0
15573,189, 0
15574,189, 0
15575,188, 0
15576,195, 0
15577,198, 0
15578,195, 0
15579,193, 0
15580,183, 0
15581,156, 0
15582,110, 0
15583,77, 0
15584,54, 0
15585,50, 0
15586,50, 0
15587,77, 0
15588,118, 0
15589,134, 0
15590,152, 0
15591,135, 0
15592,133, 0
15593,148, 0
15594,121, 0
15595,121, 0
15596,124, 0
15597,113, 0
15598,119, 0
15599,106, 0
15600,101, 0
15601,86, 0
15602,68, 0
15603,64, 0
15604,58, 0
15605,47, 0
15606,30, 0
15607,23, 0
15608,6, 0
15609,3, 0
15610,0, 0
15611,0, 0
15612,0, 0
15613,0, 3
15614,0, 14
15615,0, 0
15616,0, 18
15617,3, 0
15618,32, 0
15619,61, 0
15620,75, 0
15621,86, 0
15622,76, 0
15623,85, 0
15624,111, 0
15625,92, 0
15626,106, 0
15627,115, 0
15628,129, 0
15629,131, 0
15630,131, 0
15631,131, 0
15632,127, 0
15633,138, 0
15634,118, 0
15635,110, 4
15636,116, 0
15637,106, 0
15638,104, 0
15639,105, 0
15640,105, 0
15641,107, 0
15642,99, 0
15643,76, 0
15644,61, 97
15645,51, 6
15646,60, 0
15647,69, 0
15648,95, 0
15649,122, 0
15650,139, 0
15651,137, 0
15652,137, 0
15653,133, 0
15654,135, 0
15655,133, 0
15656,127, 0
15657,128, 0
15658,125, 0
15659,111, 0
15660,107, 0
15661,93, 0
15662,89, 0
15663,84, 0
15664,78, 0
15665,91, 0
15666,96, 0
15667,101, 0
15668,120, 0
15669,100, 0
15670,100, 0
15671,95, 0
15672,92, 0
15673,71, 0
15674,43, 70
15675,34, 61
15676,29, 26
15677,36, 0
15678,45, 0
15679,80, 0
15680,90, 0
15681,92, 0
15682,92, 0
15683,94, 0
15684,89, 6
15685,91, 0
15686,87, 0
15687,78, 0
15688,70, 0
15689,56, 0
15690,50, 0
15691,32, 0
15692,32, 0
15693,43, 0
15694,70, 0
15695,76, 0
15696,90, 0
15697,89, 0
15698,104, 0
15699,93, 0
15700,83, 0
15701,77, 0
15702,64, 0
15703,52, 0
15704,17, 0
15705,3, 0
15706,8, 0
15707,12, 0
15708,34, 2
15709,64, 0
15710,110, 0
15711,137, 0
15712,158, 0
15713,165, 0
15714,176, 0
15715,167, 0
15716,170, 0
15717,167, 0
15718,174, 0
15719,184, 0
15720,176, 0
15721,185, 0
15722,188, 0
15723,202, 0
15724,204, 0
15725,207, 0
15726,192, 0
15727,183, 0
15728,175, 0
15729,159, 0
15730,139, 0
15731,131, 0
15732,124, 0
15733,120, 0
15734,89, 0
15735,55, 107
15736,25, 99
15737,24, 72
15738,22, 0
15739,38, 0
15740,71, 0
15741,85, 0
15742,87, 0
15743,83, 0
15744,81, 0
15745,70, 0
15746,63, 0
15747,57, 0
15748,37, 0
15749,21, 0
15750,23, 0
15751,0, 0
15752,0, 0
15753,0, 0
15754,0, 0
15755,0, 0
15756,0, 0
15757,0, 0
15758,0, 0
15759,0, 0
15760,3, 0
15761,0, 0
15762,0, 0
15763,3, 0
15764,13, 0
15765,8, 181
15766,0, 59
15767,0, 139
15768,0, 204
15769,0, 21
15770,41, 0
15771,70, 0
15772,92, 0
15773,115, 0
15774,122, 0
15775,125, 0
15776,120, 0
15777,113, 0
15778,106, 0
15779,103, 0
15780,102, 0
15781,102, 0
15782,107, 0
15783,112, 0
15784,106, 0
15785,105, 0
15786,103, 0
15787,107, 0
15788,110, 0
15789,107, 0
15790,104, 0
15791,101, 0
15792,101, 0
15793,94, 0
15794,84, 0
15795,45, 5
15796,14, 93
15797,0, 144
15798,0, 38
15799,0, 108
15800,0, 0
15801,21, 4
15802,36, 0
15803,47, 0
15804,57, 0
15805,58, 0
15806,68, 0
15807,74, 0
15808,90, 0
15809,105, 0
15810,108, 0
15811,115, 0
15812,115, 0
15813,115, 0
15814,107, 0
15815,130, 0
15816,149, 0
15817,131, 0
15818,132, 0
15819,137, 0
15820,139, 0
15821,151, 0
15822,147, 0
15823,150, 0
15824,132, 0
15825,141, 0
15826,100, 0
15827,93, 0
15828,89, 0
15829,96, 3
15830,107, 0
15831,139, 0
15832,165, 0
15833,176, 0
15834,175, 0
15835,170, 0
15836,161, 0
15837,159, 0
15838,159, 0
15839,175, 0
15840,156, 0
15841,155, 0
15842,153, 0
15843,147, 0
15844,151, 0
15845,148, 0
15846,139, 0
15847,147, 0
15848,132, 0
15849,128, 0
15850,133, 0
15851,133, 0
15852,115, 0
15853,103, 0
15854,92, 0
15855,78, 0
15856,54, 0
15857,24, 11
15858,9, 53
15859,7, 50
15860,12, 83
15861,36, 0
15862,74, 0
15863,87, 0
15864,89, 0
15865,85, 0
15866,80, 0
15867,80, 0
15868,81, 0
15869,80, 0
15870,101, 0
15871,89, 0
15872,95, 0
15873,102, 0
15874,115, 0
15875,109, 0
15876,113, 0
15877,106, 0
15878,107, 0
15879,94, 0
15880,91, 0
15881,83, 0
15882,86, 0
15883,95, 0
15884,76, 0
15885,80, 0
15886,80, 0
15887,64, 0
15888,48, 0
15889,55, 0
15890,63, 0
15891,74, 0
15892,102, 0
15893,125, 0
15894,127, 0
15895,129, 0
15896,122, 0
15897,122, 0
15898,127, 0
15899,123, 0
15900,115, 0
15901,104, 0
15902,97, 0
15903,89, 0
15904,83, 0
15905,81, 0
15906,70, 0
15907,48, 0
15908,46, 0
15909,30, 0
15910,18, 0
15911,10, 0
15912,2, 0
15913,0, 0
15914,0, 0
15915,0, 0
15916,0, 0
15917,0, 0
15918,0, 62
15919,0, 0
15920,0, 1
15921,0, 0
15922,19, 0
15923,13, 0
15924,17, 0
15925,5, 0
15926,1, 0
15927,0, 0
15928,0, 0
15929,0, 0
15930,7, 0
15931,25, 0
15932,50, 0
15933,95, 0
15934,95, 0
15935,113, 0
15936,133, 0
15937,144, 0
15938,150, 0
15939,157, 0
15940,145, 0
15941,159, 0
15942,156, 0
15943,157, 0
15944,164, 0
15945,174, 0
15946,187, 0
15947,177, 0
15948,154, 0
15949,138, 0
15950,141, 0
15951,153, 0
15952,159, 0
15953,204, 0
15954,235, 0
15955,239, 0
15956,232, 0
15957,222, 0
15958,179, 0
15959,176, 0
15960,152, 0
15961,123, 0
15962,97, 0
15963,79, 0
15964,76, 0
15965,69, 0
15966,80, 0
15967,83, 0
15968,87, 0
15969,91, 0
15970,95, 0
15971,107, 0
15972,103, 0
15973,109, 0
15974,93, 0
15975,92, 0
15976,95, 0
15977,90, 0
15978,75, 0
15979,47, 0
15980,38, 11
15981,29, 48
15982,38, 0
15983,70, 0
15984,70, 0
15985,56, 0
15986,51, 0
15987,37, 0
15988,36, 0
15989,44, 0
15990,55, 0
15991,63, 0
15992,81, 0
15993,89, 0
15994,94, 0
15995,95, 0
15996,92, 0
15997,94, 0
15998,93, 0
15999,106, 0
16000,95, 0
16001,87, 0
16002,95, 0
16003,90, 0
16004,83, 0
16005,89, 0
16006,95, 0
16007,97, 0
16008,94, 0
16009,71, 0
16010,54, 0
16011,46, 0
16012,50, 0
16013,58, 0
16014,90, 0
16015,121, 0
16016,124, 0
16017,133, 0
16018,123, 0
16019,141, 0
16020,120, 0
16021,102, 0
16022,107, 0
16023,103, 0
16024,102, 0
16025,92, 0
16026,87, 0
16027,78, 0
16028,76, 0
16029,68, 0
16030,70, 0
16031,83, 0
16032,83, 0
16033,92, 0
16034,105, 0
16035,99, 0
16036,102, 0
16037,110, 0
16038,115, 0
16039,92, 0
16040,108, 0
16041,95, 0
16042,102, 27
16043,120, 101
16044,136, 0
16045,170, 0
16046,193, 0
16047,214, 0
16048,233, 0
16049,238, 0
16050,241, 0
16051,240, 0
16052,241, 0
16053,241, 0
16054,246, 0
16055,249, 0
16056,257, 0
16057,269, 0
16058,263, 0
16059,251, 0
16060,232, 0
16061,226, 0
16062,217, 0
16063,205, 0
16064,189, 0
16065,170, 0
16066,157, 0
16067,129, 0
16068,90, 0
16069,39, 0
16070,0, 0
16071,0, 0
16072,0, 0
16073,0, 0
16074,0, 0
16075,25, 0
16076,90, 0
16077,108, 0
16078,106, 0
16079,69, 0
16080,56, 0
16081,44, 0
16082,55, 0
16083,81, 0
16084,95, 0
16085,115, 0
16086,139, 0
16087,133, 0
16088,125, 0
16089,129, 0
16090,109, 0
16091,97, 0
16092,71, 0
16093,57, 0
16094,41, 0
16095,27, 0
16096,10, 0
16097,5, 0
16098,0, 0
16099,0, 0
16100,0, 81
16101,0, 79
16102,0, 35
16103,0, 5
16104,0, 30
16105,0, 0
16106,19, 0
16107,46, 0
16108,72, 0
16109,77, 0
16110,83, 0
16111,83, 0
16112,83, 0
16113,84, 0
16114,77, 0
16115,68, 0
16116,30, 0
16117,4, 0
16118,5, 0
16119,0, 0
16120,0, 0
16121,0, 0
16122,0, 0
16123,0, 0
16124,0, 0
16125,0, 0
16126,26, 0
16127,60, 0
16128,87, 0
16129,108, 0
16130,97, 0
16131,88, 0
16132,78, 0
16133,91, 0
16134,108, 0
16135,143, 0
16136,213, 0
16137,289, 0
16138,348, 0
16139,393, 0
16140,420, 0
16141,438, 0
16142,472, 0
16143,498, 0
16144,531, 0
16145,547, 0
16146,540, 0
16147,524, 0
16148,501, 0
16149,482, 0
16150,457, 0
16151,445, 0
16152,439, 0
16153,439, 0
16154,431, 0
16155,407, 7
16156,359, 0
16157,294, 0
16158,218, 0
16159,154, 0
16160,92, 0
16161,38, 12
16162,3, 10
16163,1, 0
16164,4, 0
16165,9, 0
16166,17, 0
16167,30, 0
16168,18, 0
16169,0, 0
16170,0, 0
16171,11, 0
16172,23, 0
16173,18, 0
16174,12, 0
16175,10, 0
16176,24, 0
16177,44, 0
16178,4, 0
16179,0, 0
16180,0, 0
16181,0, 0
16182,0, 0
16183,3, 0
16184,60, 0
16185,148, 0
16186,197, 0
16187,251, 0
16188,311, 0
16189,343, 0
16190,348, 0
16191,330, 0
16192,326, 0
16193,286, 0
16194,230, 25
16195,131, 32
16196,15, 6
16197,24, 0
16198,152, 0
16199,243, 0
16200,364, 0
16201,428, 0
16202,461, 0
16203,468, 0
16204,439, 0
16205,420, 0
16206,403, 0
16207,391, 0
16208,348, 0
16209,255, 0
16210,138, 0
16211,67, 0
16212,64, 0
16213,127, 0
16214,218, 0
16215,282, 0
16216,339, 0
16217,395, 0
16218,447, 0
16219,509, 0
16220,564, 0
16221,573, 0
16222,508, 0
16223,477, 0
16224,433, 0
16225,399, 6
16226,339, 0
16227,267, 0
16228,197, 0
16229,130, 0
16230,89, 0
16231,62, 0
16232,18, 0
16233,7, 0
16234,0, 0
16235,24, 0
16236,70, 0
16237,79, 0
16238,63, 0
16239,65, 0
16240,103, 0
16241,189, 0
16242,307, 0
16243,432, 0
16244,464, 0
16245,435, 0
16246,361, 0
16247,263, 0
16248,131, 0
16249,12, 0
16250,2, 0
16251,79, 0
16252,175, 0
16253,255, 0
16254,325, 97
16255,367, 95
16256,382, 108
16257,369, 123
16258,361, 47
16259,353, 0
16260,326, 0
16261,281, 0
16262,237, 0
16263,197, 0
16264,153, 0
16265,128, 0
16266,100, 0
16267,100, 0
16268,105, 0
16269,99, 0
16270,73, 0
16271,63, 0
16272,41, 0
16273,25, 0
16274,6, 0
16275,4, 0
16276,54, 0
16277,103, 0
16278,104, 0
16279,89, 0
16280,48, 0
16281,1, 5
16282,6, 159
16283,64, 218
16284,147, 322
16285,231, 481
16286,315, 362
16287,382, 292
16288,469, 85
16289,562, 3
16290,657, 0
16291,725, 0
16292,735, 0
16293,698, 0
16294,628, 0
16295,502, 0
16296,369, 0
16297,226, 0
16298,97, 0
16299,4, 0
16300,6, 0
16301,63, 0
16302,95, 0
16303,109, 0
16304,118, 0
16305,128, 0
16306,156, 0
16307,176, 0
16308,137, 0
16309,59, 0
16310,0, 0
16311,9, 0
16312,92, 0
16313,172, 0
16314,232, 0
16315,318, 0
16316,420, 0
16317,540, 0
16318,661, 0
16319,784, 0
16320,842, 0
16321,822, 0
16322,761, 0
16323,674, 0
16324,584, 0
16325,514, 0
16326,426, 0
16327,340, 0
16328,231, 0
16329,136, 0
16330,79, 0
16331,40, 0
16332,3, 0
16333,8, 0
16334,115, 0
16335,298, 186
16336,473, 374
16337,618, 497
16338,715, 525
16339,771, 536
16340,739, 447
16341,665, 333
16342,541, 176
16343,380, 4
16344,226, 0
16345,95, 0
16346,0, 0
16347,0, 0
16348,0, 0
16349,0, 0
16350,0, 0
16351,0, 0
16352,0, 0
16353,0, 0
16354,109, 0
16355,312, 0
16356,469, 0
16357,593, 0
16358,682, 0
16359,723, 0
16360,771, 0
16361,751, 0
16362,669, 0
16363,579, 0
16364,500, 0
16365,433, 0
16366,337, 0
16367,246, 0
16368,165, 0
16369,96, 0
16370,51, 0
16371,19, 0
16372,4, 0
16373,0, 0
16374,3, 0
16375,111, 0
16376,280, 0
16377,413, 0
16378,476, 0
16379,456, 0
16380,375, 0
16381,287, 0
16382,261, 0
16383,284, 0
16384,312, 0
16385,329, 0
16386,304, 0
16387,232, 0
16388,175, 0
16389,140, 0
16390,110, 0
16391,76, 0
16392,39, 0
16393,22, 0
16394,6, 0
16395,0, 9
16396,0, 10
16397,12, 0
16398,134, 0
16399,312, 0
16400,518, 0
16401,705, 0
16402,842, 0
16403,963, 0
16404,1054, 31
16405,1096, 51
16406,1131, 159
16407,1145, 174
16408,1132, 269
16409,1078, 0
16410,989, 0
16411,861, 0
16412,662, 0
16413,447, 0
16414,240, 0
16415,48, 0
16416,31, 0
16417,149, 0
16418,202, 0
16419,192, 0
16420,153, 0
16421,139, 0
16422,130, 0
16423,119, 0
16424,73, 0
16425,18, 0
16426,0, 0
16427,0, 0
16428,0, 0
16429,2, 0
16430,20, 0
16431,31, 17
16432,4, 124
16433,0, 121
16434,37, 229
16435,148, 234
16436,200, 202
16437,259, 121
16438,300, 210
16439,301, 139
16440,306, 230
16441,322, 63
16442,321, 0
16443,298, 0
16444,251, 0
16445,195, 0
16446,145, 0
16447,136, 0
16448,100, 0
16449,48, 0
16450,0, 0
16451,0, 0
16452,2, 0
16453,12, 0
16454,0, 0
16455,7, 0
16456,48, 0
16457,13, 0
16458,14, 0
16459,110, 0
16460,134, 0
16461,100, 0
16462,64, 0
16463,53, 0
16464,64, 0
16465,120, 5
16466,201, 92
16467,238, 295
16468,222, 319
16469,148, 318
16470,41, 281
16471,0, 190
16472,0, 12
16473,0, 0
16474,0, 0
16475,39, 1
16476,90, 0
16477,107, 0
16478,92, 0
16479,44, 0
16480,0, 0
16481,4, 0
16482,6, 0
16483,26, 0
16484,4, 0
16485,18, 0
16486,133, 0
16487,220, 0
16488,206, 0
16489,101, 0
16490,6, 0
16491,7, 0
16492,74, 0
16493,167, 0
16494,296, 0
16495,430, 0
16496,507, 0
16497,504, 0
16498,439, 0
16499,368, 0
16500,261, 0
16501,147, 0
16502,69, 0
16503,24, 0
16504,10, 0
16505,0, 0
16506,85, 0
16507,241, 0
16508,329, 0
16509,257, 0
16510,102, 0
16511,6, 0
16512,161, 9
16513,296, 21
16514,374, 0
16515,416, 0
16516,476, 0
16517,546, 0
16518,601, 19
16519,642, 80
16520,576, 110
16521,452, 130
16522,306, 70
16523,232, 0
16524,263, 0
16525,371, 0
16526,470, 0
16527,494, 0
16528,403, 0
16529,242, 0
16530,67, 0
16531,0, 0
16532,15, 0
16533,53, 0
16534,63, 0
16535,29, 0
16536,0, 0
16537,1, 0
16538,7, 0
16539,121, 0
16540,331, 0
16541,548, 0
16542,731, 0
16543,893, 0
16544,959, 0
16545,928, 0
16546,767, 0
16547,532, 0
16548,278, 0
16549,39, 0
16550,106, 0
16551,398, 0
16552,621, 0
16553,767, 0
16554,822, 0
16555,815, 0
16556,764, 0
16557,642, 0
16558,452, 0
16559,313, 0
16560,293, 0
16561,349, 0
16562,481, 0
16563,647, 0
16564,822, 0
16565,955, 0
16566,999, 0
16567,902, 0
16568,713, 0
16569,529, 0
16570,371, 0
16571,242, 0
16572,79, 0
16573,38, 0
16574,244, 0
16575,402, 0
16576,495, 0
16577,479, 0
16578,439, 0
16579,415, 0
16580,374, 0
16581,272, 0
16582,109, 6
16583,3, 0
16584,0, 0
16585,1, 0
16586,43, 0
16587,126, 0
16588,145, 101
16589,138, 53
16590,128, 5
16591,121, 65
16592,89, 0
16593,43, 0
16594,0, 0
16595,5, 0
16596,58, 0
16597,100, 0
16598,115, 0
16599,121, 0
16600,92, 0
16601,27, 0
16602,0, 0
16603,0, 0
16604,57, 0
16605,176, 0
16606,198, 0
16607,91, 0
16608,5, 0
16609,57, 0
16610,86, 0
16611,20, 0
16612,0, 0
16613,19, 0
16614,2, 0
16615,105, 0
16616,278, 0
16617,321, 0
16618,203, 0
16619,9, 0
16620,0, 0
16621,0, 0
16622,28, 0
16623,163, 0
16624,369, 0
16625,574, 0
16626,718, 0
16627,737, 0
16628,666, 0
16629,582, 0
16630,564, 0
16631,628, 0
16632,723, 0
16633,764, 48
16634,764, 187
16635,714, 365
16636,657, 223
16637,620, 142
16638,580, 35
16639,531, 0
16640,478, 0
16641,383, 0
16642,312, 0
16643,229, 0
16644,123, 0
16645,26, 0
16646,8, 0
16647,0, 0
16648,0, 0
16649,0, 0
16650,5, 63
16651,28, 19
16652,61, 0
16653,154, 0
16654,226, 0
16655,248, 0
16656,202, 0
16657,130, 0
16658,51, 0
16659,0, 0
16660,0, 0
16661,4, 0
16662,30, 0
16663,69, 0
16664,76, 0
16665,20, 0
16666,0, 0
16667,29, 0
16668,92, 0
16669,106, 0
16670,91, 0
16671,73, 0
16672,63, 0
16673,15, 0
16674,0, 0
16675,0, 0
16676,0, 0
16677,0, 0
16678,41, 0
16679,200, 0
16680,326, 19
16681,338, 23
16682,242, 0
16683,95, 0
16684,3, 0
16685,0, 0
16686,0, 0
16687,0, 0
16688,3, 0
16689,87, 0
16690,193, 0
16691,301, 35
16692,430, 95
16693,566, 27
16694,689, 4
16695,751, 0
16696,713, 0
16697,599, 0
16698,410, 0
16699,179, 0
16700,14, 0
16701,52, 0
16702,99, 0
16703,89, 0
16704,76, 0
16705,58, 0
16706,57, 0
16707,101, 0
16708,163, 0
16709,150, 3
16710,142, 3
16711,105, 242
16712,8, 52
16713,7, 126
16714,92, 9
16715,181, 0
16716,253, 0
16717,246, 0
16718,174, 0
16719,51, 0
16720,0, 0
16721,18, 0
16722,19, 0
16723,0, 0
16724,0, 0
16725,3, 0
16726,0, 0
16727,44, 0
16728,158, 0
16729,212, 0
16730,202, 0
16731,122, 0
16732,40, 0
16733,0, 0
16734,0, 0
16735,0, 0
16736,29, 0
16737,129, 0
16738,270, 0
16739,396, 0
16740,438, 0
16741,415, 0
16742,428, 0
16743,483, 0
16744,464, 0
16745,361, 0
16746,253, 0
16747,230, 0
16748,302, 0
16749,376, 0
16750,369, 0
16751,307, 0
16752,204, 0
16753,158, 0
16754,213, 0
16755,294, 0
16756,377, 0
16757,386, 0
16758,289, 0
16759,115, 0
16760,18, 0
16761,183, 0
16762,277, 0
16763,214, 0
16764,69, 0
16765,19, 0
16766,76, 0
16767,175, 0
16768,188, 0
16769,118, 0
16770,38, 2
16771,4, 6
16772,12, 99
16773,51, 46
16774,121, 30
16775,280, 12
16776,464, 0
16777,562, 0
16778,564, 0
16779,499, 0
16780,391, 0
16781,301, 0
16782,260, 0
16783,226, 0
16784,117, 0
16785,6, 0
16786,32, 0
16787,42, 0
16788,5, 0
16789,144, 0
16790,305, 0
16791,439, 0
16792,494, 0
16793,473, 0
16794,411, 0
16795,328, 0
16796,201, 0
16797,34, 0
16798,76, 0
16799,289, 0
16800,411, 0
16801,458, 0
16802,440, 0
16803,405, 2
16804,356, 19
16805,292, 40
16806,204, 6
16807,117, 0
16808,3, 0
16809,6, 0
16810,92, 0
16811,196, 0
16812,251, 0
16813,259, 0
16814,210, 0
16815,116, 0
16816,6, 0
16817,32, 0
16818,100, 0
16819,69, 0
16820,0, 0
16821,0, 0
16822,21, 0
16823,25, 0
16824,18, 0
16825,27, 0
16826,80, 0
16827,151, 7
16828,253, 116
16829,372, 62
16830,505, 59
16831,573, 204
16832,515, 193
16833,304, 270
16834,53, 192
16835,51, 92
16836,142, 0
16837,120, 0
16838,14, 0
16839,6, 0
16840,64, 0
16841,94, 0
16842,118, 0
16843,152, 0
16844,229, 0
16845,298, 0
16846,348, 0
16847,367, 0
16848,346, 0
16849,306, 0
16850,298, 0
16851,300, 0
16852,318, 0
16853,345, 0
16854,353, 0
16855,330, 0
16856,255, 0
16857,76, 0
16858,46, 0
16859,183, 0
16860,189, 0
16861,122, 0
16862,92, 0
16863,94, 0
16864,59, 0
16865,7, 0
16866,0, 0
16867,2, 0
16868,52, 0
16869,113, 0
16870,182, 0
16871,254, 0
16872,310, 0
16873,332, 0
16874,348, 0
16875,344, 0
16876,308, 0
16877,231, 0
16878,128, 0
16879,52, 0
16880,13, 0
16881,23, 0
16882,42, 0
16883,77, 0
16884,42, 0
16885,0, 0
16886,3, 0
16887,28, 0
16888,12, 0
16889,0, 0
16890,1, 0
16891,61, 0
16892,164, 0
16893,243, 14
16894,302, 212
16895,297, 68
16896,270, 52
16897,246, 38
16898,242, 0
16899,217, 0
16900,141, 0
16901,44, 0
16902,0, 0
16903,3, 0
16904,19, 0
16905,0, 0
16906,1, 0
16907,54, 0
16908,91, 0
16909,94, 0
16910,111, 0
16911,108, 0
16912,121, 0
16913,152, 0
16914,176, 0
16915,189, 0
16916,171, 0
16917,127, 0
16918,54, 0
16919,3, 0
16920,0, 0
16921,0, 0
16922,0, 0
16923,1, 0
16924,21, 0
16925,69, 0
16926,117, 0
16927,149, 0
16928,195, 0
16929,234, 0
16930,252, 0
16931,204, 0
16932,123, 0
16933,28, 0
16934,0, 0
16935,0, 0
16936,11, 0
16937,95, 0
16938,183, 0
16939,267, 0
16940,356, 0
16941,401, 0
16942,371, 0
16943,273, 0
16944,210, 0
16945,218, 0
16946,281, 0
16947,368, 0
16948,387, 0
16949,338, 0
16950,247, 0
16951,158, 0
16952,153, 0
16953,236, 0
16954,322, 0
16955,336, 196
16956,189, 158
16957,12, 128
16958,70, 136
16959,118, 238
16960,67, 330
16961,19, 244
16962,0, 338
16963,0, 342
16964,15, 122
16965,185, 25
16966,402, 0
16967,557, 0
16968,584, 0
16969,529, 0
16970,420, 0
16971,276, 0
16972,95, 0
16973,0, 0
16974,5, 0
16975,3, 0
16976,6, 0
16977,0, 0
16978,3, 0
16979,46, 0
16980,140, 0
16981,191, 0
16982,214, 0
16983,208, 0
16984,220, 0
16985,224, 0
16986,183, 0
16987,103, 0
16988,36, 0
16989,40, 0
16990,123, 0
16991,167, 0
16992,199, 0
16993,208, 0
16994,229, 0
16995,280, 0
16996,349, 0
16997,456, 0
16998,525, 0
16999,457, 0
17000,286, 0
17001,110, 0
17002,17, 0
17003,20, 0
17004,60, 0
17005,133, 0
17006,205, 0
17007,277, 0
17008,360, 0
17009,418, 0
17010,414, 0
17011,272, 0
17012,99, 0
17013,8, 0
17014,0, 0
17015,9, 0
17016,112, 0
17017,188, 0
17018,127, 0
17019,8, 0
17020,80, 0
17021,255, 0
17022,373, 0
17023,421, 0
17024,414, 0
17025,342, 0
17026,258, 0
17027,211, 0
17028,167, 0
17029,152, 0
17030,155, 0
17031,127, 0
17032,112, 0
17033,102, 0
17034,80, 0
17035,45, 0
17036,3, 0
17037,0, 0
17038,0, 0
17039,0, 0
17040,15, 0
17041,0, 0
17042,20, 0
17043,57, 0
17044,44, 0
17045,31, 0
17046,63, 3
17047,106, 9
17048,173, 0
17049,229, 0
17050,220, 0
17051,91, 0
17052,2, 0
17053,139, 0
17054,307, 0
17055,355, 0
17056,347, 0
17057,312, 0
17058,327, 0
17059,325, 0
17060,309, 0
17061,277, 0
17062,239, 0
17063,175, 0
17064,95, 0
17065,27, 0
17066,0, 0
17067,42, 0
17068,102, 0
17069,119, 0
17070,57, 0
17071,0, 0
17072,62, 0
17073,142, 0
17074,168, 0
17075,201, 0
17076,190, 21
17077,180, 50
17078,184, 21
17079,201, 0
17080,218, 24
17081,263, 0
17082,297, 0
17083,323, 0
17084,295, 0
17085,214, 0
17086,121, 0
17087,80, 0
17088,90, 0
17089,172, 0
17090,226, 0
17091,223, 0
17092,176, 0
17093,120, 0
17094,31, 0
17095,0, 0
17096,22, 0
17097,6, 0
17098,6, 0
17099,67, 0
17100,140, 0
17101,212, 0
17102,292, 0
17103,339, 0
17104,337, 0
17105,286, 0
17106,244, 0
17107,202, 0
17108,172, 0
17109,121, 0
17110,79, 0
17111,51, 0
17112,73, 0
17113,101, 0
17114,108, 0
17115,108, 0
17116,90, 0
17117,69, 0
17118,51, 0
17119,55, 0
17120,39, 0
17121,57, 0
17122,88, 0
17123,127, 0
17124,176, 0
17125,204, 0
17126,213, 0
17127,248, 0
17128,274, 0
17129,278, 0
17130,252, 0
17131,192, 0
17132,131, 0
17133,19, 0
17134,76, 0
17135,235, 0
17136,351, 0
17137,432, 9
17138,426, 11
17139,370, 53
17140,248, 62
17141,112, 6
17142,3, 0
17143,0, 0
17144,74, 0
17145,216, 0
17146,348, 0
17147,469, 0
17148,607, 0
17149,726, 0
17150,763, 0
17151,725, 0
17152,661, 0
17153,570, 0
17154,476, 0
17155,377, 0
17156,273, 0
17157,150, 0
17158,39, 0
17159,0, 0
17160,0, 0
17161,6, 0
17162,24, 0
17163,40, 0
17164,31, 0
17165,55, 0
17166,126, 0
17167,223, 0
17168,316, 0
17169,258, 0
17170,138, 0
17171,25, 0
17172,0, 0
17173,0, 0
17174,0, 0
17175,0, 0
17176,19, 0
17177,135, 0
17178,245, 0
17179,291, 0
17180,255, 0
17181,184, 0
17182,89, 0
17183,9, 0
17184,2, 6
17185,0, 0
17186,6, 0
17187,0, 0
17188,3, 0
17189,95, 0
17190,182, 0
17191,189, 0
17192,140, 0
17193,44, 0
17194,0, 0
17195,0, 0
17196,25, 0
17197,0, 0
17198,0, 0
17199,0, 140
17200,14, 28
17201,38, 0
17202,63, 0
17203,117, 0
17204,165, 0
17205,172, 0
17206,136, 0
17207,92, 0
17208,73, 0
17209,96, 0
17210,174, 0
17211,278, 0
17212,342, 0
17213,328, 0
17214,274, 0
17215,191, 0
17216,155, 0
17217,176, 0
17218,218, 0
17219,268, 0
17220,312, 0
17221,296, 0
17222,244, 0
17223,210, 0
17224,202, 0
17225,185, 0
17226,140, 0
17227,76, 0
17228,27, 0
17229,25, 0
17230,74, 0
17231,125, 0
17232,159, 0
17233,183, 0
17234,201, 0
17235,155, 0
17236,89, 0
17237,26, 0
17238,0, 0
17239,0, 0
17240,0, 0
17241,0, 0
17242,0, 0
17243,29, 0
17244,77, 0
17245,83, 0
17246,77, 0
17247,75, 0
17248,74, 0
17249,81, 0
17250,85, 0
17251,90, 0
17252,95, 0
17253,122, 0
17254,152, 0
17255,191, 0
17256,166, 0
17257,129, 0
17258,106, 0
17259,22, 0
17260,0, 0
17261,0, 0
17262,0, 0
17263,1, 0
17264,0, 0
17265,5, 0
17266,21, 0
17267,120, 0
17268,234, 0
17269,326, 0
17270,345, 0
17271,330, 0
17272,316, 0
17273,313, 0
17274,285, 0
17275,220, 0
17276,180, 0
17277,159, 0
17278,138, 0
17279,101, 0
17280,45, 0
17281,3, 0
17282,5, 0
17283,25, 0
17284,58, 0
17285,80, 0
17286,78, 0
17287,78, 0
17288,63, 0
17289,51, 0
17290,63, 0
17291,81, 0
17292,99, 0
17293,147, 0
17294,235, 0
17295,338, 0
17296,399, 0
17297,447, 0
17298,467, 0
17299,456, 0
17300,382, 0
17301,258, 0
17302,102, 0
17303,1, 0
17304,0, 0
17305,25, 0
17306,71, 0
17307,9, 0
17308,99, 0
17309,289, 0
17310,436, 0
17311,484, 0
17312,451, 0
17313,356, 0
17314,240, 0
17315,130, 0
17316,29, 0
17317,0, 0
17318,0, 0
17319,0, 0
17320,0, 67
17321,3, 80
17322,1, 121
17323,19, 150
17324,42, 21
17325,81, 0
17326,111, 0
17327,102, 0
17328,90, 0
17329,87, 0
17330,143, 0
17331,264, 0
17332,438, 0
17333,542, 0
17334,542, 0
17335,487, 0
17336,396, 0
17337,403, 0
17338,495, 0
17339,606, 0
17340,662, 0
17341,624, 0
17342,433, 0
17343,204, 0
17344,13, 0
17345,148, 0
17346,342, 0
17347,428, 0
17348,427, 0
17349,389, 0
17350,338, 0
17351,237, 0
17352,118, 0
17353,57, 0
17354,22, 4
17355,0, 0
17356,54, 0
17357,235, 0
17358,379, 0
17359,440, 0
17360,428, 0
17361,421, 0
17362,408, 0
17363,363, 0
17364,232, 0
17365,75, 0
17366,0, 0
17367,14, 0
17368,31, 0
17369,23, 0
17370,0, 0
17371,2, 0
17372,31, 0
17373,96, 0
17374,174, 0
17375,265, 0
17376,318, 0
17377,270, 0
17378,115, 0
17379,5, 0
17380,0, 0
17381,0, 0
17382,10, 71
17383,31, 44
17384,58, 4
17385,92, 2
17386,131, 0
17387,131, 0
17388,115, 0
17389,63, 0
17390,6, 0
17391,0, 0
17392,21, 0
17393,2, 0
17394,0, 8
17395,7, 0
17396,90, 0
17397,170, 0
17398,232, 0
17399,263, 0
17400,297, 0
17401,314, 0
17402,309, 0
17403,296, 0
17404,270, 0
17405,223, 0
17406,204, 0
17407,147, 0
17408,115, 0
17409,99, 0
17410,62, 0
17411,31, 0
17412,0, 0
17413,0, 0
17414,0, 0
17415,0, 4
17416,0, 0
17417,0, 0
17418,19, 0
17419,43, 0
17420,67, 0
17421,104, 0
17422,148, 0
17423,185, 0
17424,189, 0
17425,138, 0
17426,40, 0
17427,6, 0
17428,23, 0
17429,81, 0
17430,161, 0
17431,220, 0
17432,243, 0
17433,228, 0
17434,211, 0
17435,203, 0
17436,200, 0
17437,176, 0
17438,103, 0
17439,23, 0
17440,0, 0
17441,0, 0
17442,2, 0
17443,72, 5
17444,135, 0
17445,155, 3
17446,103, 2
17447,17, 0
17448,0, 0
17449,0, 0
17450,0, 0
17451,25, 0
17452,133, 0
17453,208, 0
17454,169, 0
17455,70, 0
17456,0, 0
17457,7, 0
17458,10, 0
17459,0, 0
17460,0, 0
17461,0, 0
17462,27, 0
17463,79, 0
17464,157, 0
17465,235, 0
17466,305, 0
17467,324, 0
17468,322, 0
17469,322, 0
17470,292, 0
17471,270, 0
17472,227, 0
17473,166, 0
17474,127, 0
17475,100, 0
17476,93, 0
17477,107, 0
17478,149, 0
17479,195, 0
17480,232, 0
17481,292, 0
17482,370, 0
17483,442, 0
17484,473, 0
17485,427, 0
17486,318, 0
17487,163, 0
17488,11, 0
17489,95, 0
17490,214, 0
17491,240, 0
17492,179, 0
17493,88, 0
17494,7, 0
17495,0, 0
17496,0, 0
17497,18, 0
17498,47, 0
17499,39, 0
17500,2, 0
17501,0, 0
17502,0, 0
17503,0, 0
17504,0, 36
17505,0, 0
17506,0, 0
17507,3, 0
17508,63, 0
17509,93, 0
17510,64, 0
17511,11, 0
17512,0, 0
17513,11, 0
17514,84, 0
17515,128, 0
17516,121, 0
17517,31, 0
17518,6, 0
17519,100, 0
17520,211, 0
17521,301, 0
17522,361, 0
17523,383, 1
17524,396, 0
17525,409, 0
17526,410, 0
17527,384, 0
17528,341, 0
17529,282, 0
17530,199, 0
17531,113, 0
17532,57, 0
17533,17, 0
17534,13, 0
17535,45, 0
17536,91, 0
17537,110, 0
17538,134, 0
17539,151, 0
17540,164, 0
17541,166, 0
17542,151, 0
17543,124, 0
17544,115, 0
17545,99, 0
17546,89, 0
17547,79, 0
17548,56, 0
17549,38, 0
17550,10, 0
17551,0, 0
17552,1, 0
17553,0, 0
17554,39, 0
17555,92, 0
17556,120, 0
17557,138, 0
17558,166, 0
17559,220, 0
17560,289, 0
17561,338, 0
17562,339, 0
17563,333, 0
17564,286, 21
17565,249, 104
17566,161, 35
17567,30, 0
17568,0, 0
17569,0, 0
17570,0, 0
17571,11, 0
17572,44, 0
17573,65, 0
17574,69, 0
17575,71, 0
17576,94, 0
17577,132, 0
17578,147, 0
17579,153, 0
17580,158, 0
17581,139, 0
17582,65, 0
17583,2, 0
17584,0, 0
17585,6, 0
17586,0, 0
17587,0, 0
17588,48, 0
17589,155, 0
17590,252, 0
17591,292, 0
17592,257, 0
17593,155, 0
17594,15, 0
17595,7, 0
17596,50, 0
17597,31, 25
17598,1, 11
17599,0, 0
17600,24, 0
17601,76, 0
17602,108, 0
17603,151, 0
17604,183, 0
17605,174, 0
17606,161, 0
17607,173, 0
17608,165, 0
17609,121, 0
17610,37, 0
17611,0, 0
17612,0, 0
17613,6, 0
17614,2, 0
17615,34, 0
17616,51, 0
17617,24, 0
17618,0, 0
17619,0, 0
17620,18, 0
17621,9, 0
17622,0, 0
17623,76, 0
17624,99, 0
17625,44, 0
17626,0, 0
17627,0, 0
17628,20, 3
17629,127, 0
17630,249, 0
17631,332, 0
17632,361, 0
17633,359, 0
17634,360, 0
17635,354, 0
17636,322, 0
17637,263, 0
17638,213, 0
17639,192, 0
17640,211, 0
17641,248, 0
17642,223, 0
17643,235, 0
17644,256, 0
17645,282, 0
17646,279, 0
17647,318, 0
17648,315, 0
17649,278, 0
17650,271, 0
17651,284, 0
17652,282, 0
17653,255, 0
17654,199, 0
17655,135, 0
17656,27, 0
17657,0, 0
17658,51, 0
17659,57, 0
17660,15, 0
17661,0, 0
17662,8, 0
17663,37, 0
17664,46, 0
17665,39, 0
17666,5, 0
17667,0, 0
17668,8, 0
17669,70, 0
17670,122, 0
17671,142, 0
17672,78, 0
17673,0, 0
17674,14, 0
17675,59, 0
17676,63, 0
17677,1, 0
17678,0, 0
17679,0, 0
17680,0, 0
17681,0, 0
17682,44, 0
17683,80, 0
17684,94, 0
17685,108, 83
17686,138, 54
17687,161, 169
17688,165, 91
17689,143, 0
17690,134, 0
17691,148, 0
17692,136, 0
17693,115, 0
17694,56, 0
17695,6, 0
17696,0, 0
17697,0, 0
17698,0, 0
17699,0, 0
17700,8, 0
17701,44, 0
17702,95, 0
17703,159, 0
17704,198, 0
17705,202, 0
17706,183, 0
17707,148, 0
17708,121, 0
17709,124, 0
17710,108, 0
17711,134, 0
17712,183, 0
17713,222, 0
17714,273, 0
17715,300, 0
17716,270, 0
17717,196, 0
17718,112, 0
17719,31, 0
17720,1, 0
17721,38, 0
17722,172, 0
17723,263, 0
17724,269, 0
17725,188, 0
17726,76, 0
17727,0, 0
17728,0, 0
17729,17, 0
17730,41, 0
17731,20, 0
17732,1, 0
17733,0, 0
17734,31, 0
17735,121, 0
17736,158, 0
17737,187, 0
17738,232, 0
17739,257, 0
17740,265, 0
17741,249, 0
17742,217, 0
17743,192, 0
17744,159, 0
17745,150, 0
17746,117, 8
17747,53, 8
17748,45, 191
17749,46, 0
17750,29, 214
17751,1, 1
17752,0, 0
17753,0, 0
17754,0, 0
17755,0, 0
17756,15, 0
17757,83, 0
17758,170, 0
17759,193, 0
17760,145, 0
17761,57, 0
17762,0, 0
17763,0, 0
17764,0, 0
17765,0, 0
17766,2, 0
17767,31, 0
17768,58, 0
17769,85, 0
17770,95, 0
17771,127, 0
17772,164, 0
17773,210, 0
17774,269, 0
17775,264, 0
17776,251, 0
17777,201, 0
17778,128, 0
17779,103, 0
17780,92, 0
17781,59, 0
17782,27, 0
17783,20, 0
17784,29, 0
17785,54, 0
17786,83, 0
17787,121, 0
17788,116, 0
17789,130, 0
17790,126, 0
17791,138, 0
17792,164, 0
17793,174, 0
17794,164, 0
17795,127, 0
17796,75, 0
17797,57, 0
17798,41, 0
17799,48, 0
17800,31, 0
17801,7, 0
17802,32, 0
17803,88, 0
17804,140, 0
17805,145, 0
17806,127, 0
17807,74, 0
17808,15, 12
17809,2, 0
17810,12, 0
17811,43, 0
17812,78, 0
17813,122, 0
17814,152, 0
17815,163, 0
17816,165, 0
17817,164, 0
17818,158, 0
17819,149, 0
17820,104, 0
17821,68, 0
17822,56, 0
17823,56, 0
17824,61, 0
17825,63, 0
17826,67, 0
17827,92, 0
17828,131, 0
17829,168, 0
17830,202, 0
17831,228, 0
17832,229, 0
17833,206, 0
17834,164, 0
17835,120, 0
17836,92, 0
17837,64, 0
17838,21, 0
17839,3, 0
17840,0, 0
17841,0, 8
17842,0, 0
17843,2, 0
17844,0, 0
17845,0, 0
17846,0, 0
17847,0, 0
17848,0, 0
17849,0, 0
17850,13, 0
17851,106, 0
17852,239, 0
17853,326, 0
17854,371, 0
17855,378, 0
17856,361, 0
17857,342, 0
17858,300, 0
17859,249, 0
17860,176, 0
17861,87, 0
17862,34, 0
17863,0, 0
17864,0, 0
17865,0, 0
17866,5, 0
17867,70, 0
17868,130, 0
17869,133, 0
17870,106, 0
17871,85, 0
17872,75, 0
17873,80, 0
17874,109, 0
17875,112, 0
17876,104, 0
17877,88, 0
17878,105, 0
17879,112, 0
17880,112, 0
17881,109, 0
17882,118, 0
17883,142, 0
17884,188, 0
17885,198, 0
17886,180, 0
17887,95, 0
17888,8, 0
17889,0, 0
17890,0, 0
17891,0, 0
17892,0, 0
17893,0, 0
17894,0, 0
17895,0, 0
17896,4, 0
17897,0, 0
17898,0, 0
17899,0, 0
17900,6, 0
17901,35, 0
17902,61, 0
17903,91, 0
17904,134, 0
17905,166, 0
17906,166, 0
17907,113, 0
17908,51, 0
17909,9, 0
17910,0, 0
17911,0, 0
17912,0, 0
17913,9, 0
17914,0, 0
17915,0, 0
17916,6, 0
17917,6, 0
17918,25, 0
17919,51, 0
17920,108, 0
17921,174, 0
17922,242, 0
17923,301, 0
17924,340, 0
17925,348, 0
17926,333, 0
17927,306, 0
17928,297, 0
17929,253, 6
17930,182, 0
17931,106, 60
17932,69, 12
17933,63, 3
17934,87, 0
17935,141, 0
17936,183, 0
17937,181, 0
17938,151, 0
17939,119, 0
17940,63, 0
17941,31, 0
17942,42, 0
17943,108, 0
17944,220, 0
17945,348, 0
17946,473, 0
17947,529, 0
17948,486, 0
17949,352, 0
17950,167, 0
17951,11, 0
17952,113, 0
17953,312, 0
17954,476, 0
17955,563, 0
17956,516, 0
17957,362, 0
17958,160, 0
17959,5, 0
17960,11, 0
17961,103, 0
17962,193, 0
17963,244, 0
17964,246, 0
17965,234, 0
17966,219, 0
17967,199, 0
17968,183, 0
17969,175, 0
17970,195, 0
17971,217, 0
17972,243, 0
17973,237, 0
17974,236, 0
17975,257, 0
17976,274, 0
17977,263, 0
17978,247, 0
17979,218, 0
17980,205, 0
17981,196, 0
17982,160, 0
17983,133, 0
17984,113, 0
17985,87, 0
17986,71, 0
17987,68, 0
17988,92, 0
17989,142, 0
17990,190, 0
17991,202, 0
17992,189, 25
17993,165, 3
17994,135, 0
17995,102, 0
17996,57, 0
17997,4, 4
17998,0, 0
17999,15, 0
18000,7, 0
18001,0, 0
18002,3, 0
18003,57, 0
18004,111, 0
18005,128, 0
18006,115, 0
18007,81, 0
18008,65, 0
18009,47, 0
18010,38, 0
18011,41, 0
18012,61, 0
18013,90, 0
18014,122, 0
18015,145, 0
18016,147, 0
18017,126, 0
18018,100, 0
18019,39, 0
18020,3, 35
18021,0, 17
18022,2, 0
18023,0, 0
18024,0, 0
18025,13, 0
18026,111, 0
18027,173, 0
18028,186, 0
18029,173, 0
18030,148, 0
18031,107, 0
18032,51, 0
18033,32, 0
18034,37, 0
18035,63, 0
18036,104, 0
18037,145, 0
18038,183, 0
18039,216, 0
18040,251, 0
18041,258, 0
18042,244, 0
18043,199, 0
18044,152, 0
18045,118, 0
18046,109, 0
18047,117, 0
18048,139, 0
18049,132, 0
18050,99, 0
18051,38, 0
18052,0, 32
18053,0, 84
18054,0, 87
18055,0, 15
18056,5, 0
18057,51, 0
18058,70, 0
18059,88, 0
18060,108, 0
18061,135, 0
18062,132, 0
18063,133, 0
18064,113, 0
18065,100, 0
18066,91, 0
18067,89, 0
18068,92, 0
18069,92, 0
18070,92, 0
18071,83, 0
18072,77, 0
18073,75, 0
18074,56, 0
18075,56, 0
18076,69, 0
18077,81, 0
18078,93, 0
18079,95, 0
18080,95, 0
18081,83, 0
18082,44, 0
18083,17, 0
18084,3, 0
18085,4, 0
18086,1, 0
18087,12, 0
18088,35, 0
18089,40, 0
18090,62, 0
18091,81, 0
18092,104, 0
18093,132, 0
18094,139, 0
18095,154, 0
18096,155, 0
18097,145, 0
18098,145, 0
18099,143, 0
18100,151, 0
18101,139, 0
18102,108, 0
18103,92, 0
18104,104, 0
18105,139, 0
18106,165, 0
18107,172, 0
18108,154, 0
18109,132, 0
18110,111, 0
18111,107, 0
18112,122, 0
18113,126, 0
18114,129, 0
18115,122, 0
18116,97, 0
18117,95, 0
18118,103, 0
18119,110, 0
18120,85, 0
18121,25, 0
18122,0, 0
18123,0, 0
18124,0, 0
18125,0, 0
18126,5, 0
18127,5, 0
18128,2, 0
18129,8, 0
18130,28, 0
18131,51, 0
18132,70, 0
18133,83, 0
18134,105, 0
18135,167, 0
18136,219, 0
18137,242, 0
18138,226, 0
18139,203, 0
18140,173, 0
18141,143, 0
18142,94, 0
18143,38, 0
18144,0, 0
18145,0, 0
18146,0, 0
18147,0, 0
18148,0, 0
18149,6, 0
18150,35, 0
18151,45, 0
18152,58, 0
18153,61, 0
18154,61, 0
18155,57, 0
18156,57, 0
18157,73, 0
18158,83, 0
18159,79, 0
18160,37, 0
18161,0, 0
18162,0, 0
18163,0, 0
18164,0, 0
18165,0, 0
18166,0, 0
18167,0, 0
18168,54, 0
18169,160, 0
18170,219, 0
18171,246, 0
18172,253, 0
18173,268, 0
18174,296, 6
18175,322, 19
18176,345, 3
18177,357, 29
18178,352, 0
18179,300, 0
18180,220, 0
18181,145, 0
18182,80, 0
18183,43, 0
18184,19, 0
18185,1, 0
18186,1, 0
18187,18, 0
18188,55, 0
18189,76, 0
18190,101, 0
18191,99, 0
18192,91, 0
18193,75, 0
18194,75, 0
18195,54, 0
18196,30, 0
18197,3, 0
18198,0, 0
18199,6, 1
18200,46, 0
18201,103, 0
18202,131, 0
18203,123, 0
18204,80, 0
18205,12, 0
18206,0, 0
18207,0, 0
18208,3, 0
18209,93, 0
18210,215, 0
18211,277, 0
18212,262, 0
18213,232, 0
18214,191, 0
18215,185, 0
18216,220, 0
18217,227, 0
18218,232, 0
18219,251, 0
18220,262, 0
18221,232, 0
18222,195, 0
18223,156, 0
18224,127, 0
18225,111, 0
18226,102, 0
18227,95, 0
18228,12, 0
18229,0, 0
18230,13, 0
18231,26, 0
18232,6, 0
18233,0, 0
18234,0, 1
18235,0, 5
18236,0, 3
18237,0, 0
18238,0, 0
18239,0, 0
18240,0, 0
18241,12, 0
18242,18, 0
18243,12, 0
18244,0, 0
18245,3, 0
18246,25, 0
18247,87, 0
18248,149, 0
18249,207, 0
18250,218, 0
18251,184, 0
18252,139, 0
18253,92, 0
18254,65, 0
18255,37, 0
18256,17, 0
18257,0, 0
18258,0, 0
18259,0, 0
18260,0, 0
18261,0, 0
18262,5, 0
18263,37, 0
18264,94, 0
18265,135, 0
18266,161, 43
18267,156, 26
18268,138, 63
18269,97, 15
18270,69, 0
18271,28, 0
18272,6, 0
18273,0, 0
18274,0, 0
18275,7, 0
18276,44, 0
18277,57, 0
18278,70, 0
18279,127, 0
18280,170, 0
18281,254, 0
18282,299, 0
18283,306, 0
18284,264, 0
18285,202, 0
18286,142, 0
18287,102, 0
18288,83, 0
18289,75, 0
18290,83, 0
18291,101, 0
18292,109, 0
18293,96, 0
18294,63, 0
18295,20, 0
18296,0, 0
18297,0, 0
18298,0, 0
18299,3, 0
18300,0, 0
18301,0, 0
18302,5, 0
18303,57, 0
18304,115, 0
18305,123, 0
18306,122, 0
18307,115, 0
18308,112, 0
18309,130, 0
18310,152, 0
18311,190, 0
18312,226, 0
18313,243, 0
18314,269, 0
18315,261, 0
18316,232, 0
18317,189, 0
18318,142, 0
18319,100, 0
18320,64, 0
18321,40, 0
18322,38, 0
18323,45, 0
18324,57, 0
18325,56, 0
18326,44, 0
18327,14, 0
18328,3, 0
18329,0, 0
18330,0, 0
18331,0, 0
18332,0, 0
18333,0, 0
18334,0, 0
18335,7, 0
18336,20, 0
18337,44, 0
18338,80, 0
18339,125, 0
18340,190, 0
18341,239, 0
18342,238, 0
18343,219, 0
18344,164, 0
18345,111, 0
18346,112, 0
18347,78, 0
18348,44, 0
18349,0, 0
18350,0, 0
18351,5, 0
18352,87, 0
18353,234, 0
18354,348, 0
18355,418, 0
18356,435, 0
18357,398, 0
18358,300, 0
18359,144, 0
18360,6, 0
18361,7, 0
18362,35, 0
18363,31, 0
18364,0, 0
18365,5, 0
18366,0, 0
18367,17, 0
18368,8, 0
18369,5, 0
18370,11, 0
18371,31, 0
18372,57, 0
18373,92, 0
18374,106, 0
18375,125, 0
18376,155, 0
18377,183, 0
18378,200, 0
18379,203, 0
18380,182, 0
18381,138, 0
18382,83, 0
18383,21, 0
18384,1, 0
18385,0, 0
18386,1, 0
18387,0, 0
18388,0, 0
18389,0, 0
18390,0, 0
18391,6, 0
18392,57, 0
18393,104, 0
18394,133, 0
18395,142, 0
18396,152, 0
18397,145, 0
18398,130, 0
18399,125, 0
18400,123, 0
18401,113, 0
18402,97, 0
18403,81, 0
18404,68, 0
18405,64, 0
18406,63, 0
18407,68, 0
18408,76, 0
18409,78, 0
18410,89, 0
18411,96, 0
18412,99, 0
18413,108, 0
18414,109, 0
18415,107, 0
18416,91, 0
18417,62, 0
18418,25, 31
18419,3, 54
18420,0, 55
18421,0, 17
18422,12, 0
18423,38, 0
18424,53, 0
18425,67, 0
18426,72, 0
18427,71, 0
18428,88, 0
18429,89, 0
18430,90, 0
18431,108, 0
18432,93, 0
18433,109, 0
18434,118, 0
18435,118, 0
18436,105, 0
18437,99, 0
18438,92, 0
18439,89, 0
18440,80, 0
18441,83, 0
18442,83, 0
18443,81, 0
18444,63, 0
18445,68, 0
18446,63, 0
18447,62, 0
18448,45, 0
18449,40, 0
18450,55, 0
18451,68, 0
18452,79, 0
18453,118, 0
18454,126, 0
18455,118, 0
18456,100, 0
18457,76, 0
18458,71, 0
18459,83, 0
18460,95, 0
18461,108, 0
18462,118, 0
18463,124, 0
18464,103, 0
18465,95, 0
18466,117, 0
18467,121, 0
18468,129, 0
18469,145, 0
18470,164, 0
18471,147, 0
18472,129, 0
18473,110, 0
18474,96, 0
18475,77, 0
18476,68, 0
18477,74, 0
18478,67, 0
18479,65, 0
18480,27, 0
18481,5, 0
18482,0, 0
18483,0, 0
18484,6, 0
18485,9, 0
18486,29, 0
18487,68, 0
18488,91, 0
18489,100, 0
18490,88, 0
18491,71, 0
18492,70, 0
18493,80, 0
18494,83, 0
18495,101, 0
18496,111, 0
18497,119, 0
18498,122, 0
18499,115, 0
18500,116, 0
18501,109, 0
18502,115, 0
18503,109, 0
18504,122, 0
18505,130, 0
18506,139, 0
18507,94, 0
18508,56, 0
18509,7, 0
18510,0, 0
18511,0, 0
18512,0, 0
18513,2, 0
18514,44, 0
18515,71, 0
18516,91, 0
18517,97, 0
18518,97, 0
18519,93, 0
18520,92, 0
18521,94, 0
18522,92, 0
18523,102, 0
18524,94, 0
18525,103, 0
18526,90, 0
18527,89, 0
18528,77, 0
18529,81, 0
18530,81, 0
18531,87, 0
18532,92, 0
18533,101, 0
18534,102, 0
18535,100, 0
18536,95, 0
18537,94, 0
18538,89, 0
18539,62, 0
18540,46, 11
18541,12, 87
18542,3, 39
18543,0, 0
18544,21, 0
18545,61, 0
18546,71, 0
18547,89, 0
18548,83, 0
18549,83, 0
18550,83, 0
18551,91, 0
18552,109, 0
18553,108, 0
18554,115, 0
18555,128, 0
18556,124, 0
18557,117, 0
18558,96, 0
18559,83, 0
18560,76, 0
18561,60, 0
18562,59, 0
18563,53, 0
18564,51, 0
18565,44, 0
18566,44, 0
18567,53, 0
18568,64, 0
18569,70, 0
18570,46, 0
18571,37, 0
18572,19, 0
18573,17, 0
18574,12, 0
18575,56, 0
18576,72, 0
18577,105, 0
18578,128, 0
18579,159, 0
18580,195, 0
18581,211, 0
18582,226, 0
18583,199, 0
18584,173, 0
18585,135, 0
18586,88, 0
18587,62, 0
18588,56, 0
18589,59, 0
18590,62, 0
18591,63, 0
18592,59, 0
18593,47, 0
18594,67, 0
18595,44, 0
18596,44, 0
18597,63, 0
18598,84, 0
18599,97, 0
18600,84, 0
18601,58, 36
18602,51, 4
18603,53, 38
18604,64, 0
18605,88, 0
18606,107, 0
18607,97, 0
18608,71, 0
18609,44, 0
18610,36, 0
18611,37, 0
18612,57, 0
18613,79, 0
18614,77, 0
18615,79, 0
18616,74, 0
18617,75, 0
18618,64, 0
18619,59, 0
18620,70, 0
18621,76, 0
18622,76, 0
18623,73, 0
18624,64, 0
18625,48, 0
18626,40, 0
18627,36, 0
18628,43, 0
18629,53, 0
18630,55, 0
18631,51, 0
18632,56, 0
18633,76, 0
18634,94, 0
18635,104, 0
18636,147, 0
18637,152, 0
18638,157, 0
18639,155, 0
18640,140, 0
18641,120, 0
18642,85, 0
18643,72, 0
18644,50, 0
18645,59, 0
18646,76, 0
18647,97, 0
18648,101, 0
18649,86, 0
18650,69, 0
18651,51, 0
18652,51, 4
18653,51, 0
18654,62, 0
18655,76, 0
18656,84, 0
18657,70, 0
18658,32, 0
18659,2, 0
18660,0, 0
18661,0, 0
18662,0, 58
18663,6, 22
18664,55, 0
18665,102, 0
18666,128, 0
18667,124, 0
18668,97, 0
18669,63, 0
18670,22, 0
18671,0, 0
18672,6, 0
18673,14, 0
18674,51, 0
18675,84, 0
18676,79, 0
18677,71, 0
18678,64, 0
18679,63, 0
18680,59, 0
18681,61, 0
18682,68, 0
18683,64, 0
18684,89, 0
18685,65, 0
18686,70, 0
18687,67, 0
18688,61, 0
18689,58, 0
18690,62, 0
18691,42, 0
18692,14, 0
18693,8, 0
18694,11, 0
18695,20, 0
18696,34, 0
18697,78, 0
18698,109, 0
18699,129, 0
18700,128, 0
18701,127, 0
18702,126, 0
18703,117, 0
18704,105, 0
18705,92, 0
18706,80, 0
18707,67, 0
18708,61, 0
18709,57, 0
18710,63, 0
18711,71, 0
18712,84, 0
18713,91, 0
18714,96, 0
18715,92, 0
18716,87, 0
18717,76, 0
18718,70, 0
18719,74, 0
18720,69, 0
18721,71, 0
18722,50, 0
18723,26, 20
18724,26, 22
18725,22, 0
18726,41, 0
18727,72, 0
18728,105, 0
18729,116, 0
18730,117, 0
18731,113, 0
18732,102, 0
18733,101, 0
18734,88, 0
18735,56, 0
18736,41, 0
18737,0, 0
18738,0, 0
18739,7, 0
18740,22, 0
18741,32, 0
18742,27, 0
18743,31, 0
18744,38, 0
18745,51, 0
18746,58, 0
18747,65, 0
18748,63, 0
18749,76, 0
18750,71, 0
18751,81, 0
18752,74, 0
18753,47, 0
18754,31, 0
18755,29, 0
18756,38, 0
18757,44, 0
18758,76, 0
18759,96, 0
18760,106, 0
18761,109, 0
18762,113, 0
18763,118, 0
18764,127, 0
18765,125, 0
18766,127, 0
18767,132, 0
18768,128, 0
18769,117, 0
18770,119, 0
18771,115, 0
18772,110, 0
18773,102, 0
18774,89, 0
18775,81, 0
18776,76, 0
18777,80, 0
18778,81, 0
18779,72, 0
18780,68, 0
18781,67, 0
18782,58, 4
18783,32, 38
18784,18, 80
18785,1, 0
18786,0, 0
18787,0, 0
18788,2, 0
18789,21, 0
18790,38, 0
18791,42, 0
18792,39, 0
18793,38, 0
18794,51, 0
18795,67, 0
18796,91, 0
18797,106, 0
18798,92, 0
18799,85, 0
18800,76, 0
18801,76, 0
18802,68, 0
18803,69, 0
18804,67, 0
18805,71, 0
18806,77, 0
18807,75, 0
18808,76, 0
18809,70, 0
18810,67, 0
18811,85, 0
18812,89, 0
18813,73, 0
18814,57, 0
18815,41, 0
18816,37, 0
18817,30, 0
18818,51, 0
18819,92, 0
18820,112, 0
18821,110, 0
18822,121, 0
18823,132, 0
18824,115, 0
18825,125, 0
18826,127, 0
18827,118, 0
18828,131, 0
18829,133, 0
18830,126, 0
18831,117, 0
18832,99, 0
18833,76, 0
18834,65, 0
18835,37, 0
18836,29, 0
18837,31, 0
18838,34, 0
18839,36, 0
18840,44, 0
18841,51, 0
18842,56, 0
18843,51, 0
18844,24, 0
18845,19, 0
18846,4, 0
18847,13, 0
18848,39, 0
18849,63, 0
18850,92, 0
18851,92, 0
18852,89, 0
18853,68, 0
18854,86, 0
18855,59, 0
18856,63, 0
18857,69, 0
18858,73, 0
18859,101, 0
18860,104, 0
18861,122, 0
18862,127, 0
18863,126, 0
18864,119, 0
18865,115, 0
18866,107, 0
18867,95, 0
18868,90, 0
18869,90, 0
18870,90, 0
18871,91, 0
18872,102, 0
18873,100, 0
18874,89, 0
18875,59, 0
18876,43, 2
18877,28, 0
18878,25, 0
18879,35, 0
18880,65, 0
18881,99, 0
18882,106, 0
18883,107, 0
18884,109, 0
18885,97, 0
18886,95, 0
18887,95, 0
18888,89, 0
18889,89, 0
18890,93, 0
18891,91, 0
18892,93, 0
18893,91, 0
18894,89, 0
18895,96, 0
18896,99, 0
18897,102, 0
18898,100, 0
18899,102, 0
18900,99, 0
18901,97, 0
18902,99, 0
18903,95, 0
18904,95, 0
18905,72, 0
18906,39, 0
18907,23, 0
18908,19, 0
18909,17, 0
18910,44, 0
18911,70, 0
18912,76, 0
18913,83, 0
18914,81, 0
18915,80, 0
18916,80, 0
18917,73, 0
18918,65, 0
18919,63, 0
18920,63, 0
18921,68, 0
18922,83, 0
18923,85, 0
18924,93, 0
18925,92, 0
18926,94, 0
18927,93, 0
18928,86, 0
18929,89, 0
18930,92, 0
18931,94, 0
18932,94, 0
18933,102, 0
18934,95, 0
18935,88, 0
18936,59, 0
18937,41, 0
18938,40, 0
18939,42, 0
18940,57, 0
18941,92, 0
18942,116, 0
18943,120, 0
18944,132, 0
18945,128, 0
18946,127, 0
18947,125, 0
18948,133, 0
18949,133, 0
18950,133, 0
18951,131, 0
18952,121, 0
18953,95, 0
18954,102, 0
18955,86, 0
18956,86, 0
18957,79, 6
18958,75, 0
18959,71, 0
18960,63, 6
18961,51, 0
18962,52, 0
18963,46, 0
18964,46, 0
18965,38, 0
18966,19, 0
18967,1, 1
18968,0, 0
18969,2, 0
18970,0, 6
18971,13, 0
18972,45, 0
18973,59, 0
18974,63, 0
18975,73, 0
18976,48, 0
18977,47, 0
18978,51, 0
18979,43, 0
18980,47, 0
18981,53, 0
18982,56, 0
18983,59, 0
18984,54, 0
18985,54, 0
18986,58, 3
18987,54, 0
18988,68, 0
18989,65, 0
18990,65, 0
18991,63, 0
18992,53, 0
18993,57, 0
18994,51, 0
18995,55, 0
18996,39, 0
18997,20, 0
18998,20, 0
18999,18, 0
19000,25, 0
19001,45, 0
19002,76, 0
19003,104, 0
19004,115, 0
19005,122, 0
19006,127, 0
19007,123, 0
19008,110, 0
19009,118, 0
19010,99, 0
19011,115, 0
19012,105, 0
19013,102, 0
19014,91, 0
19015,95, 0
19016,94, 0
19017,87, 0
19018,90, 0
19019,81, 0
19020,73, 0
19021,68, 0
19022,54, 0
19023,51, 0
19024,43, 0
19025,53, 0
19026,44, 0
19027,24, 0
19028,5, 0
19029,0, 12
19030,0, 0
19031,3, 0
19032,21, 0
19033,51, 0
19034,65, 0
19035,62, 0
19036,63, 0
19037,59, 0
19038,75, 0
19039,60, 0
19040,57, 0
19041,55, 0
19042,70, 0
19043,77, 0
19044,70, 0
19045,73, 0
19046,69, 0
19047,74, 0
19048,78, 0
19049,83, 0
19050,85, 0
19051,83, 0
19052,88, 0
19053,84, 0
19054,87, 0
19055,93, 0
19056,84, 0
19057,76, 0
19058,57, 0
19059,35, 0
19060,26, 0
19061,29, 0
19062,29, 0
19063,69, 0
19064,92, 0
19065,109, 0
19066,108, 0
19067,108, 0
19068,105, 0
19069,102, 0
19070,96, 0
19071,87, 0
19072,83, 0
19073,81, 0
19074,83, 0
19075,96, 0
19076,85, 0
19077,80, 0
19078,77, 0
19079,77, 0
19080,93, 0
19081,78, 0
19082,71, 4
19083,65, 0
19084,60, 0
19085,65, 0
19086,53, 0
19087,46, 0
19088,30, 14
19089,0, 0
19090,0, 0
19091,0, 0
19092,0, 4
19093,23, 0
19094,56, 0
19095,64, 0
19096,57, 0
19097,59, 0
19098,81, 0
19099,60, 0
19100,60, 0
19101,58, 0
19102,64, 0
19103,69, 0
19104,70, 0
19105,68, 0
19106,64, 0
19107,68, 0
19108,65, 0
19109,71, 0
19110,70, 0
19111,68, 0
19112,65, 0
19113,86, 0
19114,73, 0
19115,72, 0
19116,73, 0
19117,78, 0
19118,63, 0
19119,44, 0
19120,20, 0
19121,19, 0
19122,25, 0
19123,40, 0
19124,81, 0
19125,100, 0
19126,110, 0
19127,95, 0
19128,94, 0
19129,80, 0
19130,69, 0
19131,65, 0
19132,57, 0
19133,54, 0
19134,55, 0
19135,58, 0
19136,60, 0
19137,63, 0
19138,59, 0
19139,54, 0
19140,52, 0
19141,74, 0
19142,56, 0
19143,63, 0
19144,63, 0
19145,63, 0
19146,62, 0
19147,70, 0
19148,64, 0
19149,36, 0
19150,25, 136
19151,5, 109
19152,0, 140
19153,1, 91
19154,13, 4
19155,32, 0
19156,47, 0
19157,51, 0
19158,57, 0
19159,56, 0
19160,51, 0
19161,46, 0
19162,56, 0
19163,48, 0
19164,56, 0
19165,56, 0
19166,61, 0
19167,67, 0
19168,64, 0
19169,69, 0
19170,65, 0
19171,70, 0
19172,55, 0
19173,65, 0
19174,68, 0
19175,58, 0
19176,67, 0
19177,65, 0
19178,67, 0
19179,47, 0
19180,21, 0
19181,6, 0
19182,8, 0
19183,14, 0
19184,35, 0
19185,63, 0
19186,93, 0
19187,86, 0
19188,88, 0
19189,94, 0
19190,71, 0
19191,81, 0
19192,81, 0
19193,80, 0
19194,83, 0
19195,89, 0
19196,83, 0
19197,80, 0
19198,77, 0
19199,63, 0
19200,70, 0
19201,76, 0
19202,73, 0
19203,72, 0
19204,70, 0
19205,73, 0
19206,63, 0
19207,72, 0
19208,69, 0
19209,60, 0
19210,34, 0
19211,3, 3
19212,0, 21
19213,0, 0
19214,0, 0
19215,5, 0
19216,30, 0
19217,35, 0
19218,36, 0
19219,29, 0
19220,44, 0
19221,24, 0
19222,31, 0
19223,29, 0
19224,41, 0
19225,42, 0
19226,51, 0
19227,51, 0
19228,60, 0
19229,62, 0
19230,48, 0
19231,48, 0
19232,41, 0
19233,41, 0
19234,44, 0
19235,44, 0
19236,44, 0
19237,43, 0
19238,60, 0
19239,70, 0
19240,67, 0
19241,44, 6
19242,25, 11
19243,31, 0
19244,41, 0
19245,54, 0
19246,83, 0
19247,92, 0
19248,96, 0
19249,94, 0
19250,94, 0
19251,95, 0
19252,92, 0
19253,92, 0
19254,108, 0
19255,85, 0
19256,85, 0
19257,92, 0
19258,78, 0
19259,94, 0
19260,79, 0
19261,87, 0
19262,85, 0
19263,88, 0
19264,81, 0
19265,85, 0
19266,81, 2
19267,79, 0
19268,83, 1
19269,76, 0
19270,69, 78
19271,39, 68
19272,9, 158
19273,1, 147
19274,6, 130
19275,6, 212
19276,38, 127
19277,67, 134
19278,75, 124
19279,70, 68
19280,65, 25
19281,56, 0
19282,62, 0
19283,47, 0
19284,51, 0
19285,44, 0
19286,51, 0
19287,40, 0
19288,42, 0
19289,30, 0
19290,35, 0
19291,45, 0
19292,62, 0
19293,51, 0
19294,45, 6
19295,61, 0
19296,74, 0
19297,63, 0
19298,71, 0
19299,59, 0
19300,65, 0
19301,53, 0
19302,29, 0
19303,11, 0
19304,8, 0
19305,10, 0
19306,25, 0
19307,57, 0
19308,72, 0
19309,74, 0
19310,70, 0
19311,64, 0
19312,60, 0
19313,56, 0
19314,62, 0
19315,63, 0
19316,72, 0
19317,65, 0
19318,64, 0
19319,64, 0
19320,62, 0
19321,48, 0
19322,44, 0
19323,40, 0
19324,46, 0
19325,46, 0
19326,44, 0
19327,39, 0
19328,52, 0
19329,62, 0
19330,55, 0
19331,52, 0
19332,42, 8
19333,5, 6
19334,0, 0
19335,0, 23
19336,7, 1
19337,34, 0
19338,69, 0
19339,75, 0
19340,90, 0
19341,92, 0
19342,83, 0
19343,100, 0
19344,99, 0
19345,95, 0
19346,88, 0
19347,91, 0
19348,93, 0
19349,103, 0
19350,110, 0
19351,123, 0
19352,127, 0
19353,125, 0
19354,122, 0
19355,129, 0
19356,128, 0
19357,152, 0
19358,131, 0
19359,143, 0
19360,128, 0
19361,125, 92
19362,106, 277
19363,79, 607
19364,51, 875
19365,74, 1062
19366,70, 1231
19367,83, 1206
19368,115, 1280
19369,126, 1202
19370,131, 1139
19371,126, 1081
19372,105, 1037
19373,108, 951
19374,91, 856
19375,87, 582
19376,85, 310
19377,79, 86
19378,69, 0
19379,65, 0
19380,55, 0
19381,39, 0
19382,22, 0
19383,0, 0
19384,0, 0
19385,1, 0
19386,0, 0
19387,0, 0
19388,0, 0
19389,0, 0
19390,0, 0
19391,0, 0
19392,4, 0
19393,0, 0
19394,0, 0
19395,1, 0
19396,0, 0
19397,1, 0
19398,24, 0
19399,44, 0
19400,65, 0
19401,74, 0
19402,92, 0
19403,108, 0
19404,131, 0
19405,123, 0
19406,123, 0
19407,138, 0
19408,112, 3
19409,104, 0
19410,92, 0
19411,68, 0
19412,61, 0
19413,46, 0
19414,51, 0
19415,61, 0
19416,69, 0
19417,83, 0
19418,119, 0
19419,110, 0
19420,120, 0
19421,118, 0
19422,103, 1
19423,86, 12
19424,57, 40
19425,32, 56
19426,27, 52
19427,42, 72
19428,51, 54
19429,70, 140
19430,84, 322
19431,77, 386
19432,74, 411
19433,73, 343
19434,65, 318
19435,65, 251
19436,69, 238
19437,81, 154
19438,83, 99
19439,68, 115
19440,69, 121
19441,57, 18
19442,44, 0
19443,39, 0
19444,15, 0
19445,2, 0
19446,0, 0
19447,0, 0
19448,0, 0
19449,0, 0
19450,0, 0
19451,0, 0
19452,0, 0
19453,1, 0
19454,0, 0
19455,0, 0
19456,0, 0
19457,0, 0
19458,0, 0
19459,22, 0
19460,45, 0
19461,70, 0
19462,76, 60
19463,92, 262
19464,102, 393
19465,102, 481
19466,108, 582
19467,109, 621
19468,106, 674
19469,117, 642
19470,116, 594
19471,125, 512
19472,121, 416
19473,129, 330
19474,123, 251
19475,139, 154
19476,113, 31
19477,103, 0
19478,93, 0
19479,89, 0
19480,79, 0
19481,84, 0
19482,63, 0
19483,57, 0
19484,41, 0
19485,1, 0
19486,0, 0
19487,0, 0
19488,0, 0
19489,19, 0
19490,56, 0
19491,89, 0
19492,110, 0
19493,124, 0
19494,134, 0
19495,139, 0
19496,152, 0
19497,159, 0
19498,171, 38
19499,179, 83
19500,176, 102
19501,174, 108
19502,166, 127
19503,148, 167
19504,133, 231
19505,124, 258
19506,118, 347
19507,117, 442
19508,120, 640
19509,130, 758
19510,126, 840
19511,126, 874
19512,118, 845
19513,88, 683
19514,55, 461
19515,14, 115
19516,0, 9
19517,0, 0
19518,0, 0
19519,3, 0
19520,23, 0
19521,57, 0
19522,67, 0
19523,61, 0
19524,58, 0
19525,50, 0
19526,50, 0
19527,48, 0
19528,44, 0
19529,36, 0
19530,51, 0
19531,57, 1
19532,60, 61
19533,64, 112
19534,52, 149
19535,50, 136
19536,27, 17
19537,8, 0
19538,0, 0
19539,0, 0
19540,0, 0
19541,0, 0
19542,0, 0
19543,0, 0
19544,0, 0
19545,0, 0
19546,0, 0
19547,0, 0
19548,0, 0
19549,0, 0
19550,8, 0
19551,61, 0
19552,112, 0
19553,151, 0
19554,160, 0
19555,174, 0
19556,175, 0
19557,184, 0
19558,175, 79
19559,169, 190
19560,169, 276
19561,175, 336
19562,182, 414
19563,189, 527
19564,204, 597
19565,196, 706
19566,199, 710
19567,201, 785
19568,196, 806
19569,192, 904
19570,185, 978
19571,166, 980
19572,156, 1027
19573,130, 1151
19574,112, 1166
19575,84, 1034
19576,63, 830
19577,10, 643
19578,0, 411
19579,0, 138
19580,5, 0
19581,0, 0
19582,0, 0
19583,0, 0
19584,0, 0
19585,0, 0
19586,0, 0
19587,1, 0
19588,6, 0
19589,13, 0
19590,12, 0
19591,21, 0
19592,20, 0
19593,22, 0
19594,24, 0
19595,19, 0
19596,12, 0
19597,7, 0
19598,10, 0
19599,6, 0
19600,14, 0
19601,40, 21
19602,64, 47
19603,101, 182
19604,108, 360
19605,124, 607
19606,121, 878
19607,104, 957
19608,87, 1020
19609,83, 996
19610,81, 914
19611,103, 787
19612,145, 710
19613,164, 609
19614,170, 452
19615,151, 226
19616,149, 0
19617,119, 0
19618,100, 0
19619,85, 0
19620,51, 0
19621,31, 0
19622,14, 0
19623,6, 0
19624,1, 0
19625,6, 0
19626,21, 0
19627,41, 0
19628,69, 0
19629,90, 0
19630,103, 0
19631,108, 237
19632,106, 391
19633,106, 493
19634,102, 698
19635,128, 963
19636,127, 1145
19637,73, 1170
19638,40, 1104
19639,27, 948
19640,12, 788
19641,17, 700
19642,35, 625
19643,50, 547
19644,48, 299
19645,39, 5
19646,40, 0
19647,54, 0
19648,77, 0
19649,96, 0
19650,116, 0
19651,128, 0
19652,132, 0
19653,126, 0
19654,115, 0
19655,102, 0
19656,103, 0
19657,86, 0
19658,89, 0
19659,79, 0
19660,70, 241
19661,84, 553
19662,102, 751
19663,125, 960
19664,159, 1151
19665,183, 1398
19666,200, 1365
19667,179, 1250
19668,124, 1074
19669,63, 886
19670,24, 694
19671,1, 352
19672,0, 0
19673,5, 0
19674,15, 0
19675,20, 0
19676,19, 0
19677,25, 0
19678,7, 0
19679,0, 0
19680,0, 0
19681,1, 0
19682,0, 0
19683,0, 0
19684,0, 0
19685,0, 0
19686,4, 0
19687,10, 0
19688,17, 0
19689,26, 0
19690,38, 38
19691,47, 272
19692,68, 420
19693,67, 657
19694,75, 844
19695,74, 1014
19696,83, 992
19697,75, 939
19698,38, 838
19699,19, 693
19700,8, 414
19701,18, 175
19702,19, 0
19703,38, 0
19704,68, 0
19705,83, 0
19706,90, 0
19707,81, 0
19708,113, 0
19709,93, 0
19710,91, 0
19711,81, 0
19712,83, 0
19713,80, 0
19714,80, 0
19715,87, 0
19716,106, 1
19717,122, 57
19718,139, 182
19719,150, 231
19720,161, 411
19721,163, 394
19722,151, 180
19723,125, 0
19724,92, 0
19725,71, 0
19726,34, 0
19727,9, 81
19728,0, 156
19729,0, 300
19730,0, 232
19731,0, 30
19732,0, 0
19733,35, 0
19734,92, 0
19735,130, 0
19736,143, 0
19737,156, 0
19738,150, 0
19739,158, 0
19740,174, 0
19741,145, 0
19742,145, 0
19743,143, 0
19744,142, 12
19745,137, 87
19746,136, 181
19747,127, 202
19748,136, 251
19749,139, 339
19750,152, 418
19751,153, 326
19752,158, 138
19753,153, 78
19754,148, 38
19755,120, 28
19756,87, 5
19757,70, 0
19758,35, 0
19759,1, 0
19760,15, 0
19761,0, 0
19762,0, 0
19763,0, 0
19764,0, 0
19765,2, 0
19766,12, 0
19767,12, 0
19768,12, 0
19769,15, 0
19770,13, 0
19771,11, 0
19772,14, 166
19773,19, 451
19774,9, 574
19775,5, 464
19776,0, 315
19777,0, 152
19778,0, 7
19779,6, 0
19780,6, 0
19781,7, 0
19782,10, 0
19783,19, 0
19784,35, 0
19785,64, 18
19786,92, 0
19787,126, 0
19788,154, 76
19789,159, 160
19790,150, 298
19791,132, 241
19792,129, 190
19793,126, 166
19794,130, 0
19795,138, 0
19796,135, 0
19797,113, 0
19798,84, 0
19799,73, 0
19800,51, 0
19801,43, 0
19802,34, 0
19803,14, 0
19804,5, 0
19805,0, 0
19806,0, 0
19807,0, 0
19808,0, 0
19809,3, 0
19810,12, 0
19811,21, 0
19812,44, 0
19813,57, 0
19814,83, 0
19815,109, 0
19816,111, 0
19817,122, 6
19818,144, 247
19819,142, 631
19820,126, 835
19821,133, 1011
19822,111, 1213
19823,122, 1437
19824,130, 1673
19825,140, 2043
19826,141, 2130
19827,119, 2014
19828,92, 1786
19829,67, 1422
19830,38, 1117
19831,30, 809
19832,25, 486
19833,30, 138
19834,42, 0
19835,54, 0
19836,64, 0
19837,73, 0
19838,79, 0
19839,72, 0
19840,60, 0
19841,45, 0
19842,24, 0
19843,12, 0
19844,4, 0
19845,5, 0
19846,12, 0
19847,12, 0
19848,10, 0
19849,11, 0
19850,6, 0
19851,2, 0
19852,6, 0
19853,25, 0
19854,42, 0
19855,77, 0
19856,118, 0
19857,145, 0
19858,159, 0
19859,181, 64
19860,187, 495
19861,192, 913
19862,183, 1248
19863,170, 1275
19864,139, 1116
19865,126, 914
19866,99, 588
19867,67, 270
19868,50, 6
19869,24, 0
19870,3, 0
19871,0, 0
19872,0, 0
19873,0, 0
19874,3, 0
19875,4, 0
19876,5, 0
19877,15, 0
19878,27, 0
19879,47, 0
19880,48, 0
19881,42, 0
19882,28, 0
19883,37, 0
19884,51, 0
19885,58, 0
19886,90, 0
19887,107, 0
19888,93, 0
19889,64, 0
19890,23, 0
19891,0, 0
19892,0, 0
19893,0, 0
19894,2, 0
19895,0, 0
19896,0, 0
19897,0, 0
19898,0, 0
19899,37, 0
19900,101, 0
19901,156, 0
19902,163, 0
19903,204, 0
19904,208, 0
19905,213, 0
19906,210, 0
19907,204, 0
19908,193, 0
19909,177, 0
19910,131, 4
19911,94, 25
19912,56, 233
19913,30, 257
19914,15, 517
19915,10, 529
19916,28, 446
19917,59, 324
19918,80, 300
19919,72, 217
19920,70, 128
19921,73, 34
19922,69, 15
19923,85, 63
19924,120, 160
19925,122, 348
19926,134, 561
19927,134, 678
19928,133, 736
19929,132, 762
19930,128, 773
19931,113, 805
19932,108, 913
19933,121, 1039
19934,95, 1083
19935,89, 1051
19936,83, 1014
19937,57, 811
19938,42, 419
19939,27, 35
19940,10, 0
19941,6, 0
19942,0, 0
19943,0, 0
19944,0, 0
19945,0, 0
19946,0, 0
19947,3, 0
19948,19, 0
19949,30, 0
19950,44, 0
19951,62, 0
19952,88, 0
19953,113, 0
19954,130, 0
19955,129, 8
19956,135, 138
19957,131, 341
19958,121, 558
19959,110, 832
19960,109, 846
19961,100, 784
19962,109, 692
19963,110, 573
19964,121, 282
19965,121, 39
19966,101, 0
19967,97, 0
19968,92, 0
19969,102, 0
19970,104, 0
19971,121, 136
19972,110, 398
19973,77, 630
19974,50, 464
19975,39, 163
19976,17, 0
19977,13, 0
19978,19, 0
19979,11, 0
19980,0, 0
19981,12, 0
19982,0, 0
19983,0, 0
19984,2, 0
19985,17, 0
19986,44, 0
19987,68, 0
19988,88, 0
19989,102, 0
19990,120, 0
19991,123, 0
19992,106, 0
19993,104, 364
19994,105, 644
19995,112, 858
19996,132, 988
19997,149, 1122
19998,160, 1294
19999,170, 1549
20000,159, 1689
20001,130, 1815
20002,83, 1978
20003,20, 1681
20004,0, 1167
20005,0, 756
20006,0, 196
20007,0, 0
20008,0, 0
20009,2, 0
20010,0, 0
20011,5, 0
20012,0, 0
20013,0, 0
20014,0, 0
20015,0, 0
20016,13, 0
20017,38, 0
20018,69, 0
20019,88, 0
20020,104, 0
20021,102, 0
20022,83, 0
20023,62, 0
20024,58, 0
20025,57, 8
20026,80, 384
20027,83, 612
20028,86, 795
20029,83, 845
20030,76, 796
20031,67, 827
20032,60, 843
20033,41, 871
20034,19, 766
20035,17, 673
20036,22, 494
20037,30, 261
20038,57, 63
20039,87, 0
20040,99, 0
20041,115, 0
20042,112, 0
20043,132, 0
20044,132, 0
20045,133, 0
20046,113, 0
20047,89, 0
20048,69, 0
20049,39, 0
20050,28, 0
20051,19, 0
20052,12, 0
20053,12, 287
20054,15, 482
20055,41, 367
20056,56, 447
20057,76, 620
20058,105, 737
20059,94, 721
20060,90, 614
20061,59, 446
20062,21, 279
20063,0, 164
20064,0, 99
20065,0, 90
20066,0, 133
20067,12, 97
20068,34, 170
20069,51, 237
20070,70, 334
20071,79, 360
20072,80, 354
20073,95, 379
20074,108, 498
20075,139, 526
20076,156, 609
20077,174, 663
20078,183, 559
20079,176, 428
20080,150, 220
20081,139, 22
20082,127, 0
20083,116, 0
20084,97, 0
20085,83, 0
20086,76, 0
20087,75, 0
20088,65, 0
20089,48, 0
20090,37, 0
20091,25, 0
20092,30, 0
20093,43, 7
20094,56, 63
20095,85, 319
20096,93, 446
20097,110, 475
20098,111, 548
20099,121, 519
20100,138, 666
20101,151, 873
20102,145, 1050
20103,137, 878
20104,116, 398
20105,102, 12
20106,88, 0
20107,79, 0
20108,80, 0
20109,80, 0
20110,87, 0
20111,92, 0
20112,116, 0
20113,142, 0
20114,164, 0
20115,181, 0
20116,185, 0
20117,169, 0
20118,129, 0
20119,73, 0
20120,31, 167
20121,3, 360
20122,0, 527
20123,0, 601
20124,0, 751
20125,0, 769
20126,0, 751
20127,0, 700
20128,0, 587
20129,0, 452
20130,7, 226
20131,28, 83
20132,36, 38
20133,46, 108
20134,44, 309
20135,38, 400
20136,36, 427
20137,50, 464
20138,65, 464
20139,121, 569
20140,158, 572
20141,175, 553
20142,166, 651
20143,158, 888
20144,127, 1133
20145,95, 1219
20146,61, 955
20147,8, 524
20148,0, 51
20149,0, 0
20150,0, 0
20151,4, 0
20152,26, 0
20153,53, 0
20154,71, 0
20155,53, 0
20156,20, 0
20157,0, 0
20158,0, 0
20159,0, 0
20160,0, 0
20161,0, 0
20162,0, 0
20163,2, 0
20164,38, 0
20165,31, 0
20166,28, 0
20167,19, 0
20168,12, 0
20169,12, 0
20170,24, 0
20171,34, 0
20172,30, 183
20173,22, 385
20174,8, 228
20175,2, 35
20176,0, 0
20177,0, 0
20178,0, 0
20179,7, 0
20180,25, 0
20181,38, 0
20182,54, 0
20183,74, 12
20184,95, 60
20185,108, 214
20186,103, 214
20187,95, 228
20188,92, 184
20189,93, 259
20190,92, 255
20191,105, 298
20192,118, 257
20193,117, 220
20194,127, 228
20195,136, 110
20196,133, 1
20197,115, 0
20198,89, 0
20199,73, 0
20200,58, 0
20201,57, 0
20202,57, 0
20203,55, 0
20204,71, 0
20205,73, 0
20206,76, 0
20207,95, 0
20208,125, 134
20209,145, 375
20210,164, 453
20211,176, 457
20212,177, 487
20213,175, 449
20214,168, 291
20215,164, 93
20216,130, 0
20217,84, 0
20218,56, 0
20219,40, 0
20220,44, 0
20221,62, 0
20222,99, 0
20223,120, 0
20224,119, 0
20225,121, 0
20226,123, 0
20227,119, 0
20228,126, 0
20229,117, 0
20230,102, 0
20231,108, 0
20232,108, 0
20233,106, 0
20234,100, 0
20235,92, 0
20236,80, 0
20237,73, 0
20238,71, 0
20239,89, 61
20240,81, 447
20241,64, 784
20242,52, 958
20243,31, 886
20244,6, 780
20245,0, 547
20246,0, 337
20247,0, 221
20248,0, 193
20249,0, 72
20250,0, 56
20251,0, 0
20252,0, 0
20253,22, 0
20254,45, 0
20255,51, 0
20256,44, 0
20257,46, 0
20258,43, 0
20259,45, 9
20260,84, 151
20261,94, 300
20262,93, 270
20263,81, 198
20264,75, 175
20265,60, 236
20266,54, 391
20267,36, 506
20268,51, 589
20269,19, 526
20270,12, 312
20271,0, 12
20272,0, 0
20273,0, 0
20274,0, 0
20275,0, 0
20276,21, 0
20277,44, 0
20278,57, 0
20279,45, 0
20280,50, 0
20281,73, 0
20282,127, 0
20283,183, 0
20284,224, 0
20285,222, 0
20286,265, 0
20287,284, 0
20288,305, 0
20289,330, 232
20290,357, 504
20291,352, 666
20292,364, 598
20293,331, 522
20294,296, 433
20295,254, 246
20296,226, 90
20297,202, 0
20298,144, 0
20299,119, 0
20300,107, 0
20301,94, 0
20302,84, 0
20303,75, 0
20304,59, 0
20305,52, 0
20306,35, 0
20307,19, 0
20308,0, 0
20309,0, 25
20310,0, 30
20311,0, 0
20312,11, 0
20313,15, 0
20314,40, 56
20315,63, 226
20316,79, 318
20317,72, 222
20318,64, 46
20319,53, 0
20320,61, 0
20321,74, 0
20322,110, 0
20323,117, 0
20324,153, 0
20325,185, 0
20326,207, 0
20327,226, 0
20328,226, 0
20329,202, 0
20330,187, 19
20331,139, 0
20332,105, 0
20333,61, 0
20334,30, 0
20335,3, 0
20336,0, 0
20337,0, 0
20338,0, 0
20339,0, 0
20340,0, 0
20341,0, 0
20342,0, 0
20343,0, 54
20344,26, 61
20345,57, 0
20346,61, 0
20347,75, 0
20348,76, 0
20349,76, 0
20350,64, 0
20351,53, 0
20352,48, 0
20353,36, 0
20354,22, 0
20355,21, 0
20356,1, 0
20357,0, 0
20358,17, 0
20359,0, 0
20360,0, 0
20361,14, 0
20362,35, 0
20363,69, 0
20364,92, 0
20365,110, 0
20366,108, 0
20367,105, 0
20368,97, 0
20369,76, 0
20370,76, 0
20371,89, 2
20372,112, 29
20373,136, 0
20374,168, 0
20375,185, 0
20376,170, 0
20377,158, 0
20378,121, 0
20379,116, 0
20380,92, 0
20381,75, 0
20382,70, 0
20383,63, 0
20384,63, 0
20385,73, 0
20386,91, 0
20387,112, 0
20388,133, 0
20389,141, 0
20390,113, 0
20391,83, 0
20392,76, 0
20393,88, 0
20394,90, 0
20395,102, 0
20396,104, 0
20397,95, 0
20398,88, 0
20399,44, 0
20400,15, 0
20401,0, 0
20402,6, 0
20403,15, 0
20404,63, 0
20405,104, 0
20406,121, 0
20407,115, 0
20408,97, 0
20409,86, 4
20410,74, 0
20411,68, 0
20412,70, 0
20413,70, 0
20414,69, 0
20415,61, 0
20416,57, 0
20417,34, 0
20418,22, 0
20419,12, 0
20420,18, 0
20421,24, 0
20422,36, 0
20423,38, 0
20424,40, 0
20425,48, 0
20426,48, 0
20427,63, 0
20428,70, 0
20429,63, 0
20430,38, 192
20431,14, 164
20432,6, 230
20433,6, 198
20434,24, 81
20435,65, 9
20436,107, 0
20437,135, 0
20438,159, 61
20439,183, 181
20440,189, 227
20441,196, 167
20442,197, 126
20443,169, 23
20444,142, 0
20445,113, 0
20446,83, 0
20447,68, 0
20448,57, 0
20449,57, 0
20450,57, 0
20451,42, 0
20452,27, 0
20453,27, 0
20454,37, 0
20455,54, 21
20456,70, 337
20457,70, 282
20458,60, 79
20459,41, 39
20460,5, 0
20461,0, 0
20462,0, 0
20463,0, 0
20464,8, 0
20465,47, 0
20466,92, 0
20467,122, 0
20468,138, 0
20469,158, 0
20470,170, 0
20471,168, 0
20472,169, 0
20473,172, 0
20474,174, 326
20475,171, 599
20476,148, 855
20477,108, 1031
20478,46, 981
20479,19, 556
20480,0, 48
20481,1, 0
20482,0, 0
20483,1, 0
20484,0, 0
20485,10, 0
20486,4, 0
20487,12, 0
20488,18, 0
20489,37, 0
20490,58, 17
20491,32, 73
20492,27, 17
20493,32, 0
20494,39, 0
20495,59, 0
20496,91, 0
20497,103, 0
20498,130, 0
20499,94, 0
20500,84, 0
20501,83, 0
20502,79, 0
20503,86, 0
20504,87, 0
20505,118, 0
20506,110, 0
20507,115, 0
20508,119, 0
20509,109, 0
20510,116, 40
20511,125, 148
20512,133, 124
20513,109, 93
20514,93, 7
20515,101, 0
20516,70, 0
20517,57, 0
20518,54, 0
20519,51, 0
20520,46, 0
20521,27, 0
20522,19, 0
20523,19, 0
20524,37, 0
20525,84, 0
20526,112, 0
20527,152, 0
20528,169, 0
20529,165, 0
20530,154, 0
20531,145, 0
20532,135, 4
20533,128, 51
20534,136, 232
20535,142, 272
20536,108, 265
20537,104, 270
20538,87, 221
20539,76, 111
20540,77, 45
20541,83, 83
20542,92, 238
20543,95, 337
20544,104, 424
20545,102, 409
20546,83, 362
20547,62, 189
20548,51, 5
20549,54, 0
20550,63, 0
20551,58, 0
20552,30, 0
20553,5, 0
20554,0, 0
20555,20, 0
20556,7, 0
20557,38, 0
20558,54, 0
20559,57, 0
20560,65, 0
20561,63, 0
20562,52, 0
20563,63, 0
20564,76, 0
20565,76, 0
20566,92, 0
20567,76, 0
20568,67, 0
20569,73, 0
20570,83, 0
20571,92, 0
20572,96, 0
20573,108, 0
20574,86, 0
20575,80, 0
20576,76, 0
20577,77, 0
20578,83, 0
20579,89, 0
20580,95, 0
20581,105, 0
20582,73, 0
20583,50, 0
20584,25, 0
20585,25, 0
20586,31, 0
20587,73, 0
20588,110, 0
20589,130, 0
20590,112, 0
20591,119, 0
20592,106, 0
20593,103, 0
20594,103, 0
20595,84, 0
20596,75, 0
20597,67, 0
20598,56, 0
20599,36, 0
20600,26, 9
20601,23, 67
20602,23, 57
20603,25, 4
20604,34, 0
20605,36, 0
20606,44, 0
20607,46, 0
20608,60, 3
20609,70, 0
20610,76, 2
20611,87, 94
20612,102, 502
20613,92, 582
20614,76, 666
20615,92, 549
20616,93, 381
20617,108, 137
20618,139, 0
20619,159, 0
20620,152, 0
20621,152, 0
20622,153, 0
20623,145, 0
20624,158, 0
20625,127, 0
20626,105, 0
20627,127, 0
20628,106, 0
20629,106, 0
20630,93, 0
20631,108, 0
20632,115, 0
20633,118, 0
20634,106, 0
20635,91, 0
20636,72, 0
20637,50, 0
20638,34, 0
20639,17, 0
20640,6, 0
20641,0, 0
20642,1, 0
20643,0, 0
20644,0, 0
20645,0, 0
20646,0, 0
20647,0, 0
20648,28, 0
20649,65, 0
20650,101, 0
20651,125, 0
20652,145, 0
20653,157, 0
20654,157, 122
20655,152, 282
20656,141, 255
20657,131, 200
20658,122, 27
20659,108, 0
20660,76, 0
20661,69, 0
20662,45, 0
20663,25, 0
20664,5, 0
20665,0, 7
20666,0, 4
20667,0, 13
20668,0, 0
20669,0, 0
20670,8, 0
20671,22, 0
20672,39, 0
20673,34, 0
20674,30, 89
20675,54, 139
20676,42, 10
20677,85, 3
20678,94, 0
20679,145, 0
20680,168, 0
20681,175, 0
20682,165, 0
20683,155, 0
20684,140, 0
20685,147, 0
20686,153, 0
20687,169, 0
20688,183, 0
20689,160, 0
20690,152, 0
20691,144, 0
20692,128, 0
20693,106, 0
20694,103, 0
20695,99, 0
20696,106, 3
20697,115, 0
20698,117, 0
20699,127, 0
20700,121, 0
20701,112, 0
20702,106, 0
20703,96, 5
20704,76, 0
20705,56, 3
20706,45, 0
20707,48, 0
20708,72, 0
20709,74, 0
20710,103, 0
20711,117, 0
20712,125, 0
20713,122, 0
20714,120, 0
20715,119, 12
20716,108, 76
20717,104, 101
20718,105, 106
20719,101, 0
20720,108, 0
20721,102, 0
20722,107, 0
20723,100, 3
20724,99, 0
20725,96, 0
20726,87, 0
20727,90, 0
20728,83, 0
20729,83, 0
20730,69, 0
20731,47, 0
20732,22, 0
20733,10, 0
20734,6, 0
20735,0, 0
20736,0, 0
20737,4, 0
20738,15, 0
20739,26, 0
20740,48, 0
20741,62, 0
20742,72, 0
20743,73, 0
20744,73, 0
20745,71, 0
20746,74, 0
20747,74, 0
20748,83, 0
20749,87, 0
20750,89, 0
20751,72, 0
20752,68, 0
20753,55, 0
20754,48, 0
20755,50, 0
20756,61, 0
20757,65, 0
20758,71, 0
20759,84, 0
20760,76, 0
20761,76, 0
20762,76, 0
20763,73, 0
20764,70, 0
20765,46, 0
20766,42, 39
20767,39, 101
20768,57, 74
20769,58, 6
20770,73, 0
20771,102, 0
20772,103, 0
20773,100, 0
20774,102, 0
20775,117, 0
20776,134, 0
20777,118, 0
20778,123, 0
20779,115, 0
20780,116, 0
20781,115, 0
20782,118, 0
20783,115, 0
20784,120, 0
20785,121, 0
20786,130, 0
20787,134, 0
20788,145, 0
20789,147, 0
20790,153, 204
20791,153, 218
20792,152, 355
20793,139, 485
20794,135, 1001
20795,112, 1216
20796,67, 889
20797,31, 505
20798,18, 238
20799,28, 38
20800,44, 0
20801,69, 0
20802,72, 0
20803,71, 0
20804,65, 0
20805,62, 0
20806,53, 0
20807,51, 0
20808,27, 0
20809,15, 0
20810,10, 0
20811,12, 0
20812,14, 0
20813,15, 0
20814,13, 0
20815,25, 0
20816,42, 0
20817,55, 0
20818,59, 0
20819,75, 0
20820,83, 0
20821,74, 0
20822,73, 0
20823,61, 0
20824,50, 0
20825,37, 0
20826,21, 0
20827,6, 0
20828,6, 0
20829,19, 6
20830,29, 8
20831,75, 0
20832,119, 15
20833,137, 117
20834,144, 159
20835,135, 181
20836,124, 127
20837,109, 156
20838,116, 173
20839,95, 187
20840,91, 203
20841,96, 64
20842,71, 0
20843,52, 0
20844,52, 0
20845,68, 0
20846,78, 0
20847,90, 0
20848,93, 0
20849,96, 0
20850,103, 0
20851,112, 0
20852,128, 0
20853,118, 0
20854,108, 19
20855,106, 257
20856,95, 487
20857,63, 441
20858,31, 381
20859,17, 351
20860,17, 332
20861,31, 63
20862,55, 0
20863,63, 0
20864,52, 0
20865,43, 0
20866,35, 0
20867,21, 0
20868,19, 0
20869,17, 0
20870,22, 0
20871,19, 0
20872,37, 0
20873,42, 0
20874,53, 0
20875,65, 0
20876,78, 0
20877,76, 0
20878,83, 0
20879,95, 0
20880,108, 0
20881,133, 0
20882,141, 139
20883,151, 232
20884,144, 368
20885,133, 369
20886,121, 159
20887,91, 29
20888,86, 7
20889,51, 0
20890,20, 0
20891,6, 0
20892,19, 0
20893,54, 0
20894,75, 0
20895,73, 0
20896,53, 0
20897,36, 0
20898,5, 0
20899,1, 0
20900,0, 0
20901,10, 0
20902,52, 1
20903,97, 6
20904,138, 0
20905,159, 0
20906,164, 0
20907,164, 0
20908,143, 0
20909,131, 0
20910,144, 0
20911,172, 0
20912,193, 0
20913,211, 0
20914,235, 0
20915,249, 0
20916,248, 0
20917,221, 76
20918,189, 197
20919,149, 355
20920,142, 436
20921,116, 319
20922,120, 180
20923,131, 31
20924,127, 0
20925,137, 0
20926,128, 0
20927,126, 0
20928,115, 0
20929,103, 0
20930,90, 0
20931,84, 0
20932,72, 0
20933,55, 0
20934,37, 0
20935,23, 0
20936,13, 0
20937,11, 0
20938,23, 0
20939,31, 0
20940,36, 0
20941,40, 0
20942,38, 0
20943,25, 0
20944,18, 0
20945,18, 0
20946,25, 0
20947,31, 0
20948,25, 0
20949,22, 0
20950,25, 0
20951,31, 0
20952,38, 0
20953,64, 6
20954,95, 59
20955,116, 92
20956,124, 63
20957,142, 3
20958,138, 0
20959,133, 2
20960,135, 0
20961,121, 0
20962,125, 0
20963,137, 0
20964,135, 0
20965,128, 0
20966,113, 2
20967,102, 48
20968,73, 108
20969,55, 165
20970,46, 338
20971,51, 423
20972,55, 338
20973,55, 249
20974,75, 167
20975,85, 62
20976,84, 14
20977,74, 0
20978,60, 0
20979,25, 0
20980,10, 0
20981,8, 0
20982,12, 0
20983,23, 0
20984,51, 0
20985,58, 0
20986,57, 0
20987,46, 0
20988,43, 0
20989,42, 0
20990,48, 0
20991,42, 0
20992,38, 0
20993,53, 0
20994,58, 0
20995,74, 0
20996,89, 0
20997,89, 0
20998,90, 0
20999,97, 0
21000,83, 0
21001,72, 0
21002,74, 0
21003,87, 0
21004,92, 0
21005,94, 0
21006,107, 0
21007,108, 0
21008,107, 0
21009,81, 0
21010,64, 0
21011,57, 0
21012,60, 0
21013,65, 0
21014,94, 0
21015,127, 0
21016,140, 0
21017,134, 0
21018,133, 0
21019,134, 0
21020,131, 0
21021,121, 0
21022,119, 0
21023,110, 0
21024,102, 0
21025,99, 0
21026,102, 0
21027,102, 0
21028,110, 0
21029,102, 0
21030,101, 0
21031,102, 0
21032,94, 0
21033,89, 0
21034,79, 0
21035,62, 0
21036,36, 0
21037,13, 0
21038,5, 0
21039,2, 0
21040,0, 0
21041,0, 0
21042,0, 0
21043,4, 0
21044,25, 0
21045,57, 0
21046,88, 0
21047,95, 0
21048,97, 0
21049,95, 0
21050,112, 0
21051,111, 0
21052,115, 0
21053,113, 0
21054,105, 0
21055,103, 0
21056,95, 0
21057,102, 0
21058,109, 0
21059,103, 0
21060,115, 0
21061,115, 0
21062,130, 0
21063,124, 0
21064,126, 0
21065,123, 0
21066,113, 0
21067,104, 0
21068,96, 0
21069,92, 0
21070,74, 0
21071,45, 25
21072,45, 8
21073,48, 0
21074,52, 0
21075,73, 0
21076,105, 14
21077,86, 20
21078,81, 40
21079,74, 25
21080,76, 0
21081,70, 0
21082,53, 0
21083,39, 0
21084,31, 0
21085,31, 0
21086,45, 0
21087,63, 0
21088,77, 0
21089,83, 0
21090,83, 0
21091,76, 0
21092,77, 0
21093,80, 0
21094,79, 0
21095,75, 0
21096,65, 0
21097,56, 0
21098,51, 0
21099,40, 0
21100,37, 0
21101,11, 0
21102,19, 38
21103,34, 202
21104,47, 481
21105,57, 170
21106,63, 17
21107,70, 0
21108,55, 0
21109,67, 0
21110,74, 0
21111,89, 0
21112,96, 0
21113,100, 0
21114,93, 1
21115,86, 0
21116,79, 0
21117,83, 0
21118,89, 0
21119,102, 0
21120,119, 0
21121,120, 10
21122,123, 0
21123,125, 0
21124,127, 0
21125,115, 0
21126,126, 0
21127,109, 0
21128,100, 0
21129,90, 0
21130,75, 0
21131,53, 0
21132,41, 0
21133,41, 0
21134,50, 0
21135,74, 0
21136,116, 0
21137,142, 0
21138,154, 0
21139,134, 0
21140,116, 0
21141,95, 0
21142,85, 0
21143,81, 0
21144,89, 0
21145,94, 0
21146,102, 0
21147,108, 0
21148,108, 0
21149,93, 0
21150,77, 0
21151,61, 0
21152,61, 0
21153,65, 0
21154,80, 0
21155,89, 0
21156,91, 0
21157,99, 0
21158,105, 0
21159,106, 0
21160,123, 175
21161,83, 568
21162,32, 786
21163,19, 946
21164,0, 969
21165,0, 914
21166,12, 661
21167,0, 385
21168,25, 57
21169,55, 0
21170,86, 1
21171,94, 0
21172,94, 0
21173,99, 0
21174,110, 0
21175,115, 0
21176,116, 0
21177,139, 0
21178,131, 0
21179,139, 0
21180,130, 0
21181,112, 0
21182,84, 0
21183,63, 0
21184,46, 0
21185,18, 0
21186,2, 0
21187,2, 0
21188,3, 0
21189,12, 0
21190,26, 0
21191,38, 0
21192,35, 0
21193,28, 0
21194,28, 0
21195,29, 0
21196,29, 0
21197,60, 0
21198,92, 0
21199,71, 0
21200,70, 0
21201,72, 0
21202,75, 0
21203,76, 0
21204,83, 0
21205,87, 0
21206,93, 0
21207,95, 0
21208,99, 0
21209,107, 0
21210,108, 0
21211,96, 0
21212,80, 0
21213,71, 0
21214,60, 4
21215,47, 6
21216,39, 0
21217,30, 0
21218,31, 0
21219,35, 4
21220,37, 0
21221,36, 11
21222,14, 23
21223,2, 38
21224,0, 0
21225,0, 0
21226,0, 0
21227,13, 0
21228,34, 0
21229,51, 0
21230,59, 0
21231,71, 0
21232,69, 0
21233,62, 0
21234,74, 0
21235,83, 0
21236,88, 0
21237,92, 0
21238,95, 0
21239,95, 0
21240,85, 0
21241,83, 0
21242,81, 0
21243,92, 0
21244,96, 0
21245,106, 0
21246,108, 2
21247,113, 11
21248,100, 0
21249,101, 0
21250,102, 0
21251,95, 0
21252,83, 0
21253,43, 0
21254,20, 0
21255,3, 0
21256,0, 0
21257,3, 0
21258,32, 0
21259,92, 0
21260,96, 0
21261,103, 0
21262,108, 0
21263,96, 0
21264,107, 0
21265,119, 0
21266,113, 0
21267,115, 0
21268,121, 0
21269,119, 0
21270,121, 0
21271,112, 0
21272,110, 0
21273,100, 0
21274,94, 0
21275,92, 0
21276,91, 0
21277,92, 0
21278,94, 0
21279,86, 0
21280,88, 0
21281,95, 0
21282,83, 0
21283,62, 0
21284,20, 177
21285,0, 139
21286,0, 171
21287,0, 145
21288,0, 29
21289,6, 0
21290,24, 0
21291,44, 0
21292,50, 0
21293,57, 0
21294,57, 0
21295,70, 0
21296,76, 0
21297,80, 0
21298,85, 0
21299,91, 0
21300,85, 0
21301,79, 0
21302,70, 0
21303,64, 0
21304,43, 0
21305,59, 0
21306,72, 0
21307,89, 0
21308,101, 0
21309,99, 0
21310,102, 0
21311,102, 0
21312,99, 0
21313,89, 0
21314,75, 0
21315,37, 0
21316,40, 15
21317,24, 64
21318,21, 63
21319,46, 1
21320,67, 0
21321,91, 0
21322,100, 0
21323,108, 0
21324,108, 0
21325,99, 0
21326,97, 0
21327,89, 0
21328,78, 0
21329,75, 0
21330,83, 0
21331,84, 0
21332,77, 0
21333,63, 0
21334,56, 0
21335,51, 0
21336,44, 0
21337,42, 0
21338,38, 0
21339,43, 0
21340,34, 0
21341,36, 0
21342,40, 0
21343,37, 0
21344,22, 0
21345,6, 264
21346,0, 89
21347,0, 61
21348,0, 11
21349,30, 0
21350,64, 0
21351,79, 0
21352,87, 0
21353,89, 0
21354,91, 0
21355,91, 0
21356,94, 0
21357,92, 0
21358,90, 0
21359,83, 0
21360,79, 0
21361,77, 0
21362,74, 0
21363,64, 0
21364,63, 0
21365,60, 0
21366,54, 0
21367,54, 0
21368,53, 0
21369,68, 0
21370,68, 0
21371,84, 0
21372,92, 0
21373,96, 0
21374,89, 0
21375,63, 0
21376,56, 0
21377,51, 0
21378,45, 0
21379,55, 0
21380,94, 0
21381,117, 0
21382,121, 0
21383,112, 0
21384,106, 0
21385,117, 0
21386,123, 0
21387,128, 12
21388,129, 88
21389,117, 193
21390,121, 263
21391,120, 263
21392,117, 58
21393,113, 0
21394,107, 0
21395,103, 4
21396,79, 108
21397,71, 115
21398,57, 104
21399,63, 31
21400,71, 0
21401,73, 0
21402,86, 0
21403,85, 0
21404,70, 0
21405,48, 0
21406,9, 0
21407,0, 0
21408,18, 0
21409,0, 0
21410,0, 0
21411,6, 0
21412,0, 0
21413,0, 0
21414,0, 0
21415,6, 0
21416,26, 0
21417,28, 0
21418,41, 0
21419,73, 0
21420,63, 0
21421,65, 0
21422,70, 0
21423,72, 0
21424,80, 0
21425,80, 0
21426,95, 0
21427,100, 0
21428,104, 0
21429,99, 0
21430,87, 0
21431,104, 24
21432,108, 0
21433,104, 0
21434,94, 0
21435,79, 0
21436,62, 38
21437,41, 139
21438,37, 174
21439,20, 123
21440,31, 24
21441,71, 0
21442,106, 0
21443,138, 0
21444,154, 5
21445,163, 0
21446,171, 0
21447,164, 0
21448,151, 0
21449,151, 0
21450,135, 0
21451,133, 0
21452,129, 0
21453,115, 0
21454,109, 0
21455,103, 0
21456,99, 0
21457,86, 0
21458,90, 0
21459,94, 0
21460,99, 0
21461,97, 0
21462,91, 0
21463,92, 0
21464,100, 0
21465,92, 0
21466,70, 0
21467,32, 0
21468,7, 0
21469,0, 0
21470,8, 2
21471,44, 0
21472,87, 0
21473,119, 0
21474,127, 0
21475,76, 0
21476,44, 0
21477,27, 0
21478,17, 0
21479,20, 0
21480,22, 0
21481,24, 0
21482,24, 0
21483,18, 0
21484,19, 0
21485,24, 0
21486,35, 0
21487,51, 0
21488,60, 0
21489,67, 0
21490,71, 0
21491,76, 0
21492,69, 0
21493,67, 0
21494,57, 0
21495,53, 0
21496,38, 0
21497,20, 0
21498,7, 0
21499,12, 0
21500,31, 0
21501,62, 72
21502,81, 0
21503,112, 0
21504,144, 0
21505,152, 0
21506,150, 0
21507,147, 0
21508,126, 0
21509,118, 0
21510,94, 0
21511,67, 0
21512,59, 0
21513,69, 0
21514,74, 0
21515,88, 0
21516,104, 0
21517,117, 0
21518,112, 0
21519,102, 0
21520,102, 57
21521,95, 121
21522,89, 133
21523,87, 156
21524,78, 169
21525,72, 48
21526,48, 0
21527,15, 0
21528,0, 0
21529,0, 0
21530,0, 0
21531,6, 0
21532,31, 0
21533,53, 0
21534,67, 0
21535,57, 0
21536,47, 0
21537,40, 0
21538,38, 0
21539,50, 2
21540,62, 31
21541,71, 96
21542,79, 169
21543,81, 179
21544,110, 92
21545,120, 10
21546,148, 0
21547,161, 0
21548,153, 0
21549,140, 88
21550,135, 11
21551,127, 0
21552,134, 0
21553,145, 0
21554,159, 0
21555,165, 0
21556,176, 0
21557,160, 0
21558,135, 0
21559,106, 0
21560,91, 0
21561,84, 0
21562,83, 0
21563,103, 0
21564,120, 0
21565,126, 0
21566,123, 0
21567,118, 0
21568,112, 0
21569,90, 0
21570,99, 0
21571,102, 0
21572,109, 0
21573,107, 0
21574,107, 0
21575,103, 0
21576,102, 0
21577,92, 0
21578,95, 0
21579,97, 0
21580,92, 0
21581,107, 0
21582,91, 0
21583,85, 0
21584,87, 0
21585,84, 0
21586,83, 0
21587,53, 156
21588,19, 198
21589,0, 243
21590,0, 235
21591,0, 176
21592,1, 140
21593,8, 76
21594,32, 0
21595,41, 0
21596,35, 0
21597,37, 0
21598,30, 0
21599,26, 0
21600,35, 8
21601,41, 15
21602,44, 88
21603,44, 26
21604,43, 0
21605,51, 0
21606,59, 0
21607,77, 0
21608,68, 0
21609,62, 0
21610,60, 0
21611,62, 0
21612,64, 0
21613,58, 0
21614,63, 0
21615,63, 0
21616,70, 0
21617,73, 0
21618,54, 0
21619,43, 0
21620,31, 0
21621,54, 0
21622,36, 0
21623,45, 0
21624,83, 0
21625,102, 0
21626,119, 0
21627,107, 0
21628,100, 0
21629,90, 0
21630,78, 0
21631,91, 0
21632,94, 0
21633,107, 0
21634,105, 0
21635,117, 0
21636,117, 0
21637,119, 0
21638,115, 0
21639,110, 0
21640,118, 0
21641,118, 0
21642,111, 0
21643,110, 0
21644,99, 0
21645,99, 0
21646,89, 0
21647,91, 0
21648,89, 0
21649,69, 0
21650,31, 0
21651,8, 0
21652,3, 0
21653,6, 0
21654,25, 0
21655,57, 0
21656,70, 0
21657,77, 0
21658,87, 0
21659,79, 0
21660,67, 0
21661,83, 0
21662,73, 0
21663,79, 0
21664,75, 0
21665,73, 0
21666,64, 0
21667,60, 0
21668,67, 0
21669,76, 0
21670,84, 0
21671,95, 0
21672,97, 0
21673,102, 0
21674,104, 0
21675,99, 0
21676,106, 0
21677,99, 0
21678,95, 0
21679,85, 0
21680,54, 0
21681,26, 0
21682,20, 0
21683,37, 0
21684,59, 0
21685,108, 0
21686,137, 0
21687,145, 0
21688,144, 0
21689,134, 42
21690,120, 108
21691,111, 86
21692,111, 153
21693,102, 214
21694,101, 244
21695,69, 198
21696,64, 134
21697,63, 29
21698,70, 0
21699,73, 0
21700,62, 0
21701,69, 0
21702,61, 0
21703,60, 0
21704,45, 0
21705,25, 0
21706,9, 0
21707,10, 0
21708,3, 0
21709,5, 0
21710,0, 0
21711,0, 25
21712,0, 1
21713,0, 61
21714,2, 51
21715,19, 0
21716,56, 0
21717,81, 0
21718,83, 0
21719,85, 0
21720,72, 0
21721,75, 0
21722,80, 0
21723,90, 0
21724,102, 0
21725,121, 0
21726,136, 0
21727,131, 0
21728,139, 0
21729,137, 0
21730,135, 0
21731,127, 0
21732,122, 0
21733,110, 0
21734,112, 0
21735,108, 0
21736,108, 0
21737,104, 0
21738,100, 0
21739,100, 0
21740,90, 0
21741,61, 0
21742,48, 0
21743,47, 0
21744,51, 0
21745,65, 0
21746,102, 0
21747,143, 0
21748,130, 0
21749,129, 0
21750,123, 0
21751,127, 0
21752,116, 0
21753,116, 0
21754,118, 0
21755,123, 0
21756,121, 0
21757,115, 0
21758,113, 0
21759,111, 0
21760,107, 0
21761,107, 0
21762,103, 0
21763,104, 0
21764,93, 0
21765,115, 0
21766,88, 0
21767,83, 0
21768,86, 0
21769,74, 0
21770,92, 0
21771,51, 0
21772,27, 96
21773,10, 0
21774,12, 0
21775,17, 0
21776,29, 0
21777,53, 0
21778,72, 0
21779,77, 0
21780,86, 0
21781,83, 0
21782,83, 0
21783,96, 0
21784,99, 0
21785,91, 0
21786,95, 0
21787,103, 0
21788,95, 0
21789,89, 0
21790,102, 0
21791,111, 0
21792,108, 0
21793,118, 0
21794,102, 0
21795,95, 0
21796,90, 0
21797,84, 0
21798,64, 0
21799,53, 0
21800,42, 0
21801,25, 0
21802,15, 0
21803,12, 0
21804,8, 0
21805,11, 0
21806,31, 0
21807,70, 0
21808,100, 0
21809,125, 0
21810,130, 0
21811,127, 0
21812,124, 0
21813,128, 0
21814,125, 0
21815,127, 1
21816,123, 0
21817,121, 0
21818,118, 0
21819,115, 0
21820,115, 0
21821,121, 0
21822,108, 0
21823,121, 21
21824,112, 141
21825,109, 176
21826,115, 227
21827,115, 245
21828,119, 215
21829,123, 200
21830,117, 188
21831,108, 233
21832,92, 238
21833,55, 270
21834,34, 193
21835,24, 95
21836,38, 39
21837,57, 0
21838,73, 0
21839,75, 0
21840,68, 0
21841,70, 0
21842,63, 0
21843,58, 0
21844,56, 0
21845,45, 0
21846,35, 0
21847,20, 0
21848,7, 0
21849,0, 0
21850,0, 0
21851,0, 0
21852,0, 0
21853,0, 0
21854,0, 0
21855,0, 0
21856,0, 0
21857,2, 0
21858,18, 0
21859,34, 0
21860,54, 0
21861,63, 12
21862,59, 79
21863,44, 148
21864,34, 214
21865,47, 302
21866,67, 182
21867,76, 109
21868,95, 84
21869,133, 44
21870,133, 6
21871,119, 0
21872,108, 0
21873,101, 0
21874,101, 0
21875,102, 0
21876,101, 0
21877,103, 0
21878,102, 0
21879,95, 0
21880,90, 0
21881,84, 0
21882,75, 0
21883,57, 0
21884,63, 0
21885,69, 0
21886,76, 0
21887,92, 0
21888,108, 0
21889,115, 0
21890,124, 0
21891,133, 0
21892,128, 0
21893,105, 8
21894,76, 77
21895,61, 85
21896,57, 127
21897,56, 10
21898,68, 0
21899,88, 0
21900,83, 0
21901,86, 0
21902,77, 8
21903,70, 0
21904,67, 0
21905,70, 0
21906,75, 0
21907,70, 0
21908,76, 0
21909,75, 0
21910,67, 0
21911,70, 0
21912,68, 0
21913,64, 0
21914,59, 0
21915,67, 0
21916,70, 0
21917,71, 0
21918,77, 0
21919,85, 0
21920,89, 0
21921,92, 0
21922,91, 0
21923,83, 0
21924,56, 0
21925,47, 2
21926,42, 28
21927,35, 83
21928,46, 0
21929,73, 0
21930,94, 0
21931,108, 0
21932,124, 0
21933,133, 0
21934,139, 0
21935,139, 0
21936,137, 0
21937,139, 0
21938,135, 0
21939,127, 0
21940,127, 0
21941,111, 0
21942,102, 0
21943,105, 0
21944,108, 0
21945,115, 0
21946,115, 0
21947,115, 0
21948,118, 0
21949,121, 0
21950,115, 0
21951,119, 0
21952,120, 0
21953,108, 0
21954,89, 0
21955,60, 40
21956,48, 4
21957,52, 25
21958,56, 0
21959,87, 0
21960,112, 0
21961,134, 0
21962,133, 0
21963,133, 0
21964,122, 0
21965,118, 0
21966,108, 0
21967,111, 0
21968,119, 0
21969,123, 0
21970,136, 0
21971,147, 0
21972,142, 0
21973,139, 0
21974,132, 0
21975,121, 0
21976,121, 0
21977,95, 0
21978,83, 0
21979,71, 0
21980,62, 0
21981,63, 0
21982,56, 0
21983,58, 0
21984,46, 0
21985,15, 0
21986,0, 0
21987,1, 0
21988,5, 0
21989,14, 0
21990,53, 0
21991,64, 0
21992,64, 0
21993,44, 0
21994,26, 0
21995,15, 0
21996,2, 0
21997,2, 0
21998,1, 0
21999,12, 0
22000,19, 0
22001,22, 0
22002,26, 0
22003,37, 0
22004,39, 0
22005,44, 0
22006,47, 0
22007,51, 0
22008,50, 0
22009,31, 0
22010,21, 0
22011,18, 0
22012,11, 0
22013,12, 0
22014,19, 0
22015,3, 0
22016,0, 0
22017,0, 0
22018,0, 0
22019,0, 0
22020,21, 0
22021,47, 0
22022,62, 0
22023,57, 0
22024,64, 0
22025,75, 0
22026,70, 0
22027,80, 0
22028,75, 0
22029,89, 0
22030,101, 0
22031,110, 0
22032,122, 0
22033,130, 0
22034,125, 0
22035,124, 0
22036,121, 0
22037,118, 0
22038,107, 0
22039,108, 0
22040,107, 0
22041,110, 0
22042,102, 0
22043,108, 0
22044,91, 0
22045,95, 0
22046,75, 0
22047,63, 0
22048,52, 0
22049,63, 0
22050,80, 0
22051,108, 0
22052,141, 0
22053,145, 0
22054,145, 0
22055,152, 0
22056,136, 0
22057,136, 0
22058,126, 0
22059,125, 0
22060,127, 0
22061,112, 0
22062,105, 0
22063,111, 0
22064,108, 0
22065,102, 0
22066,97, 0
22067,101, 0
22068,101, 0
22069,95, 0
22070,88, 0
22071,76, 0
22072,67, 0
22073,75, 0
22074,65, 0
22075,83, 0
22076,60, 0
22077,34, 0
22078,21, 0
22079,17, 0
22080,11, 0
22081,29, 0
22082,51, 0
22083,65, 0
22084,74, 0
22085,70, 0
22086,59, 0
22087,55, 0
22088,44, 0
22089,42, 2
22090,42, 0
22091,38, 0
22092,35, 0
22093,37, 0
22094,34, 0
22095,25, 0
22096,15, 6
22097,8, 0
22098,17, 0
22099,28, 0
22100,42, 0
22101,57, 0
22102,78, 0
22103,90, 0
22104,91, 0
22105,90, 0
22106,87, 0
22107,76, 0
22108,64, 0
22109,71, 0
22110,90, 0
22111,111, 0
22112,145, 0
22113,170, 0
22114,188, 0
22115,186, 0
22116,182, 0
22117,164, 0
22118,150, 0
22119,139, 0
22120,120, 0
22121,116, 0
22122,108, 0
22123,103, 0
22124,100, 0
22125,96, 0
22126,85, 0
22127,89, 0
22128,91, 0
22129,84, 0
22130,84, 0
22131,78, 0
22132,70, 0
22133,70, 0
22134,71, 0
22135,64, 0
22136,57, 0
22137,25, 0
22138,3, 0
22139,0, 0
22140,0, 0
22141,7, 0
22142,28, 0
22143,55, 0
22144,71, 0
22145,75, 0
22146,78, 0
22147,89, 0
22148,83, 0
22149,77, 0
22150,74, 0
22151,75, 0
22152,71, 0
22153,75, 0
22154,73, 0
22155,73, 0
22156,76, 0
22157,87, 0
22158,80, 0
22159,96, 0
22160,80, 0
22161,87, 0
22162,83, 0
22163,86, 0
22164,89, 0
22165,89, 0
22166,92, 0
22167,83, 0
22168,57, 0
22169,43, 0
22170,37, 6
22171,41, 0
22172,51, 0
22173,92, 0
22174,101, 0
22175,108, 0
22176,113, 0
22177,110, 0
22178,106, 0
22179,101, 0
22180,101, 0
22181,99, 0
22182,102, 0
22183,95, 0
22184,92, 0
22185,91, 0
22186,89, 0
22187,87, 0
22188,103, 0
22189,93, 0
22190,79, 0
22191,84, 0
22192,80, 0
22193,76, 0
22194,78, 0
22195,80, 0
22196,83, 0
22197,73, 0
22198,47, 0
22199,45, 5
22200,20, 0
22201,26, 0
22202,25, 0
22203,51, 0
22204,81, 0
22205,93, 0
22206,85, 0
22207,73, 0
22208,86, 0
22209,71, 0
22210,69, 0
22211,60, 0
22212,76, 0
22213,78, 0
22214,83, 0
22215,83, 0
22216,87, 0
22217,90, 0
22218,87, 0
22219,88, 0
22220,83, 0
22221,85, 0
22222,75, 0
22223,70, 0
22224,63, 0
22225,48, 0
22226,45, 0
22227,38, 0
22228,19, 0
22229,4, 0
22230,1, 0
22231,0, 0
22232,0, 0
22233,3, 0
22234,20, 0
22235,37, 0
22236,31, 0
22237,25, 0
22238,12, 0
22239,12, 0
22240,0, 0
22241,1, 0
22242,1, 0
22243,1, 0
22244,4, 0
22245,5, 0
22246,7, 0
22247,12, 0
22248,23, 0
22249,27, 0
22250,35, 0
22251,32, 0
22252,35, 0
22253,19, 0
22254,3, 0
22255,0, 0
22256,0, 0
22257,0, 0
22258,0, 0
22259,0, 0
22260,0, 0
22261,0, 0
22262,0, 1
22263,0, 0
22264,28, 0
22265,67, 0
22266,87, 0
22267,97, 0
22268,110, 0
22269,112, 0
22270,108, 0
22271,107, 0
22272,111, 0
22273,115, 0
22274,119, 0
22275,124, 0
22276,127, 0
22277,133, 0
22278,140, 0
22279,136, 0
22280,147, 0
22281,145, 0
22282,144, 0
22283,149, 0
22284,147, 0
22285,149, 0
22286,152, 0
22287,149, 0
22288,147, 2
22289,138, 0
22290,111, 0
22291,94, 0
22292,93, 8
22293,93, 48
22294,105, 3
22295,139, 0
22296,159, 0
22297,164, 0
22298,159, 0
22299,156, 0
22300,171, 0
22301,149, 0
22302,142, 0
22303,134, 0
22304,131, 0
22305,127, 0
22306,117, 0
22307,117, 0
22308,116, 0
22309,116, 0
22310,115, 0
22311,127, 0
22312,110, 0
22313,104, 0
22314,90, 0
22315,76, 0
22316,57, 0
22317,42, 0
22318,38, 0
22319,25, 0
22320,8, 0
22321,6, 29
22322,0, 39
22323,8, 7
22324,25, 0
22325,51, 0
22326,83, 0
22327,96, 0
22328,81, 0
22329,84, 0
22330,71, 0
22331,76, 0
22332,77, 0
22333,79, 0
22334,101, 0
22335,113, 0
22336,120, 0
22337,132, 0
22338,131, 0
22339,129, 0
22340,131, 0
22341,113, 0
22342,89, 0
22343,86, 0
22344,80, 0
22345,80, 0
22346,81, 0
22347,80, 0
22348,87, 0
22349,89, 0
22350,79, 0
22351,58, 0
22352,71, 0
22353,63, 0
22354,90, 0
22355,90, 0
22356,117, 0
22357,123, 0
22358,103, 0
22359,87, 0
22360,53, 0
22361,30, 0
22362,0, 0
22363,4, 0
22364,0, 0
22365,0, 0
22366,0, 0
22367,0, 0
22368,0, 0
22369,10, 0
22370,17, 0
22371,27, 0
22372,28, 0
22373,32, 0
22374,35, 0
22375,63, 0
22376,40, 0
22377,50, 0
22378,71, 0
22379,84, 0
22380,99, 0
22381,85, 0
22382,64, 0
22383,63, 0
22384,48, 0
22385,51, 0
22386,60, 0
22387,72, 0
22388,68, 0
22389,59, 0
22390,63, 0
22391,56, 0
22392,74, 0
22393,87, 0
22394,100, 0
22395,109, 0
22396,112, 0
22397,106, 0
22398,106, 0
22399,85, 0
22400,58, 0
22401,25, 0
22402,0, 0
22403,0, 0
22404,0, 0
22405,0, 0
22406,0, 0
22407,0, 0
22408,0, 0
22409,0, 0
22410,0, 0
22411,0, 0
22412,0, 0
22413,0, 0
22414,0, 0
22415,10, 0
22416,52, 0
22417,100, 0
22418,124, 0
22419,139, 0
22420,138, 0
22421,143, 0
22422,131, 0
22423,140, 0
22424,137, 0
22425,134, 0
22426,132, 0
22427,134, 0
22428,130, 0
22429,133, 0
22430,141, 0
22431,120, 0
22432,124, 0
22433,121, 0
22434,118, 0
22435,118, 0
22436,106, 0
22437,97, 0
22438,94, 0
22439,87, 0
22440,84, 0
22441,70, 0
22442,42, 0
22443,25, 0
22444,19, 0
22445,26, 1
22446,44, 0
22447,74, 0
22448,100, 0
22449,110, 0
22450,116, 0
22451,119, 0
22452,116, 0
22453,115, 0
22454,113, 0
22455,110, 0
22456,108, 0
22457,102, 0
22458,103, 0
22459,107, 0
22460,103, 0
22461,109, 0
22462,122, 0
22463,126, 0
22464,136, 0
22465,144, 0
22466,152, 0
22467,159, 0
22468,168, 0
22469,179, 0
22470,187, 0
22471,187, 0
22472,170, 0
22473,150, 0
22474,128, 2
22475,128, 5
22476,121, 0
22477,133, 0
22478,160, 0
22479,174, 0
22480,174, 0
22481,164, 0
22482,150, 0
22483,147, 0
22484,151, 0
22485,150, 0
22486,164, 0
22487,163, 0
22488,158, 0
22489,152, 0
22490,147, 0
22491,147, 0
22492,127, 0
22493,127, 0
22494,107, 0
22495,85, 0
22496,70, 0
22497,46, 0
22498,43, 0
22499,32, 0
22500,30, 0
22501,27, 0
22502,41, 0
22503,2, 0
22504,0, 0
22505,0, 0
22506,0, 3
22507,0, 0
22508,21, 0
22509,45, 0
22510,72, 0
22511,89, 0
22512,99, 0
22513,102, 0
22514,89, 0
22515,75, 0
22516,71, 0
22517,57, 0
22518,51, 0
22519,44, 0
22520,45, 0
22521,56, 0
22522,53, 0
22523,51, 0
22524,36, 0
22525,37, 0
22526,15, 0
22527,15, 0
22528,20, 0
22529,31, 0
22530,31, 0
22531,34, 0
22532,30, 0
22533,8, 0
22534,0, 0
22535,0, 0
22536,0, 0
22537,0, 0
22538,0, 0
22539,3, 0
22540,12, 0
22541,6, 0
22542,0, 0
22543,0, 0
22544,0, 0
22545,0, 0
22546,0, 0
22547,0, 0
22548,0, 0
22549,0, 0
22550,0, 0
22551,0, 0
22552,0, 0
22553,1, 0
22554,0, 0
22555,6, 0
22556,38, 0
22557,26, 0
22558,44, 0
22559,61, 0
22560,63, 0
22561,73, 0
22562,76, 0
22563,76, 0
22564,60, 19
22565,52, 127
22566,47, 8
22567,47, 10
22568,59, 0
22569,83, 0
22570,97, 0
22571,120, 0
22572,113, 0
22573,117, 0
22574,132, 0
22575,123, 0
22576,125, 0
22577,127, 0
22578,119, 0
22579,120, 0
22580,118, 0
22581,102, 0
22582,92, 0
22583,99, 0
22584,93, 0
22585,103, 0
22586,117, 0
22587,115, 0
22588,131, 0
22589,141, 0
22590,155, 0
22591,164, 0
22592,166, 0
22593,177, 0
22594,163, 0
22595,144, 0
22596,124, 0
22597,125, 0
22598,115, 0
22599,129, 0
22600,161, 0
22601,177, 0
22602,183, 0
22603,183, 0
22604,179, 0
22605,183, 0
22606,180, 0
22607,176, 0
22608,176, 0
22609,173, 0
22610,172, 0
22611,172, 0
22612,172, 0
22613,179, 0
22614,189, 0
22615,193, 0
22616,199, 0
22617,198, 0
22618,204, 0
22619,198, 0
22620,196, 0
22621,193, 0
22622,190, 0
22623,186, 1
22624,164, 0
22625,128, 0
22626,89, 0
22627,67, 0
22628,57, 0
22629,59, 0
22630,85, 0
22631,97, 0
22632,95, 0
22633,78, 0
22634,68, 0
22635,36, 0
22636,24, 0
22637,12, 0
22638,13, 0
22639,11, 0
22640,28, 0
22641,28, 0
22642,32, 0
22643,35, 0
22644,24, 0
22645,12, 0
22646,10, 0
22647,24, 0
22648,13, 0
22649,21, 0
22650,14, 0
22651,20, 0
22652,21, 0
22653,26, 0
22654,24, 0
22655,6, 0
22656,0, 0
22657,15, 0
22658,0, 0
22659,4, 0
22660,36, 0
22661,79, 0
22662,102, 0
22663,119, 0
22664,109, 0
22665,92, 0
22666,70, 0
22667,38, 0
22668,28, 0
22669,6, 0
22670,0, 0
22671,0, 0
22672,0, 0
22673,0, 0
22674,11, 0
22675,18, 0
22676,29, 0
22677,36, 0
22678,42, 0
22679,39, 0
22680,38, 0
22681,31, 0
22682,39, 0
22683,43, 0
22684,54, 0
22685,47, 0
22686,23, 0
22687,10, 6
22688,2, 0
22689,10, 0
22690,40, 0
22691,79, 0
22692,122, 0
22693,143, 0
22694,145, 0
22695,140, 0
22696,137, 0
22697,135, 0
22698,134, 0
22699,132, 0
22700,135, 0
22701,137, 0
22702,141, 0
22703,155, 0
22704,165, 0
22705,177, 0
22706,198, 0
22707,201, 0
22708,212, 0
22709,214, 0
22710,228, 0
22711,251, 0
22712,266, 0
22713,283, 0
22714,282, 0
22715,273, 0
22716,226, 0
22717,172, 0
22718,158, 0
22719,134, 5
22720,139, 0
22721,118, 0
22722,132, 0
22723,108, 0
22724,72, 0
22725,32, 0
22726,1, 0
22727,0, 0
22728,0, 0
22729,0, 0
22730,1, 0
22731,0, 0
22732,0, 0
22733,0, 0
22734,0, 0
22735,0, 0
22736,0, 0
22737,0, 0
22738,0, 0
22739,15, 0
22740,0, 0
22741,0, 0
22742,0, 0
22743,0, 0
22744,0, 0
22745,0, 0
22746,0, 0
22747,0, 6
22748,0, 2
22749,0, 6
22750,0, 0
22751,12, 0
22752,92, 0
22753,170, 0
22754,245, 0
22755,302, 0
22756,354, 0
22757,394, 0
22758,414, 0
22759,437, 0
22760,441, 0
22761,432, 0
22762,417, 0
22763,409, 0
22764,370, 0
22765,309, 0
22766,228, 0
22767,171, 0
22768,132, 0
22769,90, 0
22770,70, 0
22771,42, 0
22772,4, 0
22773,0, 0
22774,0, 0
22775,0, 0
22776,0, 0
22777,19, 0
22778,52, 0
22779,56, 0
22780,39, 0
22781,19, 0
22782,0, 0
22783,0, 0
22784,0, 0
22785,1, 0
22786,0, 0
22787,0, 0
22788,3, 0
22789,59, 0
22790,138, 0
22791,201, 0
22792,232, 0
22793,213, 0
22794,197, 0
22795,139, 0
22796,76, 0
22797,12, 0
22798,0, 0
22799,0, 0
22800,0, 0
22801,0, 0
22802,14, 0
22803,61, 0
22804,143, 0
22805,174, 0
22806,218, 0
22807,246, 0
22808,270, 10
22809,304, 169
22810,348, 139
22811,380, 176
22812,421, 45
22813,465, 8
22814,486, 0
22815,454, 0
22816,415, 0
22817,355, 0
22818,270, 0
22819,191, 0
22820,84, 0
22821,2, 0
22822,0, 0
22823,0, 0
22824,0, 0
22825,0, 0
22826,0, 0
22827,0, 0
22828,0, 0
22829,23, 0
22830,127, 0
22831,221, 0
22832,290, 0
22833,325, 0
22834,332, 0
22835,356, 0
22836,355, 0
22837,403, 0
22838,409, 0
22839,369, 0
22840,283, 0
22841,150, 0
22842,17, 20
22843,3, 0
22844,63, 0
22845,91, 0
22846,84, 0
22847,67, 0
22848,43, 0
22849,31, 0
22850,26, 0
22851,4, 0
22852,0, 0
22853,6, 0
22854,21, 0
22855,44, 0
22856,59, 0
22857,80, 0
22858,113, 0
22859,183, 0
22860,283, 0
22861,361, 0
22862,380, 0
22863,379, 0
22864,346, 0
22865,289, 0
22866,170, 0
22867,64, 0
22868,4, 12
22869,0, 48
22870,2, 102
22871,0, 55
22872,0, 94
22873,11, 43
22874,77, 0
22875,156, 0
22876,224, 0
22877,266, 0
22878,308, 0
22879,347, 0
22880,389, 0
22881,413, 0
22882,420, 0
22883,407, 0
22884,382, 0
22885,364, 0
22886,348, 0
22887,330, 0
22888,291, 0
22889,273, 0
22890,272, 0
22891,271, 0
22892,296, 0
22893,265, 0
22894,257, 0
22895,290, 0
22896,349, 0
22897,408, 0
22898,461, 0
22899,479, 0
22900,460, 0
22901,382, 0
22902,291, 0
22903,198, 0
22904,152, 0
22905,142, 0
22906,108, 0
22907,46, 0
22908,6, 0
22909,0, 0
22910,0, 0
22911,4, 0
22912,0, 0
22913,0, 0
22914,7, 0
22915,95, 0
22916,188, 0
22917,260, 0
22918,318, 9
22919,353, 37
22920,361, 1
22921,341, 0
22922,323, 0
22923,326, 0
22924,334, 0
22925,364, 0
22926,391, 0
22927,415, 0
22928,406, 0
22929,371, 0
22930,301, 18
22931,247, 53
22932,221, 132
22933,219, 176
22934,221, 84
22935,239, 4
22936,265, 0
22937,269, 0
22938,272, 0
22939,270, 0
22940,224, 0
22941,116, 0
22942,6, 0
22943,125, 0
22944,268, 0
22945,283, 0
22946,204, 0
22947,105, 0
22948,26, 0
22949,18, 0
22950,0, 0
22951,29, 0
22952,100, 0
22953,147, 0
22954,147, 0
22955,124, 0
22956,118, 0
22957,152, 0
22958,183, 0
22959,215, 0
22960,200, 0
22961,153, 0
22962,101, 0
22963,39, 0
22964,35, 0
22965,0, 0
22966,3, 0
22967,0, 0
22968,0, 0
22969,0, 0
22970,0, 0
22971,0, 0
22972,1, 0
22973,0, 0
22974,0, 0
22975,0, 0
22976,12, 0
22977,17, 0
22978,0, 0
22979,0, 0
22980,8, 0
22981,57, 0
22982,138, 1
22983,271, 25
22984,454, 92
22985,625, 122
22986,749, 85
22987,809, 93
22988,823, 95
22989,816, 76
22990,771, 116
22991,698, 115
22992,594, 14
22993,442, 0
22994,311, 0
22995,230, 0
22996,220, 0
22997,241, 0
22998,251, 0
22999,230, 0
23000,165, 0
23001,47, 0
23002,0, 0
23003,19, 0
23004,64, 0
23005,88, 0
23006,80, 0
23007,72, 0
23008,38, 0
23009,19, 0
23010,0, 0
23011,0, 0
23012,0, 0
23013,0, 0
23014,0, 0
23015,8, 0
23016,44, 0
23017,89, 0
23018,126, 0
23019,155, 0
23020,140, 0
23021,108, 0
23022,62, 18
23023,21, 9
23024,0, 20
23025,0, 30
23026,0, 0
23027,2, 0
23028,0, 0
23029,5, 0
23030,47, 0
23031,77, 0
23032,67, 0
23033,14, 0
23034,0, 0
23035,21, 0
23036,89, 0
23037,159, 0
23038,235, 0
23039,292, 0
23040,332, 0
23041,339, 0
23042,315, 0
23043,284, 0
23044,249, 0
23045,243, 0
23046,251, 0
23047,270, 0
23048,291, 0
23049,289, 0
23050,251, 0
23051,183, 0
23052,102, 0
23053,18, 0
23054,0, 0
23055,31, 0
23056,85, 0
23057,78, 0
23058,34, 0
23059,0, 0
23060,0, 0
23061,14, 0
23062,19, 0
23063,44, 0
23064,95, 0
23065,160, 0
23066,204, 0
23067,238, 0
23068,257, 0
23069,275, 0
23070,294, 0
23071,317, 0
23072,315, 0
23073,262, 0
23074,164, 0
23075,72, 0
23076,7, 0
23077,0, 0
23078,9, 0
23079,68, 0
23080,119, 0
23081,147, 6
23082,150, 0
23083,125, 0
23084,30, 12
23085,0, 0
23086,53, 0
23087,126, 0
23088,166, 0
23089,158, 0
23090,95, 0
23091,29, 0
23092,0, 0
23093,47, 0
23094,201, 0
23095,396, 0
23096,569, 0
23097,677, 0
23098,689, 0
23099,606, 0
23100,517, 0
23101,421, 0
23102,389, 0
23103,361, 0
23104,293, 0
23105,220, 0
23106,145, 0
23107,143, 0
23108,229, 0
23109,361, 0
23110,458, 0
23111,477, 0
23112,425, 0
23113,347, 0
23114,343, 0
23115,326, 0
23116,270, 0
23117,128, 0
23118,3, 0
23119,95, 0
23120,244, 0
23121,383, 0
23122,513, 0
23123,600, 0
23124,665, 0
23125,696, 0
23126,661, 0
23127,562, 0
23128,462, 0
23129,368, 0
23130,263, 0
23131,137, 0
23132,24, 0
23133,0, 0
23134,0, 0
23135,0, 0
23136,0, 0
23137,0, 0
23138,25, 0
23139,81, 0
23140,126, 0
23141,142, 0
23142,108, 0
23143,75, 0
23144,79, 0
23145,111, 7
23146,127, 0
23147,139, 0
23148,149, 0
23149,221, 0
23150,294, 0
23151,373, 0
23152,439, 0
23153,439, 0
23154,390, 0
23155,306, 0
23156,199, 0
23157,81, 0
23158,0, 0
23159,0, 0
23160,2, 0
23161,0, 0
23162,0, 3
23163,0, 21
23164,2, 0
23165,25, 0
23166,51, 0
23167,103, 0
23168,204, 0
23169,316, 0
23170,394, 0
23171,385, 0
23172,259, 0
23173,81, 0
23174,3, 0
23175,0, 0
23176,0, 0
23177,46, 0
23178,138, 0
23179,202, 0
23180,301, 0
23181,376, 0
23182,442, 0
23183,481, 0
23184,478, 0
23185,411, 0
23186,332, 0
23187,293, 0
23188,302, 0
23189,321, 0
23190,311, 0
23191,280, 0
23192,206, 0
23193,148, 0
23194,76, 0
23195,0, 0
23196,36, 0
23197,122, 0
23198,183, 0
23199,205, 0
23200,214, 0
23201,207, 0
23202,185, 0
23203,189, 0
23204,145, 0
23205,61, 0
23206,1, 0
23207,0, 19
23208,1, 2
23209,1, 0
23210,0, 0
23211,0, 0
23212,0, 0
23213,0, 0
23214,5, 0
23215,70, 0
23216,127, 0
23217,113, 0
23218,40, 0
23219,0, 0
23220,0, 0
23221,0, 0
23222,12, 0
23223,48, 0
23224,51, 0
23225,62, 0
23226,94, 0
23227,170, 0
23228,245, 0
23229,312, 1
23230,357, 0
23231,408, 0
23232,497, 0
23233,594, 0
23234,720, 0
23235,849, 40
23236,982, 159
23237,1064, 31
23238,1056, 9
23239,1000, 0
23240,952, 0
23241,890, 0
23242,794, 0
23243,631, 0
23244,404, 0
23245,269, 0
23246,161, 0
23247,116, 0
23248,57, 0
23249,31, 0
23250,312, 0
23251,620, 0
23252,815, 0
23253,871, 0
23254,829, 0
23255,691, 0
23256,547, 0
23257,402, 0
23258,275, 0
23259,170, 0
23260,95, 0
23261,46, 0
23262,6, 0
23263,0, 0
23264,0, 2
23265,0, 0
23266,0, 18
23267,0, 53
23268,19, 65
23269,72, 22
23270,110, 0
23271,102, 0
23272,76, 0
23273,60, 0
23274,48, 0
23275,44, 0
23276,14, 0
23277,0, 0
23278,6, 0
23279,116, 0
23280,275, 0
23281,408, 0
23282,481, 0
23283,517, 0
23284,504, 0
23285,477, 0
23286,441, 0
23287,389, 0
23288,337, 0
23289,267, 0
23290,214, 0
23291,174, 0
23292,145, 0
23293,112, 0
23294,84, 0
23295,72, 0
23296,72, 19
23297,76, 13
23298,96, 12
23299,160, 31
23300,258, 0
23301,384, 0
23302,447, 0
23303,415, 0
23304,312, 0
23305,189, 0
23306,118, 0
23307,52, 0
23308,0, 0
23309,0, 0
23310,28, 0
23311,76, 0
23312,50, 0
23313,0, 0
23314,89, 0
23315,331, 0
23316,507, 0
23317,562, 0
23318,468, 0
23319,355, 0
23320,270, 0
23321,214, 0
23322,157, 0
23323,57, 0
23324,0, 0
23325,35, 0
23326,72, 0
23327,36, 0
23328,0, 0
23329,0, 0
23330,12, 0
23331,0, 0
23332,29, 0
23333,127, 0
23334,204, 0
23335,244, 0
23336,255, 0
23337,224, 0
23338,140, 0
23339,34, 0
23340,0, 0
23341,12, 0
23342,81, 0
23343,118, 0
23344,128, 0
23345,138, 0
23346,88, 0
23347,25, 0
23348,0, 0
23349,0, 0
23350,0, 0
23351,0, 0
23352,0, 0
23353,60, 0
23354,165, 0
23355,257, 0
23356,317, 0
23357,328, 23
23358,330, 41
23359,321, 172
23360,313, 71
23361,318, 0
23362,348, 0
23363,370, 0
23364,393, 0
23365,391, 0
23366,357, 0
23367,259, 0
23368,92, 0
23369,4, 0
23370,125, 0
23371,238, 0
23372,275, 0
23373,196, 0
23374,57, 0
23375,0, 0
23376,7, 0
23377,55, 0
23378,95, 0
23379,142, 0
23380,161, 0
23381,181, 0
23382,170, 0
23383,138, 0
23384,105, 0
23385,110, 0
23386,121, 0
23387,102, 0
23388,93, 0
23389,122, 0
23390,160, 0
23391,183, 8
23392,196, 0
23393,200, 0
23394,191, 0
23395,180, 0
23396,159, 0
23397,137, 0
23398,100, 0
23399,80, 0
23400,70, 0
23401,48, 0
23402,27, 0
23403,0, 0
23404,0, 0
23405,1, 0
23406,48, 0
23407,150, 0
23408,241, 0
23409,291, 0
23410,258, 0
23411,169, 0
23412,89, 0
23413,51, 0
23414,31, 0
23415,15, 0
23416,0, 0
23417,0, 0
23418,0, 96
23419,0, 142
23420,0, 89
23421,39, 0
23422,175, 0
23423,312, 0
23424,365, 0
23425,277, 0
23426,96, 0
23427,2, 0
23428,35, 0
23429,120, 0
23430,188, 0
23431,184, 0
23432,173, 0
23433,205, 0
23434,263, 0
23435,276, 0
23436,226, 0
23437,134, 0
23438,83, 0
23439,69, 0
23440,73, 0
23441,50, 0
23442,29, 0
23443,1, 0
23444,0, 0
23445,0, 0
23446,0, 0
23447,34, 0
23448,69, 0
23449,48, 0
23450,21, 85
23451,51, 40
23452,110, 43
23453,134, 0
23454,74, 0
23455,0, 0
23456,1, 0
23457,44, 0
23458,94, 0
23459,166, 0
23460,246, 0
23461,333, 0
23462,413, 0
23463,483, 0
23464,524, 0
23465,486, 0
23466,370, 0
23467,190, 0
23468,17, 0
23469,75, 0
23470,207, 0
23471,264, 0
23472,276, 0
23473,306, 0
23474,339, 0
23475,297, 0
23476,174, 0
23477,9, 0
23478,7, 0
23479,44, 106
23480,30, 87
23481,0, 0
23482,0, 4
23483,0, 0
23484,0, 0
23485,0, 0
23486,30, 0
23487,103, 0
23488,148, 0
23489,116, 0
23490,51, 0
23491,0, 0
23492,0, 0
23493,31, 0
23494,58, 0
23495,35, 0
23496,0, 0
23497,11, 0
23498,134, 0
23499,257, 0
23500,352, 0
23501,458, 0
23502,558, 0
23503,671, 0
23504,711, 0
23505,649, 0
23506,481, 0
23507,326, 0
23508,176, 0
23509,36, 0
23510,4, 0
23511,70, 0
23512,96, 0
23513,80, 0
23514,24, 0
23515,0, 0
23516,0, 0
23517,0, 0
23518,60, 0
23519,138, 0
23520,122, 0
23521,94, 0
23522,87, 0
23523,92, 0
23524,126, 0
23525,139, 0
23526,121, 0
23527,89, 0
23528,50, 0
23529,25, 0
23530,19, 0
23531,31, 0
23532,47, 0
23533,56, 0
23534,47, 0
23535,51, 0
23536,70, 0
23537,108, 0
23538,145, 0
23539,193, 0
23540,203, 0
23541,237, 0
23542,292, 0
23543,340, 0
23544,389, 0
23545,402, 0
23546,374, 0
23547,318, 0
23548,253, 0
23549,180, 0
23550,55, 0
23551,22, 0
23552,155, 0
23553,184, 0
23554,102, 0
23555,14, 0
23556,0, 0
23557,0, 0
23558,6, 0
23559,72, 0
23560,149, 0
23561,154, 0
23562,108, 0
23563,44, 0
23564,20, 0
23565,6, 0
23566,1, 0
23567,0, 0
23568,12, 0
23569,22, 0
23570,34, 0
23571,15, 0
23572,18, 0
23573,37, 0
23574,52, 0
23575,70, 0
23576,74, 0
23577,58, 0
23578,13, 0
23579,0, 0
23580,0, 0
23581,0, 0
23582,0, 0
23583,0, 0
23584,0, 0
23585,18, 0
23586,57, 0
23587,119, 0
23588,232, 0
23589,343, 0
23590,430, 0
23591,447, 0
23592,415, 0
23593,348, 0
23594,308, 0
23595,270, 0
23596,246, 0
23597,233, 0
23598,243, 0
23599,241, 0
23600,164, 0
23601,31, 0
23602,0, 0
23603,0, 0
23604,0, 0
23605,1, 0
23606,0, 0
23607,1, 0
23608,20, 0
23609,29, 0
23610,0, 0
23611,89, 0
23612,241, 0
23613,308, 0
23614,306, 0
23615,269, 0
23616,219, 0
23617,170, 0
23618,161, 0
23619,135, 0
23620,85, 0
23621,42, 0
23622,12, 0
23623,24, 0
23624,72, 0
23625,171, 0
23626,248, 0
23627,265, 0
23628,210, 0
23629,117, 0
23630,19, 0
23631,0, 0
23632,0, 0
23633,0, 0
23634,8, 0
23635,46, 0
23636,78, 0
23637,79, 0
23638,51, 0
23639,19, 0
23640,9, 0
23641,6, 0
23642,18, 0
23643,24, 0
23644,13, 0
23645,6, 0
23646,0, 0
23647,0, 0
23648,4, 0
23649,0, 0
23650,3, 0
23651,2, 0
23652,12, 0
23653,25, 0
23654,27, 0
23655,5, 0
23656,0, 0
23657,0, 0
23658,0, 0
23659,10, 0
23660,41, 0
23661,62, 17
23662,54, 199
23663,75, 199
23664,99, 167
23665,116, 183
23666,118, 68
23667,80, 36
23668,54, 0
23669,30, 0
23670,28, 0
23671,6, 0
23672,0, 0
23673,0, 0
23674,0, 0
23675,0, 0
23676,0, 0
23677,0, 0
23678,50, 0
23679,85, 0
23680,65, 0
23681,38, 0
23682,10, 0
23683,0, 0
23684,60, 0
23685,163, 0
23686,228, 0
23687,304, 0
23688,414, 0
23689,523, 0
23690,593, 0
23691,608, 6
23692,525, 0
23693,453, 0
23694,361, 0
23695,289, 0
23696,253, 0
23697,268, 0
23698,293, 0
23699,267, 0
23700,205, 0
23701,96, 0
23702,5, 0
23703,0, 0
23704,0, 0
23705,59, 0
23706,202, 0
23707,271, 0
23708,183, 0
23709,19, 0
23710,37, 0
23711,148, 0
23712,192, 0
23713,174, 0
23714,75, 0
23715,3, 0
23716,0, 0
23717,39, 0
23718,89, 0
23719,115, 0
23720,130, 0
23721,122, 0
23722,81, 1
23723,19, 160
23724,9, 131
23725,2, 81
23726,10, 39
23727,15, 0
23728,18, 0
23729,30, 0
23730,57, 0
23731,62, 0
23732,44, 0
23733,25, 0
23734,25, 0
23735,47, 0
23736,79, 0
23737,74, 0
23738,0, 0
23739,0, 0
23740,0, 0
23741,27, 0
23742,158, 0
23743,261, 0
23744,317, 0
23745,355, 0
23746,322, 0
23747,270, 0
23748,216, 0
23749,139, 0
23750,42, 0
23751,4, 0
23752,81, 0
23753,115, 0
23754,62, 0
23755,0, 0
23756,0, 0
23757,0, 0
23758,1, 0
23759,0, 0
23760,0, 0
23761,0, 0
23762,0, 0
23763,39, 0
23764,100, 0
23765,132, 0
23766,136, 0
23767,148, 0
23768,161, 0
23769,183, 0
23770,164, 0
23771,179, 0
23772,187, 0
23773,204, 0
23774,226, 0
23775,236, 0
23776,217, 0
23777,171, 0
23778,110, 0
23779,41, 0
23780,6, 0
23781,0, 0
23782,0, 0
23783,0, 0
23784,0, 13
23785,2, 108
23786,10, 0
23787,4, 0
23788,3, 0
23789,105, 0
23790,244, 0
23791,326, 0
23792,377, 0
23793,385, 0
23794,371, 0
23795,349, 0
23796,348, 0
23797,383, 0
23798,387, 0
23799,315, 0
23800,150, 0
23801,6, 0
23802,84, 0
23803,164, 0
23804,171, 0
23805,147, 0
23806,123, 0
23807,62, 0
23808,2, 0
23809,20, 0
23810,165, 0
23811,284, 0
23812,308, 0
23813,223, 0
23814,101, 0
23815,6, 0
23816,0, 0
23817,0, 0
23818,6, 0
23819,35, 0
23820,48, 0
23821,31, 0
23822,1, 0
23823,0, 0
23824,0, 0
23825,0, 0
23826,18, 0
23827,38, 0
23828,51, 0
23829,50, 0
23830,60, 0
23831,56, 0
23832,52, 0
23833,56, 0
23834,76, 0
23835,108, 0
23836,129, 0
23837,127, 0
23838,101, 0
23839,69, 0
23840,48, 0
23841,25, 0
23842,3, 6
23843,0, 0
23844,0, 0
23845,3, 0
23846,0, 0
23847,5, 4
23848,60, 0
23849,136, 0
23850,210, 0
23851,272, 0
23852,317, 0
23853,334, 0
23854,318, 0
23855,266, 0
23856,223, 0
23857,176, 0
23858,131, 0
23859,103, 0
23860,118, 0
23861,179, 0
23862,254, 0
23863,315, 0
23864,342, 0
23865,317, 0
23866,210, 0
23867,67, 0
23868,6, 0
23869,120, 0
23870,231, 0
23871,276, 0
23872,233, 0
23873,106, 0
23874,0, 0
23875,78, 0
23876,187, 0
23877,220, 0
23878,193, 0
23879,132, 0
23880,102, 0
23881,92, 0
23882,121, 0
23883,152, 0
23884,148, 0
23885,112, 1
23886,53, 0
23887,12, 0
23888,0, 0
23889,4, 0
23890,25, 0
23891,72, 0
23892,111, 0
23893,133, 0
23894,115, 0
23895,87, 0
23896,63, 0
23897,64, 0
23898,61, 0
23899,64, 0
23900,63, 0
23901,51, 0
23902,29, 0
23903,24, 0
23904,19, 0
23905,3, 0
23906,0, 73
23907,0, 50
23908,0, 15
23909,0, 46
23910,0, 0
23911,0, 0
23912,2, 0
23913,32, 0
23914,83, 0
23915,99, 0
23916,118, 0
23917,122, 0
23918,149, 0
23919,152, 0
23920,139, 0
23921,116, 0
23922,75, 0
23923,19, 0
23924,0, 0
23925,0, 0
23926,0, 0
23927,0, 0
23928,0, 0
23929,19, 0
23930,81, 0
23931,157, 0
23932,220, 0
23933,280, 0
23934,305, 0
23935,311, 0
23936,278, 0
23937,220, 0
23938,143, 0
23939,73, 0
23940,17, 0
23941,3, 0
23942,0, 0
23943,0, 0
23944,0, 0
23945,0, 0
23946,0, 0
23947,0, 0
23948,0, 0
23949,0, 0
23950,34, 0
23951,105, 0
23952,152, 0
23953,176, 0
23954,187, 0
23955,204, 0
23956,214, 0
23957,230, 0
23958,236, 0
23959,238, 0
23960,231, 0
23961,202, 0
23962,153, 0
23963,100, 0
23964,42, 0
23965,3, 0
23966,0, 0
23967,0, 176
23968,0, 192
23969,0, 125
23970,0, 37
23971,0, 0
23972,0, 0
23973,5, 0
23974,31, 0
23975,60, 0
23976,47, 0
23977,61, 0
23978,38, 6
23979,3, 0
23980,6, 0
23981,21, 0
23982,43, 1
23983,57, 0
23984,20, 0
23985,12, 0
23986,17, 0
23987,17, 0
23988,4, 0
23989,0, 0
23990,7, 0
23991,90, 0
23992,154, 0
23993,183, 0
23994,159, 0
23995,108, 0
23996,31, 0
23997,0, 0
23998,0, 0
23999,11, 0
24000,121, 0
24001,274, 0
24002,410, 0
24003,439, 0
24004,414, 0
24005,396, 0
24006,379, 0
24007,342, 0
24008,285, 0
24009,220, 0
24010,190, 0
24011,227, 0
24012,294, 0
24013,333, 0
24014,318, 0
24015,258, 0
24016,183, 0
24017,121, 0
24018,92, 0
24019,93, 0
24020,122, 0
24021,150, 0
24022,108, 0
24023,70, 0
24024,61, 0
24025,52, 0
24026,14, 0
24027,14, 1
24028,0, 47
24029,0, 153
24030,22, 11
24031,97, 0
24032,158, 0
24033,183, 0
24034,152, 0
24035,71, 0
24036,0, 0
24037,12, 0
24038,87, 0
24039,106, 0
24040,69, 0
24041,31, 0
24042,2, 0
24043,0, 0
24044,69, 0
24045,183, 0
24046,232, 0
24047,197, 0
24048,87, 0
24049,2, 0
24050,115, 0
24051,238, 0
24052,304, 0
24053,348, 0
24054,389, 0
24055,431, 0
24056,464, 0
24057,476, 0
24058,377, 0
24059,244, 0
24060,107, 0
24061,42, 0
24062,1, 0
24063,36, 0
24064,105, 0
24065,133, 0
24066,95, 0
24067,22, 0
24068,0, 0
24069,0, 0
24070,23, 0
24071,124, 0
24072,198, 0
24073,193, 0
24074,155, 0
24075,102, 0
24076,89, 0
24077,118, 0
24078,138, 0
24079,153, 0
24080,101, 0
24081,56, 0
24082,20, 0
24083,0, 0
24084,0, 0
24085,0, 0
24086,0, 0
24087,0, 0
24088,0, 0
24089,0, 17
24090,6, 44
24091,43, 41
24092,91, 25
24093,139, 0
24094,202, 0
24095,226, 0
24096,238, 0
24097,220, 0
24098,152, 0
24099,79, 0
24100,5, 0
24101,0, 0
24102,0, 0
24103,0, 0
24104,2, 0
24105,31, 0
24106,85, 0
24107,133, 0
24108,185, 0
24109,196, 0
24110,158, 0
24111,96, 0
24112,89, 0
24113,54, 0
24114,38, 0
24115,7, 0
24116,5, 0
24117,44, 0
24118,127, 0
24119,189, 0
24120,235, 0
24121,253, 0
24122,224, 9
24123,159, 5
24124,120, 0
24125,79, 0
24126,50, 0
24127,37, 0
24128,57, 0
24129,19, 0
24130,3, 0
24131,0, 0
24132,0, 0
24133,2, 0
24134,10, 0
24135,19, 0
24136,10, 0
24137,0, 0
24138,0, 0
24139,0, 0
24140,13, 0
24141,39, 0
24142,9, 0
24143,0, 0
24144,76, 0
24145,215, 0
24146,314, 0
24147,384, 0
24148,438, 0
24149,483, 25
24150,464, 149
24151,402, 10
24152,318, 46
24153,232, 7
24154,196, 0
24155,206, 0
24156,207, 0
24157,140, 0
24158,24, 0
24159,0, 0
24160,2, 0
24161,70, 0
24162,160, 0
24163,191, 0
24164,169, 0
24165,154, 0
24166,154, 0
24167,141, 0
24168,120, 0
24169,84, 0
24170,95, 0
24171,152, 0
24172,211, 0
24173,226, 0
24174,166, 0
24175,57, 0
24176,3, 0
24177,65, 0
24178,85, 0
24179,54, 0
24180,19, 0
24181,0, 0
24182,0, 0
24183,6, 0
24184,70, 0
24185,174, 0
24186,260, 0
24187,275, 0
24188,226, 0
24189,163, 0
24190,112, 0
24191,67, 0
24192,54, 0
24193,44, 0
24194,45, 0
24195,63, 0
24196,71, 0
24197,61, 0
24198,35, 0
24199,13, 0
24200,0, 0
24201,0, 0
24202,0, 0
24203,0, 0
24204,13, 0
24205,0, 0
24206,18, 0
24207,52, 0
24208,70, 0
24209,103, 8
24210,100, 22
24211,129, 106
24212,125, 72
24213,83, 48
24214,51, 6
24215,39, 0
24216,57, 0
24217,44, 0
24218,35, 0
24219,51, 0
24220,56, 0
24221,100, 0
24222,127, 0
24223,115, 0
24224,53, 0
24225,7, 0
24226,41, 0
24227,136, 0
24228,254, 0
24229,380, 0
24230,473, 0
24231,527, 0
24232,487, 0
24233,403, 0
24234,293, 0
24235,174, 0
24236,75, 0
24237,12, 0
24238,5, 0
24239,0, 0
24240,1, 0
24241,0, 1
24242,0, 11
24243,0, 0
24244,6, 0
24245,11, 0
24246,0, 0
24247,11, 0
24248,63, 0
24249,92, 0
24250,93, 0
24251,60, 0
24252,28, 0
24253,8, 0
24254,5, 0
24255,19, 0
24256,47, 0
24257,75, 0
24258,95, 0
24259,97, 0
24260,77, 0
24261,48, 0
24262,39, 0
24263,15, 0
24264,4, 0
24265,0, 0
24266,0, 0
24267,6, 0
24268,5, 0
24269,23, 0
24270,48, 0
24271,63, 25
24272,60, 53
24273,59, 3
24274,89, 4
24275,117, 51
24276,138, 0
24277,166, 0
24278,177, 0
24279,183, 0
24280,168, 0
24281,150, 0
24282,120, 0
24283,55, 0
24284,5, 0
24285,0, 0
24286,1, 0
24287,34, 0
24288,76, 0
24289,120, 0
24290,139, 0
24291,150, 0
24292,149, 0
24293,138, 0
24294,142, 0
24295,166, 0
24296,203, 0
24297,199, 0
24298,158, 0
24299,105, 0
24300,70, 0
24301,43, 0
24302,14, 0
24303,0, 0
24304,0, 0
24305,0, 0
24306,6, 0
24307,55, 0
24308,95, 0
24309,96, 0
24310,89, 0
24311,88, 0
24312,125, 0
24313,139, 0
24314,145, 0
24315,144, 0
24316,113, 0
24317,127, 0
24318,157, 0
24319,176, 0
24320,186, 0
24321,170, 0
24322,151, 0
24323,129, 0
24324,121, 0
24325,131, 0
24326,150, 0
24327,171, 0
24328,191, 0
24329,198, 0
24330,202, 0
24331,216, 0
24332,165, 0
24333,145, 83
24334,142, 23
24335,152, 0
24336,153, 45
24337,132, 3
24338,100, 0
24339,51, 0
24340,2, 0
24341,0, 0
24342,0, 0
24343,0, 0
24344,0, 0
24345,10, 0
24346,48, 0
24347,112, 0
24348,165, 0
24349,175, 0
24350,165, 0
24351,148, 0
24352,115, 0
24353,96, 0
24354,97, 0
24355,92, 0
24356,80, 0
24357,70, 0
24358,47, 0
24359,41, 0
24360,41, 0
24361,57, 0
24362,52, 0
24363,26, 0
24364,9, 0
24365,6, 0
24366,15, 0
24367,18, 0
24368,40, 0
24369,42, 0
24370,10, 0
24371,0, 0
24372,14, 0
24373,0, 0
24374,4, 0
24375,48, 0
24376,104, 0
24377,158, 0
24378,176, 0
24379,173, 0
24380,147, 0
24381,106, 0
24382,59, 0
24383,6, 0
24384,0, 0
24385,0, 0
24386,0, 0
24387,41, 0
24388,140, 0
24389,226, 0
24390,267, 0
24391,265, 0
24392,240, 0
24393,179, 0
24394,96, 90
24395,23, 19
24396,0, 96
24397,0, 42
24398,36, 0
24399,127, 0
24400,220, 0
24401,278, 0
24402,307, 0
24403,281, 0
24404,236, 0
24405,169, 0
24406,106, 0
24407,68, 0
24408,68, 0
24409,78, 0
24410,91, 0
24411,113, 0
24412,122, 0
24413,103, 0
24414,89, 0
24415,64, 0
24416,50, 0
24417,44, 0
24418,47, 0
24419,47, 0
24420,55, 0
24421,68, 0
24422,86, 0
24423,105, 0
24424,91, 0
24425,47, 0
24426,17, 0
24427,0, 7
24428,0, 0
24429,6, 0
24430,12, 0
24431,24, 0
24432,36, 0
24433,47, 0
24434,71, 0
24435,108, 0
24436,143, 0
24437,164, 0
24438,184, 0
24439,193, 0
24440,190, 0
24441,183, 0
24442,148, 0
24443,121, 0
24444,109, 0
24445,112, 0
24446,100, 0
24447,81, 0
24448,64, 0
24449,42, 0
24450,31, 0
24451,63, 0
24452,109, 0
24453,179, 0
24454,201, 4
24455,207, 110
24456,223, 0
24457,240, 44
24458,226, 57
24459,164, 0
24460,76, 0
24461,20, 0
24462,28, 0
24463,70, 0
24464,77, 0
24465,70, 0
24466,55, 0
24467,85, 0
24468,127, 0
24469,140, 0
24470,97, 0
24471,15, 0
24472,0, 0
24473,24, 0
24474,54, 0
24475,63, 0
24476,30, 0
24477,0, 0
24478,0, 0
24479,0, 0
24480,0, 0
24481,0, 0
24482,10, 0
24483,25, 0
24484,34, 0
24485,2, 0
24486,8, 0
24487,25, 0
24488,57, 0
24489,102, 0
24490,154, 0
24491,183, 0
24492,188, 0
24493,181, 0
24494,163, 0
24495,145, 0
24496,109, 0
24497,83, 0
24498,76, 0
24499,80, 0
24500,115, 0
24501,154, 0
24502,167, 0
24503,149, 0
24504,107, 0
24505,51, 0
24506,13, 0
24507,0, 0
24508,0, 0
24509,0, 0
24510,0, 0
24511,0, 0
24512,12, 0
24513,70, 0
24514,154, 0
24515,255, 0
24516,328, 24
24517,391, 77
24518,399, 32
24519,398, 6
24520,365, 0
24521,342, 0
24522,276, 0
24523,165, 0
24524,44, 0
24525,0, 0
24526,0, 0
24527,0, 0
24528,0, 0
24529,0, 0
24530,3, 0
24531,31, 0
24532,46, 0
24533,75, 0
24534,88, 0
24535,71, 0
24536,58, 0
24537,56, 0
24538,65, 0
24539,86, 0
24540,96, 0
24541,121, 0
24542,117, 0
24543,95, 0
24544,86, 0
24545,73, 0
24546,63, 0
24547,65, 0
24548,91, 0
24549,94, 0
24550,102, 0
24551,112, 0
24552,127, 0
24553,127, 0
24554,102, 0
24555,89, 0
24556,85, 0
24557,90, 0
24558,86, 0
24559,73, 0
24560,57, 0
24561,55, 0
24562,58, 0
24563,53, 0
24564,44, 0
24565,42, 0
24566,42, 0
24567,71, 0
24568,127, 0
24569,228, 0
24570,326, 0
24571,385, 0
24572,380, 0
24573,329, 0
24574,235, 0
24575,123, 0
24576,26, 0
24577,0, 12
24578,0, 0
24579,0, 0
24580,0, 0
24581,0, 0
24582,0, 0
24583,12, 0
24584,50, 0
24585,96, 0
24586,149, 0
24587,204, 0
24588,226, 0
24589,207, 0
24590,188, 0
24591,186, 0
24592,201, 0
24593,221, 0
24594,199, 0
24595,154, 0
24596,100, 0
24597,45, 0
24598,15, 0
24599,3, 0
24600,0, 0
24601,6, 0
24602,22, 0
24603,39, 0
24604,45, 0
24605,40, 0
24606,18, 0
24607,0, 0
24608,0, 0
24609,0, 0
24610,0, 0
24611,3, 0
24612,37, 0
24613,61, 0
24614,81, 0
24615,87, 0
24616,119, 0
24617,141, 0
24618,152, 0
24619,161, 0
24620,138, 0
24621,123, 0
24622,109, 0
24623,112, 0
24624,111, 0
24625,131, 0
24626,109, 0
24627,95, 0
24628,93, 0
24629,81, 0
24630,70, 0
24631,54, 0
24632,38, 0
24633,41, 0
24634,34, 0
24635,41, 0
24636,31, 0
24637,9, 0
24638,0, 12
24639,10, 10
24640,0, 9
24641,9, 25
24642,31, 0
24643,62, 0
24644,81, 0
24645,85, 0
24646,95, 0
24647,94, 0
24648,95, 0
24649,95, 0
24650,95, 0
24651,97, 0
24652,100, 0
24653,97, 0
24654,107, 0
24655,95, 0
24656,83, 0
24657,69, 0
24658,63, 0
24659,63, 0
24660,84, 0
24661,95, 0
24662,96, 0
24663,113, 0
24664,110, 0
24665,103, 0
24666,92, 0
24667,85, 0
24668,51, 0
24669,38, 0
24670,47, 0
24671,72, 0
24672,89, 0
24673,133, 0
24674,152, 0
24675,155, 0
24676,157, 0
24677,147, 0
24678,140, 3
24679,133, 0
24680,124, 0
24681,108, 0
24682,106, 0
24683,105, 0
24684,107, 0
24685,119, 0
24686,119, 0
24687,107, 0
24688,107, 0
24689,105, 0
24690,107, 0
24691,110, 0
24692,103, 0
24693,91, 0
24694,72, 0
24695,70, 0
24696,77, 0
24697,128, 0
24698,138, 3
24699,141, 34
24700,158, 31
24701,184, 27
24702,227, 87
24703,276, 0
24704,300, 0
24705,279, 0
24706,223, 0
24707,153, 0
24708,100, 0
24709,58, 0
24710,29, 0
24711,0, 0
24712,0, 0
24713,0, 0
24714,0, 0
24715,4, 0
24716,5, 0
24717,15, 0
24718,19, 0
24719,41, 0
24720,61, 0
24721,77, 0
24722,78, 0
24723,83, 0
24724,51, 0
24725,48, 0
24726,45, 0
24727,51, 0
24728,51, 0
24729,9, 0
24730,0, 0
24731,0, 0
24732,6, 0
24733,28, 0
24734,61, 0
24735,93, 0
24736,102, 0
24737,99, 0
24738,92, 0
24739,83, 0
24740,83, 0
24741,113, 0
24742,153, 0
24743,202, 0
24744,245, 0
24745,239, 0
24746,247, 2
24747,228, 0
24748,210, 0
24749,189, 0
24750,175, 0
24751,140, 0
24752,88, 0
24753,30, 0
24754,4, 0
24755,5, 0
24756,40, 0
24757,92, 0
24758,95, 0
24759,65, 0
24760,31, 0
24761,3, 76
24762,0, 43
24763,2, 0
24764,19, 0
24765,46, 0
24766,62, 0
24767,74, 0
24768,74, 0
24769,46, 0
24770,17, 0
24771,0, 0
24772,1, 0
24773,21, 0
24774,54, 0
24775,69, 0
24776,85, 0
24777,81, 0
24778,90, 0
24779,99, 0
24780,108, 0
24781,133, 0
24782,141, 0
24783,132, 0
24784,134, 0
24785,94, 0
24786,86, 0
24787,94, 0
24788,96, 0
24789,92, 0
24790,57, 0
24791,43, 0
24792,38, 0
24793,40, 0
24794,58, 0
24795,95, 0
24796,123, 0
24797,136, 0
24798,127, 0
24799,139, 0
24800,135, 0
24801,143, 0
24802,153, 0
24803,156, 0
24804,158, 0
24805,128, 0
24806,108, 0
24807,97, 0
24808,87, 0
24809,86, 0
24810,93, 0
24811,108, 0
24812,125, 0
24813,125, 0
24814,117, 0
24815,99, 0
24816,75, 0
24817,47, 0
24818,36, 0
24819,19, 0
24820,5, 0
24821,2, 13
24822,0, 0
24823,0, 0
24824,0, 0
24825,0, 0
24826,3, 0
24827,20, 0
24828,57, 0
24829,84, 0
24830,102, 0
24831,111, 0
24832,115, 0
24833,127, 0
24834,133, 0
24835,147, 0
24836,158, 0
24837,199, 0
24838,184, 0
24839,165, 0
24840,149, 0
24841,105, 0
24842,67, 0
24843,39, 1
24844,26, 0
24845,31, 0
24846,30, 0
24847,44, 0
24848,61, 0
24849,73, 0
24850,68, 0
24851,50, 0
24852,37, 0
24853,32, 0
24854,41, 0
24855,60, 0
24856,71, 0
24857,102, 0
24858,112, 0
24859,108, 0
24860,101, 0
24861,97, 0
24862,100, 0
24863,95, 0
24864,110, 0
24865,97, 0
24866,116, 0
24867,97, 0
24868,101, 0
24869,97, 0
24870,92, 0
24871,84, 0
24872,88, 0
24873,86, 0
24874,84, 0
24875,89, 0
24876,89, 0
24877,89, 0
24878,90, 0
24879,86, 0
24880,91, 0
24881,54, 0
24882,23, 0
24883,26, 56
24884,13, 0
24885,19, 0
24886,42, 0
24887,70, 0
24888,80, 0
24889,71, 0
24890,80, 0
24891,83, 0
24892,78, 0
24893,85, 0
24894,94, 0
24895,88, 0
24896,84, 0
24897,83, 0
24898,71, 0
24899,69, 0
24900,64, 0
24901,57, 0
24902,83, 0
24903,72, 0
24904,88, 0
24905,105, 0
24906,121, 0
24907,133, 0
24908,130, 0
24909,130, 0
24910,130, 0
24911,117, 0
24912,90, 0
24913,67, 0
24914,40, 0
24915,37, 0
24916,58, 0
24917,89, 0
24918,121, 0
24919,130, 0
24920,133, 0
24921,124, 0
24922,121, 0
24923,124, 0
24924,110, 0
24925,101, 4
24926,89, 0
24927,96, 0
24928,73, 0
24929,76, 0
24930,85, 0
24931,90, 0
24932,96, 0
24933,104, 0
24934,92, 0
24935,91, 0
24936,85, 0
24937,89, 0
24938,88, 0
24939,88, 0
24940,79, 0
24941,70, 0
24942,48, 0
24943,15, 0
24944,19, 35
24945,8, 22
24946,12, 19
24947,35, 0
24948,59, 0
24949,64, 0
24950,63, 0
24951,63, 0
24952,63, 0
24953,64, 0
24954,60, 0
24955,54, 0
24956,48, 0
24957,43, 0
24958,51, 0
24959,55, 0
24960,60, 0
24961,70, 0
24962,77, 0
24963,80, 0
24964,80, 0
24965,80, 0
24966,84, 0
24967,99, 0
24968,86, 0
24969,92, 0
24970,92, 0
24971,88, 0
24972,74, 0
24973,45, 0
24974,36, 0
24975,30, 4
24976,39, 0
24977,50, 0
24978,97, 0
24979,117, 0
24980,125, 0
24981,121, 0
24982,126, 0
24983,113, 0
24984,108, 0
24985,106, 0
24986,89, 0
24987,89, 0
24988,85, 0
24989,76, 0
24990,83, 0
24991,74, 0
24992,79, 0
24993,75, 0
24994,79, 0
24995,77, 0
24996,78, 0
24997,85, 0
24998,92, 0
24999,95, 0
25000,78, 0
25001,62, 0
25002,51, 0
25003,25, 3
25004,10, 21
25005,8, 0
25006,7, 29
25007,14, 31
25008,46, 0
25009,76, 0
25010,93, 0
25011,103, 0
25012,115, 0
25013,116, 0
25014,123, 0
25015,118, 0
25016,116, 0
25017,121, 0
25018,108, 0
25019,94, 0
25020,100, 0
25021,100, 0
25022,93, 0
25023,88, 0
25024,75, 0
25025,68, 0
25026,61, 0
25027,72, 2
25028,83, 0
25029,95, 0
25030,103, 0
25031,110, 0
25032,111, 0
25033,89, 0
25034,65, 0
25035,47, 0
25036,30, 0
25037,40, 0
25038,44, 0
25039,77, 0
25040,94, 0
25041,109, 0
25042,86, 0
25043,87, 0
25044,80, 0
25045,85, 0
25046,100, 0
25047,106, 0
25048,112, 0
25049,115, 0
25050,121, 0
25051,123, 0
25052,120, 0
25053,118, 0
25054,113, 0
25055,106, 0
25056,104, 0
25057,112, 0
25058,105, 0
25059,102, 0
25060,100, 0
25061,83, 0
25062,84, 0
25063,57, 0
25064,34, 0
25065,0, 0
25066,0, 0
25067,0, 0
25068,5, 0
25069,35, 0
25070,63, 0
25071,73, 0
25072,79, 0
25073,72, 0
25074,69, 0
25075,88, 0
25076,87, 0
25077,90, 0
25078,89, 0
25079,91, 0
25080,86, 0
25081,104, 0
25082,111, 0
25083,115, 0
25084,120, 0
25085,103, 0
25086,95, 0
25087,88, 0
25088,80, 0
25089,65, 0
25090,74, 0
25091,70, 0
25092,57, 0
25093,54, 0
25094,31, 0
25095,31, 0
25096,7, 0
25097,24, 3
25098,46, 0
25099,71, 0
25100,119, 0
25101,147, 0
25102,153, 0
25103,136, 0
25104,126, 0
25105,109, 0
25106,108, 0
25107,104, 0
25108,104, 0
25109,109, 0
25110,113, 0
25111,113, 0
25112,110, 0
25113,108, 0
25114,102, 0
25115,86, 0
25116,74, 0
25117,52, 0
25118,45, 0
25119,38, 0
25120,32, 0
25121,51, 0
25122,55, 0
25123,69, 0
25124,64, 0
25125,60, 0
25126,31, 51
25127,21, 79
25128,11, 0
25129,12, 9
25130,25, 0
25131,48, 0
25132,55, 0
25133,77, 0
25134,90, 0
25135,96, 0
25136,92, 0
25137,91, 0
25138,83, 0
25139,80, 0
25140,85, 0
25141,83, 0
25142,80, 0
25143,84, 0
25144,83, 0
25145,91, 0
25146,85, 0
25147,84, 0
25148,81, 0
25149,83, 0
25150,87, 0
25151,91, 0
25152,89, 0
25153,92, 0
25154,85, 0
25155,63, 0
25156,29, 0
25157,20, 0
25158,18, 0
25159,32, 0
25160,54, 0
25161,90, 0
25162,117, 0
25163,119, 0
25164,115, 0
25165,108, 0
25166,106, 0
25167,96, 0
25168,104, 0
25169,100, 0
25170,97, 0
25171,95, 0
25172,105, 0
25173,105, 0
25174,106, 0
25175,115, 0
25176,105, 0
25177,105, 0
25178,95, 0
25179,92, 0
25180,83, 0
25181,76, 0
25182,74, 0
25183,73, 0
25184,64, 0
25185,65, 0
25186,37, 4
25187,12, 4
25188,3, 0
25189,1, 72
25190,12, 0
25191,38, 0
25192,58, 0
25193,70, 0
25194,79, 0
25195,81, 0
25196,76, 0
25197,71, 0
25198,71, 0
25199,71, 0
25200,68, 0
25201,67, 0
25202,56, 0
25203,75, 0
25204,73, 0
25205,74, 0
25206,76, 0
25207,85, 0
25208,92, 0
25209,99, 0
25210,103, 0
25211,115, 0
25212,121, 0
25213,115, 0
25214,115, 0
25215,101, 0
25216,90, 0
25217,58, 0
25218,36, 0
25219,34, 0
25220,32, 0
25221,51, 0
25222,86, 0
25223,102, 0
25224,113, 0
25225,112, 0
25226,118, 0
25227,122, 0
25228,121, 0
25229,104, 0
25230,105, 0
25231,100, 0
25232,95, 0
25233,101, 0
25234,100, 0
25235,99, 0
25236,89, 0
25237,94, 0
25238,92, 0
25239,89, 0
25240,102, 0
25241,94, 0
25242,101, 0
25243,102, 0
25244,102, 0
25245,106, 0
25246,92, 31
25247,70, 41
25248,37, 92
25249,21, 97
25250,12, 0
25251,23, 7
25252,42, 0
25253,68, 0
25254,81, 0
25255,84, 0
25256,85, 0
25257,81, 0
25258,85, 0
25259,85, 0
25260,86, 1
25261,83, 0
25262,83, 0
25263,83, 0
25264,81, 0
25265,80, 0
25266,79, 0
25267,79, 0
25268,83, 0
25269,84, 0
25270,89, 0
25271,88, 0
25272,96, 0
25273,101, 0
25274,101, 0
25275,92, 0
25276,106, 0
25277,81, 0
25278,55, 0
25279,37, 0
25280,32, 0
25281,38, 0
25282,47, 0
25283,81, 0
25284,95, 0
25285,107, 0
25286,109, 0
25287,102, 0
25288,101, 0
25289,90, 0
25290,83, 0
25291,76, 2
25292,73, 0
25293,65, 0
25294,73, 0
25295,74, 0
25296,76, 0
25297,75, 0
25298,80, 0
25299,78, 0
25300,78, 0
25301,97, 0
25302,76, 0
25303,64, 0
25304,53, 0
25305,60, 0
25306,52, 0
25307,50, 0
25308,31, 0
25309,10, 47
25310,14, 57
25311,26, 133
25312,25, 0
25313,46, 0
25314,70, 0
25315,77, 0
25316,77, 0
25317,83, 0
25318,80, 0
25319,73, 0
25320,72, 0
25321,70, 0
25322,71, 0
25323,69, 0
25324,75, 0
25325,73, 0
25326,78, 0
25327,81, 0
25328,99, 0
25329,94, 0
25330,102, 0
25331,102, 0
25332,108, 0
25333,118, 0
25334,106, 0
25335,99, 0
25336,93, 0
25337,93, 0
25338,73, 0
25339,46, 0
25340,29, 0
25341,29, 0
25342,32, 0
25343,74, 0
25344,89, 0
25345,108, 0
25346,127, 0
25347,112, 0
25348,108, 0
25349,116, 0
25350,110, 0
25351,116, 0
25352,113, 0
25353,112, 0
25354,121, 0
25355,122, 0
25356,118, 0
25357,108, 0
25358,95, 0
25359,100, 0
25360,95, 0
25361,84, 0
25362,85, 0
25363,76, 0
25364,63, 0
25365,58, 0
25366,51, 0
25367,44, 0
25368,36, 0
25369,14, 0
25370,0, 112
25371,0, 0
25372,0, 6
25373,6, 4
25374,26, 0
25375,52, 0
25376,51, 0
25377,60, 0
25378,60, 0
25379,57, 0
25380,53, 0
25381,54, 0
25382,53, 0
25383,56, 0
25384,57, 0
25385,75, 0
25386,75, 0
25387,80, 0
25388,85, 0
25389,90, 0
25390,100, 0
25391,107, 0
25392,108, 0
25393,109, 0
25394,115, 0
25395,111, 0
25396,111, 0
25397,111, 0
25398,111, 0
25399,97, 0
25400,80, 56
25401,70, 40
25402,70, 26
25403,70, 0
25404,92, 0
25405,123, 0
25406,143, 0
25407,144, 0
25408,137, 0
25409,134, 0
25410,127, 0
25411,121, 0
25412,121, 0
25413,119, 0
25414,107, 0
25415,109, 0
25416,102, 0
25417,103, 0
25418,100, 0
25419,94, 0
25420,97, 0
25421,94, 3
25422,95, 7
25423,95, 31
25424,89, 20
25425,84, 62
25426,77, 75
25427,78, 38
25428,86, 40
25429,69, 101
25430,51, 203
25431,7, 348
25432,2, 171
25433,4, 211
25434,6, 102
25435,30, 61
25436,61, 19
25437,67, 0
25438,90, 0
25439,61, 0
25440,71, 0
25441,79, 0
25442,81, 0
25443,89, 0
25444,87, 0
25445,89, 0
25446,77, 0
25447,73, 0
25448,70, 0
25449,62, 0
25450,64, 0
25451,68, 0
25452,70, 0
25453,73, 0
25454,78, 0
25455,80, 0
25456,80, 0
25457,83, 0
25458,89, 0
25459,89, 0
25460,65, 0
25461,44, 0
25462,22, 0
25463,20, 0
25464,25, 0
25465,28, 0
25466,70, 0
25467,85, 0
25468,96, 0
25469,95, 0
25470,101, 0
25471,92, 0
25472,94, 0
25473,100, 0
25474,103, 0
25475,102, 0
25476,99, 0
25477,104, 0
25478,109, 0
25479,104, 0
25480,103, 0
25481,104, 0
25482,105, 0
25483,96, 0
25484,102, 0
25485,88, 0
25486,95, 0
25487,92, 0
25488,89, 0
25489,90, 0
25490,76, 0
25491,55, 0
25492,30, 0
25493,18, 2
25494,18, 0
25495,21, 0
25496,46, 0
25497,68, 0
25498,77, 0
25499,72, 0
25500,74, 0
25501,74, 0
25502,69, 0
25503,75, 0
25504,79, 0
25505,69, 0
25506,63, 0
25507,64, 0
25508,56, 0
25509,57, 0
25510,55, 0
25511,54, 0
25512,63, 0
25513,64, 0
25514,88, 0
25515,107, 0
25516,122, 0
25517,129, 0
25518,133, 0
25519,131, 0
25520,116, 0
25521,101, 0
25522,73, 1
25523,52, 0
25524,53, 63
25525,53, 0
25526,81, 0
25527,121, 0
25528,140, 0
25529,163, 0
25530,166, 0
25531,173, 9
25532,167, 31
25533,167, 64
25534,166, 205
25535,166, 361
25536,148, 423
25537,135, 391
25538,126, 360
25539,102, 294
25540,85, 289
25541,62, 261
25542,53, 198
25543,57, 156
25544,44, 192
25545,46, 139
25546,38, 232
25547,40, 164
25548,39, 74
25549,43, 4
25550,32, 0
25551,31, 0
25552,8, 0
25553,0, 0
25554,0, 0
25555,0, 0
25556,0, 0
25557,0, 0
25558,6, 0
25559,4, 0
25560,6, 0
25561,5, 0
25562,7, 0
25563,8, 0
25564,17, 0
25565,23, 0
25566,31, 0
25567,31, 0
25568,47, 0
25569,32, 0
25570,34, 0
25571,32, 0
25572,37, 0
25573,44, 0
25574,59, 0
25575,59, 0
25576,74, 0
25577,76, 0
25578,90, 0
25579,89, 0
25580,104, 0
25581,115, 0
25582,100, 38
25583,77, 106
25584,65, 63
25585,73, 65
25586,70, 95
25587,103, 58
25588,149, 6
25589,177, 0
25590,176, 0
25591,186, 0
25592,185, 0
25593,182, 0
25594,173, 0
25595,176, 0
25596,169, 0
25597,174, 0
25598,172, 0
25599,170, 0
25600,165, 0
25601,161, 0
25602,165, 0
25603,166, 83
25604,164, 210
25605,164, 304
25606,161, 460
25607,163, 456
25608,163, 439
25609,159, 420
25610,164, 464
25611,164, 555
25612,155, 537
25613,121, 447
25614,85, 416
25615,74, 396
25616,62, 312
25617,70, 264
25618,81, 169
25619,87, 166
25620,90, 272
25621,79, 368
25622,74, 464
25623,89, 561
25624,67, 598
25625,69, 674
25626,75, 735
25627,70, 753
25628,58, 792
25629,40, 780
25630,24, 696
25631,6, 535
25632,3, 391
25633,0, 147
25634,0, 0
25635,0, 0
25636,0, 0
25637,0, 0
25638,0, 0
25639,0, 0
25640,0, 0
25641,0, 0
25642,0, 0
25643,0, 0
25644,3, 0
25645,0, 0
25646,0, 0
25647,0, 0
25648,19, 0
25649,59, 0
25650,91, 0
25651,104, 0
25652,118, 0
25653,121, 0
25654,111, 0
25655,108, 0
25656,108, 0
25657,111, 0
25658,111, 0
25659,119, 0
25660,132, 0
25661,135, 0
25662,140, 0
25663,152, 0
25664,141, 0
25665,140, 0
25666,148, 0
25667,153, 0
25668,137, 0
25669,142, 0
25670,141, 0
25671,135, 0
25672,121, 0
25673,111, 0
25674,80, 0
25675,50, 0
25676,38, 0
25677,35, 0
25678,44, 0
25679,70, 0
25680,102, 0
25681,113, 0
25682,115, 0
25683,124, 0
25684,123, 0
25685,116, 0
25686,132, 0
25687,137, 0
25688,135, 0
25689,137, 0
25690,142, 0
25691,143, 0
25692,139, 0
25693,140, 87
25694,131, 198
25695,120, 281
25696,103, 389
25697,113, 483
25698,115, 553
25699,117, 580
25700,126, 674
25701,124, 736
25702,129, 753
25703,131, 827
25704,121, 826
25705,105, 820
25706,88, 736
25707,75, 636
25708,79, 529
25709,97, 416
25710,135, 389
25711,155, 327
25712,156, 208
25713,145, 129
25714,141, 26
25715,132, 3
25716,135, 0
25717,120, 0
25718,132, 0
25719,128, 0
25720,141, 0
25721,143, 0
25722,129, 0
25723,121, 0
25724,108, 4
25725,93, 64
25726,83, 164
25727,63, 151
25728,52, 112
25729,26, 36
25730,18, 0
25731,6, 0
25732,0, 0
25733,4, 0
25734,0, 0
25735,0, 0
25736,0, 0
25737,0, 0
25738,0, 0
25739,0, 0
25740,0, 0
25741,0, 0
25742,0, 0
25743,0, 0
25744,0, 0
25745,11, 0
25746,0, 0
25747,0, 0
25748,0, 0
25749,1, 0
25750,18, 0
25751,31, 0
25752,51, 0
25753,65, 0
25754,102, 0
25755,108, 0
25756,119, 0
25757,136, 0
25758,154, 0
25759,163, 0
25760,166, 0
25761,175, 0
25762,182, 56
25763,183, 181
25764,183, 410
25765,158, 574
25766,138, 620
25767,127, 785
25768,141, 1004
25769,153, 1101
25770,169, 1163
25771,197, 1163
25772,205, 1039
25773,190, 922
25774,176, 700
25775,158, 398
25776,132, 45
25777,123, 0
25778,130, 0
25779,131, 0
25780,125, 0
25781,129, 0
25782,119, 0
25783,102, 0
25784,94, 0
25785,83, 0
25786,71, 0
25787,71, 0
25788,51, 0
25789,51, 0
25790,55, 74
25791,76, 349
25792,68, 749
25793,61, 966
25794,36, 1064
25795,20, 992
25796,0, 846
25797,0, 658
25798,0, 325
25799,0, 61
25800,0, 0
25801,0, 0
25802,21, 0
25803,25, 0
25804,44, 0
25805,73, 0
25806,88, 0
25807,110, 0
25808,103, 0
25809,94, 0
25810,99, 0
25811,103, 0
25812,105, 0
25813,111, 0
25814,95, 0
25815,77, 0
25816,60, 0
25817,42, 26
25818,39, 219
25819,46, 314
25820,40, 383
25821,23, 333
25822,26, 361
25823,23, 226
25824,21, 32
25825,32, 0
25826,24, 0
25827,14, 0
25828,7, 0
25829,5, 0
25830,8, 0
25831,26, 0
25832,59, 0
25833,78, 0
25834,92, 0
25835,99, 0
25836,102, 0
25837,119, 0
25838,142, 0
25839,126, 0
25840,123, 0
25841,121, 0
25842,122, 47
25843,123, 51
25844,125, 0
25845,112, 0
25846,99, 0
25847,92, 0
25848,100, 0
25849,96, 0
25850,124, 21
25851,128, 47
25852,139, 14
25853,149, 0
25854,149, 0
25855,147, 0
25856,123, 0
25857,95, 45
25858,68, 74
25859,58, 102
25860,57, 327
25861,70, 181
25862,95, 340
25863,121, 415
25864,129, 439
25865,139, 601
25866,148, 733
25867,143, 840
25868,151, 959
25869,145, 914
25870,148, 859
25871,152, 711
25872,160, 616
25873,159, 517
25874,168, 403
25875,160, 315
25876,160, 169
25877,166, 60
25878,159, 0
25879,164, 7
25880,156, 226
25881,156, 374
25882,147, 497
25883,130, 380
25884,113, 83
25885,74, 0
25886,48, 0
25887,31, 0
25888,1, 0
25889,0, 0
25890,2, 0
25891,10, 0
25892,34, 0
25893,54, 0
25894,57, 0
25895,44, 0
25896,24, 0
25897,21, 0
25898,36, 0
25899,44, 0
25900,57, 0
25901,48, 0
25902,35, 0
25903,22, 0
25904,20, 0
25905,20, 0
25906,13, 0
25907,23, 0
25908,30, 0
25909,38, 0
25910,53, 0
25911,72, 0
25912,73, 0
25913,83, 0
25914,88, 0
25915,83, 0
25916,79, 0
25917,83, 0
25918,69, 0
25919,53, 0
25920,48, 0
25921,75, 0
25922,80, 0
25923,129, 0
25924,159, 0
25925,172, 0
25926,144, 0
25927,123, 0
25928,107, 0
25929,101, 0
25930,103, 23
25931,106, 268
25932,120, 405
25933,127, 399
25934,139, 446
25935,140, 587
25936,145, 654
25937,139, 753
25938,142, 747
25939,122, 698
25940,103, 762
25941,120, 835
25942,135, 1018
25943,145, 1145
25944,149, 1262
25945,158, 1289
25946,158, 1166
25947,149, 1048
25948,126, 904
25949,85, 824
25950,64, 654
25951,47, 433
25952,21, 256
25953,11, 7
25954,22, 0
25955,20, 0
25956,29, 0
25957,28, 0
25958,38, 0
25959,41, 0
25960,52, 0
25961,53, 0
25962,53, 0
25963,51, 0
25964,53, 0
25965,44, 0
25966,48, 0
25967,57, 0
25968,65, 0
25969,67, 0
25970,76, 0
25971,89, 108
25972,92, 494
25973,88, 744
25974,75, 835
25975,69, 730
25976,63, 494
25977,62, 244
25978,71, 206
25979,25, 124
25980,6, 171
25981,12, 242
25982,25, 126
25983,51, 0
25984,92, 0
25985,130, 0
25986,145, 0
25987,156, 0
25988,159, 53
25989,153, 109
25990,155, 84
25991,145, 29
25992,137, 0
25993,123, 0
25994,112, 0
25995,116, 46
25996,105, 186
25997,115, 553
25998,141, 922
25999,140, 1264
26000,128, 1504
26001,108, 1443
26002,78, 1194
26003,70, 679
26004,58, 401
26005,62, 96
26006,63, 0
26007,58, 0
26008,47, 0
26009,14, 0
26010,11, 0
26011,0, 0
26012,0, 0
26013,0, 0
26014,15, 0
26015,50, 0
26016,74, 0
26017,83, 0
26018,102, 0
26019,108, 0
26020,122, 0
26021,135, 0
26022,138, 0
26023,141, 0
26024,144, 0
26025,142, 0
26026,152, 1
26027,152, 232
26028,150, 423
26029,159, 499
26030,163, 541
26031,184, 671
26032,182, 865
26033,190, 1021
26034,191, 1172
26035,175, 1186
26036,168, 1186
26037,164, 1184
26038,141, 1125
26039,128, 1093
26040,93, 1104
26041,68, 955
26042,69, 731
26043,60, 578
26044,74, 212
26045,89, 0
26046,96, 0
26047,81, 0
26048,64, 0
26049,51, 0
26050,56, 0
26051,48, 0
26052,51, 0
26053,62, 0
26054,70, 0
26055,83, 0
26056,102, 0
26057,102, 0
26058,104, 0
26059,77, 0
26060,67, 0
26061,46, 0
26062,46, 0
26063,38, 0
26064,52, 26
26065,71, 264
26066,93, 660
26067,108, 1010
26068,121, 1133
26069,115, 1321
26070,83, 1357
26071,64, 1352
26072,50, 1278
26073,41, 1194
26074,64, 1182
26075,71, 1066
26076,78, 780
26077,75, 296
26078,71, 0
26079,69, 0
26080,86, 0
26081,89, 0
26082,91, 0
26083,89, 0
26084,69, 0
26085,81, 0
26086,75, 0
26087,64, 0
26088,38, 0
26089,13, 0
26090,10, 0
26091,0, 0
26092,6, 0
26093,25, 0
26094,68, 0
26095,106, 0
26096,93, 0
26097,94, 0
26098,94, 0
26099,86, 0
26100,76, 15
26101,51, 274
26102,25, 414
26103,17, 473
26104,18, 257
26105,31, 77
26106,58, 47
26107,83, 70
26108,101, 157
26109,100, 251
26110,108, 249
26111,109, 346
26112,126, 309
26113,129, 289
26114,118, 282
26115,106, 202
26116,81, 115
26117,69, 40
26118,54, 47
26119,50, 148
26120,60, 237
26121,69, 253
26122,88, 185
26123,120, 94
26124,115, 11
26125,112, 0
26126,118, 0
26127,117, 0
26128,137, 0
26129,140, 0
26130,147, 12
26131,153, 152
26132,161, 396
26133,157, 614
26134,159, 635
26135,164, 663
26136,171, 666
26137,189, 794
26138,203, 741
26139,179, 586
26140,154, 438
26141,145, 260
26142,136, 34
26143,132, 0
26144,125, 0
26145,127, 0
26146,132, 0
26147,139, 0
26148,124, 0
26149,117, 0
26150,116, 0
26151,142, 0
26152,176, 0
26153,200, 0
26154,202, 0
26155,185, 149
26156,175, 451
26157,152, 583
26158,128, 525
26159,106, 294
26160,87, 60
26161,79, 0
26162,63, 0
26163,56, 0
26164,68, 0
26165,75, 0
26166,70, 0
26167,84, 0
26168,84, 0
26169,73, 0
26170,70, 0
26171,85, 0
26172,105, 0
26173,115, 0
26174,102, 0
26175,61, 0
26176,19, 0
26177,0, 0
26178,0, 0
26179,0, 0
26180,0, 0
26181,0, 0
26182,12, 0
26183,25, 0
26184,36, 107
26185,48, 576
26186,83, 1115
26187,115, 1434
26188,149, 1490
26189,167, 1545
26190,144, 1411
26191,115, 1260
26192,61, 884
26193,34, 593
26194,30, 514
26195,24, 331
26196,0, 166
26197,0, 0
26198,0, 0
26199,0, 0
26200,0, 0
26201,0, 0
26202,0, 0
26203,0, 0
26204,18, 0
26205,30, 0
26206,40, 0
26207,44, 0
26208,48, 0
26209,63, 0
26210,79, 0
26211,115, 0
26212,134, 0
26213,145, 0
26214,145, 0
26215,136, 0
26216,177, 0
26217,219, 152
26218,249, 447
26219,267, 816
26220,268, 1166
26221,251, 1452
26222,239, 1648
26223,204, 1744
26224,172, 1727
26225,149, 1627
26226,136, 1669
26227,121, 1640
26228,139, 1572
26229,152, 1573
26230,147, 1531
26231,133, 1250
26232,108, 765
26233,71, 276
26234,44, 0
26235,9, 0
26236,0, 0
26237,0, 0
26238,4, 0
26239,31, 0
26240,44, 0
26241,47, 0
26242,45, 0
26243,36, 0
26244,19, 0
26245,0, 0
26246,0, 0
26247,0, 0
26248,0, 0
26249,12, 0
26250,46, 0
26251,84, 0
26252,121, 0
26253,116, 0
26254,94, 0
26255,113, 127
26256,122, 361
26257,121, 551
26258,133, 304
26259,158, 313
26260,175, 512
26261,183, 623
26262,183, 668
26263,190, 653
26264,166, 660
26265,139, 577
26266,144, 482
26267,105, 113
26268,83, 0
26269,43, 107
26270,21, 353
26271,5, 78
26272,0, 0
26273,0, 0
26274,11, 0
26275,32, 0
26276,64, 0
26277,92, 6
26278,120, 76
26279,100, 50
26280,99, 0
26281,93, 0
26282,92, 0
26283,76, 0
26284,52, 0
26285,10, 0
26286,0, 0
26287,0, 0
26288,0, 0
26289,0, 0
26290,9, 0
26291,25, 0
26292,44, 0
26293,63, 0
26294,86, 0
26295,100, 0
26296,112, 0
26297,109, 0
26298,124, 0
26299,124, 38
26300,120, 159
26301,106, 407
26302,79, 300
26303,69, 191
26304,57, 168
26305,61, 12
26306,83, 0
26307,102, 0
26308,127, 0
26309,139, 0
26310,137, 0
26311,124, 0
26312,119, 0
26313,93, 0
26314,62, 1
26315,35, 127
26316,23, 481
26317,27, 540
26318,44, 689
26319,78, 951
26320,115, 996
26321,130, 1091
26322,139, 978
26323,143, 790
26324,134, 767
26325,136, 913
26326,141, 942
26327,141, 795
26328,136, 476
26329,133, 166
26330,110, 0
26331,87, 0
26332,57, 0
26333,29, 0
26334,20, 0
26335,10, 0
26336,31, 0
26337,32, 0
26338,45, 487
26339,8, 371
26340,0, 193
26341,0, 0
26342,0, 0
26343,44, 0
26344,92, 0
26345,119, 0
26346,145, 0
26347,121, 0
26348,112, 0
26349,109, 0
26350,145, 0
26351,125, 0
26352,110, 0
26353,92, 0
26354,87, 0
26355,94, 0
26356,95, 0
26357,102, 0
26358,120, 0
26359,125, 0
26360,106, 0
26361,85, 38
26362,48, 176
26363,37, 152
26364,17, 127
26365,28, 0
26366,23, 0
26367,41, 0
26368,60, 0
26369,74, 0
26370,97, 0
26371,100, 0
26372,116, 0
26373,124, 0
26374,131, 243
26375,128, 382
26376,127, 588
26377,125, 540
26378,149, 336
26379,180, 503
26380,232, 171
26381,265, 2
26382,259, 0
26383,261, 0
26384,238, 0
26385,174, 0
26386,145, 0
26387,113, 0
26388,87, 0
26389,83, 0
26390,93, 0
26391,95, 0
26392,90, 0
26393,70, 0
26394,56, 0
26395,67, 0
26396,77, 0
26397,102, 0
26398,103, 0
26399,105, 0
26400,110, 0
26401,109, 0
26402,102, 0
26403,101, 0
26404,102, 140
26405,102, 527
26406,81, 371
26407,46, 126
26408,20, 9
26409,20, 286
26410,27, 472
26411,37, 649
26412,68, 1111
26413,60, 1129
26414,40, 1100
26415,40, 901
26416,40, 501
26417,36, 270
26418,44, 254
26419,58, 244
26420,80, 361
26421,105, 485
26422,112, 473
26423,122, 588
26424,115, 651
26425,120, 820
26426,124, 711
26427,107, 614
26428,102, 630
26429,69, 674
26430,50, 494
26431,44, 32
26432,42, 0
26433,24, 0
26434,6, 0
26435,0, 0
26436,0, 0
26437,0, 0
26438,0, 0
26439,0, 0
26440,0, 0
26441,21, 0
26442,87, 0
26443,133, 0
26444,163, 0
26445,196, 0
26446,175, 0
26447,155, 74
26448,129, 54
26449,93, 70
26450,67, 0
26451,54, 0
26452,58, 0
26453,76, 0
26454,84, 0
26455,84, 0
26456,104, 0
26457,108, 0
26458,126, 0
26459,144, 137
26460,170, 562
26461,158, 884
26462,150, 1173
26463,167, 1501
26464,173, 1622
26465,189, 1722
26466,188, 1759
26467,152, 1546
26468,121, 1362
26469,108, 1136
26470,93, 811
26471,72, 342
26472,77, 79
26473,76, 0
26474,51, 0
26475,25, 0
26476,4, 0
26477,0, 0
26478,0, 0
26479,0, 0
26480,0, 0
26481,0, 0
26482,13, 0
26483,25, 0
26484,41, 0
26485,52, 0
26486,57, 0
26487,64, 0
26488,51, 0
26489,36, 0
26490,12, 0
26491,10, 0
26492,26, 0
26493,40, 0
26494,69, 0
26495,68, 0
26496,79, 0
26497,61, 0
26498,42, 0
26499,31, 0
26500,31, 0
26501,39, 0
26502,81, 0
26503,122, 0
26504,147, 0
26505,158, 0
26506,166, 0
26507,152, 0
26508,164, 0
26509,182, 0
26510,199, 0
26511,206, 0
26512,207, 0
26513,205, 3
26514,199, 4
26515,196, 93
26516,183, 406
26517,152, 707
26518,145, 830
26519,121, 939
26520,92, 952
26521,70, 992
26522,52, 883
26523,38, 753
26524,38, 546
26525,46, 388
26526,62, 411
26527,90, 536
26528,103, 638
26529,109, 746
26530,127, 647
26531,142, 705
26532,151, 711
26533,158, 766
26534,136, 705
26535,80, 645
26536,13, 434
26537,0, 207
26538,0, 0
26539,6, 0
26540,21, 0
26541,18, 0
26542,5, 0
26543,0, 0
26544,0, 0
26545,0, 0
26546,0, 0
26547,22, 0
26548,61, 0
26549,86, 0
26550,108, 0
26551,126, 0
26552,130, 0
26553,125, 0
26554,80, 0
26555,55, 0
26556,64, 0
26557,101, 0
26558,152, 67
26559,217, 183
26560,263, 218
26561,301, 310
26562,327, 159
26563,372, 19
26564,409, 0
26565,400, 0
26566,414, 0
26567,415, 2
26568,423, 0
26569,424, 12
26570,428, 47
26571,420, 60
26572,408, 6
26573,391, 0
26574,326, 0
26575,217, 0
26576,91, 0
26577,1, 0
26578,4, 0
26579,25, 1
26580,4, 12
26581,0, 7
26582,0, 0
26583,0, 0
26584,0, 0
26585,0, 0
26586,3, 0
26587,26, 0
26588,30, 0
26589,18, 0
26590,7, 0
26591,11, 0
26592,22, 0
26593,31, 0
26594,40, 128
26595,37, 649
26596,22, 1092
26597,8, 1251
26598,23, 1243
26599,57, 1257
26600,83, 1183
26601,88, 1059
26602,112, 982
26603,108, 869
26604,102, 192
26605,120, 11
26606,128, 0
26607,153, 0
26608,160, 0
26609,163, 0
26610,148, 0
26611,137, 0
26612,127, 0
26613,110, 0
26614,92, 0
26615,84, 0
26616,92, 0
26617,88, 0
26618,83, 0
26619,50, 0
26620,12, 0
26621,0, 0
26622,0, 0
26623,0, 0
26624,9, 0
26625,45, 0
26626,80, 0
26627,108, 0
26628,120, 0
26629,115, 0
26630,89, 0
26631,68, 0
26632,29, 0
26633,0, 0
26634,0, 0
26635,0, 0
26636,0, 0
26637,0, 0
26638,0, 6
26639,10, 12
26640,22, 24
26641,25, 41
26642,56, 0
26643,62, 12
26644,73, 36
26645,85, 140
26646,80, 83
26647,72, 0
26648,70, 0
26649,51, 0
26650,41, 0
26651,40, 0
26652,41, 0
26653,45, 0
26654,29, 0
26655,8, 0
26656,4, 0
26657,13, 0
26658,28, 0
26659,55, 0
26660,63, 0
26661,76, 0
26662,74, 0
26663,72, 0
26664,77, 0
26665,81, 0
26666,77, 0
26667,86, 0
26668,104, 0
26669,107, 0
26670,129, 246
26671,144, 446
26672,157, 522
26673,150, 746
26674,165, 1025
26675,158, 969
26676,165, 761
26677,191, 526
26678,243, 388
26679,284, 427
26680,300, 428
26681,306, 435
26682,296, 285
26683,299, 57
26684,287, 0
26685,305, 0
26686,290, 0
26687,270, 0
26688,221, 0
26689,176, 0
26690,139, 0
26691,111, 0
26692,91, 0
26693,58, 0
26694,25, 0
26695,6, 0
26696,0, 0
26697,0, 0
26698,0, 35
26699,3, 469
26700,41, 625
26701,52, 356
26702,69, 24
26703,70, 0
26704,55, 0
26705,47, 0
26706,44, 0
26707,44, 1
26708,53, 310
26709,52, 387
26710,51, 224
26711,31, 89
26712,36, 3
26713,56, 0
26714,83, 0
26715,123, 0
26716,170, 0
26717,213, 21
26718,258, 186
26719,282, 381
26720,295, 527
26721,282, 597
26722,274, 601
26723,236, 481
26724,196, 260
26725,134, 12
26726,116, 0
26727,102, 0
26728,83, 0
26729,46, 0
26730,0, 0
26731,2, 0
26732,3, 0
26733,15, 0
26734,23, 0
26735,25, 0
26736,22, 0
26737,12, 0
26738,0, 0
26739,13, 0
26740,0, 0
26741,23, 0
26742,44, 151
26743,55, 434
26744,76, 531
26745,92, 529
26746,123, 607
26747,141, 703
26748,159, 902
26749,145, 985
26750,110, 887
26751,70, 535
26752,37, 71
26753,24, 0
26754,37, 0
26755,53, 0
26756,74, 0
26757,87, 0
26758,95, 0
26759,100, 0
26760,119, 0
26761,127, 0
26762,149, 0
26763,165, 0
26764,170, 0
26765,177, 0
26766,170, 0
26767,170, 0
26768,153, 0
26769,157, 0
26770,145, 171
26771,119, 232
26772,95, 86
26773,85, 24
26774,87, 73
26775,95, 55
26776,123, 91
26777,139, 207
26778,155, 287
26779,145, 488
26780,127, 654
26781,92, 570
26782,63, 609
26783,40, 705
26784,28, 689
26785,32, 718
26786,41, 644
26787,41, 583
26788,43, 502
26789,43, 294
26790,61, 12
26791,89, 0
26792,124, 0
26793,145, 0
26794,141, 0
26795,132, 0
26796,122, 0
26797,109, 0
26798,101, 0
26799,89, 0
26800,75, 0
26801,60, 0
26802,41, 0
26803,41, 0
26804,45, 0
26805,62, 0
26806,72, 0
26807,97, 0
26808,125, 0
26809,128, 0
26810,112, 0
26811,101, 226
26812,97, 501
26813,95, 685
26814,103, 633
26815,139, 519
26816,137, 479
26817,147, 345
26818,159, 118
26819,163, 6
26820,160, 0
26821,166, 0
26822,165, 8
26823,169, 102
26824,159, 41
26825,140, 7
26826,108, 0
26827,91, 0
26828,57, 0
26829,51, 0
26830,52, 0
26831,57, 0
26832,60, 0
26833,64, 0
26834,70, 0
26835,74, 0
26836,68, 0
26837,57, 0
26838,35, 0
26839,9, 0
26840,0, 0
26841,0, 0
26842,0, 0
26843,0, 0
26844,3, 2
26845,4, 0
26846,6, 0
26847,11, 0
26848,22, 0
26849,31, 0
26850,48, 0
26851,65, 0
26852,73, 0
26853,92, 0
26854,101, 0
26855,133, 0
26856,133, 0
26857,152, 0
26858,175, 0
26859,198, 0
26860,223, 0
26861,243, 0
26862,239, 0
26863,222, 0
26864,208, 0
26865,211, 0
26866,202, 0
26867,182, 0
26868,164, 0
26869,148, 28
26870,143, 359
26871,132, 711
26872,126, 936
26873,125, 1111
26874,111, 1211
26875,96, 1123
26876,75, 617
26877,75, 351
26878,85, 40
26879,95, 0
26880,89, 0
26881,78, 0
26882,55, 0
26883,32, 0
26884,40, 0
26885,61, 0
26886,83, 0
26887,119, 0
26888,122, 0
26889,112, 0
26890,76, 0
26891,53, 0
26892,50, 0
26893,34, 0
26894,4, 0
26895,0, 0
26896,0, 0
26897,0, 0
26898,0, 0
26899,0, 0
26900,0, 0
26901,0, 0
26902,0, 0
26903,0, 0
26904,27, 0
26905,84, 0
26906,131, 0
26907,163, 0
26908,202, 0
26909,237, 0
26910,243, 0
26911,223, 0
26912,167, 0
26913,142, 0
26914,106, 0
26915,81, 0
26916,78, 0
26917,91, 0
26918,126, 0
26919,149, 0
26920,174, 0
26921,170, 0
26922,176, 0
26923,167, 0
26924,152, 0
26925,139, 0
26926,136, 0
26927,166, 0
26928,206, 0
26929,257, 185
26930,280, 580
26931,292, 895
26932,270, 1071
26933,228, 989
26934,171, 826
26935,160, 597
26936,170, 458
26937,192, 155
26938,169, 6
26939,160, 0
26940,137, 0
26941,135, 0
26942,130, 0
26943,139, 0
26944,129, 0
26945,95, 0
26946,40, 0
26947,0, 0
26948,8, 145
26949,45, 243
26950,85, 357
26951,91, 465
26952,95, 591
26953,69, 476
26954,41, 315
26955,26, 273
26956,13, 201
26957,0, 2
26958,0, 0
26959,0, 0
26960,0, 0
26961,2, 0
26962,17, 0
26963,8, 0
26964,19, 0
26965,32, 0
26966,34, 0
26967,32, 0
26968,34, 0
26969,31, 0
26970,39, 0
26971,50, 0
26972,63, 0
26973,76, 0
26974,115, 0
26975,143, 0
26976,158, 0
26977,176, 0
26978,183, 0
26979,183, 284
26980,183, 582
26981,171, 635
26982,164, 594
26983,152, 521
26984,110, 247
26985,63, 0
26986,38, 0
26987,35, 0
26988,63, 0
26989,104, 0
26990,150, 0
26991,184, 0
26992,189, 0
26993,174, 0
26994,144, 0
26995,138, 0
26996,127, 0
26997,129, 0
26998,127, 0
26999,108, 0
27000,68, 0
27001,25, 0
27002,6, 0
27003,3, 0
27004,19, 0
27005,44, 0
27006,87, 0
27007,115, 0
27008,148, 0
27009,171, 0
27010,183, 0
27011,191, 0
27012,179, 3
27013,161, 145
27014,131, 591
27015,71, 754
27016,20, 683
27017,0, 533
27018,0, 547
27019,0, 503
27020,5, 261
27021,25, 74
27022,45, 0
27023,70, 0
27024,74, 0
27025,84, 0
27026,96, 0
27027,102, 0
27028,140, 14
27029,166, 50
27030,182, 136
27031,196, 264
27032,211, 393
27033,216, 558
27034,208, 522
27035,205, 445
27036,166, 413
27037,139, 315
27038,113, 286
27039,83, 337
27040,62, 431
27041,51, 263
27042,43, 0
27043,51, 0
27044,45, 0
27045,41, 19
27046,25, 41
27047,17, 0
27048,15, 0
27049,26, 0
27050,31, 0
27051,58, 0
27052,89, 0
27053,113, 0
27054,125, 0
27055,137, 0
27056,111, 0
27057,107, 0
27058,92, 0
27059,107, 0
27060,130, 61
27061,135, 95
27062,124, 51
27063,95, 0
27064,61, 0
27065,32, 0
27066,18, 0
27067,18, 0
27068,15, 0
27069,12, 0
27070,9, 0
27071,25, 120
27072,52, 348
27073,95, 545
27074,140, 796
27075,184, 1073
27076,208, 1306
27077,223, 1538
27078,226, 1636
27079,234, 1662
27080,232, 1591
27081,227, 1498
27082,226, 1363
27083,218, 1284
27084,186, 975
27085,154, 580
27086,115, 104
27087,67, 0
27088,26, 0
27089,8, 0
27090,12, 0
27091,0, 0
27092,0, 0
27093,0, 0
27094,0, 0
27095,0, 0
27096,0, 0
27097,0, 0
27098,0, 0
27099,0, 0
27100,0, 0
27101,0, 0
27102,18, 0
27103,41, 0
27104,77, 0
27105,106, 0
27106,126, 0
27107,125, 0
27108,108, 0
27109,102, 0
27110,97, 96
27111,102, 36
27112,127, 90
27113,142, 130
27114,152, 175
27115,155, 234
27116,171, 352
27117,155, 415
27118,156, 488
27119,152, 667
27120,170, 744
27121,183, 772
27122,199, 694
27123,196, 628
27124,201, 558
27125,205, 516
27126,204, 668
27127,189, 774
27128,177, 879
27129,153, 978
27130,138, 898
27131,128, 871
27132,112, 666
27133,102, 244
27134,91, 0
27135,95, 0
27136,83, 0
27137,57, 0
27138,15, 0
27139,0, 0
27140,0, 0
27141,0, 0
27142,0, 0
27143,6, 0
27144,8, 0
27145,11, 0
27146,14, 0
27147,13, 0
27148,3, 0
27149,0, 0
27150,0, 0
27151,0, 0
27152,0, 0
27153,18, 0
27154,46, 0
27155,65, 0
27156,97, 0
27157,133, 0
27158,109, 0
27159,105, 0
27160,83, 0
27161,67, 0
27162,44, 0
27163,31, 0
27164,32, 0
27165,57, 0
27166,108, 0
27167,153, 0
27168,196, 0
27169,238, 0
27170,270, 0
27171,298, 0
27172,305, 0
27173,323, 0
27174,318, 0
27175,291, 0
27176,248, 0
27177,187, 0
27178,144, 0
27179,99, 6
27180,72, 0
27181,74, 0
27182,88, 0
27183,65, 0
27184,28, 0
27185,0, 0
27186,0, 0
27187,0, 0
27188,1, 0
27189,10, 0
27190,0, 0
27191,0, 0
27192,0, 0
27193,0, 0
27194,0, 1
27195,0, 0
27196,0, 0
27197,0, 0
27198,4, 0
27199,35, 0
27200,52, 0
27201,65, 0
27202,83, 0
27203,95, 0
27204,122, 0
27205,141, 0
27206,149, 0
27207,142, 0
27208,166, 0
27209,173, 0
27210,191, 0
27211,212, 0
27212,220, 0
27213,207, 0
27214,183, 0
27215,170, 0
27216,148, 0
27217,139, 0
27218,148, 0
27219,127, 0
27220,95, 0
27221,78, 0
27222,100, 0
27223,77, 0
27224,71, 0
27225,61, 0
27226,58, 0
27227,54, 0
27228,51, 0
27229,36, 0
27230,29, 0
27231,37, 0
27232,58, 0
27233,83, 0
27234,108, 0
27235,133, 0
27236,127, 0
27237,122, 0
27238,107, 0
27239,95, 0
27240,95, 0
27241,105, 0
27242,108, 0
27243,113, 0
27244,110, 0
27245,123, 0
27246,132, 0
27247,141, 0
27248,142, 0
27249,138, 0
27250,139, 17
27251,141, 251
27252,133, 466
27253,127, 554
27254,117, 431
27255,93, 467
27256,92, 457
27257,80, 306
27258,39, 60
27259,11, 0
27260,0, 0
27261,0, 0
27262,0, 0
27263,2, 0
27264,24, 0
27265,59, 0
27266,89, 0
27267,102, 0
27268,101, 0
27269,89, 0
27270,71, 0
27271,50, 0
27272,37, 0
27273,34, 0
27274,30, 0
27275,42, 0
27276,44, 0
27277,39, 0
27278,36, 0
27279,27, 0
27280,18, 0
27281,6, 0
27282,8, 0
27283,15, 0
27284,32, 0
27285,42, 0
27286,46, 0
27287,54, 0
27288,53, 0
27289,55, 0
27290,41, 0
27291,25, 191
27292,34, 96
27293,52, 143
27294,76, 57
27295,117, 210
27296,149, 273
27297,154, 348
27298,141, 406
27299,133, 395
27300,125, 309
27301,124, 346
27302,127, 362
27303,118, 179
27304,110, 0
27305,105, 0
27306,93, 0
27307,89, 0
27308,75, 0
27309,55, 0
27310,46, 0
27311,57, 0
27312,86, 0
27313,68, 0
27314,78, 0
27315,77, 0
27316,83, 0
27317,81, 0
27318,97, 0
27319,87, 0
27320,73, 0
27321,71, 0
27322,84, 1
27323,103, 57
27324,127, 176
27325,149, 337
27326,183, 524
27327,197, 666
27328,183, 646
27329,169, 505
27330,157, 275
27331,150, 8
27332,139, 0
27333,115, 0
27334,79, 0
27335,48, 0
27336,34, 0
27337,14, 0
27338,8, 0
27339,0, 0
27340,4, 0
27341,9, 0
27342,13, 0
27343,27, 0
27344,42, 0
27345,85, 0
27346,121, 0
27347,147, 0
27348,165, 110
27349,168, 431
27350,189, 867
27351,152, 987
27352,132, 1032
27353,113, 1026
27354,125, 1139
27355,115, 925
27356,127, 563
27357,117, 205
27358,93, 0
27359,68, 0
27360,57, 0
27361,70, 0
27362,75, 0
27363,76, 0
27364,77, 0
27365,53, 0
27366,52, 0
27367,42, 0
27368,47, 0
27369,43, 0
27370,44, 0
27371,56, 0
27372,76, 0
27373,83, 0
27374,83, 0
27375,83, 0
27376,90, 174
27377,89, 73
27378,85, 3
27379,85, 0
27380,87, 0
27381,74, 0
27382,55, 0
27383,43, 0
27384,31, 0
27385,22, 0
27386,7, 0
27387,11, 0
27388,17, 0
27389,39, 0
27390,60, 0
27391,69, 0
27392,89, 0
27393,76, 0
27394,89, 0
27395,92, 108
27396,111, 176
27397,104, 240
27398,96, 415
27399,79, 605
27400,69, 632
27401,58, 555
27402,62, 512
27403,62, 466
27404,61, 313
27405,48, 140
27406,39, 15
27407,34, 0
27408,30, 0
27409,38, 0
27410,51, 24
27411,70, 59
27412,70, 139
27413,76, 217
27414,77, 170
27415,86, 188
27416,101, 103
27417,139, 13
27418,164, 0
27419,181, 0
27420,183, 0
27421,184, 0
27422,181, 0
27423,175, 0
27424,165, 0
27425,149, 0
27426,133, 0
27427,109, 0
27428,90, 0
27429,86, 0
27430,67, 0
27431,61, 0
27432,62, 0
27433,54, 0
27434,39, 0
27435,20, 0
27436,4, 0
27437,6, 0
27438,0, 0
27439,12, 0
27440,46, 0
27441,70, 0
27442,80, 0
27443,106, 0
27444,84, 0
27445,86, 0
27446,94, 0
27447,104, 0
27448,118, 0
27449,113, 0
27450,108, 0
27451,89, 0
27452,76, 0
27453,62, 0
27454,83, 0
27455,102, 0
27456,134, 0
27457,131, 0
27458,133, 0
27459,132, 0
27460,136, 0
27461,145, 0
27462,164, 0
27463,186, 0
27464,214, 0
27465,179, 0
27466,171, 0
27467,163, 0
27468,166, 0
27469,144, 0
27470,105, 0
27471,69, 0
27472,43, 0
27473,2, 0
27474,0, 0
27475,0, 1
27476,0, 0
27477,0, 0
27478,0, 0
27479,3, 0
27480,18, 0
27481,34, 0
27482,48, 0
27483,57, 0
27484,68, 0
27485,77, 0
27486,79, 0
27487,83, 0
27488,73, 0
27489,73, 0
27490,76, 0
27491,75, 0
27492,75, 0
27493,75, 0
27494,88, 0
27495,92, 0
27496,94, 0
27497,97, 0
27498,95, 0
27499,99, 0
27500,103, 0
27501,101, 0
27502,90, 0
27503,75, 0
27504,44, 0
27505,24, 44
27506,19, 0
27507,13, 50
27508,34, 0
27509,44, 0
27510,61, 0
27511,91, 0
27512,87, 0
27513,92, 0
27514,89, 0
27515,101, 0
27516,102, 0
27517,101, 0
27518,95, 0
27519,91, 0
27520,85, 0
27521,89, 0
27522,87, 0
27523,81, 0
27524,91, 0
27525,115, 0
27526,94, 0
27527,91, 0
27528,89, 0
27529,92, 0
27530,96, 0
27531,95, 0
27532,93, 0
27533,88, 0
27534,64, 0
27535,51, 0
27536,45, 0
27537,47, 0
27538,55, 0
27539,79, 0
27540,101, 0
27541,99, 0
27542,96, 0
27543,94, 0
27544,89, 0
27545,102, 0
27546,101, 0
27547,107, 0
27548,102, 0
27549,108, 0
27550,106, 0
27551,105, 0
27552,105, 0
27553,112, 0
27554,105, 0
27555,105, 0
27556,101, 0
27557,96, 0
27558,97, 0
27559,96, 0
27560,97, 0
27561,105, 0
27562,104, 0
27563,95, 0
27564,84, 0
27565,63, 0
27566,50, 0
27567,43, 5
27568,51, 126
27569,58, 18
27570,86, 0
27571,96, 0
27572,94, 0
27573,96, 0
27574,101, 0
27575,101, 0
27576,109, 0
27577,111, 0
27578,117, 0
27579,126, 0
27580,133, 0
27581,127, 0
27582,125, 0
27583,127, 163
27584,126, 272
27585,115, 447
27586,96, 371
27587,93, 103
27588,74, 0
27589,74, 53
27590,70, 351
27591,69, 513
27592,51, 344
27593,41, 133
27594,27, 0
27595,7, 0
27596,7, 0
27597,22, 0
27598,31, 0
27599,30, 0
27600,57, 0
27601,80, 0
27602,74, 0
27603,62, 0
27604,62, 0
27605,69, 0
27606,83, 0
27607,94, 0
27608,102, 0
27609,108, 0
27610,102, 0
27611,93, 0
27612,83, 0
27613,75, 0
27614,76, 0
27615,87, 0
27616,90, 0
27617,104, 0
27618,108, 0
27619,108, 0
27620,107, 0
27621,89, 0
27622,89, 0
27623,83, 8
27624,83, 0
27625,63, 0
27626,39, 58
27627,28, 19
27628,22, 9
27629,30, 0
27630,54, 0
27631,81, 0
27632,89, 0
27633,108, 0
27634,96, 0
27635,99, 0
27636,102, 0
27637,101, 3
27638,100, 8
27639,102, 0
27640,97, 0
27641,93, 0
27642,100, 0
27643,107, 0
27644,112, 0
27645,109, 0
27646,115, 0
27647,113, 0
27648,110, 0
27649,115, 0
27650,120, 0
27651,121, 0
27652,136, 0
27653,120, 0
27654,117, 0
27655,115, 0
27656,115, 0
27657,108, 1
27658,102, 1
27659,97, 107
27660,92, 0
27661,104, 0
27662,107, 0
27663,102, 0
27664,95, 0
27665,94, 0
27666,102, 0
27667,101, 0
27668,108, 0
27669,97, 0
27670,95, 0
27671,95, 0
27672,95, 0
27673,92, 0
27674,90, 0
27675,91, 0
27676,90, 0
27677,93, 0
27678,119, 0
27679,106, 0
27680,108, 0
27681,102, 0
27682,106, 0
27683,101, 0
27684,105, 0
27685,107, 0
27686,76, 0
27687,57, 102
27688,38, 12
27689,29, 0
27690,28, 0
27691,45, 0
27692,51, 0
27693,61, 0
27694,83, 0
27695,69, 0
27696,84, 0
27697,102, 0
27698,113, 0
27699,111, 0
27700,83, 0
27701,55, 0
27702,45, 0
27703,50, 0
27704,63, 0
27705,64, 0
27706,76, 0
27707,86, 0
27708,92, 0
27709,100, 0
27710,102, 0
27711,107, 0
27712,122, 0
27713,134, 0
27714,133, 0
27715,121, 0
27716,112, 0
27717,87, 0
27718,70, 325
27719,67, 554
27720,57, 449
27721,52, 473
27722,79, 332
27723,93, 59
27724,94, 0
27725,102, 0
27726,89, 0
27727,88, 0
27728,67, 183
27729,50, 198
27730,15, 349
27731,17, 105
27732,22, 0
27733,25, 0
27734,37, 0
27735,31, 0
27736,34, 0
27737,38, 0
27738,48, 0
27739,95, 0
27740,89, 0
27741,103, 0
27742,120, 0
27743,115, 0
27744,131, 0
27745,138, 0
27746,138, 0
27747,121, 0
27748,113, 0
27749,110, 1
27750,112, 0
27751,127, 0
27752,134, 0
27753,140, 0
27754,144, 0
27755,136, 0
27756,134, 0
27757,128, 0
27758,125, 0
27759,115, 0
27760,108, 0
27761,102, 0
27762,104, 0
27763,96, 0
27764,121, 0
27765,93, 0
27766,94, 0
27767,92, 0
27768,93, 0
27769,92, 0
27770,90, 0
27771,118, 0
27772,95, 0
27773,116, 0
27774,89, 0
27775,89, 0
27776,89, 0
27777,86, 0
27778,74, 0
27779,57, 0
27780,54, 0
27781,58, 0
27782,58, 0
27783,83, 0
27784,100, 0
27785,104, 0
27786,108, 0
27787,109, 0
27788,102, 0
27789,108, 0
27790,127, 0
27791,108, 0
27792,104, 0
27793,107, 0
27794,104, 0
27795,106, 0
27796,102, 0
27797,105, 0
27798,105, 0
27799,95, 0
27800,95, 0
27801,92, 0
27802,95, 0
27803,92, 0
27804,96, 0
27805,90, 0
27806,92, 0
27807,87, 0
27808,74, 0
27809,50, 0
27810,39, 1
27811,32, 0
27812,38, 0
27813,54, 0
27814,70, 0
27815,84, 0
27816,81, 0
27817,86, 0
27818,87, 2
27819,80, 0
27820,80, 0
27821,80, 0
27822,86, 0
27823,76, 0
27824,89, 0
27825,89, 0
27826,87, 0
27827,83, 0
27828,76, 0
27829,83, 0
27830,104, 0
27831,92, 0
27832,86, 0
27833,91, 0
27834,89, 0
27835,102, 0
27836,113, 0
27837,102, 0
27838,86, 0
27839,76, 0
27840,63, 8
27841,64, 8
27842,70, 12
27843,76, 86
27844,101, 171
27845,121, 156
27846,128, 63
27847,118, 31
27848,115, 0
27849,95, 0
27850,87, 0
27851,87, 0
27852,87, 0
27853,89, 0
27854,92, 0
27855,83, 0
27856,83, 0
27857,64, 0
27858,64, 0
27859,59, 0
27860,63, 0
27861,68, 0
27862,70, 0
27863,69, 0
27864,77, 0
27865,76, 0
27866,72, 0
27867,73, 0
27868,74, 0
27869,63, 0
27870,45, 0
27871,44, 0
27872,59, 0
27873,50, 0
27874,68, 0
27875,81, 0
27876,85, 0
27877,89, 0
27878,90, 0
27879,85, 0
27880,80, 0
27881,89, 0
27882,92, 0
27883,102, 0
27884,103, 0
27885,104, 0
27886,101, 0
27887,105, 0
27888,119, 0
27889,115, 0
27890,111, 0
27891,103, 0
27892,93, 0
27893,80, 0
27894,77, 0
27895,76, 0
27896,77, 0
27897,84, 0
27898,88, 0
27899,85, 0
27900,74, 0
27901,64, 0
27902,68, 0
27903,76, 0
27904,88, 0
27905,112, 0
27906,123, 0
27907,124, 0
27908,121, 0
27909,118, 0
27910,121, 0
27911,115, 0
27912,110, 0
27913,130, 0
27914,120, 0
27915,112, 0
27916,113, 0
27917,108, 0
27918,105, 0
27919,113, 0
27920,106, 0
27921,108, 0
27922,106, 0
27923,101, 0
27924,103, 0
27925,106, 0
27926,107, 0
27927,103, 0
27928,105, 0
27929,102, 0
27930,99, 0
27931,76, 14
27932,72, 39
27933,60, 104
27934,73, 14
27935,80, 0
27936,93, 0
27937,95, 81
27938,100, 76
27939,96, 48
27940,95, 42
27941,92, 4
27942,81, 0
27943,95, 0
27944,79, 0
27945,69, 0
27946,57, 0
27947,57, 0
27948,48, 0
27949,47, 0
27950,57, 0
27951,54, 0
27952,37, 0
27953,50, 0
27954,51, 0
27955,58, 0
27956,88, 0
27957,68, 0
27958,63, 0
27959,50, 0
27960,38, 0
27961,19, 0
27962,13, 0
27963,19, 0
27964,13, 0
27965,21, 0
27966,54, 0
27967,77, 0
27968,92, 0
27969,111, 0
27970,97, 0
27971,108, 0
27972,102, 0
27973,121, 0
27974,109, 0
27975,113, 0
27976,105, 0
27977,103, 0
27978,104, 0
27979,126, 0
27980,105, 0
27981,108, 0
27982,117, 0
27983,112, 0
27984,121, 0
27985,139, 0
27986,111, 0
27987,111, 0
27988,104, 0
27989,101, 0
27990,95, 0
27991,76, 0
27992,38, 0
27993,15, 0
27994,9, 0
27995,6, 0
27996,34, 0
27997,42, 0
27998,67, 0
27999,72, 0
28000,89, 0
28001,92, 0
28002,104, 0
28003,112, 0
28004,130, 0
28005,130, 0
28006,137, 0
28007,140, 0
28008,145, 0
28009,145, 0
28010,139, 0
28011,136, 0
28012,133, 0
28013,123, 0
28014,108, 0
28015,109, 0
28016,95, 0
28017,83, 0
28018,74, 0
28019,72, 0
28020,71, 0
28021,63, 0
28022,73, 0
28023,65, 0
28024,87, 0
28025,74, 0
28026,83, 0
28027,104, 0
28028,120, 0
28029,123, 0
28030,133, 0
28031,138, 0
28032,128, 0
28033,144, 0
28034,115, 0
28035,113, 0
28036,115, 0
28037,118, 0
28038,119, 0
28039,124, 0
28040,129, 0
28041,128, 0
28042,125, 0
28043,130, 0
28044,127, 0
28045,129, 0
28046,122, 0
28047,117, 0
28048,105, 0
28049,109, 0
28050,93, 0
28051,84, 0
28052,57, 0
28053,35, 0
28054,25, 0
28055,21, 0
28056,31, 0
28057,43, 0
28058,63, 0
28059,76, 0
28060,85, 0
28061,91, 0
28062,93, 0
28063,101, 0
28064,106, 0
28065,100, 0
28066,107, 0
28067,106, 0
28068,97, 0
28069,100, 0
28070,107, 0
28071,103, 0
28072,101, 0
28073,104, 0
28074,101, 0
28075,91, 0
28076,100, 0
28077,96, 0
28078,95, 0
28079,95, 0
28080,95, 0
28081,93, 0
28082,83, 0
28083,89, 0
28084,71, 0
28085,57, 0
28086,63, 0
28087,78, 0
28088,99, 0
28089,107, 0
28090,119, 0
28091,120, 0
28092,102, 0
28093,108, 0
28094,102, 0
28095,100, 0
28096,91, 0
28097,84, 0
28098,76, 0
28099,74, 0
28100,74, 0
28101,71, 0
28102,70, 0
28103,68, 0
28104,67, 0
28105,89, 0
28106,74, 0
28107,90, 0
28108,71, 0
28109,72, 0
28110,71, 0
28111,81, 0
28112,75, 0
28113,51, 0
28114,36, 0
28115,21, 0
28116,14, 0
28117,19, 0
28118,38, 0
28119,52, 0
28120,48, 0
28121,62, 0
28122,35, 0
28123,23, 0
28124,18, 0
28125,12, 0
28126,22, 0
28127,30, 0
28128,34, 0
28129,41, 0
28130,45, 0
28131,57, 0
28132,57, 0
28133,60, 0
28134,67, 0
28135,73, 0
28136,80, 0
28137,83, 1
28138,87, 0
28139,85, 0
28140,78, 0
28141,91, 0
28142,83, 0
28143,65, 0
28144,45, 0
28145,32, 0
28146,38, 0
28147,41, 0
28148,55, 0
28149,95, 0
28150,122, 0
28151,135, 0
28152,142, 0
28153,151, 0
28154,152, 0
28155,154, 0
28156,161, 0
28157,163, 0
28158,164, 0
28159,170, 0
28160,164, 0
28161,159, 0
28162,159, 0
28163,152, 0
28164,152, 0
28165,150, 0
28166,153, 0
28167,145, 0
28168,136, 0
28169,122, 0
28170,108, 0
28171,108, 0
28172,113, 0
28173,97, 0
28174,76, 0
28175,45, 0
28176,15, 0
28177,4, 0
28178,1, 0
28179,4, 0
28180,10, 0
28181,6, 0
28182,21, 0
28183,0, 0
28184,0, 0
28185,12, 0
28186,0, 0
28187,0, 0
28188,0, 0
28189,0, 0
28190,0, 0
28191,0, 0
28192,4, 0
28193,12, 0
28194,29, 0
28195,54, 0
28196,78, 0
28197,89, 0
28198,104, 0
28199,128, 0
28200,140, 0
28201,158, 0
28202,169, 0
28203,182, 0
28204,181, 0
28205,156, 0
28206,151, 0
28207,149, 0
28208,147, 0
28209,161, 0
28210,181, 0
28211,190, 0
28212,187, 0
28213,182, 0
28214,173, 0
28215,160, 0
28216,150, 0
28217,151, 0
28218,138, 0
28219,139, 0
28220,129, 0
28221,127, 0
28222,122, 0
28223,110, 0
28224,112, 0
28225,96, 0
28226,90, 0
28227,87, 0
28228,88, 0
28229,77, 0
28230,77, 0
28231,74, 0
28232,77, 0
28233,73, 6
28234,64, 0
28235,35, 20
28236,7, 277
28237,1, 261
28238,0, 140
28239,0, 214
28240,6, 103
28241,19, 120
28242,21, 200
28243,18, 259
28244,3, 148
28245,0, 2
28246,0, 0
28247,0, 0
28248,0, 0
28249,0, 0
28250,0, 0
28251,0, 0
28252,0, 0
28253,0, 0
28254,0, 0
28255,2, 0
28256,6, 0
28257,25, 0
28258,32, 0
28259,56, 0
28260,72, 0
28261,83, 0
28262,105, 0
28263,115, 0
28264,133, 0
28265,138, 0
28266,130, 0
28267,107, 0
28268,104, 0
28269,112, 0
28270,121, 0
28271,155, 0
28272,165, 0
28273,167, 0
28274,166, 0
28275,166, 0
28276,172, 0
28277,171, 0
28278,174, 0
28279,166, 0
28280,170, 0
28281,158, 0
28282,142, 0
28283,121, 0
28284,124, 0
28285,125, 0
28286,130, 0
28287,136, 0
28288,145, 0
28289,154, 0
28290,157, 0
28291,147, 0
28292,144, 0
28293,136, 0
28294,126, 0
28295,111, 0
28296,87, 0
28297,51, 6
28298,36, 0
28299,36, 0
28300,50, 0
28301,61, 0
28302,78, 0
28303,86, 0
28304,89, 0
28305,89, 0
28306,85, 0
28307,80, 0
28308,79, 0
28309,89, 0
28310,86, 0
28311,87, 0
28312,89, 0
28313,86, 0
28314,88, 0
28315,84, 0
28316,83, 0
28317,89, 0
28318,94, 0
28319,83, 0
28320,89, 0
28321,95, 0
28322,99, 0
28323,111, 0
28324,135, 0
28325,135, 0
28326,133, 0
28327,118, 0
28328,107, 0
28329,102, 0
28330,105, 0
28331,120, 0
28332,145, 0
28333,158, 0
28334,159, 0
28335,158, 0
28336,150, 0
28337,145, 0
28338,138, 0
28339,137, 0
28340,136, 0
28341,140, 0
28342,143, 0
28343,149, 0
28344,145, 0
28345,150, 0
28346,139, 0
28347,123, 0
28348,112, 0
28349,102, 0
28350,100, 0
28351,106, 0
28352,103, 0
28353,102, 3
28354,95, 0
28355,83, 0
28356,57, 0
28357,9, 0
28358,0, 0
28359,0, 0
28360,3, 0
28361,8, 0
28362,1, 0
28363,0, 0
28364,0, 0
28365,0, 0
28366,0, 0
28367,0, 0
28368,0, 0
28369,0, 0
28370,5, 0
28371,14, 0
28372,37, 0
28373,53, 0
28374,70, 0
28375,80, 0
28376,84, 0
28377,88, 0
28378,83, 0
28379,86, 0
28380,92, 0
28381,92, 0
28382,90, 0
28383,86, 0
28384,85, 0
28385,96, 0
28386,93, 0
28387,87, 0
28388,57, 0
28389,55, 0
28390,58, 0
28391,83, 0
28392,102, 0
28393,143, 0
28394,179, 0
28395,189, 0
28396,190, 0
28397,201, 0
28398,195, 0
28399,183, 0
28400,180, 0
28401,169, 0
28402,150, 0
28403,129, 0
28404,115, 0
28405,92, 0
28406,83, 0
28407,76, 0
28408,83, 0
28409,76, 0
28410,70, 0
28411,59, 0
28412,47, 0
28413,27, 0
28414,19, 0
28415,11, 0
28416,7, 0
28417,0, 0
28418,0, 0
28419,0, 47
28420,6, 0
28421,28, 0
28422,61, 0
28423,75, 0
28424,83, 0
28425,92, 0
28426,95, 0
28427,76, 0
28428,41, 0
28429,19, 0
28430,0, 0
28431,0, 0
28432,0, 0
28433,0, 0
28434,0, 0
28435,6, 0
28436,28, 0
28437,41, 0
28438,57, 0
28439,44, 0
28440,26, 0
28441,17, 0
28442,2, 0
28443,0, 0
28444,0, 0
28445,6, 0
28446,31, 0
28447,51, 0
28448,71, 0
28449,64, 0
28450,69, 0
28451,86, 0
28452,96, 0
28453,134, 0
28454,183, 0
28455,237, 0
28456,270, 0
28457,291, 0
28458,297, 0
28459,284, 0
28460,248, 0
28461,207, 0
28462,185, 0
28463,181, 0
28464,163, 0
28465,152, 0
28466,145, 0
28467,145, 0
28468,150, 0
28469,158, 0
28470,165, 0
28471,183, 0
28472,184, 0
28473,205, 0
28474,215, 0
28475,239, 0
28476,246, 0
28477,263, 0
28478,270, 0
28479,248, 0
28480,229, 105
28481,215, 3
28482,212, 0
28483,212, 0
28484,229, 0
28485,241, 0
28486,241, 0
28487,223, 0
28488,206, 0
28489,174, 0
28490,161, 0
28491,136, 0
28492,126, 0
28493,105, 0
28494,95, 0
28495,100, 0
28496,91, 0
28497,92, 0
28498,87, 0
28499,91, 0
28500,89, 0
28501,83, 0
28502,86, 0
28503,93, 0
28504,95, 0
28505,101, 0
28506,113, 0
28507,124, 0
28508,135, 0
28509,128, 0
28510,105, 0
28511,91, 0
28512,77, 0
28513,88, 0
28514,79, 0
28515,108, 0
28516,121, 0
28517,128, 0
28518,115, 0
28519,128, 0
28520,97, 4
28521,92, 0
28522,89, 0
28523,117, 0
28524,93, 0
28525,86, 0
28526,74, 0
28527,73, 0
28528,68, 0
28529,67, 2
28530,60, 0
28531,47, 0
28532,34, 8
28533,28, 0
28534,26, 0
28535,26, 0
28536,46, 0
28537,77, 0
28538,97, 0
28539,105, 0
28540,102, 0
28541,76, 0
28542,43, 0
28543,11, 0
28544,4, 0
28545,0, 0
28546,0, 0
28547,0, 0
28548,7, 0
28549,11, 0
28550,3, 0
28551,6, 0
28552,7, 0
28553,11, 0
28554,12, 0
28555,19, 0
28556,19, 0
28557,14, 0
28558,22, 0
28559,29, 0
28560,42, 0
28561,52, 0
28562,54, 0
28563,65, 0
28564,69, 0
28565,70, 0
28566,76, 0
28567,95, 0
28568,108, 0
28569,107, 0
28570,95, 0
28571,71, 0
28572,40, 0
28573,42, 0
28574,57, 0
28575,62, 0
28576,104, 0
28577,127, 0
28578,135, 0
28579,128, 0
28580,128, 0
28581,129, 0
28582,126, 0
28583,130, 0
28584,123, 0
28585,127, 0
28586,121, 0
28587,121, 0
28588,111, 0
28589,121, 0
28590,124, 0
28591,129, 0
28592,106, 0
28593,102, 0
28594,104, 0
28595,97, 0
28596,93, 0
28597,93, 0
28598,86, 0
28599,77, 0
28600,67, 0
28601,43, 0
28602,23, 2
28603,21, 0
28604,29, 0
28605,41, 0
28606,70, 0
28607,94, 0
28608,103, 0
28609,105, 0
28610,112, 0
28611,110, 0
28612,112, 0
28613,115, 0
28614,127, 0
28615,129, 0
28616,135, 0
28617,140, 0
28618,139, 0
28619,152, 0
28620,149, 0
28621,140, 0
28622,145, 0
28623,143, 0
28624,142, 0
28625,149, 0
28626,142, 0
28627,159, 0
28628,160, 0
28629,172, 0
28630,172, 0
28631,154, 0
28632,126, 0
28633,116, 0
28634,115, 0
28635,115, 0
28636,129, 0
28637,157, 0
28638,161, 0
28639,152, 0
28640,131, 0
28641,103, 0
28642,91, 0
28643,77, 2
28644,56, 0
28645,19, 0
28646,1, 0
28647,0, 0
28648,0, 0
28649,0, 0
28650,0, 0
28651,0, 0
28652,14, 0
28653,0, 0
28654,0, 0
28655,6, 0
28656,18, 0
28657,19, 0
28658,4, 0
28659,0, 0
28660,0, 0
28661,0, 0
28662,0, 0
28663,0, 0
28664,8, 0
28665,26, 0
28666,57, 0
28667,99, 0
28668,130, 0
28669,140, 0
28670,145, 0
28671,144, 0
28672,133, 2
28673,125, 0
28674,125, 0
28675,111, 0
28676,89, 0
28677,79, 0
28678,42, 0
28679,26, 0
28680,5, 0
28681,0, 0
28682,4, 0
28683,0, 0
28684,0, 0
28685,0, 0
28686,0, 0
28687,0, 0
28688,0, 0
28689,0, 0
28690,0, 0
28691,4, 0
28692,0, 0
28693,0, 0
28694,9, 0
28695,34, 0
28696,77, 0
28697,116, 0
28698,175, 0
28699,208, 0
28700,220, 0
28701,217, 0
28702,220, 0
28703,218, 0
28704,206, 0
28705,200, 0
28706,186, 0
28707,159, 0
28708,158, 0
28709,108, 0
28710,80, 0
28711,50, 0
28712,34, 0
28713,17, 0
28714,30, 0
28715,28, 0
28716,34, 0
28717,39, 0
28718,57, 0
28719,75, 0
28720,103, 0
28721,126, 0
28722,129, 0
28723,124, 8
28724,119, 48
28725,120, 6
28726,121, 0
28727,139, 0
28728,169, 0
28729,195, 0
28730,199, 0
28731,163, 0
28732,139, 0
28733,100, 0
28734,100, 0
28735,84, 0
28736,81, 0
28737,88, 0
28738,94, 0
28739,94, 0
28740,110, 0
28741,92, 0
28742,89, 0
28743,85, 0
28744,62, 0
28745,39, 0
28746,22, 0
28747,25, 0
28748,37, 0
28749,47, 0
28750,67, 0
28751,61, 0
28752,51, 0
28753,38, 0
28754,0, 0
28755,0, 0
28756,6, 0
28757,22, 0
28758,58, 0
28759,100, 0
28760,123, 0
28761,135, 0
28762,127, 0
28763,127, 0
28764,130, 0
28765,118, 0
28766,127, 0
28767,123, 0
28768,127, 0
28769,122, 0
28770,111, 0
28771,113, 0
28772,109, 0
28773,94, 0
28774,113, 0
28775,89, 0
28776,78, 0
28777,84, 0
28778,87, 0
28779,94, 0
28780,108, 0
28781,108, 0
28782,112, 0
28783,102, 0
28784,74, 0
28785,53, 74
28786,50, 3
28787,60, 28
28788,68, 0
28789,100, 0
28790,127, 0
28791,153, 0
28792,147, 0
28793,152, 0
28794,170, 0
28795,175, 0
28796,152, 0
28797,137, 0
28798,115, 0
28799,95, 0
28800,93, 0
28801,119, 0
28802,105, 0
28803,111, 0
28804,117, 0
28805,117, 0
28806,118, 0
28807,120, 0
28808,124, 0
28809,133, 0
28810,138, 0
28811,130, 0
28812,133, 0
28813,130, 0
28814,110, 0
28815,63, 0
28816,34, 0
28817,12, 0
28818,0, 0
28819,9, 0
28820,30, 0
28821,38, 0
28822,42, 0
28823,25, 0
28824,28, 0
28825,0, 0
28826,0, 0
28827,0, 0
28828,0, 0
28829,6, 0
28830,21, 0
28831,41, 0
28832,50, 0
28833,59, 0
28834,51, 5
28835,45, 0
28836,51, 0
28837,31, 0
28838,25, 0
28839,19, 0
28840,23, 0
28841,44, 0
28842,64, 0
28843,95, 0
28844,135, 0
28845,147, 1
28846,155, 0
28847,166, 0
28848,185, 6
28849,203, 4
28850,247, 0
28851,276, 0
28852,281, 0
28853,273, 0
28854,270, 0
28855,226, 0
28856,196, 0
28857,166, 0
28858,127, 0
28859,108, 0
28860,90, 0
28861,87, 0
28862,76, 0
28863,53, 2
28864,45, 0
28865,29, 0
28866,25, 0
28867,31, 0
28868,41, 0
28869,57, 0
28870,83, 0
28871,112, 0
28872,137, 0
28873,153, 0
28874,158, 0
28875,145, 0
28876,121, 0
28877,96, 0
28878,94, 0
28879,91, 0
28880,111, 0
28881,128, 0
28882,132, 0
28883,113, 0
28884,80, 0
28885,61, 0
28886,62, 0
28887,58, 0
28888,75, 0
28889,84, 0
28890,102, 0
28891,141, 0
28892,143, 0
28893,151, 0
28894,149, 0
28895,140, 0
28896,123, 0
28897,108, 0
28898,74, 2
28899,52, 0
28900,47, 0
28901,2, 0
28902,1, 0
28903,0, 0
28904,0, 0
28905,0, 0
28906,0, 0
28907,0, 0
28908,0, 0
28909,2, 0
28910,27, 0
28911,72, 0
28912,95, 0
28913,112, 0
28914,108, 0
28915,108, 0
28916,102, 0
28917,103, 0
28918,121, 0
28919,104, 0
28920,100, 0
28921,111, 0
28922,95, 0
28923,107, 0
28924,130, 0
28925,144, 0
28926,148, 0
28927,159, 0
28928,182, 0
28929,189, 0
28930,188, 0
28931,188, 0
28932,207, 0
28933,219, 0
28934,219, 0
28935,207, 0
28936,189, 0
28937,152, 0
28938,120, 0
28939,101, 0
28940,83, 0
28941,99, 0
28942,108, 0
28943,107, 0
28944,90, 0
28945,75, 0
28946,59, 0
28947,26, 0
28948,0, 0
28949,0, 0
28950,0, 0
28951,0, 0
28952,0, 0
28953,0, 0
28954,12, 0
28955,76, 0
28956,106, 0
28957,128, 0
28958,126, 0
28959,92, 0
28960,57, 0
28961,46, 0
28962,1, 0
28963,0, 0
28964,0, 0
28965,0, 0
28966,36, 0
28967,65, 13
28968,111, 15
28969,175, 28
28970,239, 64
28971,281, 70
28972,323, 0
28973,352, 0
28974,362, 0
28975,349, 0
28976,337, 0
28977,313, 0
28978,291, 0
28979,256, 0
28980,217, 0
28981,171, 0
28982,143, 0
28983,126, 0
28984,121, 0
28985,85, 0
28986,72, 0
28987,68, 0
28988,36, 0
28989,0, 0
28990,0, 0
28991,25, 0
28992,70, 0
28993,62, 0
28994,30, 0
28995,0, 0
28996,9, 0
28997,79, 0
28998,166, 0
28999,215, 0
29000,254, 7
29001,274, 17
29002,273, 0
29003,278, 0
29004,275, 0
29005,260, 0
29006,251, 0
29007,230, 0
29008,203, 0
29009,152, 0
29010,74, 0
29011,21, 0
29012,0, 0
29013,0, 0
29014,2, 0
29015,14, 0
29016,24, 0
29017,37, 0
29018,45, 0
29019,50, 0
29020,34, 0
29021,17, 0
29022,0, 0
29023,0, 0
29024,0, 0
29025,0, 0
29026,1, 0
29027,7, 0
29028,10, 0
29029,3, 59
29030,0, 5
29031,0, 0
29032,20, 0
29033,92, 0
29034,149, 0
29035,171, 0
29036,183, 0
29037,184, 0
29038,167, 0
29039,156, 0
29040,145, 0
29041,139, 0
29042,143, 0
29043,164, 0
29044,197, 0
29045,220, 0
29046,219, 0
29047,208, 0
29048,201, 0
29049,183, 0
29050,165, 0
29051,154, 0
29052,141, 0
29053,111, 0
29054,89, 0
29055,70, 0
29056,68, 0
29057,69, 0
29058,57, 0
29059,39, 0
29060,43, 0
29061,72, 0
29062,101, 0
29063,159, 0
29064,216, 0
29065,232, 0
29066,214, 0
29067,188, 0
29068,164, 0
29069,150, 0
29070,170, 0
29071,158, 0
29072,197, 0
29073,238, 0
29074,263, 0
29075,248, 0
29076,214, 0
29077,163, 0
29078,97, 0
29079,38, 0
29080,4, 0
29081,0, 0
29082,0, 0
29083,0, 0
29084,0, 0
29085,4, 0
29086,14, 0
29087,19, 0
29088,1, 0
29089,0, 0
29090,0, 0
29091,0, 3
29092,0, 0
29093,0, 0
29094,0, 0
29095,0, 0
29096,20, 0
29097,51, 0
29098,85, 0
29099,116, 0
29100,142, 0
29101,173, 0
29102,192, 0
29103,213, 0
29104,222, 0
29105,211, 0
29106,187, 0
29107,159, 0
29108,136, 0
29109,109, 0
29110,106, 0
29111,100, 0
29112,95, 0
29113,95, 0
29114,95, 0
29115,113, 0
29116,108, 0
29117,93, 0
29118,77, 0
29119,30, 0
29120,0, 0
29121,0, 0
29122,0, 0
29123,0, 0
29124,0, 0
29125,21, 0
29126,44, 0
29127,57, 0
29128,62, 0
29129,75, 0
29130,95, 0
29131,116, 0
29132,123, 0
29133,147, 0
29134,155, 0
29135,167, 0
29136,179, 0
29137,191, 0
29138,195, 0
29139,186, 0
29140,154, 0
29141,134, 0
29142,121, 0
29143,131, 0
29144,113, 0
29145,108, 0
29146,85, 0
29147,63, 0
29148,54, 0
29149,53, 0
29150,41, 21
29151,42, 55
29152,62, 57
29153,78, 31
29154,95, 0
29155,126, 0
29156,143, 0
29157,139, 0
29158,119, 0
29159,99, 0
29160,73, 0
29161,55, 0
29162,44, 0
29163,51, 0
29164,50, 0
29165,55, 0
29166,45, 0
29167,38, 0
29168,38, 0
29169,43, 0
29170,41, 0
29171,48, 0
29172,71, 0
29173,102, 0
29174,152, 0
29175,201, 0
29176,239, 0
29177,278, 0
29178,271, 0
29179,280, 0
29180,232, 0
29181,172, 25
29182,125, 0
29183,96, 0
29184,73, 0
29185,44, 0
29186,24, 0
29187,7, 0
29188,1, 0
29189,0, 0
29190,0, 0
29191,0, 0
29192,0, 0
29193,0, 0
29194,0, 0
29195,0, 0
29196,0, 0
29197,22, 0
29198,79, 0
29199,117, 0
29200,133, 0
29201,112, 0
29202,83, 0
29203,68, 0
29204,54, 0
29205,53, 0
29206,64, 0
29207,80, 0
29208,95, 0
29209,127, 0
29210,120, 0
29211,104, 12
29212,96, 0
29213,102, 0
29214,95, 0
29215,110, 0
29216,141, 0
29217,177, 0
29218,199, 0
29219,197, 0
29220,158, 0
29221,63, 0
29222,0, 0
29223,0, 0
29224,4, 0
29225,0, 0
29226,0, 0
29227,0, 0
29228,0, 0
29229,0, 0
29230,31, 0
29231,108, 0
29232,166, 0
29233,189, 0
29234,179, 0
29235,152, 0
29236,151, 0
29237,145, 0
29238,161, 0
29239,205, 0
29240,190, 0
29241,160, 0
29242,121, 0
29243,99, 0
29244,100, 0
29245,118, 0
29246,157, 0
29247,183, 0
29248,163, 0
29249,119, 0
29250,67, 0
29251,44, 0
29252,44, 0
29253,84, 0
29254,108, 0
29255,117, 1
29256,95, 0
29257,64, 0
29258,42, 0
29259,32, 0
29260,36, 0
29261,50, 0
29262,30, 0
29263,12, 0
29264,0, 0
29265,0, 0
29266,0, 0
29267,0, 0
29268,0, 0
29269,0, 0
29270,0, 0
29271,0, 0
29272,0, 0
29273,0, 53
29274,25, 0
29275,84, 7
29276,109, 0
29277,115, 0
29278,70, 0
29279,18, 0
29280,9, 0
29281,2, 0
29282,0, 0
29283,0, 0
29284,42, 0
29285,161, 0
29286,226, 0
29287,222, 0
29288,158, 0
29289,45, 0
29290,3, 0
29291,115, 0
29292,316, 0
29293,490, 0
29294,640, 0
29295,706, 0
29296,663, 0
29297,529, 0
29298,364, 0
29299,183, 0
29300,53, 0
29301,0, 0
29302,8, 0
29303,64, 0
29304,55, 0
29305,10, 0
29306,2, 0
29307,20, 0
29308,115, 0
29309,237, 0
29310,360, 0
29311,476, 0
29312,576, 0
29313,671, 0
29314,739, 0
29315,754, 0
29316,725, 0
29317,628, 0
29318,519, 0
29319,438, 0
29320,388, 0
29321,361, 0
29322,365, 0
29323,357, 0
29324,272, 0
29325,117, 0
29326,3, 0
29327,54, 0
29328,141, 0
29329,158, 0
29330,133, 0
29331,95, 0
29332,89, 0
29333,113, 0
29334,145, 0
29335,174, 0
29336,159, 0
29337,83, 0
29338,1, 0
29339,45, 0
29340,127, 0
29341,131, 0
29342,125, 0
29343,86, 0
29344,71, 0
29345,42, 0
29346,39, 0
29347,51, 0
29348,35, 0
29349,0, 0
29350,0, 0
29351,0, 0
29352,0, 0
29353,56, 0
29354,160, 0
29355,243, 0
29356,277, 0
29357,306, 0
29358,354, 0
29359,391, 0
29360,418, 0
29361,395, 0
29362,325, 0
29363,224, 0
29364,115, 0
29365,9, 124
29366,56, 59
29367,174, 0
29368,198, 0
29369,159, 0
29370,51, 0
29371,6, 0
29372,171, 0
29373,340, 0
29374,402, 0
29375,385, 0
29376,300, 14
29377,183, 9
29378,59, 0
29379,0, 0
29380,14, 0
29381,59, 0
29382,89, 0
29383,102, 0
29384,68, 0
29385,11, 0
29386,0, 0
29387,29, 0
29388,51, 0
29389,87, 0
29390,160, 0
29391,291, 0
29392,402, 0
29393,438, 0
29394,390, 0
29395,312, 0
29396,247, 8
29397,168, 0
29398,106, 0
29399,71, 0
29400,47, 0
29401,8, 0
29402,6, 0
29403,25, 0
29404,116, 0
29405,205, 0
29406,287, 0
29407,352, 0
29408,411, 0
29409,446, 0
29410,428, 0
29411,291, 0
29412,64, 0
29413,93, 0
29414,380, 0
29415,613, 0
29416,816, 0
29417,982, 0
29418,1108, 0
29419,1173, 0
29420,1151, 0
29421,1038, 0
29422,847, 0
29423,683, 0
29424,500, 0
29425,231, 0
29426,63, 0
29427,367, 0
29428,559, 0
29429,562, 0
29430,404, 0
29431,345, 0
29432,339, 0
29433,368, 0
29434,418, 0
29435,462, 0
29436,473, 0
29437,440, 0
29438,287, 0
29439,136, 0
29440,4, 0
29441,53, 0
29442,189, 0
29443,260, 0
29444,253, 0
29445,235, 0
29446,226, 0
29447,189, 0
29448,147, 0
29449,144, 0
29450,254, 0
29451,414, 0
29452,475, 0
29453,367, 0
29454,125, 0
29455,7, 65
29456,42, 81
29457,6, 93
29458,25, 87
29459,188, 0
29460,347, 0
29461,360, 0
29462,241, 0
29463,119, 0
29464,93, 0
29465,158, 0
29466,242, 0
29467,266, 0
29468,238, 0
29469,173, 0
29470,101, 0
29471,14, 0
29472,0, 0
29473,0, 0
29474,0, 0
29475,0, 0
29476,9, 0
29477,51, 0
29478,76, 0
29479,69, 0
29480,11, 0
29481,5, 0
29482,108, 0
29483,212, 0
29484,295, 0
29485,298, 0
29486,220, 0
29487,127, 0
29488,25, 0
29489,23, 0
29490,102, 0
29491,183, 0
29492,207, 0
29493,175, 0
29494,118, 0
29495,62, 0
29496,51, 0
29497,100, 0
29498,193, 0
29499,315, 0
29500,428, 0
29501,503, 0
29502,529, 0
29503,547, 0
29504,548, 0
29505,541, 0
29506,467, 0
29507,346, 0
29508,176, 0
29509,42, 0
29510,0, 0
29511,0, 0
29512,0, 0
29513,0, 0
29514,19, 0
29515,84, 0
29516,81, 22
29517,26, 51
29518,0, 28
29519,21, 17
29520,31, 0
29521,2, 0
29522,2, 0
29523,63, 0
29524,166, 0
29525,268, 0
29526,279, 0
29527,236, 0
29528,153, 0
29529,27, 0
29530,9, 0
29531,142, 0
29532,276, 0
29533,314, 0
29534,312, 0
29535,401, 0
29536,624, 0
29537,888, 0
29538,1092, 0
29539,1232, 0
29540,1281, 0
29541,1160, 0
29542,802, 0
29543,355, 0
29544,32, 0
29545,95, 0
29546,220, 0
29547,238, 0
29548,186, 0
29549,174, 0
29550,232, 0
29551,319, 0
29552,380, 0
29553,389, 0
29554,255, 0
29555,99, 0
29556,12, 0
29557,0, 0
29558,9, 0
29559,176, 0
29560,356, 0
29561,421, 0
29562,360, 0
29563,185, 0
29564,12, 0
29565,202, 0
29566,476, 0
29567,652, 0
29568,677, 0
29569,636, 0
29570,593, 0
29571,529, 0
29572,430, 0
29573,349, 0
29574,296, 0
29575,245, 0
29576,104, 0
29577,3, 0
29578,55, 0
29579,241, 0
29580,441, 0
29581,667, 0
29582,854, 0
29583,969, 0
29584,990, 0
29585,966, 0
29586,787, 0
29587,578, 0
29588,344, 0
29589,139, 0
29590,15, 0
29591,0, 0
29592,27, 0
29593,103, 0
29594,182, 0
29595,217, 0
29596,203, 0
29597,156, 0
29598,126, 0
29599,113, 0
29600,89, 0
29601,48, 0
29602,21, 0
29603,6, 0
29604,0, 0
29605,0, 0
29606,0, 0
29607,0, 0
29608,0, 0
29609,0, 0
29610,0, 0
29611,0, 0
29612,69, 0
29613,201, 0
29614,306, 0
29615,362, 0
29616,370, 0
29617,328, 0
29618,226, 0
29619,127, 0
29620,40, 0
29621,19, 0
29622,43, 0
29623,69, 0
29624,54, 0
29625,24, 0
29626,0, 0
29627,0, 0
29628,0, 0
29629,1, 0
29630,40, 0
29631,103, 0
29632,134, 0
29633,171, 0
29634,214, 0
29635,229, 0
29636,211, 0
29637,155, 0
29638,51, 29
29639,0, 79
29640,3, 0
29641,7, 0
29642,0, 0
29643,0, 0
29644,1, 0
29645,8, 0
29646,19, 0
29647,19, 0
29648,13, 0
29649,19, 0
29650,32, 0
29651,63, 0
29652,92, 0
29653,118, 0
29654,135, 0
29655,171, 0
29656,158, 0
29657,169, 0
29658,163, 0
29659,158, 0
29660,112, 0
29661,67, 0
29662,61, 0
29663,96, 0
29664,113, 0
29665,127, 0
29666,113, 0
29667,113, 0
29668,68, 0
29669,14, 0
29670,0, 0
29671,0, 0
29672,1, 0
29673,57, 0
29674,122, 0
29675,128, 0
29676,117, 0
29677,78, 0
29678,63, 0
29679,44, 0
29680,40, 0
29681,36, 0
29682,20, 0
29683,21, 0
29684,37, 0
29685,65, 0
29686,86, 0
29687,93, 0
29688,83, 0
29689,72, 0
29690,58, 0
29691,37, 0
29692,53, 0
29693,75, 0
29694,99, 0
29695,94, 0
29696,72, 0
29697,48, 0
29698,30, 0
29699,12, 0
29700,3, 73
29701,19, 58
29702,44, 1
29703,86, 0
29704,133, 0
29705,170, 0
29706,191, 0
29707,214, 0
29708,233, 0
29709,243, 0
29710,215, 0
29711,169, 0
29712,121, 0
29713,95, 0
29714,109, 0
29715,132, 0
29716,149, 0
29717,132, 0
29718,111, 0
29719,93, 0
29720,107, 0
29721,108, 0
29722,99, 0
29723,81, 0
29724,67, 0
29725,89, 0
29726,91, 0
29727,90, 0
29728,76, 0
29729,8, 0
29730,0, 0
29731,0, 0
29732,0, 0
29733,11, 0
29734,63, 0
29735,107, 0
29736,153, 0
29737,179, 0
29738,164, 0
29739,138, 0
29740,106, 0
29741,95, 0
29742,103, 0
29743,124, 0
29744,142, 0
29745,174, 0
29746,207, 0
29747,223, 0
29748,220, 0
29749,229, 0
29750,244, 0
29751,252, 0
29752,229, 0
29753,195, 0
29754,148, 0
29755,110, 0
29756,56, 0
29757,8, 0
29758,0, 0
29759,0, 0
29760,0, 39
29761,13, 14
29762,59, 2
29763,81, 0
29764,77, 0
29765,28, 0
29766,0, 0
29767,30, 0
29768,78, 0
29769,83, 0
29770,56, 0
29771,46, 0
29772,39, 0
29773,25, 0
29774,0, 0
29775,0, 0
29776,4, 0
29777,51, 0
29778,93, 0
29779,158, 0
29780,239, 0
29781,322, 0
29782,398, 0
29783,454, 0
29784,486, 0
29785,403, 0
29786,167, 0
29787,32, 0
29788,233, 0
29789,398, 0
29790,480, 0
29791,447, 0
29792,293, 0
29793,111, 37
29794,4, 0
29795,21, 0
29796,198, 0
29797,431, 0
29798,642, 0
29799,826, 0
29800,913, 0
29801,846, 0
29802,715, 0
29803,609, 0
29804,556, 0
29805,499, 0
29806,368, 0
29807,152, 0
29808,3, 0
29809,0, 0
29810,0, 0
29811,11, 0
29812,72, 0
29813,121, 0
29814,99, 0
29815,19, 0
29816,10, 0
29817,63, 0
29818,76, 0
29819,53, 0
29820,18, 0
29821,0, 0
29822,0, 0
29823,0, 0
29824,0, 0
29825,1, 0
29826,46, 0
29827,69, 0
29828,62, 0
29829,19, 0
29830,1, 7
29831,0, 0
29832,0, 0
29833,0, 0
29834,0, 0
29835,20, 0
29836,104, 0
29837,183, 0
29838,238, 0
29839,232, 0
29840,214, 0
29841,188, 0
29842,148, 0
29843,116, 0
29844,134, 0
29845,157, 0
29846,158, 0
29847,130, 0
29848,93, 0
29849,69, 0
29850,42, 0
29851,1, 0
29852,0, 0
29853,25, 0
29854,97, 0
29855,189, 0
29856,205, 0
29857,149, 0
29858,84, 0
29859,53, 0
29860,57, 0
29861,31, 0
29862,0, 0
29863,15, 0
29864,30, 0
29865,0, 0
29866,77, 0
29867,212, 0
29868,282, 0
29869,294, 0
29870,251, 0
29871,193, 0
29872,144, 0
29873,91, 0
29874,44, 0
29875,5, 0
29876,0, 0
29877,4, 0
29878,28, 0
29879,61, 0
29880,127, 0
29881,161, 0
29882,185, 0
29883,181, 0
29884,188, 0
29885,175, 0
29886,110, 0
29887,31, 0
29888,0, 0
29889,3, 0
29890,3, 0
29891,6, 0
29892,11, 0
29893,3, 0
29894,0, 0
29895,0, 0
29896,29, 0
29897,104, 0
29898,157, 0
29899,183, 0
29900,184, 0
29901,187, 0
29902,140, 0
29903,117, 0
29904,92, 0
29905,70, 0
29906,44, 0
29907,5, 0
29908,0, 0
29909,0, 0
29910,0, 0
29911,0, 0
29912,0, 0
29913,0, 23
29914,0, 6
29915,30, 0
29916,108, 0
29917,206, 0
29918,286, 0
29919,325, 0
29920,325, 0
29921,306, 0
29922,279, 0
29923,229, 0
29924,201, 0
29925,158, 0
29926,135, 0
29927,121, 0
29928,117, 0
29929,122, 0
29930,118, 0
29931,107, 0
29932,128, 0
29933,147, 0
29934,159, 0
29935,173, 0
29936,202, 0
29937,230, 0
29938,261, 0
29939,274, 0
29940,261, 0
29941,232, 0
29942,174, 1
29943,72, 36
29944,0, 44
29945,0, 0
29946,0, 0
29947,0, 0
29948,0, 0
29949,0, 0
29950,0, 0
29951,0, 0
29952,0, 0
29953,0, 0
29954,0, 0
29955,2, 0
29956,37, 0
29957,81, 0
29958,121, 0
29959,139, 0
29960,134, 0
29961,110, 0
29962,95, 0
29963,76, 0
29964,69, 0
29965,89, 0
29966,94, 0
29967,102, 0
29968,105, 0
29969,121, 0
29970,117, 0
29971,110, 0
29972,96, 0
29973,64, 0
29974,44, 0
29975,19, 0
29976,15, 0
29977,31, 0
29978,78, 0
29979,111, 0
29980,125, 0
29981,133, 0
29982,132, 0
29983,138, 0
29984,127, 0
29985,118, 0
29986,84, 0
29987,55, 0
29988,13, 0
29989,5, 0
29990,13, 0
29991,50, 0
29992,97, 0
29993,122, 0
29994,154, 0
29995,187, 0
29996,211, 0
29997,203, 0
29998,191, 0
29999,150, 0
30000,115, 0
30001,74, 0
30002,45, 0
30003,8, 0
30004,2, 0
30005,0, 0
30006,12, 0
30007,34, 0
30008,61, 0
30009,78, 0
30010,64, 0
30011,19, 0
30012,0, 0
30013,0, 0
30014,0, 0
30015,0, 0
30016,0, 0
30017,0, 0
30018,22, 0
30019,51, 0
30020,94, 0
30021,135, 0
30022,175, 0
30023,195, 0
30024,217, 0
30025,238, 0
30026,273, 0
30027,299, 0
30028,280, 0
30029,213, 0
30030,138, 0
30031,87, 0
30032,84, 0
30033,109, 0
30034,129, 0
30035,106, 0
30036,53, 0
30037,24, 0
30038,40, 0
30039,115, 0
30040,181, 0
30041,202, 0
30042,199, 0
30043,201, 0
30044,190, 0
30045,164, 0
30046,150, 0
30047,137, 0
30048,119, 0
30049,87, 0
30050,57, 0
30051,36, 0
30052,34, 0
30053,57, 0
30054,115, 0
30055,169, 0
30056,200, 0
30057,218, 0
30058,208, 0
30059,179, 0
30060,92, 0
30061,12, 0
30062,0, 0
30063,11, 0
30064,25, 0
30065,14, 80
30066,3, 6
30067,0, 0
30068,0, 3
30069,0, 0
30070,0, 0
30071,0, 0
30072,26, 0
30073,43, 0
30074,1, 0
30075,31, 0
30076,92, 0
30077,111, 0
30078,132, 0
30079,130, 0
30080,127, 0
30081,93, 0
30082,22, 0
30083,36, 0
30084,201, 0
30085,307, 0
30086,290, 0
30087,244, 0
30088,227, 0
30089,243, 0
30090,242, 0
30091,220, 0
30092,188, 0
30093,150, 0
30094,170, 0
30095,166, 0
30096,164, 0
30097,153, 0
30098,134, 0
30099,107, 0
30100,116, 0
30101,138, 0
30102,159, 0
30103,183, 0
30104,196, 0
30105,184, 0
30106,153, 0
30107,131, 0
30108,97, 0
30109,89, 0
30110,89, 0
30111,95, 0
30112,105, 0
30113,108, 0
30114,116, 0
30115,112, 0
30116,109, 0
30117,108, 0
30118,102, 0
30119,85, 0
30120,93, 0
30121,76, 0
30122,52, 0
30123,44, 0
30124,39, 0
30125,34, 0
30126,22, 0
30127,19, 0
30128,35, 0
30129,60, 0
30130,90, 0
30131,122, 0
30132,133, 0
30133,123, 0
30134,65, 0
30135,35, 0
30136,10, 0
30137,6, 0
30138,5, 0
30139,0, 0
30140,0, 0
30141,2, 0
30142,43, 0
30143,76, 0
30144,56, 0
30145,12, 0
30146,0, 0
30147,15, 0
30148,95, 0
30149,139, 0
30150,197, 0
30151,281, 0
30152,342, 0
30153,369, 0
30154,349, 0
30155,340, 0
30156,279, 0
30157,239, 0
30158,235, 0
30159,237, 0
30160,232, 0
30161,223, 0
30162,207, 0
30163,161, 0
30164,107, 0
30165,70, 0
30166,47, 0
30167,37, 0
30168,42, 0
30169,32, 0
30170,41, 0
30171,57, 0
30172,86, 0
30173,73, 0
30174,24, 0
30175,0, 0
30176,0, 0
30177,0, 0
30178,0, 0
30179,0, 0
30180,0, 0
30181,0, 0
30182,19, 0
30183,102, 0
30184,180, 0
30185,205, 0
30186,207, 0
30187,172, 89
30188,102, 19
30189,23, 6
30190,0, 0
30191,0, 0
30192,0, 0
30193,0, 0
30194,2, 0
30195,36, 0
30196,54, 0
30197,52, 0
30198,55, 0
30199,51, 0
30200,36, 0
30201,1, 0
30202,0, 0
30203,0, 0
30204,6, 0
30205,31, 0
30206,64, 0
30207,39, 0
30208,34, 0
30209,76, 0
30210,137, 0
30211,226, 0
30212,324, 0
30213,404, 0
30214,416, 0
30215,391, 0
30216,306, 0
30217,199, 0
30218,104, 0
30219,44, 0
30220,12, 0
30221,0, 0
30222,7, 0
30223,26, 0
30224,65, 0
30225,63, 0
30226,80, 0
30227,84, 0
30228,99, 0
30229,62, 0
30230,51, 0
30231,47, 0
30232,48, 0
30233,67, 0
30234,76, 0
30235,79, 0
30236,85, 0
30237,87, 0
30238,83, 0
30239,89, 0
30240,93, 0
30241,87, 0
30242,85, 0
30243,58, 0
30244,57, 0
30245,53, 0
30246,62, 0
30247,59, 0
30248,53, 9
30249,50, 0
30250,40, 0
30251,21, 3
30252,25, 0
30253,27, 0
30254,25, 0
30255,28, 0
30256,44, 0
30257,76, 0
30258,101, 0
30259,117, 0
30260,119, 0
30261,106, 0
30262,95, 0
30263,89, 0
30264,76, 0
30265,63, 0
30266,59, 0
30267,43, 0
30268,56, 0
30269,48, 0
30270,83, 0
30271,95, 0
30272,92, 0
30273,108, 0
30274,102, 0
30275,108, 0
30276,102, 0
30277,91, 0
30278,53, 0
30279,7, 0
30280,15, 0
30281,0, 0
30282,7, 0
30283,61, 0
30284,111, 0
30285,140, 0
30286,165, 0
30287,164, 0
30288,160, 0
30289,141, 0
30290,145, 0
30291,139, 0
30292,129, 0
30293,111, 0
30294,116, 0
30295,105, 0
30296,95, 0
30297,80, 0
30298,70, 0
30299,65, 0
30300,81, 0
30301,107, 0
30302,97, 0
30303,105, 0
30304,108, 0
30305,100, 0
30306,89, 0
30307,79, 0
30308,54, 0
30309,11, 0
30310,0, 0
30311,0, 19
30312,0, 0
30313,5, 0
30314,24, 0
30315,53, 0
30316,67, 0
30317,92, 0
30318,111, 0
30319,137, 0
30320,121, 0
30321,115, 0
30322,102, 0
30323,94, 0
30324,94, 0
30325,84, 0
30326,70, 0
30327,71, 0
30328,76, 0
30329,76, 0
30330,92, 0
30331,94, 0
30332,94, 0
30333,79, 0
30334,55, 0
30335,44, 0
30336,56, 0
30337,29, 0
30338,10, 0
30339,2, 0
30340,18, 0
30341,47, 0
30342,63, 0
30343,101, 0
30344,182, 0
30345,254, 0
30346,260, 0
30347,228, 0
30348,173, 0
30349,123, 0
30350,109, 0
30351,83, 0
30352,107, 0
30353,135, 0
30354,148, 0
30355,152, 0
30356,124, 0
30357,83, 0
30358,38, 0
30359,5, 0
30360,7, 0
30361,25, 0
30362,62, 0
30363,96, 0
30364,127, 0
30365,139, 0
30366,159, 0
30367,150, 0
30368,132, 0
30369,91, 0
30370,27, 0
30371,6, 20
30372,0, 20
30373,0, 17
30374,7, 0
30375,42, 0
30376,86, 0
30377,83, 0
30378,89, 0
30379,81, 0
30380,70, 0
30381,54, 0
30382,51, 0
30383,45, 0
30384,41, 0
30385,44, 0
30386,48, 0
30387,40, 0
30388,9, 0
30389,0, 0
30390,0, 0
30391,4, 0
30392,22, 0
30393,43, 0
30394,71, 0
30395,115, 0
30396,191, 0
30397,285, 0
30398,356, 0
30399,379, 0
30400,371, 0
30401,301, 0
30402,202, 0
30403,72, 0
30404,0, 0
30405,50, 0
30406,110, 0
30407,47, 0
30408,1, 0
30409,89, 0
30410,191, 0
30411,217, 0
30412,197, 0
30413,153, 0
30414,107, 0
30415,87, 0
30416,69, 0
30417,56, 0
30418,19, 0
30419,0, 0
30420,0, 0
30421,0, 0
30422,0, 0
30423,0, 0
30424,2, 0
30425,10, 0
30426,112, 0
30427,255, 0
30428,354, 0
30429,357, 0
30430,287, 1
30431,168, 3
30432,40, 0
30433,0, 0
30434,0, 0
30435,0, 0
30436,0, 0
30437,7, 0
30438,47, 0
30439,78, 0
30440,86, 0
30441,89, 0
30442,91, 0
30443,96, 0
30444,92, 0
30445,80, 0
30446,78, 0
30447,70, 0
30448,63, 0
30449,74, 0
30450,90, 0
30451,106, 0
30452,115, 0
30453,125, 0
30454,101, 0
30455,92, 0
30456,87, 0
30457,83, 0
30458,89, 0
30459,77, 0
30460,72, 0
30461,34, 0
30462,17, 0
30463,18, 0
30464,23, 0
30465,38, 0
30466,79, 0
30467,116, 0
30468,124, 0
30469,123, 0
30470,118, 0
30471,110, 0
30472,121, 0
30473,121, 0
30474,144, 0
30475,127, 0
30476,119, 0
30477,122, 0
30478,110, 0
30479,102, 0
30480,110, 0
30481,95, 0
30482,93, 0
30483,122, 0
30484,95, 0
30485,95, 0
30486,96, 0
30487,92, 0
30488,78, 0
30489,70, 0
30490,59, 0
30491,38, 0
30492,2, 46
30493,5, 30
30494,0, 0
30495,8, 43
30496,25, 0
30497,74, 0
30498,68, 0
30499,81, 0
30500,79, 0
30501,83, 0
30502,78, 0
30503,81, 0
30504,76, 1
30505,71, 0
30506,76, 0
30507,79, 0
30508,72, 0
30509,67, 0
30510,89, 0
30511,91, 0
30512,121, 0
30513,139, 0
30514,144, 0
30515,139, 0
30516,140, 0
30517,127, 0
30518,108, 0
30519,89, 0
30520,78, 0
30521,39, 0
30522,0, 0
30523,0, 0
30524,0, 0
30525,0, 0
30526,2, 0
30527,51, 0
30528,108, 0
30529,152, 0
30530,188, 0
30531,232, 0
30532,270, 0
30533,262, 0
30534,232, 0
30535,184, 0
30536,141, 0
30537,110, 0
30538,90, 0
30539,69, 0
30540,44, 0
30541,36, 0
30542,37, 0
30543,53, 0
30544,63, 0
30545,85, 0
30546,96, 0
30547,93, 0
30548,95, 0
30549,90, 0
30550,88, 0
30551,79, 0
30552,54, 0
30553,27, 11
30554,17, 0
30555,11, 0
30556,14, 0
30557,36, 0
30558,63, 0
30559,73, 0
30560,67, 0
30561,63, 0
30562,53, 0
30563,52, 0
30564,65, 0
30565,76, 0
30566,80, 0
30567,83, 0
30568,90, 0
30569,83, 0
30570,89, 0
30571,89, 0
30572,95, 0
30573,92, 0
30574,105, 0
30575,106, 0
30576,93, 0
30577,84, 0
30578,70, 0
30579,52, 0
30580,39, 0
30581,40, 0
30582,32, 0
30583,10, 0
30584,4, 0
30585,10, 0
30586,31, 0
30587,71, 0
30588,133, 0
30589,203, 0
30590,231, 0
30591,243, 0
30592,233, 0
30593,200, 0
30594,147, 0
30595,111, 0
30596,96, 0
30597,94, 0
30598,87, 0
30599,84, 0
30600,88, 0
30601,96, 0
30602,100, 0
30603,102, 0
30604,108, 0
30605,123, 0
30606,139, 0
30607,137, 0
30608,122, 0
30609,99, 0
30610,83, 0
30611,73, 0
30612,63, 0
30613,29, 0
30614,5, 42
30615,3, 21
30616,8, 0
30617,25, 0
30618,58, 0
30619,103, 0
30620,128, 0
30621,156, 0
30622,176, 0
30623,181, 0
30624,160, 0
30625,159, 0
30626,130, 0
30627,93, 0
30628,65, 0
30629,40, 0
30630,27, 0
30631,19, 0
30632,35, 0
30633,45, 0
30634,54, 0
30635,48, 0
30636,38, 0
30637,31, 0
30638,39, 0
30639,61, 0
30640,69, 0
30641,67, 0
30642,50, 0
30643,10, 0
30644,0, 0
30645,0, 0
30646,0, 0
30647,12, 0
30648,70, 0
30649,144, 0
30650,191, 0
30651,202, 0
30652,190, 0
30653,158, 0
30654,145, 0
30655,139, 0
30656,148, 0
30657,153, 0
30658,136, 0
30659,115, 0
30660,64, 0
30661,19, 0
30662,0, 0
30663,5, 0
30664,23, 2
30665,57, 0
30666,67, 0
30667,80, 0
30668,92, 0
30669,102, 0
30670,119, 0
30671,120, 0
30672,125, 0
30673,108, 0
30674,76, 0
30675,29, 0
30676,5, 0
30677,3, 0
30678,18, 0
30679,53, 0
30680,85, 0
30681,81, 0
30682,69, 0
30683,57, 0
30684,46, 0
30685,51, 0
30686,51, 0
30687,58, 0
30688,71, 0
30689,89, 0
30690,112, 0
30691,122, 0
30692,131, 0
30693,130, 0
30694,140, 0
30695,119, 0
30696,104, 0
30697,96, 0
30698,92, 0
30699,81, 0
30700,88, 0
30701,89, 0
30702,92, 0
30703,102, 0
30704,93, 0
30705,63, 0
30706,44, 0
30707,36, 0
30708,39, 0
30709,56, 0
30710,89, 0
30711,118, 0
30712,117, 0
30713,122, 0
30714,124, 0
30715,124, 0
30716,115, 0
30717,118, 0
30718,115, 0
30719,112, 0
30720,109, 0
30721,108, 0
30722,109, 3
30723,122, 0
30724,110, 0
30725,95, 0
30726,88, 0
30727,80, 0
30728,78, 0
30729,78, 0
30730,83, 0
30731,81, 0
30732,84, 0
30733,80, 0
30734,81, 0
30735,60, 0
30736,31, 7
30737,21, 0
30738,18, 2
30739,24, 0
30740,60, 0
30741,74, 0
30742,90, 0
30743,87, 0
30744,85, 0
30745,76, 0
30746,79, 0
30747,76, 0
30748,80, 0
30749,78, 0
30750,71, 0
30751,75, 0
30752,76, 0
30753,80, 0
30754,79, 0
30755,93, 0
30756,77, 0
30757,79, 0
30758,86, 0
30759,85, 0
30760,87, 0
30761,91, 0
30762,93, 0
30763,97, 0
30764,92, 0
30765,76, 0
30766,55, 0
30767,32, 0
30768,51, 0
30769,39, 0
30770,50, 0
30771,87, 0
30772,99, 0
30773,124, 0
30774,120, 0
30775,108, 0
30776,108, 0
30777,103, 0
30778,105, 0
30779,103, 0
30780,102, 0
30781,96, 0
30782,97, 0
30783,92, 0
30784,101, 0
30785,83, 0
30786,78, 0
30787,80, 0
30788,84, 0
30789,81, 0
30790,80, 0
30791,78, 0
30792,76, 0
30793,73, 0
30794,76, 0
30795,70, 0
30796,44, 0
30797,21, 0
30798,6, 0
30799,8, 0
30800,6, 0
30801,34, 0
30802,63, 0
30803,74, 0
30804,78, 0
30805,63, 0
30806,56, 0
30807,58, 0
30808,70, 0
30809,77, 0
30810,72, 0
30811,79, 0
30812,85, 0
30813,86, 0
30814,84, 0
30815,77, 0
30816,87, 0
30817,88, 0
30818,88, 0
30819,86, 0
30820,84, 0
30821,87, 0
30822,88, 0
30823,80, 0
30824,88, 0
30825,88, 0
30826,69, 0
30827,54, 0
30828,37, 0
30829,36, 0
30830,43, 0
30831,60, 0
30832,94, 0
30833,115, 0
30834,115, 0
30835,116, 0
30836,108, 0
30837,119, 0
30838,132, 0
30839,133, 0
30840,133, 0
30841,127, 0
30842,115, 0
30843,108, 0
30844,102, 0
30845,102, 0
30846,99, 0
30847,91, 0
30848,95, 0
30849,94, 0
30850,95, 0
30851,94, 0
30852,88, 0
30853,89, 0
30854,78, 0
30855,76, 0
30856,70, 0
30857,36, 0
30858,6, 72
30859,0, 0
30860,0, 0
30861,9, 0
30862,38, 0
30863,70, 0
30864,87, 0
30865,112, 0
30866,88, 0
30867,102, 0
30868,73, 0
30869,76, 0
30870,76, 0
30871,76, 0
30872,70, 0
30873,76, 0
30874,75, 0
30875,76, 0
30876,89, 0
30877,86, 0
30878,88, 0
30879,93, 0
30880,94, 0
30881,92, 0
30882,99, 0
30883,91, 0
30884,94, 0
30885,91, 0
30886,88, 0
30887,83, 0
30888,42, 0
30889,20, 0
30890,25, 0
30891,25, 0
30892,47, 0
30893,85, 0
30894,97, 0
30895,111, 0
30896,109, 0
30897,107, 0
30898,102, 0
30899,101, 0
30900,105, 0
30901,102, 0
30902,104, 0
30903,108, 0
30904,96, 0
30905,102, 0
30906,100, 0
30907,97, 0
30908,99, 0
30909,95, 0
30910,93, 0
30911,93, 0
30912,88, 0
30913,84, 0
30914,86, 0
30915,81, 0
30916,83, 0
30917,76, 0
30918,50, 0
30919,50, 0
30920,12, 0
30921,17, 0
30922,26, 0
30923,53, 0
30924,84, 0
30925,92, 0
30926,96, 0
30927,95, 0
30928,92, 0
30929,80, 0
30930,78, 0
30931,85, 0
30932,86, 0
30933,84, 0
30934,76, 0
30935,80, 0
30936,86, 0
30937,85, 0
30938,83, 0
30939,89, 0
30940,81, 0
30941,86, 0
30942,80, 0
30943,83, 0
30944,81, 0
30945,95, 0
30946,103, 0
30947,93, 0
30948,76, 0
30949,76, 0
30950,36, 0
30951,38, 0
30952,53, 0
30953,64, 0
30954,96, 0
30955,126, 0
30956,135, 0
30957,128, 0
30958,124, 0
30959,118, 0
30960,108, 0
30961,108, 0
30962,119, 0
30963,109, 0
30964,110, 0
30965,102, 0
30966,101, 0
30967,96, 0
30968,96, 0
30969,92, 0
30970,89, 0
30971,86, 0
30972,85, 0
30973,84, 0
30974,83, 0
30975,83, 0
30976,83, 0
30977,71, 0
30978,74, 0
30979,46, 0
30980,23, 0
30981,6, 0
30982,5, 0
30983,15, 0
30984,34, 0
30985,57, 0
30986,73, 0
30987,75, 0
30988,67, 0
30989,71, 0
30990,64, 1
30991,71, 0
30992,73, 0
30993,76, 0
30994,75, 0
30995,90, 0
30996,86, 0
30997,86, 0
30998,95, 0
30999,89, 0
31000,88, 0
31001,89, 0
31002,76, 0
31003,85, 0
31004,86, 0
31005,86, 0
31006,97, 0
31007,84, 0
31008,91, 0
31009,73, 0
31010,42, 0
31011,27, 0
31012,29, 0
31013,35, 0
31014,76, 0
31015,99, 0
31016,115, 0
31017,126, 0
31018,127, 0
31019,118, 0
31020,132, 0
31021,107, 0
31022,115, 0
31023,108, 0
31024,116, 0
31025,107, 0
31026,104, 0
31027,96, 0
31028,95, 0
31029,86, 0
31030,89, 0
31031,92, 0
31032,91, 0
31033,93, 0
31034,87, 0
31035,81, 0
31036,72, 0
31037,75, 0
31038,75, 0
31039,70, 0
31040,38, 0
31041,29, 25
31042,3, 19
31043,0, 0
31044,9, 0
31045,38, 0
31046,76, 0
31047,96, 0
31048,93, 0
31049,106, 0
31050,97, 0
31051,97, 0
31052,102, 0
31053,99, 0
31054,100, 0
31055,97, 0
31056,102, 0
31057,91, 0
31058,89, 0
31059,87, 0
31060,85, 0
31061,87, 0
31062,90, 0
31063,87, 0
31064,89, 0
31065,88, 0
31066,89, 0
31067,94, 0
31068,94, 0
31069,89, 0
31070,70, 0
31071,46, 0
31072,27, 0
31073,31, 0
31074,41, 0
31075,59, 0
31076,102, 0
31077,110, 0
31078,131, 0
31079,135, 0
31080,133, 0
31081,134, 0
31082,128, 0
31083,121, 0
31084,111, 0
31085,102, 0
31086,104, 0
31087,92, 0
31088,84, 0
31089,83, 0
31090,76, 0
31091,71, 0
31092,83, 0
31093,75, 0
31094,80, 0
31095,81, 0
31096,79, 0
31097,71, 0
31098,77, 0
31099,76, 0
31100,67, 0
31101,47, 0
31102,21, 0
31103,12, 0
31104,9, 0
31105,19, 0
31106,46, 0
31107,78, 0
31108,97, 0
31109,102, 0
31110,90, 0
31111,110, 0
31112,111, 0
31113,115, 0
31114,118, 0
31115,118, 0
31116,119, 0
31117,112, 0
31118,111, 0
31119,105, 0
31120,103, 0
31121,100, 0
31122,97, 0
31123,95, 0
31124,95, 0
31125,89, 0
31126,88, 0
31127,83, 0
31128,91, 0
31129,95, 0
31130,74, 0
31131,64, 0
31132,31, 0
31133,28, 0
31134,21, 0
31135,28, 0
31136,51, 0
31137,88, 0
31138,108, 0
31139,119, 0
31140,113, 0
31141,107, 0
31142,97, 0
31143,95, 0
31144,90, 0
31145,91, 0
31146,89, 0
31147,84, 0
31148,83, 0
31149,80, 0
31150,84, 0
31151,84, 0
31152,74, 0
31153,83, 0
31154,88, 0
31155,87, 0
31156,85, 0
31157,87, 0
31158,93, 0
31159,94, 0
31160,106, 0
31161,90, 29
31162,75, 95
31163,41, 68
31164,24, 6
31165,19, 3
31166,27, 92
31167,52, 0
31168,67, 0
31169,85, 0
31170,92, 0
31171,96, 0
31172,89, 0
31173,87, 0
31174,92, 0
31175,99, 0
31176,97, 0
31177,95, 0
31178,110, 0
31179,117, 0
31180,116, 0
31181,116, 0
31182,115, 0
31183,111, 0
31184,110, 0
31185,99, 0
31186,100, 0
31187,90, 0
31188,95, 0
31189,91, 0
31190,93, 0
31191,86, 0
31192,84, 0
31193,56, 0
31194,40, 0
31195,39, 0
31196,48, 0
31197,68, 0
31198,102, 0
31199,115, 0
31200,115, 0
31201,125, 0
31202,125, 0
31203,121, 0
31204,116, 0
31205,116, 0
31206,107, 0
31207,115, 0
31208,102, 0
31209,104, 0
31210,103, 0
31211,108, 0
31212,100, 0
31213,103, 0
31214,102, 0
31215,102, 0
31216,105, 0
31217,101, 0
31218,91, 0
31219,89, 0
31220,85, 0
31221,88, 0
31222,73, 0
31223,50, 0
31224,19, 0
31225,17, 0
31226,18, 4
31227,25, 0
31228,51, 0
31229,72, 0
31230,90, 0
31231,89, 0
31232,92, 0
31233,106, 0
31234,81, 0
31235,77, 0
31236,80, 0
31237,83, 0
31238,87, 0
31239,88, 4
31240,89, 0
31241,89, 0
31242,76, 0
31243,74, 0
31244,70, 0
31245,64, 0
31246,61, 0
31247,75, 0
31248,72, 0
31249,83, 0
31250,83, 0
31251,83, 0
31252,75, 0
31253,57, 0
31254,52, 0
31255,11, 0
31256,11, 0
31257,25, 0
31258,48, 0
31259,92, 0
31260,107, 0
31261,122, 0
31262,126, 0
31263,151, 0
31264,133, 0
31265,127, 0
31266,121, 0
31267,118, 0
31268,116, 0
31269,115, 0
31270,108, 0
31271,107, 0
31272,109, 0
31273,102, 0
31274,97, 0
31275,100, 0
31276,102, 0
31277,115, 0
31278,104, 0
31279,99, 0
31280,95, 0
31281,79, 0
31282,74, 0
31283,56, 0
31284,31, 0
31285,6, 0
31286,0, 0
31287,4, 0
31288,18, 0
31289,51, 0
31290,75, 0
31291,83, 0
31292,94, 0
31293,83, 0
31294,83, 0
31295,80, 0
31296,84, 0
31297,86, 0
31298,74, 0
31299,92, 0
31300,87, 0
31301,89, 0
31302,88, 0
31303,99, 0
31304,92, 0
31305,97, 0
31306,102, 0
31307,105, 0
31308,110, 0
31309,122, 0
31310,122, 0
31311,126, 0
31312,132, 0
31313,127, 0
31314,108, 0
31315,99, 34
31316,56, 1
31317,58, 6
31318,61, 2
31319,83, 0
31320,118, 0
31321,133, 1
31322,137, 0
31323,127, 0
31324,121, 0
31325,107, 0
31326,118, 0
31327,100, 0
31328,109, 0
31329,109, 0
31330,102, 0
31331,105, 0
31332,95, 0
31333,94, 0
31334,86, 4
31335,92, 25
31336,92, 115
31337,80, 127
31338,83, 157
31339,84, 341
31340,75, 282
31341,69, 181
31342,70, 24
31343,64, 1
31344,58, 22
31345,43, 75
31346,23, 4
31347,17, 0
31348,19, 0
31349,30, 0
31350,56, 0
31351,76, 0
31352,81, 0
31353,78, 0
31354,83, 0
31355,76, 0
31356,83, 0
31357,76, 0
31358,84, 0
31359,84, 0
31360,80, 0
31361,81, 0
31362,83, 0
31363,96, 0
31364,92, 0
31365,105, 0
31366,105, 0
31367,107, 5
31368,127, 126
31369,133, 126
31370,145, 122
31371,145, 129
31372,149, 226
31373,137, 181
31374,136, 52
31375,115, 19
31376,77, 180
31377,65, 105
31378,44, 45
31379,48, 126
31380,76, 11
31381,102, 17
31382,108, 32
31383,120, 8
31384,102, 4
31385,108, 0
31386,105, 0
31387,104, 0
31388,99, 0
31389,99, 0
31390,102, 0
31391,96, 0
31392,89, 0
31393,90, 0
31394,75, 0
31395,79, 0
31396,76, 0
31397,75, 0
31398,77, 0
31399,72, 0
31400,74, 0
31401,77, 0
31402,73, 0
31403,76, 0
31404,76, 0
31405,70, 0
31406,37, 0
31407,12, 0
31408,3, 0
31409,7, 0
31410,22, 0
31411,64, 0
31412,69, 0
31413,83, 0
31414,80, 0
31415,83, 0
31416,78, 0
31417,86, 0
31418,87, 0
31419,104, 0
31420,81, 0
31421,83, 0
31422,83, 0
31423,81, 0
31424,86, 0
31425,90, 0
31426,96, 0
31427,105, 0
31428,107, 0
31429,102, 0
31430,102, 0
31431,105, 0
31432,109, 0
31433,118, 0
31434,117, 0
31435,123, 12
31436,91, 133
31437,71, 172
31438,44, 122
31439,43, 222
31440,61, 232
31441,80, 22
31442,107, 0
31443,130, 0
31444,119, 0
31445,118, 0
31446,102, 0
31447,101, 0
31448,94, 0
31449,86, 0
31450,80, 0
31451,78, 0
31452,78, 0
31453,86, 0
31454,88, 0
31455,87, 0
31456,111, 0
31457,111, 0
31458,122, 0
31459,116, 0
31460,110, 0
31461,95, 0
31462,90, 0
31463,78, 73
31464,76, 79
31465,67, 31
31466,51, 107
31467,20, 110
31468,1, 232
31469,0, 257
31470,0, 232
31471,7, 113
31472,39, 86
31473,75, 122
31474,80, 112
31475,89, 97
31476,92, 164
31477,95, 249
31478,87, 189
31479,83, 119
31480,76, 56
31481,73, 22
31482,63, 0
31483,68, 0
31484,64, 0
31485,72, 0
31486,70, 2
31487,77, 0
31488,86, 43
31489,87, 154
31490,92, 479
31491,95, 536
31492,101, 535
31493,105, 620
31494,105, 730
31495,103, 651
31496,110, 546
31497,84, 377
31498,50, 204
31499,31, 18
31500,34, 0
31501,53, 0
31502,64, 0
31503,95, 0
31504,119, 0
31505,113, 0
31506,108, 0
31507,105, 0
31508,92, 0
31509,72, 0
31510,73, 0
31511,76, 0
31512,76, 0
31513,64, 0
31514,57, 0
31515,45, 0
31516,40, 0
31517,38, 0
31518,25, 0
31519,34, 0
31520,25, 0
31521,29, 0
31522,35, 0
31523,44, 0
31524,58, 0
31525,62, 0
31526,77, 0
31527,75, 0
31528,48, 58
31529,24, 139
31530,19, 84
31531,24, 287
31532,27, 43
31533,40, 0
31534,70, 0
31535,80, 0
31536,81, 0
31537,83, 0
31538,63, 0
31539,59, 0
31540,53, 0
31541,57, 0
31542,65, 0
31543,72, 0
31544,76, 0
31545,70, 0
31546,69, 0
31547,70, 0
31548,62, 0
31549,80, 0
31550,92, 0
31551,83, 0
31552,89, 0
31553,88, 0
31554,92, 0
31555,90, 0
31556,84, 0
31557,80, 0
31558,74, 0
31559,62, 0
31560,44, 0
31561,51, 0
31562,57, 70
31563,83, 3
31564,118, 44
31565,133, 42
31566,142, 158
31567,151, 317
31568,145, 310
31569,153, 276
31570,145, 313
31571,144, 351
31572,134, 435
31573,133, 432
31574,130, 371
31575,127, 338
31576,127, 361
31577,112, 372
31578,103, 399
31579,92, 208
31580,84, 6
31581,76, 0
31582,58, 0
31583,57, 0
31584,59, 0
31585,61, 0
31586,44, 0
31587,60, 0
31588,44, 0
31589,32, 12
31590,17, 87
31591,17, 237
31592,20, 216
31593,41, 53
31594,70, 50
31595,90, 29
31596,103, 25
31597,105, 30
31598,99, 39
31599,100, 68
31600,99, 46
31601,95, 47
31602,95, 48
31603,102, 113
31604,92, 93
31605,84, 90
31606,89, 6
31607,94, 0
31608,96, 0
31609,100, 0
31610,105, 0
31611,121, 0
31612,111, 0
31613,121, 0
31614,124, 0
31615,124, 0
31616,125, 0
31617,117, 0
31618,131, 0
31619,87, 0
31620,57, 0
31621,45, 0
31622,44, 0
31623,44, 0
31624,76, 0
31625,107, 0
31626,131, 0
31627,138, 0
31628,125, 0
31629,137, 0
31630,129, 27
31631,122, 104
31632,125, 222
31633,118, 246
31634,115, 226
31635,109, 310
31636,102, 374
31637,93, 306
31638,83, 83
31639,69, 0
31640,50, 0
31641,51, 0
31642,31, 0
31643,26, 0
31644,23, 0
31645,32, 0
31646,43, 0
31647,59, 0
31648,61, 0
31649,57, 0
31650,39, 0
31651,10, 0
31652,6, 0
31653,3, 0
31654,8, 0
31655,35, 0
31656,58, 0
31657,61, 0
31658,57, 0
31659,38, 0
31660,27, 0
31661,17, 0
31662,8, 0
31663,5, 0
31664,11, 0
31665,12, 0
31666,21, 0
31667,30, 0
31668,38, 0
31669,44, 0
31670,44, 0
31671,45, 0
31672,59, 0
31673,57, 0
31674,63, 0
31675,71, 0
31676,69, 0
31677,71, 0
31678,68, 0
31679,57, 0
31680,37, 0
31681,26, 151
31682,31, 91
31683,41, 155
31684,53, 90
31685,73, 0
31686,106, 0
31687,145, 0
31688,142, 0
31689,138, 0
31690,132, 0
31691,133, 0
31692,125, 0
31693,124, 0
31694,119, 13
31695,120, 126
31696,122, 181
31697,120, 214
31698,122, 123
31699,107, 90
31700,118, 12
31701,105, 10
31702,97, 48
31703,102, 76
31704,95, 108
31705,90, 92
31706,74, 12
31707,51, 0
31708,31, 0
31709,15, 0
31710,0, 0
31711,0, 0
31712,0, 0
31713,0, 0
31714,0, 0
31715,0, 0
31716,12, 0
31717,36, 0
31718,53, 0
31719,58, 0
31720,60, 0
31721,65, 25
31722,70, 70
31723,76, 196
31724,75, 276
31725,70, 183
31726,76, 43
31727,87, 0
31728,95, 0
31729,100, 0
31730,99, 0
31731,102, 0
31732,99, 0
31733,108, 0
31734,106, 0
31735,110, 0
31736,121, 0
31737,118, 0
31738,120, 0
31739,127, 108
31740,144, 464
31741,133, 575
31742,108, 746
31743,115, 907
31744,108, 1076
31745,101, 1211
31746,134, 1166
31747,156, 1035
31748,159, 683
31749,152, 512
31750,130, 367
31751,122, 57
31752,108, 0
31753,95, 0
31754,85, 0
31755,57, 0
31756,40, 0
31757,14, 0
31758,0, 0
31759,6, 0
31760,0, 0
31761,0, 0
31762,0, 0
31763,0, 0
31764,0, 0
31765,2, 0
31766,5, 0
31767,12, 0
31768,18, 0
31769,27, 0
31770,30, 0
31771,24, 0
31772,4, 0
31773,0, 0
31774,0, 0
31775,0, 0
31776,11, 0
31777,44, 0
31778,81, 32
31779,89, 218
31780,87, 438
31781,79, 232
31782,67, 106
31783,58, 11
31784,57, 0
31785,63, 0
31786,73, 0
31787,80, 0
31788,92, 0
31789,103, 0
31790,124, 0
31791,136, 0
31792,152, 0
31793,148, 0
31794,140, 0
31795,136, 0
31796,145, 0
31797,158, 175
31798,164, 316
31799,177, 478
31800,185, 619
31801,177, 732
31802,157, 649
31803,104, 687
31804,105, 777
31805,102, 947
31806,118, 955
31807,144, 1010
31808,184, 1071
31809,196, 1018
31810,174, 859
31811,142, 407
31812,89, 0
31813,46, 0
31814,31, 0
31815,27, 0
31816,32, 0
31817,38, 0
31818,47, 0
31819,43, 0
31820,35, 0
31821,17, 0
31822,7, 0
31823,0, 0
31824,0, 0
31825,0, 0
31826,4, 0
31827,24, 0
31828,52, 0
31829,64, 0
31830,83, 52
31831,89, 257
31832,81, 538
31833,40, 481
31834,14, 390
31835,11, 255
31836,15, 189
31837,44, 223
31838,92, 345
31839,117, 314
31840,130, 494
31841,127, 725
31842,108, 682
31843,93, 555
31844,84, 433
31845,70, 345
31846,48, 76
31847,40, 0
31848,46, 0
31849,46, 0
31850,53, 0
31851,58, 0
31852,51, 0
31853,54, 0
31854,34, 0
31855,41, 0
31856,54, 0
31857,69, 0
31858,95, 0
31859,104, 0
31860,133, 0
31861,145, 0
31862,157, 22
31863,133, 32
31864,95, 107
31865,74, 472
31866,65, 456
31867,60, 261
31868,69, 56
31869,77, 0
31870,87, 0
31871,70, 0
31872,70, 0
31873,67, 0
31874,73, 0
31875,80, 0
31876,88, 0
31877,81, 0
31878,84, 0
31879,85, 0
31880,77, 0
31881,81, 0
31882,76, 0
31883,68, 0
31884,63, 0
31885,57, 0
31886,57, 0
31887,57, 0
31888,53, 0
31889,48, 0
31890,52, 0
31891,52, 0
31892,48, 0
31893,46, 192
31894,31, 345
31895,12, 290
31896,18, 302
31897,51, 391
31898,67, 160
31899,116, 63
31900,147, 37
31901,152, 8
31902,145, 0
31903,139, 0
31904,135, 118
31905,143, 388
31906,157, 568
31907,158, 764
31908,156, 846
31909,158, 694
31910,154, 553
31911,151, 555
31912,141, 588
31913,144, 428
31914,123, 104
31915,95, 0
31916,79, 0
31917,47, 0
31918,31, 0
31919,17, 0
31920,8, 0
31921,6, 0
31922,0, 0
31923,0, 0
31924,0, 0
31925,7, 0
31926,0, 0
31927,7, 223
31928,23, 220
31929,80, 267
31930,139, 371
31931,169, 439
31932,179, 416
31933,177, 275
31934,167, 119
31935,157, 5
31936,142, 0
31937,139, 0
31938,128, 0
31939,120, 0
31940,105, 0
31941,88, 0
31942,78, 0
31943,71, 0
31944,63, 0
31945,67, 0
31946,69, 0
31947,70, 0
31948,76, 0
31949,74, 0
31950,69, 0
31951,57, 0
31952,51, 0
31953,41, 0
31954,25, 0
31955,4, 0
31956,0, 0
31957,0, 0
31958,29, 0
31959,25, 0
31960,75, 0
31961,96, 0
31962,115, 0
31963,122, 0
31964,127, 0
31965,122, 0
31966,119, 0
31967,116, 58
31968,124, 196
31969,115, 196
31970,112, 263
31971,83, 202
31972,72, 150
31973,64, 214
31974,68, 83
31975,67, 51
31976,73, 0
31977,77, 0
31978,95, 0
31979,115, 0
31980,137, 0
31981,169, 0
31982,160, 0
31983,175, 4
31984,184, 31
31985,166, 35
31986,140, 142
31987,113, 11
31988,102, 0
31989,96, 0
31990,120, 0
31991,158, 158
31992,186, 456
31993,183, 802
31994,182, 873
31995,158, 906
31996,150, 794
31997,139, 912
31998,119, 1133
31999,99, 1220
32000,76, 1047
32001,34, 369
32002,7, 80
32003,0, 0
32004,0, 0
32005,0, 0
32006,0, 0
32007,0, 0
32008,0, 0
32009,0, 0
32010,31, 0
32011,47, 0
32012,63, 0
32013,88, 0
32014,83, 0
32015,54, 0
32016,24, 0
32017,0, 0
32018,0, 0
32019,0, 0
32020,7, 0
32021,40, 0
32022,68, 0
32023,77, 0
32024,71, 0
32025,55, 0
32026,38, 0
32027,23, 0
32028,19, 0
32029,22, 0
32030,28, 0
32031,53, 0
32032,60, 0
32033,75, 0
32034,81, 5
32035,83, 0
32036,77, 0
32037,73, 0
32038,83, 0
32039,85, 0
32040,94, 0
32041,104, 0
32042,113, 0
32043,125, 0
32044,130, 0
32045,121, 0
32046,91, 0
32047,53, 0
32048,57, 0
32049,76, 0
32050,92, 46
32051,142, 19
32052,180, 156
32053,198, 165
32054,183, 396
32055,159, 284
32056,133, 11
32057,111, 0
32058,97, 0
32059,120, 0
32060,112, 0
32061,133, 0
32062,138, 19
32063,138, 38
32064,141, 176
32065,116, 46
32066,122, 43
32067,108, 5
32068,103, 138
32069,101, 312
32070,96, 355
32071,80, 579
32072,76, 788
32073,61, 875
32074,69, 765
32075,74, 788
32076,59, 982
32077,42, 1027
32078,31, 928
32079,7, 740
32080,31, 716
32081,56, 729
32082,87, 949
32083,113, 1071
32084,123, 1020
32085,128, 778
32086,103, 654
32087,87, 547
32088,81, 417
32089,78, 294
32090,77, 175
32091,79, 12
32092,81, 0
32093,99, 0
32094,109, 0
32095,134, 0
32096,133, 0
32097,139, 0
32098,103, 0
32099,78, 0
32100,57, 0
32101,48, 0
32102,37, 0
32103,31, 0
32104,31, 0
32105,40, 0
32106,53, 0
32107,46, 0
32108,31, 1
32109,15, 67
32110,5, 0
32111,5, 0
32112,35, 0
32113,61, 0
32114,89, 0
32115,97, 0
32116,102, 0
32117,96, 0
32118,87, 0
32119,91, 0
32120,97, 0
32121,81, 0
32122,87, 0
32123,97, 8
32124,96, 170
32125,81, 270
32126,64, 428
32127,67, 497
32128,64, 496
32129,85, 455
32130,99, 375
32131,120, 255
32132,128, 108
32133,120, 0
32134,113, 0
32135,113, 0
32136,99, 0
32137,71, 0
32138,38, 0
32139,14, 0
32140,15, 0
32141,21, 56
32142,38, 0
32143,53, 0
32144,64, 0
32145,62, 0
32146,57, 0
32147,59, 0
32148,75, 0
32149,70, 0
32150,70, 12
32151,72, 144
32152,61, 246
32153,51, 206
32154,63, 197
32155,50, 207
32156,65, 196
32157,76, 231
32158,81, 210
32159,89, 217
32160,95, 198
32161,104, 115
32162,108, 51
32163,121, 7
32164,121, 0
32165,119, 0
32166,119, 0
32167,102, 0
32168,67, 0
32169,45, 0
32170,23, 0
32171,8, 0
32172,13, 0
32173,22, 0
32174,48, 0
32175,61, 0
32176,60, 0
32177,62, 0
32178,84, 0
32179,120, 0
32180,139, 0
32181,159, 0
32182,175, 0
32183,181, 0
32184,181, 0
32185,175, 0
32186,158, 0
32187,145, 0
32188,142, 0
32189,132, 0
32190,120, 0
32191,108, 0
32192,104, 0
32193,92, 0
32194,92, 0
32195,74, 0
32196,94, 0
32197,105, 0
32198,91, 0
32199,71, 0
32200,47, 0
32201,42, 0
32202,38, 0
32203,56, 0
32204,78, 0
32205,102, 0
32206,108, 0
32207,96, 0
32208,100, 0
32209,96, 0
32210,91, 0
32211,87, 0
32212,92, 0
32213,86, 0
32214,80, 0
32215,89, 0
32216,85, 0
32217,77, 0
32218,70, 0
32219,63, 0
32220,57, 0
32221,64, 0
32222,67, 0
32223,71, 0
32224,60, 0
32225,70, 0
32226,84, 0
32227,91, 6
32228,108, 145
32229,76, 167
32230,62, 45
32231,57, 0
32232,62, 0
32233,69, 0
32234,97, 0
32235,141, 0
32236,158, 0
32237,149, 0
32238,140, 0
32239,109, 0
32240,92, 0
32241,76, 0
32242,70, 0
32243,63, 0
32244,57, 0
32245,54, 0
32246,57, 0
32247,69, 0
32248,74, 0
32249,80, 0
32250,81, 0
32251,79, 0
32252,79, 0
32253,79, 0
32254,81, 0
32255,83, 0
32256,86, 0
32257,92, 0
32258,92, 40
32259,92, 260
32260,89, 627
32261,97, 875
32262,71, 951
32263,51, 932
32264,57, 698
32265,76, 450
32266,86, 282
32267,92, 267
32268,100, 213
32269,104, 110
32270,95, 0
32271,83, 0
32272,74, 0
32273,51, 0
32274,31, 0
32275,19, 0
32276,3, 0
32277,9, 0
32278,0, 0
32279,0, 0
32280,28, 0
32281,69, 0
32282,106, 0
32283,102, 0
32284,100, 0
32285,95, 0
32286,99, 0
32287,113, 0
32288,129, 0
32289,126, 0
32290,108, 0
32291,89, 0
32292,62, 0
32293,71, 0
32294,89, 0
32295,151, 245
32296,158, 480
32297,170, 385
32298,147, 361
32299,133, 183
32300,115, 105
32301,103, 78
32302,91, 207
32303,85, 279
32304,72, 100
32305,52, 0
32306,36, 0
32307,20, 0
32308,8, 0
32309,0, 0
32310,0, 0
32311,8, 0
32312,31, 0
32313,79, 0
32314,81, 0
32315,96, 23
32316,122, 452
32317,137, 816
32318,163, 975
32319,182, 1157
32320,159, 1398
32321,127, 1574
32322,99, 1712
32323,79, 1748
32324,74, 1681
32325,72, 1508
32326,87, 1371
32327,85, 1067
32328,59, 450
32329,21, 0
32330,0, 0
32331,0, 0
32332,0, 0
32333,5, 0
32334,21, 0
32335,37, 0
32336,43, 0
32337,51, 0
32338,45, 0
32339,39, 0
32340,47, 0
32341,57, 0
32342,68, 0
32343,70, 0
32344,65, 0
32345,59, 0
32346,70, 0
32347,56, 0
32348,65, 116
32349,74, 228
32350,73, 398
32351,69, 620
32352,71, 607
32353,77, 621
32354,102, 695
32355,115, 733
32356,148, 707
32357,170, 725
32358,184, 782
32359,183, 864
32360,190, 949
32361,182, 1003
32362,161, 907
32363,159, 853
32364,149, 661
32365,138, 566
32366,136, 491
32367,111, 421
32368,86, 272
32369,51, 6
32370,14, 0
32371,0, 0
32372,0, 0
32373,0, 0
32374,10, 0
32375,38, 0
32376,42, 0
32377,42, 0
32378,39, 0
32379,41, 0
32380,45, 0
32381,47, 0
32382,40, 102
32383,38, 204
32384,27, 435
32385,41, 582
32386,47, 297
32387,73, 84
32388,76, 0
32389,84, 0
32390,81, 0
32391,84, 0
32392,87, 0
32393,87, 0
32394,88, 0
32395,96, 2
32396,102, 11
32397,108, 30
32398,99, 158
32399,105, 192
32400,107, 184
32401,94, 176
32402,92, 140
32403,87, 89
32404,95, 36
32405,100, 0
32406,102, 0
32407,108, 0
32408,103, 0
32409,104, 0
32410,89, 8
32411,91, 159
32412,62, 169
32413,45, 232
32414,46, 355
32415,63, 456
32416,75, 482
32417,105, 420
32418,137, 464
32419,163, 548
32420,158, 584
32421,166, 462
32422,140, 344
32423,130, 190
32424,123, 6
32425,122, 0
32426,113, 0
32427,102, 0
32428,83, 0
32429,78, 0
32430,70, 0
32431,70, 0
32432,77, 0
32433,86, 0
32434,104, 0
32435,119, 0
32436,122, 0
32437,122, 0
32438,121, 0
32439,126, 0
32440,139, 0
32441,141, 0
32442,125, 0
32443,90, 0
32444,65, 0
32445,63, 0
32446,41, 0
32447,44, 0
32448,55, 0
32449,40, 0
32450,20, 0
32451,3, 0
32452,1, 0
32453,0, 0
32454,0, 0
32455,0, 0
32456,0, 0
32457,0, 0
32458,10, 0
32459,43, 0
32460,78, 0
32461,108, 0
32462,134, 0
32463,149, 2
32464,165, 116
32465,170, 351
32466,173, 584
32467,176, 1130
32468,159, 1481
32469,133, 1449
32470,95, 1018
32471,76, 266
32472,63, 0
32473,25, 0
32474,0, 0
32475,0, 0
32476,6, 0
32477,36, 0
32478,103, 0
32479,120, 0
32480,133, 0
32481,132, 0
32482,126, 0
32483,127, 0
32484,122, 0
32485,117, 0
32486,112, 0
32487,103, 0
32488,95, 0
32489,87, 0
32490,76, 0
32491,78, 0
32492,101, 0
32493,96, 0
32494,85, 0
32495,76, 0
32496,62, 0
32497,51, 0
32498,51, 0
32499,53, 0
32500,55, 0
32501,67, 11
32502,78, 57
32503,69, 247
32504,42, 287
32505,22, 272
32506,6, 232
32507,6, 124
32508,19, 20
32509,44, 0
32510,55, 0
32511,65, 0
32512,67, 0
32513,72, 0
32514,93, 0
32515,108, 0
32516,125, 0
32517,135, 0
32518,130, 0
32519,133, 0
32520,131, 0
32521,140, 0
32522,144, 0
32523,135, 0
32524,137, 0
32525,128, 0
32526,131, 0
32527,130, 0
32528,136, 158
32529,150, 601
32530,152, 648
32531,150, 510
32532,149, 95
32533,127, 0
32534,92, 0
32535,57, 0
32536,36, 0
32537,32, 0
32538,56, 0
32539,91, 0
32540,123, 0
32541,137, 0
32542,159, 61
32543,181, 445
32544,201, 823
32545,203, 905
32546,189, 864
32547,140, 477
32548,99, 321
32549,70, 452
32550,54, 691
32551,21, 775
32552,10, 517
32553,19, 153
32554,0, 0
32555,0, 0
32556,0, 0
32557,19, 0
32558,11, 0
32559,14, 0
32560,19, 0
32561,13, 0
32562,11, 0
32563,10, 0
32564,1, 0
32565,7, 0
32566,0, 0
32567,5, 0
32568,1, 0
32569,13, 0
32570,40, 0
32571,58, 0
32572,80, 0
32573,83, 0
32574,90, 0
32575,96, 0
32576,108, 0
32577,108, 0
32578,103, 0
32579,90, 0
32580,79, 0
32581,80, 0
32582,95, 51
32583,81, 260
32584,77, 400
32585,72, 430
32586,70, 385
32587,76, 257
32588,84, 406
32589,89, 491
32590,95, 406
32591,102, 307
32592,108, 251
32593,115, 170
32594,105, 134
32595,85, 31
32596,57, 57
32597,50, 0
32598,38, 3
32599,43, 0
32600,68, 0
32601,100, 0
32602,130, 0
32603,104, 0
32604,89, 0
32605,74, 0
32606,67, 0
32607,71, 0
32608,89, 0
32609,108, 0
32610,113, 0
32611,115, 0
32612,111, 7
32613,105, 26
32614,93, 0
32615,95, 0
32616,92, 0
32617,95, 0
32618,110, 0
32619,121, 0
32620,140, 0
32621,129, 0
32622,134, 0
32623,137, 0
32624,127, 92
32625,105, 75
32626,61, 68
32627,61, 0
32628,38, 0
32629,44, 0
32630,59, 0
32631,89, 0
32632,100, 0
32633,101, 0
32634,99, 0
32635,96, 0
32636,90, 0
32637,89, 0
32638,89, 0
32639,86, 0
32640,78, 0
32641,96, 0
32642,121, 0
32643,141, 154
32644,152, 329
32645,131, 431
32646,105, 348
32647,92, 140
32648,63, 0
32649,42, 0
32650,31, 0
32651,36, 0
32652,38, 0
32653,56, 0
32654,63, 0
32655,51, 0
32656,14, 0
32657,0, 0
32658,0, 0
32659,0, 0
32660,0, 0
32661,1, 0
32662,27, 0
32663,48, 0
32664,71, 0
32665,74, 0
32666,90, 0
32667,107, 0
32668,115, 0
32669,125, 0
32670,126, 0
32671,129, 0
32672,137, 0
32673,138, 3
32674,121, 3
32675,108, 197
32676,94, 430
32677,76, 470
32678,83, 396
32679,79, 639
32680,88, 840
32681,89, 843
32682,76, 563
32683,57, 76
32684,40, 0
32685,31, 0
32686,8, 0
32687,3, 0
32688,0, 0
32689,0, 0
32690,11, 0
32691,44, 0
32692,76, 0
32693,95, 27
32694,131, 384
32695,138, 481
32696,133, 512
32697,141, 548
32698,139, 540
32699,128, 435
32700,135, 427
32701,111, 540
32702,110, 598
32703,94, 567
32704,104, 352
32705,90, 0
32706,64, 0
32707,44, 0
32708,30, 0
32709,25, 0
32710,22, 0
32711,14, 0
32712,6, 0
32713,2, 0
32714,0, 0
32715,0, 0
32716,0, 0
32717,0, 0
32718,0, 0
32719,0, 0
32720,20, 0
32721,77, 0
32722,148, 0
32723,216, 108
32724,254, 465
32725,271, 677
32726,277, 691
32727,282, 634
32728,290, 624
32729,286, 612
32730,273, 529
32731,252, 395
32732,227, 442
32733,197, 698
32734,168, 665
32735,143, 497
32736,115, 263
32737,105, 32
32738,104, 0
32739,112, 0
32740,95, 0
32741,86, 0
32742,83, 0
32743,46, 0
32744,39, 0
32745,38, 0
32746,38, 0
32747,29, 0
32748,24, 0
32749,25, 0
32750,42, 0
32751,55, 0
32752,88, 0
32753,121, 0
32754,138, 0
32755,138, 0
32756,123, 0
32757,107, 0
32758,95, 0
32759,83, 0
32760,81, 0
32761,81, 0
32762,74, 0
32763,59, 0
32764,44, 0
32765,36, 0
32766,40, 0
32767,48, 0
32768,62, 0
32769,65, 0
32770,85, 0
32771,86, 0
32772,95, 0
32773,102, 0
32774,115, 0
32775,125, 6
32776,121, 180
32777,93, 483
32778,52, 748
32779,19, 1105
32780,12, 1280
32781,3, 1105
32782,3, 734
32783,12, 705
32784,34, 580
32785,32, 311
32786,35, 57
32787,25, 0
32788,18, 0
32789,6, 0
32790,0, 0
32791,6, 0
32792,1, 0
32793,14, 0
32794,37, 0
32795,57, 0
32796,72, 0
32797,76, 0
32798,72, 0
32799,75, 0
32800,83, 0
32801,92, 0
32802,95, 0
32803,127, 0
32804,103, 0
32805,103, 0
32806,99, 12
32807,92, 278
32808,63, 220
32809,28, 117
32810,12, 8
32811,25, 19
32812,30, 158
32813,69, 70
32814,103, 119
32815,131, 437
32816,143, 395
32817,152, 506
32818,159, 1000
32819,144, 1122
32820,135, 964
32821,90, 639
32822,60, 533
32823,37, 267
32824,10, 0
32825,12, 0
32826,20, 0
32827,46, 0
32828,72, 0
32829,92, 0
32830,140, 0
32831,139, 0
32832,150, 0
32833,155, 0
32834,164, 0
32835,177, 0
32836,179, 19
32837,168, 279
32838,139, 694
32839,69, 515
32840,12, 263
32841,0, 87
32842,0, 0
32843,0, 0
32844,6, 0
32845,36, 0
32846,44, 0
32847,63, 0
32848,71, 0
32849,78, 0
32850,87, 17
32851,104, 190
32852,110, 151
32853,120, 175
32854,119, 124
32855,109, 31
32856,102, 0
32857,77, 0
32858,51, 0
32859,30, 0
32860,44, 0
32861,28, 0
32862,28, 0
32863,36, 0
32864,41, 0
32865,51, 0
32866,67, 0
32867,76, 0
32868,89, 0
32869,64, 0
32870,59, 0
32871,45, 12
32872,83, 176
32873,94, 158
32874,130, 224
32875,139, 325
32876,156, 591
32877,136, 636
32878,129, 562
32879,103, 536
32880,81, 535
32881,63, 518
32882,55, 196
32883,47, 206
32884,45, 108
32885,36, 53
32886,31, 6
32887,22, 0
32888,18, 0
32889,6, 0
32890,4, 0
32891,14, 0
32892,24, 0
32893,31, 0
32894,30, 0
32895,30, 0
32896,37, 0
32897,59, 0
32898,75, 0
32899,79, 0
32900,57, 0
32901,35, 0
32902,20, 0
32903,24, 0
32904,32, 0
32905,73, 0
32906,105, 0
32907,131, 0
32908,144, 0
32909,143, 0
32910,121, 0
32911,127, 0
32912,131, 0
32913,129, 0
32914,135, 0
32915,135, 0
32916,133, 0
32917,130, 0
32918,127, 0
32919,127, 0
32920,130, 0
32921,128, 0
32922,150, 0
32923,136, 0
32924,139, 54
32925,135, 343
32926,134, 494
32927,118, 300
32928,108, 361
32929,102, 363
32930,79, 410
32931,43, 403
32932,24, 149
32933,13, 25
32934,24, 0
32935,51, 0
32936,76, 0
32937,81, 0
32938,78, 0
32939,70, 0
32940,69, 0
32941,69, 0
32942,81, 0
32943,63, 0
32944,69, 0
32945,78, 0
32946,78, 0
32947,83, 0
32948,83, 0
32949,89, 0
32950,92, 0
32951,92, 0
32952,84, 0
32953,77, 0
32954,74, 0
32955,85, 0
32956,95, 0
32957,97, 0
32958,104, 0
32959,102, 0
32960,81, 131
32961,54, 234
32962,18, 257
32963,4, 193
32964,0, 23
32965,0, 6
32966,6, 0
32967,10, 0
32968,13, 0
32969,0, 0
32970,0, 0
32971,0, 0
32972,0, 0
32973,0, 0
32974,0, 0
32975,0, 0
32976,0, 0
32977,0, 0
32978,3, 0
32979,15, 0
32980,32, 0
32981,52, 0
32982,76, 0
32983,109, 0
32984,139, 0
32985,179, 0
32986,204, 0
32987,223, 0
32988,230, 0
32989,249, 0
32990,254, 0
32991,247, 0
32992,239, 0
32993,230, 0
32994,226, 0
32995,223, 47
32996,236, 0
32997,235, 37
32998,240, 204
32999,231, 586
33000,201, 645
33001,184, 479
33002,168, 307
33003,155, 0
33004,145, 0
33005,132, 0
33006,107, 0
33007,92, 0
33008,87, 0
33009,85, 0
33010,87, 0
33011,84, 0
33012,81, 0
33013,89, 0
33014,94, 0
33015,100, 1
33016,111, 13
33017,112, 57
33018,94, 30
33019,97, 0
33020,109, 0
33021,74, 0
33022,45, 2
33023,30, 0
33024,25, 0
33025,30, 0
33026,40, 0
33027,83, 0
33028,105, 80
33029,115, 244
33030,107, 393
33031,76, 170
33032,51, 2
33033,29, 0
33034,20, 0
33035,27, 0
33036,40, 0
33037,38, 0
33038,53, 0
33039,59, 0
33040,43, 2
33041,48, 0
33042,44, 0
33043,45, 0
33044,56, 0
33045,62, 0
33046,65, 0
33047,65, 0
33048,53, 0
33049,40, 0
33050,25, 0
33051,19, 0
33052,0, 0
33053,0, 0
33054,0, 0
33055,0, 0
33056,2, 0
33057,34, 0
33058,72, 0
33059,87, 0
33060,94, 0
33061,78, 0
33062,72, 0
33063,58, 0
33064,52, 0
33065,39, 0
33066,40, 312
33067,51, 562
33068,62, 620
33069,69, 646
33070,79, 510
33071,87, 406
33072,88, 368
33073,79, 251
33074,67, 45
33075,54, 0
33076,45, 0
33077,38, 0
33078,24, 0
33079,41, 0
33080,41, 2
33081,70, 0
33082,64, 0
33083,47, 0
33084,39, 0
33085,48, 0
33086,50, 0
33087,63, 0
33088,87, 0
33089,104, 0
33090,122, 0
33091,124, 0
33092,126, 0
33093,152, 0
33094,142, 0
33095,156, 5
33096,165, 147
33097,174, 79
33098,177, 70
33099,170, 197
33100,165, 497
33101,151, 431
33102,139, 249
33103,122, 236
33104,110, 189
33105,95, 18
33106,95, 0
33107,70, 0
33108,54, 0
33109,46, 0
33110,44, 0
33111,54, 0
33112,59, 0
33113,41, 0
33114,21, 0
33115,8, 0
33116,5, 0
33117,7, 0
33118,38, 0
33119,64, 0
33120,86, 0
33121,89, 14
33122,90, 41
33123,89, 104
33124,76, 43
33125,75, 0
33126,60, 13
33127,73, 0
33128,88, 0
33129,92, 0
33130,96, 0
33131,89, 0
33132,85, 0
33133,79, 0
33134,74, 0
33135,70, 0
33136,75, 0
33137,86, 0
33138,89, 0
33139,93, 0
33140,88, 0
33141,92, 3
33142,83, 4
33143,70, 133
33144,46, 89
33145,30, 196
33146,28, 59
33147,21, 14
33148,35, 0
33149,72, 0
33150,94, 0
33151,106, 0
33152,110, 0
33153,121, 0
33154,131, 0
33155,135, 0
33156,132, 0
33157,140, 0
33158,136, 0
33159,136, 0
33160,144, 0
33161,145, 0
33162,155, 0
33163,149, 0
33164,143, 0
33165,132, 0
33166,123, 0
33167,119, 0
33168,112, 0
33169,102, 0
33170,102, 0
33171,100, 0
33172,93, 0
33173,89, 0
33174,70, 0
33175,57, 168
33176,38, 285
33177,31, 259
33178,32, 198
33179,56, 31
33180,75, 0
33181,87, 0
33182,91, 28
33183,95, 59
33184,96, 23
33185,91, 25
33186,88, 9
33187,92, 0
33188,78, 7
33189,57, 3
33190,21, 0
33191,6, 0
33192,0, 0
33193,0, 0
33194,0, 0
33195,2, 0
33196,2, 0
33197,5, 0
33198,10, 0
33199,17, 0
33200,23, 0
33201,41, 0
33202,62, 0
33203,89, 0
33204,100, 0
33205,111, 0
33206,119, 0
33207,131, 183
33208,141, 402
33209,150, 415
33210,184, 678
33211,203, 891
33212,202, 823
33213,183, 603
33214,145, 326
33215,124, 100
33216,75, 0
33217,57, 0
33218,53, 0
33219,51, 0
33220,57, 0
33221,72, 0
33222,85, 0
33223,92, 5
33224,102, 152
33225,99, 270
33226,100, 121
33227,101, 154
33228,91, 0
33229,88, 0
33230,78, 0
33231,72, 0
33232,68, 0
33233,68, 0
33234,73, 0
33235,55, 135
33236,40, 124
33237,31, 257
33238,32, 263
33239,25, 163
33240,29, 48
33241,31, 0
33242,35, 0
33243,48, 0
33244,73, 0
33245,91, 0
33246,94, 0
33247,95, 0
33248,85, 0
33249,85, 0
33250,76, 0
33251,84, 0
33252,79, 0
33253,70, 0
33254,70, 0
33255,67, 0
33256,57, 0
33257,51, 0
33258,48, 0
33259,38, 0
33260,39, 0
33261,48, 0
33262,57, 0
33263,77, 4
33264,107, 0
33265,99, 127
33266,84, 189
33267,74, 164
33268,75, 251
33269,79, 386
33270,93, 325
33271,122, 159
33272,142, 42
33273,115, 0
33274,100, 0
33275,88, 0
33276,92, 0
33277,88, 0
33278,92, 0
33279,100, 0
33280,104, 2
33281,112, 249
33282,105, 506
33283,103, 569
33284,86, 674
33285,78, 669
33286,65, 465
33287,68, 384
33288,63, 372
33289,56, 160
33290,44, 27
33291,50, 0
33292,57, 0
33293,69, 0
33294,76, 1
33295,68, 0
33296,35, 0
33297,10, 0
33298,0, 0
33299,0, 0
33300,0, 0
33301,1, 0
33302,15, 0
33303,34, 0
33304,44, 0
33305,56, 0
33306,67, 0
33307,69, 0
33308,65, 0
33309,76, 0
33310,57, 0
33311,62, 0
33312,67, 0
33313,64, 0
33314,79, 0
33315,78, 0
33316,103, 0
33317,84, 0
33318,93, 0
33319,97, 0
33320,106, 0
33321,107, 0
33322,107, 0
33323,120, 0
33324,119, 0
33325,119, 0
33326,99, 0
33327,68, 0
33328,38, 0
33329,23, 0
33330,20, 0
33331,38, 0
33332,76, 0
33333,105, 0
33334,112, 0
33335,108, 0
33336,102, 0
33337,95, 0
33338,101, 0
33339,106, 0
33340,120, 0
33341,121, 0
33342,126, 0
33343,127, 0
33344,125, 0
33345,119, 0
33346,97, 0
33347,83, 0
33348,76, 0
33349,68, 0
33350,78, 0
33351,76, 0
33352,80, 80
33353,86, 329
33354,115, 519
33355,123, 720
33356,100, 718
33357,64, 620
33358,31, 622
33359,6, 466
33360,0, 302
33361,0, 300
33362,6, 0
33363,25, 0
33364,40, 0
33365,58, 0
33366,63, 0
33367,73, 0
33368,69, 0
33369,65, 0
33370,89, 0
33371,73, 0
33372,79, 0
33373,91, 0
33374,93, 0
33375,106, 0
33376,119, 0
33377,111, 0
33378,133, 0
33379,135, 0
33380,131, 0
33381,133, 0
33382,120, 0
33383,106, 6
33384,92, 0
33385,84, 0
33386,81, 0
33387,62, 0
33388,36, 11
33389,28, 6
33390,42, 1
33391,64, 0
33392,88, 0
33393,105, 0
33394,131, 0
33395,108, 0
33396,108, 0
33397,102, 0
33398,101, 0
33399,110, 41
33400,115, 127
33401,120, 103
33402,113, 0
33403,108, 0
33404,108, 0
33405,95, 0
33406,89, 0
33407,80, 0
33408,69, 0
33409,63, 0
33410,63, 0
33411,63, 0
33412,60, 34
33413,61, 36
33414,57, 11
33415,60, 0
33416,68, 1
33417,61, 11
33418,48, 15
33419,40, 226
33420,26, 0
33421,31, 0
33422,24, 0
33423,38, 0
33424,48, 0
33425,60, 0
33426,61, 0
33427,71, 0
33428,83, 0
33429,87, 0
33430,97, 0
33431,97, 0
33432,92, 0
33433,87, 0
33434,91, 0
33435,85, 0
33436,83, 0
33437,86, 0
33438,79, 0
33439,76, 0
33440,64, 0
33441,51, 0
33442,43, 0
33443,54, 0
33444,62, 0
33445,73, 0
33446,76, 0
33447,76, 0
33448,67, 0
33449,42, 0
33450,34, 0
33451,44, 0
33452,67, 0
33453,83, 0
33454,115, 0
33455,144, 0
33456,145, 0
33457,152, 0
33458,148, 0
33459,145, 0
33460,139, 0
33461,140, 0
33462,135, 0
33463,132, 0
33464,127, 0
33465,120, 0
33466,121, 0
33467,115, 0
33468,109, 0
33469,96, 0
33470,100, 7
33471,106, 35
33472,120, 6
33473,131, 0
33474,118, 0
33475,102, 0
33476,62, 0
33477,30, 0
33478,3, 0
33479,0, 29
33480,0, 115
33481,0, 195
33482,18, 12
33483,25, 0
33484,55, 0
33485,78, 0
33486,85, 0
33487,84, 0
33488,79, 0
33489,81, 0
33490,89, 0
33491,97, 0
33492,95, 0
33493,95, 0
33494,92, 0
33495,91, 0
33496,95, 0
33497,90, 0
33498,91, 0
33499,94, 0
33500,95, 0
33501,93, 0
33502,92, 0
33503,88, 0
33504,83, 0
33505,74, 0
33506,64, 0
33507,57, 0
33508,68, 0
33509,53, 0
33510,40, 0
33511,23, 0
33512,15, 0
33513,10, 0
33514,23, 0
33515,47, 0
33516,71, 0
33517,63, 0
33518,86, 0
33519,89, 0
33520,99, 0
33521,95, 0
33522,109, 0
33523,118, 0
33524,109, 0
33525,108, 0
33526,101, 0
33527,103, 0
33528,104, 0
33529,91, 0
33530,100, 0
33531,100, 0
33532,101, 0
33533,92, 0
33534,90, 0
33535,89, 7
33536,83, 159
33537,84, 388
33538,71, 588
33539,61, 982
33540,44, 1048
33541,3, 1004
33542,0, 820
33543,0, 462
33544,0, 261
33545,6, 89
33546,29, 2
33547,55, 0
33548,59, 0
33549,71, 0
33550,71, 0
33551,63, 0
33552,51, 0
33553,44, 0
33554,42, 0
33555,52, 0
33556,65, 0
33557,74, 0
33558,92, 0
33559,75, 0
33560,80, 0
33561,76, 0
33562,68, 0
33563,59, 0
33564,52, 0
33565,50, 0
33566,62, 0
33567,63, 0
33568,65, 0
33569,70, 0
33570,59, 0
33571,29, 7
33572,13, 115
33573,6, 79
33574,11, 7
33575,27, 0
33576,68, 0
33577,83, 0
33578,90, 0
33579,89, 0
33580,91, 0
33581,97, 0
33582,91, 0
33583,95, 0
33584,90, 0
33585,84, 0
33586,88, 0
33587,94, 0
33588,104, 4
33589,117, 0
33590,130, 0
33591,131, 0
33592,143, 2
33593,136, 0
33594,133, 0
33595,119, 0
33596,95, 0
33597,101, 0
33598,104, 0
33599,113, 0
33600,116, 0
33601,88, 37
33602,57, 44
33603,40, 61
33604,39, 268
33605,38, 214
33606,68, 263
33607,91, 233
33608,92, 190
33609,79, 123
33610,68, 2
33611,52, 0
33612,50, 0
33613,59, 0
33614,62, 0
33615,63, 0
33616,67, 0
33617,61, 0
33618,61, 0
33619,46, 0
33620,32, 0
33621,25, 0
33622,32, 0
33623,55, 0
33624,78, 0
33625,95, 0
33626,120, 0
33627,128, 0
33628,127, 0
33629,121, 0
33630,127, 0
33631,76, 0
33632,42, 0
33633,18, 0
33634,12, 0
33635,22, 0
33636,48, 0
33637,89, 0
33638,108, 0
33639,105, 0
33640,101, 0
33641,92, 0
33642,104, 0
33643,87, 0
33644,95, 0
33645,89, 0
33646,88, 0
33647,88, 0
33648,80, 0
33649,80, 0
33650,76, 0
33651,79, 0
33652,78, 0
33653,78, 0
33654,81, 0
33655,86, 0
33656,75, 0
33657,76, 0
33658,78, 3
33659,95, 0
33660,63, 0
33661,59, 6
33662,29, 8
33663,2, 0
33664,0, 0
33665,4, 1
33666,1, 0
33667,22, 0
33668,41, 0
33669,57, 0
33670,67, 0
33671,77, 0
33672,85, 0
33673,86, 0
33674,89, 0
33675,89, 0
33676,83, 0
33677,80, 0
33678,85, 0
33679,86, 0
33680,89, 0
33681,84, 0
33682,104, 0
33683,86, 0
33684,84, 0
33685,75, 0
33686,76, 0
33687,81, 0
33688,79, 0
33689,90, 0
33690,90, 0
33691,102, 0
33692,80, 0
33693,51, 0
33694,31, 0
33695,26, 0
33696,25, 0
33697,39, 0
33698,75, 0
33699,92, 0
33700,99, 0
33701,94, 0
33702,95, 0
33703,95, 0
33704,92, 0
33705,99, 0
33706,107, 0
33707,103, 0
33708,110, 0
33709,102, 0
33710,109, 0
33711,103, 0
33712,104, 0
33713,104, 0
33714,108, 0
33715,108, 65
33716,105, 0
33717,94, 0
33718,83, 0
33719,73, 0
33720,70, 0
33721,74, 0
33722,65, 3
33723,38, 22
33724,18, 159
33725,27, 563
33726,19, 533
33727,19, 348
33728,31, 107
33729,38, 0
33730,37, 0
33731,39, 0
33732,38, 0
33733,48, 0
33734,35, 0
33735,38, 0
33736,37, 0
33737,29, 0
33738,25, 0
33739,25, 0
33740,23, 0
33741,31, 0
33742,38, 0
33743,57, 0
33744,74, 0
33745,83, 0
33746,84, 0
33747,76, 0
33748,67, 0
33749,75, 0
33750,75, 0
33751,81, 0
33752,104, 0
33753,77, 0
33754,54, 0
33755,38, 41
33756,46, 175
33757,47, 73
33758,61, 6
33759,92, 0
33760,120, 0
33761,121, 0
33762,111, 0
33763,111, 0
33764,118, 0
33765,124, 0
33766,95, 0
33767,89, 0
33768,83, 0
33769,75, 0
33770,70, 0
33771,58, 0
33772,39, 0
33773,44, 0
33774,39, 0
33775,47, 3
33776,60, 0
33777,68, 0
33778,71, 0
33779,91, 0
33780,74, 0
33781,71, 0
33782,65, 0
33783,76, 0
33784,39, 0
33785,22, 0
33786,19, 0
33787,24, 0
33788,37, 0
33789,63, 0
33790,88, 0
33791,99, 0
33792,100, 0
33793,90, 0
33794,86, 0
33795,89, 0
33796,86, 0
33797,88, 0
33798,85, 0
33799,79, 0
33800,81, 0
33801,72, 0
33802,64, 0
33803,67, 0
33804,80, 0
33805,58, 0
33806,54, 0
33807,63, 0
33808,79, 0
33809,88, 0
33810,87, 0
33811,95, 0
33812,95, 0
33813,93, 0
33814,71, 0
33815,43, 4
33816,29, 30
33817,23, 0
33818,19, 0
33819,35, 0
33820,70, 0
33821,100, 0
33822,104, 0
33823,94, 0
33824,112, 0
33825,108, 0
33826,109, 0
33827,112, 0
33828,111, 0
33829,108, 0
33830,101, 0
33831,102, 0
33832,96, 0
33833,90, 0
33834,89, 0
33835,77, 0
33836,83, 0
33837,79, 0
33838,76, 0
33839,76, 0
33840,70, 0
33841,67, 0
33842,72, 0
33843,74, 0
33844,75, 7
33845,45, 0
33846,21, 61
33847,18, 12
33848,12, 0
33849,18, 0
33850,37, 0
33851,57, 0
33852,70, 0
33853,70, 0
33854,69, 0
33855,70, 0
33856,72, 0
33857,70, 0
33858,73, 0
33859,77, 17
33860,79, 44
33861,78, 35
33862,73, 1
33863,61, 0
33864,47, 0
33865,29, 0
33866,26, 0
33867,17, 0
33868,8, 0
33869,0, 0
33870,0, 0
33871,6, 0
33872,0, 0
33873,0, 0
33874,0, 0
33875,0, 0
33876,0, 0
33877,0, 0
33878,0, 0
33879,4, 0
33880,13, 0
33881,53, 0
33882,75, 0
33883,75, 0
33884,81, 0
33885,80, 0
33886,77, 0
33887,84, 0
33888,99, 0
33889,102, 0
33890,102, 0
33891,102, 0
33892,104, 0
33893,104, 0
33894,119, 0
33895,122, 0
33896,128, 0
33897,135, 0
33898,138, 0
33899,131, 0
33900,122, 0
33901,110, 0
33902,106, 0
33903,100, 0
33904,89, 0
33905,76, 0
33906,45, 0
33907,28, 51
33908,6, 109
33909,12, 100
33910,17, 8
33911,45, 0
33912,68, 0
33913,75, 0
33914,80, 0
33915,81, 0
33916,78, 0
33917,73, 0
33918,70, 0
33919,75, 0
33920,70, 0
33921,92, 0
33922,74, 0
33923,64, 0
33924,78, 0
33925,73, 0
33926,78, 0
33927,75, 0
33928,76, 3
33929,75, 0
33930,73, 0
33931,74, 0
33932,81, 0
33933,79, 0
33934,84, 0
33935,79, 0
33936,63, 0
33937,43, 10
33938,31, 0
33939,26, 19
33940,35, 0
33941,54, 0
33942,83, 0
33943,103, 0
33944,108, 0
33945,107, 0
33946,105, 0
33947,108, 0
33948,104, 0
33949,102, 0
33950,100, 0
33951,99, 0
33952,102, 0
33953,92, 0
33954,89, 0
33955,89, 11
33956,95, 95
33957,95, 221
33958,101, 226
33959,104, 294
33960,106, 283
33961,100, 272
33962,89, 279
33963,83, 245
33964,76, 26
33965,57, 0
33966,34, 0
33967,1, 0
33968,0, 0
33969,0, 0
33970,0, 0
33971,0, 0
33972,0, 0
33973,15, 0
33974,26, 0
33975,36, 0
33976,50, 0
33977,57, 0
33978,63, 0
33979,67, 0
33980,63, 0
33981,71, 0
33982,56, 0
33983,62, 0
33984,56, 0
33985,68, 0
33986,71, 0
33987,91, 0
33988,72, 0
33989,63, 0
33990,64, 0
33991,62, 0
33992,71, 0
33993,76, 0
33994,76, 0
33995,83, 0
33996,87, 0
33997,57, 0
33998,34, 0
33999,22, 0
34000,25, 0
34001,28, 0
34002,58, 0
34003,92, 0
34004,108, 0
34005,116, 0
34006,111, 0
34007,115, 0
34008,123, 0
34009,125, 0
34010,133, 0
34011,134, 0
34012,133, 0
34013,136, 0
34014,133, 0
34015,133, 0
34016,123, 0
34017,115, 0
34018,106, 0
34019,101, 0
34020,107, 0
34021,89, 0
34022,89, 0
34023,78, 0
34024,74, 0
34025,71, 0
34026,71, 0
34027,61, 0
34028,42, 2
34029,25, 57
34030,15, 0
34031,22, 3
34032,25, 0
34033,57, 0
34034,72, 0
34035,84, 0
34036,85, 0
34037,80, 0
34038,81, 0
34039,77, 0
34040,77, 0
34041,76, 0
34042,88, 0
34043,103, 0
34044,83, 0
34045,85, 0
34046,79, 0
34047,87, 23
34048,81, 120
34049,87, 158
34050,91, 36
34051,89, 3
34052,85, 0
34053,71, 0
34054,61, 0
34055,45, 0
34056,41, 0
34057,37, 0
34058,14, 0
34059,4, 0
34060,7, 0
34061,0, 0
34062,2, 0
34063,20, 0
34064,51, 0
34065,85, 0
34066,83, 0
34067,86, 0
34068,92, 0
34069,99, 0
34070,102, 0
34071,103, 10
34072,104, 62
34073,108, 97
34074,115, 42
34075,95, 0
34076,84, 0
34077,76, 0
34078,67, 0
34079,51, 0
34080,35, 0
34081,31, 0
34082,26, 0
34083,25, 0
34084,29, 0
34085,37, 0
34086,40, 0
34087,38, 0
34088,36, 0
34089,10, 0
34090,0, 0
34091,0, 0
34092,0, 0
34093,9, 0
34094,31, 0
34095,61, 0
34096,58, 0
34097,76, 0
34098,73, 0
34099,71, 0
34100,74, 0
34101,76, 0
34102,72, 0
34103,71, 0
34104,92, 0
34105,67, 0
34106,58, 0
34107,60, 0
34108,57, 0
34109,63, 0
34110,68, 0
34111,73, 0
34112,78, 0
34113,81, 0
34114,81, 0
34115,84, 0
34116,91, 0
34117,83, 0
34118,83, 0
34119,61, 0
34120,38, 4
34121,39, 0
34122,29, 0
34123,36, 0
34124,60, 0
34125,88, 0
34126,99, 0
34127,107, 0
34128,125, 0
34129,103, 0
34130,107, 0
34131,97, 0
34132,97, 0
34133,92, 0
34134,92, 0
34135,89, 0
34136,84, 0
34137,76, 0
34138,74, 0
34139,70, 0
34140,59, 0
34141,60, 0
34142,61, 0
34143,62, 0
34144,63, 0
34145,54, 0
34146,63, 0
34147,61, 0
34148,57, 0
34149,51, 0
34150,21, 0
34151,14, 20
34152,10, 19
34153,12, 0
34154,25, 0
34155,54, 0
34156,70, 0
34157,70, 0
34158,70, 0
34159,64, 0
34160,51, 0
34161,60, 0
34162,62, 0
34163,72, 0
34164,79, 0
34165,81, 0
34166,87, 0
34167,89, 0
34168,87, 0
34169,84, 0
34170,92, 0
34171,92, 0
34172,100, 0
34173,96, 0
34174,101, 0
34175,108, 0
34176,115, 0
34177,123, 0
34178,121, 0
34179,124, 0
34180,107, 0
34181,87, 0
34182,71, 0
34183,68, 0
34184,74, 0
34185,104, 0
34186,133, 0
34187,153, 0
34188,169, 0
34189,159, 0
34190,148, 0
34191,134, 0
34192,138, 0
34193,133, 0
34194,116, 0
34195,108, 0
34196,96, 0
34197,91, 0
34198,81, 0
34199,72, 0
34200,62, 0
34201,52, 0
34202,36, 0
34203,32, 0
34204,27, 0
34205,19, 0
34206,11, 0
34207,8, 0
34208,4, 0
34209,5, 0
34210,0, 0
34211,1, 0
34212,0, 0
34213,0, 0
34214,0, 0
34215,0, 0
34216,3, 0
34217,6, 0
34218,13, 0
34219,11, 0
34220,19, 0
34221,18, 0
34222,17, 0
34223,14, 0
34224,13, 0
34225,10, 0
34226,10, 0
34227,9, 0
34228,3, 0
34229,1, 0
34230,7, 0
34231,0, 0
34232,0, 0
34233,0, 0
34234,0, 0
34235,9, 0
34236,25, 0
34237,36, 0
34238,45, 0
34239,72, 0
34240,70, 0
34241,51, 0
34242,32, 0
34243,28, 0
34244,26, 0
34245,31, 0
34246,51, 0
34247,77, 0
34248,92, 0
34249,85, 0
34250,80, 0
34251,76, 0
34252,69, 0
34253,57, 0
34254,63, 0
34255,67, 0
34256,64, 0
34257,67, 0
34258,73, 0
34259,73, 0
34260,72, 0
34261,77, 0
34262,65, 0
34263,64, 0
34264,59, 0
34265,55, 0
34266,51, 0
34267,31, 0
34268,25, 0
34269,31, 0
34270,7, 0
34271,1, 0
34272,0, 12
34273,0, 21
34274,0, 34
34275,0, 0
34276,0, 0
34277,3, 0
34278,7, 0
34279,37, 0
34280,43, 0
34281,56, 0
34282,63, 0
34283,77, 0
34284,74, 0
34285,70, 0
34286,81, 0
34287,76, 0
34288,76, 0
34289,77, 0
34290,70, 0
34291,75, 0
34292,78, 0
34293,90, 0
34294,95, 0
34295,102, 0
34296,95, 0
34297,106, 0
34298,106, 0
34299,96, 0
34300,89, 0
34301,93, 0
34302,76, 0
34303,56, 9
34304,57, 1
34305,61, 0
34306,72, 0
34307,99, 0
34308,135, 0
34309,161, 0
34310,188, 0
34311,164, 0
34312,152, 0
34313,149, 0
34314,139, 0
34315,138, 0
34316,131, 0
34317,129, 0
34318,134, 0
34319,150, 0
34320,144, 0
34321,140, 0
34322,139, 0
34323,129, 0
34324,130, 0
34325,137, 0
34326,136, 0
34327,111, 0
34328,95, 0
34329,95, 0
34330,85, 0
34331,75, 0
34332,68, 0
34333,43, 12
34334,20, 25
34335,18, 0
34336,25, 0
34337,34, 0
34338,58, 0
34339,77, 0
34340,86, 0
34341,78, 0
34342,77, 0
34343,69, 0
34344,70, 0
34345,72, 0
34346,71, 0
34347,71, 0
34348,71, 0
34349,76, 0
34350,77, 0
34351,69, 0
34352,70, 0
34353,72, 0
34354,64, 0
34355,65, 0
34356,78, 0
34357,63, 0
34358,75, 0
34359,72, 0
34360,65, 0
34361,77, 0
34362,63, 0
34363,46, 0
34364,25, 0
34365,17, 41
34366,12, 4
34367,18, 0
34368,38, 0
34369,70, 0
34370,81, 0
34371,85, 0
34372,87, 0
34373,80, 0
34374,72, 0
34375,74, 0
34376,73, 0
34377,76, 0
34378,67, 0
34379,67, 0
34380,62, 0
34381,63, 1
34382,64, 0
34383,61, 0
34384,60, 0
34385,67, 0
34386,73, 0
34387,70, 0
34388,58, 0
34389,57, 0
34390,64, 0
34391,63, 0
34392,61, 0
34393,39, 0
34394,14, 0
34395,0, 0
34396,0, 0
34397,0, 0
34398,2, 0
34399,22, 0
34400,44, 0
34401,50, 0
34402,52, 0
34403,55, 0
34404,46, 0
34405,48, 0
34406,48, 0
34407,42, 0
34408,38, 0
34409,39, 0
34410,40, 0
34411,70, 0
34412,47, 0
34413,53, 0
34414,57, 0
34415,57, 0
34416,58, 0
34417,53, 0
34418,58, 0
34419,54, 0
34420,52, 0
34421,53, 0
34422,54, 0
34423,47, 0
34424,37, 0
34425,12, 0
34426,1, 0
34427,5, 0
34428,12, 0
34429,45, 0
34430,79, 0
34431,93, 0
34432,90, 0
34433,86, 0
34434,80, 0
34435,74, 0
34436,70, 0
34437,83, 0
34438,71, 0
34439,78, 0
34440,67, 0
34441,88, 0
34442,78, 0
34443,83, 0
34444,84, 0
34445,75, 0
34446,68, 0
34447,76, 0
34448,83, 0
34449,73, 0
34450,71, 0
34451,72, 3
34452,76, 0
34453,74, 0
34454,63, 0
34455,42, 24
34456,24, 142
34457,13, 45
34458,20, 6
34459,38, 0
34460,76, 0
34461,103, 0
34462,120, 0
34463,123, 0
34464,132, 0
34465,121, 0
34466,131, 0
34467,125, 0
34468,120, 0
34469,109, 0
34470,113, 0
34471,109, 0
34472,108, 0
34473,97, 0
34474,80, 0
34475,75, 0
34476,72, 0
34477,59, 0
34478,59, 0
34479,43, 0
34480,39, 0
34481,28, 0
34482,18, 0
34483,12, 0
34484,3, 0
34485,0, 0
34486,0, 0
34487,0, 0
34488,0, 0
34489,0, 0
34490,0, 0
34491,0, 0
34492,0, 0
34493,14, 0
34494,0, 0
34495,0, 0
34496,0, 0
34497,0, 0
34498,0, 0
34499,0, 0
34500,0, 0
34501,0, 0
34502,0, 0
34503,0, 0
34504,0, 0
34505,0, 0
34506,0, 0
34507,12, 0
34508,42, 0
34509,77, 0
34510,113, 0
34511,134, 0
34512,163, 0
34513,184, 0
34514,200, 0
34515,184, 0
34516,152, 20
34517,130, 140
34518,115, 70
34519,92, 0
34520,94, 0
34521,118, 0
34522,151, 0
34523,159, 0
34524,159, 0
34525,144, 0
34526,135, 0
34527,124, 0
34528,107, 0
34529,91, 0
34530,86, 0
34531,88, 0
34532,81, 0
34533,91, 0
34534,88, 0
34535,91, 0
34536,92, 0
34537,99, 0
34538,92, 0
34539,95, 0
34540,93, 0
34541,90, 0
34542,94, 0
34543,94, 0
34544,95, 0
34545,95, 0
34546,67, 0
34547,40, 0
34548,37, 0
34549,32, 0
34550,31, 6
34551,51, 0
34552,88, 0
34553,99, 0
34554,102, 0
34555,109, 0
34556,116, 0
34557,100, 0
34558,87, 0
34559,90, 0
34560,87, 0
34561,84, 0
34562,87, 0
34563,89, 0
34564,87, 0
34565,78, 0
34566,64, 0
34567,60, 0
34568,54, 0
34569,34, 0
34570,20, 0
34571,19, 0
34572,0, 0
34573,0, 0
34574,0, 0
34575,0, 0
34576,0, 0
34577,0, 0
34578,0, 12
34579,0, 0
34580,0, 0
34581,1, 0
34582,22, 0
34583,44, 0
34584,54, 0
34585,55, 0
34586,62, 0
34587,53, 0
34588,56, 0
34589,56, 0
34590,61, 0
34591,46, 0
34592,47, 0
34593,46, 0
34594,44, 0
34595,40, 0
34596,38, 0
34597,29, 0
34598,35, 0
34599,38, 0
34600,52, 0
34601,62, 0
34602,79, 0
34603,89, 0
34604,95, 0
34605,106, 0
34606,95, 0
34607,74, 0
34608,54, 0
34609,51, 0
34610,44, 0
34611,53, 0
34612,76, 0
34613,105, 0
34614,119, 0
34615,109, 0
34616,97, 0
34617,70, 0
34618,60, 0
34619,47, 0
34620,48, 0
34621,40, 0
34622,44, 0
34623,40, 0
34624,35, 0
34625,38, 0
34626,38, 0
34627,40, 0
34628,57, 2
34629,68, 0
34630,95, 0
34631,119, 0
34632,120, 0
34633,115, 0
34634,118, 0
34635,113, 0
34636,126, 0
34637,124, 6
34638,96, 1
34639,76, 8
34640,76, 59
34641,74, 92
34642,78, 0
34643,101, 0
34644,126, 0
34645,138, 0
34646,120, 0
34647,110, 0
34648,115, 0
34649,112, 0
34650,112, 0
34651,115, 0
34652,108, 0
34653,102, 0
34654,97, 1
34655,90, 0
34656,92, 0
34657,95, 0
34658,87, 0
34659,72, 0
34660,42, 0
34661,4, 0
34662,0, 0
34663,0, 0
34664,8, 0
34665,31, 0
34666,45, 0
34667,29, 0
34668,35, 0
34669,39, 0
34670,25, 0
34671,0, 0
34672,0, 0
34673,0, 0
34674,6, 0
34675,31, 0
34676,54, 0
34677,74, 0
34678,92, 0
34679,99, 0
34680,106, 0
34681,110, 0
34682,102, 0
34683,106, 0
34684,102, 1
34685,93, 0
34686,92, 0
34687,84, 0
34688,73, 0
34689,60, 0
34690,50, 0
34691,38, 0
34692,40, 0
34693,38, 0
34694,34, 0
34695,29, 0
34696,15, 0
34697,10, 0
34698,0, 0
34699,0, 0
34700,0, 0
34701,0, 0
34702,0, 0
34703,0, 0
34704,0, 0
34705,1, 0
34706,9, 0
34707,0, 0
34708,0, 0
34709,0, 0
34710,0, 0
34711,2, 0
34712,13, 0
34713,31, 0
34714,44, 0
34715,59, 0
34716,72, 0
34717,83, 0
34718,104, 0
34719,95, 0
34720,101, 0
34721,108, 0
34722,139, 0
34723,126, 0
34724,141, 0
34725,143, 0
34726,143, 0
34727,152, 0
34728,139, 0
34729,111, 0
34730,91, 0
34731,79, 0
34732,87, 0
34733,100, 0
34734,129, 0
34735,161, 0
34736,170, 0
34737,171, 0
34738,167, 0
34739,158, 0
34740,141, 0
34741,144, 0
34742,142, 0
34743,133, 0
34744,130, 0
34745,121, 0
34746,110, 0
34747,103, 0
34748,90, 0
34749,89, 0
34750,83, 0
34751,84, 0
34752,78, 0
34753,83, 0
34754,76, 0
34755,74, 0
34756,70, 0
34757,71, 0
34758,67, 0
34759,55, 0
34760,31, 35
34761,7, 30
34762,1, 56
34763,9, 10
34764,23, 0
34765,55, 0
34766,71, 0
34767,80, 0
34768,76, 0
34769,74, 0
34770,83, 0
34771,70, 0
34772,76, 0
34773,76, 0
34774,79, 0
34775,64, 0
34776,77, 0
34777,72, 0
34778,71, 0
34779,76, 0
34780,76, 0
34781,76, 0
34782,71, 0
34783,91, 0
34784,68, 0
34785,69, 0
34786,71, 0
34787,73, 0
34788,69, 0
34789,61, 0
34790,40, 0
34791,18, 0
34792,6, 0
34793,11, 0
34794,12, 0
34795,41, 0
34796,68, 0
34797,86, 0
34798,83, 0
34799,86, 0
34800,78, 0
34801,71, 0
34802,72, 0
34803,72, 0
34804,70, 0
34805,70, 0
34806,55, 0
34807,60, 0
34808,54, 0
34809,62, 0
34810,72, 0
34811,51, 0
34812,51, 0
34813,41, 0
34814,47, 0
34815,44, 0
34816,45, 0
34817,39, 6
34818,42, 0
34819,38, 0
34820,21, 0
34821,0, 0
34822,0, 2
34823,0, 42
34824,0, 1
34825,9, 0
34826,25, 0
34827,51, 0
34828,53, 0
34829,58, 0
34830,58, 0
34831,55, 0
34832,55, 0
34833,54, 0
34834,54, 0
34835,51, 0
34836,62, 0
34837,59, 0
34838,58, 0
34839,75, 0
34840,65, 0
34841,64, 0
34842,57, 0
34843,54, 0
34844,71, 0
34845,47, 0
34846,58, 0
34847,62, 0
34848,72, 0
34849,65, 0
34850,59, 0
34851,36, 0
34852,18, 0
34853,10, 0
34854,9, 0
34855,20, 0
34856,55, 0
34857,89, 0
34858,108, 0
34859,108, 0
34860,107, 0
34861,107, 0
34862,90, 0
34863,90, 0
34864,94, 0
34865,96, 0
34866,95, 0
34867,96, 0
34868,90, 0
34869,87, 0
34870,74, 0
34871,63, 0
34872,44, 0
34873,38, 0
34874,31, 0
34875,38, 0
34876,25, 0
34877,23, 0
34878,21, 0
34879,29, 0
34880,19, 0
34881,2, 0
34882,0, 74
34883,0, 27
34884,0, 22
34885,0, 115
34886,0, 3
34887,7, 0
34888,19, 0
34889,28, 0
34890,26, 0
34891,26, 0
34892,26, 0
34893,44, 0
34894,57, 0
34895,69, 0
34896,81, 0
34897,88, 0
34898,92, 0
34899,93, 0
34900,95, 0
34901,79, 0
34902,76, 0
34903,76, 0
34904,63, 0
34905,73, 0
34906,76, 0
34907,73, 0
34908,72, 0
34909,69, 0
34910,70, 0
34911,53, 0
34912,19, 0
34913,0, 0
34914,0, 0
34915,0, 0
34916,0, 0
34917,0, 0
34918,0, 0
34919,4, 0
34920,0, 0
34921,0, 0
34922,3, 0
34923,25, 0
34924,28, 0
34925,46, 0
34926,71, 0
34927,80, 0
34928,101, 0
34929,101, 0
34930,108, 0
34931,121, 0
34932,99, 0
34933,88, 0
34934,80, 0
34935,76, 0
34936,64, 0
34937,51, 0
34938,37, 0
34939,17, 0
34940,12, 0
34941,2, 0
34942,0, 0
34943,0, 57
34944,0, 76
34945,0, 112
34946,0, 1
34947,0, 0
34948,0, 0
34949,0, 0
34950,0, 0
34951,0, 0
34952,2, 0
34953,0, 0
34954,0, 0
34955,0, 0
34956,0, 0
34957,0, 0
34958,0, 0
34959,0, 0
34960,0, 0
34961,2, 0
34962,22, 0
34963,59, 0
34964,90, 0
34965,118, 0
34966,132, 0
34967,133, 0
34968,127, 0
34969,119, 0
34970,104, 0
34971,101, 0
34972,60, 0
34973,34, 0
34974,13, 0
34975,19, 0
34976,32, 0
34977,52, 0
34978,104, 0
34979,152, 0
34980,176, 0
34981,193, 0
34982,197, 0
34983,206, 0
34984,183, 0
34985,159, 0
34986,149, 0
34987,141, 0
34988,132, 0
34989,110, 0
34990,83, 0
34991,64, 0
34992,76, 0
34993,57, 0
34994,45, 0
34995,34, 0
34996,17, 0
34997,2, 0
34998,0, 0
34999,0, 0
35000,0, 0
35001,0, 0
35002,0, 0
35003,0, 0
35004,0, 0
35005,0, 89
35006,0, 127
35007,0, 12
35008,9, 0
35009,52, 0
35010,74, 0
35011,80, 0
35012,57, 0
35013,25, 0
35014,2, 0
35015,0, 0
35016,0, 0
35017,0, 0
35018,13, 0
35019,28, 0
35020,39, 2
35021,43, 0
35022,45, 0
35023,55, 2
35024,73, 0
35025,100, 0
35026,119, 0
35027,132, 0
35028,143, 0
35029,154, 0
35030,153, 0
35031,158, 0
35032,152, 0
35033,144, 0
35034,121, 0
35035,88, 0
35036,90, 110
35037,96, 70
35038,103, 4
35039,137, 0
35040,167, 0
35041,190, 0
35042,192, 0
35043,185, 0
35044,161, 0
35045,152, 0
35046,121, 0
35047,94, 0
35048,92, 0
35049,59, 0
35050,54, 0
35051,43, 0
35052,31, 0
35053,43, 0
35054,31, 0
35055,32, 2
35056,48, 0
35057,60, 0
35058,76, 0
35059,78, 0
35060,79, 0
35061,70, 0
35062,63, 0
35063,73, 0
35064,51, 0
35065,24, 0
35066,8, 0
35067,19, 0
35068,20, 4
35069,13, 0
35070,15, 0
35071,4, 0
35072,0, 0
35073,1, 0
35074,4, 0
35075,0, 0
35076,0, 0
35077,0, 0
35078,0, 0
35079,1, 0
35080,0, 0
35081,1, 0
35082,1, 0
35083,27, 0
35084,64, 0
35085,101, 0
35086,132, 0
35087,141, 0
35088,145, 0
35089,139, 0
35090,153, 0
35091,155, 0
35092,181, 0
35093,180, 0
35094,167, 0
35095,136, 0
35096,95, 0
35097,64, 0
35098,70, 0
35099,90, 0
35100,137, 0
35101,184, 0
35102,202, 0
35103,198, 0
35104,183, 0
35105,184, 0
35106,222, 0
35107,266, 4
35108,326, 0
35109,352, 0
35110,355, 0
35111,337, 1
35112,297, 0
35113,273, 0
35114,244, 0
35115,207, 0
35116,196, 0
35117,155, 0
35118,117, 0
35119,56, 0
35120,0, 0
35121,0, 0
35122,0, 0
35123,0, 0
35124,0, 0
35125,0, 0
35126,0, 37
35127,0, 80
35128,1, 67
35129,1, 0
35130,2, 0
35131,0, 0
35132,41, 0
35133,150, 1
35134,226, 0
35135,286, 0
35136,333, 0
35137,368, 0
35138,371, 0
35139,337, 0
35140,286, 0
35141,184, 0
35142,110, 0
35143,11, 0
35144,0, 0
35145,28, 0
35146,123, 0
35147,176, 0
35148,215, 0
35149,244, 0
35150,251, 0
35151,231, 0
35152,184, 0
35153,141, 0
35154,105, 0
35155,73, 0
35156,40, 0
35157,31, 0
35158,38, 0
35159,69, 0
35160,116, 0
35161,174, 0
35162,253, 0
35163,301, 0
35164,326, 0
35165,342, 0
35166,355, 0
35167,354, 0
35168,360, 0
35169,337, 0
35170,306, 0
35171,237, 0
35172,159, 0
35173,74, 0
35174,7, 0
35175,0, 0
35176,3, 0
35177,13, 0
35178,17, 0
35179,3, 0
35180,0, 0
35181,0, 0
35182,0, 0
35183,2, 0
35184,35, 0
35185,72, 0
35186,92, 0
35187,112, 0
35188,127, 55
35189,154, 0
35190,183, 5
35191,228, 0
35192,258, 0
35193,298, 0
35194,300, 0
35195,247, 0
35196,249, 0
35197,247, 0
35198,258, 0
35199,276, 0
35200,269, 0
35201,226, 0
35202,159, 0
35203,112, 0
35204,52, 0
35205,4, 0
35206,0, 0
35207,0, 0
35208,46, 0
35209,104, 0
35210,155, 0
35211,179, 0
35212,205, 0
35213,217, 0
35214,186, 0
35215,169, 0
35216,117, 0
35217,101, 0
35218,90, 0
35219,69, 0
35220,38, 0
35221,5, 0
35222,0, 0
35223,0, 0
35224,5, 0
35225,25, 0
35226,70, 0
35227,112, 0
35228,126, 0
35229,141, 0
35230,169, 0
35231,183, 0
35232,159, 0
35233,147, 0
35234,103, 0
35235,90, 0
35236,83, 0
35237,92, 4
35238,117, 0
35239,152, 0
35240,172, 0
35241,183, 0
35242,164, 0
35243,139, 0
35244,136, 0
35245,117, 0
35246,113, 0
35247,90, 0
35248,63, 0
35249,48, 0
35250,43, 8
35251,58, 0
35252,96, 0
35253,135, 0
35254,128, 0
35255,108, 0
35256,93, 0
35257,81, 0
35258,91, 0
35259,129, 0
35260,177, 0
35261,205, 0
35262,213, 0
35263,192, 0
35264,145, 0
35265,103, 0
35266,85, 0
35267,115, 0
35268,149, 0
35269,176, 0
35270,195, 0
35271,186, 0
35272,164, 0
35273,133, 0
35274,89, 0
35275,38, 0
35276,0, 0
35277,0, 0
35278,0, 0
35279,9, 0
35280,0, 0
35281,0, 0
35282,9, 0
35283,100, 0
35284,167, 0
35285,216, 0
35286,242, 0
35287,254, 0
35288,258, 0
35289,247, 0
35290,252, 5
35291,259, 0
35292,312, 0
35293,359, 0
35294,369, 0
35295,304, 0
35296,212, 0
35297,95, 0
35298,6, 0
35299,5, 0
35300,103, 0
35301,234, 0
35302,361, 0
35303,447, 0
35304,473, 0
35305,425, 0
35306,306, 0
35307,116, 0
35308,1, 0
35309,122, 0
35310,278, 0
35311,353, 0
35312,367, 0
35313,348, 0
35314,336, 0
35315,357, 0
35316,377, 0
35317,395, 0
35318,416, 0
35319,446, 0
35320,476, 1
35321,509, 0
35322,487, 0
35323,473, 0
35324,430, 0
35325,342, 0
35326,244, 0
35327,159, 0
35328,83, 0
35329,5, 0
35330,0, 0
35331,28, 0
35332,47, 0
35333,34, 0
35334,5, 0
35335,0, 0
35336,0, 0
35337,0, 0
35338,11, 0
35339,62, 0
35340,139, 92
35341,158, 11
35342,169, 6
35343,140, 0
35344,79, 0
35345,10, 0
35346,0, 0
35347,0, 0
35348,3, 0
35349,12, 0
35350,46, 0
35351,89, 0
35352,130, 0
35353,150, 0
35354,164, 0
35355,148, 0
35356,121, 0
35357,72, 0
35358,12, 0
35359,0, 0
35360,0, 0
35361,0, 0
35362,0, 0
35363,0, 0
35364,0, 0
35365,0, 0
35366,6, 0
35367,5, 0
35368,6, 0
35369,0, 0
35370,0, 0
35371,0, 0
35372,6, 0
35373,70, 0
35374,203, 0
35375,347, 0
35376,475, 0
35377,533, 0
35378,525, 0
35379,457, 0
35380,353, 0
35381,267, 0
35382,196, 0
35383,129, 0
35384,83, 0
35385,40, 0
35386,2, 0
35387,4, 0
35388,19, 0
35389,74, 0
35390,105, 0
35391,80, 0
35392,19, 0
35393,2, 0
35394,93, 0
35395,226, 0
35396,348, 0
35397,406, 0
35398,430, 0
35399,424, 0
35400,393, 0
35401,393, 12
35402,409, 107
35403,464, 0
35404,517, 36
35405,540, 0
35406,553, 0
35407,546, 0
35408,517, 0
35409,456, 0
35410,384, 0
35411,291, 0
35412,157, 0
35413,12, 0
35414,58, 0
35415,206, 0
35416,313, 0
35417,368, 0
35418,370, 0
35419,331, 0
35420,278, 0
35421,246, 0
35422,232, 0
35423,196, 0
35424,108, 0
35425,4, 0
35426,21, 0
35427,126, 0
35428,191, 0
35429,172, 0
35430,95, 0
35431,18, 23
35432,0, 4
35433,3, 0
35434,2, 0
35435,0, 0
35436,0, 0
35437,63, 0
35438,175, 0
35439,264, 0
35440,326, 0
35441,369, 0
35442,425, 0
35443,506, 0
35444,476, 0
35445,334, 0
35446,76, 0
35447,123, 0
35448,530, 0
35449,895, 0
35450,1182, 0
35451,1325, 0
35452,1320, 0
35453,1228, 0
35454,1103, 0
35455,955, 0
35456,794, 0
35457,607, 0
35458,428, 0
35459,262, 0
35460,109, 0
35461,2, 0
35462,8, 0
35463,30, 0
35464,30, 0
35465,44, 0
35466,57, 0
35467,77, 0
35468,164, 7
35469,256, 0
35470,309, 0
35471,300, 0
35472,282, 0
35473,230, 0
35474,196, 0
35475,149, 0
35476,101, 0
35477,76, 0
35478,48, 0
35479,10, 0
35480,0, 0
35481,19, 0
35482,69, 0
35483,128, 0
35484,183, 0
35485,204, 0
35486,192, 0
35487,214, 0
35488,265, 0
35489,321, 0
35490,331, 0
35491,279, 0
35492,240, 0
35493,184, 0
35494,144, 0
35495,102, 0
35496,51, 0
35497,7, 0
35498,0, 0
35499,6, 0
35500,32, 0
35501,37, 0
35502,0, 0
35503,0, 0
35504,46, 0
35505,126, 0
35506,177, 0
35507,176, 0
35508,115, 0
35509,25, 0
35510,0, 0
35511,34, 0
35512,126, 0
35513,189, 0
35514,261, 0
35515,322, 0
35516,389, 0
35517,411, 0
35518,449, 0
35519,398, 0
35520,306, 0
35521,214, 0
35522,150, 0
35523,135, 0
35524,163, 0
35525,176, 0
35526,193, 0
35527,219, 0
35528,226, 0
35529,191, 0
35530,95, 0
35531,13, 0
35532,0, 0
35533,6, 0
35534,102, 4
35535,244, 0
35536,359, 0
35537,389, 0
35538,374, 0
35539,330, 0
35540,292, 0
35541,244, 0
35542,156, 0
35543,70, 0
35544,2, 0
35545,2, 0
35546,28, 0
35547,65, 0
35548,51, 0
35549,8, 0
35550,0, 0
35551,0, 0
35552,13, 0
35553,63, 0
35554,89, 0
35555,152, 0
35556,223, 0
35557,258, 0
35558,228, 0
35559,144, 0
35560,20, 0
35561,57, 0
35562,305, 0
35563,555, 0
35564,761, 0
35565,871, 0
35566,884, 0
35567,824, 0
35568,725, 0
35569,620, 2
35570,483, 0
35571,340, 0
35572,185, 0
35573,41, 0
35574,0, 0
35575,3, 0
35576,0, 0
35577,0, 0
35578,0, 0
35579,0, 0
35580,0, 0
35581,22, 0
35582,85, 0
35583,79, 0
35584,13, 0
35585,0, 0
35586,0, 0
35587,0, 0
35588,12, 0
35589,52, 0
35590,56, 0
35591,19, 0
35592,0, 0
35593,0, 0
35594,0, 0
35595,11, 0
35596,24, 0
35597,41, 0
35598,71, 0
35599,92, 0
35600,81, 0
35601,62, 0
35602,31, 0
35603,17, 3
35604,1, 0
35605,10, 0
35606,0, 0
35607,19, 0
35608,113, 0
35609,191, 0
35610,220, 0
35611,207, 0
35612,200, 0
35613,152, 0
35614,102, 0
35615,26, 0
35616,0, 0
35617,36, 0
35618,63, 0
35619,37, 0
35620,0, 0
35621,0, 0
35622,38, 0
35623,177, 0
35624,321, 0
35625,378, 0
35626,359, 0
35627,263, 0
35628,189, 0
35629,167, 0
35630,210, 0
35631,221, 0
35632,204, 0
35633,179, 0
35634,214, 0
35635,291, 0
35636,355, 0
35637,361, 0
35638,342, 0
35639,291, 0
35640,292, 0
35641,294, 0
35642,286, 0
35643,231, 0
35644,173, 0
35645,101, 0
35646,61, 0
35647,63, 0
35648,76, 0
35649,130, 0
35650,129, 0
35651,157, 0
35652,170, 0
35653,170, 0
35654,155, 0
35655,145, 0
35656,151, 0
35657,142, 0
35658,115, 0
35659,72, 0
35660,24, 0
35661,0, 0
35662,0, 0
35663,0, 0
35664,0, 2
35665,0, 0
35666,0, 0
35667,35, 0
35668,90, 0
35669,102, 0
35670,102, 0
35671,95, 0
35672,119, 0
35673,166, 0
35674,148, 0
35675,30, 0
35676,31, 0
35677,122, 0
35678,145, 0
35679,97, 0
35680,39, 0
35681,2, 0
35682,0, 0
35683,0, 0
35684,14, 0
35685,61, 0
35686,106, 0
35687,152, 0
35688,182, 0
35689,173, 0
35690,141, 0
35691,104, 0
35692,57, 0
35693,10, 0
35694,0, 0
35695,0, 0
35696,0, 0
35697,0, 0
35698,0, 0
35699,23, 0
35700,84, 0
35701,120, 0
35702,158, 0
35703,186, 0
35704,192, 0
35705,171, 0
35706,153, 0
35707,150, 0
35708,145, 0
35709,166, 0
35710,214, 0
35711,292, 0
35712,339, 0
35713,356, 0
35714,336, 0
35715,310, 0
35716,286, 0
35717,269, 0
35718,246, 0
35719,224, 0
35720,213, 0
35721,193, 0
35722,144, 0
35723,70, 0
35724,4, 0
35725,15, 0
35726,110, 0
35727,188, 0
35728,244, 0
35729,290, 0
35730,280, 0
35731,183, 0
35732,38, 0
35733,4, 0
35734,80, 0
35735,120, 0
35736,94, 124
35737,54, 154
35738,0, 35
35739,47, 0
35740,93, 0
35741,41, 0
35742,2, 0
35743,159, 0
35744,410, 0
35745,628, 0
35746,772, 0
35747,874, 0
35748,931, 0
35749,929, 0
35750,846, 0
35751,722, 0
35752,584, 0
35753,470, 0
35754,343, 0
35755,196, 0
35756,15, 0
35757,111, 0
35758,251, 0
35759,261, 0
35760,196, 0
35761,127, 0
35762,83, 0
35763,47, 0
35764,14, 0
35765,4, 0
35766,2, 0
35767,0, 0
35768,0, 0
35769,0, 0
35770,0, 0
35771,5, 0
35772,11, 0
35773,5, 0
35774,0, 0
35775,15, 0
35776,3, 0
35777,0, 0
35778,0, 0
35779,11, 0
35780,15, 0
35781,2, 0
35782,0, 0
35783,0, 0
35784,0, 0
35785,39, 0
35786,161, 0
35787,266, 0
35788,317, 0
35789,330, 0
35790,312, 0
35791,294, 0
35792,277, 0
35793,238, 0
35794,211, 0
35795,195, 0
35796,197, 0
35797,204, 0
35798,219, 0
35799,216, 0
35800,166, 0
35801,55, 0
35802,1, 0
35803,76, 0
35804,197, 0
35805,247, 0
35806,228, 0
35807,183, 0
35808,144, 0
35809,110, 0
35810,72, 0
35811,19, 0
35812,0, 0
35813,0, 0
35814,9, 0
35815,0, 0
35816,23, 0
35817,57, 0
35818,77, 0
35819,87, 0
35820,97, 0
35821,108, 0
35822,106, 0
35823,131, 0
35824,111, 0
35825,122, 0
35826,139, 0
35827,153, 0
35828,176, 0
35829,210, 0
35830,257, 0
35831,296, 0
35832,328, 0
35833,306, 0
35834,276, 0
35835,261, 0
35836,251, 0
35837,223, 0
35838,213, 0
35839,182, 0
35840,109, 0
35841,55, 0
35842,34, 0
35843,61, 0
35844,109, 0
35845,127, 0
35846,99, 0
35847,47, 0
35848,19, 0
35849,30, 0
35850,55, 0
35851,70, 0
35852,84, 0
35853,115, 0
35854,151, 0
35855,176, 0
35856,184, 0
35857,154, 0
35858,127, 6
35859,100, 0
35860,95, 6
35861,91, 0
35862,94, 0
35863,111, 0
35864,105, 0
35865,67, 0
35866,3, 0
35867,0, 0
35868,7, 0
35869,53, 0
35870,116, 0
35871,159, 0
35872,130, 0
35873,25, 0
35874,9, 0
35875,89, 0
35876,145, 0
35877,179, 0
35878,196, 0
35879,232, 0
35880,293, 0
35881,318, 0
35882,339, 0
35883,348, 0
35884,411, 0
35885,444, 0
35886,456, 0
35887,437, 0
35888,450, 0
35889,452, 0
35890,454, 0
35891,440, 0
35892,405, 0
35893,367, 0
35894,315, 3
35895,267, 0
35896,228, 0
35897,183, 0
35898,127, 0
35899,57, 0
35900,3, 0
35901,0, 0
35902,3, 0
35903,38, 0
35904,77, 0
35905,108, 0
35906,105, 0
35907,78, 0
35908,23, 0
35909,0, 0
35910,0, 0
35911,20, 0
35912,87, 0
35913,133, 0
35914,137, 0
35915,102, 0
35916,46, 0
35917,3, 0
35918,0, 0
35919,0, 0
35920,0, 2
35921,0, 19
35922,0, 0
35923,0, 0
35924,0, 0
35925,1, 0
35926,19, 0
35927,15, 0
35928,0, 0
35929,0, 0
35930,0, 0
35931,15, 0
35932,44, 0
35933,54, 0
35934,38, 0
35935,14, 0
35936,4, 0
35937,4, 0
35938,12, 0
35939,6, 0
35940,2, 0
35941,20, 0
35942,61, 0
35943,104, 0
35944,132, 0
35945,127, 0
35946,143, 0
35947,160, 0
35948,158, 0
35949,108, 0
35950,51, 0
35951,2, 0
35952,0, 0
35953,0, 0
35954,0, 0
35955,0, 2
35956,0, 0
35957,62, 0
35958,191, 0
35959,319, 0
35960,381, 0
35961,371, 0
35962,351, 0
35963,372, 0
35964,400, 0
35965,433, 0
35966,450, 0
35967,436, 0
35968,387, 0
35969,306, 0
35970,204, 0
35971,69, 0
35972,6, 0
35973,115, 0
35974,196, 0
35975,190, 0
35976,109, 0
35977,22, 0
35978,0, 0
35979,0, 0
35980,0, 0
35981,22, 0
35982,59, 0
35983,74, 0
35984,29, 0
35985,0, 0
35986,0, 0
35987,29, 0
35988,95, 0
35989,85, 0
35990,9, 0
35991,45, 0
35992,230, 0
35993,404, 0
35994,533, 0
35995,604, 0
35996,606, 0
35997,566, 0
35998,481, 0
35999,380, 0
36000,280, 0
36001,191, 0
36002,145, 0
36003,132, 0
36004,150, 0
36005,170, 0
36006,190, 0
36007,207, 0
36008,213, 0
36009,199, 0
36010,147, 0
36011,163, 0
36012,212, 0
36013,257, 0
36014,289, 0
36015,312, 0
36016,257, 4
36017,192, 0
36018,115, 0
36019,50, 0
36020,10, 0
36021,23, 0
36022,6, 0
36023,12, 0
36024,31, 0
36025,53, 0
36026,67, 0
36027,30, 0
36028,0, 0
36029,0, 0
36030,3, 0
36031,0, 0
36032,1, 0
36033,0, 0
36034,0, 0
36035,0, 0
36036,44, 0
36037,79, 0
36038,102, 0
36039,75, 0
36040,55, 0
36041,51, 0
36042,74, 18
36043,50, 0
36044,6, 0
36045,2, 0
36046,52, 0
36047,101, 0
36048,115, 0
36049,120, 0
36050,149, 0
36051,180, 4
36052,186, 0
36053,183, 0
36054,189, 0
36055,182, 0
36056,179, 0
36057,152, 0
36058,106, 0
36059,73, 0
36060,67, 0
36061,76, 0
36062,90, 0
36063,115, 0
36064,155, 0
36065,200, 0
36066,224, 0
36067,257, 0
36068,323, 0
36069,403, 0
36070,468, 0
36071,487, 0
36072,482, 0
36073,419, 0
36074,342, 0
36075,262, 0
36076,149, 0
36077,12, 0
36078,95, 0
36079,262, 0
36080,319, 0
36081,292, 0
36082,191, 0
36083,63, 0
36084,0, 0
36085,0, 0
36086,0, 0
36087,0, 0
36088,0, 0
36089,3, 0
36090,53, 0
36091,126, 7
36092,167, 0
36093,196, 0
36094,205, 0
36095,204, 0
36096,179, 0
36097,158, 0
36098,139, 0
36099,117, 0
36100,91, 0
36101,51, 0
36102,25, 111
36103,2, 81
36104,11, 62
36105,31, 6
36106,83, 0
36107,134, 0
36108,164, 0
36109,183, 0
36110,190, 0
36111,189, 0
36112,188, 0
36113,164, 0
36114,112, 0
36115,78, 0
36116,70, 0
36117,71, 0
36118,61, 0
36119,27, 0
36120,32, 0
36121,75, 0
36122,136, 0
36123,156, 0
36124,120, 0
36125,26, 0
36126,0, 0
36127,0, 0
36128,0, 0
36129,0, 0
36130,0, 0
36131,50, 0
36132,129, 0
36133,159, 0
36134,138, 0
36135,55, 0
36136,0, 0
36137,86, 0
36138,266, 0
36139,414, 0
36140,516, 0
36141,543, 0
36142,527, 0
36143,463, 0
36144,369, 0
36145,226, 0
36146,97, 0
36147,31, 0
36148,15, 0
36149,51, 0
36150,92, 0
36151,121, 0
36152,95, 4
36153,91, 0
36154,93, 0
36155,131, 0
36156,133, 0
36157,128, 0
36158,115, 0
36159,92, 0
36160,76, 0
36161,77, 6
36162,92, 0
36163,57, 7
36164,57, 28
36165,74, 39
36166,95, 0
36167,157, 0
36168,226, 0
36169,265, 0
36170,245, 0
36171,207, 0
36172,223, 0
36173,276, 0
36174,290, 0
36175,242, 0
36176,127, 0
36177,6, 0
36178,25, 0
36179,88, 0
36180,95, 0
36181,41, 0
36182,0, 0
36183,0, 0
36184,0, 0
36185,9, 0
36186,24, 0
36187,38, 0
36188,34, 0
36189,20, 0
36190,9, 0
36191,0, 0
36192,0, 0
36193,0, 0
36194,0, 0
36195,0, 0
36196,0, 0
36197,18, 0
36198,102, 0
36199,170, 0
36200,233, 0
36201,235, 0
36202,239, 0
36203,208, 0
36204,165, 0
36205,115, 0
36206,54, 0
36207,28, 0
36208,22, 0
36209,31, 0
36210,71, 0
36211,116, 0
36212,137, 0
36213,120, 0
36214,37, 0
36215,0, 0
36216,0, 0
36217,0, 0
36218,18, 0
36219,57, 0
36220,58, 0
36221,35, 0
36222,2, 0
36223,15, 0
36224,0, 31
36225,0, 5
36226,0, 67
36227,7, 36
36228,61, 0
36229,112, 0
36230,150, 0
36231,196, 0
36232,213, 0
36233,217, 0
36234,198, 0
36235,142, 0
36236,133, 0
36237,102, 0
36238,74, 0
36239,39, 0
36240,44, 0
36241,91, 0
36242,144, 0
36243,189, 0
36244,235, 0
36245,271, 0
36246,298, 0
36247,316, 0
36248,295, 0
36249,223, 0
36250,130, 0
36251,9, 0
36252,0, 0
36253,0, 0
36254,31, 0
36255,74, 0
36256,61, 0
36257,8, 0
36258,0, 0
36259,0, 0
36260,0, 0
36261,38, 0
36262,57, 0
36263,83, 0
36264,84, 0
36265,52, 0
36266,14, 0
36267,11, 0
36268,43, 0
36269,121, 0
36270,223, 0
36271,300, 0
36272,295, 0
36273,263, 0
36274,228, 0
36275,219, 0
36276,248, 0
36277,275, 0
36278,281, 0
36279,214, 0
36280,112, 0
36281,6, 0
36282,34, 0
36283,158, 0
36284,214, 0
36285,179, 0
36286,81, 0
36287,0, 0
36288,4, 19
36289,62, 0
36290,94, 0
36291,108, 0
36292,126, 0
36293,139, 0
36294,149, 0
36295,145, 0
36296,154, 0
36297,154, 0
36298,166, 0
36299,172, 0
36300,160, 0
36301,133, 0
36302,87, 0
36303,22, 0
36304,0, 0
36305,0, 0
36306,0, 0
36307,0, 0
36308,0, 0
36309,18, 0
36310,78, 0
36311,109, 0
36312,127, 0
36313,113, 0
36314,81, 0
36315,86, 0
36316,76, 0
36317,60, 0
36318,56, 0
36319,94, 0
36320,152, 0
36321,176, 0
36322,188, 0
36323,195, 0
36324,203, 0
36325,196, 0
36326,203, 0
36327,161, 0
36328,139, 0
36329,133, 0
36330,89, 0
36331,42, 0
36332,5, 0
36333,1, 0
36334,5, 0
36335,15, 0
36336,20, 0
36337,2, 0
36338,0, 0
36339,0, 0
36340,0, 0
36341,38, 0
36342,101, 0
36343,155, 0
36344,182, 0
36345,169, 0
36346,154, 0
36347,142, 6
36348,135, 0
36349,135, 6
36350,152, 0
36351,158, 0
36352,152, 0
36353,119, 0
36354,121, 0
36355,130, 0
36356,136, 0
36357,131, 0
36358,124, 0
36359,106, 0
36360,95, 0
36361,122, 0
36362,133, 0
36363,138, 0
36364,136, 0
36365,117, 0
36366,131, 0
36367,163, 0
36368,235, 0
36369,262, 0
36370,252, 0
36371,170, 0
36372,57, 0
36373,0, 0
36374,0, 0
36375,1, 0
36376,6, 0
36377,4, 0
36378,0, 0
36379,8, 0
36380,24, 0
36381,19, 0
36382,0, 0
36383,4, 0
36384,40, 0
36385,96, 0
36386,120, 0
36387,77, 0
36388,6, 0
36389,10, 0
36390,102, 0
36391,172, 0
36392,206, 0
36393,211, 0
36394,203, 0
36395,203, 0
36396,201, 0
36397,202, 0
36398,201, 0
36399,195, 0
36400,202, 0
36401,222, 0
36402,247, 0
36403,286, 0
36404,316, 0
36405,349, 0
36406,354, 0
36407,300, 0
36408,198, 0
36409,54, 0
36410,14, 0
36411,0, 0
36412,0, 0
36413,11, 0
36414,51, 0
36415,59, 0
36416,51, 0
36417,6, 0
36418,1, 0
36419,48, 0
36420,71, 0
36421,28, 0
36422,0, 0
36423,6, 0
36424,0, 0
36425,15, 0
36426,5, 0
36427,6, 0
36428,0, 0
36429,0, 0
36430,27, 0
36431,83, 0
36432,108, 0
36433,118, 0
36434,127, 0
36435,147, 0
36436,159, 0
36437,185, 0
36438,153, 0
36439,156, 1
36440,141, 21
36441,145, 0
36442,164, 0
36443,164, 0
36444,158, 0
36445,156, 0
36446,148, 0
36447,135, 0
36448,115, 0
36449,92, 0
36450,74, 0
36451,60, 0
36452,51, 0
36453,45, 0
36454,61, 0
36455,69, 0
36456,90, 0
36457,127, 0
36458,164, 0
36459,188, 0
36460,187, 0
36461,176, 0
36462,130, 0
36463,80, 0
36464,31, 0
36465,3, 0
36466,0, 0
36467,0, 42
36468,0, 43
36469,0, 94
36470,5, 54
36471,22, 0
36472,59, 0
36473,54, 0
36474,31, 0
36475,11, 0
36476,6, 0
36477,35, 0
36478,86, 0
36479,147, 0
36480,192, 0
36481,193, 0
36482,172, 0
36483,157, 0
36484,152, 0
36485,164, 0
36486,139, 0
36487,83, 0
36488,27, 0
36489,1, 0
36490,0, 0
36491,0, 0
36492,24, 0
36493,56, 0
36494,112, 0
36495,167, 0
36496,199, 0
36497,183, 0
36498,136, 0
36499,95, 0
36500,53, 0
36501,40, 0
36502,65, 0
36503,91, 0
36504,120, 0
36505,92, 0
36506,50, 0
36507,0, 0
36508,0, 0
36509,0, 0
36510,0, 0
36511,0, 0
36512,0, 0
36513,0, 0
36514,7, 0
36515,47, 0
36516,102, 0
36517,180, 0
36518,256, 0
36519,331, 0
36520,372, 0
36521,368, 0
36522,319, 5
36523,235, 0
36524,130, 0
36525,27, 0
36526,1, 0
36527,0, 0
36528,0, 0
36529,0, 0
36530,0, 0
36531,0, 0
36532,5, 0
36533,39, 0
36534,46, 0
36535,52, 0
36536,121, 0
36537,196, 0
36538,197, 0
36539,176, 0
36540,131, 0
36541,63, 0
36542,6, 0
36543,0, 0
36544,0, 0
36545,0, 0
36546,3, 0
36547,69, 0
36548,158, 0
36549,201, 0
36550,186, 0
36551,130, 0
36552,41, 0
36553,0, 0
36554,0, 0
36555,0, 0
36556,0, 0
36557,54, 0
36558,136, 0
36559,184, 25
36560,202, 4
36561,199, 2
36562,183, 0
36563,157, 0
36564,115, 0
36565,76, 0
36566,69, 0
36567,73, 0
36568,118, 0
36569,127, 0
36570,95, 0
36571,57, 0
36572,57, 0
36573,60, 0
36574,70, 0
36575,76, 0
36576,56, 0
36577,2, 0
36578,0, 0
36579,29, 0
36580,83, 0
36581,89, 0
36582,44, 0
36583,0, 0
36584,0, 0
36585,9, 0
36586,58, 0
36587,142, 0
36588,220, 0
36589,272, 0
36590,281, 23
36591,292, 9
36592,301, 44
36593,329, 0
36594,348, 0
36595,348, 0
36596,315, 0
36597,244, 0
36598,160, 0
36599,56, 0
36600,1, 0
36601,0, 0
36602,0, 0
36603,0, 0
36604,0, 0
36605,25, 0
36606,102, 0
36607,158, 0
36608,189, 0
36609,186, 0
36610,170, 0
36611,142, 0
36612,84, 0
36613,27, 0
36614,0, 0
36615,0, 0
36616,3, 0
36617,30, 0
36618,42, 0
36619,21, 0
36620,0, 0
36621,0, 0
36622,0, 12
36623,0, 0
36624,10, 0
36625,101, 0
36626,200, 0
36627,260, 0
36628,256, 0
36629,230, 0
36630,197, 0
36631,133, 0
36632,75, 0
36633,4, 0
36634,0, 0
36635,0, 0
36636,25, 0
36637,106, 0
36638,176, 0
36639,215, 0
36640,189, 0
36641,115, 0
36642,15, 0
36643,0, 0
36644,0, 0
36645,0, 0
36646,2, 0
36647,37, 0
36648,60, 0
36649,63, 0
36650,32, 0
36651,0, 0
36652,0, 6
36653,0, 0
36654,0, 0
36655,0, 0
36656,0, 0
36657,22, 0
36658,44, 0
36659,50, 0
36660,37, 0
36661,25, 0
36662,29, 0
36663,30, 0
36664,44, 0
36665,63, 0
36666,61, 0
36667,61, 0
36668,56, 0
36669,35, 0
36670,8, 0
36671,0, 0
36672,0, 0
36673,0, 0
36674,0, 0
36675,0, 0
36676,0, 0
36677,19, 0
36678,79, 0
36679,139, 0
36680,160, 0
36681,164, 0
36682,157, 1
36683,168, 0
36684,180, 0
36685,200, 0
36686,218, 0
36687,216, 0
36688,191, 0
36689,164, 0
36690,156, 0
36691,169, 0
36692,185, 0
36693,203, 0
36694,193, 0
36695,176, 0
36696,133, 0
36697,71, 0
36698,26, 0
36699,4, 0
36700,7, 0
36701,27, 0
36702,44, 0
36703,61, 0
36704,57, 0
36705,43, 0
36706,34, 0
36707,48, 0
36708,54, 0
36709,70, 0
36710,76, 0
36711,48, 0
36712,18, 44
36713,2, 0
36714,0, 0
36715,2, 0
36716,37, 0
36717,64, 0
36718,77, 0
36719,76, 0
36720,55, 0
36721,50, 0
36722,54, 0
36723,52, 0
36724,38, 0
36725,6, 0
36726,1, 0
36727,0, 0
36728,17, 0
36729,70, 0
36730,166, 0
36731,268, 0
36732,357, 0
36733,427, 0
36734,411, 0
36735,378, 0
36736,300, 0
36737,210, 0
36738,151, 0
36739,97, 0
36740,76, 0
36741,27, 0
36742,0, 0
36743,0, 0
36744,0, 0
36745,0, 4
36746,0, 0
36747,11, 0
36748,29, 0
36749,31, 0
36750,28, 0
36751,0, 0
36752,0, 0
36753,0, 0
36754,0, 0
36755,0, 0
36756,4, 0
36757,41, 0
36758,110, 0
36759,156, 0
36760,175, 0
36761,157, 0
36762,103, 0
36763,65, 0
36764,46, 0
36765,89, 0
36766,139, 0
36767,154, 0
36768,159, 0
36769,167, 6
36770,176, 0
36771,152, 0
36772,116, 6
36773,51, 9
36774,4, 73
36775,0, 21
36776,0, 0
36777,0, 0
36778,0, 0
36779,0, 0
36780,0, 0
36781,0, 0
36782,6, 0
36783,53, 0
36784,110, 0
36785,131, 0
36786,124, 0
36787,122, 0
36788,127, 0
36789,88, 0
36790,9, 0
36791,4, 0
36792,0, 0
36793,0, 0
36794,2, 0
36795,34, 0
36796,76, 0
36797,95, 0
36798,97, 0
36799,110, 0
36800,92, 0
36801,62, 0
36802,31, 0
36803,5, 0
36804,6, 0
36805,39, 0
36806,63, 0
36807,81, 0
36808,83, 0
36809,71, 0
36810,48, 0
36811,54, 0
36812,106, 0
36813,187, 0
36814,276, 0
36815,348, 0
36816,406, 0
36817,454, 0
36818,479, 0
36819,473, 0
36820,363, 0
36821,218, 0
36822,51, 0
36823,6, 0
36824,147, 0
36825,233, 0
36826,183, 0
36827,57, 0
36828,0, 0
36829,0, 0
36830,0, 0
36831,0, 0
36832,0, 0
36833,8, 0
36834,0, 0
36835,0, 4
36836,0, 0
36837,0, 0
36838,0, 0
36839,0, 0
36840,56, 0
36841,124, 0
36842,165, 0
36843,214, 0
36844,252, 0
36845,239, 0
36846,170, 0
36847,94, 0
36848,31, 0
36849,0, 0
36850,0, 0
36851,0, 0
36852,1, 0
36853,0, 0
36854,17, 0
36855,102, 0
36856,164, 0
36857,170, 0
36858,127, 0
36859,83, 0
36860,64, 0
36861,48, 0
36862,27, 0
36863,12, 0
36864,0, 0
36865,0, 0
36866,3, 0
36867,24, 0
36868,54, 0
36869,83, 0
36870,103, 0
36871,86, 0
36872,51, 0
36873,15, 0
36874,0, 0
36875,1, 0
36876,43, 0
36877,117, 0
36878,189, 0
36879,221, 0
36880,221, 0
36881,202, 0
36882,190, 0
36883,190, 0
36884,189, 0
36885,182, 0
36886,157, 0
36887,131, 0
36888,108, 0
36889,102, 0
36890,127, 0
36891,153, 0
36892,164, 0
36893,142, 0
36894,90, 0
36895,26, 0
36896,1, 0
36897,0, 12
36898,0, 0
36899,0, 0
36900,0, 0
36901,0, 0
36902,0, 0
36903,21, 0
36904,95, 0
36905,165, 0
36906,248, 0
36907,300, 0
36908,337, 0
36909,317, 0
36910,256, 0
36911,149, 0
36912,43, 0
36913,0, 0
36914,0, 0
36915,0, 0
36916,0, 0
36917,0, 0
36918,0, 0
36919,0, 0
36920,9, 0
36921,45, 0
36922,74, 0
36923,70, 0
36924,27, 0
36925,0, 0
36926,0, 0
36927,0, 0
36928,12, 0
36929,69, 0
36930,127, 0
36931,147, 0
36932,132, 0
36933,116, 0
36934,97, 0
36935,96, 0
36936,105, 0
36937,97, 0
36938,83, 0
36939,51, 0
36940,36, 0
36941,3, 0
36942,0, 0
36943,0, 0
36944,0, 0
36945,0, 0
36946,18, 0
36947,0, 0
36948,12, 0
36949,28, 0
36950,56, 0
36951,117, 0
36952,179, 0
36953,235, 0
36954,282, 0
36955,281, 0
36956,265, 122
36957,254, 21
36958,256, 0
36959,232, 0
36960,218, 0
36961,181, 0
36962,137, 0
36963,75, 0
36964,9, 0
36965,0, 0
36966,0, 0
36967,2, 0
36968,0, 0
36969,0, 0
36970,1, 0
36971,19, 0
36972,32, 0
36973,51, 0
36974,74, 0
36975,96, 0
36976,103, 0
36977,119, 0
36978,95, 0
36979,105, 0
36980,136, 0
36981,179, 0
36982,238, 0
36983,258, 0
36984,254, 0
36985,221, 0
36986,176, 0
36987,151, 0
36988,134, 0
36989,99, 0
36990,34, 0
36991,0, 0
36992,2, 0
36993,22, 0
36994,8, 0
36995,0, 0
36996,0, 0
36997,45, 0
36998,93, 0
36999,118, 0
37000,124, 0
37001,123, 0
37002,121, 0
37003,112, 0
37004,97, 0
37005,75, 0
37006,52, 0
37007,55, 0
37008,57, 0
37009,53, 0
37010,29, 0
37011,6, 0
37012,1, 0
37013,9, 0
37014,38, 0
37015,58, 0
37016,51, 0
37017,57, 0
37018,64, 0
37019,86, 0
37020,102, 0
37021,147, 0
37022,152, 0
37023,147, 0
37024,132, 0
37025,133, 0
37026,149, 0
37027,139, 0
37028,140, 0
37029,95, 0
37030,72, 0
37031,40, 0
37032,19, 0
37033,0, 0
37034,0, 0
37035,0, 0
37036,0, 0
37037,27, 0
37038,89, 0
37039,139, 0
37040,183, 0
37041,196, 0
37042,197, 0
37043,174, 0
37044,145, 0
37045,124, 0
37046,89, 0
37047,42, 0
37048,25, 0
37049,22, 0
37050,15, 0
37051,29, 0
37052,54, 0
37053,71, 0
37054,76, 0
37055,84, 0
37056,74, 0
37057,77, 0
37058,73, 0
37059,76, 0
37060,60, 0
37061,31, 0
37062,17, 0
37063,2, 0
37064,23, 0
37065,62, 0
37066,117, 0
37067,157, 0
37068,204, 0
37069,262, 0
37070,296, 0
37071,313, 0
37072,308, 0
37073,318, 0
37074,330, 0
37075,314, 0
37076,270, 0
37077,187, 0
37078,83, 1
37079,4, 0
37080,0, 0
37081,5, 0
37082,0, 0
37083,0, 0
37084,15, 0
37085,61, 0
37086,94, 0
37087,109, 0
37088,103, 0
37089,90, 0
37090,64, 0
37091,35, 0
37092,19, 0
37093,20, 0
37094,50, 0
37095,88, 0
37096,125, 0
37097,155, 0
37098,166, 0
37099,158, 0
37100,123, 0
37101,97, 0
37102,109, 0
37103,152, 0
37104,185, 0
37105,189, 0
37106,152, 0
37107,80, 0
37108,10, 0
37109,0, 0
37110,0, 0
37111,0, 0
37112,0, 0
37113,0, 0
37114,0, 0
37115,5, 0
37116,37, 0
37117,57, 0
37118,84, 0
37119,95, 0
37120,99, 0
37121,74, 0
37122,62, 0
37123,71, 0
37124,55, 0
37125,27, 0
37126,1, 0
37127,0, 0
37128,0, 0
37129,0, 0
37130,0, 0
37131,0, 0
37132,0, 0
37133,2, 0
37134,31, 0
37135,78, 0
37136,116, 0
37137,150, 0
37138,169, 0
37139,187, 259
37140,183, 168
37141,159, 4
37142,159, 0
37143,202, 0
37144,257, 0
37145,282, 0
37146,228, 0
37147,140, 0
37148,44, 0
37149,0, 0
37150,0, 0
37151,1, 0
37152,1, 0
37153,0, 0
37154,0, 0
37155,19, 0
37156,91, 0
37157,179, 0
37158,238, 0
37159,260, 0
37160,216, 0
37161,127, 0
37162,42, 0
37163,4, 0
37164,27, 0
37165,71, 0
37166,127, 0
37167,144, 0
37168,87, 0
37169,23, 0
37170,5, 0
37171,6, 0
37172,6, 0
37173,4, 0
37174,11, 0
37175,12, 0
37176,25, 0
37177,28, 0
37178,41, 0
37179,67, 0
37180,91, 0
37181,84, 0
37182,96, 0
37183,86, 0
37184,95, 0
37185,85, 0
37186,81, 0
37187,76, 0
37188,77, 0
37189,77, 0
37190,84, 0
37191,92, 0
37192,95, 0
37193,96, 0
37194,93, 0
37195,95, 0
37196,92, 0
37197,85, 0
37198,71, 0
37199,37, 0
37200,8, 108
37201,6, 7
37202,13, 0
37203,38, 0
37204,57, 0
37205,70, 0
37206,57, 0
37207,55, 0
37208,48, 0
37209,47, 0
37210,52, 0
37211,64, 0
37212,95, 0
37213,105, 0
37214,136, 0
37215,145, 0
37216,144, 0
37217,125, 0
37218,127, 0
37219,121, 0
37220,132, 0
37221,141, 0
37222,147, 0
37223,115, 0
37224,83, 0
37225,68, 0
37226,89, 0
37227,104, 0
37228,95, 0
37229,44, 0
37230,1, 1
37231,0, 0
37232,0, 0
37233,2, 0
37234,5, 0
37235,0, 0
37236,8, 0
37237,70, 0
37238,139, 0
37239,180, 0
37240,196, 0
37241,199, 0
37242,223, 0
37243,237, 0
37244,221, 0
37245,172, 0
37246,111, 0
37247,85, 0
37248,94, 0
37249,165, 0
37250,226, 0
37251,264, 0
37252,270, 0
37253,259, 0
37254,248, 0
37255,229, 0
37256,186, 0
37257,123, 0
37258,77, 0
37259,60, 0
37260,57, 14
37261,84, 141
37262,111, 47
37263,87, 0
37264,22, 0
37265,0, 0
37266,0, 0
37267,21, 0
37268,125, 0
37269,184, 0
37270,183, 0
37271,115, 0
37272,19, 0
37273,1, 0
37274,46, 0
37275,121, 0
37276,147, 0
37277,144, 0
37278,122, 0
37279,102, 0
37280,90, 0
37281,85, 0
37282,79, 0
37283,88, 0
37284,99, 0
37285,133, 0
37286,158, 0
37287,159, 0
37288,127, 0
37289,69, 0
37290,36, 0
37291,42, 0
37292,89, 0
37293,152, 0
37294,220, 0
37295,257, 0
37296,247, 0
37297,231, 0
37298,173, 0
37299,123, 0
37300,65, 0
37301,5, 0
37302,0, 0
37303,0, 0
37304,0, 0
37305,0, 0
37306,0, 0
37307,0, 0
37308,0, 0
37309,12, 0
37310,27, 0
37311,20, 0
37312,6, 0
37313,0, 0
37314,12, 0
37315,34, 0
37316,78, 0
37317,118, 0
37318,154, 0
37319,169, 0
37320,196, 0
37321,139, 70
37322,56, 117
37323,3, 70
37324,0, 41
37325,0, 0
37326,0, 0
37327,0, 0
37328,0, 0
37329,8, 0
37330,45, 0
37331,78, 0
37332,112, 0
37333,145, 0
37334,145, 0
37335,159, 0
37336,165, 0
37337,167, 0
37338,140, 0
37339,89, 0
37340,19, 0
37341,0, 0
37342,0, 0
37343,0, 0
37344,0, 0
37345,5, 0
37346,40, 0
37347,70, 0
37348,86, 0
37349,102, 0
37350,89, 0
37351,50, 0
37352,2, 0
37353,0, 0
37354,0, 0
37355,0, 0
37356,21, 0
37357,110, 0
37358,173, 0
37359,206, 0
37360,201, 0
37361,161, 0
37362,107, 0
37363,71, 0
37364,59, 0
37365,75, 0
37366,102, 0
37367,136, 0
37368,167, 0
37369,186, 0
37370,195, 0
37371,186, 0
37372,161, 0
37373,134, 0
37374,113, 0
37375,115, 0
37376,126, 0
37377,148, 0
37378,164, 0
37379,147, 0
37380,86, 0
37381,5, 0
37382,0, 0
37383,22, 0
37384,0, 1
37385,0, 0
37386,14, 0
37387,83, 0
37388,135, 0
37389,153, 0
37390,163, 0
37391,140, 0
37392,89, 0
37393,58, 0
37394,34, 0
37395,36, 0
37396,0, 0
37397,0, 0
37398,9, 0
37399,35, 0
37400,43, 0
37401,45, 0
37402,44, 0
37403,58, 0
37404,75, 0
37405,84, 0
37406,115, 0
37407,166, 0
37408,202, 0
37409,220, 0
37410,196, 0
37411,159, 0
37412,94, 0
37413,34, 0
37414,14, 0
37415,2, 0
37416,3, 0
37417,13, 0
37418,18, 0
37419,12, 0
37420,30, 0
37421,72, 0
37422,93, 0
37423,102, 0
37424,107, 0
37425,116, 0
37426,127, 0
37427,129, 0
37428,115, 0
37429,121, 0
37430,104, 0
37431,90, 0
37432,90, 0
37433,96, 0
37434,111, 0
37435,103, 0
37436,78, 0
37437,31, 0
37438,14, 0
37439,10, 0
37440,15, 0
37441,15, 0
37442,12, 0
37443,0, 0
37444,0, 0
37445,0, 0
37446,11, 0
37447,39, 0
37448,89, 0
37449,130, 0
37450,134, 0
37451,121, 0
37452,104, 0
37453,102, 0
37454,133, 0
37455,131, 0
37456,141, 0
37457,133, 0
37458,112, 0
37459,86, 0
37460,55, 0
37461,44, 0
37462,46, 0
37463,46, 0
37464,44, 0
37465,29, 0
37466,3, 0
37467,0, 0
37468,1, 0
37469,25, 0
37470,67, 0
37471,109, 0
37472,156, 0
37473,138, 0
37474,140, 2
37475,141, 0
37476,138, 0
37477,144, 0
37478,151, 0
37479,158, 0
37480,131, 0
37481,74, 0
37482,18, 0
37483,0, 0
37484,3, 0
37485,0, 0
37486,0, 0
37487,0, 0
37488,0, 0
37489,9, 0
37490,12, 0
37491,56, 0
37492,91, 0
37493,124, 0
37494,125, 0
37495,108, 0
37496,86, 0
37497,92, 0
37498,101, 0
37499,126, 0
37500,108, 0
37501,96, 0
37502,94, 0
37503,86, 0
37504,51, 0
37505,23, 0
37506,21, 0
37507,54, 0
37508,92, 0
37509,158, 0
37510,177, 0
37511,164, 0
37512,116, 0
37513,74, 0
37514,26, 0
37515,26, 0
37516,28, 0
37517,51, 0
37518,61, 0
37519,47, 0
37520,13, 0
37521,0, 0
37522,0, 0
37523,0, 0
37524,0, 0
37525,0, 0
37526,0, 0
37527,3, 0
37528,56, 0
37529,132, 0
37530,215, 0
37531,279, 0
37532,298, 0
37533,258, 0
37534,188, 0
37535,95, 0
37536,19, 0
37537,0, 0
37538,0, 0
37539,0, 0
37540,0, 0
37541,0, 0
37542,0, 0
37543,30, 0
37544,109, 0
37545,202, 0
37546,243, 0
37547,210, 0
37548,133, 0
37549,70, 0
37550,20, 0
37551,0, 0
37552,0, 0
37553,0, 0
37554,0, 0
37555,0, 0
37556,0, 0
37557,6, 0
37558,21, 0
37559,40, 0
37560,84, 0
37561,125, 0
37562,176, 0
37563,158, 0
37564,141, 0
37565,96, 18
37566,60, 46
37567,57, 0
37568,93, 0
37569,145, 0
37570,210, 0
37571,238, 0
37572,262, 0
37573,255, 0
37574,222, 0
37575,166, 0
37576,84, 0
37577,6, 0
37578,0, 0
37579,0, 0
37580,0, 0
37581,1, 0
37582,0, 0
37583,0, 0
37584,2, 0
37585,27, 0
37586,74, 0
37587,89, 0
37588,104, 0
37589,95, 0
37590,93, 0
37591,70, 0
37592,67, 0
37593,45, 0
37594,22, 0
37595,0, 0
37596,0, 0
37597,0, 0
37598,0, 0
37599,38, 0
37600,109, 0
37601,151, 0
37602,174, 0
37603,191, 0
37604,208, 0
37605,211, 0
37606,201, 0
37607,164, 0
37608,119, 0
37609,63, 0
37610,5, 0
37611,0, 0
37612,0, 0
37613,0, 0
37614,0, 0
37615,0, 0
37616,0, 0
37617,0, 0
37618,28, 0
37619,70, 0
37620,83, 0
37621,100, 0
37622,93, 1
37623,93, 0
37624,97, 0
37625,115, 0
37626,105, 120
37627,100, 10
37628,108, 40
37629,110, 21
37630,92, 0
37631,85, 0
37632,67, 0
37633,54, 0
37634,46, 0
37635,40, 0
37636,38, 0
37637,62, 0
37638,85, 0
37639,141, 0
37640,202, 0
37641,280, 0
37642,338, 0
37643,340, 0
37644,294, 0
37645,220, 0
37646,148, 0
37647,25, 0
37648,0, 0
37649,0, 0
37650,0, 0
37651,0, 0
37652,5, 0
37653,48, 0
37654,83, 0
37655,72, 0
37656,31, 0
37657,0, 0
37658,5, 0
37659,17, 0
37660,34, 0
37661,44, 0
37662,84, 0
37663,125, 0
37664,145, 0
37665,143, 0
37666,138, 0
37667,118, 0
37668,92, 0
37669,75, 0
37670,63, 0
37671,64, 0
37672,64, 0
37673,51, 0
37674,51, 0
37675,43, 0
37676,63, 0
37677,72, 0
37678,79, 0
37679,76, 0
37680,76, 0
37681,72, 0
37682,74, 0
37683,72, 0
37684,45, 0
37685,11, 0
37686,0, 0
37687,0, 0
37688,0, 39
37689,0, 0
37690,4, 0
37691,10, 0
37692,69, 0
37693,113, 0
37694,154, 0
37695,183, 0
37696,174, 0
37697,143, 0
37698,102, 0
37699,70, 0
37700,64, 0
37701,80, 0
37702,111, 0
37703,138, 0
37704,158, 0
37705,120, 0
37706,119, 0
37707,112, 0
37708,108, 0
37709,80, 0
37710,47, 0
37711,29, 0
37712,19, 0
37713,29, 0
37714,29, 0
37715,27, 0
37716,20, 0
37717,0, 0
37718,0, 0
37719,2, 0
37720,0, 0
37721,12, 0
37722,50, 0
37723,93, 0
37724,137, 0
37725,127, 0
37726,117, 0
37727,130, 0
37728,120, 0
37729,104, 0
37730,97, 0
37731,88, 0
37732,67, 0
37733,41, 0
37734,22, 0
37735,7, 0
37736,0, 0
37737,0, 0
37738,0, 0
37739,0, 0
37740,0, 0
37741,4, 0
37742,62, 0
37743,159, 0
37744,260, 2
37745,338, 0
37746,380, 0
37747,369, 0
37748,284, 0
37749,166, 0
37750,54, 52
37751,0, 0
37752,0, 0
37753,0, 0
37754,15, 0
37755,19, 0
37756,11, 0
37757,13, 0
37758,20, 0
37759,41, 0
37760,65, 0
37761,102, 0
37762,134, 0
37763,166, 0
37764,170, 0
37765,157, 0
37766,147, 0
37767,152, 0
37768,167, 0
37769,154, 0
37770,102, 0
37771,43, 0
37772,9, 0
37773,20, 0
37774,54, 0
37775,77, 0
37776,99, 0
37777,127, 0
37778,115, 0
37779,93, 0
37780,63, 0
37781,25, 0
37782,0, 0
37783,0, 0
37784,0, 0
37785,0, 0
37786,0, 0
37787,0, 0
37788,0, 0
37789,19, 0
37790,69, 0
37791,115, 0
37792,115, 0
37793,91, 0
37794,57, 0
37795,38, 0
37796,5, 0
37797,0, 0
37798,1, 0
37799,20, 0
37800,81, 0
37801,142, 0
37802,168, 0
37803,153, 0
37804,85, 0
37805,12, 0
37806,0, 0
37807,0, 0
37808,0, 0
37809,2, 0
37810,0, 0
37811,0, 0
37812,0, 0
37813,31, 0
37814,107, 0
37815,170, 0
37816,204, 0
37817,202, 0
37818,177, 0
37819,132, 0
37820,103, 0
37821,73, 0
37822,51, 0
37823,44, 0
37824,14, 0
37825,6, 0
37826,9, 0
37827,42, 0
37828,113, 0
37829,171, 0
37830,218, 0
37831,252, 0
37832,248, 0
37833,219, 0
37834,176, 0
37835,132, 0
37836,94, 0
37837,68, 0
37838,51, 0
37839,15, 0
37840,0, 0
37841,0, 0
37842,0, 0
37843,0, 0
37844,28, 0
37845,72, 0
37846,89, 0
37847,93, 0
37848,84, 0
37849,75, 0
37850,44, 0
37851,20, 0
37852,7, 0
37853,15, 0
37854,24, 0
37855,38, 0
37856,45, 0
37857,59, 0
37858,65, 0
37859,67, 0
37860,48, 0
37861,51, 0
37862,60, 0
37863,81, 0
37864,102, 0
37865,117, 0
37866,134, 0
37867,123, 0
37868,115, 0
37869,90, 0
37870,59, 0
37871,38, 46
37872,11, 129
37873,1, 159
37874,1, 42
37875,25, 0
37876,73, 0
37877,92, 0
37878,107, 0
37879,108, 0
37880,105, 0
37881,89, 0
37882,80, 0
37883,65, 0
37884,57, 0
37885,46, 0
37886,51, 0
37887,40, 0
37888,51, 0
37889,70, 0
37890,109, 0
37891,131, 0
37892,139, 0
37893,129, 0
37894,102, 0
37895,92, 0
37896,90, 0
37897,99, 0
37898,110, 0
37899,111, 0
37900,92, 0
37901,64, 0
37902,44, 0
37903,30, 0
37904,38, 0
37905,61, 0
37906,95, 0
37907,110, 0
37908,115, 0
37909,95, 0
37910,97, 0
37911,89, 0
37912,71, 0
37913,73, 0
37914,78, 0
37915,74, 0
37916,63, 0
37917,65, 0
37918,85, 0
37919,140, 0
37920,184, 0
37921,232, 0
37922,215, 0
37923,197, 0
37924,183, 0
37925,164, 0
37926,139, 0
37927,110, 0
37928,94, 0
37929,57, 0
37930,44, 0
37931,36, 0
37932,32, 1
37933,43, 6
37934,63, 0
37935,115, 0
37936,166, 0
37937,181, 0
37938,145, 0
37939,105, 0
37940,57, 0
37941,18, 0
37942,6, 0
37943,21, 0
37944,50, 0
37945,83, 0
37946,95, 0
37947,104, 0
37948,120, 0
37949,129, 0
37950,119, 0
37951,127, 0
37952,115, 0
37953,81, 0
37954,63, 0
37955,55, 0
37956,70, 0
37957,89, 0
37958,95, 0
37959,95, 0
37960,92, 0
37961,41, 0
37962,5, 0
37963,0, 0
37964,0, 0
37965,12, 0
37966,51, 0
37967,102, 0
37968,122, 0
37969,104, 0
37970,100, 0
37971,89, 0
37972,101, 0
37973,116, 0
37974,132, 0
37975,136, 0
37976,127, 0
37977,117, 0
37978,90, 0
37979,79, 0
37980,38, 0
37981,27, 0
37982,53, 0
37983,111, 0
37984,172, 0
37985,191, 0
37986,159, 0
37987,117, 0
37988,71, 0
37989,37, 0
37990,21, 0
37991,0, 0
37992,0, 0
37993,0, 7
37994,0, 0
37995,0, 0
37996,0, 0
37997,0, 0
37998,8, 0
37999,31, 0
38000,36, 0
38001,45, 0
38002,43, 0
38003,55, 0
38004,44, 0
38005,47, 0
38006,58, 0
38007,56, 0
38008,74, 0
38009,81, 0
38010,97, 0
38011,109, 0
38012,108, 0
38013,95, 0
38014,89, 0
38015,95, 0
38016,99, 0
38017,121, 0
38018,129, 0
38019,159, 0
38020,183, 0
38021,179, 0
38022,117, 0
38023,44, 0
38024,7, 0
38025,0, 0
38026,0, 0
38027,0, 0
38028,18, 0
38029,70, 0
38030,93, 0
38031,104, 0
38032,113, 0
38033,111, 0
38034,106, 0
38035,110, 0
38036,111, 0
38037,109, 0
38038,100, 0
38039,111, 0
38040,106, 0
38041,100, 0
38042,102, 0
38043,96, 0
38044,92, 0
38045,84, 0
38046,75, 0
38047,63, 0
38048,56, 0
38049,57, 0
38050,51, 0
38051,44, 0
38052,12, 0
38053,0, 0
38054,0, 0
38055,0, 0
38056,3, 6
38057,38, 0
38058,103, 0
38059,152, 0
38060,179, 0
38061,181, 0
38062,170, 0
38063,152, 0
38064,133, 0
38065,103, 0
38066,90, 0
38067,81, 0
38068,74, 0
38069,64, 0
38070,44, 0
38071,24, 0
38072,17, 0
38073,15, 0
38074,31, 0
38075,48, 0
38076,76, 0
38077,112, 0
38078,137, 0
38079,136, 0
38080,136, 0
38081,119, 0
38082,118, 0
38083,59, 3
38084,31, 0
38085,27, 0
38086,27, 0
38087,44, 0
38088,77, 0
38089,112, 0
38090,138, 0
38091,134, 0
38092,139, 0
38093,120, 0
38094,124, 0
38095,118, 0
38096,124, 0
38097,123, 0
38098,108, 0
38099,108, 0
38100,80, 0
38101,69, 0
38102,44, 0
38103,29, 0
38104,8, 0
38105,11, 0
38106,19, 0
38107,31, 0
38108,41, 0
38109,80, 0
38110,103, 0
38111,136, 0
38112,160, 0
38113,149, 1
38114,106, 237
38115,44, 181
38116,17, 211
38117,0, 61
38118,2, 0
38119,32, 0
38120,76, 0
38121,111, 0
38122,132, 0
38123,144, 0
38124,120, 0
38125,107, 0
38126,85, 0
38127,69, 0
38128,39, 0
38129,13, 0
38130,0, 0
38131,0, 0
38132,1, 0
38133,28, 0
38134,20, 0
38135,27, 0
38136,44, 0
38137,56, 0
38138,70, 0
38139,79, 0
38140,92, 0
38141,94, 0
38142,85, 0
38143,89, 0
38144,48, 0
38145,19, 0
38146,11, 0
38147,27, 0
38148,41, 0
38149,87, 0
38150,112, 0
38151,130, 0
38152,115, 0
38153,109, 0
38154,96, 0
38155,117, 0
38156,127, 0
38157,145, 0
38158,151, 0
38159,136, 0
38160,120, 0
38161,95, 0
38162,73, 0
38163,69, 0
38164,72, 0
38165,57, 0
38166,63, 0
38167,61, 0
38168,53, 0
38169,52, 0
38170,69, 0
38171,59, 0
38172,70, 0
38173,78, 0
38174,69, 0
38175,41, 6
38176,26, 58
38177,24, 29
38178,32, 18
38179,25, 0
38180,59, 0
38181,83, 0
38182,84, 0
38183,88, 0
38184,89, 0
38185,92, 0
38186,93, 0
38187,92, 0
38188,92, 0
38189,83, 0
38190,95, 0
38191,89, 0
38192,86, 0
38193,84, 0
38194,83, 0
38195,84, 0
38196,83, 0
38197,85, 0
38198,88, 0
38199,91, 0
38200,94, 0
38201,89, 0
38202,91, 0
38203,96, 0
38204,77, 0
38205,51, 0
38206,34, 0
38207,22, 0
38208,34, 0
38209,47, 0
38210,73, 0
38211,101, 0
38212,110, 0
38213,129, 0
38214,104, 0
38215,101, 0
38216,103, 0
38217,105, 0
38218,111, 0
38219,107, 0
38220,103, 0
38221,100, 0
38222,103, 0
38223,107, 0
38224,91, 0
38225,81, 0
38226,86, 0
38227,89, 0
38228,87, 0
38229,80, 0
38230,76, 0
38231,68, 0
38232,64, 0
38233,57, 0
38234,62, 0
38235,46, 0
38236,21, 39
38237,5, 65
38238,8, 0
38239,14, 0
38240,25, 0
38241,61, 0
38242,76, 0
38243,87, 0
38244,92, 0
38245,97, 0
38246,89, 0
38247,92, 0
38248,88, 0
38249,87, 0
38250,83, 0
38251,76, 0
38252,75, 0
38253,75, 0
38254,72, 0
38255,87, 0
38256,75, 0
38257,76, 0
38258,77, 0
38259,81, 0
38260,83, 0
38261,74, 0
38262,89, 0
38263,87, 0
38264,89, 0
38265,80, 0
38266,58, 0
38267,44, 93
38268,36, 10
38269,43, 0
38270,42, 0
38271,76, 0
38272,95, 0
38273,100, 0
38274,107, 0
38275,103, 0
38276,92, 0
38277,92, 0
38278,89, 0
38279,93, 0
38280,90, 0
38281,101, 0
38282,92, 0
38283,102, 0
38284,108, 0
38285,123, 0
38286,105, 0
38287,92, 0
38288,83, 0
38289,58, 0
38290,53, 0
38291,62, 0
38292,72, 0
38293,92, 0
38294,107, 0
38295,92, 0
38296,64, 0
38297,31, 22
38298,12, 5
38299,6, 46
38300,13, 0
38301,37, 0
38302,70, 0
38303,88, 0
38304,94, 0
38305,94, 0
38306,94, 0
38307,89, 0
38308,85, 0
38309,70, 0
38310,53, 0
38311,43, 0
38312,57, 0
38313,69, 0
38314,76, 0
38315,89, 0
38316,92, 0
38317,97, 0
38318,92, 0
38319,85, 0
38320,67, 0
38321,71, 0
38322,69, 0
38323,61, 0
38324,64, 0
38325,75, 0
38326,93, 0
38327,65, 0
38328,51, 0
38329,44, 0
38330,50, 0
38331,60, 0
38332,83, 0
38333,105, 0
38334,122, 0
38335,119, 0
38336,132, 0
38337,132, 0
38338,130, 0
38339,121, 0
38340,121, 0
38341,121, 0
38342,115, 0
38343,116, 0
38344,109, 0
38345,109, 0
38346,108, 0
38347,109, 0
38348,111, 0
38349,115, 0
38350,113, 0
38351,110, 0
38352,101, 0
38353,93, 0
38354,95, 10
38355,93, 43
38356,89, 169
38357,70, 379
38358,40, 502
38359,26, 541
38360,12, 470
38361,15, 491
38362,30, 553
38363,61, 493
38364,63, 493
38365,68, 407
38366,70, 222
38367,60, 145
38368,55, 81
38369,41, 10
38370,38, 0
38371,34, 0
38372,39, 0
38373,44, 0
38374,51, 0
38375,60, 0
38376,76, 0
38377,78, 0
38378,84, 0
38379,84, 0
38380,84, 0
38381,83, 0
38382,91, 0
38383,89, 0
38384,95, 0
38385,104, 0
38386,134, 0
38387,122, 0
38388,90, 0
38389,81, 124
38390,76, 128
38391,72, 121
38392,83, 32
38393,118, 264
38394,152, 287
38395,161, 424
38396,156, 765
38397,139, 921
38398,130, 846
38399,110, 844
38400,89, 778
38401,78, 801
38402,64, 584
38403,53, 232
38404,44, 7
38405,40, 0
38406,44, 0
38407,42, 0
38408,34, 0
38409,36, 0
38410,44, 0
38411,51, 0
38412,48, 0
38413,40, 0
38414,30, 0
38415,23, 0
38416,26, 0
38417,26, 0
38418,17, 0
38419,0, 0
38420,0, 0
38421,3, 0
38422,0, 0
38423,5, 0
38424,31, 0
38425,50, 0
38426,51, 0
38427,46, 0
38428,41, 0
38429,31, 0
38430,37, 0
38431,40, 0
38432,68, 0
38433,73, 0
38434,85, 0
38435,93, 0
38436,94, 0
38437,88, 0
38438,92, 0
38439,95, 0
38440,92, 0
38441,95, 0
38442,102, 0
38443,115, 0
38444,123, 0
38445,133, 0
38446,139, 0
38447,147, 0
38448,139, 89
38449,112, 212
38450,96, 263
38451,100, 469
38452,96, 556
38453,100, 502
38454,129, 351
38455,155, 368
38456,163, 452
38457,152, 467
38458,159, 348
38459,142, 361
38460,139, 340
38461,141, 395
38462,147, 558
38463,131, 687
38464,130, 710
38465,120, 724
38466,104, 854
38467,92, 981
38468,83, 1018
38469,61, 785
38470,29, 585
38471,22, 378
38472,6, 201
38473,3, 31
38474,0, 2
38475,9, 0
38476,23, 0
38477,45, 0
38478,35, 0
38479,9, 0
38480,0, 0
38481,0, 0
38482,0, 0
38483,0, 0
38484,0, 0
38485,19, 0
38486,40, 0
38487,50, 0
38488,51, 0
38489,48, 0
38490,55, 0
38491,59, 0
38492,69, 0
38493,85, 0
38494,87, 0
38495,93, 0
38496,102, 0
38497,109, 0
38498,115, 0
38499,119, 0
38500,119, 0
38501,124, 0
38502,107, 0
38503,108, 0
38504,108, 0
38505,107, 0
38506,102, 0
38507,107, 0
38508,115, 0
38509,103, 0
38510,89, 0
38511,76, 0
38512,76, 0
38513,79, 0
38514,87, 3
38515,133, 0
38516,170, 102
38517,197, 188
38518,204, 231
38519,220, 364
38520,233, 420
38521,247, 348
38522,248, 493
38523,238, 572
38524,247, 683
38525,238, 674
38526,221, 572
38527,214, 536
38528,208, 592
38529,196, 677
38530,174, 696
38531,182, 596
38532,151, 524
38533,142, 472
38534,125, 493
38535,115, 532
38536,108, 605
38537,96, 756
38538,88, 771
38539,72, 780
38540,35, 830
38541,0, 712
38542,0, 454
38543,0, 87
38544,1, 0
38545,0, 0
38546,0, 0
38547,0, 0
38548,0, 0
38549,0, 0
38550,0, 0
38551,1, 0
38552,5, 0
38553,14, 0
38554,17, 0
38555,11, 0
38556,10, 0
38557,12, 0
38558,6, 0
38559,5, 0
38560,2, 0
38561,3, 0
38562,6, 0
38563,12, 0
38564,27, 0
38565,37, 0
38566,46, 0
38567,55, 0
38568,76, 0
38569,79, 0
38570,74, 0
38571,55, 0
38572,38, 0
38573,30, 0
38574,26, 0
38575,38, 0
38576,69, 0
38577,95, 0
38578,99, 0
38579,96, 0
38580,93, 0
38581,85, 0
38582,88, 0
38583,89, 0
38584,88, 0
38585,89, 0
38586,93, 0
38587,103, 0
38588,117, 0
38589,136, 0
38590,150, 0
38591,158, 0
38592,170, 0
38593,166, 0
38594,163, 0
38595,155, 0
38596,152, 0
38597,139, 0
38598,140, 0
38599,145, 0
38600,151, 0
38601,128, 9
38602,101, 20
38603,75, 70
38604,73, 0
38605,67, 0
38606,84, 0
38607,108, 0
38608,119, 0
38609,121, 0
38610,113, 0
38611,105, 0
38612,115, 0
38613,93, 0
38614,84, 0
38615,80, 0
38616,59, 0
38617,70, 0
38618,68, 0
38619,75, 0
38620,84, 0
38621,90, 54
38622,102, 47
38623,106, 108
38624,123, 230
38625,121, 265
38626,133, 318
38627,132, 519
38628,132, 654
38629,131, 639
38630,121, 473
38631,102, 262
38632,70, 64
38633,50, 0
38634,52, 0
38635,48, 0
38636,52, 0
38637,77, 0
38638,104, 0
38639,110, 0
38640,96, 0
38641,97, 0
38642,91, 0
38643,86, 9
38644,79, 30
38645,71, 0
38646,70, 0
38647,74, 0
38648,60, 0
38649,57, 0
38650,42, 0
38651,28, 0
38652,19, 0
38653,14, 0
38654,19, 0
38655,52, 0
38656,32, 0
38657,26, 0
38658,27, 6
38659,34, 93
38660,26, 129
38661,35, 325
38662,22, 569
38663,9, 578
38664,0, 522
38665,0, 677
38666,0, 853
38667,4, 805
38668,27, 538
38669,25, 172
38670,22, 1
38671,17, 0
38672,14, 0
38673,10, 0
38674,8, 0
38675,10, 0
38676,19, 0
38677,20, 0
38678,23, 0
38679,38, 0
38680,57, 0
38681,70, 0
38682,83, 0
38683,97, 0
38684,93, 0
38685,106, 0
38686,110, 0
38687,119, 0
38688,133, 202
38689,140, 501
38690,158, 816
38691,174, 1031
38692,175, 1163
38693,159, 1207
38694,134, 1257
38695,136, 1192
38696,139, 1276
38697,140, 1282
38698,166, 1251
38699,176, 1268
38700,185, 1112
38701,159, 992
38702,144, 688
38703,138, 289
38704,135, 0
38705,133, 0
38706,133, 0
38707,139, 0
38708,135, 0
38709,124, 0
38710,94, 0
38711,77, 0
38712,57, 0
38713,48, 0
38714,34, 0
38715,19, 0
38716,0, 0
38717,3, 0
38718,0, 0
38719,0, 0
38720,0, 0
38721,0, 0
38722,0, 0
38723,0, 0
38724,0, 0
38725,0, 0
38726,10, 0
38727,34, 0
38728,54, 0
38729,91, 0
38730,108, 0
38731,101, 0
38732,92, 0
38733,89, 0
38734,76, 0
38735,83, 0
38736,94, 0
38737,115, 0
38738,116, 0
38739,126, 0
38740,126, 0
38741,122, 0
38742,119, 0
38743,116, 0
38744,116, 0
38745,108, 0
38746,113, 0
38747,123, 0
38748,122, 0
38749,119, 0
38750,124, 0
38751,101, 0
38752,88, 91
38753,77, 147
38754,41, 155
38755,8, 203
38756,0, 264
38757,11, 360
38758,43, 224
38759,85, 129
38760,129, 59
38761,144, 0
38762,144, 0
38763,140, 0
38764,141, 0
38765,108, 0
38766,108, 0
38767,115, 0
38768,117, 0
38769,118, 0
38770,108, 0
38771,111, 0
38772,119, 0
38773,126, 0
38774,133, 0
38775,135, 105
38776,145, 228
38777,150, 538
38778,154, 680
38779,154, 566
38780,145, 526
38781,133, 508
38782,124, 501
38783,113, 415
38784,87, 348
38785,54, 233
38786,40, 120
38787,37, 61
38788,36, 26
38789,55, 30
38790,79, 57
38791,96, 173
38792,102, 260
38793,112, 438
38794,102, 607
38795,97, 656
38796,103, 718
38797,111, 697
38798,117, 808
38799,115, 1064
38800,115, 1268
38801,117, 1402
38802,116, 1355
38803,109, 1156
38804,97, 854
38805,84, 521
38806,65, 181
38807,54, 0
38808,42, 0
38809,24, 0
38810,22, 0
38811,25, 0
38812,45, 0
38813,54, 0
38814,58, 0
38815,39, 0
38816,17, 0
38817,10, 0
38818,20, 0
38819,38, 0
38820,73, 0
38821,99, 0
38822,79, 0
38823,58, 0
38824,48, 0
38825,31, 0
38826,45, 0
38827,52, 0
38828,74, 0
38829,93, 0
38830,104, 0
38831,99, 0
38832,89, 0
38833,76, 0
38834,88, 145
38835,72, 340
38836,73, 360
38837,81, 394
38838,102, 280
38839,108, 212
38840,106, 144
38841,107, 172
38842,101, 226
38843,100, 253
38844,88, 255
38845,69, 111
38846,35, 110
38847,19, 84
38848,17, 0
38849,29, 0
38850,57, 0
38851,81, 0
38852,100, 0
38853,101, 0
38854,93, 0
38855,85, 0
38856,79, 0
38857,76, 0
38858,70, 0
38859,68, 0
38860,62, 0
38861,73, 0
38862,55, 0
38863,47, 0
38864,39, 0
38865,40, 0
38866,38, 0
38867,36, 0
38868,40, 0
38869,35, 0
38870,41, 0
38871,54, 0
38872,70, 0
38873,97, 0
38874,107, 0
38875,117, 0
38876,102, 0
38877,97, 1
38878,78, 0
38879,63, 0
38880,51, 0
38881,84, 0
38882,121, 0
38883,125, 0
38884,139, 105
38885,154, 158
38886,164, 187
38887,165, 226
38888,174, 496
38889,179, 570
38890,170, 638
38891,158, 635
38892,144, 653
38893,137, 832
38894,125, 935
38895,109, 1186
38896,90, 1308
38897,74, 1422
38898,64, 1369
38899,35, 959
38900,41, 583
38901,32, 133
38902,18, 0
38903,24, 0
38904,31, 0
38905,42, 0
38906,17, 0
38907,0, 0
38908,0, 0
38909,0, 0
38910,4, 0
38911,35, 0
38912,87, 0
38913,102, 0
38914,105, 0
38915,83, 0
38916,70, 0
38917,52, 0
38918,56, 0
38919,45, 0
38920,36, 0
38921,24, 0
38922,9, 0
38923,5, 0
38924,0, 0
38925,0, 0
38926,0, 0
38927,0, 0
38928,0, 0
38929,0, 0
38930,13, 40
38931,30, 71
38932,55, 60
38933,87, 158
38934,107, 376
38935,125, 548
38936,124, 619
38937,107, 696
38938,104, 895
38939,104, 1039
38940,102, 1076
38941,112, 1031
38942,136, 944
38943,181, 832
38944,182, 744
38945,200, 653
38946,191, 578
38947,183, 411
38948,180, 80
38949,174, 0
38950,167, 0
38951,148, 0
38952,130, 0
38953,107, 0
38954,81, 0
38955,64, 0
38956,73, 0
38957,52, 0
38958,44, 0
38959,37, 0
38960,51, 0
38961,51, 0
38962,43, 0
38963,22, 0
38964,6, 0
38965,0, 0
38966,0, 0
38967,0, 0
38968,0, 0
38969,0, 0
38970,6, 0
38971,22, 6
38972,53, 0
38973,95, 19
38974,108, 190
38975,108, 621
38976,89, 607
38977,81, 625
38978,56, 943
38979,46, 934
38980,42, 829
38981,30, 725
38982,25, 658
38983,27, 731
38984,36, 484
38985,47, 323
38986,48, 179
38987,61, 121
38988,68, 97
38989,81, 143
38990,91, 116
38991,110, 0
38992,121, 0
38993,128, 0
38994,157, 0
38995,141, 0
38996,140, 0
38997,124, 159
38998,74, 301
38999,29, 108
39000,9, 0
39001,0, 0
39002,0, 0
39003,1, 0
39004,7, 0
39005,3, 0
39006,8, 0
39007,0, 0
39008,17, 0
39009,17, 0
39010,25, 0
39011,48, 0
39012,74, 0
39013,93, 0
39014,126, 0
39015,139, 0
39016,155, 0
39017,147, 0
39018,165, 0
39019,158, 32
39020,155, 187
39021,147, 356
39022,133, 425
39023,121, 532
39024,102, 716
39025,105, 612
39026,89, 436
39027,76, 342
39028,57, 307
39029,41, 261
39030,19, 179
39031,21, 408
39032,23, 140
39033,44, 70
39034,83, 27
39035,108, 12
39036,128, 10
39037,134, 174
39038,155, 291
39039,159, 317
39040,164, 393
39041,165, 582
39042,160, 684
39043,158, 600
39044,157, 447
39045,151, 369
39046,144, 327
39047,144, 371
39048,145, 409
39049,148, 603
39050,139, 678
39051,135, 591
39052,133, 540
39053,127, 502
39054,108, 700
39055,102, 771
39056,59, 788
39057,7, 540
39058,0, 256
39059,0, 0
39060,0, 0
39061,0, 0
39062,0, 0
39063,19, 0
39064,51, 0
39065,69, 0
39066,77, 0
39067,76, 0
39068,68, 0
39069,67, 0
39070,57, 0
39071,44, 0
39072,30, 0
39073,10, 0
39074,1, 0
39075,0, 0
39076,0, 0
39077,0, 0
39078,0, 0
39079,0, 0
39080,0, 0
39081,0, 0
39082,0, 0
39083,8, 0
39084,24, 0
39085,57, 0
39086,83, 0
39087,97, 0
39088,105, 0
39089,75, 0
39090,40, 35
39091,17, 176
39092,19, 182
39093,29, 247
39094,64, 365
39095,80, 323
39096,104, 388
39097,103, 364
39098,116, 404
39099,116, 455
39100,135, 476
39101,118, 385
39102,116, 406
39103,103, 388
39104,96, 436
39105,84, 391
39106,80, 355
39107,89, 242
39108,86, 215
39109,95, 212
39110,103, 338
39111,102, 402
39112,107, 415
39113,107, 294
39114,96, 214
39115,95, 169
39116,108, 200
39117,121, 270
39118,129, 427
39119,122, 451
39120,95, 399
39121,62, 279
39122,45, 155
39123,37, 28
39124,37, 0
39125,80, 0
39126,89, 0
39127,91, 0
39128,91, 0
39129,87, 0
39130,90, 0
39131,78, 0
39132,89, 0
39133,91, 0
39134,95, 0
39135,96, 0
39136,108, 0
39137,117, 0
39138,129, 0
39139,144, 0
39140,155, 4
39141,169, 0
39142,158, 124
39143,159, 283
39144,158, 342
39145,134, 387
39146,113, 201
39147,97, 211
39148,89, 398
39149,76, 867
39150,54, 987
39151,19, 1035
39152,23, 837
39153,12, 740
39154,3, 703
39155,7, 294
39156,23, 0
39157,20, 0
39158,6, 0
39159,0, 141
39160,5, 275
39161,0, 274
39162,4, 0
39163,20, 0
39164,29, 0
39165,30, 0
39166,34, 0
39167,50, 0
39168,60, 0
39169,81, 0
39170,103, 0
39171,121, 0
39172,136, 0
39173,137, 0
39174,144, 0
39175,137, 0
39176,134, 0
39177,123, 0
39178,120, 0
39179,119, 0
39180,111, 0
39181,78, 0
39182,64, 0
39183,57, 0
39184,51, 0
39185,57, 0
39186,89, 38
39187,108, 391
39188,119, 624
39189,117, 694
39190,95, 594
39191,105, 642
39192,105, 818
39193,125, 1104
39194,132, 1303
39195,127, 1323
39196,115, 1157
39197,95, 644
39198,57, 287
39199,23, 0
39200,0, 0
39201,0, 0
39202,0, 0
39203,0, 0
39204,0, 0
39205,0, 0
39206,13, 0
39207,35, 0
39208,41, 0
39209,51, 0
39210,62, 0
39211,51, 27
39212,38, 244
39213,44, 237
39214,19, 132
39215,28, 257
39216,55, 0
39217,87, 0
39218,130, 0
39219,108, 0
39220,101, 0
39221,87, 0
39222,69, 31
39223,72, 276
39224,72, 389
39225,93, 379
39226,106, 321
39227,118, 208
39228,125, 171
39229,120, 13
39230,111, 0
39231,92, 0
39232,84, 0
39233,81, 0
39234,95, 0
39235,103, 0
39236,119, 0
39237,135, 0
39238,155, 0
39239,163, 0
39240,159, 0
39241,145, 0
39242,124, 0
39243,99, 0
39244,86, 0
39245,87, 0
39246,115, 0
39247,135, 0
39248,159, 0
39249,161, 0
39250,157, 0
39251,111, 0
39252,84, 0
39253,51, 0
39254,7, 0
39255,0, 0
39256,0, 0
39257,0, 0
39258,0, 0
39259,0, 0
39260,0, 89
39261,0, 180
39262,2, 314
39263,19, 306
39264,37, 355
39265,54, 299
39266,59, 202
39267,69, 160
39268,75, 182
39269,95, 283
39270,115, 330
39271,133, 435
39272,135, 553
39273,131, 562
39274,149, 593
39275,128, 579
39276,128, 508
39277,139, 465
39278,150, 446
39279,141, 348
39280,122, 212
39281,75, 0
39282,22, 0
39283,1, 0
39284,0, 0
39285,0, 0
39286,0, 0
39287,0, 0
39288,0, 0
39289,0, 0
39290,7, 0
39291,4, 0
39292,4, 0
39293,12, 0
39294,26, 0
39295,51, 0
39296,76, 0
39297,96, 0
39298,113, 0
39299,112, 0
39300,112, 6
39301,116, 87
39302,108, 102
39303,94, 87
39304,93, 102
39305,96, 67
39306,106, 26
39307,132, 0
39308,161, 0
39309,210, 0
39310,242, 0
39311,240, 0
39312,226, 0
39313,174, 0
39314,106, 0
39315,85, 0
39316,95, 0
39317,139, 42
39318,181, 21
39319,223, 40
39320,248, 354
39321,248, 775
39322,235, 985
39323,200, 1234
39324,167, 1248
39325,131, 1492
39326,99, 1624
39327,65, 1580
39328,55, 1363
39329,34, 1083
39330,15, 806
39331,4, 605
39332,0, 363
39333,0, 45
39334,5, 0
39335,48, 0
39336,91, 0
39337,115, 0
39338,118, 0
39339,128, 0
39340,132, 0
39341,139, 0
39342,163, 0
39343,188, 0
39344,200, 0
39345,165, 0
39346,113, 0
39347,74, 0
39348,41, 0
39349,20, 0
39350,0, 0
39351,0, 0
39352,0, 0
39353,0, 0
39354,0, 0
39355,0, 0
39356,0, 0
39357,2, 0
39358,48, 0
39359,89, 0
39360,117, 0
39361,112, 6
39362,94, 97
39363,87, 31
39364,86, 47
39365,104, 139
39366,119, 212
39367,135, 202
39368,139, 172
39369,164, 157
39370,186, 193
39371,188, 159
39372,183, 122
39373,173, 55
39374,180, 0
39375,184, 0
39376,186, 0
39377,184, 0
39378,159, 0
39379,135, 0
39380,100, 0
39381,76, 0
39382,47, 0
39383,21, 0
39384,30, 0
39385,41, 0
39386,70, 0
39387,90, 306
39388,108, 695
39389,115, 971
39390,92, 971
39391,59, 923
39392,12, 761
39393,0, 516
39394,0, 153
39395,0, 0
39396,4, 0
39397,26, 0
39398,50, 0
39399,31, 0
39400,7, 0
39401,0, 0
39402,0, 0
39403,0, 0
39404,0, 0
39405,4, 39
39406,27, 95
39407,94, 158
39408,118, 121
39409,152, 17
39410,204, 0
39411,217, 0
39412,203, 0
39413,175, 0
39414,147, 0
39415,127, 0
39416,128, 0
39417,139, 58
39418,142, 22
39419,158, 0
39420,171, 0
39421,189, 0
39422,196, 0
39423,203, 3
39424,197, 127
39425,166, 311
39426,125, 266
39427,72, 431
39428,15, 548
39429,0, 527
39430,0, 576
39431,0, 490
39432,3, 307
39433,6, 0
39434,37, 0
39435,57, 0
39436,92, 0
39437,84, 0
39438,96, 0
39439,110, 0
39440,125, 0
39441,131, 0
39442,138, 0
39443,139, 0
39444,136, 0
39445,121, 0
39446,111, 0
39447,102, 115
39448,83, 45
39449,58, 14
39450,31, 0
39451,7, 0
39452,2, 0
39453,4, 0
39454,10, 0
39455,0, 0
39456,1, 0
39457,8, 0
39458,28, 0
39459,42, 0
39460,72, 0
39461,99, 0
39462,117, 0
39463,121, 0
39464,121, 0
39465,129, 6
39466,115, 152
39467,115, 441
39468,113, 488
39469,109, 465
39470,100, 290
39471,90, 384
39472,72, 130
39473,53, 0
39474,52, 0
39475,51, 0
39476,63, 0
39477,67, 0
39478,73, 0
39479,79, 0
39480,96, 0
39481,115, 0
39482,115, 0
39483,113, 0
39484,92, 0
39485,80, 45
39486,70, 189
39487,71, 22
39488,83, 0
39489,90, 0
39490,102, 0
39491,128, 0
39492,141, 0
39493,133, 0
39494,119, 0
39495,73, 0
39496,27, 0
39497,9, 0
39498,14, 0
39499,34, 0
39500,41, 0
39501,43, 0
39502,34, 6
39503,37, 6
39504,50, 10
39505,63, 0
39506,65, 0
39507,45, 0
39508,20, 0
39509,18, 0
39510,20, 0
39511,29, 0
39512,31, 0
39513,43, 0
39514,64, 0
39515,83, 0
39516,85, 1
39517,85, 10
39518,92, 74
39519,89, 0
39520,90, 0
39521,107, 0
39522,125, 0
39523,145, 0
39524,163, 12
39525,187, 44
39526,183, 38
39527,189, 78
39528,164, 166
39529,127, 248
39530,93, 257
39531,61, 0
39532,44, 0
39533,20, 0
39534,6, 0
39535,12, 0
39536,14, 0
39537,28, 0
39538,45, 0
39539,63, 0
39540,80, 0
39541,75, 0
39542,73, 0
39543,77, 0
39544,78, 0
39545,91, 104
39546,79, 318
39547,44, 624
39548,7, 721
39549,4, 682
39550,3, 512
39551,11, 321
39552,48, 121
39553,88, 0
39554,104, 0
39555,102, 0
39556,90, 0
39557,83, 0
39558,86, 0
39559,105, 0
39560,119, 0
39561,152, 0
39562,161, 0
39563,170, 0
39564,173, 0
39565,163, 0
39566,164, 0
39567,150, 0
39568,150, 0
39569,128, 6
39570,109, 57
39571,89, 189
39572,70, 1
39573,56, 0
39574,61, 0
39575,65, 0
39576,80, 0
39577,92, 0
39578,92, 2
39579,102, 133
39580,58, 417
39581,39, 321
39582,51, 214
39583,78, 152
39584,103, 47
39585,127, 4
39586,142, 0
39587,152, 0
39588,142, 0
39589,137, 0
39590,124, 0
39591,108, 0
39592,106, 0
39593,111, 0
39594,104, 0
39595,106, 0
39596,105, 43
39597,106, 501
39598,113, 954
39599,105, 1123
39600,89, 1162
39601,80, 1063
39602,63, 995
39603,41, 706
39604,27, 379
39605,21, 6
39606,13, 0
39607,1, 0
39608,0, 0
39609,0, 0
39610,0, 0
39611,9, 0
39612,31, 0
39613,53, 0
39614,76, 0
39615,70, 0
39616,85, 0
39617,95, 0
39618,116, 0
39619,129, 0
39620,133, 0
39621,126, 0
39622,120, 0
39623,102, 0
39624,91, 0
39625,92, 0
39626,89, 0
39627,80, 0
39628,68, 0
39629,58, 0
39630,47, 0
39631,44, 0
39632,58, 0
39633,56, 0
39634,59, 0
39635,70, 1
39636,70, 36
39637,75, 361
39638,55, 553
39639,26, 529
39640,54, 419
39641,40, 525
39642,56, 665
39643,70, 570
39644,92, 640
39645,115, 722
39646,145, 738
39647,188, 846
39648,187, 793
39649,176, 740
39650,159, 527
39651,147, 169
39652,133, 0
39653,127, 0
39654,103, 0
39655,85, 0
39656,72, 0
39657,62, 0
39658,47, 0
39659,39, 0
39660,32, 0
39661,31, 0
39662,25, 0
39663,23, 0
39664,27, 0
39665,39, 0
39666,55, 0
39667,74, 0
39668,67, 0
39669,44, 0
39670,27, 1
39671,25, 0
39672,19, 0
39673,35, 0
39674,72, 0
39675,106, 0
39676,109, 0
39677,116, 0
39678,113, 0
39679,108, 0
39680,109, 0
39681,113, 0
39682,107, 0
39683,113, 0
39684,121, 0
39685,148, 0
39686,137, 0
39687,136, 0
39688,136, 0
39689,139, 0
39690,137, 0
39691,135, 0
39692,119, 0
39693,104, 0
39694,86, 0
39695,71, 0
39696,52, 0
39697,61, 0
39698,57, 3
39699,40, 54
39700,7, 317
39701,0, 343
39702,1, 317
39703,0, 282
39704,20, 236
39705,46, 240
39706,67, 204
39707,83, 63
39708,95, 0
39709,112, 0
39710,127, 0
39711,138, 0
39712,139, 19
39713,156, 64
39714,163, 89
39715,167, 156
39716,167, 113
39717,166, 3
39718,163, 0
39719,139, 0
39720,123, 0
39721,95, 0
39722,70, 0
39723,38, 0
39724,23, 0
39725,25, 0
39726,37, 0
39727,61, 0
39728,76, 0
39729,73, 0
39730,59, 0
39731,43, 0
39732,43, 0
39733,50, 0
39734,58, 0
39735,103, 0
39736,101, 0
39737,96, 0
39738,96, 0
39739,90, 0
39740,89, 0
39741,90, 0
39742,95, 0
39743,99, 0
39744,104, 0
39745,102, 173
39746,99, 127
39747,111, 44
39748,119, 0
39749,115, 0
39750,113, 0
39751,95, 0
39752,100, 0
39753,100, 19
39754,88, 43
39755,73, 25
39756,37, 0
39757,35, 0
39758,38, 0
39759,50, 6
39760,38, 10
39761,23, 14
39762,20, 86
39763,28, 29
39764,51, 51
39765,89, 32
39766,130, 54
39767,139, 150
39768,163, 254
39769,152, 202
39770,140, 150
39771,123, 53
39772,104, 0
39773,84, 0
39774,75, 0
39775,57, 0
39776,37, 0
39777,35, 0
39778,37, 0
39779,51, 0
39780,73, 0
39781,85, 0
39782,102, 0
39783,125, 0
39784,121, 0
39785,124, 0
39786,138, 0
39787,131, 0
39788,156, 0
39789,167, 0
39790,152, 0
39791,116, 0
39792,75, 0
39793,56, 0
39794,47, 0
39795,56, 0
39796,67, 0
39797,83, 0
39798,95, 0
39799,100, 0
39800,109, 0
39801,124, 0
39802,117, 0
39803,115, 0
39804,117, 0
39805,89, 0
39806,83, 0
39807,76, 0
39808,67, 17
39809,63, 36
39810,47, 23
39811,53, 0
39812,44, 0
39813,50, 0
39814,50, 0
39815,47, 0
39816,42, 0
39817,53, 0
39818,57, 0
39819,76, 0
39820,102, 0
39821,86, 8
39822,100, 182
39823,110, 556
39824,129, 781
39825,133, 731
39826,148, 606
39827,157, 532
39828,169, 495
39829,172, 487
39830,167, 516
39831,159, 383
39832,122, 59
39833,94, 0
39834,60, 0
39835,51, 0
39836,38, 0
39837,31, 0
39838,22, 0
39839,2, 0
39840,0, 0
39841,0, 0
39842,20, 0
39843,18, 0
39844,36, 0
39845,35, 0
39846,42, 0
39847,48, 0
39848,51, 0
39849,52, 0
39850,54, 0
39851,25, 0
39852,2, 0
39853,0, 0
39854,0, 0
39855,1, 0
39856,19, 0
39857,63, 0
39858,94, 0
39859,102, 0
39860,102, 0
39861,100, 0
39862,105, 0
39863,109, 0
39864,108, 0
39865,108, 0
39866,129, 0
39867,127, 0
39868,122, 0
39869,126, 0
39870,125, 0
39871,119, 0
39872,116, 0
39873,116, 0
39874,124, 0
39875,120, 0
39876,129, 0
39877,130, 0
39878,127, 50
39879,119, 122
39880,113, 129
39881,95, 138
39882,59, 96
39883,46, 306
39884,25, 72
39885,28, 24
39886,39, 27
39887,67, 0
39888,90, 0
39889,92, 0
39890,100, 0
39891,102, 158
39892,130, 297
39893,139, 516
39894,145, 579
39895,140, 484
39896,128, 432
39897,101, 487
39898,71, 346
39899,31, 58
39900,12, 0
39901,14, 0
39902,38, 0
39903,62, 0
39904,70, 0
39905,77, 0
39906,88, 0
39907,93, 0
39908,100, 0
39909,115, 0
39910,122, 0
39911,123, 0
39912,90, 0
39913,40, 0
39914,3, 0
39915,0, 0
39916,0, 0
39917,0, 0
39918,0, 0
39919,3, 0
39920,6, 0
39921,27, 0
39922,39, 0
39923,84, 0
39924,90, 0
39925,102, 0
39926,103, 0
39927,110, 0
39928,126, 0
39929,137, 0
39930,169, 0
39931,173, 0
39932,166, 0
39933,161, 0
39934,166, 0
39935,167, 4
39936,173, 252
39937,182, 558
39938,180, 809
39939,177, 1039
39940,161, 1267
39941,147, 1398
39942,111, 1382
39943,59, 1111
39944,42, 827
39945,19, 382
39946,12, 6
39947,35, 0
39948,72, 0
39949,92, 0
39950,102, 0
39951,95, 0
39952,93, 0
39953,78, 0
39954,62, 0
39955,51, 0
39956,57, 0
39957,73, 0
39958,83, 0
39959,80, 0
39960,70, 0
39961,67, 0
39962,59, 0
39963,60, 0
39964,64, 0
39965,60, 0
39966,76, 0
39967,85, 0
39968,75, 13
39969,71, 76
39970,55, 137
39971,44, 61
39972,35, 51
39973,25, 196
39974,11, 65
39975,9, 1
39976,14, 0
39977,24, 0
39978,35, 0
39979,58, 0
39980,70, 0
39981,75, 0
39982,77, 0
39983,108, 0
39984,116, 0
39985,138, 0
39986,163, 0
39987,159, 0
39988,154, 0
39989,131, 0
39990,110, 0
39991,92, 0
39992,78, 0
39993,77, 0
39994,89, 0
39995,115, 54
39996,134, 83
39997,150, 46
39998,160, 0
39999,171, 0
40000,182, 0
40001,183, 0
40002,179, 0
40003,170, 0
40004,137, 0
40005,92, 111
40006,78, 119
40007,75, 232
40008,54, 58
40009,63, 19
40010,57, 15
40011,48, 0
40012,51, 3
40013,42, 0
40014,48, 0
40015,52, 0
40016,51, 0
40017,58, 0
40018,57, 0
40019,61, 0
40020,61, 0
40021,70, 0
40022,68, 0
40023,63, 0
40024,51, 0
40025,38, 0
40026,21, 0
40027,19, 0
40028,12, 0
40029,9, 0
40030,15, 0
40031,6, 0
40032,8, 0
40033,6, 0
40034,0, 6
40035,0, 0
40036,0, 55
40037,2, 71
40038,18, 19
40039,54, 0
40040,94, 0
40041,124, 70
40042,130, 76
40043,118, 37
40044,120, 17
40045,115, 6
40046,111, 0
40047,118, 0
40048,126, 0
40049,132, 0
40050,141, 0
40051,145, 0
40052,152, 0
40053,153, 0
40054,150, 0
40055,138, 0
40056,130, 0
40057,142, 0
40058,128, 0
40059,136, 0
40060,134, 0
40061,142, 0
40062,151, 102
40063,134, 299
40064,113, 383
40065,57, 294
40066,10, 240
40067,4, 326
40068,7, 547
40069,10, 476
40070,50, 263
40071,59, 71
40072,72, 0
40073,69, 0
40074,71, 0
40075,55, 0
40076,46, 0
40077,51, 0
40078,68, 0
40079,88, 0
40080,100, 0
40081,111, 0
40082,113, 0
40083,106, 0
40084,100, 0
40085,86, 0
40086,88, 0
40087,72, 0
40088,61, 0
40089,54, 0
40090,46, 0
40091,31, 0
40092,11, 0
40093,0, 0
40094,0, 0
40095,0, 0
40096,0, 44
40097,0, 54
40098,0, 55
40099,0, 59
40100,18, 21
40101,83, 0
40102,145, 0
40103,190, 0
40104,207, 0
40105,221, 0
40106,207, 0
40107,184, 0
40108,169, 0
40109,172, 0
40110,171, 0
40111,158, 0
40112,163, 0
40113,152, 0
40114,145, 0
40115,142, 0
40116,155, 0
40117,128, 0
40118,126, 0
40119,97, 0
40120,88, 15
40121,86, 8
40122,85, 0
40123,92, 0
40124,101, 0
40125,94, 11
40126,71, 31
40127,47, 115
40128,30, 0
40129,29, 0
40130,51, 0
40131,37, 0
40132,42, 0
40133,32, 0
40134,34, 0
40135,44, 0
40136,57, 0
40137,68, 0
40138,77, 0
40139,88, 0
40140,96, 0
40141,89, 0
40142,93, 0
40143,87, 0
40144,81, 0
40145,77, 0
40146,79, 0
40147,85, 0
40148,85, 0
40149,85, 0
40150,88, 0
40151,93, 0
40152,103, 0
40153,110, 0
40154,110, 0
40155,127, 128
40156,110, 414
40157,95, 721
40158,88, 793
40159,81, 767
40160,68, 599
40161,76, 426
40162,93, 310
40163,108, 28
40164,124, 0
40165,92, 0
40166,93, 0
40167,95, 0
40168,86, 0
40169,80, 0
40170,69, 0
40171,69, 0
40172,64, 0
40173,57, 0
40174,60, 0
40175,75, 0
40176,80, 0
40177,89, 0
40178,89, 0
40179,72, 0
40180,45, 0
40181,31, 0
40182,29, 255
40183,48, 533
40184,53, 559
40185,53, 519
40186,54, 738
40187,29, 549
40188,1, 195
40189,0, 19
40190,0, 0
40191,0, 0
40192,0, 0
40193,20, 0
40194,40, 0
40195,59, 0
40196,76, 0
40197,91, 0
40198,86, 0
40199,84, 0
40200,80, 0
40201,75, 0
40202,60, 0
40203,57, 0
40204,73, 0
40205,77, 0
40206,99, 0
40207,119, 1
40208,131, 0
40209,129, 0
40210,126, 0
40211,111, 0
40212,86, 0
40213,74, 0
40214,63, 0
40215,55, 0
40216,69, 0
40217,54, 0
40218,25, 0
40219,9, 0
40220,15, 0
40221,27, 0
40222,58, 0
40223,93, 0
40224,120, 6
40225,128, 0
40226,128, 0
40227,127, 0
40228,136, 0
40229,134, 0
40230,133, 0
40231,133, 43
40232,120, 38
40233,107, 12
40234,96, 2
40235,93, 0
40236,113, 0
40237,118, 0
40238,125, 0
40239,127, 0
40240,123, 0
40241,115, 0
40242,107, 0
40243,102, 0
40244,100, 0
40245,105, 0
40246,111, 159
40247,92, 529
40248,55, 475
40249,12, 467
40250,0, 469
40251,0, 342
40252,0, 38
40253,12, 0
40254,41, 0
40255,54, 0
40256,58, 0
40257,56, 0
40258,53, 0
40259,37, 0
40260,25, 0
40261,27, 0
40262,27, 0
40263,25, 0
40264,28, 0
40265,32, 0
40266,37, 0
40267,45, 0
40268,55, 0
40269,71, 0
40270,81, 0
40271,88, 0
40272,93, 0
40273,96, 0
40274,93, 0
40275,106, 0
40276,115, 0
40277,110, 0
40278,88, 0
40279,51, 0
40280,36, 0
40281,43, 0
40282,74, 106
40283,111, 2
40284,148, 0
40285,176, 0
40286,187, 0
40287,192, 0
40288,188, 3
40289,170, 7
40290,150, 0
40291,140, 0
40292,130, 0
40293,111, 0
40294,95, 0
40295,72, 0
40296,52, 0
40297,40, 0
40298,44, 0
40299,43, 0
40300,41, 0
40301,45, 0
40302,41, 0
40303,56, 0
40304,52, 0
40305,43, 0
40306,32, 0
40307,19, 0
40308,2, 0
40309,0, 0
40310,0, 89
40311,0, 156
40312,1, 237
40313,32, 275
40314,79, 289
40315,106, 318
40316,119, 218
40317,118, 160
40318,109, 57
40319,121, 4
40320,115, 0
40321,91, 0
40322,105, 0
40323,76, 0
40324,63, 0
40325,69, 0
40326,69, 0
40327,72, 0
40328,65, 0
40329,70, 0
40330,62, 0
40331,40, 0
40332,32, 0
40333,30, 0
40334,43, 0
40335,40, 0
40336,53, 0
40337,45, 0
40338,36, 0
40339,35, 0
40340,10, 0
40341,3, 0
40342,8, 0
40343,24, 0
40344,55, 0
40345,83, 0
40346,124, 0
40347,150, 0
40348,136, 0
40349,143, 0
40350,140, 0
40351,126, 0
40352,111, 0
40353,109, 6
40354,95, 0
40355,101, 0
40356,92, 0
40357,94, 0
40358,108, 0
40359,108, 0
40360,121, 0
40361,115, 0
40362,108, 0
40363,110, 0
40364,113, 0
40365,111, 0
40366,118, 0
40367,108, 0
40368,105, 0
40369,94, 0
40370,77, 0
40371,57, 0
40372,41, 0
40373,31, 0
40374,38, 0
40375,53, 0
40376,84, 0
40377,101, 0
40378,100, 0
40379,101, 0
40380,119, 95
40381,126, 299
40382,110, 495
40383,97, 399
40384,94, 217
40385,94, 167
40386,84, 71
40387,73, 0
40388,63, 0
40389,65, 0
40390,50, 0
40391,46, 0
40392,55, 0
40393,71, 0
40394,61, 0
40395,70, 0
40396,74, 0
40397,79, 0
40398,83, 0
40399,92, 0
40400,88, 0
40401,60, 0
40402,45, 0
40403,28, 0
40404,24, 0
40405,40, 0
40406,62, 0
40407,77, 0
40408,69, 0
40409,57, 0
40410,42, 53
40411,38, 57
40412,42, 158
40413,55, 244
40414,71, 78
40415,83, 45
40416,102, 12
40417,110, 0
40418,110, 0
40419,116, 0
40420,113, 0
40421,102, 0
40422,93, 0
40423,90, 0
40424,90, 0
40425,94, 0
40426,90, 0
40427,88, 0
40428,85, 0
40429,87, 0
40430,78, 0
40431,60, 242
40432,51, 627
40433,22, 223
40434,6, 172
40435,5, 108
40436,13, 0
40437,15, 0
40438,17, 0
40439,13, 0
40440,20, 0
40441,22, 0
40442,27, 0
40443,40, 0
40444,60, 0
40445,70, 0
40446,73, 0
40447,76, 0
40448,84, 0
40449,90, 0
40450,94, 0
40451,101, 0
40452,101, 0
40453,102, 0
40454,99, 0
40455,90, 0
40456,78, 0
40457,73, 4
40458,71, 5
40459,44, 0
40460,19, 0
40461,6, 0
40462,17, 0
40463,3, 0
40464,32, 0
40465,72, 0
40466,124, 0
40467,165, 0
40468,193, 0
40469,189, 0
40470,177, 0
40471,145, 0
40472,115, 0
40473,91, 0
40474,74, 0
40475,72, 0
40476,57, 0
40477,52, 0
40478,52, 24
40479,41, 36
40480,39, 120
40481,44, 274
40482,48, 226
40483,56, 170
40484,58, 116
40485,58, 0
40486,63, 0
40487,51, 0
40488,55, 0
40489,54, 0
40490,52, 0
40491,62, 0
40492,48, 6
40493,44, 0
40494,40, 12
40495,53, 15
40496,78, 0
40497,106, 0
40498,133, 0
40499,135, 0
40500,129, 0
40501,117, 0
40502,103, 0
40503,107, 0
40504,120, 0
40505,99, 0
40506,93, 0
40507,85, 0
40508,70, 0
40509,50, 0
40510,31, 0
40511,18, 0
40512,12, 0
40513,14, 0
40514,24, 0
40515,28, 0
40516,46, 0
40517,62, 0
40518,70, 0
40519,75, 0
40520,79, 0
40521,83, 0
40522,72, 0
40523,40, 0
40524,19, 0
40525,14, 0
40526,21, 0
40527,53, 0
40528,93, 0
40529,123, 0
40530,129, 0
40531,125, 0
40532,112, 0
40533,101, 0
40534,95, 0
40535,89, 0
40536,95, 0
40537,95, 0
40538,96, 0
40539,95, 0
40540,73, 0
40541,70, 0
40542,83, 0
40543,75, 0
40544,87, 0
40545,88, 0
40546,92, 0
40547,107, 0
40548,96, 0
40549,101, 0
40550,94, 0
40551,92, 0
40552,76, 0
40553,44, 0
40554,15, 28
40555,12, 36
40556,13, 63
40557,36, 64
40558,59, 0
40559,85, 0
40560,97, 0
40561,97, 0
40562,87, 0
40563,73, 0
40564,58, 0
40565,54, 0
40566,48, 0
40567,53, 0
40568,48, 0
40569,40, 0
40570,31, 0
40571,23, 0
40572,19, 0
40573,18, 0
40574,25, 0
40575,48, 0
40576,59, 0
40577,88, 0
40578,93, 0
40579,108, 0
40580,99, 0
40581,111, 0
40582,101, 0
40583,87, 0
40584,62, 0
40585,59, 0
40586,71, 0
40587,88, 0
40588,116, 0
40589,134, 0
40590,159, 0
40591,157, 0
40592,133, 0
40593,134, 0
40594,137, 0
40595,148, 0
40596,166, 0
40597,183, 26
40598,181, 213
40599,164, 494
40600,145, 271
40601,120, 135
40602,110, 22
40603,106, 0
40604,80, 0
40605,59, 0
40606,58, 0
40607,57, 0
40608,55, 0
40609,36, 0
40610,6, 0
40611,0, 0
40612,0, 0
40613,0, 0
40614,0, 0
40615,0, 0
40616,0, 0
40617,0, 0
40618,0, 0
40619,0, 0
40620,0, 0
40621,6, 0
40622,44, 0
40623,51, 0
40624,63, 0
40625,62, 0
40626,45, 0
40627,22, 0
40628,9, 0
40629,23, 0
40630,57, 0
40631,100, 0
40632,96, 0
40633,115, 0
40634,147, 0
40635,187, 0
40636,204, 0
40637,229, 0
40638,243, 0
40639,257, 0
40640,257, 0
40641,255, 0
40642,247, 0
40643,230, 0
40644,192, 0
40645,152, 0
40646,119, 0
40647,97, 0
40648,83, 0
40649,93, 0
40650,122, 0
40651,145, 0
40652,158, 0
40653,165, 0
40654,172, 0
40655,164, 0
40656,164, 0
40657,151, 0
40658,129, 0
40659,103, 0
40660,75, 0
40661,63, 0
40662,54, 0
40663,38, 0
40664,43, 0
40665,22, 0
40666,24, 0
40667,25, 0
40668,30, 0
40669,41, 5
40670,54, 34
40671,75, 128
40672,75, 206
40673,83, 80
40674,79, 122
40675,47, 95
40676,25, 245
40677,15, 81
40678,15, 51
40679,18, 0
40680,37, 0
40681,55, 0
40682,51, 0
40683,51, 0
40684,31, 0
40685,18, 0
40686,0, 0
40687,0, 0
40688,0, 0
40689,0, 0
40690,0, 0
40691,0, 0
40692,19, 0
40693,6, 0
40694,14, 0
40695,20, 0
40696,34, 0
40697,40, 0
40698,54, 0
40699,58, 0
40700,78, 0
40701,93, 0
40702,115, 0
40703,133, 0
40704,121, 0
40705,117, 4
40706,93, 7
40707,100, 253
40708,89, 205
40709,85, 85
40710,83, 3
40711,83, 0
40712,84, 0
40713,72, 0
40714,62, 143
40715,62, 354
40716,58, 505
40717,48, 446
40718,51, 378
40719,51, 351
40720,40, 215
40721,46, 23
40722,68, 0
40723,83, 0
40724,81, 0
40725,70, 0
40726,54, 0
40727,59, 0
40728,59, 0
40729,77, 0
40730,90, 0
40731,102, 0
40732,118, 0
40733,113, 0
40734,107, 0
40735,105, 0
40736,87, 0
40737,80, 109
40738,78, 102
40739,75, 207
40740,64, 64
40741,81, 0
40742,87, 0
40743,83, 0
40744,63, 0
40745,36, 0
40746,12, 3
40747,1, 0
40748,0, 0
40749,0, 0
40750,0, 0
40751,0, 0
40752,6, 0
40753,46, 0
40754,70, 0
40755,101, 0
40756,128, 0
40757,136, 0
40758,133, 0
40759,127, 0
40760,128, 0
40761,139, 0
40762,143, 0
40763,167, 0
40764,164, 0
40765,128, 0
40766,80, 0
40767,20, 0
40768,0, 0
40769,15, 13
40770,0, 0
40771,19, 0
40772,70, 0
40773,106, 1
40774,112, 0
40775,115, 2
40776,110, 0
40777,108, 0
40778,108, 0
40779,101, 0
40780,103, 0
40781,131, 0
40782,157, 0
40783,177, 0
40784,192, 0
40785,185, 0
40786,164, 0
40787,138, 0
40788,105, 0
40789,78, 0
40790,46, 0
40791,30, 0
40792,28, 0
40793,35, 0
40794,62, 0
40795,87, 0
40796,81, 0
40797,67, 93
40798,40, 166
40799,13, 311
40800,20, 469
40801,17, 238
40802,38, 136
40803,46, 47
40804,62, 2
40805,70, 0
40806,78, 0
40807,73, 0
40808,76, 0
40809,77, 0
40810,74, 0
40811,69, 0
40812,53, 0
40813,37, 0
40814,31, 0
40815,19, 0
40816,25, 0
40817,30, 0
40818,41, 0
40819,51, 0
40820,57, 0
40821,64, 0
40822,72, 0
40823,77, 0
40824,83, 0
40825,87, 0
40826,78, 0
40827,62, 0
40828,37, 0
40829,23, 0
40830,48, 0
40831,38, 0
40832,73, 0
40833,102, 0
40834,123, 0
40835,127, 0
40836,126, 0
40837,122, 0
40838,108, 0
40839,103, 0
40840,97, 0
40841,99, 0
40842,111, 0
40843,108, 0
40844,105, 0
40845,88, 0
40846,81, 0
40847,63, 0
40848,48, 0
40849,41, 0
40850,38, 0
40851,39, 0
40852,64, 0
40853,68, 0
40854,73, 0
40855,77, 0
40856,72, 0
40857,60, 0
40858,39, 134
40859,6, 150
40860,0, 101
40861,0, 34
40862,0, 19
40863,22, 0
40864,47, 0
40865,73, 0
40866,79, 0
40867,86, 0
40868,87, 0
40869,89, 0
40870,89, 0
40871,95, 0
40872,99, 0
40873,97, 0
40874,101, 0
40875,109, 63
40876,115, 130
40877,120, 279
40878,110, 222
40879,97, 101
40880,83, 9
40881,69, 0
40882,51, 0
40883,38, 0
40884,25, 0
40885,0, 0
40886,0, 0
40887,0, 0
40888,0, 0
40889,0, 0
40890,0, 0
40891,7, 0
40892,38, 0
40893,91, 0
40894,128, 0
40895,151, 0
40896,144, 0
40897,134, 0
40898,124, 0
40899,127, 0
40900,133, 0
40901,148, 0
40902,164, 0
40903,159, 0
40904,165, 0
40905,156, 0
40906,139, 0
40907,120, 0
40908,95, 0
40909,90, 0
40910,90, 0
40911,89, 0
40912,80, 0
40913,67, 121
40914,60, 298
40915,48, 186
40916,38, 77
40917,29, 63
40918,14, 95
40919,0, 89
40920,0, 197
40921,0, 88
40922,0, 135
40923,2, 57
40924,31, 0
40925,59, 0
40926,74, 0
40927,69, 0
40928,73, 0
40929,68, 0
40930,87, 0
40931,96, 0
40932,108, 0
40933,113, 0
40934,108, 0
40935,115, 0
40936,119, 0
40937,129, 0
40938,134, 0
40939,140, 0
40940,123, 0
40941,122, 0
40942,103, 0
40943,89, 0
40944,77, 0
40945,67, 0
40946,83, 0
40947,90, 0
40948,87, 0
40949,73, 0
40950,38, 0
40951,28, 0
40952,31, 0
40953,50, 5
40954,91, 0
40955,135, 0
40956,147, 0
40957,149, 0
40958,138, 122
40959,130, 247
40960,127, 267
40961,108, 132
40962,95, 48
40963,90, 0
40964,87, 0
40965,73, 0
40966,58, 0
40967,53, 0
40968,46, 0
40969,54, 0
40970,43, 0
40971,51, 0
40972,51, 0
40973,54, 0
40974,53, 0
40975,45, 0
40976,43, 0
40977,34, 0
40978,43, 0
40979,32, 0
40980,12, 0
40981,1, 0
40982,1, 0
40983,9, 0
40984,21, 0
40985,48, 0
40986,69, 0
40987,65, 0
40988,86, 0
40989,92, 0
40990,90, 0
40991,88, 0
40992,83, 14
40993,57, 0
40994,44, 0
40995,34, 1
40996,46, 0
40997,35, 0
40998,25, 0
40999,12, 0
41000,0, 0
41001,0, 0
41002,0, 0
41003,12, 0
41004,22, 0
41005,42, 0
41006,44, 0
41007,59, 0
41008,74, 0
41009,86, 0
41010,74, 0
41011,63, 0
41012,60, 0
41013,60, 0
41014,76, 0
41015,102, 0
41016,135, 0
41017,140, 0
41018,135, 0
41019,121, 0
41020,107, 0
41021,106, 0
41022,96, 0
41023,93, 0
41024,91, 0
41025,93, 0
41026,105, 0
41027,103, 0
41028,102, 0
41029,97, 0
41030,102, 0
41031,88, 0
41032,81, 0
41033,94, 0
41034,88, 0
41035,89, 0
41036,91, 0
41037,86, 0
41038,80, 0
41039,76, 0
41040,57, 0
41041,31, 0
41042,12, 0
41043,6, 0
41044,7, 0
41045,30, 0
41046,51, 0
41047,63, 0
41048,85, 0
41049,79, 0
41050,83, 0
41051,80, 0
41052,86, 0
41053,95, 0
41054,89, 0
41055,83, 0
41056,92, 0
41057,94, 0
41058,91, 0
41059,85, 0
41060,73, 0
41061,65, 0
41062,70, 0
41063,51, 0
41064,60, 0
41065,57, 0
41066,59, 0
41067,54, 0
41068,62, 0
41069,67, 0
41070,57, 0
41071,41, 0
41072,31, 0
41073,38, 0
41074,51, 0
41075,69, 0
41076,94, 0
41077,130, 0
41078,130, 0
41079,141, 0
41080,124, 0
41081,105, 0
41082,95, 0
41083,89, 0
41084,88, 0
41085,81, 0
41086,87, 0
41087,97, 0
41088,92, 0
41089,85, 0
41090,95, 0
41091,92, 0
41092,89, 0
41093,83, 0
41094,77, 0
41095,76, 0
41096,69, 0
41097,70, 0
41098,75, 0
41099,77, 0
41100,80, 0
41101,92, 38
41102,35, 63
41103,38, 23
41104,10, 1
41105,9, 0
41106,20, 0
41107,48, 0
41108,62, 0
41109,63, 0
41110,55, 0
41111,53, 0
41112,48, 0
41113,54, 0
41114,67, 0
41115,73, 0
41116,70, 0
41117,63, 0
41118,78, 0
41119,60, 0
41120,65, 0
41121,69, 0
41122,77, 0
41123,92, 0
41124,93, 0
41125,102, 0
41126,100, 0
41127,107, 0
41128,106, 0
41129,105, 0
41130,115, 0
41131,108, 0
41132,101, 0
41133,70, 0
41134,56, 0
41135,51, 0
41136,58, 0
41137,85, 0
41138,105, 0
41139,110, 0
41140,106, 0
41141,90, 0
41142,83, 0
41143,84, 0
41144,102, 0
41145,95, 0
41146,95, 0
41147,101, 0
41148,100, 0
41149,99, 0
41150,99, 0
41151,94, 0
41152,103, 0
41153,92, 0
41154,95, 0
41155,89, 0
41156,83, 0
41157,79, 0
41158,69, 0
41159,63, 0
41160,57, 0
41161,57, 0
41162,63, 0
41163,14, 132
41164,2, 222
41165,6, 149
41166,19, 74
41167,39, 6
41168,80, 6
41169,108, 0
41170,117, 0
41171,104, 0
41172,100, 0
41173,97, 0
41174,95, 0
41175,89, 0
41176,97, 0
41177,102, 0
41178,102, 8
41179,102, 3
41180,103, 26
41181,96, 48
41182,92, 76
41183,87, 192
41184,76, 38
41185,61, 0
41186,63, 0
41187,68, 0
41188,77, 0
41189,89, 0
41190,92, 0
41191,92, 0
41192,81, 0
41193,48, 0
41194,17, 0
41195,6, 0
41196,7, 0
41197,15, 0
41198,41, 0
41199,73, 0
41200,89, 0
41201,85, 0
41202,83, 0
41203,85, 0
41204,89, 0
41205,93, 0
41206,107, 0
41207,102, 0
41208,108, 0
41209,119, 0
41210,121, 0
41211,133, 0
41212,129, 0
41213,119, 0
41214,124, 0
41215,120, 0
41216,124, 0
41217,121, 0
41218,117, 0
41219,111, 0
41220,102, 0
41221,106, 0
41222,103, 0
41223,109, 0
41224,76, 151
41225,74, 29
41226,50, 121
41227,48, 96
41228,44, 7
41229,62, 0
41230,65, 0
41231,53, 0
41232,51, 0
41233,51, 0
41234,55, 0
41235,61, 0
41236,59, 0
41237,68, 0
41238,65, 0
41239,63, 0
41240,71, 0
41241,57, 0
41242,64, 0
41243,68, 0
41244,83, 0
41245,87, 0
41246,83, 0
41247,94, 0
41248,109, 0
41249,92, 0
41250,92, 0
41251,91, 0
41252,93, 0
41253,83, 0
41254,68, 0
41255,47, 0
41256,42, 1
41257,50, 15
41258,58, 35
41259,83, 0
41260,117, 0
41261,127, 0
41262,127, 0
41263,119, 0
41264,115, 0
41265,112, 0
41266,110, 0
41267,116, 0
41268,106, 0
41269,108, 0
41270,108, 0
41271,112, 0
41272,108, 0
41273,104, 0
41274,90, 0
41275,88, 0
41276,84, 0
41277,85, 0
41278,84, 0
41279,85, 0
41280,102, 0
41281,77, 0
41282,70, 0
41283,71, 0
41284,44, 0
41285,25, 0
41286,0, 0
41287,1, 0
41288,9, 0
41289,15, 0
41290,57, 0
41291,79, 0
41292,94, 0
41293,97, 0
41294,105, 0
41295,106, 0
41296,103, 0
41297,99, 0
41298,100, 0
41299,83, 0
41300,95, 0
41301,91, 0
41302,87, 0
41303,102, 0
41304,104, 0
41305,108, 104
41306,106, 84
41307,91, 15
41308,76, 0
41309,61, 0
41310,65, 0
41311,64, 0
41312,70, 0
41313,73, 0
41314,92, 0
41315,52, 0
41316,38, 0
41317,30, 0
41318,37, 0
41319,54, 0
41320,70, 0
41321,99, 0
41322,123, 0
41323,123, 0
41324,116, 0
41325,113, 0
41326,119, 0
41327,111, 0
41328,97, 0
41329,109, 0
41330,107, 0
41331,113, 0
41332,104, 0
41333,107, 0
41334,107, 0
41335,99, 0
41336,92, 0
41337,99, 0
41338,95, 0
41339,92, 0
41340,91, 0
41341,85, 0
41342,84, 0
41343,83, 0
41344,85, 0
41345,71, 0
41346,44, 8
41347,25, 28
41348,14, 0
41349,19, 0
41350,28, 0
41351,53, 0
41352,71, 0
41353,80, 0
41354,69, 3
41355,79, 0
41356,78, 0
41357,81, 0
41358,70, 0
41359,75, 0
41360,79, 0
41361,76, 0
41362,83, 0
41363,74, 0
41364,81, 0
41365,79, 0
41366,76, 0
41367,81, 0
41368,76, 0
41369,75, 0
41370,79, 0
41371,80, 0
41372,75, 0
41373,88, 0
41374,86, 0
41375,81, 0
41376,57, 0
41377,32, 0
41378,31, 0
41379,36, 0
41380,52, 0
41381,83, 0
41382,109, 0
41383,127, 0
41384,127, 0
41385,121, 0
41386,120, 0
41387,115, 0
41388,108, 0
41389,110, 0
41390,106, 0
41391,107, 0
41392,102, 0
41393,102, 0
41394,95, 0
41395,95, 0
41396,99, 0
41397,107, 0
41398,117, 0
41399,103, 0
41400,84, 0
41401,42, 0
41402,19, 0
41403,7, 0
41404,7, 0
41405,14, 0
41406,7, 0
41407,0, 2
41408,0, 0
41409,0, 0
41410,0, 0
41411,14, 0
41412,50, 0
41413,77, 0
41414,89, 0
41415,89, 0
41416,89, 0
41417,89, 0
41418,95, 0
41419,97, 0
41420,97, 0
41421,102, 0
41422,108, 0
41423,115, 0
41424,108, 0
41425,116, 0
41426,120, 0
41427,126, 0
41428,120, 0
41429,125, 0
41430,128, 0
41431,133, 0
41432,137, 0
41433,130, 0
41434,137, 0
41435,143, 0
41436,137, 0
41437,107, 0
41438,80, 0
41439,67, 0
41440,67, 0
41441,76, 0
41442,108, 0
41443,140, 0
41444,152, 0
41445,153, 0
41446,145, 0
41447,138, 0
41448,141, 0
41449,132, 0
41450,131, 0
41451,136, 0
41452,115, 0
41453,103, 0
41454,93, 0
41455,97, 0
41456,88, 0
41457,92, 0
41458,84, 0
41459,72, 0
41460,56, 0
41461,40, 0
41462,23, 0
41463,5, 0
41464,0, 0
41465,0, 0
41466,0, 0
41467,0, 0
41468,0, 7
41469,0, 2
41470,0, 0
41471,0, 0
41472,0, 0
41473,2, 1
41474,9, 0
41475,23, 0
41476,18, 0
41477,19, 0
41478,19, 0
41479,17, 0
41480,22, 0
41481,31, 0
41482,31, 0
41483,45, 0
41484,57, 0
41485,57, 32
41486,64, 48
41487,73, 205
41488,77, 285
41489,79, 286
41490,77, 218
41491,76, 193
41492,70, 170
41493,68, 27
41494,63, 0
41495,67, 0
41496,62, 0
41497,41, 0
41498,9, 0
41499,0, 0
41500,0, 0
41501,0, 0
41502,0, 0
41503,6, 0
41504,42, 0
41505,71, 0
41506,91, 0
41507,95, 0
41508,101, 0
41509,106, 0
41510,108, 0
41511,112, 0
41512,121, 0
41513,117, 0
41514,121, 0
41515,118, 0
41516,128, 0
41517,127, 0
41518,121, 0
41519,129, 0
41520,127, 0
41521,128, 0
41522,130, 0
41523,122, 0
41524,129, 0
41525,126, 1
41526,127, 0
41527,121, 0
41528,102, 0
41529,74, 140
41530,59, 60
41531,52, 38
41532,57, 13
41533,76, 0
41534,110, 0
41535,139, 0
41536,152, 0
41537,157, 0
41538,160, 0
41539,161, 0
41540,158, 0
41541,157, 0
41542,145, 0
41543,136, 0
41544,124, 0
41545,115, 0
41546,121, 0
41547,123, 0
41548,127, 0
41549,124, 0
41550,111, 0
41551,99, 0
41552,87, 0
41553,83, 0
41554,84, 0
41555,71, 0
41556,70, 0
41557,78, 0
41558,76, 0
41559,54, 0
41560,38, 0
41561,29, 4
41562,39, 83
41563,55, 0
41564,81, 0
41565,113, 0
41566,142, 0
41567,130, 0
41568,119, 0
41569,111, 0
41570,121, 0
41571,101, 0
41572,93, 0
41573,90, 0
41574,77, 0
41575,72, 0
41576,51, 0
41577,38, 0
41578,30, 0
41579,14, 0
41580,6, 0
41581,5, 0
41582,5, 0
41583,6, 0
41584,10, 0
41585,6, 0
41586,4, 0
41587,5, 0
41588,13, 0
41589,12, 0
41590,0, 8
41591,0, 94
41592,8, 0
41593,25, 55
41594,46, 0
41595,89, 0
41596,121, 0
41597,127, 0
41598,132, 0
41599,112, 0
41600,118, 0
41601,121, 0
41602,120, 0
41603,131, 0
41604,144, 0
41605,155, 0
41606,170, 0
41607,175, 0
41608,182, 0
41609,179, 0
41610,183, 0
41611,185, 0
41612,184, 0
41613,182, 0
41614,176, 0
41615,165, 0
41616,152, 0
41617,145, 0
41618,139, 0
41619,129, 0
41620,94, 0
41621,65, 0
41622,46, 0
41623,36, 0
41624,34, 0
41625,35, 0
41626,51, 0
41627,43, 0
41628,21, 0
41629,11, 0
41630,1, 0
41631,3, 0
41632,18, 0
41633,38, 0
41634,68, 0
41635,89, 0
41636,115, 0
41637,120, 0
41638,122, 0
41639,132, 0
41640,132, 0
41641,142, 0
41642,161, 0
41643,173, 0
41644,181, 0
41645,176, 0
41646,170, 0
41647,159, 0
41648,145, 0
41649,122, 0
41650,93, 0
41651,63, 6
41652,44, 13
41653,46, 75
41654,57, 19
41655,84, 0
41656,110, 0
41657,131, 0
41658,133, 0
41659,124, 0
41660,102, 0
41661,80, 0
41662,55, 0
41663,29, 0
41664,22, 0
41665,20, 0
41666,24, 0
41667,32, 0
41668,30, 0
41669,31, 0
41670,21, 0
41671,2, 0
41672,0, 0
41673,0, 0
41674,0, 0
41675,0, 0
41676,1, 0
41677,4, 0
41678,5, 0
41679,0, 0
41680,0, 0
41681,0, 0
41682,0, 0
41683,0, 0
41684,0, 0
41685,0, 0
41686,0, 0
41687,17, 0
41688,38, 0
41689,41, 0
41690,35, 0
41691,31, 0
41692,35, 0
41693,31, 0
41694,44, 0
41695,61, 0
41696,70, 0
41697,72, 0
41698,63, 0
41699,50, 0
41700,37, 0
41701,34, 0
41702,69, 0
41703,77, 0
41704,102, 0
41705,118, 0
41706,127, 0
41707,127, 0
41708,152, 0
41709,167, 0
41710,179, 0
41711,177, 0
41712,150, 3
41713,127, 1
41714,103, 0
41715,77, 0
41716,71, 0
41717,80, 4
41718,89, 0
41719,89, 0
41720,64, 0
41721,41, 0
41722,19, 0
41723,6, 0
41724,0, 0
41725,0, 0
41726,0, 0
41727,0, 0
41728,0, 0
41729,0, 0
41730,0, 0
41731,0, 0
41732,0, 0
41733,0, 0
41734,0, 0
41735,6, 0
41736,12, 0
41737,64, 0
41738,121, 0
41739,195, 0
41740,248, 0
41741,282, 0
41742,317, 0
41743,344, 0
41744,371, 2
41745,374, 0
41746,373, 0
41747,376, 0
41748,391, 0
41749,398, 0
41750,421, 0
41751,447, 0
41752,466, 0
41753,473, 0
41754,453, 0
41755,420, 0
41756,385, 0
41757,348, 0
41758,323, 0
41759,301, 0
41760,304, 0
41761,279, 0
41762,259, 0
41763,249, 0
41764,237, 0
41765,222, 0
41766,210, 0
41767,201, 0
41768,218, 0
41769,201, 0
41770,212, 0
41771,189, 0
41772,132, 0
41773,76, 27
41774,31, 60
41775,0, 4
41776,0, 23
41777,0, 0
41778,0, 0
41779,6, 0
41780,0, 0
41781,0, 0
41782,0, 0
41783,13, 0
41784,50, 0
41785,85, 0
41786,104, 0
41787,108, 0
41788,88, 0
41789,45, 0
41790,1, 0
41791,0, 0
41792,0, 0
41793,22, 0
41794,71, 0
41795,115, 0
41796,144, 0
41797,165, 0
41798,183, 0
41799,195, 0
41800,205, 0
41801,236, 0
41802,266, 0
41803,276, 0
41804,275, 0
41805,270, 0
41806,276, 0
41807,277, 0
41808,300, 0
41809,308, 0
41810,304, 0
41811,286, 0
41812,255, 0
41813,220, 0
41814,204, 0
41815,166, 0
41816,136, 0
41817,104, 0
41818,95, 0
41819,69, 0
41820,46, 0
41821,29, 0
41822,5, 0
41823,0, 0
41824,0, 0
41825,0, 0
41826,0, 0
41827,0, 0
41828,1, 0
41829,0, 0
41830,0, 0
41831,0, 0
41832,2, 0
41833,11, 0
41834,39, 134
41835,47, 45
41836,62, 0
41837,65, 18
41838,48, 3
41839,4, 0
41840,6, 0
41841,9, 0
41842,63, 0
41843,127, 0
41844,152, 0
41845,139, 0
41846,95, 0
41847,57, 0
41848,40, 0
41849,30, 0
41850,20, 0
41851,15, 0
41852,12, 0
41853,34, 0
41854,15, 0
41855,3, 0
41856,0, 0
41857,0, 0
41858,0, 0
41859,0, 0
41860,0, 0
41861,0, 0
41862,0, 0
41863,0, 0
41864,0, 0
41865,0, 26
41866,0, 28
41867,0, 29
41868,0, 0
41869,32, 0
41870,76, 0
41871,110, 0
41872,124, 0
41873,139, 0
41874,138, 0
41875,133, 0
41876,116, 0
41877,117, 0
41878,109, 0
41879,109, 0
41880,99, 0
41881,95, 0
41882,96, 0
41883,97, 0
41884,95, 0
41885,81, 0
41886,80, 0
41887,64, 0
41888,55, 0
41889,60, 0
41890,63, 0
41891,92, 0
41892,101, 0
41893,111, 0
41894,95, 0
41895,83, 247
41896,79, 175
41897,85, 69
41898,101, 56
41899,133, 0
41900,159, 0
41901,170, 0
41902,171, 0
41903,174, 0
41904,172, 0
41905,166, 0
41906,158, 0
41907,148, 0
41908,139, 0
41909,140, 0
41910,133, 0
41911,130, 0
41912,120, 0
41913,126, 0
41914,138, 0
41915,140, 0
41916,145, 0
41917,139, 0
41918,115, 0
41919,96, 0
41920,76, 0
41921,42, 0
41922,23, 0
41923,4, 0
41924,0, 0
41925,0, 0
41926,0, 0
41927,0, 0
41928,23, 0
41929,54, 0
41930,89, 0
41931,123, 0
41932,135, 0
41933,150, 0
41934,158, 0
41935,159, 0
41936,154, 0
41937,133, 0
41938,112, 0
41939,102, 0
41940,102, 0
41941,78, 0
41942,51, 0
41943,19, 0
41944,0, 0
41945,0, 0
41946,0, 0
41947,0, 0
41948,0, 0
41949,10, 0
41950,71, 0
41951,161, 0
41952,237, 0
41953,298, 0
41954,348, 0
41955,345, 0
41956,316, 0
41957,261, 0
41958,204, 0
41959,160, 0
41960,132, 0
41961,127, 0
41962,126, 0
41963,115, 0
41964,100, 0
41965,89, 0
41966,69, 0
41967,47, 0
41968,19, 0
41969,0, 0
41970,1, 0
41971,0, 0
41972,8, 0
41973,7, 0
41974,25, 0
41975,30, 0
41976,46, 0
41977,55, 0
41978,53, 0
41979,53, 0
41980,25, 0
41981,4, 0
41982,0, 0
41983,0, 0
41984,0, 0
41985,3, 0
41986,0, 0
41987,0, 0
41988,30, 0
41989,38, 0
41990,81, 0
41991,138, 0
41992,181, 0
41993,201, 0
41994,210, 0
41995,215, 0
41996,210, 0
41997,204, 0
41998,189, 0
41999,190, 0
42000,173, 0
42001,180, 0
42002,164, 0
42003,154, 0
42004,140, 0
42005,116, 0
42006,122, 0
42007,120, 0
42008,111, 0
42009,104, 0
42010,95, 0
42011,92, 0
42012,83, 0
42013,84, 0
42014,81, 0
42015,70, 0
42016,51, 0
42017,21, 0
42018,18, 0
42019,19, 0
42020,52, 0
42021,76, 0
42022,123, 0
42023,157, 0
42024,172, 0
42025,173, 0
42026,152, 0
42027,132, 0
42028,105, 0
42029,83, 0
42030,67, 0
42031,50, 0
42032,45, 0
42033,51, 0
42034,57, 0
42035,51, 0
42036,51, 0
42037,44, 0
42038,44, 0
42039,44, 0
42040,43, 0
42041,46, 0
42042,42, 0
42043,29, 0
42044,21, 0
42045,0, 0
42046,0, 0
42047,0, 36
42048,0, 0
42049,0, 0
42050,0, 0
42051,1, 0
42052,1, 0
42053,0, 0
42054,0, 0
42055,0, 0
42056,2, 0
42057,17, 0
42058,54, 0
42059,103, 0
42060,138, 0
42061,170, 0
42062,215, 0
42063,227, 0
42064,266, 0
42065,294, 0
42066,300, 0
42067,268, 0
42068,223, 0
42069,171, 0
42070,127, 0
42071,81, 0
42072,40, 0
42073,12, 0
42074,5, 0
42075,0, 0
42076,0, 0
42077,0, 0
42078,0, 26
42079,0, 69
42080,0, 8
42081,43, 4
42082,63, 0
42083,76, 0
42084,85, 0
42085,119, 0
42086,144, 0
42087,152, 0
42088,123, 0
42089,77, 0
42090,20, 0
42091,0, 0
42092,18, 0
42093,97, 0
42094,185, 0
42095,251, 0
42096,287, 0
42097,313, 0
42098,363, 0
42099,413, 0
42100,447, 0
42101,452, 0
42102,417, 0
42103,365, 0
42104,264, 0
42105,214, 0
42106,151, 0
42107,90, 0
42108,14, 0
42109,0, 0
42110,0, 0
42111,0, 0
42112,24, 0
42113,87, 0
42114,139, 0
42115,158, 0
42116,179, 0
42117,182, 0
42118,193, 0
42119,198, 0
42120,204, 0
42121,183, 0
42122,152, 0
42123,108, 0
42124,69, 0
42125,34, 0
42126,25, 0
42127,4, 0
42128,0, 0
42129,0, 0
42130,0, 0
42131,0, 0
42132,2, 0
42133,25, 0
42134,59, 0
42135,120, 0
42136,169, 0
42137,219, 0
42138,247, 0
42139,247, 0
42140,244, 0
42141,218, 0
42142,182, 22
42143,161, 0
42144,151, 0
42145,148, 0
42146,145, 0
42147,140, 0
42148,147, 0
42149,121, 0
42150,90, 0
42151,51, 0
42152,21, 0
42153,26, 0
42154,41, 0
42155,45, 0
42156,41, 0
42157,30, 0
42158,20, 0
42159,11, 0
42160,0, 0
42161,0, 0
42162,0, 0
42163,0, 0
42164,0, 0
42165,0, 0
42166,20, 0
42167,35, 0
42168,42, 0
42169,2, 0
42170,0, 0
42171,0, 0
42172,8, 0
42173,29, 0
42174,0, 0
42175,11, 0
42176,101, 0
42177,171, 0
42178,237, 0
42179,285, 0
42180,337, 0
42181,383, 0
42182,411, 0
42183,409, 0
42184,372, 0
42185,327, 0
42186,279, 0
42187,246, 0
42188,254, 0
42189,218, 0
42190,145, 0
42191,38, 0
42192,14, 0
42193,14, 0
42194,47, 0
42195,62, 0
42196,60, 0
42197,48, 0
42198,52, 0
42199,62, 0
42200,64, 0
42201,39, 0
42202,3, 0
42203,4, 0
42204,0, 0
42205,0, 0
42206,0, 0
42207,0, 0
42208,0, 0
42209,0, 0
42210,0, 0
42211,25, 0
42212,86, 0
42213,152, 0
42214,199, 0
42215,186, 0
42216,167, 0
42217,108, 0
42218,58, 0
42219,40, 0
42220,3, 0
42221,23, 0
42222,52, 0
42223,42, 0
42224,25, 0
42225,0, 0
42226,0, 0
42227,0, 0
42228,36, 0
42229,132, 0
42230,217, 0
42231,310, 0
42232,367, 0
42233,420, 0
42234,476, 0
42235,600, 0
42236,654, 0
42237,694, 0
42238,726, 0
42239,698, 0
42240,654, 0
42241,607, 0
42242,557, 0
42243,510, 0
42244,465, 0
42245,420, 0
42246,368, 0
42247,300, 0
42248,239, 0
42249,170, 0
42250,110, 0
42251,72, 0
42252,53, 0
42253,40, 0
42254,51, 0
42255,40, 0
42256,27, 0
42257,12, 0
42258,0, 0
42259,4, 0
42260,75, 5
42261,159, 62
42262,222, 176
42263,257, 47
42264,239, 110
42265,166, 117
42266,53, 9
42267,0, 0
42268,0, 0
42269,0, 0
42270,0, 0
42271,30, 0
42272,110, 0
42273,176, 0
42274,202, 0
42275,159, 0
42276,53, 0
42277,0, 0
42278,2, 0
42279,45, 0
42280,67, 0
42281,76, 0
42282,61, 0
42283,53, 0
42284,67, 0
42285,108, 0
42286,159, 0
42287,205, 0
42288,244, 0
42289,244, 0
42290,224, 0
42291,227, 0
42292,214, 0
42293,235, 20
42294,211, 0
42295,167, 0
42296,70, 0
42297,2, 0
42298,0, 0
42299,0, 0
42300,21, 0
42301,76, 0
42302,85, 0
42303,13, 0
42304,12, 0
42305,144, 0
42306,284, 0
42307,391, 0
42308,469, 0
42309,517, 0
42310,523, 0
42311,457, 0
42312,371, 0
42313,276, 0
42314,200, 0
42315,171, 0
42316,187, 0
42317,200, 0
42318,232, 0
42319,251, 0
42320,268, 0
42321,255, 0
42322,199, 2
42323,143, 25
42324,78, 0
42325,70, 0
42326,90, 0
42327,144, 0
42328,190, 0
42329,239, 0
42330,298, 0
42331,345, 0
42332,349, 0
42333,339, 0
42334,292, 0
42335,237, 0
42336,183, 0
42337,121, 0
42338,58, 0
42339,34, 0
42340,31, 0
42341,36, 0
42342,51, 0
42343,31, 0
42344,14, 0
42345,11, 0
42346,6, 0
42347,6, 0
42348,11, 0
42349,52, 0
42350,72, 0
42351,95, 0
42352,80, 0
42353,63, 0
42354,56, 0
42355,43, 0
42356,40, 0
42357,76, 0
42358,120, 0
42359,149, 0
42360,171, 0
42361,184, 0
42362,201, 0
42363,197, 0
42364,210, 0
42365,207, 0
42366,202, 0
42367,195, 0
42368,163, 0
42369,144, 0
42370,148, 0
42371,164, 0
42372,181, 0
42373,188, 0
42374,202, 0
42375,204, 0
42376,210, 0
42377,228, 0
42378,261, 0
42379,292, 0
42380,304, 0
42381,271, 34
42382,172, 13
42383,44, 109
42384,0, 138
42385,0, 64
42386,0, 175
42387,0, 50
42388,0, 6
42389,0, 0
42390,31, 0
42391,115, 0
42392,185, 0
42393,210, 0
42394,182, 0
42395,116, 0
42396,79, 0
42397,100, 0
42398,134, 0
42399,176, 0
42400,189, 0
42401,152, 0
42402,107, 0
42403,34, 0
42404,0, 0
42405,43, 0
42406,169, 0
42407,270, 0
42408,348, 0
42409,391, 0
42410,403, 0
42411,395, 0
42412,376, 0
42413,322, 0
42414,276, 0
42415,264, 0
42416,287, 0
42417,360, 0
42418,420, 0
42419,476, 0
42420,473, 0
42421,485, 0
42422,484, 0
42423,430, 0
42424,316, 0
42425,195, 0
42426,109, 0
42427,64, 0
42428,29, 0
42429,23, 0
42430,38, 0
42431,65, 0
42432,124, 0
42433,216, 0
42434,299, 0
42435,331, 0
42436,317, 0
42437,261, 0
42438,193, 0
42439,130, 0
42440,57, 0
42441,12, 0
42442,0, 0
42443,0, 5
42444,0, 20
42445,3, 122
42446,32, 0
42447,127, 0
42448,161, 0
42449,170, 0
42450,158, 0
42451,139, 0
42452,115, 0
42453,38, 0
42454,0, 0
42455,63, 0
42456,154, 0
42457,191, 0
42458,145, 0
42459,72, 0
42460,45, 0
42461,117, 0
42462,237, 0
42463,332, 0
42464,384, 0
42465,348, 0
42466,207, 0
42467,39, 0
42468,0, 0
42469,9, 0
42470,0, 0
42471,0, 0
42472,0, 0
42473,0, 0
42474,0, 0
42475,0, 0
42476,0, 1
42477,0, 0
42478,0, 0
42479,31, 0
42480,104, 0
42481,125, 0
42482,57, 0
42483,0, 0
42484,0, 0
42485,0, 0
42486,1, 0
42487,41, 0
42488,89, 0
42489,118, 0
42490,158, 0
42491,207, 0
42492,257, 0
42493,275, 0
42494,272, 0
42495,268, 0
42496,229, 0
42497,164, 0
42498,89, 0
42499,36, 0
42500,31, 0
42501,63, 0
42502,115, 0
42503,157, 0
42504,133, 0
42505,88, 0
42506,46, 0
42507,54, 0
42508,68, 0
42509,108, 0
42510,155, 0
42511,183, 0
42512,168, 0
42513,89, 0
42514,34, 0
42515,0, 0
42516,0, 0
42517,17, 0
42518,57, 0
42519,63, 0
42520,39, 0
42521,6, 0
42522,0, 0
42523,0, 0
42524,0, 0
42525,0, 0
42526,0, 0
42527,0, 0
42528,4, 0
42529,4, 0
42530,0, 0
42531,0, 0
42532,35, 0
42533,51, 0
42534,44, 0
42535,59, 9
42536,8, 31
42537,0, 0
42538,0, 0
42539,0, 0
42540,0, 0
42541,6, 0
42542,31, 0
42543,101, 0
42544,205, 0
42545,300, 0
42546,362, 0
42547,411, 0
42548,477, 0
42549,569, 0
42550,693, 0
42551,841, 0
42552,922, 0
42553,935, 0
42554,852, 0
42555,737, 0
42556,631, 0
42557,553, 0
42558,512, 0
42559,465, 0
42560,382, 0
42561,285, 0
42562,188, 0
42563,102, 0
42564,4, 0
42565,51, 0
42566,171, 0
42567,253, 0
42568,290, 0
42569,266, 0
42570,216, 0
42571,144, 0
42572,68, 0
42573,7, 0
42574,0, 0
42575,15, 0
42576,47, 0
42577,77, 0
42578,89, 0
42579,92, 0
42580,63, 0
42581,19, 0
42582,0, 0
42583,0, 0
42584,0, 0
42585,0, 0
42586,6, 0
42587,25, 0
42588,27, 0
42589,3, 0
42590,0, 0
42591,0, 0
42592,0, 0
42593,0, 0
42594,0, 0
42595,11, 0
42596,79, 0
42597,56, 0
42598,24, 0
42599,216, 0
42600,355, 0
42601,367, 0
42602,363, 0
42603,414, 0
42604,447, 0
42605,446, 0
42606,389, 0
42607,308, 0
42608,185, 0
42609,31, 0
42610,0, 0
42611,57, 0
42612,94, 0
42613,93, 0
42614,25, 0
42615,0, 0
42616,7, 0
42617,84, 0
42618,151, 0
42619,187, 0
42620,219, 0
42621,239, 0
42622,238, 0
42623,207, 0
42624,172, 0
42625,148, 0
42626,112, 0
42627,94, 0
42628,62, 0
42629,32, 0
42630,0, 0
42631,0, 0
42632,11, 0
42633,45, 0
42634,91, 0
42635,116, 0
42636,113, 0
42637,53, 0
42638,4, 0
42639,77, 0
42640,128, 0
42641,100, 0
42642,27, 0
42643,0, 0
42644,28, 0
42645,99, 0
42646,147, 0
42647,192, 0
42648,255, 0
42649,342, 0
42650,426, 0
42651,472, 0
42652,468, 0
42653,409, 0
42654,327, 0
42655,257, 0
42656,211, 0
42657,166, 0
42658,89, 0
42659,3, 0
42660,81, 0
42661,215, 0
42662,202, 0
42663,96, 0
42664,3, 0
42665,0, 0
42666,0, 0
42667,0, 0
42668,1, 0
42669,63, 0
42670,167, 0
42671,232, 0
42672,259, 0
42673,267, 0
42674,261, 0
42675,238, 0
42676,238, 0
42677,256, 0
42678,257, 0
42679,212, 0
42680,129, 0
42681,68, 0
42682,71, 3
42683,133, 0
42684,226, 0
42685,355, 0
42686,440, 0
42687,439, 0
42688,368, 131
42689,248, 3
42690,139, 0
42691,52, 0
42692,3, 0
42693,0, 0
42694,43, 0
42695,159, 0
42696,204, 0
42697,186, 0
42698,127, 0
42699,88, 0
42700,78, 0
42701,108, 0
42702,141, 0
42703,173, 0
42704,191, 0
42705,188, 0
42706,154, 0
42707,99, 0
42708,46, 0
42709,0, 0
42710,0, 0
42711,41, 0
42712,154, 0
42713,284, 0
42714,387, 0
42715,461, 0
42716,479, 0
42717,430, 0
42718,332, 0
42719,228, 0
42720,151, 0
42721,105, 0
42722,77, 0
42723,70, 0
42724,87, 0
42725,102, 0
42726,133, 0
42727,144, 0
42728,148, 0
42729,142, 0
42730,123, 0
42731,121, 0
42732,115, 0
42733,145, 0
42734,200, 0
42735,196, 6
42736,211, 0
42737,230, 0
42738,255, 0
42739,270, 0
42740,252, 0
42741,222, 0
42742,190, 0
42743,145, 0
42744,99, 0
42745,59, 0
42746,28, 0
42747,1, 1
42748,0, 0
42749,0, 57
42750,0, 0
42751,0, 0
42752,2, 0
42753,0, 0
42754,6, 0
42755,0, 0
42756,0, 0
42757,31, 0
42758,129, 0
42759,227, 0
42760,321, 0
42761,385, 0
42762,394, 0
42763,361, 0
42764,308, 0
42765,244, 0
42766,188, 0
42767,152, 0
42768,127, 0
42769,95, 0
42770,63, 0
42771,22, 0
42772,0, 0
42773,0, 0
42774,0, 0
42775,0, 0
42776,0, 0
42777,0, 0
42778,0, 0
42779,0, 0
42780,0, 0
42781,0, 0
42782,0, 0
42783,3, 0
42784,57, 0
42785,121, 0
42786,152, 0
42787,157, 0
42788,133, 0
42789,87, 0
42790,70, 0
42791,41, 0
42792,34, 0
42793,36, 0
42794,45, 0
42795,54, 0
42796,46, 0
42797,38, 0
42798,10, 0
42799,0, 0
42800,0, 4
42801,0, 0
42802,0, 0
42803,20, 0
42804,80, 0
42805,133, 0
42806,152, 0
42807,126, 0
42808,81, 0
42809,43, 0
42810,38, 0
42811,65, 0
42812,89, 0
42813,94, 0
42814,92, 0
42815,102, 0
42816,51, 0
42817,17, 0
42818,0, 0
42819,4, 0
42820,19, 0
42821,13, 0
42822,0, 0
42823,0, 0
42824,87, 0
42825,238, 0
42826,368, 0
42827,439, 0
42828,469, 0
42829,441, 0
42830,394, 0
42831,310, 0
42832,207, 0
42833,121, 0
42834,47, 0
42835,8, 0
42836,2, 0
42837,0, 0
42838,0, 0
42839,0, 0
42840,19, 0
42841,101, 0
42842,149, 0
42843,197, 0
42844,201, 0
42845,126, 0
42846,14, 0
42847,0, 0
42848,19, 0
42849,44, 0
42850,74, 0
42851,92, 0
42852,104, 0
42853,97, 0
42854,113, 0
42855,171, 0
42856,267, 0
42857,401, 0
42858,519, 0
42859,610, 0
42860,662, 0
42861,636, 0
42862,564, 0
42863,435, 0
42864,287, 0
42865,165, 0
42866,97, 0
42867,105, 0
42868,180, 0
42869,241, 0
42870,229, 0
42871,155, 65
42872,63, 0
42873,18, 0
42874,13, 0
42875,71, 0
42876,134, 0
42877,142, 0
42878,142, 0
42879,107, 0
42880,76, 0
42881,56, 0
42882,45, 0
42883,2, 0
42884,0, 0
42885,13, 0
42886,44, 0
42887,67, 0
42888,75, 0
42889,88, 0
42890,126, 0
42891,83, 0
42892,24, 0
42893,0, 0
42894,44, 0
42895,160, 0
42896,228, 0
42897,259, 0
42898,217, 0
42899,124, 0
42900,41, 0
42901,0, 0
42902,0, 0
42903,0, 0
42904,0, 6
42905,36, 0
42906,122, 0
42907,200, 0
42908,228, 0
42909,232, 0
42910,207, 0
42911,196, 0
42912,193, 0
42913,163, 0
42914,107, 0
42915,21, 0
42916,0, 0
42917,0, 0
42918,0, 0
42919,2, 0
42920,39, 0
42921,85, 0
42922,141, 0
42923,186, 0
42924,193, 0
42925,152, 0
42926,101, 0
42927,70, 0
42928,70, 0
42929,77, 0
42930,83, 6
42931,78, 0
42932,61, 0
42933,12, 0
42934,0, 0
42935,0, 0
42936,0, 0
42937,0, 0
42938,0, 0
42939,18, 0
42940,57, 0
42941,74, 0
42942,51, 0
42943,22, 0
42944,0, 0
42945,0, 0
42946,2, 0
42947,0, 0
42948,0, 0
42949,0, 0
42950,0, 0
42951,0, 0
42952,0, 0
42953,44, 0
42954,181, 0
42955,304, 0
42956,374, 0
42957,396, 0
42958,403, 0
42959,371, 0
42960,290, 0
42961,184, 0
42962,92, 0
42963,48, 0
42964,91, 0
42965,207, 0
42966,325, 0
42967,357, 0
42968,278, 0
42969,157, 0
42970,50, 0
42971,2, 0
42972,0, 0
42973,19, 0
42974,44, 0
42975,44, 0
42976,7, 0
42977,0, 0
42978,0, 0
42979,0, 0
42980,0, 0
42981,0, 0
42982,0, 0
42983,0, 0
42984,23, 0
42985,62, 0
42986,101, 0
42987,121, 0
42988,106, 0
42989,72, 0
42990,35, 0
42991,5, 61
42992,0, 73
42993,0, 227
42994,0, 139
42995,0, 183
42996,41, 72
42997,151, 0
42998,262, 0
42999,352, 0
43000,406, 0
43001,415, 0
43002,396, 0
43003,342, 0
43004,274, 0
43005,170, 0
43006,63, 0
43007,2, 0
43008,17, 0
43009,0, 0
43010,0, 0
43011,0, 0
43012,0, 0
43013,2, 0
43014,99, 0
43015,207, 0
43016,285, 0
43017,304, 0
43018,258, 0
43019,196, 0
43020,141, 0
43021,102, 0
43022,70, 0
43023,37, 0
43024,28, 0
43025,31, 0
43026,43, 0
43027,47, 0
43028,69, 0
43029,76, 0
43030,76, 0
43031,73, 0
43032,71, 0
43033,74, 0
43034,70, 0
43035,71, 0
43036,89, 0
43037,108, 0
43038,144, 0
43039,156, 0
43040,165, 0
43041,150, 0
43042,115, 0
43043,52, 0
43044,0, 0
43045,0, 0
43046,0, 0
43047,0, 0
43048,0, 0
43049,25, 0
43050,101, 0
43051,145, 0
43052,172, 0
43053,142, 0
43054,105, 19
43055,47, 12
43056,12, 0
43057,0, 0
43058,0, 0
43059,0, 0
43060,0, 0
43061,0, 0
43062,0, 0
43063,0, 0
43064,6, 0
43065,26, 0
43066,57, 0
43067,70, 0
43068,67, 0
43069,76, 0
43070,85, 0
43071,90, 0
43072,105, 0
43073,95, 0
43074,64, 0
43075,38, 0
43076,5, 0
43077,0, 0
43078,0, 0
43079,24, 0
43080,43, 0
43081,19, 0
43082,0, 0
43083,0, 0
43084,11, 14
43085,95, 87
43086,190, 0
43087,286, 0
43088,380, 0
43089,476, 0
43090,542, 0
43091,576, 0
43092,548, 0
43093,483, 0
43094,403, 0
43095,327, 0
43096,282, 0
43097,246, 0
43098,202, 0
43099,151, 0
43100,93, 0
43101,37, 0
43102,0, 0
43103,0, 0
43104,0, 0
43105,0, 0
43106,25, 0
43107,55, 0
43108,47, 0
43109,42, 0
43110,35, 0
43111,34, 0
43112,31, 0
43113,14, 0
43114,0, 0
43115,0, 25
43116,0, 24
43117,5, 36
43118,5, 92
43119,0, 0
43120,11, 0
43121,88, 0
43122,175, 0
43123,218, 0
43124,210, 0
43125,183, 0
43126,168, 0
43127,154, 0
43128,159, 0
43129,177, 0
43130,218, 0
43131,296, 0
43132,307, 0
43133,280, 0
43134,198, 0
43135,128, 0
43136,72, 0
43137,57, 0
43138,87, 0
43139,133, 0
43140,155, 0
43141,175, 0
43142,154, 0
43143,102, 0
43144,14, 0
43145,6, 0
43146,79, 0
43147,128, 0
43148,141, 0
43149,85, 0
43150,0, 0
43151,14, 0
43152,72, 0
43153,95, 0
43154,87, 0
43155,57, 0
43156,12, 0
43157,0, 0
43158,0, 0
43159,0, 0
43160,0, 0
43161,0, 0
43162,0, 0
43163,0, 0
43164,0, 1
43165,0, 0
43166,0, 0
43167,5, 0
43168,6, 0
43169,4, 0
43170,21, 0
43171,65, 0
43172,128, 0
43173,222, 0
43174,294, 0
43175,295, 0
43176,245, 0
43177,191, 0
43178,118, 0
43179,93, 0
43180,108, 0
43181,130, 0
43182,158, 0
43183,211, 0
43184,256, 0
43185,274, 0
43186,263, 0
43187,220, 0
43188,183, 0
43189,86, 0
43190,25, 0
43191,3, 0
43192,28, 0
43193,75, 0
43194,106, 0
43195,108, 0
43196,76, 0
43197,51, 0
43198,31, 0
43199,46, 0
43200,83, 0
43201,134, 0
43202,173, 0
43203,186, 0
43204,155, 0
43205,53, 0
43206,0, 0
43207,41, 0
43208,57, 0
43209,5, 0
43210,6, 0
43211,74, 0
43212,134, 0
43213,184, 0
43214,204, 0
43215,175, 0
43216,133, 0
43217,116, 0
43218,144, 0
43219,176, 0
43220,203, 0
43221,191, 0
43222,217, 0
43223,251, 0
43224,268, 0
43225,263, 0
43226,251, 0
43227,215, 0
43228,157, 0
43229,73, 0
43230,3, 0
43231,1, 0
43232,19, 0
43233,7, 0
43234,6, 0
43235,133, 0
43236,252, 12
43237,287, 150
43238,259, 71
43239,220, 4
43240,181, 4
43241,154, 0
43242,144, 1
43243,143, 0
43244,139, 0
43245,112, 0
43246,111, 0
43247,95, 0
43248,84, 0
43249,69, 0
43250,54, 0
43251,50, 0
43252,52, 0
43253,41, 0
43254,26, 0
43255,14, 0
43256,5, 0
43257,4, 0
43258,17, 0
43259,48, 0
43260,74, 0
43261,111, 0
43262,130, 0
43263,121, 0
43264,106, 0
43265,63, 0
43266,6, 0
43267,0, 0
43268,0, 0
43269,0, 0
43270,0, 0
43271,1, 0
43272,51, 0
43273,112, 0
43274,142, 0
43275,135, 0
43276,139, 0
43277,127, 0
43278,122, 0
43279,128, 0
43280,127, 0
43281,127, 0
43282,132, 0
43283,108, 0
43284,87, 0
43285,105, 0
43286,202, 0
43287,301, 0
43288,339, 0
43289,321, 0
43290,255, 0
43291,170, 0
43292,81, 0
43293,13, 0
43294,0, 0
43295,0, 0
43296,6, 0
43297,28, 0
43298,12, 0
43299,0, 48
43300,0, 19
43301,29, 35
43302,47, 0
43303,58, 0
43304,42, 0
43305,22, 0
43306,0, 0
43307,0, 0
43308,0, 0
43309,0, 0
43310,0, 0
43311,13, 0
43312,47, 0
43313,70, 0
43314,93, 0
43315,117, 0
43316,161, 0
43317,197, 0
43318,226, 0
43319,236, 0
43320,243, 0
43321,203, 0
43322,159, 0
43323,115, 0
43324,73, 0
43325,60, 0
43326,44, 0
43327,7, 0
43328,0, 0
43329,1, 0
43330,7, 0
43331,6, 42
43332,0, 0
43333,6, 0
43334,63, 0
43335,127, 0
43336,185, 0
43337,219, 0
43338,245, 0
43339,276, 0
43340,285, 0
43341,259, 0
43342,236, 0
43343,197, 0
43344,174, 0
43345,174, 0
43346,185, 0
43347,186, 0
43348,156, 0
43349,122, 0
43350,91, 0
43351,87, 0
43352,87, 0
43353,80, 0
43354,76, 0
43355,90, 0
43356,75, 0
43357,44, 0
43358,6, 0
43359,0, 121
43360,0, 35
43361,0, 14
43362,9, 0
43363,67, 0
43364,116, 0
43365,128, 0
43366,116, 0
43367,47, 0
43368,0, 0
43369,0, 0
43370,42, 0
43371,150, 0
43372,216, 0
43373,298, 0
43374,367, 0
43375,431, 0
43376,465, 0
43377,455, 0
43378,399, 0
43379,317, 0
43380,233, 0
43381,165, 0
43382,113, 0
43383,59, 0
43384,38, 0
43385,28, 0
43386,10, 0
43387,0, 0
43388,0, 0
43389,0, 0
43390,0, 0
43391,0, 0
43392,0, 0
43393,1, 0
43394,14, 0
43395,24, 0
43396,18, 0
43397,44, 0
43398,160, 0
43399,254, 0
43400,318, 0
43401,338, 0
43402,319, 0
43403,315, 0
43404,301, 0
43405,253, 0
43406,205, 0
43407,115, 0
43408,23, 0
43409,0, 0
43410,15, 0
43411,78, 0
43412,88, 0
43413,6, 0
43414,4, 0
43415,59, 0
43416,102, 0
43417,104, 0
43418,95, 6
43419,40, 2
43420,3, 0
43421,0, 0
43422,0, 28
43423,15, 0
43424,63, 0
43425,104, 0
43426,122, 0
43427,126, 0
43428,119, 0
43429,133, 0
43430,138, 0
43431,134, 0
43432,108, 0
43433,93, 0
43434,70, 0
43435,38, 0
43436,0, 0
43437,0, 0
43438,0, 0
43439,0, 0
43440,25, 0
43441,92, 0
43442,152, 0
43443,196, 0
43444,204, 0
43445,198, 0
43446,183, 0
43447,167, 0
43448,111, 0
43449,28, 0
43450,0, 0
43451,0, 0
43452,1, 0
43453,0, 0
43454,2, 0
43455,42, 0
43456,91, 0
43457,101, 0
43458,80, 0
43459,52, 0
43460,43, 0
43461,55, 0
43462,77, 0
43463,75, 0
43464,68, 0
43465,56, 0
43466,43, 0
43467,59, 0
43468,96, 0
43469,176, 0
43470,278, 0
43471,356, 0
43472,362, 0
43473,330, 0
43474,241, 0
43475,131, 0
43476,38, 0
43477,0, 0
43478,0, 0
43479,0, 0
43480,0, 0
43481,0, 10
43482,24, 0
43483,45, 5
43484,71, 0
43485,118, 0
43486,129, 0
43487,139, 0
43488,127, 0
43489,115, 0
43490,109, 0
43491,102, 0
43492,106, 0
43493,109, 0
43494,118, 0
43495,124, 0
43496,125, 0
43497,105, 0
43498,83, 0
43499,67, 0
43500,55, 0
43501,54, 0
43502,62, 0
43503,68, 0
43504,74, 0
43505,74, 0
43506,75, 0
43507,73, 0
43508,67, 0
43509,58, 0
43510,48, 0
43511,47, 0
43512,81, 0
43513,145, 43
43514,191, 9
43515,202, 0
43516,233, 0
43517,226, 0
43518,164, 0
43519,90, 0
43520,24, 0
43521,8, 0
43522,0, 0
43523,0, 0
43524,0, 0
43525,0, 0
43526,12, 0
43527,51, 0
43528,85, 0
43529,84, 0
43530,63, 0
43531,28, 0
43532,0, 0
43533,0, 0
43534,0, 0
43535,0, 0
43536,6, 0
43537,0, 0
43538,0, 0
43539,0, 0
43540,0, 0
43541,0, 0
43542,0, 0
43543,17, 0
43544,84, 0
43545,137, 0
43546,196, 0
43547,218, 0
43548,245, 0
43549,247, 0
43550,226, 0
43551,189, 0
43552,172, 0
43553,144, 0
43554,106, 0
43555,80, 0
43556,63, 0
43557,58, 0
43558,63, 0
43559,71, 0
43560,91, 0
43561,102, 0
43562,122, 0
43563,139, 0
43564,161, 0
43565,173, 0
43566,167, 0
43567,144, 0
43568,109, 0
43569,88, 0
43570,71, 0
43571,51, 0
43572,32, 0
43573,20, 0
43574,24, 0
43575,25, 0
43576,36, 0
43577,51, 0
43578,44, 0
43579,39, 0
43580,29, 0
43581,25, 0
43582,31, 0
43583,35, 0
43584,41, 0
43585,68, 0
43586,105, 0
43587,122, 0
43588,121, 0
43589,104, 0
43590,60, 0
43591,37, 0
43592,18, 0
43593,23, 0
43594,31, 2
43595,60, 0
43596,116, 0
43597,155, 0
43598,155, 0
43599,133, 0
43600,110, 0
43601,122, 0
43602,106, 0
43603,90, 0
43604,116, 35
43605,151, 52
43606,145, 0
43607,115, 0
43608,75, 0
43609,31, 0
43610,37, 0
43611,58, 0
43612,73, 0
43613,84, 0
43614,77, 0
43615,40, 0
43616,11, 0
43617,0, 0
43618,7, 0
43619,27, 0
43620,63, 0
43621,97, 0
43622,123, 0
43623,125, 0
43624,123, 0
43625,100, 0
43626,78, 0
43627,79, 0
43628,102, 0
43629,136, 0
43630,163, 0
43631,174, 0
43632,169, 0
43633,155, 0
43634,164, 0
43635,182, 0
43636,186, 0
43637,170, 0
43638,124, 0
43639,63, 0
43640,10, 0
43641,2, 0
43642,20, 0
43643,48, 0
43644,72, 0
43645,94, 0
43646,95, 0
43647,79, 0
43648,53, 0
43649,25, 0
43650,0, 0
43651,0, 0
43652,0, 0
43653,0, 0
43654,0, 0
43655,0, 0
43656,0, 0
43657,1, 0
43658,31, 0
43659,63, 0
43660,87, 0
43661,108, 0
43662,122, 0
43663,125, 0
43664,127, 7
43665,138, 0
43666,144, 0
43667,145, 0
43668,147, 0
43669,134, 0
43670,89, 0
43671,38, 0
43672,0, 0
43673,0, 0
43674,0, 0
43675,0, 0
43676,31, 0
43677,110, 0
43678,154, 0
43679,172, 0
43680,166, 0
43681,148, 0
43682,131, 0
43683,159, 0
43684,190, 0
43685,223, 0
43686,207, 0
43687,151, 0
43688,89, 0
43689,44, 0
43690,12, 0
43691,1, 0
43692,1, 0
43693,0, 0
43694,11, 0
43695,57, 0
43696,52, 0
43697,20, 0
43698,0, 0
43699,45, 0
43700,153, 0
43701,219, 0
43702,224, 0
43703,200, 0
43704,185, 0
43705,176, 0
43706,174, 0
43707,174, 0
43708,163, 0
43709,126, 0
43710,92, 0
43711,85, 0
43712,104, 0
43713,132, 0
43714,140, 0
43715,169, 0
43716,196, 0
43717,201, 0
43718,200, 0
43719,183, 0
43720,167, 0
43721,144, 0
43722,127, 0
43723,92, 0
43724,41, 0
43725,2, 121
43726,0, 19
43727,0, 0
43728,0, 0
43729,0, 0
43730,12, 0
43731,43, 0
43732,44, 0
43733,43, 0
43734,18, 0
43735,6, 0
43736,13, 0
43737,30, 0
43738,60, 0
43739,85, 0
43740,113, 0
43741,142, 0
43742,163, 0
43743,170, 0
43744,164, 0
43745,128, 0
43746,115, 0
43747,104, 0
43748,93, 0
43749,89, 0
43750,89, 0
43751,70, 0
43752,71, 0
43753,71, 0
43754,70, 0
43755,55, 0
43756,41, 0
43757,37, 0
43758,28, 0
43759,35, 0
43760,65, 0
43761,102, 0
43762,108, 0
43763,111, 0
43764,111, 0
43765,106, 0
43766,102, 0
43767,105, 0
43768,117, 0
43769,127, 0
43770,112, 0
43771,108, 0
43772,92, 0
43773,89, 0
43774,83, 0
43775,80, 0
43776,80, 0
43777,75, 0
43778,90, 0
43779,99, 0
43780,101, 0
43781,96, 0
43782,93, 0
43783,70, 0
43784,68, 0
43785,34, 3
43786,11, 8
43787,8, 30
43788,26, 58
43789,36, 0
43790,60, 0
43791,84, 3
43792,102, 0
43793,101, 0
43794,103, 0
43795,93, 0
43796,95, 0
43797,92, 0
43798,83, 0
43799,72, 0
43800,69, 0
43801,68, 0
43802,72, 0
43803,72, 0
43804,83, 0
43805,73, 0
43806,58, 0
43807,56, 0
43808,72, 0
43809,77, 0
43810,93, 0
43811,89, 0
43812,90, 0
43813,83, 0
43814,76, 0
43815,41, 0
43816,10, 0
43817,0, 0
43818,0, 0
43819,5, 0
43820,34, 0
43821,77, 0
43822,105, 0
43823,106, 0
43824,101, 0
43825,89, 0
43826,86, 0
43827,102, 0
43828,130, 0
43829,139, 0
43830,166, 0
43831,132, 0
43832,100, 0
43833,79, 0
43834,48, 0
43835,30, 0
43836,28, 0
43837,24, 0
43838,29, 2
43839,43, 0
43840,45, 0
43841,63, 0
43842,84, 0
43843,80, 0
43844,72, 0
43845,45, 0
43846,12, 27
43847,14, 87
43848,25, 43
43849,53, 0
43850,83, 0
43851,112, 0
43852,141, 0
43853,168, 0
43854,158, 0
43855,171, 0
43856,166, 0
43857,155, 0
43858,148, 0
43859,131, 0
43860,117, 0
43861,107, 0
43862,109, 0
43863,130, 0
43864,144, 0
43865,142, 0
43866,135, 0
43867,127, 0
43868,94, 0
43869,93, 0
43870,83, 0
43871,85, 0
43872,100, 0
43873,80, 0
43874,77, 0
43875,73, 0
43876,75, 0
43877,42, 0
43878,31, 0
43879,24, 0
43880,27, 0
43881,61, 0
43882,101, 0
43883,136, 0
43884,155, 0
43885,176, 0
43886,186, 0
43887,188, 0
43888,164, 0
43889,125, 0
43890,76, 0
43891,31, 0
43892,2, 0
43893,0, 0
43894,0, 0
43895,0, 0
43896,27, 0
43897,65, 0
43898,96, 0
43899,123, 0
43900,134, 0
43901,139, 0
43902,116, 0
43903,115, 0
43904,91, 0
43905,65, 0
43906,45, 0
43907,7, 7
43908,0, 0
43909,0, 0
43910,5, 8
43911,0, 0
43912,0, 0
43913,0, 0
43914,5, 2
43915,35, 0
43916,76, 0
43917,131, 0
43918,191, 2
43919,238, 0
43920,256, 0
43921,264, 0
43922,237, 0
43923,198, 0
43924,158, 0
43925,115, 0
43926,96, 0
43927,73, 0
43928,60, 0
43929,43, 0
43930,52, 0
43931,79, 0
43932,89, 0
43933,97, 0
43934,104, 0
43935,110, 0
43936,110, 0
43937,108, 0
43938,70, 0
43939,63, 0
43940,51, 0
43941,47, 0
43942,63, 0
43943,103, 0
43944,111, 0
43945,110, 0
43946,121, 0
43947,123, 0
43948,133, 0
43949,135, 0
43950,145, 0
43951,139, 0
43952,133, 0
43953,99, 0
43954,58, 0
43955,38, 0
43956,15, 0
43957,28, 0
43958,47, 0
43959,63, 0
43960,63, 0
43961,63, 0
43962,53, 0
43963,38, 0
43964,24, 0
43965,12, 0
43966,5, 0
43967,3, 0
43968,0, 0
43969,12, 94
43970,23, 40
43971,32, 0
43972,46, 0
43973,64, 0
43974,67, 0
43975,57, 0
43976,57, 0
43977,73, 0
43978,110, 0
43979,155, 0
43980,182, 0
43981,176, 0
43982,151, 0
43983,104, 0
43984,89, 0
43985,89, 0
43986,109, 0
43987,132, 0
43988,134, 0
43989,133, 0
43990,125, 0
43991,110, 0
43992,95, 0
43993,85, 0
43994,78, 0
43995,75, 0
43996,90, 0
43997,92, 0
43998,84, 0
43999,64, 0
44000,60, 0
44001,56, 0
44002,57, 0
44003,74, 0
44004,92, 0
44005,126, 0
44006,133, 0
44007,123, 0
44008,89, 0
44009,51, 0
44010,19, 0
44011,0, 0
44012,3, 0
44013,30, 0
44014,75, 0
44015,121, 0
44016,129, 0
44017,125, 0
44018,134, 0
44019,118, 0
44020,86, 0
44021,42, 0
44022,7, 0
44023,0, 0
44024,0, 0
44025,1, 0
44026,5, 0
44027,24, 0
44028,6, 0
44029,0, 31
44030,0, 78
44031,0, 4
44032,0, 0
44033,5, 0
44034,22, 0
44035,81, 0
44036,143, 0
44037,193, 0
44038,202, 0
44039,182, 0
44040,148, 0
44041,108, 0
44042,83, 0
44043,69, 0
44044,58, 0
44045,55, 0
44046,55, 0
44047,54, 0
44048,65, 0
44049,79, 0
44050,83, 0
44051,86, 0
44052,81, 0
44053,93, 0
44054,99, 0
44055,116, 0
44056,108, 0
44057,112, 0
44058,109, 0
44059,85, 0
44060,58, 0
44061,47, 0
44062,44, 0
44063,53, 0
44064,83, 0
44065,120, 0
44066,133, 0
44067,132, 0
44068,135, 0
44069,130, 0
44070,132, 0
44071,132, 0
44072,127, 0
44073,116, 0
44074,111, 0
44075,108, 0
44076,102, 0
44077,97, 0
44078,93, 0
44079,86, 0
44080,76, 0
44081,72, 0
44082,80, 0
44083,78, 0
44084,76, 0
44085,76, 0
44086,76, 0
44087,78, 0
44088,80, 0
44089,74, 0
44090,46, 0
44091,39, 0
44092,29, 0
44093,32, 0
44094,54, 0
44095,78, 0
44096,99, 0
44097,112, 0
44098,99, 0
44099,99, 0
44100,100, 0
44101,86, 0
44102,59, 0
44103,38, 0
44104,51, 0
44105,58, 0
44106,75, 0
44107,88, 0
44108,93, 0
44109,96, 0
44110,102, 0
44111,115, 0
44112,90, 0
44113,93, 0
44114,87, 0
44115,96, 0
44116,90, 0
44117,93, 0
44118,95, 0
44119,93, 0
44120,71, 0
44121,51, 0
44122,34, 0
44123,38, 0
44124,56, 0
44125,87, 0
44126,137, 0
44127,158, 1
44128,152, 0
44129,140, 0
44130,121, 0
44131,117, 0
44132,109, 0
44133,108, 0
44134,102, 0
44135,95, 0
44136,92, 0
44137,90, 0
44138,89, 0
44139,95, 2
44140,92, 0
44141,77, 0
44142,64, 0
44143,54, 0
44144,40, 0
44145,31, 0
44146,31, 0
44147,36, 0
44148,34, 0
44149,31, 0
44150,18, 0
44151,7, 0
44152,2, 207
44153,2, 0
44154,2, 0
44155,7, 0
44156,35, 0
44157,55, 0
44158,58, 0
44159,75, 0
44160,63, 0
44161,70, 0
44162,76, 0
44163,68, 0
44164,51, 0
44165,39, 0
44166,38, 0
44167,52, 0
44168,60, 0
44169,81, 0
44170,94, 0
44171,102, 0
44172,103, 0
44173,102, 0
44174,88, 0
44175,90, 0
44176,92, 0
44177,103, 0
44178,122, 0
44179,145, 0
44180,117, 0
44181,99, 0
44182,75, 0
44183,68, 0
44184,69, 0
44185,88, 0
44186,107, 0
44187,137, 0
44188,145, 1
44189,145, 0
44190,133, 0
44191,129, 0
44192,138, 0
44193,150, 0
44194,163, 0
44195,164, 0
44196,154, 0
44197,152, 0
44198,140, 0
44199,133, 0
44200,130, 3
44201,133, 0
44202,132, 0
44203,134, 0
44204,132, 0
44205,108, 0
44206,91, 0
44207,93, 0
44208,84, 0
44209,73, 0
44210,47, 0
44211,9, 0
44212,0, 0
44213,0, 10
44214,0, 1
44215,0, 0
44216,0, 0
44217,25, 0
44218,70, 0
44219,104, 0
44220,95, 0
44221,94, 0
44222,91, 0
44223,80, 0
44224,89, 0
44225,89, 0
44226,83, 0
44227,81, 0
44228,74, 0
44229,83, 0
44230,83, 0
44231,84, 0
44232,86, 0
44233,100, 0
44234,97, 0
44235,92, 0
44236,122, 0
44237,133, 0
44238,131, 0
44239,128, 0
44240,124, 0
44241,108, 0
44242,86, 0
44243,48, 0
44244,41, 0
44245,44, 0
44246,58, 0
44247,78, 0
44248,117, 0
44249,124, 0
44250,127, 0
44251,111, 0
44252,94, 0
44253,90, 0
44254,80, 0
44255,73, 0
44256,65, 0
44257,78, 0
44258,89, 0
44259,94, 0
44260,95, 0
44261,102, 0
44262,106, 0
44263,113, 0
44264,119, 0
44265,132, 0
44266,116, 0
44267,97, 0
44268,76, 0
44269,68, 0
44270,56, 0
44271,69, 0
44272,62, 0
44273,13, 0
44274,0, 0
44275,1, 0
44276,10, 0
44277,28, 0
44278,57, 0
44279,75, 0
44280,79, 0
44281,73, 0
44282,75, 0
44283,71, 0
44284,63, 0
44285,63, 0
44286,65, 0
44287,67, 0
44288,71, 0
44289,94, 0
44290,96, 0
44291,104, 0
44292,95, 0
44293,104, 0
44294,115, 0
44295,93, 0
44296,95, 0
44297,92, 0
44298,90, 0
44299,90, 0
44300,85, 0
44301,94, 0
44302,87, 0
44303,56, 0
44304,43, 0
44305,32, 0
44306,43, 0
44307,57, 0
44308,89, 0
44309,124, 0
44310,140, 0
44311,130, 0
44312,115, 0
44313,96, 0
44314,97, 0
44315,91, 0
44316,94, 0
44317,92, 0
44318,91, 0
44319,90, 0
44320,89, 0
44321,86, 0
44322,87, 0
44323,83, 0
44324,75, 0
44325,71, 0
44326,73, 0
44327,63, 0
44328,55, 0
44329,57, 0
44330,51, 0
44331,53, 0
44332,75, 0
44333,52, 8
44334,30, 10
44335,11, 141
44336,3, 78
44337,2, 7
44338,12, 0
44339,36, 0
44340,57, 0
44341,68, 0
44342,68, 0
44343,74, 0
44344,86, 0
44345,97, 0
44346,113, 0
44347,141, 0
44348,126, 0
44349,129, 0
44350,123, 1
44351,108, 0
44352,103, 0
44353,91, 0
44354,70, 0
44355,53, 0
44356,38, 0
44357,50, 0
44358,67, 0
44359,90, 0
44360,100, 0
44361,105, 0
44362,108, 0
44363,103, 26
44364,59, 25
44365,34, 129
44366,14, 113
44367,15, 121
44368,17, 122
44369,39, 139
44370,73, 38
44371,92, 4
44372,86, 0
44373,101, 0
44374,101, 0
44375,108, 0
44376,108, 0
44377,111, 0
44378,107, 1
44379,93, 0
44380,102, 0
44381,93, 0
44382,88, 0
44383,81, 0
44384,80, 0
44385,72, 0
44386,64, 0
44387,63, 0
44388,58, 0
44389,54, 0
44390,48, 0
44391,61, 0
44392,69, 0
44393,89, 0
44394,85, 0
44395,43, 0
44396,36, 0
44397,38, 0
44398,44, 0
44399,70, 0
44400,108, 0
44401,123, 0
44402,122, 0
44403,124, 0
44404,120, 0
44405,110, 0
44406,119, 0
44407,106, 0
44408,103, 0
44409,96, 0
44410,92, 0
44411,77, 0
44412,81, 0
44413,81, 0
44414,87, 0
44415,84, 0
44416,90, 0
44417,84, 0
44418,83, 0
44419,86, 0
44420,84, 0
44421,88, 0
44422,91, 0
44423,92, 0
44424,83, 0
44425,60, 0
44426,27, 0
44427,23, 0
44428,31, 0
44429,40, 0
44430,57, 0
44431,95, 0
44432,101, 0
44433,91, 0
44434,87, 0
44435,79, 0
44436,73, 0
44437,76, 0
44438,80, 0
44439,80, 0
44440,81, 0
44441,88, 0
44442,77, 0
44443,76, 0
44444,76, 0
44445,70, 0
44446,70, 0
44447,75, 0
44448,75, 0
44449,73, 0
44450,67, 0
44451,76, 0
44452,76, 0
44453,71, 8
44454,70, 0
44455,51, 0
44456,25, 9
44457,3, 121
44458,0, 0
44459,3, 0
44460,20, 0
44461,44, 0
44462,69, 0
44463,72, 0
44464,78, 0
44465,76, 0
44466,68, 0
44467,72, 0
44468,69, 0
44469,73, 0
44470,71, 0
44471,72, 0
44472,81, 0
44473,78, 0
44474,81, 0
44475,76, 0
44476,74, 0
44477,74, 0
44478,65, 0
44479,76, 0
44480,70, 0
44481,70, 0
44482,74, 0
44483,80, 0
44484,79, 3
44485,69, 0
44486,52, 0
44487,27, 0
44488,22, 0
44489,20, 0
44490,26, 0
44491,61, 0
44492,95, 0
44493,118, 0
44494,122, 0
44495,122, 0
44496,116, 0
44497,115, 0
44498,116, 0
44499,125, 0
44500,126, 0
44501,122, 0
44502,112, 0
44503,121, 0
44504,96, 0
44505,83, 0
44506,76, 0
44507,63, 0
44508,76, 0
44509,69, 0
44510,63, 0
44511,72, 0
44512,55, 0
44513,54, 0
44514,55, 0
44515,54, 0
44516,37, 0
44517,6, 9
44518,0, 74
44519,5, 13
44520,0, 0
44521,13, 0
44522,43, 1
44523,68, 0
44524,75, 0
44525,71, 0
44526,73, 0
44527,70, 0
44528,78, 0
44529,75, 0
44530,91, 0
44531,92, 0
44532,90, 0
44533,75, 0
44534,68, 0
44535,65, 0
44536,67, 0
44537,71, 0
44538,84, 0
44539,79, 0
44540,83, 0
44541,84, 0
44542,90, 0
44543,95, 0
44544,93, 0
44545,97, 0
44546,87, 0
44547,74, 0
44548,43, 0
44549,34, 0
44550,31, 0
44551,44, 0
44552,83, 0
44553,105, 0
44554,127, 0
44555,127, 0
44556,123, 0
44557,119, 0
44558,108, 0
44559,100, 0
44560,94, 0
44561,89, 0
44562,79, 0
44563,73, 0
44564,70, 0
44565,67, 0
44566,68, 0
44567,65, 0
44568,74, 0
44569,81, 0
44570,80, 0
44571,86, 0
44572,83, 0
44573,76, 0
44574,78, 0
44575,77, 0
44576,73, 0
44577,67, 0
44578,25, 92
44579,0, 6
44580,0, 0
44581,6, 11
44582,20, 0
44583,50, 0
44584,69, 0
44585,64, 0
44586,67, 0
44587,71, 0
44588,67, 0
44589,68, 0
44590,73, 0
44591,81, 0
44592,83, 0
44593,93, 0
44594,100, 0
44595,103, 0
44596,100, 0
44597,89, 0
44598,75, 0
44599,72, 0
44600,68, 0
44601,71, 0
44602,75, 0
44603,84, 0
44604,95, 0
44605,107, 0
44606,125, 0
44607,132, 0
44608,108, 0
44609,90, 0
44610,78, 0
44611,79, 0
44612,86, 0
44613,107, 0
44614,124, 0
44615,133, 0
44616,126, 0
44617,107, 0
44618,93, 0
44619,86, 0
44620,76, 0
44621,83, 0
44622,89, 0
44623,76, 0
44624,68, 0
44625,70, 0
44626,72, 0
44627,67, 0
44628,68, 0
44629,61, 0
44630,60, 0
44631,61, 0
44632,55, 0
44633,51, 0
44634,37, 0
44635,44, 0
44636,43, 0
44637,51, 0
44638,38, 0
44639,19, 0
44640,7, 0
44641,12, 0
44642,31, 0
44643,46, 0
44644,83, 0
44645,102, 0
44646,107, 0
44647,101, 0
44648,103, 0
44649,116, 0
44650,86, 0
44651,85, 0
44652,77, 0
44653,73, 0
44654,61, 0
44655,64, 0
44656,67, 0
44657,63, 0
44658,60, 0
44659,70, 0
44660,73, 0
44661,74, 0
44662,65, 0
44663,67, 0
44664,63, 0
44665,65, 0
44666,64, 0
44667,65, 0
44668,63, 0
44669,44, 7
44670,30, 0
44671,29, 0
44672,55, 0
44673,46, 0
44674,89, 0
44675,116, 0
44676,133, 0
44677,142, 0
44678,124, 0
44679,120, 0
44680,108, 0
44681,107, 0
44682,104, 0
44683,91, 0
44684,89, 0
44685,81, 0
44686,65, 0
44687,76, 0
44688,70, 0
44689,64, 0
44690,70, 0
44691,72, 0
44692,73, 0
44693,64, 0
44694,54, 0
44695,56, 0
44696,51, 0
44697,44, 0
44698,51, 0
44699,20, 0
44700,6, 0
44701,0, 0
44702,0, 0
44703,6, 0
44704,28, 0
44705,60, 0
44706,87, 0
44707,97, 0
44708,93, 0
44709,95, 0
44710,97, 0
44711,92, 0
44712,89, 0
44713,92, 0
44714,92, 0
44715,85, 0
44716,91, 0
44717,80, 0
44718,84, 0
44719,83, 0
44720,95, 0
44721,106, 0
44722,127, 0
44723,119, 0
44724,118, 0
44725,115, 0
44726,104, 0
44727,93, 0
44728,84, 0
44729,58, 0
44730,29, 0
44731,2, 0
44732,0, 0
44733,3, 0
44734,15, 0
44735,47, 0
44736,83, 0
44737,105, 0
44738,104, 0
44739,102, 0
44740,102, 0
44741,106, 0
44742,91, 0
44743,91, 0
44744,89, 0
44745,85, 0
44746,80, 0
44747,83, 0
44748,69, 0
44749,68, 0
44750,67, 0
44751,76, 0
44752,76, 0
44753,93, 0
44754,104, 0
44755,100, 0
44756,95, 0
44757,88, 0
44758,83, 0
44759,77, 0
44760,53, 70
44761,12, 251
44762,0, 195
44763,2, 281
44764,3, 172
44765,18, 120
44766,64, 107
44767,71, 63
44768,83, 0
44769,74, 0
44770,76, 0
44771,67, 0
44772,69, 0
44773,59, 0
44774,64, 0
44775,58, 0
44776,57, 0
44777,62, 0
44778,59, 0
44779,64, 0
44780,59, 0
44781,61, 0
44782,51, 0
44783,60, 0
44784,56, 0
44785,57, 0
44786,63, 0
44787,83, 0
44788,76, 0
44789,81, 0
44790,89, 0
44791,72, 196
44792,58, 69
44793,56, 24
44794,68, 246
44795,76, 154
44796,110, 0
44797,133, 0
44798,138, 0
44799,138, 0
44800,125, 0
44801,125, 0
44802,107, 0
44803,99, 0
44804,97, 0
44805,87, 0
44806,89, 0
44807,91, 0
44808,78, 0
44809,70, 0
44810,68, 0
44811,78, 0
44812,72, 0
44813,64, 0
44814,74, 0
44815,76, 0
44816,89, 0
44817,83, 0
44818,81, 0
44819,79, 0
44820,77, 0
44821,55, 15
44822,28, 101
44823,7, 25
44824,6, 218
44825,8, 125
44826,25, 0
44827,57, 0
44828,95, 0
44829,83, 0
44830,88, 0
44831,76, 0
44832,77, 0
44833,71, 0
44834,72, 0
44835,61, 0
44836,60, 0
44837,70, 0
44838,63, 0
44839,73, 0
44840,69, 0
44841,92, 0
44842,108, 0
44843,108, 0
44844,124, 0
44845,131, 0
44846,137, 0
44847,135, 0
44848,128, 0
44849,129, 0
44850,121, 1
44851,120, 136
44852,81, 54
44853,50, 137
44854,40, 53
44855,63, 6
44856,51, 0
44857,92, 0
44858,112, 0
44859,117, 0
44860,102, 0
44861,87, 0
44862,81, 0
44863,64, 0
44864,62, 0
44865,54, 0
44866,47, 0
44867,47, 0
44868,44, 0
44869,46, 0
44870,43, 0
44871,45, 0
44872,46, 0
44873,44, 0
44874,46, 0
44875,41, 0
44876,40, 0
44877,45, 0
44878,37, 0
44879,42, 0
44880,44, 0
44881,44, 0
44882,22, 0
44883,0, 0
44884,0, 0
44885,0, 0
44886,0, 26
44887,8, 0
44888,39, 1
44889,57, 0
44890,83, 0
44891,76, 0
44892,91, 0
44893,92, 0
44894,92, 0
44895,90, 0
44896,89, 0
44897,79, 0
44898,75, 0
44899,86, 0
44900,88, 0
44901,91, 0
44902,87, 0
44903,101, 0
44904,89, 0
44905,85, 0
44906,84, 0
44907,85, 0
44908,81, 0
44909,79, 0
44910,81, 0
44911,83, 2
44912,92, 0
44913,46, 1
44914,17, 64
44915,14, 2
44916,51, 0
44917,53, 0
44918,95, 0
44919,131, 0
44920,138, 0
44921,133, 0
44922,116, 0
44923,118, 0
44924,102, 0
44925,121, 0
44926,122, 0
44927,128, 21
44928,130, 100
44929,135, 246
44930,131, 180
44931,124, 232
44932,125, 433
44933,116, 354
44934,93, 279
44935,94, 304
44936,95, 379
44937,96, 330
44938,83, 214
44939,78, 115
44940,73, 131
44941,70, 171
44942,67, 38
44943,41, 0
44944,10, 1
44945,0, 0
44946,0, 0
44947,7, 0
44948,28, 0
44949,65, 0
44950,84, 0
44951,94, 0
44952,95, 0
44953,97, 0
44954,92, 0
44955,92, 0
44956,92, 0
44957,85, 0
44958,83, 0
44959,68, 0
44960,76, 0
44961,63, 0
44962,75, 0
44963,80, 0
44964,84, 0
44965,87, 0
44966,90, 0
44967,92, 0
44968,97, 0
44969,104, 0
44970,108, 0
44971,115, 0
44972,118, 65
44973,102, 39
44974,74, 70
44975,39, 15
44976,31, 0
44977,34, 0
44978,34, 0
44979,67, 0
44980,81, 0
44981,90, 0
44982,83, 0
44983,76, 0
44984,76, 0
44985,62, 0
44986,60, 0
44987,51, 0
44988,25, 0
44989,11, 0
44990,0, 0
44991,0, 0
44992,0, 0
44993,0, 0
44994,8, 0
44995,0, 0
44996,0, 0
44997,0, 0
44998,0, 0
44999,0, 0
45000,12, 0
45001,12, 0
45002,17, 0
45003,13, 0
45004,0, 0
45005,0, 0
45006,0, 0
45007,0, 0
45008,0, 0
45009,12, 0
45010,48, 0
45011,75, 0
45012,78, 0
45013,92, 0
45014,89, 0
45015,83, 0
45016,77, 0
45017,65, 0
45018,76, 0
45019,80, 0
45020,90, 0
45021,99, 0
45022,110, 8
45023,111, 0
45024,117, 0
45025,124, 0
45026,116, 0
45027,118, 0
45028,109, 0
45029,118, 0
45030,105, 0
45031,101, 0
45032,102, 0
45033,106, 0
45034,104, 6
45035,74, 282
45036,75, 265
45037,64, 329
45038,69, 352
45039,70, 357
45040,92, 224
45041,112, 99
45042,116, 27
45043,115, 6
45044,119, 3
45045,121, 7
45046,127, 0
45047,127, 0
45048,130, 0
45049,138, 0
45050,141, 36
45051,133, 48
45052,135, 132
45053,132, 286
45054,128, 282
45055,130, 270
45056,115, 486
45057,122, 621
45058,104, 613
45059,97, 548
45060,89, 477
45061,74, 509
45062,83, 526
45063,84, 503
45064,76, 428
45065,55, 322
45066,24, 202
45067,15, 256
45068,18, 183
45069,28, 90
45070,40, 15
45071,58, 0
45072,75, 0
45073,76, 0
45074,70, 0
45075,78, 0
45076,84, 0
45077,93, 0
45078,102, 0
45079,116, 0
45080,113, 0
45081,111, 0
45082,102, 0
45083,101, 0
45084,102, 0
45085,96, 9
45086,97, 64
45087,95, 25
45088,103, 0
45089,101, 0
45090,120, 7
45091,129, 117
45092,124, 279
45093,119, 264
45094,115, 509
45095,99, 700
45096,56, 808
45097,28, 708
45098,8, 617
45099,0, 607
45100,0, 568
45101,12, 407
45102,25, 108
45103,30, 0
45104,31, 0
45105,19, 0
45106,12, 0
45107,6, 0
45108,0, 0
45109,0, 0
45110,0, 0
45111,0, 0
45112,0, 0
45113,11, 0
45114,19, 0
45115,37, 0
45116,48, 0
45117,54, 0
45118,60, 0
45119,73, 0
45120,83, 0
45121,89, 0
45122,96, 0
45123,105, 0
45124,115, 115
45125,124, 357
45126,90, 445
45127,77, 653
45128,69, 774
45129,72, 895
45130,76, 780
45131,86, 724
45132,89, 750
45133,110, 877
45134,65, 688
45135,41, 277
45136,29, 7
45137,28, 0
45138,39, 0
45139,62, 0
45140,75, 0
45141,83, 0
45142,76, 0
45143,69, 0
45144,56, 0
45145,48, 0
45146,47, 0
45147,41, 0
45148,41, 0
45149,47, 0
45150,50, 0
45151,51, 0
45152,61, 0
45153,56, 0
45154,51, 0
45155,46, 13
45156,24, 106
45157,0, 50
45158,0, 64
45159,0, 0
45160,1, 0
45161,8, 0
45162,37, 0
45163,65, 0
45164,63, 0
45165,68, 0
45166,62, 0
45167,65, 0
45168,64, 0
45169,76, 0
45170,85, 0
45171,90, 0
45172,116, 0
45173,128, 0
45174,135, 0
45175,135, 0
45176,130, 0
45177,136, 12
45178,133, 224
45179,139, 371
45180,135, 387
45181,133, 617
45182,130, 794
45183,123, 678
45184,118, 553
45185,107, 603
45186,95, 790
45187,62, 1034
45188,34, 1103
45189,8, 1065
45190,2, 992
45191,0, 590
45192,10, 445
45193,22, 80
45194,31, 0
45195,30, 0
45196,39, 0
45197,25, 0
45198,13, 0
45199,9, 0
45200,9, 0
45201,10, 0
45202,20, 0
45203,22, 0
45204,31, 0
45205,34, 0
45206,44, 0
45207,62, 0
45208,75, 0
45209,105, 0
45210,96, 55
45211,106, 108
45212,115, 266
45213,115, 299
45214,118, 181
45215,121, 143
45216,131, 59
45217,132, 19
45218,120, 20
45219,96, 0
45220,93, 0
45221,97, 0
45222,115, 0
45223,151, 0
45224,177, 0
45225,185, 0
45226,180, 0
45227,169, 57
45228,159, 69
45229,158, 319
45230,142, 518
45231,125, 535
45232,106, 649
45233,92, 925
45234,79, 1020
45235,89, 715
45236,50, 402
45237,40, 263
45238,25, 149
45239,9, 0
45240,4, 0
45241,4, 0
45242,6, 0
45243,6, 0
45244,9, 0
45245,7, 0
45246,0, 0
45247,0, 0
45248,0, 0
45249,0, 0
45250,0, 0
45251,0, 0
45252,0, 0
45253,0, 0
45254,2, 0
45255,26, 0
45256,14, 0
45257,22, 0
45258,32, 0
45259,44, 0
45260,63, 0
45261,81, 0
45262,97, 0
45263,108, 0
45264,120, 0
45265,128, 0
45266,129, 0
45267,126, 0
45268,145, 133
45269,155, 306
45270,177, 476
45271,181, 526
45272,176, 430
45273,167, 547
45274,166, 671
45275,168, 786
45276,168, 665
45277,168, 527
45278,159, 575
45279,125, 854
45280,99, 1108
45281,76, 1234
45282,63, 1272
45283,44, 972
45284,61, 497
45285,76, 266
45286,70, 6
45287,83, 0
45288,63, 0
45289,63, 0
45290,63, 0
45291,52, 0
45292,39, 0
45293,30, 0
45294,25, 0
45295,25, 0
45296,12, 0
45297,7, 0
45298,4, 0
45299,0, 0
45300,0, 0
45301,0, 0
45302,0, 0
45303,0, 104
45304,25, 505
45305,8, 964
45306,5, 1021
45307,3, 899
45308,2, 736
45309,0, 440
45310,0, 421
45311,0, 312
45312,0, 1
45313,0, 0
45314,0, 0
45315,0, 0
45316,5, 0
45317,22, 0
45318,24, 0
45319,28, 0
45320,31, 0
45321,27, 0
45322,31, 0
45323,39, 0
45324,48, 0
45325,65, 0
45326,76, 0
45327,71, 0
45328,79, 0
45329,76, 0
45330,84, 0
45331,83, 0
45332,94, 0
45333,102, 0
45334,108, 0
45335,127, 85
45336,125, 121
45337,133, 409
45338,135, 519
45339,129, 481
45340,95, 496
45341,83, 673
45342,72, 543
45343,70, 566
45344,75, 463
45345,124, 535
45346,159, 705
45347,166, 753
45348,159, 596
45349,149, 507
45350,149, 378
45351,152, 378
45352,155, 312
45353,170, 198
45354,171, 117
45355,173, 0
45356,170, 0
45357,159, 12
45358,159, 145
45359,121, 156
45360,102, 1
45361,81, 0
45362,77, 0
45363,70, 0
45364,46, 0
45365,19, 0
45366,6, 0
45367,1, 0
45368,2, 0
45369,4, 0
45370,0, 0
45371,0, 0
45372,0, 0
45373,0, 186
45374,0, 86
45375,2, 3
45376,11, 2
45377,19, 0
45378,25, 0
45379,43, 0
45380,25, 0
45381,29, 0
45382,25, 0
45383,18, 0
45384,0, 0
45385,0, 0
45386,9, 0
45387,0, 0
45388,0, 0
45389,6, 0
45390,31, 0
45391,58, 0
45392,84, 0
45393,105, 48
45394,117, 135
45395,122, 219
45396,127, 245
45397,106, 182
45398,99, 198
45399,95, 375
45400,97, 428
45401,71, 369
45402,59, 427
45403,36, 576
45404,41, 624
45405,51, 116
45406,76, 0
45407,92, 0
45408,108, 0
45409,86, 0
45410,76, 0
45411,71, 0
45412,76, 0
45413,74, 0
45414,92, 0
45415,106, 0
45416,94, 0
45417,108, 0
45418,108, 0
45419,84, 0
45420,80, 0
45421,83, 0
45422,80, 0
45423,88, 0
45424,84, 0
45425,85, 0
45426,92, 0
45427,101, 0
45428,115, 247
45429,109, 718
45430,91, 1034
45431,64, 1242
45432,22, 1331
45433,17, 1437
45434,25, 1480
45435,37, 1415
45436,63, 1400
45437,92, 1323
45438,115, 1169
45439,115, 1039
45440,92, 1038
45441,132, 835
45442,109, 942
45443,106, 607
45444,132, 431
45445,128, 265
45446,127, 246
45447,112, 155
45448,87, 0
45449,64, 0
45450,25, 0
45451,4, 0
45452,0, 0
45453,0, 0
45454,0, 0
45455,19, 0
45456,51, 0
45457,78, 0
45458,92, 0
45459,109, 0
45460,118, 11
45461,112, 356
45462,94, 584
45463,76, 481
45464,55, 625
45465,41, 559
45466,34, 640
45467,46, 613
45468,77, 453
45469,72, 414
45470,84, 635
45471,83, 840
45472,70, 705
45473,68, 543
45474,30, 352
45475,12, 157
45476,4, 0
45477,12, 0
45478,34, 0
45479,51, 0
45480,72, 0
45481,84, 0
45482,85, 0
45483,83, 0
45484,81, 0
45485,78, 0
45486,88, 0
45487,97, 2
45488,121, 483
45489,131, 589
45490,115, 439
45491,101, 547
45492,56, 491
45493,4, 353
45494,1, 201
45495,1, 179
45496,4, 385
45497,22, 381
45498,44, 204
45499,43, 80
45500,36, 0
45501,36, 0
45502,40, 0
45503,58, 0
45504,74, 0
45505,76, 0
45506,85, 0
45507,86, 0
45508,92, 0
45509,92, 0
45510,79, 0
45511,79, 0
45512,73, 0
45513,67, 0
45514,69, 0
45515,80, 0
45516,93, 0
45517,95, 0
45518,94, 0
45519,70, 0
45520,52, 0
45521,63, 0
45522,26, 0
45523,13, 0
45524,14, 0
45525,29, 0
45526,64, 0
45527,106, 0
45528,166, 0
45529,204, 0
45530,207, 0
45531,202, 139
45532,177, 104
45533,160, 272
45534,168, 497
45535,145, 496
45536,145, 733
45537,138, 959
45538,123, 1003
45539,93, 818
45540,73, 643
45541,58, 728
45542,69, 704
45543,76, 796
45544,94, 799
45545,122, 835
45546,138, 884
45547,153, 1022
45548,157, 1133
45549,170, 1014
45550,164, 788
45551,174, 529
45552,134, 379
45553,83, 135
45554,38, 2
45555,12, 0
45556,29, 0
45557,48, 0
45558,85, 0
45559,90, 0
45560,69, 0
45561,41, 0
45562,1, 0
45563,0, 0
45564,0, 0
45565,0, 0
45566,10, 0
45567,32, 0
45568,44, 0
45569,47, 0
45570,46, 0
45571,32, 0
45572,23, 0
45573,20, 0
45574,14, 0
45575,7, 0
45576,0, 0
45577,0, 0
45578,0, 0
45579,0, 0
45580,1, 0
45581,2, 0
45582,15, 0
45583,14, 0
45584,6, 0
45585,15, 0
45586,44, 0
45587,70, 116
45588,111, 332
45589,152, 338
45590,176, 570
45591,176, 889
45592,168, 1093
45593,158, 1268
45594,155, 1141
45595,152, 1050
45596,145, 843
45597,152, 872
45598,138, 708
45599,109, 399
45600,92, 52
45601,74, 0
45602,61, 0
45603,53, 0
45604,51, 0
45605,50, 0
45606,52, 0
45607,57, 0
45608,62, 0
45609,54, 0
45610,64, 0
45611,92, 0
45612,131, 0
45613,161, 0
45614,175, 195
45615,173, 527
45616,171, 987
45617,182, 1358
45618,183, 1457
45619,210, 1217
45620,228, 1063
45621,199, 384
45622,183, 0
45623,139, 0
45624,104, 0
45625,75, 0
45626,62, 0
45627,57, 0
45628,51, 0
45629,36, 0
45630,13, 0
45631,0, 0
45632,0, 0
45633,0, 0
45634,0, 0
45635,0, 0
45636,0, 0
45637,0, 0
45638,0, 0
45639,0, 0
45640,0, 0
45641,0, 0
45642,8, 0
45643,40, 62
45644,60, 68
45645,80, 150
45646,100, 183
45647,116, 272
45648,147, 368
45649,142, 355
45650,176, 330
45651,198, 414
45652,212, 613
45653,202, 734
45654,189, 613
45655,163, 513
45656,157, 444
45657,150, 411
45658,136, 629
45659,115, 710
45660,94, 543
45661,76, 403
45662,46, 416
45663,25, 199
45664,19, 0
45665,19, 0
45666,38, 0
45667,67, 0
45668,89, 0
45669,105, 0
45670,99, 0
45671,113, 0
45672,111, 0
45673,104, 0
45674,93, 0
45675,51, 0
45676,22, 0
45677,18, 0
45678,30, 0
45679,39, 0
45680,59, 0
45681,83, 0
45682,108, 0
45683,83, 0
45684,83, 0
45685,81, 0
45686,83, 0
45687,81, 0
45688,89, 0
45689,77, 0
45690,83, 0
45691,83, 0
45692,83, 0
45693,78, 0
45694,83, 0
45695,83, 0
45696,87, 0
45697,87, 0
45698,80, 0
45699,81, 0
45700,100, 0
45701,84, 0
45702,86, 0
45703,83, 0
45704,80, 0
45705,76, 7
45706,87, 318
45707,93, 561
45708,101, 864
45709,121, 912
45710,145, 907
45711,189, 748
45712,175, 466
45713,155, 153
45714,129, 2
45715,99, 0
45716,76, 0
45717,54, 0
45718,41, 0
45719,24, 0
45720,42, 0
45721,70, 0
45722,119, 0
45723,172, 0
45724,217, 0
45725,237, 0
45726,230, 0
45727,205, 452
45728,166, 1087
45729,111, 1234
45730,60, 905
45731,0, 197
45732,0, 0
45733,4, 0
45734,25, 0
45735,23, 0
45736,20, 0
45737,4, 0
45738,0, 0
45739,0, 0
45740,0, 0
45741,11, 0
45742,44, 0
45743,83, 0
45744,79, 0
45745,89, 0
45746,84, 0
45747,85, 0
45748,78, 31
45749,71, 369
45750,59, 506
45751,28, 667
45752,15, 756
45753,1, 677
45754,5, 576
45755,39, 653
45756,64, 1034
45757,77, 982
45758,67, 728
45759,76, 391
45760,77, 19
45761,74, 0
45762,85, 0
45763,84, 0
45764,72, 0
45765,40, 0
45766,4, 0
45767,0, 0
45768,0, 0
45769,0, 4
45770,1, 43
45771,19, 0
45772,77, 0
45773,141, 0
45774,150, 0
45775,139, 0
45776,112, 0
45777,102, 0
45778,95, 0
45779,104, 0
45780,115, 65
45781,127, 44
45782,138, 25
45783,144, 0
45784,140, 0
45785,137, 0
45786,142, 0
45787,131, 0
45788,125, 0
45789,117, 0
45790,119, 0
45791,120, 0
45792,126, 0
45793,121, 0
45794,118, 0
45795,108, 0
45796,100, 29
45797,84, 89
45798,63, 166
45799,73, 118
45800,77, 57
45801,83, 108
45802,94, 0
45803,95, 0
45804,78, 0
45805,74, 0
45806,62, 0
45807,57, 0
45808,73, 0
45809,76, 0
45810,84, 24
45811,81, 0
45812,76, 0
45813,86, 0
45814,78, 4
45815,93, 0
45816,88, 0
45817,73, 0
45818,68, 0
45819,50, 0
45820,44, 0
45821,53, 0
45822,74, 0
45823,59, 0
45824,43, 0
45825,37, 0
45826,28, 85
45827,29, 192
45828,31, 285
45829,51, 0
45830,68, 0
45831,83, 0
45832,88, 0
45833,96, 0
45834,105, 0
45835,108, 0
45836,109, 0
45837,111, 0
45838,113, 0
45839,113, 0
45840,89, 0
45841,81, 0
45842,83, 0
45843,90, 0
45844,95, 0
45845,95, 0
45846,108, 0
45847,102, 0
45848,94, 0
45849,83, 0
45850,68, 0
45851,43, 0
45852,36, 0
45853,29, 0
45854,31, 0
45855,53, 0
45856,75, 0
45857,88, 0
45858,93, 0
45859,90, 0
45860,94, 0
45861,94, 11
45862,97, 142
45863,101, 280
45864,102, 324
45865,90, 395
45866,70, 393
45867,44, 430
45868,34, 367
45869,17, 383
45870,0, 370
45871,0, 293
45872,3, 206
45873,15, 54
45874,29, 0
45875,57, 0
45876,73, 0
45877,78, 0
45878,88, 0
45879,83, 0
45880,75, 0
45881,72, 0
45882,76, 0
45883,75, 0
45884,74, 0
45885,63, 0
45886,47, 0
45887,43, 0
45888,39, 0
45889,38, 0
45890,39, 0
45891,39, 0
45892,51, 5
45893,70, 0
45894,92, 0
45895,112, 183
45896,128, 273
45897,133, 473
45898,147, 664
45899,164, 700
45900,175, 622
45901,176, 540
45902,168, 546
45903,152, 653
45904,133, 678
45905,108, 287
45906,75, 0
45907,57, 0
45908,48, 0
45909,38, 0
45910,24, 0
45911,8, 0
45912,4, 0
45913,9, 0
45914,28, 0
45915,52, 0
45916,76, 0
45917,83, 0
45918,73, 0
45919,50, 0
45920,34, 0
45921,29, 15
45922,34, 139
45923,41, 411
45924,52, 755
45925,46, 729
45926,26, 542
45927,37, 387
45928,38, 214
45929,48, 118
45930,67, 88
45931,65, 35
45932,53, 12
45933,44, 8
45934,41, 0
45935,44, 0
45936,56, 0
45937,67, 0
45938,89, 0
45939,92, 0
45940,110, 0
45941,109, 0
45942,115, 0
45943,104, 28
45944,90, 12
45945,70, 0
45946,48, 0
45947,32, 0
45948,19, 0
45949,12, 0
45950,10, 0
45951,20, 0
45952,48, 0
45953,55, 47
45954,89, 155
45955,125, 212
45956,149, 476
45957,158, 582
45958,153, 576
45959,145, 420
45960,132, 238
45961,130, 51
45962,115, 0
45963,116, 0
45964,113, 0
45965,93, 0
45966,74, 0
45967,41, 0
45968,12, 0
45969,2, 0
45970,5, 0
45971,28, 0
45972,62, 0
45973,89, 0
45974,115, 0
45975,136, 0
45976,139, 0
45977,132, 0
45978,152, 0
45979,133, 111
45980,101, 256
45981,70, 469
45982,34, 589
45983,29, 472
45984,38, 476
45985,37, 541
45986,57, 347
45987,80, 223
45988,93, 72
45989,93, 40
45990,90, 0
45991,96, 36
45992,116, 631
45993,125, 932
45994,115, 570
45995,79, 202
45996,42, 0
45997,9, 0
45998,0, 0
45999,0, 0
46000,0, 0
46001,0, 0
46002,1, 0
46003,11, 0
46004,26, 0
46005,51, 0
46006,62, 0
46007,63, 0
46008,62, 0
46009,57, 0
46010,45, 0
46011,70, 0
46012,59, 0
46013,81, 0
46014,71, 0
46015,81, 0
46016,84, 0
46017,64, 0
46018,51, 0
46019,41, 0
46020,37, 0
46021,40, 0
46022,59, 0
46023,83, 73
46024,99, 497
46025,124, 963
46026,121, 1056
46027,111, 944
46028,95, 742
46029,70, 282
46030,78, 154
46031,83, 12
46032,95, 0
46033,104, 0
46034,99, 0
46035,92, 0
46036,60, 0
46037,52, 0
46038,31, 0
46039,24, 0
46040,9, 0
46041,5, 0
46042,0, 2
46043,0, 51
46044,0, 37
46045,24, 55
46046,44, 0
46047,64, 0
46048,80, 0
46049,80, 0
46050,84, 0
46051,83, 0
46052,77, 0
46053,79, 0
46054,71, 0
46055,64, 0
46056,57, 0
46057,51, 0
46058,51, 0
46059,47, 0
46060,64, 0
46061,83, 0
46062,67, 0
46063,63, 0
46064,58, 0
46065,60, 0
46066,63, 0
46067,65, 3
46068,71, 0
46069,81, 0
46070,81, 77
46071,81, 37
46072,69, 6
46073,71, 29
46074,80, 0
46075,96, 0
46076,103, 0
46077,110, 0
46078,115, 0
46079,108, 0
46080,111, 0
46081,115, 0
46082,134, 0
46083,123, 0
46084,131, 0
46085,115, 0
46086,107, 0
46087,102, 0
46088,89, 0
46089,76, 5
46090,89, 0
46091,89, 0
46092,104, 0
46093,101, 0
46094,90, 0
46095,104, 0
46096,70, 0
46097,65, 0
46098,83, 0
46099,74, 0
46100,77, 0
46101,68, 0
46102,51, 76
46103,23, 307
46104,26, 386
46105,26, 631
46106,21, 451
46107,34, 190
46108,45, 71
46109,47, 1
46110,42, 0
46111,39, 0
46112,40, 0
46113,51, 0
46114,79, 0
46115,93, 0
46116,83, 0
46117,63, 0
46118,37, 0
46119,30, 0
46120,25, 0
46121,38, 0
46122,47, 0
46123,53, 0
46124,51, 0
46125,38, 0
46126,32, 0
46127,72, 0
46128,75, 0
46129,89, 0
46130,96, 0
46131,92, 44
46132,65, 164
46133,60, 374
46134,32, 158
46135,36, 149
46136,38, 81
46137,54, 0
46138,69, 0
46139,81, 0
46140,79, 0
46141,86, 0
46142,91, 0
46143,106, 0
46144,105, 0
46145,102, 0
46146,92, 0
46147,86, 0
46148,85, 0
46149,89, 0
46150,102, 0
46151,85, 0
46152,87, 0
46153,77, 0
46154,83, 0
46155,95, 0
46156,97, 0
46157,79, 0
46158,65, 0
46159,42, 0
46160,28, 0
46161,15, 0
46162,19, 0
46163,10, 3
46164,4, 64
46165,8, 107
46166,22, 183
46167,30, 97
46168,28, 6
46169,37, 0
46170,29, 0
46171,45, 0
46172,56, 0
46173,84, 0
46174,74, 0
46175,74, 0
46176,80, 0
46177,83, 0
46178,81, 0
46179,86, 0
46180,84, 0
46181,88, 0
46182,94, 0
46183,102, 0
46184,108, 0
46185,99, 0
46186,88, 0
46187,64, 0
46188,41, 0
46189,20, 0
46190,10, 0
46191,21, 0
46192,38, 0
46193,58, 0
46194,69, 0
46195,88, 0
46196,88, 0
46197,89, 0
46198,119, 0
46199,135, 0
46200,151, 0
46201,147, 0
46202,145, 249
46203,128, 396
46204,120, 434
46205,89, 395
46206,61, 253
46207,38, 223
46208,27, 207
46209,19, 189
46210,14, 142
46211,24, 0
46212,41, 0
46213,72, 0
46214,93, 0
46215,117, 0
46216,133, 0
46217,144, 0
46218,156, 0
46219,151, 0
46220,139, 0
46221,120, 0
46222,105, 0
46223,81, 0
46224,67, 355
46225,68, 788
46226,64, 900
46227,60, 522
46228,42, 223
46229,24, 3
46230,14, 0
46231,11, 0
46232,18, 0
46233,17, 0
46234,27, 0
46235,20, 0
46236,23, 0
46237,25, 0
46238,32, 0
46239,43, 0
46240,79, 0
46241,63, 0
46242,57, 0
46243,55, 0
46244,58, 0
46245,61, 0
46246,74, 0
46247,87, 0
46248,70, 0
46249,56, 0
46250,46, 0
46251,43, 0
46252,50, 0
46253,58, 0
46254,63, 0
46255,65, 0
46256,63, 44
46257,78, 328
46258,83, 678
46259,94, 564
46260,100, 517
46261,120, 487
46262,115, 334
46263,107, 57
46264,96, 0
46265,92, 0
46266,93, 0
46267,83, 0
46268,63, 0
46269,63, 0
46270,44, 0
46271,27, 0
46272,23, 0
46273,26, 0
46274,39, 0
46275,53, 0
46276,63, 0
46277,73, 0
46278,76, 0
46279,83, 0
46280,83, 0
46281,73, 0
46282,70, 0
46283,59, 0
46284,50, 0
46285,37, 111
46286,20, 273
46287,28, 200
46288,37, 363
46289,32, 475
46290,57, 554
46291,65, 665
46292,64, 553
46293,59, 441
46294,42, 438
46295,39, 249
46296,37, 102
46297,38, 0
46298,37, 0
46299,38, 0
46300,51, 0
46301,45, 0
46302,53, 0
46303,50, 0
46304,54, 0
46305,59, 0
46306,70, 0
46307,74, 0
46308,87, 0
46309,92, 296
46310,95, 315
46311,96, 377
46312,97, 139
46313,94, 0
46314,87, 0
46315,54, 0
46316,12, 0
46317,0, 0
46318,4, 0
46319,23, 0
46320,69, 0
46321,118, 0
46322,140, 0
46323,150, 0
46324,141, 0
46325,133, 0
46326,115, 0
46327,95, 0
46328,67, 0
46329,52, 0
46330,56, 0
46331,68, 0
46332,70, 0
46333,65, 0
46334,68, 0
46335,59, 0
46336,50, 0
46337,34, 0
46338,22, 0
46339,12, 54
46340,26, 202
46341,36, 290
46342,43, 315
46343,50, 74
46344,48, 57
46345,31, 0
46346,8, 15
46347,2, 175
46348,0, 128
46349,0, 218
46350,12, 94
46351,48, 0
46352,84, 9
46353,100, 0
46354,107, 2
46355,104, 0
46356,125, 0
46357,127, 3
46358,142, 29
46359,154, 226
46360,142, 133
46361,130, 44
46362,96, 51
46363,81, 12
46364,56, 0
46365,31, 0
46366,9, 0
46367,0, 0
46368,0, 0
46369,0, 0
46370,10, 0
46371,41, 0
46372,72, 0
46373,91, 0
46374,104, 0
46375,105, 0
46376,97, 0
46377,71, 0
46378,70, 8
46379,68, 129
46380,73, 447
46381,89, 590
46382,103, 513
46383,110, 430
46384,107, 212
46385,92, 0
46386,85, 0
46387,80, 0
46388,70, 0
46389,60, 0
46390,57, 0
46391,50, 0
46392,48, 0
46393,45, 0
46394,44, 0
46395,44, 0
46396,34, 0
46397,35, 0
46398,41, 0
46399,40, 0
46400,40, 0
46401,38, 0
46402,24, 0
46403,31, 39
46404,32, 102
46405,22, 124
46406,8, 355
46407,0, 277
46408,0, 210
46409,0, 30
46410,6, 44
46411,34, 1
46412,79, 0
46413,108, 0
46414,134, 0
46415,134, 0
46416,147, 0
46417,156, 0
46418,159, 0
46419,177, 51
46420,179, 328
46421,182, 481
46422,167, 527
46423,141, 607
46424,133, 488
46425,110, 202
46426,112, 72
46427,96, 6
46428,111, 0
46429,112, 0
46430,121, 0
46431,125, 0
46432,111, 0
46433,104, 0
46434,94, 0
46435,77, 0
46436,63, 0
46437,39, 0
46438,21, 0
46439,18, 0
46440,13, 0
46441,14, 0
46442,25, 0
46443,41, 0
46444,65, 0
46445,79, 0
46446,92, 0
46447,102, 0
46448,111, 0
46449,109, 0
46450,115, 0
46451,104, 0
46452,97, 0
46453,92, 0
46454,93, 0
46455,108, 0
46456,108, 0
46457,110, 85
46458,104, 318
46459,87, 149
46460,63, 100
46461,37, 0
46462,19, 0
46463,5, 0
46464,5, 0
46465,4, 0
46466,12, 0
46467,12, 0
46468,0, 0
46469,3, 0
46470,0, 0
46471,0, 0
46472,6, 0
46473,34, 0
46474,70, 0
46475,90, 0
46476,117, 0
46477,108, 0
46478,96, 0
46479,70, 0
46480,69, 0
46481,68, 0
46482,79, 220
46483,83, 160
46484,97, 254
46485,102, 185
46486,106, 276
46487,110, 180
46488,92, 106
46489,73, 12
46490,62, 0
46491,63, 0
46492,61, 0
46493,102, 0
46494,101, 0
46495,84, 0
46496,89, 0
46497,70, 0
46498,39, 0
46499,22, 0
46500,24, 0
46501,30, 0
46502,40, 3
46503,54, 0
46504,89, 0
46505,117, 0
46506,127, 0
46507,118, 0
46508,105, 0
46509,99, 61
46510,92, 52
46511,93, 8
46512,93, 0
46513,95, 0
46514,89, 0
46515,90, 0
46516,94, 0
46517,89, 0
46518,86, 0
46519,95, 0
46520,102, 0
46521,112, 0
46522,101, 0
46523,101, 0
46524,94, 0
46525,102, 0
46526,96, 0
46527,100, 0
46528,89, 0
46529,69, 81
46530,57, 102
46531,48, 101
46532,46, 26
46533,58, 19
46534,78, 0
46535,92, 0
46536,93, 0
46537,89, 0
46538,70, 0
46539,65, 0
46540,51, 0
46541,50, 0
46542,53, 0
46543,51, 0
46544,52, 0
46545,51, 0
46546,55, 0
46547,50, 0
46548,59, 0
46549,55, 0
46550,47, 0
46551,38, 0
46552,34, 0
46553,26, 0
46554,25, 0
46555,51, 0
46556,70, 0
46557,83, 0
46558,76, 0
46559,57, 0
46560,29, 0
46561,26, 0
46562,12, 0
46563,21, 0
46564,44, 0
46565,89, 0
46566,106, 0
46567,119, 0
46568,108, 0
46569,102, 0
46570,102, 0
46571,94, 0
46572,92, 0
46573,92, 0
46574,83, 0
46575,90, 0
46576,86, 0
46577,89, 0
46578,84, 0
46579,89, 0
46580,81, 0
46581,102, 0
46582,86, 0
46583,79, 0
46584,71, 0
46585,73, 0
46586,70, 0
46587,63, 2
46588,70, 102
46589,57, 390
46590,41, 305
46591,29, 298
46592,31, 633
46593,38, 540
46594,35, 490
46595,39, 245
46596,42, 15
46597,23, 0
46598,21, 0
46599,30, 0
46600,60, 0
46601,63, 0
46602,72, 0
46603,67, 0
46604,60, 0
46605,53, 0
46606,54, 0
46607,62, 0
46608,70, 0
46609,89, 0
46610,105, 0
46611,97, 0
46612,99, 0
46613,105, 0
46614,111, 0
46615,112, 28
46616,134, 0
46617,127, 0
46618,115, 0
46619,95, 0
46620,61, 0
46621,32, 0
46622,12, 0
46623,0, 0
46624,3, 0
46625,25, 0
46626,53, 0
46627,70, 0
46628,81, 0
46629,95, 0
46630,121, 58
46631,135, 148
46632,132, 430
46633,123, 494
46634,108, 300
46635,78, 122
46636,77, 0
46637,76, 0
46638,75, 0
46639,65, 0
46640,58, 0
46641,61, 0
46642,46, 0
46643,37, 0
46644,19, 0
46645,12, 0
46646,29, 0
46647,53, 0
46648,86, 0
46649,112, 0
46650,112, 0
46651,83, 0
46652,57, 0
46653,44, 67
46654,38, 87
46655,56, 57
46656,87, 170
46657,105, 205
46658,127, 89
46659,103, 1
46660,102, 0
46661,115, 0
46662,118, 0
46663,137, 0
46664,150, 139
46665,149, 110
46666,141, 255
46667,143, 282
46668,137, 215
46669,124, 106
46670,111, 53
46671,106, 0
46672,93, 0
46673,83, 51
46674,88, 278
46675,92, 620
46676,89, 515
46677,86, 270
46678,80, 60
46679,78, 0
46680,65, 0
46681,47, 0
46682,27, 0
46683,6, 0
46684,0, 0
46685,2, 0
46686,19, 0
46687,54, 0
46688,71, 0
46689,80, 0
46690,92, 0
46691,76, 0
46692,79, 0
46693,83, 0
46694,84, 0
46695,100, 0
46696,97, 0
46697,108, 0
46698,108, 0
46699,112, 0
46700,96, 0
46701,100, 0
46702,95, 0
46703,109, 0
46704,104, 0
46705,95, 0
46706,94, 0
46707,92, 0
46708,84, 0
46709,87, 0
46710,85, 0
46711,73, 92
46712,36, 57
46713,6, 232
46714,6, 181
46715,6, 88
46716,17, 73
46717,46, 101
46718,76, 70
46719,65, 43
46720,71, 0
46721,72, 0
46722,73, 0
46723,60, 0
46724,63, 0
46725,60, 0
46726,60, 0
46727,57, 0
46728,53, 0
46729,61, 0
46730,58, 0
46731,64, 0
46732,75, 0
46733,71, 0
46734,76, 0
46735,76, 0
46736,69, 0
46737,83, 0
46738,89, 3
46739,93, 0
46740,107, 0
46741,103, 0
46742,77, 0
46743,52, 0
46744,39, 0
46745,50, 0
46746,56, 0
46747,87, 0
46748,122, 0
46749,147, 0
46750,148, 0
46751,155, 0
46752,152, 0
46753,148, 0
46754,135, 0
46755,120, 0
46756,109, 0
46757,91, 0
46758,101, 0
46759,112, 0
46760,117, 0
46761,103, 0
46762,99, 0
46763,89, 0
46764,86, 0
46765,83, 0
46766,83, 0
46767,77, 0
46768,83, 0
46769,68, 0
46770,75, 0
46771,67, 0
46772,51, 0
46773,24, 0
46774,31, 0
46775,12, 0
46776,21, 0
46777,41, 0
46778,69, 0
46779,102, 0
46780,89, 0
46781,79, 0
46782,70, 0
46783,63, 0
46784,53, 0
46785,56, 0
46786,67, 0
46787,85, 0
46788,106, 0
46789,124, 0
46790,133, 0
46791,118, 0
46792,144, 0
46793,138, 0
46794,145, 76
46795,155, 132
46796,161, 176
46797,158, 14
46798,150, 0
46799,153, 0
46800,138, 28
46801,135, 323
46802,121, 458
46803,76, 232
46804,25, 201
46805,0, 44
46806,0, 0
46807,0, 0
46808,0, 0
46809,0, 0
46810,10, 0
46811,15, 0
46812,18, 0
46813,22, 0
46814,26, 0
46815,36, 0
46816,52, 0
46817,61, 0
46818,96, 0
46819,80, 0
46820,92, 0
46821,95, 0
46822,95, 0
46823,102, 0
46824,102, 0
46825,107, 0
46826,100, 0
46827,92, 0
46828,92, 4
46829,90, 0
46830,91, 0
46831,92, 0
46832,89, 0
46833,70, 0
46834,50, 15
46835,41, 61
46836,42, 14
46837,52, 152
46838,65, 12
46839,80, 0
46840,94, 0
46841,121, 0
46842,96, 0
46843,89, 0
46844,73, 0
46845,79, 0
46846,83, 0
46847,86, 0
46848,92, 0
46849,95, 0
46850,118, 0
46851,99, 0
46852,91, 0
46853,86, 10
46854,84, 9
46855,77, 10
46856,74, 22
46857,76, 0
46858,78, 0
46859,79, 0
46860,84, 0
46861,83, 0
46862,80, 0
46863,67, 0
46864,44, 0
46865,14, 0
46866,13, 0
46867,31, 0
46868,38, 0
46869,65, 0
46870,94, 0
46871,110, 0
46872,110, 0
46873,115, 0
46874,115, 0
46875,124, 102
46876,127, 92
46877,127, 206
46878,131, 180
46879,135, 61
46880,133, 6
46881,121, 0
46882,116, 0
46883,108, 0
46884,103, 0
46885,105, 0
46886,102, 0
46887,100, 0
46888,79, 0
46889,71, 0
46890,57, 0
46891,50, 0
46892,47, 0
46893,57, 0
46894,51, 0
46895,37, 0
46896,34, 3
46897,31, 1
46898,31, 0
46899,42, 0
46900,51, 0
46901,58, 0
46902,48, 0
46903,50, 0
46904,50, 0
46905,51, 0
46906,53, 0
46907,44, 0
46908,32, 0
46909,8, 0
46910,0, 0
46911,0, 0
46912,1, 0
46913,15, 0
46914,41, 0
46915,53, 0
46916,70, 0
46917,84, 0
46918,102, 0
46919,115, 0
46920,137, 0
46921,144, 0
46922,153, 0
46923,172, 0
46924,165, 0
46925,144, 0
46926,130, 24
46927,132, 19
46928,133, 0
46929,139, 116
46930,150, 93
46931,159, 62
46932,153, 31
46933,134, 0
46934,138, 0
46935,133, 0
46936,145, 27
46937,149, 0
46938,132, 0
46939,108, 0
46940,84, 0
46941,63, 0
46942,59, 0
46943,53, 0
46944,51, 0
46945,51, 0
46946,55, 0
46947,55, 0
46948,59, 0
46949,63, 0
46950,58, 0
46951,51, 0
46952,65, 0
46953,52, 0
46954,46, 0
46955,21, 0
46956,6, 0
46957,0, 0
46958,5, 0
46959,17, 0
46960,38, 0
46961,51, 0
46962,69, 0
46963,76, 0
46964,89, 0
46965,102, 0
46966,104, 0
46967,119, 0
46968,89, 0
46969,86, 0
46970,74, 0
46971,73, 20
46972,69, 0
46973,65, 0
46974,69, 0
46975,73, 0
46976,88, 0
46977,85, 0
46978,87, 0
46979,83, 0
46980,80, 0
46981,76, 0
46982,70, 0
46983,67, 0
46984,74, 0
46985,73, 0
46986,62, 0
46987,58, 0
46988,57, 0
46989,63, 0
46990,79, 0
46991,100, 0
46992,118, 0
46993,123, 1
46994,118, 233
46995,125, 226
46996,127, 290
46997,126, 434
46998,129, 336
46999,133, 264
47000,135, 202
47001,135, 41
47002,133, 0
47003,128, 0
47004,112, 0
47005,84, 0
47006,71, 0
47007,57, 0
47008,45, 0
47009,46, 0
47010,53, 0
47011,54, 0
47012,56, 0
47013,64, 0
47014,59, 0
47015,62, 0
47016,44, 0
47017,19, 0
47018,2, 0
47019,4, 0
47020,2, 0
47021,17, 0
47022,32, 0
47023,47, 0
47024,44, 0
47025,51, 0
47026,57, 0
47027,73, 0
47028,79, 0
47029,94, 0
47030,92, 0
47031,88, 0
47032,97, 0
47033,86, 0
47034,102, 0
47035,102, 0
47036,106, 0
47037,103, 0
47038,99, 0
47039,113, 0
47040,85, 0
47041,75, 0
47042,69, 0
47043,70, 0
47044,73, 0
47045,83, 19
47046,85, 133
47047,76, 61
47048,67, 0
47049,64, 0
47050,69, 0
47051,83, 0
47052,94, 0
47053,116, 0
47054,133, 0
47055,133, 0
47056,137, 0
47057,134, 0
47058,137, 0
47059,127, 45
47060,125, 249
47061,120, 285
47062,100, 133
47063,108, 151
47064,87, 0
47065,74, 0
47066,92, 0
47067,73, 0
47068,73, 0
47069,80, 0
47070,71, 0
47071,75, 0
47072,74, 0
47073,68, 0
47074,70, 0
47075,71, 1
47076,69, 0
47077,58, 0
47078,39, 0
47079,28, 0
47080,27, 0
47081,31, 19
47082,35, 1
47083,44, 0
47084,51, 0
47085,57, 0
47086,59, 0
47087,65, 0
47088,70, 0
47089,68, 0
47090,54, 0
47091,62, 0
47092,53, 0
47093,51, 0
47094,61, 0
47095,73, 0
47096,57, 0
47097,61, 0
47098,72, 0
47099,79, 0
47100,81, 0
47101,83, 0
47102,96, 0
47103,95, 0
47104,92, 0
47105,85, 0
47106,84, 0
47107,85, 0
47108,58, 0
47109,46, 0
47110,39, 0
47111,42, 0
47112,53, 0
47113,76, 0
47114,101, 0
47115,115, 0
47116,109, 0
47117,119, 0
47118,108, 0
47119,108, 0
47120,105, 0
47121,110, 0
47122,106, 0
47123,115, 70
47124,124, 103
47125,131, 69
47126,142, 69
47127,144, 32
47128,152, 18
47129,139, 22
47130,119, 30
47131,92, 36
47132,52, 0
47133,26, 0
47134,15, 0
47135,23, 0
47136,31, 0
47137,35, 0
47138,22, 0
47139,14, 7
47140,17, 143
47141,18, 0
47142,31, 0
47143,30, 0
47144,39, 0
47145,43, 0
47146,45, 0
47147,44, 0
47148,52, 0
47149,70, 0
47150,83, 0
47151,91, 0
47152,83, 0
47153,54, 0
47154,42, 0
47155,31, 0
47156,32, 0
47157,53, 0
47158,44, 0
47159,48, 0
47160,60, 0
47161,63, 0
47162,64, 0
47163,70, 0
47164,72, 0
47165,75, 0
47166,71, 0
47167,76, 0
47168,68, 0
47169,54, 0
47170,42, 0
47171,37, 0
47172,45, 0
47173,58, 0
47174,90, 0
47175,91, 0
47176,108, 0
47177,108, 0
47178,107, 0
47179,100, 0
47180,107, 0
47181,103, 0
47182,102, 0
47183,97, 0
47184,118, 0
47185,97, 0
47186,95, 0
47187,88, 0
47188,92, 0
47189,90, 3
47190,89, 0
47191,88, 0
47192,92, 0
47193,92, 0
47194,85, 0
47195,87, 0
47196,76, 0
47197,84, 0
47198,80, 0
47199,57, 0
47200,44, 0
47201,34, 0
47202,31, 0
47203,38, 46
47204,57, 53
47205,85, 77
47206,99, 107
47207,106, 65
47208,108, 52
47209,104, 57
47210,104, 110
47211,104, 42
47212,101, 0
47213,96, 0
47214,89, 0
47215,85, 0
47216,70, 0
47217,64, 0
47218,80, 0
47219,63, 0
47220,44, 0
47221,44, 0
47222,32, 0
47223,32, 0
47224,34, 0
47225,31, 0
47226,26, 0
47227,31, 0
47228,37, 0
47229,36, 0
47230,37, 0
47231,14, 0
47232,9, 0
47233,9, 0
47234,25, 0
47235,60, 0
47236,83, 0
47237,85, 0
47238,102, 0
47239,93, 0
47240,104, 0
47241,100, 0
47242,94, 0
47243,91, 0
47244,94, 0
47245,101, 0
47246,111, 0
47247,104, 0
47248,108, 0
47249,102, 0
47250,110, 0
47251,95, 0
47252,95, 0
47253,102, 0
47254,91, 0
47255,86, 0
47256,87, 0
47257,89, 0
47258,88, 0
47259,81, 0
47260,64, 0
47261,35, 1
47262,31, 12
47263,15, 12
47264,24, 11
47265,32, 0
47266,63, 0
47267,77, 0
47268,83, 0
47269,83, 0
47270,87, 0
47271,76, 0
47272,80, 0
47273,77, 0
47274,75, 0
47275,79, 0
47276,77, 0
47277,79, 0
47278,77, 0
47279,83, 0
47280,83, 0
47281,85, 0
47282,93, 0
47283,92, 0
47284,94, 0
47285,100, 1
47286,109, 60
47287,109, 22
47288,111, 139
47289,109, 252
47290,96, 324
47291,83, 180
47292,46, 86
47293,38, 4
47294,28, 0
47295,30, 0
47296,57, 0
47297,81, 0
47298,91, 0
47299,83, 0
47300,76, 0
47301,72, 0
47302,81, 0
47303,78, 0
47304,89, 0
47305,72, 0
47306,70, 0
47307,60, 0
47308,51, 0
47309,44, 0
47310,44, 0
47311,40, 0
47312,31, 0
47313,32, 0
47314,32, 0
47315,24, 0
47316,22, 0
47317,18, 0
47318,25, 0
47319,31, 0
47320,37, 0
47321,32, 0
47322,20, 64
47323,10, 12
47324,10, 1
47325,14, 19
47326,34, 0
47327,56, 0
47328,65, 0
47329,74, 0
47330,79, 0
47331,81, 0
47332,70, 0
47333,81, 0
47334,81, 0
47335,72, 0
47336,81, 0
47337,84, 0
47338,77, 0
47339,75, 0
47340,70, 0
47341,73, 0
47342,74, 0
47343,76, 0
47344,74, 0
47345,73, 0
47346,72, 0
47347,78, 0
47348,76, 0
47349,76, 0
47350,80, 0
47351,68, 0
47352,50, 0
47353,30, 12
47354,24, 44
47355,28, 67
47356,38, 0
47357,61, 0
47358,89, 0
47359,106, 0
47360,101, 0
47361,96, 0
47362,89, 0
47363,68, 0
47364,63, 0
47365,52, 0
47366,36, 0
47367,35, 0
47368,27, 0
47369,29, 0
47370,25, 0
47371,18, 0
47372,12, 0
47373,10, 0
47374,8, 0
47375,9, 0
47376,11, 0
47377,13, 0
47378,20, 0
47379,35, 0
47380,44, 0
47381,60, 0
47382,59, 0
47383,52, 62
47384,56, 27
47385,70, 44
47386,72, 31
47387,113, 0
47388,129, 0
47389,147, 0
47390,154, 0
47391,147, 0
47392,149, 0
47393,140, 0
47394,144, 0
47395,148, 0
47396,147, 0
47397,140, 0
47398,137, 0
47399,137, 0
47400,111, 0
47401,102, 0
47402,87, 0
47403,65, 0
47404,55, 0
47405,61, 0
47406,31, 0
47407,32, 0
47408,30, 0
47409,30, 0
47410,24, 0
47411,21, 0
47412,6, 0
47413,0, 0
47414,0, 0
47415,1, 0
47416,0, 0
47417,0, 72
47418,17, 0
47419,27, 0
47420,41, 0
47421,47, 0
47422,62, 0
47423,69, 0
47424,71, 0
47425,79, 0
47426,88, 0
47427,92, 0
47428,93, 0
47429,95, 0
47430,95, 0
47431,104, 0
47432,109, 0
47433,121, 0
47434,110, 0
47435,109, 0
47436,92, 0
47437,91, 0
47438,74, 1
47439,56, 0
47440,57, 0
47441,46, 0
47442,50, 0
47443,31, 0
47444,3, 60
47445,0, 39
47446,0, 260
47447,0, 239
47448,0, 54
47449,0, 0
47450,0, 0
47451,0, 0
47452,0, 0
47453,0, 0
47454,0, 0
47455,0, 0
47456,0, 0
47457,0, 0
47458,0, 0
47459,1, 0
47460,0, 0
47461,0, 0
47462,14, 0
47463,41, 0
47464,60, 0
47465,83, 0
47466,104, 0
47467,112, 0
47468,133, 0
47469,139, 0
47470,145, 0
47471,139, 0
47472,167, 0
47473,153, 64
47474,139, 174
47475,110, 37
47476,116, 59
47477,116, 69
47478,121, 0
47479,148, 0
47480,159, 0
47481,154, 0
47482,134, 0
47483,115, 0
47484,104, 0
47485,105, 0
47486,97, 0
47487,102, 0
47488,103, 0
47489,103, 0
47490,110, 0
47491,104, 0
47492,106, 0
47493,127, 0
47494,145, 0
47495,155, 0
47496,176, 0
47497,168, 0
47498,165, 0
47499,148, 0
47500,136, 0
47501,121, 0
47502,121, 0
47503,109, 0
47504,92, 0
47505,51, 0
47506,26, 0
47507,17, 0
47508,7, 0
47509,9, 0
47510,11, 0
47511,1, 0
47512,0, 0
47513,0, 0
47514,0, 0
47515,0, 0
47516,0, 0
47517,0, 0
47518,0, 0
47519,0, 0
47520,0, 0
47521,13, 0
47522,12, 0
47523,2, 0
47524,0, 11
47525,0, 0
47526,0, 0
47527,0, 0
47528,0, 0
47529,0, 0
47530,11, 0
47531,40, 38
47532,63, 30
47533,99, 11
47534,87, 91
47535,63, 10
47536,41, 0
47537,39, 0
47538,70, 0
47539,115, 0
47540,184, 0
47541,232, 0
47542,254, 0
47543,264, 0
47544,271, 0
47545,275, 0
47546,286, 0
47547,301, 0
47548,308, 0
47549,292, 0
47550,296, 0
47551,297, 0
47552,270, 0
47553,251, 0
47554,223, 0
47555,210, 0
47556,188, 0
47557,168, 0
47558,153, 5
47559,140, 0
47560,128, 3
47561,123, 0
47562,108, 0
47563,92, 0
47564,74, 0
47565,27, 67
47566,0, 151
47567,0, 261
47568,0, 158
47569,0, 25
47570,0, 0
47571,0, 0
47572,0, 0
47573,0, 0
47574,0, 0
47575,0, 0
47576,0, 0
47577,0, 0
47578,0, 0
47579,0, 0
47580,0, 0
47581,0, 0
47582,0, 0
47583,0, 0
47584,0, 0
47585,0, 0
47586,0, 0
47587,4, 0
47588,17, 0
47589,50, 0
47590,89, 0
47591,131, 0
47592,170, 0
47593,201, 0
47594,207, 0
47595,189, 0
47596,167, 0
47597,133, 0
47598,131, 0
47599,124, 0
47600,127, 0
47601,150, 0
47602,145, 0
47603,134, 0
47604,121, 0
47605,107, 0
47606,92, 0
47607,77, 0
47608,73, 0
47609,67, 0
47610,56, 0
47611,69, 0
47612,51, 0
47613,35, 0
47614,41, 0
47615,26, 0
47616,17, 0
47617,12, 0
47618,17, 0
47619,21, 0
47620,19, 0
47621,18, 0
47622,12, 0
47623,18, 0
47624,14, 0
47625,7, 0
47626,0, 0
47627,0, 0
47628,0, 0
47629,0, 79
47630,0, 57
47631,0, 0
47632,11, 0
47633,25, 0
47634,34, 0
47635,38, 0
47636,42, 0
47637,40, 0
47638,41, 0
47639,40, 0
47640,62, 0
47641,48, 0
47642,36, 0
47643,31, 0
47644,24, 0
47645,20, 0
47646,24, 0
47647,2, 0
47648,1, 0
47649,0, 0
47650,0, 0
47651,0, 0
47652,0, 0
47653,0, 0
47654,0, 0
47655,0, 0
47656,0, 0
47657,0, 0
47658,0, 13
47659,0, 0
47660,0, 0
47661,0, 0
47662,46, 0
47663,89, 0
47664,120, 0
47665,128, 0
47666,130, 0
47667,144, 0
47668,140, 1
47669,123, 0
47670,100, 0
47671,45, 0
47672,13, 0
47673,0, 0
47674,0, 0
47675,0, 0
47676,0, 0
47677,0, 0
47678,0, 0
47679,0, 0
47680,2, 0
47681,24, 0
47682,44, 0
47683,61, 0
47684,70, 0
47685,108, 0
47686,137, 0
47687,181, 0
47688,219, 0
47689,253, 0
47690,278, 0
47691,294, 0
47692,297, 0
47693,331, 0
47694,343, 0
47695,339, 0
47696,322, 0
47697,301, 0
47698,270, 0
47699,240, 0
47700,220, 0
47701,193, 0
47702,168, 0
47703,139, 0
47704,129, 0
47705,115, 0
47706,108, 0
47707,106, 0
47708,93, 0
47709,94, 0
47710,92, 0
47711,99, 0
47712,89, 0
47713,76, 0
47714,61, 0
47715,62, 0
47716,72, 0
47717,64, 0
47718,43, 0
47719,26, 0
47720,20, 0
47721,29, 0
47722,59, 0
47723,105, 0
47724,148, 0
47725,190, 0
47726,197, 0
47727,193, 0
47728,187, 0
47729,187, 0
47730,184, 0
47731,172, 0
47732,163, 0
47733,137, 0
47734,111, 6
47735,89, 0
47736,61, 0
47737,50, 0
47738,41, 0
47739,31, 0
47740,31, 0
47741,18, 0
47742,13, 0
47743,4, 0
47744,1, 0
47745,0, 0
47746,0, 0
47747,0, 0
47748,0, 9
47749,0, 183
47750,0, 70
47751,0, 62
47752,0, 143
47753,0, 56
47754,21, 50
47755,25, 44
47756,23, 13
47757,21, 17
47758,28, 0
47759,28, 0
47760,26, 0
47761,24, 0
47762,25, 0
47763,29, 0
47764,35, 0
47765,40, 0
47766,35, 0
47767,51, 0
47768,31, 0
47769,29, 0
47770,18, 0
47771,10, 0
47772,5, 0
47773,7, 0
47774,18, 0
47775,35, 0
47776,19, 0
47777,25, 0
47778,10, 0
47779,0, 0
47780,0, 0
47781,0, 0
47782,0, 0
47783,3, 0
47784,25, 0
47785,44, 0
47786,38, 0
47787,38, 0
47788,40, 0
47789,42, 0
47790,45, 0
47791,50, 0
47792,53, 0
47793,53, 0
47794,46, 0
47795,28, 0
47796,19, 0
47797,2, 0
47798,0, 0
47799,0, 0
47800,0, 0
47801,0, 0
47802,5, 0
47803,6, 0
47804,14, 0
47805,21, 0
47806,22, 0
47807,34, 0
47808,28, 0
47809,15, 0
47810,6, 3
47811,19, 60
47812,34, 110
47813,55, 35
47814,80, 0
47815,104, 0
47816,112, 0
47817,121, 0
47818,136, 0
47819,149, 0
47820,143, 0
47821,149, 0
47822,138, 0
47823,122, 0
47824,112, 0
47825,101, 0
47826,96, 0
47827,93, 0
47828,95, 0
47829,100, 0
47830,96, 0
47831,104, 0
47832,83, 0
47833,84, 0
47834,63, 0
47835,52, 0
47836,38, 0
47837,25, 0
47838,14, 0
47839,0, 0
47840,0, 0
47841,0, 0
47842,0, 0
47843,0, 0
47844,0, 0
47845,15, 0
47846,40, 0
47847,56, 0
47848,69, 0
47849,72, 0
47850,96, 0
47851,94, 0
47852,102, 0
47853,121, 0
47854,143, 0
47855,155, 0
47856,202, 0
47857,205, 0
47858,201, 0
47859,161, 0
47860,138, 0
47861,122, 0
47862,119, 0
47863,118, 0
47864,108, 0
47865,96, 0
47866,83, 0
47867,83, 0
47868,74, 0
47869,55, 0
47870,24, 28
47871,2, 123
47872,0, 150
47873,0, 55
47874,0, 12
47875,15, 0
47876,46, 0
47877,67, 0
47878,76, 0
47879,67, 0
47880,62, 0
47881,58, 0
47882,54, 0
47883,60, 0
47884,73, 0
47885,48, 0
47886,37, 0
47887,26, 0
47888,19, 0
47889,8, 0
47890,5, 0
47891,0, 0
47892,1, 0
47893,3, 0
47894,7, 0
47895,4, 0
47896,10, 0
47897,18, 0
47898,19, 0
47899,20, 0
47900,6, 0
47901,0, 0
47902,0, 0
47903,0, 0
47904,0, 0
47905,25, 0
47906,57, 0
47907,90, 0
47908,115, 0
47909,120, 0
47910,134, 0
47911,149, 0
47912,169, 0
47913,192, 0
47914,207, 0
47915,211, 0
47916,207, 0
47917,204, 0
47918,202, 0
47919,193, 0
47920,188, 0
47921,183, 0
47922,183, 0
47923,168, 0
47924,154, 0
47925,149, 0
47926,127, 0
47927,127, 0
47928,130, 0
47929,126, 0
47930,129, 0
47931,100, 80
47932,88, 51
47933,72, 7
47934,67, 6
47935,79, 12
47936,83, 0
47937,95, 0
47938,96, 0
47939,95, 0
47940,76, 0
47941,59, 0
47942,41, 0
47943,30, 0
47944,10, 0
47945,0, 0
47946,0, 0
47947,0, 0
47948,0, 0
47949,0, 0
47950,5, 0
47951,0, 0
47952,19, 0
47953,31, 0
47954,37, 0
47955,31, 0
47956,19, 0
47957,1, 0
47958,0, 0
47959,0, 0
47960,0, 0
47961,0, 0
47962,0, 0
47963,0, 0
47964,0, 0
47965,6, 0
47966,9, 0
47967,0, 0
47968,0, 0
47969,0, 0
47970,0, 0
47971,0, 0
47972,4, 0
47973,0, 0
47974,0, 0
47975,0, 0
47976,0, 0
47977,0, 0
47978,2, 0
47979,8, 0
47980,30, 0
47981,27, 0
47982,44, 0
47983,48, 0
47984,64, 0
47985,84, 0
47986,95, 0
47987,102, 0
47988,107, 0
47989,127, 0
47990,130, 0
47991,134, 0
47992,143, 11
47993,139, 28
47994,145, 0
47995,158, 0
47996,195, 0
47997,207, 0
47998,219, 0
47999,189, 0
48000,156, 0
